# sedan_06 from LowPoly_Cars_01 (cluster 28); origin=ground center, front=+Z, meters
v -0.4551 0.6711 2.3781
v 0.0000 0.6712 2.3782
v 0.0000 0.8036 2.3776
v -0.4550 0.8034 2.3777
v -0.7862 0.9622 -1.4070
v 0.0000 0.9622 -1.4070
v 0.0000 0.9465 -2.3571
v -0.7862 0.9465 -2.3571
v -0.6568 1.3631 0.4084
v -0.8124 0.9545 0.8259
v -0.8209 0.9336 0.8786
v -0.6485 1.3844 0.4177
v -0.8124 0.9545 -0.3066
v -0.8123 0.9545 -1.0424
v -0.8209 0.9336 -1.0736
v -0.8209 0.9336 -0.3066
v -0.8209 0.9336 0.8114
v -0.8209 0.9336 0.7465
v -0.8031 0.9814 -0.3354
v -0.8034 0.9816 -1.0031
v -0.8130 0.9586 -1.0376
v -0.8130 0.9585 -0.3102
v -0.6704 1.3067 -0.3396
v -0.6605 1.3306 -0.3150
v -0.6701 1.2834 -0.8937
v -0.6606 1.3057 -0.9119
v -0.8039 0.9816 0.7595
v -0.8042 0.9818 -0.2786
v -0.8131 0.9586 -0.3032
v -0.8129 0.9584 0.8177
v -0.6694 1.3369 0.3967
v -0.6602 1.3605 0.4069
v -0.6692 1.3085 -0.2828
v -0.6603 1.3307 -0.3080
v -0.7810 0.9919 -0.3538
v -0.7817 0.9922 -0.9777
v -0.8001 0.9839 -0.9983
v -0.7997 0.9837 -0.3389
v -0.6630 1.2829 -0.3575
v -0.6698 1.3025 -0.3430
v -0.6625 1.2608 -0.8802
v -0.6695 1.2794 -0.8911
v -0.7819 0.9927 0.7168
v -0.7827 0.9930 -0.2604
v -0.8009 0.9843 -0.2751
v -0.8003 0.9840 0.7513
v -0.6612 1.3137 0.3892
v -0.6686 1.3328 0.3952
v -0.6608 1.2863 -0.2641
v -0.6684 1.3046 -0.2792
v -0.7793 0.9559 0.8558
v -0.3301 0.9336 0.8786
v 0.0000 0.9336 0.8786
v 0.0000 0.9559 0.8558
v -0.6570 1.3330 -0.3115
v -0.6215 1.3620 0.4449
v -0.7751 0.9604 0.8556
v -0.7421 0.9781 0.8375
v -0.6021 1.3443 0.4631
v 0.0000 0.9782 0.8330
v 0.0000 0.9719 0.8101
v -0.7223 0.9719 0.8101
v -0.7378 0.9782 0.8330
v -0.5995 1.3398 0.4633
v -0.5904 1.3168 0.4574
v 0.0000 1.3620 0.4449
v 0.0000 1.3621 0.4405
v -0.6240 1.3621 0.4405
v 0.0000 0.9781 0.8375
v -0.4591 0.8604 2.4247
v -0.4938 0.9336 2.3093
v -0.8209 0.9336 2.2465
v -0.9195 0.8604 2.3452
v -0.8221 0.8036 2.3143
v -0.8137 0.6713 2.3138
v -0.6301 0.7821 1.0578
v -0.9138 0.7821 1.0578
v -0.9024 0.6268 0.8440
v -0.6301 0.6268 0.8440
v -0.8862 0.4043 0.7717
v -0.6301 0.4043 0.7717
v -0.8862 0.4043 1.6081
v -0.9024 0.6268 1.5358
v -0.6301 0.6268 1.5358
v -0.6301 0.4043 1.6081
v -0.9138 0.7821 1.3220
v -0.6301 0.7821 1.3220
v -0.6301 0.6268 -1.8730
v -0.9024 0.6268 -1.8730
v -0.8862 0.4043 -1.9453
v -0.6301 0.4043 -1.9453
v -0.8862 0.4043 -1.1090
v -0.9024 0.6268 -1.1812
v -0.6301 0.6268 -1.1812
v -0.6301 0.4043 -1.1090
v -0.9138 0.7821 -1.3950
v -0.6301 0.7821 -1.3950
v -0.9138 0.7821 -1.6593
v -0.6301 0.7821 -1.6593
v -0.8209 0.9336 -1.3988
v -0.8209 0.9336 -2.3917
v -0.9195 0.8604 -2.4903
v -0.9195 0.8604 -1.1128
v -0.8862 0.4043 -2.3869
v -0.8862 0.4043 -0.9658
v -0.7883 0.9336 -1.4050
v -0.7883 0.9336 -2.3591
v 0.0000 0.9336 -1.3988
v 0.0000 0.9336 -1.4050
v -0.7931 0.9395 -1.4002
v -0.7931 0.9395 -2.3639
v 0.0000 0.9395 -1.4002
v -0.8862 0.4043 2.3452
v -0.9028 0.6324 2.3452
v -0.9195 0.8604 0.7422
v -0.8862 0.4043 0.5996
v -0.8966 0.4104 0.5946
v -0.9298 0.8652 0.7353
v -0.9298 0.8640 -0.3020
v -0.8966 0.4104 -0.2598
v -0.8330 0.9346 0.7395
v -0.8330 0.9346 -0.2999
v -0.8330 0.9346 -1.0683
v -0.9304 0.8641 -1.1057
v -0.9297 0.8632 -0.3157
v -0.8330 0.9346 -0.3136
v -0.8966 0.4104 -0.9608
v -0.8966 0.4104 -0.2736
v -0.8862 0.4043 -0.2661
v -0.9195 0.8604 -0.3088
v -0.4591 0.4043 2.4247
v 0.0000 0.4043 2.4247
v 0.0000 0.6324 2.4247
v -0.4591 0.6324 2.4247
v -0.4860 0.4290 2.4342
v -0.8661 0.4290 2.3632
v -0.4859 0.6076 2.4339
v -0.8792 0.6076 2.3635
v -0.8543 0.4419 2.3654
v -0.8655 0.5947 2.3659
v -0.4987 0.4419 2.4320
v -0.4986 0.5947 2.4315
v -0.8413 0.4525 2.3487
v -0.8510 0.5843 2.3493
v -0.5056 0.4525 2.4116
v -0.5055 0.5843 2.4110
v -0.4597 0.8556 2.4315
v -0.9156 0.8555 2.3528
v -0.8650 0.8340 2.3614
v -0.4597 0.8340 2.4315
v -0.8996 0.6372 2.3527
v -0.8521 0.6587 2.3613
v -0.4597 0.6372 2.4316
v -0.4598 0.6587 2.4316
v 0.0000 0.6372 2.4316
v 0.0000 0.6587 2.4317
v -0.4591 0.8292 2.4246
v -0.8587 0.8292 2.3556
v -0.8465 0.6636 2.3554
v -0.4591 0.6636 2.4248
v 0.0000 0.6636 2.4249
v 0.0000 0.8292 2.4246
v 0.0000 0.8340 2.4314
v -0.8636 0.4345 -2.3635
v -0.8935 0.8434 -2.4562
v -0.4452 0.8434 -2.4562
v -0.4677 0.6625 -2.4152
v -0.4658 0.4345 -2.3635
v 0.0000 0.8434 -2.4562
v 0.0000 0.6625 -2.4152
v -0.4433 0.6324 -2.4386
v -0.4138 0.6122 -2.3954
v -0.4415 0.4043 -2.3869
v 0.0000 0.6324 -2.4386
v 0.0000 0.6122 -2.3954
v -0.4452 0.8604 -2.4903
v 0.0000 0.8604 -2.4903
v 0.0000 0.4043 -2.3869
v 0.0000 0.9336 -2.3917
v 0.0000 0.9336 2.3093
v 0.0000 0.8604 2.4247
v 0.0000 1.3844 0.4177
v 0.0000 0.9604 0.8556
v 0.0000 1.3443 0.4631
v 0.0000 1.3398 0.4633
v 0.0000 1.3168 0.4574
v 0.0000 0.9336 -2.3591
v 0.0000 0.9395 -2.3639
v -0.2793 0.9542 0.9356
v -0.4299 0.9542 2.2523
v 0.0000 0.9542 2.2523
v 0.0000 0.9542 0.9356
v 0.0000 0.8556 2.4315
v 0.4551 0.6711 2.3781
v 0.4550 0.8034 2.3777
v 0.7862 0.9622 -1.4070
v 0.7862 0.9465 -2.3571
v 0.6568 1.3631 0.4084
v 0.6485 1.3844 0.4177
v 0.8209 0.9336 0.8786
v 0.8124 0.9545 0.8259
v 0.8124 0.9545 -0.3066
v 0.8209 0.9336 -0.3066
v 0.8209 0.9336 -1.0736
v 0.8123 0.9545 -1.0424
v 0.8209 0.9336 0.8114
v 0.8209 0.9336 0.7465
v 0.8031 0.9814 -0.3354
v 0.8130 0.9585 -0.3102
v 0.8130 0.9586 -1.0376
v 0.8034 0.9816 -1.0031
v 0.6704 1.3067 -0.3396
v 0.6605 1.3306 -0.3150
v 0.6701 1.2834 -0.8937
v 0.6606 1.3057 -0.9119
v 0.8039 0.9816 0.7595
v 0.8129 0.9584 0.8177
v 0.8131 0.9586 -0.3032
v 0.8042 0.9818 -0.2786
v 0.6694 1.3369 0.3967
v 0.6602 1.3605 0.4069
v 0.6692 1.3085 -0.2828
v 0.6603 1.3307 -0.3080
v 0.7810 0.9919 -0.3538
v 0.7997 0.9837 -0.3389
v 0.8001 0.9839 -0.9983
v 0.7817 0.9922 -0.9777
v 0.6630 1.2829 -0.3575
v 0.6698 1.3025 -0.3430
v 0.6625 1.2608 -0.8802
v 0.6695 1.2794 -0.8911
v 0.7819 0.9927 0.7168
v 0.8003 0.9840 0.7513
v 0.8009 0.9843 -0.2751
v 0.7827 0.9930 -0.2604
v 0.6612 1.3137 0.3892
v 0.6686 1.3328 0.3952
v 0.6608 1.2863 -0.2641
v 0.6684 1.3046 -0.2792
v 0.3301 0.9336 0.8786
v 0.7793 0.9559 0.8558
v 0.6570 1.3330 -0.3115
v 0.6215 1.3620 0.4449
v 0.6021 1.3443 0.4631
v 0.7421 0.9781 0.8375
v 0.7751 0.9604 0.8556
v 0.7378 0.9782 0.8330
v 0.7223 0.9719 0.8101
v 0.5995 1.3398 0.4633
v 0.5904 1.3168 0.4574
v 0.6240 1.3621 0.4405
v 0.4591 0.8604 2.4247
v 0.9195 0.8604 2.3452
v 0.8209 0.9336 2.2465
v 0.4938 0.9336 2.3093
v 0.8137 0.6713 2.3138
v 0.8221 0.8036 2.3143
v 0.6301 0.7821 1.0578
v 0.6301 0.6268 0.8440
v 0.9024 0.6268 0.8440
v 0.9138 0.7821 1.0578
v 0.6301 0.4043 0.7717
v 0.8862 0.4043 0.7717
v 0.8862 0.4043 1.6081
v 0.6301 0.4043 1.6081
v 0.6301 0.6268 1.5358
v 0.9024 0.6268 1.5358
v 0.6301 0.7821 1.3220
v 0.9138 0.7821 1.3220
v 0.6301 0.6268 -1.8730
v 0.6301 0.4043 -1.9453
v 0.8862 0.4043 -1.9453
v 0.9024 0.6268 -1.8730
v 0.8862 0.4043 -1.1090
v 0.6301 0.4043 -1.1090
v 0.6301 0.6268 -1.1812
v 0.9024 0.6268 -1.1812
v 0.6301 0.7821 -1.3950
v 0.9138 0.7821 -1.3950
v 0.6301 0.7821 -1.6593
v 0.9138 0.7821 -1.6593
v 0.9195 0.8604 -1.1128
v 0.9195 0.8604 -2.4903
v 0.8209 0.9336 -2.3917
v 0.8209 0.9336 -1.3988
v 0.8862 0.4043 -0.9658
v 0.8862 0.4043 -2.3869
v 0.7883 0.9336 -2.3591
v 0.7883 0.9336 -1.4050
v 0.7931 0.9395 -2.3639
v 0.7931 0.9395 -1.4002
v 0.8862 0.4043 2.3452
v 0.9028 0.6324 2.3452
v 0.9195 0.8604 0.7422
v 0.8862 0.4043 0.5996
v 0.8966 0.4104 0.5946
v 0.8966 0.4104 -0.2598
v 0.9298 0.8640 -0.3020
v 0.9298 0.8652 0.7353
v 0.8330 0.9346 -0.2999
v 0.8330 0.9346 0.7395
v 0.8330 0.9346 -1.0683
v 0.8330 0.9346 -0.3136
v 0.9297 0.8632 -0.3157
v 0.9304 0.8641 -1.1057
v 0.8966 0.4104 -0.2736
v 0.8966 0.4104 -0.9608
v 0.8862 0.4043 -0.2661
v 0.9195 0.8604 -0.3088
v 0.4591 0.4043 2.4247
v 0.4591 0.6324 2.4247
v 0.8661 0.4290 2.3632
v 0.4860 0.4290 2.4342
v 0.4859 0.6076 2.4339
v 0.8792 0.6076 2.3635
v 0.8655 0.5947 2.3659
v 0.8543 0.4419 2.3654
v 0.4987 0.4419 2.4320
v 0.4986 0.5947 2.4315
v 0.8510 0.5843 2.3493
v 0.8413 0.4525 2.3487
v 0.5056 0.4525 2.4116
v 0.5055 0.5843 2.4110
v 0.4597 0.8556 2.4315
v 0.4597 0.8340 2.4315
v 0.8650 0.8340 2.3614
v 0.9156 0.8555 2.3528
v 0.8521 0.6587 2.3613
v 0.8996 0.6372 2.3527
v 0.4598 0.6587 2.4316
v 0.4597 0.6372 2.4316
v 0.4591 0.8292 2.4246
v 0.8587 0.8292 2.3556
v 0.8465 0.6636 2.3554
v 0.4591 0.6636 2.4248
v 0.4452 0.8434 -2.4562
v 0.8935 0.8434 -2.4562
v 0.8636 0.4345 -2.3635
v 0.4677 0.6625 -2.4152
v 0.4658 0.4345 -2.3635
v 0.4433 0.6324 -2.4386
v 0.4415 0.4043 -2.3869
v 0.4138 0.6122 -2.3954
v 0.4452 0.8604 -2.4903
v 0.2793 0.9542 0.9356
v 0.4299 0.9542 2.2523
v -0.9319 0.7066 -1.4664
v -0.9319 0.7066 -1.5863
v -0.9319 0.5963 -1.5669
v -0.9319 0.5963 -1.4858
v -0.9319 0.6656 -1.3536
v -0.9319 0.5686 -1.4096
v -0.9319 0.5885 -1.2617
v -0.9319 0.5165 -1.3475
v -0.9319 0.4846 -1.2018
v -0.9319 0.4463 -1.3070
v -0.9319 0.3665 -1.1809
v -0.9319 0.3665 -1.2929
v -0.9319 0.2483 -1.2018
v -0.9319 0.2866 -1.3070
v -0.9319 0.1444 -1.2617
v -0.9319 0.2164 -1.3475
v -0.9319 0.0673 -1.3536
v -0.9319 0.1643 -1.4096
v -0.9319 0.0263 -1.4664
v -0.9319 0.1366 -1.4858
v -0.9319 0.0263 -1.5863
v -0.9319 0.1366 -1.5669
v -0.9319 0.0673 -1.6990
v -0.9319 0.1643 -1.6431
v -0.9319 0.1444 -1.7909
v -0.9319 0.2164 -1.7052
v -0.9319 0.2483 -1.8509
v -0.9319 0.2866 -1.7457
v -0.9319 0.3665 -1.8718
v -0.9319 0.3665 -1.7598
v -0.9319 0.4846 -1.8509
v -0.9319 0.4463 -1.7457
v -0.9319 0.5885 -1.7909
v -0.9319 0.5165 -1.7052
v -0.9319 0.6656 -1.6990
v -0.9319 0.5686 -1.6431
v -0.9078 0.6776 -1.3467
v -0.9078 0.5974 -1.2511
v -0.8942 0.6202 -1.2497
v -0.8942 0.6829 -1.3244
v -0.6525 0.5974 -1.2511
v -0.6661 0.6202 -1.2497
v -0.9078 0.7202 -1.5887
v -0.9078 0.7202 -1.4640
v -0.8942 0.7387 -1.4776
v -0.8942 0.7387 -1.5751
v -0.6525 0.7202 -1.4640
v -0.6661 0.7387 -1.4776
v -0.9078 0.5974 -1.8015
v -0.9078 0.6776 -1.7060
v -0.8942 0.6829 -1.7282
v -0.8942 0.6202 -1.8030
v -0.6525 0.6776 -1.7060
v -0.6661 0.6829 -1.7282
v -0.9078 0.3665 -1.8856
v -0.9078 0.4893 -1.8639
v -0.8942 0.4791 -1.8844
v -0.8942 0.3831 -1.9014
v -0.9078 0.1355 -1.8015
v -0.9078 0.2436 -1.8639
v -0.8942 0.2226 -1.8731
v -0.8942 0.1381 -1.8243
v -0.9078 0.0127 -1.5887
v -0.9078 0.0553 -1.7060
v -0.8942 0.0334 -1.6995
v -0.8942 0.0000 -1.6078
v -0.9078 0.0553 -1.3467
v -0.9078 0.0127 -1.4640
v -0.8942 0.0000 -1.4449
v -0.8942 0.0334 -1.3532
v -0.6525 0.0127 -1.4640
v -0.6661 0.0000 -1.4449
v -0.9078 0.2436 -1.1888
v -0.9078 0.1355 -1.2511
v -0.8942 0.1381 -1.2284
v -0.8942 0.2226 -1.1796
v -0.9078 0.4893 -1.1888
v -0.9078 0.3665 -1.1671
v -0.8942 0.3831 -1.1513
v -0.8942 0.4791 -1.1682
v -0.6525 0.3665 -1.1671
v -0.6661 0.3831 -1.1513
v -0.9078 0.5076 -1.3581
v -0.9078 0.4416 -1.3200
v -0.9078 0.3665 -1.3068
v -0.9078 0.2913 -1.3200
v -0.9078 0.2253 -1.3581
v -0.9078 0.1763 -1.4165
v -0.9078 0.1502 -1.4882
v -0.9078 0.1502 -1.5645
v -0.9078 0.1763 -1.6361
v -0.9078 0.2253 -1.6946
v -0.9078 0.2913 -1.7327
v -0.9078 0.3665 -1.7459
v -0.9078 0.4416 -1.7327
v -0.9078 0.5076 -1.6946
v -0.9078 0.5566 -1.6361
v -0.9078 0.5827 -1.5645
v -0.9078 0.5827 -1.4882
v -0.9078 0.5566 -1.4165
v -0.6525 0.4893 -1.1888
v -0.6525 0.6776 -1.3467
v -0.6661 0.7387 -1.5751
v -0.6525 0.3665 -1.8856
v -0.6525 0.2436 -1.8639
v -0.6525 0.1355 -1.8015
v -0.6525 0.0553 -1.7060
v -0.6525 0.0127 -1.5887
v -0.6661 0.6202 -1.8030
v -0.6525 0.5974 -1.8015
v -0.6661 0.3831 -1.9014
v -0.6661 0.1381 -1.8243
v -0.6661 0.0334 -1.3532
v -0.6525 0.0553 -1.3467
v -0.6661 0.2226 -1.1796
v -0.6525 0.2436 -1.1888
v -0.6284 0.7066 -1.5863
v -0.6284 0.5963 -1.5669
v -0.6284 0.5686 -1.6431
v -0.6284 0.7066 -1.4664
v -0.6284 0.5963 -1.4858
v -0.6284 0.6656 -1.3536
v -0.6284 0.5686 -1.4096
v -0.6284 0.5885 -1.2617
v -0.6284 0.5165 -1.3475
v -0.6284 0.4846 -1.2018
v -0.6284 0.4463 -1.3070
v -0.6284 0.3665 -1.1809
v -0.6284 0.3665 -1.2929
v -0.6284 0.2483 -1.2018
v -0.6284 0.2866 -1.3070
v -0.6284 0.1444 -1.2617
v -0.6284 0.2164 -1.3475
v -0.6284 0.0673 -1.3536
v -0.6284 0.1643 -1.4096
v -0.6284 0.0263 -1.4664
v -0.6284 0.1366 -1.4858
v -0.6284 0.0263 -1.5863
v -0.6284 0.1366 -1.5669
v -0.6284 0.0673 -1.6990
v -0.6284 0.1643 -1.6431
v -0.6284 0.1444 -1.7909
v -0.6284 0.2164 -1.7052
v -0.6284 0.2483 -1.8509
v -0.6284 0.2866 -1.7457
v -0.6284 0.3665 -1.8718
v -0.6284 0.3665 -1.7598
v -0.6284 0.4846 -1.8509
v -0.6284 0.4463 -1.7457
v -0.6284 0.5885 -1.7909
v -0.6284 0.5165 -1.7052
v -0.6284 0.6656 -1.6990
v -0.6661 0.6829 -1.3244
v -0.6525 0.7202 -1.5887
v -0.6661 0.4791 -1.8844
v -0.6525 0.4893 -1.8639
v -0.6661 0.2226 -1.8731
v -0.6661 0.0000 -1.6078
v -0.6661 0.0334 -1.6995
v -0.6661 0.1381 -1.2284
v -0.6525 0.1355 -1.2511
v -0.6661 0.4791 -1.1682
v -0.6525 0.5076 -1.3581
v -0.6525 0.4416 -1.3200
v -0.6525 0.3665 -1.3068
v -0.6525 0.2913 -1.3200
v -0.6525 0.2253 -1.3581
v -0.6525 0.1763 -1.4165
v -0.6525 0.1502 -1.4882
v -0.6525 0.1502 -1.5645
v -0.6525 0.1763 -1.6361
v -0.6525 0.2253 -1.6946
v -0.6525 0.2913 -1.7327
v -0.6525 0.3665 -1.7459
v -0.6525 0.4416 -1.7327
v -0.6525 0.5076 -1.6946
v -0.6525 0.5566 -1.6361
v -0.6525 0.5827 -1.5645
v -0.6525 0.5827 -1.4882
v -0.6525 0.5566 -1.4165
v -0.8333 0.4396 -1.3254
v -0.8333 0.5039 -1.3625
v -0.8333 0.5516 -1.4194
v -0.8333 0.5771 -1.4892
v -0.8333 0.5771 -1.5635
v -0.8333 0.5516 -1.6333
v -0.8333 0.5039 -1.6902
v -0.8333 0.4396 -1.7273
v -0.8333 0.3665 -1.7402
v -0.8333 0.2933 -1.7273
v -0.8333 0.2290 -1.6902
v -0.8333 0.1813 -1.6333
v -0.8333 0.1559 -1.5635
v -0.8333 0.1559 -1.4892
v -0.8333 0.1813 -1.4194
v -0.8333 0.2290 -1.3625
v -0.8333 0.2933 -1.3254
v -0.8333 0.3665 -1.3125
v -0.9170 0.5827 -1.5645
v -0.9170 0.5566 -1.6361
v -0.9170 0.5516 -1.6333
v -0.9170 0.5771 -1.5635
v -0.9170 0.5827 -1.4882
v -0.9170 0.5771 -1.4892
v -0.9170 0.5566 -1.4165
v -0.9170 0.5516 -1.4194
v -0.9170 0.5076 -1.3581
v -0.9170 0.5039 -1.3625
v -0.9170 0.4416 -1.3200
v -0.9170 0.4396 -1.3254
v -0.9170 0.3665 -1.3068
v -0.9170 0.3665 -1.3125
v -0.9170 0.2913 -1.3200
v -0.9170 0.2933 -1.3254
v -0.9170 0.2253 -1.3581
v -0.9170 0.2290 -1.3625
v -0.9170 0.1763 -1.4165
v -0.9170 0.1813 -1.4194
v -0.9170 0.1502 -1.4882
v -0.9170 0.1559 -1.4892
v -0.9170 0.1502 -1.5645
v -0.9170 0.1559 -1.5635
v -0.9170 0.1763 -1.6361
v -0.9170 0.1813 -1.6333
v -0.9170 0.2253 -1.6946
v -0.9170 0.2290 -1.6902
v -0.9170 0.2913 -1.7327
v -0.9170 0.2933 -1.7273
v -0.9170 0.3665 -1.7459
v -0.9170 0.3665 -1.7402
v -0.9170 0.4416 -1.7327
v -0.9170 0.4396 -1.7273
v -0.9170 0.5076 -1.6946
v -0.9170 0.5039 -1.6902
v -0.6525 0.3665 -1.3068
v -0.6525 0.2913 -1.3200
v -0.6525 0.2253 -1.3581
v -0.6525 0.1763 -1.4165
v -0.6525 0.1502 -1.4882
v -0.6525 0.1502 -1.5645
v -0.6525 0.1763 -1.6361
v -0.6525 0.2253 -1.6946
v -0.6525 0.2913 -1.7327
v -0.6525 0.3665 -1.7459
v -0.6525 0.4416 -1.7327
v -0.6525 0.5076 -1.6946
v -0.6525 0.5566 -1.6361
v -0.6525 0.5827 -1.5645
v -0.6525 0.5827 -1.4882
v -0.6525 0.5566 -1.4165
v -0.6525 0.5076 -1.3581
v -0.6525 0.4416 -1.3200
v -0.9078 0.4416 -1.3200
v -0.9078 0.5076 -1.3581
v -0.9078 0.5566 -1.4165
v -0.9078 0.5827 -1.4882
v -0.9078 0.5827 -1.5645
v -0.9078 0.5566 -1.6361
v -0.9078 0.5076 -1.6946
v -0.9078 0.4416 -1.7327
v -0.9078 0.3665 -1.7459
v -0.9078 0.2913 -1.7327
v -0.9078 0.2253 -1.6946
v -0.9078 0.1763 -1.6361
v -0.9078 0.1502 -1.5645
v -0.9078 0.1502 -1.4882
v -0.9078 0.1763 -1.4165
v -0.9078 0.2253 -1.3581
v -0.9078 0.2913 -1.3200
v -0.9078 0.3665 -1.3068
v -0.8095 0.3251 -1.5322
v -0.8095 0.3503 -1.5623
v -0.8095 0.3890 -1.5554
v -0.8095 0.4024 -1.5185
v -0.8095 0.3772 -1.4885
v -0.8095 0.3385 -1.4953
v -0.8555 0.4153 -1.5163
v -0.8555 0.3816 -1.4762
v -0.8555 0.3974 -1.5655
v -0.8555 0.3458 -1.5745
v -0.8555 0.3122 -1.5344
v -0.8555 0.3301 -1.4853
v -0.8618 0.3772 -1.4885
v -0.8618 0.4024 -1.5185
v -0.8618 0.3889 -1.5554
v -0.8618 0.3503 -1.5622
v -0.8618 0.3251 -1.5322
v -0.8618 0.3385 -1.4953
v -0.8648 0.4101 -1.5172
v -0.8648 0.3798 -1.4812
v -0.8648 0.3940 -1.5614
v -0.8648 0.3477 -1.5696
v -0.8648 0.3174 -1.5335
v -0.8648 0.3335 -1.4893
v -0.8439 0.4163 -1.5611
v -0.8439 0.3916 -1.5597
v -0.8439 0.4071 -1.5169
v -0.8439 0.4270 -1.5317
v -0.8312 0.4163 -1.5611
v -0.8312 0.3916 -1.5597
v -0.8312 0.4270 -1.5317
v -0.8312 0.4071 -1.5169
v -0.8489 0.4467 -1.5840
v -0.8488 0.4218 -1.5591
v -0.8488 0.4299 -1.5368
v -0.8489 0.4649 -1.5338
v -0.8312 0.4457 -1.5894
v -0.8439 0.4444 -1.5889
v -0.8312 0.4677 -1.5290
v -0.8439 0.4664 -1.5285
v -0.8883 0.5426 -1.6652
v -0.8883 0.5906 -1.5333
v -0.8724 0.5477 -1.6756
v -0.8848 0.5451 -1.6747
v -0.8724 0.6012 -1.5285
v -0.8848 0.5986 -1.5276
v -0.8439 0.3590 -1.5888
v -0.8439 0.3479 -1.5666
v -0.8439 0.3927 -1.5587
v -0.8439 0.3899 -1.5833
v -0.8312 0.3590 -1.5888
v -0.8312 0.3479 -1.5666
v -0.8312 0.3899 -1.5833
v -0.8312 0.3927 -1.5587
v -0.8489 0.3544 -1.6265
v -0.8488 0.3636 -1.5925
v -0.8488 0.3869 -1.5884
v -0.8489 0.4071 -1.6172
v -0.8312 0.3493 -1.6284
v -0.8439 0.3490 -1.6270
v -0.8312 0.4126 -1.6172
v -0.8439 0.4123 -1.6159
v -0.8883 0.3321 -1.7502
v -0.8883 0.4704 -1.7258
v -0.8724 0.3256 -1.7598
v -0.8848 0.3251 -1.7571
v -0.8724 0.4798 -1.7326
v -0.8848 0.4793 -1.7299
v -0.8439 0.3065 -1.5530
v -0.8439 0.3201 -1.5323
v -0.8439 0.3493 -1.5671
v -0.8439 0.3266 -1.5770
v -0.8312 0.3065 -1.5530
v -0.8312 0.3201 -1.5323
v -0.8312 0.3266 -1.5770
v -0.8312 0.3493 -1.5671
v -0.8489 0.2715 -1.5679
v -0.8488 0.3055 -1.5588
v -0.8488 0.3207 -1.5769
v -0.8489 0.3059 -1.6088
v -0.8312 0.2673 -1.5643
v -0.8439 0.2683 -1.5634
v -0.8312 0.3086 -1.6136
v -0.8439 0.3097 -1.6127
v -0.8883 0.1532 -1.6104
v -0.8883 0.2434 -1.7179
v -0.8724 0.1417 -1.6095
v -0.8848 0.1438 -1.6078
v -0.8724 0.2423 -1.7294
v -0.8848 0.2444 -1.7277
v -0.8439 0.3112 -1.4896
v -0.8439 0.3359 -1.4910
v -0.8439 0.3203 -1.5338
v -0.8439 0.3005 -1.5190
v -0.8312 0.3112 -1.4896
v -0.8312 0.3359 -1.4910
v -0.8312 0.3005 -1.5190
v -0.8312 0.3203 -1.5338
v -0.8489 0.2808 -1.4667
v -0.8488 0.3057 -1.4916
v -0.8488 0.2976 -1.5139
v -0.8489 0.2625 -1.5170
v -0.8312 0.2818 -1.4613
v -0.8439 0.2831 -1.4618
v -0.8312 0.2598 -1.5217
v -0.8439 0.2611 -1.5222
v -0.8883 0.1848 -1.3856
v -0.8883 0.1368 -1.5175
v -0.8724 0.1798 -1.3751
v -0.8848 0.1824 -1.3761
v -0.8724 0.1263 -1.5222
v -0.8848 0.1288 -1.5231
v -0.8439 0.3685 -1.4620
v -0.8439 0.3796 -1.4841
v -0.8439 0.3348 -1.4920
v -0.8439 0.3376 -1.4674
v -0.8312 0.3685 -1.4620
v -0.8312 0.3796 -1.4841
v -0.8312 0.3376 -1.4674
v -0.8312 0.3348 -1.4920
v -0.8489 0.3730 -1.4242
v -0.8488 0.3639 -1.4582
v -0.8488 0.3406 -1.4623
v -0.8489 0.3204 -1.4335
v -0.8312 0.3782 -1.4223
v -0.8439 0.3785 -1.4237
v -0.8312 0.3149 -1.4335
v -0.8439 0.3151 -1.4349
v -0.8883 0.3954 -1.3005
v -0.8883 0.2571 -1.3249
v -0.8724 0.4019 -1.2910
v -0.8848 0.4024 -1.2936
v -0.8724 0.2477 -1.3181
v -0.8848 0.2482 -1.3208
v -0.8439 0.4210 -1.4977
v -0.8439 0.4074 -1.5184
v -0.8439 0.3782 -1.4836
v -0.8439 0.4009 -1.4738
v -0.8312 0.4210 -1.4977
v -0.8312 0.4074 -1.5184
v -0.8312 0.4009 -1.4738
v -0.8312 0.3782 -1.4836
v -0.8489 0.4560 -1.4828
v -0.8488 0.4220 -1.4919
v -0.8488 0.4068 -1.4738
v -0.8489 0.4216 -1.4419
v -0.8312 0.4602 -1.4864
v -0.8439 0.4591 -1.4873
v -0.8312 0.4189 -1.4371
v -0.8439 0.4178 -1.4380
v -0.8883 0.5743 -1.4403
v -0.8883 0.4840 -1.3328
v -0.8724 0.5858 -1.4412
v -0.8848 0.5837 -1.4429
v -0.8724 0.4852 -1.3213
v -0.8848 0.4831 -1.3230
v -0.9319 0.7066 1.2481
v -0.9319 0.7066 1.1281
v -0.9319 0.5963 1.1476
v -0.9319 0.5963 1.2286
v -0.9319 0.6656 1.3608
v -0.9319 0.5686 1.3048
v -0.9319 0.5885 1.4527
v -0.9319 0.5165 1.3669
v -0.9319 0.4846 1.5127
v -0.9319 0.4463 1.4074
v -0.9319 0.3665 1.5335
v -0.9319 0.3665 1.4215
v -0.9319 0.2483 1.5127
v -0.9319 0.2866 1.4074
v -0.9319 0.1444 1.4527
v -0.9319 0.2164 1.3669
v -0.9319 0.0673 1.3608
v -0.9319 0.1643 1.3048
v -0.9319 0.0263 1.2481
v -0.9319 0.1366 1.2286
v -0.9319 0.0263 1.1281
v -0.9319 0.1366 1.1476
v -0.9319 0.0673 1.0154
v -0.9319 0.1643 1.0714
v -0.9319 0.1444 0.9235
v -0.9319 0.2164 1.0093
v -0.9319 0.2483 0.8635
v -0.9319 0.2866 0.9688
v -0.9319 0.3665 0.8427
v -0.9319 0.3665 0.9547
v -0.9319 0.4846 0.8635
v -0.9319 0.4463 0.9688
v -0.9319 0.5885 0.9235
v -0.9319 0.5165 1.0093
v -0.9319 0.6656 1.0154
v -0.9319 0.5686 1.0714
v -0.9078 0.6776 1.3677
v -0.9078 0.5974 1.4633
v -0.8942 0.6202 1.4647
v -0.8942 0.6829 1.3900
v -0.6525 0.5974 1.4633
v -0.6661 0.6202 1.4647
v -0.9078 0.7202 1.1257
v -0.9078 0.7202 1.2505
v -0.8942 0.7387 1.2369
v -0.8942 0.7387 1.1393
v -0.6525 0.7202 1.2505
v -0.6661 0.7387 1.2369
v -0.9078 0.5974 0.9129
v -0.9078 0.6776 1.0085
v -0.8942 0.6829 0.9862
v -0.8942 0.6202 0.9115
v -0.6525 0.6776 1.0085
v -0.6661 0.6829 0.9862
v -0.9078 0.3665 0.8289
v -0.9078 0.4893 0.8505
v -0.8942 0.4791 0.8300
v -0.8942 0.3831 0.8131
v -0.9078 0.1355 0.9129
v -0.9078 0.2436 0.8505
v -0.8942 0.2226 0.8414
v -0.8942 0.1381 0.8901
v -0.9078 0.0127 1.1257
v -0.9078 0.0553 1.0085
v -0.8942 0.0334 1.0150
v -0.8942 0.0000 1.1066
v -0.9078 0.0553 1.3677
v -0.9078 0.0127 1.2505
v -0.8942 0.0000 1.2696
v -0.8942 0.0334 1.3612
v -0.6525 0.0127 1.2505
v -0.6661 0.0000 1.2696
v -0.9078 0.2436 1.5257
v -0.9078 0.1355 1.4633
v -0.8942 0.1381 1.4861
v -0.8942 0.2226 1.5348
v -0.9078 0.4893 1.5257
v -0.9078 0.3665 1.5473
v -0.8942 0.3831 1.5631
v -0.8942 0.4791 1.5462
v -0.6525 0.3665 1.5473
v -0.6661 0.3831 1.5631
v -0.9078 0.5076 1.3563
v -0.9078 0.4416 1.3944
v -0.9078 0.3665 1.4077
v -0.9078 0.2913 1.3944
v -0.9078 0.2253 1.3563
v -0.9078 0.1763 1.2979
v -0.9078 0.1502 1.2262
v -0.9078 0.1502 1.1500
v -0.9078 0.1763 1.0783
v -0.9078 0.2253 1.0199
v -0.9078 0.2913 0.9817
v -0.9078 0.3665 0.9685
v -0.9078 0.4416 0.9817
v -0.9078 0.5076 1.0199
v -0.9078 0.5566 1.0783
v -0.9078 0.5827 1.1500
v -0.9078 0.5827 1.2262
v -0.9078 0.5566 1.2979
v -0.6525 0.4893 1.5257
v -0.6525 0.6776 1.3677
v -0.6661 0.7387 1.1393
v -0.6525 0.3665 0.8289
v -0.6525 0.2436 0.8505
v -0.6525 0.1355 0.9129
v -0.6525 0.0553 1.0085
v -0.6525 0.0127 1.1257
v -0.6661 0.6202 0.9115
v -0.6525 0.5974 0.9129
v -0.6661 0.3831 0.8131
v -0.6661 0.1381 0.8901
v -0.6661 0.0334 1.3612
v -0.6525 0.0553 1.3677
v -0.6661 0.2226 1.5348
v -0.6525 0.2436 1.5257
v -0.6284 0.7066 1.1281
v -0.6284 0.5963 1.1476
v -0.6284 0.5686 1.0714
v -0.6284 0.7066 1.2481
v -0.6284 0.5963 1.2286
v -0.6284 0.6656 1.3608
v -0.6284 0.5686 1.3048
v -0.6284 0.5885 1.4527
v -0.6284 0.5165 1.3669
v -0.6284 0.4846 1.5127
v -0.6284 0.4463 1.4074
v -0.6284 0.3665 1.5335
v -0.6284 0.3665 1.4215
v -0.6284 0.2483 1.5127
v -0.6284 0.2866 1.4074
v -0.6284 0.1444 1.4527
v -0.6284 0.2164 1.3669
v -0.6284 0.0673 1.3608
v -0.6284 0.1643 1.3048
v -0.6284 0.0263 1.2481
v -0.6284 0.1366 1.2286
v -0.6284 0.0263 1.1281
v -0.6284 0.1366 1.1476
v -0.6284 0.0673 1.0154
v -0.6284 0.1643 1.0714
v -0.6284 0.1444 0.9235
v -0.6284 0.2164 1.0093
v -0.6284 0.2483 0.8635
v -0.6284 0.2866 0.9688
v -0.6284 0.3665 0.8427
v -0.6284 0.3665 0.9547
v -0.6284 0.4846 0.8635
v -0.6284 0.4463 0.9688
v -0.6284 0.5885 0.9235
v -0.6284 0.5165 1.0093
v -0.6284 0.6656 1.0154
v -0.6661 0.6829 1.3900
v -0.6525 0.7202 1.1257
v -0.6661 0.4791 0.8300
v -0.6525 0.4893 0.8505
v -0.6661 0.2226 0.8414
v -0.6661 0.0000 1.1066
v -0.6661 0.0334 1.0150
v -0.6661 0.1381 1.4861
v -0.6525 0.1355 1.4633
v -0.6661 0.4791 1.5462
v -0.6525 0.5076 1.3563
v -0.6525 0.4416 1.3944
v -0.6525 0.3665 1.4077
v -0.6525 0.2913 1.3944
v -0.6525 0.2253 1.3563
v -0.6525 0.1763 1.2979
v -0.6525 0.1502 1.2262
v -0.6525 0.1502 1.1500
v -0.6525 0.1763 1.0783
v -0.6525 0.2253 1.0199
v -0.6525 0.2913 0.9817
v -0.6525 0.3665 0.9685
v -0.6525 0.4416 0.9817
v -0.6525 0.5076 1.0199
v -0.6525 0.5566 1.0783
v -0.6525 0.5827 1.1500
v -0.6525 0.5827 1.2262
v -0.6525 0.5566 1.2979
v -0.8333 0.4396 1.3890
v -0.8333 0.5039 1.3519
v -0.8333 0.5516 1.2950
v -0.8333 0.5771 1.2252
v -0.8333 0.5771 1.1510
v -0.8333 0.5516 1.0812
v -0.8333 0.5039 1.0243
v -0.8333 0.4396 0.9871
v -0.8333 0.3665 0.9742
v -0.8333 0.2933 0.9871
v -0.8333 0.2290 1.0243
v -0.8333 0.1813 1.0812
v -0.8333 0.1559 1.1510
v -0.8333 0.1559 1.2252
v -0.8333 0.1813 1.2950
v -0.8333 0.2290 1.3519
v -0.8333 0.2933 1.3890
v -0.8333 0.3665 1.4019
v -0.9170 0.5827 1.1500
v -0.9170 0.5566 1.0783
v -0.9170 0.5516 1.0812
v -0.9170 0.5771 1.1510
v -0.9170 0.5827 1.2262
v -0.9170 0.5771 1.2252
v -0.9170 0.5566 1.2979
v -0.9170 0.5516 1.2950
v -0.9170 0.5076 1.3563
v -0.9170 0.5039 1.3519
v -0.9170 0.4416 1.3944
v -0.9170 0.4396 1.3890
v -0.9170 0.3665 1.4077
v -0.9170 0.3665 1.4019
v -0.9170 0.2913 1.3944
v -0.9170 0.2933 1.3890
v -0.9170 0.2253 1.3563
v -0.9170 0.2290 1.3519
v -0.9170 0.1763 1.2979
v -0.9170 0.1813 1.2950
v -0.9170 0.1502 1.2262
v -0.9170 0.1559 1.2252
v -0.9170 0.1502 1.1500
v -0.9170 0.1559 1.1510
v -0.9170 0.1763 1.0783
v -0.9170 0.1813 1.0812
v -0.9170 0.2253 1.0199
v -0.9170 0.2290 1.0243
v -0.9170 0.2913 0.9817
v -0.9170 0.2933 0.9871
v -0.9170 0.3665 0.9685
v -0.9170 0.3665 0.9742
v -0.9170 0.4416 0.9817
v -0.9170 0.4396 0.9871
v -0.9170 0.5076 1.0199
v -0.9170 0.5039 1.0243
v -0.6525 0.3665 1.4077
v -0.6525 0.2913 1.3944
v -0.6525 0.2253 1.3563
v -0.6525 0.1763 1.2979
v -0.6525 0.1502 1.2262
v -0.6525 0.1502 1.1500
v -0.6525 0.1763 1.0783
v -0.6525 0.2253 1.0199
v -0.6525 0.2913 0.9817
v -0.6525 0.3665 0.9685
v -0.6525 0.4416 0.9817
v -0.6525 0.5076 1.0199
v -0.6525 0.5566 1.0783
v -0.6525 0.5827 1.1500
v -0.6525 0.5827 1.2262
v -0.6525 0.5566 1.2979
v -0.6525 0.5076 1.3563
v -0.6525 0.4416 1.3944
v -0.9078 0.4416 1.3944
v -0.9078 0.5076 1.3563
v -0.9078 0.5566 1.2979
v -0.9078 0.5827 1.2262
v -0.9078 0.5827 1.1500
v -0.9078 0.5566 1.0783
v -0.9078 0.5076 1.0199
v -0.9078 0.4416 0.9817
v -0.9078 0.3665 0.9685
v -0.9078 0.2913 0.9817
v -0.9078 0.2253 1.0199
v -0.9078 0.1763 1.0783
v -0.9078 0.1502 1.1500
v -0.9078 0.1502 1.2262
v -0.9078 0.1763 1.2979
v -0.9078 0.2253 1.3563
v -0.9078 0.2913 1.3944
v -0.9078 0.3665 1.4077
v -0.8095 0.3251 1.1823
v -0.8095 0.3503 1.1522
v -0.8095 0.3890 1.1590
v -0.8095 0.4024 1.1959
v -0.8095 0.3772 1.2260
v -0.8095 0.3385 1.2192
v -0.8555 0.4153 1.1982
v -0.8555 0.3816 1.2383
v -0.8555 0.3974 1.1490
v -0.8555 0.3458 1.1399
v -0.8555 0.3122 1.1800
v -0.8555 0.3301 1.2292
v -0.8618 0.3772 1.2259
v -0.8618 0.4024 1.1959
v -0.8618 0.3889 1.1590
v -0.8618 0.3503 1.1522
v -0.8618 0.3251 1.1823
v -0.8618 0.3385 1.2191
v -0.8648 0.4101 1.1973
v -0.8648 0.3798 1.2333
v -0.8648 0.3940 1.1530
v -0.8648 0.3477 1.1449
v -0.8648 0.3174 1.1809
v -0.8648 0.3335 1.2251
v -0.8439 0.4163 1.1533
v -0.8439 0.3916 1.1547
v -0.8439 0.4071 1.1975
v -0.8439 0.4270 1.1827
v -0.8312 0.4163 1.1533
v -0.8312 0.3916 1.1547
v -0.8312 0.4270 1.1827
v -0.8312 0.4071 1.1975
v -0.8489 0.4467 1.1305
v -0.8488 0.4218 1.1553
v -0.8488 0.4299 1.1776
v -0.8489 0.4649 1.1807
v -0.8312 0.4457 1.1250
v -0.8439 0.4444 1.1255
v -0.8312 0.4677 1.1855
v -0.8439 0.4664 1.1859
v -0.8883 0.5426 1.0493
v -0.8883 0.5906 1.1812
v -0.8724 0.5477 1.0389
v -0.8848 0.5451 1.0398
v -0.8724 0.6012 1.1859
v -0.8848 0.5986 1.1869
v -0.8439 0.3590 1.1257
v -0.8439 0.3479 1.1478
v -0.8439 0.3927 1.1557
v -0.8439 0.3899 1.1311
v -0.8312 0.3590 1.1257
v -0.8312 0.3479 1.1478
v -0.8312 0.3899 1.1311
v -0.8312 0.3927 1.1557
v -0.8489 0.3544 1.0880
v -0.8488 0.3636 1.1219
v -0.8488 0.3869 1.1260
v -0.8489 0.4071 1.0972
v -0.8312 0.3493 1.0861
v -0.8439 0.3490 1.0874
v -0.8312 0.4126 1.0972
v -0.8439 0.4123 1.0986
v -0.8883 0.3321 0.9643
v -0.8883 0.4704 0.9886
v -0.8724 0.3256 0.9547
v -0.8848 0.3251 0.9574
v -0.8724 0.4798 0.9819
v -0.8848 0.4793 0.9845
v -0.8439 0.3065 1.1615
v -0.8439 0.3201 1.1821
v -0.8439 0.3493 1.1473
v -0.8439 0.3266 1.1375
v -0.8312 0.3065 1.1615
v -0.8312 0.3201 1.1821
v -0.8312 0.3266 1.1375
v -0.8312 0.3493 1.1473
v -0.8489 0.2715 1.1466
v -0.8488 0.3055 1.1557
v -0.8488 0.3207 1.1375
v -0.8489 0.3059 1.1056
v -0.8312 0.2673 1.1501
v -0.8439 0.2683 1.1510
v -0.8312 0.3086 1.1009
v -0.8439 0.3097 1.1017
v -0.8883 0.1532 1.1041
v -0.8883 0.2434 0.9965
v -0.8724 0.1417 1.1049
v -0.8848 0.1438 1.1067
v -0.8724 0.2423 0.9850
v -0.8848 0.2444 0.9868
v -0.8439 0.3112 1.2249
v -0.8439 0.3359 1.2234
v -0.8439 0.3203 1.1807
v -0.8439 0.3005 1.1955
v -0.8312 0.3112 1.2249
v -0.8312 0.3359 1.2234
v -0.8312 0.3005 1.1955
v -0.8312 0.3203 1.1807
v -0.8489 0.2808 1.2477
v -0.8488 0.3057 1.2228
v -0.8488 0.2976 1.2006
v -0.8489 0.2625 1.1975
v -0.8312 0.2818 1.2531
v -0.8439 0.2831 1.2527
v -0.8312 0.2598 1.1927
v -0.8439 0.2611 1.1922
v -0.8883 0.1848 1.3289
v -0.8883 0.1368 1.1970
v -0.8724 0.1798 1.3393
v -0.8848 0.1824 1.3384
v -0.8724 0.1263 1.1922
v -0.8848 0.1288 1.1913
v -0.8439 0.3685 1.2525
v -0.8439 0.3796 1.2304
v -0.8439 0.3348 1.2225
v -0.8439 0.3376 1.2471
v -0.8312 0.3685 1.2525
v -0.8312 0.3796 1.2304
v -0.8312 0.3376 1.2471
v -0.8312 0.3348 1.2225
v -0.8489 0.3730 1.2902
v -0.8488 0.3639 1.2562
v -0.8488 0.3406 1.2521
v -0.8489 0.3204 1.2809
v -0.8312 0.3782 1.2921
v -0.8439 0.3785 1.2907
v -0.8312 0.3149 1.2809
v -0.8439 0.3151 1.2796
v -0.8883 0.3954 1.4139
v -0.8883 0.2571 1.3895
v -0.8724 0.4019 1.4235
v -0.8848 0.4024 1.4208
v -0.8724 0.2477 1.3963
v -0.8848 0.2482 1.3936
v -0.8439 0.4210 1.2167
v -0.8439 0.4074 1.1960
v -0.8439 0.3782 1.2309
v -0.8439 0.4009 1.2407
v -0.8312 0.4210 1.2167
v -0.8312 0.4074 1.1960
v -0.8312 0.4009 1.2407
v -0.8312 0.3782 1.2309
v -0.8489 0.4560 1.2316
v -0.8488 0.4220 1.2225
v -0.8488 0.4068 1.2407
v -0.8489 0.4216 1.2725
v -0.8312 0.4602 1.2280
v -0.8439 0.4591 1.2272
v -0.8312 0.4189 1.2773
v -0.8439 0.4178 1.2764
v -0.8883 0.5743 1.2741
v -0.8883 0.4840 1.3816
v -0.8724 0.5858 1.2733
v -0.8848 0.5837 1.2715
v -0.8724 0.4852 1.3932
v -0.8848 0.4831 1.3914
v 0.9319 0.7066 -1.5863
v 0.9319 0.5963 -1.5669
v 0.9319 0.5686 -1.6431
v 0.9319 0.7066 -1.4664
v 0.9319 0.5963 -1.4858
v 0.9319 0.6656 -1.3536
v 0.9319 0.5686 -1.4096
v 0.9319 0.5885 -1.2617
v 0.9319 0.5165 -1.3475
v 0.9319 0.4846 -1.2018
v 0.9319 0.4463 -1.3070
v 0.9319 0.3665 -1.1809
v 0.9319 0.3665 -1.2929
v 0.9319 0.2483 -1.2018
v 0.9319 0.2866 -1.3070
v 0.9319 0.1444 -1.2617
v 0.9319 0.2164 -1.3475
v 0.9319 0.0673 -1.3536
v 0.9319 0.1643 -1.4096
v 0.9319 0.0263 -1.4664
v 0.9319 0.1366 -1.4858
v 0.9319 0.0263 -1.5863
v 0.9319 0.1366 -1.5669
v 0.9319 0.0673 -1.6990
v 0.9319 0.1643 -1.6431
v 0.9319 0.1444 -1.7909
v 0.9319 0.2164 -1.7052
v 0.9319 0.2483 -1.8509
v 0.9319 0.2866 -1.7457
v 0.9319 0.3665 -1.8718
v 0.9319 0.3665 -1.7598
v 0.9319 0.4846 -1.8509
v 0.9319 0.4463 -1.7457
v 0.9319 0.5885 -1.7909
v 0.9319 0.5165 -1.7052
v 0.9319 0.6656 -1.6990
v 0.9078 0.6776 -1.3467
v 0.8942 0.6829 -1.3244
v 0.8942 0.6202 -1.2497
v 0.9078 0.5974 -1.2511
v 0.6525 0.5974 -1.2511
v 0.6661 0.6202 -1.2497
v 0.9078 0.7202 -1.5887
v 0.8942 0.7387 -1.5751
v 0.8942 0.7387 -1.4776
v 0.9078 0.7202 -1.4640
v 0.6661 0.7387 -1.4776
v 0.6525 0.7202 -1.4640
v 0.9078 0.5974 -1.8015
v 0.8942 0.6202 -1.8030
v 0.8942 0.6829 -1.7282
v 0.9078 0.6776 -1.7060
v 0.6525 0.6776 -1.7060
v 0.6661 0.6829 -1.7282
v 0.9078 0.3665 -1.8856
v 0.8942 0.3831 -1.9014
v 0.8942 0.4791 -1.8844
v 0.9078 0.4893 -1.8639
v 0.9078 0.1355 -1.8015
v 0.8942 0.1381 -1.8243
v 0.8942 0.2226 -1.8731
v 0.9078 0.2436 -1.8639
v 0.9078 0.0127 -1.5887
v 0.8942 0.0000 -1.6078
v 0.8942 0.0334 -1.6995
v 0.9078 0.0553 -1.7060
v 0.9078 0.0553 -1.3467
v 0.8942 0.0334 -1.3532
v 0.8942 0.0000 -1.4449
v 0.9078 0.0127 -1.4640
v 0.6525 0.0127 -1.4640
v 0.6661 0.0000 -1.4449
v 0.9078 0.2436 -1.1888
v 0.8942 0.2226 -1.1796
v 0.8942 0.1381 -1.2284
v 0.9078 0.1355 -1.2511
v 0.9078 0.4893 -1.1888
v 0.8942 0.4791 -1.1682
v 0.8942 0.3831 -1.1513
v 0.9078 0.3665 -1.1671
v 0.6661 0.3831 -1.1513
v 0.6525 0.3665 -1.1671
v 0.9078 0.5076 -1.3581
v 0.9078 0.4416 -1.3200
v 0.9078 0.3665 -1.3068
v 0.9078 0.2913 -1.3200
v 0.9078 0.2253 -1.3581
v 0.9078 0.1763 -1.4165
v 0.9078 0.1502 -1.4882
v 0.9078 0.1502 -1.5645
v 0.9078 0.1763 -1.6361
v 0.9078 0.2253 -1.6946
v 0.9078 0.2913 -1.7327
v 0.9078 0.3665 -1.7459
v 0.9078 0.4416 -1.7327
v 0.9078 0.5076 -1.6946
v 0.9078 0.5566 -1.6361
v 0.9078 0.5827 -1.5645
v 0.9078 0.5827 -1.4882
v 0.9078 0.5566 -1.4165
v 0.6525 0.4893 -1.1888
v 0.6525 0.6776 -1.3467
v 0.6661 0.7387 -1.5751
v 0.6525 0.2436 -1.8639
v 0.6525 0.3665 -1.8856
v 0.6525 0.0553 -1.7060
v 0.6525 0.1355 -1.8015
v 0.6525 0.0127 -1.5887
v 0.6525 0.5974 -1.8015
v 0.6661 0.6202 -1.8030
v 0.6661 0.3831 -1.9014
v 0.6661 0.1381 -1.8243
v 0.6525 0.0553 -1.3467
v 0.6661 0.0334 -1.3532
v 0.6525 0.2436 -1.1888
v 0.6661 0.2226 -1.1796
v 0.6284 0.7066 -1.4664
v 0.6284 0.7066 -1.5863
v 0.6284 0.5963 -1.5669
v 0.6284 0.5963 -1.4858
v 0.6284 0.6656 -1.3536
v 0.6284 0.5686 -1.4096
v 0.6284 0.5885 -1.2617
v 0.6284 0.5165 -1.3475
v 0.6284 0.4846 -1.2018
v 0.6284 0.4463 -1.3070
v 0.6284 0.3665 -1.1809
v 0.6284 0.3665 -1.2929
v 0.6284 0.2483 -1.2018
v 0.6284 0.2866 -1.3070
v 0.6284 0.1444 -1.2617
v 0.6284 0.2164 -1.3475
v 0.6284 0.0673 -1.3536
v 0.6284 0.1643 -1.4096
v 0.6284 0.0263 -1.4664
v 0.6284 0.1366 -1.4858
v 0.6284 0.0263 -1.5863
v 0.6284 0.1366 -1.5669
v 0.6284 0.0673 -1.6990
v 0.6284 0.1643 -1.6431
v 0.6284 0.1444 -1.7909
v 0.6284 0.2164 -1.7052
v 0.6284 0.2483 -1.8509
v 0.6284 0.2866 -1.7457
v 0.6284 0.3665 -1.8718
v 0.6284 0.3665 -1.7598
v 0.6284 0.4846 -1.8509
v 0.6284 0.4463 -1.7457
v 0.6284 0.5885 -1.7909
v 0.6284 0.5165 -1.7052
v 0.6284 0.6656 -1.6990
v 0.6284 0.5686 -1.6431
v 0.6661 0.6829 -1.3244
v 0.6525 0.7202 -1.5887
v 0.6525 0.4893 -1.8639
v 0.6661 0.4791 -1.8844
v 0.6661 0.2226 -1.8731
v 0.6661 0.0334 -1.6995
v 0.6661 0.0000 -1.6078
v 0.6525 0.1355 -1.2511
v 0.6661 0.1381 -1.2284
v 0.6661 0.4791 -1.1682
v 0.6525 0.5076 -1.3581
v 0.6525 0.4416 -1.3200
v 0.6525 0.3665 -1.3068
v 0.6525 0.2913 -1.3200
v 0.6525 0.2253 -1.3581
v 0.6525 0.1763 -1.4165
v 0.6525 0.1502 -1.4882
v 0.6525 0.1502 -1.5645
v 0.6525 0.1763 -1.6361
v 0.6525 0.2253 -1.6946
v 0.6525 0.2913 -1.7327
v 0.6525 0.3665 -1.7459
v 0.6525 0.4416 -1.7327
v 0.6525 0.5076 -1.6946
v 0.6525 0.5566 -1.6361
v 0.6525 0.5827 -1.5645
v 0.6525 0.5827 -1.4882
v 0.6525 0.5566 -1.4165
v 0.8333 0.2933 -1.3254
v 0.8333 0.2290 -1.3625
v 0.8333 0.1813 -1.4194
v 0.8333 0.1559 -1.4892
v 0.8333 0.1559 -1.5635
v 0.8333 0.1813 -1.6333
v 0.8333 0.2290 -1.6902
v 0.8333 0.2933 -1.7273
v 0.8333 0.3665 -1.7402
v 0.8333 0.4396 -1.7273
v 0.8333 0.5039 -1.6902
v 0.8333 0.5516 -1.6333
v 0.8333 0.5771 -1.5635
v 0.8333 0.5771 -1.4892
v 0.8333 0.5516 -1.4194
v 0.8333 0.5039 -1.3625
v 0.8333 0.4396 -1.3254
v 0.8333 0.3665 -1.3125
v 0.9170 0.5566 -1.6361
v 0.9170 0.5516 -1.6333
v 0.9170 0.5039 -1.6902
v 0.9170 0.5827 -1.5645
v 0.9170 0.5771 -1.5635
v 0.9170 0.5827 -1.4882
v 0.9170 0.5771 -1.4892
v 0.9170 0.5566 -1.4165
v 0.9170 0.5516 -1.4194
v 0.9170 0.5076 -1.3581
v 0.9170 0.5039 -1.3625
v 0.9170 0.4416 -1.3200
v 0.9170 0.4396 -1.3254
v 0.9170 0.3665 -1.3068
v 0.9170 0.3665 -1.3125
v 0.9170 0.2913 -1.3200
v 0.9170 0.2933 -1.3254
v 0.9170 0.2253 -1.3581
v 0.9170 0.2290 -1.3625
v 0.9170 0.1763 -1.4165
v 0.9170 0.1813 -1.4194
v 0.9170 0.1502 -1.4882
v 0.9170 0.1559 -1.4892
v 0.9170 0.1502 -1.5645
v 0.9170 0.1559 -1.5635
v 0.9170 0.1763 -1.6361
v 0.9170 0.1813 -1.6333
v 0.9170 0.2253 -1.6946
v 0.9170 0.2290 -1.6902
v 0.9170 0.2913 -1.7327
v 0.9170 0.2933 -1.7273
v 0.9170 0.3665 -1.7459
v 0.9170 0.3665 -1.7402
v 0.9170 0.4416 -1.7327
v 0.9170 0.4396 -1.7273
v 0.9170 0.5076 -1.6946
v 0.6525 0.5076 -1.3581
v 0.6525 0.5566 -1.4165
v 0.6525 0.5827 -1.4882
v 0.6525 0.5827 -1.5645
v 0.6525 0.5566 -1.6361
v 0.6525 0.5076 -1.6946
v 0.6525 0.4416 -1.7327
v 0.6525 0.3665 -1.7459
v 0.6525 0.2913 -1.7327
v 0.6525 0.2253 -1.6946
v 0.6525 0.1763 -1.6361
v 0.6525 0.1502 -1.5645
v 0.6525 0.1502 -1.4882
v 0.6525 0.1763 -1.4165
v 0.6525 0.2253 -1.3581
v 0.6525 0.2913 -1.3200
v 0.6525 0.3665 -1.3068
v 0.6525 0.4416 -1.3200
v 0.9078 0.4416 -1.3200
v 0.9078 0.5076 -1.3581
v 0.9078 0.5566 -1.4165
v 0.9078 0.5827 -1.4882
v 0.9078 0.5827 -1.5645
v 0.9078 0.5566 -1.6361
v 0.9078 0.5076 -1.6946
v 0.9078 0.4416 -1.7327
v 0.9078 0.3665 -1.7459
v 0.9078 0.2913 -1.7327
v 0.9078 0.2253 -1.6946
v 0.9078 0.1763 -1.6361
v 0.9078 0.1502 -1.5645
v 0.9078 0.1502 -1.4882
v 0.9078 0.1763 -1.4165
v 0.9078 0.2253 -1.3581
v 0.9078 0.2913 -1.3200
v 0.9078 0.3665 -1.3068
v 0.8095 0.3772 -1.4885
v 0.8095 0.4024 -1.5185
v 0.8095 0.3890 -1.5554
v 0.8095 0.3503 -1.5623
v 0.8095 0.3251 -1.5322
v 0.8095 0.3385 -1.4953
v 0.8555 0.3816 -1.4762
v 0.8555 0.4153 -1.5163
v 0.8555 0.3974 -1.5655
v 0.8555 0.3458 -1.5745
v 0.8555 0.3122 -1.5344
v 0.8555 0.3301 -1.4853
v 0.8618 0.3251 -1.5322
v 0.8618 0.3503 -1.5622
v 0.8618 0.3889 -1.5554
v 0.8618 0.4024 -1.5185
v 0.8618 0.3772 -1.4885
v 0.8618 0.3385 -1.4953
v 0.8648 0.3798 -1.4812
v 0.8648 0.4101 -1.5172
v 0.8648 0.3940 -1.5614
v 0.8648 0.3477 -1.5696
v 0.8648 0.3174 -1.5335
v 0.8648 0.3335 -1.4893
v 0.8439 0.4163 -1.5611
v 0.8439 0.4270 -1.5317
v 0.8439 0.4071 -1.5169
v 0.8439 0.3916 -1.5597
v 0.8312 0.4163 -1.5611
v 0.8312 0.3916 -1.5597
v 0.8312 0.4270 -1.5317
v 0.8312 0.4071 -1.5169
v 0.8489 0.4467 -1.5840
v 0.8489 0.4649 -1.5338
v 0.8488 0.4299 -1.5368
v 0.8488 0.4218 -1.5591
v 0.8312 0.4457 -1.5894
v 0.8439 0.4444 -1.5889
v 0.8312 0.4677 -1.5290
v 0.8439 0.4664 -1.5285
v 0.8883 0.5426 -1.6652
v 0.8883 0.5906 -1.5333
v 0.8724 0.5477 -1.6756
v 0.8848 0.5451 -1.6747
v 0.8724 0.6012 -1.5285
v 0.8848 0.5986 -1.5276
v 0.8439 0.3590 -1.5888
v 0.8439 0.3899 -1.5833
v 0.8439 0.3927 -1.5587
v 0.8439 0.3479 -1.5666
v 0.8312 0.3590 -1.5888
v 0.8312 0.3479 -1.5666
v 0.8312 0.3899 -1.5833
v 0.8312 0.3927 -1.5587
v 0.8489 0.3544 -1.6265
v 0.8489 0.4071 -1.6172
v 0.8488 0.3869 -1.5884
v 0.8488 0.3636 -1.5925
v 0.8312 0.3493 -1.6284
v 0.8439 0.3490 -1.6270
v 0.8312 0.4126 -1.6172
v 0.8439 0.4123 -1.6159
v 0.8883 0.3321 -1.7502
v 0.8883 0.4704 -1.7258
v 0.8724 0.3256 -1.7598
v 0.8848 0.3251 -1.7571
v 0.8724 0.4798 -1.7326
v 0.8848 0.4793 -1.7299
v 0.8439 0.3065 -1.5530
v 0.8439 0.3266 -1.5770
v 0.8439 0.3493 -1.5671
v 0.8439 0.3201 -1.5323
v 0.8312 0.3065 -1.5530
v 0.8312 0.3201 -1.5323
v 0.8312 0.3266 -1.5770
v 0.8312 0.3493 -1.5671
v 0.8488 0.2715 -1.5679
v 0.8489 0.3059 -1.6088
v 0.8488 0.3207 -1.5769
v 0.8488 0.3055 -1.5588
v 0.8312 0.2673 -1.5643
v 0.8439 0.2683 -1.5634
v 0.8312 0.3086 -1.6136
v 0.8439 0.3097 -1.6127
v 0.8883 0.1532 -1.6104
v 0.8883 0.2434 -1.7179
v 0.8724 0.1417 -1.6095
v 0.8848 0.1438 -1.6078
v 0.8724 0.2423 -1.7294
v 0.8848 0.2444 -1.7277
v 0.8439 0.3112 -1.4896
v 0.8439 0.3005 -1.5190
v 0.8439 0.3203 -1.5338
v 0.8439 0.3359 -1.4910
v 0.8312 0.3112 -1.4896
v 0.8312 0.3359 -1.4910
v 0.8312 0.3005 -1.5190
v 0.8312 0.3203 -1.5338
v 0.8488 0.2808 -1.4667
v 0.8488 0.2625 -1.5170
v 0.8488 0.2976 -1.5139
v 0.8488 0.3057 -1.4916
v 0.8312 0.2818 -1.4613
v 0.8439 0.2831 -1.4618
v 0.8312 0.2598 -1.5217
v 0.8439 0.2611 -1.5222
v 0.8883 0.1848 -1.3856
v 0.8883 0.1368 -1.5175
v 0.8724 0.1798 -1.3751
v 0.8848 0.1824 -1.3761
v 0.8724 0.1263 -1.5222
v 0.8848 0.1288 -1.5231
v 0.8439 0.3685 -1.4620
v 0.8439 0.3376 -1.4674
v 0.8439 0.3348 -1.4920
v 0.8439 0.3796 -1.4841
v 0.8312 0.3685 -1.4620
v 0.8312 0.3796 -1.4841
v 0.8312 0.3376 -1.4674
v 0.8312 0.3348 -1.4920
v 0.8489 0.3730 -1.4242
v 0.8489 0.3204 -1.4335
v 0.8488 0.3406 -1.4623
v 0.8488 0.3639 -1.4582
v 0.8312 0.3782 -1.4223
v 0.8439 0.3785 -1.4237
v 0.8312 0.3149 -1.4335
v 0.8439 0.3151 -1.4349
v 0.8883 0.3954 -1.3005
v 0.8883 0.2571 -1.3249
v 0.8724 0.4019 -1.2910
v 0.8848 0.4024 -1.2936
v 0.8724 0.2477 -1.3181
v 0.8848 0.2482 -1.3208
v 0.8439 0.4210 -1.4977
v 0.8439 0.4009 -1.4738
v 0.8439 0.3782 -1.4836
v 0.8439 0.4074 -1.5184
v 0.8312 0.4210 -1.4977
v 0.8312 0.4074 -1.5184
v 0.8312 0.4009 -1.4738
v 0.8312 0.3782 -1.4836
v 0.8489 0.4560 -1.4828
v 0.8489 0.4216 -1.4419
v 0.8488 0.4068 -1.4738
v 0.8488 0.4220 -1.4919
v 0.8312 0.4602 -1.4864
v 0.8439 0.4591 -1.4873
v 0.8312 0.4189 -1.4371
v 0.8439 0.4178 -1.4380
v 0.8883 0.5743 -1.4403
v 0.8883 0.4840 -1.3328
v 0.8724 0.5858 -1.4412
v 0.8848 0.5837 -1.4429
v 0.8724 0.4852 -1.3213
v 0.8848 0.4831 -1.3230
v 0.9319 0.7066 1.1281
v 0.9319 0.5963 1.1476
v 0.9319 0.5686 1.0714
v 0.9319 0.7066 1.2481
v 0.9319 0.5963 1.2286
v 0.9319 0.6656 1.3608
v 0.9319 0.5686 1.3048
v 0.9319 0.5885 1.4527
v 0.9319 0.5165 1.3669
v 0.9319 0.4846 1.5127
v 0.9319 0.4463 1.4074
v 0.9319 0.3665 1.5335
v 0.9319 0.3665 1.4215
v 0.9319 0.2483 1.5127
v 0.9319 0.2866 1.4074
v 0.9319 0.1444 1.4527
v 0.9319 0.2164 1.3669
v 0.9319 0.0673 1.3608
v 0.9319 0.1643 1.3048
v 0.9319 0.0263 1.2481
v 0.9319 0.1366 1.2286
v 0.9319 0.0263 1.1281
v 0.9319 0.1366 1.1476
v 0.9319 0.0673 1.0154
v 0.9319 0.1643 1.0714
v 0.9319 0.1444 0.9235
v 0.9319 0.2164 1.0093
v 0.9319 0.2483 0.8635
v 0.9319 0.2866 0.9688
v 0.9319 0.3665 0.8427
v 0.9319 0.3665 0.9547
v 0.9319 0.4846 0.8635
v 0.9319 0.4463 0.9688
v 0.9319 0.5885 0.9235
v 0.9319 0.5165 1.0093
v 0.9319 0.6656 1.0154
v 0.9078 0.6776 1.3677
v 0.8942 0.6829 1.3900
v 0.8942 0.6202 1.4647
v 0.9078 0.5974 1.4633
v 0.6525 0.5974 1.4633
v 0.6661 0.6202 1.4647
v 0.9078 0.7202 1.1257
v 0.8942 0.7387 1.1393
v 0.8942 0.7387 1.2369
v 0.9078 0.7202 1.2505
v 0.6661 0.7387 1.2369
v 0.6525 0.7202 1.2505
v 0.9078 0.5974 0.9129
v 0.8942 0.6202 0.9115
v 0.8942 0.6829 0.9862
v 0.9078 0.6776 1.0085
v 0.6525 0.6776 1.0085
v 0.6661 0.6829 0.9862
v 0.9078 0.3665 0.8289
v 0.8942 0.3831 0.8131
v 0.8942 0.4791 0.8300
v 0.9078 0.4893 0.8505
v 0.9078 0.1355 0.9129
v 0.8942 0.1381 0.8901
v 0.8942 0.2226 0.8414
v 0.9078 0.2436 0.8505
v 0.9078 0.0127 1.1257
v 0.8942 0.0000 1.1066
v 0.8942 0.0334 1.0150
v 0.9078 0.0553 1.0085
v 0.9078 0.0553 1.3677
v 0.8942 0.0334 1.3612
v 0.8942 0.0000 1.2696
v 0.9078 0.0127 1.2505
v 0.6525 0.0127 1.2505
v 0.6661 0.0000 1.2696
v 0.9078 0.2436 1.5257
v 0.8942 0.2226 1.5348
v 0.8942 0.1381 1.4861
v 0.9078 0.1355 1.4633
v 0.9078 0.4893 1.5257
v 0.8942 0.4791 1.5462
v 0.8942 0.3831 1.5631
v 0.9078 0.3665 1.5473
v 0.6661 0.3831 1.5631
v 0.6525 0.3665 1.5473
v 0.9078 0.5076 1.3563
v 0.9078 0.4416 1.3944
v 0.9078 0.3665 1.4077
v 0.9078 0.2913 1.3944
v 0.9078 0.2253 1.3563
v 0.9078 0.1763 1.2979
v 0.9078 0.1502 1.2262
v 0.9078 0.1502 1.1500
v 0.9078 0.1763 1.0783
v 0.9078 0.2253 1.0199
v 0.9078 0.2913 0.9817
v 0.9078 0.3665 0.9685
v 0.9078 0.4416 0.9817
v 0.9078 0.5076 1.0199
v 0.9078 0.5566 1.0783
v 0.9078 0.5827 1.1500
v 0.9078 0.5827 1.2262
v 0.9078 0.5566 1.2979
v 0.6525 0.4893 1.5257
v 0.6525 0.6776 1.3677
v 0.6661 0.7387 1.1393
v 0.6525 0.2436 0.8505
v 0.6525 0.3665 0.8289
v 0.6525 0.0553 1.0085
v 0.6525 0.1355 0.9129
v 0.6525 0.0127 1.1257
v 0.6525 0.5974 0.9129
v 0.6661 0.6202 0.9115
v 0.6661 0.3831 0.8131
v 0.6661 0.1381 0.8901
v 0.6525 0.0553 1.3677
v 0.6661 0.0334 1.3612
v 0.6525 0.2436 1.5257
v 0.6661 0.2226 1.5348
v 0.6284 0.7066 1.2481
v 0.6284 0.7066 1.1281
v 0.6284 0.5963 1.1476
v 0.6284 0.5963 1.2286
v 0.6284 0.6656 1.3608
v 0.6284 0.5686 1.3048
v 0.6284 0.5885 1.4527
v 0.6284 0.5165 1.3669
v 0.6284 0.4846 1.5127
v 0.6284 0.4463 1.4074
v 0.6284 0.3665 1.5335
v 0.6284 0.3665 1.4215
v 0.6284 0.2483 1.5127
v 0.6284 0.2866 1.4074
v 0.6284 0.1444 1.4527
v 0.6284 0.2164 1.3669
v 0.6284 0.0673 1.3608
v 0.6284 0.1643 1.3048
v 0.6284 0.0263 1.2481
v 0.6284 0.1366 1.2286
v 0.6284 0.0263 1.1281
v 0.6284 0.1366 1.1476
v 0.6284 0.0673 1.0154
v 0.6284 0.1643 1.0714
v 0.6284 0.1444 0.9235
v 0.6284 0.2164 1.0093
v 0.6284 0.2483 0.8635
v 0.6284 0.2866 0.9688
v 0.6284 0.3665 0.8427
v 0.6284 0.3665 0.9547
v 0.6284 0.4846 0.8635
v 0.6284 0.4463 0.9688
v 0.6284 0.5885 0.9235
v 0.6284 0.5165 1.0093
v 0.6284 0.6656 1.0154
v 0.6284 0.5686 1.0714
v 0.6661 0.6829 1.3900
v 0.6525 0.7202 1.1257
v 0.6525 0.4893 0.8505
v 0.6661 0.4791 0.8300
v 0.6661 0.2226 0.8414
v 0.6661 0.0334 1.0150
v 0.6661 0.0000 1.1066
v 0.6525 0.1355 1.4633
v 0.6661 0.1381 1.4861
v 0.6661 0.4791 1.5462
v 0.6525 0.5076 1.3563
v 0.6525 0.4416 1.3944
v 0.6525 0.3665 1.4077
v 0.6525 0.2913 1.3944
v 0.6525 0.2253 1.3563
v 0.6525 0.1763 1.2979
v 0.6525 0.1502 1.2262
v 0.6525 0.1502 1.1500
v 0.6525 0.1763 1.0783
v 0.6525 0.2253 1.0199
v 0.6525 0.2913 0.9817
v 0.6525 0.3665 0.9685
v 0.6525 0.4416 0.9817
v 0.6525 0.5076 1.0199
v 0.6525 0.5566 1.0783
v 0.6525 0.5827 1.1500
v 0.6525 0.5827 1.2262
v 0.6525 0.5566 1.2979
v 0.8333 0.2933 1.3890
v 0.8333 0.2290 1.3519
v 0.8333 0.1813 1.2950
v 0.8333 0.1559 1.2252
v 0.8333 0.1559 1.1510
v 0.8333 0.1813 1.0812
v 0.8333 0.2290 1.0243
v 0.8333 0.2933 0.9871
v 0.8333 0.3665 0.9742
v 0.8333 0.4396 0.9871
v 0.8333 0.5039 1.0243
v 0.8333 0.5516 1.0812
v 0.8333 0.5771 1.1510
v 0.8333 0.5771 1.2252
v 0.8333 0.5516 1.2950
v 0.8333 0.5039 1.3519
v 0.8333 0.4396 1.3890
v 0.8333 0.3665 1.4019
v 0.9170 0.5566 1.0783
v 0.9170 0.5516 1.0812
v 0.9170 0.5039 1.0243
v 0.9170 0.5827 1.1500
v 0.9170 0.5771 1.1510
v 0.9170 0.5827 1.2262
v 0.9170 0.5771 1.2252
v 0.9170 0.5566 1.2979
v 0.9170 0.5516 1.2950
v 0.9170 0.5076 1.3563
v 0.9170 0.5039 1.3519
v 0.9170 0.4416 1.3944
v 0.9170 0.4396 1.3890
v 0.9170 0.3665 1.4077
v 0.9170 0.3665 1.4019
v 0.9170 0.2913 1.3944
v 0.9170 0.2933 1.3890
v 0.9170 0.2253 1.3563
v 0.9170 0.2290 1.3519
v 0.9170 0.1763 1.2979
v 0.9170 0.1813 1.2950
v 0.9170 0.1502 1.2262
v 0.9170 0.1559 1.2252
v 0.9170 0.1502 1.1500
v 0.9170 0.1559 1.1510
v 0.9170 0.1763 1.0783
v 0.9170 0.1813 1.0812
v 0.9170 0.2253 1.0199
v 0.9170 0.2290 1.0243
v 0.9170 0.2913 0.9817
v 0.9170 0.2933 0.9871
v 0.9170 0.3665 0.9685
v 0.9170 0.3665 0.9742
v 0.9170 0.4416 0.9817
v 0.9170 0.4396 0.9871
v 0.9170 0.5076 1.0199
v 0.6525 0.5076 1.3563
v 0.6525 0.5566 1.2979
v 0.6525 0.5827 1.2262
v 0.6525 0.5827 1.1500
v 0.6525 0.5566 1.0783
v 0.6525 0.5076 1.0199
v 0.6525 0.4416 0.9817
v 0.6525 0.3665 0.9685
v 0.6525 0.2913 0.9817
v 0.6525 0.2253 1.0199
v 0.6525 0.1763 1.0783
v 0.6525 0.1502 1.1500
v 0.6525 0.1502 1.2262
v 0.6525 0.1763 1.2979
v 0.6525 0.2253 1.3563
v 0.6525 0.2913 1.3944
v 0.6525 0.3665 1.4077
v 0.6525 0.4416 1.3944
v 0.9078 0.4416 1.3944
v 0.9078 0.5076 1.3563
v 0.9078 0.5566 1.2979
v 0.9078 0.5827 1.2262
v 0.9078 0.5827 1.1500
v 0.9078 0.5566 1.0783
v 0.9078 0.5076 1.0199
v 0.9078 0.4416 0.9817
v 0.9078 0.3665 0.9685
v 0.9078 0.2913 0.9817
v 0.9078 0.2253 1.0199
v 0.9078 0.1763 1.0783
v 0.9078 0.1502 1.1500
v 0.9078 0.1502 1.2262
v 0.9078 0.1763 1.2979
v 0.9078 0.2253 1.3563
v 0.9078 0.2913 1.3944
v 0.9078 0.3665 1.4077
v 0.8095 0.3772 1.2260
v 0.8095 0.4024 1.1959
v 0.8095 0.3890 1.1590
v 0.8095 0.3503 1.1522
v 0.8095 0.3251 1.1823
v 0.8095 0.3385 1.2192
v 0.8555 0.3816 1.2383
v 0.8555 0.4153 1.1982
v 0.8555 0.3974 1.1490
v 0.8555 0.3458 1.1399
v 0.8555 0.3122 1.1800
v 0.8555 0.3301 1.2292
v 0.8618 0.3251 1.1823
v 0.8618 0.3503 1.1522
v 0.8618 0.3889 1.1590
v 0.8618 0.4024 1.1959
v 0.8618 0.3772 1.2259
v 0.8618 0.3385 1.2191
v 0.8648 0.3798 1.2333
v 0.8648 0.4101 1.1973
v 0.8648 0.3940 1.1530
v 0.8648 0.3477 1.1449
v 0.8648 0.3174 1.1809
v 0.8648 0.3335 1.2251
v 0.8439 0.4163 1.1533
v 0.8439 0.4270 1.1827
v 0.8439 0.4071 1.1975
v 0.8439 0.3916 1.1547
v 0.8312 0.4163 1.1533
v 0.8312 0.3916 1.1547
v 0.8312 0.4270 1.1827
v 0.8312 0.4071 1.1975
v 0.8488 0.4467 1.1305
v 0.8488 0.4649 1.1807
v 0.8488 0.4299 1.1776
v 0.8488 0.4218 1.1553
v 0.8312 0.4457 1.1250
v 0.8439 0.4444 1.1255
v 0.8312 0.4677 1.1855
v 0.8439 0.4664 1.1859
v 0.8883 0.5426 1.0493
v 0.8883 0.5906 1.1812
v 0.8724 0.5477 1.0389
v 0.8848 0.5451 1.0398
v 0.8724 0.6012 1.1859
v 0.8848 0.5986 1.1869
v 0.8439 0.3590 1.1257
v 0.8439 0.3899 1.1311
v 0.8439 0.3927 1.1557
v 0.8439 0.3479 1.1478
v 0.8312 0.3590 1.1257
v 0.8312 0.3479 1.1478
v 0.8312 0.3899 1.1311
v 0.8312 0.3927 1.1557
v 0.8488 0.3544 1.0880
v 0.8488 0.4071 1.0972
v 0.8488 0.3869 1.1260
v 0.8488 0.3636 1.1219
v 0.8312 0.3493 1.0861
v 0.8439 0.3490 1.0874
v 0.8312 0.4126 1.0972
v 0.8439 0.4123 1.0986
v 0.8883 0.3321 0.9643
v 0.8883 0.4704 0.9886
v 0.8724 0.3256 0.9547
v 0.8848 0.3251 0.9574
v 0.8724 0.4798 0.9819
v 0.8848 0.4793 0.9845
v 0.8439 0.3065 1.1615
v 0.8439 0.3266 1.1375
v 0.8439 0.3493 1.1473
v 0.8439 0.3201 1.1821
v 0.8312 0.3065 1.1615
v 0.8312 0.3201 1.1821
v 0.8312 0.3266 1.1375
v 0.8312 0.3493 1.1473
v 0.8488 0.2715 1.1466
v 0.8488 0.3059 1.1056
v 0.8488 0.3207 1.1375
v 0.8488 0.3055 1.1557
v 0.8312 0.2673 1.1501
v 0.8439 0.2683 1.1510
v 0.8312 0.3086 1.1009
v 0.8439 0.3097 1.1017
v 0.8883 0.1532 1.1041
v 0.8883 0.2434 0.9965
v 0.8724 0.1417 1.1049
v 0.8848 0.1438 1.1067
v 0.8724 0.2423 0.9850
v 0.8848 0.2444 0.9868
v 0.8439 0.3112 1.2249
v 0.8439 0.3005 1.1955
v 0.8439 0.3203 1.1807
v 0.8439 0.3359 1.2234
v 0.8312 0.3112 1.2249
v 0.8312 0.3359 1.2234
v 0.8312 0.3005 1.1955
v 0.8312 0.3203 1.1807
v 0.8488 0.2808 1.2477
v 0.8488 0.2625 1.1975
v 0.8488 0.2976 1.2006
v 0.8488 0.3057 1.2228
v 0.8312 0.2818 1.2531
v 0.8439 0.2831 1.2527
v 0.8312 0.2598 1.1927
v 0.8439 0.2611 1.1922
v 0.8883 0.1848 1.3289
v 0.8883 0.1368 1.1970
v 0.8724 0.1798 1.3393
v 0.8848 0.1824 1.3384
v 0.8724 0.1263 1.1922
v 0.8848 0.1288 1.1913
v 0.8439 0.3685 1.2525
v 0.8439 0.3376 1.2471
v 0.8439 0.3348 1.2225
v 0.8439 0.3796 1.2304
v 0.8312 0.3685 1.2525
v 0.8312 0.3796 1.2304
v 0.8312 0.3376 1.2471
v 0.8312 0.3348 1.2225
v 0.8488 0.3730 1.2902
v 0.8488 0.3204 1.2809
v 0.8488 0.3406 1.2521
v 0.8488 0.3639 1.2562
v 0.8312 0.3782 1.2921
v 0.8439 0.3785 1.2907
v 0.8312 0.3149 1.2809
v 0.8439 0.3151 1.2796
v 0.8883 0.3954 1.4139
v 0.8883 0.2571 1.3895
v 0.8724 0.4019 1.4235
v 0.8848 0.4024 1.4208
v 0.8724 0.2477 1.3963
v 0.8848 0.2482 1.3936
v 0.8439 0.4210 1.2167
v 0.8439 0.4009 1.2407
v 0.8439 0.3782 1.2309
v 0.8439 0.4074 1.1960
v 0.8312 0.4210 1.2167
v 0.8312 0.4074 1.1960
v 0.8312 0.4009 1.2407
v 0.8312 0.3782 1.2309
v 0.8488 0.4560 1.2316
v 0.8488 0.4216 1.2725
v 0.8488 0.4068 1.2407
v 0.8488 0.4220 1.2225
v 0.8312 0.4602 1.2280
v 0.8439 0.4591 1.2272
v 0.8312 0.4189 1.2773
v 0.8439 0.4178 1.2764
v 0.8883 0.5743 1.2741
v 0.8883 0.4840 1.3816
v 0.8724 0.5858 1.2733
v 0.8848 0.5837 1.2715
v 0.8724 0.4852 1.3932
v 0.8848 0.4831 1.3914
v -0.6630 1.2829 -0.3575
v -0.6625 1.2608 -0.8802
v -0.7817 0.9922 -0.9777
v -0.7810 0.9919 -0.3538
v -0.6612 1.3137 0.3892
v -0.6608 1.2863 -0.2641
v -0.7827 0.9930 -0.2604
v -0.7819 0.9927 0.7168
v -0.5904 1.3168 0.4574
v -0.7223 0.9719 0.8101
v 0.0000 0.9719 0.8101
v 0.0000 1.3168 0.4574
v 0.6630 1.2829 -0.3575
v 0.7810 0.9919 -0.3538
v 0.7817 0.9922 -0.9777
v 0.6625 1.2608 -0.8802
v 0.6612 1.3137 0.3892
v 0.7819 0.9927 0.7168
v 0.7827 0.9930 -0.2604
v 0.6608 1.2863 -0.2641
v 0.5904 1.3168 0.4574
v 0.7223 0.9719 0.8101
v -0.6164 0.4094 1.7062
v -0.6164 0.6844 1.6178
v -0.9339 0.6844 1.6178
v -0.9339 0.4094 1.7062
v -0.6164 0.8751 1.3553
v -0.9339 0.8751 1.3553
v -0.6164 0.8751 1.0308
v -0.9339 0.8751 1.0308
v -0.6164 0.6844 0.7683
v -0.9339 0.6844 0.7683
v -0.6164 0.4094 0.6788
v -0.9339 0.4094 0.6788
v -0.6164 0.4094 1.6018
v -0.6164 0.6230 1.5333
v -0.6164 0.6230 0.8527
v -0.6164 0.4094 0.7832
v -0.6164 0.7758 1.0630
v -0.6164 0.7758 1.3230
v -0.9460 0.4075 1.6942
v -0.9460 0.6769 1.6075
v -0.9460 0.6304 1.5436
v -0.9460 0.4112 1.6139
v -0.9460 0.8630 1.3514
v -0.9460 0.7878 1.3269
v -0.9460 0.8630 1.0347
v -0.9460 0.7878 1.0591
v -0.9460 0.6769 0.7785
v -0.9460 0.6304 0.8425
v -0.9460 0.4074 0.6908
v -0.9460 0.4113 0.7712
v -0.9339 0.6230 0.8527
v -0.9339 0.4094 0.7832
v -0.9339 0.7758 1.0630
v -0.9339 0.7758 1.3230
v -0.9339 0.6230 1.5333
v -0.9339 0.4094 1.6018
v -0.9339 0.3404 1.6018
v -0.6164 0.3404 1.6018
v -0.6164 0.3404 1.7062
v -0.9339 0.3404 1.7062
v -0.6164 0.3404 0.7832
v -0.9339 0.3404 0.7832
v -0.9339 0.3404 0.6788
v -0.6164 0.3404 0.6788
v -0.9460 0.3525 1.6139
v -0.9460 0.3525 1.6942
v -0.9460 0.3525 0.6908
v -0.9460 0.3525 0.7712
v -0.9339 0.3404 -1.0129
v -0.6164 0.3404 -1.0129
v -0.6164 0.4094 -2.0403
v -0.9339 0.4094 -2.0403
v -0.9339 0.6844 -1.9518
v -0.6164 0.6844 -1.9518
v -0.9339 0.8751 -1.6893
v -0.6164 0.8751 -1.6893
v -0.9339 0.8751 -1.3649
v -0.6164 0.8751 -1.3649
v -0.9339 0.6844 -1.1024
v -0.6164 0.6844 -1.1024
v -0.9339 0.4094 -1.0129
v -0.6164 0.4094 -1.0129
v -0.6164 0.6230 -1.8674
v -0.6164 0.4094 -1.9359
v -0.6164 0.4094 -1.1173
v -0.6164 0.6230 -1.1868
v -0.6164 0.7758 -1.3971
v -0.6164 0.7758 -1.6571
v -0.9460 0.4075 -2.0283
v -0.9460 0.4112 -1.9480
v -0.9460 0.6304 -1.8777
v -0.9460 0.6769 -1.9416
v -0.9460 0.7878 -1.6610
v -0.9460 0.8630 -1.6854
v -0.9460 0.7878 -1.3932
v -0.9460 0.8630 -1.3688
v -0.9460 0.6304 -1.1766
v -0.9460 0.6769 -1.1126
v -0.9460 0.4113 -1.1052
v -0.9460 0.4074 -1.0249
v -0.9339 0.4094 -1.1173
v -0.9339 0.6230 -1.1868
v -0.9339 0.7758 -1.3971
v -0.9339 0.7758 -1.6571
v -0.9339 0.6230 -1.8674
v -0.9339 0.4094 -1.9359
v -0.9339 0.3404 -1.9359
v -0.9339 0.3404 -2.0403
v -0.6164 0.3404 -2.0403
v -0.6164 0.3404 -1.9359
v -0.6164 0.3404 -1.1173
v -0.9339 0.3404 -1.1173
v -0.9460 0.3525 -2.0283
v -0.9460 0.3525 -1.9480
v -0.9460 0.3525 -1.1052
v -0.9460 0.3525 -1.0249
v -0.9460 0.3525 -1.0009
v -0.9460 0.3525 0.6668
v -0.9460 0.3973 0.6668
v -0.9460 0.3973 -1.0009
v -0.9316 0.3891 2.3829
v -0.9316 0.3891 1.8103
v -0.9316 0.2794 1.8147
v -0.9316 0.3068 2.3539
v -0.8454 0.4195 2.3113
v -0.8454 0.4195 1.8103
v -0.9270 0.4195 1.8103
v -0.9270 0.4195 2.3791
v -0.8454 0.2916 2.3113
v -0.8454 0.2642 1.8103
v -0.9270 0.2916 2.3500
v -0.9270 0.2642 1.8103
v -0.4633 0.3891 2.4903
v -0.4633 0.2818 2.4702
v -0.4554 0.4195 2.3839
v -0.4629 0.4195 2.4655
v -0.4554 0.2666 2.3839
v -0.4629 0.2666 2.4655
v 0.0000 0.2818 2.4702
v 0.0000 0.3891 2.4903
v 0.0000 0.4195 2.4655
v 0.0000 0.4195 2.3839
v 0.0000 0.2666 2.3839
v 0.0000 0.2666 2.4655
v -0.8454 0.4195 1.6953
v -0.8454 0.3418 1.6953
v -0.9270 0.3418 1.6953
v -0.9270 0.4195 1.6953
v -0.9316 0.3891 1.7105
v -0.9316 0.3502 1.7105
v -0.9092 0.3565 -2.4099
v -0.9092 0.3565 -2.0374
v -0.9092 0.4060 -2.0374
v -0.9092 0.4060 -2.4099
v -0.8314 0.2865 -2.3269
v -0.8314 0.2865 -2.0732
v -0.9006 0.2865 -2.0732
v -0.9006 0.2865 -2.4013
v -0.8228 0.4060 -2.3183
v -0.8228 0.4060 -2.0374
v -0.8228 0.3565 -2.0374
v -0.8228 0.3565 -2.3183
v 0.0000 0.4060 -2.4099
v 0.0000 0.3565 -2.4099
v 0.0000 0.2865 -2.4013
v 0.0000 0.2865 -2.3269
v 0.0000 0.3565 -2.3183
v 0.0000 0.4060 -2.3183
v 0.6164 0.4094 1.7062
v 0.9339 0.4094 1.7062
v 0.9339 0.6844 1.6178
v 0.6164 0.6844 1.6178
v 0.9339 0.8751 1.3553
v 0.6164 0.8751 1.3553
v 0.9339 0.8751 1.0308
v 0.6164 0.8751 1.0308
v 0.9339 0.6844 0.7683
v 0.6164 0.6844 0.7683
v 0.9339 0.4094 0.6788
v 0.6164 0.4094 0.6788
v 0.6164 0.6230 1.5333
v 0.6164 0.4094 1.6018
v 0.6164 0.4094 0.7832
v 0.6164 0.6230 0.8527
v 0.6164 0.7758 1.0630
v 0.6164 0.7758 1.3230
v 0.9460 0.4075 1.6942
v 0.9460 0.4112 1.6139
v 0.9460 0.6304 1.5436
v 0.9460 0.6769 1.6075
v 0.9460 0.7878 1.3269
v 0.9460 0.8630 1.3514
v 0.9460 0.7878 1.0591
v 0.9460 0.8630 1.0347
v 0.9460 0.6304 0.8425
v 0.9460 0.6769 0.7785
v 0.9460 0.4113 0.7712
v 0.9460 0.4075 0.6908
v 0.9339 0.4094 0.7832
v 0.9339 0.6230 0.8527
v 0.9339 0.7758 1.0630
v 0.9339 0.7758 1.3230
v 0.9339 0.6230 1.5333
v 0.9339 0.4094 1.6018
v 0.9339 0.3404 1.6018
v 0.9339 0.3404 1.7062
v 0.6164 0.3404 1.7062
v 0.6164 0.3404 1.6018
v 0.6164 0.3404 0.7832
v 0.6164 0.3404 0.6788
v 0.9339 0.3404 0.6788
v 0.9339 0.3404 0.7832
v 0.9460 0.3525 1.6942
v 0.9460 0.3525 1.6139
v 0.9460 0.3525 0.7712
v 0.9460 0.3525 0.6908
v 0.6164 0.3404 -1.0129
v 0.9340 0.3404 -1.0129
v 0.6164 0.4094 -2.0403
v 0.6164 0.6844 -1.9518
v 0.9340 0.6844 -1.9518
v 0.9340 0.4094 -2.0403
v 0.6164 0.8751 -1.6893
v 0.9340 0.8751 -1.6893
v 0.6164 0.8751 -1.3649
v 0.9339 0.8751 -1.3649
v 0.6164 0.6844 -1.1024
v 0.9339 0.6844 -1.1024
v 0.6164 0.4094 -1.0129
v 0.9340 0.4094 -1.0129
v 0.6164 0.4094 -1.9359
v 0.6164 0.6230 -1.8674
v 0.6164 0.6230 -1.1868
v 0.6164 0.4094 -1.1173
v 0.6164 0.7758 -1.3971
v 0.6164 0.7758 -1.6571
v 0.9460 0.4075 -2.0283
v 0.9460 0.6769 -1.9416
v 0.9460 0.6304 -1.8777
v 0.9460 0.4112 -1.9480
v 0.9460 0.8630 -1.6854
v 0.9460 0.7878 -1.6610
v 0.9460 0.8630 -1.3688
v 0.9460 0.7878 -1.3932
v 0.9460 0.6769 -1.1126
v 0.9460 0.6304 -1.1766
v 0.9460 0.4075 -1.0249
v 0.9460 0.4113 -1.1052
v 0.9339 0.6230 -1.1868
v 0.9340 0.4094 -1.1173
v 0.9340 0.7758 -1.3971
v 0.9340 0.7758 -1.6571
v 0.9340 0.6230 -1.8674
v 0.9340 0.4094 -1.9359
v 0.9340 0.3404 -1.9359
v 0.6164 0.3404 -1.9359
v 0.6164 0.3404 -2.0403
v 0.9340 0.3404 -2.0403
v 0.6164 0.3404 -1.1173
v 0.9340 0.3404 -1.1173
v 0.9460 0.3525 -1.9480
v 0.9460 0.3525 -2.0283
v 0.9460 0.3525 -1.0249
v 0.9460 0.3525 -1.1052
v 0.9460 0.3525 -1.0009
v 0.9460 0.3973 -1.0009
v 0.9460 0.3973 0.6668
v 0.9460 0.3525 0.6668
v 0.9316 0.3891 2.3829
v 0.9316 0.3068 2.3539
v 0.9316 0.2794 1.8147
v 0.9316 0.3891 1.8103
v 0.8454 0.4195 2.3113
v 0.9270 0.4195 2.3791
v 0.9270 0.4195 1.8103
v 0.8454 0.4195 1.8103
v 0.8454 0.2916 2.3113
v 0.8454 0.2642 1.8103
v 0.9270 0.2916 2.3500
v 0.9270 0.2642 1.8103
v 0.4633 0.3891 2.4903
v 0.4633 0.2818 2.4702
v 0.4554 0.4195 2.3839
v 0.4629 0.4195 2.4655
v 0.4554 0.2666 2.3839
v 0.4629 0.2666 2.4655
v 0.8454 0.4195 1.6953
v 0.9270 0.4195 1.6953
v 0.9270 0.3418 1.6953
v 0.8454 0.3418 1.6953
v 0.9316 0.3502 1.7105
v 0.9316 0.3891 1.7105
v 0.9092 0.3565 -2.4099
v 0.9092 0.4060 -2.4099
v 0.9092 0.4060 -2.0374
v 0.9092 0.3565 -2.0374
v 0.8314 0.2865 -2.3269
v 0.9006 0.2865 -2.4013
v 0.9006 0.2865 -2.0732
v 0.8314 0.2865 -2.0732
v 0.8228 0.4060 -2.3183
v 0.8228 0.3565 -2.3183
v 0.8228 0.3565 -2.0374
v 0.8228 0.4060 -2.0374
v -0.9234 0.8157 -0.2224
v -0.9234 0.8445 -0.2224
v -0.9234 0.8445 -0.0255
v -0.9234 0.7956 -0.0255
v -0.9234 0.7956 -0.2024
v -0.9481 0.8134 -0.0285
v -0.9492 0.8410 -0.0285
v -0.9492 0.8410 -0.2195
v -0.9484 0.8180 -0.2195
v -0.9393 0.7956 -0.0255
v -0.9393 0.7956 -0.2024
v -0.9419 0.8445 -0.0255
v -0.9404 0.8110 -0.0255
v -0.9419 0.8445 -0.2224
v -0.9407 0.8156 -0.2224
v -0.9463 0.8442 -0.2224
v -0.9463 0.8442 -0.0255
v -0.9451 0.8153 -0.2224
v -0.9448 0.8107 -0.0255
v -0.9234 0.8157 -1.0205
v -0.9234 0.8445 -1.0205
v -0.9234 0.8445 -0.8236
v -0.9234 0.7956 -0.8236
v -0.9234 0.7956 -1.0005
v -0.9481 0.8134 -0.8266
v -0.9492 0.8410 -0.8266
v -0.9492 0.8410 -1.0176
v -0.9484 0.8180 -1.0176
v -0.9393 0.7956 -0.8236
v -0.9393 0.7956 -1.0005
v -0.9419 0.8445 -0.8236
v -0.9404 0.8110 -0.8236
v -0.9419 0.8445 -1.0205
v -0.9407 0.8156 -1.0205
v -0.9463 0.8442 -1.0205
v -0.9463 0.8442 -0.8236
v -0.9451 0.8153 -1.0205
v -0.9448 0.8107 -0.8236
v 0.9234 0.8445 -0.0255
v 0.9234 0.8445 -0.2224
v 0.9234 0.8157 -0.2224
v 0.9234 0.7956 -0.0255
v 0.9234 0.7956 -0.2024
v 0.9481 0.8134 -0.0285
v 0.9484 0.8180 -0.2195
v 0.9492 0.8410 -0.2195
v 0.9492 0.8410 -0.0285
v 0.9393 0.7956 -0.2024
v 0.9393 0.7956 -0.0255
v 0.9404 0.8110 -0.0255
v 0.9419 0.8445 -0.0255
v 0.9419 0.8445 -0.2224
v 0.9407 0.8156 -0.2224
v 0.9463 0.8442 -0.0255
v 0.9463 0.8442 -0.2224
v 0.9451 0.8153 -0.2224
v 0.9448 0.8107 -0.0255
v 0.9234 0.8445 -0.8236
v 0.9234 0.8445 -1.0205
v 0.9234 0.8157 -1.0205
v 0.9234 0.7956 -0.8236
v 0.9234 0.7956 -1.0005
v 0.9481 0.8134 -0.8266
v 0.9484 0.8180 -1.0176
v 0.9492 0.8410 -1.0176
v 0.9492 0.8410 -0.8266
v 0.9393 0.7956 -1.0005
v 0.9393 0.7956 -0.8236
v 0.9404 0.8110 -0.8236
v 0.9419 0.8445 -0.8236
v 0.9419 0.8445 -1.0205
v 0.9407 0.8156 -1.0205
v 0.9463 0.8442 -0.8236
v 0.9463 0.8442 -1.0205
v 0.9451 0.8153 -1.0205
v 0.9448 0.8107 -0.8236
v -0.9067 0.7802 1.9901
v -0.9067 0.8303 1.9901
v -0.9067 0.8303 2.1075
v -0.9067 0.7802 2.1075
v -0.9304 0.7845 1.9944
v -0.9304 0.7845 2.1032
v -0.9304 0.8260 2.1032
v -0.9304 0.8260 1.9944
v -0.9239 0.7802 2.1075
v -0.9239 0.7802 1.9901
v -0.9239 0.8303 2.1075
v -0.9239 0.8303 1.9901
v -0.9067 0.7802 -2.2976
v -0.9067 0.8303 -2.2976
v -0.9067 0.8303 -2.1802
v -0.9067 0.7802 -2.1802
v -0.9304 0.7845 -2.2932
v -0.9304 0.7845 -2.1845
v -0.9304 0.8260 -2.1845
v -0.9304 0.8260 -2.2932
v -0.9239 0.7802 -2.1802
v -0.9239 0.7802 -2.2976
v -0.9239 0.8303 -2.1802
v -0.9239 0.8303 -2.2976
v 0.9067 0.7802 1.9901
v 0.9067 0.7802 2.1075
v 0.9067 0.8303 2.1075
v 0.9067 0.8303 1.9901
v 0.9304 0.7845 1.9944
v 0.9304 0.8260 1.9944
v 0.9304 0.8260 2.1032
v 0.9304 0.7845 2.1032
v 0.9239 0.7802 1.9901
v 0.9239 0.7802 2.1075
v 0.9239 0.8303 2.1075
v 0.9239 0.8303 1.9901
v 0.9067 0.7802 -2.2976
v 0.9067 0.7802 -2.1802
v 0.9067 0.8303 -2.1802
v 0.9067 0.8303 -2.2976
v 0.9304 0.7845 -2.2932
v 0.9304 0.8260 -2.2932
v 0.9304 0.8260 -2.1845
v 0.9304 0.7845 -2.1845
v 0.9239 0.7802 -2.2976
v 0.9239 0.7802 -2.1802
v 0.9239 0.8303 -2.1802
v 0.9239 0.8303 -2.2976
v -0.3388 0.6189 2.4090
v 0.0000 0.6189 2.4090
v 0.0000 0.4852 2.4090
v -0.3388 0.4852 2.4090
v 0.0000 0.4933 2.4405
v 0.0000 0.6107 2.4405
v -0.3307 0.6107 2.4405
v -0.3307 0.4933 2.4405
v 0.0000 0.4852 2.4459
v -0.3388 0.4852 2.4459
v -0.3388 0.6189 2.4459
v 0.0000 0.4923 2.4459
v -0.3316 0.4923 2.4459
v -0.3316 0.6117 2.4459
v -0.2843 0.5684 -2.4206
v 0.0000 0.5684 -2.4206
v 0.0000 0.3638 -2.4206
v -0.2843 0.3638 -2.4206
v 0.0000 0.3571 -2.3829
v 0.0000 0.5751 -2.3829
v -0.2911 0.5751 -2.3829
v -0.2911 0.3571 -2.3829
v 0.0000 0.3571 -2.4147
v -0.2911 0.3571 -2.4147
v -0.2911 0.5751 -2.4147
v 0.0000 0.5751 -2.4147
v 0.0000 0.6189 2.4459
v 0.0000 0.6117 2.4459
v 0.3388 0.6189 2.4090
v 0.3388 0.4852 2.4090
v 0.3307 0.4933 2.4405
v 0.3307 0.6107 2.4405
v 0.3388 0.4852 2.4459
v 0.3388 0.6189 2.4459
v 0.3316 0.4923 2.4459
v 0.3316 0.6117 2.4459
v 0.2843 0.5684 -2.4206
v 0.2843 0.3638 -2.4206
v 0.2911 0.3571 -2.3829
v 0.2911 0.5751 -2.3829
v 0.2911 0.3571 -2.4147
v 0.2911 0.5751 -2.4147
v -0.7868 0.6921 2.3109
v -0.7868 0.7871 2.3109
v -0.7711 0.8031 2.3136
v -0.4782 0.8031 2.3653
v -0.4782 0.6761 2.3653
v -0.7711 0.6761 2.3136
v -0.4832 0.7426 2.3936
v -0.7918 0.7362 2.3392
v -0.7918 0.7190 2.3392
v -0.4832 0.7126 2.3936
v -0.4832 0.6761 2.3936
v -0.7761 0.6761 2.3420
v -0.4832 0.8031 2.3936
v -0.7761 0.8031 2.3420
v -0.7918 0.6921 2.3392
v -0.7918 0.7871 2.3392
v -0.7746 0.7973 2.3476
v -0.7869 0.7847 2.3454
v -0.7869 0.7421 2.3454
v -0.4899 0.7973 2.3978
v -0.4899 0.7483 2.3978
v -0.7746 0.6820 2.3476
v -0.4899 0.6820 2.3978
v -0.4899 0.7069 2.3978
v -0.7869 0.6945 2.3454
v -0.7869 0.7131 2.3454
v 0.7711 0.8031 2.3136
v 0.7868 0.7872 2.3109
v 0.7868 0.6921 2.3109
v 0.4782 0.8031 2.3653
v 0.4782 0.6761 2.3653
v 0.7711 0.6761 2.3136
v 0.4832 0.7426 2.3936
v 0.4832 0.7126 2.3936
v 0.7918 0.7190 2.3392
v 0.7918 0.7362 2.3392
v 0.7761 0.6761 2.3420
v 0.4832 0.6761 2.3936
v 0.4832 0.8031 2.3936
v 0.7761 0.8031 2.3420
v 0.7918 0.7872 2.3392
v 0.7918 0.6921 2.3392
v 0.7869 0.7421 2.3454
v 0.7869 0.7847 2.3454
v 0.7746 0.7973 2.3476
v 0.4899 0.7973 2.3978
v 0.4899 0.7483 2.3978
v 0.4899 0.7069 2.3978
v 0.4899 0.6820 2.3978
v 0.7746 0.6820 2.3476
v 0.7869 0.6945 2.3454
v 0.7869 0.7131 2.3454
v -0.7134 0.3727 1.2917
v -0.7134 0.4573 1.2428
v -0.7134 0.4573 1.1450
v -0.7134 0.3727 1.0961
v -0.7134 0.2880 1.1450
v -0.7134 0.2880 1.2428
v -0.7134 0.3727 -1.4301
v -0.7134 0.4573 -1.4790
v -0.7134 0.4573 -1.5768
v -0.7134 0.3727 -1.6257
v -0.7134 0.2880 -1.5768
v -0.7134 0.2880 -1.4790
v 0.0000 0.3727 1.2917
v 0.0000 0.4573 1.2428
v 0.0000 0.4573 1.1450
v 0.0000 0.3727 1.0961
v 0.0000 0.2880 1.1450
v 0.0000 0.2880 1.2428
v 0.0000 0.3727 -1.4301
v 0.0000 0.4573 -1.4790
v 0.0000 0.4573 -1.5768
v 0.0000 0.3727 -1.6257
v 0.0000 0.2880 -1.5768
v 0.0000 0.2880 -1.4790
v 0.7134 0.2880 1.1450
v 0.7134 0.3727 1.0961
v 0.7134 0.4573 1.1450
v 0.7134 0.4573 1.2428
v 0.7134 0.3727 1.2917
v 0.7134 0.2880 1.2428
v 0.7134 0.2880 -1.5768
v 0.7134 0.3727 -1.6257
v 0.7134 0.4573 -1.5768
v 0.7134 0.4573 -1.4790
v 0.7134 0.3727 -1.4301
v 0.7134 0.2880 -1.4790
v -0.6301 0.4043 -1.9453
v -0.8862 0.4043 -1.9453
v -0.8862 0.4043 -2.3869
v -0.4415 0.4043 -2.3869
v -0.6301 0.4043 -1.1090
v 0.0000 0.4043 -2.3869
v 0.0000 0.4043 2.4247
v -0.4591 0.4043 2.4247
v -0.8862 0.4043 2.3452
v -0.8862 0.4043 1.6081
v -0.6301 0.4043 1.6081
v -0.6301 0.4043 0.7717
v -0.8862 0.4043 0.7717
v -0.8862 0.4043 0.5996
v -0.8862 0.4043 -0.2661
v -0.8862 0.4043 -0.9658
v -0.8862 0.4043 -1.1090
v 0.6301 0.4043 -1.1090
v 0.8862 0.4043 -1.1090
v 0.8862 0.4043 -0.9658
v 0.8862 0.4043 -0.2661
v 0.8862 0.4043 0.5996
v 0.8862 0.4043 0.7717
v 0.6301 0.4043 0.7717
v 0.6301 0.4043 1.6081
v 0.8862 0.4043 1.6081
v 0.8862 0.4043 2.3452
v 0.4591 0.4043 2.4247
v 0.4415 0.4043 -2.3869
v 0.8862 0.4043 -2.3869
v 0.8862 0.4043 -1.9453
v 0.6301 0.4043 -1.9453
v -0.8413 0.4525 2.3487
v -0.5056 0.4525 2.4116
v -0.5055 0.5843 2.4110
v -0.8510 0.5843 2.3493
v 0.8413 0.4525 2.3487
v 0.8510 0.5843 2.3493
v 0.5055 0.5843 2.4110
v 0.5056 0.4525 2.4116
v -0.6623 0.4639 -2.3639
v -0.6623 0.7785 -2.4308
v -0.7104 0.8256 -2.4408
v -0.7879 0.8256 -2.4408
v -0.8361 0.7785 -2.4308
v -0.8361 0.4639 -2.3639
v -0.8243 0.6342 -2.4365
v -0.6741 0.6342 -2.4365
v -0.6741 0.5368 -2.4158
v -0.8243 0.5368 -2.4158
v -0.8361 0.4586 -2.3890
v -0.6623 0.4586 -2.3890
v -0.8361 0.7732 -2.4558
v -0.8361 0.6479 -2.4292
v -0.8361 0.5273 -2.4036
v -0.7104 0.8203 -2.4658
v -0.7879 0.8203 -2.4658
v -0.6623 0.5273 -2.4036
v -0.6623 0.6479 -2.4292
v -0.6623 0.7732 -2.4558
v -0.8243 0.6574 -2.4414
v -0.8243 0.7663 -2.4646
v -0.7831 0.8066 -2.4732
v -0.7153 0.8066 -2.4732
v -0.6741 0.7663 -2.4646
v -0.6741 0.6574 -2.4414
v -0.6741 0.4681 -2.4012
v -0.8243 0.4681 -2.4012
v -0.8243 0.5137 -2.4109
v -0.6741 0.5137 -2.4109
v -0.5136 0.5334 -2.3787
v -0.5136 0.7703 -2.4290
v -0.5459 0.8019 -2.4357
v -0.5857 0.8019 -2.4357
v -0.6181 0.7703 -2.4290
v -0.6181 0.5334 -2.3787
v -0.6101 0.6711 -2.4444
v -0.5215 0.6711 -2.4444
v -0.5215 0.6057 -2.4305
v -0.6101 0.6057 -2.4305
v -0.6181 0.5281 -2.4037
v -0.5136 0.5281 -2.4037
v -0.6181 0.7650 -2.4541
v -0.6181 0.6809 -2.4362
v -0.6181 0.6000 -2.4190
v -0.5459 0.7966 -2.4608
v -0.5857 0.7966 -2.4608
v -0.5136 0.6000 -2.4190
v -0.5136 0.6809 -2.4362
v -0.5136 0.7650 -2.4541
v -0.6101 0.6866 -2.4476
v -0.6101 0.7597 -2.4632
v -0.5825 0.7868 -2.4689
v -0.5492 0.7868 -2.4689
v -0.5215 0.7597 -2.4632
v -0.5215 0.6866 -2.4476
v -0.5215 0.5338 -2.4152
v -0.6101 0.5338 -2.4152
v -0.6101 0.5902 -2.4272
v -0.5215 0.5902 -2.4272
v 0.6623 0.4639 -2.3639
v 0.8361 0.4639 -2.3639
v 0.8361 0.7785 -2.4308
v 0.7880 0.8256 -2.4408
v 0.7104 0.8256 -2.4408
v 0.6623 0.7785 -2.4308
v 0.8243 0.6342 -2.4365
v 0.8243 0.5368 -2.4158
v 0.6741 0.5368 -2.4158
v 0.6741 0.6342 -2.4365
v 0.6623 0.4586 -2.3890
v 0.8361 0.4586 -2.3890
v 0.8361 0.5273 -2.4036
v 0.8361 0.6479 -2.4292
v 0.8361 0.7732 -2.4558
v 0.7880 0.8203 -2.4658
v 0.7104 0.8203 -2.4658
v 0.6623 0.7732 -2.4558
v 0.6623 0.6479 -2.4292
v 0.6623 0.5273 -2.4036
v 0.6741 0.7663 -2.4646
v 0.7153 0.8066 -2.4732
v 0.7831 0.8066 -2.4732
v 0.6741 0.6574 -2.4414
v 0.8243 0.6574 -2.4414
v 0.8243 0.7663 -2.4646
v 0.6741 0.4681 -2.4012
v 0.6741 0.5137 -2.4109
v 0.8243 0.5137 -2.4109
v 0.8243 0.4681 -2.4012
v 0.5136 0.5334 -2.3787
v 0.6181 0.5334 -2.3787
v 0.6181 0.7703 -2.4290
v 0.5858 0.8019 -2.4357
v 0.5459 0.8019 -2.4357
v 0.5136 0.7703 -2.4290
v 0.6101 0.6711 -2.4444
v 0.6101 0.6057 -2.4305
v 0.5215 0.6057 -2.4305
v 0.5215 0.6711 -2.4444
v 0.5136 0.5281 -2.4037
v 0.6181 0.5281 -2.4037
v 0.6181 0.6000 -2.4190
v 0.6181 0.6809 -2.4362
v 0.6181 0.7650 -2.4541
v 0.5858 0.7966 -2.4608
v 0.5459 0.7966 -2.4608
v 0.5136 0.7650 -2.4541
v 0.5136 0.6809 -2.4362
v 0.5136 0.6000 -2.4190
v 0.5215 0.7597 -2.4632
v 0.5492 0.7868 -2.4689
v 0.5825 0.7868 -2.4689
v 0.5215 0.6866 -2.4476
v 0.6101 0.6866 -2.4476
v 0.6101 0.7597 -2.4632
v 0.5215 0.5338 -2.4152
v 0.5215 0.5902 -2.4272
v 0.6101 0.5902 -2.4272
v 0.6101 0.5338 -2.4152
v -0.6485 1.3844 0.4177
v 0.0000 1.3844 0.4177
v 0.0000 1.3921 0.4224
v -0.6536 1.3921 0.4224
v -0.6393 1.3392 -1.1475
v 0.0000 1.3392 -1.1475
v 0.0000 1.3259 -1.1609
v -0.6536 1.3259 -1.1609
v -0.6393 1.4112 0.4074
v 0.6373 1.3443 -1.1457
v 0.6393 1.3392 -1.1475
v 0.2124 1.3443 -1.1457
v -0.2124 1.3443 -1.1457
v -0.6373 1.3443 -1.1457
v -0.6373 1.4161 0.4051
v -0.7505 1.1426 -1.0327
v -0.7167 1.2201 -1.0046
v -0.7164 1.2148 -1.1916
v -0.7505 1.1391 -1.2395
v -0.8192 0.9603 -1.0918
v -0.8196 0.9604 -1.3555
v -0.8209 0.9336 -1.3988
v -0.8209 0.9336 -1.0736
v -0.6485 1.3280 -0.9309
v -0.6676 1.3077 -0.9661
v -0.7055 1.2208 -0.9976
v -0.7434 1.1340 -1.0290
v -0.7813 1.0471 -1.0604
v -0.6672 1.3002 -1.1408
v -0.6485 1.3187 -1.1555
v -0.7527 1.0859 -1.3025
v -0.6807 1.2467 -1.2010
v -0.7815 1.0454 -1.3018
v -0.7434 1.1303 -1.2481
v -0.7053 1.2152 -1.1945
v -0.6570 1.3330 -0.3115
v -0.6568 1.3631 0.4084
v -0.6485 1.3539 -0.3123
v -0.6572 1.3079 -0.9145
v -0.8123 0.9545 -1.0424
v -0.8263 0.9689 -1.0954
v -0.7925 1.0466 -1.0673
v -0.7926 1.0449 -1.2989
v -0.8267 0.9691 -1.3468
v -0.7884 1.0557 -1.0640
v -0.7546 1.1334 -1.0360
v -0.7545 1.1298 -1.2453
v -0.7886 1.0541 -1.2932
v -0.6784 1.2998 -1.1380
v -0.7124 1.2242 -1.1859
v -0.7126 1.2294 -1.0014
v -0.6788 1.3069 -0.9733
v -0.6603 1.3307 -0.3080
v -0.6602 1.3605 0.4069
v -0.6606 1.3057 -0.9119
v -0.6605 1.3306 -0.3150
v -0.8130 0.9586 -1.0376
v 0.0000 1.3187 -1.1555
v 0.0000 1.2467 -1.2010
v -0.3194 1.2467 -1.2010
v -0.3539 1.0859 -1.3025
v 0.0000 1.2477 -1.2063
v 0.0000 1.2342 -1.2148
v -0.3043 1.2342 -1.2148
v -0.3177 1.2477 -1.2063
v -0.3515 1.0903 -1.3057
v -0.3324 1.1038 -1.2971
v 0.0000 1.2298 -1.2116
v 0.0000 1.2132 -1.2060
v -0.2935 1.2132 -1.2060
v -0.3027 1.2298 -1.2116
v -0.3300 1.1029 -1.2919
v -0.3168 1.1049 -1.2744
v 0.0000 1.1029 -1.2919
v 0.0000 1.1038 -1.2971
v 0.0000 1.4112 0.4074
v 0.0000 1.0859 -1.3025
v 0.0000 0.9336 -1.3988
v 0.0000 1.0903 -1.3057
v 0.0000 1.1049 -1.2744
v -0.1832 1.3662 -1.1174
v -0.1832 1.4353 0.3750
v 0.1832 1.4353 0.3750
v 0.1832 1.3662 -1.1174
v 0.6485 1.3844 0.4177
v 0.6536 1.3921 0.4224
v 0.6536 1.3259 -1.1609
v 0.6393 1.4112 0.4074
v 0.6373 1.4161 0.4051
v 0.7505 1.1426 -1.0327
v 0.7505 1.1391 -1.2395
v 0.7164 1.2148 -1.1916
v 0.7167 1.2201 -1.0046
v 0.8192 0.9603 -1.0918
v 0.8209 0.9336 -1.0736
v 0.8209 0.9336 -1.3988
v 0.8196 0.9604 -1.3555
v 0.7813 1.0471 -1.0604
v 0.7434 1.1340 -1.0290
v 0.7055 1.2208 -0.9976
v 0.6676 1.3077 -0.9661
v 0.6485 1.3280 -0.9309
v 0.6672 1.3002 -1.1408
v 0.6485 1.3187 -1.1555
v 0.7053 1.2152 -1.1945
v 0.7434 1.1303 -1.2481
v 0.7815 1.0454 -1.3018
v 0.7527 1.0859 -1.3025
v 0.6807 1.2467 -1.2010
v 0.6570 1.3330 -0.3115
v 0.6485 1.3539 -0.3123
v 0.6568 1.3631 0.4084
v 0.6572 1.3079 -0.9145
v 0.8123 0.9545 -1.0424
v 0.8263 0.9689 -1.0954
v 0.8267 0.9691 -1.3468
v 0.7926 1.0449 -1.2989
v 0.7925 1.0466 -1.0673
v 0.7884 1.0557 -1.0640
v 0.7886 1.0541 -1.2932
v 0.7545 1.1298 -1.2453
v 0.7546 1.1334 -1.0360
v 0.6784 1.2998 -1.1380
v 0.6788 1.3069 -0.9733
v 0.7126 1.2294 -1.0014
v 0.7124 1.2242 -1.1859
v 0.6603 1.3307 -0.3080
v 0.6602 1.3605 0.4069
v 0.6606 1.3057 -0.9119
v 0.6605 1.3306 -0.3150
v 0.8130 0.9586 -1.0376
v 0.3194 1.2467 -1.2010
v 0.3539 1.0859 -1.3025
v 0.3177 1.2477 -1.2063
v 0.3043 1.2342 -1.2148
v 0.3515 1.0903 -1.3057
v 0.3324 1.1038 -1.2971
v 0.3027 1.2298 -1.2116
v 0.2935 1.2132 -1.2060
v 0.3300 1.1029 -1.2919
v 0.3168 1.1049 -1.2744
v 0.2124 1.4161 0.4051
v -0.2124 1.4161 0.4051
v -0.2935 1.2132 -1.2060
v 0.0000 1.2132 -1.2060
v 0.0000 1.1049 -1.2744
v -0.3168 1.1049 -1.2744
v 0.2935 1.2132 -1.2060
v 0.3168 1.1049 -1.2744
v -0.8235 0.9767 -2.3227
v -0.8235 0.9767 -2.2444
v -0.8293 0.9866 -2.2444
v -0.8293 0.9866 -2.3227
v -0.6511 1.0982 -2.4460
v -0.6511 1.0982 -2.2455
v -0.7645 1.0328 -2.2455
v -0.7645 1.0328 -2.3936
v -0.6511 1.1344 -2.2455
v -0.7777 1.0489 -2.2455
v -0.6511 1.1344 -2.4460
v -0.7777 1.0489 -2.3936
v 0.6511 1.0982 -2.2455
v 0.6511 1.0982 -2.4460
v 0.6511 1.1344 -2.4460
v 0.6511 1.1344 -2.2455
v 0.8251 0.9767 -2.3227
v 0.8293 0.9866 -2.3227
v 0.8293 0.9866 -2.2444
v 0.8251 0.9767 -2.2444
v 0.7645 1.0328 -2.3936
v 0.7645 1.0328 -2.2455
v 0.7777 1.0489 -2.2455
v 0.7777 1.0489 -2.3936
v -0.6005 0.9240 -2.3048
v -0.6179 0.9240 -2.3245
v -0.6005 0.9240 -2.3442
v -0.5287 0.9240 -2.3442
v -0.5113 0.9240 -2.3245
v -0.5287 0.9240 -2.3048
v -0.5258 1.1025 -2.3442
v -0.5054 1.1025 -2.3245
v -0.6034 1.1025 -2.3442
v -0.6238 1.1025 -2.3245
v -0.6034 1.1025 -2.3048
v -0.5258 1.1025 -2.3048
v 0.5379 0.9240 -2.3048
v 0.5205 0.9240 -2.3245
v 0.5379 0.9240 -2.3442
v 0.6068 0.9240 -2.3442
v 0.6242 0.9240 -2.3245
v 0.6068 0.9240 -2.3048
v 0.6097 1.1025 -2.3442
v 0.6301 1.1025 -2.3245
v 0.5350 1.1025 -2.3442
v 0.5147 1.1025 -2.3245
v 0.5350 1.1025 -2.3048
v 0.6097 1.1025 -2.3048
vt 0.94316 0.97284
vt 0.94316 0.97284
vt 0.94316 0.97284
vt 0.94316 0.97284
vt 0.94316 0.97284
vt 0.94316 0.97284
vt 0.94316 0.97284
vt 0.94316 0.97284
vt 0.94316 0.97284
vt 0.94316 0.97284
vt 0.94316 0.97284
vt 0.94316 0.97284
vt 0.94316 0.97284
vt 0.94316 0.97284
vt 0.94316 0.97284
vt 0.94316 0.97284
vt 0.94316 0.97284
vt 0.94316 0.97284
vt 0.94316 0.97284
vt 0.94316 0.97284
vt 0.94316 0.97284
vt 0.94316 0.97284
vt 0.94316 0.97284
vt 0.94316 0.97284
vt 0.94316 0.97284
vt 0.94316 0.97284
vt 0.94316 0.97284
vt 0.94316 0.97284
vt 0.94316 0.97284
vt 0.94316 0.97284
vt 0.94316 0.97284
vt 0.94316 0.97284
vt 0.94316 0.97284
vt 0.94316 0.97284
vt 0.94316 0.97284
vt 0.94316 0.97284
vt 0.94316 0.97284
vt 0.94316 0.97284
vt 0.94316 0.97284
vt 0.94316 0.97284
vt 0.94316 0.97284
vt 0.94316 0.97284
vt 0.94316 0.97284
vt 0.94316 0.97284
vt 0.94316 0.97284
vt 0.94316 0.97284
vt 0.94316 0.97284
vt 0.94316 0.97284
vt 0.94316 0.97284
vt 0.94316 0.97284
vt 0.94316 0.97284
vt 0.94316 0.97284
vt 0.94316 0.97284
vt 0.94316 0.97284
vt 0.94316 0.97284
vt 0.94316 0.97284
vt 0.94316 0.97284
vt 0.94316 0.97284
vt 0.94316 0.97284
vt 0.94316 0.97284
vt 0.94316 0.97284
vt 0.94316 0.97284
vt 0.94316 0.97284
vt 0.94316 0.97284
vt 0.94316 0.97284
vt 0.94316 0.97284
vt 0.94316 0.97284
vt 0.94316 0.97284
vt 0.94316 0.97284
vt 0.94316 0.97284
vt 0.94316 0.97284
vt 0.94316 0.97284
vt 0.94316 0.97284
vt 0.94316 0.97284
vt 0.94316 0.97284
vt 0.94316 0.97284
vt 0.94316 0.97284
vt 0.94316 0.97284
vt 0.94316 0.97284
vt 0.94316 0.97284
vt 0.94316 0.97284
vt 0.94316 0.97284
vt 0.94316 0.97284
vt 0.94316 0.97284
vt 0.94316 0.97284
vt 0.94316 0.97284
vt 0.94316 0.97284
vt 0.94316 0.97284
vt 0.94316 0.97284
vt 0.94316 0.97284
vt 0.94316 0.97284
vt 0.94316 0.97284
vt 0.94316 0.97284
vt 0.94316 0.97284
vt 0.94316 0.97284
vt 0.94316 0.97284
vt 0.94316 0.97284
vt 0.94316 0.97284
vt 0.94316 0.97284
vt 0.94316 0.97284
vt 0.94316 0.97284
vt 0.94316 0.97284
vt 0.94316 0.97284
vt 0.94316 0.97284
vt 0.94316 0.97284
vt 0.94316 0.97284
vt 0.94316 0.97284
vt 0.94316 0.97284
vt 0.94316 0.97284
vt 0.94316 0.97284
vt 0.94316 0.97284
vt 0.94316 0.97284
vt 0.94316 0.97284
vt 0.94316 0.97284
vt 0.94316 0.97284
vt 0.94316 0.97284
vt 0.94316 0.97284
vt 0.94316 0.97284
vt 0.94316 0.97284
vt 0.94316 0.97284
vt 0.94316 0.97284
vt 0.94316 0.97284
vt 0.94316 0.97284
vt 0.94316 0.97284
vt 0.94316 0.97284
vt 0.94316 0.97284
vt 0.94316 0.97284
vt 0.94316 0.97284
vt 0.94316 0.97284
vt 0.94316 0.97284
vt 0.94316 0.97284
vt 0.94316 0.97284
vt 0.94316 0.97284
vt 0.94316 0.97284
vt 0.94316 0.97284
vt 0.94316 0.97284
vt 0.94316 0.97284
vt 0.94316 0.97284
vt 0.94316 0.97284
vt 0.94316 0.97284
vt 0.94316 0.97284
vt 0.94316 0.97284
vt 0.94316 0.97284
vt 0.94316 0.97284
vt 0.94316 0.97284
vt 0.94316 0.97284
vt 0.94316 0.97284
vt 0.94316 0.97284
vt 0.94316 0.97284
vt 0.94316 0.97284
vt 0.94316 0.97284
vt 0.94316 0.97284
vt 0.94316 0.97284
vt 0.94316 0.97284
vt 0.94316 0.97284
vt 0.94316 0.97284
vt 0.94316 0.97284
vt 0.94316 0.97284
vt 0.94316 0.97284
vt 0.94316 0.97284
vt 0.94316 0.97284
vt 0.94316 0.97284
vt 0.94316 0.97284
vt 0.94316 0.97284
vt 0.94316 0.97284
vt 0.94316 0.97284
vt 0.94316 0.97284
vt 0.94316 0.97284
vt 0.94316 0.97284
vt 0.94316 0.97284
vt 0.94316 0.97284
vt 0.94316 0.97284
vt 0.94316 0.97284
vt 0.94316 0.97284
vt 0.94316 0.97284
vt 0.94316 0.97284
vt 0.94316 0.97284
vt 0.94316 0.97284
vt 0.94316 0.97284
vt 0.94316 0.97284
vt 0.94316 0.97284
vt 0.94316 0.97284
vt 0.94316 0.97284
vt 0.94316 0.97284
vt 0.94316 0.97284
vt 0.94316 0.97284
vt 0.94316 0.97284
vt 0.94316 0.97284
vt 0.94316 0.97284
vt 0.94316 0.97284
vt 0.94316 0.97284
vt 0.94316 0.97284
vt 0.94316 0.97284
vt 0.94316 0.97284
vt 0.94316 0.97284
vt 0.94316 0.97284
vt 0.94316 0.97284
vt 0.94316 0.97284
vt 0.94316 0.97284
vt 0.94316 0.97284
vt 0.94316 0.97284
vt 0.94316 0.97284
vt 0.94316 0.97284
vt 0.94316 0.97284
vt 0.94316 0.97284
vt 0.94316 0.97284
vt 0.94316 0.97284
vt 0.94316 0.97284
vt 0.94316 0.97284
vt 0.94316 0.97284
vt 0.94316 0.97284
vt 0.94316 0.97284
vt 0.94316 0.97284
vt 0.94316 0.97284
vt 0.94316 0.97284
vt 0.94316 0.97284
vt 0.94316 0.97284
vt 0.94316 0.97284
vt 0.94316 0.97284
vt 0.94316 0.97284
vt 0.94316 0.97284
vt 0.94316 0.97284
vt 0.94316 0.97284
vt 0.94316 0.97284
vt 0.94316 0.97284
vt 0.94316 0.97284
vt 0.94316 0.97284
vt 0.94316 0.97284
vt 0.94316 0.97284
vt 0.94316 0.97284
vt 0.94316 0.97284
vt 0.94316 0.97284
vt 0.94316 0.97284
vt 0.94316 0.97284
vt 0.94316 0.97284
vt 0.94316 0.97284
vt 0.94316 0.97284
vt 0.94316 0.97284
vt 0.94316 0.97284
vt 0.94316 0.97284
vt 0.94316 0.97284
vt 0.94316 0.97284
vt 0.94316 0.97284
vt 0.94316 0.97284
vt 0.94316 0.97284
vt 0.94316 0.97284
vt 0.94316 0.97284
vt 0.94316 0.97284
vt 0.94316 0.97284
vt 0.94316 0.97284
vt 0.94316 0.97284
vt 0.94316 0.97284
vt 0.94316 0.97284
vt 0.94316 0.97284
vt 0.94316 0.97284
vt 0.94316 0.97284
vt 0.94316 0.97284
vt 0.94316 0.97284
vt 0.94316 0.97284
vt 0.94316 0.97284
vt 0.94316 0.97284
vt 0.94316 0.97284
vt 0.94316 0.97284
vt 0.94316 0.97284
vt 0.94316 0.97284
vt 0.94316 0.97284
vt 0.94316 0.97284
vt 0.94316 0.97284
vt 0.94316 0.97284
vt 0.94316 0.97284
vt 0.94316 0.97284
vt 0.94316 0.97284
vt 0.94316 0.97284
vt 0.94316 0.97284
vt 0.94316 0.97284
vt 0.94316 0.97284
vt 0.94316 0.97284
vt 0.94316 0.97284
vt 0.94316 0.97284
vt 0.94316 0.97284
vt 0.94316 0.97284
vt 0.94316 0.97284
vt 0.94316 0.97284
vt 0.94316 0.97284
vt 0.94316 0.97284
vt 0.94316 0.97284
vt 0.94316 0.97284
vt 0.94316 0.97284
vt 0.94316 0.97284
vt 0.94316 0.97284
vt 0.94316 0.97284
vt 0.94316 0.97284
vt 0.94316 0.97284
vt 0.94316 0.97284
vt 0.94316 0.97284
vt 0.94316 0.97284
vt 0.94316 0.97284
vt 0.94316 0.97284
vt 0.94316 0.97284
vt 0.94316 0.97284
vt 0.94316 0.97284
vt 0.94316 0.97284
vt 0.94316 0.97284
vt 0.94316 0.97284
vt 0.94316 0.97284
vt 0.94316 0.97284
vt 0.94316 0.97284
vt 0.94316 0.97284
vt 0.94316 0.97284
vt 0.94316 0.97284
vt 0.94316 0.97284
vt 0.94316 0.97284
vt 0.94316 0.97284
vt 0.94316 0.97284
vt 0.94316 0.97284
vt 0.94316 0.97284
vt 0.94316 0.97284
vt 0.94316 0.97284
vt 0.94316 0.97284
vt 0.94316 0.97284
vt 0.94316 0.97284
vt 0.94316 0.97284
vt 0.94316 0.97284
vt 0.94316 0.97284
vt 0.94316 0.97284
vt 0.94316 0.97284
vt 0.94316 0.97284
vt 0.94316 0.97284
vt 0.94316 0.97284
vt 0.94316 0.97284
vt 0.94316 0.97284
vt 0.94316 0.97284
vt 0.94316 0.97284
vt 0.94316 0.97284
vt 0.94316 0.97284
vt 0.94316 0.97284
vt 0.94316 0.97284
vt 0.94316 0.97284
vt 0.94316 0.97284
vt 0.94316 0.97284
vt 0.94316 0.97284
vt 0.94316 0.97284
vt 0.94316 0.97284
vt 0.94316 0.97284
vt 0.94316 0.97284
vt 0.94316 0.97284
vt 0.81535 0.09067
vt 0.81535 0.09067
vt 0.81533 0.09065
vt 0.81533 0.09065
vt 0.81535 0.09067
vt 0.81533 0.09065
vt 0.81534 0.09067
vt 0.81533 0.09065
vt 0.81534 0.09067
vt 0.81533 0.09065
vt 0.81534 0.09067
vt 0.81533 0.09065
vt 0.81534 0.09067
vt 0.81533 0.09065
vt 0.81534 0.09067
vt 0.81533 0.09065
vt 0.81534 0.09067
vt 0.81533 0.09065
vt 0.81534 0.09067
vt 0.81533 0.09065
vt 0.81534 0.09067
vt 0.81533 0.09065
vt 0.81534 0.09067
vt 0.81533 0.09065
vt 0.81535 0.09067
vt 0.81533 0.09065
vt 0.81535 0.09067
vt 0.81533 0.09065
vt 0.81535 0.09067
vt 0.81533 0.09065
vt 0.81535 0.09067
vt 0.81533 0.09065
vt 0.81535 0.09067
vt 0.81533 0.09065
vt 0.81535 0.09067
vt 0.81533 0.09065
vt 0.81535 0.09067
vt 0.81534 0.09067
vt 0.81534 0.09066
vt 0.81535 0.09066
vt 0.81534 0.09066
vt 0.81534 0.09066
vt 0.81535 0.09067
vt 0.81535 0.09067
vt 0.81535 0.09066
vt 0.81535 0.09067
vt 0.81535 0.09066
vt 0.81535 0.09066
vt 0.81532 0.09067
vt 0.81532 0.09067
vt 0.81532 0.09066
vt 0.81532 0.09066
vt 0.81532 0.09066
vt 0.81532 0.09066
vt 0.81532 0.09067
vt 0.81532 0.09067
vt 0.81532 0.09066
vt 0.81532 0.09066
vt 0.81533 0.09067
vt 0.81532 0.09067
vt 0.81532 0.09066
vt 0.81533 0.09067
vt 0.81533 0.09067
vt 0.81533 0.09067
vt 0.81533 0.09066
vt 0.81533 0.09067
vt 0.81534 0.09067
vt 0.81533 0.09067
vt 0.81533 0.09066
vt 0.81534 0.09066
vt 0.81533 0.09066
vt 0.81533 0.09066
vt 0.81534 0.09067
vt 0.81534 0.09067
vt 0.81534 0.09066
vt 0.81534 0.09066
vt 0.81534 0.09067
vt 0.81534 0.09067
vt 0.81534 0.09066
vt 0.81534 0.09066
vt 0.81534 0.09066
vt 0.81534 0.09066
vt 0.81535 0.09067
vt 0.81535 0.09067
vt 0.81535 0.09067
vt 0.81533 0.09065
vt 0.81533 0.09065
vt 0.81533 0.09065
vt 0.81533 0.09065
vt 0.81533 0.09065
vt 0.81533 0.09065
vt 0.81533 0.09065
vt 0.81533 0.09065
vt 0.81533 0.09065
vt 0.81533 0.09065
vt 0.81533 0.09065
vt 0.81533 0.09065
vt 0.81533 0.09065
vt 0.81533 0.09065
vt 0.81533 0.09065
vt 0.81533 0.09065
vt 0.81533 0.09065
vt 0.81533 0.09065
vt 0.81534 0.09066
vt 0.81535 0.09066
vt 0.81535 0.09066
vt 0.81532 0.09066
vt 0.81532 0.09066
vt 0.81533 0.09066
vt 0.81533 0.09066
vt 0.81533 0.09066
vt 0.81532 0.09066
vt 0.81532 0.09066
vt 0.81532 0.09066
vt 0.81533 0.09066
vt 0.81534 0.09066
vt 0.81534 0.09066
vt 0.81534 0.09066
vt 0.81534 0.09066
vt 0.81535 0.09066
vt 0.81533 0.09065
vt 0.81533 0.09065
vt 0.81535 0.09066
vt 0.81533 0.09065
vt 0.81535 0.09066
vt 0.81533 0.09065
vt 0.81534 0.09066
vt 0.81533 0.09065
vt 0.81534 0.09066
vt 0.81533 0.09065
vt 0.81534 0.09066
vt 0.81533 0.09065
vt 0.81534 0.09066
vt 0.81533 0.09065
vt 0.81534 0.09066
vt 0.81533 0.09065
vt 0.81534 0.09066
vt 0.81533 0.09065
vt 0.81534 0.09066
vt 0.81533 0.09065
vt 0.81534 0.09066
vt 0.81533 0.09065
vt 0.81534 0.09066
vt 0.81533 0.09065
vt 0.81535 0.09066
vt 0.81533 0.09065
vt 0.81535 0.09066
vt 0.81533 0.09065
vt 0.81535 0.09066
vt 0.81533 0.09065
vt 0.81535 0.09066
vt 0.81533 0.09065
vt 0.81535 0.09066
vt 0.81533 0.09065
vt 0.81535 0.09066
vt 0.81535 0.09066
vt 0.81535 0.09066
vt 0.81532 0.09066
vt 0.81532 0.09066
vt 0.81532 0.09066
vt 0.81533 0.09066
vt 0.81533 0.09066
vt 0.81534 0.09066
vt 0.81534 0.09066
vt 0.81534 0.09066
vt 0.81535 0.09066
vt 0.81535 0.09066
vt 0.81535 0.09066
vt 0.81533 0.09065
vt 0.81533 0.09065
vt 0.81533 0.09065
vt 0.81533 0.09065
vt 0.81533 0.09065
vt 0.81533 0.09065
vt 0.81533 0.09065
vt 0.81533 0.09065
vt 0.81533 0.09065
vt 0.81533 0.09065
vt 0.81533 0.09065
vt 0.81533 0.09065
vt 0.81533 0.09065
vt 0.81533 0.09065
vt 0.81533 0.09065
vt 0.81533 0.09065
vt 0.81533 0.09065
vt 0.81533 0.09065
vt 0.51784 0.09153
vt 0.51784 0.09153
vt 0.51784 0.09153
vt 0.51784 0.09153
vt 0.51784 0.09153
vt 0.51784 0.09153
vt 0.51784 0.09153
vt 0.51784 0.09153
vt 0.51784 0.09153
vt 0.51784 0.09153
vt 0.51784 0.09153
vt 0.51784 0.09153
vt 0.51784 0.09153
vt 0.51784 0.09153
vt 0.51784 0.09153
vt 0.51784 0.09153
vt 0.51784 0.09153
vt 0.51784 0.09153
vt 0.51784 0.09153
vt 0.51784 0.09153
vt 0.51784 0.09153
vt 0.51784 0.09153
vt 0.51784 0.09153
vt 0.51784 0.09153
vt 0.51784 0.09153
vt 0.51784 0.09153
vt 0.51784 0.09153
vt 0.51784 0.09153
vt 0.51784 0.09153
vt 0.51784 0.09153
vt 0.51784 0.09153
vt 0.51784 0.09153
vt 0.51784 0.09153
vt 0.51784 0.09153
vt 0.51784 0.09153
vt 0.51784 0.09153
vt 0.51784 0.09153
vt 0.51784 0.09153
vt 0.51784 0.09153
vt 0.51784 0.09153
vt 0.51784 0.09153
vt 0.51784 0.09153
vt 0.51784 0.09153
vt 0.51784 0.09153
vt 0.51784 0.09153
vt 0.51784 0.09153
vt 0.51784 0.09153
vt 0.51784 0.09153
vt 0.51784 0.09153
vt 0.51784 0.09153
vt 0.51784 0.09153
vt 0.51784 0.09153
vt 0.51784 0.09153
vt 0.51784 0.09153
vt 0.51784 0.09153
vt 0.51784 0.09153
vt 0.51784 0.09153
vt 0.51784 0.09153
vt 0.51784 0.09153
vt 0.51784 0.09153
vt 0.51784 0.09153
vt 0.51784 0.09153
vt 0.51784 0.09153
vt 0.51784 0.09153
vt 0.51784 0.09153
vt 0.51784 0.09153
vt 0.51784 0.09153
vt 0.51784 0.09153
vt 0.51784 0.09153
vt 0.51784 0.09153
vt 0.51784 0.09153
vt 0.51784 0.09153
vt 0.51784 0.09153
vt 0.51784 0.09153
vt 0.51784 0.09153
vt 0.51784 0.09153
vt 0.51784 0.09153
vt 0.51784 0.09153
vt 0.51784 0.09153
vt 0.51784 0.09153
vt 0.51784 0.09153
vt 0.51784 0.09153
vt 0.51784 0.09153
vt 0.51784 0.09153
vt 0.51784 0.09153
vt 0.51784 0.09153
vt 0.51784 0.09153
vt 0.51784 0.09153
vt 0.51784 0.09153
vt 0.51784 0.09153
vt 0.51784 0.09153
vt 0.51784 0.09153
vt 0.51784 0.09153
vt 0.51784 0.09153
vt 0.51784 0.09153
vt 0.51784 0.09153
vt 0.51784 0.09153
vt 0.51784 0.09153
vt 0.51784 0.09153
vt 0.51784 0.09153
vt 0.51784 0.09153
vt 0.51784 0.09153
vt 0.51784 0.09153
vt 0.51784 0.09153
vt 0.51784 0.09153
vt 0.51784 0.09153
vt 0.51784 0.09153
vt 0.51784 0.09153
vt 0.51784 0.09153
vt 0.51784 0.09153
vt 0.51784 0.09153
vt 0.51784 0.09153
vt 0.51784 0.09153
vt 0.51784 0.09153
vt 0.51784 0.09153
vt 0.51784 0.09153
vt 0.51784 0.09153
vt 0.51784 0.09153
vt 0.51784 0.09153
vt 0.51784 0.09153
vt 0.51784 0.09153
vt 0.51784 0.09153
vt 0.51784 0.09153
vt 0.51784 0.09153
vt 0.51784 0.09153
vt 0.51784 0.09153
vt 0.51784 0.09153
vt 0.51784 0.09153
vt 0.51784 0.09153
vt 0.51784 0.09153
vt 0.51784 0.09153
vt 0.51784 0.09153
vt 0.51784 0.09153
vt 0.51784 0.09153
vt 0.51784 0.09153
vt 0.51784 0.09153
vt 0.51784 0.09153
vt 0.51784 0.09153
vt 0.51784 0.09153
vt 0.51784 0.09153
vt 0.51784 0.09153
vt 0.51784 0.09153
vt 0.51784 0.09153
vt 0.51784 0.09153
vt 0.51784 0.09153
vt 0.51784 0.09153
vt 0.51784 0.09153
vt 0.51784 0.09153
vt 0.51784 0.09153
vt 0.51784 0.09153
vt 0.51784 0.09153
vt 0.51784 0.09153
vt 0.51784 0.09153
vt 0.51784 0.09153
vt 0.51784 0.09153
vt 0.51784 0.09153
vt 0.51784 0.09153
vt 0.51784 0.09153
vt 0.51784 0.09153
vt 0.51784 0.09153
vt 0.51784 0.09153
vt 0.51784 0.09153
vt 0.51784 0.09153
vt 0.51784 0.09153
vt 0.51784 0.09153
vt 0.51784 0.09153
vt 0.51784 0.09153
vt 0.51784 0.09153
vt 0.51784 0.09153
vt 0.51784 0.09153
vt 0.51784 0.09153
vt 0.51784 0.09153
vt 0.51784 0.09153
vt 0.51784 0.09153
vt 0.51784 0.09153
vt 0.51784 0.09153
vt 0.51784 0.09153
vt 0.51784 0.09153
vt 0.51784 0.09153
vt 0.51784 0.09153
vt 0.51784 0.09153
vt 0.51784 0.09153
vt 0.51784 0.09153
vt 0.51784 0.09153
vt 0.51784 0.09153
vt 0.51784 0.09153
vt 0.51784 0.09153
vt 0.51784 0.09153
vt 0.51784 0.09153
vt 0.51784 0.09153
vt 0.51784 0.09153
vt 0.51784 0.09153
vt 0.51784 0.09153
vt 0.51784 0.09153
vt 0.51784 0.09153
vt 0.51784 0.09153
vt 0.51784 0.09153
vt 0.51784 0.09153
vt 0.51784 0.09153
vt 0.51784 0.09153
vt 0.51784 0.09153
vt 0.51784 0.09153
vt 0.51784 0.09153
vt 0.51784 0.09153
vt 0.51784 0.09153
vt 0.51784 0.09153
vt 0.51784 0.09153
vt 0.51784 0.09153
vt 0.51784 0.09153
vt 0.51784 0.09153
vt 0.51784 0.09153
vt 0.51784 0.09153
vt 0.51784 0.09153
vt 0.51784 0.09153
vt 0.51784 0.09153
vt 0.51784 0.09153
vt 0.51784 0.09153
vt 0.51784 0.09153
vt 0.51784 0.09153
vt 0.51784 0.09153
vt 0.51784 0.09153
vt 0.51784 0.09153
vt 0.51784 0.09153
vt 0.51784 0.09153
vt 0.51784 0.09153
vt 0.51784 0.09153
vt 0.51784 0.09153
vt 0.51784 0.09153
vt 0.51784 0.09153
vt 0.51784 0.09153
vt 0.51784 0.09153
vt 0.51784 0.09153
vt 0.51784 0.09153
vt 0.51784 0.09153
vt 0.51784 0.09153
vt 0.51784 0.09153
vt 0.51784 0.09153
vt 0.51784 0.09153
vt 0.51784 0.09153
vt 0.51784 0.09153
vt 0.51784 0.09153
vt 0.51784 0.09153
vt 0.51784 0.09153
vt 0.51784 0.09153
vt 0.51784 0.09153
vt 0.51784 0.09153
vt 0.81535 0.09067
vt 0.81535 0.09067
vt 0.81533 0.09065
vt 0.81533 0.09065
vt 0.81535 0.09067
vt 0.81533 0.09065
vt 0.81534 0.09067
vt 0.81533 0.09065
vt 0.81534 0.09067
vt 0.81533 0.09065
vt 0.81534 0.09067
vt 0.81533 0.09065
vt 0.81534 0.09067
vt 0.81533 0.09065
vt 0.81534 0.09067
vt 0.81533 0.09065
vt 0.81534 0.09067
vt 0.81533 0.09065
vt 0.81534 0.09067
vt 0.81533 0.09065
vt 0.81534 0.09067
vt 0.81533 0.09065
vt 0.81534 0.09067
vt 0.81533 0.09065
vt 0.81535 0.09067
vt 0.81533 0.09065
vt 0.81535 0.09067
vt 0.81533 0.09065
vt 0.81535 0.09067
vt 0.81533 0.09065
vt 0.81535 0.09067
vt 0.81533 0.09065
vt 0.81535 0.09067
vt 0.81533 0.09065
vt 0.81535 0.09067
vt 0.81533 0.09065
vt 0.81535 0.09067
vt 0.81534 0.09067
vt 0.81534 0.09066
vt 0.81535 0.09066
vt 0.81534 0.09066
vt 0.81534 0.09066
vt 0.81535 0.09067
vt 0.81535 0.09067
vt 0.81535 0.09066
vt 0.81535 0.09067
vt 0.81535 0.09066
vt 0.81535 0.09066
vt 0.81532 0.09067
vt 0.81532 0.09067
vt 0.81532 0.09066
vt 0.81532 0.09066
vt 0.81532 0.09066
vt 0.81532 0.09066
vt 0.81532 0.09067
vt 0.81532 0.09067
vt 0.81532 0.09066
vt 0.81532 0.09066
vt 0.81533 0.09067
vt 0.81532 0.09067
vt 0.81532 0.09066
vt 0.81533 0.09067
vt 0.81533 0.09067
vt 0.81533 0.09067
vt 0.81533 0.09066
vt 0.81533 0.09067
vt 0.81534 0.09067
vt 0.81533 0.09067
vt 0.81533 0.09066
vt 0.81534 0.09066
vt 0.81533 0.09066
vt 0.81533 0.09066
vt 0.81534 0.09067
vt 0.81534 0.09067
vt 0.81534 0.09066
vt 0.81534 0.09066
vt 0.81534 0.09067
vt 0.81534 0.09067
vt 0.81534 0.09066
vt 0.81534 0.09066
vt 0.81534 0.09066
vt 0.81534 0.09066
vt 0.81535 0.09067
vt 0.81535 0.09067
vt 0.81535 0.09067
vt 0.81533 0.09065
vt 0.81533 0.09065
vt 0.81533 0.09065
vt 0.81533 0.09065
vt 0.81533 0.09065
vt 0.81533 0.09065
vt 0.81533 0.09065
vt 0.81533 0.09065
vt 0.81533 0.09065
vt 0.81533 0.09065
vt 0.81533 0.09065
vt 0.81533 0.09065
vt 0.81533 0.09065
vt 0.81533 0.09065
vt 0.81533 0.09065
vt 0.81533 0.09065
vt 0.81533 0.09065
vt 0.81533 0.09065
vt 0.81534 0.09066
vt 0.81535 0.09066
vt 0.81535 0.09066
vt 0.81532 0.09066
vt 0.81532 0.09066
vt 0.81533 0.09066
vt 0.81533 0.09066
vt 0.81533 0.09066
vt 0.81532 0.09066
vt 0.81532 0.09066
vt 0.81532 0.09066
vt 0.81533 0.09066
vt 0.81534 0.09066
vt 0.81534 0.09066
vt 0.81534 0.09066
vt 0.81534 0.09066
vt 0.81535 0.09066
vt 0.81533 0.09065
vt 0.81533 0.09065
vt 0.81535 0.09066
vt 0.81533 0.09065
vt 0.81535 0.09066
vt 0.81533 0.09065
vt 0.81534 0.09066
vt 0.81533 0.09065
vt 0.81534 0.09066
vt 0.81533 0.09065
vt 0.81534 0.09066
vt 0.81533 0.09065
vt 0.81534 0.09066
vt 0.81533 0.09065
vt 0.81534 0.09066
vt 0.81533 0.09065
vt 0.81534 0.09066
vt 0.81533 0.09065
vt 0.81534 0.09066
vt 0.81533 0.09065
vt 0.81534 0.09066
vt 0.81533 0.09065
vt 0.81534 0.09066
vt 0.81533 0.09065
vt 0.81535 0.09066
vt 0.81533 0.09065
vt 0.81535 0.09066
vt 0.81533 0.09065
vt 0.81535 0.09066
vt 0.81533 0.09065
vt 0.81535 0.09066
vt 0.81533 0.09065
vt 0.81535 0.09066
vt 0.81533 0.09065
vt 0.81535 0.09066
vt 0.81535 0.09066
vt 0.81535 0.09066
vt 0.81532 0.09066
vt 0.81532 0.09066
vt 0.81532 0.09066
vt 0.81533 0.09066
vt 0.81533 0.09066
vt 0.81534 0.09066
vt 0.81534 0.09066
vt 0.81534 0.09066
vt 0.81535 0.09066
vt 0.81535 0.09066
vt 0.81535 0.09066
vt 0.81533 0.09065
vt 0.81533 0.09065
vt 0.81533 0.09065
vt 0.81533 0.09065
vt 0.81533 0.09065
vt 0.81533 0.09065
vt 0.81533 0.09065
vt 0.81533 0.09065
vt 0.81533 0.09065
vt 0.81533 0.09065
vt 0.81533 0.09065
vt 0.81533 0.09065
vt 0.81533 0.09065
vt 0.81533 0.09065
vt 0.81533 0.09065
vt 0.81533 0.09065
vt 0.81533 0.09065
vt 0.81533 0.09065
vt 0.51784 0.09153
vt 0.51784 0.09153
vt 0.51784 0.09153
vt 0.51784 0.09153
vt 0.51784 0.09153
vt 0.51784 0.09153
vt 0.51784 0.09153
vt 0.51784 0.09153
vt 0.51784 0.09153
vt 0.51784 0.09153
vt 0.51784 0.09153
vt 0.51784 0.09153
vt 0.51784 0.09153
vt 0.51784 0.09153
vt 0.51784 0.09153
vt 0.51784 0.09153
vt 0.51784 0.09153
vt 0.51784 0.09153
vt 0.51784 0.09153
vt 0.51784 0.09153
vt 0.51784 0.09153
vt 0.51784 0.09153
vt 0.51784 0.09153
vt 0.51784 0.09153
vt 0.51784 0.09153
vt 0.51784 0.09153
vt 0.51784 0.09153
vt 0.51784 0.09153
vt 0.51784 0.09153
vt 0.51784 0.09153
vt 0.51784 0.09153
vt 0.51784 0.09153
vt 0.51784 0.09153
vt 0.51784 0.09153
vt 0.51784 0.09153
vt 0.51784 0.09153
vt 0.51784 0.09153
vt 0.51784 0.09153
vt 0.51784 0.09153
vt 0.51784 0.09153
vt 0.51784 0.09153
vt 0.51784 0.09153
vt 0.51784 0.09153
vt 0.51784 0.09153
vt 0.51784 0.09153
vt 0.51784 0.09153
vt 0.51784 0.09153
vt 0.51784 0.09153
vt 0.51784 0.09153
vt 0.51784 0.09153
vt 0.51784 0.09153
vt 0.51784 0.09153
vt 0.51784 0.09153
vt 0.51784 0.09153
vt 0.51784 0.09153
vt 0.51784 0.09153
vt 0.51784 0.09153
vt 0.51784 0.09153
vt 0.51784 0.09153
vt 0.51784 0.09153
vt 0.51784 0.09153
vt 0.51784 0.09153
vt 0.51784 0.09153
vt 0.51784 0.09153
vt 0.51784 0.09153
vt 0.51784 0.09153
vt 0.51784 0.09153
vt 0.51784 0.09153
vt 0.51784 0.09153
vt 0.51784 0.09153
vt 0.51784 0.09153
vt 0.51784 0.09153
vt 0.51784 0.09153
vt 0.51784 0.09153
vt 0.51784 0.09153
vt 0.51784 0.09153
vt 0.51784 0.09153
vt 0.51784 0.09153
vt 0.51784 0.09153
vt 0.51784 0.09153
vt 0.51784 0.09153
vt 0.51784 0.09153
vt 0.51784 0.09153
vt 0.51784 0.09153
vt 0.51784 0.09153
vt 0.51784 0.09153
vt 0.51784 0.09153
vt 0.51784 0.09153
vt 0.51784 0.09153
vt 0.51784 0.09153
vt 0.51784 0.09153
vt 0.51784 0.09153
vt 0.51784 0.09153
vt 0.51784 0.09153
vt 0.51784 0.09153
vt 0.51784 0.09153
vt 0.51784 0.09153
vt 0.51784 0.09153
vt 0.51784 0.09153
vt 0.51784 0.09153
vt 0.51784 0.09153
vt 0.51784 0.09153
vt 0.51784 0.09153
vt 0.51784 0.09153
vt 0.51784 0.09153
vt 0.51784 0.09153
vt 0.51784 0.09153
vt 0.51784 0.09153
vt 0.51784 0.09153
vt 0.51784 0.09153
vt 0.51784 0.09153
vt 0.51784 0.09153
vt 0.51784 0.09153
vt 0.51784 0.09153
vt 0.51784 0.09153
vt 0.51784 0.09153
vt 0.51784 0.09153
vt 0.51784 0.09153
vt 0.51784 0.09153
vt 0.51784 0.09153
vt 0.51784 0.09153
vt 0.51784 0.09153
vt 0.51784 0.09153
vt 0.51784 0.09153
vt 0.51784 0.09153
vt 0.51784 0.09153
vt 0.51784 0.09153
vt 0.51784 0.09153
vt 0.51784 0.09153
vt 0.51784 0.09153
vt 0.51784 0.09153
vt 0.51784 0.09153
vt 0.51784 0.09153
vt 0.51784 0.09153
vt 0.51784 0.09153
vt 0.51784 0.09153
vt 0.51784 0.09153
vt 0.51784 0.09153
vt 0.51784 0.09153
vt 0.51784 0.09153
vt 0.51784 0.09153
vt 0.51784 0.09153
vt 0.51784 0.09153
vt 0.51784 0.09153
vt 0.51784 0.09153
vt 0.51784 0.09153
vt 0.51784 0.09153
vt 0.51784 0.09153
vt 0.51784 0.09153
vt 0.51784 0.09153
vt 0.51784 0.09153
vt 0.51784 0.09153
vt 0.51784 0.09153
vt 0.51784 0.09153
vt 0.51784 0.09153
vt 0.51784 0.09153
vt 0.51784 0.09153
vt 0.51784 0.09153
vt 0.51784 0.09153
vt 0.51784 0.09153
vt 0.51784 0.09153
vt 0.51784 0.09153
vt 0.51784 0.09153
vt 0.51784 0.09153
vt 0.51784 0.09153
vt 0.51784 0.09153
vt 0.51784 0.09153
vt 0.51784 0.09153
vt 0.51784 0.09153
vt 0.51784 0.09153
vt 0.51784 0.09153
vt 0.51784 0.09153
vt 0.51784 0.09153
vt 0.51784 0.09153
vt 0.51784 0.09153
vt 0.51784 0.09153
vt 0.51784 0.09153
vt 0.51784 0.09153
vt 0.51784 0.09153
vt 0.51784 0.09153
vt 0.51784 0.09153
vt 0.51784 0.09153
vt 0.51784 0.09153
vt 0.51784 0.09153
vt 0.51784 0.09153
vt 0.51784 0.09153
vt 0.51784 0.09153
vt 0.51784 0.09153
vt 0.51784 0.09153
vt 0.51784 0.09153
vt 0.51784 0.09153
vt 0.51784 0.09153
vt 0.51784 0.09153
vt 0.51784 0.09153
vt 0.51784 0.09153
vt 0.51784 0.09153
vt 0.51784 0.09153
vt 0.51784 0.09153
vt 0.51784 0.09153
vt 0.51784 0.09153
vt 0.51784 0.09153
vt 0.51784 0.09153
vt 0.51784 0.09153
vt 0.51784 0.09153
vt 0.51784 0.09153
vt 0.51784 0.09153
vt 0.51784 0.09153
vt 0.51784 0.09153
vt 0.51784 0.09153
vt 0.51784 0.09153
vt 0.51784 0.09153
vt 0.51784 0.09153
vt 0.51784 0.09153
vt 0.51784 0.09153
vt 0.51784 0.09153
vt 0.51784 0.09153
vt 0.51784 0.09153
vt 0.51784 0.09153
vt 0.51784 0.09153
vt 0.51784 0.09153
vt 0.51784 0.09153
vt 0.51784 0.09153
vt 0.51784 0.09153
vt 0.51784 0.09153
vt 0.51784 0.09153
vt 0.51784 0.09153
vt 0.51784 0.09153
vt 0.51784 0.09153
vt 0.51784 0.09153
vt 0.51784 0.09153
vt 0.51784 0.09153
vt 0.51784 0.09153
vt 0.51784 0.09153
vt 0.51784 0.09153
vt 0.51784 0.09153
vt 0.51784 0.09153
vt 0.51784 0.09153
vt 0.51784 0.09153
vt 0.51784 0.09153
vt 0.51784 0.09153
vt 0.51784 0.09153
vt 0.51784 0.09153
vt 0.51784 0.09153
vt 0.51784 0.09153
vt 0.51784 0.09153
vt 0.51784 0.09153
vt 0.81535 0.09067
vt 0.81533 0.09065
vt 0.81533 0.09065
vt 0.81535 0.09067
vt 0.81533 0.09065
vt 0.81535 0.09067
vt 0.81533 0.09065
vt 0.81534 0.09067
vt 0.81533 0.09065
vt 0.81534 0.09067
vt 0.81533 0.09065
vt 0.81534 0.09067
vt 0.81533 0.09065
vt 0.81534 0.09067
vt 0.81533 0.09065
vt 0.81534 0.09067
vt 0.81533 0.09065
vt 0.81534 0.09067
vt 0.81533 0.09065
vt 0.81534 0.09067
vt 0.81533 0.09065
vt 0.81534 0.09067
vt 0.81533 0.09065
vt 0.81534 0.09067
vt 0.81533 0.09065
vt 0.81535 0.09067
vt 0.81533 0.09065
vt 0.81535 0.09067
vt 0.81533 0.09065
vt 0.81535 0.09067
vt 0.81533 0.09065
vt 0.81535 0.09067
vt 0.81533 0.09065
vt 0.81535 0.09067
vt 0.81533 0.09065
vt 0.81535 0.09067
vt 0.81535 0.09067
vt 0.81535 0.09066
vt 0.81534 0.09066
vt 0.81534 0.09067
vt 0.81534 0.09066
vt 0.81534 0.09066
vt 0.81535 0.09067
vt 0.81535 0.09067
vt 0.81535 0.09066
vt 0.81535 0.09067
vt 0.81535 0.09066
vt 0.81535 0.09066
vt 0.81532 0.09067
vt 0.81532 0.09066
vt 0.81532 0.09066
vt 0.81532 0.09067
vt 0.81532 0.09066
vt 0.81532 0.09066
vt 0.81532 0.09067
vt 0.81532 0.09066
vt 0.81532 0.09066
vt 0.81532 0.09067
vt 0.81533 0.09067
vt 0.81533 0.09067
vt 0.81532 0.09066
vt 0.81532 0.09067
vt 0.81533 0.09067
vt 0.81533 0.09067
vt 0.81533 0.09066
vt 0.81533 0.09067
vt 0.81534 0.09067
vt 0.81534 0.09066
vt 0.81533 0.09066
vt 0.81533 0.09067
vt 0.81533 0.09066
vt 0.81533 0.09066
vt 0.81534 0.09067
vt 0.81534 0.09066
vt 0.81534 0.09066
vt 0.81534 0.09067
vt 0.81534 0.09067
vt 0.81534 0.09066
vt 0.81534 0.09066
vt 0.81534 0.09067
vt 0.81534 0.09066
vt 0.81534 0.09066
vt 0.81535 0.09067
vt 0.81535 0.09067
vt 0.81535 0.09067
vt 0.81533 0.09065
vt 0.81533 0.09065
vt 0.81533 0.09065
vt 0.81533 0.09065
vt 0.81533 0.09065
vt 0.81533 0.09065
vt 0.81533 0.09065
vt 0.81533 0.09065
vt 0.81533 0.09065
vt 0.81533 0.09065
vt 0.81533 0.09065
vt 0.81533 0.09065
vt 0.81533 0.09065
vt 0.81533 0.09065
vt 0.81533 0.09065
vt 0.81533 0.09065
vt 0.81533 0.09065
vt 0.81533 0.09065
vt 0.81534 0.09066
vt 0.81535 0.09066
vt 0.81535 0.09066
vt 0.81532 0.09066
vt 0.81532 0.09066
vt 0.81533 0.09066
vt 0.81533 0.09066
vt 0.81533 0.09066
vt 0.81532 0.09066
vt 0.81532 0.09066
vt 0.81532 0.09066
vt 0.81533 0.09066
vt 0.81534 0.09066
vt 0.81534 0.09066
vt 0.81534 0.09066
vt 0.81534 0.09066
vt 0.81535 0.09066
vt 0.81535 0.09066
vt 0.81533 0.09065
vt 0.81533 0.09065
vt 0.81535 0.09066
vt 0.81533 0.09065
vt 0.81534 0.09066
vt 0.81533 0.09065
vt 0.81534 0.09066
vt 0.81533 0.09065
vt 0.81534 0.09066
vt 0.81533 0.09065
vt 0.81534 0.09066
vt 0.81533 0.09065
vt 0.81534 0.09066
vt 0.81533 0.09065
vt 0.81534 0.09066
vt 0.81533 0.09065
vt 0.81534 0.09066
vt 0.81533 0.09065
vt 0.81534 0.09066
vt 0.81533 0.09065
vt 0.81534 0.09066
vt 0.81533 0.09065
vt 0.81535 0.09066
vt 0.81533 0.09065
vt 0.81535 0.09066
vt 0.81533 0.09065
vt 0.81535 0.09066
vt 0.81533 0.09065
vt 0.81535 0.09066
vt 0.81533 0.09065
vt 0.81535 0.09066
vt 0.81533 0.09065
vt 0.81535 0.09066
vt 0.81533 0.09065
vt 0.81535 0.09066
vt 0.81535 0.09066
vt 0.81532 0.09066
vt 0.81532 0.09066
vt 0.81532 0.09066
vt 0.81533 0.09066
vt 0.81533 0.09066
vt 0.81534 0.09066
vt 0.81534 0.09066
vt 0.81534 0.09066
vt 0.81535 0.09066
vt 0.81535 0.09066
vt 0.81535 0.09066
vt 0.81533 0.09065
vt 0.81533 0.09065
vt 0.81533 0.09065
vt 0.81533 0.09065
vt 0.81533 0.09065
vt 0.81533 0.09065
vt 0.81533 0.09065
vt 0.81533 0.09065
vt 0.81533 0.09065
vt 0.81533 0.09065
vt 0.81533 0.09065
vt 0.81533 0.09065
vt 0.81533 0.09065
vt 0.81533 0.09065
vt 0.81533 0.09065
vt 0.81533 0.09065
vt 0.81533 0.09065
vt 0.81533 0.09065
vt 0.51784 0.09153
vt 0.51784 0.09153
vt 0.51784 0.09153
vt 0.51784 0.09153
vt 0.51784 0.09153
vt 0.51784 0.09153
vt 0.51784 0.09153
vt 0.51784 0.09153
vt 0.51784 0.09153
vt 0.51784 0.09153
vt 0.51784 0.09153
vt 0.51784 0.09153
vt 0.51784 0.09153
vt 0.51784 0.09153
vt 0.51784 0.09153
vt 0.51784 0.09153
vt 0.51784 0.09153
vt 0.51784 0.09153
vt 0.51784 0.09153
vt 0.51784 0.09153
vt 0.51784 0.09153
vt 0.51784 0.09153
vt 0.51784 0.09153
vt 0.51784 0.09153
vt 0.51784 0.09153
vt 0.51784 0.09153
vt 0.51784 0.09153
vt 0.51784 0.09153
vt 0.51784 0.09153
vt 0.51784 0.09153
vt 0.51784 0.09153
vt 0.51784 0.09153
vt 0.51784 0.09153
vt 0.51784 0.09153
vt 0.51784 0.09153
vt 0.51784 0.09153
vt 0.51784 0.09153
vt 0.51784 0.09153
vt 0.51784 0.09153
vt 0.51784 0.09153
vt 0.51784 0.09153
vt 0.51784 0.09153
vt 0.51784 0.09153
vt 0.51784 0.09153
vt 0.51784 0.09153
vt 0.51784 0.09153
vt 0.51784 0.09153
vt 0.51784 0.09153
vt 0.51784 0.09153
vt 0.51784 0.09153
vt 0.51784 0.09153
vt 0.51784 0.09153
vt 0.51784 0.09153
vt 0.51784 0.09153
vt 0.51784 0.09153
vt 0.51784 0.09153
vt 0.51784 0.09153
vt 0.51784 0.09153
vt 0.51784 0.09153
vt 0.51784 0.09153
vt 0.51784 0.09153
vt 0.51784 0.09153
vt 0.51784 0.09153
vt 0.51784 0.09153
vt 0.51784 0.09153
vt 0.51784 0.09153
vt 0.51784 0.09153
vt 0.51784 0.09153
vt 0.51784 0.09153
vt 0.51784 0.09153
vt 0.51784 0.09153
vt 0.51784 0.09153
vt 0.51784 0.09153
vt 0.51784 0.09153
vt 0.51784 0.09153
vt 0.51784 0.09153
vt 0.51784 0.09153
vt 0.51784 0.09153
vt 0.51784 0.09153
vt 0.51784 0.09153
vt 0.51784 0.09153
vt 0.51784 0.09153
vt 0.51784 0.09153
vt 0.51784 0.09153
vt 0.51784 0.09153
vt 0.51784 0.09153
vt 0.51784 0.09153
vt 0.51784 0.09153
vt 0.51784 0.09153
vt 0.51784 0.09153
vt 0.51784 0.09153
vt 0.51784 0.09153
vt 0.51784 0.09153
vt 0.51784 0.09153
vt 0.51784 0.09153
vt 0.51784 0.09153
vt 0.51784 0.09153
vt 0.51784 0.09153
vt 0.51784 0.09153
vt 0.51784 0.09153
vt 0.51784 0.09153
vt 0.51784 0.09153
vt 0.51784 0.09153
vt 0.51784 0.09153
vt 0.51784 0.09153
vt 0.51784 0.09153
vt 0.51784 0.09153
vt 0.51784 0.09153
vt 0.51784 0.09153
vt 0.51784 0.09153
vt 0.51784 0.09153
vt 0.51784 0.09153
vt 0.51784 0.09153
vt 0.51784 0.09153
vt 0.51784 0.09153
vt 0.51784 0.09153
vt 0.51784 0.09153
vt 0.51784 0.09153
vt 0.51784 0.09153
vt 0.51784 0.09153
vt 0.51784 0.09153
vt 0.51784 0.09153
vt 0.51784 0.09153
vt 0.51784 0.09153
vt 0.51784 0.09153
vt 0.51784 0.09153
vt 0.51784 0.09153
vt 0.51784 0.09153
vt 0.51784 0.09153
vt 0.51784 0.09153
vt 0.51784 0.09153
vt 0.51784 0.09153
vt 0.51784 0.09153
vt 0.51784 0.09153
vt 0.51784 0.09153
vt 0.51784 0.09153
vt 0.51784 0.09153
vt 0.51784 0.09153
vt 0.51784 0.09153
vt 0.51784 0.09153
vt 0.51784 0.09153
vt 0.51784 0.09153
vt 0.51784 0.09153
vt 0.51784 0.09153
vt 0.51784 0.09153
vt 0.51784 0.09153
vt 0.51784 0.09153
vt 0.51784 0.09153
vt 0.51784 0.09153
vt 0.51784 0.09153
vt 0.51784 0.09153
vt 0.51784 0.09153
vt 0.51784 0.09153
vt 0.51784 0.09153
vt 0.51784 0.09153
vt 0.51784 0.09153
vt 0.51784 0.09153
vt 0.51784 0.09153
vt 0.51784 0.09153
vt 0.51784 0.09153
vt 0.51784 0.09153
vt 0.51784 0.09153
vt 0.51784 0.09153
vt 0.51784 0.09153
vt 0.51784 0.09153
vt 0.51784 0.09153
vt 0.51784 0.09153
vt 0.51784 0.09153
vt 0.51784 0.09153
vt 0.51784 0.09153
vt 0.51784 0.09153
vt 0.51784 0.09153
vt 0.51784 0.09153
vt 0.51784 0.09153
vt 0.51784 0.09153
vt 0.51784 0.09153
vt 0.51784 0.09153
vt 0.51784 0.09153
vt 0.51784 0.09153
vt 0.51784 0.09153
vt 0.51784 0.09153
vt 0.51784 0.09153
vt 0.51784 0.09153
vt 0.51784 0.09153
vt 0.51784 0.09153
vt 0.51784 0.09153
vt 0.51784 0.09153
vt 0.51784 0.09153
vt 0.51784 0.09153
vt 0.51784 0.09153
vt 0.51784 0.09153
vt 0.51784 0.09153
vt 0.51784 0.09153
vt 0.51784 0.09153
vt 0.51784 0.09153
vt 0.51784 0.09153
vt 0.51784 0.09153
vt 0.51784 0.09153
vt 0.51784 0.09153
vt 0.51784 0.09153
vt 0.51784 0.09153
vt 0.51784 0.09153
vt 0.51784 0.09153
vt 0.51784 0.09153
vt 0.51784 0.09153
vt 0.51784 0.09153
vt 0.51784 0.09153
vt 0.51784 0.09153
vt 0.51784 0.09153
vt 0.51784 0.09153
vt 0.51784 0.09153
vt 0.51784 0.09153
vt 0.51784 0.09153
vt 0.51784 0.09153
vt 0.51784 0.09153
vt 0.51784 0.09153
vt 0.51784 0.09153
vt 0.51784 0.09153
vt 0.51784 0.09153
vt 0.51784 0.09153
vt 0.51784 0.09153
vt 0.51784 0.09153
vt 0.51784 0.09153
vt 0.51784 0.09153
vt 0.51784 0.09153
vt 0.51784 0.09153
vt 0.51784 0.09153
vt 0.51784 0.09153
vt 0.51784 0.09153
vt 0.51784 0.09153
vt 0.51784 0.09153
vt 0.51784 0.09153
vt 0.51784 0.09153
vt 0.51784 0.09153
vt 0.51784 0.09153
vt 0.51784 0.09153
vt 0.51784 0.09153
vt 0.51784 0.09153
vt 0.51784 0.09153
vt 0.51784 0.09153
vt 0.51784 0.09153
vt 0.51784 0.09153
vt 0.51784 0.09153
vt 0.51784 0.09153
vt 0.51784 0.09153
vt 0.51784 0.09153
vt 0.81535 0.09067
vt 0.81533 0.09065
vt 0.81533 0.09065
vt 0.81535 0.09067
vt 0.81533 0.09065
vt 0.81535 0.09067
vt 0.81533 0.09065
vt 0.81534 0.09067
vt 0.81533 0.09065
vt 0.81534 0.09067
vt 0.81533 0.09065
vt 0.81534 0.09067
vt 0.81533 0.09065
vt 0.81534 0.09067
vt 0.81533 0.09065
vt 0.81534 0.09067
vt 0.81533 0.09065
vt 0.81534 0.09067
vt 0.81533 0.09065
vt 0.81534 0.09067
vt 0.81533 0.09065
vt 0.81534 0.09067
vt 0.81533 0.09065
vt 0.81534 0.09067
vt 0.81533 0.09065
vt 0.81535 0.09067
vt 0.81533 0.09065
vt 0.81535 0.09067
vt 0.81533 0.09065
vt 0.81535 0.09067
vt 0.81533 0.09065
vt 0.81535 0.09067
vt 0.81533 0.09065
vt 0.81535 0.09067
vt 0.81533 0.09065
vt 0.81535 0.09067
vt 0.81535 0.09067
vt 0.81535 0.09066
vt 0.81534 0.09066
vt 0.81534 0.09067
vt 0.81534 0.09066
vt 0.81534 0.09066
vt 0.81535 0.09067
vt 0.81535 0.09067
vt 0.81535 0.09066
vt 0.81535 0.09067
vt 0.81535 0.09066
vt 0.81535 0.09066
vt 0.81532 0.09067
vt 0.81532 0.09066
vt 0.81532 0.09066
vt 0.81532 0.09067
vt 0.81532 0.09066
vt 0.81532 0.09066
vt 0.81532 0.09067
vt 0.81532 0.09066
vt 0.81532 0.09066
vt 0.81532 0.09067
vt 0.81533 0.09067
vt 0.81533 0.09067
vt 0.81532 0.09066
vt 0.81532 0.09067
vt 0.81533 0.09067
vt 0.81533 0.09067
vt 0.81533 0.09066
vt 0.81533 0.09067
vt 0.81534 0.09067
vt 0.81534 0.09066
vt 0.81533 0.09066
vt 0.81533 0.09067
vt 0.81533 0.09066
vt 0.81533 0.09066
vt 0.81534 0.09067
vt 0.81534 0.09066
vt 0.81534 0.09066
vt 0.81534 0.09067
vt 0.81534 0.09067
vt 0.81534 0.09066
vt 0.81534 0.09066
vt 0.81534 0.09067
vt 0.81534 0.09066
vt 0.81534 0.09066
vt 0.81535 0.09067
vt 0.81535 0.09067
vt 0.81535 0.09067
vt 0.81533 0.09065
vt 0.81533 0.09065
vt 0.81533 0.09065
vt 0.81533 0.09065
vt 0.81533 0.09065
vt 0.81533 0.09065
vt 0.81533 0.09065
vt 0.81533 0.09065
vt 0.81533 0.09065
vt 0.81533 0.09065
vt 0.81533 0.09065
vt 0.81533 0.09065
vt 0.81533 0.09065
vt 0.81533 0.09065
vt 0.81533 0.09065
vt 0.81533 0.09065
vt 0.81533 0.09065
vt 0.81533 0.09065
vt 0.81534 0.09066
vt 0.81535 0.09066
vt 0.81535 0.09066
vt 0.81532 0.09066
vt 0.81532 0.09066
vt 0.81533 0.09066
vt 0.81533 0.09066
vt 0.81533 0.09066
vt 0.81532 0.09066
vt 0.81532 0.09066
vt 0.81532 0.09066
vt 0.81533 0.09066
vt 0.81534 0.09066
vt 0.81534 0.09066
vt 0.81534 0.09066
vt 0.81534 0.09066
vt 0.81535 0.09066
vt 0.81535 0.09066
vt 0.81533 0.09065
vt 0.81533 0.09065
vt 0.81535 0.09066
vt 0.81533 0.09065
vt 0.81534 0.09066
vt 0.81533 0.09065
vt 0.81534 0.09066
vt 0.81533 0.09065
vt 0.81534 0.09066
vt 0.81533 0.09065
vt 0.81534 0.09066
vt 0.81533 0.09065
vt 0.81534 0.09066
vt 0.81533 0.09065
vt 0.81534 0.09066
vt 0.81533 0.09065
vt 0.81534 0.09066
vt 0.81533 0.09065
vt 0.81534 0.09066
vt 0.81533 0.09065
vt 0.81534 0.09066
vt 0.81533 0.09065
vt 0.81535 0.09066
vt 0.81533 0.09065
vt 0.81535 0.09066
vt 0.81533 0.09065
vt 0.81535 0.09066
vt 0.81533 0.09065
vt 0.81535 0.09066
vt 0.81533 0.09065
vt 0.81535 0.09066
vt 0.81533 0.09065
vt 0.81535 0.09066
vt 0.81533 0.09065
vt 0.81535 0.09066
vt 0.81535 0.09066
vt 0.81532 0.09066
vt 0.81532 0.09066
vt 0.81532 0.09066
vt 0.81533 0.09066
vt 0.81533 0.09066
vt 0.81534 0.09066
vt 0.81534 0.09066
vt 0.81534 0.09066
vt 0.81535 0.09066
vt 0.81535 0.09066
vt 0.81535 0.09066
vt 0.81533 0.09065
vt 0.81533 0.09065
vt 0.81533 0.09065
vt 0.81533 0.09065
vt 0.81533 0.09065
vt 0.81533 0.09065
vt 0.81533 0.09065
vt 0.81533 0.09065
vt 0.81533 0.09065
vt 0.81533 0.09065
vt 0.81533 0.09065
vt 0.81533 0.09065
vt 0.81533 0.09065
vt 0.81533 0.09065
vt 0.81533 0.09065
vt 0.81533 0.09065
vt 0.81533 0.09065
vt 0.81533 0.09065
vt 0.51784 0.09153
vt 0.51784 0.09153
vt 0.51784 0.09153
vt 0.51784 0.09153
vt 0.51784 0.09153
vt 0.51784 0.09153
vt 0.51784 0.09153
vt 0.51784 0.09153
vt 0.51784 0.09153
vt 0.51784 0.09153
vt 0.51784 0.09153
vt 0.51784 0.09153
vt 0.51784 0.09153
vt 0.51784 0.09153
vt 0.51784 0.09153
vt 0.51784 0.09153
vt 0.51784 0.09153
vt 0.51784 0.09153
vt 0.51784 0.09153
vt 0.51784 0.09153
vt 0.51784 0.09153
vt 0.51784 0.09153
vt 0.51784 0.09153
vt 0.51784 0.09153
vt 0.51784 0.09153
vt 0.51784 0.09153
vt 0.51784 0.09153
vt 0.51784 0.09153
vt 0.51784 0.09153
vt 0.51784 0.09153
vt 0.51784 0.09153
vt 0.51784 0.09153
vt 0.51784 0.09153
vt 0.51784 0.09153
vt 0.51784 0.09153
vt 0.51784 0.09153
vt 0.51784 0.09153
vt 0.51784 0.09153
vt 0.51784 0.09153
vt 0.51784 0.09153
vt 0.51784 0.09153
vt 0.51784 0.09153
vt 0.51784 0.09153
vt 0.51784 0.09153
vt 0.51784 0.09153
vt 0.51784 0.09153
vt 0.51784 0.09153
vt 0.51784 0.09153
vt 0.51784 0.09153
vt 0.51784 0.09153
vt 0.51784 0.09153
vt 0.51784 0.09153
vt 0.51784 0.09153
vt 0.51784 0.09153
vt 0.51784 0.09153
vt 0.51784 0.09153
vt 0.51784 0.09153
vt 0.51784 0.09153
vt 0.51784 0.09153
vt 0.51784 0.09153
vt 0.51784 0.09153
vt 0.51784 0.09153
vt 0.51784 0.09153
vt 0.51784 0.09153
vt 0.51784 0.09153
vt 0.51784 0.09153
vt 0.51784 0.09153
vt 0.51784 0.09153
vt 0.51784 0.09153
vt 0.51784 0.09153
vt 0.51784 0.09153
vt 0.51784 0.09153
vt 0.51784 0.09153
vt 0.51784 0.09153
vt 0.51784 0.09153
vt 0.51784 0.09153
vt 0.51784 0.09153
vt 0.51784 0.09153
vt 0.51784 0.09153
vt 0.51784 0.09153
vt 0.51784 0.09153
vt 0.51784 0.09153
vt 0.51784 0.09153
vt 0.51784 0.09153
vt 0.51784 0.09153
vt 0.51784 0.09153
vt 0.51784 0.09153
vt 0.51784 0.09153
vt 0.51784 0.09153
vt 0.51784 0.09153
vt 0.51784 0.09153
vt 0.51784 0.09153
vt 0.51784 0.09153
vt 0.51784 0.09153
vt 0.51784 0.09153
vt 0.51784 0.09153
vt 0.51784 0.09153
vt 0.51784 0.09153
vt 0.51784 0.09153
vt 0.51784 0.09153
vt 0.51784 0.09153
vt 0.51784 0.09153
vt 0.51784 0.09153
vt 0.51784 0.09153
vt 0.51784 0.09153
vt 0.51784 0.09153
vt 0.51784 0.09153
vt 0.51784 0.09153
vt 0.51784 0.09153
vt 0.51784 0.09153
vt 0.51784 0.09153
vt 0.51784 0.09153
vt 0.51784 0.09153
vt 0.51784 0.09153
vt 0.51784 0.09153
vt 0.51784 0.09153
vt 0.51784 0.09153
vt 0.51784 0.09153
vt 0.51784 0.09153
vt 0.51784 0.09153
vt 0.51784 0.09153
vt 0.51784 0.09153
vt 0.51784 0.09153
vt 0.51784 0.09153
vt 0.51784 0.09153
vt 0.51784 0.09153
vt 0.51784 0.09153
vt 0.51784 0.09153
vt 0.51784 0.09153
vt 0.51784 0.09153
vt 0.51784 0.09153
vt 0.51784 0.09153
vt 0.51784 0.09153
vt 0.51784 0.09153
vt 0.51784 0.09153
vt 0.51784 0.09153
vt 0.51784 0.09153
vt 0.51784 0.09153
vt 0.51784 0.09153
vt 0.51784 0.09153
vt 0.51784 0.09153
vt 0.51784 0.09153
vt 0.51784 0.09153
vt 0.51784 0.09153
vt 0.51784 0.09153
vt 0.51784 0.09153
vt 0.51784 0.09153
vt 0.51784 0.09153
vt 0.51784 0.09153
vt 0.51784 0.09153
vt 0.51784 0.09153
vt 0.51784 0.09153
vt 0.51784 0.09153
vt 0.51784 0.09153
vt 0.51784 0.09153
vt 0.51784 0.09153
vt 0.51784 0.09153
vt 0.51784 0.09153
vt 0.51784 0.09153
vt 0.51784 0.09153
vt 0.51784 0.09153
vt 0.51784 0.09153
vt 0.51784 0.09153
vt 0.51784 0.09153
vt 0.51784 0.09153
vt 0.51784 0.09153
vt 0.51784 0.09153
vt 0.51784 0.09153
vt 0.51784 0.09153
vt 0.51784 0.09153
vt 0.51784 0.09153
vt 0.51784 0.09153
vt 0.51784 0.09153
vt 0.51784 0.09153
vt 0.51784 0.09153
vt 0.51784 0.09153
vt 0.51784 0.09153
vt 0.51784 0.09153
vt 0.51784 0.09153
vt 0.51784 0.09153
vt 0.51784 0.09153
vt 0.51784 0.09153
vt 0.51784 0.09153
vt 0.51784 0.09153
vt 0.51784 0.09153
vt 0.51784 0.09153
vt 0.51784 0.09153
vt 0.51784 0.09153
vt 0.51784 0.09153
vt 0.51784 0.09153
vt 0.51784 0.09153
vt 0.51784 0.09153
vt 0.51784 0.09153
vt 0.51784 0.09153
vt 0.51784 0.09153
vt 0.51784 0.09153
vt 0.51784 0.09153
vt 0.51784 0.09153
vt 0.51784 0.09153
vt 0.51784 0.09153
vt 0.51784 0.09153
vt 0.51784 0.09153
vt 0.51784 0.09153
vt 0.51784 0.09153
vt 0.51784 0.09153
vt 0.51784 0.09153
vt 0.51784 0.09153
vt 0.51784 0.09153
vt 0.51784 0.09153
vt 0.51784 0.09153
vt 0.51784 0.09153
vt 0.51784 0.09153
vt 0.51784 0.09153
vt 0.51784 0.09153
vt 0.51784 0.09153
vt 0.51784 0.09153
vt 0.51784 0.09153
vt 0.51784 0.09153
vt 0.51784 0.09153
vt 0.51784 0.09153
vt 0.51784 0.09153
vt 0.51784 0.09153
vt 0.51784 0.09153
vt 0.51784 0.09153
vt 0.51784 0.09153
vt 0.51784 0.09153
vt 0.51784 0.09153
vt 0.51784 0.09153
vt 0.51784 0.09153
vt 0.51784 0.09153
vt 0.51784 0.09153
vt 0.51784 0.09153
vt 0.51784 0.09153
vt 0.51784 0.09153
vt 0.51784 0.09153
vt 0.51784 0.09153
vt 0.51784 0.09153
vt 0.51784 0.09153
vt 0.51784 0.09153
vt 0.51784 0.09153
vt 0.51784 0.09153
vt 0.51784 0.09153
vt 0.51784 0.09153
vt 0.51784 0.09153
vt 0.51784 0.09153
vt 0.51784 0.09153
vt 0.72476 0.15848
vt 0.72476 0.15848
vt 0.72476 0.15848
vt 0.72476 0.15848
vt 0.72476 0.15848
vt 0.72476 0.15848
vt 0.72476 0.15848
vt 0.72476 0.15848
vt 0.72476 0.15848
vt 0.72476 0.15848
vt 0.72476 0.15848
vt 0.72476 0.15848
vt 0.72476 0.15848
vt 0.72476 0.15848
vt 0.72476 0.15848
vt 0.72476 0.15848
vt 0.72476 0.15848
vt 0.72476 0.15848
vt 0.72476 0.15848
vt 0.72476 0.15848
vt 0.72476 0.15848
vt 0.72476 0.15848
vt 0.76176 0.06781
vt 0.76177 0.06781
vt 0.76177 0.06786
vt 0.76176 0.06786
vt 0.76177 0.06781
vt 0.76177 0.06786
vt 0.76172 0.06781
vt 0.76173 0.06781
vt 0.76173 0.06786
vt 0.76172 0.06786
vt 0.76173 0.06781
vt 0.76173 0.06786
vt 0.76174 0.06781
vt 0.76174 0.06786
vt 0.76176 0.06781
vt 0.76177 0.06781
vt 0.76176 0.06781
vt 0.76176 0.06781
vt 0.76174 0.06781
vt 0.76177 0.06781
vt 0.76177 0.06781
vt 0.76177 0.06781
vt 0.76176 0.06786
vt 0.76177 0.06786
vt 0.76177 0.06786
vt 0.76176 0.06786
vt 0.76177 0.06786
vt 0.76177 0.06786
vt 0.76177 0.06786
vt 0.76177 0.06786
vt 0.76176 0.06786
vt 0.76176 0.06786
vt 0.76174 0.06786
vt 0.76174 0.06786
vt 0.76176 0.06786
vt 0.76174 0.06786
vt 0.76177 0.06786
vt 0.76177 0.06786
vt 0.76177 0.06786
vt 0.76176 0.06786
vt 0.76176 0.06786
vt 0.76176 0.06781
vt 0.76176 0.06781
vt 0.76176 0.06786
vt 0.76174 0.06781
vt 0.76174 0.06786
vt 0.76174 0.06786
vt 0.76174 0.06781
vt 0.76176 0.06786
vt 0.76176 0.06786
vt 0.76174 0.06786
vt 0.76174 0.06786
vt 0.76174 0.06786
vt 0.76174 0.06781
vt 0.76176 0.06781
vt 0.76176 0.06786
vt 0.76177 0.06786
vt 0.76177 0.06781
vt 0.76177 0.06786
vt 0.76177 0.06781
vt 0.76172 0.06781
vt 0.76172 0.06786
vt 0.76173 0.06786
vt 0.76173 0.06781
vt 0.76173 0.06786
vt 0.76173 0.06781
vt 0.76174 0.06786
vt 0.76174 0.06781
vt 0.76177 0.06781
vt 0.76176 0.06781
vt 0.76174 0.06781
vt 0.76176 0.06781
vt 0.76176 0.06781
vt 0.76177 0.06781
vt 0.76177 0.06781
vt 0.76177 0.06781
vt 0.76176 0.06786
vt 0.76176 0.06786
vt 0.76177 0.06786
vt 0.76177 0.06786
vt 0.76177 0.06786
vt 0.76177 0.06786
vt 0.76177 0.06786
vt 0.76177 0.06786
vt 0.76176 0.06786
vt 0.76176 0.06786
vt 0.76174 0.06786
vt 0.76174 0.06786
vt 0.76174 0.06786
vt 0.76176 0.06786
vt 0.76177 0.06786
vt 0.76177 0.06786
vt 0.76177 0.06786
vt 0.76176 0.06786
vt 0.76176 0.06786
vt 0.76176 0.06786
vt 0.76176 0.06781
vt 0.76176 0.06781
vt 0.76174 0.06781
vt 0.76174 0.06786
vt 0.76176 0.06786
vt 0.76176 0.06786
vt 0.76174 0.06786
vt 0.76174 0.06786
vt 0.76174 0.06786
vt 0.76174 0.06786
vt 0.76174 0.06786
vt 0.76174 0.06786
vt 0.76177 0.06786
vt 0.76176 0.06786
vt 0.76176 0.06786
vt 0.76177 0.06786
vt 0.76176 0.06778
vt 0.76171 0.06778
vt 0.76171 0.06777
vt 0.76176 0.06776
vt 0.76176 0.06778
vt 0.76171 0.06778
vt 0.76171 0.06778
vt 0.76176 0.06778
vt 0.76176 0.06776
vt 0.76171 0.06777
vt 0.76176 0.06776
vt 0.76171 0.06777
vt 0.76177 0.06778
vt 0.76177 0.06776
vt 0.76176 0.06778
vt 0.76177 0.06778
vt 0.76176 0.06776
vt 0.76177 0.06776
vt 0.76177 0.06776
vt 0.76177 0.06778
vt 0.76177 0.06778
vt 0.76176 0.06778
vt 0.76176 0.06776
vt 0.76177 0.06776
vt 0.76170 0.06778
vt 0.76170 0.06777
vt 0.76170 0.06777
vt 0.76170 0.06778
vt 0.76170 0.06778
vt 0.76170 0.06777
vt 0.76172 0.06780
vt 0.76177 0.06780
vt 0.76177 0.06781
vt 0.76172 0.06781
vt 0.76172 0.06779
vt 0.76177 0.06779
vt 0.76177 0.06779
vt 0.76172 0.06779
vt 0.76172 0.06781
vt 0.76177 0.06781
vt 0.76177 0.06780
vt 0.76172 0.06780
vt 0.76172 0.06781
vt 0.76172 0.06780
vt 0.76172 0.06779
vt 0.76172 0.06779
vt 0.76172 0.06780
vt 0.76172 0.06781
vt 0.76171 0.06780
vt 0.76171 0.06785
vt 0.76171 0.06785
vt 0.76171 0.06780
vt 0.76172 0.06785
vt 0.76172 0.06780
vt 0.76168 0.06785
vt 0.76168 0.06780
vt 0.76168 0.06785
vt 0.76168 0.06780
vt 0.76168 0.06785
vt 0.76168 0.06780
vt 0.76171 0.06780
vt 0.76171 0.06780
vt 0.76169 0.06780
vt 0.76170 0.06780
vt 0.76172 0.06780
vt 0.76172 0.06780
vt 0.76171 0.06785
vt 0.76171 0.06785
vt 0.76171 0.06785
vt 0.76171 0.06785
vt 0.76172 0.06785
vt 0.76172 0.06785
vt 0.76172 0.06785
vt 0.76172 0.06785
vt 0.76170 0.06785
vt 0.76170 0.06785
vt 0.76169 0.06785
vt 0.76169 0.06785
vt 0.76169 0.06785
vt 0.76170 0.06785
vt 0.76172 0.06785
vt 0.76172 0.06785
vt 0.76171 0.06785
vt 0.76171 0.06785
vt 0.76171 0.06785
vt 0.76171 0.06785
vt 0.76171 0.06780
vt 0.76171 0.06780
vt 0.76169 0.06780
vt 0.76168 0.06780
vt 0.76169 0.06785
vt 0.76169 0.06785
vt 0.76171 0.06785
vt 0.76171 0.06785
vt 0.76169 0.06785
vt 0.76169 0.06785
vt 0.76168 0.06780
vt 0.76169 0.06785
vt 0.76171 0.06780
vt 0.76171 0.06780
vt 0.76171 0.06785
vt 0.76171 0.06785
vt 0.76172 0.06780
vt 0.76172 0.06785
vt 0.76168 0.06780
vt 0.76168 0.06785
vt 0.76168 0.06780
vt 0.76168 0.06785
vt 0.76168 0.06780
vt 0.76168 0.06785
vt 0.76171 0.06780
vt 0.76171 0.06780
vt 0.76170 0.06780
vt 0.76169 0.06780
vt 0.76172 0.06780
vt 0.76172 0.06780
vt 0.76171 0.06785
vt 0.76171 0.06785
vt 0.76171 0.06785
vt 0.76171 0.06785
vt 0.76172 0.06785
vt 0.76172 0.06785
vt 0.76172 0.06785
vt 0.76172 0.06785
vt 0.76170 0.06785
vt 0.76170 0.06785
vt 0.76169 0.06785
vt 0.76169 0.06785
vt 0.76170 0.06785
vt 0.76169 0.06785
vt 0.76172 0.06785
vt 0.76172 0.06785
vt 0.76171 0.06785
vt 0.76171 0.06785
vt 0.76171 0.06785
vt 0.76171 0.06780
vt 0.76171 0.06780
vt 0.76171 0.06785
vt 0.76169 0.06780
vt 0.76169 0.06785
vt 0.76171 0.06785
vt 0.76171 0.06785
vt 0.76169 0.06785
vt 0.76169 0.06785
vt 0.76169 0.06785
vt 0.76169 0.06785
vt 0.76169 0.06785
vt 0.76169 0.06785
vt 0.76176 0.06779
vt 0.76176 0.06778
vt 0.76171 0.06778
vt 0.76171 0.06779
vt 0.76176 0.06779
vt 0.76176 0.06779
vt 0.76171 0.06779
vt 0.76171 0.06779
vt 0.76176 0.06778
vt 0.76171 0.06778
vt 0.76176 0.06778
vt 0.76171 0.06778
vt 0.76177 0.06779
vt 0.76177 0.06778
vt 0.76176 0.06779
vt 0.76177 0.06779
vt 0.76176 0.06778
vt 0.76177 0.06778
vt 0.76170 0.06779
vt 0.76170 0.06779
vt 0.76170 0.06779
vt 0.76170 0.06779
vt 0.76170 0.06779
vt 0.76170 0.06779
vt 0.76167 0.06786
vt 0.76167 0.06786
vt 0.76172 0.06786
vt 0.76172 0.06786
vt 0.76168 0.06785
vt 0.76167 0.06785
vt 0.76172 0.06785
vt 0.76172 0.06785
vt 0.76168 0.06786
vt 0.76168 0.06786
vt 0.76172 0.06786
vt 0.76172 0.06786
vt 0.76167 0.06786
vt 0.76167 0.06786
vt 0.76168 0.06786
vt 0.76168 0.06786
vt 0.64635 0.10640
vt 0.64635 0.10641
vt 0.64632 0.10641
vt 0.64632 0.10639
vt 0.64634 0.10639
vt 0.64632 0.10635
vt 0.64632 0.10637
vt 0.64629 0.10637
vt 0.64629 0.10635
vt 0.64637 0.10636
vt 0.64637 0.10638
vt 0.64635 0.10638
vt 0.64632 0.10643
vt 0.64631 0.10643
vt 0.64631 0.10643
vt 0.64629 0.10644
vt 0.64631 0.10641
vt 0.64630 0.10634
vt 0.64632 0.10634
vt 0.64632 0.10635
vt 0.64629 0.10637
vt 0.64632 0.10637
vt 0.64629 0.10635
vt 0.64632 0.10635
vt 0.64635 0.10637
vt 0.64635 0.10639
vt 0.64632 0.10639
vt 0.64632 0.10636
vt 0.64634 0.10636
vt 0.64632 0.10638
vt 0.64632 0.10640
vt 0.64629 0.10640
vt 0.64629 0.10638
vt 0.64637 0.10642
vt 0.64637 0.10644
vt 0.64635 0.10644
vt 0.64632 0.10643
vt 0.64631 0.10643
vt 0.64631 0.10643
vt 0.64631 0.10644
vt 0.64631 0.10640
vt 0.64629 0.10640
vt 0.64632 0.10640
vt 0.64629 0.10638
vt 0.64632 0.10638
vt 0.64632 0.10636
vt 0.64635 0.10636
vt 0.64635 0.10635
vt 0.64632 0.10634
vt 0.64634 0.10634
vt 0.64629 0.10635
vt 0.64627 0.10635
vt 0.64627 0.10637
vt 0.64629 0.10637
vt 0.64635 0.10638
vt 0.64635 0.10640
vt 0.64637 0.10640
vt 0.64637 0.10638
vt 0.64634 0.10643
vt 0.64634 0.10644
vt 0.64634 0.10644
vt 0.64635 0.10644
vt 0.64635 0.10634
vt 0.64637 0.10636
vt 0.64637 0.10634
vt 0.64631 0.10641
vt 0.64631 0.10641
vt 0.64627 0.10634
vt 0.64629 0.10635
vt 0.64629 0.10634
vt 0.64629 0.10637
vt 0.64627 0.10637
vt 0.64627 0.10635
vt 0.64629 0.10635
vt 0.64627 0.10642
vt 0.64629 0.10642
vt 0.64629 0.10641
vt 0.64627 0.10640
vt 0.64629 0.10640
vt 0.64629 0.10638
vt 0.64627 0.10638
vt 0.64627 0.10640
vt 0.64629 0.10640
vt 0.64635 0.10642
vt 0.64637 0.10642
vt 0.64637 0.10640
vt 0.64631 0.10642
vt 0.64631 0.10642
vt 0.64632 0.10642
vt 0.64631 0.10642
vt 0.64631 0.10640
vt 0.64629 0.10640
vt 0.64627 0.10640
vt 0.64627 0.10638
vt 0.64629 0.10638
vt 0.31659 0.97574
vt 0.31659 0.97576
vt 0.31656 0.97576
vt 0.31656 0.97574
vt 0.31654 0.97571
vt 0.31656 0.97571
vt 0.31656 0.97574
vt 0.31654 0.97574
vt 0.31659 0.97576
vt 0.31661 0.97576
vt 0.31661 0.97578
vt 0.31659 0.97578
vt 0.31661 0.97581
vt 0.31663 0.97578
vt 0.31654 0.97571
vt 0.31656 0.97571
vt 0.31656 0.97574
vt 0.31654 0.97574
vt 0.31661 0.97571
vt 0.31661 0.97574
vt 0.31659 0.97574
vt 0.31659 0.97571
vt 0.31654 0.97574
vt 0.31656 0.97574
vt 0.31656 0.97576
vt 0.31654 0.97576
vt 0.31656 0.97576
vt 0.31658 0.97576
vt 0.31658 0.97578
vt 0.31656 0.97578
vt 0.31663 0.97579
vt 0.31663 0.97580
vt 0.31658 0.97579
vt 0.31658 0.97581
vt 0.31654 0.97574
vt 0.31656 0.97574
vt 0.31654 0.97576
vt 0.31659 0.97571
vt 0.31656 0.97571
vt 0.31656 0.97574
vt 0.31659 0.97574
vt 0.31654 0.97579
vt 0.31654 0.97581
vt 0.31656 0.97581
vt 0.31656 0.97579
vt 0.31659 0.97578
vt 0.31659 0.97580
vt 0.31660 0.97580
vt 0.31660 0.97578
vt 0.31664 0.97576
vt 0.31664 0.97575
vt 0.31662 0.97580
vt 0.31662 0.97578
vt 0.31654 0.97579
vt 0.31654 0.97581
vt 0.31664 0.97571
vt 0.31661 0.97571
vt 0.31661 0.97574
vt 0.31664 0.97574
vt 0.31654 0.97576
vt 0.31654 0.97579
vt 0.31656 0.97579
vt 0.31656 0.97576
vt 0.31661 0.97576
vt 0.31663 0.97576
vt 0.31663 0.97580
vt 0.31664 0.97581
vt 0.31664 0.97580
vt 0.31661 0.97576
vt 0.31663 0.97575
vt 0.31664 0.97575
vt 0.31654 0.97576
vt 0.31654 0.97579
vt 0.55976 0.12515
vt 0.55975 0.12515
vt 0.55975 0.12512
vt 0.55976 0.12512
vt 0.55973 0.12507
vt 0.55973 0.12512
vt 0.55971 0.12512
vt 0.55971 0.12507
vt 0.55979 0.12511
vt 0.55979 0.12514
vt 0.55978 0.12514
vt 0.55971 0.12516
vt 0.55972 0.12516
vt 0.55972 0.12517
vt 0.55971 0.12517
vt 0.55973 0.12507
vt 0.55973 0.12507
vt 0.55971 0.12507
vt 0.55971 0.12507
vt 0.55971 0.12512
vt 0.55971 0.12512
vt 0.55977 0.12512
vt 0.55975 0.12512
vt 0.55975 0.12507
vt 0.55977 0.12507
vt 0.55980 0.12507
vt 0.55980 0.12511
vt 0.55979 0.12511
vt 0.55979 0.12507
vt 0.55979 0.12514
vt 0.55979 0.12517
vt 0.55978 0.12517
vt 0.55978 0.12514
vt 0.55974 0.12515
vt 0.55975 0.12515
vt 0.55974 0.12517
vt 0.55977 0.12512
vt 0.55975 0.12512
vt 0.55980 0.12514
vt 0.55980 0.12517
vt 0.55979 0.12517
vt 0.55979 0.12514
vt 0.55973 0.12512
vt 0.55973 0.12512
vt 0.55975 0.12515
vt 0.55975 0.12512
vt 0.55971 0.12512
vt 0.55971 0.12516
vt 0.55973 0.12516
vt 0.55979 0.12511
vt 0.55979 0.12514
vt 0.55980 0.12512
vt 0.55980 0.12513
vt 0.55971 0.12512
vt 0.55971 0.12512
vt 0.55971 0.12516
vt 0.55971 0.12516
vt 0.55975 0.12512
vt 0.55975 0.12507
vt 0.55973 0.12507
vt 0.55973 0.12512
vt 0.55977 0.12507
vt 0.55977 0.12511
vt 0.55980 0.12507
vt 0.55975 0.12515
vt 0.55975 0.12517
vt 0.55977 0.12517
vt 0.55977 0.12515
vt 0.55975 0.12512
vt 0.55973 0.12512
vt 0.55976 0.12515
vt 0.55973 0.12516
vt 0.55973 0.12516
vt 0.55977 0.12517
vt 0.55973 0.12507
vt 0.28156 0.10318
vt 0.28156 0.10318
vt 0.28156 0.10318
vt 0.28156 0.10318
vt 0.28156 0.10318
vt 0.28156 0.10318
vt 0.28156 0.10318
vt 0.28156 0.10318
vt 0.28156 0.10318
vt 0.28156 0.10318
vt 0.28156 0.10318
vt 0.28156 0.10318
vt 0.28156 0.10318
vt 0.28156 0.10318
vt 0.28156 0.10318
vt 0.28156 0.10318
vt 0.28156 0.10318
vt 0.28156 0.10318
vt 0.28156 0.10318
vt 0.28156 0.10318
vt 0.28156 0.10318
vt 0.28156 0.10318
vt 0.28156 0.10318
vt 0.28156 0.10318
vt 0.28156 0.10318
vt 0.28156 0.10318
vt 0.28156 0.10318
vt 0.28156 0.10318
vt 0.28156 0.10318
vt 0.28156 0.10318
vt 0.28156 0.10318
vt 0.28156 0.10318
vt 0.28156 0.10318
vt 0.28156 0.10318
vt 0.28156 0.10318
vt 0.28156 0.10318
vt 0.28156 0.10318
vt 0.28156 0.10318
vt 0.28156 0.10318
vt 0.28156 0.10318
vt 0.28156 0.10318
vt 0.28156 0.10318
vt 0.28156 0.10318
vt 0.28156 0.10318
vt 0.28156 0.10318
vt 0.28156 0.10318
vt 0.28156 0.10318
vt 0.28156 0.10318
vt 0.28156 0.10318
vt 0.28156 0.10318
vt 0.28156 0.10318
vt 0.28156 0.10318
vt 0.63600 0.09793
vt 0.63601 0.09793
vt 0.63600 0.09793
vt 0.63598 0.09793
vt 0.63597 0.09793
vt 0.63600 0.09793
vt 0.63600 0.09789
vt 0.63601 0.09789
vt 0.63600 0.09789
vt 0.63598 0.09789
vt 0.63597 0.09789
vt 0.63600 0.09789
vt 0.63600 0.09789
vt 0.63601 0.09789
vt 0.63597 0.09789
vt 0.63598 0.09789
vt 0.63599 0.09789
vt 0.63600 0.09789
vt 0.63600 0.09786
vt 0.63601 0.09786
vt 0.63597 0.09786
vt 0.63598 0.09786
vt 0.63599 0.09786
vt 0.63600 0.09786
vt 0.63597 0.09786
vt 0.63598 0.09786
vt 0.63600 0.09786
vt 0.63601 0.09786
vt 0.63600 0.09786
vt 0.63600 0.09786
vt 0.63602 0.09786
vt 0.63603 0.09786
vt 0.63605 0.09786
vt 0.63606 0.09786
vt 0.63605 0.09786
vt 0.63605 0.09786
vt 0.63601 0.09783
vt 0.63600 0.09783
vt 0.63597 0.09783
vt 0.63598 0.09783
vt 0.63599 0.09783
vt 0.63600 0.09783
vt 0.63606 0.09783
vt 0.63605 0.09783
vt 0.63602 0.09783
vt 0.63601 0.09783
vt 0.63601 0.09786
vt 0.63603 0.09783
vt 0.63604 0.09783
vt 0.63605 0.09783
vt 0.85844 0.11673
vt 0.85844 0.11674
vt 0.85843 0.11674
vt 0.85843 0.11672
vt 0.85845 0.11673
vt 0.85843 0.11670
vt 0.85851 0.11669
vt 0.85851 0.11671
vt 0.85851 0.11673
vt 0.85850 0.11674
vt 0.85850 0.11672
vt 0.85849 0.11672
vt 0.85849 0.11674
vt 0.85848 0.11674
vt 0.85847 0.11674
vt 0.85846 0.11674
vt 0.85845 0.11674
vt 0.85844 0.11668
vt 0.85844 0.11669
vt 0.85845 0.11669
vt 0.85846 0.11669
vt 0.85847 0.11669
vt 0.85847 0.11669
vt 0.85847 0.11668
vt 0.85849 0.11668
vt 0.85849 0.11669
vt 0.85850 0.11669
vt 0.85850 0.11667
vt 0.85850 0.11664
vt 0.85842 0.11665
vt 0.85842 0.11667
vt 0.85842 0.11670
vt 0.85843 0.11669
vt 0.85843 0.11668
vt 0.88331 0.07813
vt 0.88331 0.07813
vt 0.88331 0.07813
vt 0.88331 0.07813
vt 0.88331 0.07813
vt 0.88331 0.07813
vt 0.88331 0.07813
vt 0.88331 0.07813
vt 0.12494 0.94398
vt 0.12494 0.94398
vt 0.12494 0.94398
vt 0.12494 0.94398
vt 0.12494 0.94398
vt 0.12494 0.94398
vt 0.12494 0.94398
vt 0.12494 0.94398
vt 0.12494 0.94398
vt 0.12494 0.94398
vt 0.12494 0.94398
vt 0.12494 0.94398
vt 0.12494 0.94398
vt 0.12494 0.94398
vt 0.12494 0.94398
vt 0.12494 0.94398
vt 0.12494 0.94398
vt 0.12494 0.94398
vt 0.12494 0.94398
vt 0.12494 0.94398
vt 0.12494 0.94398
vt 0.12494 0.94398
vt 0.12494 0.94398
vt 0.12494 0.94398
vt 0.12494 0.94398
vt 0.12494 0.94398
vt 0.12494 0.94398
vt 0.12494 0.94398
vt 0.12494 0.94398
vt 0.12494 0.94398
vt 0.12494 0.94398
vt 0.12494 0.94398
vt 0.12494 0.94398
vt 0.12494 0.94398
vt 0.12494 0.94398
vt 0.12494 0.94398
vt 0.12494 0.94398
vt 0.12494 0.94398
vt 0.12494 0.94398
vt 0.12494 0.94398
vt 0.12494 0.94398
vt 0.12494 0.94398
vt 0.12494 0.94398
vt 0.12494 0.94398
vt 0.12494 0.94398
vt 0.12494 0.94398
vt 0.12494 0.94398
vt 0.12494 0.94398
vt 0.12494 0.94398
vt 0.12494 0.94398
vt 0.12494 0.94398
vt 0.12494 0.94398
vt 0.12494 0.94398
vt 0.12494 0.94398
vt 0.12494 0.94398
vt 0.12494 0.94398
vt 0.12494 0.94398
vt 0.12494 0.94398
vt 0.12494 0.94398
vt 0.12494 0.94398
vt 0.12494 0.94398
vt 0.12494 0.94398
vt 0.12494 0.94398
vt 0.12494 0.94398
vt 0.12494 0.94398
vt 0.12494 0.94398
vt 0.12494 0.94398
vt 0.12494 0.94398
vt 0.12494 0.94398
vt 0.12494 0.94398
vt 0.12494 0.94398
vt 0.12494 0.94398
vt 0.12494 0.94398
vt 0.12494 0.94398
vt 0.12494 0.94398
vt 0.12494 0.94398
vt 0.12494 0.94398
vt 0.12494 0.94398
vt 0.12494 0.94398
vt 0.12494 0.94398
vt 0.12494 0.94398
vt 0.12494 0.94398
vt 0.12494 0.94398
vt 0.12494 0.94398
vt 0.12494 0.94398
vt 0.12494 0.94398
vt 0.12494 0.94398
vt 0.12494 0.94398
vt 0.12494 0.94398
vt 0.12494 0.94398
vt 0.12494 0.94398
vt 0.12494 0.94398
vt 0.12494 0.94398
vt 0.12494 0.94398
vt 0.12494 0.94398
vt 0.12494 0.94398
vt 0.12494 0.94398
vt 0.12494 0.94398
vt 0.12494 0.94398
vt 0.12494 0.94398
vt 0.12494 0.94398
vt 0.12494 0.94398
vt 0.12494 0.94398
vt 0.12494 0.94398
vt 0.12494 0.94398
vt 0.12494 0.94398
vt 0.12494 0.94398
vt 0.12494 0.94398
vt 0.12494 0.94398
vt 0.12494 0.94398
vt 0.12494 0.94398
vt 0.12494 0.94398
vt 0.12494 0.94398
vt 0.12494 0.94398
vt 0.12494 0.94398
vt 0.12494 0.94398
vt 0.12494 0.94398
vt 0.12494 0.94398
vt 0.12494 0.94398
vt 0.12494 0.94398
vt 0.81942 0.10286
vt 0.81942 0.10286
vt 0.81942 0.10286
vt 0.81942 0.10286
vt 0.81942 0.10286
vt 0.81942 0.10286
vt 0.81942 0.10286
vt 0.81942 0.10286
vt 0.81942 0.10286
vt 0.81942 0.10286
vt 0.81942 0.10286
vt 0.81942 0.10286
vt 0.81942 0.10286
vt 0.81942 0.10286
vt 0.81942 0.10286
vt 0.81942 0.10286
vt 0.81942 0.10286
vt 0.81942 0.10286
vt 0.81942 0.10286
vt 0.81942 0.10286
vt 0.81942 0.10286
vt 0.81942 0.10286
vt 0.81942 0.10286
vt 0.81942 0.10286
vt 0.81942 0.10286
vt 0.81942 0.10286
vt 0.81942 0.10286
vt 0.81942 0.10286
vt 0.81942 0.10286
vt 0.81942 0.10286
vt 0.81942 0.10286
vt 0.81942 0.10286
vt 0.81942 0.10286
vt 0.81942 0.10286
vt 0.81942 0.10286
vt 0.81942 0.10286
vt 0.81942 0.10286
vt 0.81942 0.10286
vt 0.81942 0.10286
vt 0.81942 0.10286
vt 0.81942 0.10286
vt 0.81942 0.10286
vt 0.81942 0.10286
vt 0.81942 0.10286
vt 0.81942 0.10286
vt 0.81942 0.10286
vt 0.81942 0.10286
vt 0.81942 0.10286
vt 0.81942 0.10286
vt 0.81942 0.10286
vt 0.81942 0.10286
vt 0.81942 0.10286
vt 0.81942 0.10286
vt 0.81942 0.10286
vt 0.81942 0.10286
vt 0.81942 0.10286
vt 0.81942 0.10286
vt 0.81942 0.10286
vt 0.81942 0.10286
vt 0.81942 0.10286
vt 0.81942 0.10286
vt 0.81942 0.10286
vt 0.81942 0.10286
vt 0.81942 0.10286
vt 0.81942 0.10286
vt 0.81942 0.10286
vt 0.81942 0.10286
vt 0.81942 0.10286
vt 0.81942 0.10286
vt 0.81942 0.10286
vt 0.81942 0.10286
vt 0.81942 0.10286
vt 0.81942 0.10286
vt 0.81942 0.10286
vt 0.81942 0.10286
vt 0.81942 0.10286
vt 0.81942 0.10286
vt 0.81942 0.10286
vt 0.81942 0.10286
vt 0.81942 0.10286
vt 0.81942 0.10286
vt 0.81942 0.10286
vt 0.81942 0.10286
vt 0.81942 0.10286
vt 0.81942 0.10286
vt 0.81942 0.10286
vt 0.81942 0.10286
vt 0.81942 0.10286
vt 0.81942 0.10286
vt 0.81942 0.10286
vt 0.81942 0.10286
vt 0.81942 0.10286
vt 0.81942 0.10286
vt 0.81942 0.10286
vt 0.81942 0.10286
vt 0.81942 0.10286
vt 0.81942 0.10286
vt 0.81942 0.10286
vt 0.81942 0.10286
vt 0.81942 0.10286
vt 0.81942 0.10286
vt 0.81942 0.10286
vt 0.81942 0.10286
vt 0.81942 0.10286
vt 0.81942 0.10286
vt 0.81942 0.10286
vt 0.81942 0.10286
vt 0.81942 0.10286
vt 0.81942 0.10286
vt 0.81942 0.10286
vt 0.81942 0.10286
vt 0.81942 0.10286
vt 0.81942 0.10286
vt 0.81942 0.10286
vt 0.81942 0.10286
vt 0.81942 0.10286
vt 0.81942 0.10286
vt 0.81942 0.10286
vt 0.81942 0.10286
vt 0.81942 0.10286
vt 0.81942 0.10286
vt 0.81942 0.10286
vt 0.81942 0.10286
vt 0.81942 0.10286
vt 0.81942 0.10286
vt 0.81942 0.10286
vt 0.81942 0.10286
vt 0.81942 0.10286
vt 0.81942 0.10286
vt 0.81942 0.10286
vt 0.81942 0.10286
vt 0.81942 0.10286
vt 0.81942 0.10286
vt 0.81942 0.10286
vt 0.81942 0.10286
vt 0.81942 0.10286
vt 0.81942 0.10286
vt 0.81942 0.10286
vt 0.81942 0.10286
vt 0.81942 0.10286
vt 0.81942 0.10286
vt 0.81942 0.10286
vt 0.81942 0.10286
vt 0.72476 0.15848
vt 0.72476 0.15848
vt 0.72476 0.15848
vt 0.72476 0.15848
vt 0.72476 0.15848
vt 0.72476 0.15848
vt 0.94316 0.97284
vt 0.94316 0.97284
vt 0.94316 0.97284
vt 0.94316 0.97284
vt 0.94316 0.97284
vt 0.94316 0.97284
vt 0.94316 0.97284
vt 0.94316 0.97284
vt 0.94316 0.97284
vt 0.94316 0.97284
vt 0.94316 0.97284
vt 0.94316 0.97284
vt 0.94316 0.97284
vt 0.94316 0.97284
vt 0.94316 0.97284
vt 0.94316 0.97284
vt 0.94316 0.97284
vt 0.94316 0.97284
vt 0.94316 0.97284
vt 0.94316 0.97284
vt 0.94316 0.97284
vt 0.94316 0.97284
vt 0.94316 0.97284
vt 0.94316 0.97284
vt 0.94316 0.97284
vt 0.94316 0.97284
vt 0.94316 0.97284
vt 0.94316 0.97284
vt 0.94316 0.97284
vt 0.94316 0.97284
vt 0.94316 0.97284
vt 0.94316 0.97284
vt 0.94316 0.97284
vt 0.94316 0.97284
vt 0.94316 0.97284
vt 0.94316 0.97284
vt 0.94316 0.97284
vt 0.94316 0.97284
vt 0.94316 0.97284
vt 0.94316 0.97284
vt 0.94316 0.97284
vt 0.94316 0.97284
vt 0.94316 0.97284
vt 0.94316 0.97284
vt 0.94316 0.97284
vt 0.94316 0.97284
vt 0.94316 0.97284
vt 0.94316 0.97284
vn -0.000 0.004 1.000
vn 0.000 0.005 1.000
vn 0.000 0.003 1.000
vn 0.000 0.002 1.000
vn -0.000 1.000 -0.017
vn -0.940 0.340 -0.017
vn -0.932 0.361 0.005
vn -0.924 0.382 -0.000
vn -0.926 0.378 0.000
vn -0.926 0.378 0.000
vn -0.923 0.384 0.001
vn -0.917 0.399 0.000
vn -0.926 0.377 -0.023
vn -0.925 0.379 0.006
vn -0.916 0.400 -0.017
vn -0.923 0.384 -0.016
vn -0.916 0.401 0.009
vn -0.913 0.407 -0.018
vn -0.933 0.360 0.000
vn -0.934 0.358 0.000
vn -0.932 0.363 0.000
vn -0.931 0.365 0.000
vn -0.938 0.347 -0.008
vn -0.932 0.362 0.007
vn -0.929 0.370 -0.016
vn -0.934 0.356 -0.015
vn -0.924 0.382 0.011
vn -0.925 0.380 -0.023
vn -0.408 0.913 0.001
vn -0.411 0.912 0.001
vn -0.404 0.915 0.001
vn -0.401 0.916 0.001
vn -0.670 0.263 -0.694
vn -0.681 0.269 -0.682
vn -0.941 -0.339 0.013
vn -0.942 -0.337 0.013
vn -0.939 -0.343 0.014
vn -0.938 -0.345 0.014
vn -0.753 0.098 0.651
vn -0.763 0.106 0.638
vn -0.432 0.902 0.001
vn -0.435 0.901 0.001
vn -0.427 0.904 0.001
vn -0.424 0.905 0.000
vn -0.844 -0.193 -0.500
vn -0.853 -0.178 -0.490
vn -0.929 -0.369 0.015
vn -0.930 -0.367 0.015
vn -0.928 -0.372 0.015
vn -0.927 -0.374 0.015
vn -0.669 0.287 0.686
vn -0.682 0.291 0.671
vn 0.000 0.715 0.699
vn 0.000 0.715 0.699
vn -0.788 0.317 -0.528
vn -0.779 0.312 -0.544
vn -0.983 -0.186 0.000
vn -0.990 -0.144 0.000
vn -0.697 0.625 0.352
vn -0.661 0.644 0.384
vn -0.559 0.829 0.000
vn -0.592 0.806 0.001
vn -0.787 0.332 0.520
vn -0.776 0.328 0.539
vn -0.981 -0.193 0.008
vn -0.981 -0.194 0.008
vn -0.981 -0.194 0.008
vn -0.981 -0.193 0.008
vn -0.921 -0.046 -0.386
vn -0.905 -0.083 -0.416
vn -0.787 0.330 0.521
vn -0.779 0.327 0.535
vn -0.985 -0.171 0.000
vn -0.988 -0.157 -0.000
vn -0.568 0.823 0.001
vn -0.580 0.814 0.001
vn -0.851 0.199 0.486
vn -0.842 0.189 0.506
vn -0.988 -0.157 0.006
vn -0.987 -0.158 0.006
vn -0.988 -0.154 0.006
vn -0.988 -0.153 0.006
vn -0.788 0.314 -0.530
vn -0.778 0.310 -0.547
vn -0.000 0.963 -0.268
vn -0.000 0.963 -0.268
vn 0.836 0.202 0.510
vn 0.000 1.000 0.023
vn -0.659 0.646 0.385
vn -0.660 0.646 0.385
vn 0.659 0.399 0.637
vn 0.660 0.399 0.637
vn -0.106 0.825 0.555
vn -0.092 0.841 0.532
vn -0.170 -0.015 0.985
vn -0.176 0.002 0.984
vn 0.000 -0.809 0.588
vn 0.000 -0.309 0.951
vn 0.000 -0.309 -0.951
vn 0.000 -0.809 -0.588
vn 0.000 -1.000 0.000
vn 0.000 1.000 0.000
vn -0.596 0.803 0.000
vn -1.000 0.000 0.000
vn -0.997 -0.073 0.000
vn -0.776 -0.630 0.000
vn 0.000 -0.630 0.776
vn -0.957 0.289 0.000
vn -0.708 0.706 -0.012
vn 0.000 0.289 0.957
vn -0.158 -0.988 0.000
vn -0.997 -0.073 0.000
vn -0.997 -0.073 0.000
vn -0.587 0.810 -0.001
vn -0.583 0.813 0.000
vn -0.584 0.812 -0.000
vn -0.589 0.808 -0.001
vn -0.592 0.806 0.000
vn -0.586 0.810 0.001
vn -0.588 0.809 0.001
vn -0.594 0.805 0.000
vn -0.997 -0.074 0.001
vn -0.997 -0.074 0.001
vn -0.997 -0.073 0.000
vn -0.997 -0.073 0.000
vn 0.077 0.997 0.000
vn -0.224 0.676 -0.702
vn -0.245 0.697 -0.674
vn -0.545 -0.293 -0.786
vn -0.586 -0.286 -0.758
vn -0.503 -0.864 0.000
vn -0.550 0.038 0.834
vn -0.569 0.035 0.821
vn -0.398 0.513 0.761
vn -0.385 0.499 0.777
vn -0.615 -0.276 0.738
vn -0.545 -0.284 0.789
vn -0.406 0.501 0.764
vn -0.348 0.437 0.829
vn -0.352 0.498 -0.792
vn -0.378 0.541 -0.751
vn -0.558 -0.118 -0.822
vn -0.577 -0.117 -0.808
vn 0.000 0.000 1.000
vn -0.159 -0.499 0.852
vn -0.159 -0.500 0.851
vn -0.159 -0.497 0.853
vn -0.160 -0.496 0.854
vn 0.326 0.000 0.946
vn 0.323 -0.000 0.946
vn 0.331 0.001 0.944
vn 0.334 0.002 0.943
vn -0.154 0.488 0.859
vn -0.154 0.489 0.859
vn -0.154 0.486 0.861
vn -0.154 0.484 0.861
vn -0.638 -0.047 0.769
vn -0.636 -0.046 0.771
vn -0.642 -0.048 0.765
vn -0.644 -0.049 0.763
vn -0.172 -0.014 0.985
vn -0.189 -0.017 0.982
vn -0.184 -0.008 0.983
vn -0.184 -0.010 0.983
vn -0.184 -0.005 0.983
vn -0.184 -0.003 0.983
vn -0.188 0.002 0.982
vn -0.170 0.003 0.985
vn -0.176 -0.005 0.984
vn -0.176 -0.003 0.984
vn -0.176 -0.008 0.984
vn -0.176 -0.011 0.984
vn 0.770 0.055 0.635
vn 0.771 0.055 0.634
vn 0.769 0.054 0.637
vn 0.768 0.054 0.638
vn -0.091 0.870 0.484
vn -0.091 0.870 0.485
vn -0.091 0.871 0.484
vn -0.090 0.871 0.483
vn -0.947 0.002 0.321
vn -0.948 0.002 0.320
vn -0.946 0.002 0.323
vn -0.946 0.002 0.324
vn -0.085 -0.876 0.474
vn -0.085 -0.876 0.474
vn -0.085 -0.877 0.473
vn -0.084 -0.877 0.473
vn -0.170 -0.004 0.985
vn -0.170 -0.007 0.985
vn -0.171 -0.003 0.985
vn -0.170 -0.003 0.985
vn -0.176 -0.005 0.984
vn -0.174 -0.013 0.985
vn -0.177 -0.003 0.984
vn -0.176 -0.004 0.984
vn 0.000 -0.003 1.000
vn 0.000 -0.005 1.000
vn -0.000 -0.005 1.000
vn 0.000 -0.003 1.000
vn -0.082 -0.877 0.472
vn -0.082 -0.878 0.472
vn -0.082 -0.877 0.474
vn -0.083 -0.876 0.475
vn 0.779 0.057 0.624
vn 0.762 0.046 0.645
vn -0.028 0.987 0.157
vn -0.028 0.987 0.155
vn -0.028 0.987 0.159
vn -0.028 0.987 0.160
vn 0.000 0.987 0.159
vn 0.000 0.987 0.161
vn -0.000 0.987 0.160
vn 0.000 0.988 0.158
vn -0.099 0.814 0.573
vn -0.099 0.813 0.573
vn -0.099 0.814 0.573
vn -0.099 0.814 0.573
vn -0.902 -0.066 0.427
vn -0.901 -0.066 0.429
vn -0.902 -0.066 0.426
vn -0.903 -0.066 0.424
vn -0.101 -0.819 0.564
vn -0.101 -0.819 0.565
vn -0.101 -0.820 0.564
vn -0.101 -0.820 0.563
vn 0.000 -0.819 0.573
vn 0.000 -0.820 0.573
vn 0.000 -0.820 0.573
vn 0.000 -0.819 0.574
vn 0.000 -0.819 0.574
vn 0.000 -0.820 0.573
vn 0.000 -0.820 0.573
vn 0.000 -0.819 0.574
vn -0.103 0.814 0.572
vn 0.701 0.051 0.711
vn 0.700 0.051 0.712
vn 0.702 0.051 0.710
vn 0.703 0.051 0.709
vn -0.098 -0.819 0.566
vn -0.098 -0.819 0.565
vn -0.098 -0.819 0.566
vn -0.098 -0.819 0.566
vn -0.000 -0.221 -0.975
vn 0.790 -0.130 -0.600
vn 0.000 -0.906 -0.423
vn -0.773 -0.146 -0.617
vn -0.773 -0.146 -0.617
vn 0.000 0.614 -0.790
vn 0.771 -0.087 -0.631
vn -0.000 -0.894 -0.448
vn -0.000 -0.041 -0.999
vn 0.000 0.803 -0.596
vn 0.000 0.845 0.535
vn 0.000 -0.246 0.969
vn 0.000 0.045 0.999
vn -0.000 -0.630 -0.776
vn -0.000 0.700 -0.714
vn 0.000 -0.005 1.000
vn 0.000 -0.003 1.000
vn 0.000 -0.004 1.000
vn 0.000 -0.006 1.000
vn 0.000 -0.877 0.481
vn 0.000 -0.876 0.482
vn 0.000 -0.877 0.480
vn 0.000 -0.878 0.479
vn 0.000 0.813 0.582
vn 0.000 0.814 0.581
vn 0.000 0.814 0.581
vn 0.000 0.813 0.582
vn -0.000 0.813 0.582
vn -0.000 0.814 0.581
vn 0.000 0.814 0.582
vn 0.000 0.813 0.582
vn 0.000 0.004 1.000
vn -0.000 0.002 1.000
vn 0.932 0.361 0.005
vn 0.940 0.340 -0.017
vn 0.925 0.380 -0.000
vn 0.926 0.378 -0.000
vn 0.925 0.379 -0.000
vn 0.924 0.382 -0.000
vn 0.926 0.378 -0.000
vn 0.926 0.378 0.000
vn 0.917 0.399 0.000
vn 0.923 0.384 0.001
vn 0.925 0.379 0.006
vn 0.926 0.377 -0.023
vn 0.923 0.384 -0.016
vn 0.916 0.400 -0.017
vn 0.913 0.407 -0.018
vn 0.916 0.401 0.009
vn 0.933 0.360 0.000
vn 0.931 0.365 0.000
vn 0.932 0.363 0.000
vn 0.934 0.358 0.000
vn 0.932 0.362 0.007
vn 0.938 0.347 -0.008
vn 0.934 0.356 -0.015
vn 0.929 0.370 -0.016
vn 0.925 0.380 -0.023
vn 0.924 0.382 0.011
vn 0.401 0.916 0.001
vn 0.411 0.912 0.001
vn 0.681 0.269 -0.682
vn 0.670 0.263 -0.694
vn 0.938 -0.345 0.014
vn 0.942 -0.337 0.013
vn 0.763 0.106 0.638
vn 0.753 0.098 0.651
vn 0.424 0.905 0.000
vn 0.435 0.901 0.001
vn 0.853 -0.178 -0.490
vn 0.844 -0.193 -0.500
vn 0.927 -0.374 0.015
vn 0.930 -0.367 0.015
vn 0.682 0.291 0.671
vn 0.669 0.287 0.686
vn 0.778 0.312 -0.545
vn 0.788 0.317 -0.528
vn 0.990 -0.144 -0.000
vn 0.983 -0.186 0.000
vn 0.661 0.644 0.384
vn 0.697 0.625 0.352
vn 0.592 0.806 0.001
vn 0.559 0.829 0.000
vn 0.776 0.328 0.539
vn 0.787 0.332 0.520
vn 0.981 -0.194 0.008
vn 0.981 -0.193 0.008
vn 0.981 -0.193 0.008
vn 0.981 -0.194 0.008
vn 0.905 -0.083 -0.416
vn 0.921 -0.045 -0.386
vn 0.779 0.327 0.535
vn 0.787 0.330 0.521
vn 0.986 -0.167 -0.000
vn 0.988 -0.158 -0.000
vn 0.987 -0.162 -0.000
vn 0.985 -0.171 -0.000
vn 0.580 0.814 0.001
vn 0.568 0.823 0.001
vn 0.842 0.189 0.506
vn 0.851 0.199 0.486
vn 0.988 -0.157 0.006
vn 0.988 -0.153 0.006
vn 0.988 -0.154 0.006
vn 0.987 -0.158 0.006
vn 0.778 0.310 -0.547
vn 0.788 0.314 -0.529
vn -0.836 0.202 0.510
vn 0.659 0.646 0.385
vn 0.660 0.645 0.385
vn -0.659 0.399 0.637
vn -0.660 0.399 0.637
vn 0.092 0.841 0.532
vn 0.106 0.825 0.555
vn 0.176 0.002 0.984
vn 0.170 -0.015 0.985
vn 0.596 0.803 0.000
vn 1.000 0.000 0.000
vn 0.997 -0.073 0.000
vn 0.776 -0.630 0.000
vn 0.708 0.706 -0.012
vn 0.957 0.289 0.000
vn 0.089 0.996 0.000
vn 0.997 -0.073 0.000
vn 0.997 -0.073 0.000
vn 0.587 0.810 -0.001
vn 0.589 0.808 -0.001
vn 0.584 0.812 -0.000
vn 0.583 0.813 0.000
vn 0.592 0.806 0.000
vn 0.594 0.805 0.000
vn 0.588 0.809 0.001
vn 0.586 0.810 0.001
vn 0.997 -0.074 0.001
vn 0.997 -0.073 0.000
vn 0.997 -0.073 0.000
vn 0.997 -0.074 0.001
vn -0.077 0.997 0.000
vn 0.245 0.697 -0.674
vn 0.224 0.676 -0.702
vn 0.586 -0.286 -0.758
vn 0.545 -0.293 -0.786
vn 0.503 -0.864 -0.000
vn 0.569 0.035 0.821
vn 0.550 0.038 0.835
vn 0.385 0.499 0.777
vn 0.397 0.513 0.761
vn 0.545 -0.284 0.789
vn 0.616 -0.276 0.738
vn 0.349 0.437 0.829
vn 0.406 0.502 0.764
vn 0.378 0.541 -0.751
vn 0.352 0.498 -0.792
vn 0.577 -0.117 -0.808
vn 0.558 -0.118 -0.822
vn 0.160 -0.496 0.854
vn 0.159 -0.500 0.851
vn -0.326 0.000 0.946
vn -0.334 0.002 0.943
vn -0.331 0.001 0.944
vn -0.323 0.000 0.946
vn 0.154 0.488 0.859
vn 0.154 0.484 0.861
vn 0.154 0.486 0.861
vn 0.154 0.489 0.859
vn 0.638 -0.047 0.769
vn 0.644 -0.049 0.763
vn 0.642 -0.048 0.765
vn 0.636 -0.046 0.770
vn 0.189 -0.017 0.982
vn 0.171 -0.014 0.985
vn 0.184 -0.008 0.983
vn 0.184 -0.003 0.983
vn 0.184 -0.005 0.983
vn 0.184 -0.010 0.983
vn 0.170 0.003 0.985
vn 0.188 0.002 0.982
vn 0.176 -0.005 0.984
vn 0.176 -0.011 0.984
vn 0.176 -0.008 0.984
vn 0.176 -0.003 0.984
vn -0.768 0.054 0.638
vn -0.771 0.055 0.634
vn 0.090 0.871 0.483
vn 0.091 0.870 0.485
vn 0.946 0.002 0.324
vn 0.948 0.002 0.320
vn 0.084 -0.877 0.473
vn 0.085 -0.876 0.474
vn 0.170 -0.004 0.985
vn 0.170 -0.003 0.985
vn 0.171 -0.003 0.985
vn 0.170 -0.007 0.985
vn 0.174 -0.013 0.985
vn 0.176 -0.005 0.984
vn 0.176 -0.004 0.984
vn 0.177 -0.003 0.984
vn 0.082 -0.877 0.472
vn 0.083 -0.876 0.475
vn 0.082 -0.877 0.474
vn 0.082 -0.878 0.472
vn -0.762 0.046 0.645
vn -0.779 0.057 0.624
vn 0.028 0.987 0.157
vn 0.028 0.987 0.160
vn 0.028 0.987 0.159
vn 0.028 0.987 0.155
vn 0.000 0.987 0.160
vn 0.099 0.813 0.573
vn 0.099 0.814 0.573
vn 0.099 0.814 0.573
vn 0.902 -0.066 0.427
vn 0.903 -0.066 0.424
vn 0.902 -0.066 0.425
vn 0.901 -0.066 0.428
vn 0.101 -0.819 0.564
vn 0.101 -0.820 0.563
vn 0.101 -0.820 0.564
vn 0.101 -0.819 0.565
vn -0.000 -0.819 0.574
vn -0.000 -0.820 0.573
vn 0.103 0.814 0.572
vn 0.103 0.814 0.572
vn -0.701 0.051 0.711
vn -0.703 0.051 0.709
vn -0.703 0.051 0.710
vn -0.700 0.051 0.712
vn 0.098 -0.819 0.566
vn 0.098 -0.819 0.566
vn 0.098 -0.819 0.566
vn 0.098 -0.819 0.565
vn -0.790 -0.130 -0.600
vn 0.773 -0.146 -0.617
vn 0.773 -0.146 -0.617
vn 0.773 -0.146 -0.617
vn -0.771 -0.087 -0.631
vn 0.000 0.701 -0.714
vn -0.000 -0.003 1.000
vn -0.000 -0.877 0.480
vn -0.000 -0.876 0.482
vn 0.000 0.814 0.581
vn 0.000 0.813 0.582
vn 0.000 0.814 0.581
vn -0.804 0.455 0.382
vn 0.000 -0.062 0.998
vn -0.804 0.594 0.000
vn 0.000 0.594 0.804
vn -0.804 0.455 -0.382
vn -0.804 0.455 -0.382
vn 0.000 0.972 0.234
vn -0.804 0.103 -0.585
vn -0.804 -0.297 -0.514
vn -0.804 -0.558 -0.203
vn -0.804 -0.558 0.203
vn -0.804 -0.558 0.203
vn -0.000 -0.833 -0.553
vn -0.804 -0.297 0.514
vn -0.804 0.103 0.585
vn -0.804 0.103 0.585
vn -0.804 0.103 0.585
vn 0.000 -0.689 0.725
vn -0.493 0.435 0.753
vn -0.493 0.666 0.559
vn -0.493 0.666 0.559
vn -0.493 0.818 0.298
vn -0.493 0.818 0.298
vn -0.493 0.870 0.000
vn -0.493 0.870 0.000
vn -0.493 0.818 -0.298
vn -0.493 0.666 -0.559
vn -0.493 0.666 -0.559
vn -0.493 0.666 -0.559
vn -0.493 0.435 -0.753
vn -0.493 0.435 -0.753
vn -0.493 0.151 -0.857
vn -0.493 0.151 -0.857
vn -0.493 0.151 -0.857
vn -0.493 -0.151 -0.857
vn -0.493 -0.151 -0.857
vn -0.493 -0.435 -0.753
vn -0.493 -0.435 -0.753
vn -0.493 -0.666 -0.559
vn -0.493 -0.666 -0.559
vn -0.493 -0.818 -0.298
vn -0.493 -0.818 -0.298
vn -0.493 -0.870 0.000
vn -0.493 -0.870 0.000
vn -0.493 -0.818 0.298
vn -0.493 -0.818 0.298
vn -0.493 -0.666 0.559
vn -0.493 -0.666 0.559
vn -0.493 -0.435 0.753
vn -0.493 -0.435 0.753
vn -0.493 -0.151 0.857
vn -0.493 0.151 0.857
vn -0.493 0.666 0.559
vn -0.493 0.435 0.753
vn -0.493 0.151 0.857
vn -0.493 -0.151 0.857
vn -0.493 -0.666 -0.559
vn 0.000 0.500 0.866
vn 0.000 0.940 0.342
vn 0.000 -0.174 -0.985
vn -0.000 -0.766 -0.643
vn 0.000 -0.062 -0.998
vn 0.000 -0.689 -0.725
vn 0.000 -0.994 -0.112
vn 0.000 -0.283 0.959
vn 0.000 0.400 0.917
vn 0.804 0.455 0.382
vn 0.804 0.594 0.000
vn 0.804 0.455 -0.382
vn 0.804 0.455 -0.382
vn 0.804 0.103 -0.585
vn 0.804 0.103 -0.585
vn 0.000 0.895 -0.445
vn 0.804 -0.297 -0.514
vn 0.000 0.400 -0.917
vn 0.804 -0.558 -0.203
vn 0.000 -0.283 -0.959
vn 0.804 -0.558 0.203
vn 0.804 -0.558 0.203
vn 0.804 -0.297 0.514
vn 0.000 -0.994 0.112
vn 0.804 0.103 0.585
vn 0.804 0.103 0.585
vn 0.804 0.103 0.585
vn 0.493 0.435 0.753
vn 0.493 0.666 0.559
vn 0.493 0.818 0.298
vn 0.493 0.818 0.298
vn 0.493 0.870 0.000
vn 0.493 0.870 0.000
vn 0.493 0.818 -0.298
vn 0.493 0.666 -0.559
vn 0.493 0.435 -0.753
vn 0.493 0.435 -0.753
vn 0.493 0.151 -0.857
vn 0.493 0.151 -0.857
vn 0.493 -0.151 -0.857
vn 0.493 -0.151 -0.857
vn 0.493 -0.435 -0.753
vn 0.493 -0.666 -0.559
vn 0.493 -0.666 -0.559
vn 0.493 -0.818 -0.298
vn 0.493 -0.818 -0.298
vn 0.493 -0.870 0.000
vn 0.493 -0.818 0.298
vn 0.493 -0.818 0.298
vn 0.493 -0.666 0.559
vn 0.493 -0.666 0.559
vn 0.493 -0.435 0.753
vn 0.493 -0.151 0.857
vn 0.493 0.151 0.857
vn 0.493 0.151 0.857
vn 0.493 -0.435 -0.753
vn 0.493 -0.151 -0.857
vn 0.493 0.666 -0.559
vn 0.493 0.666 0.559
vn 0.493 0.666 0.559
vn 0.493 0.435 0.753
vn 0.493 0.151 0.857
vn 0.493 -0.151 0.857
vn 0.493 -0.870 0.000
vn 0.493 -0.666 -0.559
vn 0.000 0.766 0.643
vn -0.000 0.940 -0.342
vn 0.000 0.766 -0.643
vn 0.000 0.500 -0.866
vn 0.000 0.174 -0.985
vn 0.000 -0.500 -0.866
vn -0.000 -0.940 -0.342
vn 0.000 -0.940 0.342
vn 0.000 -0.766 0.643
vn 0.000 -0.500 0.866
vn 0.000 -0.174 0.985
vn 0.000 0.174 0.985
vn 0.000 0.972 -0.234
vn 0.000 0.594 -0.804
vn 0.000 -0.833 0.553
vn 0.000 0.895 0.445
vn 0.000 -0.174 0.985
vn 0.000 0.766 0.643
vn 0.000 -0.174 -0.985
vn 0.000 -0.766 0.643
vn 0.239 0.744 0.624
vn 0.239 0.744 0.624
vn 0.239 0.912 -0.332
vn 0.239 0.912 -0.332
vn 0.239 0.169 -0.956
vn 0.239 -0.744 -0.624
vn 0.239 -0.744 -0.624
vn 0.239 -0.912 0.332
vn 0.239 -0.912 0.332
vn 0.239 -0.169 0.956
vn 0.239 -0.169 0.956
vn -0.441 0.688 0.577
vn -0.441 0.688 0.577
vn -0.441 0.688 0.577
vn -0.441 0.843 -0.307
vn -0.441 0.843 -0.307
vn -0.441 0.156 -0.884
vn -0.441 0.156 -0.884
vn -0.441 -0.688 -0.577
vn -0.441 -0.688 -0.577
vn -0.441 -0.843 0.307
vn -0.441 -0.843 0.307
vn -0.441 -0.156 0.884
vn -0.441 -0.156 0.884
vn -0.441 -0.156 0.884
vn -0.913 -0.312 -0.262
vn -0.913 -0.312 -0.262
vn -0.913 -0.312 -0.262
vn -0.913 -0.383 0.140
vn -0.913 -0.383 0.140
vn -0.913 -0.071 0.402
vn -0.913 0.312 0.262
vn -0.913 0.312 0.262
vn -0.913 0.312 0.262
vn -0.913 0.383 -0.140
vn -0.913 0.383 -0.140
vn -0.913 0.071 -0.402
vn -0.913 0.071 -0.402
vn 0.000 -0.058 -0.998
vn 0.000 0.597 0.802
vn -1.000 -0.002 0.001
vn 0.000 -0.693 -0.721
vn 0.045 -0.702 -0.711
vn 0.000 -0.081 0.997
vn 0.044 -0.067 0.997
vn -0.948 -0.298 0.109
vn 0.036 -0.637 -0.770
vn 0.072 -0.629 -0.774
vn 0.950 0.293 -0.107
vn 0.037 0.004 0.999
vn 0.071 0.018 0.997
vn -0.214 0.918 -0.334
vn -0.678 -0.690 0.251
vn -0.678 -0.690 0.251
vn -0.720 -0.056 0.692
vn -0.741 -0.060 0.669
vn -0.668 -0.211 0.714
vn -0.680 -0.217 0.700
vn -0.844 0.504 -0.183
vn -0.844 0.504 -0.183
vn -0.681 -0.615 -0.398
vn -0.667 -0.622 -0.411
vn -0.739 -0.473 -0.479
vn -0.719 -0.493 -0.490
vn 0.000 -0.894 -0.449
vn 0.000 0.993 -0.116
vn -1.000 -0.000 0.003
vn 0.000 -0.971 0.239
vn 0.045 -0.966 0.253
vn 0.000 0.823 0.569
vn 0.044 0.830 0.557
vn -0.948 -0.055 0.313
vn 0.036 -0.986 0.166
vn 0.072 -0.985 0.158
vn 0.950 0.054 -0.307
vn 0.036 0.868 0.496
vn 0.071 0.873 0.483
vn -0.214 0.170 -0.962
vn -0.214 0.170 -0.962
vn -0.214 0.170 -0.962
vn -0.678 -0.128 0.724
vn -0.720 0.571 0.395
vn -0.741 0.549 0.387
vn -0.668 0.512 0.540
vn -0.680 0.498 0.538
vn -0.844 0.093 -0.528
vn -0.681 -0.652 0.334
vn -0.667 -0.667 0.333
vn -0.739 -0.651 0.171
vn -0.719 -0.671 0.182
vn 0.000 -0.835 0.550
vn -0.000 0.396 -0.918
vn 0.000 0.396 -0.918
vn -0.000 0.396 -0.918
vn -1.000 0.002 0.002
vn 0.000 -0.278 0.961
vn 0.045 -0.264 0.963
vn 0.000 0.904 -0.428
vn 0.044 0.897 -0.440
vn -0.948 0.243 0.204
vn 0.036 -0.349 0.936
vn 0.072 -0.355 0.932
vn 0.950 -0.239 -0.201
vn 0.036 0.863 -0.503
vn 0.071 0.855 -0.514
vn -0.214 -0.748 -0.628
vn -0.214 -0.748 -0.628
vn -0.678 0.563 0.472
vn -0.678 0.563 0.472
vn -0.720 0.627 -0.297
vn -0.741 0.610 -0.282
vn -0.668 0.724 -0.174
vn -0.681 0.715 -0.162
vn -0.844 -0.411 -0.345
vn -0.844 -0.411 -0.345
vn -0.681 -0.037 0.732
vn -0.667 -0.045 0.744
vn -0.739 -0.178 0.649
vn -0.719 -0.178 0.672
vn 0.000 0.058 0.998
vn 0.000 -0.597 -0.802
vn -1.000 0.002 -0.001
vn 0.000 0.693 0.721
vn 0.045 0.702 0.711
vn 0.000 0.081 -0.997
vn 0.044 0.067 -0.997
vn -0.948 0.298 -0.109
vn 0.036 0.637 0.770
vn 0.072 0.629 0.774
vn 0.950 -0.293 0.107
vn 0.950 -0.293 0.107
vn 0.037 -0.004 -0.999
vn 0.071 -0.018 -0.997
vn -0.214 -0.918 0.334
vn -0.678 0.690 -0.251
vn -0.720 0.056 -0.692
vn -0.741 0.060 -0.669
vn -0.668 0.211 -0.714
vn -0.680 0.217 -0.700
vn -0.844 -0.504 0.183
vn -0.844 -0.504 0.183
vn -0.681 0.615 0.398
vn -0.667 0.622 0.411
vn -0.739 0.473 0.479
vn -0.719 0.493 0.490
vn 0.000 0.894 0.449
vn 0.000 -0.993 0.116
vn -1.000 0.000 -0.003
vn 0.000 0.971 -0.239
vn 0.045 0.967 -0.253
vn 0.000 -0.823 -0.569
vn 0.044 -0.830 -0.557
vn -0.948 0.055 -0.313
vn -0.948 0.055 -0.313
vn 0.036 0.985 -0.166
vn 0.072 0.985 -0.158
vn 0.950 -0.054 0.307
vn 0.037 -0.868 -0.496
vn 0.071 -0.873 -0.483
vn 0.000 0.174 -0.985
vn -0.214 -0.170 0.962
vn -0.678 0.128 -0.724
vn -0.720 -0.571 -0.395
vn -0.741 -0.549 -0.387
vn -0.668 -0.512 -0.540
vn -0.680 -0.498 -0.538
vn -0.844 -0.093 0.528
vn -0.844 -0.093 0.528
vn -0.681 0.652 -0.334
vn -0.667 0.667 -0.333
vn -0.739 0.651 -0.171
vn -0.719 0.671 -0.182
vn 0.000 0.835 -0.550
vn 0.000 -0.396 0.918
vn -1.000 -0.002 -0.002
vn 0.000 0.278 -0.961
vn 0.045 0.264 -0.963
vn 0.000 -0.904 0.428
vn 0.044 -0.897 0.440
vn -0.948 -0.243 -0.204
vn 0.036 0.349 -0.936
vn 0.072 0.355 -0.932
vn 0.950 0.239 0.201
vn 0.037 -0.863 0.503
vn 0.071 -0.855 0.514
vn 0.000 -0.766 -0.643
vn -0.214 0.748 0.628
vn -0.214 0.748 0.628
vn -0.678 -0.563 -0.472
vn -0.678 -0.563 -0.472
vn -0.679 -0.563 -0.472
vn -0.720 -0.627 0.297
vn -0.741 -0.610 0.282
vn -0.668 -0.724 0.174
vn -0.681 -0.715 0.162
vn -0.844 0.411 0.345
vn -0.844 0.411 0.345
vn -0.681 0.037 -0.731
vn -0.667 0.045 -0.744
vn -0.739 0.178 -0.649
vn -0.719 0.178 -0.672
vn -0.804 0.103 -0.585
vn -0.804 -0.297 -0.514
vn -0.804 -0.558 -0.203
vn -0.493 -0.666 0.559
vn -0.493 0.151 0.857
vn -0.493 -0.151 -0.857
vn -0.493 -0.435 0.753
vn 0.000 -0.062 -0.998
vn 0.000 -0.689 -0.725
vn 0.000 -0.283 0.959
vn 0.000 0.895 -0.445
vn 0.804 -0.297 -0.514
vn 0.804 -0.558 -0.203
vn 0.493 -0.666 -0.559
vn 0.493 -0.151 0.857
vn 0.493 -0.151 0.857
vn 0.493 -0.435 0.753
vn 0.239 0.744 0.624
vn 0.239 0.744 0.624
vn 0.239 0.169 -0.956
vn 0.239 -0.912 0.332
vn -0.441 0.687 0.577
vn -0.441 0.687 0.577
vn -0.441 0.843 -0.307
vn -0.441 0.156 -0.884
vn -0.441 -0.688 -0.577
vn -0.441 -0.843 0.307
vn -0.441 -0.156 0.884
vn -0.913 -0.312 -0.262
vn -0.913 -0.312 -0.262
vn -0.913 -0.383 0.140
vn -0.913 -0.071 0.402
vn -0.913 -0.071 0.402
vn -0.913 0.312 0.262
vn -0.913 0.071 -0.402
vn -0.913 0.071 -0.402
vn 0.000 -0.059 -0.998
vn 0.000 -0.693 -0.721
vn 0.045 -0.702 -0.711
vn 0.043 -0.067 0.997
vn 0.036 -0.636 -0.770
vn 0.071 0.018 0.997
vn -0.678 -0.690 0.251
vn -0.720 -0.056 0.692
vn -0.741 -0.060 0.669
vn -0.668 -0.211 0.714
vn -0.681 -0.217 0.700
vn -0.844 0.504 -0.183
vn -0.667 -0.622 -0.411
vn -0.739 -0.473 -0.479
vn -0.719 -0.493 -0.490
vn 0.045 -0.967 0.253
vn 0.044 0.830 0.557
vn -0.948 -0.055 0.313
vn 0.950 0.054 -0.308
vn 0.037 0.868 0.496
vn 0.071 0.873 0.483
vn -0.214 0.170 -0.962
vn -0.214 0.170 -0.962
vn -0.678 -0.128 0.724
vn -0.678 -0.128 0.724
vn -0.720 0.571 0.395
vn -0.668 0.512 0.540
vn -0.681 0.498 0.538
vn -0.844 0.093 -0.528
vn -0.844 0.093 -0.528
vn -0.844 0.093 -0.528
vn -0.681 -0.652 0.334
vn -0.719 -0.671 0.182
vn 0.045 -0.264 0.963
vn 0.044 0.897 -0.440
vn 0.036 -0.349 0.936
vn 0.072 -0.355 0.932
vn 0.037 0.863 -0.503
vn 0.071 0.855 -0.514
vn -0.214 -0.748 -0.628
vn -0.720 0.627 -0.297
vn -0.680 0.715 -0.162
vn -0.844 -0.411 -0.345
vn -0.681 -0.037 0.731
vn -0.667 -0.045 0.744
vn -0.739 -0.178 0.649
vn -0.719 -0.178 0.672
vn 0.000 0.693 0.721
vn 0.036 0.636 0.770
vn 0.072 0.629 0.774
vn 0.071 -0.018 -0.997
vn -0.214 -0.918 0.334
vn -0.681 0.217 -0.700
vn -0.681 0.615 0.398
vn -0.667 0.622 0.411
vn 0.044 -0.830 -0.557
vn 0.036 0.985 -0.166
vn 0.036 -0.868 -0.496
vn 0.071 -0.873 -0.483
vn -0.214 -0.170 0.962
vn -0.678 0.128 -0.724
vn -0.741 -0.549 -0.387
vn -0.668 -0.512 -0.540
vn -0.681 -0.498 -0.538
vn -0.844 -0.093 0.528
vn -0.719 0.671 -0.182
vn 0.000 -0.396 0.918
vn 0.000 0.278 -0.961
vn 0.072 0.355 -0.932
vn 0.071 -0.855 0.514
vn -0.214 0.748 0.628
vn -0.678 -0.563 -0.472
vn -0.678 -0.563 -0.472
vn -0.678 -0.563 -0.472
vn -0.720 -0.627 0.297
vn -0.741 -0.610 0.282
vn -0.668 -0.724 0.174
vn -0.844 0.411 0.345
vn -0.681 0.037 -0.731
vn -0.667 0.045 -0.744
vn -0.739 0.178 -0.649
vn -0.719 0.178 -0.672
vn 0.804 0.455 0.382
vn 0.804 -0.297 0.514
vn 0.804 0.103 0.585
vn 0.804 0.103 0.585
vn 0.804 0.103 0.585
vn 0.493 0.151 -0.857
vn 0.493 0.151 -0.857
vn 0.493 0.435 0.753
vn 0.493 -0.666 0.559
vn 0.493 -0.818 -0.298
vn -0.804 0.103 -0.585
vn -0.493 0.870 0.000
vn -0.493 -0.435 -0.753
vn -0.493 0.435 -0.753
vn -0.493 0.818 -0.298
vn -0.493 0.435 0.753
vn 0.000 0.895 0.445
vn 1.000 -0.000 0.000
vn 1.000 0.000 0.000
vn 0.000 0.174 0.985
vn 0.000 0.766 -0.643
vn -0.239 0.744 0.624
vn -0.239 0.912 -0.332
vn -0.239 0.912 -0.332
vn -0.239 0.912 -0.332
vn -0.239 0.169 -0.956
vn -0.239 0.169 -0.956
vn -0.239 0.169 -0.956
vn -0.239 -0.744 -0.624
vn -0.239 -0.744 -0.624
vn -0.239 -0.744 -0.624
vn -0.239 -0.912 0.332
vn -0.239 -0.169 0.956
vn -0.239 -0.169 0.956
vn 0.441 0.687 0.577
vn 0.441 0.688 0.577
vn 0.441 0.843 -0.307
vn 0.441 0.843 -0.307
vn 0.441 0.156 -0.884
vn 0.441 0.156 -0.884
vn 0.441 0.156 -0.884
vn 0.441 0.156 -0.884
vn 0.441 -0.687 -0.577
vn 0.441 -0.688 -0.577
vn 0.441 -0.843 0.307
vn 0.441 -0.843 0.307
vn 0.441 -0.156 0.884
vn 0.441 -0.156 0.884
vn 0.913 -0.312 -0.262
vn 0.913 -0.312 -0.262
vn 0.913 -0.312 -0.262
vn 0.913 -0.383 0.140
vn 0.913 -0.383 0.140
vn 0.913 -0.071 0.402
vn 0.913 -0.071 0.402
vn 0.913 0.312 0.262
vn 0.913 0.312 0.262
vn 0.913 0.383 -0.140
vn 0.913 0.071 -0.402
vn 1.000 -0.002 0.001
vn -0.045 -0.702 -0.711
vn 0.000 -0.693 -0.721
vn -0.044 -0.067 0.997
vn 0.948 -0.298 0.109
vn -0.071 -0.630 -0.774
vn -0.036 -0.636 -0.770
vn -0.950 0.293 -0.107
vn -0.071 0.018 0.997
vn -0.036 0.004 0.999
vn 0.214 0.918 -0.334
vn 0.678 -0.690 0.251
vn 0.678 -0.690 0.251
vn 0.741 -0.060 0.669
vn 0.720 -0.056 0.692
vn 0.680 -0.217 0.700
vn 0.668 -0.211 0.714
vn 0.844 0.504 -0.183
vn 0.844 0.504 -0.183
vn 0.667 -0.622 -0.411
vn 0.681 -0.615 -0.398
vn 0.719 -0.493 -0.490
vn 0.739 -0.474 -0.479
vn 1.000 -0.000 0.003
vn -0.045 -0.966 0.253
vn -0.044 0.830 0.557
vn 0.948 -0.055 0.313
vn -0.072 -0.985 0.158
vn -0.036 -0.985 0.166
vn -0.950 0.054 -0.307
vn -0.950 0.054 -0.308
vn -0.071 0.873 0.483
vn -0.036 0.868 0.496
vn 0.214 0.170 -0.962
vn 0.214 0.170 -0.962
vn 0.678 -0.128 0.724
vn 0.678 -0.128 0.724
vn 0.678 -0.128 0.724
vn 0.741 0.549 0.387
vn 0.720 0.571 0.395
vn 0.680 0.498 0.538
vn 0.668 0.512 0.540
vn 0.844 0.093 -0.528
vn 0.844 0.093 -0.528
vn 0.667 -0.667 0.333
vn 0.681 -0.652 0.334
vn 0.719 -0.671 0.182
vn 0.739 -0.651 0.171
vn 1.000 0.002 0.002
vn -0.045 -0.264 0.963
vn -0.044 0.897 -0.440
vn 0.948 0.243 0.204
vn -0.071 -0.355 0.932
vn -0.036 -0.349 0.936
vn -0.950 -0.239 -0.201
vn -0.071 0.855 -0.514
vn -0.037 0.863 -0.503
vn 0.214 -0.748 -0.628
vn 0.678 0.563 0.472
vn 0.678 0.563 0.472
vn 0.741 0.610 -0.282
vn 0.720 0.627 -0.297
vn 0.680 0.715 -0.162
vn 0.668 0.724 -0.174
vn 0.844 -0.411 -0.345
vn 0.844 -0.411 -0.345
vn 0.667 -0.045 0.744
vn 0.681 -0.037 0.732
vn 0.719 -0.178 0.672
vn 0.739 -0.178 0.649
vn 0.000 0.059 0.998
vn 1.000 0.002 -0.001
vn 1.000 0.002 -0.001
vn -0.045 0.702 0.711
vn 0.000 0.693 0.721
vn -0.044 0.067 -0.997
vn 0.948 0.298 -0.109
vn -0.072 0.629 0.774
vn -0.036 0.637 0.770
vn -0.950 -0.293 0.107
vn -0.950 -0.293 0.107
vn -0.071 -0.018 -0.997
vn -0.037 -0.004 -0.999
vn 0.214 -0.918 0.334
vn 0.678 0.690 -0.251
vn 0.740 0.060 -0.669
vn 0.720 0.056 -0.692
vn 0.680 0.217 -0.700
vn 0.668 0.211 -0.714
vn 0.844 -0.504 0.183
vn 0.844 -0.504 0.183
vn 0.667 0.622 0.411
vn 0.681 0.615 0.398
vn 0.719 0.493 0.490
vn 0.739 0.473 0.479
vn 1.000 0.000 -0.003
vn -0.045 0.967 -0.253
vn -0.044 -0.830 -0.557
vn 0.000 -0.823 -0.569
vn 0.948 0.055 -0.313
vn 0.948 0.055 -0.313
vn -0.072 0.985 -0.158
vn -0.036 0.985 -0.166
vn -0.950 -0.054 0.307
vn -0.071 -0.873 -0.483
vn -0.037 -0.868 -0.496
vn 0.214 -0.170 0.962
vn 0.678 0.128 -0.723
vn 0.678 0.128 -0.724
vn 0.741 -0.549 -0.387
vn 0.720 -0.571 -0.395
vn 0.680 -0.498 -0.538
vn 0.668 -0.512 -0.540
vn 0.844 -0.093 0.528
vn 0.844 -0.093 0.528
vn 0.844 -0.093 0.528
vn 0.844 -0.093 0.528
vn 0.667 0.667 -0.333
vn 0.681 0.652 -0.334
vn 0.719 0.671 -0.182
vn 0.739 0.651 -0.171
vn 0.000 0.835 -0.550
vn 1.000 -0.002 -0.002
vn -0.045 0.264 -0.963
vn -0.044 -0.897 0.440
vn 0.000 -0.904 0.428
vn 0.948 -0.243 -0.204
vn -0.072 0.355 -0.932
vn -0.036 0.349 -0.936
vn -0.950 0.239 0.201
vn -0.071 -0.855 0.514
vn -0.036 -0.863 0.503
vn 0.214 0.748 0.628
vn 0.214 0.748 0.628
vn 0.678 -0.563 -0.472
vn 0.741 -0.610 0.282
vn 0.720 -0.627 0.297
vn 0.681 -0.714 0.162
vn 0.668 -0.724 0.174
vn 0.844 0.411 0.345
vn 0.844 0.411 0.345
vn 0.667 0.045 -0.744
vn 0.681 0.037 -0.731
vn 0.719 0.178 -0.672
vn 0.739 0.178 -0.649
vn 0.804 0.455 -0.382
vn 0.493 0.666 -0.559
vn 0.493 -0.666 0.559
vn -0.493 -0.151 0.857
vn -0.239 0.744 0.624
vn -0.239 0.744 0.624
vn 0.441 0.688 0.577
vn 0.441 0.843 -0.307
vn 0.441 -0.687 -0.577
vn 0.441 -0.688 -0.577
vn 0.441 -0.156 0.884
vn 0.913 -0.313 -0.262
vn 0.913 -0.312 -0.262
vn 0.913 -0.383 0.140
vn 0.913 -0.071 0.402
vn 0.913 0.312 0.262
vn 0.913 0.312 0.262
vn 0.913 0.383 -0.140
vn 0.913 0.071 -0.402
vn 0.913 0.071 -0.402
vn 1.000 -0.002 0.001
vn -0.045 -0.702 -0.711
vn -0.044 -0.067 0.997
vn -0.072 -0.629 -0.774
vn -0.036 -0.637 -0.770
vn -0.037 0.004 0.999
vn 0.678 -0.690 0.251
vn 0.741 -0.060 0.669
vn 0.681 -0.217 0.700
vn 0.844 0.504 -0.183
vn 0.667 -0.622 -0.411
vn 0.681 -0.615 -0.398
vn 0.719 -0.493 -0.490
vn 0.739 -0.473 -0.479
vn -0.045 -0.967 0.253
vn -0.044 0.830 0.557
vn -0.036 -0.986 0.166
vn -0.071 0.873 0.483
vn -0.036 0.868 0.496
vn 0.741 0.549 0.387
vn 0.680 0.498 0.538
vn 0.668 0.512 0.540
vn 0.844 0.093 -0.528
vn 0.844 0.093 -0.528
vn 0.719 -0.671 0.182
vn 0.739 -0.651 0.171
vn -0.045 -0.264 0.963
vn -0.044 0.897 -0.440
vn -0.072 -0.355 0.932
vn -0.036 -0.349 0.936
vn -0.071 0.855 -0.514
vn -0.036 0.863 -0.503
vn 0.214 -0.748 -0.628
vn 0.678 0.563 0.472
vn 0.678 0.563 0.472
vn 0.741 0.610 -0.282
vn 0.720 0.627 -0.297
vn 0.680 0.715 -0.162
vn 0.844 -0.411 -0.345
vn 0.681 -0.037 0.731
vn 0.719 -0.178 0.672
vn 0.739 -0.178 0.650
vn -0.045 0.702 0.711
vn -0.044 0.067 -0.997
vn -0.072 0.629 0.774
vn -0.036 0.636 0.770
vn -0.071 -0.018 -0.997
vn 0.678 0.690 -0.251
vn 0.678 0.690 -0.251
vn 0.741 0.060 -0.669
vn 0.720 0.056 -0.692
vn 0.681 0.217 -0.700
vn 0.668 0.211 -0.714
vn 0.844 -0.504 0.183
vn 0.667 0.622 0.411
vn 0.681 0.615 0.398
vn 0.719 0.493 0.490
vn 0.739 0.473 0.479
vn -0.045 0.967 -0.253
vn -0.044 -0.830 -0.557
vn -0.072 0.985 -0.158
vn -0.036 0.985 -0.166
vn -0.071 -0.873 -0.483
vn -0.037 -0.868 -0.496
vn 0.214 -0.170 0.962
vn 0.679 0.128 -0.723
vn 0.741 -0.549 -0.387
vn 0.681 -0.498 -0.538
vn 0.668 -0.512 -0.540
vn 0.844 -0.093 0.528
vn 0.667 0.667 -0.333
vn 0.719 0.671 -0.182
vn -0.045 0.264 -0.963
vn -0.071 -0.855 0.514
vn -0.036 -0.863 0.503
vn 0.214 0.748 0.628
vn 0.678 -0.563 -0.472
vn 0.678 -0.563 -0.472
vn 0.741 -0.610 0.282
vn 0.681 -0.715 0.162
vn 0.667 -0.724 0.174
vn 0.844 0.411 0.345
vn 0.667 0.045 -0.744
vn 0.681 0.037 -0.732
vn 0.719 0.178 -0.672
vn -0.911 0.411 -0.018
vn -0.927 0.376 0.001
vn -0.923 0.384 -0.017
vn -0.936 0.353 0.001
vn 0.927 0.376 0.001
vn 0.911 0.411 -0.018
vn 0.936 0.353 0.001
vn 0.923 0.384 -0.017
vn 0.000 0.306 0.952
vn 0.000 0.809 0.588
vn -0.000 0.809 -0.588
vn 0.000 0.309 -0.951
vn 0.000 -0.309 0.951
vn -0.000 -0.305 -0.952
vn 0.000 0.000 -1.000
vn 0.000 0.306 -0.952
vn 0.000 0.309 0.951
vn 0.000 -0.309 -0.951
vn 0.000 -0.305 0.952
vn -0.706 0.217 0.674
vn -0.706 0.217 0.674
vn -0.706 0.217 0.674
vn -0.706 0.573 0.416
vn -0.706 0.573 0.416
vn -0.706 0.708 0.000
vn -0.706 0.708 0.000
vn -0.706 0.573 -0.416
vn -0.706 0.219 -0.673
vn -0.706 0.219 -0.673
vn -0.706 0.000 -0.708
vn -0.706 0.000 -0.708
vn -0.706 0.000 -0.708
vn -0.706 -0.708 0.000
vn -0.706 -0.708 0.000
vn -0.706 0.000 0.708
vn -0.706 0.000 0.708
vn -0.706 0.000 0.708
vn -0.706 -0.219 0.673
vn -0.706 -0.219 0.673
vn -0.706 -0.573 0.416
vn -0.706 -0.573 0.416
vn -0.706 -0.708 0.000
vn -0.706 -0.573 -0.416
vn -0.706 -0.573 -0.416
vn -0.706 -0.216 -0.674
vn -0.706 -0.216 -0.674
vn -0.706 0.217 -0.674
vn -0.706 0.217 -0.674
vn -0.706 -0.216 0.674
vn -0.706 -0.216 0.674
vn -0.706 -0.573 0.416
vn -0.706 -0.219 -0.673
vn -0.706 -0.219 -0.673
vn -0.706 0.219 0.673
vn -0.706 0.219 0.673
vn -0.706 0.573 0.416
vn -0.706 0.708 0.000
vn 0.000 -0.999 0.051
vn 0.026 -0.998 0.055
vn -0.211 -0.325 0.922
vn -0.246 -0.179 0.953
vn 0.183 0.000 -0.983
vn -0.035 -0.997 -0.074
vn -0.063 -0.998 -0.006
vn 0.000 -0.185 0.983
vn -0.000 -0.829 -0.559
vn -0.956 -0.294 0.015
vn -0.956 -0.294 0.015
vn -0.956 -0.294 0.015
vn -0.246 -0.288 0.926
vn -0.245 -0.306 0.920
vn 0.000 -0.290 0.957
vn -0.181 0.151 0.972
vn -0.175 0.625 0.761
vn -0.989 0.150 0.000
vn -0.989 0.151 0.000
vn -0.957 0.000 -0.290
vn -0.957 0.000 -0.290
vn -0.957 -0.241 -0.163
vn -0.956 -0.243 -0.164
vn -0.958 -0.238 -0.161
vn -0.958 -0.236 -0.160
vn -0.992 -0.123 0.000
vn -0.000 -0.123 -0.992
vn 0.992 -0.123 -0.000
vn 0.000 -0.456 0.890
vn 0.000 0.633 0.774
vn 0.000 -0.123 0.992
vn 0.706 0.217 0.674
vn 0.706 0.573 0.416
vn 0.706 0.573 0.416
vn 0.706 0.573 0.416
vn 0.706 0.708 0.000
vn 0.706 0.708 0.000
vn 0.706 0.573 -0.416
vn 0.706 0.573 -0.416
vn 0.706 0.219 -0.673
vn 0.706 0.219 -0.673
vn 0.706 0.000 -0.708
vn 0.706 0.000 -0.708
vn 0.706 -0.708 0.000
vn 0.706 -0.708 0.000
vn 0.706 0.000 0.708
vn 0.706 0.000 0.708
vn 0.706 -0.219 0.673
vn 0.706 -0.219 0.673
vn 0.706 -0.573 0.416
vn 0.706 -0.573 -0.416
vn 0.706 -0.573 -0.416
vn 0.706 -0.216 -0.674
vn 0.706 0.217 -0.674
vn 0.706 0.217 -0.674
vn 0.706 -0.216 0.674
vn 0.706 -0.216 0.674
vn 0.706 -0.216 0.674
vn 0.706 -0.573 -0.416
vn 0.706 -0.219 -0.673
vn 0.706 -0.219 -0.673
vn 0.706 0.000 -0.708
vn 0.706 0.219 0.673
vn 0.706 0.573 -0.416
vn 0.706 0.000 0.708
vn 0.706 -0.708 0.000
vn -0.026 -0.998 0.055
vn 0.246 -0.179 0.953
vn 0.211 -0.325 0.922
vn -0.183 0.000 -0.983
vn 0.063 -0.998 -0.006
vn 0.035 -0.997 -0.074
vn 0.956 -0.294 0.015
vn 0.956 -0.294 0.015
vn 0.245 -0.306 0.920
vn 0.246 -0.288 0.926
vn 0.175 0.625 0.761
vn 0.181 0.151 0.972
vn 0.989 0.150 -0.000
vn 0.989 0.151 -0.000
vn 0.957 0.000 -0.290
vn 0.957 -0.241 -0.163
vn 0.958 -0.236 -0.161
vn 0.958 -0.238 -0.161
vn 0.956 -0.243 -0.164
vn -0.999 -0.041 0.000
vn -0.999 -0.041 0.000
vn -0.999 -0.036 0.001
vn -0.999 -0.036 0.001
vn 0.000 0.000 1.000
vn 0.000 0.000 -1.000
vn 0.001 -0.707 -0.707
vn 0.002 -0.708 -0.706
vn 0.001 -0.708 -0.707
vn 0.000 -0.707 -0.707
vn -0.998 -0.070 0.000
vn -0.070 0.998 0.000
vn 0.000 0.000 -1.000
vn 0.070 -0.997 -0.024
vn -0.000 0.000 1.000
vn -0.736 0.677 0.000
vn -0.677 -0.029 -0.735
vn -0.698 -0.025 -0.716
vn -0.634 -0.773 -0.017
vn -0.694 -0.032 0.719
vn -0.676 -0.028 0.736
vn -0.999 -0.041 0.000
vn 0.000 0.000 -1.000
vn -0.677 -0.029 -0.735
vn -0.698 -0.025 -0.716
vn -0.634 -0.773 -0.017
vn -0.694 -0.032 0.719
vn -0.677 -0.028 0.736
vn 0.999 -0.041 0.000
vn 0.999 -0.036 0.001
vn 0.999 -0.036 0.001
vn 0.999 -0.041 0.000
vn 0.000 0.000 1.000
vn -0.001 -0.707 -0.707
vn -0.001 -0.708 -0.707
vn -0.002 -0.708 -0.706
vn 0.998 -0.070 -0.000
vn 0.998 -0.070 -0.000
vn 0.070 0.998 0.000
vn -0.070 -0.997 -0.024
vn -0.070 -0.997 -0.024
vn -0.000 0.000 1.000
vn 0.000 0.000 1.000
vn 0.736 0.678 0.000
vn 0.736 0.677 0.000
vn 0.698 -0.025 -0.716
vn 0.677 -0.029 -0.735
vn 0.634 -0.773 -0.017
vn 0.634 -0.773 -0.017
vn 0.676 -0.028 0.736
vn 0.694 -0.032 0.719
vn -0.000 0.000 -1.000
vn -0.001 -0.708 -0.707
vn -0.002 -0.708 -0.706
vn 0.998 -0.070 -0.000
vn -0.001 0.000 -1.000
vn 0.736 0.677 0.000
vn 0.736 0.677 0.000
vn 0.698 -0.025 -0.716
vn 0.677 -0.029 -0.735
vn 0.676 -0.028 0.736
vn 0.694 -0.032 0.719
vn -0.552 -0.834 0.000
vn -0.552 -0.834 0.000
vn -0.552 0.000 0.834
vn -0.552 0.000 0.834
vn -0.552 0.000 0.834
vn -0.552 0.834 0.000
vn -0.552 0.834 0.000
vn -0.552 0.834 0.000
vn -0.552 0.000 -0.834
vn -0.552 0.000 0.834
vn -0.552 0.000 0.834
vn -0.552 0.000 -0.834
vn -0.552 0.000 -0.834
vn 0.552 -0.834 0.000
vn 0.552 -0.834 0.000
vn 0.552 0.000 0.834
vn 0.552 0.000 0.834
vn 0.552 0.834 0.000
vn 0.552 0.834 0.000
vn 0.551 0.000 -0.834
vn 0.551 0.000 -0.834
vn 0.552 0.000 -0.834
vn 0.552 0.000 0.834
vn 0.552 0.000 -0.834
vn 0.000 0.983 0.182
vn 0.983 0.000 0.182
vn 0.983 0.000 0.182
vn -0.661 0.000 -0.750
vn -0.661 0.000 -0.750
vn -0.000 0.661 -0.750
vn 0.000 -0.983 0.182
vn 0.000 -0.983 0.182
vn 0.000 -0.661 -0.750
vn 0.000 0.983 0.182
vn -0.983 0.000 0.182
vn -0.983 0.000 0.182
vn -0.983 0.000 0.182
vn 0.661 0.000 -0.750
vn 0.661 0.000 -0.750
vn 0.174 0.000 -0.985
vn 0.174 0.000 -0.985
vn 0.174 0.000 -0.985
vn -0.174 0.000 0.985
vn -0.174 0.000 0.985
vn 0.985 0.000 0.174
vn 0.985 0.000 0.174
vn -0.985 0.000 -0.174
vn -0.985 0.000 -0.174
vn -0.696 -0.707 -0.123
vn -0.696 0.707 -0.123
vn -0.129 0.669 0.732
vn -0.595 0.473 0.650
vn -0.595 0.473 0.650
vn -0.595 0.473 0.650
vn -0.595 0.473 0.649
vn -0.788 0.000 0.616
vn -0.788 0.000 0.616
vn -0.116 -0.669 0.735
vn -0.116 -0.668 0.735
vn -0.115 -0.669 0.734
vn -0.115 -0.670 0.733
vn 0.530 0.000 0.848
vn -0.129 -0.669 0.732
vn 0.530 0.000 0.848
vn 0.530 0.000 0.848
vn 0.530 0.000 0.848
vn 0.530 0.000 0.848
vn -0.116 0.669 0.734
vn -0.115 0.670 0.733
vn -0.116 0.669 0.735
vn -0.116 0.668 0.735
vn -0.788 0.000 0.616
vn -0.595 -0.473 0.650
vn -0.595 -0.473 0.650
vn -0.174 0.000 -0.985
vn -0.174 0.000 -0.985
vn -0.174 0.000 -0.985
vn 0.174 0.000 0.985
vn -0.985 0.000 0.174
vn -0.985 0.000 0.174
vn 0.985 0.000 -0.174
vn 0.985 0.000 -0.174
vn 0.696 -0.707 -0.123
vn 0.696 -0.707 -0.123
vn 0.696 0.707 -0.123
vn 0.174 -0.000 0.985
vn 0.129 0.669 0.732
vn 0.595 0.473 0.650
vn 0.595 0.473 0.650
vn 0.595 0.473 0.650
vn 0.788 0.000 0.616
vn 0.788 0.000 0.616
vn 0.116 -0.669 0.735
vn 0.115 -0.670 0.733
vn 0.115 -0.669 0.734
vn 0.116 -0.668 0.735
vn -0.530 0.000 0.848
vn -0.530 0.000 0.848
vn 0.129 -0.669 0.732
vn -0.530 0.000 0.848
vn -0.530 0.000 0.848
vn -0.530 0.000 0.848
vn 0.116 0.669 0.734
vn 0.116 0.668 0.735
vn 0.116 0.669 0.735
vn 0.115 0.670 0.733
vn 0.788 0.000 0.615
vn 0.788 0.000 0.615
vn 0.788 0.000 0.616
vn 0.595 -0.473 0.650
vn -0.019 -1.000 0.000
vn -0.022 -1.000 0.000
vn -0.022 -1.000 0.000
vn -0.184 0.005 0.983
vn -0.176 -0.018 0.984
vn 0.176 -0.018 0.984
vn 0.184 0.005 0.983
vn 0.000 0.208 0.978
vn 0.000 -0.208 -0.978
vn 0.000 -0.978 0.208
vn 0.000 0.978 -0.208
vn -0.707 0.692 -0.147
vn -0.707 0.692 -0.147
vn 0.707 0.692 -0.147
vn -0.646 -0.159 -0.747
vn 0.000 0.473 -0.881
vn 0.646 -0.159 -0.747
vn 0.000 -0.790 -0.613
vn -0.457 0.288 -0.842
vn 0.000 0.473 -0.881
vn 0.457 0.288 -0.842
vn 0.457 0.288 -0.842
vn 0.000 -0.790 -0.613
vn 0.000 -0.790 -0.613
vn 0.646 -0.159 -0.747
vn 0.646 -0.159 -0.747
vn 0.646 -0.159 -0.747
vn -0.000 0.208 0.978
vn -0.783 -0.129 -0.608
vn -0.783 -0.129 -0.608
vn -0.783 -0.129 -0.608
vn 0.000 0.637 -0.771
vn 0.783 -0.129 -0.608
vn 0.783 -0.129 -0.608
vn 0.000 -0.895 -0.445
vn -0.783 -0.129 -0.608
vn -0.554 0.413 -0.723
vn 0.000 0.637 -0.771
vn 0.554 0.413 -0.723
vn 0.554 0.413 -0.723
vn 0.783 -0.129 -0.608
vn 0.783 -0.129 -0.608
vn 0.783 -0.129 -0.608
vn 0.000 -0.895 -0.445
vn 0.000 0.208 0.978
vn -0.646 -0.159 -0.747
vn -0.646 -0.159 -0.747
vn 0.646 -0.159 -0.747
vn -0.457 0.288 -0.842
vn -0.646 -0.159 -0.747
vn 0.783 -0.129 -0.608
vn 0.783 -0.129 -0.608
vn -0.554 0.413 -0.723
vn -0.783 -0.129 -0.608
vn -0.783 -0.129 -0.608
vn 0.000 0.941 -0.340
vn -0.338 0.941 -0.039
vn 0.000 0.941 0.340
vn 0.338 0.941 -0.039
vn 0.000 -0.525 0.851
vn 0.000 -0.525 0.851
vn -0.000 0.709 -0.705
vn -0.811 0.584 -0.024
vn -0.665 0.746 -0.035
vn 0.000 0.332 -0.943
vn 0.000 0.332 -0.943
vn 0.000 0.332 -0.943
vn -0.929 0.371 -0.017
vn -0.929 0.370 -0.017
vn -0.928 0.371 -0.017
vn -0.928 0.371 -0.017
vn -0.911 0.411 -0.008
vn -0.915 0.403 -0.013
vn -0.914 0.405 -0.012
vn -0.910 0.414 -0.007
vn -0.999 0.047 0.002
vn -0.998 0.064 0.000
vn -0.904 0.276 0.327
vn -0.903 0.274 0.332
vn -0.904 0.277 0.325
vn -0.905 0.278 0.323
vn -0.905 0.278 0.323
vn -0.905 0.278 0.323
vn -0.905 0.278 0.323
vn -0.700 0.713 -0.033
vn -0.715 0.699 -0.029
vn -0.776 0.546 -0.315
vn -0.776 0.546 -0.315
vn -0.779 0.545 -0.311
vn -0.776 0.546 -0.315
vn -0.779 0.545 -0.311
vn -0.781 0.544 -0.307
vn -0.781 0.544 -0.307
vn -0.781 0.544 -0.307
vn -0.781 0.544 -0.307
vn -0.929 0.369 -0.015
vn -0.926 0.378 -0.016
vn -0.924 0.382 -0.016
vn -0.926 0.378 -0.016
vn -0.925 0.380 -0.016
vn -0.923 0.385 -0.016
vn -0.916 0.400 0.006
vn -0.913 0.406 -0.020
vn -0.913 0.407 0.001
vn -0.916 0.400 -0.002
vn -0.916 0.402 -0.001
vn -0.913 0.409 0.002
vn -0.912 0.409 -0.003
vn -0.916 0.401 -0.007
vn -0.915 0.403 -0.006
vn -0.912 0.411 -0.002
vn -0.909 0.417 -0.013
vn -0.914 0.405 -0.020
vn -0.218 0.590 -0.778
vn -0.219 0.590 -0.777
vn -0.217 0.589 -0.778
vn -0.216 0.589 -0.779
vn -0.773 -0.634 0.011
vn -0.773 -0.634 0.011
vn -0.774 -0.634 0.011
vn -0.774 -0.633 0.011
vn -0.532 -0.073 0.844
vn -0.533 -0.073 0.843
vn -0.531 -0.074 0.844
vn -0.530 -0.074 0.845
vn -0.042 0.999 -0.028
vn -0.042 0.999 -0.028
vn -0.043 0.999 -0.028
vn -0.043 0.999 -0.028
vn -0.227 0.591 -0.774
vn -0.228 0.591 -0.774
vn -0.227 0.591 -0.774
vn -0.226 0.591 -0.775
vn -0.771 -0.637 0.001
vn -0.770 -0.637 0.001
vn -0.771 -0.637 0.001
vn -0.771 -0.637 0.001
vn -0.524 -0.078 0.848
vn -0.525 -0.078 0.848
vn -0.523 -0.079 0.849
vn -0.523 -0.079 0.849
vn -0.047 0.999 -0.007
vn -0.046 0.999 -0.007
vn -0.047 0.999 -0.007
vn -0.047 0.999 -0.007
vn -0.223 0.590 -0.776
vn -0.224 0.591 -0.775
vn -0.222 0.590 -0.776
vn -0.222 0.590 -0.776
vn -0.772 -0.636 0.005
vn -0.772 -0.636 0.005
vn -0.772 -0.635 0.005
vn -0.772 -0.635 0.005
vn -0.528 -0.076 0.846
vn -0.528 -0.076 0.846
vn -0.527 -0.076 0.847
vn -0.526 -0.077 0.847
vn -0.045 0.999 -0.017
vn -0.044 0.999 -0.017
vn -0.045 0.999 -0.017
vn -0.045 0.999 -0.017
vn -0.538 -0.070 0.840
vn -0.538 -0.070 0.840
vn -0.536 -0.070 0.841
vn -0.536 -0.071 0.841
vn -0.039 0.998 -0.043
vn -0.038 0.998 -0.043
vn -0.040 0.998 -0.043
vn -0.040 0.998 -0.043
vn -0.211 0.588 -0.780
vn -0.212 0.589 -0.780
vn -0.210 0.588 -0.781
vn -0.210 0.588 -0.781
vn -0.775 -0.631 0.017
vn -0.775 -0.632 0.017
vn -0.776 -0.631 0.017
vn -0.776 -0.631 0.017
vn -0.598 0.801 -0.033
vn -0.598 0.801 -0.033
vn -0.565 0.824 -0.034
vn -0.569 0.822 -0.034
vn -0.706 0.493 -0.507
vn -0.694 0.494 -0.524
vn -0.828 -0.560 0.023
vn -0.828 -0.560 0.023
vn -0.828 -0.560 0.023
vn 0.000 0.534 -0.845
vn 0.000 -0.324 -0.946
vn -0.000 -0.324 -0.946
vn 0.766 0.217 -0.605
vn 0.766 0.217 -0.605
vn 0.000 0.983 0.182
vn -0.913 0.339 -0.225
vn -0.913 0.339 -0.225
vn 0.913 0.058 -0.403
vn 0.913 0.058 -0.403
vn -0.000 -0.595 -0.804
vn 0.000 0.618 0.786
vn -0.000 0.994 -0.114
vn -0.000 0.994 -0.114
vn -0.000 -0.587 -0.810
vn 0.000 -0.587 -0.810
vn -0.000 0.999 -0.046
vn 0.000 0.709 -0.705
vn 0.665 0.746 -0.035
vn 0.811 0.584 -0.024
vn 0.929 0.371 -0.017
vn 0.928 0.371 -0.017
vn 0.928 0.371 -0.017
vn 0.929 0.370 -0.017
vn 0.911 0.411 -0.008
vn 0.910 0.414 -0.007
vn 0.914 0.405 -0.012
vn 0.915 0.403 -0.013
vn 0.998 0.064 0.000
vn 0.999 0.047 0.002
vn 0.904 0.276 0.327
vn 0.905 0.278 0.323
vn 0.905 0.278 0.323
vn 0.905 0.278 0.323
vn 0.905 0.278 0.323
vn 0.904 0.277 0.325
vn 0.903 0.274 0.332
vn 0.715 0.699 -0.029
vn 0.700 0.713 -0.033
vn 0.779 0.545 -0.311
vn 0.781 0.544 -0.307
vn 0.781 0.544 -0.307
vn 0.781 0.544 -0.307
vn 0.779 0.545 -0.311
vn 0.776 0.546 -0.315
vn 0.776 0.546 -0.315
vn 0.776 0.546 -0.315
vn 0.928 0.372 -0.015
vn 0.924 0.382 -0.016
vn 0.927 0.375 -0.016
vn 0.929 0.369 -0.015
vn 0.925 0.380 -0.016
vn 0.923 0.385 -0.016
vn 0.913 0.406 -0.020
vn 0.916 0.400 0.006
vn 0.913 0.407 0.001
vn 0.913 0.409 0.002
vn 0.916 0.402 -0.001
vn 0.916 0.400 -0.002
vn 0.912 0.409 -0.003
vn 0.912 0.411 -0.002
vn 0.915 0.403 -0.006
vn 0.916 0.401 -0.007
vn 0.914 0.405 -0.020
vn 0.909 0.417 -0.013
vn 0.218 0.590 -0.778
vn 0.216 0.589 -0.779
vn 0.217 0.589 -0.778
vn 0.219 0.590 -0.777
vn 0.773 -0.634 0.011
vn 0.774 -0.633 0.011
vn 0.774 -0.634 0.011
vn 0.773 -0.634 0.011
vn 0.532 -0.073 0.844
vn 0.530 -0.074 0.844
vn 0.531 -0.074 0.844
vn 0.533 -0.073 0.843
vn 0.042 0.999 -0.028
vn 0.043 0.999 -0.028
vn 0.043 0.999 -0.028
vn 0.042 0.999 -0.028
vn 0.227 0.591 -0.774
vn 0.226 0.591 -0.774
vn 0.227 0.591 -0.774
vn 0.228 0.591 -0.773
vn 0.770 -0.637 0.001
vn 0.771 -0.637 0.001
vn 0.771 -0.637 0.001
vn 0.770 -0.637 0.001
vn 0.524 -0.078 0.848
vn 0.523 -0.079 0.849
vn 0.523 -0.079 0.849
vn 0.525 -0.078 0.848
vn 0.047 0.999 -0.007
vn 0.047 0.999 -0.007
vn 0.047 0.999 -0.007
vn 0.047 0.999 -0.007
vn 0.223 0.590 -0.776
vn 0.222 0.590 -0.776
vn 0.222 0.590 -0.776
vn 0.224 0.591 -0.775
vn 0.772 -0.636 0.005
vn 0.772 -0.635 0.005
vn 0.772 -0.635 0.005
vn 0.772 -0.636 0.005
vn 0.528 -0.076 0.846
vn 0.526 -0.077 0.847
vn 0.527 -0.076 0.847
vn 0.528 -0.076 0.846
vn 0.045 0.999 -0.017
vn 0.045 0.999 -0.017
vn 0.045 0.999 -0.017
vn 0.044 0.999 -0.017
vn 0.537 -0.070 0.840
vn 0.536 -0.071 0.841
vn 0.536 -0.070 0.841
vn 0.538 -0.070 0.840
vn 0.039 0.998 -0.043
vn 0.040 0.998 -0.043
vn 0.040 0.998 -0.043
vn 0.038 0.998 -0.043
vn 0.211 0.588 -0.780
vn 0.210 0.588 -0.781
vn 0.210 0.588 -0.781
vn 0.212 0.589 -0.780
vn 0.775 -0.632 0.017
vn 0.776 -0.631 0.017
vn 0.776 -0.631 0.017
vn 0.775 -0.632 0.017
vn 0.598 0.801 -0.033
vn 0.598 0.801 -0.033
vn 0.569 0.822 -0.034
vn 0.565 0.824 -0.034
vn 0.694 0.494 -0.524
vn 0.706 0.494 -0.508
vn 0.828 -0.560 0.023
vn 0.828 -0.560 0.023
vn 0.828 -0.560 0.023
vn 0.828 -0.560 0.023
vn -0.766 0.217 -0.605
vn 0.913 0.339 -0.225
vn 0.913 0.339 -0.225
vn -0.913 0.058 -0.403
vn -0.913 0.058 -0.403
vn 0.000 0.983 0.182
vn 0.000 0.410 0.912
vn 0.000 0.410 0.912
vn 0.000 0.790 -0.613
vn -0.576 0.817 -0.038
vn 0.000 0.843 0.538
vn 0.576 0.817 -0.038
vn -0.864 -0.503 0.000
vn -0.864 -0.503 0.000
vn 0.500 -0.866 0.000
vn -0.560 0.829 0.000
vn -0.420 0.000 -0.908
vn -0.253 -0.206 -0.945
vn 0.689 -0.724 0.000
vn 0.012 0.008 1.000
vn 0.011 0.009 1.000
vn 0.011 0.008 1.000
vn 0.012 0.007 1.000
vn -0.770 0.638 0.000
vn -0.510 -0.415 -0.753
vn -0.590 -0.343 -0.731
vn 0.921 -0.389 0.000
vn -0.500 -0.866 0.000
vn 0.560 0.829 0.000
vn 0.253 -0.206 -0.945
vn 0.420 0.000 -0.908
vn -0.680 -0.734 0.000
vn -0.013 0.006 1.000
vn -0.013 0.006 1.000
vn -0.012 0.008 1.000
vn -0.011 0.009 1.000
vn 0.770 0.638 0.000
vn 0.770 0.638 0.000
vn 0.647 -0.274 -0.712
vn 0.506 -0.412 -0.758
vn 0.749 -0.012 -0.663
vn 0.695 -0.023 -0.718
vn -0.749 -0.025 -0.662
vn -0.695 -0.011 -0.719
vn -0.749 -0.012 0.663
vn -0.695 -0.023 0.718
vn 0.749 -0.025 0.662
vn 0.695 -0.011 0.719
f 1/1/1 2/2/2 3/3/3
f 3/3/3 4/4/4 1/1/1
f 5/5/5 6/6/5 7/7/5
f 7/7/5 8/8/5 5/5/5
f 9/9/6 10/10/6 11/11/6
f 11/11/7 12/12/7 9/9/7
f 13/13/8 14/14/8 15/15/8
f 15/15/9 16/16/9 13/13/9
f 17/17/10 11/11/10 10/10/10
f 18/18/10 17/17/10 10/10/10
f 16/16/9 18/18/10 10/10/10
f 16/16/9 10/10/10 13/13/9
f 19/19/11 20/20/11 21/21/11
f 21/21/12 22/22/12 19/19/12
f 23/23/13 19/19/13 22/22/13
f 22/22/14 24/24/14 23/23/14
f 25/25/15 23/23/15 24/24/15
f 24/24/16 26/26/16 25/25/16
f 20/20/17 25/25/17 26/26/17
f 26/26/18 21/21/18 20/20/18
f 27/27/19 28/28/20 29/29/21
f 29/29/21 30/30/22 27/27/19
f 31/31/23 27/27/23 30/30/23
f 30/30/24 32/32/24 31/31/24
f 33/33/25 31/31/25 32/32/25
f 32/32/26 34/34/26 33/33/26
f 28/28/27 33/33/27 34/34/27
f 34/34/28 29/29/28 28/28/28
f 35/35/29 36/36/30 37/37/31
f 37/37/31 38/38/32 35/35/29
f 39/39/33 35/35/33 38/38/33
f 38/38/34 40/40/34 39/39/34
f 41/41/35 39/39/36 40/40/37
f 40/40/37 42/42/38 41/41/35
f 36/36/39 41/41/39 42/42/39
f 42/42/40 37/37/40 36/36/40
f 43/43/41 44/44/42 45/45/43
f 45/45/43 46/46/44 43/43/41
f 47/47/45 43/43/45 46/46/45
f 46/46/46 48/48/46 47/47/46
f 49/49/47 47/47/48 48/48/49
f 48/48/49 50/50/50 49/49/47
f 44/44/51 49/49/51 50/50/51
f 50/50/52 45/45/52 44/44/52
f 51/51/53 11/11/53 52/52/54
f 51/51/53 52/52/54 53/53/54
f 54/54/54 51/51/53 53/53/54
f 29/29/55 34/34/55 55/55/55
f 55/55/56 13/13/56 29/29/56
f 30/30/57 29/29/57 13/13/57
f 13/13/58 10/10/58 30/30/58
f 32/32/59 30/30/59 10/10/59
f 10/10/60 9/9/60 32/32/60
f 28/28/61 27/27/61 46/46/61
f 46/46/62 45/45/62 28/28/62
f 33/33/63 28/28/63 45/45/63
f 45/45/64 50/50/64 33/33/64
f 31/31/65 33/33/66 50/50/67
f 50/50/67 48/48/68 31/31/65
f 27/27/69 31/31/69 48/48/69
f 48/48/70 46/46/70 27/27/70
f 24/24/71 22/22/71 13/13/71
f 13/13/72 55/55/72 24/24/72
f 22/22/73 21/21/73 14/14/73
f 14/14/74 13/13/74 22/22/74
f 20/20/75 19/19/75 38/38/75
f 38/38/76 37/37/76 20/20/76
f 25/25/77 20/20/77 37/37/77
f 37/37/78 42/42/78 25/25/78
f 23/23/79 25/25/80 42/42/81
f 42/42/81 40/40/82 23/23/79
f 19/19/83 23/23/83 40/40/83
f 40/40/84 38/38/84 19/19/84
f 56/56/53 57/57/53 58/58/53
f 58/58/53 59/59/53 56/56/53
f 60/60/85 61/61/85 62/62/85
f 62/62/86 63/63/86 60/60/86
f 64/64/87 63/63/87 62/62/87
f 62/62/87 65/65/87 64/64/87
f 56/56/88 66/66/88 67/67/88
f 67/67/88 68/68/88 56/56/88
f 68/68/89 51/51/90 57/57/90
f 57/57/90 56/56/89 68/68/89
f 63/63/88 58/58/88 69/69/88
f 69/69/88 60/60/88 63/63/88
f 63/63/91 64/64/92 59/59/92
f 59/59/92 58/58/91 63/63/91
f 70/70/93 71/71/93 72/72/93
f 72/72/94 73/73/94 70/70/94
f 4/4/95 74/74/95 75/75/95
f 75/75/96 1/1/96 4/4/96
f 76/76/97 77/77/97 78/78/97
f 78/78/97 79/79/97 76/76/97
f 79/79/98 78/78/98 80/80/98
f 80/80/98 81/81/98 79/79/98
f 82/82/99 83/83/99 84/84/99
f 84/84/99 85/85/99 82/82/99
f 83/83/100 86/86/100 87/87/100
f 87/87/100 84/84/100 83/83/100
f 87/87/101 86/86/101 77/77/101
f 77/77/101 76/76/101 87/87/101
f 88/88/98 89/89/98 90/90/98
f 90/90/98 91/91/98 88/88/98
f 92/92/99 93/93/99 94/94/99
f 94/94/99 95/95/99 92/92/99
f 93/93/100 96/96/100 97/97/100
f 97/97/100 94/94/100 93/93/100
f 97/97/101 96/96/101 98/98/101
f 98/98/101 99/99/101 97/97/101
f 99/99/97 98/98/97 89/89/97
f 89/89/97 88/88/97 99/99/97
f 11/11/102 72/72/102 71/71/102
f 71/71/102 52/52/102 11/11/102
f 100/100/103 101/101/103 102/102/103
f 15/15/103 100/100/103 102/102/103
f 15/15/103 102/102/103 103/103/103
f 87/87/104 76/76/104 79/79/104
f 87/87/104 79/79/104 81/81/104
f 84/84/104 87/87/104 81/81/104
f 84/84/104 81/81/104 85/85/104
f 102/102/105 104/104/105 90/90/105
f 102/102/105 90/90/105 89/89/105
f 102/102/105 89/89/105 98/98/105
f 103/103/105 102/102/105 98/98/105
f 103/103/105 98/98/105 96/96/105
f 103/103/105 96/96/105 93/93/105
f 103/103/105 93/93/105 92/92/105
f 103/103/105 92/92/105 105/105/105
f 94/94/104 97/97/104 99/99/104
f 95/95/104 94/94/104 99/99/104
f 95/95/104 99/99/104 88/88/104
f 95/95/104 88/88/104 91/91/104
f 101/101/102 100/100/102 106/106/102
f 106/106/102 107/107/102 101/101/102
f 108/108/102 109/109/102 106/106/102
f 106/106/102 100/100/102 108/108/102
f 107/107/106 106/106/106 110/110/106
f 110/110/106 111/111/106 107/107/106
f 106/106/107 109/109/107 112/112/107
f 112/112/107 110/110/107 106/106/107
f 111/111/108 110/110/108 5/5/108
f 5/5/109 8/8/109 111/111/109
f 112/112/110 6/6/110 5/5/110
f 5/5/110 110/110/110 112/112/110
f 83/83/105 82/82/105 113/113/105
f 86/86/105 83/83/105 113/113/105
f 86/86/105 113/113/105 114/114/105
f 86/86/105 114/114/105 73/73/105
f 77/77/105 86/86/105 73/73/105
f 77/77/105 73/73/105 115/115/105
f 78/78/105 77/77/105 115/115/105
f 80/80/105 78/78/105 115/115/105
f 116/116/105 80/80/105 115/115/105
f 115/115/103 73/73/103 72/72/103
f 72/72/111 11/11/111 17/17/111
f 115/115/103 72/72/103 17/17/103
f 115/115/103 17/17/103 18/18/103
f 117/117/112 118/118/112 119/119/105
f 119/119/105 120/120/113 117/117/112
f 118/118/114 121/121/115 122/122/116
f 122/122/116 119/119/117 118/118/114
f 123/123/118 124/124/119 125/125/120
f 125/125/120 126/126/121 123/123/118
f 125/125/122 124/124/123 127/127/124
f 127/127/124 128/128/125 125/125/122
f 16/16/126 15/15/126 123/123/126
f 123/123/126 126/126/126 16/16/126
f 15/15/127 103/103/127 124/124/127
f 124/124/128 123/123/128 15/15/128
f 103/103/129 105/105/129 127/127/129
f 127/127/130 124/124/130 103/103/130
f 105/105/131 129/129/131 128/128/131
f 128/128/131 127/127/131 105/105/131
f 129/129/132 130/130/132 125/125/132
f 125/125/133 128/128/133 129/129/133
f 130/130/134 16/16/134 126/126/134
f 126/126/135 125/125/135 130/130/135
f 129/129/131 116/116/131 117/117/131
f 117/117/131 120/120/131 129/129/131
f 116/116/136 115/115/136 118/118/136
f 118/118/137 117/117/137 116/116/137
f 115/115/138 18/18/138 121/121/138
f 121/121/139 118/118/139 115/115/139
f 18/18/126 16/16/126 122/122/126
f 122/122/126 121/121/126 18/18/126
f 16/16/140 130/130/140 119/119/140
f 119/119/141 122/122/141 16/16/141
f 130/130/142 129/129/142 120/120/142
f 120/120/143 119/119/143 130/130/143
f 131/131/144 132/132/144 133/133/144
f 133/133/144 134/134/144 131/131/144
f 113/113/145 131/131/146 135/135/147
f 135/135/147 136/136/148 113/113/145
f 131/131/149 134/134/150 137/137/151
f 137/137/151 135/135/152 131/131/149
f 134/134/153 114/114/154 138/138/155
f 138/138/155 137/137/156 134/134/153
f 114/114/157 113/113/158 136/136/159
f 136/136/159 138/138/160 114/114/157
f 138/138/161 136/136/161 139/139/161
f 139/139/162 140/140/162 138/138/162
f 136/136/163 135/135/164 141/141/165
f 141/141/165 139/139/166 136/136/163
f 135/135/167 137/137/167 142/142/167
f 142/142/168 141/141/168 135/135/168
f 137/137/169 138/138/170 140/140/171
f 140/140/171 142/142/172 137/137/169
f 140/140/173 139/139/174 143/143/175
f 143/143/175 144/144/176 140/140/173
f 139/139/177 141/141/178 145/145/179
f 145/145/179 143/143/180 139/139/177
f 141/141/181 142/142/182 146/146/183
f 146/146/183 145/145/184 141/141/181
f 142/142/185 140/140/186 144/144/187
f 144/144/187 146/146/188 142/142/185
f 147/147/189 148/148/190 149/149/191
f 149/149/191 150/150/192 147/147/189
f 148/148/190 151/151/193 152/152/194
f 152/152/194 149/149/191 148/148/190
f 151/151/193 153/153/195 154/154/196
f 154/154/196 152/152/194 151/151/193
f 155/155/197 156/156/198 154/154/199
f 154/154/199 153/153/200 155/155/197
f 157/157/201 158/158/202 74/74/203
f 74/74/203 4/4/204 157/157/201
f 158/158/205 159/159/205 75/75/205
f 75/75/206 74/74/206 158/158/206
f 159/159/207 160/160/208 1/1/209
f 1/1/209 75/75/210 159/159/207
f 161/161/211 2/2/212 1/1/213
f 1/1/213 160/160/214 161/161/211
f 70/70/215 73/73/216 148/148/217
f 148/148/217 147/147/218 70/70/215
f 73/73/219 114/114/220 151/151/221
f 151/151/221 148/148/222 73/73/219
f 114/114/223 134/134/224 153/153/225
f 153/153/225 151/151/226 114/114/223
f 133/133/227 155/155/228 153/153/229
f 153/153/229 134/134/230 133/133/227
f 162/162/231 163/163/232 150/150/233
f 150/150/233 157/157/234 162/162/231
f 160/160/235 159/159/235 152/152/235
f 152/152/235 154/154/235 160/160/235
f 159/159/236 158/158/237 149/149/238
f 149/149/238 152/152/239 159/159/236
f 158/158/240 157/157/241 150/150/242
f 150/150/242 149/149/243 158/158/240
f 164/164/244 165/165/244 166/166/244
f 164/164/244 166/166/244 167/167/244
f 168/168/244 164/164/244 167/167/244
f 166/166/244 169/169/244 170/170/244
f 170/170/244 167/167/244 166/166/244
f 171/171/245 172/172/245 173/173/245
f 174/174/246 175/175/246 172/172/246
f 172/172/246 171/171/246 174/174/246
f 171/171/247 173/173/248 168/168/248
f 168/168/248 167/167/247 171/171/247
f 173/173/249 104/104/249 164/164/249
f 164/164/249 168/168/249 173/173/249
f 104/104/250 102/102/250 165/165/250
f 165/165/250 164/164/250 104/104/250
f 102/102/251 176/176/251 166/166/251
f 166/166/251 165/165/251 102/102/251
f 177/177/251 169/169/251 166/166/251
f 166/166/251 176/176/251 177/177/251
f 178/178/252 173/173/252 172/172/252
f 172/172/252 175/175/252 178/178/252
f 176/176/253 102/102/253 101/101/253
f 177/177/253 176/176/253 101/101/253
f 177/177/253 101/101/253 179/179/253
f 180/180/254 71/71/254 70/70/254
f 70/70/254 181/181/254 180/180/254
f 12/12/53 11/11/53 51/51/53
f 12/12/53 51/51/53 68/68/53
f 182/182/53 12/12/53 68/68/53
f 182/182/53 68/68/53 67/67/53
f 58/58/53 57/57/53 183/183/53
f 183/183/53 69/69/53 58/58/53
f 66/66/53 56/56/53 59/59/53
f 59/59/53 184/184/53 66/66/53
f 185/185/255 64/64/255 65/65/255
f 65/65/255 186/186/255 185/185/255
f 57/57/256 51/51/256 54/54/256
f 54/54/256 183/183/256 57/57/256
f 59/59/256 64/64/256 185/185/256
f 185/185/256 184/184/256 59/59/256
f 179/179/102 101/101/102 107/107/102
f 107/107/102 187/187/102 179/179/102
f 107/107/257 111/111/257 188/188/257
f 188/188/257 187/187/257 107/107/257
f 188/188/258 111/111/258 8/8/258
f 8/8/258 7/7/258 188/188/258
f 189/189/102 190/190/102 191/191/102
f 191/191/102 192/192/102 189/189/102
f 147/147/259 150/150/260 163/163/261
f 163/163/261 193/193/262 147/147/259
f 162/162/263 157/157/264 4/4/265
f 4/4/265 3/3/266 162/162/263
f 70/70/267 147/147/268 193/193/269
f 193/193/269 181/181/270 70/70/267
f 160/160/271 154/154/272 156/156/273
f 156/156/273 161/161/274 160/160/271
f 171/171/249 167/167/249 170/170/249
f 170/170/249 174/174/249 171/171/249
f 194/194/275 195/195/276 3/3/3
f 3/3/3 2/2/2 194/194/275
f 196/196/5 197/197/5 7/7/5
f 7/7/5 6/6/5 196/196/5
f 198/198/277 199/199/277 200/200/277
f 200/200/278 201/201/278 198/198/278
f 202/202/279 203/203/280 204/204/281
f 204/204/281 205/205/282 202/202/279
f 203/203/280 202/202/279 201/201/283
f 201/201/283 200/200/283 206/206/283
f 201/201/283 206/206/283 207/207/284
f 203/203/280 201/201/283 207/207/284
f 208/208/285 209/209/285 210/210/285
f 210/210/286 211/211/286 208/208/286
f 212/212/287 213/213/287 209/209/287
f 209/209/288 208/208/288 212/212/288
f 214/214/289 215/215/289 213/213/289
f 213/213/290 212/212/290 214/214/290
f 211/211/291 210/210/291 215/215/291
f 215/215/292 214/214/292 211/211/292
f 216/216/293 217/217/294 218/218/295
f 218/218/295 219/219/296 216/216/293
f 220/220/297 221/221/297 217/217/297
f 217/217/298 216/216/298 220/220/298
f 222/222/299 223/223/299 221/221/299
f 221/221/300 220/220/300 222/222/300
f 219/219/301 218/218/301 223/223/301
f 223/223/302 222/222/302 219/219/302
f 224/224/303 225/225/303 226/226/303
f 226/226/304 227/227/304 224/224/304
f 228/228/305 229/229/305 225/225/305
f 225/225/306 224/224/306 228/228/306
f 230/230/307 231/231/307 229/229/307
f 229/229/308 228/228/308 230/230/308
f 227/227/309 226/226/309 231/231/309
f 231/231/310 230/230/310 227/227/310
f 232/232/311 233/233/311 234/234/311
f 234/234/312 235/235/312 232/232/312
f 236/236/313 237/237/313 233/233/313
f 233/233/314 232/232/314 236/236/314
f 238/238/315 239/239/315 237/237/315
f 237/237/316 236/236/316 238/238/316
f 235/235/317 234/234/317 239/239/317
f 239/239/318 238/238/318 235/235/318
f 240/240/54 200/200/53 241/241/53
f 53/53/54 240/240/54 241/241/53
f 54/54/54 53/53/54 241/241/53
f 218/218/319 202/202/319 242/242/319
f 242/242/320 223/223/320 218/218/320
f 217/217/321 201/201/321 202/202/321
f 202/202/322 218/218/322 217/217/322
f 221/221/323 198/198/323 201/201/323
f 201/201/324 217/217/324 221/221/324
f 219/219/325 234/234/325 233/233/325
f 233/233/326 216/216/326 219/219/326
f 222/222/327 239/239/327 234/234/327
f 234/234/328 219/219/328 222/222/328
f 220/220/329 237/237/330 239/239/331
f 239/239/331 222/222/332 220/220/329
f 216/216/333 233/233/333 237/237/333
f 237/237/334 220/220/334 216/216/334
f 213/213/335 242/242/335 202/202/335
f 202/202/336 209/209/336 213/213/336
f 209/209/337 202/202/338 205/205/339
f 205/205/339 210/210/340 209/209/337
f 211/211/341 226/226/341 225/225/341
f 225/225/342 208/208/342 211/211/342
f 214/214/343 231/231/343 226/226/343
f 226/226/344 211/211/344 214/214/344
f 212/212/345 229/229/346 231/231/347
f 231/231/347 214/214/348 212/212/345
f 208/208/349 225/225/349 229/229/349
f 229/229/350 212/212/350 208/208/350
f 243/243/53 244/244/53 245/245/53
f 245/245/53 246/246/53 243/243/53
f 60/60/85 247/247/86 248/248/86
f 248/248/86 61/61/85 60/60/85
f 249/249/351 250/250/351 248/248/351
f 248/248/351 247/247/351 249/249/351
f 243/243/88 251/251/88 67/67/88
f 67/67/88 66/66/88 243/243/88
f 251/251/352 243/243/352 246/246/353
f 246/246/353 241/241/353 251/251/352
f 247/247/88 60/60/88 69/69/88
f 69/69/88 245/245/88 247/247/88
f 247/247/354 245/245/354 244/244/355
f 244/244/355 249/249/355 247/247/354
f 252/252/356 253/253/356 254/254/356
f 254/254/357 255/255/357 252/252/357
f 195/195/358 194/194/358 256/256/358
f 256/256/359 257/257/359 195/195/359
f 258/258/97 259/259/97 260/260/97
f 260/260/97 261/261/97 258/258/97
f 259/259/98 262/262/98 263/263/98
f 263/263/98 260/260/98 259/259/98
f 264/264/99 265/265/99 266/266/99
f 266/266/99 267/267/99 264/264/99
f 267/267/100 266/266/100 268/268/100
f 268/268/100 269/269/100 267/267/100
f 268/268/101 258/258/101 261/261/101
f 261/261/101 269/269/101 268/268/101
f 270/270/98 271/271/98 272/272/98
f 272/272/98 273/273/98 270/270/98
f 274/274/99 275/275/99 276/276/99
f 276/276/99 277/277/99 274/274/99
f 277/277/100 276/276/100 278/278/100
f 278/278/100 279/279/100 277/277/100
f 278/278/101 280/280/101 281/281/101
f 281/281/101 279/279/101 278/278/101
f 280/280/97 270/270/97 273/273/97
f 273/273/97 281/281/97 280/280/97
f 200/200/102 240/240/102 255/255/102
f 255/255/102 254/254/102 200/200/102
f 204/204/360 282/282/360 283/283/360
f 283/283/360 284/284/360 285/285/360
f 204/204/360 283/283/360 285/285/360
f 266/266/361 265/265/361 262/262/361
f 259/259/361 258/258/361 268/268/361
f 262/262/361 259/259/361 268/268/361
f 266/266/361 262/262/361 268/268/361
f 282/282/362 286/286/362 274/274/362
f 282/282/362 274/274/362 277/277/362
f 282/282/362 277/277/362 279/279/362
f 282/282/362 279/279/362 281/281/362
f 272/272/362 287/287/362 283/283/362
f 273/273/362 272/272/362 283/283/362
f 281/281/362 273/273/362 283/283/362
f 282/282/362 281/281/362 283/283/362
f 275/275/361 271/271/361 270/270/361
f 275/275/361 270/270/361 280/280/361
f 280/280/361 278/278/361 276/276/361
f 275/275/361 280/280/361 276/276/361
f 284/284/102 288/288/102 289/289/102
f 289/289/102 285/285/102 284/284/102
f 108/108/102 285/285/102 289/289/102
f 289/289/102 109/109/102 108/108/102
f 288/288/363 290/290/363 291/291/363
f 291/291/363 289/289/363 288/288/363
f 289/289/107 291/291/107 112/112/107
f 112/112/107 109/109/107 289/289/107
f 290/290/364 197/197/364 196/196/364
f 196/196/365 291/291/365 290/290/365
f 112/112/110 291/291/110 196/196/110
f 196/196/110 6/6/110 112/112/110
f 292/292/362 264/264/362 267/267/362
f 292/292/362 267/267/362 269/269/362
f 293/293/362 292/292/362 269/269/362
f 253/253/362 293/293/362 269/269/362
f 253/253/362 269/269/362 261/261/362
f 294/294/362 253/253/362 261/261/362
f 294/294/362 261/261/362 260/260/362
f 294/294/362 260/260/362 263/263/362
f 295/295/362 294/294/362 263/263/362
f 294/294/360 207/207/360 206/206/360
f 206/206/366 200/200/366 254/254/366
f 294/294/360 206/206/360 254/254/360
f 294/294/360 254/254/360 253/253/360
f 296/296/367 297/297/368 298/298/362
f 298/298/362 299/299/367 296/296/367
f 299/299/369 298/298/370 300/300/371
f 300/300/371 301/301/372 299/299/369
f 302/302/373 303/303/374 304/304/375
f 304/304/375 305/305/376 302/302/373
f 304/304/377 306/306/378 307/307/379
f 307/307/379 305/305/380 304/304/377
f 203/203/381 303/303/381 302/302/381
f 302/302/381 204/204/381 203/203/381
f 204/204/382 302/302/382 305/305/382
f 305/305/383 282/282/383 204/204/383
f 282/282/384 305/305/384 307/307/384
f 307/307/385 286/286/385 282/282/385
f 286/286/386 307/307/386 306/306/386
f 306/306/386 308/308/386 286/286/386
f 308/308/387 306/306/387 304/304/387
f 304/304/388 309/309/388 308/308/388
f 309/309/389 304/304/389 303/303/389
f 303/303/390 203/203/390 309/309/390
f 308/308/386 297/297/386 296/296/386
f 296/296/386 295/295/386 308/308/386
f 295/295/391 296/296/391 299/299/391
f 299/299/392 294/294/392 295/295/392
f 294/294/393 299/299/393 301/301/393
f 301/301/394 207/207/394 294/294/394
f 207/207/381 301/301/381 300/300/381
f 300/300/381 203/203/381 207/207/381
f 203/203/395 300/300/395 298/298/395
f 298/298/396 309/309/396 203/203/396
f 309/309/397 298/298/397 297/297/397
f 297/297/398 308/308/398 309/309/398
f 310/310/144 311/311/144 133/133/144
f 133/133/144 132/132/144 310/310/144
f 292/292/399 312/312/399 313/313/399
f 313/313/400 310/310/400 292/292/400
f 310/310/401 313/313/402 314/314/403
f 314/314/403 311/311/404 310/310/401
f 311/311/405 314/314/406 315/315/407
f 315/315/407 293/293/408 311/311/405
f 293/293/409 315/315/410 312/312/411
f 312/312/411 292/292/412 293/293/409
f 315/315/413 316/316/413 317/317/413
f 317/317/414 312/312/414 315/315/414
f 312/312/415 317/317/416 318/318/417
f 318/318/417 313/313/418 312/312/415
f 313/313/419 318/318/419 319/319/419
f 319/319/420 314/314/420 313/313/420
f 314/314/421 319/319/422 316/316/423
f 316/316/423 315/315/424 314/314/421
f 316/316/425 320/320/425 321/321/425
f 321/321/426 317/317/426 316/316/426
f 317/317/427 321/321/427 322/322/427
f 322/322/428 318/318/428 317/317/428
f 318/318/429 322/322/429 323/323/429
f 323/323/430 319/319/430 318/318/430
f 319/319/431 323/323/431 320/320/431
f 320/320/432 316/316/432 319/319/432
f 324/324/433 325/325/434 326/326/435
f 326/326/435 327/327/436 324/324/433
f 327/327/436 326/326/435 328/328/437
f 328/328/437 329/329/438 327/327/436
f 329/329/438 328/328/437 330/330/439
f 330/330/439 331/331/440 329/329/438
f 155/155/197 331/331/200 330/330/259
f 330/330/259 156/156/198 155/155/197
f 332/332/441 195/195/442 257/257/443
f 257/257/443 333/333/444 332/332/441
f 333/333/445 257/257/445 256/256/445
f 256/256/446 334/334/446 333/333/446
f 334/334/447 256/256/448 194/194/449
f 194/194/449 335/335/450 334/334/447
f 161/161/211 335/335/214 194/194/451
f 194/194/451 2/2/212 161/161/211
f 252/252/452 324/324/453 327/327/454
f 327/327/454 253/253/452 252/252/452
f 253/253/455 327/327/456 329/329/457
f 329/329/457 293/293/458 253/253/455
f 293/293/459 329/329/460 331/331/461
f 331/331/461 311/311/462 293/293/459
f 133/133/227 311/311/230 331/331/229
f 331/331/229 155/155/228 133/133/227
f 162/162/231 332/332/463 325/325/464
f 325/325/464 163/163/232 162/162/231
f 335/335/465 330/330/465 328/328/466
f 328/328/466 334/334/466 335/335/465
f 334/334/467 328/328/468 326/326/469
f 326/326/469 333/333/470 334/334/467
f 333/333/471 326/326/472 325/325/473
f 325/325/473 332/332/474 333/333/471
f 336/336/244 337/337/244 338/338/244
f 339/339/244 336/336/244 338/338/244
f 340/340/244 339/339/244 338/338/244
f 336/336/244 339/339/244 170/170/244
f 170/170/244 169/169/244 336/336/244
f 341/341/475 342/342/475 343/343/475
f 174/174/246 341/341/246 343/343/246
f 343/343/246 175/175/246 174/174/246
f 341/341/476 339/339/477 340/340/478
f 340/340/478 342/342/478 341/341/476
f 342/342/249 340/340/249 338/338/249
f 338/338/249 287/287/249 342/342/249
f 287/287/479 338/338/479 337/337/479
f 337/337/479 283/283/479 287/287/479
f 283/283/251 337/337/251 336/336/251
f 336/336/251 344/344/251 283/283/251
f 177/177/251 344/344/251 336/336/251
f 336/336/251 169/169/251 177/177/251
f 178/178/252 175/175/252 343/343/252
f 343/343/252 342/342/252 178/178/252
f 177/177/253 179/179/253 284/284/253
f 284/284/253 283/283/253 344/344/253
f 177/177/253 284/284/253 344/344/253
f 180/180/254 181/181/254 252/252/254
f 252/252/254 255/255/254 180/180/254
f 182/182/53 67/67/53 251/251/53
f 241/241/53 200/200/53 199/199/53
f 251/251/53 241/241/53 199/199/53
f 182/182/53 251/251/53 199/199/53
f 245/245/53 69/69/53 183/183/53
f 183/183/53 246/246/53 245/245/53
f 66/66/53 184/184/53 244/244/53
f 244/244/53 243/243/53 66/66/53
f 185/185/255 186/186/255 250/250/255
f 250/250/255 249/249/255 185/185/255
f 246/246/256 183/183/256 54/54/256
f 54/54/256 241/241/256 246/246/256
f 244/244/256 184/184/256 185/185/256
f 185/185/256 249/249/256 244/244/256
f 179/179/102 187/187/102 288/288/102
f 288/288/102 284/284/102 179/179/102
f 288/288/257 187/187/257 188/188/257
f 188/188/257 290/290/257 288/288/257
f 188/188/258 7/7/258 197/197/480
f 197/197/480 290/290/480 188/188/258
f 345/345/102 192/192/102 191/191/102
f 191/191/102 346/346/102 345/345/102
f 324/324/199 193/193/262 163/163/261
f 163/163/261 325/325/481 324/324/199
f 162/162/263 3/3/266 195/195/482
f 195/195/482 332/332/483 162/162/263
f 252/252/267 181/181/270 193/193/269
f 193/193/269 324/324/484 252/252/267
f 335/335/485 161/161/274 156/156/273
f 156/156/273 330/330/486 335/335/485
f 341/341/249 174/174/249 170/170/249
f 170/170/249 339/339/249 341/341/249
f 347/347/104 348/348/104 349/349/104
f 347/347/104 349/349/104 350/350/104
f 351/351/104 347/347/104 350/350/104
f 351/351/104 350/350/104 352/352/104
f 353/353/104 351/351/104 352/352/104
f 353/353/104 352/352/104 354/354/104
f 355/355/104 353/353/104 354/354/104
f 355/355/104 354/354/104 356/356/104
f 357/357/104 355/355/104 356/356/104
f 357/357/104 356/356/104 358/358/104
f 359/359/104 357/357/104 358/358/104
f 359/359/104 358/358/104 360/360/104
f 361/361/104 359/359/104 360/360/104
f 361/361/104 360/360/104 362/362/104
f 363/363/104 361/361/104 362/362/104
f 363/363/104 362/362/104 364/364/104
f 365/365/104 363/363/104 364/364/104
f 365/365/104 364/364/104 366/366/104
f 367/367/104 365/365/104 366/366/104
f 367/367/104 366/366/104 368/368/104
f 369/369/104 367/367/104 368/368/104
f 369/369/104 368/368/104 370/370/104
f 371/371/104 369/369/104 370/370/104
f 371/371/104 370/370/104 372/372/104
f 373/373/104 371/371/104 372/372/104
f 373/373/104 372/372/104 374/374/104
f 375/375/104 373/373/104 374/374/104
f 375/375/104 374/374/104 376/376/104
f 377/377/104 375/375/104 376/376/104
f 377/377/104 376/376/104 378/378/104
f 379/379/104 377/377/104 378/378/104
f 379/379/104 378/378/104 380/380/104
f 381/381/104 379/379/104 380/380/104
f 381/381/104 380/380/104 382/382/104
f 348/348/104 381/381/104 382/382/104
f 348/348/104 382/382/104 349/349/104
f 383/383/487 384/384/487 385/385/487
f 385/385/487 386/386/487 383/383/487
f 387/387/488 388/388/488 385/385/488
f 385/385/488 384/384/488 387/387/488
f 389/389/489 390/390/489 391/391/489
f 391/391/489 392/392/489 389/389/489
f 390/390/490 393/393/490 394/394/490
f 394/394/490 391/391/490 390/390/490
f 395/395/491 396/396/491 397/397/491
f 397/397/491 398/398/492 395/395/491
f 399/399/493 400/400/493 397/397/493
f 397/397/493 396/396/493 399/399/493
f 401/401/494 402/402/494 403/403/494
f 403/403/494 404/404/494 401/401/494
f 405/405/495 406/406/495 407/407/495
f 407/407/495 408/408/495 405/405/495
f 409/409/496 410/410/496 411/411/496
f 411/411/496 412/412/496 409/409/496
f 413/413/497 414/414/498 415/415/498
f 415/415/498 416/416/497 413/413/497
f 417/417/499 418/418/499 415/415/499
f 415/415/499 414/414/499 417/417/499
f 419/419/500 420/420/500 421/421/500
f 421/421/500 422/422/500 419/419/500
f 423/423/501 424/424/502 425/425/502
f 425/425/502 426/426/503 423/423/501
f 424/424/504 427/427/504 428/428/504
f 428/428/504 425/425/504 424/424/504
f 423/423/505 384/384/505 353/353/505
f 353/353/505 355/355/505 423/423/505
f 384/384/506 383/383/506 351/351/506
f 351/351/506 353/353/507 384/384/506
f 383/383/508 390/390/509 347/347/508
f 347/347/508 351/351/508 383/383/508
f 390/390/510 389/389/511 348/348/511
f 348/348/511 347/347/510 390/390/510
f 389/389/512 396/429/512 381/381/512
f 381/381/512 348/348/512 389/389/512
f 396/429/513 395/430/514 379/379/513
f 379/379/513 381/381/515 396/429/513
f 395/430/516 402/431/517 377/377/517
f 377/377/517 379/379/516 395/430/516
f 402/431/518 401/401/519 375/375/519
f 375/375/519 377/377/520 402/431/518
f 401/401/521 406/406/522 373/373/522
f 373/373/522 375/375/521 401/401/521
f 406/406/523 405/405/524 371/371/524
f 371/371/524 373/373/523 406/406/523
f 405/405/525 410/410/526 369/369/526
f 369/369/526 371/371/525 405/405/525
f 410/410/527 409/409/528 367/367/528
f 367/367/528 369/369/527 410/410/527
f 409/409/529 414/414/530 365/365/530
f 365/365/530 367/367/529 409/409/529
f 414/414/531 413/413/532 363/363/532
f 363/363/532 365/365/531 414/414/531
f 413/413/533 420/420/534 361/361/534
f 361/361/534 363/363/533 413/413/533
f 420/420/535 419/419/535 359/359/535
f 359/359/535 361/361/536 420/420/535
f 419/419/537 424/424/537 357/357/537
f 357/357/537 359/359/537 419/419/537
f 424/424/538 423/423/538 355/355/538
f 355/355/538 357/357/538 424/424/538
f 429/432/524 430/433/524 356/356/524
f 356/356/524 354/354/523 429/432/524
f 430/433/521 431/434/522 358/358/522
f 358/358/522 356/356/521 430/433/521
f 431/434/518 432/435/519 360/360/519
f 360/360/519 358/358/520 431/434/518
f 432/435/517 433/436/517 362/362/517
f 362/362/517 360/360/517 432/435/517
f 433/436/515 434/437/515 364/364/515
f 364/364/515 362/362/515 433/436/515
f 434/437/512 435/438/512 366/366/512
f 366/366/512 364/364/512 434/437/512
f 435/438/511 436/439/511 368/368/511
f 368/368/511 366/366/510 435/438/511
f 436/439/508 437/440/508 370/370/508
f 370/370/508 368/368/508 436/439/508
f 437/440/507 438/441/539 372/372/539
f 372/372/539 370/370/507 437/440/507
f 438/441/540 439/442/505 374/374/505
f 374/374/505 372/372/540 438/441/540
f 439/442/541 440/443/538 376/376/538
f 376/376/538 374/374/541 439/442/541
f 440/443/537 441/444/542 378/378/542
f 378/378/542 376/376/537 440/443/537
f 441/444/535 442/445/535 380/380/535
f 380/380/535 378/378/535 441/444/535
f 442/445/534 443/446/533 382/382/533
f 382/382/533 380/380/534 442/445/534
f 443/446/531 444/447/531 349/349/531
f 349/349/531 382/382/531 443/446/531
f 444/447/529 445/448/529 350/350/529
f 350/350/529 349/349/530 444/447/529
f 445/448/527 446/449/527 352/352/527
f 352/352/527 350/350/527 445/448/527
f 446/449/525 429/432/543 354/354/543
f 354/354/543 352/352/525 446/449/525
f 423/423/544 447/450/544 387/387/544
f 387/387/544 384/384/544 423/423/544
f 390/390/545 383/383/545 448/451/545
f 448/451/545 393/393/545 390/390/545
f 392/392/102 391/391/102 394/394/102
f 394/394/102 449/452/102 392/392/102
f 406/406/546 401/401/546 450/453/546
f 450/453/546 451/454/546 406/406/546
f 410/410/547 405/405/547 452/455/547
f 452/455/547 453/456/547 410/410/547
f 409/409/101 454/457/101 417/417/101
f 417/417/101 414/414/101 409/409/101
f 395/395/548 398/398/548 455/458/548
f 455/458/548 456/459/548 395/395/548
f 404/404/549 457/460/549 450/453/549
f 450/453/549 401/401/549 404/404/549
f 408/408/550 458/461/550 452/455/550
f 452/455/550 405/405/550 408/408/550
f 416/416/551 459/462/551 460/463/551
f 460/463/551 413/413/551 416/416/551
f 422/422/552 461/464/552 462/465/552
f 462/465/552 419/419/552 422/422/552
f 463/466/361 464/467/361 465/468/361
f 464/467/361 463/466/361 466/469/361
f 467/470/361 464/467/361 466/469/361
f 467/470/361 466/469/361 468/471/361
f 469/472/361 467/470/361 468/471/361
f 469/472/361 468/471/361 470/473/361
f 471/474/361 469/472/361 470/473/361
f 471/474/361 470/473/361 472/475/361
f 473/476/361 471/474/361 472/475/361
f 473/476/361 472/475/361 474/477/361
f 475/478/361 473/476/361 474/477/361
f 475/478/361 474/477/361 476/479/361
f 477/480/361 475/478/361 476/479/361
f 477/480/361 476/479/361 478/481/361
f 479/482/361 477/480/361 478/481/361
f 479/482/361 478/481/361 480/483/361
f 481/484/361 479/482/361 480/483/361
f 481/484/361 480/483/361 482/485/361
f 483/486/361 481/484/361 482/485/361
f 483/486/361 482/485/361 484/487/361
f 485/488/361 483/486/361 484/487/361
f 485/488/361 484/487/361 486/489/361
f 487/490/361 485/488/361 486/489/361
f 487/490/361 486/489/361 488/491/361
f 489/492/361 487/490/361 488/491/361
f 489/492/361 488/491/361 490/493/361
f 491/494/361 489/492/361 490/493/361
f 491/494/361 490/493/361 492/495/361
f 493/496/361 491/494/361 492/495/361
f 493/496/361 492/495/361 494/497/361
f 495/498/361 493/496/361 494/497/361
f 495/498/361 494/497/361 496/499/361
f 497/500/361 495/498/361 496/499/361
f 497/500/361 496/499/361 498/501/361
f 465/468/361 497/500/361 498/501/361
f 463/466/361 465/468/361 498/501/361
f 448/451/553 499/502/553 388/388/553
f 388/388/553 387/387/553 448/451/553
f 500/503/554 449/452/554 394/394/554
f 394/394/554 393/393/554 500/503/554
f 456/459/555 455/458/555 400/400/556
f 400/400/556 399/399/556 456/459/555
f 450/453/557 457/460/557 501/504/558
f 501/504/558 502/505/558 450/453/557
f 501/504/559 403/403/559 402/402/559
f 402/402/559 502/505/559 501/504/559
f 452/455/560 458/461/560 503/506/560
f 503/506/560 451/454/560 452/455/560
f 503/506/561 407/407/561 406/406/561
f 406/406/561 451/454/561 503/506/561
f 454/457/562 504/507/562 505/508/562
f 505/508/562 453/456/562 454/457/562
f 505/508/563 411/411/563 410/410/563
f 410/410/563 453/456/563 505/508/563
f 460/463/564 459/462/564 418/418/565
f 418/418/565 417/417/565 460/463/564
f 462/465/566 461/464/566 506/509/566
f 506/509/566 507/510/566 462/465/566
f 506/509/567 421/421/567 420/420/567
f 420/420/567 507/510/567 506/509/567
f 447/450/568 508/511/569 428/428/570
f 428/428/570 427/427/570 447/450/568
f 447/450/571 472/475/571 470/473/571
f 470/473/571 387/387/571 447/450/571
f 387/387/572 470/473/572 468/471/572
f 468/471/572 448/451/572 387/387/572
f 448/451/573 468/471/573 466/469/574
f 466/469/574 393/393/574 448/451/573
f 393/393/575 466/469/575 463/466/576
f 463/466/576 500/503/576 393/393/575
f 500/503/577 463/466/577 498/501/577
f 498/501/577 399/512/577 500/503/577
f 399/512/578 498/501/578 496/499/578
f 496/499/578 456/513/578 399/512/578
f 456/513/579 496/499/579 494/497/580
f 494/497/580 502/514/580 456/513/579
f 502/514/581 494/497/581 492/495/582
f 492/495/582 450/453/582 502/514/581
f 450/453/583 492/495/583 490/493/584
f 490/493/584 451/454/584 450/453/583
f 451/454/585 490/493/585 488/491/585
f 488/491/585 452/455/585 451/454/585
f 452/455/586 488/491/586 486/489/587
f 486/489/587 453/456/587 452/455/586
f 453/456/588 486/489/589 484/487/588
f 484/487/588 454/457/588 453/456/588
f 454/457/590 484/487/590 482/485/590
f 482/485/590 417/417/590 454/457/590
f 417/417/591 482/485/591 480/483/592
f 480/483/592 460/463/592 417/417/591
f 460/463/593 480/483/593 478/481/593
f 478/481/593 507/510/594 460/463/593
f 507/510/595 478/481/595 476/479/595
f 476/479/595 462/465/595 507/510/595
f 462/465/596 476/479/596 474/477/596
f 474/477/596 427/427/596 462/465/596
f 427/427/597 474/477/597 472/475/598
f 472/475/598 447/450/598 427/427/597
f 509/515/599 471/474/599 473/476/599
f 473/476/585 510/516/585 509/515/585
f 510/516/600 473/476/600 475/478/600
f 475/478/583 511/517/583 510/516/583
f 511/517/581 475/478/581 477/480/581
f 477/480/582 512/518/582 511/517/582
f 512/518/580 477/480/580 479/482/580
f 479/482/580 513/519/580 512/518/580
f 513/519/601 479/482/601 481/484/601
f 481/484/601 514/520/601 513/519/601
f 514/520/577 481/484/577 483/486/577
f 483/486/577 515/521/577 514/520/577
f 515/521/576 483/486/576 485/488/576
f 485/488/576 516/522/576 515/521/576
f 516/522/573 485/488/573 487/490/573
f 487/490/574 517/523/574 516/522/574
f 517/523/602 487/490/602 489/492/602
f 489/492/603 518/524/603 517/523/603
f 518/524/604 489/492/604 491/494/604
f 491/494/571 519/525/571 518/524/571
f 519/525/605 491/494/605 493/496/605
f 493/496/597 520/526/597 519/525/597
f 520/526/596 493/496/596 495/498/596
f 495/498/606 521/527/606 520/526/606
f 521/527/595 495/498/595 497/500/595
f 497/500/595 522/528/595 521/527/595
f 522/528/593 497/500/593 465/468/593
f 465/468/593 523/529/593 522/528/593
f 523/529/591 465/468/591 464/467/591
f 464/467/591 524/530/591 523/529/591
f 524/530/607 464/467/607 467/470/607
f 467/470/607 525/531/607 524/530/607
f 525/531/588 467/470/588 469/472/588
f 469/472/588 526/532/588 525/531/588
f 526/532/587 469/472/587 471/474/587
f 471/474/608 509/515/608 526/532/608
f 386/386/609 385/385/609 388/388/609
f 388/388/609 499/502/609 386/386/609
f 389/389/610 500/503/610 399/399/610
f 399/399/610 396/396/610 389/389/610
f 397/397/611 400/400/611 455/458/611
f 455/458/611 398/398/611 397/397/611
f 395/395/612 456/459/612 502/505/612
f 502/505/612 402/402/612 395/395/612
f 403/403/613 501/504/613 457/460/613
f 457/460/613 404/404/613 403/403/613
f 407/407/614 503/506/614 458/461/614
f 458/461/614 408/408/614 407/407/614
f 412/412/615 411/411/615 505/508/615
f 505/508/615 504/507/615 412/412/615
f 415/415/616 418/418/616 459/462/616
f 459/462/616 416/416/616 415/415/616
f 420/420/617 413/413/617 460/463/617
f 460/463/617 507/510/617 420/420/617
f 421/421/618 506/509/618 461/464/618
f 461/464/618 422/422/618 421/421/618
f 424/424/619 419/419/619 462/465/619
f 462/465/619 427/427/619 424/424/619
f 426/426/620 425/425/620 428/428/620
f 428/428/620 508/511/620 426/426/620
f 386/386/621 499/502/621 448/451/621
f 448/451/621 383/383/621 386/386/621
f 389/389/622 392/392/622 449/452/622
f 449/452/622 500/503/622 389/389/622
f 409/409/623 412/412/623 504/507/623
f 504/507/623 454/457/623 409/409/623
f 423/423/624 426/426/624 508/511/624
f 508/511/624 447/450/624 423/423/624
f 527/533/104 528/534/104 529/535/104
f 529/535/104 530/536/104 531/537/104
f 531/537/104 532/538/104 533/539/104
f 529/535/104 531/537/104 533/539/104
f 533/539/104 534/540/104 535/541/104
f 535/541/104 536/542/104 537/543/104
f 533/539/104 535/541/104 537/543/104
f 537/543/104 538/544/104 539/545/104
f 539/545/104 540/546/104 541/547/104
f 537/543/104 539/545/104 541/547/104
f 533/539/104 537/543/104 541/547/104
f 529/535/104 533/539/104 541/547/104
f 541/547/104 542/548/104 543/549/104
f 529/535/104 541/547/104 543/549/104
f 527/533/104 529/535/104 543/549/104
f 544/550/104 527/533/104 543/549/104
f 545/551/104 546/552/104 547/553/104
f 545/551/104 547/553/104 548/554/104
f 549/555/104 545/551/104 548/554/104
f 549/555/104 548/554/104 550/556/104
f 551/557/104 549/555/104 550/556/104
f 551/557/104 550/556/104 552/558/104
f 553/559/104 551/557/104 552/558/104
f 553/559/104 552/558/104 554/560/104
f 555/561/104 553/559/104 554/560/104
f 555/561/104 554/560/104 556/562/104
f 557/563/104 555/561/104 556/562/104
f 557/563/104 556/562/104 558/564/104
f 559/565/104 557/563/104 558/564/104
f 559/565/104 558/564/104 560/566/104
f 561/567/104 559/565/104 560/566/104
f 561/567/104 560/566/104 562/568/104
f 563/569/104 561/567/104 562/568/104
f 563/569/104 562/568/104 564/570/104
f 565/571/104 563/569/104 564/570/104
f 565/571/104 564/570/104 566/572/104
f 567/573/104 565/571/104 566/572/104
f 567/573/104 566/572/104 568/574/104
f 569/575/104 567/573/104 568/574/104
f 569/575/104 568/574/104 570/576/104
f 571/577/104 569/575/104 570/576/104
f 571/577/104 570/576/104 572/578/104
f 573/579/104 571/577/104 572/578/104
f 573/579/104 572/578/104 574/580/104
f 575/581/104 573/579/104 574/580/104
f 575/581/104 574/580/104 576/582/104
f 577/583/104 575/581/104 576/582/104
f 577/583/104 576/582/104 578/584/104
f 579/585/104 577/583/104 578/584/104
f 579/585/104 578/584/104 580/586/104
f 546/552/104 579/585/104 580/586/104
f 546/552/104 580/586/104 547/553/104
f 556/562/614 554/560/614 528/534/614
f 528/534/614 527/533/614 556/562/614
f 554/560/547 552/558/547 529/535/547
f 529/535/547 528/534/547 554/560/547
f 552/558/615 550/556/615 530/536/615
f 530/536/615 529/535/615 552/558/615
f 550/556/101 548/554/101 531/537/101
f 531/537/101 530/536/101 550/556/101
f 548/554/616 547/553/616 532/538/616
f 532/538/616 531/537/616 548/554/616
f 547/553/617 580/586/617 533/539/617
f 533/539/617 532/538/617 547/553/617
f 580/586/618 578/584/618 534/540/618
f 534/540/618 533/539/618 580/586/618
f 578/584/625 576/582/625 535/541/625
f 535/541/625 534/540/625 578/584/625
f 576/582/620 574/580/620 536/542/620
f 536/542/620 535/541/620 576/582/620
f 574/580/544 572/578/544 537/543/544
f 537/543/544 536/542/544 574/580/544
f 572/578/609 570/576/609 538/544/609
f 538/544/609 537/543/609 572/578/609
f 570/576/545 568/574/545 539/545/545
f 539/545/545 538/544/545 570/576/545
f 568/574/102 566/572/102 540/546/102
f 540/546/102 539/545/102 568/574/102
f 566/572/610 564/570/610 541/547/610
f 541/547/610 540/546/610 566/572/610
f 564/570/611 562/568/611 542/548/611
f 542/548/611 541/547/611 564/570/611
f 562/568/612 560/566/612 543/549/612
f 543/549/612 542/548/612 562/568/612
f 560/566/613 558/564/613 544/550/613
f 544/550/613 543/549/613 560/566/613
f 558/564/546 556/562/546 527/533/546
f 527/533/546 544/550/546 558/564/546
f 581/587/361 582/588/361 583/589/361
f 583/589/361 584/590/361 585/591/361
f 585/591/361 586/592/361 587/593/361
f 583/589/361 585/591/361 587/593/361
f 587/593/361 588/594/361 589/595/361
f 589/595/361 590/596/361 591/597/361
f 587/593/361 589/595/361 591/597/361
f 591/597/361 592/598/361 593/599/361
f 593/599/361 594/600/361 595/601/361
f 591/597/361 593/599/361 595/601/361
f 587/593/361 591/597/361 595/601/361
f 583/589/361 587/593/361 595/601/361
f 595/601/361 596/602/361 597/603/361
f 583/589/361 595/601/361 597/603/361
f 581/587/361 583/589/361 597/603/361
f 598/604/361 581/587/361 597/603/361
f 599/605/544 600/606/544 553/559/544
f 553/559/544 555/561/544 599/605/544
f 600/606/626 601/607/609 551/557/609
f 551/557/609 553/559/626 600/606/626
f 601/607/545 602/608/545 549/555/545
f 549/555/545 551/557/545 601/607/545
f 602/608/102 603/609/102 545/551/102
f 545/551/102 549/555/102 602/608/102
f 603/609/610 604/610/610 546/552/610
f 546/552/610 545/551/610 603/609/610
f 604/610/611 605/611/611 579/585/611
f 579/585/611 546/552/611 604/610/611
f 605/611/612 606/612/612 577/583/612
f 577/583/612 579/585/612 605/611/612
f 606/612/613 607/613/613 575/581/613
f 575/581/613 577/583/613 606/612/613
f 607/613/627 608/614/627 573/579/627
f 573/579/627 575/581/627 607/613/627
f 608/614/614 609/615/614 571/577/614
f 571/577/614 573/579/614 608/614/614
f 609/615/547 610/616/547 569/575/547
f 569/575/547 571/577/547 609/615/547
f 610/616/615 611/617/615 567/573/615
f 567/573/615 569/575/615 610/616/615
f 611/617/101 612/618/101 565/571/101
f 565/571/101 567/573/101 611/617/101
f 612/618/616 613/619/616 563/569/616
f 563/569/616 565/571/616 612/618/616
f 613/619/617 614/620/628 561/567/628
f 561/567/628 563/569/617 613/619/617
f 614/620/618 615/621/618 559/565/618
f 559/565/618 561/567/618 614/620/618
f 615/621/625 616/622/625 557/563/625
f 557/563/625 559/565/625 615/621/625
f 616/622/620 599/605/620 555/561/620
f 555/561/620 557/563/620 616/622/620
f 617/623/361 618/624/361 619/625/361
f 619/625/361 620/626/361 621/627/361
f 617/623/361 619/625/361 621/627/361
f 622/628/361 617/623/361 621/627/361
f 621/627/629 620/626/630 623/629/629
f 623/629/629 624/630/629 621/627/629
f 620/626/631 619/625/631 625/631/631
f 625/631/631 623/629/632 620/626/631
f 619/625/633 618/624/633 626/632/633
f 626/632/633 625/631/633 619/625/633
f 618/624/634 617/623/635 627/633/634
f 627/633/634 626/632/634 618/624/634
f 617/623/636 622/628/636 628/634/636
f 628/634/636 627/633/637 617/623/636
f 622/628/638 621/627/638 624/630/638
f 624/630/638 628/634/639 622/628/638
f 629/635/104 630/636/104 631/637/104
f 631/637/104 632/638/104 633/639/104
f 629/635/104 631/637/104 633/639/104
f 634/640/104 629/635/104 633/639/104
f 624/630/640 623/629/641 635/641/641
f 635/641/641 636/642/642 624/630/640
f 623/629/643 625/631/643 637/643/643
f 637/643/643 635/641/644 623/629/643
f 625/631/645 626/632/646 638/644/646
f 638/644/646 637/643/645 625/631/645
f 626/632/647 627/633/648 639/645/648
f 639/645/648 638/644/647 626/632/647
f 627/633/649 628/634/650 640/646/650
f 640/646/650 639/645/649 627/633/649
f 628/634/651 624/630/652 636/642/652
f 636/642/652 640/646/653 628/634/651
f 636/642/654 635/641/655 630/636/656
f 630/636/656 629/635/654 636/642/654
f 635/641/657 637/643/658 631/637/658
f 631/637/658 630/636/657 635/641/657
f 637/643/659 638/644/659 632/638/659
f 632/638/659 631/637/659 637/643/659
f 638/644/660 639/645/661 633/639/661
f 633/639/661 632/638/662 638/644/660
f 639/645/663 640/646/664 634/640/664
f 634/640/664 633/639/663 639/645/663
f 640/646/665 636/642/666 629/635/666
f 629/635/666 634/640/665 640/646/665
f 641/647/104 642/648/104 643/649/104
f 643/649/104 644/650/104 641/647/104
f 645/651/667 646/652/667 642/648/667
f 642/648/667 641/647/667 645/651/667
f 647/653/361 648/654/361 646/652/361
f 646/652/361 645/651/361 647/653/361
f 644/650/668 643/649/668 648/654/668
f 648/654/668 647/653/668 644/650/668
f 649/655/669 650/656/669 651/657/669
f 651/657/669 652/658/669 649/655/669
f 653/659/670 645/651/670 641/647/670
f 641/647/671 654/660/671 653/659/671
f 655/661/361 647/653/361 645/651/361
f 645/651/361 653/659/361 655/661/361
f 656/662/672 644/650/672 647/653/672
f 647/653/673 655/661/673 656/662/673
f 657/663/674 649/655/674 652/658/674
f 652/658/674 658/664/674 657/663/674
f 659/665/675 653/659/675 654/660/675
f 654/660/676 660/666/676 659/665/676
f 661/667/677 655/661/677 653/659/677
f 653/659/677 659/665/677 661/667/677
f 662/668/678 656/662/678 655/661/678
f 655/661/679 661/667/679 662/668/679
f 646/652/616 648/654/616 643/649/616
f 643/649/616 642/648/616 646/652/616
f 662/668/680 661/667/680 659/665/680
f 659/665/680 660/666/680 662/668/680
f 641/647/681 644/650/682 651/657/682
f 651/657/682 650/656/681 641/647/681
f 644/650/683 656/662/683 652/658/683
f 652/658/684 651/657/684 644/650/684
f 656/662/685 662/668/685 658/664/685
f 658/664/686 652/658/686 656/662/686
f 662/668/687 660/666/688 657/663/688
f 657/663/688 658/664/687 662/668/687
f 660/666/689 654/660/689 649/655/689
f 649/655/690 657/663/690 660/666/690
f 654/660/691 641/647/691 650/656/691
f 650/656/692 649/655/692 654/660/692
f 663/669/104 664/670/104 665/671/104
f 665/671/104 666/672/104 663/669/104
f 667/673/693 668/674/693 664/670/693
f 664/670/693 663/669/693 667/673/693
f 669/675/361 670/676/361 668/674/361
f 668/674/361 667/673/361 669/675/361
f 666/672/694 665/671/694 670/676/694
f 670/676/694 669/675/694 666/672/694
f 671/677/695 672/678/695 673/679/695
f 673/679/695 674/680/695 671/677/695
f 675/681/696 667/673/696 663/669/696
f 663/669/697 676/682/697 675/681/697
f 677/683/361 669/675/361 667/673/361
f 667/673/361 675/681/361 677/683/361
f 678/684/698 666/672/698 669/675/698
f 669/675/699 677/683/699 678/684/699
f 679/685/700 671/677/700 674/680/700
f 674/680/700 680/686/700 679/685/700
f 681/687/701 675/681/701 676/682/701
f 676/682/702 682/688/702 681/687/702
f 683/689/703 677/683/703 675/681/703
f 675/681/703 681/687/703 683/689/703
f 684/690/704 678/684/704 677/683/704
f 677/683/705 683/689/705 684/690/705
f 668/674/619 670/676/619 665/671/619
f 665/671/619 664/670/619 668/674/619
f 684/690/706 683/689/707 681/687/708
f 681/687/708 682/688/708 684/690/706
f 663/669/709 666/672/709 673/679/709
f 673/679/709 672/678/709 663/669/709
f 666/672/710 678/684/710 674/680/710
f 674/680/711 673/679/711 666/672/711
f 678/684/712 684/690/712 680/686/712
f 680/686/713 674/680/713 678/684/713
f 684/690/714 682/688/714 679/685/714
f 679/685/714 680/686/714 684/690/714
f 682/688/715 676/682/715 671/677/715
f 671/677/716 679/685/716 682/688/716
f 676/682/717 663/669/717 672/678/717
f 672/678/718 671/677/718 676/682/718
f 685/691/104 686/692/104 687/693/104
f 687/693/104 688/694/104 685/691/104
f 689/695/719 690/696/719 686/692/719
f 686/692/719 685/691/719 689/695/719
f 691/697/361 692/698/361 690/696/361
f 690/696/361 689/695/361 691/697/361
f 688/694/720 687/693/721 692/698/721
f 692/698/721 691/697/722 688/694/720
f 693/699/723 694/700/723 695/701/723
f 695/701/723 696/702/723 693/699/723
f 697/703/724 689/695/724 685/691/724
f 685/691/725 698/704/725 697/703/725
f 699/705/361 691/697/361 689/695/361
f 689/695/361 697/703/361 699/705/361
f 700/706/726 688/694/726 691/697/726
f 691/697/727 699/705/727 700/706/727
f 701/707/728 693/699/728 696/702/728
f 696/702/728 702/708/728 701/707/728
f 703/709/729 697/703/729 698/704/729
f 698/704/730 704/710/730 703/709/730
f 705/711/731 699/705/731 697/703/731
f 697/703/731 703/709/731 705/711/731
f 706/712/732 700/706/732 699/705/732
f 699/705/733 705/711/733 706/712/733
f 690/696/609 692/698/609 687/693/609
f 687/693/609 686/692/626 690/696/609
f 706/712/734 705/711/734 703/709/735
f 703/709/735 704/710/735 706/712/734
f 685/691/736 688/694/737 695/701/737
f 695/701/737 694/700/736 685/691/736
f 688/694/738 700/706/738 696/702/738
f 696/702/739 695/701/739 688/694/739
f 700/706/740 706/712/740 702/708/740
f 702/708/741 696/702/741 700/706/741
f 706/712/742 704/710/743 701/707/743
f 701/707/743 702/708/742 706/712/742
f 704/710/744 698/704/744 693/699/744
f 693/699/745 701/707/745 704/710/745
f 698/704/746 685/691/746 694/700/746
f 694/700/747 693/699/747 698/704/747
f 707/713/104 708/714/104 709/715/104
f 709/715/104 710/716/104 707/713/104
f 711/717/748 712/718/748 708/714/748
f 708/714/748 707/713/748 711/717/748
f 713/719/361 714/720/361 712/718/361
f 712/718/361 711/717/361 713/719/361
f 710/716/749 709/715/749 714/720/749
f 714/720/749 713/719/749 710/716/749
f 715/721/750 716/722/750 717/723/750
f 717/723/750 718/724/750 715/721/750
f 719/725/751 711/717/751 707/713/751
f 707/713/752 720/726/752 719/725/752
f 721/727/361 713/719/361 711/717/361
f 711/717/361 719/725/361 721/727/361
f 722/728/753 710/716/753 713/719/753
f 713/719/754 721/727/754 722/728/754
f 723/729/755 715/721/755 718/724/755
f 718/724/755 724/730/755 723/729/755
f 725/731/756 719/725/756 720/726/756
f 720/726/757 726/732/757 725/731/757
f 727/733/758 721/727/759 719/725/758
f 719/725/758 725/731/758 727/733/758
f 728/734/760 722/728/760 721/727/760
f 721/727/761 727/733/761 728/734/761
f 712/718/610 714/720/610 709/715/610
f 709/715/610 708/714/610 712/718/610
f 728/734/762 727/733/762 725/731/762
f 725/731/762 726/732/762 728/734/762
f 707/713/763 710/716/763 717/723/763
f 717/723/763 716/722/763 707/713/763
f 710/716/764 722/728/764 718/724/764
f 718/724/765 717/723/765 710/716/765
f 722/728/766 728/734/766 724/730/766
f 724/730/767 718/724/767 722/728/767
f 728/734/768 726/732/769 723/729/769
f 723/729/769 724/730/768 728/734/768
f 726/732/770 720/726/770 715/721/770
f 715/721/771 723/729/771 726/732/771
f 720/726/772 707/713/772 716/722/772
f 716/722/773 715/721/773 720/726/773
f 729/735/104 730/736/104 731/737/104
f 731/737/104 732/738/104 729/735/104
f 733/739/774 734/740/774 730/736/774
f 730/736/774 729/735/774 733/739/774
f 735/741/361 736/742/361 734/740/361
f 734/740/361 733/739/361 735/741/361
f 732/738/775 731/737/775 736/742/775
f 736/742/775 735/741/775 732/738/775
f 737/743/776 738/744/776 739/745/776
f 739/745/776 740/746/776 737/743/776
f 741/747/777 733/739/777 729/735/777
f 729/735/778 742/748/778 741/747/778
f 743/749/361 735/741/361 733/739/361
f 733/739/361 741/747/361 743/749/361
f 744/750/779 732/738/779 735/741/779
f 735/741/780 743/749/780 744/750/780
f 745/751/781 737/743/782 740/746/781
f 740/746/781 746/752/781 745/751/781
f 747/753/783 741/747/783 742/748/783
f 742/748/784 748/754/784 747/753/784
f 749/755/785 743/749/785 741/747/785
f 741/747/785 747/753/785 749/755/785
f 750/756/786 744/750/786 743/749/786
f 743/749/787 749/755/787 750/756/787
f 734/740/788 736/742/613 731/737/613
f 731/737/613 730/736/788 734/740/788
f 750/756/789 749/755/789 747/753/789
f 747/753/789 748/754/789 750/756/789
f 729/735/790 732/738/790 739/745/790
f 739/745/790 738/744/790 729/735/790
f 732/738/791 744/750/791 740/746/791
f 740/746/792 739/745/792 732/738/792
f 744/750/793 750/756/793 746/752/793
f 746/752/794 740/746/794 744/750/794
f 750/756/795 748/754/796 745/751/796
f 745/751/796 746/752/795 750/756/795
f 748/754/797 742/748/797 737/743/797
f 737/743/798 745/751/798 748/754/798
f 742/748/799 729/735/799 738/744/799
f 738/744/800 737/743/800 742/748/800
f 751/757/104 752/758/104 753/759/104
f 753/759/104 754/760/104 751/757/104
f 755/761/801 756/762/801 752/758/801
f 752/758/801 751/757/801 755/761/801
f 757/763/361 758/764/361 756/762/361
f 756/762/361 755/761/361 757/763/361
f 754/760/802 753/759/802 758/764/802
f 758/764/802 757/763/802 754/760/802
f 759/765/803 760/766/803 761/767/803
f 761/767/803 762/768/803 759/765/803
f 763/769/804 755/761/804 751/757/804
f 751/757/805 764/770/805 763/769/805
f 765/771/361 757/763/361 755/761/361
f 755/761/361 763/769/361 765/771/361
f 766/772/806 754/760/806 757/763/806
f 757/763/807 765/771/807 766/772/807
f 767/773/808 759/765/808 762/768/808
f 762/768/808 768/774/808 767/773/808
f 769/775/809 763/769/809 764/770/809
f 764/770/810 770/776/810 769/775/810
f 771/777/811 765/771/811 763/769/811
f 763/769/811 769/775/811 771/777/811
f 772/778/812 766/772/812 765/771/812
f 765/771/813 771/777/813 772/778/813
f 756/762/547 758/764/547 753/759/547
f 753/759/547 752/758/814 756/762/547
f 772/778/815 771/777/815 769/775/816
f 769/775/816 770/776/816 772/778/815
f 751/757/817 754/760/818 761/767/818
f 761/767/818 760/766/819 751/757/817
f 754/760/820 766/772/820 762/768/820
f 762/768/821 761/767/821 754/760/821
f 766/772/822 772/778/822 768/774/822
f 768/774/823 762/768/823 766/772/823
f 772/778/824 770/776/825 767/773/825
f 767/773/825 768/774/824 772/778/824
f 770/776/826 764/770/826 759/765/826
f 759/765/827 767/773/827 770/776/827
f 764/770/828 751/757/828 760/766/828
f 760/766/829 759/765/829 764/770/829
f 773/779/104 774/780/104 775/781/104
f 773/779/104 775/781/104 776/782/104
f 777/783/104 773/779/104 776/782/104
f 777/783/104 776/782/104 778/784/104
f 779/785/104 777/783/104 778/784/104
f 779/785/104 778/784/104 780/786/104
f 781/787/104 779/785/104 780/786/104
f 781/787/104 780/786/104 782/788/104
f 783/789/104 781/787/104 782/788/104
f 783/789/104 782/788/104 784/790/104
f 785/791/104 783/789/104 784/790/104
f 785/791/104 784/790/104 786/792/104
f 787/793/104 785/791/104 786/792/104
f 787/793/104 786/792/104 788/794/104
f 789/795/104 787/793/104 788/794/104
f 789/795/104 788/794/104 790/796/104
f 791/797/104 789/795/104 790/796/104
f 791/797/104 790/796/104 792/798/104
f 793/799/104 791/797/104 792/798/104
f 793/799/104 792/798/104 794/800/104
f 795/801/104 793/799/104 794/800/104
f 795/801/104 794/800/104 796/802/104
f 797/803/104 795/801/104 796/802/104
f 797/803/104 796/802/104 798/804/104
f 799/805/104 797/803/104 798/804/104
f 799/805/104 798/804/104 800/806/104
f 801/807/104 799/805/104 800/806/104
f 801/807/104 800/806/104 802/808/104
f 803/809/104 801/807/104 802/808/104
f 803/809/104 802/808/104 804/810/104
f 805/811/104 803/809/104 804/810/104
f 805/811/104 804/810/104 806/812/104
f 807/813/104 805/811/104 806/812/104
f 807/813/104 806/812/104 808/814/104
f 774/780/104 807/813/104 808/814/104
f 774/780/104 808/814/104 775/781/104
f 809/815/487 810/816/487 811/817/487
f 811/817/487 812/818/487 809/815/487
f 813/819/488 814/820/488 811/817/488
f 811/817/488 810/816/488 813/819/488
f 815/821/489 816/822/489 817/823/489
f 817/823/489 818/824/489 815/821/489
f 816/822/490 819/825/490 820/826/490
f 820/826/490 817/823/490 816/822/490
f 821/827/491 822/828/491 823/829/491
f 823/829/491 824/830/491 821/827/491
f 825/831/493 826/832/493 823/829/493
f 823/829/493 822/828/493 825/831/493
f 827/833/830 828/834/830 829/835/830
f 829/835/830 830/836/830 827/833/830
f 831/837/495 832/838/495 833/839/495
f 833/839/495 834/840/831 831/837/495
f 835/841/832 836/842/496 837/843/496
f 837/843/496 838/844/832 835/841/832
f 839/845/497 840/846/498 841/847/497
f 841/847/497 842/848/497 839/845/497
f 843/849/499 844/850/499 841/847/499
f 841/847/499 840/846/499 843/849/499
f 845/851/500 846/852/500 847/853/500
f 847/853/500 848/854/500 845/851/500
f 849/855/501 850/856/502 851/857/502
f 851/857/502 852/858/501 849/855/501
f 850/856/504 853/859/504 854/860/504
f 854/860/504 851/857/504 850/856/504
f 849/855/505 810/816/505 779/785/505
f 779/785/505 781/787/505 849/855/505
f 810/816/506 809/815/539 777/783/507
f 777/783/507 779/785/506 810/816/506
f 809/815/508 816/822/508 773/779/508
f 773/779/508 777/783/508 809/815/508
f 816/822/510 815/821/511 774/780/511
f 774/780/511 773/779/510 816/822/510
f 815/821/512 822/861/512 807/813/512
f 807/813/512 774/780/512 815/821/512
f 822/861/515 821/862/515 805/811/515
f 805/811/515 807/813/515 822/861/515
f 821/862/517 828/863/517 803/809/517
f 803/809/517 805/811/517 821/862/517
f 828/863/519 827/833/519 801/807/519
f 801/807/519 803/809/519 828/863/519
f 827/833/522 832/838/522 799/805/522
f 799/805/522 801/807/522 827/833/522
f 832/838/524 831/837/524 797/803/524
f 797/803/524 799/805/524 832/838/524
f 831/837/526 836/842/526 795/801/526
f 795/801/526 797/803/526 831/837/526
f 836/842/527 835/841/527 793/799/527
f 793/799/527 795/801/527 836/842/527
f 835/841/530 840/846/530 791/797/530
f 791/797/530 793/799/530 835/841/530
f 840/846/531 839/845/531 789/795/531
f 789/795/531 791/797/531 840/846/531
f 839/845/533 846/852/833 787/793/534
f 787/793/534 789/795/533 839/845/533
f 846/852/535 845/851/535 785/791/535
f 785/791/535 787/793/535 846/852/535
f 845/851/537 850/856/537 783/789/537
f 783/789/537 785/791/537 845/851/537
f 850/856/538 849/855/834 781/787/834
f 781/787/834 783/789/538 850/856/538
f 855/864/524 856/865/524 782/788/524
f 782/788/524 780/786/524 855/864/524
f 856/865/522 857/866/835 784/790/521
f 784/790/521 782/788/522 856/865/522
f 857/866/519 858/867/520 786/792/518
f 786/792/518 784/790/519 857/866/519
f 858/867/517 859/868/517 788/794/517
f 788/794/517 786/792/517 858/867/517
f 859/868/513 860/869/515 790/796/515
f 790/796/515 788/794/513 859/868/513
f 860/869/512 861/870/512 792/798/512
f 792/798/512 790/796/512 860/869/512
f 861/870/511 862/871/510 794/800/511
f 794/800/511 792/798/511 861/870/511
f 862/871/508 863/872/508 796/802/508
f 796/802/508 794/800/508 862/871/508
f 863/872/507 864/873/539 798/804/539
f 798/804/539 796/802/507 863/872/507
f 864/873/540 865/874/505 800/806/505
f 800/806/505 798/804/540 864/873/540
f 865/874/834 866/875/538 802/808/538
f 802/808/538 800/806/541 865/874/834
f 866/875/542 867/876/537 804/810/537
f 804/810/537 802/808/542 866/875/542
f 867/876/535 868/877/536 806/812/535
f 806/812/535 804/810/836 867/876/535
f 868/877/534 869/878/533 808/814/533
f 808/814/533 806/812/534 868/877/534
f 869/878/531 870/879/531 775/781/531
f 775/781/531 808/814/531 869/878/531
f 870/879/530 871/880/529 776/782/529
f 776/782/529 775/781/530 870/879/530
f 871/880/527 872/881/527 778/784/527
f 778/784/527 776/782/527 871/880/527
f 872/881/543 855/864/543 780/786/543
f 780/786/543 778/784/543 872/881/543
f 849/855/544 873/882/544 813/819/544
f 813/819/544 810/816/544 849/855/544
f 816/822/545 809/815/545 874/883/545
f 874/883/545 819/825/545 816/822/545
f 818/824/102 817/823/102 820/826/102
f 820/826/102 875/884/102 818/824/102
f 832/838/546 827/833/546 876/885/546
f 876/885/546 877/886/546 832/838/546
f 836/842/547 831/837/547 878/887/547
f 878/887/547 879/888/547 836/842/547
f 835/841/101 880/889/101 843/849/101
f 843/849/101 840/846/101 835/841/101
f 821/827/837 824/830/837 881/890/837
f 881/890/837 882/891/837 821/827/837
f 830/836/838 883/892/838 876/885/838
f 876/885/838 827/833/838 830/836/838
f 834/840/550 884/893/550 878/887/550
f 878/887/550 831/837/550 834/840/550
f 842/848/839 885/894/839 886/895/839
f 886/895/839 839/845/839 842/848/839
f 848/854/552 887/896/552 888/897/552
f 888/897/552 845/851/552 848/854/552
f 889/898/361 890/899/361 891/900/361
f 890/899/361 889/898/361 892/901/361
f 893/902/361 890/899/361 892/901/361
f 893/902/361 892/901/361 894/903/361
f 895/904/361 893/902/361 894/903/361
f 895/904/361 894/903/361 896/905/361
f 897/906/361 895/904/361 896/905/361
f 897/906/361 896/905/361 898/907/361
f 899/908/361 897/906/361 898/907/361
f 899/908/361 898/907/361 900/909/361
f 901/910/361 899/908/361 900/909/361
f 901/910/361 900/909/361 902/911/361
f 903/912/361 901/910/361 902/911/361
f 903/912/361 902/911/361 904/913/361
f 905/914/361 903/912/361 904/913/361
f 905/914/361 904/913/361 906/915/361
f 907/916/361 905/914/361 906/915/361
f 907/916/361 906/915/361 908/917/361
f 909/918/361 907/916/361 908/917/361
f 909/918/361 908/917/361 910/919/361
f 911/920/361 909/918/361 910/919/361
f 911/920/361 910/919/361 912/921/361
f 913/922/361 911/920/361 912/921/361
f 913/922/361 912/921/361 914/923/361
f 915/924/361 913/922/361 914/923/361
f 915/924/361 914/923/361 916/925/361
f 917/926/361 915/924/361 916/925/361
f 917/926/361 916/925/361 918/927/361
f 919/928/361 917/926/361 918/927/361
f 919/928/361 918/927/361 920/929/361
f 921/930/361 919/928/361 920/929/361
f 921/930/361 920/929/361 922/931/361
f 923/932/361 921/930/361 922/931/361
f 923/932/361 922/931/361 924/933/361
f 891/900/361 923/932/361 924/933/361
f 889/898/361 891/900/361 924/933/361
f 874/883/553 925/934/553 814/820/553
f 814/820/553 813/819/553 874/883/553
f 926/935/554 875/884/554 820/826/554
f 820/826/554 819/825/554 926/935/554
f 882/891/556 881/890/555 826/832/556
f 826/832/556 825/831/556 882/891/556
f 876/885/558 883/892/557 927/936/558
f 927/936/558 928/937/558 876/885/558
f 927/936/840 829/835/840 828/834/840
f 828/834/840 928/937/840 927/936/840
f 878/887/841 884/893/841 929/938/841
f 929/938/841 877/886/841 878/887/841
f 929/938/561 833/839/561 832/838/561
f 832/838/561 877/886/561 929/938/561
f 880/889/842 930/939/842 931/940/562
f 931/940/562 879/888/562 880/889/842
f 931/940/563 837/843/563 836/842/563
f 836/842/563 879/888/563 931/940/563
f 886/895/564 885/894/564 844/850/565
f 844/850/565 843/849/565 886/895/564
f 888/897/566 887/896/566 932/941/566
f 932/941/566 933/942/566 888/897/566
f 932/941/567 847/853/567 846/852/567
f 846/852/567 933/942/567 932/941/567
f 873/882/570 934/943/568 854/860/570
f 854/860/570 853/859/570 873/882/570
f 873/882/571 898/907/571 896/905/571
f 896/905/571 813/819/571 873/882/571
f 813/819/602 896/905/602 894/903/602
f 894/903/602 874/883/602 813/819/602
f 874/883/573 894/903/573 892/901/573
f 892/901/573 819/825/573 874/883/573
f 819/825/575 892/901/575 889/898/576
f 889/898/576 926/935/576 819/825/575
f 926/935/577 889/898/577 924/933/577
f 924/933/577 825/944/577 926/935/577
f 825/944/601 924/933/601 922/931/601
f 922/931/601 882/945/578 825/944/601
f 882/945/580 922/931/580 920/929/580
f 920/929/580 928/946/580 882/945/580
f 928/946/582 920/929/582 918/927/582
f 918/927/582 876/885/582 928/946/582
f 876/885/583 918/927/583 916/925/583
f 916/925/583 877/886/583 876/885/583
f 877/886/585 916/925/585 914/923/585
f 914/923/585 878/887/585 877/886/585
f 878/887/587 914/923/586 912/921/843
f 912/921/843 879/888/843 878/887/587
f 879/888/588 912/921/589 910/919/588
f 910/919/588 880/889/588 879/888/588
f 880/889/590 910/919/590 908/917/590
f 908/917/590 843/849/590 880/889/590
f 843/849/591 908/917/591 906/915/592
f 906/915/592 886/895/592 843/849/591
f 886/895/594 906/915/594 904/913/594
f 904/913/594 933/942/594 886/895/594
f 933/942/595 904/913/595 902/911/595
f 902/911/595 888/897/595 933/942/595
f 888/897/596 902/911/596 900/909/596
f 900/909/596 853/859/596 888/897/596
f 853/859/598 900/909/598 898/907/598
f 898/907/598 873/882/598 853/859/598
f 935/947/599 897/906/599 899/908/599
f 899/908/585 936/948/585 935/947/585
f 936/948/600 899/908/600 901/910/600
f 901/910/583 937/949/583 936/948/583
f 937/949/582 901/910/582 903/912/582
f 903/912/581 938/950/581 937/949/581
f 938/950/580 903/912/580 905/914/580
f 905/914/580 939/951/580 938/950/580
f 939/951/578 905/914/578 907/916/578
f 907/916/601 940/952/601 939/951/601
f 940/952/577 907/916/577 909/918/577
f 909/918/577 941/953/577 940/952/577
f 941/953/576 909/918/576 911/920/576
f 911/920/575 942/954/575 941/953/575
f 942/954/573 911/920/573 913/922/573
f 913/922/573 943/955/573 942/954/573
f 943/955/572 913/922/572 915/924/572
f 915/924/603 944/956/603 943/955/603
f 944/956/604 915/924/604 917/926/604
f 917/926/571 945/957/571 944/956/571
f 945/957/605 917/926/605 919/928/605
f 919/928/598 946/958/598 945/957/598
f 946/958/844 919/928/844 921/930/844
f 921/930/845 947/959/845 946/958/845
f 947/959/595 921/930/595 923/932/595
f 923/932/846 948/960/846 947/959/846
f 948/960/594 923/932/594 891/900/594
f 891/900/593 949/961/593 948/960/593
f 949/961/591 891/900/591 890/899/591
f 890/899/591 950/962/591 949/961/591
f 950/962/607 890/899/607 893/902/607
f 893/902/607 951/963/607 950/962/607
f 951/963/588 893/902/588 895/904/588
f 895/904/588 952/964/588 951/963/588
f 952/964/608 895/904/608 897/906/608
f 897/906/586 935/947/586 952/964/586
f 812/818/609 811/817/609 814/820/609
f 814/820/609 925/934/609 812/818/609
f 815/821/610 926/935/610 825/831/610
f 825/831/610 822/828/610 815/821/610
f 823/829/611 826/832/611 881/890/611
f 881/890/611 824/830/611 823/829/611
f 821/827/612 882/891/612 928/937/612
f 928/937/612 828/834/612 821/827/612
f 829/835/613 927/936/613 883/892/613
f 883/892/613 830/836/613 829/835/613
f 833/839/614 929/938/614 884/893/614
f 884/893/614 834/840/614 833/839/614
f 838/844/615 837/843/615 931/940/615
f 931/940/615 930/939/615 838/844/615
f 841/847/616 844/850/616 885/894/616
f 885/894/616 842/848/616 841/847/616
f 846/852/617 839/845/617 886/895/617
f 886/895/617 933/942/617 846/852/617
f 847/853/618 932/941/618 887/896/618
f 887/896/618 848/854/618 847/853/618
f 850/856/619 845/851/619 888/897/619
f 888/897/619 853/859/619 850/856/619
f 852/858/620 851/857/620 854/860/620
f 854/860/620 934/943/620 852/858/620
f 812/818/621 925/934/621 874/883/621
f 874/883/621 809/815/621 812/818/621
f 815/821/622 818/824/622 875/884/622
f 875/884/622 926/935/622 815/821/622
f 835/841/623 838/844/623 930/939/623
f 930/939/623 880/889/623 835/841/623
f 849/855/624 852/858/624 934/943/624
f 934/943/624 873/882/624 849/855/624
f 953/965/104 954/966/104 955/967/104
f 955/967/104 956/968/104 957/969/104
f 957/969/104 958/970/104 959/971/104
f 955/967/104 957/969/104 959/971/104
f 959/971/104 960/972/104 961/973/104
f 961/973/104 962/974/104 963/975/104
f 959/971/104 961/973/104 963/975/104
f 963/975/104 964/976/104 965/977/104
f 965/977/104 966/978/104 967/979/104
f 963/975/104 965/977/104 967/979/104
f 959/971/104 963/975/104 967/979/104
f 955/967/104 959/971/104 967/979/104
f 967/979/104 968/980/104 969/981/104
f 955/967/104 967/979/104 969/981/104
f 953/965/104 955/967/104 969/981/104
f 970/982/104 953/965/104 969/981/104
f 971/983/104 972/984/104 973/985/104
f 971/983/104 973/985/104 974/986/104
f 975/987/104 971/983/104 974/986/104
f 975/987/104 974/986/104 976/988/104
f 977/989/104 975/987/104 976/988/104
f 977/989/104 976/988/104 978/990/104
f 979/991/104 977/989/104 978/990/104
f 979/991/104 978/990/104 980/992/104
f 981/993/104 979/991/104 980/992/104
f 981/993/104 980/992/104 982/994/104
f 983/995/104 981/993/104 982/994/104
f 983/995/104 982/994/104 984/996/104
f 985/997/104 983/995/104 984/996/104
f 985/997/104 984/996/104 986/998/104
f 987/999/104 985/997/104 986/998/104
f 987/999/104 986/998/104 988/1000/104
f 989/1001/104 987/999/104 988/1000/104
f 989/1001/104 988/1000/104 990/1002/104
f 991/1003/104 989/1001/104 990/1002/104
f 991/1003/104 990/1002/104 992/1004/104
f 993/1005/104 991/1003/104 992/1004/104
f 993/1005/104 992/1004/104 994/1006/104
f 995/1007/104 993/1005/104 994/1006/104
f 995/1007/104 994/1006/104 996/1008/104
f 997/1009/104 995/1007/104 996/1008/104
f 997/1009/104 996/1008/104 998/1010/104
f 999/1011/104 997/1009/104 998/1010/104
f 999/1011/104 998/1010/104 1000/1012/104
f 1001/1013/104 999/1011/104 1000/1012/104
f 1001/1013/104 1000/1012/104 1002/1014/104
f 1003/1015/104 1001/1013/104 1002/1014/104
f 1003/1015/104 1002/1014/104 1004/1016/104
f 1005/1017/104 1003/1015/104 1004/1016/104
f 1005/1017/104 1004/1016/104 1006/1018/104
f 972/984/104 1005/1017/104 1006/1018/104
f 972/984/104 1006/1018/104 973/985/104
f 982/994/614 980/992/614 954/966/614
f 954/966/614 953/965/614 982/994/614
f 980/992/547 978/990/547 955/967/547
f 955/967/547 954/966/547 980/992/547
f 978/990/615 976/988/615 956/968/615
f 956/968/615 955/967/615 978/990/615
f 976/988/101 974/986/101 957/969/101
f 957/969/101 956/968/101 976/988/101
f 974/986/616 973/985/616 958/970/616
f 958/970/616 957/969/616 974/986/616
f 973/985/617 1006/1018/617 959/971/617
f 959/971/617 958/970/617 973/985/617
f 1006/1018/618 1004/1016/618 960/972/618
f 960/972/618 959/971/618 1006/1018/618
f 1004/1016/625 1002/1014/625 961/973/625
f 961/973/625 960/972/625 1004/1016/625
f 1002/1014/620 1000/1012/620 962/974/620
f 962/974/620 961/973/620 1002/1014/620
f 1000/1012/544 998/1010/544 963/975/544
f 963/975/544 962/974/544 1000/1012/544
f 998/1010/609 996/1008/609 964/976/609
f 964/976/609 963/975/609 998/1010/609
f 996/1008/545 994/1006/545 965/977/545
f 965/977/545 964/976/545 996/1008/545
f 994/1006/102 992/1004/102 966/978/102
f 966/978/102 965/977/102 994/1006/102
f 992/1004/610 990/1002/610 967/979/610
f 967/979/610 966/978/610 992/1004/610
f 990/1002/611 988/1000/611 968/980/611
f 968/980/611 967/979/611 990/1002/611
f 988/1000/612 986/998/612 969/981/612
f 969/981/612 968/980/612 988/1000/612
f 986/998/613 984/996/613 970/982/613
f 970/982/613 969/981/613 986/998/613
f 984/996/546 982/994/546 953/965/546
f 953/965/546 970/982/546 984/996/546
f 1007/1019/361 1008/1020/361 1009/1021/361
f 1009/1021/361 1010/1022/361 1011/1023/361
f 1011/1023/361 1012/1024/361 1013/1025/361
f 1009/1021/361 1011/1023/361 1013/1025/361
f 1013/1025/361 1014/1026/361 1015/1027/361
f 1015/1027/361 1016/1028/361 1017/1029/361
f 1013/1025/361 1015/1027/361 1017/1029/361
f 1017/1029/361 1018/1030/361 1019/1031/361
f 1019/1031/361 1020/1032/361 1021/1033/361
f 1017/1029/361 1019/1031/361 1021/1033/361
f 1013/1025/361 1017/1029/361 1021/1033/361
f 1009/1021/361 1013/1025/361 1021/1033/361
f 1021/1033/361 1022/1034/361 1023/1035/361
f 1009/1021/361 1021/1033/361 1023/1035/361
f 1007/1019/361 1009/1021/361 1023/1035/361
f 1024/1036/361 1007/1019/361 1023/1035/361
f 1025/1037/544 1026/1038/544 979/991/544
f 979/991/544 981/993/544 1025/1037/544
f 1026/1038/609 1027/1039/609 977/989/609
f 977/989/609 979/991/609 1026/1038/609
f 1027/1039/545 1028/1040/545 975/987/545
f 975/987/545 977/989/545 1027/1039/545
f 1028/1040/102 1029/1041/102 971/983/102
f 971/983/102 975/987/102 1028/1040/102
f 1029/1041/610 1030/1042/610 972/984/610
f 972/984/610 971/983/610 1029/1041/610
f 1030/1042/611 1031/1043/611 1005/1017/611
f 1005/1017/611 972/984/611 1030/1042/611
f 1031/1043/612 1032/1044/612 1003/1015/612
f 1003/1015/612 1005/1017/612 1031/1043/612
f 1032/1044/613 1033/1045/613 1001/1013/613
f 1001/1013/613 1003/1015/613 1032/1044/613
f 1033/1045/627 1034/1046/627 999/1011/627
f 999/1011/627 1001/1013/627 1033/1045/627
f 1034/1046/614 1035/1047/614 997/1009/614
f 997/1009/614 999/1011/614 1034/1046/614
f 1035/1047/547 1036/1048/547 995/1007/547
f 995/1007/547 997/1009/547 1035/1047/547
f 1036/1048/615 1037/1049/615 993/1005/615
f 993/1005/615 995/1007/615 1036/1048/615
f 1037/1049/101 1038/1050/101 991/1003/101
f 991/1003/101 993/1005/101 1037/1049/101
f 1038/1050/616 1039/1051/616 989/1001/616
f 989/1001/616 991/1003/616 1038/1050/616
f 1039/1051/617 1040/1052/628 987/999/628
f 987/999/628 989/1001/617 1039/1051/617
f 1040/1052/618 1041/1053/618 985/997/618
f 985/997/618 987/999/618 1040/1052/618
f 1041/1053/625 1042/1054/619 983/995/619
f 983/995/619 985/997/625 1041/1053/625
f 1042/1054/620 1025/1037/620 981/993/620
f 981/993/620 983/995/620 1042/1054/620
f 1043/1055/361 1044/1056/361 1045/1057/361
f 1045/1057/361 1046/1058/361 1047/1059/361
f 1043/1055/361 1045/1057/361 1047/1059/361
f 1048/1060/361 1043/1055/361 1047/1059/361
f 1047/1059/847 1046/1058/848 1049/1061/847
f 1049/1061/847 1050/1062/847 1047/1059/847
f 1046/1058/631 1045/1057/631 1051/1063/631
f 1051/1063/631 1049/1061/632 1046/1058/631
f 1045/1057/849 1044/1056/633 1052/1064/849
f 1052/1064/849 1051/1063/849 1045/1057/849
f 1044/1056/634 1043/1055/635 1053/1065/634
f 1053/1065/634 1052/1064/634 1044/1056/634
f 1043/1055/636 1048/1060/850 1054/1066/637
f 1054/1066/637 1053/1065/637 1043/1055/636
f 1048/1060/639 1047/1059/639 1050/1062/639
f 1050/1062/639 1054/1066/639 1048/1060/639
f 1055/1067/104 1056/1068/104 1057/1069/104
f 1057/1069/104 1058/1070/104 1059/1071/104
f 1055/1067/104 1057/1069/104 1059/1071/104
f 1060/1072/104 1055/1067/104 1059/1071/104
f 1050/1062/851 1049/1061/641 1061/1073/641
f 1061/1073/641 1062/1074/852 1050/1062/851
f 1049/1061/644 1051/1063/853 1063/1075/853
f 1063/1075/853 1061/1073/644 1049/1061/644
f 1051/1063/645 1052/1064/854 1064/1076/854
f 1064/1076/854 1063/1075/645 1051/1063/645
f 1052/1064/855 1053/1065/855 1065/1077/855
f 1065/1077/855 1064/1076/855 1052/1064/855
f 1053/1065/649 1054/1066/856 1066/1078/856
f 1066/1078/856 1065/1077/649 1053/1065/649
f 1054/1066/857 1050/1062/857 1062/1074/857
f 1062/1074/857 1066/1078/857 1054/1066/857
f 1062/1074/858 1061/1073/859 1056/1068/859
f 1056/1068/859 1055/1067/858 1062/1074/858
f 1061/1073/657 1063/1075/860 1057/1069/657
f 1057/1069/657 1056/1068/657 1061/1073/657
f 1063/1075/659 1064/1076/861 1058/1070/862
f 1058/1070/862 1057/1069/659 1063/1075/659
f 1064/1076/863 1065/1077/661 1059/1071/661
f 1059/1071/661 1058/1070/863 1064/1076/863
f 1065/1077/663 1066/1078/664 1060/1072/664
f 1060/1072/664 1059/1071/663 1065/1077/663
f 1066/1078/864 1062/1074/666 1055/1067/864
f 1055/1067/864 1060/1072/865 1066/1078/864
f 1067/1079/104 1068/1080/104 1069/1081/104
f 1069/1081/104 1070/1082/104 1067/1079/104
f 1071/1083/866 1072/1084/866 1068/1080/866
f 1068/1080/866 1067/1079/866 1071/1083/866
f 1073/1085/361 1074/1086/361 1072/1084/361
f 1072/1084/361 1071/1083/361 1073/1085/361
f 1070/1082/668 1069/1081/668 1074/1086/668
f 1074/1086/668 1073/1085/668 1070/1082/668
f 1075/1087/669 1076/1088/669 1077/1089/669
f 1077/1089/669 1078/1090/669 1075/1087/669
f 1079/1091/867 1071/1083/867 1067/1079/867
f 1067/1079/868 1080/1092/868 1079/1091/868
f 1081/1093/361 1073/1085/361 1071/1083/361
f 1071/1083/361 1079/1091/361 1081/1093/361
f 1082/1094/672 1070/1082/672 1073/1085/672
f 1073/1085/869 1081/1093/869 1082/1094/869
f 1083/1095/674 1075/1087/674 1078/1090/674
f 1078/1090/674 1084/1096/674 1083/1095/674
f 1085/1097/870 1079/1091/870 1080/1092/870
f 1080/1092/676 1086/1098/676 1085/1097/676
f 1087/1099/677 1081/1093/677 1079/1091/677
f 1079/1091/677 1085/1097/677 1087/1099/677
f 1088/1100/678 1082/1094/678 1081/1093/678
f 1081/1093/871 1087/1099/871 1088/1100/871
f 1072/1084/616 1074/1086/616 1069/1081/616
f 1069/1081/616 1068/1080/616 1072/1084/616
f 1088/1100/680 1087/1099/680 1085/1097/680
f 1085/1097/680 1086/1098/680 1088/1100/680
f 1067/1079/681 1070/1082/872 1077/1089/872
f 1077/1089/872 1076/1088/681 1067/1079/681
f 1070/1082/873 1082/1094/873 1078/1090/873
f 1078/1090/874 1077/1089/874 1070/1082/874
f 1082/1094/875 1088/1100/875 1084/1096/875
f 1084/1096/876 1078/1090/876 1082/1094/876
f 1088/1100/688 1086/1098/877 1083/1095/877
f 1083/1095/877 1084/1096/688 1088/1100/688
f 1086/1098/689 1080/1092/689 1075/1087/689
f 1075/1087/878 1083/1095/878 1086/1098/878
f 1080/1092/879 1067/1079/879 1076/1088/879
f 1076/1088/880 1075/1087/880 1080/1092/880
f 1089/1101/104 1090/1102/104 1091/1103/104
f 1091/1103/104 1092/1104/104 1089/1101/104
f 1093/1105/693 1094/1106/693 1090/1102/693
f 1090/1102/693 1089/1101/693 1093/1105/693
f 1095/1107/361 1096/1108/361 1094/1106/361
f 1094/1106/361 1093/1105/361 1095/1107/361
f 1092/1104/694 1091/1103/694 1096/1108/694
f 1096/1108/694 1095/1107/694 1092/1104/694
f 1097/1109/695 1098/1110/695 1099/1111/695
f 1099/1111/695 1100/1112/695 1097/1109/695
f 1101/1113/696 1093/1105/696 1089/1101/696
f 1089/1101/881 1102/1114/881 1101/1113/881
f 1103/1115/361 1095/1107/361 1093/1105/361
f 1093/1105/361 1101/1113/361 1103/1115/361
f 1104/1116/698 1092/1104/698 1095/1107/698
f 1095/1107/882 1103/1115/882 1104/1116/882
f 1105/1117/700 1097/1109/883 1100/1112/700
f 1100/1112/700 1106/1118/700 1105/1117/700
f 1107/1119/701 1101/1113/701 1102/1114/701
f 1102/1114/702 1108/1120/702 1107/1119/702
f 1109/1121/703 1103/1115/884 1101/1113/703
f 1101/1113/703 1107/1119/703 1109/1121/703
f 1110/1122/885 1104/1116/885 1103/1115/885
f 1103/1115/886 1109/1121/886 1110/1122/886
f 1094/1106/619 1096/1108/619 1091/1103/619
f 1091/1103/619 1090/1102/619 1094/1106/619
f 1110/1122/887 1109/1121/887 1107/1119/888
f 1107/1119/888 1108/1120/888 1110/1122/887
f 1089/1101/889 1092/1104/890 1099/1111/890
f 1099/1111/890 1098/1110/889 1089/1101/889
f 1092/1104/891 1104/1116/891 1100/1112/891
f 1100/1112/711 1099/1111/711 1092/1104/711
f 1104/1116/892 1110/1122/892 1106/1118/892
f 1106/1118/893 1100/1112/893 1104/1116/893
f 1110/1122/894 1108/1120/895 1105/1117/895
f 1105/1117/895 1106/1118/896 1110/1122/894
f 1108/1120/897 1102/1114/897 1097/1109/897
f 1097/1109/716 1105/1117/716 1108/1120/716
f 1102/1114/717 1089/1101/717 1098/1110/717
f 1098/1110/898 1097/1109/898 1102/1114/898
f 1111/1123/104 1112/1124/104 1113/1125/104
f 1113/1125/104 1114/1126/104 1111/1123/104
f 1115/1127/719 1116/1128/719 1112/1124/719
f 1112/1124/719 1111/1123/719 1115/1127/719
f 1117/1129/361 1118/1130/361 1116/1128/361
f 1116/1128/361 1115/1127/361 1117/1129/361
f 1114/1126/721 1113/1125/721 1118/1130/721
f 1118/1130/721 1117/1129/721 1114/1126/721
f 1119/1131/723 1120/1132/723 1121/1133/723
f 1121/1133/723 1122/1134/723 1119/1131/723
f 1123/1135/724 1115/1127/724 1111/1123/724
f 1111/1123/899 1124/1136/899 1123/1135/899
f 1125/1137/361 1117/1129/361 1115/1127/361
f 1115/1127/361 1123/1135/361 1125/1137/361
f 1126/1138/726 1114/1126/726 1117/1129/726
f 1117/1129/900 1125/1137/900 1126/1138/900
f 1127/1139/728 1119/1131/728 1122/1134/728
f 1122/1134/728 1128/1140/728 1127/1139/728
f 1129/1141/901 1123/1135/901 1124/1136/901
f 1124/1136/902 1130/1142/902 1129/1141/902
f 1131/1143/731 1125/1137/731 1123/1135/731
f 1123/1135/731 1129/1141/731 1131/1143/731
f 1132/1144/903 1126/1138/903 1125/1137/903
f 1125/1137/904 1131/1143/904 1132/1144/904
f 1116/1128/609 1118/1130/609 1113/1125/609
f 1113/1125/609 1112/1124/609 1116/1128/609
f 1132/1144/905 1131/1143/905 1129/1141/734
f 1129/1141/734 1130/1142/734 1132/1144/905
f 1111/1123/737 1114/1126/737 1121/1133/737
f 1121/1133/737 1120/1132/737 1111/1123/737
f 1114/1126/906 1126/1138/906 1122/1134/906
f 1122/1134/739 1121/1133/739 1114/1126/739
f 1126/1138/740 1132/1144/740 1128/1140/740
f 1128/1140/907 1122/1134/907 1126/1138/907
f 1132/1144/908 1130/1142/742 1127/1139/742
f 1127/1139/742 1128/1140/908 1132/1144/908
f 1130/1142/909 1124/1136/909 1119/1131/909
f 1119/1131/910 1127/1139/910 1130/1142/910
f 1124/1136/911 1111/1123/911 1120/1132/911
f 1120/1132/912 1119/1131/912 1124/1136/912
f 1133/1145/104 1134/1146/104 1135/1147/104
f 1135/1147/104 1136/1148/104 1133/1145/104
f 1137/1149/748 1138/1150/748 1134/1146/748
f 1134/1146/748 1133/1145/748 1137/1149/748
f 1139/1151/361 1140/1152/361 1138/1150/361
f 1138/1150/361 1137/1149/361 1139/1151/361
f 1136/1148/749 1135/1147/749 1140/1152/749
f 1140/1152/749 1139/1151/749 1136/1148/749
f 1141/1153/750 1142/1154/750 1143/1155/750
f 1143/1155/750 1144/1156/750 1141/1153/750
f 1145/1157/913 1137/1149/913 1133/1145/913
f 1133/1145/752 1146/1158/752 1145/1157/752
f 1147/1159/361 1139/1151/361 1137/1149/361
f 1137/1149/361 1145/1157/361 1147/1159/361
f 1148/1160/753 1136/1148/753 1139/1151/753
f 1139/1151/754 1147/1159/754 1148/1160/754
f 1149/1161/755 1141/1153/755 1144/1156/755
f 1144/1156/755 1150/1162/755 1149/1161/755
f 1151/1163/914 1145/1157/914 1146/1158/914
f 1146/1158/915 1152/1164/915 1151/1163/915
f 1153/1165/758 1147/1159/759 1145/1157/758
f 1145/1157/758 1151/1163/758 1153/1165/758
f 1154/1166/760 1148/1160/760 1147/1159/760
f 1147/1159/916 1153/1165/916 1154/1166/916
f 1138/1150/610 1140/1152/610 1135/1147/610
f 1135/1147/610 1134/1146/610 1138/1150/610
f 1154/1166/762 1153/1165/762 1151/1163/917
f 1151/1163/917 1152/1164/917 1154/1166/762
f 1133/1145/763 1136/1148/763 1143/1155/763
f 1143/1155/763 1142/1154/763 1133/1145/763
f 1136/1148/764 1148/1160/764 1144/1156/764
f 1144/1156/765 1143/1155/765 1136/1148/765
f 1148/1160/766 1154/1166/766 1150/1162/766
f 1150/1162/918 1144/1156/918 1148/1160/918
f 1154/1166/768 1152/1164/768 1149/1161/768
f 1149/1161/768 1150/1162/768 1154/1166/768
f 1152/1164/919 1146/1158/919 1141/1153/919
f 1141/1153/920 1149/1161/920 1152/1164/920
f 1146/1158/772 1133/1145/772 1142/1154/772
f 1142/1154/773 1141/1153/773 1146/1158/773
f 1155/1167/104 1156/1168/104 1157/1169/104
f 1157/1169/104 1158/1170/104 1155/1167/104
f 1159/1171/774 1160/1172/774 1156/1168/774
f 1156/1168/774 1155/1167/774 1159/1171/774
f 1161/1173/361 1162/1174/361 1160/1172/361
f 1160/1172/361 1159/1171/361 1161/1173/361
f 1158/1170/775 1157/1169/775 1162/1174/775
f 1162/1174/775 1161/1173/775 1158/1170/775
f 1163/1175/776 1164/1176/776 1165/1177/776
f 1165/1177/776 1166/1178/776 1163/1175/776
f 1167/1179/777 1159/1171/777 1155/1167/777
f 1155/1167/778 1168/1180/778 1167/1179/778
f 1169/1181/361 1161/1173/361 1159/1171/361
f 1159/1171/361 1167/1179/361 1169/1181/361
f 1170/1182/779 1158/1170/779 1161/1173/779
f 1161/1173/921 1169/1181/921 1170/1182/921
f 1171/1183/781 1163/1175/781 1166/1178/781
f 1166/1178/781 1172/1184/781 1171/1183/781
f 1173/1185/922 1167/1179/922 1168/1180/922
f 1168/1180/784 1174/1186/784 1173/1185/784
f 1175/1187/785 1169/1181/785 1167/1179/785
f 1167/1179/785 1173/1185/785 1175/1187/785
f 1176/1188/923 1170/1182/923 1169/1181/923
f 1169/1181/924 1175/1187/924 1176/1188/924
f 1160/1172/788 1162/1174/788 1157/1169/788
f 1157/1169/788 1156/1168/788 1160/1172/788
f 1176/1188/925 1175/1187/925 1173/1185/925
f 1173/1185/925 1174/1186/925 1176/1188/925
f 1155/1167/790 1158/1170/926 1165/1177/926
f 1165/1177/926 1164/1176/790 1155/1167/790
f 1158/1170/791 1170/1182/791 1166/1178/791
f 1166/1178/927 1165/1177/927 1158/1170/927
f 1170/1182/928 1176/1188/928 1172/1184/928
f 1172/1184/929 1166/1178/929 1170/1182/929
f 1176/1188/930 1174/1186/796 1171/1183/796
f 1171/1183/796 1172/1184/930 1176/1188/930
f 1174/1186/797 1168/1180/797 1163/1175/797
f 1163/1175/798 1171/1183/798 1174/1186/798
f 1168/1180/799 1155/1167/799 1164/1176/799
f 1164/1176/931 1163/1175/931 1168/1180/931
f 1177/1189/104 1178/1190/104 1179/1191/104
f 1179/1191/104 1180/1192/104 1177/1189/104
f 1181/1193/801 1182/1194/801 1178/1190/801
f 1178/1190/801 1177/1189/801 1181/1193/801
f 1183/1195/361 1184/1196/361 1182/1194/361
f 1182/1194/361 1181/1193/361 1183/1195/361
f 1180/1192/932 1179/1191/932 1184/1196/932
f 1184/1196/932 1183/1195/932 1180/1192/932
f 1185/1197/803 1186/1198/803 1187/1199/803
f 1187/1199/803 1188/1200/803 1185/1197/803
f 1189/1201/933 1181/1193/933 1177/1189/933
f 1177/1189/805 1190/1202/805 1189/1201/805
f 1191/1203/361 1183/1195/361 1181/1193/361
f 1181/1193/361 1189/1201/361 1191/1203/361
f 1192/1204/806 1180/1192/806 1183/1195/806
f 1183/1195/807 1191/1203/807 1192/1204/807
f 1193/1205/808 1185/1197/808 1188/1200/808
f 1188/1200/808 1194/1206/808 1193/1205/808
f 1195/1207/809 1189/1201/809 1190/1202/809
f 1190/1202/934 1196/1208/934 1195/1207/934
f 1197/1209/811 1191/1203/811 1189/1201/811
f 1189/1201/811 1195/1207/811 1197/1209/811
f 1198/1210/812 1192/1204/812 1191/1203/812
f 1191/1203/935 1197/1209/935 1198/1210/935
f 1182/1194/547 1184/1196/547 1179/1191/547
f 1179/1191/547 1178/1190/547 1182/1194/547
f 1198/1210/815 1197/1209/815 1195/1207/936
f 1195/1207/936 1196/1208/936 1198/1210/815
f 1177/1189/818 1180/1192/937 1187/1199/938
f 1187/1199/938 1186/1198/939 1177/1189/818
f 1180/1192/940 1192/1204/940 1188/1200/940
f 1188/1200/941 1187/1199/941 1180/1192/941
f 1192/1204/942 1198/1210/942 1194/1206/942
f 1194/1206/823 1188/1200/823 1192/1204/823
f 1198/1210/943 1196/1208/943 1193/1205/943
f 1193/1205/943 1194/1206/943 1198/1210/943
f 1196/1208/944 1190/1202/944 1185/1197/944
f 1185/1197/945 1193/1205/945 1196/1208/945
f 1190/1202/946 1177/1189/946 1186/1198/946
f 1186/1198/947 1185/1197/947 1190/1202/947
f 1199/1211/361 1200/1212/361 1201/1213/361
f 1200/1212/361 1199/1211/361 1202/1214/361
f 1203/1215/361 1200/1212/361 1202/1214/361
f 1203/1215/361 1202/1214/361 1204/1216/361
f 1205/1217/361 1203/1215/361 1204/1216/361
f 1205/1217/361 1204/1216/361 1206/1218/361
f 1207/1219/361 1205/1217/361 1206/1218/361
f 1207/1219/361 1206/1218/361 1208/1220/361
f 1209/1221/361 1207/1219/361 1208/1220/361
f 1209/1221/361 1208/1220/361 1210/1222/361
f 1211/1223/361 1209/1221/361 1210/1222/361
f 1211/1223/361 1210/1222/361 1212/1224/361
f 1213/1225/361 1211/1223/361 1212/1224/361
f 1213/1225/361 1212/1224/361 1214/1226/361
f 1215/1227/361 1213/1225/361 1214/1226/361
f 1215/1227/361 1214/1226/361 1216/1228/361
f 1217/1229/361 1215/1227/361 1216/1228/361
f 1217/1229/361 1216/1228/361 1218/1230/361
f 1219/1231/361 1217/1229/361 1218/1230/361
f 1219/1231/361 1218/1230/361 1220/1232/361
f 1221/1233/361 1219/1231/361 1220/1232/361
f 1221/1233/361 1220/1232/361 1222/1234/361
f 1223/1235/361 1221/1233/361 1222/1234/361
f 1223/1235/361 1222/1234/361 1224/1236/361
f 1225/1237/361 1223/1235/361 1224/1236/361
f 1225/1237/361 1224/1236/361 1226/1238/361
f 1227/1239/361 1225/1237/361 1226/1238/361
f 1227/1239/361 1226/1238/361 1228/1240/361
f 1229/1241/361 1227/1239/361 1228/1240/361
f 1229/1241/361 1228/1240/361 1230/1242/361
f 1231/1243/361 1229/1241/361 1230/1242/361
f 1231/1243/361 1230/1242/361 1232/1244/361
f 1233/1245/361 1231/1243/361 1232/1244/361
f 1233/1245/361 1232/1244/361 1234/1246/361
f 1201/1213/361 1233/1245/361 1234/1246/361
f 1199/1211/361 1201/1213/361 1234/1246/361
f 1235/1247/553 1236/1248/948 1237/1249/553
f 1237/1249/553 1238/1250/553 1235/1247/553
f 1239/1251/488 1238/1250/488 1237/1249/488
f 1237/1249/488 1240/1252/488 1239/1251/488
f 1241/1253/554 1242/1254/554 1243/1255/554
f 1243/1255/554 1244/1256/554 1241/1253/554
f 1244/1256/490 1243/1255/490 1245/1257/490
f 1245/1257/490 1246/1258/490 1244/1256/490
f 1247/1259/556 1248/1260/556 1249/1261/556
f 1249/1261/556 1250/1262/556 1247/1259/556
f 1251/1263/493 1250/1262/493 1249/1261/493
f 1249/1261/493 1252/1264/493 1251/1263/493
f 1253/1265/558 1254/1266/558 1255/1267/558
f 1255/1267/558 1256/1268/558 1253/1265/558
f 1257/1269/841 1258/1270/841 1259/1271/560
f 1259/1271/560 1260/1272/560 1257/1269/841
f 1261/1273/562 1262/1274/562 1263/1275/842
f 1263/1275/842 1264/1276/842 1261/1273/562
f 1265/1277/565 1266/1278/565 1267/1279/565
f 1267/1279/565 1268/1280/565 1265/1277/565
f 1269/1281/499 1268/1280/499 1267/1279/499
f 1267/1279/499 1270/1282/499 1269/1281/499
f 1271/1283/566 1272/1284/566 1273/1285/566
f 1273/1285/566 1274/1286/949 1271/1283/566
f 1275/1287/950 1276/1288/951 1277/1289/952
f 1277/1289/952 1278/1290/570 1275/1287/950
f 1278/1290/504 1277/1289/504 1279/1291/504
f 1279/1291/504 1280/1292/504 1278/1290/504
f 1275/1287/571 1208/1220/571 1206/1218/571
f 1206/1218/571 1238/1250/571 1275/1287/571
f 1238/1250/572 1206/1218/572 1204/1216/572
f 1204/1216/572 1235/1247/572 1238/1250/572
f 1235/1247/573 1204/1216/573 1202/1214/574
f 1202/1214/574 1244/1256/574 1235/1247/573
f 1244/1256/575 1202/1214/575 1199/1211/575
f 1199/1211/575 1241/1253/575 1244/1256/575
f 1241/1253/577 1199/1211/577 1234/1246/577
f 1234/1246/577 1250/1293/577 1241/1253/577
f 1250/1293/601 1234/1246/601 1232/1244/578
f 1232/1244/578 1247/1294/578 1250/1293/601
f 1247/1294/580 1232/1244/580 1230/1242/580
f 1230/1242/580 1256/1295/580 1247/1294/580
f 1256/1295/582 1230/1242/582 1228/1240/582
f 1228/1240/582 1253/1265/582 1256/1295/582
f 1253/1265/583 1228/1240/583 1226/1238/583
f 1226/1238/583 1260/1272/583 1253/1265/583
f 1260/1272/585 1226/1238/585 1224/1236/585
f 1224/1236/585 1257/1269/585 1260/1272/585
f 1257/1269/586 1224/1236/586 1222/1234/587
f 1222/1234/587 1264/1276/587 1257/1269/586
f 1264/1276/588 1222/1234/588 1220/1232/588
f 1220/1232/588 1261/1273/588 1264/1276/588
f 1261/1273/590 1220/1232/590 1218/1230/590
f 1218/1230/590 1268/1280/590 1261/1273/590
f 1268/1280/591 1218/1230/591 1216/1228/592
f 1216/1228/592 1265/1277/592 1268/1280/591
f 1265/1277/593 1216/1228/593 1214/1226/594
f 1214/1226/594 1274/1286/594 1265/1277/593
f 1274/1286/846 1214/1226/846 1212/1224/595
f 1212/1224/595 1271/1283/595 1274/1286/846
f 1271/1283/596 1212/1224/596 1210/1222/596
f 1210/1222/596 1278/1290/596 1271/1283/596
f 1278/1290/597 1210/1222/597 1208/1220/598
f 1208/1220/598 1275/1287/598 1278/1290/597
f 1281/1296/599 1207/1219/599 1209/1221/599
f 1209/1221/585 1282/1297/585 1281/1296/585
f 1282/1297/600 1209/1221/600 1211/1223/600
f 1211/1223/583 1283/1298/583 1282/1297/583
f 1283/1298/953 1211/1223/953 1213/1225/953
f 1213/1225/954 1284/1299/954 1283/1298/954
f 1284/1299/580 1213/1225/580 1215/1227/580
f 1215/1227/579 1285/1300/579 1284/1299/579
f 1285/1300/601 1215/1227/601 1217/1229/601
f 1217/1229/601 1286/1301/601 1285/1300/601
f 1286/1301/577 1217/1229/577 1219/1231/577
f 1219/1231/577 1287/1302/577 1286/1301/577
f 1287/1302/576 1219/1231/576 1221/1233/576
f 1221/1233/576 1288/1303/576 1287/1302/576
f 1288/1303/573 1221/1233/573 1223/1235/573
f 1223/1235/574 1289/1304/574 1288/1303/574
f 1289/1304/602 1223/1235/602 1225/1237/602
f 1225/1237/603 1290/1305/603 1289/1304/603
f 1290/1305/955 1225/1237/955 1227/1239/955
f 1227/1239/571 1291/1306/571 1290/1305/571
f 1291/1306/597 1227/1239/597 1229/1241/597
f 1229/1241/598 1292/1307/598 1291/1306/598
f 1292/1307/596 1229/1241/596 1231/1243/596
f 1231/1243/606 1293/1308/606 1292/1307/606
f 1293/1308/595 1231/1243/595 1233/1245/595
f 1233/1245/595 1294/1309/595 1293/1308/595
f 1294/1309/593 1233/1245/593 1201/1213/593
f 1201/1213/956 1295/1310/956 1294/1309/956
f 1295/1310/591 1201/1213/591 1200/1212/591
f 1200/1212/591 1296/1311/591 1295/1310/591
f 1296/1311/590 1200/1212/590 1203/1215/590
f 1203/1215/607 1297/1312/607 1296/1311/607
f 1297/1312/957 1203/1215/957 1205/1217/957
f 1205/1217/588 1298/1313/588 1297/1312/588
f 1298/1313/587 1205/1217/587 1207/1219/587
f 1207/1219/608 1281/1296/608 1298/1313/608
f 1275/1287/544 1238/1250/544 1239/1251/544
f 1239/1251/544 1299/1314/544 1275/1287/544
f 1244/1256/545 1246/1258/545 1300/1315/545
f 1300/1315/545 1235/1247/545 1244/1256/545
f 1242/1254/102 1301/1316/102 1245/1257/102
f 1245/1257/102 1243/1255/102 1242/1254/102
f 1260/1272/546 1302/1317/546 1303/1318/546
f 1303/1318/546 1253/1265/546 1260/1272/546
f 1264/1276/547 1304/1319/547 1305/1320/547
f 1305/1320/547 1257/1269/547 1264/1276/547
f 1261/1273/101 1268/1280/101 1269/1281/101
f 1269/1281/101 1306/1321/101 1261/1273/101
f 1247/1259/837 1307/1322/837 1308/1323/837
f 1308/1323/837 1248/1260/837 1247/1259/837
f 1254/1266/838 1253/1265/838 1303/1318/838
f 1303/1318/838 1309/1324/838 1254/1266/838
f 1258/1270/550 1257/1269/550 1305/1320/550
f 1305/1320/550 1310/1325/550 1258/1270/550
f 1266/1278/551 1265/1277/551 1311/1326/551
f 1311/1326/551 1312/1327/551 1266/1278/551
f 1272/1284/552 1271/1283/552 1313/1328/552
f 1313/1328/552 1314/1329/552 1272/1284/552
f 1315/1330/104 1316/1331/104 1317/1332/104
f 1315/1330/104 1317/1332/104 1318/1333/104
f 1319/1334/104 1315/1330/104 1318/1333/104
f 1319/1334/104 1318/1333/104 1320/1335/104
f 1321/1336/104 1319/1334/104 1320/1335/104
f 1321/1336/104 1320/1335/104 1322/1337/104
f 1323/1338/104 1321/1336/104 1322/1337/104
f 1323/1338/104 1322/1337/104 1324/1339/104
f 1325/1340/104 1323/1338/104 1324/1339/104
f 1325/1340/104 1324/1339/104 1326/1341/104
f 1327/1342/104 1325/1340/104 1326/1341/104
f 1327/1342/104 1326/1341/104 1328/1343/104
f 1329/1344/104 1327/1342/104 1328/1343/104
f 1329/1344/104 1328/1343/104 1330/1345/104
f 1331/1346/104 1329/1344/104 1330/1345/104
f 1331/1346/104 1330/1345/104 1332/1347/104
f 1333/1348/104 1331/1346/104 1332/1347/104
f 1333/1348/104 1332/1347/104 1334/1349/104
f 1335/1350/104 1333/1348/104 1334/1349/104
f 1335/1350/104 1334/1349/104 1336/1351/104
f 1337/1352/104 1335/1350/104 1336/1351/104
f 1337/1352/104 1336/1351/104 1338/1353/104
f 1339/1354/104 1337/1352/104 1338/1353/104
f 1339/1354/104 1338/1353/104 1340/1355/104
f 1341/1356/104 1339/1354/104 1340/1355/104
f 1341/1356/104 1340/1355/104 1342/1357/104
f 1343/1358/104 1341/1356/104 1342/1357/104
f 1343/1358/104 1342/1357/104 1344/1359/104
f 1345/1360/104 1343/1358/104 1344/1359/104
f 1345/1360/104 1344/1359/104 1346/1361/104
f 1347/1362/104 1345/1360/104 1346/1361/104
f 1347/1362/104 1346/1361/104 1348/1363/104
f 1349/1364/104 1347/1362/104 1348/1363/104
f 1349/1364/104 1348/1363/104 1350/1365/104
f 1316/1331/104 1349/1364/104 1350/1365/104
f 1316/1331/104 1350/1365/104 1317/1332/104
f 1300/1315/487 1239/1251/487 1240/1252/487
f 1240/1252/487 1351/1366/487 1300/1315/487
f 1352/1367/489 1246/1258/489 1245/1257/489
f 1245/1257/489 1301/1316/489 1352/1367/489
f 1307/1322/491 1251/1263/491 1252/1264/491
f 1252/1264/491 1308/1323/491 1307/1322/491
f 1303/1318/830 1353/1368/494 1354/1369/494
f 1354/1369/494 1309/1324/958 1303/1318/830
f 1354/1369/559 1353/1368/559 1256/1268/559
f 1256/1268/559 1255/1267/559 1354/1369/559
f 1305/1320/495 1302/1317/495 1355/1370/495
f 1355/1370/495 1310/1325/495 1305/1320/495
f 1355/1370/561 1302/1317/561 1260/1272/561
f 1260/1272/561 1259/1271/561 1355/1370/561
f 1306/1321/832 1304/1319/496 1356/1371/496
f 1356/1371/496 1357/1372/832 1306/1321/832
f 1356/1371/563 1304/1319/563 1264/1276/563
f 1264/1276/563 1263/1275/563 1356/1371/563
f 1311/1326/498 1269/1281/498 1270/1282/498
f 1270/1282/498 1312/1327/498 1311/1326/498
f 1313/1328/500 1358/1373/500 1359/1374/500
f 1359/1374/500 1314/1329/500 1313/1328/500
f 1359/1374/567 1358/1373/567 1274/1286/567
f 1274/1286/567 1273/1285/567 1359/1374/567
f 1299/1314/501 1280/1292/502 1279/1291/502
f 1279/1291/502 1360/1375/501 1299/1314/501
f 1299/1314/505 1239/1251/505 1321/1336/505
f 1321/1336/505 1323/1338/505 1299/1314/505
f 1239/1251/506 1300/1315/506 1319/1334/506
f 1319/1334/506 1321/1336/506 1239/1251/506
f 1300/1315/508 1246/1258/509 1315/1330/508
f 1315/1330/508 1319/1334/508 1300/1315/508
f 1246/1258/510 1352/1367/511 1316/1331/511
f 1316/1331/511 1315/1330/959 1246/1258/510
f 1352/1367/512 1251/1376/512 1349/1364/512
f 1349/1364/512 1316/1331/512 1352/1367/512
f 1251/1376/515 1307/1377/514 1347/1362/513
f 1347/1362/513 1349/1364/515 1251/1376/515
f 1307/1377/517 1353/1378/517 1345/1360/517
f 1345/1360/517 1347/1362/517 1307/1377/517
f 1353/1378/519 1303/1318/518 1343/1358/519
f 1343/1358/519 1345/1360/519 1353/1378/519
f 1303/1318/521 1302/1317/522 1341/1356/522
f 1341/1356/522 1343/1358/521 1303/1318/521
f 1302/1317/523 1305/1320/524 1339/1354/524
f 1339/1354/524 1341/1356/960 1302/1317/523
f 1305/1320/526 1304/1319/526 1337/1352/526
f 1337/1352/526 1339/1354/525 1305/1320/526
f 1304/1319/527 1306/1321/527 1335/1350/527
f 1335/1350/527 1337/1352/527 1304/1319/527
f 1306/1321/530 1269/1281/529 1333/1348/529
f 1333/1348/529 1335/1350/530 1306/1321/530
f 1269/1281/531 1311/1326/532 1331/1346/531
f 1331/1346/531 1333/1348/531 1269/1281/531
f 1311/1326/533 1358/1373/534 1329/1344/534
f 1329/1344/534 1331/1346/533 1311/1326/533
f 1358/1373/535 1313/1328/535 1327/1342/535
f 1327/1342/535 1329/1344/535 1358/1373/535
f 1313/1328/537 1280/1292/537 1325/1340/537
f 1325/1340/537 1327/1342/537 1313/1328/537
f 1280/1292/834 1299/1314/538 1323/1338/538
f 1323/1338/538 1325/1340/834 1280/1292/834
f 1361/1379/524 1362/1380/524 1324/1339/524
f 1324/1339/524 1322/1337/523 1361/1379/524
f 1362/1380/522 1363/1381/522 1326/1341/522
f 1326/1341/522 1324/1339/521 1362/1380/522
f 1363/1381/519 1364/1382/519 1328/1343/519
f 1328/1343/519 1326/1341/519 1363/1381/519
f 1364/1382/517 1365/1383/516 1330/1345/517
f 1330/1345/517 1328/1343/961 1364/1382/517
f 1365/1383/515 1366/1384/515 1332/1347/515
f 1332/1347/515 1330/1345/515 1365/1383/515
f 1366/1384/512 1367/1385/512 1334/1349/512
f 1334/1349/512 1332/1347/962 1366/1384/512
f 1367/1385/511 1368/1386/510 1336/1351/510
f 1336/1351/510 1334/1349/511 1367/1385/511
f 1368/1386/508 1369/1387/508 1338/1353/508
f 1338/1353/508 1336/1351/508 1368/1386/508
f 1369/1387/507 1370/1388/539 1340/1355/539
f 1340/1355/539 1338/1353/507 1369/1387/507
f 1370/1388/963 1371/1389/505 1342/1357/505
f 1342/1357/505 1340/1355/963 1370/1388/963
f 1371/1389/541 1372/1390/538 1344/1359/538
f 1344/1359/538 1342/1357/541 1371/1389/541
f 1372/1390/537 1373/1391/542 1346/1361/542
f 1346/1361/542 1344/1359/537 1372/1390/537
f 1373/1391/535 1374/1392/535 1348/1363/535
f 1348/1363/535 1346/1361/535 1373/1391/535
f 1374/1392/534 1375/1393/533 1350/1365/533
f 1350/1365/533 1348/1363/534 1374/1392/534
f 1375/1393/531 1376/1394/531 1317/1332/531
f 1317/1332/531 1350/1365/531 1375/1393/531
f 1376/1394/529 1377/1395/529 1318/1333/529
f 1318/1333/529 1317/1332/529 1376/1394/529
f 1377/1395/527 1378/1396/527 1320/1335/527
f 1320/1335/527 1318/1333/527 1377/1395/527
f 1378/1396/525 1361/1379/543 1322/1337/543
f 1322/1337/543 1320/1335/525 1378/1396/525
f 1236/1248/609 1351/1366/609 1240/1252/609
f 1240/1252/609 1237/1249/609 1236/1248/609
f 1241/1253/610 1250/1262/610 1251/1263/610
f 1251/1263/610 1352/1367/610 1241/1253/610
f 1249/1261/611 1248/1260/611 1308/1323/611
f 1308/1323/611 1252/1264/611 1249/1261/611
f 1247/1259/612 1256/1268/612 1353/1368/612
f 1353/1368/612 1307/1322/612 1247/1259/612
f 1255/1267/613 1254/1266/613 1309/1324/613
f 1309/1324/613 1354/1369/613 1255/1267/613
f 1259/1271/614 1258/1270/614 1310/1325/614
f 1310/1325/614 1355/1370/614 1259/1271/614
f 1262/1274/615 1357/1372/615 1356/1371/615
f 1356/1371/615 1263/1275/615 1262/1274/615
f 1267/1279/616 1266/1278/616 1312/1327/616
f 1312/1327/616 1270/1282/616 1267/1279/616
f 1274/1286/617 1358/1373/617 1311/1326/617
f 1311/1326/617 1265/1277/617 1274/1286/617
f 1273/1285/618 1272/1284/618 1314/1329/618
f 1314/1329/618 1359/1374/618 1273/1285/618
f 1278/1290/619 1280/1292/619 1313/1328/619
f 1313/1328/619 1271/1283/619 1278/1290/619
f 1276/1288/620 1360/1375/620 1279/1291/620
f 1279/1291/620 1277/1289/620 1276/1288/620
f 1236/1248/621 1235/1247/621 1300/1315/621
f 1300/1315/621 1351/1366/621 1236/1248/621
f 1241/1253/622 1352/1367/622 1301/1316/622
f 1301/1316/622 1242/1254/622 1241/1253/622
f 1261/1273/623 1306/1321/623 1357/1372/623
f 1357/1372/623 1262/1274/623 1261/1273/623
f 1275/1287/964 1299/1314/964 1360/1375/964
f 1360/1375/964 1276/1288/964 1275/1287/964
f 1379/1397/361 1380/1398/361 1381/1399/361
f 1381/1399/361 1382/1400/361 1383/1401/361
f 1383/1401/361 1384/1402/361 1385/1403/361
f 1381/1399/361 1383/1401/361 1385/1403/361
f 1385/1403/361 1386/1404/361 1387/1405/361
f 1387/1405/361 1388/1406/361 1389/1407/361
f 1385/1403/361 1387/1405/361 1389/1407/361
f 1381/1399/361 1385/1403/361 1389/1407/361
f 1389/1407/361 1390/1408/361 1391/1409/361
f 1391/1409/361 1392/1410/361 1393/1411/361
f 1389/1407/361 1391/1409/361 1393/1411/361
f 1381/1399/361 1389/1407/361 1393/1411/361
f 1379/1397/361 1381/1399/361 1393/1411/361
f 1393/1411/361 1394/1412/361 1395/1413/361
f 1379/1397/361 1393/1411/361 1395/1413/361
f 1396/1414/361 1379/1397/361 1395/1413/361
f 1397/1415/965 1398/1416/965 1399/1417/361
f 1398/1416/965 1397/1415/965 1400/1418/361
f 1401/1419/361 1398/1416/965 1400/1418/361
f 1401/1419/361 1400/1418/361 1402/1420/361
f 1403/1421/361 1401/1419/361 1402/1420/361
f 1403/1421/361 1402/1420/361 1404/1422/361
f 1405/1423/361 1403/1421/361 1404/1422/361
f 1405/1423/361 1404/1422/361 1406/1424/361
f 1407/1425/361 1405/1423/361 1406/1424/361
f 1407/1425/361 1406/1424/361 1408/1426/361
f 1409/1427/361 1407/1425/361 1408/1426/361
f 1409/1427/361 1408/1426/361 1410/1428/361
f 1411/1429/361 1409/1427/361 1410/1428/361
f 1411/1429/361 1410/1428/361 1412/1430/361
f 1413/1431/361 1411/1429/361 1412/1430/361
f 1413/1431/361 1412/1430/361 1414/1432/361
f 1415/1433/361 1413/1431/361 1414/1432/361
f 1415/1433/361 1414/1432/361 1416/1434/966
f 1417/1435/966 1415/1433/361 1416/1434/966
f 1417/1435/966 1416/1434/966 1418/1436/361
f 1419/1437/361 1417/1435/966 1418/1436/361
f 1419/1437/361 1418/1436/361 1420/1438/361
f 1421/1439/361 1419/1437/361 1420/1438/361
f 1421/1439/361 1420/1438/361 1422/1440/361
f 1423/1441/361 1421/1439/361 1422/1440/361
f 1423/1441/361 1422/1440/361 1424/1442/361
f 1425/1443/361 1423/1441/361 1424/1442/361
f 1425/1443/361 1424/1442/361 1426/1444/361
f 1427/1445/361 1425/1443/361 1426/1444/361
f 1427/1445/361 1426/1444/361 1428/1446/361
f 1429/1447/361 1427/1445/361 1428/1446/361
f 1429/1447/361 1428/1446/361 1430/1448/361
f 1431/1449/361 1429/1447/361 1430/1448/361
f 1431/1449/361 1430/1448/361 1432/1450/361
f 1399/1417/361 1431/1449/361 1432/1450/361
f 1397/1415/965 1399/1417/361 1432/1450/361
f 1409/1427/614 1395/1413/614 1394/1412/614
f 1394/1412/614 1407/1425/614 1409/1427/614
f 1407/1425/547 1394/1412/547 1393/1411/547
f 1393/1411/547 1405/1423/814 1407/1425/547
f 1405/1423/615 1393/1411/615 1392/1410/615
f 1392/1410/615 1403/1421/615 1405/1423/615
f 1403/1421/101 1392/1410/101 1391/1409/101
f 1391/1409/101 1401/1419/101 1403/1421/101
f 1401/1419/616 1391/1409/616 1390/1408/616
f 1390/1408/616 1398/1416/616 1401/1419/616
f 1398/1416/617 1390/1408/617 1389/1407/617
f 1389/1407/617 1399/1417/617 1398/1416/617
f 1399/1417/618 1389/1407/618 1388/1406/618
f 1388/1406/618 1431/1449/618 1399/1417/618
f 1431/1449/619 1388/1406/619 1387/1405/619
f 1387/1405/619 1429/1447/619 1431/1449/619
f 1429/1447/967 1387/1405/967 1386/1404/967
f 1386/1404/967 1427/1445/967 1429/1447/967
f 1427/1445/544 1386/1404/544 1385/1403/544
f 1385/1403/544 1425/1443/544 1427/1445/544
f 1425/1443/609 1385/1403/609 1384/1402/609
f 1384/1402/609 1423/1441/609 1425/1443/609
f 1423/1441/545 1384/1402/545 1383/1401/545
f 1383/1401/545 1421/1439/545 1423/1441/545
f 1421/1439/102 1383/1401/102 1382/1400/102
f 1382/1400/102 1419/1437/102 1421/1439/102
f 1419/1437/610 1382/1400/610 1381/1399/610
f 1381/1399/610 1417/1435/610 1419/1437/610
f 1417/1435/611 1381/1399/611 1380/1398/611
f 1380/1398/611 1415/1433/611 1417/1435/611
f 1415/1433/612 1380/1398/612 1379/1397/612
f 1379/1397/612 1413/1431/612 1415/1433/612
f 1413/1431/788 1379/1397/788 1396/1414/788
f 1396/1414/788 1411/1429/788 1413/1431/788
f 1411/1429/546 1396/1414/546 1395/1413/546
f 1395/1413/546 1409/1427/546 1411/1429/546
f 1433/1451/104 1434/1452/104 1435/1453/104
f 1435/1453/104 1436/1454/104 1437/1455/104
f 1437/1455/104 1438/1456/104 1439/1457/104
f 1435/1453/104 1437/1455/104 1439/1457/104
f 1439/1457/104 1440/1458/104 1441/1459/104
f 1441/1459/104 1442/1460/104 1443/1461/104
f 1439/1457/104 1441/1459/104 1443/1461/104
f 1435/1453/104 1439/1457/104 1443/1461/104
f 1443/1461/104 1444/1462/104 1445/1463/104
f 1445/1463/104 1446/1464/104 1447/1465/104
f 1443/1461/104 1445/1463/104 1447/1465/104
f 1435/1453/104 1443/1461/104 1447/1465/104
f 1433/1451/104 1435/1453/104 1447/1465/104
f 1447/1465/104 1448/1466/104 1449/1467/104
f 1433/1451/104 1447/1465/104 1449/1467/104
f 1450/1468/104 1433/1451/104 1449/1467/104
f 1451/1469/544 1408/1426/544 1406/1424/544
f 1406/1424/544 1452/1470/544 1451/1469/544
f 1452/1470/626 1406/1424/626 1404/1422/626
f 1404/1422/609 1453/1471/609 1452/1470/609
f 1453/1471/545 1404/1422/545 1402/1420/545
f 1402/1420/545 1454/1472/545 1453/1471/545
f 1454/1472/102 1402/1420/102 1400/1418/102
f 1400/1418/102 1455/1473/102 1454/1472/102
f 1455/1473/610 1400/1418/610 1397/1415/610
f 1397/1415/610 1456/1474/610 1455/1473/610
f 1456/1474/968 1397/1415/968 1432/1450/968
f 1432/1450/611 1457/1475/611 1456/1474/611
f 1457/1475/612 1432/1450/612 1430/1448/612
f 1430/1448/612 1458/1476/612 1457/1475/612
f 1458/1476/788 1430/1448/788 1428/1446/788
f 1428/1446/613 1459/1477/613 1458/1476/613
f 1459/1477/546 1428/1446/546 1426/1444/546
f 1426/1444/627 1460/1478/627 1459/1477/627
f 1460/1478/614 1426/1444/614 1424/1442/614
f 1424/1442/614 1461/1479/614 1460/1478/614
f 1461/1479/814 1424/1442/814 1422/1440/814
f 1422/1440/547 1462/1480/547 1461/1479/547
f 1462/1480/615 1422/1440/615 1420/1438/615
f 1420/1438/615 1463/1481/615 1462/1480/615
f 1463/1481/101 1420/1438/101 1418/1436/101
f 1418/1436/101 1464/1482/101 1463/1481/101
f 1464/1482/616 1418/1436/616 1416/1434/616
f 1416/1434/616 1465/1483/616 1464/1482/616
f 1465/1483/628 1416/1434/628 1414/1432/628
f 1414/1432/628 1466/1484/628 1465/1483/628
f 1466/1484/618 1414/1432/618 1412/1430/618
f 1412/1430/618 1467/1485/618 1466/1484/618
f 1467/1485/619 1412/1430/619 1410/1428/619
f 1410/1428/619 1468/1486/619 1467/1485/619
f 1468/1486/967 1410/1428/967 1408/1426/967
f 1408/1426/967 1451/1469/967 1468/1486/967
f 1469/1487/104 1470/1488/104 1471/1489/104
f 1471/1489/104 1472/1490/104 1473/1491/104
f 1469/1487/104 1471/1489/104 1473/1491/104
f 1474/1492/104 1469/1487/104 1473/1491/104
f 1469/1487/969 1475/1493/969 1476/1494/969
f 1476/1494/969 1470/1488/969 1469/1487/969
f 1470/1488/970 1476/1494/971 1477/1495/970
f 1477/1495/970 1471/1489/972 1470/1488/970
f 1471/1489/973 1477/1495/974 1478/1496/973
f 1478/1496/973 1472/1490/975 1471/1489/973
f 1472/1490/976 1478/1496/977 1479/1497/976
f 1479/1497/976 1473/1491/978 1472/1490/976
f 1473/1491/979 1479/1497/979 1480/1498/979
f 1480/1498/979 1474/1492/979 1473/1491/979
f 1474/1492/980 1480/1498/981 1475/1493/980
f 1475/1493/980 1469/1487/980 1474/1492/980
f 1481/1499/361 1482/1500/361 1483/1501/361
f 1483/1501/361 1484/1502/361 1485/1503/361
f 1481/1499/361 1483/1501/361 1485/1503/361
f 1486/1504/361 1481/1499/361 1485/1503/361
f 1475/1493/982 1487/1505/982 1488/1506/983
f 1488/1506/983 1476/1494/983 1475/1493/982
f 1476/1494/984 1488/1506/984 1489/1507/985
f 1489/1507/985 1477/1495/985 1476/1494/984
f 1477/1495/986 1489/1507/987 1490/1508/988
f 1490/1508/988 1478/1496/989 1477/1495/986
f 1478/1496/990 1490/1508/990 1491/1509/991
f 1491/1509/991 1479/1497/991 1478/1496/990
f 1479/1497/992 1491/1509/992 1492/1510/993
f 1492/1510/993 1480/1498/993 1479/1497/992
f 1480/1498/994 1492/1510/994 1487/1505/995
f 1487/1505/995 1475/1493/995 1480/1498/994
f 1487/1505/996 1485/1503/997 1484/1502/998
f 1484/1502/998 1488/1506/998 1487/1505/996
f 1488/1506/999 1484/1502/999 1483/1501/1000
f 1483/1501/1000 1489/1507/1000 1488/1506/999
f 1489/1507/1001 1483/1501/1001 1482/1500/1002
f 1482/1500/1002 1490/1508/1002 1489/1507/1001
f 1490/1508/1003 1482/1500/1004 1481/1499/1003
f 1481/1499/1003 1491/1509/1003 1490/1508/1003
f 1491/1509/1005 1481/1499/1005 1486/1504/1005
f 1486/1504/1005 1492/1510/1005 1491/1509/1005
f 1492/1510/1006 1486/1504/1006 1485/1503/1006
f 1485/1503/1006 1487/1505/1006 1492/1510/1006
f 1493/1511/361 1494/1512/361 1495/1513/361
f 1495/1513/361 1496/1514/361 1493/1511/361
f 1497/1515/667 1493/1511/667 1496/1514/667
f 1496/1514/667 1498/1516/667 1497/1515/667
f 1499/1517/104 1497/1515/104 1498/1516/104
f 1498/1516/104 1500/1518/104 1499/1517/104
f 1494/1512/668 1499/1517/668 1500/1518/668
f 1500/1518/668 1495/1513/668 1494/1512/668
f 1501/1519/1007 1502/1520/1007 1503/1521/1007
f 1503/1521/1007 1504/1522/1007 1501/1519/1007
f 1505/1523/1008 1506/1524/1008 1493/1511/1008
f 1493/1511/1009 1497/1515/1009 1505/1523/1009
f 1507/1525/104 1505/1523/104 1497/1515/104
f 1497/1515/104 1499/1517/104 1507/1525/104
f 1508/1526/1010 1507/1525/1010 1499/1517/1010
f 1499/1517/672 1494/1512/672 1508/1526/672
f 1509/1527/1011 1510/1528/1011 1502/1520/1011
f 1502/1520/1011 1501/1519/1011 1509/1527/1011
f 1511/1529/1012 1512/1530/1012 1506/1524/1012
f 1506/1524/1013 1505/1523/1013 1511/1529/1013
f 1513/1531/1014 1511/1529/1014 1505/1523/1014
f 1505/1523/1014 1507/1525/1014 1513/1531/1014
f 1514/1532/1015 1513/1531/1015 1507/1525/1015
f 1507/1525/1016 1508/1526/1016 1514/1532/1016
f 1498/1516/616 1496/1514/616 1495/1513/616
f 1495/1513/616 1500/1518/616 1498/1516/616
f 1514/1532/1017 1512/1530/1017 1511/1529/1017
f 1511/1529/1017 1513/1531/1017 1514/1532/1017
f 1493/1511/1018 1504/1522/1018 1503/1521/1019
f 1503/1521/1019 1494/1512/1019 1493/1511/1018
f 1494/1512/1020 1503/1521/1020 1502/1520/1020
f 1502/1520/1021 1508/1526/1021 1494/1512/1021
f 1508/1526/1022 1502/1520/1022 1510/1528/1022
f 1510/1528/1023 1514/1532/1023 1508/1526/1023
f 1514/1532/1024 1510/1528/1024 1509/1527/1025
f 1509/1527/1025 1512/1530/1025 1514/1532/1024
f 1512/1530/1026 1509/1527/1026 1501/1519/1026
f 1501/1519/1027 1506/1524/1027 1512/1530/1027
f 1506/1524/1028 1501/1519/1028 1504/1522/1028
f 1504/1522/1029 1493/1511/1029 1506/1524/1029
f 1515/1533/361 1516/1534/361 1517/1535/361
f 1517/1535/361 1518/1536/361 1515/1533/361
f 1519/1537/693 1515/1533/693 1518/1536/693
f 1518/1536/693 1520/1538/693 1519/1537/693
f 1521/1539/104 1519/1537/104 1520/1538/104
f 1520/1538/104 1522/1540/104 1521/1539/104
f 1516/1534/694 1521/1539/694 1522/1540/694
f 1522/1540/694 1517/1535/694 1516/1534/694
f 1523/1541/1030 1524/1542/1030 1525/1543/1030
f 1525/1543/1030 1526/1544/1030 1523/1541/1030
f 1527/1545/1031 1528/1546/1031 1515/1533/1031
f 1515/1533/696 1519/1537/696 1527/1545/696
f 1529/1547/104 1527/1545/104 1519/1537/104
f 1519/1537/104 1521/1539/104 1529/1547/104
f 1530/1548/1032 1529/1547/1032 1521/1539/1032
f 1521/1539/698 1516/1534/698 1530/1548/698
f 1531/1549/1033 1532/1550/1033 1524/1542/1033
f 1524/1542/1033 1523/1541/1033 1531/1549/1033
f 1533/1551/1034 1534/1552/1034 1528/1546/1034
f 1528/1546/1035 1527/1545/1035 1533/1551/1035
f 1535/1553/1036 1533/1551/1037 1527/1545/1036
f 1527/1545/1036 1529/1547/1036 1535/1553/1036
f 1536/1554/1038 1535/1553/1038 1529/1547/1038
f 1529/1547/1039 1530/1548/1039 1536/1554/1039
f 1520/1538/619 1518/1536/619 1517/1535/619
f 1517/1535/619 1522/1540/619 1520/1538/619
f 1536/1554/1040 1534/1552/1041 1533/1551/1041
f 1533/1551/1041 1535/1553/1040 1536/1554/1040
f 1515/1533/1042 1526/1544/1042 1525/1543/1043
f 1525/1543/1043 1516/1534/1044 1515/1533/1042
f 1516/1534/1045 1525/1543/1045 1524/1542/1045
f 1524/1542/1046 1530/1548/1046 1516/1534/1046
f 1530/1548/1047 1524/1542/1047 1532/1550/1047
f 1532/1550/1048 1536/1554/1048 1530/1548/1048
f 1536/1554/1049 1532/1550/1049 1531/1549/1050
f 1531/1549/1050 1534/1552/1050 1536/1554/1049
f 1534/1552/1051 1531/1549/1051 1523/1541/1051
f 1523/1541/1052 1528/1546/1052 1534/1552/1052
f 1528/1546/1053 1523/1541/1053 1526/1544/1053
f 1526/1544/1054 1515/1533/1054 1528/1546/1054
f 1537/1555/361 1538/1556/361 1539/1557/361
f 1539/1557/361 1540/1558/361 1537/1555/361
f 1541/1559/719 1537/1555/719 1540/1558/719
f 1540/1558/719 1542/1560/719 1541/1559/719
f 1543/1561/104 1541/1559/104 1542/1560/104
f 1542/1560/104 1544/1562/104 1543/1561/104
f 1538/1556/721 1543/1561/721 1544/1562/721
f 1544/1562/721 1539/1557/721 1538/1556/721
f 1545/1563/1055 1546/1564/1055 1547/1565/1055
f 1547/1565/1055 1548/1566/1055 1545/1563/1055
f 1549/1567/1056 1550/1568/1056 1537/1555/1056
f 1537/1555/724 1541/1559/724 1549/1567/724
f 1551/1569/104 1549/1567/104 1541/1559/104
f 1541/1559/104 1543/1561/104 1551/1569/104
f 1552/1570/1057 1551/1569/1057 1543/1561/1057
f 1543/1561/726 1538/1556/726 1552/1570/726
f 1553/1571/1058 1554/1572/1058 1546/1564/1058
f 1546/1564/1058 1545/1563/1058 1553/1571/1058
f 1555/1573/1059 1556/1574/1059 1550/1568/1059
f 1550/1568/1060 1549/1567/1060 1555/1573/1060
f 1557/1575/1061 1555/1573/1061 1549/1567/1061
f 1549/1567/1061 1551/1569/1061 1557/1575/1061
f 1558/1576/1062 1557/1575/1062 1551/1569/1062
f 1551/1569/1063 1552/1570/1063 1558/1576/1063
f 1542/1560/609 1540/1558/609 1539/1557/609
f 1539/1557/609 1544/1562/609 1542/1560/609
f 1558/1576/1064 1556/1574/1064 1555/1573/1064
f 1555/1573/1064 1557/1575/1064 1558/1576/1064
f 1537/1555/1065 1548/1566/1065 1547/1565/1066
f 1547/1565/1066 1538/1556/1066 1537/1555/1065
f 1538/1556/1067 1547/1565/1067 1546/1564/1067
f 1546/1564/1068 1552/1570/1068 1538/1556/1068
f 1552/1570/1069 1546/1564/1069 1554/1572/1069
f 1554/1572/1070 1558/1576/1070 1552/1570/1070
f 1558/1576/1071 1554/1572/1071 1553/1571/1072
f 1553/1571/1072 1556/1574/1072 1558/1576/1071
f 1556/1574/1073 1553/1571/1073 1545/1563/1073
f 1545/1563/1074 1550/1568/1074 1556/1574/1074
f 1550/1568/1075 1545/1563/1075 1548/1566/1075
f 1548/1566/1076 1537/1555/1076 1550/1568/1076
f 1559/1577/361 1560/1578/361 1561/1579/361
f 1561/1579/361 1562/1580/361 1559/1577/361
f 1563/1581/1077 1559/1577/1077 1562/1580/1077
f 1562/1580/1077 1564/1582/1077 1563/1581/1077
f 1565/1583/104 1563/1581/104 1564/1582/104
f 1564/1582/104 1566/1584/104 1565/1583/104
f 1560/1578/749 1565/1583/749 1566/1584/749
f 1566/1584/749 1561/1579/749 1560/1578/749
f 1567/1585/1078 1568/1586/1078 1569/1587/1078
f 1569/1587/1078 1570/1588/1079 1567/1585/1078
f 1571/1589/1080 1572/1590/1080 1559/1577/1080
f 1559/1577/1081 1563/1581/1081 1571/1589/1081
f 1573/1591/104 1571/1589/104 1563/1581/104
f 1563/1581/104 1565/1583/104 1573/1591/104
f 1574/1592/1082 1573/1591/1082 1565/1583/1082
f 1565/1583/753 1560/1578/753 1574/1592/753
f 1575/1593/1083 1576/1594/1083 1568/1586/1083
f 1568/1586/1083 1567/1585/1083 1575/1593/1083
f 1577/1595/1084 1578/1596/1084 1572/1590/1084
f 1572/1590/1085 1571/1589/1085 1577/1595/1085
f 1579/1597/1086 1577/1595/1086 1571/1589/1086
f 1571/1589/1086 1573/1591/1087 1579/1597/1086
f 1580/1598/1088 1579/1597/1088 1573/1591/1088
f 1573/1591/1089 1574/1592/1089 1580/1598/1089
f 1564/1582/610 1562/1580/610 1561/1579/610
f 1561/1579/610 1566/1584/610 1564/1582/610
f 1580/1598/1090 1578/1596/1090 1577/1595/1090
f 1577/1595/1090 1579/1597/1090 1580/1598/1090
f 1559/1577/1091 1570/1588/1091 1569/1587/1091
f 1569/1587/1091 1560/1578/1091 1559/1577/1091
f 1560/1578/1092 1569/1587/1092 1568/1586/1092
f 1568/1586/1093 1574/1592/1093 1560/1578/1093
f 1574/1592/1094 1568/1586/1094 1576/1594/1094
f 1576/1594/1095 1580/1598/1095 1574/1592/1095
f 1580/1598/1096 1576/1594/1096 1575/1593/1097
f 1575/1593/1097 1578/1596/1097 1580/1598/1096
f 1578/1596/1098 1575/1593/1098 1567/1585/1098
f 1567/1585/1099 1572/1590/1099 1578/1596/1099
f 1572/1590/1100 1567/1585/1100 1570/1588/1100
f 1570/1588/1101 1559/1577/1101 1572/1590/1101
f 1581/1599/361 1582/1600/361 1583/1601/361
f 1583/1601/361 1584/1602/361 1581/1599/361
f 1585/1603/774 1581/1599/774 1584/1602/774
f 1584/1602/774 1586/1604/774 1585/1603/774
f 1587/1605/104 1585/1603/104 1586/1604/104
f 1586/1604/104 1588/1606/104 1587/1605/104
f 1582/1600/775 1587/1605/775 1588/1606/775
f 1588/1606/775 1583/1601/775 1582/1600/775
f 1589/1607/1102 1590/1608/1102 1591/1609/1102
f 1591/1609/1102 1592/1610/1102 1589/1607/1102
f 1593/1611/1103 1594/1612/1103 1581/1599/1103
f 1581/1599/777 1585/1603/777 1593/1611/777
f 1595/1613/104 1593/1611/104 1585/1603/104
f 1585/1603/104 1587/1605/104 1595/1613/104
f 1596/1614/1104 1595/1613/1104 1587/1605/1104
f 1587/1605/1105 1582/1600/1105 1596/1614/1105
f 1597/1615/1106 1598/1616/1106 1590/1608/1106
f 1590/1608/1106 1589/1607/1107 1597/1615/1106
f 1599/1617/1108 1600/1618/1108 1594/1612/1108
f 1594/1612/1109 1593/1611/1109 1599/1617/1109
f 1601/1619/1110 1599/1617/1110 1593/1611/1110
f 1593/1611/1110 1595/1613/1110 1601/1619/1110
f 1602/1620/1111 1601/1619/1111 1595/1613/1111
f 1595/1613/1112 1596/1614/1112 1602/1620/1112
f 1586/1604/788 1584/1602/788 1583/1601/788
f 1583/1601/788 1588/1606/788 1586/1604/788
f 1602/1620/1113 1600/1618/1113 1599/1617/1113
f 1599/1617/1113 1601/1619/1113 1602/1620/1113
f 1581/1599/1114 1592/1610/1114 1591/1609/1115
f 1591/1609/1115 1582/1600/1115 1581/1599/1114
f 1582/1600/1116 1591/1609/1116 1590/1608/1116
f 1590/1608/1117 1596/1614/1117 1582/1600/1117
f 1596/1614/1118 1590/1608/1118 1598/1616/1118
f 1598/1616/1119 1602/1620/1119 1596/1614/1119
f 1602/1620/1120 1598/1616/1121 1597/1615/1122
f 1597/1615/1122 1600/1618/1123 1602/1620/1120
f 1600/1618/1124 1597/1615/1124 1589/1607/1124
f 1589/1607/1125 1594/1612/1125 1600/1618/1125
f 1594/1612/1126 1589/1607/1126 1592/1610/1126
f 1592/1610/1127 1581/1599/1127 1594/1612/1127
f 1603/1621/361 1604/1622/361 1605/1623/361
f 1605/1623/361 1606/1624/361 1603/1621/361
f 1607/1625/801 1603/1621/801 1606/1624/1128
f 1606/1624/1128 1608/1626/1128 1607/1625/801
f 1609/1627/104 1607/1625/104 1608/1626/104
f 1608/1626/104 1610/1628/104 1609/1627/104
f 1604/1622/802 1609/1627/802 1610/1628/802
f 1610/1628/802 1605/1623/802 1604/1622/802
f 1611/1629/1129 1612/1630/1129 1613/1631/1129
f 1613/1631/1129 1614/1632/1129 1611/1629/1129
f 1615/1633/1130 1616/1634/1130 1603/1621/1130
f 1603/1621/804 1607/1625/804 1615/1633/804
f 1617/1635/104 1615/1633/104 1607/1625/104
f 1607/1625/104 1609/1627/104 1617/1635/104
f 1618/1636/1131 1617/1635/1131 1609/1627/1131
f 1609/1627/1132 1604/1622/1132 1618/1636/1132
f 1619/1637/1133 1620/1638/1133 1612/1630/1133
f 1612/1630/1133 1611/1629/1133 1619/1637/1133
f 1621/1639/1134 1622/1640/1134 1616/1634/1134
f 1616/1634/1135 1615/1633/1135 1621/1639/1135
f 1623/1641/1136 1621/1639/1136 1615/1633/1136
f 1615/1633/1136 1617/1635/1136 1623/1641/1136
f 1624/1642/1137 1623/1641/1137 1617/1635/1137
f 1617/1635/1138 1618/1636/1138 1624/1642/1138
f 1608/1626/547 1606/1624/547 1605/1623/547
f 1605/1623/547 1610/1628/547 1608/1626/547
f 1624/1642/1139 1622/1640/1140 1621/1639/1140
f 1621/1639/1140 1623/1641/1139 1624/1642/1139
f 1603/1621/1141 1614/1632/1141 1613/1631/1141
f 1613/1631/1141 1604/1622/1141 1603/1621/1141
f 1604/1622/1142 1613/1631/1142 1612/1630/1142
f 1612/1630/1143 1618/1636/1143 1604/1622/1143
f 1618/1636/1144 1612/1630/1144 1620/1638/1144
f 1620/1638/1145 1624/1642/1145 1618/1636/1145
f 1624/1642/1146 1620/1638/1146 1619/1637/1147
f 1619/1637/1147 1622/1640/1147 1624/1642/1146
f 1622/1640/1148 1619/1637/1148 1611/1629/1148
f 1611/1629/1149 1616/1634/1149 1622/1640/1149
f 1616/1634/1150 1611/1629/1150 1614/1632/1150
f 1614/1632/1151 1603/1621/1151 1616/1634/1151
f 1625/1643/361 1626/1644/361 1627/1645/361
f 1626/1644/361 1625/1643/361 1628/1646/361
f 1629/1647/361 1626/1644/361 1628/1646/361
f 1629/1647/361 1628/1646/361 1630/1648/361
f 1631/1649/361 1629/1647/361 1630/1648/361
f 1631/1649/361 1630/1648/361 1632/1650/361
f 1633/1651/361 1631/1649/361 1632/1650/361
f 1633/1651/361 1632/1650/361 1634/1652/361
f 1635/1653/361 1633/1651/361 1634/1652/361
f 1635/1653/361 1634/1652/361 1636/1654/361
f 1637/1655/361 1635/1653/361 1636/1654/361
f 1637/1655/361 1636/1654/361 1638/1656/361
f 1639/1657/361 1637/1655/361 1638/1656/361
f 1639/1657/361 1638/1656/361 1640/1658/361
f 1641/1659/361 1639/1657/361 1640/1658/361
f 1641/1659/361 1640/1658/361 1642/1660/361
f 1643/1661/361 1641/1659/361 1642/1660/361
f 1643/1661/361 1642/1660/361 1644/1662/361
f 1645/1663/361 1643/1661/361 1644/1662/361
f 1645/1663/361 1644/1662/361 1646/1664/361
f 1647/1665/361 1645/1663/361 1646/1664/361
f 1647/1665/361 1646/1664/361 1648/1666/361
f 1649/1667/361 1647/1665/361 1648/1666/361
f 1649/1667/361 1648/1666/361 1650/1668/361
f 1651/1669/361 1649/1667/361 1650/1668/361
f 1651/1669/361 1650/1668/361 1652/1670/361
f 1653/1671/361 1651/1669/361 1652/1670/361
f 1653/1671/361 1652/1670/361 1654/1672/361
f 1655/1673/361 1653/1671/361 1654/1672/361
f 1655/1673/361 1654/1672/361 1656/1674/361
f 1657/1675/361 1655/1673/361 1656/1674/361
f 1657/1675/361 1656/1674/361 1658/1676/361
f 1659/1677/361 1657/1675/361 1658/1676/361
f 1659/1677/361 1658/1676/361 1660/1678/361
f 1627/1645/361 1659/1677/361 1660/1678/361
f 1625/1643/361 1627/1645/361 1660/1678/361
f 1661/1679/553 1662/1680/553 1663/1681/553
f 1663/1681/553 1664/1682/553 1661/1679/553
f 1665/1683/488 1664/1682/488 1663/1681/488
f 1663/1681/488 1666/1684/488 1665/1683/488
f 1667/1685/554 1668/1686/554 1669/1687/554
f 1669/1687/554 1670/1688/554 1667/1685/554
f 1670/1688/490 1669/1687/490 1671/1689/490
f 1671/1689/490 1672/1690/490 1670/1688/490
f 1673/1691/555 1674/1692/1152 1675/1693/556
f 1675/1693/556 1676/1694/556 1673/1691/555
f 1677/1695/493 1676/1694/493 1675/1693/493
f 1675/1693/493 1678/1696/493 1677/1695/493
f 1679/1697/557 1680/1698/557 1681/1699/558
f 1681/1699/558 1682/1700/558 1679/1697/557
f 1683/1701/841 1684/1702/841 1685/1703/560
f 1685/1703/560 1686/1704/560 1683/1701/841
f 1687/1705/842 1688/1706/842 1689/1707/562
f 1689/1707/562 1690/1708/562 1687/1705/842
f 1691/1709/564 1692/1710/565 1693/1711/564
f 1693/1711/564 1694/1712/564 1691/1709/564
f 1695/1713/499 1694/1712/499 1693/1711/499
f 1693/1711/499 1696/1714/499 1695/1713/499
f 1697/1715/566 1698/1716/566 1699/1717/566
f 1699/1717/566 1700/1718/566 1697/1715/566
f 1701/1719/570 1702/1720/570 1703/1721/570
f 1703/1721/570 1704/1722/570 1701/1719/570
f 1704/1722/504 1703/1721/504 1705/1723/504
f 1705/1723/504 1706/1724/504 1704/1722/504
f 1701/1719/604 1634/1652/604 1632/1650/571
f 1632/1650/571 1664/1682/571 1701/1719/604
f 1664/1682/602 1632/1650/602 1630/1648/572
f 1630/1648/572 1661/1679/572 1664/1682/602
f 1661/1679/573 1630/1648/573 1628/1646/573
f 1628/1646/573 1670/1688/574 1661/1679/573
f 1670/1688/575 1628/1646/575 1625/1643/576
f 1625/1643/576 1667/1685/576 1670/1688/575
f 1667/1685/577 1625/1643/577 1660/1678/577
f 1660/1678/577 1676/1725/577 1667/1685/577
f 1676/1725/601 1660/1678/601 1658/1676/1153
f 1658/1676/1153 1673/1726/1153 1676/1725/601
f 1673/1726/579 1658/1676/579 1656/1674/579
f 1656/1674/579 1682/1727/579 1673/1726/579
f 1682/1727/582 1656/1674/582 1654/1672/582
f 1654/1672/582 1679/1697/582 1682/1727/582
f 1679/1697/583 1654/1672/583 1652/1670/584
f 1652/1670/584 1686/1704/584 1679/1697/583
f 1686/1704/585 1652/1670/585 1650/1668/585
f 1650/1668/585 1683/1701/585 1686/1704/585
f 1683/1701/587 1650/1668/587 1648/1666/587
f 1648/1666/587 1690/1708/587 1683/1701/587
f 1690/1708/588 1648/1666/588 1646/1664/588
f 1646/1664/588 1687/1705/957 1690/1708/588
f 1687/1705/590 1646/1664/590 1644/1662/590
f 1644/1662/590 1694/1712/590 1687/1705/590
f 1694/1712/591 1644/1662/591 1642/1660/591
f 1642/1660/591 1691/1709/591 1694/1712/591
f 1691/1709/593 1642/1660/593 1640/1658/593
f 1640/1658/593 1700/1718/593 1691/1709/593
f 1700/1718/595 1640/1658/595 1638/1656/595
f 1638/1656/595 1697/1715/595 1700/1718/595
f 1697/1715/596 1638/1656/596 1636/1654/596
f 1636/1654/596 1704/1722/596 1697/1715/596
f 1704/1722/598 1636/1654/598 1634/1652/598
f 1634/1652/598 1701/1719/598 1704/1722/598
f 1707/1728/599 1633/1651/599 1635/1653/599
f 1635/1653/585 1708/1729/585 1707/1728/585
f 1708/1729/600 1635/1653/600 1637/1655/600
f 1637/1655/583 1709/1730/583 1708/1729/583
f 1709/1730/953 1637/1655/953 1639/1657/953
f 1639/1657/582 1710/1731/582 1709/1730/582
f 1710/1731/580 1639/1657/580 1641/1659/580
f 1641/1659/580 1711/1732/580 1710/1731/580
f 1711/1732/578 1641/1659/578 1643/1661/578
f 1643/1661/601 1712/1733/601 1711/1732/601
f 1712/1733/577 1643/1661/577 1645/1663/577
f 1645/1663/577 1713/1734/577 1712/1733/577
f 1713/1734/576 1645/1663/576 1647/1665/576
f 1647/1665/576 1714/1735/576 1713/1734/576
f 1714/1735/573 1647/1665/573 1649/1667/573
f 1649/1667/573 1715/1736/573 1714/1735/573
f 1715/1736/602 1649/1667/602 1651/1669/602
f 1651/1669/603 1716/1737/603 1715/1736/603
f 1716/1737/604 1651/1669/604 1653/1671/604
f 1653/1671/571 1717/1738/571 1716/1737/571
f 1717/1738/597 1653/1671/597 1655/1673/597
f 1655/1673/598 1718/1739/598 1717/1738/598
f 1718/1739/844 1655/1673/844 1657/1675/844
f 1657/1675/596 1719/1740/596 1718/1739/596
f 1719/1740/846 1657/1675/846 1659/1677/846
f 1659/1677/595 1720/1741/595 1719/1740/595
f 1720/1741/1154 1659/1677/1154 1627/1645/1154
f 1627/1645/593 1721/1742/593 1720/1741/593
f 1721/1742/591 1627/1645/591 1626/1644/591
f 1626/1644/591 1722/1743/591 1721/1742/591
f 1722/1743/607 1626/1644/607 1629/1647/607
f 1629/1647/607 1723/1744/607 1722/1743/607
f 1723/1744/588 1629/1647/588 1631/1649/588
f 1631/1649/588 1724/1745/588 1723/1744/588
f 1724/1745/608 1631/1649/608 1633/1651/608
f 1633/1651/586 1707/1728/586 1724/1745/586
f 1701/1719/544 1664/1682/544 1665/1683/544
f 1665/1683/544 1725/1746/544 1701/1719/544
f 1670/1688/545 1672/1690/545 1726/1747/545
f 1726/1747/545 1661/1679/545 1670/1688/545
f 1668/1686/102 1727/1748/102 1671/1689/102
f 1671/1689/102 1669/1687/102 1668/1686/102
f 1686/1704/546 1728/1749/546 1729/1750/546
f 1729/1750/546 1679/1697/546 1686/1704/546
f 1690/1708/547 1730/1751/547 1731/1752/547
f 1731/1752/547 1683/1701/547 1690/1708/547
f 1687/1705/101 1694/1712/101 1695/1713/101
f 1695/1713/101 1732/1753/101 1687/1705/101
f 1673/1691/548 1733/1754/548 1734/1755/548
f 1734/1755/548 1674/1692/548 1673/1691/548
f 1680/1698/549 1679/1697/549 1729/1750/549
f 1729/1750/549 1735/1756/549 1680/1698/549
f 1684/1702/550 1683/1701/550 1731/1752/550
f 1731/1752/550 1736/1757/550 1684/1702/550
f 1692/1710/551 1691/1709/551 1737/1758/551
f 1737/1758/551 1738/1759/551 1692/1710/551
f 1698/1716/552 1697/1715/552 1739/1760/552
f 1739/1760/552 1740/1761/552 1698/1716/552
f 1741/1762/104 1742/1763/104 1743/1764/104
f 1741/1762/104 1743/1764/104 1744/1765/104
f 1745/1766/104 1741/1762/104 1744/1765/104
f 1745/1766/104 1744/1765/104 1746/1767/104
f 1747/1768/104 1745/1766/104 1746/1767/104
f 1747/1768/104 1746/1767/104 1748/1769/104
f 1749/1770/104 1747/1768/104 1748/1769/104
f 1749/1770/104 1748/1769/104 1750/1771/104
f 1751/1772/104 1749/1770/104 1750/1771/104
f 1751/1772/104 1750/1771/104 1752/1773/104
f 1753/1774/104 1751/1772/104 1752/1773/104
f 1753/1774/104 1752/1773/104 1754/1775/104
f 1755/1776/104 1753/1774/104 1754/1775/104
f 1755/1776/104 1754/1775/104 1756/1777/104
f 1757/1778/104 1755/1776/104 1756/1777/104
f 1757/1778/104 1756/1777/104 1758/1779/104
f 1759/1780/104 1757/1778/104 1758/1779/104
f 1759/1780/104 1758/1779/104 1760/1781/104
f 1761/1782/104 1759/1780/104 1760/1781/104
f 1761/1782/104 1760/1781/104 1762/1783/104
f 1763/1784/104 1761/1782/104 1762/1783/104
f 1763/1784/104 1762/1783/104 1764/1785/104
f 1765/1786/104 1763/1784/104 1764/1785/104
f 1765/1786/104 1764/1785/104 1766/1787/104
f 1767/1788/104 1765/1786/104 1766/1787/104
f 1767/1788/104 1766/1787/104 1768/1789/104
f 1769/1790/104 1767/1788/104 1768/1789/104
f 1769/1790/104 1768/1789/104 1770/1791/104
f 1771/1792/104 1769/1790/104 1770/1791/104
f 1771/1792/104 1770/1791/104 1772/1793/104
f 1773/1794/104 1771/1792/104 1772/1793/104
f 1773/1794/104 1772/1793/104 1774/1795/104
f 1775/1796/104 1773/1794/104 1774/1795/104
f 1775/1796/104 1774/1795/104 1776/1797/104
f 1742/1763/104 1775/1796/104 1776/1797/104
f 1742/1763/104 1776/1797/104 1743/1764/104
f 1726/1747/487 1665/1683/487 1666/1684/487
f 1666/1684/487 1777/1798/487 1726/1747/487
f 1778/1799/489 1672/1690/489 1671/1689/489
f 1671/1689/489 1727/1748/489 1778/1799/489
f 1733/1754/491 1677/1695/491 1678/1696/491
f 1678/1696/491 1734/1755/492 1733/1754/491
f 1729/1750/494 1779/1800/494 1780/1801/494
f 1780/1801/494 1735/1756/494 1729/1750/494
f 1780/1801/559 1779/1800/559 1682/1700/559
f 1682/1700/559 1681/1699/559 1780/1801/559
f 1731/1752/831 1728/1749/495 1781/1802/495
f 1781/1802/495 1736/1757/831 1731/1752/831
f 1781/1802/561 1728/1749/561 1686/1704/561
f 1686/1704/561 1685/1703/561 1781/1802/561
f 1732/1753/832 1730/1751/832 1782/1803/832
f 1782/1803/832 1783/1804/496 1732/1753/832
f 1782/1803/563 1730/1751/563 1690/1708/563
f 1690/1708/563 1689/1707/563 1782/1803/563
f 1737/1758/497 1695/1713/498 1696/1714/498
f 1696/1714/498 1738/1759/497 1737/1758/497
f 1739/1760/500 1784/1805/500 1785/1806/500
f 1785/1806/500 1740/1761/500 1739/1760/500
f 1785/1806/567 1784/1805/567 1700/1718/567
f 1700/1718/567 1699/1717/567 1785/1806/567
f 1725/1746/502 1706/1724/502 1705/1723/502
f 1705/1723/502 1786/1807/502 1725/1746/502
f 1725/1746/505 1665/1683/505 1747/1768/505
f 1747/1768/505 1749/1770/505 1725/1746/505
f 1665/1683/506 1726/1747/506 1745/1766/506
f 1745/1766/506 1747/1768/506 1665/1683/506
f 1726/1747/508 1672/1690/508 1741/1762/508
f 1741/1762/508 1745/1766/508 1726/1747/508
f 1672/1690/510 1778/1799/511 1742/1763/511
f 1742/1763/511 1741/1762/959 1672/1690/510
f 1778/1799/512 1677/1808/512 1775/1796/512
f 1775/1796/512 1742/1763/512 1778/1799/512
f 1677/1808/515 1733/1809/514 1773/1794/514
f 1773/1794/514 1775/1796/515 1677/1808/515
f 1733/1809/516 1779/1810/516 1771/1792/516
f 1771/1792/516 1773/1794/516 1733/1809/516
f 1779/1810/519 1729/1750/518 1769/1790/519
f 1769/1790/519 1771/1792/519 1779/1810/519
f 1729/1750/522 1728/1749/522 1767/1788/522
f 1767/1788/522 1769/1790/522 1729/1750/522
f 1728/1749/523 1731/1752/524 1765/1786/524
f 1765/1786/524 1767/1788/523 1728/1749/523
f 1731/1752/526 1730/1751/526 1763/1784/526
f 1763/1784/526 1765/1786/526 1731/1752/526
f 1730/1751/527 1732/1753/528 1761/1782/527
f 1761/1782/527 1763/1784/527 1730/1751/527
f 1732/1753/530 1695/1713/529 1759/1780/529
f 1759/1780/529 1761/1782/530 1732/1753/530
f 1695/1713/531 1737/1758/532 1757/1778/532
f 1757/1778/532 1759/1780/531 1695/1713/531
f 1737/1758/533 1784/1805/534 1755/1776/534
f 1755/1776/534 1757/1778/533 1737/1758/533
f 1784/1805/535 1739/1760/535 1753/1774/535
f 1753/1774/535 1755/1776/535 1784/1805/535
f 1739/1760/537 1706/1724/537 1751/1772/537
f 1751/1772/537 1753/1774/537 1739/1760/537
f 1706/1724/538 1725/1746/834 1749/1770/834
f 1749/1770/834 1751/1772/538 1706/1724/538
f 1787/1811/524 1788/1812/524 1750/1771/524
f 1750/1771/524 1748/1769/524 1787/1811/524
f 1788/1812/522 1789/1813/521 1752/1773/522
f 1752/1773/522 1750/1771/522 1788/1812/522
f 1789/1813/519 1790/1814/519 1754/1775/519
f 1754/1775/519 1752/1773/519 1789/1813/519
f 1790/1814/517 1791/1815/517 1756/1777/517
f 1756/1777/517 1754/1775/961 1790/1814/517
f 1791/1815/515 1792/1816/515 1758/1779/515
f 1758/1779/515 1756/1777/515 1791/1815/515
f 1792/1816/512 1793/1817/512 1760/1781/512
f 1760/1781/512 1758/1779/512 1792/1816/512
f 1793/1817/511 1794/1818/511 1762/1783/511
f 1762/1783/511 1760/1781/511 1793/1817/511
f 1794/1818/508 1795/1819/508 1764/1785/508
f 1764/1785/508 1762/1783/508 1794/1818/508
f 1795/1819/507 1796/1820/507 1766/1787/507
f 1766/1787/507 1764/1785/507 1795/1819/507
f 1796/1820/540 1797/1821/505 1768/1789/505
f 1768/1789/505 1766/1787/540 1796/1820/540
f 1797/1821/541 1798/1822/538 1770/1791/538
f 1770/1791/538 1768/1789/541 1797/1821/541
f 1798/1822/1155 1799/1823/537 1772/1793/537
f 1772/1793/537 1770/1791/1155 1798/1822/1155
f 1799/1823/535 1800/1824/535 1774/1795/535
f 1774/1795/535 1772/1793/535 1799/1823/535
f 1800/1824/534 1801/1825/533 1776/1797/533
f 1776/1797/533 1774/1795/534 1800/1824/534
f 1801/1825/531 1802/1826/531 1743/1764/531
f 1743/1764/531 1776/1797/531 1801/1825/531
f 1802/1826/529 1803/1827/529 1744/1765/529
f 1744/1765/529 1743/1764/529 1802/1826/529
f 1803/1827/527 1804/1828/527 1746/1767/527
f 1746/1767/527 1744/1765/527 1803/1827/527
f 1804/1828/543 1787/1811/543 1748/1769/543
f 1748/1769/543 1746/1767/543 1804/1828/543
f 1662/1680/609 1777/1798/609 1666/1684/609
f 1666/1684/609 1663/1681/609 1662/1680/609
f 1667/1685/610 1676/1694/610 1677/1695/610
f 1677/1695/610 1778/1799/610 1667/1685/610
f 1675/1693/611 1674/1692/611 1734/1755/611
f 1734/1755/611 1678/1696/611 1675/1693/611
f 1673/1691/612 1682/1700/612 1779/1800/612
f 1779/1800/612 1733/1754/612 1673/1691/612
f 1681/1699/613 1680/1698/613 1735/1756/613
f 1735/1756/613 1780/1801/613 1681/1699/613
f 1685/1703/614 1684/1702/614 1736/1757/614
f 1736/1757/614 1781/1802/614 1685/1703/614
f 1688/1706/615 1783/1804/615 1782/1803/615
f 1782/1803/615 1689/1707/615 1688/1706/615
f 1693/1711/616 1692/1710/616 1738/1759/616
f 1738/1759/616 1696/1714/616 1693/1711/616
f 1700/1718/617 1784/1805/617 1737/1758/617
f 1737/1758/617 1691/1709/617 1700/1718/617
f 1699/1717/618 1698/1716/618 1740/1761/618
f 1740/1761/618 1785/1806/618 1699/1717/618
f 1704/1722/619 1706/1724/619 1739/1760/619
f 1739/1760/619 1697/1715/619 1704/1722/619
f 1702/1720/620 1786/1807/620 1705/1723/620
f 1705/1723/620 1703/1721/620 1702/1720/620
f 1662/1680/621 1661/1679/621 1726/1747/621
f 1726/1747/621 1777/1798/621 1662/1680/621
f 1667/1685/622 1778/1799/622 1727/1748/622
f 1727/1748/622 1668/1686/622 1667/1685/622
f 1687/1705/623 1732/1753/623 1783/1804/623
f 1783/1804/623 1688/1706/623 1687/1705/623
f 1701/1719/624 1725/1746/624 1786/1807/624
f 1786/1807/624 1702/1720/624 1701/1719/624
f 1805/1829/361 1806/1830/361 1807/1831/361
f 1807/1831/361 1808/1832/361 1809/1833/361
f 1809/1833/361 1810/1834/361 1811/1835/361
f 1807/1831/361 1809/1833/361 1811/1835/361
f 1811/1835/361 1812/1836/361 1813/1837/361
f 1813/1837/361 1814/1838/361 1815/1839/361
f 1811/1835/361 1813/1837/361 1815/1839/361
f 1807/1831/361 1811/1835/361 1815/1839/361
f 1815/1839/361 1816/1840/361 1817/1841/361
f 1817/1841/361 1818/1842/361 1819/1843/361
f 1815/1839/361 1817/1841/361 1819/1843/361
f 1807/1831/361 1815/1839/361 1819/1843/361
f 1805/1829/361 1807/1831/361 1819/1843/361
f 1819/1843/361 1820/1844/361 1821/1845/361
f 1805/1829/361 1819/1843/361 1821/1845/361
f 1822/1846/361 1805/1829/361 1821/1845/361
f 1823/1847/965 1824/1848/965 1825/1849/361
f 1824/1848/965 1823/1847/965 1826/1850/361
f 1827/1851/361 1824/1848/965 1826/1850/361
f 1827/1851/361 1826/1850/361 1828/1852/965
f 1829/1853/965 1827/1851/361 1828/1852/965
f 1829/1853/965 1828/1852/965 1830/1854/361
f 1831/1855/361 1829/1853/965 1830/1854/361
f 1831/1855/361 1830/1854/361 1832/1856/361
f 1833/1857/361 1831/1855/361 1832/1856/361
f 1833/1857/361 1832/1856/361 1834/1858/361
f 1835/1859/361 1833/1857/361 1834/1858/361
f 1835/1859/361 1834/1858/361 1836/1860/361
f 1837/1861/361 1835/1859/361 1836/1860/361
f 1837/1861/361 1836/1860/361 1838/1862/361
f 1839/1863/361 1837/1861/361 1838/1862/361
f 1839/1863/361 1838/1862/361 1840/1864/361
f 1841/1865/361 1839/1863/361 1840/1864/361
f 1841/1865/361 1840/1864/361 1842/1866/361
f 1843/1867/361 1841/1865/361 1842/1866/361
f 1843/1867/361 1842/1866/361 1844/1868/361
f 1845/1869/361 1843/1867/361 1844/1868/361
f 1845/1869/361 1844/1868/361 1846/1870/361
f 1847/1871/361 1845/1869/361 1846/1870/361
f 1847/1871/361 1846/1870/361 1848/1872/361
f 1849/1873/361 1847/1871/361 1848/1872/361
f 1849/1873/361 1848/1872/361 1850/1874/361
f 1851/1875/361 1849/1873/361 1850/1874/361
f 1851/1875/361 1850/1874/361 1852/1876/361
f 1853/1877/361 1851/1875/361 1852/1876/361
f 1853/1877/361 1852/1876/361 1854/1878/361
f 1855/1879/361 1853/1877/361 1854/1878/361
f 1855/1879/361 1854/1878/361 1856/1880/361
f 1857/1881/361 1855/1879/361 1856/1880/361
f 1857/1881/361 1856/1880/361 1858/1882/361
f 1825/1849/361 1857/1881/361 1858/1882/361
f 1823/1847/965 1825/1849/361 1858/1882/361
f 1835/1859/614 1821/1845/614 1820/1844/614
f 1820/1844/614 1833/1857/614 1835/1859/614
f 1833/1857/547 1820/1844/547 1819/1843/547
f 1819/1843/547 1831/1855/547 1833/1857/547
f 1831/1855/615 1819/1843/615 1818/1842/615
f 1818/1842/615 1829/1853/615 1831/1855/615
f 1829/1853/101 1818/1842/101 1817/1841/101
f 1817/1841/101 1827/1851/101 1829/1853/101
f 1827/1851/616 1817/1841/616 1816/1840/616
f 1816/1840/616 1824/1848/616 1827/1851/616
f 1824/1848/617 1816/1840/617 1815/1839/617
f 1815/1839/617 1825/1849/628 1824/1848/617
f 1825/1849/618 1815/1839/618 1814/1838/618
f 1814/1838/618 1857/1881/618 1825/1849/618
f 1857/1881/625 1814/1838/625 1813/1837/625
f 1813/1837/625 1855/1879/625 1857/1881/625
f 1855/1879/620 1813/1837/620 1812/1836/620
f 1812/1836/620 1853/1877/620 1855/1879/620
f 1853/1877/544 1812/1836/544 1811/1835/544
f 1811/1835/544 1851/1875/544 1853/1877/544
f 1851/1875/609 1811/1835/609 1810/1834/609
f 1810/1834/609 1849/1873/609 1851/1875/609
f 1849/1873/545 1810/1834/545 1809/1833/545
f 1809/1833/545 1847/1871/545 1849/1873/545
f 1847/1871/102 1809/1833/102 1808/1832/102
f 1808/1832/102 1845/1869/102 1847/1871/102
f 1845/1869/610 1808/1832/610 1807/1831/610
f 1807/1831/610 1843/1867/610 1845/1869/610
f 1843/1867/611 1807/1831/611 1806/1830/611
f 1806/1830/611 1841/1865/611 1843/1867/611
f 1841/1865/612 1806/1830/612 1805/1829/612
f 1805/1829/612 1839/1863/612 1841/1865/612
f 1839/1863/613 1805/1829/613 1822/1846/613
f 1822/1846/613 1837/1861/613 1839/1863/613
f 1837/1861/546 1822/1846/546 1821/1845/546
f 1821/1845/546 1835/1859/546 1837/1861/546
f 1859/1883/104 1860/1884/104 1861/1885/104
f 1861/1885/104 1862/1886/104 1863/1887/104
f 1863/1887/104 1864/1888/104 1865/1889/104
f 1861/1885/104 1863/1887/104 1865/1889/104
f 1865/1889/104 1866/1890/104 1867/1891/104
f 1867/1891/104 1868/1892/104 1869/1893/104
f 1865/1889/104 1867/1891/104 1869/1893/104
f 1861/1885/104 1865/1889/104 1869/1893/104
f 1869/1893/104 1870/1894/104 1871/1895/104
f 1871/1895/104 1872/1896/104 1873/1897/104
f 1869/1893/104 1871/1895/104 1873/1897/104
f 1861/1885/104 1869/1893/104 1873/1897/104
f 1859/1883/104 1861/1885/104 1873/1897/104
f 1873/1897/104 1874/1898/104 1875/1899/104
f 1859/1883/104 1873/1897/104 1875/1899/104
f 1876/1900/104 1859/1883/104 1875/1899/104
f 1877/1901/544 1834/1858/544 1832/1856/544
f 1832/1856/544 1878/1902/544 1877/1901/544
f 1878/1902/609 1832/1856/609 1830/1854/609
f 1830/1854/626 1879/1903/626 1878/1902/626
f 1879/1903/545 1830/1854/545 1828/1852/545
f 1828/1852/545 1880/1904/545 1879/1903/545
f 1880/1904/102 1828/1852/102 1826/1850/102
f 1826/1850/102 1881/1905/102 1880/1904/102
f 1881/1905/610 1826/1850/610 1823/1847/610
f 1823/1847/610 1882/1906/610 1881/1905/610
f 1882/1906/611 1823/1847/611 1858/1882/611
f 1858/1882/968 1883/1907/968 1882/1906/968
f 1883/1907/612 1858/1882/612 1856/1880/612
f 1856/1880/612 1884/1908/612 1883/1907/612
f 1884/1908/613 1856/1880/613 1854/1878/613
f 1854/1878/788 1885/1909/788 1884/1908/788
f 1885/1909/627 1854/1878/627 1852/1876/627
f 1852/1876/546 1886/1910/546 1885/1909/546
f 1886/1910/614 1852/1876/614 1850/1874/614
f 1850/1874/614 1887/1911/614 1886/1910/614
f 1887/1911/547 1850/1874/547 1848/1872/547
f 1848/1872/814 1888/1912/814 1887/1911/814
f 1888/1912/615 1848/1872/615 1846/1870/615
f 1846/1870/615 1889/1913/615 1888/1912/615
f 1889/1913/101 1846/1870/101 1844/1868/101
f 1844/1868/101 1890/1914/101 1889/1913/101
f 1890/1914/616 1844/1868/616 1842/1866/616
f 1842/1866/616 1891/1915/616 1890/1914/616
f 1891/1915/617 1842/1866/617 1840/1864/617
f 1840/1864/617 1892/1916/617 1891/1915/617
f 1892/1916/618 1840/1864/618 1838/1862/618
f 1838/1862/618 1893/1917/618 1892/1916/618
f 1893/1917/625 1838/1862/625 1836/1860/625
f 1836/1860/625 1894/1918/625 1893/1917/625
f 1894/1918/620 1836/1860/620 1834/1858/620
f 1834/1858/967 1877/1901/967 1894/1918/967
f 1895/1919/104 1896/1920/104 1897/1921/104
f 1897/1921/104 1898/1922/104 1899/1923/104
f 1895/1919/104 1897/1921/104 1899/1923/104
f 1900/1924/104 1895/1919/104 1899/1923/104
f 1895/1919/1156 1901/1925/1157 1902/1926/1156
f 1902/1926/1156 1896/1920/969 1895/1919/1156
f 1896/1920/970 1902/1926/972 1903/1927/970
f 1903/1927/970 1897/1921/970 1896/1920/970
f 1897/1921/973 1903/1927/974 1904/1928/973
f 1904/1928/973 1898/1922/973 1897/1921/973
f 1898/1922/976 1904/1928/976 1905/1929/976
f 1905/1929/976 1899/1923/978 1898/1922/976
f 1899/1923/979 1905/1929/979 1906/1930/979
f 1906/1930/979 1900/1924/979 1899/1923/979
f 1900/1924/980 1906/1930/981 1901/1925/980
f 1901/1925/980 1895/1919/980 1900/1924/980
f 1907/1931/361 1908/1932/361 1909/1933/361
f 1909/1933/361 1910/1934/361 1911/1935/361
f 1907/1931/361 1909/1933/361 1911/1935/361
f 1912/1936/361 1907/1931/361 1911/1935/361
f 1901/1925/982 1913/1937/982 1914/1938/1158
f 1914/1938/1158 1902/1926/1158 1901/1925/982
f 1902/1926/984 1914/1938/984 1915/1939/1159
f 1915/1939/1159 1903/1927/985 1902/1926/984
f 1903/1927/987 1915/1939/987 1916/1940/986
f 1916/1940/986 1904/1928/986 1903/1927/987
f 1904/1928/1160 1916/1940/1160 1917/1941/1161
f 1917/1941/1161 1905/1929/1161 1904/1928/1160
f 1905/1929/993 1917/1941/993 1918/1942/993
f 1918/1942/993 1906/1930/993 1905/1929/993
f 1906/1930/994 1918/1942/994 1913/1937/1162
f 1913/1937/1162 1901/1925/1162 1906/1930/994
f 1913/1937/1163 1911/1935/1163 1910/1934/1164
f 1910/1934/1164 1914/1938/1164 1913/1937/1163
f 1914/1938/1000 1910/1934/1000 1909/1933/1165
f 1909/1933/1165 1915/1939/1165 1914/1938/1000
f 1915/1939/1001 1909/1933/1001 1908/1932/1166
f 1908/1932/1166 1916/1940/1166 1915/1939/1001
f 1916/1940/1167 1908/1932/1167 1907/1931/1168
f 1907/1931/1168 1917/1941/1168 1916/1940/1167
f 1917/1941/1169 1907/1931/1169 1912/1936/1169
f 1912/1936/1169 1918/1942/1169 1917/1941/1169
f 1918/1942/1170 1912/1936/1170 1911/1935/1171
f 1911/1935/1171 1913/1937/1171 1918/1942/1170
f 1919/1943/361 1920/1944/361 1921/1945/361
f 1921/1945/361 1922/1946/361 1919/1943/361
f 1923/1947/667 1919/1943/667 1922/1946/667
f 1922/1946/667 1924/1948/667 1923/1947/667
f 1925/1949/104 1923/1947/104 1924/1948/104
f 1924/1948/104 1926/1950/104 1925/1949/104
f 1920/1944/668 1925/1949/668 1926/1950/668
f 1926/1950/668 1921/1945/668 1920/1944/668
f 1927/1951/1007 1928/1952/1007 1929/1953/1007
f 1929/1953/1007 1930/1954/1172 1927/1951/1007
f 1931/1955/1173 1932/1956/1173 1919/1943/1173
f 1919/1943/670 1923/1947/670 1931/1955/670
f 1933/1957/104 1931/1955/104 1923/1947/104
f 1923/1947/104 1925/1949/104 1933/1957/104
f 1934/1958/1174 1933/1957/1174 1925/1949/1174
f 1925/1949/672 1920/1944/672 1934/1958/672
f 1935/1959/1011 1936/1960/1011 1928/1952/1011
f 1928/1952/1011 1927/1951/1011 1935/1959/1011
f 1937/1961/1175 1938/1962/1175 1932/1956/1175
f 1932/1956/1176 1931/1955/1176 1937/1961/1176
f 1939/1963/1014 1937/1961/1014 1931/1955/1014
f 1931/1955/1014 1933/1957/1014 1939/1963/1014
f 1940/1964/1015 1939/1963/1015 1933/1957/1015
f 1933/1957/1177 1934/1958/1177 1940/1964/1177
f 1924/1948/616 1922/1946/616 1921/1945/616
f 1921/1945/616 1926/1950/616 1924/1948/616
f 1940/1964/1017 1938/1962/1017 1937/1961/1017
f 1937/1961/1017 1939/1963/1017 1940/1964/1017
f 1919/1943/1018 1930/1954/1019 1929/1953/1178
f 1929/1953/1178 1920/1944/1178 1919/1943/1018
f 1920/1944/1179 1929/1953/1179 1928/1952/1179
f 1928/1952/1021 1934/1958/1021 1920/1944/1021
f 1934/1958/1180 1928/1952/1180 1936/1960/1180
f 1936/1960/1023 1940/1964/1023 1934/1958/1023
f 1940/1964/1181 1936/1960/1181 1935/1959/1024
f 1935/1959/1024 1938/1962/1024 1940/1964/1181
f 1938/1962/1182 1935/1959/1182 1927/1951/1182
f 1927/1951/1183 1932/1956/1183 1938/1962/1183
f 1932/1956/1184 1927/1951/1184 1930/1954/1184
f 1930/1954/1185 1919/1943/1185 1932/1956/1185
f 1941/1965/361 1942/1966/361 1943/1967/361
f 1943/1967/361 1944/1968/361 1941/1965/361
f 1945/1969/693 1941/1965/693 1944/1968/693
f 1944/1968/693 1946/1970/693 1945/1969/693
f 1947/1971/104 1945/1969/104 1946/1970/104
f 1946/1970/104 1948/1972/104 1947/1971/104
f 1942/1966/694 1947/1971/694 1948/1972/694
f 1948/1972/694 1943/1967/694 1942/1966/694
f 1949/1973/1030 1950/1974/1030 1951/1975/1030
f 1951/1975/1030 1952/1976/1030 1949/1973/1030
f 1953/1977/1186 1954/1978/1186 1941/1965/1186
f 1941/1965/696 1945/1969/696 1953/1977/696
f 1955/1979/104 1953/1977/104 1945/1969/104
f 1945/1969/104 1947/1971/104 1955/1979/104
f 1956/1980/1187 1955/1979/1187 1947/1971/1187
f 1947/1971/698 1942/1966/698 1956/1980/698
f 1957/1981/1033 1958/1982/1033 1950/1974/1033
f 1950/1974/1033 1949/1973/1033 1957/1981/1033
f 1959/1983/1034 1960/1984/1034 1954/1978/1034
f 1954/1978/1188 1953/1977/1188 1959/1983/1188
f 1961/1985/1036 1959/1983/1036 1953/1977/1036
f 1953/1977/1036 1955/1979/1036 1961/1985/1036
f 1962/1986/1189 1961/1985/1189 1955/1979/1189
f 1955/1979/1190 1956/1980/1190 1962/1986/1190
f 1946/1970/619 1944/1968/619 1943/1967/619
f 1943/1967/619 1948/1972/619 1946/1970/619
f 1962/1986/1041 1960/1984/1041 1959/1983/1041
f 1959/1983/1041 1961/1985/1041 1962/1986/1041
f 1941/1965/1044 1952/1976/1044 1951/1975/1044
f 1951/1975/1044 1942/1966/1044 1941/1965/1044
f 1942/1966/1191 1951/1975/1191 1950/1974/1191
f 1950/1974/1046 1956/1980/1046 1942/1966/1046
f 1956/1980/1192 1950/1974/1192 1958/1982/1192
f 1958/1982/1193 1962/1986/1193 1956/1980/1193
f 1962/1986/1194 1958/1982/1194 1957/1981/1195
f 1957/1981/1195 1960/1984/1195 1962/1986/1194
f 1960/1984/1051 1957/1981/1051 1949/1973/1051
f 1949/1973/1052 1954/1978/1052 1960/1984/1052
f 1954/1978/1196 1949/1973/1196 1952/1976/1196
f 1952/1976/1197 1941/1965/1197 1954/1978/1197
f 1963/1987/361 1964/1988/361 1965/1989/361
f 1965/1989/361 1966/1990/361 1963/1987/361
f 1967/1991/719 1963/1987/719 1966/1990/719
f 1966/1990/719 1968/1992/719 1967/1991/719
f 1969/1993/104 1967/1991/104 1968/1992/104
f 1968/1992/104 1970/1994/104 1969/1993/104
f 1964/1988/721 1969/1993/721 1970/1994/721
f 1970/1994/721 1965/1989/721 1964/1988/721
f 1971/1995/1055 1972/1996/1055 1973/1997/1055
f 1973/1997/1055 1974/1998/1055 1971/1995/1055
f 1975/1999/1198 1976/2000/1198 1963/1987/1198
f 1963/1987/724 1967/1991/724 1975/1999/724
f 1977/2001/104 1975/1999/104 1967/1991/104
f 1967/1991/104 1969/1993/104 1977/2001/104
f 1978/2002/1199 1977/2001/1199 1969/1993/1199
f 1969/1993/726 1964/1988/726 1978/2002/726
f 1979/2003/1058 1980/2004/1058 1972/1996/1058
f 1972/1996/1058 1971/1995/1058 1979/2003/1058
f 1981/2005/1200 1982/2006/1200 1976/2000/1200
f 1976/2000/1201 1975/1999/1201 1981/2005/1201
f 1983/2007/1061 1981/2005/1061 1975/1999/1061
f 1975/1999/1061 1977/2001/1061 1983/2007/1061
f 1984/2008/1202 1983/2007/1202 1977/2001/1202
f 1977/2001/1203 1978/2002/1203 1984/2008/1203
f 1968/1992/626 1966/1990/626 1965/1989/609
f 1965/1989/609 1970/1994/609 1968/1992/626
f 1984/2008/1064 1982/2006/1204 1981/2005/1204
f 1981/2005/1204 1983/2007/1064 1984/2008/1064
f 1963/1987/1066 1974/1998/1205 1973/1997/1206
f 1973/1997/1206 1964/1988/1206 1963/1987/1066
f 1964/1988/1207 1973/1997/1207 1972/1996/1207
f 1972/1996/1208 1978/2002/1208 1964/1988/1208
f 1978/2002/1209 1972/1996/1209 1980/2004/1209
f 1980/2004/1070 1984/2008/1070 1978/2002/1070
f 1984/2008/1210 1980/2004/1210 1979/2003/1072
f 1979/2003/1072 1982/2006/1072 1984/2008/1210
f 1982/2006/1073 1979/2003/1073 1971/1995/1073
f 1971/1995/1211 1976/2000/1211 1982/2006/1211
f 1976/2000/1212 1971/1995/1212 1974/1998/1212
f 1974/1998/1213 1963/1987/1213 1976/2000/1213
f 1985/2009/361 1986/2010/361 1987/2011/361
f 1987/2011/361 1988/2012/361 1985/2009/361
f 1989/2013/748 1985/2009/748 1988/2012/748
f 1988/2012/748 1990/2014/748 1989/2013/748
f 1991/2015/104 1989/2013/104 1990/2014/104
f 1990/2014/104 1992/2016/104 1991/2015/104
f 1986/2010/749 1991/2015/749 1992/2016/749
f 1992/2016/749 1987/2011/749 1986/2010/749
f 1993/2017/1078 1994/2018/1078 1995/2019/1078
f 1995/2019/1078 1996/2020/1079 1993/2017/1078
f 1997/2021/1214 1998/2022/1214 1985/2009/1214
f 1985/2009/751 1989/2013/751 1997/2021/751
f 1999/2023/104 1997/2021/104 1989/2013/104
f 1989/2013/104 1991/2015/104 1999/2023/104
f 2000/2024/1215 1999/2023/1215 1991/2015/1215
f 1991/2015/753 1986/2010/753 2000/2024/753
f 2001/2025/1083 2002/2026/1083 1994/2018/1083
f 1994/2018/1083 1993/2017/1083 2001/2025/1083
f 2003/2027/1216 2004/2028/1216 1998/2022/1216
f 1998/2022/1217 1997/2021/1217 2003/2027/1217
f 2005/2029/1086 2003/2027/1086 1997/2021/1086
f 1997/2021/1086 1999/2023/1087 2005/2029/1086
f 2006/2030/1218 2005/2029/1218 1999/2023/1218
f 1999/2023/1089 2000/2024/1089 2006/2030/1089
f 1990/2014/610 1988/2012/610 1987/2011/610
f 1987/2011/610 1992/2016/610 1990/2014/610
f 2006/2030/1090 2004/2028/1090 2003/2027/1090
f 2003/2027/1090 2005/2029/1090 2006/2030/1090
f 1985/2009/1219 1996/2020/1220 1995/2019/1219
f 1995/2019/1219 1986/2010/1219 1985/2009/1219
f 1986/2010/1221 1995/2019/1221 1994/2018/1221
f 1994/2018/1222 2000/2024/1222 1986/2010/1222
f 2000/2024/1223 1994/2018/1223 2002/2026/1223
f 2002/2026/1224 2006/2030/1224 2000/2024/1224
f 2006/2030/1225 2002/2026/1225 2001/2025/1097
f 2001/2025/1097 2004/2028/1097 2006/2030/1225
f 2004/2028/1226 2001/2025/1226 1993/2017/1226
f 1993/2017/1227 1998/2022/1227 2004/2028/1227
f 1998/2022/1228 1993/2017/1228 1996/2020/1228
f 1996/2020/1229 1985/2009/1229 1998/2022/1229
f 2007/2031/361 2008/2032/361 2009/2033/361
f 2009/2033/361 2010/2034/361 2007/2031/361
f 2011/2035/774 2007/2031/774 2010/2034/774
f 2010/2034/774 2012/2036/774 2011/2035/774
f 2013/2037/104 2011/2035/104 2012/2036/104
f 2012/2036/104 2014/2038/104 2013/2037/104
f 2008/2032/775 2013/2037/775 2014/2038/775
f 2014/2038/775 2009/2033/775 2008/2032/775
f 2015/2039/1102 2016/2040/1102 2017/2041/1102
f 2017/2041/1102 2018/2042/1102 2015/2039/1102
f 2019/2043/1230 2020/2044/1230 2007/2031/1230
f 2007/2031/777 2011/2035/777 2019/2043/777
f 2021/2045/104 2019/2043/104 2011/2035/104
f 2011/2035/104 2013/2037/104 2021/2045/104
f 2022/2046/1231 2021/2045/1231 2013/2037/1231
f 2013/2037/1105 2008/2032/1105 2022/2046/1105
f 2023/2047/1106 2024/2048/1106 2016/2040/1106
f 2016/2040/1106 2015/2039/1106 2023/2047/1106
f 2025/2049/1232 2026/2050/1232 2020/2044/1232
f 2020/2044/1233 2019/2043/1233 2025/2049/1233
f 2027/2051/1110 2025/2049/1110 2019/2043/1110
f 2019/2043/1110 2021/2045/1110 2027/2051/1110
f 2028/2052/1234 2027/2051/1234 2021/2045/1234
f 2021/2045/1235 2022/2046/1235 2028/2052/1235
f 2012/2036/613 2010/2034/613 2009/2033/613
f 2009/2033/613 2014/2038/613 2012/2036/613
f 2028/2052/1236 2026/2050/1113 2025/2049/1236
f 2025/2049/1236 2027/2051/1236 2028/2052/1236
f 2007/2031/1114 2018/2042/1237 2017/2041/1114
f 2017/2041/1114 2008/2032/1114 2007/2031/1114
f 2008/2032/1238 2017/2041/1238 2016/2040/1238
f 2016/2040/1117 2022/2046/1117 2008/2032/1117
f 2022/2046/1239 2016/2040/1239 2024/2048/1239
f 2024/2048/1240 2028/2052/1240 2022/2046/1240
f 2028/2052/1241 2024/2048/1241 2023/2047/1123
f 2023/2047/1123 2026/2050/1123 2028/2052/1241
f 2026/2050/1242 2023/2047/1242 2015/2039/1242
f 2015/2039/1125 2020/2044/1125 2026/2050/1125
f 2020/2044/1243 2015/2039/1243 2018/2042/1243
f 2018/2042/1127 2007/2031/1127 2020/2044/1127
f 2029/2053/361 2030/2054/361 2031/2055/361
f 2031/2055/361 2032/2056/361 2029/2053/361
f 2033/2057/801 2029/2053/801 2032/2056/801
f 2032/2056/801 2034/2058/801 2033/2057/801
f 2035/2059/104 2033/2057/104 2034/2058/104
f 2034/2058/104 2036/2060/104 2035/2059/104
f 2030/2054/802 2035/2059/802 2036/2060/802
f 2036/2060/802 2031/2055/802 2030/2054/802
f 2037/2061/1129 2038/2062/1129 2039/2063/1129
f 2039/2063/1129 2040/2064/1129 2037/2061/1129
f 2041/2065/1244 2042/2066/1244 2029/2053/1244
f 2029/2053/804 2033/2057/804 2041/2065/804
f 2043/2067/104 2041/2065/104 2033/2057/104
f 2033/2057/104 2035/2059/104 2043/2067/104
f 2044/2068/1131 2043/2067/1131 2035/2059/1131
f 2035/2059/1132 2030/2054/1132 2044/2068/1132
f 2045/2069/1133 2046/2070/1133 2038/2062/1133
f 2038/2062/1133 2037/2061/1133 2045/2069/1133
f 2047/2071/1134 2048/2072/1134 2042/2066/1134
f 2042/2066/1135 2041/2065/1135 2047/2071/1135
f 2049/2073/1136 2047/2071/1136 2041/2065/1136
f 2041/2065/1136 2043/2067/1136 2049/2073/1136
f 2050/2074/1245 2049/2073/1245 2043/2067/1245
f 2043/2067/1246 2044/2068/1246 2050/2074/1246
f 2034/2058/814 2032/2056/814 2031/2055/547
f 2031/2055/547 2036/2060/547 2034/2058/814
f 2050/2074/1247 2048/2072/1139 2047/2071/1139
f 2047/2071/1139 2049/2073/1247 2050/2074/1247
f 2029/2053/1248 2040/2064/1248 2039/2063/1249
f 2039/2063/1249 2030/2054/1249 2029/2053/1248
f 2030/2054/1250 2039/2063/1250 2038/2062/1250
f 2038/2062/1143 2044/2068/1143 2030/2054/1143
f 2044/2068/1251 2038/2062/1251 2046/2070/1251
f 2046/2070/1252 2050/2074/1252 2044/2068/1252
f 2050/2074/1147 2046/2070/1253 2045/2069/1146
f 2045/2069/1146 2048/2072/1146 2050/2074/1147
f 2048/2072/1254 2045/2069/1254 2037/2061/1254
f 2037/2061/1255 2042/2066/1255 2048/2072/1255
f 2042/2066/1256 2037/2061/1256 2040/2064/1256
f 2040/2064/1151 2029/2053/1151 2042/2066/1151
f 2051/2075/1257 2052/2076/1257 2053/2077/1257
f 2053/2077/1258 2054/2078/1258 2051/2075/1258
f 2055/2079/1259 2056/2080/1259 2057/2081/1259
f 2057/2081/1260 2058/2082/1260 2055/2079/1260
f 2059/2083/53 2060/2084/53 2061/2085/53
f 2061/2085/53 2062/2086/53 2059/2083/53
f 2063/2087/1261 2064/2088/1261 2065/2089/1261
f 2065/2089/1262 2066/2090/1262 2063/2087/1262
f 2067/2091/1263 2068/2092/1263 2069/2093/1263
f 2069/2093/1264 2070/2094/1264 2067/2091/1264
f 2071/2095/53 2062/2086/53 2061/2085/53
f 2061/2085/53 2072/2096/53 2071/2095/53
f 2073/2097/1265 2074/2098/1265 2075/2099/1265
f 2075/2099/1265 2076/2100/1265 2073/2097/1265
f 2074/2098/1266 2077/2101/1266 2078/2102/1266
f 2078/2102/1266 2075/2099/1266 2074/2098/1266
f 2077/2103/102 2079/2104/102 2080/2105/102
f 2080/2105/102 2078/2106/102 2077/2103/102
f 2079/2104/1267 2081/2107/1267 2082/2108/1267
f 2082/2108/1267 2080/2105/1267 2079/2104/1267
f 2081/2107/1268 2083/2109/1268 2084/2110/1268
f 2084/2110/1268 2082/2108/1268 2081/2107/1268
f 2074/2098/361 2073/2097/361 2085/2111/361
f 2085/2111/361 2086/2112/361 2074/2098/361
f 2083/2109/361 2081/2113/361 2087/2114/361
f 2087/2114/361 2088/2115/361 2083/2109/361
f 2081/2113/361 2079/2116/361 2089/2117/361
f 2089/2117/361 2087/2114/361 2081/2113/361
f 2079/2116/361 2077/2101/361 2090/2118/361
f 2090/2118/361 2089/2117/361 2079/2116/361
f 2077/2101/361 2074/2098/361 2086/2112/361
f 2086/2112/361 2090/2118/361 2077/2101/361
f 2091/2119/104 2092/2120/104 2093/2121/104
f 2093/2121/104 2094/2122/104 2091/2119/104
f 2092/2120/104 2095/2123/104 2096/2124/104
f 2096/2124/104 2093/2121/104 2092/2120/104
f 2095/2123/104 2097/2125/104 2098/2126/104
f 2098/2126/104 2096/2124/104 2095/2123/104
f 2097/2125/104 2099/2127/104 2100/2128/104
f 2100/2128/104 2098/2126/104 2097/2125/104
f 2099/2127/104 2101/2129/104 2102/2130/104
f 2102/2130/104 2100/2128/104 2099/2127/104
f 2088/2115/1269 2087/2114/1269 2103/2131/1269
f 2103/2131/1269 2104/2132/1269 2088/2115/1269
f 2087/2114/97 2089/2117/97 2105/2133/97
f 2105/2133/97 2103/2131/97 2087/2114/97
f 2089/2117/101 2090/2118/101 2106/2134/101
f 2106/2134/101 2105/2133/101 2089/2117/101
f 2090/2118/100 2086/2112/100 2107/2135/100
f 2107/2135/100 2106/2134/100 2090/2118/100
f 2086/2112/1270 2085/2111/1270 2108/2136/1270
f 2108/2136/1270 2107/2135/1270 2086/2112/1270
f 2109/2137/101 2110/2138/101 2111/2139/101
f 2111/2139/101 2112/2140/101 2109/2137/101
f 2113/2141/101 2114/2142/101 2115/2143/101
f 2115/2143/101 2116/2144/101 2113/2141/101
f 2091/2119/104 2094/2122/104 2117/2145/104
f 2117/2145/104 2118/2146/104 2091/2119/104
f 2108/2136/1271 2085/2111/1271 2110/2138/1271
f 2110/2138/1271 2109/2137/1271 2108/2136/1271
f 2085/2111/361 2073/2097/361 2111/2139/361
f 2111/2139/361 2110/2138/361 2085/2111/361
f 2083/2109/361 2088/2115/361 2113/2141/361
f 2113/2141/361 2116/2144/361 2083/2109/361
f 2088/2115/144 2104/2132/144 2114/2142/144
f 2114/2142/144 2113/2141/144 2088/2115/144
f 2102/2130/104 2101/2129/104 2119/2147/104
f 2119/2147/104 2120/2148/104 2102/2130/104
f 2115/2143/101 2121/2149/101 2122/2150/101
f 2122/2150/101 2116/2144/101 2115/2143/101
f 2123/2151/1272 2124/2152/1272 2125/2153/1272
f 2125/2153/1272 2126/2154/1272 2123/2151/1272
f 2126/2154/1267 2125/2153/1267 2127/2155/1267
f 2127/2155/1267 2128/2156/1267 2126/2154/1267
f 2128/2157/102 2127/2158/102 2129/2159/102
f 2129/2159/102 2130/2160/102 2128/2157/102
f 2130/2160/1266 2129/2159/1266 2131/2161/1266
f 2131/2161/1266 2132/2162/1266 2130/2160/1266
f 2132/2162/1273 2131/2161/1273 2133/2163/1273
f 2133/2163/1273 2134/2164/1273 2132/2162/1273
f 2126/2154/361 2135/2165/361 2136/2166/361
f 2136/2166/361 2123/2151/361 2126/2154/361
f 2134/2164/361 2137/2167/361 2138/2168/361
f 2138/2168/361 2132/2169/361 2134/2164/361
f 2132/2169/361 2138/2168/361 2139/2170/361
f 2139/2170/361 2130/2171/361 2132/2169/361
f 2130/2171/361 2139/2170/361 2140/2172/361
f 2140/2172/361 2128/2156/361 2130/2171/361
f 2128/2156/361 2140/2172/361 2135/2165/361
f 2135/2165/361 2126/2154/361 2128/2156/361
f 2141/2173/104 2142/2174/104 2143/2175/104
f 2143/2175/104 2144/2176/104 2141/2173/104
f 2144/2176/104 2143/2175/104 2145/2177/104
f 2145/2177/104 2146/2178/104 2144/2176/104
f 2146/2178/104 2145/2177/104 2147/2179/104
f 2147/2179/104 2148/2180/104 2146/2178/104
f 2148/2180/104 2147/2179/104 2149/2181/104
f 2149/2181/104 2150/2182/104 2148/2180/104
f 2150/2182/104 2149/2181/104 2151/2183/104
f 2151/2183/104 2152/2184/104 2150/2182/104
f 2137/2167/1274 2153/2185/1274 2154/2186/1274
f 2154/2186/1274 2138/2168/1274 2137/2167/1274
f 2138/2168/100 2154/2186/100 2155/2187/100
f 2155/2187/100 2139/2170/100 2138/2168/100
f 2139/2170/101 2155/2187/101 2156/2188/101
f 2156/2188/101 2140/2172/101 2139/2170/101
f 2140/2172/97 2156/2188/97 2157/2189/97
f 2157/2189/97 2135/2165/97 2140/2172/97
f 2135/2165/1275 2157/2189/1275 2158/2190/1275
f 2158/2190/1275 2136/2166/1275 2135/2165/1275
f 2159/2191/101 2160/2192/101 2161/2193/101
f 2161/2193/101 2162/2194/101 2159/2191/101
f 2163/2195/101 2122/2150/101 2121/2149/101
f 2121/2149/101 2164/2196/101 2163/2195/101
f 2141/2173/104 2165/2197/104 2166/2198/104
f 2166/2198/104 2142/2174/104 2141/2173/104
f 2158/2190/144 2159/2191/144 2162/2194/144
f 2162/2194/144 2136/2166/144 2158/2190/144
f 2136/2166/361 2162/2194/361 2161/2193/361
f 2161/2193/361 2123/2151/361 2136/2166/361
f 2134/2164/361 2122/2150/361 2163/2195/361
f 2163/2195/361 2137/2167/361 2134/2164/361
f 2137/2167/1271 2163/2195/1271 2164/2196/1271
f 2164/2196/1271 2153/2185/1271 2137/2167/1271
f 2151/2183/104 2167/2199/104 2168/2200/104
f 2168/2200/104 2152/2184/104 2151/2183/104
f 2084/2110/102 2083/2109/102 2134/2164/102
f 2134/2164/102 2133/2163/102 2084/2110/102
f 2083/2109/361 2116/2144/361 2122/2150/361
f 2122/2150/361 2134/2164/361 2083/2109/361
f 2169/2201/104 2170/2202/104 2171/2203/104
f 2171/2203/104 2172/2204/104 2169/2201/104
f 2076/2100/1276 2075/2099/1277 2092/2120/1277
f 2092/2120/1277 2091/2119/1278 2076/2100/1276
f 2075/2099/1279 2078/2102/1280 2095/2123/1280
f 2095/2123/1280 2092/2120/1279 2075/2099/1279
f 2078/2102/1281 2080/2205/1282 2097/2125/1282
f 2097/2125/1282 2095/2123/1281 2078/2102/1281
f 2080/2205/1283 2082/2206/1283 2099/2127/1283
f 2099/2127/1283 2097/2125/1283 2080/2205/1283
f 2082/2206/1284 2084/2110/1285 2101/2129/1285
f 2101/2129/1285 2099/2127/1284 2082/2206/1284
f 2084/2110/1286 2115/2143/1287 2119/2147/1287
f 2119/2147/1287 2101/2129/1288 2084/2110/1286
f 2115/2143/1289 2114/2142/1290 2120/2148/1290
f 2120/2148/1290 2119/2147/1289 2115/2143/1289
f 2114/2142/1291 2104/2132/1292 2102/2130/1292
f 2102/2130/1292 2120/2148/1293 2114/2142/1291
f 2104/2132/1294 2103/2131/1295 2100/2128/1295
f 2100/2128/1295 2102/2130/1294 2104/2132/1294
f 2103/2131/1296 2105/2133/1297 2098/2126/1297
f 2098/2126/1297 2100/2128/1296 2103/2131/1296
f 2105/2133/1290 2106/2134/1289 2096/2124/1289
f 2096/2124/1289 2098/2126/1298 2105/2133/1290
f 2106/2134/1299 2107/2135/1300 2093/2121/1300
f 2093/2121/1300 2096/2124/1299 2106/2134/1299
f 2107/2135/1301 2108/2136/1302 2094/2122/1302
f 2094/2122/1302 2093/2121/1301 2107/2135/1301
f 2108/2136/1287 2109/2137/1286 2117/2145/1286
f 2117/2145/1286 2094/2122/1287 2108/2136/1287
f 2109/2137/1289 2112/2140/1289 2118/2146/1289
f 2118/2146/1289 2117/2145/1290 2109/2137/1289
f 2112/2140/1292 2076/2100/1293 2091/2119/1293
f 2091/2119/1293 2118/2146/1292 2112/2140/1292
f 2125/2153/1303 2124/2152/1304 2141/2173/1304
f 2141/2173/1304 2144/2176/1303 2125/2153/1303
f 2124/2152/1286 2160/2192/1287 2165/2197/1287
f 2165/2197/1287 2141/2173/1286 2124/2152/1286
f 2160/2192/1289 2159/2191/1290 2166/2198/1290
f 2166/2198/1290 2165/2197/1289 2160/2192/1289
f 2159/2191/1291 2158/2190/1293 2142/2174/1293
f 2142/2174/1293 2166/2198/1292 2159/2191/1291
f 2158/2190/1305 2157/2189/1306 2143/2175/1306
f 2143/2175/1306 2142/2174/1305 2158/2190/1305
f 2157/2189/1307 2156/2188/1296 2145/2177/1296
f 2145/2177/1296 2143/2175/1307 2157/2189/1307
f 2156/2188/1298 2155/2187/1289 2147/2179/1289
f 2147/2179/1289 2145/2177/1298 2156/2188/1298
f 2155/2187/1300 2154/2186/1300 2149/2181/1300
f 2149/2181/1300 2147/2179/1300 2155/2187/1300
f 2154/2186/1308 2153/2185/1309 2151/2183/1309
f 2151/2183/1309 2149/2181/1308 2154/2186/1308
f 2153/2185/1288 2164/2196/1286 2167/2199/1286
f 2167/2199/1286 2151/2183/1288 2153/2185/1288
f 2164/2196/1289 2121/2149/1289 2168/2200/1289
f 2168/2200/1289 2167/2199/1289 2164/2196/1289
f 2121/2149/1292 2133/2163/1291 2152/2184/1292
f 2152/2184/1292 2168/2200/1292 2121/2149/1292
f 2133/2163/1310 2131/2207/1311 2150/2182/1311
f 2150/2182/1311 2152/2184/1310 2133/2163/1310
f 2131/2207/1312 2129/2208/1280 2148/2180/1280
f 2148/2180/1280 2150/2182/1312 2131/2207/1312
f 2129/2208/1281 2127/2155/1313 2146/2178/1313
f 2146/2178/1313 2148/2180/1281 2129/2208/1281
f 2127/2155/1283 2125/2153/1283 2144/2176/1283
f 2144/2176/1283 2146/2178/1283 2127/2155/1283
f 2115/2143/1292 2084/2110/1291 2171/2203/1291
f 2171/2203/1291 2170/2202/1292 2115/2143/1292
f 2084/2110/1281 2133/2163/1281 2172/2204/1281
f 2172/2204/1281 2171/2203/1281 2084/2110/1281
f 2133/2163/1286 2121/2149/1288 2169/2201/1288
f 2169/2201/1288 2172/2204/1286 2133/2163/1286
f 2121/2149/1290 2115/2143/1290 2170/2202/1290
f 2170/2202/1290 2169/2201/1290 2121/2149/1290
f 2112/2140/144 2111/2139/144 2073/2097/144
f 2073/2097/144 2076/2100/144 2112/2140/144
f 2173/2209/104 2174/2210/104 2175/2211/104
f 2175/2211/104 2176/2212/104 2173/2209/104
f 2177/2213/102 2178/2214/102 2179/2215/102
f 2179/2215/102 2180/2216/102 2177/2213/102
f 2181/2217/361 2182/2218/361 2178/2214/361
f 2178/2214/361 2177/2213/361 2181/2217/361
f 2183/2219/1314 2184/2220/1314 2182/2218/1314
f 2182/2218/1315 2181/2217/1315 2183/2219/1315
f 2185/2221/1316 2173/2209/1316 2176/2212/1316
f 2176/2212/1317 2186/2222/1317 2185/2221/1317
f 2187/2223/102 2177/2213/102 2180/2216/102
f 2180/2216/102 2188/2224/102 2187/2223/102
f 2189/2225/1318 2181/2217/1318 2177/2213/1318
f 2177/2213/1318 2187/2223/1318 2189/2225/1318
f 2190/2226/1319 2183/2219/1319 2181/2217/1319
f 2181/2217/1320 2189/2225/1320 2190/2226/1320
f 2191/2227/1321 2192/2228/1321 2185/2221/1321
f 2185/2221/1321 2186/2222/1321 2191/2227/1321
f 2193/2229/102 2194/2230/102 2187/2223/102
f 2187/2223/102 2188/2224/102 2193/2229/102
f 2194/2230/1271 2195/2231/1271 2189/2225/1271
f 2189/2225/1271 2187/2223/1271 2194/2230/1271
f 2189/2225/101 2195/2231/101 2196/2232/101
f 2196/2232/101 2190/2226/101 2189/2225/101
f 2197/2233/1271 2198/2234/1271 2199/2235/1271
f 2199/2235/1271 2200/2236/1271 2197/2233/1271
f 2175/2211/104 2174/2210/104 2201/2237/104
f 2201/2237/104 2202/2238/104 2175/2211/104
f 2179/2215/102 2178/2214/102 2197/2233/102
f 2197/2233/102 2200/2236/102 2179/2215/102
f 2178/2214/361 2182/2218/361 2198/2234/361
f 2198/2234/361 2197/2233/361 2178/2214/361
f 2182/2218/1322 2184/2220/1322 2199/2235/1322
f 2199/2235/1322 2198/2234/1322 2182/2218/1322
f 2184/2220/1323 2183/2219/1324 2176/2212/1324
f 2176/2212/1324 2175/2211/1325 2184/2220/1323
f 2183/2219/1326 2190/2226/1326 2186/2222/1326
f 2186/2222/1327 2176/2212/1327 2183/2219/1327
f 2196/2232/1328 2191/2227/1328 2186/2222/1328
f 2186/2222/1328 2190/2226/1328 2196/2232/1328
f 2188/2224/1329 2180/2216/1329 2173/2209/1329
f 2173/2209/1330 2185/2221/1330 2188/2224/1330
f 2180/2216/1331 2179/2215/1332 2174/2210/1332
f 2174/2210/1332 2173/2209/1331 2180/2216/1331
f 2179/2215/1332 2200/2236/1331 2201/2237/1331
f 2201/2237/1331 2174/2210/1332 2179/2215/1332
f 2200/2236/1333 2199/2235/1333 2202/2238/1333
f 2202/2238/1333 2201/2237/1334 2200/2236/1333
f 2199/2235/1335 2184/2220/1336 2175/2211/1337
f 2175/2211/1337 2202/2238/1338 2199/2235/1335
f 2161/2193/1271 2160/2192/1271 2124/2152/1271
f 2124/2152/1271 2123/2151/1271 2161/2193/1271
f 2203/2239/104 2204/2240/104 2205/2241/104
f 2205/2241/104 2206/2242/104 2203/2239/104
f 2207/2243/101 2208/2244/101 2209/2245/101
f 2209/2245/101 2210/2246/101 2207/2243/101
f 2211/2247/361 2212/2248/361 2213/2249/361
f 2213/2249/361 2214/2250/361 2211/2247/361
f 2206/2242/102 2205/2241/102 2212/2248/102
f 2212/2248/102 2211/2247/102 2206/2242/102
f 2215/2251/1271 2216/2252/1271 2203/2239/1271
f 2203/2239/1271 2206/2242/1271 2215/2251/1271
f 2217/2253/101 2218/2254/101 2207/2243/101
f 2207/2243/101 2210/2246/101 2217/2253/101
f 2219/2255/144 2220/2256/144 2211/2247/144
f 2211/2247/144 2214/2250/144 2219/2255/144
f 2211/2247/102 2220/2256/102 2215/2251/102
f 2215/2251/102 2206/2242/102 2211/2247/102
f 2213/2249/144 2212/2248/144 2205/2241/144
f 2205/2241/144 2204/2240/144 2213/2249/144
f 2204/2240/1339 2203/2239/1339 2210/2246/1339
f 2210/2246/1339 2209/2245/1339 2204/2240/1339
f 2216/2252/1340 2217/2253/1340 2210/2246/1340
f 2210/2246/1340 2203/2239/1340 2216/2252/1340
f 2214/2250/1341 2213/2249/1341 2208/2244/1341
f 2208/2244/1341 2207/2243/1341 2214/2250/1341
f 2213/2249/1342 2204/2240/1342 2209/2245/1342
f 2209/2245/1342 2208/2244/1342 2213/2249/1342
f 2188/2224/1343 2185/2221/1343 2192/2228/1343
f 2192/2228/1343 2193/2229/1343 2188/2224/1343
f 2214/2250/1344 2207/2243/1344 2218/2254/1344
f 2218/2254/1344 2219/2255/1344 2214/2250/1344
f 2221/2257/1265 2222/2258/1265 2223/2259/1265
f 2223/2259/1265 2224/2260/1265 2221/2257/1265
f 2224/2260/1266 2223/2259/1266 2225/2261/1266
f 2225/2261/1266 2226/2262/1266 2224/2260/1266
f 2226/2262/102 2225/2261/102 2227/2263/102
f 2227/2263/102 2228/2264/102 2226/2262/102
f 2228/2264/1267 2227/2263/1267 2229/2265/1267
f 2229/2265/1267 2230/2266/1267 2228/2264/1267
f 2230/2266/1268 2229/2265/1268 2231/2267/1268
f 2231/2267/1268 2232/2268/1268 2230/2266/1268
f 2224/2260/104 2233/2269/104 2234/2270/104
f 2234/2270/104 2221/2257/104 2224/2260/104
f 2232/2268/104 2235/2271/104 2236/2272/104
f 2236/2272/104 2230/2266/104 2232/2268/104
f 2230/2266/104 2236/2272/104 2237/2273/104
f 2237/2273/104 2228/2264/104 2230/2266/104
f 2228/2264/104 2237/2273/104 2238/2274/104
f 2238/2274/104 2226/2262/104 2228/2264/104
f 2226/2262/104 2238/2274/104 2233/2269/104
f 2233/2269/104 2224/2260/104 2226/2262/104
f 2239/2275/361 2240/2276/361 2241/2277/361
f 2241/2277/361 2242/2278/361 2239/2275/361
f 2242/2278/361 2241/2277/361 2243/2279/361
f 2243/2279/361 2244/2280/361 2242/2278/361
f 2244/2280/361 2243/2279/361 2245/2281/361
f 2245/2281/361 2246/2282/361 2244/2280/361
f 2246/2282/361 2245/2281/361 2247/2283/361
f 2247/2283/361 2248/2284/361 2246/2282/361
f 2248/2284/361 2247/2283/361 2249/2285/361
f 2249/2285/361 2250/2286/361 2248/2284/361
f 2235/2271/1269 2251/2287/1269 2252/2288/1269
f 2252/2288/1269 2236/2272/1269 2235/2271/1269
f 2236/2272/97 2252/2288/97 2253/2289/97
f 2253/2289/97 2237/2273/97 2236/2272/97
f 2237/2273/101 2253/2289/101 2254/2290/101
f 2254/2290/101 2238/2274/101 2237/2273/101
f 2238/2274/100 2254/2290/100 2255/2291/100
f 2255/2291/100 2233/2269/100 2238/2274/100
f 2233/2269/1270 2255/2291/1270 2256/2292/1270
f 2256/2292/1270 2234/2270/1270 2233/2269/1270
f 2257/2293/101 2258/2294/101 2259/2295/101
f 2259/2295/101 2260/2296/101 2257/2293/101
f 2261/2297/101 2262/2298/101 2263/2299/101
f 2263/2299/101 2264/2300/101 2261/2297/101
f 2239/2275/361 2265/2301/361 2266/2302/361
f 2266/2302/361 2240/2276/361 2239/2275/361
f 2256/2292/1271 2257/2293/1271 2260/2296/1271
f 2260/2296/1271 2234/2270/1271 2256/2292/1271
f 2234/2270/104 2260/2296/104 2259/2295/104
f 2259/2295/104 2221/2257/104 2234/2270/104
f 2232/2268/104 2262/2298/104 2261/2297/104
f 2261/2297/104 2235/2271/104 2232/2268/104
f 2235/2271/144 2261/2297/144 2264/2300/144
f 2264/2300/144 2251/2287/144 2235/2271/144
f 2249/2285/361 2267/2303/361 2268/2304/361
f 2268/2304/361 2250/2286/361 2249/2285/361
f 2263/2299/101 2262/2298/101 2269/2305/101
f 2269/2305/101 2270/2306/101 2263/2299/101
f 2271/2307/1272 2272/2308/1272 2273/2309/1272
f 2273/2309/1272 2274/2310/1272 2271/2307/1272
f 2272/2308/1267 2275/2311/1267 2276/2312/1267
f 2276/2312/1267 2273/2309/1267 2272/2308/1267
f 2275/2311/102 2277/2313/102 2278/2314/102
f 2278/2314/102 2276/2312/102 2275/2311/102
f 2277/2313/1266 2279/2315/1266 2280/2316/1266
f 2280/2316/1266 2278/2314/1266 2277/2313/1266
f 2279/2315/1273 2281/2317/1273 2282/2318/1273
f 2282/2318/1273 2280/2316/1273 2279/2315/1273
f 2272/2308/104 2271/2307/104 2283/2319/104
f 2283/2319/104 2284/2320/104 2272/2308/104
f 2281/2317/104 2279/2315/104 2285/2321/104
f 2285/2321/104 2286/2322/104 2281/2317/104
f 2279/2315/104 2277/2313/104 2287/2323/104
f 2287/2323/104 2285/2321/104 2279/2315/104
f 2277/2313/104 2275/2311/104 2288/2324/104
f 2288/2324/104 2287/2323/104 2277/2313/104
f 2275/2311/104 2272/2308/104 2284/2320/104
f 2284/2320/104 2288/2324/104 2275/2311/104
f 2289/2325/361 2290/2326/361 2291/2327/361
f 2291/2327/361 2292/2328/361 2289/2325/361
f 2290/2326/361 2293/2329/361 2294/2330/361
f 2294/2330/361 2291/2327/361 2290/2326/361
f 2293/2329/361 2295/2331/361 2296/2332/361
f 2296/2332/361 2294/2330/361 2293/2329/361
f 2295/2331/361 2297/2333/361 2298/2334/361
f 2298/2334/361 2296/2332/361 2295/2331/361
f 2297/2333/361 2299/2335/361 2300/2336/361
f 2300/2336/361 2298/2334/361 2297/2333/361
f 2286/2322/1274 2285/2321/1274 2301/2337/1274
f 2301/2337/1274 2302/2338/1274 2286/2322/1274
f 2285/2321/100 2287/2323/100 2303/2339/100
f 2303/2339/100 2301/2337/100 2285/2321/100
f 2287/2323/101 2288/2324/101 2304/2340/101
f 2304/2340/101 2303/2339/101 2287/2323/101
f 2288/2324/97 2284/2320/97 2305/2341/97
f 2305/2341/97 2304/2340/97 2288/2324/97
f 2284/2320/1275 2283/2319/1275 2306/2342/1275
f 2306/2342/1275 2305/2341/1275 2284/2320/1275
f 2307/2343/101 2308/2344/101 2309/2345/101
f 2309/2345/101 2310/2346/101 2307/2343/101
f 2311/2347/101 2312/2348/101 2270/2306/101
f 2270/2306/101 2269/2305/101 2311/2347/101
f 2289/2325/361 2292/2328/361 2313/2349/361
f 2313/2349/361 2314/2350/361 2289/2325/361
f 2306/2342/144 2283/2319/144 2308/2344/144
f 2308/2344/144 2307/2343/144 2306/2342/144
f 2283/2319/104 2271/2307/104 2309/2345/104
f 2309/2345/104 2308/2344/104 2283/2319/104
f 2281/2317/104 2286/2322/104 2311/2347/104
f 2311/2347/104 2269/2305/104 2281/2317/104
f 2286/2322/1271 2302/2338/1271 2312/2348/1271
f 2312/2348/1271 2311/2347/1271 2286/2322/1271
f 2300/2336/361 2299/2335/361 2315/2351/361
f 2315/2351/361 2316/2352/361 2300/2336/361
f 2231/2267/102 2282/2318/102 2281/2317/102
f 2281/2317/102 2232/2268/102 2231/2267/102
f 2232/2268/104 2281/2317/104 2269/2305/104
f 2269/2305/104 2262/2298/104 2232/2268/104
f 2317/2353/361 2318/2354/361 2319/2355/361
f 2319/2355/361 2320/2356/361 2317/2353/361
f 2222/2258/1345 2239/2275/1345 2242/2278/1345
f 2242/2278/1345 2223/2259/1345 2222/2258/1345
f 2223/2259/1346 2242/2278/1347 2244/2280/1348
f 2244/2280/1348 2225/2261/1348 2223/2259/1346
f 2225/2261/1349 2244/2280/1349 2246/2282/1350
f 2246/2282/1350 2227/2263/1350 2225/2261/1349
f 2227/2263/1351 2246/2282/1351 2248/2284/1352
f 2248/2284/1352 2229/2265/1352 2227/2263/1351
f 2229/2265/1353 2248/2284/1353 2250/2286/1354
f 2250/2286/1354 2231/2267/1354 2229/2265/1353
f 2231/2267/1355 2250/2286/1355 2268/2304/1356
f 2268/2304/1356 2263/2299/1356 2231/2267/1355
f 2263/2299/1357 2268/2304/1357 2267/2303/1358
f 2267/2303/1358 2264/2300/1358 2263/2299/1357
f 2264/2300/1359 2267/2303/1359 2249/2285/1360
f 2249/2285/1360 2251/2287/1360 2264/2300/1359
f 2251/2287/1361 2249/2285/1361 2247/2283/1362
f 2247/2283/1362 2252/2288/1362 2251/2287/1361
f 2252/2288/1363 2247/2283/1363 2245/2281/1363
f 2245/2281/1363 2253/2289/1363 2252/2288/1363
f 2253/2289/1357 2245/2281/1357 2243/2279/1358
f 2243/2279/1358 2254/2290/1358 2253/2289/1357
f 2254/2290/1364 2243/2279/1364 2241/2277/1365
f 2241/2277/1365 2255/2291/1365 2254/2290/1364
f 2255/2291/1366 2241/2277/1366 2240/2276/1366
f 2240/2276/1366 2256/2292/1366 2255/2291/1366
f 2256/2292/1355 2240/2276/1355 2266/2302/1356
f 2266/2302/1356 2257/2293/1356 2256/2292/1355
f 2257/2293/1357 2266/2302/1357 2265/2301/1358
f 2265/2301/1358 2258/2294/1358 2257/2293/1357
f 2258/2294/1359 2265/2301/1359 2239/2275/1360
f 2239/2275/1360 2222/2258/1360 2258/2294/1359
f 2273/2309/1367 2290/2326/1367 2289/2325/1368
f 2289/2325/1368 2274/2310/1368 2273/2309/1367
f 2274/2310/1356 2289/2325/1356 2314/2350/1356
f 2314/2350/1356 2310/2346/1356 2274/2310/1356
f 2310/2346/1357 2314/2350/1357 2313/2349/1358
f 2313/2349/1358 2307/2343/1358 2310/2346/1357
f 2307/2343/1360 2313/2349/1360 2292/2328/1359
f 2292/2328/1359 2306/2342/1359 2307/2343/1360
f 2306/2342/1369 2292/2328/1370 2291/2327/1371
f 2291/2327/1371 2305/2341/1371 2306/2342/1369
f 2305/2341/1363 2291/2327/1363 2294/2330/1363
f 2294/2330/1363 2304/2340/1363 2305/2341/1363
f 2304/2340/1357 2294/2330/1357 2296/2332/1358
f 2296/2332/1358 2303/2339/1358 2304/2340/1357
f 2303/2339/1372 2296/2332/1372 2298/2334/1372
f 2298/2334/1372 2301/2337/1372 2303/2339/1372
f 2301/2337/1373 2298/2334/1373 2300/2336/1374
f 2300/2336/1374 2302/2338/1374 2301/2337/1373
f 2302/2338/1375 2300/2336/1356 2316/2352/1355
f 2316/2352/1355 2312/2348/1355 2302/2338/1375
f 2312/2348/1358 2316/2352/1358 2315/2351/1358
f 2315/2351/1358 2270/2306/1358 2312/2348/1358
f 2270/2306/1360 2315/2351/1360 2299/2335/1359
f 2299/2335/1359 2282/2318/1359 2270/2306/1360
f 2282/2318/1376 2299/2335/1376 2297/2333/1376
f 2297/2333/1376 2280/2316/1376 2282/2318/1376
f 2280/2316/1347 2297/2333/1347 2295/2331/1348
f 2295/2331/1348 2278/2314/1348 2280/2316/1347
f 2278/2314/1349 2295/2331/1349 2293/2329/1350
f 2293/2329/1350 2276/2312/1350 2278/2314/1349
f 2276/2312/1377 2293/2329/1352 2290/2326/1351
f 2290/2326/1351 2273/2309/1351 2276/2312/1377
f 2263/2299/1359 2320/2356/1378 2319/2355/1359
f 2319/2355/1359 2231/2267/1359 2263/2299/1359
f 2231/2267/1349 2319/2355/1349 2318/2354/1349
f 2318/2354/1349 2282/2318/1349 2231/2267/1349
f 2282/2318/1355 2318/2354/1375 2317/2353/1355
f 2317/2353/1355 2270/2306/1355 2282/2318/1355
f 2270/2306/1379 2317/2353/1379 2320/2356/1379
f 2320/2356/1379 2263/2299/1379 2270/2306/1379
f 2258/2294/144 2222/2258/144 2221/2257/144
f 2221/2257/144 2259/2295/144 2258/2294/144
f 2321/2357/361 2322/2358/361 2323/2359/361
f 2323/2359/361 2324/2360/361 2321/2357/361
f 2325/2361/102 2326/2362/102 2327/2363/102
f 2327/2363/102 2328/2364/102 2325/2361/102
f 2329/2365/104 2325/2361/104 2328/2364/104
f 2328/2364/104 2330/2366/104 2329/2365/104
f 2331/2367/1380 2329/2365/1380 2330/2366/1380
f 2330/2366/1314 2332/2368/1314 2331/2367/1314
f 2333/2369/1381 2334/2370/1381 2322/2358/1381
f 2322/2358/1382 2321/2357/1382 2333/2369/1382
f 2335/2371/102 2336/2372/102 2326/2362/102
f 2326/2362/102 2325/2361/102 2335/2371/102
f 2337/2373/1383 2335/2371/1383 2325/2361/1383
f 2325/2361/1383 2329/2365/1383 2337/2373/1383
f 2338/2374/1384 2337/2373/1384 2329/2365/1384
f 2329/2365/1385 2331/2367/1385 2338/2374/1385
f 2191/2227/1321 2334/2370/1321 2333/2369/1321
f 2333/2369/1321 2192/2228/1321 2191/2227/1321
f 2193/2229/102 2336/2372/102 2335/2371/102
f 2335/2371/102 2194/2230/102 2193/2229/102
f 2194/2230/1271 2335/2371/1271 2337/2373/1271
f 2337/2373/1271 2195/2231/1271 2194/2230/1271
f 2337/2373/101 2338/2374/101 2196/2232/101
f 2196/2232/101 2195/2231/101 2337/2373/101
f 2339/2375/1271 2340/2376/1271 2341/2377/1271
f 2341/2377/1271 2342/2378/1271 2339/2375/1271
f 2323/2359/361 2343/2379/361 2344/2380/361
f 2344/2380/361 2324/2360/361 2323/2359/361
f 2327/2363/102 2340/2376/102 2339/2375/102
f 2339/2375/102 2328/2364/102 2327/2363/102
f 2328/2364/104 2339/2375/104 2342/2378/104
f 2342/2378/104 2330/2366/104 2328/2364/104
f 2330/2366/1322 2342/2378/1322 2341/2377/1322
f 2341/2377/1322 2332/2368/1322 2330/2366/1322
f 2332/2368/1386 2323/2359/1386 2322/2358/1387
f 2322/2358/1387 2331/2367/1387 2332/2368/1386
f 2331/2367/1388 2322/2358/1388 2334/2370/1388
f 2334/2370/1389 2338/2374/1389 2331/2367/1389
f 2196/2232/1328 2338/2374/1328 2334/2370/1328
f 2334/2370/1328 2191/2227/1328 2196/2232/1328
f 2336/2372/1390 2333/2369/1390 2321/2357/1390
f 2321/2357/1391 2326/2362/1391 2336/2372/1391
f 2326/2362/1392 2321/2357/1392 2324/2360/1393
f 2324/2360/1393 2327/2363/1393 2326/2362/1392
f 2327/2363/1393 2324/2360/1393 2344/2380/1392
f 2344/2380/1392 2340/2376/1392 2327/2363/1393
f 2340/2376/1394 2344/2380/1394 2343/2379/1394
f 2343/2379/1394 2341/2377/1394 2340/2376/1394
f 2341/2377/1395 2343/2379/1396 2323/2359/1397
f 2323/2359/1397 2332/2368/1398 2341/2377/1395
f 2309/2345/1271 2271/2307/1271 2274/2310/1271
f 2274/2310/1271 2310/2346/1271 2309/2345/1271
f 2345/2381/361 2346/2382/361 2347/2383/361
f 2347/2383/361 2348/2384/361 2345/2381/361
f 2349/2385/101 2350/2386/101 2351/2387/101
f 2351/2387/101 2352/2388/101 2349/2385/101
f 2353/2389/104 2354/2390/104 2355/2391/104
f 2355/2391/104 2356/2392/104 2353/2389/104
f 2346/2382/102 2353/2389/102 2356/2392/102
f 2356/2392/102 2347/2383/102 2346/2382/102
f 2215/2393/1271 2346/2382/1271 2345/2381/1271
f 2345/2381/1271 2216/2394/1271 2215/2393/1271
f 2217/2253/101 2350/2386/101 2349/2385/101
f 2349/2385/101 2218/2254/101 2217/2253/101
f 2219/2395/144 2354/2390/144 2353/2389/144
f 2353/2389/144 2220/2396/144 2219/2395/144
f 2353/2389/102 2346/2382/102 2215/2393/102
f 2215/2393/102 2220/2396/102 2353/2389/102
f 2355/2391/144 2348/2384/144 2347/2383/144
f 2347/2383/144 2356/2392/144 2355/2391/144
f 2348/2384/1341 2351/2387/1341 2350/2386/1341
f 2350/2386/1341 2345/2381/1341 2348/2384/1341
f 2216/2394/1340 2345/2381/1340 2350/2386/1340
f 2350/2386/1340 2217/2253/1340 2216/2394/1340
f 2354/2390/1339 2349/2385/1339 2352/2388/1339
f 2352/2388/1339 2355/2391/1339 2354/2390/1339
f 2355/2391/1342 2352/2388/1342 2351/2387/1342
f 2351/2387/1342 2348/2384/1342 2355/2391/1342
f 2336/2372/1343 2193/2229/1343 2192/2228/1343
f 2192/2228/1343 2333/2369/1343 2336/2372/1343
f 2354/2390/1344 2219/2395/1344 2218/2254/1344
f 2218/2254/1344 2349/2385/1344 2354/2390/1344
f 2357/2397/361 2358/2398/361 2359/2399/361
f 2357/2397/361 2359/2399/361 2360/2400/361
f 2361/2401/361 2357/2397/361 2360/2400/361
f 2362/2402/1399 2363/2403/1400 2364/2404/1401
f 2364/2404/1401 2365/2405/1402 2362/2402/1399
f 2361/2401/101 2360/2406/101 2366/2407/101
f 2366/2407/101 2367/2408/101 2361/2401/101
f 2360/2400/1403 2359/2399/144 2368/2409/144
f 2360/2400/1403 2368/2409/144 2369/2410/1403
f 2360/2400/1403 2369/2410/1403 2366/2411/144
f 2359/2399/102 2358/2398/102 2370/2412/102
f 2370/2412/102 2368/2409/102 2359/2399/102
f 2358/2398/1271 2357/2397/1271 2371/2413/1404
f 2371/2413/1404 2370/2412/1271 2358/2398/1271
f 2367/2408/1405 2371/2413/1406 2357/2397/1407
f 2357/2397/1407 2361/2401/1408 2367/2408/1405
f 2367/2414/1409 2366/2415/1409 2369/2416/1409
f 2369/2416/1409 2371/2413/1409 2367/2414/1409
f 2368/2409/1410 2370/2412/1410 2372/2417/1410
f 2372/2417/1410 2373/2418/1410 2368/2409/1410
f 2370/2412/1271 2371/2413/1404 2374/2419/1411
f 2374/2419/1411 2372/2417/1271 2370/2412/1271
f 2371/2413/1412 2369/2416/1412 2375/2420/1412
f 2375/2420/1412 2374/2419/1412 2371/2413/1412
f 2369/2416/1403 2368/2409/144 2373/2418/1413
f 2373/2418/1413 2375/2420/1403 2369/2416/1403
f 2373/2418/1414 2372/2417/1414 2364/2404/1414
f 2364/2404/1414 2363/2403/1414 2373/2418/1414
f 2372/2417/1415 2374/2419/1415 2365/2405/1415
f 2365/2405/1416 2364/2404/1416 2372/2417/1416
f 2374/2419/1417 2375/2420/1417 2362/2402/1417
f 2362/2402/1417 2365/2405/1417 2374/2419/1417
f 2375/2420/1418 2373/2418/1418 2363/2403/1418
f 2363/2403/1419 2362/2402/1419 2375/2420/1419
f 2376/2421/361 2377/2422/361 2378/2423/361
f 2376/2421/361 2378/2423/361 2379/2424/361
f 2380/2425/361 2376/2421/361 2379/2424/361
f 2381/2426/1420 2382/2427/1400 2383/2428/1401
f 2383/2428/1401 2384/2429/1402 2381/2426/1420
f 2380/2425/101 2379/2430/101 2385/2431/101
f 2385/2431/101 2386/2432/101 2380/2425/101
f 2379/2424/144 2378/2423/144 2387/2433/144
f 2379/2424/144 2387/2433/144 2388/2434/1403
f 2379/2424/144 2388/2434/1403 2385/2435/144
f 2378/2423/102 2377/2422/102 2389/2436/102
f 2389/2436/102 2387/2433/102 2378/2423/102
f 2377/2422/1271 2376/2421/1271 2390/2437/1421
f 2390/2437/1421 2389/2436/1271 2377/2422/1271
f 2386/2432/1405 2390/2437/1406 2376/2421/1407
f 2376/2421/1407 2380/2425/1408 2386/2432/1405
f 2386/2432/1409 2385/2435/1409 2388/2434/1409
f 2388/2434/1409 2390/2437/1409 2386/2432/1409
f 2387/2433/1410 2389/2436/1410 2391/2438/1410
f 2391/2438/1410 2392/2439/1410 2387/2433/1410
f 2389/2436/1271 2390/2437/1421 2393/2440/1404
f 2393/2440/1404 2391/2438/1271 2389/2436/1271
f 2390/2437/1412 2388/2434/1412 2394/2441/1412
f 2394/2441/1412 2393/2440/1412 2390/2437/1412
f 2388/2434/1403 2387/2433/144 2392/2439/1413
f 2392/2439/1413 2394/2441/1403 2388/2434/1403
f 2392/2439/1414 2391/2438/1414 2383/2428/1414
f 2383/2428/1414 2382/2427/1414 2392/2439/1414
f 2391/2438/1422 2393/2440/1422 2384/2429/1422
f 2384/2429/1423 2383/2428/1423 2391/2438/1423
f 2393/2440/1417 2394/2441/1424 2381/2426/1424
f 2381/2426/1424 2384/2429/1417 2393/2440/1417
f 2394/2441/1425 2392/2439/1425 2382/2427/1425
f 2382/2427/1426 2381/2426/1426 2394/2441/1426
f 2395/2442/104 2396/2443/104 2397/2444/104
f 2398/2445/104 2395/2442/104 2397/2444/104
f 2399/2446/104 2398/2445/104 2397/2444/104
f 2400/2447/1427 2401/2448/1428 2402/2449/1429
f 2402/2449/1429 2403/2450/1430 2400/2447/1427
f 2399/2451/101 2404/2452/101 2405/2453/101
f 2405/2453/101 2398/2454/101 2399/2451/101
f 2398/2455/144 2405/2456/144 2406/2457/1413
f 2398/2455/144 2406/2457/1413 2407/2458/1431
f 2398/2455/144 2407/2458/1431 2395/2442/144
f 2395/2459/102 2407/2458/102 2408/2460/102
f 2408/2460/102 2396/2461/102 2395/2459/102
f 2396/2443/1271 2408/2462/1271 2409/2463/1271
f 2409/2463/1271 2397/2444/1271 2396/2443/1271
f 2404/2452/1432 2399/2451/1408 2397/2444/1433
f 2397/2444/1433 2409/2463/1434 2404/2452/1432
f 2404/2464/1435 2409/2463/1435 2406/2465/1436
f 2406/2465/1436 2405/2466/1436 2404/2464/1435
f 2407/2458/1437 2410/2467/1437 2411/2468/1437
f 2411/2468/1437 2408/2462/1437 2407/2458/1437
f 2408/2462/1271 2411/2468/1271 2412/2469/1271
f 2412/2469/1271 2409/2463/1271 2408/2462/1271
f 2409/2463/1438 2412/2469/1438 2413/2470/1439
f 2413/2470/1439 2406/2465/1439 2409/2463/1438
f 2406/2465/1413 2413/2470/1440 2410/2467/1441
f 2410/2467/1441 2407/2458/1431 2406/2465/1413
f 2410/2467/1442 2403/2450/1442 2402/2449/1443
f 2402/2449/1443 2411/2468/1443 2410/2467/1442
f 2411/2468/1444 2402/2449/1444 2401/2448/1444
f 2401/2448/1445 2412/2469/1445 2411/2468/1445
f 2412/2469/1446 2401/2448/1446 2400/2447/1447
f 2400/2447/1447 2413/2470/1447 2412/2469/1446
f 2413/2470/1448 2400/2447/1448 2403/2450/1448
f 2403/2450/1449 2410/2467/1449 2413/2470/1449
f 2414/2471/104 2415/2472/104 2416/2473/104
f 2417/2474/104 2414/2471/104 2416/2473/104
f 2418/2475/104 2417/2474/104 2416/2473/104
f 2419/2476/1427 2420/2477/1428 2421/2478/1429
f 2421/2478/1429 2422/2479/1430 2419/2476/1427
f 2418/2475/101 2423/2480/101 2424/2481/101
f 2424/2481/101 2417/2482/101 2418/2475/101
f 2417/2474/144 2424/2483/144 2425/2484/144
f 2417/2474/144 2425/2484/144 2426/2485/144
f 2417/2474/144 2426/2485/144 2414/2471/144
f 2414/2471/102 2426/2485/102 2427/2486/102
f 2427/2486/102 2415/2472/102 2414/2471/102
f 2415/2472/1271 2427/2486/1450 2428/2487/1404
f 2428/2487/1404 2416/2473/1271 2415/2472/1271
f 2423/2480/1432 2418/2475/1408 2416/2473/1451
f 2416/2473/1451 2428/2487/1452 2423/2480/1432
f 2423/2480/1453 2428/2487/1453 2425/2484/1435
f 2425/2484/1435 2424/2483/1436 2423/2480/1453
f 2426/2485/1437 2429/2488/1437 2430/2489/1437
f 2430/2489/1437 2427/2486/1437 2426/2485/1437
f 2427/2486/1450 2430/2489/1454 2431/2490/1411
f 2431/2490/1411 2428/2487/1404 2427/2486/1450
f 2428/2487/1438 2431/2490/1438 2432/2491/1439
f 2432/2491/1439 2425/2484/1439 2428/2487/1438
f 2425/2484/144 2432/2491/144 2429/2488/144
f 2429/2488/144 2426/2485/144 2425/2484/144
f 2429/2488/1455 2422/2479/1455 2421/2478/1456
f 2421/2478/1456 2430/2489/1456 2429/2488/1455
f 2430/2489/1457 2421/2478/1457 2420/2477/1457
f 2420/2477/1458 2431/2490/1458 2430/2489/1458
f 2431/2490/1446 2420/2477/1446 2419/2476/1447
f 2419/2476/1447 2432/2491/1447 2431/2490/1446
f 2432/2491/1459 2419/2476/1459 2422/2479/1459
f 2422/2479/1460 2429/2488/1460 2432/2491/1460
f 2433/2492/361 2434/2493/361 2435/2494/361
f 2435/2494/361 2436/2495/361 2433/2492/361
f 2437/2496/104 2438/2497/104 2439/2498/104
f 2439/2498/104 2440/2499/104 2437/2496/104
f 2433/2500/101 2436/2501/101 2441/2502/101
f 2441/2502/101 2442/2503/101 2433/2500/101
f 2436/2501/144 2435/2494/144 2443/2504/144
f 2443/2504/144 2441/2502/144 2436/2501/144
f 2435/2494/102 2434/2493/102 2444/2505/102
f 2444/2505/102 2443/2504/102 2435/2494/102
f 2434/2493/1271 2433/2500/1271 2442/2503/1271
f 2442/2503/1271 2444/2505/1271 2434/2493/1271
f 2442/2506/1461 2441/2507/1462 2438/2497/1462
f 2438/2497/1462 2437/2496/1461 2442/2506/1461
f 2441/2507/1463 2443/2508/1464 2439/2498/1464
f 2439/2498/1464 2438/2497/1465 2441/2507/1463
f 2443/2508/1466 2444/2509/1467 2440/2499/1468
f 2440/2499/1468 2439/2498/1466 2443/2508/1466
f 2444/2509/1469 2442/2506/1469 2437/2496/1469
f 2437/2496/1469 2440/2499/1469 2444/2509/1469
f 2445/2510/361 2446/2511/361 2447/2512/361
f 2447/2512/361 2448/2513/361 2445/2510/361
f 2449/2514/104 2450/2515/104 2451/2516/104
f 2451/2516/104 2452/2517/104 2449/2514/104
f 2445/2518/101 2448/2519/101 2453/2520/101
f 2453/2520/101 2454/2521/101 2445/2518/101
f 2448/2519/144 2447/2522/144 2455/2523/144
f 2455/2523/144 2453/2520/144 2448/2519/144
f 2447/2522/102 2446/2524/102 2456/2525/102
f 2456/2525/102 2455/2523/102 2447/2522/102
f 2446/2524/1271 2445/2518/1271 2454/2521/1271
f 2454/2521/1271 2456/2525/1271 2446/2524/1271
f 2454/2526/1462 2453/2527/1462 2450/2515/1462
f 2450/2515/1462 2449/2514/1462 2454/2526/1462
f 2453/2527/1470 2455/2523/1471 2451/2516/1471
f 2451/2516/1471 2450/2515/1470 2453/2527/1470
f 2455/2523/1467 2456/2528/1467 2452/2517/1467
f 2452/2517/1467 2451/2516/1467 2455/2523/1467
f 2456/2528/1469 2454/2526/1472 2449/2514/1473
f 2449/2514/1473 2452/2517/1469 2456/2528/1469
f 2457/2529/104 2458/2530/104 2459/2531/104
f 2459/2531/104 2460/2532/104 2457/2529/104
f 2461/2533/361 2462/2534/361 2463/2535/361
f 2463/2535/361 2464/2536/361 2461/2533/361
f 2457/2537/101 2465/2538/101 2466/2539/101
f 2466/2539/101 2458/2540/101 2457/2537/101
f 2458/2540/144 2466/2539/144 2467/2541/144
f 2467/2541/144 2459/2542/144 2458/2540/144
f 2459/2542/102 2467/2541/102 2468/2543/102
f 2468/2543/102 2460/2544/102 2459/2542/102
f 2460/2544/1271 2468/2543/1271 2465/2538/1271
f 2465/2538/1271 2457/2537/1271 2460/2544/1271
f 2465/2545/1474 2461/2533/1474 2464/2536/1475
f 2464/2536/1475 2466/2539/1475 2465/2545/1474
f 2466/2539/1476 2464/2536/1476 2463/2535/1477
f 2463/2535/1477 2467/2541/1477 2466/2539/1476
f 2467/2541/1478 2463/2535/1478 2462/2534/1479
f 2462/2534/1479 2468/2546/1479 2467/2541/1478
f 2468/2546/1480 2462/2534/1481 2461/2533/1482
f 2461/2533/1482 2465/2545/1482 2468/2546/1480
f 2469/2547/104 2470/2548/104 2471/2549/104
f 2471/2549/104 2472/2550/104 2469/2547/104
f 2473/2551/361 2474/2552/361 2475/2553/361
f 2475/2553/361 2476/2554/361 2473/2551/361
f 2469/2547/101 2477/2555/101 2478/2556/101
f 2478/2556/101 2470/2548/101 2469/2547/101
f 2470/2557/144 2478/2556/144 2479/2558/144
f 2479/2558/144 2471/2559/144 2470/2557/144
f 2471/2549/102 2479/2558/102 2480/2560/102
f 2480/2560/102 2472/2550/102 2471/2549/102
f 2472/2550/1271 2480/2561/1271 2477/2562/1271
f 2477/2562/1271 2469/2547/1271 2472/2550/1271
f 2477/2563/1475 2473/2551/1475 2476/2554/1474
f 2476/2554/1474 2478/2556/1474 2477/2563/1475
f 2478/2556/1476 2476/2554/1476 2475/2553/1483
f 2475/2553/1483 2479/2558/1483 2478/2556/1476
f 2479/2558/1479 2475/2553/1479 2474/2552/1478
f 2474/2552/1478 2480/2564/1478 2479/2558/1479
f 2480/2564/1484 2474/2552/1484 2473/2551/1482
f 2473/2551/1482 2477/2563/1482 2480/2564/1484
f 2481/2565/1271 2482/2566/1271 2483/2567/1271
f 2483/2567/1271 2484/2568/1271 2481/2565/1271
f 2485/2569/144 2486/2570/144 2487/2571/144
f 2487/2571/144 2488/2572/144 2485/2569/144
f 2483/2573/101 2489/2574/101 2490/2575/101
f 2490/2575/101 2484/2568/101 2483/2573/101
f 2481/2576/104 2484/2577/104 2490/2578/104
f 2490/2578/104 2491/2579/104 2481/2576/104
f 2489/2580/144 2492/2581/144 2493/2582/1403
f 2493/2582/1403 2490/2583/1403 2489/2580/144
f 2491/2584/144 2490/2583/1403 2493/2582/1403
f 2493/2582/1403 2494/2585/144 2491/2584/144
f 2492/2581/1485 2485/2569/1485 2488/2572/1485
f 2488/2572/1485 2493/2582/1485 2492/2581/1485
f 2494/2585/1486 2493/2582/1487 2488/2572/1487
f 2488/2572/1487 2487/2571/1486 2494/2585/1486
f 2495/2586/1271 2496/2587/1271 2497/2588/1271
f 2497/2588/1271 2498/2589/1271 2495/2586/1271
f 2499/2590/144 2500/2591/144 2501/2592/144
f 2501/2592/144 2502/2593/144 2499/2590/144
f 2503/2594/101 2499/2595/101 2502/2596/101
f 2502/2596/101 2504/2597/101 2503/2594/101
f 2505/2598/104 2504/2599/104 2502/2596/104
f 2502/2596/104 2501/2600/104 2505/2598/104
f 2504/2597/1488 2505/2601/1488 2495/2586/1488
f 2495/2586/1488 2498/2589/1489 2504/2597/1488
f 2506/2602/1490 2496/2587/1490 2495/2586/1490
f 2495/2586/1490 2505/2601/1490 2506/2602/1490
f 2481/2603/102 2491/2604/102 2507/2605/102
f 2507/2605/102 2482/2606/102 2481/2603/102
f 2507/2607/144 2491/2584/144 2494/2585/144
f 2494/2585/144 2508/2608/144 2507/2607/144
f 2494/2585/1491 2487/2571/1491 2486/2570/1492
f 2486/2570/1492 2508/2608/1492 2494/2585/1491
f 2505/2601/102 2501/2592/102 2500/2591/102
f 2500/2591/102 2506/2602/102 2505/2601/102
f 2503/2594/1493 2504/2597/1493 2498/2589/1493
f 2498/2589/1493 2497/2588/1493 2503/2594/1493
f 2509/2609/1271 2510/2610/1271 2483/2567/1271
f 2483/2567/1271 2482/2566/1271 2509/2609/1271
f 2485/2569/144 2511/2611/144 2512/2612/144
f 2512/2612/144 2486/2613/144 2485/2569/144
f 2483/2573/101 2510/2614/101 2513/2615/101
f 2513/2615/101 2489/2574/101 2483/2573/101
f 2509/2616/361 2514/2617/361 2513/2615/361
f 2513/2615/361 2510/2614/361 2509/2616/361
f 2489/2580/144 2513/2618/144 2515/2619/144
f 2515/2619/144 2492/2581/144 2489/2580/144
f 2514/2620/144 2516/2621/144 2515/2619/144
f 2515/2619/144 2513/2618/144 2514/2620/144
f 2492/2581/1485 2515/2619/1494 2511/2611/1494
f 2511/2611/1494 2485/2569/1485 2492/2581/1485
f 2516/2621/1495 2512/2612/1496 2511/2611/1497
f 2511/2611/1497 2515/2619/1497 2516/2621/1495
f 2517/2622/1271 2518/2623/1271 2497/2624/1271
f 2497/2624/1271 2496/2625/1271 2517/2622/1271
f 2499/2590/144 2519/2626/144 2520/2627/144
f 2520/2627/144 2500/2591/144 2499/2590/144
f 2503/2594/101 2521/2628/101 2519/2626/101
f 2519/2626/101 2499/2590/101 2503/2594/101
f 2522/2629/361 2520/2630/361 2519/2631/361
f 2519/2631/361 2521/2632/361 2522/2629/361
f 2521/2628/1498 2518/2623/1498 2517/2622/1499
f 2517/2622/1499 2522/2633/1499 2521/2628/1498
f 2506/2634/1490 2522/2633/1490 2517/2622/1490
f 2517/2622/1490 2496/2625/1490 2506/2634/1490
f 2509/2616/102 2482/2606/102 2507/2635/102
f 2507/2635/102 2514/2617/102 2509/2616/102
f 2507/2636/144 2508/2637/144 2516/2621/144
f 2516/2621/144 2514/2620/144 2507/2636/144
f 2516/2621/1492 2508/2637/1492 2486/2613/1492
f 2486/2613/1492 2512/2612/1492 2516/2621/1492
f 2522/2633/102 2506/2602/102 2500/2638/102
f 2500/2638/102 2520/2630/102 2522/2633/102
f 2503/2639/1493 2497/2624/1493 2518/2623/1493
f 2518/2623/1493 2521/2628/1493 2503/2639/1493
f 2523/2640/1500 2524/2641/1501 2525/2642/1501
f 2523/2640/1500 2525/2642/1501 2526/2643/1501
f 2523/2640/1500 2526/2643/1501 2527/2644/1501
f 2528/2645/1502 2523/2640/1500 2527/2644/1501
f 2529/2646/1503 2530/2647/1504 2531/2648/1504
f 2531/2648/1504 2532/2649/1503 2529/2646/1503
f 2528/2645/101 2527/2644/101 2533/2650/101
f 2533/2650/101 2534/2651/101 2528/2645/101
f 2527/2644/1505 2526/2643/1506 2535/2652/1506
f 2527/2644/1505 2535/2652/1506 2529/2646/1506
f 2527/2644/1505 2529/2646/1506 2532/2649/1505
f 2527/2644/1505 2532/2649/1505 2533/2650/1506
f 2526/2643/102 2525/2642/102 2536/2653/102
f 2536/2653/102 2535/2652/102 2526/2643/102
f 2524/2641/1507 2523/2640/1507 2537/2654/1507
f 2524/2641/1507 2537/2654/1507 2531/2648/1507
f 2524/2641/1507 2531/2648/1507 2530/2647/1508
f 2524/2641/1507 2530/2647/1508 2538/2655/1507
f 2534/2651/1509 2537/2654/1509 2523/2640/1509
f 2523/2640/1509 2528/2645/1509 2534/2651/1509
f 2525/2642/1510 2524/2641/1510 2538/2655/1510
f 2538/2655/1510 2536/2653/1510 2525/2642/1510
f 2539/2656/1504 2540/2657/1504 2541/2658/1504
f 2542/2659/1504 2539/2656/1504 2541/2658/1504
f 2543/2660/1504 2542/2659/1504 2541/2658/1504
f 2544/2661/1504 2545/2662/1503 2546/2663/1503
f 2547/2664/1504 2544/2661/1504 2546/2663/1503
f 2548/2665/1503 2547/2664/1504 2546/2663/1503
f 2535/2652/1511 2536/2653/1511 2539/2656/1511
f 2539/2656/1511 2542/2659/1511 2535/2652/1511
f 2536/2653/1512 2538/2655/1513 2540/2657/1514
f 2540/2657/1514 2539/2656/1515 2536/2653/1512
f 2538/2655/1516 2530/2647/1517 2541/2658/1517
f 2541/2658/1517 2540/2657/1516 2538/2655/1516
f 2530/2647/1518 2529/2646/1519 2543/2660/1520
f 2543/2660/1520 2541/2658/1521 2530/2647/1518
f 2529/2646/1522 2535/2652/1522 2542/2659/1522
f 2542/2659/1522 2543/2660/1522 2529/2646/1522
f 2534/2651/1523 2533/2650/1523 2545/2662/1523
f 2545/2662/1523 2544/2661/1523 2534/2651/1523
f 2533/2650/1524 2532/2649/1525 2546/2663/1526
f 2546/2663/1526 2545/2662/1527 2533/2650/1524
f 2532/2649/1528 2531/2648/1529 2548/2665/1530
f 2548/2665/1530 2546/2663/1531 2532/2649/1528
f 2531/2648/1532 2537/2654/1517 2547/2664/1517
f 2547/2664/1517 2548/2665/1532 2531/2648/1532
f 2537/2654/1533 2534/2651/1534 2544/2661/1534
f 2544/2661/1534 2547/2664/1533 2537/2654/1533
f 2549/2666/1535 2550/2667/1536 2551/2668/1535
f 2552/2669/1537 2549/2666/1535 2551/2668/1535
f 2553/2670/1537 2552/2669/1537 2551/2668/1535
f 2554/2671/1537 2553/2670/1537 2551/2668/1535
f 2555/2672/1538 2556/2673/1538 2557/2674/1538
f 2557/2674/1538 2558/2675/1538 2555/2672/1538
f 2554/2671/101 2559/2676/101 2560/2677/101
f 2560/2677/101 2553/2670/101 2554/2671/101
f 2553/2670/1539 2560/2677/1540 2556/2673/1539
f 2553/2670/1539 2556/2673/1539 2555/2672/1540
f 2553/2670/1539 2555/2672/1540 2561/2678/1540
f 2553/2670/1539 2561/2678/1540 2552/2669/1540
f 2552/2669/102 2561/2678/102 2562/2679/102
f 2562/2679/102 2549/2666/102 2552/2669/102
f 2550/2667/1541 2563/2680/1541 2558/2675/1542
f 2550/2667/1541 2558/2675/1542 2557/2674/1542
f 2550/2667/1541 2557/2674/1542 2564/2681/1541
f 2550/2667/1541 2564/2681/1541 2551/2668/1541
f 2559/2676/1543 2554/2671/1544 2551/2668/1543
f 2551/2668/1543 2564/2681/1543 2559/2676/1543
f 2549/2666/1545 2562/2679/1545 2563/2680/1545
f 2563/2680/1545 2550/2667/1545 2549/2666/1545
f 2565/2682/1538 2566/2683/1538 2567/2684/1538
f 2565/2682/1538 2567/2684/1538 2568/2685/1538
f 2569/2686/1538 2565/2682/1538 2568/2685/1538
f 2570/2687/1546 2571/2688/1546 2572/2689/1538
f 2570/2687/1546 2572/2689/1538 2573/2690/1538
f 2574/2691/1538 2570/2687/1546 2573/2690/1538
f 2561/2678/1547 2568/2685/1547 2567/2684/1547
f 2567/2684/1547 2562/2679/1547 2561/2678/1547
f 2562/2679/1548 2567/2684/1549 2566/2683/1550
f 2566/2683/1550 2563/2680/1550 2562/2679/1548
f 2563/2680/1551 2566/2683/1551 2565/2682/1552
f 2565/2682/1552 2558/2675/1552 2563/2680/1551
f 2558/2675/1553 2565/2682/1554 2569/2686/1555
f 2569/2686/1555 2555/2672/1556 2558/2675/1553
f 2555/2672/1557 2569/2686/1557 2568/2685/1558
f 2568/2685/1558 2561/2678/1558 2555/2672/1557
f 2559/2676/1559 2572/2689/1559 2571/2688/1559
f 2571/2688/1559 2560/2677/1559 2559/2676/1559
f 2560/2677/1560 2571/2688/1561 2570/2687/1562
f 2570/2687/1562 2556/2673/1562 2560/2677/1560
f 2556/2673/1563 2570/2687/1564 2574/2691/1565
f 2574/2691/1565 2557/2674/1566 2556/2673/1563
f 2557/2674/1567 2574/2691/1568 2573/2690/1552
f 2573/2690/1552 2564/2681/1569 2557/2674/1567
f 2564/2681/1570 2573/2690/1570 2572/2689/1570
f 2572/2689/1570 2559/2676/1570 2564/2681/1570
f 2575/2692/104 2576/2693/104 2577/2694/104
f 2577/2694/104 2578/2695/104 2579/2696/104
f 2575/2692/104 2577/2694/104 2579/2696/104
f 2580/2697/104 2575/2692/104 2579/2696/104
f 2581/2698/104 2582/2699/104 2583/2700/104
f 2583/2700/104 2584/2701/104 2585/2702/104
f 2581/2698/104 2583/2700/104 2585/2702/104
f 2586/2703/104 2581/2698/104 2585/2702/104
f 2576/2693/544 2575/2692/544 2587/2704/544
f 2587/2704/544 2588/2705/544 2576/2693/544
f 2577/2694/102 2576/2693/102 2588/2705/102
f 2588/2705/102 2589/2706/102 2577/2694/102
f 2578/2695/612 2577/2694/612 2589/2706/612
f 2589/2706/612 2590/2707/612 2578/2695/612
f 2579/2696/614 2578/2695/614 2590/2707/614
f 2590/2707/614 2591/2708/614 2579/2696/614
f 2580/2697/101 2579/2696/101 2591/2708/101
f 2591/2708/101 2592/2709/101 2580/2697/101
f 2575/2692/618 2580/2697/618 2592/2709/618
f 2592/2709/618 2587/2704/618 2575/2692/618
f 2582/2699/544 2581/2698/544 2593/2710/544
f 2593/2710/544 2594/2711/544 2582/2699/544
f 2583/2700/102 2582/2699/102 2594/2711/102
f 2594/2711/102 2595/2712/102 2583/2700/102
f 2584/2701/612 2583/2700/612 2595/2712/612
f 2595/2712/612 2596/2713/612 2584/2701/612
f 2585/2702/614 2584/2701/614 2596/2713/614
f 2596/2713/614 2597/2714/614 2585/2702/614
f 2586/2703/101 2585/2702/101 2597/2714/101
f 2597/2714/101 2598/2715/101 2586/2703/101
f 2581/2698/618 2586/2703/618 2598/2715/618
f 2598/2715/618 2593/2710/618 2581/2698/618
f 2599/2716/361 2600/2717/361 2601/2718/361
f 2601/2718/361 2602/2719/361 2603/2720/361
f 2599/2716/361 2601/2718/361 2603/2720/361
f 2604/2721/361 2599/2716/361 2603/2720/361
f 2605/2722/361 2606/2723/361 2607/2724/361
f 2607/2724/361 2608/2725/361 2609/2726/361
f 2605/2722/361 2607/2724/361 2609/2726/361
f 2610/2727/361 2605/2722/361 2609/2726/361
f 2602/2719/544 2588/2728/544 2587/2729/544
f 2587/2729/544 2603/2720/544 2602/2719/544
f 2601/2718/102 2589/2730/102 2588/2728/102
f 2588/2728/102 2602/2719/102 2601/2718/102
f 2600/2717/612 2590/2731/612 2589/2730/612
f 2589/2730/612 2601/2718/612 2600/2717/612
f 2599/2716/614 2591/2732/614 2590/2731/614
f 2590/2731/614 2600/2717/614 2599/2716/614
f 2604/2721/101 2592/2733/101 2591/2732/101
f 2591/2732/101 2599/2716/101 2604/2721/101
f 2603/2720/618 2587/2729/618 2592/2733/618
f 2592/2733/618 2604/2721/618 2603/2720/618
f 2608/2725/544 2594/2734/544 2593/2735/544
f 2593/2735/544 2609/2726/544 2608/2725/544
f 2607/2724/102 2595/2736/102 2594/2737/102
f 2594/2737/102 2608/2738/102 2607/2724/102
f 2606/2723/612 2596/2739/612 2595/2736/612
f 2595/2736/612 2607/2724/612 2606/2723/612
f 2605/2722/614 2597/2740/614 2596/2739/614
f 2596/2739/614 2606/2723/614 2605/2722/614
f 2610/2727/101 2598/2741/101 2597/2740/101
f 2597/2740/101 2605/2722/101 2610/2727/101
f 2609/2726/618 2593/2735/618 2598/2741/618
f 2598/2741/618 2610/2727/618 2609/2726/618
f 2611/2742/101 2612/2743/101 2613/2744/101
f 2611/2742/101 2613/2744/101 2614/2745/101
f 2615/2746/101 2611/2742/101 2614/2745/101
f 2614/2745/101 2616/2747/101 2617/2748/101
f 2617/2748/101 2618/2749/101 2619/2750/101
f 2619/2750/101 2620/2751/101 2621/2752/101
f 2617/2748/101 2619/2750/101 2621/2752/101
f 2614/2745/101 2617/2748/101 2621/2752/101
f 2615/2746/101 2614/2745/101 2621/2752/101
f 2615/2746/1571 2621/2752/1571 2622/2753/1571
f 2622/2753/101 2623/2754/101 2624/2755/101
f 2622/2753/101 2624/2755/101 2625/2756/101
f 2615/2746/101 2622/2753/101 2625/2756/101
f 2615/2746/101 2625/2756/101 2626/2757/101
f 2615/2746/101 2626/2757/101 2627/2758/101
f 2628/2759/101 2629/2760/101 2630/2761/101
f 2628/2759/101 2630/2761/101 2631/2762/101
f 2632/2763/101 2633/2764/101 2634/2765/101
f 2631/2762/101 2632/2763/101 2634/2765/101
f 2628/2759/101 2631/2762/101 2634/2765/101
f 2628/2759/1572 2634/2765/1573 2635/2766/1572
f 2635/2766/101 2636/2767/101 2637/2768/101
f 2637/2768/101 2638/2769/101 2617/2770/101
f 2635/2766/101 2637/2768/101 2617/2770/101
f 2617/2770/101 2616/2771/101 2639/2772/101
f 2635/2766/101 2617/2770/101 2639/2772/101
f 2628/2759/101 2635/2766/101 2639/2772/101
f 2640/2773/101 2641/2774/101 2642/2775/101
f 2639/2772/101 2640/2773/101 2642/2775/101
f 2628/2759/101 2639/2772/101 2642/2775/101
f 2643/2776/1574 2644/2777/1574 2645/2778/1574
f 2645/2778/1575 2646/2779/1575 2643/2776/1575
f 2647/2780/1576 2648/2781/1576 2649/2782/1576
f 2649/2782/1577 2650/2783/1577 2647/2780/1577
f 2651/2784/1578 2652/2785/1578 2653/2786/1578
f 2653/2786/1578 2654/2787/1578 2655/2788/1578
f 2651/2784/1578 2653/2786/1578 2655/2788/1578
f 2651/2784/1578 2655/2788/1578 2656/2789/1578
f 2657/2790/1579 2658/2791/1579 2659/2792/1579
f 2659/2792/1579 2660/2793/1579 2657/2790/1579
f 2651/2784/1580 2656/2789/1580 2661/2794/1580
f 2661/2794/1580 2662/2795/1580 2651/2784/1580
f 2656/2789/104 2655/2788/104 2663/2796/104
f 2656/2789/104 2663/2796/104 2664/2797/104
f 2656/2789/104 2664/2797/104 2665/2798/104
f 2656/2789/104 2665/2798/104 2661/2794/104
f 2654/2787/1581 2653/2786/1581 2666/2799/1581
f 2666/2799/1581 2667/2800/1581 2654/2787/1581
f 2652/2785/361 2651/2784/361 2662/2795/361
f 2652/2785/361 2662/2795/361 2668/2801/361
f 2652/2785/361 2668/2801/361 2669/2802/361
f 2652/2785/361 2669/2802/361 2670/2803/361
f 2671/2804/1579 2672/2805/1579 2673/2806/1579
f 2673/2806/1579 2674/2807/1579 2675/2808/1579
f 2673/2806/1579 2675/2808/1579 2676/2809/1579
f 2671/2804/1579 2673/2806/1579 2676/2809/1579
f 2677/2810/1579 2678/2811/1579 2679/2812/1579
f 2679/2812/1579 2680/2813/1579 2677/2810/1579
f 2655/2788/1582 2654/2787/1582 2667/2800/1582
f 2667/2800/1582 2663/2796/1583 2655/2788/1582
f 2653/2786/1584 2652/2785/1584 2670/2803/1584
f 2670/2803/1584 2666/2799/1584 2653/2786/1584
f 2665/2798/1585 2664/2797/1585 2657/2790/1585
f 2657/2790/1585 2660/2793/1585 2665/2798/1585
f 2664/2797/1586 2669/2802/1586 2658/2791/1586
f 2658/2791/1586 2657/2790/1586 2664/2797/1586
f 2669/2802/1587 2668/2801/1587 2659/2792/1587
f 2659/2792/1587 2658/2791/1587 2669/2802/1587
f 2668/2801/1588 2665/2798/1588 2660/2793/1588
f 2660/2793/1588 2659/2792/1588 2668/2801/1588
f 2664/2797/1585 2663/2796/1585 2672/2805/1585
f 2672/2805/1585 2671/2804/1585 2664/2797/1585
f 2663/2796/1589 2667/2800/1589 2673/2806/1589
f 2673/2806/1589 2672/2805/1589 2663/2796/1589
f 2667/2800/1590 2666/2799/1590 2674/2807/1590
f 2674/2807/1590 2673/2806/1590 2667/2800/1590
f 2666/2799/1591 2670/2803/1592 2675/2808/1592
f 2675/2808/1592 2674/2807/1591 2666/2799/1591
f 2670/2803/1587 2669/2802/1587 2676/2809/1587
f 2676/2809/1587 2675/2808/1587 2670/2803/1587
f 2669/2802/1593 2664/2797/1594 2671/2804/1594
f 2671/2804/1594 2676/2809/1593 2669/2802/1593
f 2668/2801/1587 2662/2795/1595 2677/2810/1596
f 2677/2810/1596 2680/2813/1597 2668/2801/1587
f 2662/2795/1588 2661/2794/1588 2678/2811/1588
f 2678/2811/1588 2677/2810/1588 2662/2795/1588
f 2661/2794/1585 2665/2798/1585 2679/2812/1585
f 2679/2812/1585 2678/2811/1585 2661/2794/1585
f 2665/2798/1586 2668/2801/1586 2680/2813/1586
f 2680/2813/1586 2679/2812/1586 2665/2798/1586
f 2681/2814/1578 2682/2815/1598 2683/2816/1578
f 2683/2816/1578 2684/2817/1578 2685/2818/1578
f 2681/2814/1578 2683/2816/1578 2685/2818/1578
f 2681/2814/1578 2685/2818/1578 2686/2819/1578
f 2687/2820/1579 2688/2821/1579 2689/2822/1579
f 2689/2822/1579 2690/2823/1579 2687/2820/1579
f 2681/2814/1580 2686/2819/1580 2691/2824/1580
f 2691/2824/1580 2692/2825/1580 2681/2814/1580
f 2686/2819/104 2685/2818/104 2693/2826/104
f 2686/2819/104 2693/2826/104 2694/2827/104
f 2686/2819/104 2694/2827/104 2695/2828/104
f 2686/2819/104 2695/2828/104 2691/2824/104
f 2684/2817/1581 2683/2816/1581 2696/2829/1581
f 2696/2829/1581 2697/2830/1581 2684/2817/1581
f 2682/2815/361 2681/2814/361 2692/2825/361
f 2682/2815/361 2692/2825/361 2698/2831/361
f 2682/2815/361 2698/2831/361 2699/2832/361
f 2682/2815/361 2699/2832/361 2700/2833/361
f 2701/2834/1579 2702/2835/1579 2703/2836/1579
f 2703/2836/1579 2704/2837/1579 2705/2838/1579
f 2703/2836/1579 2705/2838/1579 2706/2839/1579
f 2701/2834/1579 2703/2836/1579 2706/2839/1579
f 2707/2840/1579 2708/2841/1579 2709/2842/1579
f 2709/2842/1579 2710/2843/1579 2707/2840/1579
f 2685/2818/1582 2684/2817/1582 2697/2830/1582
f 2697/2830/1582 2693/2826/1582 2685/2818/1582
f 2683/2816/1584 2682/2815/1584 2700/2833/1584
f 2700/2833/1584 2696/2829/1584 2683/2816/1584
f 2695/2828/1599 2694/2827/1600 2687/2820/1601
f 2687/2820/1601 2690/2823/1599 2695/2828/1599
f 2694/2827/1602 2699/2832/1602 2688/2821/1602
f 2688/2821/1602 2687/2820/1602 2694/2827/1602
f 2699/2832/1603 2698/2831/1604 2689/2822/1604
f 2689/2822/1604 2688/2821/1603 2699/2832/1603
f 2698/2831/1605 2695/2828/1605 2690/2823/1605
f 2690/2823/1605 2689/2822/1605 2698/2831/1605
f 2694/2827/1599 2693/2826/1606 2702/2835/1606
f 2702/2835/1606 2701/2834/1599 2694/2827/1599
f 2693/2826/1607 2697/2830/1607 2703/2836/1607
f 2703/2836/1607 2702/2835/1607 2693/2826/1607
f 2697/2830/1608 2696/2829/1608 2704/2837/1608
f 2704/2837/1608 2703/2836/1608 2697/2830/1608
f 2696/2829/1609 2700/2833/1610 2705/2838/1610
f 2705/2838/1610 2704/2837/1609 2696/2829/1609
f 2700/2833/1611 2699/2832/1603 2706/2839/1603
f 2706/2839/1603 2705/2838/1611 2700/2833/1611
f 2699/2832/1605 2694/2827/1605 2701/2834/1605
f 2701/2834/1605 2706/2839/1605 2699/2832/1605
f 2698/2831/1603 2692/2825/1612 2707/2840/1612
f 2707/2840/1612 2710/2843/1613 2698/2831/1603
f 2692/2825/1614 2691/2824/1614 2708/2841/1614
f 2708/2841/1614 2707/2840/1605 2692/2825/1614
f 2691/2824/1606 2695/2828/1599 2709/2842/1599
f 2709/2842/1599 2708/2841/1606 2691/2824/1606
f 2695/2828/1608 2698/2831/1608 2710/2843/1608
f 2710/2843/1608 2709/2842/1608 2695/2828/1608
f 2711/2844/1578 2712/2845/1578 2713/2846/1578
f 2713/2846/1578 2714/2847/1615 2715/2848/1578
f 2711/2844/1578 2713/2846/1578 2715/2848/1578
f 2711/2844/1578 2715/2848/1578 2716/2849/1578
f 2717/2850/1579 2718/2851/1579 2719/2852/1579
f 2719/2852/1579 2720/2853/1579 2717/2850/1579
f 2711/2844/1580 2721/2854/1580 2722/2855/1580
f 2722/2855/1580 2712/2845/1580 2711/2844/1580
f 2712/2845/361 2722/2855/361 2723/2856/361
f 2712/2845/361 2723/2856/361 2724/2857/361
f 2712/2845/361 2724/2857/361 2725/2858/361
f 2712/2845/361 2725/2858/361 2713/2846/361
f 2714/2847/1581 2726/2859/1581 2727/2860/1581
f 2727/2860/1581 2715/2848/1581 2714/2847/1581
f 2716/2849/104 2728/2861/104 2729/2862/104
f 2716/2849/104 2729/2862/104 2730/2863/104
f 2716/2849/104 2730/2863/104 2721/2854/104
f 2716/2849/104 2721/2854/104 2711/2844/104
f 2731/2864/1579 2732/2865/1579 2733/2866/1579
f 2734/2867/1579 2731/2864/1579 2733/2866/1579
f 2735/2868/1579 2734/2867/1579 2733/2866/1579
f 2735/2868/1579 2733/2866/1579 2736/2869/1579
f 2737/2870/1579 2738/2871/1579 2739/2872/1579
f 2739/2872/1579 2740/2873/1579 2737/2870/1579
f 2713/2846/1584 2725/2858/1584 2726/2859/1584
f 2726/2859/1584 2714/2847/1584 2713/2846/1584
f 2715/2848/1582 2727/2860/1582 2728/2861/1582
f 2728/2861/1582 2716/2849/1582 2715/2848/1582
f 2723/2856/1587 2718/2851/1587 2717/2850/1587
f 2717/2850/1587 2724/2857/1587 2723/2856/1587
f 2724/2857/1590 2717/2850/1590 2720/2853/1586
f 2720/2853/1586 2729/2862/1586 2724/2857/1590
f 2729/2862/1616 2720/2853/1617 2719/2852/1585
f 2719/2852/1585 2730/2863/1585 2729/2862/1616
f 2730/2863/1588 2719/2852/1588 2718/2851/1593
f 2718/2851/1593 2723/2856/1593 2730/2863/1588
f 2724/2857/1618 2735/2868/1595 2736/2869/1587
f 2736/2869/1587 2725/2858/1597 2724/2857/1618
f 2725/2858/1591 2736/2869/1591 2733/2866/1592
f 2733/2866/1592 2726/2859/1592 2725/2858/1591
f 2726/2859/1590 2733/2866/1590 2732/2865/1590
f 2732/2865/1590 2727/2860/1590 2726/2859/1590
f 2727/2860/1589 2732/2865/1589 2731/2864/1619
f 2731/2864/1619 2728/2861/1619 2727/2860/1589
f 2728/2861/1585 2731/2864/1585 2734/2867/1585
f 2734/2867/1585 2729/2862/1585 2728/2861/1585
f 2729/2862/1593 2734/2867/1593 2735/2868/1588
f 2735/2868/1588 2724/2857/1588 2729/2862/1593
f 2730/2863/1585 2738/2871/1620 2737/2870/1585
f 2737/2870/1585 2721/2854/1585 2730/2863/1585
f 2721/2854/1593 2737/2870/1593 2740/2873/1588
f 2740/2873/1588 2722/2855/1588 2721/2854/1593
f 2722/2855/1587 2740/2873/1587 2739/2872/1596
f 2739/2872/1596 2723/2856/1596 2722/2855/1587
f 2723/2856/1590 2739/2872/1590 2738/2871/1586
f 2738/2871/1586 2730/2863/1586 2723/2856/1590
f 2741/2874/1578 2742/2875/1578 2743/2876/1578
f 2743/2876/1578 2744/2877/1578 2745/2878/1578
f 2741/2874/1578 2743/2876/1578 2745/2878/1578
f 2741/2874/1578 2745/2878/1578 2746/2879/1578
f 2747/2880/1579 2748/2881/1579 2749/2882/1579
f 2749/2882/1579 2750/2883/1579 2747/2880/1579
f 2741/2874/1580 2751/2884/1580 2752/2885/1580
f 2752/2885/1580 2742/2875/1580 2741/2874/1580
f 2742/2875/361 2752/2885/361 2753/2886/361
f 2742/2875/361 2753/2886/361 2754/2887/361
f 2742/2875/361 2754/2887/361 2755/2888/361
f 2742/2875/361 2755/2888/361 2743/2876/361
f 2744/2877/1581 2756/2889/1581 2757/2890/1581
f 2757/2890/1581 2745/2878/1581 2744/2877/1581
f 2746/2879/104 2758/2891/104 2759/2892/104
f 2746/2879/104 2759/2892/104 2760/2893/104
f 2746/2879/104 2760/2893/104 2751/2884/104
f 2746/2879/104 2751/2884/104 2741/2874/104
f 2761/2894/1579 2762/2895/1579 2763/2896/1579
f 2764/2897/1579 2761/2894/1579 2763/2896/1579
f 2765/2898/1579 2764/2897/1579 2763/2896/1579
f 2765/2898/1579 2763/2896/1579 2766/2899/1579
f 2767/2900/1579 2768/2901/1579 2769/2902/1579
f 2769/2902/1579 2770/2903/1579 2767/2900/1579
f 2743/2876/1584 2755/2888/1584 2756/2889/1584
f 2756/2889/1584 2744/2877/1584 2743/2876/1584
f 2745/2878/1582 2757/2890/1582 2758/2891/1582
f 2758/2891/1582 2746/2879/1582 2745/2878/1582
f 2753/2886/1611 2748/2881/1621 2747/2880/1622
f 2747/2880/1622 2754/2887/1622 2753/2886/1611
f 2754/2887/1602 2747/2880/1602 2750/2883/1602
f 2750/2883/1602 2759/2892/1602 2754/2887/1602
f 2759/2892/1606 2750/2883/1606 2749/2882/1606
f 2749/2882/1606 2760/2893/1606 2759/2892/1606
f 2760/2893/1605 2749/2882/1605 2748/2881/1605
f 2748/2881/1605 2753/2886/1605 2760/2893/1605
f 2754/2887/1611 2765/2898/1611 2766/2899/1603
f 2766/2899/1603 2755/2888/1603 2754/2887/1611
f 2755/2888/1609 2766/2899/1609 2763/2896/1609
f 2763/2896/1609 2756/2889/1609 2755/2888/1609
f 2756/2889/1608 2763/2896/1608 2762/2895/1608
f 2762/2895/1608 2757/2890/1608 2756/2889/1608
f 2757/2890/1607 2762/2895/1607 2761/2894/1623
f 2761/2894/1623 2758/2891/1623 2757/2890/1607
f 2758/2891/1599 2761/2894/1599 2764/2897/1606
f 2764/2897/1606 2759/2892/1606 2758/2891/1599
f 2759/2892/1605 2764/2897/1605 2765/2898/1605
f 2765/2898/1605 2754/2887/1605 2759/2892/1605
f 2760/2893/1606 2768/2901/1601 2767/2900/1624
f 2767/2900/1624 2751/2884/1625 2760/2893/1606
f 2751/2884/1614 2767/2900/1614 2770/2903/1614
f 2770/2903/1614 2752/2885/1614 2751/2884/1614
f 2752/2885/1611 2770/2903/1603 2769/2902/1611
f 2769/2902/1611 2753/2886/1611 2752/2885/1611
f 2753/2886/1608 2769/2902/1608 2768/2901/1608
f 2768/2901/1608 2760/2893/1608 2753/2886/1608
f 53/53/1626 52/52/1626 189/189/1626
f 189/189/1626 192/192/1626 53/53/1626
f 52/52/1627 71/71/1627 190/190/1627
f 190/190/1627 189/189/1627 52/52/1627
f 71/71/1628 180/180/1628 191/191/1628
f 191/191/1628 190/190/1628 71/71/1628
f 180/180/1628 255/255/1628 346/346/1628
f 346/346/1628 191/191/1628 180/180/1628
f 255/255/1629 240/240/1629 345/345/1629
f 345/345/1629 346/346/1629 255/255/1629
f 240/240/1626 53/53/1626 192/192/1626
f 192/192/1626 345/345/1626 240/240/1626
f 2771/2904/1630 2772/2905/1631 2773/2906/1631
f 2773/2906/1631 2774/2907/1630 2771/2904/1630
f 2775/2908/1632 2776/2909/1632 2777/2910/1632
f 2777/2910/1632 2778/2911/1632 2775/2908/1632
f 2778/2911/1633 2774/2907/1633 2779/2912/1633
f 2779/2912/1634 2775/2908/1634 2778/2911/1634
f 2780/2913/1635 2781/2914/1635 2776/2909/1636
f 2782/2915/1637 2780/2913/1635 2776/2909/1636
f 2783/2916/1636 2782/2915/1637 2776/2909/1636
f 2784/2917/1636 2783/2916/1636 2776/2909/1636
f 2775/2908/1636 2784/2917/1636 2776/2909/1636
f 2775/2908/1638 2779/2912/1639 2785/2918/1640
f 2785/2918/1640 2784/2917/1641 2775/2908/1638
f 2786/2919/1642 2787/2920/1643 2788/2921/1644
f 2788/2921/1644 2789/2922/1645 2786/2919/1642
f 2790/2923/1646 2791/2924/1646 2792/2925/1646
f 2792/2925/1647 2793/2926/1647 2790/2923/1647
f 2793/2926/1648 2794/2927/1649 2795/2928/1650
f 2793/2926/1648 2795/2928/1650 2796/2929/1651
f 2793/2926/1648 2796/2929/1651 2797/2930/1652
f 2793/2926/1648 2797/2930/1652 2798/2931/1653
f 2793/2926/1648 2798/2931/1653 2790/2923/1654
f 2799/2932/1655 2795/2928/1655 2794/2927/1655
f 2794/2927/1656 2800/2933/1656 2799/2932/1656
f 2801/2934/1657 2792/2925/1658 2791/2924/1659
f 2802/2935/1660 2801/2934/1657 2791/2924/1659
f 2800/2933/1661 2802/2935/1660 2791/2924/1659
f 2800/2933/1661 2791/2924/1659 2803/2936/1662
f 2800/2933/1661 2803/2936/1662 2804/2937/1663
f 2800/2933/1661 2804/2937/1663 2805/2938/1664
f 2800/2933/1661 2805/2938/1664 2799/2932/1665
f 2806/2939/1666 2807/2940/1666 2771/2904/1666
f 2771/2904/1667 2808/2941/1668 2806/2939/1669
f 2809/2942/1670 2806/2939/1669 2808/2941/1668
f 2808/2941/1668 2794/2927/1671 2809/2942/1670
f 2810/2943/1672 2809/2942/1672 2794/2927/1672
f 2794/2927/1673 2793/2926/1673 2810/2943/1673
f 2811/2944/1674 2812/2945/1675 2813/2946/1676
f 2813/2946/1676 2814/2947/1677 2811/2944/1674
f 2815/2948/1678 2816/2949/1679 2817/2950/1680
f 2817/2950/1680 2818/2951/1681 2815/2948/1678
f 2819/2952/1682 2820/2953/1682 2821/2954/1682
f 2821/2954/1683 2822/2955/1683 2819/2952/1683
f 2789/2922/1684 2788/2921/1685 2805/2938/1686
f 2805/2938/1686 2804/2937/1687 2789/2922/1684
f 2786/2919/1688 2789/2922/1689 2804/2937/1690
f 2804/2937/1690 2797/2930/1691 2786/2919/1688
f 2787/2920/1692 2786/2919/1693 2797/2930/1694
f 2797/2930/1694 2796/2929/1695 2787/2920/1692
f 2788/2921/1696 2787/2920/1697 2796/2929/1698
f 2796/2929/1698 2805/2938/1699 2788/2921/1696
f 2814/2947/1700 2813/2946/1701 2803/2936/1702
f 2803/2936/1702 2791/2924/1703 2814/2947/1700
f 2811/2944/1704 2814/2947/1705 2791/2924/1706
f 2791/2924/1706 2790/2923/1707 2811/2944/1704
f 2812/2945/1708 2811/2944/1709 2790/2923/1710
f 2790/2923/1710 2798/2931/1711 2812/2945/1708
f 2813/2946/1712 2812/2945/1713 2798/2931/1714
f 2798/2931/1714 2803/2936/1715 2813/2946/1712
f 2818/2951/1716 2817/2950/1717 2804/2937/1718
f 2804/2937/1718 2803/2936/1719 2818/2951/1716
f 2815/2948/1720 2818/2951/1721 2803/2936/1722
f 2803/2936/1722 2798/2931/1723 2815/2948/1720
f 2816/2949/1724 2815/2948/1725 2798/2931/1726
f 2798/2931/1726 2797/2930/1727 2816/2949/1724
f 2817/2950/1728 2816/2949/1729 2797/2930/1730
f 2797/2930/1730 2804/2937/1731 2817/2950/1728
f 2822/2955/1732 2821/2954/1733 2796/2929/1734
f 2796/2929/1734 2795/2928/1735 2822/2955/1732
f 2819/2952/1736 2822/2955/1737 2795/2928/1738
f 2795/2928/1738 2799/2932/1739 2819/2952/1736
f 2820/2953/1740 2819/2952/1741 2799/2932/1742
f 2799/2932/1742 2805/2938/1743 2820/2953/1740
f 2821/2954/1744 2820/2953/1745 2805/2938/1746
f 2805/2938/1746 2796/2929/1747 2821/2954/1744
f 2823/2956/1748 2824/2957/1748 2807/2940/1748
f 2807/2940/1749 2806/2939/1749 2823/2956/1749
f 2825/2958/1750 2826/2959/1750 2806/2939/1750
f 2806/2939/1751 2809/2942/1751 2825/2958/1751
f 2827/2960/1752 2825/2958/1752 2809/2942/1752
f 2809/2942/1753 2810/2943/1753 2827/2960/1753
f 2808/2941/1754 2771/2904/1755 2774/2907/1755
f 2794/2927/1756 2808/2941/1754 2774/2907/1755
f 2800/2933/1755 2794/2927/1756 2774/2907/1755
f 2800/2933/1755 2774/2907/1755 2778/2911/1755
f 2828/2961/1757 2829/2962/1757 2830/2963/1757
f 2800/2933/1757 2828/2961/1757 2830/2963/1757
f 2802/2935/1757 2800/2933/1757 2830/2963/1757
f 2831/2964/1757 2801/2934/1757 2802/2935/1757
f 2802/2935/1757 2830/2963/1757 2831/2964/1757
f 2832/2965/1757 2833/2966/1757 2834/2967/1757
f 2834/2967/1757 2835/2968/1757 2832/2965/1757
f 2836/2969/1757 2835/2968/1757 2834/2967/1757
f 2834/2967/1757 2837/2970/1757 2836/2969/1757
f 2838/2971/1758 2839/2972/1758 2840/2973/1758
f 2840/2973/1759 2841/2974/1759 2838/2971/1759
f 2842/2975/1760 2841/2974/1761 2840/2973/1761
f 2840/2973/1761 2843/2976/1760 2842/2975/1760
f 2829/2962/1762 2832/2965/1762 2835/2968/1762
f 2835/2968/1762 2830/2963/1762 2829/2962/1762
f 2831/2964/1763 2830/2963/1764 2835/2968/1764
f 2835/2968/1764 2836/2969/1763 2831/2964/1763
f 2841/2974/1765 2842/2975/1766 2837/2970/1766
f 2837/2970/1766 2834/2967/1765 2841/2974/1765
f 2842/2975/1762 2844/2977/1762 2845/2978/1762
f 2845/2978/1762 2837/2970/1762 2842/2975/1762
f 2800/2933/1767 2778/2911/1767 2777/2910/1767
f 2777/2910/1767 2828/2961/1767 2800/2933/1767
f 2779/2912/1768 2774/2907/1768 2773/2906/1768
f 2773/2906/1768 2846/2979/1768 2779/2912/1768
f 2792/2925/1757 2801/2934/1757 2831/2964/1757
f 2792/2925/1757 2831/2964/1757 2847/2980/1757
f 2848/2981/1757 2792/2925/1757 2847/2980/1757
f 2849/2982/1757 2836/2969/1757 2837/2970/1757
f 2837/2970/1757 2845/2978/1757 2849/2982/1757
f 2844/2977/1769 2842/2975/1770 2843/2976/1770
f 2843/2976/1770 2850/2983/1769 2844/2977/1769
f 2847/2980/1771 2831/2964/1771 2836/2969/1771
f 2836/2969/1771 2849/2982/1771 2847/2980/1771
f 2841/2974/1771 2834/2967/1771 2833/2966/1772
f 2833/2966/1772 2838/2971/1772 2841/2974/1771
f 2851/2984/1773 2852/2985/1773 2853/2986/1773
f 2853/2986/1773 2854/2987/1773 2851/2984/1773
f 2855/2988/1630 2856/2989/1630 2773/2906/1630
f 2773/2906/1631 2772/2905/1631 2855/2988/1631
f 2781/2914/1774 2857/2990/1774 2777/2910/1632
f 2777/2910/1632 2776/2909/1632 2781/2914/1774
f 2857/2990/1775 2781/2914/1775 2858/2991/1775
f 2858/2991/1776 2856/2989/1776 2857/2990/1776
f 2781/2914/1777 2780/2913/1778 2859/2992/1779
f 2859/2992/1779 2858/2991/1780 2781/2914/1777
f 2860/2993/1781 2861/2994/1782 2862/2995/1783
f 2862/2995/1783 2863/2996/1784 2860/2993/1781
f 2864/2997/1785 2865/2998/1785 2866/2999/1785
f 2866/2999/1786 2867/3000/1786 2864/2997/1786
f 2865/2998/1787 2864/2997/1788 2868/3001/1789
f 2865/2998/1787 2868/3001/1789 2869/3002/1790
f 2865/2998/1787 2869/3002/1790 2870/3003/1791
f 2865/2998/1787 2870/3003/1791 2871/3004/1792
f 2865/2998/1787 2871/3004/1792 2872/3005/1793
f 2873/3006/1794 2874/3007/1794 2872/3005/1794
f 2872/3005/1795 2871/3004/1795 2873/3006/1795
f 2874/3007/1796 2873/3006/1797 2875/3008/1798
f 2874/3007/1796 2875/3008/1798 2876/3009/1799
f 2874/3007/1796 2876/3009/1799 2877/3010/1799
f 2874/3007/1796 2877/3010/1799 2867/3000/1800
f 2867/3000/1800 2866/2999/1801 2878/3011/1802
f 2867/3000/1800 2878/3011/1802 2879/3012/1803
f 2874/3007/1796 2867/3000/1800 2879/3012/1803
f 2880/3013/1804 2881/3014/1805 2855/2988/1806
f 2855/2988/1806 2882/3015/1807 2880/3013/1804
f 2883/3016/1808 2872/3005/1809 2881/3014/1805
f 2881/3014/1805 2880/3013/1804 2883/3016/1808
f 2884/3017/1810 2865/2998/1810 2872/3005/1810
f 2872/3005/1811 2883/3016/1811 2884/3017/1811
f 2885/3018/1812 2886/3019/1813 2887/3020/1814
f 2887/3020/1814 2888/3021/1815 2885/3018/1812
f 2889/3022/1816 2890/3023/1817 2891/3024/1818
f 2891/3024/1818 2892/3025/1819 2889/3022/1816
f 2893/3026/1820 2894/3027/1820 2895/3028/1820
f 2895/3028/1821 2896/3029/1821 2893/3026/1821
f 2861/2994/1822 2876/3009/1823 2875/3008/1824
f 2875/3008/1824 2862/2995/1825 2861/2994/1822
f 2860/2993/1826 2869/3002/1827 2876/3009/1828
f 2876/3009/1828 2861/2994/1829 2860/2993/1826
f 2863/2996/1830 2870/3003/1831 2869/3002/1832
f 2869/3002/1832 2860/2993/1833 2863/2996/1830
f 2862/2995/1834 2875/3008/1835 2870/3003/1836
f 2870/3003/1836 2863/2996/1837 2862/2995/1834
f 2886/3019/1838 2867/3000/1839 2877/3010/1840
f 2877/3010/1840 2887/3020/1841 2886/3019/1838
f 2885/3018/1842 2864/2997/1843 2867/3000/1844
f 2867/3000/1844 2886/3019/1845 2885/3018/1842
f 2888/3021/1846 2868/3001/1847 2864/2997/1848
f 2864/2997/1848 2885/3018/1849 2888/3021/1846
f 2887/3020/1850 2877/3010/1851 2868/3001/1852
f 2868/3001/1852 2888/3021/1853 2887/3020/1850
f 2890/3023/1854 2877/3010/1855 2876/3009/1856
f 2876/3009/1856 2891/3024/1857 2890/3023/1854
f 2889/3022/1858 2868/3001/1859 2877/3010/1860
f 2877/3010/1860 2890/3023/1861 2889/3022/1858
f 2892/3025/1862 2869/3002/1863 2868/3001/1864
f 2868/3001/1864 2889/3022/1865 2892/3025/1862
f 2891/3024/1866 2876/3009/1867 2869/3002/1868
f 2869/3002/1868 2892/3025/1869 2891/3024/1866
f 2894/3027/1870 2871/3004/1871 2870/3003/1872
f 2870/3003/1872 2895/3028/1873 2894/3027/1870
f 2893/3026/1874 2873/3006/1875 2871/3004/1876
f 2871/3004/1876 2894/3027/1877 2893/3026/1874
f 2896/3029/1878 2875/3008/1879 2873/3006/1880
f 2873/3006/1880 2893/3026/1881 2896/3029/1878
f 2895/3028/1882 2870/3003/1883 2875/3008/1884
f 2875/3008/1884 2896/3029/1885 2895/3028/1882
f 2897/3030/1886 2880/3013/1886 2882/3015/1887
f 2882/3015/1887 2898/3031/1887 2897/3030/1886
f 2899/3032/1888 2883/3016/1888 2880/3013/1888
f 2880/3013/1889 2900/3033/1889 2899/3032/1889
f 2901/3034/1890 2884/3017/1890 2883/3016/1890
f 2883/3016/1891 2899/3032/1891 2901/3034/1891
f 2874/3007/1892 2857/2990/1892 2856/2989/1893
f 2856/2989/1893 2855/2988/1893 2881/3014/1894
f 2856/2989/1893 2881/3014/1894 2872/3005/1895
f 2874/3007/1892 2856/2989/1893 2872/3005/1895
f 2902/3035/1757 2829/2962/1757 2828/2961/1757
f 2902/3035/1757 2828/2961/1757 2874/3007/1757
f 2879/3012/1757 2902/3035/1757 2874/3007/1757
f 2903/3036/1757 2902/3035/1757 2879/3012/1757
f 2879/3012/1757 2878/3011/1757 2903/3036/1757
f 2832/2965/1757 2904/3037/1757 2905/3038/1757
f 2905/3038/1757 2833/2966/1757 2832/2965/1757
f 2906/3039/1757 2907/3040/1757 2905/3038/1757
f 2905/3038/1757 2904/3037/1757 2906/3039/1757
f 2838/2971/1758 2908/3041/1759 2909/3042/1759
f 2909/3042/1759 2839/2972/1758 2838/2971/1758
f 2910/3043/1896 2911/3044/1896 2909/3042/1896
f 2909/3042/1896 2908/3041/1896 2910/3043/1896
f 2829/2962/1762 2902/3035/1762 2904/3037/1762
f 2904/3037/1762 2832/2965/1762 2829/2962/1762
f 2903/3036/1897 2906/3039/1897 2904/3037/1898
f 2904/3037/1898 2902/3035/1898 2903/3036/1897
f 2908/3041/1899 2905/3038/1899 2907/3040/1900
f 2907/3040/1900 2910/3043/1900 2908/3041/1899
f 2910/3043/1901 2907/3040/1901 2845/2978/1762
f 2845/2978/1762 2844/2977/1762 2910/3043/1901
f 2874/3007/1767 2828/2961/1767 2777/2910/1767
f 2777/2910/1767 2857/2990/1767 2874/3007/1767
f 2858/2991/1768 2846/2979/1768 2773/2906/1768
f 2773/2906/1768 2856/2989/1768 2858/2991/1768
f 2785/2918/1902 2779/2912/1902 2846/2979/1902
f 2846/2979/1902 2858/2991/1903 2859/2992/1903
f 2846/2979/1902 2859/2992/1903 2912/3045/1902
f 2846/2979/1902 2912/3045/1902 2913/3046/1902
f 2785/2918/1902 2846/2979/1902 2913/3046/1902
f 2903/3036/1757 2878/3011/1757 2866/2999/1757
f 2847/2980/1757 2903/3036/1757 2866/2999/1757
f 2848/2981/1757 2847/2980/1757 2866/2999/1757
f 2849/2982/1757 2845/2978/1757 2907/3040/1757
f 2907/3040/1757 2906/3039/1757 2849/2982/1757
f 2844/2977/1769 2850/2983/1769 2911/3044/1769
f 2911/3044/1770 2910/3043/1770 2844/2977/1770
f 2847/2980/1771 2849/2982/1771 2906/3039/1771
f 2906/3039/1771 2903/3036/1771 2847/2980/1771
f 2908/3041/1771 2838/2971/1772 2833/2966/1772
f 2833/2966/1772 2905/3038/1771 2908/3041/1771
f 2914/3047/1757 2915/3048/1757 2916/3049/1757
f 2916/3049/1757 2917/3050/1757 2914/3047/1757
f 2918/3051/1757 2919/3052/1757 2916/3049/1757
f 2916/3049/1757 2915/3048/1757 2918/3051/1757
f 2784/2917/1773 2785/2918/1773 2913/3046/1773
f 2913/3046/1773 2783/2916/1773 2784/2917/1773
f 2859/2992/1773 2780/2913/1773 2782/2915/1773
f 2782/2915/1773 2912/3045/1773 2859/2992/1773
f 2782/2915/1904 2783/2916/1904 2851/2984/1904
f 2851/2984/1904 2854/2987/1904 2782/2915/1904
f 2783/2916/1905 2913/3046/1905 2852/2985/1905
f 2852/2985/1905 2851/2984/1905 2783/2916/1905
f 2913/3046/1906 2912/3045/1906 2853/2986/1906
f 2853/2986/1906 2852/2985/1906 2913/3046/1906
f 2912/3045/1907 2782/2915/1907 2854/2987/1907
f 2854/2987/1907 2853/2986/1907 2912/3045/1907
f 2920/3053/1908 2921/3054/1909 2922/3055/1909
f 2922/3055/1909 2923/3056/1908 2920/3053/1908
f 2924/3057/1910 2925/3058/1910 2926/3059/1910
f 2926/3059/1910 2927/3060/1910 2924/3057/1910
f 2925/3058/144 2928/3061/144 2929/3062/144
f 2929/3062/144 2926/3059/144 2925/3058/144
f 2928/3061/1911 2930/3063/1911 2931/3064/1911
f 2931/3064/1911 2929/3062/1911 2928/3061/1911
f 2930/3063/1912 2924/3057/1912 2927/3060/1912
f 2927/3060/1913 2931/3064/1913 2930/3063/1913
f 2927/3060/1914 2926/3059/1914 2921/3054/1914
f 2921/3054/1914 2920/3053/1914 2927/3060/1914
f 2926/3059/1915 2929/3062/1916 2922/3055/1917
f 2922/3055/1917 2921/3054/1918 2926/3059/1915
f 2929/3062/1919 2931/3064/1919 2923/3056/1919
f 2923/3056/1919 2922/3055/1919 2929/3062/1919
f 2931/3064/1920 2927/3060/1920 2920/3053/1920
f 2920/3053/1921 2923/3056/1921 2931/3064/1921
f 2932/3065/101 2925/3058/101 2924/3057/101
f 2924/3057/101 2933/3066/101 2932/3065/101
f 2934/3067/102 2930/3063/102 2928/3061/102
f 2928/3061/102 2935/3068/102 2934/3067/102
f 2932/3065/144 2935/3068/144 2928/3061/144
f 2928/3061/144 2925/3058/144 2932/3065/144
f 2936/3069/1922 2937/3070/1922 2938/3071/1922
f 2938/3071/1922 2939/3072/1922 2936/3069/1922
f 2933/3066/1923 2940/3073/1923 2941/3074/1923
f 2941/3074/1923 2932/3065/1923 2933/3066/1923
f 2932/3065/144 2941/3074/144 2942/3075/144
f 2942/3075/144 2935/3068/144 2932/3065/144
f 2935/3068/1924 2942/3075/1924 2943/3076/1924
f 2943/3076/1924 2934/3067/1924 2935/3068/1924
f 2934/3067/1925 2943/3076/1925 2940/3073/1925
f 2940/3073/1926 2933/3066/1926 2934/3067/1926
f 2940/3073/1927 2936/3069/1927 2939/3072/1927
f 2939/3072/1927 2941/3074/1927 2940/3073/1927
f 2941/3074/1928 2939/3072/1929 2938/3071/1930
f 2938/3071/1930 2942/3075/1931 2941/3074/1928
f 2942/3075/1932 2938/3071/1932 2937/3070/1933
f 2937/3070/1933 2943/3076/1933 2942/3075/1932
f 2943/3076/1934 2937/3070/1934 2936/3069/1934
f 2936/3069/1935 2940/3073/1935 2943/3076/1935
f 2930/3063/1271 2934/3067/1271 2933/3066/1271
f 2933/3066/1271 2924/3057/1271 2930/3063/1271
f 2944/3077/101 2945/3078/101 2946/3079/101
f 2946/3079/101 2947/3080/101 2948/3081/101
f 2944/3077/101 2946/3079/101 2948/3081/101
f 2949/3082/101 2944/3077/101 2948/3081/101
f 2948/3081/1936 2947/3080/1936 2950/3083/1936
f 2950/3083/1937 2951/3084/1937 2948/3081/1937
f 2947/3080/1271 2946/3079/1271 2952/3085/1271
f 2952/3085/1271 2950/3083/1271 2947/3080/1271
f 2946/3079/1938 2945/3078/1938 2953/3086/1938
f 2953/3086/1939 2952/3085/1939 2946/3079/1939
f 2945/3078/1940 2944/3077/1940 2954/3087/1940
f 2954/3087/1941 2953/3086/1941 2945/3078/1941
f 2944/3077/144 2949/3082/144 2955/3088/144
f 2955/3088/144 2954/3087/144 2944/3077/144
f 2949/3082/1942 2948/3081/1942 2951/3084/1942
f 2951/3084/1943 2955/3088/1943 2949/3082/1943
f 2951/3084/102 2950/3083/102 2952/3085/102
f 2952/3085/102 2953/3086/102 2954/3087/102
f 2951/3084/102 2952/3085/102 2954/3087/102
f 2955/3088/102 2951/3084/102 2954/3087/102
f 2956/3089/101 2957/3090/101 2958/3091/101
f 2958/3091/101 2959/3092/101 2960/3093/101
f 2956/3089/101 2958/3091/101 2960/3093/101
f 2961/3094/101 2956/3089/101 2960/3093/101
f 2960/3093/1936 2959/3092/1936 2962/3095/1936
f 2962/3095/1937 2963/3096/1937 2960/3093/1937
f 2959/3092/1271 2958/3091/1271 2964/3097/1271
f 2964/3097/1271 2962/3095/1271 2959/3092/1271
f 2958/3091/1938 2957/3090/1938 2965/3098/1938
f 2965/3098/1939 2964/3097/1939 2958/3091/1939
f 2957/3090/1940 2956/3089/1940 2966/3099/1940
f 2966/3099/1941 2965/3098/1941 2957/3090/1941
f 2956/3089/144 2961/3094/144 2967/3100/144
f 2967/3100/144 2966/3099/144 2956/3089/144
f 2961/3094/1942 2960/3093/1942 2963/3096/1942
f 2963/3096/1943 2967/3100/1943 2961/3094/1943
f 2963/3096/102 2962/3095/102 2964/3097/102
f 2964/3097/102 2965/3098/102 2966/3099/102
f 2963/3096/102 2964/3097/102 2966/3099/102
f 2967/3100/102 2963/3096/102 2966/3099/102
