# suv_09 from LowPoly_Cars_01 (cluster 36); origin=ground center, front=+Z, meters
v -0.9296 1.3074 -1.3239
v -0.9312 1.3074 -2.4393
v -0.9312 1.1839 -2.4711
v -0.9305 1.2037 -1.3534
v -0.9288 0.6436 0.8464
v -0.9288 1.2334 1.0769
v -0.9288 1.4080 1.0469
v -0.9288 0.6436 -0.1100
v -0.9288 1.4090 -0.1126
v -0.9301 1.3200 -1.1770
v -0.8984 1.5862 -1.1091
v -0.8937 1.6047 -1.2271
v -0.8367 1.9102 -1.0792
v -0.8367 1.9117 -0.9882
v -0.8128 1.9576 -0.9893
v -0.8129 1.9559 -1.0856
v -0.8367 1.9178 -0.1211
v -0.8128 1.9637 -0.1222
v -0.8367 1.9426 0.8209
v -0.8128 1.9878 0.7960
v -0.8393 1.8938 -1.1494
v -0.8147 1.9439 -1.1369
v -0.7748 1.9746 -0.9898
v -0.7749 1.9728 -1.0884
v -0.7748 1.9807 -0.1227
v -0.7748 2.0039 0.7576
v -0.7754 1.9694 -1.1039
v -0.9163 1.4113 -1.0274
v -0.9068 1.5112 -1.0768
v -0.9143 1.3248 -1.1162
v -0.9180 0.6437 -0.8070
v -0.9286 0.6437 -0.1576
v -0.9290 1.4091 -0.1602
v -0.9164 1.4315 1.0667
v -0.8341 1.8938 0.7916
v -0.8936 1.4764 0.9549
v -0.8338 1.8699 -0.1203
v -0.8337 1.8640 -0.9529
v -0.8939 1.5823 -1.0756
v -0.8832 1.5851 -1.0356
v -0.9036 1.4347 -1.0127
v -0.8866 1.4794 -0.9835
v -0.9164 1.4325 -0.1398
v -0.8991 1.4773 -0.1397
v -0.8963 1.4954 -0.0699
v -0.8365 1.8523 -0.0523
v -0.8366 1.8517 -0.1590
v -0.8963 1.4955 -0.1766
v -0.8364 1.8460 -0.9392
v -0.8830 1.5869 -1.0161
v -0.8839 1.4974 -0.9722
v -0.8908 1.4944 0.9282
v -0.8369 1.8755 0.7792
v -0.8131 1.8326 -0.1750
v -0.8682 1.5067 -0.1910
v -0.8129 1.8272 -0.9277
v -0.8570 1.5844 -0.9998
v -0.8558 1.5085 -0.9627
v -0.8628 1.5055 0.9060
v -0.8682 1.5064 -0.0539
v -0.8135 1.8562 0.7689
v -0.8130 1.8336 -0.0378
v -0.9164 0.6201 -0.1304
v -0.9164 0.6201 0.8668
v -0.9164 1.2338 1.1007
v -0.9164 1.3238 -1.1404
v -0.9164 0.6201 -0.8246
v -0.7476 1.4685 2.3022
v 0.7476 1.4685 2.3022
v 0.8686 1.4685 1.1098
v -0.8686 1.4685 1.1098
v -0.9749 0.6780 0.9627
v -0.9749 1.2336 1.1754
v -0.9164 0.6201 1.1432
v -0.9749 0.6780 1.1421
v -0.9164 0.8717 1.2028
v -0.9749 0.8722 1.2015
v -0.9164 0.9306 1.2307
v -0.9749 0.9314 1.2296
v -0.9164 0.9705 1.2803
v -0.9749 0.9717 1.2797
v -0.9164 0.9852 1.3437
v -0.9749 0.9865 1.3436
v -0.9164 0.9852 1.9990
v -0.9749 0.9865 1.9991
v -0.9164 0.9804 2.0263
v -0.9749 0.9816 2.0267
v -0.9164 0.9669 2.0499
v -0.9749 0.9679 2.0508
v -0.9164 0.9458 2.0679
v -0.9749 0.9466 2.0689
v -0.9164 0.8716 2.1115
v -0.9749 0.8729 2.1123
v -0.7867 0.8716 2.3755
v -0.9749 0.8729 2.3075
v -0.7867 1.3536 2.3755
v -0.7867 1.4315 2.3453
v -0.9749 1.3504 2.3075
v -0.9749 1.3504 1.1545
v -0.7589 1.4315 2.3146
v -0.8824 1.4315 1.0974
v 0.7867 1.4315 2.3453
v 0.7589 1.4315 2.3146
v -0.7688 1.4410 2.3255
v -0.8944 1.4410 1.0865
v 0.7688 1.4410 2.3255
v -0.8528 1.4474 1.0590
v -0.7844 1.8956 0.8434
v 0.9164 1.4315 1.0667
v 0.8528 1.4474 1.0590
v 0.0000 1.4474 1.0590
v -0.8357 1.4559 1.0423
v -0.7714 1.8772 0.8396
v 0.0000 1.4559 1.0423
v -0.9164 1.3421 -1.3494
v -0.9164 1.3421 -2.4663
v -0.9164 1.1881 -2.5060
v -0.9164 0.7350 -2.5060
v -0.9312 0.7702 -2.4711
v -0.9164 0.7350 -2.1194
v -0.9312 0.7702 -2.1419
v -0.9164 0.8914 -2.0478
v -0.9312 0.9093 -2.0782
v -0.9164 0.9411 -2.0123
v -0.9312 0.9672 -2.0369
v -0.9164 0.9736 -1.9618
v -0.9312 1.0069 -1.9750
v -0.9164 0.9852 -1.9018
v -0.9312 1.0204 -1.9052
v -0.9164 0.9852 -1.3624
v -0.9312 1.0204 -1.3584
v -0.9164 0.9705 -1.2989
v -0.9312 1.0030 -1.2833
v -0.9164 0.9306 -1.2494
v -0.9312 0.9531 -1.2213
v -0.9164 0.8717 -1.2214
v -0.9312 0.8900 -1.1913
v -0.9164 0.6201 -1.0375
v -0.9312 0.6553 -1.0198
v -0.9312 0.6553 -0.8786
v -0.8567 1.8760 -1.0748
v -0.8554 1.8764 -1.0351
v -0.8591 1.8636 -1.1281
v -0.8470 1.8369 -1.1881
v -0.8649 1.8220 -1.1564
v -0.4969 1.5508 -1.2811
v -0.4969 1.7382 -1.2200
v -0.4775 1.7242 -1.2124
v -0.4775 1.5657 -1.2641
v -0.3582 1.8180 -1.1940
v -0.3528 1.7959 -1.1890
v 0.3582 1.8180 -1.1940
v 0.3528 1.7959 -1.1890
v 0.8470 1.8369 -1.1881
v -0.9087 1.3528 -2.4586
v -0.9087 1.3528 -1.3571
v -0.8741 1.3528 -1.3917
v -0.8741 1.3528 -2.4240
v -0.8664 1.3421 -2.4163
v -0.8664 1.3421 -1.3994
v -0.8664 1.0544 -1.3994
v -0.8664 1.0544 -2.4163
v -0.5397 1.2298 -2.4952
v -0.5058 1.1881 -2.5060
v -0.5377 1.3421 -2.4663
v -0.3831 1.3106 -2.4932
v -0.4027 1.3401 -2.4856
v 0.4027 1.3401 -2.4856
v 0.3831 1.3106 -2.4932
v -0.4517 1.1328 -2.5107
v -0.5005 1.1930 -2.5101
v 0.5005 1.1930 -2.5101
v 0.4517 1.1328 -2.5107
v -0.4549 1.1253 -2.5060
v -0.5330 1.2328 -2.4993
v -0.5311 1.3364 -2.4727
v -0.4149 1.3421 -2.4663
v -0.4185 1.3364 -2.4727
v -0.3867 1.2996 -2.4772
v -0.3903 1.2940 -2.4836
v 0.3867 1.2996 -2.4772
v 0.3903 1.2940 -2.4836
v -0.4149 1.3449 -2.4773
v -0.3867 1.3025 -2.4883
v 0.8664 1.0544 -1.3994
v 0.8664 1.0544 -2.4163
v 0.9164 0.7350 -2.1194
v 0.9164 0.8914 -2.0478
v 0.9164 0.9411 -2.0123
v 0.9164 0.9736 -1.9618
v 0.9164 0.9852 -1.9018
v 0.9164 0.9852 -1.3624
v 0.9164 0.9705 -1.2989
v 0.9164 0.6201 -0.1304
v 0.9164 0.6201 0.8668
v 0.9164 0.6201 1.1432
v 0.9164 0.6201 -0.8246
v 0.9164 0.6201 -1.0375
v 0.9164 0.8717 1.2028
v 0.8393 1.8938 -1.1494
v 0.8945 1.4410 1.0865
v 0.0000 1.8953 0.8434
v 0.0000 1.8769 0.8396
v 0.8664 1.3421 -2.4163
v 0.9087 1.3528 -2.4586
v 0.9164 1.3421 -2.4663
v 0.5377 1.3421 -2.4663
v 0.4149 1.3421 -2.4663
v 0.8741 1.3528 -1.3917
v 0.8664 1.3421 -1.3994
v 0.4549 1.1253 -2.5060
v 0.5058 1.1881 -2.5060
v 0.9164 1.1881 -2.5060
v 0.9164 0.7350 -2.5060
v 0.3867 1.3025 -2.4883
v 0.9296 1.3074 -1.3239
v 0.9305 1.2037 -1.3534
v 0.9312 1.1839 -2.4711
v 0.9312 1.3074 -2.4393
v 0.9288 1.4080 1.0469
v 0.9288 1.2334 1.0769
v 0.9288 0.6436 0.8464
v 0.9288 0.6436 -0.1100
v 0.9288 1.4090 -0.1126
v 0.9301 1.3200 -1.1770
v 0.8937 1.6047 -1.2271
v 0.8984 1.5862 -1.1091
v 0.7754 1.9694 -1.1039
v -0.4598 1.9728 -1.0884
v 0.4598 1.9728 -1.0884
v 0.7749 1.9728 -1.0884
v 0.8367 1.9102 -1.0792
v 0.8129 1.9559 -1.0856
v 0.8128 1.9576 -0.9893
v 0.8367 1.9117 -0.9882
v 0.8128 1.9637 -0.1222
v 0.8367 1.9178 -0.1211
v 0.8128 1.9878 0.7960
v 0.8367 1.9426 0.8209
v 0.8147 1.9439 -1.1369
v 0.7748 1.9746 -0.9898
v 0.7748 1.9807 -0.1227
v 0.7748 2.0039 0.7576
v -0.2583 2.0039 0.7576
v 0.2583 2.0039 0.7576
v 0.9163 1.4113 -1.0274
v 0.9290 1.4091 -0.1602
v 0.9286 0.6437 -0.1576
v 0.9180 0.6437 -0.8070
v 0.9143 1.3248 -1.1162
v 0.9068 1.5112 -1.0768
v 0.8936 1.4764 0.9549
v 0.8341 1.8938 0.7916
v 0.8338 1.8699 -0.1203
v 0.8337 1.8640 -0.9529
v 0.8832 1.5851 -1.0356
v 0.8939 1.5823 -1.0756
v 0.8866 1.4794 -0.9835
v 0.9036 1.4347 -1.0127
v 0.8991 1.4773 -0.1397
v 0.9164 1.4325 -0.1398
v 0.8963 1.4955 -0.1766
v 0.8366 1.8517 -0.1590
v 0.8365 1.8523 -0.0523
v 0.8963 1.4954 -0.0699
v 0.8364 1.8460 -0.9392
v 0.8830 1.5869 -1.0161
v 0.8839 1.4974 -0.9722
v 0.8908 1.4944 0.9282
v 0.8369 1.8755 0.7792
v 0.8682 1.5067 -0.1910
v 0.8131 1.8326 -0.1750
v 0.8129 1.8272 -0.9277
v 0.8570 1.5844 -0.9998
v 0.8558 1.5085 -0.9627
v 0.8682 1.5064 -0.0539
v 0.8628 1.5055 0.9060
v 0.8135 1.8562 0.7689
v 0.8130 1.8336 -0.0378
v 0.9164 1.2338 1.1007
v 0.9164 1.3238 -1.1404
v 0.9749 1.2336 1.1754
v 0.9749 0.6780 0.9627
v 0.9749 0.6780 1.1421
v 0.9749 0.8722 1.2015
v 0.9749 0.9314 1.2296
v 0.9164 0.9306 1.2307
v 0.9749 0.9717 1.2797
v 0.9164 0.9705 1.2803
v 0.9749 0.9865 1.3436
v 0.9164 0.9852 1.3437
v 0.9749 0.9865 1.9991
v 0.9164 0.9852 1.9990
v 0.9749 0.9816 2.0267
v 0.9164 0.9804 2.0263
v 0.9749 0.9679 2.0508
v 0.9164 0.9669 2.0499
v 0.9749 0.9466 2.0689
v 0.9164 0.9458 2.0679
v 0.9749 0.8729 2.1123
v 0.9164 0.8716 2.1115
v 0.9749 0.8729 2.3075
v 0.7867 0.8716 2.3755
v 0.7867 1.3536 2.3755
v 0.9749 1.3504 2.3075
v 0.9749 1.3504 1.1545
v 0.8824 1.4315 1.0974
v 0.7844 1.8956 0.8434
v 0.7714 1.8772 0.8396
v 0.8357 1.4559 1.0423
v 0.0000 1.4559 1.0423
v 0.9164 1.3421 -1.3494
v 0.9312 0.7702 -2.4711
v 0.9312 0.7702 -2.1419
v 0.9312 0.9093 -2.0782
v 0.9312 0.9672 -2.0369
v 0.9312 1.0069 -1.9750
v 0.9312 1.0204 -1.9052
v 0.9312 1.0204 -1.3584
v 0.9312 1.0030 -1.2833
v 0.9312 0.9531 -1.2213
v 0.9164 0.9306 -1.2494
v 0.9312 0.8900 -1.1913
v 0.9164 0.8717 -1.2214
v 0.9312 0.6553 -1.0198
v 0.9312 0.6553 -0.8786
v 0.8554 1.8764 -1.0351
v 0.8566 1.8760 -1.0748
v 0.8591 1.8636 -1.1281
v 0.8649 1.8220 -1.1564
v 0.4969 1.5508 -1.2811
v 0.4775 1.5657 -1.2641
v 0.4775 1.7242 -1.2124
v 0.4969 1.7382 -1.2200
v 0.8741 1.3528 -2.4240
v 0.9087 1.3528 -1.3571
v 0.5397 1.2298 -2.4952
v 0.5330 1.2328 -2.4993
v 0.4185 1.3364 -2.4727
v 0.5311 1.3364 -2.4727
v 0.4149 1.3449 -2.4773
v 0.0000 1.8769 0.8396
v 0.2177 2.0347 0.7118
v 0.4093 2.0051 -1.0437
v -0.4093 2.0051 -1.0437
v -0.2177 2.0347 0.7118
v -1.1878 1.4788 0.9032
v -1.1878 1.5438 0.9032
v -1.1614 1.5701 0.9032
v -1.0089 1.5701 0.9032
v -0.9823 1.5380 0.9032
v -0.9823 1.4846 0.9032
v -1.0089 1.4524 0.9032
v -1.1614 1.4524 0.9032
v 1.0089 1.4524 0.9032
v 0.9823 1.4846 0.9032
v 0.9823 1.5380 0.9032
v 1.0089 1.5701 0.9032
v 1.1614 1.5701 0.9032
v 1.1878 1.5438 0.9032
v 1.1878 1.4788 0.9032
v 1.1614 1.4524 0.9032
v -0.8682 1.5067 -0.1910
v -0.8131 1.8326 -0.1750
v -0.8129 1.8272 -0.9277
v -0.8628 1.5055 0.9060
v -0.8135 1.8562 0.7689
v -0.8130 1.8336 -0.0378
v -0.8682 1.5064 -0.0539
v 0.8558 1.5085 -0.9627
v 0.8570 1.5844 -0.9998
v 0.8129 1.8272 -0.9277
v 0.8682 1.5067 -0.1910
v 0.8628 1.5055 0.9060
v 0.8682 1.5064 -0.0539
v 0.8130 1.8336 -0.0378
v 0.8135 1.8562 0.7689
v -0.7714 1.8772 0.8396
v -0.8357 1.4559 1.0423
v 0.8357 1.4559 1.0423
v 0.7714 1.8772 0.8396
v -0.4775 1.5657 -1.2641
v -0.4775 1.7242 -1.2124
v -0.3528 1.7959 -1.1890
v 0.3528 1.7959 -1.1890
v 0.4775 1.7242 -1.2124
v 0.4775 1.5657 -1.2641
v -0.8570 1.5844 -0.9998
v -0.8558 1.5085 -0.9627
v 0.8131 1.8326 -0.1750
v -0.9840 1.1020 -1.2501
v -0.8686 1.1020 -1.2501
v -0.8686 1.1020 -2.0464
v -0.9840 1.1020 -2.0464
v -0.9840 1.0884 -1.1887
v -0.8686 1.0884 -1.1887
v -0.9840 1.0512 -1.1396
v -0.8686 1.0512 -1.1396
v -0.9840 0.9955 -1.1081
v -0.8686 0.9955 -1.1081
v -0.9840 0.3847 -0.8985
v -0.8686 0.3847 -0.8985
v -0.9840 0.3872 -1.0576
v -0.8686 0.3872 -1.0576
v -0.9840 0.3922 -1.0810
v -0.8686 0.3922 -1.0810
v -0.9840 0.4062 -1.0999
v -0.8686 0.4062 -1.0999
v -0.9840 0.4271 -1.1116
v -0.8686 0.4271 -1.1116
v -0.9840 0.8350 -1.2639
v -0.8686 0.8350 -1.2639
v -0.9840 0.8781 -1.2880
v -0.8686 0.8781 -1.2880
v -0.9840 0.9069 -1.3269
v -0.8686 0.9069 -1.3269
v -0.9840 0.9174 -1.3752
v -0.8686 0.9174 -1.3752
v -0.9840 0.9174 -1.9098
v -0.8686 0.9174 -1.9098
v -0.9840 0.9119 -1.9429
v -0.8686 0.9119 -1.9429
v -0.9840 0.8963 -1.9722
v -0.8686 0.8963 -1.9722
v -0.9840 0.8719 -1.9952
v -0.8686 0.8719 -1.9952
v -0.9840 0.7154 -2.0697
v -0.8686 0.7154 -2.0697
v -0.9840 0.7154 -2.2412
v -0.8686 0.7154 -2.2412
v -0.9840 0.7226 -2.2601
v -0.8686 0.7226 -2.2601
v -0.9840 0.7395 -2.2693
v -0.8686 0.7395 -2.2693
v -0.9840 0.7592 -2.2650
v -0.8686 0.7592 -2.2650
v -0.9840 1.0615 -2.1209
v -0.8686 1.0615 -2.1209
v -0.9840 1.0832 -2.1010
v -0.8686 1.0832 -2.1010
v -0.9840 1.0971 -2.0754
v -0.8686 1.0971 -2.0754
v -1.0250 0.7503 -2.2404
v -1.0250 0.7435 -2.2418
v -1.0250 0.7434 -2.2418
v -1.0250 0.7414 -2.2364
v -1.0250 0.7414 -2.0835
v -1.0250 0.8882 -2.0156
v -1.0250 0.9173 -1.9882
v -1.0250 1.0464 -2.0994
v -1.0250 1.0625 -2.0847
v -1.0250 1.0722 -2.0668
v -1.0250 1.0760 -2.0442
v -1.0250 0.9369 -1.9514
v -1.0250 0.9434 -1.9119
v -1.0250 0.9434 -1.3724
v -1.0250 0.9311 -1.3159
v -1.0250 1.0760 -1.2530
v -1.0250 1.0643 -1.1999
v -1.0250 0.8957 -1.2681
v -1.0250 1.0337 -1.1596
v -1.0250 0.9851 -1.1321
v -1.0250 0.8453 -1.2398
v -1.0250 0.4374 -1.0875
v -1.0250 0.4238 -1.0799
v -1.0250 0.4165 -1.0701
v -1.0250 0.4132 -1.0548
v -1.0250 0.4107 -0.9341
v -0.9840 1.1020 1.2894
v -0.9840 1.1020 2.0857
v -0.8686 1.1020 2.0857
v -0.8686 1.1020 1.2894
v -0.9840 1.0884 1.2280
v -0.8686 1.0884 1.2280
v -0.9840 1.0512 1.1789
v -0.8686 1.0512 1.1789
v -0.9840 0.9955 1.1474
v -0.8686 0.9955 1.1474
v -0.9840 0.3872 0.9768
v -0.8686 0.3872 0.9768
v -0.9840 0.3872 1.1315
v -0.8686 0.3872 1.1315
v -0.9840 0.3922 1.1549
v -0.8686 0.3922 1.1549
v -0.9840 0.4062 1.1738
v -0.8686 0.4062 1.1738
v -0.9840 0.4271 1.1855
v -0.8686 0.4271 1.1855
v -0.9840 0.8350 1.3032
v -0.8686 0.8350 1.3032
v -0.9840 0.8781 1.3273
v -0.8686 0.8781 1.3273
v -0.9840 0.9069 1.3662
v -0.8686 0.9069 1.3662
v -0.9840 0.9174 1.4145
v -0.8686 0.9174 1.4145
v -0.9840 0.9174 1.9491
v -0.8686 0.9174 1.9491
v -0.9840 0.9119 1.9822
v -0.8686 0.9119 1.9822
v -0.9840 0.8963 2.0115
v -0.8686 0.8963 2.0115
v -0.9840 0.8719 2.0345
v -0.8686 0.8719 2.0345
v -0.9840 0.7693 2.0904
v -0.8686 0.7693 2.0904
v -0.9840 0.7693 2.2662
v -0.8686 0.7693 2.2662
v -0.9840 0.7765 2.2851
v -0.8686 0.7765 2.2851
v -0.9840 0.7934 2.2943
v -0.8686 0.7934 2.2943
v -0.9840 0.8131 2.2901
v -0.8686 0.8131 2.2901
v -0.9840 1.0615 2.1602
v -0.8686 1.0615 2.1602
v -0.9840 1.0832 2.1403
v -0.8686 1.0832 2.1403
v -0.9840 1.0971 2.1147
v -0.8686 1.0971 2.1147
v -1.0250 0.9851 1.1714
v -1.0250 0.4132 1.0125
v -1.0250 0.4132 1.1287
v -1.0250 0.4165 1.1440
v -1.0250 0.4238 1.1538
v -1.0250 0.4374 1.1614
v -1.0250 0.8453 1.2791
v -1.0250 0.8957 1.3074
v -1.0250 0.7974 2.2668
v -1.0250 0.7974 2.2668
v -1.0250 0.8042 2.2654
v -1.0250 0.7953 2.2614
v -1.0250 0.7953 2.1043
v -1.0250 0.8882 2.0549
v -1.0250 0.9173 2.0275
v -1.0250 1.0464 2.1387
v -1.0250 1.0625 2.1240
v -1.0250 1.0722 2.1061
v -1.0250 1.0760 2.0835
v -1.0250 0.9369 1.9907
v -1.0250 0.9434 1.9512
v -1.0250 0.9434 1.4117
v -1.0250 0.9311 1.3553
v -1.0250 1.0760 1.2923
v -1.0250 1.0643 1.2392
v -1.0250 1.0337 1.1989
v -0.6954 1.1907 -2.5115
v -0.6954 1.1907 -2.4130
v -0.6954 0.8245 -2.4130
v -0.6954 0.8245 -2.5115
v -0.7325 1.1907 -2.5232
v -0.7325 0.8245 -2.5232
v -0.9282 1.1907 -2.5232
v -0.9282 0.8245 -2.5232
v -0.9472 1.1907 -2.5115
v -0.9472 0.8245 -2.5115
v -0.9472 1.1907 -2.3879
v -0.9472 0.8245 -2.3879
v -0.9354 1.1907 -2.3636
v -0.9354 0.8245 -2.3636
v -0.8629 1.1907 -2.3636
v -0.8629 0.8245 -2.3636
v -0.8629 1.1907 -2.4130
v -0.8629 0.8245 -2.4130
v -0.8966 1.3673 -2.3745
v -0.8738 1.3673 -2.3745
v -0.8738 1.3673 -2.4239
v -0.7316 1.3673 -2.4239
v -0.7316 1.3673 -2.4898
v -0.7370 1.3673 -2.4951
v -0.8966 1.3673 -2.4951
v -0.9020 1.3673 -2.4898
v -0.9020 1.3673 -2.3924
v -0.6954 1.3601 -2.4943
v -0.6954 1.3601 -2.4130
v -0.7325 1.3601 -2.5060
v -0.9188 1.3601 -2.5060
v -0.9378 1.3601 -2.4943
v -0.9378 1.3601 -2.3879
v -0.9261 1.3601 -2.3636
v -0.8629 1.3601 -2.3636
v -0.8629 1.3601 -2.4130
v -0.9809 0.8372 -2.5207
v -0.9809 0.8372 -2.2220
v -0.9239 0.8372 -2.2220
v -0.9239 0.8372 -2.4351
v -0.9939 0.6380 -2.5261
v -0.9939 0.6380 -2.3356
v -0.9939 0.8200 -2.2493
v -0.9939 0.8200 -2.5261
v -0.9239 0.6208 -2.4351
v -0.9239 0.6208 -2.3247
v -0.9809 0.6208 -2.3247
v -0.9809 0.6208 -2.5207
v -0.9335 0.8372 -2.5687
v -0.8647 0.8372 -2.4741
v -0.9389 0.6380 -2.5817
v -0.9389 0.8200 -2.5817
v -0.8647 0.6208 -2.4741
v -0.9335 0.6208 -2.5687
v -0.6936 0.8200 -2.5817
v -0.6936 0.6380 -2.5817
v -0.6764 0.8372 -2.5687
v -0.6764 0.6208 -2.5687
v -0.1674 0.6208 -2.5550
v -0.1674 0.8372 -2.5550
v -0.1674 0.8372 -2.5405
v -0.1674 0.6967 -2.5405
v -0.1674 0.6208 -2.5405
v -0.1810 0.6208 -2.5687
v -0.1810 0.8372 -2.5687
v -0.1905 0.8277 -2.5793
v -0.1905 0.6302 -2.5793
v -0.3332 0.6302 -2.5793
v -0.3332 0.7022 -2.5793
v -0.3699 0.7389 -2.5793
v -0.6669 0.8277 -2.5793
v -0.5176 0.7389 -2.5793
v -0.6669 0.6302 -2.5793
v -0.5543 0.7022 -2.5793
v -0.5543 0.6302 -2.5793
v -0.5448 0.6208 -2.4741
v -0.5448 0.6208 -2.5687
v -0.5448 0.6983 -2.5687
v -0.5448 0.6983 -2.4741
v -0.5137 0.7294 -2.4741
v -0.5137 0.7294 -2.5687
v -0.3738 0.7294 -2.5687
v -0.3738 0.7294 -2.4741
v -0.3427 0.6983 -2.4741
v -0.3427 0.6983 -2.5687
v -0.3427 0.6208 -2.5687
v -0.3427 0.6208 -2.4741
v -0.1674 0.6208 -2.4741
v 0.0000 0.6909 -2.5361
v 0.0000 0.6909 -2.4785
v -0.1630 0.6909 -2.4785
v -0.1630 0.6909 -2.5361
v -0.1674 0.6967 -2.4741
v 0.0000 0.6967 -2.4741
v 0.0000 0.8372 -2.4741
v 0.0000 0.6967 -2.5405
v -0.9018 0.4330 -0.9442
v -0.9018 0.6267 -1.0128
v -0.9018 0.6267 1.0748
v -0.9018 0.4330 1.0213
v -0.9814 0.4330 -0.9442
v -0.9814 0.4330 1.0213
v -0.9628 0.6040 1.0686
v -0.9628 0.6040 -1.0048
v -0.9018 0.4126 -0.9442
v -0.9018 0.4126 1.0213
v -0.9502 0.4126 1.0213
v -0.9502 0.4126 -0.9442
v -0.9403 0.6267 1.0748
v -0.9403 0.6267 -1.0128
v -1.0192 0.4270 -0.9442
v -1.0192 0.4126 -0.9442
v -1.0192 0.4126 1.0213
v -1.0192 0.4270 1.0213
v -1.0132 0.4330 -0.9442
v -1.0132 0.4330 1.0213
v 0.0000 0.8372 -2.5405
v 0.9840 1.1020 -1.2501
v 0.9840 1.1020 -2.0464
v 0.8686 1.1020 -2.0464
v 0.8686 1.1020 -1.2501
v 0.9840 1.0884 -1.1887
v 0.8686 1.0884 -1.1887
v 0.9840 1.0512 -1.1396
v 0.8686 1.0512 -1.1396
v 0.9840 0.9955 -1.1081
v 0.8686 0.9955 -1.1081
v 0.9840 0.3847 -0.8985
v 0.8686 0.3847 -0.8985
v 0.9840 0.3872 -1.0576
v 0.8686 0.3872 -1.0576
v 0.9840 0.3922 -1.0810
v 0.8686 0.3922 -1.0810
v 0.9840 0.4062 -1.0999
v 0.8686 0.4062 -1.0999
v 0.9840 0.4271 -1.1116
v 0.8686 0.4271 -1.1116
v 0.9840 0.8350 -1.2639
v 0.8686 0.8350 -1.2639
v 0.9840 0.8781 -1.2880
v 0.8686 0.8781 -1.2880
v 0.9840 0.9069 -1.3269
v 0.8686 0.9069 -1.3269
v 0.9840 0.9174 -1.3752
v 0.8686 0.9174 -1.3752
v 0.9840 0.9174 -1.9098
v 0.8686 0.9174 -1.9098
v 0.9840 0.9119 -1.9429
v 0.8686 0.9119 -1.9429
v 0.9840 0.8963 -1.9722
v 0.8686 0.8963 -1.9722
v 0.9840 0.8719 -1.9952
v 0.8686 0.8719 -1.9952
v 0.9840 0.7154 -2.0697
v 0.8686 0.7154 -2.0697
v 0.9840 0.7154 -2.2412
v 0.8686 0.7154 -2.2412
v 0.9840 0.7226 -2.2601
v 0.8686 0.7226 -2.2601
v 0.9840 0.7395 -2.2693
v 0.8686 0.7395 -2.2693
v 0.9840 0.7592 -2.2650
v 0.8686 0.7592 -2.2650
v 0.9840 1.0615 -2.1209
v 0.8686 1.0615 -2.1209
v 0.9840 1.0832 -2.1010
v 0.8686 1.0832 -2.1010
v 0.9840 1.0971 -2.0754
v 0.8686 1.0971 -2.0754
v 1.0250 0.9851 -1.1321
v 1.0250 0.4107 -0.9341
v 1.0250 0.4132 -1.0548
v 1.0250 0.4165 -1.0701
v 1.0250 0.4238 -1.0799
v 1.0250 0.4374 -1.0875
v 1.0250 0.8453 -1.2398
v 1.0250 0.8957 -1.2681
v 1.0250 0.7434 -2.2418
v 1.0250 0.7435 -2.2418
v 1.0250 0.7503 -2.2404
v 1.0250 0.7414 -2.2364
v 1.0250 0.7414 -2.0835
v 1.0250 0.8882 -2.0156
v 1.0250 0.9173 -1.9882
v 1.0250 1.0464 -2.0994
v 1.0250 1.0625 -2.0847
v 1.0250 1.0722 -2.0668
v 1.0250 1.0760 -2.0442
v 1.0250 0.9369 -1.9514
v 1.0250 0.9434 -1.9119
v 1.0250 0.9434 -1.3724
v 1.0250 0.9311 -1.3159
v 1.0250 1.0760 -1.2530
v 1.0250 1.0643 -1.1999
v 1.0250 1.0337 -1.1596
v 0.9840 1.1020 1.2894
v 0.8686 1.1020 1.2894
v 0.8686 1.1020 2.0857
v 0.9840 1.1020 2.0857
v 0.9840 1.0884 1.2280
v 0.8686 1.0884 1.2280
v 0.9840 1.0512 1.1789
v 0.8686 1.0512 1.1789
v 0.9840 0.9955 1.1474
v 0.8686 0.9955 1.1474
v 0.9840 0.3872 0.9768
v 0.8686 0.3872 0.9768
v 0.9840 0.3872 1.1315
v 0.8686 0.3872 1.1315
v 0.9840 0.3922 1.1549
v 0.8686 0.3922 1.1549
v 0.9840 0.4062 1.1738
v 0.8686 0.4062 1.1738
v 0.9840 0.4271 1.1855
v 0.8686 0.4271 1.1855
v 0.9840 0.8350 1.3032
v 0.8686 0.8350 1.3032
v 0.9840 0.8781 1.3273
v 0.8686 0.8781 1.3273
v 0.9840 0.9069 1.3662
v 0.8686 0.9069 1.3662
v 0.9840 0.9174 1.4145
v 0.8686 0.9174 1.4145
v 0.9840 0.9174 1.9491
v 0.8686 0.9174 1.9491
v 0.9840 0.9119 1.9822
v 0.8686 0.9119 1.9822
v 0.9840 0.8963 2.0115
v 0.8686 0.8963 2.0115
v 0.9840 0.8719 2.0345
v 0.8686 0.8719 2.0345
v 0.9840 0.7693 2.0904
v 0.8686 0.7693 2.0904
v 0.9840 0.7693 2.2662
v 0.8686 0.7693 2.2662
v 0.9840 0.7765 2.2851
v 0.8686 0.7765 2.2851
v 0.9840 0.7934 2.2943
v 0.8686 0.7934 2.2943
v 0.9840 0.8131 2.2901
v 0.8686 0.8131 2.2901
v 0.9840 1.0615 2.1602
v 0.8686 1.0615 2.1602
v 0.9840 1.0832 2.1403
v 0.8686 1.0832 2.1403
v 0.9840 1.0971 2.1147
v 0.8686 1.0971 2.1147
v 1.0250 0.8042 2.2654
v 1.0250 0.7974 2.2668
v 1.0250 0.7974 2.2668
v 1.0250 0.7953 2.2614
v 1.0250 0.7953 2.1043
v 1.0250 0.8882 2.0549
v 1.0250 0.9173 2.0275
v 1.0250 1.0464 2.1387
v 1.0250 1.0625 2.1240
v 1.0250 1.0722 2.1061
v 1.0250 1.0760 2.0835
v 1.0250 0.9369 1.9907
v 1.0250 0.9434 1.9512
v 1.0250 0.9434 1.4117
v 1.0250 0.9311 1.3553
v 1.0250 1.0760 1.2923
v 1.0250 1.0643 1.2392
v 1.0250 0.8957 1.3074
v 1.0250 1.0337 1.1989
v 1.0250 0.9851 1.1714
v 1.0250 0.8453 1.2791
v 1.0250 0.4374 1.1614
v 1.0250 0.4238 1.1538
v 1.0250 0.4165 1.1440
v 1.0250 0.4132 1.1287
v 1.0250 0.4132 1.0125
v 0.6954 1.1907 -2.5115
v 0.6954 0.8245 -2.5115
v 0.6954 0.8245 -2.4130
v 0.6954 1.1907 -2.4130
v 0.7325 1.1907 -2.5232
v 0.7325 0.8245 -2.5232
v 0.9282 1.1907 -2.5232
v 0.9282 0.8245 -2.5232
v 0.9472 1.1907 -2.5115
v 0.9472 0.8245 -2.5115
v 0.9472 1.1907 -2.3879
v 0.9472 0.8245 -2.3879
v 0.9354 1.1907 -2.3636
v 0.9354 0.8245 -2.3636
v 0.8629 1.1907 -2.3636
v 0.8629 0.8245 -2.3636
v 0.8629 1.1907 -2.4130
v 0.8629 0.8245 -2.4130
v 0.7370 1.3673 -2.4951
v 0.7316 1.3673 -2.4898
v 0.7316 1.3673 -2.4239
v 0.8738 1.3673 -2.4239
v 0.8966 1.3673 -2.4951
v 0.9020 1.3673 -2.4898
v 0.9020 1.3673 -2.3924
v 0.8966 1.3673 -2.3745
v 0.8738 1.3673 -2.3745
v 0.6954 1.3601 -2.4130
v 0.6954 1.3601 -2.4943
v 0.7325 1.3601 -2.5060
v 0.9188 1.3601 -2.5060
v 0.9378 1.3601 -2.4943
v 0.9378 1.3601 -2.3879
v 0.9261 1.3601 -2.3636
v 0.8629 1.3601 -2.3636
v 0.8629 1.3601 -2.4130
v 0.9809 0.8372 -2.5207
v 0.9239 0.8372 -2.4351
v 0.9239 0.8372 -2.2220
v 0.9809 0.8372 -2.2220
v 0.9939 0.6380 -2.5261
v 0.9939 0.8200 -2.5261
v 0.9939 0.8200 -2.2493
v 0.9939 0.6380 -2.3356
v 0.9239 0.6208 -2.4351
v 0.9809 0.6208 -2.5207
v 0.9809 0.6208 -2.3247
v 0.9239 0.6208 -2.3247
v 0.9335 0.8372 -2.5687
v 0.8647 0.8372 -2.4741
v 0.9389 0.6380 -2.5817
v 0.9389 0.8200 -2.5817
v 0.8647 0.6208 -2.4741
v 0.9335 0.6208 -2.5687
v 0.6936 0.8200 -2.5817
v 0.6936 0.6380 -2.5817
v 0.6764 0.8372 -2.5687
v 0.6764 0.6208 -2.5687
v 0.1674 0.6208 -2.5550
v 0.1674 0.6208 -2.5405
v 0.1674 0.6967 -2.5405
v 0.1674 0.8372 -2.5405
v 0.1674 0.8372 -2.5550
v 0.1810 0.8372 -2.5687
v 0.1810 0.6208 -2.5687
v 0.3332 0.6302 -2.5793
v 0.1905 0.6302 -2.5793
v 0.1905 0.8277 -2.5793
v 0.3332 0.7022 -2.5793
v 0.3699 0.7389 -2.5793
v 0.6669 0.8277 -2.5793
v 0.5176 0.7389 -2.5793
v 0.6669 0.6302 -2.5793
v 0.5543 0.7022 -2.5793
v 0.5543 0.6302 -2.5793
v 0.5448 0.6208 -2.4741
v 0.5448 0.6208 -2.5687
v 0.5448 0.6983 -2.4741
v 0.5448 0.6983 -2.5687
v 0.5137 0.7294 -2.4741
v 0.3738 0.7294 -2.4741
v 0.3738 0.7294 -2.5687
v 0.5137 0.7294 -2.5687
v 0.3427 0.6983 -2.4741
v 0.3427 0.6208 -2.4741
v 0.3427 0.6208 -2.5687
v 0.3427 0.6983 -2.5687
v 0.1674 0.6208 -2.4741
v 0.1630 0.6909 -2.5361
v 0.1630 0.6909 -2.4785
v 0.1674 0.6967 -2.4741
v 0.9018 0.4330 -0.9442
v 0.9018 0.4330 1.0213
v 0.9018 0.6267 1.0748
v 0.9018 0.6267 -1.0128
v 0.9814 0.4330 -0.9442
v 0.9628 0.6040 -1.0048
v 0.9628 0.6040 1.0686
v 0.9814 0.4330 1.0213
v 0.9018 0.4126 -0.9442
v 0.9502 0.4126 -0.9442
v 0.9502 0.4126 1.0213
v 0.9018 0.4126 1.0213
v 0.9403 0.6267 1.0748
v 0.9403 0.6267 -1.0128
v 1.0192 0.4270 -0.9442
v 1.0192 0.4270 1.0213
v 1.0192 0.4126 1.0213
v 1.0192 0.4126 -0.9442
v 1.0132 0.4330 1.0213
v 1.0132 0.4330 -0.9442
v 0.5566 0.7450 2.4229
v 0.4890 0.8450 2.4360
v -0.4941 0.8450 2.4360
v -0.5616 0.7450 2.4229
v -0.7151 0.7277 2.0997
v -1.0662 0.7277 2.0997
v -1.0662 0.9693 2.0187
v -0.7151 0.9693 2.0187
v -0.7201 0.8411 2.4657
v -0.7191 0.9942 2.4858
v -1.0927 0.9954 2.3608
v -0.7208 0.7411 2.4526
v -1.1001 0.7437 2.3211
v -0.7151 1.0211 1.9254
v -0.7151 0.7277 1.7574
v -0.7151 1.0211 1.7574
v -0.7151 0.7277 2.4191
v -1.0662 0.7277 2.2991
v -1.0961 0.7483 2.1112
v -1.0886 0.9699 2.0427
v -1.0886 1.0004 2.0597
v -0.7151 1.0211 2.0475
v -1.0662 1.0211 2.0475
v -1.0662 1.0211 2.3411
v -0.7151 1.0211 2.4611
v -0.7151 0.4491 2.0997
v -0.7151 0.4491 2.2324
v -0.7151 0.5884 2.3258
v -0.7151 0.4491 1.7574
v -0.2450 0.4628 2.2553
v 0.2490 0.4628 2.2553
v 0.3165 0.6021 2.3487
v -0.3125 0.6021 2.3487
v -0.6909 0.5820 2.3352
v -0.6909 0.4628 2.2553
v -0.5357 0.4628 2.2553
v -0.4712 0.6021 2.3487
v -0.4470 0.5905 2.2284
v -0.5115 0.4491 2.1351
v -0.2692 0.4491 2.1351
v -0.3367 0.5905 2.2284
v -0.2692 0.4491 2.2324
v -0.3367 0.5905 2.3258
v -0.4470 0.5905 2.3258
v -0.5115 0.4491 2.2324
v 0.7191 0.4491 1.7574
v 0.7191 0.4491 2.2324
v 0.5155 0.4491 2.2324
v 0.5155 0.4491 2.1351
v 0.7191 0.4491 2.0997
v 0.2732 0.4491 2.1351
v 0.2732 0.4491 2.2324
v -0.6909 0.7013 2.4151
v 0.7191 0.7277 1.7574
v 0.7191 0.7277 -2.2972
v -0.7151 0.7277 -2.2972
v -0.7151 0.6306 -2.2972
v -0.7151 0.4491 -2.2972
v 0.4752 0.6021 2.3487
v 0.6949 0.5820 2.3352
v 0.6949 0.7013 2.4151
v 0.7191 1.0211 1.7574
v 0.7191 0.7277 2.0997
v 0.7191 0.9693 2.0187
v 1.0702 0.9693 2.0187
v 1.0702 0.7277 2.0997
v 0.7247 0.7411 2.4526
v 1.1041 0.7437 2.3211
v 1.0967 0.9954 2.3608
v 0.7231 0.9942 2.4858
v 0.7241 0.8411 2.4657
v 0.7191 1.0211 1.9254
v 1.0702 0.7277 2.2991
v 0.7191 0.7277 2.4191
v 1.1000 0.7483 2.1112
v 1.0915 0.9699 2.0427
v 1.0915 1.0004 2.0597
v 0.7191 1.0211 2.0475
v 0.7191 1.0211 2.4611
v 1.0702 1.0211 2.3411
v 1.0702 1.0211 2.0475
v 0.7191 0.6306 -2.2972
v 0.7191 0.5884 2.3258
v 0.5397 0.4628 2.2553
v 0.6949 0.4628 2.2553
v 0.4510 0.5905 2.2284
v 0.3407 0.5905 2.2284
v 0.3407 0.5905 2.3258
v 0.4510 0.5905 2.3258
v 0.7191 0.4491 -2.2972
v 0.7030 0.4589 -2.4429
v -0.6990 0.4589 -2.4429
v -0.6990 0.6117 -2.5202
v 0.7030 0.6117 -2.5202
v -0.7151 0.6306 -2.5185
v -0.7151 0.4491 -2.4267
v 0.7191 0.6306 -2.5185
v 0.7191 0.4491 -2.4267
v 0.7071 0.9776 2.4886
v -0.7031 0.9776 2.4886
v -0.7040 0.8404 2.4707
v -0.5027 0.8564 2.4728
v 0.4976 0.8564 2.4728
v 0.7080 0.8404 2.4707
v 0.5652 0.7564 2.4597
v 0.7085 0.7564 2.4597
v -0.7046 0.7564 2.4597
v -0.5702 0.7564 2.4597
v 0.5566 0.7411 2.4526
v 0.4890 0.8411 2.4657
v -0.4941 0.8411 2.4657
v -0.5616 0.7411 2.4526
v -0.5616 0.7292 2.4229
v 0.5566 0.7292 2.4229
v -1.0965 0.4370 -1.2394
v -1.0965 0.5750 -1.2637
v -1.0965 0.5486 -1.3363
v -1.0965 0.4370 -1.3166
v -1.0965 0.6962 -1.3337
v -1.0965 0.6466 -1.3929
v -1.0965 0.7862 -1.4410
v -1.0965 0.7194 -1.4796
v -1.0965 0.8341 -1.5726
v -1.0965 0.7581 -1.5860
v -1.0965 0.8341 -1.7126
v -1.0965 0.7581 -1.6992
v -1.0965 0.7862 -1.8442
v -1.0965 0.7194 -1.8056
v -1.0965 0.6962 -1.9515
v -1.0965 0.6466 -1.8924
v -1.0965 0.5750 -2.0215
v -1.0965 0.5486 -1.9490
v -1.0965 0.4370 -2.0458
v -1.0965 0.4370 -1.9687
v -1.0965 0.2991 -2.0215
v -1.0965 0.3255 -1.9490
v -1.0965 0.1779 -1.9515
v -1.0965 0.2275 -1.8924
v -1.0965 0.0878 -1.8442
v -1.0965 0.1547 -1.8056
v -1.0965 0.0400 -1.7126
v -1.0965 0.1160 -1.6992
v -1.0965 0.0400 -1.5726
v -1.0965 0.1160 -1.5860
v -1.0965 0.0878 -1.4410
v -1.0965 0.1547 -1.4796
v -1.0965 0.1779 -1.3337
v -1.0965 0.2275 -1.3929
v -1.0965 0.2991 -1.2637
v -1.0965 0.3255 -1.3363
v -1.0550 0.4370 -1.2185
v -1.0550 0.5821 -1.2441
v -1.0550 0.7097 -1.3177
v -1.0550 0.8043 -1.4306
v -1.0550 0.8547 -1.5690
v -1.0550 0.8547 -1.7163
v -1.0550 0.8043 -1.8547
v -1.0550 0.7097 -1.9675
v -1.0550 0.5821 -2.0412
v -1.0550 0.4370 -2.0667
v -1.0550 0.2920 -2.0412
v -1.0550 0.1644 -1.9675
v -1.0550 0.0697 -1.8547
v -1.0550 0.0194 -1.7163
v -1.0550 0.0194 -1.5690
v -1.0550 0.0697 -1.4306
v -1.0550 0.1644 -1.3177
v -1.0550 0.2920 -1.2441
v -1.0550 0.5313 -1.3838
v -1.0550 0.4370 -1.3671
v -1.0550 0.3428 -1.3838
v -1.0550 0.2600 -1.4316
v -1.0550 0.1985 -1.5049
v -1.0550 0.1657 -1.5948
v -1.0550 0.1657 -1.6905
v -1.0550 0.1985 -1.7804
v -1.0550 0.2600 -1.8537
v -1.0550 0.3428 -1.9015
v -1.0550 0.4370 -1.9181
v -1.0550 0.5313 -1.9015
v -1.0550 0.6141 -1.8537
v -1.0550 0.6756 -1.7804
v -1.0550 0.7083 -1.6905
v -1.0550 0.7083 -1.5948
v -1.0550 0.6756 -1.5049
v -1.0550 0.6141 -1.4316
v -1.0515 0.5873 -1.2261
v -1.0515 0.4527 -1.2043
v -0.9361 0.5939 -1.2285
v -0.9364 0.7107 -1.2982
v -0.9363 0.7097 -1.3177
v -0.9363 0.8043 -1.4306
v -1.0515 0.8199 -1.4201
v -1.0515 0.7307 -1.3169
v -0.9361 0.8234 -1.4262
v -0.9364 0.8680 -1.5547
v -0.9363 0.8547 -1.5690
v -0.9363 0.8547 -1.7163
v -1.0515 0.8733 -1.7183
v -1.0515 0.8714 -1.5819
v -0.9361 0.8721 -1.7251
v -0.9364 0.8237 -1.8523
v -0.9363 0.8043 -1.8547
v -0.9363 0.7097 -1.9675
v -1.0515 0.7226 -1.9810
v -1.0515 0.8088 -1.8753
v -0.9361 0.7173 -1.9855
v -0.9364 0.5985 -2.0518
v -0.9363 0.5821 -2.0412
v -0.9363 0.4370 -2.0667
v -1.0515 0.4383 -2.0854
v -1.0515 0.5723 -2.0598
v -0.9361 0.4313 -2.0854
v -0.9364 0.2977 -2.0598
v -0.9363 0.2920 -2.0412
v -0.9363 0.1644 -1.9675
v -1.0515 0.1534 -1.9826
v -1.0515 0.2725 -2.0491
v -0.9361 0.1481 -1.9781
v -0.9364 0.0621 -1.8727
v -0.9363 0.0697 -1.8547
v -0.9363 0.0194 -1.7163
v -1.0515 0.0012 -1.7207
v -1.0515 0.0497 -1.8482
v -0.9361 0.0000 -1.7139
v -0.9364 0.0020 -1.5778
v -0.9363 0.0194 -1.5690
v -0.9363 0.0697 -1.4306
v -1.0515 0.0530 -1.4223
v -1.0515 0.0081 -1.5511
v -0.9361 0.0564 -1.4163
v -0.9364 0.1454 -1.3134
v -0.9363 0.1644 -1.3177
v -0.9363 0.2920 -1.2441
v -1.0515 0.2844 -1.2270
v -1.0515 0.1673 -1.2968
v -0.9361 0.2910 -1.2246
v -0.9364 0.4253 -1.2029
v -0.9363 0.4370 -1.2185
v -0.9363 0.5821 -1.2441
v -0.7879 0.4370 -1.2394
v -0.7879 0.4370 -1.3166
v -0.7879 0.5486 -1.3363
v -0.7879 0.5750 -1.2637
v -0.7879 0.6466 -1.3929
v -0.7879 0.6962 -1.3337
v -0.7879 0.7194 -1.4796
v -0.7879 0.7862 -1.4410
v -0.7879 0.7581 -1.5860
v -0.7879 0.8341 -1.5726
v -0.7879 0.7581 -1.6992
v -0.7879 0.8341 -1.7126
v -0.7879 0.7194 -1.8056
v -0.7879 0.7862 -1.8442
v -0.7879 0.6466 -1.8924
v -0.7879 0.6962 -1.9515
v -0.7879 0.5486 -1.9490
v -0.7879 0.5750 -2.0215
v -0.7879 0.4370 -1.9687
v -0.7879 0.4370 -2.0458
v -0.7879 0.3255 -1.9490
v -0.7879 0.2991 -2.0215
v -0.7879 0.2275 -1.8924
v -0.7879 0.1779 -1.9515
v -0.7879 0.1547 -1.8056
v -0.7879 0.0878 -1.8442
v -0.7879 0.1160 -1.6992
v -0.7879 0.0400 -1.7126
v -0.7879 0.1160 -1.5860
v -0.7879 0.0400 -1.5726
v -0.7879 0.1547 -1.4796
v -0.7879 0.0878 -1.4410
v -0.7879 0.2275 -1.3929
v -0.7879 0.1779 -1.3337
v -0.7879 0.3255 -1.3363
v -0.7879 0.2991 -1.2637
v -0.8294 0.4370 -1.2185
v -0.8294 0.5821 -1.2441
v -0.8294 0.7097 -1.3177
v -0.8294 0.8043 -1.4306
v -0.8294 0.8547 -1.5690
v -0.8294 0.8547 -1.7163
v -0.8294 0.8043 -1.8547
v -0.8294 0.7097 -1.9675
v -0.8294 0.5821 -2.0412
v -0.8294 0.4370 -2.0667
v -0.8294 0.2920 -2.0412
v -0.8294 0.1644 -1.9675
v -0.8294 0.0697 -1.8547
v -0.8294 0.0194 -1.7163
v -0.8294 0.0194 -1.5690
v -0.8294 0.0697 -1.4306
v -0.8294 0.1644 -1.3177
v -0.8294 0.2920 -1.2441
v -0.8294 0.5313 -1.3838
v -0.8294 0.4370 -1.3671
v -0.8294 0.3428 -1.3838
v -0.8294 0.2600 -1.4316
v -0.8294 0.1985 -1.5049
v -0.8294 0.1657 -1.5948
v -0.8294 0.1657 -1.6905
v -0.8294 0.1985 -1.7804
v -0.8294 0.2600 -1.8537
v -0.8294 0.3428 -1.9015
v -0.8294 0.4370 -1.9181
v -0.8294 0.5313 -1.9015
v -0.8294 0.6141 -1.8537
v -0.8294 0.6756 -1.7804
v -0.8294 0.7083 -1.6905
v -0.8294 0.7083 -1.5948
v -0.8294 0.6756 -1.5049
v -0.8294 0.6141 -1.4316
v -0.8329 0.5874 -1.2262
v -0.8329 0.4535 -1.2046
v -0.8329 0.8199 -1.4202
v -0.8329 0.7312 -1.3176
v -0.8329 0.8733 -1.7184
v -0.8329 0.8712 -1.5827
v -0.8329 0.7225 -1.9811
v -0.8329 0.8082 -1.8758
v -0.8329 0.4382 -2.0854
v -0.8329 0.5714 -2.0598
v -0.8329 0.1533 -1.9826
v -0.8329 0.2718 -2.0486
v -0.8329 0.0012 -1.7206
v -0.8329 0.0495 -1.8474
v -0.8329 0.0530 -1.4222
v -0.8329 0.0086 -1.5504
v -0.8329 0.2845 -1.2269
v -0.8329 0.1681 -1.2965
v -1.0550 0.4405 -1.2089
v -1.0550 0.5856 -1.2345
v -0.9363 0.5856 -1.2345
v -0.8294 0.4405 -1.2089
v -0.8294 0.5856 -1.2345
v -0.9363 0.7131 -1.3082
v -1.0550 0.7185 -1.3126
v -1.0550 0.8132 -1.4255
v -0.9363 0.8132 -1.4255
v -0.8294 0.7185 -1.3126
v -0.8294 0.8132 -1.4255
v -0.9363 0.8635 -1.5639
v -1.0550 0.8647 -1.5707
v -1.0550 0.8647 -1.7180
v -0.9363 0.8647 -1.7180
v -0.8294 0.8647 -1.5707
v -0.8294 0.8647 -1.7180
v -0.9363 0.8144 -1.8565
v -1.0550 0.8109 -1.8625
v -1.0550 0.7162 -1.9753
v -0.9363 0.7162 -1.9753
v -0.8294 0.8109 -1.8625
v -0.8294 0.7162 -1.9753
v -0.9363 0.5886 -2.0490
v -1.0550 0.5821 -2.0513
v -1.0550 0.4370 -2.0769
v -0.9363 0.4370 -2.0769
v -0.8294 0.5821 -2.0513
v -0.8294 0.4370 -2.0769
v -0.9363 0.2920 -2.0513
v -1.0550 0.2854 -2.0490
v -1.0550 0.1579 -1.9753
v -0.9363 0.1579 -1.9753
v -0.8294 0.2854 -2.0490
v -0.8294 0.1579 -1.9753
v -0.9363 0.0632 -1.8625
v -1.0550 0.0597 -1.8565
v -1.0550 0.0093 -1.7180
v -0.9363 0.0093 -1.7180
v -0.8294 0.0597 -1.8565
v -0.8294 0.0093 -1.7180
v -0.9363 0.0093 -1.5707
v -1.0550 0.0106 -1.5639
v -1.0550 0.0609 -1.4255
v -0.9363 0.0609 -1.4255
v -0.8294 0.0106 -1.5639
v -0.8294 0.0609 -1.4255
v -0.9363 0.1556 -1.3126
v -1.0550 0.1609 -1.3082
v -1.0550 0.2885 -1.2345
v -0.9363 0.2885 -1.2345
v -0.8294 0.1609 -1.3082
v -0.8294 0.2885 -1.2345
v -0.9363 0.4336 -1.2089
v -1.0965 0.4370 2.1076
v -1.0965 0.5750 2.0833
v -1.0965 0.5486 2.0108
v -1.0965 0.4370 2.0304
v -1.0965 0.6962 2.0133
v -1.0965 0.6466 1.9541
v -1.0965 0.7862 1.9060
v -1.0965 0.7194 1.8674
v -1.0965 0.8341 1.7744
v -1.0965 0.7581 1.7610
v -1.0965 0.8341 1.6344
v -1.0965 0.7581 1.6478
v -1.0965 0.7862 1.5028
v -1.0965 0.7194 1.5414
v -1.0965 0.6962 1.3955
v -1.0965 0.6466 1.4546
v -1.0965 0.5750 1.3255
v -1.0965 0.5486 1.3980
v -1.0965 0.4370 1.3012
v -1.0965 0.4370 1.3784
v -1.0965 0.2991 1.3255
v -1.0965 0.3255 1.3980
v -1.0965 0.1779 1.3955
v -1.0965 0.2275 1.4546
v -1.0965 0.0878 1.5028
v -1.0965 0.1547 1.5414
v -1.0965 0.0400 1.6344
v -1.0965 0.1160 1.6478
v -1.0965 0.0400 1.7744
v -1.0965 0.1160 1.7610
v -1.0965 0.0878 1.9060
v -1.0965 0.1547 1.8674
v -1.0965 0.1779 2.0133
v -1.0965 0.2275 1.9541
v -1.0965 0.2991 2.0833
v -1.0965 0.3255 2.0108
v -1.0550 0.4370 2.1285
v -1.0550 0.5821 2.1029
v -1.0550 0.7097 2.0293
v -1.0550 0.8043 1.9164
v -1.0550 0.8547 1.7780
v -1.0550 0.8547 1.6307
v -1.0550 0.8043 1.4923
v -1.0550 0.7097 1.3795
v -1.0550 0.5821 1.3058
v -1.0550 0.4370 1.2803
v -1.0550 0.2920 1.3058
v -1.0550 0.1644 1.3795
v -1.0550 0.0697 1.4923
v -1.0550 0.0194 1.6307
v -1.0550 0.0194 1.7780
v -1.0550 0.0697 1.9164
v -1.0550 0.1644 2.0293
v -1.0550 0.2920 2.1029
v -1.0550 0.5313 1.9633
v -1.0550 0.4370 1.9799
v -1.0550 0.3428 1.9633
v -1.0550 0.2600 1.9154
v -1.0550 0.1985 1.8421
v -1.0550 0.1657 1.7522
v -1.0550 0.1657 1.6565
v -1.0550 0.1985 1.5666
v -1.0550 0.2600 1.4934
v -1.0550 0.3428 1.4455
v -1.0550 0.4370 1.4289
v -1.0550 0.5313 1.4455
v -1.0550 0.6141 1.4934
v -1.0550 0.6756 1.5666
v -1.0550 0.7083 1.6565
v -1.0550 0.7083 1.7522
v -1.0550 0.6756 1.8421
v -1.0550 0.6141 1.9154
v -1.0515 0.5873 2.1209
v -1.0515 0.4527 2.1427
v -0.9361 0.5939 2.1185
v -0.9364 0.7107 2.0488
v -0.9363 0.7097 2.0293
v -0.9363 0.8043 1.9164
v -1.0515 0.8199 1.9269
v -1.0515 0.7307 2.0301
v -0.9361 0.8234 1.9208
v -0.9364 0.8680 1.7923
v -0.9363 0.8547 1.7780
v -0.9363 0.8547 1.6307
v -1.0515 0.8733 1.6287
v -1.0515 0.8714 1.7651
v -0.9361 0.8721 1.6219
v -0.9364 0.8237 1.4947
v -0.9363 0.8043 1.4923
v -0.9363 0.7097 1.3795
v -1.0515 0.7226 1.3660
v -1.0515 0.8088 1.4717
v -0.9361 0.7173 1.3615
v -0.9364 0.5985 1.2952
v -0.9363 0.5821 1.3058
v -0.9363 0.4370 1.2803
v -1.0515 0.4383 1.2616
v -1.0515 0.5723 1.2872
v -0.9361 0.4313 1.2616
v -0.9364 0.2977 1.2872
v -0.9363 0.2920 1.3058
v -0.9363 0.1644 1.3795
v -1.0515 0.1534 1.3644
v -1.0515 0.2725 1.2979
v -0.9361 0.1481 1.3689
v -0.9364 0.0621 1.4744
v -0.9363 0.0697 1.4923
v -0.9363 0.0194 1.6307
v -1.0515 0.0012 1.6263
v -1.0515 0.0497 1.4988
v -0.9361 0.0000 1.6331
v -0.9364 0.0020 1.7692
v -0.9363 0.0194 1.7780
v -0.9363 0.0697 1.9164
v -1.0515 0.0530 1.9247
v -1.0515 0.0081 1.7959
v -0.9361 0.0564 1.9307
v -0.9364 0.1454 2.0337
v -0.9363 0.1644 2.0293
v -0.9363 0.2920 2.1029
v -1.0515 0.2844 2.1200
v -1.0515 0.1673 2.0502
v -0.9361 0.2910 2.1224
v -0.9364 0.4253 2.1441
v -0.9363 0.4370 2.1285
v -0.9363 0.5821 2.1029
v -0.7879 0.4370 2.1076
v -0.7879 0.4370 2.0304
v -0.7879 0.5486 2.0108
v -0.7879 0.5750 2.0833
v -0.7879 0.6466 1.9541
v -0.7879 0.6962 2.0133
v -0.7879 0.7194 1.8674
v -0.7879 0.7862 1.9060
v -0.7879 0.7581 1.7610
v -0.7879 0.8341 1.7744
v -0.7879 0.7581 1.6478
v -0.7879 0.8341 1.6344
v -0.7879 0.7194 1.5414
v -0.7879 0.7862 1.5028
v -0.7879 0.6466 1.4546
v -0.7879 0.6962 1.3955
v -0.7879 0.5486 1.3980
v -0.7879 0.5750 1.3255
v -0.7879 0.4370 1.3784
v -0.7879 0.4370 1.3012
v -0.7879 0.3255 1.3980
v -0.7879 0.2991 1.3255
v -0.7879 0.2275 1.4546
v -0.7879 0.1779 1.3955
v -0.7879 0.1547 1.5414
v -0.7879 0.0878 1.5028
v -0.7879 0.1160 1.6478
v -0.7879 0.0400 1.6344
v -0.7879 0.1160 1.7610
v -0.7879 0.0400 1.7744
v -0.7879 0.1547 1.8674
v -0.7879 0.0878 1.9060
v -0.7879 0.2275 1.9541
v -0.7879 0.1779 2.0133
v -0.7879 0.3255 2.0108
v -0.7879 0.2991 2.0833
v -0.8294 0.4370 2.1285
v -0.8294 0.5821 2.1029
v -0.8294 0.7097 2.0293
v -0.8294 0.8043 1.9164
v -0.8294 0.8547 1.7780
v -0.8294 0.8547 1.6307
v -0.8294 0.8043 1.4923
v -0.8294 0.7097 1.3795
v -0.8294 0.5821 1.3058
v -0.8294 0.4370 1.2803
v -0.8294 0.2920 1.3058
v -0.8294 0.1644 1.3795
v -0.8294 0.0697 1.4923
v -0.8294 0.0194 1.6307
v -0.8294 0.0194 1.7780
v -0.8294 0.0697 1.9164
v -0.8294 0.1644 2.0293
v -0.8294 0.2920 2.1029
v -0.8294 0.5313 1.9633
v -0.8294 0.4370 1.9799
v -0.8294 0.3428 1.9633
v -0.8294 0.2600 1.9154
v -0.8294 0.1985 1.8421
v -0.8294 0.1657 1.7522
v -0.8294 0.1657 1.6565
v -0.8294 0.1985 1.5666
v -0.8294 0.2600 1.4934
v -0.8294 0.3428 1.4455
v -0.8294 0.4370 1.4289
v -0.8294 0.5313 1.4455
v -0.8294 0.6141 1.4934
v -0.8294 0.6756 1.5666
v -0.8294 0.7083 1.6565
v -0.8294 0.7083 1.7522
v -0.8294 0.6756 1.8421
v -0.8294 0.6141 1.9154
v -0.8329 0.5874 2.1209
v -0.8329 0.4535 2.1424
v -0.8329 0.8199 1.9268
v -0.8329 0.7312 2.0294
v -0.8329 0.8733 1.6286
v -0.8329 0.8712 1.7643
v -0.8329 0.7225 1.3659
v -0.8329 0.8082 1.4712
v -0.8329 0.4382 1.2616
v -0.8329 0.5714 1.2872
v -0.8329 0.1533 1.3645
v -0.8329 0.2718 1.2984
v -0.8329 0.0012 1.6264
v -0.8329 0.0495 1.4996
v -0.8329 0.0530 1.9248
v -0.8329 0.0086 1.7966
v -0.8329 0.2845 2.1201
v -0.8329 0.1681 2.0505
v -1.0550 0.4405 2.1381
v -1.0550 0.5856 2.1125
v -0.9363 0.5856 2.1125
v -0.8294 0.4405 2.1381
v -0.8294 0.5856 2.1125
v -0.9363 0.7131 2.0388
v -1.0550 0.7185 2.0344
v -1.0550 0.8132 1.9215
v -0.9363 0.8132 1.9215
v -0.8294 0.7185 2.0344
v -0.8294 0.8132 1.9215
v -0.9363 0.8635 1.7831
v -1.0550 0.8647 1.7763
v -1.0550 0.8647 1.6290
v -0.9363 0.8647 1.6290
v -0.8294 0.8647 1.7763
v -0.8294 0.8647 1.6290
v -0.9363 0.8144 1.4906
v -1.0550 0.8109 1.4845
v -1.0550 0.7162 1.3717
v -0.9363 0.7162 1.3717
v -0.8294 0.8109 1.4845
v -0.8294 0.7162 1.3717
v -0.9363 0.5886 1.2980
v -1.0550 0.5821 1.2957
v -1.0550 0.4370 1.2701
v -0.9363 0.4370 1.2701
v -0.8294 0.5821 1.2957
v -0.8294 0.4370 1.2701
v -0.9363 0.2920 1.2957
v -1.0550 0.2854 1.2980
v -1.0550 0.1579 1.3717
v -0.9363 0.1579 1.3717
v -0.8294 0.2854 1.2980
v -0.8294 0.1579 1.3717
v -0.9363 0.0632 1.4845
v -1.0550 0.0597 1.4906
v -1.0550 0.0093 1.6290
v -0.9363 0.0093 1.6290
v -0.8294 0.0597 1.4906
v -0.8294 0.0093 1.6290
v -0.9363 0.0093 1.7763
v -1.0550 0.0106 1.7831
v -1.0550 0.0609 1.9215
v -0.9363 0.0609 1.9215
v -0.8294 0.0106 1.7831
v -0.8294 0.0609 1.9215
v -0.9363 0.1556 2.0344
v -1.0550 0.1609 2.0388
v -1.0550 0.2885 2.1125
v -0.9363 0.2885 2.1125
v -0.8294 0.1609 2.0388
v -0.8294 0.2885 2.1125
v -0.9363 0.4336 2.1381
v 1.0965 0.4370 -1.2394
v 1.0965 0.4370 -1.3166
v 1.0965 0.5486 -1.3363
v 1.0965 0.5750 -1.2637
v 1.0965 0.6466 -1.3929
v 1.0965 0.6962 -1.3337
v 1.0965 0.7194 -1.4796
v 1.0965 0.7862 -1.4410
v 1.0965 0.7581 -1.5860
v 1.0965 0.8341 -1.5726
v 1.0965 0.7581 -1.6992
v 1.0965 0.8341 -1.7126
v 1.0965 0.7194 -1.8056
v 1.0965 0.7862 -1.8442
v 1.0965 0.6466 -1.8924
v 1.0965 0.6962 -1.9515
v 1.0965 0.5486 -1.9490
v 1.0965 0.5750 -2.0215
v 1.0965 0.4370 -1.9687
v 1.0965 0.4370 -2.0458
v 1.0965 0.3255 -1.9490
v 1.0965 0.2991 -2.0215
v 1.0965 0.2275 -1.8924
v 1.0965 0.1779 -1.9515
v 1.0965 0.1547 -1.8056
v 1.0965 0.0878 -1.8442
v 1.0965 0.1160 -1.6992
v 1.0965 0.0400 -1.7126
v 1.0965 0.1160 -1.5860
v 1.0965 0.0400 -1.5726
v 1.0965 0.1547 -1.4796
v 1.0965 0.0878 -1.4410
v 1.0965 0.2275 -1.3929
v 1.0965 0.1779 -1.3337
v 1.0965 0.3255 -1.3363
v 1.0965 0.2991 -1.2637
v 1.0550 0.4370 -1.2185
v 1.0550 0.5821 -1.2441
v 1.0550 0.7097 -1.3177
v 1.0550 0.8043 -1.4306
v 1.0550 0.8547 -1.5690
v 1.0550 0.8547 -1.7163
v 1.0550 0.8043 -1.8547
v 1.0550 0.7097 -1.9675
v 1.0550 0.5821 -2.0412
v 1.0550 0.4370 -2.0667
v 1.0550 0.2920 -2.0412
v 1.0550 0.1644 -1.9675
v 1.0550 0.0697 -1.8547
v 1.0550 0.0194 -1.7163
v 1.0550 0.0194 -1.5690
v 1.0550 0.0697 -1.4306
v 1.0550 0.1644 -1.3177
v 1.0550 0.2920 -1.2441
v 1.0550 0.5313 -1.3838
v 1.0550 0.4370 -1.3671
v 1.0550 0.3428 -1.3838
v 1.0550 0.2600 -1.4316
v 1.0550 0.1985 -1.5049
v 1.0550 0.1657 -1.5948
v 1.0550 0.1657 -1.6905
v 1.0550 0.1985 -1.7804
v 1.0550 0.2600 -1.8537
v 1.0550 0.3428 -1.9015
v 1.0550 0.4370 -1.9181
v 1.0550 0.5313 -1.9015
v 1.0550 0.6141 -1.8537
v 1.0550 0.6756 -1.7804
v 1.0550 0.7083 -1.6905
v 1.0550 0.7083 -1.5948
v 1.0550 0.6756 -1.5049
v 1.0550 0.6141 -1.4316
v 1.0515 0.5873 -1.2261
v 0.9364 0.7107 -1.2982
v 0.9361 0.5939 -1.2285
v 1.0515 0.4527 -1.2043
v 0.9363 0.8043 -1.4306
v 0.9363 0.7097 -1.3177
v 1.0515 0.8199 -1.4201
v 0.9364 0.8680 -1.5547
v 0.9361 0.8234 -1.4262
v 1.0515 0.7307 -1.3169
v 0.9363 0.8547 -1.7163
v 0.9363 0.8547 -1.5690
v 1.0515 0.8733 -1.7183
v 0.9364 0.8237 -1.8523
v 0.9361 0.8721 -1.7251
v 1.0515 0.8714 -1.5819
v 0.9363 0.7097 -1.9675
v 0.9363 0.8043 -1.8547
v 1.0515 0.7226 -1.9810
v 0.9364 0.5985 -2.0518
v 0.9361 0.7173 -1.9855
v 1.0515 0.8088 -1.8753
v 0.9363 0.4370 -2.0667
v 0.9363 0.5821 -2.0412
v 1.0515 0.4383 -2.0854
v 0.9364 0.2977 -2.0598
v 0.9361 0.4313 -2.0854
v 1.0515 0.5723 -2.0598
v 0.9363 0.1644 -1.9675
v 0.9363 0.2920 -2.0412
v 1.0515 0.1534 -1.9826
v 0.9364 0.0621 -1.8727
v 0.9361 0.1481 -1.9781
v 1.0515 0.2725 -2.0491
v 0.9363 0.0194 -1.7163
v 0.9363 0.0697 -1.8547
v 1.0515 0.0012 -1.7207
v 0.9364 0.0020 -1.5778
v 0.9361 0.0000 -1.7139
v 1.0515 0.0497 -1.8482
v 0.9363 0.0697 -1.4306
v 0.9363 0.0194 -1.5690
v 1.0515 0.0530 -1.4223
v 0.9364 0.1454 -1.3134
v 0.9361 0.0564 -1.4163
v 1.0515 0.0081 -1.5511
v 0.9363 0.2920 -1.2441
v 0.9363 0.1644 -1.3177
v 1.0515 0.2844 -1.2270
v 0.9364 0.4253 -1.2029
v 0.9361 0.2910 -1.2246
v 1.0515 0.1673 -1.2968
v 0.9363 0.5821 -1.2441
v 0.9363 0.4370 -1.2185
v 0.7879 0.4370 -1.2394
v 0.7879 0.5750 -1.2637
v 0.7879 0.5486 -1.3363
v 0.7879 0.4370 -1.3166
v 0.7879 0.6962 -1.3337
v 0.7879 0.6466 -1.3929
v 0.7879 0.7862 -1.4410
v 0.7879 0.7194 -1.4796
v 0.7879 0.8341 -1.5726
v 0.7879 0.7581 -1.5860
v 0.7879 0.8341 -1.7126
v 0.7879 0.7581 -1.6992
v 0.7879 0.7862 -1.8442
v 0.7879 0.7194 -1.8056
v 0.7879 0.6962 -1.9515
v 0.7879 0.6466 -1.8924
v 0.7879 0.5750 -2.0215
v 0.7879 0.5486 -1.9490
v 0.7879 0.4370 -2.0458
v 0.7879 0.4370 -1.9687
v 0.7879 0.2991 -2.0215
v 0.7879 0.3255 -1.9490
v 0.7879 0.1779 -1.9515
v 0.7879 0.2275 -1.8924
v 0.7879 0.0878 -1.8442
v 0.7879 0.1547 -1.8056
v 0.7879 0.0400 -1.7126
v 0.7879 0.1160 -1.6992
v 0.7879 0.0400 -1.5726
v 0.7879 0.1160 -1.5860
v 0.7879 0.0878 -1.4410
v 0.7879 0.1547 -1.4796
v 0.7879 0.1779 -1.3337
v 0.7879 0.2275 -1.3929
v 0.7879 0.2991 -1.2637
v 0.7879 0.3255 -1.3363
v 0.8294 0.4370 -1.2185
v 0.8294 0.5821 -1.2441
v 0.8294 0.7097 -1.3177
v 0.8294 0.8043 -1.4306
v 0.8294 0.8547 -1.5690
v 0.8294 0.8547 -1.7163
v 0.8294 0.8043 -1.8547
v 0.8294 0.7097 -1.9675
v 0.8294 0.5821 -2.0412
v 0.8294 0.4370 -2.0667
v 0.8294 0.2920 -2.0412
v 0.8294 0.1644 -1.9675
v 0.8294 0.0697 -1.8547
v 0.8294 0.0194 -1.7163
v 0.8294 0.0194 -1.5690
v 0.8294 0.0697 -1.4306
v 0.8294 0.1644 -1.3177
v 0.8294 0.2920 -1.2441
v 0.8294 0.5313 -1.3838
v 0.8294 0.4370 -1.3671
v 0.8294 0.3428 -1.3838
v 0.8294 0.2600 -1.4316
v 0.8294 0.1985 -1.5049
v 0.8294 0.1657 -1.5948
v 0.8294 0.1657 -1.6905
v 0.8294 0.1985 -1.7804
v 0.8294 0.2600 -1.8537
v 0.8294 0.3428 -1.9015
v 0.8294 0.4370 -1.9181
v 0.8294 0.5313 -1.9015
v 0.8294 0.6141 -1.8537
v 0.8294 0.6756 -1.7804
v 0.8294 0.7083 -1.6905
v 0.8294 0.7083 -1.5948
v 0.8294 0.6756 -1.5049
v 0.8294 0.6141 -1.4316
v 0.8329 0.5874 -1.2262
v 0.8329 0.4535 -1.2046
v 0.8329 0.8199 -1.4202
v 0.8329 0.7312 -1.3176
v 0.8329 0.8733 -1.7184
v 0.8329 0.8712 -1.5827
v 0.8329 0.7225 -1.9811
v 0.8329 0.8082 -1.8758
v 0.8329 0.4382 -2.0854
v 0.8329 0.5714 -2.0598
v 0.8329 0.1533 -1.9826
v 0.8329 0.2718 -2.0486
v 0.8329 0.0012 -1.7206
v 0.8329 0.0495 -1.8474
v 0.8329 0.0530 -1.4222
v 0.8329 0.0086 -1.5504
v 0.8329 0.2845 -1.2269
v 0.8329 0.1681 -1.2965
v 1.0550 0.5856 -1.2345
v 1.0550 0.4405 -1.2089
v 0.9363 0.5856 -1.2345
v 0.8294 0.4405 -1.2089
v 0.8294 0.5856 -1.2345
v 0.9363 0.7131 -1.3082
v 1.0550 0.8132 -1.4255
v 1.0550 0.7185 -1.3126
v 0.9363 0.8132 -1.4255
v 0.8294 0.7185 -1.3126
v 0.8294 0.8132 -1.4255
v 0.9363 0.8635 -1.5639
v 1.0550 0.8647 -1.7180
v 1.0550 0.8647 -1.5707
v 0.9363 0.8647 -1.7180
v 0.8294 0.8647 -1.5707
v 0.8294 0.8647 -1.7180
v 0.9363 0.8144 -1.8565
v 1.0550 0.7162 -1.9753
v 1.0550 0.8109 -1.8625
v 0.9363 0.7162 -1.9753
v 0.8294 0.8109 -1.8625
v 0.8294 0.7162 -1.9753
v 0.9363 0.5886 -2.0490
v 1.0550 0.4370 -2.0769
v 1.0550 0.5821 -2.0513
v 0.9363 0.4370 -2.0769
v 0.8294 0.5821 -2.0513
v 0.8294 0.4370 -2.0769
v 0.9363 0.2920 -2.0513
v 1.0550 0.1579 -1.9753
v 1.0550 0.2854 -2.0490
v 0.9363 0.1579 -1.9753
v 0.8294 0.2854 -2.0490
v 0.8294 0.1579 -1.9753
v 0.9363 0.0632 -1.8625
v 1.0550 0.0093 -1.7180
v 1.0550 0.0597 -1.8565
v 0.9363 0.0093 -1.7180
v 0.8294 0.0597 -1.8565
v 0.8294 0.0093 -1.7180
v 0.9363 0.0093 -1.5707
v 1.0550 0.0609 -1.4255
v 1.0550 0.0106 -1.5639
v 0.9363 0.0609 -1.4255
v 0.8294 0.0106 -1.5639
v 0.8294 0.0609 -1.4255
v 0.9363 0.1556 -1.3126
v 1.0550 0.2885 -1.2345
v 1.0550 0.1609 -1.3082
v 0.9363 0.2885 -1.2345
v 0.8294 0.1609 -1.3082
v 0.8294 0.2885 -1.2345
v 0.9363 0.4336 -1.2089
v 1.0965 0.4370 2.1076
v 1.0965 0.4370 2.0304
v 1.0965 0.5486 2.0108
v 1.0965 0.5750 2.0833
v 1.0965 0.6466 1.9541
v 1.0965 0.6962 2.0133
v 1.0965 0.7194 1.8674
v 1.0965 0.7862 1.9060
v 1.0965 0.7581 1.7610
v 1.0965 0.8341 1.7744
v 1.0965 0.7581 1.6478
v 1.0965 0.8341 1.6344
v 1.0965 0.7194 1.5414
v 1.0965 0.7862 1.5028
v 1.0965 0.6466 1.4546
v 1.0965 0.6962 1.3955
v 1.0965 0.5486 1.3980
v 1.0965 0.5750 1.3255
v 1.0965 0.4370 1.3784
v 1.0965 0.4370 1.3012
v 1.0965 0.3255 1.3980
v 1.0965 0.2991 1.3255
v 1.0965 0.2275 1.4546
v 1.0965 0.1779 1.3955
v 1.0965 0.1547 1.5414
v 1.0965 0.0878 1.5028
v 1.0965 0.1160 1.6478
v 1.0965 0.0400 1.6344
v 1.0965 0.1160 1.7610
v 1.0965 0.0400 1.7744
v 1.0965 0.1547 1.8674
v 1.0965 0.0878 1.9060
v 1.0965 0.2275 1.9541
v 1.0965 0.1779 2.0133
v 1.0965 0.3255 2.0108
v 1.0965 0.2991 2.0833
v 1.0550 0.4370 2.1285
v 1.0550 0.5821 2.1029
v 1.0550 0.7097 2.0293
v 1.0550 0.8043 1.9164
v 1.0550 0.8547 1.7780
v 1.0550 0.8547 1.6307
v 1.0550 0.8043 1.4923
v 1.0550 0.7097 1.3795
v 1.0550 0.5821 1.3058
v 1.0550 0.4370 1.2803
v 1.0550 0.2920 1.3058
v 1.0550 0.1644 1.3795
v 1.0550 0.0697 1.4923
v 1.0550 0.0194 1.6307
v 1.0550 0.0194 1.7780
v 1.0550 0.0697 1.9164
v 1.0550 0.1644 2.0293
v 1.0550 0.2920 2.1029
v 1.0550 0.5313 1.9633
v 1.0550 0.4370 1.9799
v 1.0550 0.3428 1.9633
v 1.0550 0.2600 1.9154
v 1.0550 0.1985 1.8421
v 1.0550 0.1657 1.7522
v 1.0550 0.1657 1.6565
v 1.0550 0.1985 1.5666
v 1.0550 0.2600 1.4934
v 1.0550 0.3428 1.4455
v 1.0550 0.4370 1.4289
v 1.0550 0.5313 1.4455
v 1.0550 0.6141 1.4934
v 1.0550 0.6756 1.5666
v 1.0550 0.7083 1.6565
v 1.0550 0.7083 1.7522
v 1.0550 0.6756 1.8421
v 1.0550 0.6141 1.9154
v 1.0515 0.5873 2.1209
v 0.9364 0.7107 2.0488
v 0.9361 0.5939 2.1185
v 1.0515 0.4527 2.1427
v 0.9363 0.8043 1.9164
v 0.9363 0.7097 2.0293
v 1.0515 0.8199 1.9269
v 0.9364 0.8680 1.7923
v 0.9361 0.8234 1.9208
v 1.0515 0.7307 2.0301
v 0.9363 0.8547 1.6307
v 0.9363 0.8547 1.7780
v 1.0515 0.8733 1.6287
v 0.9364 0.8237 1.4947
v 0.9361 0.8721 1.6219
v 1.0515 0.8714 1.7651
v 0.9363 0.7097 1.3795
v 0.9363 0.8043 1.4923
v 1.0515 0.7226 1.3660
v 0.9364 0.5985 1.2952
v 0.9361 0.7173 1.3615
v 1.0515 0.8088 1.4717
v 0.9363 0.4370 1.2803
v 0.9363 0.5821 1.3058
v 1.0515 0.4383 1.2616
v 0.9364 0.2977 1.2872
v 0.9361 0.4313 1.2616
v 1.0515 0.5723 1.2872
v 0.9363 0.1644 1.3795
v 0.9363 0.2920 1.3058
v 1.0515 0.1534 1.3644
v 0.9364 0.0621 1.4744
v 0.9361 0.1481 1.3689
v 1.0515 0.2725 1.2979
v 0.9363 0.0194 1.6307
v 0.9363 0.0697 1.4923
v 1.0515 0.0012 1.6263
v 0.9364 0.0020 1.7692
v 0.9361 0.0000 1.6331
v 1.0515 0.0497 1.4988
v 0.9363 0.0697 1.9164
v 0.9363 0.0194 1.7780
v 1.0515 0.0530 1.9247
v 0.9364 0.1454 2.0337
v 0.9361 0.0564 1.9307
v 1.0515 0.0081 1.7959
v 0.9363 0.2920 2.1029
v 0.9363 0.1644 2.0293
v 1.0515 0.2844 2.1200
v 0.9364 0.4253 2.1441
v 0.9361 0.2910 2.1224
v 1.0515 0.1673 2.0502
v 0.9363 0.5821 2.1029
v 0.9363 0.4370 2.1285
v 0.7879 0.4370 2.1076
v 0.7879 0.5750 2.0833
v 0.7879 0.5486 2.0108
v 0.7879 0.4370 2.0304
v 0.7879 0.6962 2.0133
v 0.7879 0.6466 1.9541
v 0.7879 0.7862 1.9060
v 0.7879 0.7194 1.8674
v 0.7879 0.8341 1.7744
v 0.7879 0.7581 1.7610
v 0.7879 0.8341 1.6344
v 0.7879 0.7581 1.6478
v 0.7879 0.7862 1.5028
v 0.7879 0.7194 1.5414
v 0.7879 0.6962 1.3955
v 0.7879 0.6466 1.4546
v 0.7879 0.5750 1.3255
v 0.7879 0.5486 1.3980
v 0.7879 0.4370 1.3012
v 0.7879 0.4370 1.3784
v 0.7879 0.2991 1.3255
v 0.7879 0.3255 1.3980
v 0.7879 0.1779 1.3955
v 0.7879 0.2275 1.4546
v 0.7879 0.0878 1.5028
v 0.7879 0.1547 1.5414
v 0.7879 0.0400 1.6344
v 0.7879 0.1160 1.6478
v 0.7879 0.0400 1.7744
v 0.7879 0.1160 1.7610
v 0.7879 0.0878 1.9060
v 0.7879 0.1547 1.8674
v 0.7879 0.1779 2.0133
v 0.7879 0.2275 1.9541
v 0.7879 0.2991 2.0833
v 0.7879 0.3255 2.0108
v 0.8294 0.4370 2.1285
v 0.8294 0.5821 2.1029
v 0.8294 0.7097 2.0293
v 0.8294 0.8043 1.9164
v 0.8294 0.8547 1.7780
v 0.8294 0.8547 1.6307
v 0.8294 0.8043 1.4923
v 0.8294 0.7097 1.3795
v 0.8294 0.5821 1.3058
v 0.8294 0.4370 1.2803
v 0.8294 0.2920 1.3058
v 0.8294 0.1644 1.3795
v 0.8294 0.0697 1.4923
v 0.8294 0.0194 1.6307
v 0.8294 0.0194 1.7780
v 0.8294 0.0697 1.9164
v 0.8294 0.1644 2.0293
v 0.8294 0.2920 2.1029
v 0.8294 0.5313 1.9633
v 0.8294 0.4370 1.9799
v 0.8294 0.3428 1.9633
v 0.8294 0.2600 1.9154
v 0.8294 0.1985 1.8421
v 0.8294 0.1657 1.7522
v 0.8294 0.1657 1.6565
v 0.8294 0.1985 1.5666
v 0.8294 0.2600 1.4934
v 0.8294 0.3428 1.4455
v 0.8294 0.4370 1.4289
v 0.8294 0.5313 1.4455
v 0.8294 0.6141 1.4934
v 0.8294 0.6756 1.5666
v 0.8294 0.7083 1.6565
v 0.8294 0.7083 1.7522
v 0.8294 0.6756 1.8421
v 0.8294 0.6141 1.9154
v 0.8329 0.5874 2.1209
v 0.8329 0.4535 2.1424
v 0.8329 0.8199 1.9268
v 0.8329 0.7312 2.0294
v 0.8329 0.8733 1.6286
v 0.8329 0.8712 1.7643
v 0.8329 0.7225 1.3659
v 0.8329 0.8082 1.4712
v 0.8329 0.4382 1.2616
v 0.8329 0.5714 1.2872
v 0.8329 0.1533 1.3645
v 0.8329 0.2718 1.2984
v 0.8329 0.0012 1.6264
v 0.8329 0.0495 1.4996
v 0.8329 0.0530 1.9248
v 0.8329 0.0086 1.7966
v 0.8329 0.2845 2.1201
v 0.8329 0.1681 2.0505
v 1.0550 0.5856 2.1125
v 1.0550 0.4405 2.1381
v 0.9363 0.5856 2.1125
v 0.8294 0.4405 2.1381
v 0.8294 0.5856 2.1125
v 0.9363 0.7131 2.0388
v 1.0550 0.8132 1.9215
v 1.0550 0.7185 2.0344
v 0.9363 0.8132 1.9215
v 0.8294 0.7185 2.0344
v 0.8294 0.8132 1.9215
v 0.9363 0.8635 1.7831
v 1.0550 0.8647 1.6290
v 1.0550 0.8647 1.7763
v 0.9363 0.8647 1.6290
v 0.8294 0.8647 1.7763
v 0.8294 0.8647 1.6290
v 0.9363 0.8144 1.4906
v 1.0550 0.7162 1.3717
v 1.0550 0.8109 1.4845
v 0.9363 0.7162 1.3717
v 0.8294 0.8109 1.4845
v 0.8294 0.7162 1.3717
v 0.9363 0.5886 1.2980
v 1.0550 0.4370 1.2701
v 1.0550 0.5821 1.2957
v 0.9363 0.4370 1.2701
v 0.8294 0.5821 1.2957
v 0.8294 0.4370 1.2701
v 0.9363 0.2920 1.2957
v 1.0550 0.1579 1.3717
v 1.0550 0.2854 1.2980
v 0.9363 0.1579 1.3717
v 0.8294 0.2854 1.2980
v 0.8294 0.1579 1.3717
v 0.9363 0.0632 1.4845
v 1.0550 0.0093 1.6290
v 1.0550 0.0597 1.4906
v 0.9363 0.0093 1.6290
v 0.8294 0.0597 1.4906
v 0.8294 0.0093 1.6290
v 0.9363 0.0093 1.7763
v 1.0550 0.0609 1.9215
v 1.0550 0.0106 1.7831
v 0.9363 0.0609 1.9215
v 0.8294 0.0106 1.7831
v 0.8294 0.0609 1.9215
v 0.9363 0.1556 2.0344
v 1.0550 0.2885 2.1125
v 1.0550 0.1609 2.0388
v 0.9363 0.2885 2.1125
v 0.8294 0.1609 2.0388
v 0.8294 0.2885 2.1125
v 0.9363 0.4336 2.1381
v -0.9289 1.1890 -2.1374
v -0.9289 1.2428 -2.1374
v -0.9289 1.2428 -1.9852
v -0.9289 1.1890 -1.9852
v -0.9466 1.1938 -2.1326
v -0.9466 1.1938 -1.9901
v -0.9466 1.2379 -1.9901
v -0.9466 1.2379 -2.1326
v -0.9409 1.1890 -1.9852
v -0.9409 1.1890 -2.1374
v -0.9409 1.2428 -1.9852
v -0.9409 1.2428 -2.1374
v -0.9571 1.0125 -2.4755
v -0.9571 1.0125 -2.5112
v -0.9571 0.9518 -2.5112
v -0.9571 0.9518 -2.4607
v -0.9571 0.9878 -2.4607
v -0.9409 0.9518 -2.5274
v -0.9409 1.0125 -2.5274
v -0.8516 1.0125 -2.5274
v -0.8368 0.9518 -2.5274
v -0.8368 0.9878 -2.5274
v -0.9571 1.1664 -2.4755
v -0.9571 1.1922 -2.4607
v -0.9571 1.2443 -2.4607
v -0.9571 1.2443 -2.5112
v -0.9409 1.2443 -2.5274
v -0.8368 1.2443 -2.5274
v -0.8368 1.1922 -2.5274
v -0.8516 1.1664 -2.5274
v 0.9289 1.1890 -2.1374
v 0.9289 1.1890 -1.9852
v 0.9289 1.2428 -1.9852
v 0.9289 1.2428 -2.1374
v 0.9466 1.1938 -2.1326
v 0.9466 1.2379 -2.1326
v 0.9466 1.2379 -1.9901
v 0.9466 1.1938 -1.9901
v 0.9409 1.1890 -2.1374
v 0.9409 1.1890 -1.9852
v 0.9409 1.2428 -1.9852
v 0.9409 1.2428 -2.1374
v 0.9571 0.9518 -2.5112
v 0.9571 1.0125 -2.5112
v 0.9571 1.0125 -2.4755
v 0.9571 0.9518 -2.4607
v 0.9571 0.9878 -2.4607
v 0.8516 1.0125 -2.5274
v 0.9409 1.0125 -2.5274
v 0.9409 0.9518 -2.5274
v 0.8368 0.9518 -2.5274
v 0.8368 0.9878 -2.5274
v 0.9571 1.2443 -2.4607
v 0.9571 1.1922 -2.4607
v 0.9571 1.1664 -2.4755
v 0.9571 1.2443 -2.5112
v 0.8516 1.1664 -2.5274
v 0.8368 1.1922 -2.5274
v 0.8368 1.2443 -2.5274
v 0.9409 1.2443 -2.5274
v -0.4127 1.2962 2.4157
v -0.7301 1.2962 2.4157
v -0.7301 1.1821 2.4157
v -0.7069 1.1507 2.4157
v -0.4573 1.1507 2.4157
v -0.4253 1.1796 2.4157
v -0.4127 1.1796 2.4157
v -0.0129 1.1823 2.4184
v -0.0129 1.2935 2.4184
v -0.1221 1.2935 2.4184
v -0.1221 1.1823 2.4184
v 0.4118 1.2962 2.4157
v 0.4118 1.1796 2.4157
v 0.4245 1.1796 2.4157
v 0.4564 1.1507 2.4157
v 0.7060 1.1507 2.4157
v 0.7293 1.1821 2.4157
v 0.7293 1.2962 2.4157
v 0.3896 1.1823 2.4184
v 0.3896 1.2935 2.4184
v 0.2804 1.2935 2.4184
v 0.2804 1.1823 2.4184
v 0.2554 1.1823 2.4184
v 0.2554 1.2935 2.4184
v 0.1462 1.2935 2.4184
v 0.1462 1.1823 2.4184
v 0.1212 1.1823 2.4184
v 0.1212 1.2935 2.4184
v 0.0121 1.2935 2.4184
v 0.0121 1.1823 2.4184
v -0.3904 1.2935 2.4184
v -0.3904 1.1823 2.4184
v -0.2812 1.1823 2.4184
v -0.2812 1.2935 2.4184
v -0.2563 1.2935 2.4184
v -0.2563 1.1823 2.4184
v -0.1471 1.1823 2.4184
v -0.1471 1.2935 2.4184
v -0.8749 0.8223 2.4261
v -0.7660 0.8223 2.4620
v -0.7680 0.8762 2.4681
v -0.9146 0.8762 2.4197
v -0.9140 0.8616 2.4181
v 0.8778 0.8223 2.4261
v 0.9169 0.8616 2.4181
v 0.9174 0.8762 2.4197
v 0.7709 0.8762 2.4681
v 0.7689 0.8223 2.4620
v -1.0067 1.4478 0.9032
v -1.0067 1.4478 0.9446
v -1.1633 1.4478 0.9446
v -1.1633 1.4478 0.9032
v -0.9777 1.5397 0.9032
v -0.9777 1.5397 0.9446
v -0.9777 1.4829 0.9446
v -0.9777 1.4829 0.9032
v -1.1633 1.5748 0.9032
v -1.1633 1.5748 0.9446
v -1.0067 1.5748 0.9446
v -1.0067 1.5748 0.9032
v -1.1924 1.4768 0.9032
v -1.1924 1.4768 0.9446
v -1.1924 1.5457 0.9446
v -1.1924 1.5457 0.9032
v -1.1573 1.4624 0.9654
v -1.1778 1.4829 0.9654
v -0.9933 1.4624 0.9654
v -0.9777 1.4829 0.9654
v -0.8897 1.4643 0.9446
v -0.8897 1.4643 0.9654
v -0.8897 1.4322 0.9654
v -0.8897 1.4322 0.9446
v -0.9933 1.5602 0.9654
v -0.9777 1.5397 0.9654
v -1.1573 1.5602 0.9654
v -1.1778 1.5397 0.9654
v -1.1778 1.4972 0.9654
v -1.1778 1.5279 0.9654
v -0.9823 1.5381 0.9807
v -0.9956 1.5555 0.9807
v -1.1554 1.5555 0.9807
v -1.1731 1.5377 0.9807
v -1.1731 1.5326 0.9807
v -0.9823 1.5326 0.9807
v -1.1731 1.4848 0.9807
v -1.1554 1.4670 0.9807
v -0.9956 1.4670 0.9807
v -0.9823 1.4845 0.9807
v -0.9823 1.4925 0.9807
v -1.1731 1.4925 0.9807
v -0.9777 1.4972 0.9654
v -0.9777 1.5279 0.9654
v -0.9933 1.5602 0.9760
v -0.9777 1.5397 0.9760
v -1.1573 1.5602 0.9760
v -1.1778 1.5397 0.9760
v -1.1778 1.5279 0.9760
v -0.9777 1.5279 0.9760
v -1.1573 1.4624 0.9760
v -1.1778 1.4829 0.9760
v -0.9933 1.4624 0.9760
v -0.9777 1.4829 0.9760
v -0.9777 1.4972 0.9760
v -1.1778 1.4972 0.9760
v -0.9671 1.5397 0.9446
v -0.9671 1.4829 0.9446
v -0.9671 1.5397 0.9654
v -0.9736 1.4972 0.9700
v -0.9736 1.4858 0.9700
v -0.9656 1.4858 0.9700
v -0.9736 1.5279 0.9700
v -0.9736 1.5368 0.9700
v -0.9686 1.5368 0.9700
v -0.9671 1.4829 0.9654
v -0.9318 1.4890 0.9446
v -0.9318 1.4322 0.9446
v -0.9318 1.4890 0.9654
v -0.9303 1.4351 0.9700
v -0.9332 1.4862 0.9700
v -0.9318 1.4322 0.9654
v -0.9000 1.4890 0.9446
v -0.9000 1.4890 0.9654
v -0.8926 1.4351 0.9700
v -0.8926 1.4638 0.9700
v -0.9019 1.4862 0.9700
v -1.1878 1.4788 0.9032
v -1.1614 1.4524 0.9032
v -1.1878 1.5438 0.9032
v -1.1614 1.5701 0.9032
v -1.0089 1.5701 0.9032
v -0.9823 1.5380 0.9032
v -0.9823 1.4846 0.9032
v -1.0089 1.4524 0.9032
v -0.9267 1.2702 -0.9743
v -0.9267 1.3222 -0.9743
v -0.9267 1.3222 -0.7867
v -0.9267 1.2702 -0.7867
v -0.9372 1.2833 -0.9613
v -0.9372 1.2833 -0.7997
v -0.9372 1.3002 -0.7997
v -0.9372 1.3002 -0.9613
v -0.9409 1.2702 -0.7867
v -0.9409 1.2702 -0.9743
v -0.9409 1.3222 -0.7867
v -0.9409 1.3222 -0.9743
v -0.9481 1.2781 -0.7945
v -0.9481 1.2781 -0.9665
v -0.9481 1.3055 -0.7945
v -0.9481 1.3055 -0.9665
v -0.9463 1.2833 -0.7997
v -0.9463 1.2833 -0.9613
v -0.9463 1.3002 -0.7997
v -0.9463 1.3002 -0.9613
v -0.9267 1.2702 -0.0512
v -0.9267 1.3222 -0.0512
v -0.9267 1.3222 0.1365
v -0.9267 1.2702 0.1365
v -0.9372 1.2833 -0.0381
v -0.9372 1.2833 0.1234
v -0.9372 1.3002 0.1234
v -0.9372 1.3002 -0.0381
v -0.9409 1.2702 0.1365
v -0.9409 1.2702 -0.0512
v -0.9409 1.3222 0.1365
v -0.9409 1.3222 -0.0512
v -0.9481 1.2781 0.1287
v -0.9481 1.2781 -0.0434
v -0.9481 1.3055 0.1287
v -0.9481 1.3055 -0.0434
v -0.9463 1.2833 0.1234
v -0.9463 1.2833 -0.0381
v -0.9463 1.3002 0.1234
v -0.9463 1.3002 -0.0381
v -1.0218 0.4722 -1.4188
v -1.0220 0.4050 -1.4040
v -1.0347 0.3738 -1.3642
v -1.0414 0.5281 -1.3806
v -0.9930 0.4708 -1.4167
v -0.9930 0.4059 -1.4024
v -1.0089 0.4059 -1.4024
v -1.0089 0.4708 -1.4167
v -0.9928 0.5301 -1.3760
v -0.9928 0.3724 -1.3594
v -1.0302 0.5301 -1.3760
v -1.0237 0.3724 -1.3594
v -0.9876 0.4889 -1.5524
v -0.9552 0.4885 -1.5588
v -0.9727 0.4885 -1.5588
v -0.9553 0.5060 -1.5686
v -0.9679 0.5060 -1.5686
v -0.9862 0.4387 -1.6182
v -0.9862 0.4387 -1.6182
v -0.9838 0.4466 -1.5921
v -0.9703 0.4466 -1.5921
v -0.9703 0.4387 -1.6182
v -1.0238 0.3867 -1.4505
v -0.9989 0.4370 -1.6215
v -0.9986 0.4385 -1.6165
v -1.0279 0.3749 -1.4552
v -0.9981 0.3885 -1.4473
v -1.0110 0.3885 -1.4473
v -0.9954 0.3733 -1.4523
v -1.0162 0.3733 -1.4523
v -0.9444 0.4370 -1.3758
v -0.9444 0.5283 -1.3918
v -0.9444 0.6086 -1.4382
v -0.9444 0.6682 -1.5092
v -0.9444 0.6999 -1.5963
v -0.9444 0.6999 -1.6890
v -0.9444 0.6682 -1.7761
v -0.9444 0.6086 -1.8471
v -0.9444 0.5283 -1.8934
v -0.9444 0.4370 -1.9095
v -0.9444 0.3458 -1.8934
v -0.9444 0.2655 -1.8471
v -0.9444 0.2059 -1.7761
v -0.9444 0.1742 -1.6890
v -0.9444 0.1742 -1.5963
v -0.9444 0.2059 -1.5092
v -0.9444 0.2655 -1.4382
v -0.9444 0.3458 -1.3918
v -1.0550 0.4370 -1.3671
v -1.0550 0.5313 -1.3838
v -1.0550 0.5283 -1.3918
v -1.0550 0.4370 -1.3758
v -1.0550 0.6141 -1.4316
v -1.0550 0.6086 -1.4382
v -1.0550 0.6756 -1.5049
v -1.0550 0.6682 -1.5092
v -1.0550 0.7083 -1.5948
v -1.0550 0.6999 -1.5963
v -1.0550 0.7083 -1.6905
v -1.0550 0.6999 -1.6890
v -1.0550 0.6756 -1.7804
v -1.0550 0.6682 -1.7761
v -1.0550 0.6141 -1.8537
v -1.0550 0.6086 -1.8471
v -1.0550 0.5313 -1.9015
v -1.0550 0.5283 -1.8934
v -1.0550 0.4370 -1.9181
v -1.0550 0.4370 -1.9095
v -1.0550 0.3428 -1.9015
v -1.0550 0.3458 -1.8934
v -1.0550 0.2600 -1.8537
v -1.0550 0.2655 -1.8471
v -1.0550 0.1985 -1.7804
v -1.0550 0.2059 -1.7761
v -1.0550 0.1657 -1.6905
v -1.0550 0.1742 -1.6890
v -1.0550 0.1657 -1.5948
v -1.0550 0.1742 -1.5963
v -1.0550 0.1985 -1.5049
v -1.0550 0.2059 -1.5092
v -1.0550 0.2600 -1.4316
v -1.0550 0.2655 -1.4382
v -1.0550 0.3428 -1.3838
v -1.0550 0.3458 -1.3918
v -0.8625 0.2655 -1.4382
v -0.8625 0.2059 -1.5092
v -0.8625 0.1742 -1.5963
v -0.8625 0.1742 -1.6890
v -0.8625 0.2059 -1.7761
v -0.8625 0.2655 -1.8471
v -0.8625 0.3458 -1.8934
v -0.8625 0.4370 -1.9095
v -0.8625 0.5283 -1.8934
v -0.8625 0.6086 -1.8471
v -0.8625 0.6682 -1.7761
v -0.8625 0.6999 -1.6890
v -0.8625 0.6999 -1.5963
v -0.8625 0.6682 -1.5092
v -0.8625 0.6086 -1.4382
v -0.8625 0.5283 -1.3918
v -0.8625 0.4370 -1.3758
v -0.8625 0.3458 -1.3918
v -0.8294 0.4370 -1.3671
v -0.8294 0.4370 -1.3758
v -0.8294 0.5283 -1.3918
v -0.8294 0.5313 -1.3838
v -0.8294 0.6086 -1.4382
v -0.8294 0.6141 -1.4316
v -0.8294 0.6682 -1.5092
v -0.8294 0.6756 -1.5049
v -0.8294 0.6999 -1.5963
v -0.8294 0.7083 -1.5948
v -0.8294 0.6999 -1.6890
v -0.8294 0.7083 -1.6905
v -0.8294 0.6682 -1.7761
v -0.8294 0.6756 -1.7804
v -0.8294 0.6086 -1.8471
v -0.8294 0.6141 -1.8537
v -0.8294 0.5283 -1.8934
v -0.8294 0.5313 -1.9015
v -0.8294 0.4370 -1.9095
v -0.8294 0.4370 -1.9181
v -0.8294 0.3458 -1.8934
v -0.8294 0.3428 -1.9015
v -0.8294 0.2655 -1.8471
v -0.8294 0.2600 -1.8537
v -0.8294 0.2059 -1.7761
v -0.8294 0.1985 -1.7804
v -0.8294 0.1742 -1.6890
v -0.8294 0.1657 -1.6905
v -0.8294 0.1742 -1.5963
v -0.8294 0.1657 -1.5948
v -0.8294 0.2059 -1.5092
v -0.8294 0.1985 -1.5049
v -0.8294 0.2655 -1.4382
v -0.8294 0.2600 -1.4316
v -0.8294 0.3458 -1.3918
v -0.8294 0.3428 -1.3838
v -1.0218 0.6620 -1.6084
v -1.0220 0.6553 -1.5398
v -1.0347 0.6835 -1.4979
v -1.0414 0.7156 -1.6497
v -0.9930 0.6635 -1.6063
v -0.9930 0.6571 -1.5402
v -1.0089 0.6571 -1.5402
v -1.0089 0.6635 -1.6063
v -0.9928 0.7206 -1.6502
v -0.9928 0.6876 -1.4951
v -1.0302 0.7206 -1.6502
v -1.0237 0.6876 -1.4951
v -0.9876 0.5400 -1.6655
v -0.9552 0.5338 -1.6671
v -0.9727 0.5338 -1.6671
v -0.9553 0.5299 -1.6868
v -0.9679 0.5299 -1.6868
v -0.9862 0.4620 -1.6381
v -0.9862 0.4620 -1.6381
v -0.9838 0.4892 -1.6376
v -0.9703 0.4892 -1.6376
v -0.9703 0.4620 -1.6381
v -1.0238 0.6054 -1.5368
v -0.9989 0.4583 -1.6375
v -0.9986 0.4636 -1.6373
v -1.0279 0.5973 -1.5270
v -0.9981 0.6090 -1.5375
v -1.0110 0.6090 -1.5375
v -0.9954 0.5996 -1.5247
v -1.0162 0.5996 -1.5247
v -1.0218 0.5403 -1.8474
v -1.0220 0.6034 -1.8199
v -1.0347 0.6521 -1.8338
v -1.0414 0.5176 -1.9111
v -0.9930 0.5427 -1.8482
v -0.9930 0.6036 -1.8217
v -1.0089 0.6036 -1.8217
v -1.0089 0.5427 -1.8482
v -0.9928 0.5187 -1.9160
v -0.9928 0.6560 -1.8368
v -1.0302 0.5187 -1.9160
v -1.0237 0.6560 -1.8368
v -0.9876 0.4483 -1.7491
v -0.9552 0.4449 -1.7437
v -0.9727 0.4449 -1.7437
v -0.9553 0.4249 -1.7460
v -0.9679 0.4249 -1.7460
v -0.9862 0.4503 -1.6664
v -0.9862 0.4503 -1.6664
v -0.9838 0.4592 -1.6921
v -0.9703 0.4592 -1.6921
v -0.9703 0.4503 -1.6664
v -1.0238 0.5909 -1.7715
v -0.9989 0.4497 -1.6627
v -0.9986 0.4515 -1.6676
v -1.0279 0.5977 -1.7607
v -0.9981 0.5914 -1.7751
v -1.0110 0.5914 -1.7751
v -0.9954 0.6007 -1.7622
v -1.0162 0.6007 -1.7622
v -0.9418 0.4563 -1.6722
v -0.9418 0.4685 -1.6348
v -0.9418 0.4367 -1.6117
v -0.9418 0.4170 -1.6722
v -0.9418 0.4049 -1.6348
v -0.9764 0.4934 -1.6267
v -0.9764 0.4367 -1.5855
v -0.9764 0.4717 -1.6934
v -0.9764 0.4016 -1.6934
v -0.9764 0.3799 -1.6267
v -1.0112 0.4661 -1.6356
v -1.0112 0.4549 -1.6702
v -1.0112 0.4185 -1.6702
v -1.0112 0.4367 -1.6142
v -1.0112 0.4072 -1.6356
v -1.0033 0.4367 -1.5926
v -1.0033 0.4866 -1.6289
v -1.0135 0.4731 -1.6333
v -1.0135 0.4367 -1.6068
v -1.0033 0.4675 -1.6877
v -1.0135 0.4592 -1.6762
v -1.0033 0.4058 -1.6877
v -1.0135 0.4141 -1.6762
v -1.0033 0.3867 -1.6289
v -1.0135 0.4002 -1.6333
v -1.0218 0.2754 -1.8056
v -1.0220 0.3211 -1.8571
v -1.0347 0.3229 -1.9076
v -1.0414 0.2078 -1.8037
v -0.9930 0.2754 -1.8081
v -0.9930 0.3194 -1.8578
v -1.0089 0.3194 -1.8578
v -1.0089 0.2754 -1.8081
v -0.9928 0.2034 -1.8062
v -0.9928 0.3212 -1.9123
v -1.0302 0.2034 -1.8062
v -1.0237 0.3212 -1.9123
v -0.9876 0.3405 -1.6876
v -0.9552 0.3446 -1.6827
v -0.9727 0.3446 -1.6827
v -0.9553 0.3361 -1.6645
v -0.9679 0.3361 -1.6645
v -0.9862 0.4197 -1.6640
v -0.9862 0.4197 -1.6640
v -0.9838 0.3980 -1.6804
v -0.9703 0.3980 -1.6804
v -0.9703 0.4197 -1.6640
v -1.0238 0.3632 -1.8302
v -0.9989 0.4230 -1.6623
v -0.9986 0.4189 -1.6655
v -1.0279 0.3756 -1.8333
v -0.9981 0.3599 -1.8318
v -1.0110 0.3599 -1.8318
v -0.9954 0.3751 -1.8366
v -1.0162 0.3751 -1.8366
v -1.0218 0.2333 -1.5407
v -1.0220 0.1985 -1.6001
v -1.0347 0.1510 -1.6174
v -1.0414 0.2142 -1.4758
v -0.9930 0.2309 -1.5414
v -0.9930 0.1972 -1.5987
v -1.0089 0.1972 -1.5987
v -1.0089 0.2309 -1.5414
v -0.9928 0.2105 -1.4724
v -0.9928 0.1460 -1.6173
v -1.0302 0.2105 -1.4724
v -1.0237 0.1460 -1.6173
v -0.9876 0.3656 -1.5661
v -0.9552 0.3715 -1.5685
v -0.9727 0.3715 -1.5685
v -0.9553 0.3863 -1.5548
v -0.9679 0.3863 -1.5548
v -0.9862 0.4126 -1.6342
v -0.9862 0.4126 -1.6342
v -0.9838 0.3903 -1.6186
v -0.9703 0.3903 -1.6186
v -0.9703 0.4126 -1.6342
v -1.0238 0.2371 -1.6318
v -0.9989 0.4152 -1.6368
v -0.9986 0.4109 -1.6339
v -1.0279 0.2379 -1.6445
v -0.9981 0.2345 -1.6292
v -1.0110 0.2345 -1.6292
v -0.9954 0.2346 -1.6451
v -1.0162 0.2346 -1.6451
v -1.0218 0.4722 1.9282
v -1.0220 0.4050 1.9430
v -1.0347 0.3738 1.9828
v -1.0414 0.5281 1.9664
v -0.9930 0.4708 1.9303
v -0.9930 0.4059 1.9446
v -1.0089 0.4059 1.9446
v -1.0089 0.4708 1.9303
v -0.9928 0.5301 1.9710
v -0.9928 0.3724 1.9876
v -1.0302 0.5301 1.9710
v -1.0237 0.3724 1.9876
v -0.9876 0.4889 1.7946
v -0.9552 0.4885 1.7882
v -0.9727 0.4885 1.7882
v -0.9553 0.5060 1.7784
v -0.9679 0.5060 1.7784
v -0.9862 0.4387 1.7288
v -0.9862 0.4387 1.7288
v -0.9838 0.4466 1.7549
v -0.9703 0.4466 1.7549
v -0.9703 0.4387 1.7288
v -1.0238 0.3867 1.8965
v -0.9989 0.4370 1.7255
v -0.9986 0.4385 1.7305
v -1.0279 0.3749 1.8918
v -0.9981 0.3885 1.8997
v -1.0110 0.3885 1.8997
v -0.9954 0.3733 1.8947
v -1.0162 0.3733 1.8947
v -0.9444 0.4370 1.9713
v -0.9444 0.5283 1.9552
v -0.9444 0.6086 1.9088
v -0.9444 0.6682 1.8378
v -0.9444 0.6999 1.7507
v -0.9444 0.6999 1.6580
v -0.9444 0.6682 1.5709
v -0.9444 0.6086 1.4999
v -0.9444 0.5283 1.4536
v -0.9444 0.4370 1.4375
v -0.9444 0.3458 1.4536
v -0.9444 0.2655 1.4999
v -0.9444 0.2059 1.5709
v -0.9444 0.1742 1.6580
v -0.9444 0.1742 1.7507
v -0.9444 0.2059 1.8378
v -0.9444 0.2655 1.9088
v -0.9444 0.3458 1.9552
v -1.0550 0.4370 1.9799
v -1.0550 0.5313 1.9633
v -1.0550 0.5283 1.9552
v -1.0550 0.4370 1.9713
v -1.0550 0.6141 1.9154
v -1.0550 0.6086 1.9088
v -1.0550 0.6756 1.8421
v -1.0550 0.6682 1.8378
v -1.0550 0.7083 1.7522
v -1.0550 0.6999 1.7507
v -1.0550 0.7083 1.6565
v -1.0550 0.6999 1.6580
v -1.0550 0.6756 1.5666
v -1.0550 0.6682 1.5709
v -1.0550 0.6141 1.4934
v -1.0550 0.6086 1.4999
v -1.0550 0.5313 1.4455
v -1.0550 0.5283 1.4536
v -1.0550 0.4370 1.4289
v -1.0550 0.4370 1.4375
v -1.0550 0.3428 1.4455
v -1.0550 0.3458 1.4536
v -1.0550 0.2600 1.4934
v -1.0550 0.2655 1.4999
v -1.0550 0.1985 1.5666
v -1.0550 0.2059 1.5709
v -1.0550 0.1657 1.6565
v -1.0550 0.1742 1.6580
v -1.0550 0.1657 1.7522
v -1.0550 0.1742 1.7507
v -1.0550 0.1985 1.8421
v -1.0550 0.2059 1.8378
v -1.0550 0.2600 1.9154
v -1.0550 0.2655 1.9088
v -1.0550 0.3428 1.9633
v -1.0550 0.3458 1.9552
v -0.8625 0.2655 1.9088
v -0.8625 0.2059 1.8378
v -0.8625 0.1742 1.7507
v -0.8625 0.1742 1.6580
v -0.8625 0.2059 1.5709
v -0.8625 0.2655 1.4999
v -0.8625 0.3458 1.4536
v -0.8625 0.4370 1.4375
v -0.8625 0.5283 1.4536
v -0.8625 0.6086 1.4999
v -0.8625 0.6682 1.5709
v -0.8625 0.6999 1.6580
v -0.8625 0.6999 1.7507
v -0.8625 0.6682 1.8378
v -0.8625 0.6086 1.9088
v -0.8625 0.5283 1.9552
v -0.8625 0.4370 1.9713
v -0.8625 0.3458 1.9552
v -0.8294 0.4370 1.9799
v -0.8294 0.4370 1.9713
v -0.8294 0.5283 1.9552
v -0.8294 0.5313 1.9633
v -0.8294 0.6086 1.9088
v -0.8294 0.6141 1.9154
v -0.8294 0.6682 1.8378
v -0.8294 0.6756 1.8421
v -0.8294 0.6999 1.7507
v -0.8294 0.7083 1.7522
v -0.8294 0.6999 1.6580
v -0.8294 0.7083 1.6565
v -0.8294 0.6682 1.5709
v -0.8294 0.6756 1.5666
v -0.8294 0.6086 1.4999
v -0.8294 0.6141 1.4934
v -0.8294 0.5283 1.4536
v -0.8294 0.5313 1.4455
v -0.8294 0.4370 1.4375
v -0.8294 0.4370 1.4289
v -0.8294 0.3458 1.4536
v -0.8294 0.3428 1.4455
v -0.8294 0.2655 1.4999
v -0.8294 0.2600 1.4934
v -0.8294 0.2059 1.5709
v -0.8294 0.1985 1.5666
v -0.8294 0.1742 1.6580
v -0.8294 0.1657 1.6565
v -0.8294 0.1742 1.7507
v -0.8294 0.1657 1.7522
v -0.8294 0.2059 1.8378
v -0.8294 0.1985 1.8421
v -0.8294 0.2655 1.9088
v -0.8294 0.2600 1.9154
v -0.8294 0.3458 1.9552
v -0.8294 0.3428 1.9633
v -1.0218 0.6620 1.7386
v -1.0220 0.6553 1.8072
v -1.0347 0.6835 1.8491
v -1.0414 0.7156 1.6973
v -0.9930 0.6635 1.7407
v -0.9930 0.6571 1.8068
v -1.0089 0.6571 1.8068
v -1.0089 0.6635 1.7407
v -0.9928 0.7206 1.6968
v -0.9928 0.6876 1.8519
v -1.0302 0.7206 1.6968
v -1.0237 0.6876 1.8519
v -0.9876 0.5400 1.6815
v -0.9552 0.5338 1.6799
v -0.9727 0.5338 1.6799
v -0.9553 0.5299 1.6602
v -0.9679 0.5299 1.6602
v -0.9862 0.4620 1.7089
v -0.9862 0.4620 1.7089
v -0.9838 0.4892 1.7094
v -0.9703 0.4892 1.7094
v -0.9703 0.4620 1.7089
v -1.0238 0.6054 1.8102
v -0.9989 0.4583 1.7095
v -0.9986 0.4636 1.7097
v -1.0279 0.5973 1.8200
v -0.9981 0.6090 1.8095
v -1.0110 0.6090 1.8095
v -0.9954 0.5996 1.8224
v -1.0162 0.5996 1.8224
v -1.0218 0.5403 1.4996
v -1.0220 0.6034 1.5272
v -1.0347 0.6521 1.5132
v -1.0414 0.5176 1.4359
v -0.9930 0.5427 1.4988
v -0.9930 0.6036 1.5253
v -1.0089 0.6036 1.5253
v -1.0089 0.5427 1.4988
v -0.9928 0.5187 1.4310
v -0.9928 0.6560 1.5102
v -1.0302 0.5187 1.4310
v -1.0237 0.6560 1.5102
v -0.9876 0.4483 1.5979
v -0.9552 0.4449 1.6033
v -0.9727 0.4449 1.6033
v -0.9553 0.4249 1.6010
v -0.9679 0.4249 1.6010
v -0.9862 0.4503 1.6806
v -0.9862 0.4503 1.6806
v -0.9838 0.4592 1.6549
v -0.9703 0.4592 1.6549
v -0.9703 0.4503 1.6806
v -1.0238 0.5909 1.5755
v -0.9989 0.4497 1.6843
v -0.9986 0.4515 1.6794
v -1.0279 0.5977 1.5863
v -0.9981 0.5914 1.5719
v -1.0110 0.5914 1.5719
v -0.9954 0.6007 1.5848
v -1.0162 0.6007 1.5848
v -0.9418 0.4563 1.6748
v -0.9418 0.4685 1.7122
v -0.9418 0.4367 1.7353
v -0.9418 0.4170 1.6748
v -0.9418 0.4049 1.7122
v -0.9764 0.4934 1.7203
v -0.9764 0.4367 1.7615
v -0.9764 0.4717 1.6536
v -0.9764 0.4016 1.6536
v -0.9764 0.3799 1.7203
v -1.0112 0.4661 1.7114
v -1.0112 0.4549 1.6768
v -1.0112 0.4185 1.6768
v -1.0112 0.4367 1.7328
v -1.0112 0.4072 1.7114
v -1.0033 0.4367 1.7544
v -1.0033 0.4866 1.7181
v -1.0135 0.4731 1.7137
v -1.0135 0.4367 1.7402
v -1.0033 0.4675 1.6593
v -1.0135 0.4592 1.6708
v -1.0033 0.4058 1.6593
v -1.0135 0.4141 1.6708
v -1.0033 0.3867 1.7181
v -1.0135 0.4002 1.7137
v -1.0218 0.2754 1.5414
v -1.0220 0.3211 1.4899
v -1.0347 0.3229 1.4394
v -1.0414 0.2078 1.5433
v -0.9930 0.2754 1.5389
v -0.9930 0.3194 1.4892
v -1.0089 0.3194 1.4892
v -1.0089 0.2754 1.5389
v -0.9928 0.2034 1.5408
v -0.9928 0.3212 1.4347
v -1.0302 0.2034 1.5408
v -1.0237 0.3212 1.4347
v -0.9876 0.3405 1.6594
v -0.9552 0.3446 1.6643
v -0.9727 0.3446 1.6643
v -0.9553 0.3361 1.6825
v -0.9679 0.3361 1.6825
v -0.9862 0.4197 1.6830
v -0.9862 0.4197 1.6830
v -0.9838 0.3980 1.6666
v -0.9703 0.3980 1.6666
v -0.9703 0.4197 1.6830
v -1.0238 0.3632 1.5168
v -0.9989 0.4230 1.6847
v -0.9986 0.4189 1.6815
v -1.0279 0.3756 1.5137
v -0.9981 0.3599 1.5152
v -1.0110 0.3599 1.5152
v -0.9954 0.3751 1.5104
v -1.0162 0.3751 1.5104
v -1.0218 0.2333 1.8063
v -1.0220 0.1985 1.7469
v -1.0347 0.1510 1.7296
v -1.0414 0.2142 1.8712
v -0.9930 0.2309 1.8056
v -0.9930 0.1972 1.7483
v -1.0089 0.1972 1.7483
v -1.0089 0.2309 1.8056
v -0.9928 0.2105 1.8746
v -0.9928 0.1460 1.7298
v -1.0302 0.2105 1.8746
v -1.0237 0.1460 1.7298
v -0.9876 0.3656 1.7809
v -0.9552 0.3715 1.7785
v -0.9727 0.3715 1.7785
v -0.9553 0.3863 1.7922
v -0.9679 0.3863 1.7922
v -0.9862 0.4126 1.7128
v -0.9862 0.4126 1.7128
v -0.9838 0.3903 1.7284
v -0.9703 0.3903 1.7284
v -0.9703 0.4126 1.7128
v -1.0238 0.2371 1.7152
v -0.9989 0.4152 1.7102
v -0.9986 0.4109 1.7131
v -1.0279 0.2379 1.7025
v -0.9981 0.2345 1.7178
v -1.0110 0.2345 1.7178
v -0.9954 0.2346 1.7019
v -1.0162 0.2346 1.7019
v -0.9289 1.1858 -2.4368
v -0.9289 1.2682 -2.4368
v -0.9579 1.2682 -2.4368
v -0.9579 1.1858 -2.4368
v -0.9579 1.1600 -2.4516
v -0.9289 1.1600 -2.4516
v -0.9579 1.0191 -2.4516
v -0.9289 1.0191 -2.4516
v -0.9579 0.9944 -2.4368
v -0.9289 0.9944 -2.4368
v -0.9579 0.9279 -2.4368
v -0.9289 0.9279 -2.4368
v -0.9289 0.9279 -2.5008
v -0.9579 0.9279 -2.5283
v -0.9289 1.2682 -2.5008
v -0.9579 1.2682 -2.5283
v -0.8129 0.9279 -2.5008
v -0.8129 0.9944 -2.5008
v -0.8277 1.0191 -2.5008
v -0.8277 1.1600 -2.5008
v -0.8129 1.1858 -2.5008
v -0.8129 1.2682 -2.5008
v -0.8129 1.1858 -2.5283
v -0.8129 1.2682 -2.5283
v -0.8277 1.1600 -2.5283
v -0.8277 1.0191 -2.5283
v -0.8129 0.9944 -2.5283
v -0.8129 0.9279 -2.5283
v -0.9618 1.2617 -2.4433
v -0.9618 1.1875 -2.4433
v -0.9618 1.2617 -2.5322
v -0.8194 1.2617 -2.5322
v -0.8194 1.1875 -2.5322
v -0.8342 1.1618 -2.5322
v -0.8342 1.0173 -2.5322
v -0.8194 0.9926 -2.5322
v -0.8194 0.9344 -2.5322
v -0.9618 0.9344 -2.5322
v -0.9618 0.9344 -2.4433
v -0.9618 0.9926 -2.4433
v -0.9618 1.0173 -2.4581
v -0.9618 1.1618 -2.4581
v -0.9618 1.2443 -2.4607
v -0.9618 1.1922 -2.4607
v -0.9618 1.2443 -2.5322
v -0.8368 1.2443 -2.5322
v -0.8368 1.1922 -2.5322
v -0.8516 1.1664 -2.5322
v -0.8516 1.0125 -2.5322
v -0.8368 0.9878 -2.5322
v -0.8368 0.9518 -2.5322
v -0.9618 0.9518 -2.5322
v -0.9618 0.9518 -2.4607
v -0.9618 0.9878 -2.4607
v -0.9618 1.0125 -2.4755
v -0.9618 1.1664 -2.4755
v -0.9571 1.2443 -2.4607
v -0.9571 1.1922 -2.4607
v -0.9618 1.2443 -2.5322
v -0.9571 1.2443 -2.5112
v -0.8368 1.2443 -2.5274
v -0.9409 1.2443 -2.5274
v -0.8368 1.1922 -2.5274
v -0.8516 1.1664 -2.5274
v -0.8516 1.0125 -2.5274
v -0.8368 0.9878 -2.5274
v -0.8368 0.9518 -2.5274
v -0.9618 0.9518 -2.5322
v -0.9409 0.9518 -2.5274
v -0.9571 0.9518 -2.4607
v -0.9571 0.9518 -2.5112
v -0.9571 0.9878 -2.4607
v -0.9571 1.0125 -2.4755
v -0.9571 1.1664 -2.4755
v -0.5130 0.6002 -2.4504
v -0.5130 0.6002 -2.5950
v -0.3820 0.6002 -2.5950
v -0.3820 0.6002 -2.4504
v -0.5411 0.6946 -2.4504
v -0.5411 0.6946 -2.5950
v -0.5411 0.6283 -2.5950
v -0.5411 0.6283 -2.4504
v -0.3820 0.7227 -2.4504
v -0.3820 0.7227 -2.5950
v -0.5130 0.7227 -2.5950
v -0.5130 0.7227 -2.4504
v -0.3539 0.6283 -2.4504
v -0.3539 0.6283 -2.5950
v -0.3539 0.6946 -2.5950
v -0.3539 0.6946 -2.4504
v -0.3575 0.6298 -2.6027
v -0.3835 0.6038 -2.6027
v -0.3881 0.6149 -2.6027
v -0.3686 0.6344 -2.6027
v -0.5115 0.6038 -2.6027
v -0.5070 0.6149 -2.6027
v -0.5375 0.6298 -2.6027
v -0.5265 0.6344 -2.6027
v -0.5375 0.6931 -2.6027
v -0.5265 0.6885 -2.6027
v -0.5115 0.7191 -2.6027
v -0.5070 0.7080 -2.6027
v -0.3835 0.7191 -2.6027
v -0.3881 0.7080 -2.6027
v -0.3575 0.6931 -2.6027
v -0.3686 0.6885 -2.6027
v -0.3722 0.6358 -2.5950
v -0.3896 0.6185 -2.5950
v -0.3896 0.6185 -2.5311
v -0.3722 0.6358 -2.5311
v -0.5055 0.6185 -2.5950
v -0.5055 0.6185 -2.5311
v -0.5229 0.6358 -2.5950
v -0.5229 0.6358 -2.5311
v -0.5229 0.6870 -2.5950
v -0.5229 0.6870 -2.5311
v -0.5055 0.7044 -2.5950
v -0.5055 0.7044 -2.5311
v -0.3896 0.7044 -2.5950
v -0.3896 0.7044 -2.5311
v -0.3722 0.6870 -2.5950
v -0.3722 0.6870 -2.5311
v -0.3721 0.6358 -2.4504
v -0.3895 0.6183 -2.4504
v -0.3721 0.6871 -2.4504
v -0.3895 0.7045 -2.4504
v -0.5055 0.7045 -2.4504
v -0.5230 0.6871 -2.4504
v -0.5230 0.6358 -2.4504
v -0.5055 0.6183 -2.4504
v -0.3721 0.6358 -2.1842
v -0.3895 0.6183 -2.1842
v -0.3721 0.6871 -2.1842
v -0.3895 0.7045 -2.1842
v -0.5055 0.7045 -2.1842
v -0.5230 0.6871 -2.1842
v -0.5230 0.6358 -2.1842
v -0.5055 0.6183 -2.1842
v -0.3971 0.6366 -2.5311
v -0.3903 0.6434 -2.5311
v -0.4980 0.6366 -2.5311
v -0.5047 0.6434 -2.5311
v -0.5047 0.6795 -2.5311
v -0.4980 0.6863 -2.5311
v -0.3971 0.6863 -2.5311
v -0.3903 0.6795 -2.5311
v -0.3971 0.6366 -2.1842
v -0.3903 0.6434 -2.1842
v -0.4980 0.6366 -2.1842
v -0.5047 0.6434 -2.1842
v -0.5047 0.6795 -2.1842
v -0.4980 0.6863 -2.1842
v -0.3971 0.6863 -2.1842
v -0.3903 0.6795 -2.1842
v -0.1602 0.6725 -2.4739
v -0.1602 0.6725 -2.5607
v -0.1602 0.6328 -2.5607
v -0.1602 0.6328 -2.4739
v 0.0000 0.6894 -2.4739
v 0.0000 0.6894 -2.5607
v -0.1433 0.6894 -2.5607
v -0.1433 0.6894 -2.4739
v -0.1433 0.6159 -2.5607
v -0.1433 0.6159 -2.4739
v -0.1424 0.6181 -2.5653
v -0.1580 0.6337 -2.5653
v -0.1514 0.6364 -2.5653
v -0.1397 0.6247 -2.5653
v -0.1580 0.6716 -2.5653
v -0.1514 0.6689 -2.5653
v -0.1424 0.6872 -2.5653
v -0.1397 0.6806 -2.5653
v 0.0000 0.6872 -2.5653
v 0.0000 0.6806 -2.5653
v -0.1388 0.6269 -2.5607
v -0.1492 0.6373 -2.5607
v -0.1492 0.6373 -2.5223
v -0.1388 0.6269 -2.5223
v -0.1492 0.6680 -2.5607
v -0.1492 0.6680 -2.5223
v -0.1388 0.6784 -2.5607
v -0.1388 0.6784 -2.5223
v 0.0000 0.6784 -2.5607
v 0.0000 0.6784 -2.5223
v -0.0230 0.6784 -2.5223
v -0.1493 0.6680 -2.4739
v -0.1388 0.6785 -2.4739
v -0.1493 0.6373 -2.4739
v -0.1388 0.6268 -2.4739
v 0.0000 0.6159 -2.4739
v 0.0000 0.6268 -2.4739
v -0.1493 0.6680 -2.3142
v -0.1388 0.6785 -2.3142
v -0.1493 0.6373 -2.3142
v -0.1388 0.6268 -2.3142
v 0.0000 0.6268 -2.3142
v -0.1383 0.6418 -2.3142
v -0.1343 0.6378 -2.3142
v -0.1383 0.6635 -2.3142
v -0.1343 0.6676 -2.3142
v 0.0000 0.6676 -2.3142
v 0.0000 0.6785 -2.3142
v 0.0000 0.6269 -2.5607
v 0.0000 0.6247 -2.5653
v -0.0230 0.6269 -2.5223
v -0.0230 0.6784 -2.5302
v -0.0230 0.6269 -2.5302
v 0.0000 0.6784 -2.5302
v -0.0221 0.6277 -2.5318
v -0.0221 0.6776 -2.5318
v -0.0180 0.6735 -2.5318
v -0.0180 0.6319 -2.5318
v 0.0000 0.6776 -2.5318
v 0.0000 0.6735 -2.5318
v -0.0171 0.6327 -2.5302
v 0.0000 0.6327 -2.5302
v 0.0000 0.6319 -2.5318
v -0.0171 0.6726 -2.5302
v 0.0000 0.6159 -2.5607
v 0.0000 0.6181 -2.5653
v 0.0000 0.6269 -2.5223
v 0.0000 0.6785 -2.4739
v 0.0000 0.6378 -2.3142
v 0.0000 0.6269 -2.5302
v 0.0000 0.6277 -2.5318
v 0.0000 0.6726 -2.5302
v -0.0171 0.6327 -2.5302
v -0.0171 0.6726 -2.5302
v 0.0000 0.6726 -2.5302
v 0.0000 0.6327 -2.5302
v 1.0067 1.4478 0.9032
v 1.1633 1.4478 0.9032
v 1.1633 1.4478 0.9446
v 1.0067 1.4478 0.9446
v 0.9777 1.5397 0.9032
v 0.9777 1.4829 0.9032
v 0.9777 1.4829 0.9446
v 0.9777 1.5397 0.9446
v 1.1633 1.5748 0.9032
v 1.0067 1.5748 0.9032
v 1.0067 1.5748 0.9446
v 1.1633 1.5748 0.9446
v 1.1924 1.4768 0.9032
v 1.1924 1.5457 0.9032
v 1.1924 1.5457 0.9446
v 1.1924 1.4768 0.9446
v 1.1778 1.4829 0.9654
v 1.1573 1.4624 0.9654
v 0.9933 1.4624 0.9654
v 0.9777 1.4829 0.9654
v 0.8897 1.4643 0.9446
v 0.8897 1.4322 0.9446
v 0.8897 1.4322 0.9654
v 0.8897 1.4643 0.9654
v 0.9777 1.5397 0.9654
v 0.9933 1.5602 0.9654
v 1.1573 1.5602 0.9654
v 1.1778 1.5397 0.9654
v 1.1778 1.5279 0.9654
v 1.1778 1.4972 0.9654
v 1.1731 1.5326 0.9807
v 1.1731 1.5377 0.9807
v 1.1554 1.5555 0.9807
v 0.9956 1.5555 0.9807
v 0.9823 1.5381 0.9807
v 0.9823 1.5326 0.9807
v 0.9823 1.4925 0.9807
v 0.9823 1.4845 0.9807
v 0.9956 1.4670 0.9807
v 1.1554 1.4670 0.9807
v 1.1731 1.4848 0.9807
v 1.1731 1.4925 0.9807
v 0.9777 1.5279 0.9654
v 0.9777 1.4972 0.9654
v 0.9777 1.5397 0.9760
v 0.9933 1.5602 0.9760
v 1.1573 1.5602 0.9760
v 1.1778 1.5397 0.9760
v 1.1778 1.5279 0.9760
v 0.9777 1.5279 0.9760
v 1.1778 1.4829 0.9760
v 1.1573 1.4624 0.9760
v 0.9933 1.4624 0.9760
v 0.9777 1.4829 0.9760
v 0.9777 1.4972 0.9760
v 1.1778 1.4972 0.9760
v 0.9671 1.4829 0.9446
v 0.9671 1.5397 0.9446
v 0.9671 1.5397 0.9654
v 0.9736 1.5368 0.9700
v 0.9686 1.5368 0.9700
v 0.9656 1.4858 0.9700
v 0.9736 1.4858 0.9700
v 0.9736 1.4972 0.9700
v 0.9736 1.5279 0.9700
v 0.9671 1.4829 0.9654
v 0.9318 1.4322 0.9446
v 0.9318 1.4890 0.9446
v 0.9318 1.4890 0.9654
v 0.9332 1.4862 0.9700
v 0.9303 1.4351 0.9700
v 0.9318 1.4322 0.9654
v 0.9000 1.4890 0.9446
v 0.9000 1.4890 0.9654
v 0.8926 1.4638 0.9700
v 0.8926 1.4351 0.9700
v 0.9019 1.4862 0.9700
v 1.1614 1.4524 0.9032
v 1.1878 1.4788 0.9032
v 1.1878 1.5438 0.9032
v 1.1614 1.5701 0.9032
v 1.0089 1.5701 0.9032
v 0.9823 1.5380 0.9032
v 0.9823 1.4846 0.9032
v 1.0089 1.4524 0.9032
v 0.9267 1.2702 -0.9744
v 0.9267 1.2702 -0.7867
v 0.9267 1.3222 -0.7867
v 0.9267 1.3222 -0.9744
v 0.9372 1.2833 -0.9613
v 0.9372 1.3002 -0.9613
v 0.9372 1.3002 -0.7997
v 0.9372 1.2833 -0.7997
v 0.9409 1.2702 -0.9744
v 0.9409 1.2702 -0.7867
v 0.9409 1.3222 -0.7867
v 0.9409 1.3222 -0.9744
v 0.9481 1.2781 -0.9665
v 0.9481 1.2781 -0.7945
v 0.9481 1.3055 -0.7945
v 0.9481 1.3055 -0.9665
v 0.9463 1.2833 -0.9613
v 0.9463 1.2833 -0.7997
v 0.9463 1.3002 -0.7997
v 0.9463 1.3002 -0.9613
v 0.9267 1.2702 -0.0512
v 0.9267 1.2702 0.1365
v 0.9267 1.3222 0.1365
v 0.9267 1.3222 -0.0512
v 0.9372 1.2833 -0.0381
v 0.9372 1.3002 -0.0381
v 0.9372 1.3002 0.1234
v 0.9372 1.2833 0.1234
v 0.9409 1.2702 -0.0512
v 0.9409 1.2702 0.1365
v 0.9409 1.3222 0.1365
v 0.9409 1.3222 -0.0512
v 0.9481 1.2781 -0.0434
v 0.9481 1.2781 0.1287
v 0.9481 1.3055 0.1287
v 0.9481 1.3055 -0.0434
v 0.9463 1.2833 -0.0381
v 0.9463 1.2833 0.1234
v 0.9463 1.3002 0.1234
v 0.9463 1.3002 -0.0381
v 1.0218 0.4722 -1.4188
v 1.0414 0.5281 -1.3806
v 1.0347 0.3738 -1.3642
v 1.0220 0.4050 -1.4040
v 0.9930 0.4708 -1.4167
v 1.0089 0.4708 -1.4167
v 1.0089 0.4059 -1.4024
v 0.9930 0.4059 -1.4024
v 0.9928 0.5301 -1.3760
v 0.9928 0.3724 -1.3594
v 1.0302 0.5301 -1.3760
v 1.0237 0.3724 -1.3594
v 0.9876 0.4889 -1.5524
v 0.9552 0.4885 -1.5588
v 0.9727 0.4885 -1.5588
v 0.9553 0.5060 -1.5686
v 0.9679 0.5060 -1.5686
v 0.9838 0.4466 -1.5921
v 0.9862 0.4387 -1.6182
v 0.9862 0.4387 -1.6182
v 0.9703 0.4466 -1.5921
v 0.9703 0.4387 -1.6182
v 1.0238 0.3867 -1.4505
v 1.0279 0.3749 -1.4552
v 0.9986 0.4385 -1.6165
v 0.9989 0.4370 -1.6215
v 0.9981 0.3885 -1.4473
v 1.0110 0.3885 -1.4473
v 0.9954 0.3733 -1.4523
v 1.0162 0.3733 -1.4523
v 0.9444 0.2655 -1.4382
v 0.9444 0.2059 -1.5092
v 0.9444 0.1742 -1.5963
v 0.9444 0.1742 -1.6890
v 0.9444 0.2059 -1.7761
v 0.9444 0.2655 -1.8471
v 0.9444 0.3458 -1.8934
v 0.9444 0.4370 -1.9095
v 0.9444 0.5283 -1.8934
v 0.9444 0.6086 -1.8471
v 0.9444 0.6682 -1.7761
v 0.9444 0.6999 -1.6890
v 0.9444 0.6999 -1.5963
v 0.9444 0.6682 -1.5092
v 0.9444 0.6086 -1.4382
v 0.9444 0.5283 -1.3918
v 0.9444 0.4370 -1.3758
v 0.9444 0.3458 -1.3918
v 1.0550 0.4370 -1.3671
v 1.0550 0.4370 -1.3758
v 1.0550 0.5283 -1.3918
v 1.0550 0.5313 -1.3838
v 1.0550 0.6086 -1.4382
v 1.0550 0.6141 -1.4316
v 1.0550 0.6682 -1.5092
v 1.0550 0.6756 -1.5049
v 1.0550 0.6999 -1.5963
v 1.0550 0.7083 -1.5948
v 1.0550 0.6999 -1.6890
v 1.0550 0.7083 -1.6905
v 1.0550 0.6682 -1.7761
v 1.0550 0.6756 -1.7804
v 1.0550 0.6086 -1.8471
v 1.0550 0.6141 -1.8537
v 1.0550 0.5283 -1.8934
v 1.0550 0.5313 -1.9015
v 1.0550 0.4370 -1.9095
v 1.0550 0.4370 -1.9181
v 1.0550 0.3458 -1.8934
v 1.0550 0.3428 -1.9015
v 1.0550 0.2655 -1.8471
v 1.0550 0.2600 -1.8537
v 1.0550 0.2059 -1.7761
v 1.0550 0.1985 -1.7804
v 1.0550 0.1742 -1.6890
v 1.0550 0.1657 -1.6905
v 1.0550 0.1742 -1.5963
v 1.0550 0.1657 -1.5948
v 1.0550 0.2059 -1.5092
v 1.0550 0.1985 -1.5049
v 1.0550 0.2655 -1.4382
v 1.0550 0.2600 -1.4316
v 1.0550 0.3458 -1.3918
v 1.0550 0.3428 -1.3838
v 0.8625 0.4370 -1.3758
v 0.8625 0.5283 -1.3918
v 0.8625 0.6086 -1.4382
v 0.8625 0.6682 -1.5092
v 0.8625 0.6999 -1.5963
v 0.8625 0.6999 -1.6890
v 0.8625 0.6682 -1.7761
v 0.8625 0.6086 -1.8471
v 0.8625 0.5283 -1.8934
v 0.8625 0.4370 -1.9095
v 0.8625 0.3458 -1.8934
v 0.8625 0.2655 -1.8471
v 0.8625 0.2059 -1.7761
v 0.8625 0.1742 -1.6890
v 0.8625 0.1742 -1.5963
v 0.8625 0.2059 -1.5092
v 0.8625 0.2655 -1.4382
v 0.8625 0.3458 -1.3918
v 0.8294 0.4370 -1.3671
v 0.8294 0.5313 -1.3838
v 0.8294 0.5283 -1.3918
v 0.8294 0.4370 -1.3758
v 0.8294 0.6141 -1.4316
v 0.8294 0.6086 -1.4382
v 0.8294 0.6756 -1.5049
v 0.8294 0.6682 -1.5092
v 0.8294 0.7083 -1.5948
v 0.8294 0.6999 -1.5963
v 0.8294 0.7083 -1.6905
v 0.8294 0.6999 -1.6890
v 0.8294 0.6756 -1.7804
v 0.8294 0.6682 -1.7761
v 0.8294 0.6141 -1.8537
v 0.8294 0.6086 -1.8471
v 0.8294 0.5313 -1.9015
v 0.8294 0.5283 -1.8934
v 0.8294 0.4370 -1.9181
v 0.8294 0.4370 -1.9095
v 0.8294 0.3428 -1.9015
v 0.8294 0.3458 -1.8934
v 0.8294 0.2600 -1.8537
v 0.8294 0.2655 -1.8471
v 0.8294 0.1985 -1.7804
v 0.8294 0.2059 -1.7761
v 0.8294 0.1657 -1.6905
v 0.8294 0.1742 -1.6890
v 0.8294 0.1657 -1.5948
v 0.8294 0.1742 -1.5963
v 0.8294 0.1985 -1.5049
v 0.8294 0.2059 -1.5092
v 0.8294 0.2600 -1.4316
v 0.8294 0.2655 -1.4382
v 0.8294 0.3428 -1.3838
v 0.8294 0.3458 -1.3918
v 1.0218 0.6620 -1.6084
v 1.0414 0.7156 -1.6497
v 1.0347 0.6835 -1.4979
v 1.0220 0.6553 -1.5398
v 0.9930 0.6635 -1.6063
v 1.0089 0.6635 -1.6063
v 1.0089 0.6571 -1.5402
v 0.9930 0.6571 -1.5402
v 0.9928 0.7206 -1.6502
v 0.9928 0.6876 -1.4951
v 1.0302 0.7206 -1.6502
v 1.0237 0.6876 -1.4951
v 0.9876 0.5400 -1.6655
v 0.9552 0.5338 -1.6671
v 0.9727 0.5338 -1.6671
v 0.9553 0.5299 -1.6868
v 0.9679 0.5299 -1.6868
v 0.9838 0.4892 -1.6376
v 0.9862 0.4620 -1.6381
v 0.9862 0.4620 -1.6381
v 0.9703 0.4892 -1.6376
v 0.9703 0.4620 -1.6381
v 1.0238 0.6054 -1.5368
v 1.0279 0.5973 -1.5270
v 0.9986 0.4636 -1.6373
v 0.9989 0.4583 -1.6375
v 0.9981 0.6090 -1.5375
v 1.0110 0.6090 -1.5375
v 0.9954 0.5996 -1.5247
v 1.0162 0.5996 -1.5247
v 1.0218 0.5403 -1.8474
v 1.0414 0.5176 -1.9111
v 1.0347 0.6521 -1.8338
v 1.0220 0.6034 -1.8199
v 0.9930 0.5427 -1.8482
v 1.0089 0.5427 -1.8482
v 1.0089 0.6036 -1.8217
v 0.9930 0.6036 -1.8217
v 0.9928 0.5187 -1.9160
v 0.9928 0.6560 -1.8368
v 1.0302 0.5187 -1.9160
v 1.0237 0.6560 -1.8368
v 0.9876 0.4483 -1.7491
v 0.9552 0.4449 -1.7437
v 0.9727 0.4449 -1.7437
v 0.9553 0.4249 -1.7460
v 0.9679 0.4249 -1.7460
v 0.9838 0.4592 -1.6921
v 0.9862 0.4503 -1.6664
v 0.9862 0.4503 -1.6664
v 0.9703 0.4592 -1.6921
v 0.9703 0.4503 -1.6664
v 1.0238 0.5909 -1.7715
v 1.0279 0.5977 -1.7607
v 0.9986 0.4515 -1.6676
v 0.9989 0.4497 -1.6627
v 0.9981 0.5914 -1.7751
v 1.0110 0.5914 -1.7751
v 0.9954 0.6007 -1.7622
v 1.0162 0.6007 -1.7622
v 0.9418 0.4367 -1.6117
v 0.9418 0.4685 -1.6348
v 0.9418 0.4563 -1.6722
v 0.9418 0.4170 -1.6722
v 0.9418 0.4049 -1.6348
v 0.9764 0.4367 -1.5855
v 0.9764 0.4934 -1.6267
v 0.9764 0.4717 -1.6934
v 0.9764 0.4016 -1.6934
v 0.9764 0.3799 -1.6267
v 1.0112 0.4185 -1.6702
v 1.0112 0.4549 -1.6702
v 1.0112 0.4661 -1.6356
v 1.0112 0.4367 -1.6142
v 1.0112 0.4072 -1.6356
v 1.0033 0.4367 -1.5926
v 1.0135 0.4367 -1.6068
v 1.0135 0.4731 -1.6333
v 1.0033 0.4866 -1.6289
v 1.0135 0.4592 -1.6762
v 1.0033 0.4675 -1.6877
v 1.0135 0.4141 -1.6762
v 1.0033 0.4058 -1.6877
v 1.0135 0.4002 -1.6333
v 1.0033 0.3867 -1.6289
v 1.0218 0.2754 -1.8056
v 1.0414 0.2078 -1.8037
v 1.0347 0.3229 -1.9076
v 1.0220 0.3211 -1.8571
v 0.9930 0.2754 -1.8081
v 1.0089 0.2754 -1.8081
v 1.0089 0.3194 -1.8578
v 0.9930 0.3194 -1.8578
v 0.9928 0.2034 -1.8062
v 0.9928 0.3212 -1.9123
v 1.0302 0.2034 -1.8062
v 1.0237 0.3212 -1.9123
v 0.9876 0.3405 -1.6876
v 0.9552 0.3446 -1.6827
v 0.9727 0.3446 -1.6827
v 0.9553 0.3361 -1.6645
v 0.9679 0.3361 -1.6645
v 0.9838 0.3980 -1.6804
v 0.9862 0.4197 -1.6640
v 0.9862 0.4197 -1.6640
v 0.9703 0.3980 -1.6804
v 0.9703 0.4197 -1.6640
v 1.0238 0.3632 -1.8302
v 1.0279 0.3756 -1.8333
v 0.9986 0.4189 -1.6655
v 0.9989 0.4230 -1.6623
v 0.9981 0.3599 -1.8318
v 1.0110 0.3599 -1.8318
v 0.9954 0.3751 -1.8366
v 1.0162 0.3751 -1.8366
v 1.0218 0.2333 -1.5407
v 1.0414 0.2142 -1.4758
v 1.0347 0.1510 -1.6174
v 1.0220 0.1985 -1.6001
v 0.9930 0.2309 -1.5414
v 1.0089 0.2309 -1.5414
v 1.0089 0.1972 -1.5987
v 0.9930 0.1972 -1.5987
v 0.9928 0.2105 -1.4724
v 0.9928 0.1460 -1.6173
v 1.0302 0.2105 -1.4724
v 1.0237 0.1460 -1.6173
v 0.9876 0.3656 -1.5661
v 0.9552 0.3715 -1.5685
v 0.9727 0.3715 -1.5685
v 0.9553 0.3863 -1.5548
v 0.9679 0.3863 -1.5548
v 0.9838 0.3903 -1.6186
v 0.9862 0.4126 -1.6342
v 0.9862 0.4126 -1.6342
v 0.9703 0.3903 -1.6186
v 0.9703 0.4126 -1.6342
v 1.0238 0.2371 -1.6318
v 1.0279 0.2379 -1.6445
v 0.9986 0.4109 -1.6339
v 0.9989 0.4152 -1.6368
v 0.9981 0.2345 -1.6292
v 1.0110 0.2345 -1.6292
v 0.9954 0.2346 -1.6451
v 1.0162 0.2346 -1.6451
v 1.0218 0.4722 1.9282
v 1.0414 0.5281 1.9664
v 1.0347 0.3738 1.9828
v 1.0220 0.4050 1.9430
v 0.9930 0.4708 1.9303
v 1.0089 0.4708 1.9303
v 1.0089 0.4059 1.9446
v 0.9930 0.4059 1.9446
v 0.9928 0.5301 1.9710
v 0.9928 0.3724 1.9876
v 1.0302 0.5301 1.9710
v 1.0237 0.3724 1.9876
v 0.9876 0.4889 1.7946
v 0.9552 0.4885 1.7882
v 0.9727 0.4885 1.7882
v 0.9553 0.5060 1.7784
v 0.9679 0.5060 1.7784
v 0.9838 0.4466 1.7549
v 0.9862 0.4387 1.7288
v 0.9862 0.4387 1.7288
v 0.9703 0.4466 1.7549
v 0.9703 0.4387 1.7288
v 1.0238 0.3867 1.8965
v 1.0279 0.3749 1.8918
v 0.9986 0.4385 1.7305
v 0.9989 0.4370 1.7255
v 0.9981 0.3885 1.8997
v 1.0110 0.3885 1.8997
v 0.9954 0.3733 1.8947
v 1.0162 0.3733 1.8947
v 0.9444 0.2655 1.9088
v 0.9444 0.2059 1.8378
v 0.9444 0.1742 1.7507
v 0.9444 0.1742 1.6580
v 0.9444 0.2059 1.5709
v 0.9444 0.2655 1.4999
v 0.9444 0.3458 1.4536
v 0.9444 0.4370 1.4375
v 0.9444 0.5283 1.4536
v 0.9444 0.6086 1.4999
v 0.9444 0.6682 1.5709
v 0.9444 0.6999 1.6580
v 0.9444 0.6999 1.7507
v 0.9444 0.6682 1.8378
v 0.9444 0.6086 1.9088
v 0.9444 0.5283 1.9552
v 0.9444 0.4370 1.9713
v 0.9444 0.3458 1.9552
v 1.0550 0.4370 1.9799
v 1.0550 0.4370 1.9713
v 1.0550 0.5283 1.9552
v 1.0550 0.5313 1.9633
v 1.0550 0.6086 1.9088
v 1.0550 0.6141 1.9154
v 1.0550 0.6682 1.8378
v 1.0550 0.6756 1.8421
v 1.0550 0.6999 1.7507
v 1.0550 0.7083 1.7522
v 1.0550 0.6999 1.6580
v 1.0550 0.7083 1.6565
v 1.0550 0.6682 1.5709
v 1.0550 0.6756 1.5666
v 1.0550 0.6086 1.4999
v 1.0550 0.6141 1.4934
v 1.0550 0.5283 1.4536
v 1.0550 0.5313 1.4455
v 1.0550 0.4370 1.4375
v 1.0550 0.4370 1.4289
v 1.0550 0.3458 1.4536
v 1.0550 0.3428 1.4455
v 1.0550 0.2655 1.4999
v 1.0550 0.2600 1.4934
v 1.0550 0.2059 1.5709
v 1.0550 0.1985 1.5666
v 1.0550 0.1742 1.6580
v 1.0550 0.1657 1.6565
v 1.0550 0.1742 1.7507
v 1.0550 0.1657 1.7522
v 1.0550 0.2059 1.8378
v 1.0550 0.1985 1.8421
v 1.0550 0.2655 1.9088
v 1.0550 0.2600 1.9154
v 1.0550 0.3458 1.9552
v 1.0550 0.3428 1.9633
v 0.8625 0.4370 1.9713
v 0.8625 0.5283 1.9552
v 0.8625 0.6086 1.9088
v 0.8625 0.6682 1.8378
v 0.8625 0.6999 1.7507
v 0.8625 0.6999 1.6580
v 0.8625 0.6682 1.5709
v 0.8625 0.6086 1.4999
v 0.8625 0.5283 1.4536
v 0.8625 0.4370 1.4375
v 0.8625 0.3458 1.4536
v 0.8625 0.2655 1.4999
v 0.8625 0.2059 1.5709
v 0.8625 0.1742 1.6580
v 0.8625 0.1742 1.7507
v 0.8625 0.2059 1.8378
v 0.8625 0.2655 1.9088
v 0.8625 0.3458 1.9552
v 0.8294 0.4370 1.9799
v 0.8294 0.5313 1.9633
v 0.8294 0.5283 1.9552
v 0.8294 0.4370 1.9713
v 0.8294 0.6141 1.9154
v 0.8294 0.6086 1.9088
v 0.8294 0.6756 1.8421
v 0.8294 0.6682 1.8378
v 0.8294 0.7083 1.7522
v 0.8294 0.6999 1.7507
v 0.8294 0.7083 1.6565
v 0.8294 0.6999 1.6580
v 0.8294 0.6756 1.5666
v 0.8294 0.6682 1.5709
v 0.8294 0.6141 1.4934
v 0.8294 0.6086 1.4999
v 0.8294 0.5313 1.4455
v 0.8294 0.5283 1.4536
v 0.8294 0.4370 1.4289
v 0.8294 0.4370 1.4375
v 0.8294 0.3428 1.4455
v 0.8294 0.3458 1.4536
v 0.8294 0.2600 1.4934
v 0.8294 0.2655 1.4999
v 0.8294 0.1985 1.5666
v 0.8294 0.2059 1.5709
v 0.8294 0.1657 1.6565
v 0.8294 0.1742 1.6580
v 0.8294 0.1657 1.7522
v 0.8294 0.1742 1.7507
v 0.8294 0.1985 1.8421
v 0.8294 0.2059 1.8378
v 0.8294 0.2600 1.9154
v 0.8294 0.2655 1.9088
v 0.8294 0.3428 1.9633
v 0.8294 0.3458 1.9552
v 1.0218 0.6620 1.7386
v 1.0414 0.7156 1.6973
v 1.0347 0.6835 1.8491
v 1.0220 0.6553 1.8072
v 0.9930 0.6635 1.7407
v 1.0089 0.6635 1.7407
v 1.0089 0.6571 1.8068
v 0.9930 0.6571 1.8068
v 0.9928 0.7206 1.6968
v 0.9928 0.6876 1.8519
v 1.0302 0.7206 1.6968
v 1.0237 0.6876 1.8519
v 0.9876 0.5400 1.6815
v 0.9552 0.5338 1.6799
v 0.9727 0.5338 1.6799
v 0.9553 0.5299 1.6602
v 0.9679 0.5299 1.6602
v 0.9838 0.4892 1.7094
v 0.9862 0.4620 1.7089
v 0.9862 0.4620 1.7089
v 0.9703 0.4892 1.7094
v 0.9703 0.4620 1.7089
v 1.0238 0.6054 1.8102
v 1.0279 0.5973 1.8200
v 0.9986 0.4636 1.7097
v 0.9989 0.4583 1.7095
v 0.9981 0.6090 1.8095
v 1.0110 0.6090 1.8095
v 0.9954 0.5996 1.8224
v 1.0162 0.5996 1.8224
v 1.0218 0.5403 1.4996
v 1.0414 0.5176 1.4359
v 1.0347 0.6521 1.5132
v 1.0220 0.6034 1.5272
v 0.9930 0.5427 1.4988
v 1.0089 0.5427 1.4988
v 1.0089 0.6036 1.5253
v 0.9930 0.6036 1.5253
v 0.9928 0.5187 1.4310
v 0.9928 0.6560 1.5102
v 1.0302 0.5187 1.4310
v 1.0237 0.6560 1.5102
v 0.9876 0.4483 1.5979
v 0.9552 0.4449 1.6033
v 0.9727 0.4449 1.6033
v 0.9553 0.4249 1.6010
v 0.9679 0.4249 1.6010
v 0.9838 0.4592 1.6549
v 0.9862 0.4503 1.6806
v 0.9862 0.4503 1.6806
v 0.9703 0.4592 1.6549
v 0.9703 0.4503 1.6806
v 1.0238 0.5909 1.5755
v 1.0279 0.5977 1.5863
v 0.9986 0.4515 1.6794
v 0.9989 0.4497 1.6843
v 0.9981 0.5914 1.5719
v 1.0110 0.5914 1.5719
v 0.9954 0.6007 1.5848
v 1.0162 0.6007 1.5848
v 0.9418 0.4367 1.7353
v 0.9418 0.4685 1.7122
v 0.9418 0.4563 1.6748
v 0.9418 0.4170 1.6748
v 0.9418 0.4049 1.7122
v 0.9764 0.4367 1.7615
v 0.9764 0.4934 1.7203
v 0.9764 0.4717 1.6536
v 0.9764 0.4016 1.6536
v 0.9764 0.3799 1.7203
v 1.0112 0.4185 1.6768
v 1.0112 0.4549 1.6768
v 1.0112 0.4661 1.7114
v 1.0112 0.4367 1.7328
v 1.0112 0.4072 1.7114
v 1.0033 0.4367 1.7544
v 1.0135 0.4367 1.7402
v 1.0135 0.4731 1.7137
v 1.0033 0.4866 1.7181
v 1.0135 0.4592 1.6708
v 1.0033 0.4675 1.6593
v 1.0135 0.4141 1.6708
v 1.0033 0.4058 1.6593
v 1.0135 0.4002 1.7137
v 1.0033 0.3867 1.7181
v 1.0218 0.2754 1.5414
v 1.0414 0.2078 1.5433
v 1.0347 0.3229 1.4394
v 1.0220 0.3211 1.4899
v 0.9930 0.2754 1.5389
v 1.0089 0.2754 1.5389
v 1.0089 0.3194 1.4892
v 0.9930 0.3194 1.4892
v 0.9928 0.2034 1.5408
v 0.9928 0.3212 1.4347
v 1.0302 0.2034 1.5408
v 1.0237 0.3212 1.4347
v 0.9876 0.3405 1.6594
v 0.9552 0.3446 1.6643
v 0.9727 0.3446 1.6643
v 0.9553 0.3361 1.6825
v 0.9679 0.3361 1.6825
v 0.9838 0.3980 1.6666
v 0.9862 0.4197 1.6830
v 0.9862 0.4197 1.6830
v 0.9703 0.3980 1.6666
v 0.9703 0.4197 1.6830
v 1.0238 0.3632 1.5168
v 1.0279 0.3756 1.5137
v 0.9986 0.4189 1.6815
v 0.9989 0.4230 1.6847
v 0.9981 0.3599 1.5152
v 1.0110 0.3599 1.5152
v 0.9954 0.3751 1.5104
v 1.0162 0.3751 1.5104
v 1.0218 0.2333 1.8063
v 1.0414 0.2142 1.8712
v 1.0347 0.1510 1.7296
v 1.0220 0.1985 1.7469
v 0.9930 0.2309 1.8056
v 1.0089 0.2309 1.8056
v 1.0089 0.1972 1.7483
v 0.9930 0.1972 1.7483
v 0.9928 0.2105 1.8746
v 0.9928 0.1460 1.7298
v 1.0302 0.2105 1.8746
v 1.0237 0.1460 1.7298
v 0.9876 0.3656 1.7809
v 0.9552 0.3715 1.7785
v 0.9727 0.3715 1.7785
v 0.9553 0.3863 1.7922
v 0.9679 0.3863 1.7922
v 0.9838 0.3903 1.7284
v 0.9862 0.4126 1.7128
v 0.9862 0.4126 1.7128
v 0.9703 0.3903 1.7284
v 0.9703 0.4126 1.7128
v 1.0238 0.2371 1.7152
v 1.0279 0.2379 1.7025
v 0.9986 0.4109 1.7131
v 0.9989 0.4152 1.7102
v 0.9981 0.2345 1.7178
v 1.0110 0.2345 1.7178
v 0.9954 0.2346 1.7019
v 1.0162 0.2346 1.7019
v 0.9289 1.1858 -2.4368
v 0.9579 1.1858 -2.4368
v 0.9579 1.2682 -2.4368
v 0.9289 1.2682 -2.4368
v 0.9289 1.1600 -2.4516
v 0.9579 1.1600 -2.4516
v 0.9289 1.0191 -2.4516
v 0.9579 1.0191 -2.4516
v 0.9289 0.9944 -2.4368
v 0.9579 0.9944 -2.4368
v 0.9289 0.9279 -2.4368
v 0.9579 0.9279 -2.4368
v 0.9289 0.9279 -2.5008
v 0.9579 0.9279 -2.5283
v 0.9579 1.2682 -2.5283
v 0.9289 1.2682 -2.5008
v 0.8129 1.2682 -2.5008
v 0.8129 1.1858 -2.5008
v 0.8277 1.1600 -2.5008
v 0.8277 1.0191 -2.5008
v 0.8129 0.9944 -2.5008
v 0.8129 0.9279 -2.5008
v 0.8129 1.2682 -2.5283
v 0.8129 1.1858 -2.5283
v 0.8277 1.1600 -2.5283
v 0.8277 1.0191 -2.5283
v 0.8129 0.9944 -2.5283
v 0.8129 0.9279 -2.5283
v 0.9619 1.1875 -2.4433
v 0.9619 1.2617 -2.4433
v 0.9619 1.2617 -2.5322
v 0.8194 1.2617 -2.5322
v 0.8194 1.1875 -2.5322
v 0.8342 1.1618 -2.5322
v 0.8342 1.0173 -2.5322
v 0.8194 0.9926 -2.5322
v 0.8194 0.9344 -2.5322
v 0.9619 0.9344 -2.5322
v 0.9619 0.9344 -2.4433
v 0.9619 0.9926 -2.4433
v 0.9619 1.0173 -2.4581
v 0.9619 1.1618 -2.4581
v 0.9619 1.1922 -2.4607
v 0.9619 1.2443 -2.4607
v 0.9619 1.2443 -2.5322
v 0.8368 1.2443 -2.5322
v 0.8368 1.1922 -2.5322
v 0.8516 1.1664 -2.5322
v 0.8516 1.0125 -2.5322
v 0.8368 0.9878 -2.5322
v 0.8368 0.9518 -2.5322
v 0.9619 0.9518 -2.5322
v 0.9619 0.9518 -2.4607
v 0.9619 0.9878 -2.4607
v 0.9619 1.0125 -2.4755
v 0.9619 1.1664 -2.4755
v 0.9571 1.1922 -2.4607
v 0.9571 1.2443 -2.4607
v 0.9571 1.2443 -2.5112
v 0.9619 1.2443 -2.5322
v 0.9409 1.2443 -2.5274
v 0.8368 1.2443 -2.5274
v 0.8368 1.1922 -2.5274
v 0.8516 1.1664 -2.5274
v 0.8516 1.0125 -2.5274
v 0.8368 0.9878 -2.5274
v 0.8368 0.9518 -2.5274
v 0.9409 0.9518 -2.5274
v 0.9619 0.9518 -2.5322
v 0.9571 0.9518 -2.5112
v 0.9571 0.9518 -2.4607
v 0.9571 0.9878 -2.4607
v 0.9571 1.0125 -2.4755
v 0.9571 1.1664 -2.4755
v 0.5130 0.6002 -2.4504
v 0.3820 0.6002 -2.4504
v 0.3820 0.6002 -2.5950
v 0.5130 0.6002 -2.5950
v 0.5411 0.6946 -2.4504
v 0.5411 0.6283 -2.4504
v 0.5411 0.6283 -2.5950
v 0.5411 0.6946 -2.5950
v 0.3820 0.7227 -2.4504
v 0.5130 0.7227 -2.4504
v 0.5130 0.7227 -2.5950
v 0.3820 0.7227 -2.5950
v 0.3539 0.6283 -2.4504
v 0.3539 0.6946 -2.4504
v 0.3539 0.6946 -2.5950
v 0.3539 0.6283 -2.5950
v 0.3575 0.6298 -2.6027
v 0.3686 0.6344 -2.6027
v 0.3881 0.6149 -2.6027
v 0.3835 0.6038 -2.6027
v 0.5070 0.6149 -2.6027
v 0.5115 0.6038 -2.6027
v 0.5265 0.6344 -2.6027
v 0.5375 0.6298 -2.6027
v 0.5265 0.6885 -2.6027
v 0.5375 0.6931 -2.6027
v 0.5070 0.7080 -2.6027
v 0.5115 0.7191 -2.6027
v 0.3881 0.7080 -2.6027
v 0.3835 0.7191 -2.6027
v 0.3686 0.6885 -2.6027
v 0.3575 0.6931 -2.6027
v 0.3722 0.6358 -2.5950
v 0.3722 0.6358 -2.5311
v 0.3896 0.6185 -2.5311
v 0.3896 0.6185 -2.5950
v 0.5055 0.6185 -2.5311
v 0.5055 0.6185 -2.5950
v 0.5229 0.6358 -2.5311
v 0.5229 0.6358 -2.5950
v 0.5229 0.6870 -2.5311
v 0.5229 0.6870 -2.5950
v 0.5055 0.7044 -2.5311
v 0.5055 0.7044 -2.5950
v 0.3896 0.7044 -2.5311
v 0.3896 0.7044 -2.5950
v 0.3722 0.6870 -2.5311
v 0.3722 0.6870 -2.5950
v 0.3895 0.6183 -2.4504
v 0.3721 0.6358 -2.4504
v 0.3721 0.6871 -2.4504
v 0.3895 0.7045 -2.4504
v 0.5055 0.7045 -2.4504
v 0.5230 0.6871 -2.4504
v 0.5230 0.6358 -2.4504
v 0.5055 0.6183 -2.4504
v 0.3895 0.6183 -2.1842
v 0.3721 0.6358 -2.1842
v 0.3721 0.6871 -2.1842
v 0.3895 0.7045 -2.1842
v 0.5055 0.7045 -2.1842
v 0.5230 0.6871 -2.1842
v 0.5230 0.6358 -2.1842
v 0.5055 0.6183 -2.1842
v 0.3903 0.6434 -2.5311
v 0.3971 0.6366 -2.5311
v 0.4980 0.6366 -2.5311
v 0.5047 0.6434 -2.5311
v 0.5047 0.6795 -2.5311
v 0.4980 0.6863 -2.5311
v 0.3971 0.6863 -2.5311
v 0.3903 0.6795 -2.5311
v 0.3971 0.6366 -2.1842
v 0.3903 0.6434 -2.1842
v 0.4980 0.6366 -2.1842
v 0.5047 0.6434 -2.1842
v 0.5047 0.6795 -2.1842
v 0.4980 0.6863 -2.1842
v 0.3971 0.6863 -2.1842
v 0.3903 0.6795 -2.1842
v 0.1602 0.6725 -2.4739
v 0.1602 0.6328 -2.4739
v 0.1602 0.6328 -2.5607
v 0.1602 0.6725 -2.5607
v 0.1433 0.6894 -2.4739
v 0.1433 0.6894 -2.5607
v 0.1433 0.6159 -2.5607
v 0.1433 0.6159 -2.4739
v 0.1424 0.6181 -2.5653
v 0.1397 0.6247 -2.5653
v 0.1514 0.6364 -2.5653
v 0.1580 0.6337 -2.5653
v 0.1514 0.6689 -2.5653
v 0.1580 0.6716 -2.5653
v 0.1397 0.6806 -2.5653
v 0.1424 0.6872 -2.5653
v 0.1388 0.6269 -2.5607
v 0.1388 0.6269 -2.5223
v 0.1492 0.6373 -2.5223
v 0.1492 0.6373 -2.5607
v 0.1492 0.6680 -2.5223
v 0.1492 0.6680 -2.5607
v 0.1388 0.6784 -2.5223
v 0.1388 0.6784 -2.5607
v 0.0230 0.6784 -2.5223
v 0.1388 0.6785 -2.4739
v 0.1493 0.6680 -2.4739
v 0.1493 0.6373 -2.4739
v 0.1388 0.6268 -2.4739
v 0.1388 0.6785 -2.3142
v 0.1493 0.6680 -2.3142
v 0.1493 0.6373 -2.3142
v 0.1388 0.6268 -2.3142
v 0.1383 0.6418 -2.3142
v 0.1343 0.6378 -2.3142
v 0.1383 0.6635 -2.3142
v 0.1343 0.6676 -2.3142
v 0.0230 0.6269 -2.5223
v 0.0230 0.6269 -2.5302
v 0.0230 0.6784 -2.5302
v 0.0221 0.6277 -2.5318
v 0.0180 0.6319 -2.5318
v 0.0180 0.6735 -2.5318
v 0.0221 0.6776 -2.5318
v 0.0171 0.6327 -2.5302
v 0.0171 0.6726 -2.5302
v 0.0000 0.6726 -2.5302
v 0.0171 0.6327 -2.5302
v 0.0000 0.6327 -2.5302
v 0.0000 0.6726 -2.5302
v 0.0171 0.6726 -2.5302
v -0.7723 0.4373 1.8554
v -0.7723 0.5701 1.7787
v -0.8720 0.5701 1.7787
v -0.8720 0.4373 1.8554
v -0.7723 0.5701 1.6253
v -0.8720 0.5701 1.6253
v -0.7723 0.4373 1.5487
v -0.8720 0.4373 1.5487
v -0.7723 0.3044 1.6253
v -0.8720 0.3044 1.6253
v -0.7723 0.3044 1.7787
v -0.8720 0.3044 1.7787
v -0.7547 0.4373 1.8359
v -0.7547 0.5532 1.7690
v -0.7547 0.3213 1.7690
v -0.7547 0.3213 1.6351
v -0.7547 0.4373 1.5682
v -0.7547 0.5532 1.6351
v -0.7547 0.4373 1.7867
v -0.7547 0.5106 1.7444
v -0.7547 0.3639 1.7444
v -0.7547 0.3639 1.6597
v -0.7547 0.4373 1.6173
v -0.7547 0.5106 1.6597
v 0.7547 0.4373 1.7867
v 0.7547 0.5106 1.7444
v 0.7547 0.3639 1.7444
v 0.7547 0.3639 1.6597
v 0.7547 0.4373 1.6173
v 0.7547 0.5106 1.6597
v 0.7723 0.4373 1.8554
v 0.8720 0.4373 1.8554
v 0.8720 0.5701 1.7787
v 0.7723 0.5701 1.7787
v 0.8720 0.5701 1.6253
v 0.7723 0.5701 1.6253
v 0.8720 0.4373 1.5487
v 0.7723 0.4373 1.5487
v 0.8720 0.3044 1.6253
v 0.7723 0.3044 1.6253
v 0.8720 0.3044 1.7787
v 0.7723 0.3044 1.7787
v 0.7547 0.5532 1.7690
v 0.7547 0.4373 1.8359
v 0.7547 0.3213 1.7690
v 0.7547 0.3213 1.6351
v 0.7547 0.4373 1.5682
v 0.7547 0.5532 1.6351
v -0.7723 0.4373 -1.4896
v -0.7723 0.5701 -1.5663
v -0.8720 0.5701 -1.5663
v -0.8720 0.4373 -1.4896
v -0.7723 0.5701 -1.7197
v -0.8720 0.5701 -1.7197
v -0.7723 0.4373 -1.7964
v -0.8720 0.4373 -1.7964
v -0.7723 0.3044 -1.7197
v -0.8720 0.3044 -1.7197
v -0.7723 0.3044 -1.5663
v -0.8720 0.3044 -1.5663
v -0.7547 0.4373 -1.5091
v -0.7547 0.5532 -1.5761
v -0.7547 0.3213 -1.5761
v -0.7547 0.3213 -1.7099
v -0.7547 0.4373 -1.7769
v -0.7547 0.5532 -1.7099
v -0.7547 0.4373 -1.5583
v -0.7547 0.5106 -1.6006
v -0.7547 0.3639 -1.6006
v -0.7547 0.3639 -1.6854
v -0.7547 0.4373 -1.7277
v -0.7547 0.5106 -1.6854
v 0.7547 0.4373 -1.5583
v 0.7547 0.5106 -1.6006
v 0.7547 0.3639 -1.6006
v 0.7547 0.3639 -1.6854
v 0.7547 0.4373 -1.7277
v 0.7547 0.5106 -1.6854
v 0.7723 0.4373 -1.4896
v 0.8720 0.4373 -1.4896
v 0.8720 0.5701 -1.5663
v 0.7723 0.5701 -1.5663
v 0.8720 0.5701 -1.7197
v 0.7723 0.5701 -1.7197
v 0.8720 0.4373 -1.7964
v 0.7723 0.4373 -1.7964
v 0.8720 0.3044 -1.7197
v 0.7723 0.3044 -1.7197
v 0.8720 0.3044 -1.5663
v 0.7723 0.3044 -1.5663
v 0.7547 0.5532 -1.5761
v 0.7547 0.4373 -1.5091
v 0.7547 0.3213 -1.5761
v 0.7547 0.3213 -1.7099
v 0.7547 0.4373 -1.7769
v 0.7547 0.5532 -1.7099
v -0.8562 1.7033 -1.8884
v -0.8562 1.7033 -1.2280
v -0.8308 1.7138 -1.2280
v -0.8308 1.7138 -1.8913
v -0.8667 1.6779 -1.8815
v -0.8667 1.6779 -1.2280
v -0.8562 1.6525 -1.8745
v -0.8562 1.6525 -1.2280
v -0.8308 1.6420 -1.8716
v -0.8308 1.6420 -1.2280
v -0.8055 1.6525 -1.8745
v -0.8055 1.6525 -1.2280
v -0.7949 1.6779 -1.8815
v -0.7949 1.6779 -1.2280
v -0.8055 1.7033 -1.8884
v -0.8055 1.7033 -1.2280
v -0.8562 1.6676 -1.9485
v -0.8308 1.6747 -1.9571
v -0.8667 1.6504 -1.9278
v -0.8562 1.6332 -1.9070
v -0.8308 1.6261 -1.8984
v -0.8055 1.6332 -1.9070
v -0.7949 1.6504 -1.9278
v -0.8055 1.6676 -1.9485
v -0.8562 1.0330 -2.1803
v -0.8308 1.0366 -2.1901
v -0.8667 1.0243 -2.1564
v -0.8562 1.0156 -2.1326
v -0.8308 1.0120 -2.1227
v -0.8055 1.0156 -2.1326
v -0.7949 1.0243 -2.1564
v -0.8055 1.0330 -2.1803
v 0.8027 1.7033 -1.8884
v 0.8027 1.7033 -1.2280
v 0.8281 1.7138 -1.2280
v 0.8281 1.7138 -1.8913
v 0.7922 1.6779 -1.8815
v 0.7922 1.6779 -1.2280
v 0.8027 1.6525 -1.8745
v 0.8027 1.6525 -1.2280
v 0.8281 1.6420 -1.8716
v 0.8281 1.6420 -1.2280
v 0.8535 1.6525 -1.8745
v 0.8535 1.6525 -1.2280
v 0.8640 1.6779 -1.8815
v 0.8640 1.6779 -1.2280
v 0.8535 1.7033 -1.8884
v 0.8535 1.7033 -1.2280
v 0.8027 1.6676 -1.9485
v 0.8281 1.6747 -1.9571
v 0.7922 1.6504 -1.9278
v 0.8027 1.6332 -1.9070
v 0.8281 1.6261 -1.8984
v 0.8535 1.6332 -1.9070
v 0.8640 1.6504 -1.9278
v 0.8535 1.6676 -1.9485
v 0.8027 1.0330 -2.1803
v 0.8281 1.0366 -2.1901
v 0.7922 1.0243 -2.1564
v 0.8027 1.0156 -2.1326
v 0.8281 1.0120 -2.1227
v 0.8535 1.0156 -2.1326
v 0.8640 1.0243 -2.1564
v 0.8535 1.0330 -2.1803
v -0.7550 1.1739 2.4137
v -0.7550 1.3211 2.4137
v -0.7550 1.3211 2.3689
v -0.7550 1.1739 2.3689
v -0.7194 1.1258 2.4137
v -0.7194 1.1258 2.3689
v -0.4477 1.1258 2.4137
v -0.4477 1.1258 2.3689
v -0.4158 1.1548 2.4137
v -0.4158 1.1548 2.3689
v 0.4149 1.1548 2.3689
v 0.4149 1.1548 2.4137
v -0.7399 1.1789 2.4237
v -0.7399 1.3060 2.4237
v -0.7118 1.1409 2.4237
v -0.4535 1.1409 2.4237
v -0.4216 1.1698 2.4237
v -0.7301 1.1821 2.4157
v -0.7301 1.2962 2.4157
v -0.7069 1.1507 2.4157
v -0.4573 1.1507 2.4157
v -0.4253 1.1796 2.4157
v -0.4029 1.1698 2.4237
v -0.4127 1.1796 2.4157
v -0.4029 1.3060 2.4237
v -0.4127 1.2962 2.4157
v 0.7541 1.1739 2.4137
v 0.7541 1.1739 2.3689
v 0.7541 1.3211 2.3689
v 0.7541 1.3211 2.4137
v 0.7186 1.1258 2.4137
v 0.7186 1.1258 2.3689
v 0.4468 1.1258 2.4137
v 0.4468 1.1258 2.3689
v 0.7391 1.3060 2.4237
v 0.7391 1.1789 2.4237
v 0.7110 1.1409 2.4237
v 0.4526 1.1409 2.4237
v 0.4207 1.1698 2.4237
v 0.4021 1.1698 2.4237
v 0.2679 1.1698 2.4237
v 0.1337 1.1698 2.4237
v -0.0004 1.1698 2.4237
v -0.1346 1.1698 2.4237
v -0.2688 1.1698 2.4237
v 0.7293 1.2962 2.4157
v 0.7293 1.1821 2.4157
v 0.7060 1.1507 2.4157
v 0.4564 1.1507 2.4157
v 0.4245 1.1796 2.4157
v 0.4118 1.1796 2.4157
v 0.4118 1.2962 2.4157
v 0.4021 1.3060 2.4237
v -0.2688 1.3060 2.4237
v -0.1346 1.3060 2.4237
v -0.0004 1.3060 2.4237
v 0.1337 1.3060 2.4237
v 0.2679 1.3060 2.4237
v -0.0129 1.1823 2.4184
v -0.1221 1.1823 2.4184
v -0.0129 1.2935 2.4184
v -0.1221 1.2935 2.4184
v 0.3896 1.1823 2.4184
v 0.2804 1.1823 2.4184
v 0.3896 1.2935 2.4184
v 0.2804 1.2935 2.4184
v 0.2554 1.1823 2.4184
v 0.1462 1.1823 2.4184
v 0.2554 1.2935 2.4184
v 0.1462 1.2935 2.4184
v 0.1212 1.1823 2.4184
v 0.0121 1.1823 2.4184
v 0.1212 1.2935 2.4184
v 0.0121 1.2935 2.4184
v -0.3904 1.2935 2.4184
v -0.2812 1.2935 2.4184
v -0.3904 1.1823 2.4184
v -0.2812 1.1823 2.4184
v -0.2563 1.2935 2.4184
v -0.1471 1.2935 2.4184
v -0.2563 1.1823 2.4184
v -0.1471 1.1823 2.4184
v 0.3449 1.5365 1.0160
v 0.5202 1.4471 1.0590
v 0.5257 1.4511 1.0446
v 0.3505 1.5404 1.0016
v 0.3394 1.5228 1.0101
v 0.5146 1.4334 1.0531
v 0.3449 1.5267 0.9957
v 0.5202 1.4374 1.0387
v 0.0812 1.4918 1.0438
v 0.5256 1.5687 1.0069
v 0.5224 1.5763 0.9843
v 0.0780 1.4995 1.0213
v 0.0844 1.4694 1.0358
v 0.5288 1.5463 0.9988
v 0.0812 1.4771 1.0132
v 0.5256 1.5540 0.9763
v -0.3324 1.5365 1.0160
v -0.1572 1.4471 1.0590
v -0.1516 1.4511 1.0446
v -0.3269 1.5404 1.0016
v -0.3380 1.5228 1.0101
v -0.1627 1.4334 1.0531
v -0.3324 1.5267 0.9957
v -0.1572 1.4374 1.0387
v -0.5962 1.4918 1.0438
v -0.1386 1.5710 1.0058
v -0.1418 1.5786 0.9832
v -0.5994 1.4995 1.0213
v -0.5930 1.4694 1.0358
v -0.1354 1.5486 0.9977
v -0.5962 1.4771 1.0132
v -0.1386 1.5562 0.9752
v -0.9141 0.9076 2.3454
v -0.9364 0.8992 2.4131
v -0.7465 0.8992 2.4758
v -0.7242 0.9076 2.4081
v -0.9123 0.8610 2.3402
v -0.9347 0.8525 2.4078
v -0.8600 0.8083 2.3508
v -0.8824 0.7999 2.4185
v -0.7205 0.8083 2.3969
v -0.7428 0.7999 2.4645
v -0.9353 0.8963 2.4172
v -0.9279 0.8868 2.4237
v -0.7597 0.8868 2.4792
v -0.7499 0.8963 2.4785
v -0.9337 0.8530 2.4123
v -0.9267 0.8561 2.4202
v -0.8828 0.8017 2.4227
v -0.8811 0.8102 2.4296
v -0.7463 0.8018 2.4678
v -0.7568 0.8102 2.4706
v -0.9146 0.8762 2.4197
v -0.7680 0.8762 2.4681
v -0.9140 0.8616 2.4181
v -0.8749 0.8223 2.4261
v -0.7660 0.8223 2.4620
v 0.9170 0.9076 2.3454
v 0.7270 0.9076 2.4081
v 0.7494 0.8992 2.4758
v 0.9393 0.8992 2.4131
v 0.9152 0.8610 2.3402
v 0.9375 0.8525 2.4078
v 0.8629 0.8083 2.3508
v 0.8853 0.7999 2.4185
v 0.7233 0.8083 2.3969
v 0.7457 0.7999 2.4645
v 0.9382 0.8963 2.4172
v 0.7528 0.8963 2.4785
v 0.7625 0.8868 2.4792
v 0.9308 0.8868 2.4237
v 0.9366 0.8530 2.4123
v 0.9296 0.8561 2.4202
v 0.8856 0.8017 2.4227
v 0.8839 0.8102 2.4296
v 0.7597 0.8102 2.4706
v 0.7492 0.8018 2.4678
v 0.7709 0.8762 2.4681
v 0.9174 0.8762 2.4197
v 0.9169 0.8616 2.4181
v 0.8778 0.8223 2.4261
v 0.7689 0.8223 2.4620
v -0.8768 1.3069 2.5468
v -0.7948 1.3889 2.5468
v -0.7997 1.4008 2.5261
v -0.8887 1.3118 2.5261
v -0.8529 1.2970 2.5468
v -0.7849 1.3650 2.5468
v -0.8410 1.2920 2.5261
v -0.7799 1.3530 2.5261
v -0.8529 1.2970 2.5054
v -0.7849 1.3650 2.5054
v -0.8768 1.3069 2.5054
v -0.7948 1.3889 2.5054
v -0.8768 1.0652 2.5468
v -0.8887 1.0532 2.5261
v -0.8529 1.0890 2.5468
v -0.8410 1.1010 2.5261
v -0.8529 1.0890 2.5054
v -0.8768 1.0652 2.5054
v 0.8887 1.0532 2.5261
v 0.8768 1.0652 2.5468
v 0.8529 1.0891 2.5468
v 0.8410 1.1010 2.5261
v 0.8529 1.0891 2.5054
v 0.8768 1.0652 2.5054
v 0.3892 1.3023 2.5214
v 0.3892 1.3111 2.5366
v -0.3875 1.3111 2.5366
v -0.3875 1.3023 2.5214
v 0.3892 1.3286 2.5366
v -0.3875 1.3286 2.5366
v 0.3892 1.3373 2.5214
v -0.3875 1.3373 2.5214
v 0.3892 1.3286 2.5063
v 0.3892 1.3111 2.5063
v -0.3875 1.3111 2.5063
v -0.3875 1.3286 2.5063
v -0.3875 1.2459 2.5366
v 0.3892 1.2459 2.5366
v 0.3892 1.2634 2.5366
v -0.3875 1.2634 2.5366
v 0.3892 1.2722 2.5214
v -0.3875 1.2722 2.5214
v 0.3892 1.2634 2.5063
v -0.3875 1.2634 2.5063
v -0.3875 1.2459 2.5063
v -0.3875 1.2372 2.5214
v 0.3892 1.1721 2.5214
v 0.3892 1.1808 2.5366
v -0.3875 1.1808 2.5366
v -0.3875 1.1721 2.5214
v 0.3892 1.1983 2.5366
v -0.3875 1.1983 2.5366
v 0.3892 1.2071 2.5214
v -0.3875 1.2071 2.5214
v 0.3892 1.1983 2.5063
v 0.3892 1.1808 2.5063
v -0.3875 1.1808 2.5063
v -0.3875 1.1983 2.5063
v -0.3875 1.1332 2.5063
v -0.3875 1.1157 2.5063
v -0.3875 1.1069 2.5214
v -0.3875 1.1419 2.5214
v -0.3875 1.1332 2.5366
v -0.3875 1.1157 2.5366
v -0.4017 1.0827 2.5456
v -0.4017 1.3680 2.5456
v -0.4129 1.3680 2.5261
v -0.4129 1.0827 2.5261
v -0.3792 1.0827 2.5456
v -0.3792 1.3680 2.5456
v -0.3679 1.0827 2.5261
v -0.3679 1.3680 2.5261
v -0.3792 1.0827 2.5066
v -0.3792 1.3680 2.5066
v -0.4017 1.0827 2.5066
v -0.4017 1.3680 2.5066
v 0.7948 1.3889 2.5468
v 0.7997 1.4008 2.5261
v 0.7849 1.3650 2.5468
v 0.7948 1.3889 2.5054
v 0.7849 1.3650 2.5054
v 0.8768 1.3069 2.5468
v 0.8887 1.3118 2.5261
v 0.8529 1.2970 2.5468
v 0.8410 1.2920 2.5261
v 0.7799 1.3530 2.5261
v 0.8529 1.2970 2.5054
v 0.8768 1.3069 2.5054
v 0.3892 1.2372 2.5214
v 0.3892 1.2459 2.5063
v 0.3892 1.1157 2.5366
v 0.3892 1.1069 2.5214
v 0.3892 1.1332 2.5366
v 0.3892 1.1419 2.5214
v 0.3892 1.1332 2.5063
v 0.3892 1.1157 2.5063
v 0.4014 1.0827 2.5456
v 0.4127 1.0827 2.5261
v 0.4127 1.3680 2.5261
v 0.4014 1.3680 2.5456
v 0.3789 1.0827 2.5456
v 0.3789 1.3680 2.5456
v 0.3677 1.0827 2.5261
v 0.3677 1.3680 2.5261
v 0.3789 1.0827 2.5066
v 0.3789 1.3680 2.5066
v 0.4014 1.0827 2.5066
v 0.4014 1.3680 2.5066
v -0.3399 1.4424 2.5560
v -0.3062 1.4424 2.5560
v -0.3062 1.4424 2.4848
v -0.3399 1.4424 2.4848
v -0.3461 0.9937 2.4500
v -0.3461 0.9937 2.5966
v -0.3461 1.4363 2.5505
v -0.3461 1.4363 2.4904
v -0.3062 0.6450 2.6027
v -0.3399 0.6450 2.6027
v -0.3399 0.6450 2.3436
v -0.3062 0.6450 2.3436
v -0.3001 0.9937 2.4500
v -0.3001 0.9937 2.5966
v -0.3001 0.6511 2.5966
v -0.3001 0.6511 2.3497
v -0.3399 0.9940 2.4439
v -0.3062 0.9940 2.4439
v -0.3062 0.9940 2.6027
v -0.3399 0.9940 2.6027
v -0.3461 0.6511 2.3497
v -0.3461 0.6511 2.5966
v -0.3001 1.4363 2.4904
v -0.3001 1.4363 2.5505
v 0.3396 1.4424 2.5560
v 0.3396 1.4424 2.4848
v 0.3060 1.4424 2.4848
v 0.3060 1.4424 2.5560
v 0.3458 0.9937 2.4500
v 0.3458 1.4363 2.4904
v 0.3458 1.4363 2.5505
v 0.3458 0.9937 2.5966
v 0.3060 0.6450 2.6027
v 0.3060 0.6450 2.3436
v 0.3396 0.6450 2.3436
v 0.3396 0.6450 2.6027
v 0.2998 0.9937 2.4500
v 0.2998 0.6511 2.3497
v 0.2998 0.6511 2.5966
v 0.2998 0.9937 2.5966
v 0.3396 0.9940 2.4439
v 0.3060 0.9940 2.4439
v 0.3396 0.9940 2.6027
v 0.3060 0.9940 2.6027
v 0.3458 0.6511 2.3497
v 0.3458 0.6511 2.5966
v 0.2998 1.4363 2.4904
v 0.2998 1.4363 2.5505
v -0.9912 0.7940 2.5841
v -1.0032 0.7890 2.5634
v -0.9142 0.7000 2.5634
v -0.9093 0.7120 2.5841
v -0.9674 0.8038 2.5841
v -0.8994 0.7358 2.5841
v -0.9554 0.8088 2.5634
v -0.8944 0.7478 2.5634
v -0.9674 0.8038 2.5427
v -0.8994 0.7358 2.5427
v -0.9912 0.7940 2.5427
v -0.9093 0.7120 2.5427
v -0.9912 0.9672 2.5841
v -1.0032 0.9792 2.5634
v -0.9674 0.9434 2.5841
v -0.9554 0.9314 2.5634
v -0.9674 0.9434 2.5427
v -0.9912 0.9672 2.5427
v 1.0032 0.9792 2.5634
v 0.9912 0.9672 2.5841
v 0.9674 0.9434 2.5841
v 0.9554 0.9314 2.5634
v 0.9674 0.9434 2.5427
v 0.9912 0.9672 2.5427
v -0.6813 0.7865 2.5739
v -0.6813 0.7690 2.5739
v 0.6760 0.7690 2.5739
v 0.6760 0.7865 2.5739
v -0.6813 0.7602 2.5587
v 0.6760 0.7602 2.5587
v -0.6813 0.7690 2.5436
v 0.6760 0.7690 2.5436
v -0.6813 0.7952 2.5587
v -0.6813 0.7865 2.5436
v 0.6760 0.8604 2.5587
v -0.6813 0.8604 2.5587
v -0.6813 0.8516 2.5739
v 0.6760 0.8516 2.5739
v -0.6813 0.8341 2.5739
v 0.6760 0.8341 2.5739
v -0.6813 0.8254 2.5587
v 0.6760 0.8254 2.5587
v 0.6760 0.8341 2.5436
v -0.6813 0.8341 2.5436
v -0.6813 0.8516 2.5436
v 0.6760 0.8516 2.5436
v -0.6813 0.9255 2.5587
v -0.6813 0.9167 2.5436
v -0.6813 0.8992 2.5436
v -0.6813 0.8905 2.5587
v -0.6813 0.8992 2.5739
v -0.6813 0.9167 2.5739
v -0.6959 0.9497 2.5829
v -0.7071 0.9497 2.5634
v -0.7071 0.7329 2.5634
v -0.6959 0.7329 2.5829
v -0.6734 0.9497 2.5829
v -0.6734 0.7329 2.5829
v -0.6621 0.9497 2.5634
v -0.6621 0.7329 2.5634
v -0.6734 0.9497 2.5439
v -0.6734 0.7329 2.5439
v -0.6959 0.9497 2.5439
v -0.6959 0.7329 2.5439
v 0.9142 0.7000 2.5634
v 0.9093 0.7120 2.5841
v 0.8994 0.7358 2.5841
v 0.8994 0.7358 2.5427
v 0.9093 0.7120 2.5427
v 0.9912 0.7940 2.5841
v 1.0032 0.7890 2.5634
v 0.9674 0.8038 2.5841
v 0.9554 0.8088 2.5634
v 0.8944 0.7478 2.5634
v 0.9674 0.8038 2.5427
v 0.9912 0.7940 2.5427
v 0.6760 0.7952 2.5587
v 0.6760 0.7865 2.5436
v 0.6760 0.9167 2.5739
v 0.6760 0.9255 2.5587
v 0.6760 0.8992 2.5739
v 0.6760 0.8905 2.5587
v 0.6760 0.8992 2.5436
v 0.6760 0.9167 2.5436
v 0.6899 0.9497 2.5829
v 0.6899 0.7329 2.5829
v 0.7012 0.7329 2.5634
v 0.7012 0.9497 2.5634
v 0.6674 0.9497 2.5829
v 0.6674 0.7329 2.5829
v 0.6562 0.9497 2.5634
v 0.6562 0.7329 2.5634
v 0.6674 0.9497 2.5439
v 0.6674 0.7329 2.5439
v 0.6899 0.9497 2.5439
v 0.6899 0.7329 2.5439
v -0.7492 0.6801 2.5384
v -1.0153 0.6801 2.4440
v -1.0153 0.6050 2.4440
v -0.7492 0.6050 2.5384
v -0.7305 0.6917 2.4883
v -0.9892 0.6917 2.3938
v -1.0063 0.6917 2.4398
v -0.7480 0.6917 2.5314
v -0.7305 0.5935 2.4883
v -0.9892 0.5935 2.3938
v -0.7469 0.5682 2.5253
v -0.9985 0.5682 2.4361
v -0.9856 0.5682 2.4016
v -0.7316 0.5682 2.4944
v 0.0000 0.6050 2.5384
v 0.0000 0.6801 2.5384
v 0.0000 0.6917 2.5314
v 0.0000 0.6917 2.4883
v 0.0000 0.5935 2.4883
v -0.6936 0.5317 2.4944
v 0.0000 0.5317 2.4944
v 0.0000 0.5317 2.5253
v -0.7090 0.5317 2.5253
v -0.9998 0.6801 2.4022
v -0.9998 0.6050 2.4022
v -0.7480 0.5935 2.5314
v -1.0063 0.5935 2.4398
v 0.0000 0.5682 2.4944
v -0.7316 0.5466 2.4944
v -0.7469 0.5466 2.5253
v 0.0000 0.5377 2.5335
v -0.7067 0.5377 2.5335
v -0.7409 0.5493 2.5335
v -0.7409 0.5622 2.5335
v 0.0000 0.5935 2.5314
v 0.0000 0.5682 2.5253
v 0.0000 0.5622 2.5335
v 0.7492 0.6801 2.5384
v 0.7492 0.6050 2.5384
v 1.0153 0.6050 2.4440
v 1.0153 0.6801 2.4440
v 0.7305 0.6917 2.4883
v 0.7480 0.6917 2.5314
v 1.0063 0.6917 2.4398
v 0.9892 0.6917 2.3938
v 0.7305 0.5935 2.4883
v 0.9892 0.5935 2.3938
v 0.7469 0.5682 2.5253
v 0.7316 0.5682 2.4944
v 0.9856 0.5682 2.4016
v 0.9985 0.5682 2.4361
v 0.6936 0.5317 2.4944
v 0.7090 0.5317 2.5253
v 0.9998 0.6801 2.4022
v 0.9998 0.6050 2.4022
v 0.7480 0.5935 2.5314
v 1.0063 0.5935 2.4398
v 0.7469 0.5466 2.5253
v 0.7316 0.5466 2.4944
v 0.7067 0.5377 2.5335
v 0.7409 0.5622 2.5335
v 0.7409 0.5493 2.5335
vt 0.95544 0.73918
vt 0.95544 0.73918
vt 0.95544 0.73918
vt 0.95544 0.73918
vt 0.95544 0.73918
vt 0.95544 0.73918
vt 0.95544 0.73918
vt 0.95544 0.73918
vt 0.95544 0.73918
vt 0.95544 0.73918
vt 0.95544 0.73918
vt 0.95544 0.73918
vt 0.95544 0.73918
vt 0.95544 0.73918
vt 0.95544 0.73918
vt 0.95544 0.73918
vt 0.95544 0.73918
vt 0.95544 0.73918
vt 0.95544 0.73918
vt 0.95544 0.73918
vt 0.95544 0.73918
vt 0.95544 0.73918
vt 0.95544 0.73918
vt 0.95544 0.73918
vt 0.95544 0.73918
vt 0.95544 0.73918
vt 0.95544 0.73918
vt 0.95544 0.73918
vt 0.95544 0.73918
vt 0.95544 0.73918
vt 0.95544 0.73918
vt 0.95544 0.73918
vt 0.95544 0.73918
vt 0.95544 0.73918
vt 0.95544 0.73918
vt 0.95544 0.73918
vt 0.95544 0.73918
vt 0.95544 0.73918
vt 0.95544 0.73918
vt 0.95544 0.73918
vt 0.95544 0.73918
vt 0.95544 0.73918
vt 0.95544 0.73918
vt 0.95544 0.73918
vt 0.95544 0.73918
vt 0.95544 0.73918
vt 0.95544 0.73918
vt 0.95544 0.73918
vt 0.95544 0.73918
vt 0.95544 0.73918
vt 0.95544 0.73918
vt 0.95544 0.73918
vt 0.95544 0.73918
vt 0.95544 0.73918
vt 0.95544 0.73918
vt 0.95544 0.73918
vt 0.95544 0.73918
vt 0.95544 0.73918
vt 0.95544 0.73918
vt 0.95544 0.73918
vt 0.95544 0.73918
vt 0.95544 0.73918
vt 0.95544 0.73918
vt 0.95544 0.73918
vt 0.95544 0.73918
vt 0.95544 0.73918
vt 0.95544 0.73918
vt 0.95544 0.73918
vt 0.95544 0.73918
vt 0.95544 0.73918
vt 0.95544 0.73918
vt 0.95544 0.73918
vt 0.95544 0.73918
vt 0.95544 0.73918
vt 0.95544 0.73918
vt 0.95544 0.73918
vt 0.95544 0.73918
vt 0.95544 0.73918
vt 0.95544 0.73918
vt 0.95544 0.73918
vt 0.95544 0.73918
vt 0.95544 0.73918
vt 0.95544 0.73918
vt 0.95544 0.73918
vt 0.95544 0.73918
vt 0.95544 0.73918
vt 0.95544 0.73918
vt 0.95544 0.73918
vt 0.95544 0.73918
vt 0.95544 0.73918
vt 0.95544 0.73918
vt 0.95544 0.73918
vt 0.95544 0.73918
vt 0.95544 0.73918
vt 0.95544 0.73918
vt 0.95544 0.73918
vt 0.95544 0.73918
vt 0.95544 0.73918
vt 0.95544 0.73918
vt 0.95544 0.73918
vt 0.95544 0.73918
vt 0.95544 0.73918
vt 0.95544 0.73918
vt 0.95544 0.73918
vt 0.95544 0.73918
vt 0.95544 0.73918
vt 0.95544 0.73918
vt 0.95544 0.73918
vt 0.95544 0.73918
vt 0.95544 0.73918
vt 0.95544 0.73918
vt 0.95544 0.73918
vt 0.95544 0.73918
vt 0.95544 0.73918
vt 0.95544 0.73918
vt 0.95544 0.73918
vt 0.95544 0.73918
vt 0.95544 0.73918
vt 0.95544 0.73918
vt 0.95544 0.73918
vt 0.95544 0.73918
vt 0.95544 0.73918
vt 0.95544 0.73918
vt 0.95544 0.73918
vt 0.95544 0.73918
vt 0.95544 0.73918
vt 0.95544 0.73918
vt 0.95544 0.73918
vt 0.95544 0.73918
vt 0.95544 0.73918
vt 0.95544 0.73918
vt 0.95544 0.73918
vt 0.95544 0.73918
vt 0.95544 0.73918
vt 0.95544 0.73918
vt 0.95544 0.73918
vt 0.95544 0.73918
vt 0.95544 0.73918
vt 0.95544 0.73918
vt 0.95544 0.73918
vt 0.95544 0.73918
vt 0.95544 0.73918
vt 0.95544 0.73918
vt 0.95544 0.73918
vt 0.95544 0.73918
vt 0.95544 0.73918
vt 0.95544 0.73918
vt 0.95544 0.73918
vt 0.95544 0.73918
vt 0.95544 0.73918
vt 0.95544 0.73918
vt 0.95544 0.73918
vt 0.95544 0.73918
vt 0.95544 0.73918
vt 0.95544 0.73918
vt 0.95544 0.73918
vt 0.95544 0.73918
vt 0.95544 0.73918
vt 0.95544 0.73918
vt 0.95544 0.73918
vt 0.95544 0.73918
vt 0.95544 0.73918
vt 0.95544 0.73918
vt 0.95544 0.73918
vt 0.95544 0.73918
vt 0.95544 0.73918
vt 0.95544 0.73918
vt 0.95544 0.73918
vt 0.95544 0.73918
vt 0.95544 0.73918
vt 0.95544 0.73918
vt 0.95544 0.73918
vt 0.95544 0.73918
vt 0.95544 0.73918
vt 0.95544 0.73918
vt 0.95544 0.73918
vt 0.95544 0.73918
vt 0.95544 0.73918
vt 0.95544 0.73918
vt 0.95544 0.73918
vt 0.95544 0.73918
vt 0.95544 0.73918
vt 0.95544 0.73918
vt 0.95544 0.73918
vt 0.95544 0.73918
vt 0.95544 0.73918
vt 0.95544 0.73918
vt 0.95544 0.73918
vt 0.95544 0.73918
vt 0.95544 0.73918
vt 0.95544 0.73918
vt 0.95544 0.73918
vt 0.95544 0.73918
vt 0.95544 0.73918
vt 0.95544 0.73918
vt 0.95544 0.73918
vt 0.95544 0.73918
vt 0.95544 0.73918
vt 0.95544 0.73918
vt 0.95544 0.73918
vt 0.95544 0.73918
vt 0.95544 0.73918
vt 0.95544 0.73918
vt 0.95544 0.73918
vt 0.95544 0.73918
vt 0.95544 0.73918
vt 0.95544 0.73918
vt 0.95544 0.73918
vt 0.95544 0.73918
vt 0.95544 0.73918
vt 0.95544 0.73918
vt 0.95544 0.73918
vt 0.95544 0.73918
vt 0.95544 0.73918
vt 0.95544 0.73918
vt 0.95544 0.73918
vt 0.95544 0.73918
vt 0.95544 0.73918
vt 0.95544 0.73918
vt 0.95544 0.73918
vt 0.95544 0.73918
vt 0.95544 0.73918
vt 0.95544 0.73918
vt 0.95544 0.73918
vt 0.95544 0.73918
vt 0.95544 0.73918
vt 0.95544 0.73918
vt 0.95544 0.73918
vt 0.95544 0.73918
vt 0.95544 0.73918
vt 0.95544 0.73918
vt 0.95544 0.73918
vt 0.95544 0.73918
vt 0.95544 0.73918
vt 0.95544 0.73918
vt 0.95544 0.73918
vt 0.95544 0.73918
vt 0.95544 0.73918
vt 0.95544 0.73918
vt 0.95544 0.73918
vt 0.95544 0.73918
vt 0.95544 0.73918
vt 0.95544 0.73918
vt 0.95544 0.73918
vt 0.95544 0.73918
vt 0.95544 0.73918
vt 0.95544 0.73918
vt 0.95544 0.73918
vt 0.95544 0.73918
vt 0.95544 0.73918
vt 0.95544 0.73918
vt 0.95544 0.73918
vt 0.95544 0.73918
vt 0.95544 0.73918
vt 0.95544 0.73918
vt 0.95544 0.73918
vt 0.95544 0.73918
vt 0.95544 0.73918
vt 0.95544 0.73918
vt 0.95544 0.73918
vt 0.95544 0.73918
vt 0.95544 0.73918
vt 0.95544 0.73918
vt 0.95544 0.73918
vt 0.95544 0.73918
vt 0.95544 0.73918
vt 0.95544 0.73918
vt 0.95544 0.73918
vt 0.95544 0.73918
vt 0.95544 0.73918
vt 0.95544 0.73918
vt 0.95544 0.73918
vt 0.95544 0.73918
vt 0.95544 0.73918
vt 0.95544 0.73918
vt 0.95544 0.73918
vt 0.95544 0.73918
vt 0.95544 0.73918
vt 0.95544 0.73918
vt 0.95544 0.73918
vt 0.95544 0.73918
vt 0.95544 0.73918
vt 0.95544 0.73918
vt 0.95544 0.73918
vt 0.95544 0.73918
vt 0.95544 0.73918
vt 0.95544 0.73918
vt 0.95544 0.73918
vt 0.95544 0.73918
vt 0.95544 0.73918
vt 0.95544 0.73918
vt 0.95544 0.73918
vt 0.95544 0.73918
vt 0.95544 0.73918
vt 0.95544 0.73918
vt 0.95544 0.73918
vt 0.95544 0.73918
vt 0.95544 0.73918
vt 0.95544 0.73918
vt 0.95544 0.73918
vt 0.95544 0.73918
vt 0.95544 0.73918
vt 0.95544 0.73918
vt 0.95544 0.73918
vt 0.95544 0.73918
vt 0.95544 0.73918
vt 0.95544 0.73918
vt 0.95544 0.73918
vt 0.95544 0.73918
vt 0.95544 0.73918
vt 0.95544 0.73918
vt 0.95544 0.73918
vt 0.95544 0.73918
vt 0.95544 0.73918
vt 0.95544 0.73918
vt 0.95544 0.73918
vt 0.95544 0.73918
vt 0.95544 0.73918
vt 0.95544 0.73918
vt 0.95544 0.73918
vt 0.95544 0.73918
vt 0.95544 0.73918
vt 0.95544 0.73918
vt 0.95544 0.73918
vt 0.95544 0.73918
vt 0.95544 0.73918
vt 0.95544 0.73918
vt 0.95544 0.73918
vt 0.95544 0.73918
vt 0.95544 0.73918
vt 0.95544 0.73918
vt 0.95544 0.73918
vt 0.95544 0.73918
vt 0.95544 0.73918
vt 0.95544 0.73918
vt 0.95544 0.73918
vt 0.95544 0.73918
vt 0.95544 0.73918
vt 0.95544 0.73918
vt 0.95544 0.73918
vt 0.95544 0.73918
vt 0.95544 0.73918
vt 0.95544 0.73918
vt 0.95544 0.73918
vt 0.95544 0.73918
vt 0.95544 0.73918
vt 0.45521 0.48764
vt 0.45521 0.48764
vt 0.45521 0.48764
vt 0.45521 0.48764
vt 0.45521 0.48764
vt 0.45521 0.48764
vt 0.45521 0.48764
vt 0.45521 0.48764
vt 0.45521 0.48764
vt 0.45521 0.48764
vt 0.45521 0.48764
vt 0.45521 0.48764
vt 0.45521 0.48764
vt 0.45521 0.48764
vt 0.45521 0.48763
vt 0.45521 0.48763
vt 0.45521 0.48763
vt 0.45521 0.48763
vt 0.45521 0.48763
vt 0.45521 0.48764
vt 0.45521 0.48764
vt 0.45520 0.48764
vt 0.45520 0.48764
vt 0.45520 0.48764
vt 0.45520 0.48764
vt 0.45520 0.48764
vt 0.45520 0.48764
vt 0.45520 0.48763
vt 0.45520 0.48762
vt 0.45520 0.48762
vt 0.45520 0.48762
vt 0.45519 0.48762
vt 0.45519 0.48762
vt 0.45519 0.48763
vt 0.45519 0.48763
vt 0.45521 0.48762
vt 0.45521 0.48762
vt 0.45521 0.48762
vt 0.45521 0.48763
vt 0.45521 0.48763
vt 0.45521 0.48763
vt 0.45521 0.48763
vt 0.45521 0.48763
vt 0.45520 0.48764
vt 0.81323 0.11183
vt 0.81323 0.11183
vt 0.81324 0.11183
vt 0.81324 0.11183
vt 0.81323 0.11183
vt 0.81323 0.11183
vt 0.81323 0.11183
vt 0.81323 0.11183
vt 0.81323 0.11183
vt 0.81323 0.11183
vt 0.81323 0.11183
vt 0.81323 0.11183
vt 0.81323 0.11183
vt 0.81323 0.11183
vt 0.81323 0.11183
vt 0.81323 0.11183
vt 0.81323 0.11183
vt 0.81323 0.11183
vt 0.81323 0.11183
vt 0.81323 0.11183
vt 0.81323 0.11183
vt 0.81323 0.11183
vt 0.81323 0.11183
vt 0.81323 0.11183
vt 0.81324 0.11183
vt 0.81324 0.11183
vt 0.81324 0.11183
vt 0.81324 0.11183
vt 0.81324 0.11183
vt 0.81324 0.11183
vt 0.81324 0.11183
vt 0.81324 0.11183
vt 0.81324 0.11183
vt 0.81324 0.11183
vt 0.81324 0.11183
vt 0.81324 0.11183
vt 0.81324 0.11183
vt 0.81324 0.11183
vt 0.81324 0.11183
vt 0.81324 0.11183
vt 0.81324 0.11183
vt 0.81324 0.11183
vt 0.81324 0.11183
vt 0.81324 0.11183
vt 0.81324 0.11183
vt 0.81324 0.11183
vt 0.81324 0.11183
vt 0.81324 0.11183
vt 0.81324 0.11183
vt 0.81324 0.11183
vt 0.81324 0.11183
vt 0.81324 0.11183
vt 0.81324 0.11183
vt 0.81324 0.11183
vt 0.81324 0.11183
vt 0.81324 0.11183
vt 0.81324 0.11183
vt 0.81324 0.11183
vt 0.81324 0.11183
vt 0.81324 0.11183
vt 0.81324 0.11183
vt 0.81324 0.11183
vt 0.81324 0.11183
vt 0.81324 0.11183
vt 0.81324 0.11183
vt 0.81324 0.11183
vt 0.81324 0.11183
vt 0.81323 0.11183
vt 0.81323 0.11183
vt 0.81323 0.11183
vt 0.81323 0.11183
vt 0.81323 0.11183
vt 0.81323 0.11183
vt 0.81323 0.11183
vt 0.81323 0.11183
vt 0.81323 0.11183
vt 0.81323 0.11183
vt 0.81323 0.11183
vt 0.81324 0.11183
vt 0.81324 0.11183
vt 0.81324 0.11183
vt 0.81324 0.11183
vt 0.81324 0.11183
vt 0.81324 0.11183
vt 0.81324 0.11183
vt 0.81324 0.11183
vt 0.81324 0.11183
vt 0.81324 0.11183
vt 0.81324 0.11183
vt 0.81324 0.11183
vt 0.81324 0.11183
vt 0.81324 0.11183
vt 0.81324 0.11183
vt 0.81324 0.11183
vt 0.81324 0.11183
vt 0.81324 0.11183
vt 0.81324 0.11183
vt 0.81324 0.11183
vt 0.81324 0.11183
vt 0.81324 0.11183
vt 0.81324 0.11183
vt 0.81324 0.11183
vt 0.81324 0.11183
vt 0.81324 0.11183
vt 0.81324 0.11183
vt 0.81324 0.11183
vt 0.81324 0.11183
vt 0.81324 0.11183
vt 0.81324 0.11183
vt 0.81324 0.11183
vt 0.81324 0.11183
vt 0.81324 0.11183
vt 0.81324 0.11183
vt 0.81324 0.11183
vt 0.81324 0.11183
vt 0.81324 0.11183
vt 0.81324 0.11183
vt 0.81324 0.11183
vt 0.81324 0.11183
vt 0.81324 0.11183
vt 0.81324 0.11183
vt 0.81324 0.11183
vt 0.81324 0.11183
vt 0.81324 0.11183
vt 0.81324 0.11183
vt 0.81324 0.11183
vt 0.81324 0.11183
vt 0.81324 0.11183
vt 0.81324 0.11183
vt 0.81324 0.11183
vt 0.81324 0.11183
vt 0.81324 0.11183
vt 0.81324 0.11183
vt 0.81324 0.11183
vt 0.81324 0.11183
vt 0.81324 0.11183
vt 0.81324 0.11183
vt 0.81324 0.11183
vt 0.81324 0.11183
vt 0.81324 0.11183
vt 0.81324 0.11183
vt 0.81324 0.11183
vt 0.81324 0.11183
vt 0.81324 0.11183
vt 0.81324 0.11183
vt 0.81324 0.11183
vt 0.81324 0.11183
vt 0.81324 0.11183
vt 0.81324 0.11183
vt 0.81324 0.11183
vt 0.81324 0.11183
vt 0.81324 0.11183
vt 0.81324 0.11183
vt 0.81324 0.11183
vt 0.81324 0.11183
vt 0.81324 0.11183
vt 0.81325 0.11183
vt 0.81325 0.11183
vt 0.81325 0.11183
vt 0.81325 0.11183
vt 0.81325 0.11183
vt 0.81325 0.11183
vt 0.81325 0.11183
vt 0.81325 0.11183
vt 0.81325 0.11183
vt 0.81325 0.11183
vt 0.81325 0.11183
vt 0.81325 0.11183
vt 0.81325 0.11183
vt 0.81325 0.11183
vt 0.81325 0.11183
vt 0.81325 0.11183
vt 0.81325 0.11183
vt 0.81325 0.11183
vt 0.81325 0.11183
vt 0.81325 0.11183
vt 0.81325 0.11183
vt 0.81325 0.11183
vt 0.81325 0.11183
vt 0.81325 0.11183
vt 0.81325 0.11183
vt 0.81325 0.11183
vt 0.81325 0.11183
vt 0.81325 0.11183
vt 0.81325 0.11183
vt 0.81325 0.11183
vt 0.81325 0.11183
vt 0.81325 0.11183
vt 0.81325 0.11183
vt 0.81325 0.11183
vt 0.81325 0.11183
vt 0.81325 0.11183
vt 0.81323 0.11182
vt 0.81323 0.11182
vt 0.81323 0.11182
vt 0.81323 0.11182
vt 0.81323 0.11182
vt 0.81323 0.11182
vt 0.81323 0.11182
vt 0.81323 0.11182
vt 0.81323 0.11182
vt 0.81323 0.11182
vt 0.81323 0.11182
vt 0.81323 0.11182
vt 0.81323 0.11182
vt 0.81323 0.11182
vt 0.81323 0.11182
vt 0.81323 0.11182
vt 0.81323 0.11182
vt 0.81323 0.11182
vt 0.81323 0.11182
vt 0.81323 0.11182
vt 0.81323 0.11182
vt 0.81323 0.11182
vt 0.81323 0.11183
vt 0.81323 0.11183
vt 0.81323 0.11183
vt 0.81323 0.11183
vt 0.81323 0.11183
vt 0.81323 0.11183
vt 0.81323 0.11183
vt 0.81323 0.11183
vt 0.81323 0.11183
vt 0.81323 0.11182
vt 0.81323 0.11182
vt 0.81323 0.11182
vt 0.81323 0.11182
vt 0.81323 0.11182
vt 0.81323 0.11182
vt 0.81323 0.11182
vt 0.81323 0.11182
vt 0.81323 0.11182
vt 0.81323 0.11182
vt 0.81323 0.11182
vt 0.81323 0.11182
vt 0.81323 0.11182
vt 0.81323 0.11182
vt 0.81323 0.11182
vt 0.81323 0.11182
vt 0.81323 0.11182
vt 0.81323 0.11182
vt 0.81323 0.11182
vt 0.81323 0.11182
vt 0.81323 0.11183
vt 0.81323 0.11183
vt 0.81323 0.11183
vt 0.81323 0.11183
vt 0.81323 0.11183
vt 0.81323 0.11183
vt 0.81323 0.11183
vt 0.81323 0.11183
vt 0.81323 0.11183
vt 0.81325 0.11182
vt 0.81325 0.11183
vt 0.81325 0.11183
vt 0.81325 0.11182
vt 0.81325 0.11182
vt 0.81325 0.11182
vt 0.81325 0.11182
vt 0.81325 0.11182
vt 0.81324 0.11183
vt 0.81324 0.11183
vt 0.81324 0.11183
vt 0.81324 0.11183
vt 0.81323 0.11183
vt 0.81323 0.11183
vt 0.81323 0.11183
vt 0.81325 0.11183
vt 0.81325 0.11183
vt 0.81325 0.11182
vt 0.81325 0.11182
vt 0.81325 0.11182
vt 0.81324 0.11183
vt 0.81324 0.11183
vt 0.81324 0.11183
vt 0.81324 0.11183
vt 0.81324 0.11183
vt 0.81324 0.11183
vt 0.81325 0.11182
vt 0.81325 0.11182
vt 0.81323 0.11183
vt 0.81323 0.11183
vt 0.81324 0.11183
vt 0.81324 0.11183
vt 0.81323 0.11183
vt 0.81323 0.11183
vt 0.81323 0.11183
vt 0.81323 0.11183
vt 0.81323 0.11183
vt 0.81323 0.11183
vt 0.81323 0.11183
vt 0.81323 0.11183
vt 0.81323 0.11183
vt 0.81323 0.11183
vt 0.81323 0.11183
vt 0.81323 0.11183
vt 0.81323 0.11183
vt 0.81323 0.11183
vt 0.81323 0.11183
vt 0.81323 0.11183
vt 0.81323 0.11183
vt 0.81323 0.11183
vt 0.81323 0.11183
vt 0.81323 0.11183
vt 0.81323 0.11183
vt 0.81323 0.11183
vt 0.81323 0.11183
vt 0.81323 0.11183
vt 0.81323 0.11183
vt 0.81324 0.11183
vt 0.81324 0.11183
vt 0.81324 0.11183
vt 0.81324 0.11183
vt 0.81324 0.11183
vt 0.81324 0.11183
vt 0.81324 0.11183
vt 0.81324 0.11183
vt 0.81324 0.11183
vt 0.81324 0.11183
vt 0.81324 0.11183
vt 0.81324 0.11183
vt 0.81324 0.11183
vt 0.81324 0.11183
vt 0.81324 0.11183
vt 0.81324 0.11183
vt 0.81324 0.11183
vt 0.81324 0.11183
vt 0.81324 0.11183
vt 0.81324 0.11183
vt 0.81324 0.11183
vt 0.81324 0.11183
vt 0.81324 0.11183
vt 0.81324 0.11183
vt 0.81323 0.11183
vt 0.81323 0.11183
vt 0.81323 0.11183
vt 0.81323 0.11183
vt 0.81323 0.11183
vt 0.81323 0.11183
vt 0.81323 0.11183
vt 0.81323 0.11183
vt 0.81324 0.11183
vt 0.81324 0.11183
vt 0.81324 0.11183
vt 0.81324 0.11183
vt 0.81324 0.11183
vt 0.81324 0.11183
vt 0.81324 0.11183
vt 0.81324 0.11183
vt 0.81324 0.11183
vt 0.81324 0.11183
vt 0.81324 0.11183
vt 0.81324 0.11183
vt 0.81324 0.11183
vt 0.81323 0.11183
vt 0.81323 0.11183
vt 0.81323 0.11183
vt 0.81323 0.11183
vt 0.81323 0.11183
vt 0.81324 0.11183
vt 0.81324 0.11183
vt 0.81324 0.11183
vt 0.81324 0.11183
vt 0.81324 0.11183
vt 0.81324 0.11183
vt 0.81324 0.11183
vt 0.81324 0.11183
vt 0.81324 0.11183
vt 0.81324 0.11183
vt 0.81324 0.11183
vt 0.81324 0.11183
vt 0.81324 0.11183
vt 0.81324 0.11183
vt 0.81324 0.11183
vt 0.81324 0.11183
vt 0.81324 0.11183
vt 0.81324 0.11183
vt 0.81324 0.11183
vt 0.81324 0.11183
vt 0.81324 0.11183
vt 0.81324 0.11183
vt 0.81324 0.11183
vt 0.81324 0.11183
vt 0.81324 0.11183
vt 0.81324 0.11183
vt 0.81324 0.11183
vt 0.81324 0.11183
vt 0.81324 0.11183
vt 0.81324 0.11183
vt 0.81324 0.11183
vt 0.81324 0.11183
vt 0.81324 0.11183
vt 0.81324 0.11183
vt 0.81324 0.11183
vt 0.81324 0.11183
vt 0.81324 0.11183
vt 0.81324 0.11183
vt 0.81324 0.11183
vt 0.81324 0.11183
vt 0.81324 0.11183
vt 0.81324 0.11183
vt 0.81324 0.11183
vt 0.81324 0.11183
vt 0.81324 0.11183
vt 0.81324 0.11183
vt 0.81324 0.11183
vt 0.81324 0.11183
vt 0.81324 0.11183
vt 0.81324 0.11183
vt 0.81324 0.11183
vt 0.81324 0.11183
vt 0.81324 0.11183
vt 0.81324 0.11183
vt 0.81324 0.11183
vt 0.81324 0.11183
vt 0.81324 0.11183
vt 0.81324 0.11183
vt 0.81324 0.11183
vt 0.81324 0.11183
vt 0.81324 0.11183
vt 0.81324 0.11183
vt 0.81324 0.11183
vt 0.81324 0.11183
vt 0.81324 0.11183
vt 0.81324 0.11183
vt 0.81324 0.11183
vt 0.81324 0.11183
vt 0.81324 0.11183
vt 0.81324 0.11183
vt 0.81324 0.11183
vt 0.81324 0.11183
vt 0.81324 0.11183
vt 0.81324 0.11183
vt 0.81324 0.11183
vt 0.81324 0.11183
vt 0.81324 0.11183
vt 0.81324 0.11183
vt 0.81325 0.11183
vt 0.81325 0.11183
vt 0.81325 0.11183
vt 0.81325 0.11183
vt 0.81325 0.11183
vt 0.81325 0.11183
vt 0.81325 0.11183
vt 0.81325 0.11183
vt 0.81325 0.11183
vt 0.81325 0.11183
vt 0.81325 0.11183
vt 0.81325 0.11183
vt 0.81325 0.11183
vt 0.81325 0.11183
vt 0.81325 0.11183
vt 0.81325 0.11183
vt 0.81325 0.11183
vt 0.81325 0.11183
vt 0.81325 0.11183
vt 0.81325 0.11183
vt 0.81325 0.11183
vt 0.81325 0.11183
vt 0.81325 0.11183
vt 0.81325 0.11183
vt 0.81325 0.11183
vt 0.81325 0.11183
vt 0.81325 0.11183
vt 0.81325 0.11183
vt 0.81325 0.11183
vt 0.81325 0.11183
vt 0.81325 0.11183
vt 0.81325 0.11183
vt 0.81325 0.11183
vt 0.81325 0.11183
vt 0.81325 0.11183
vt 0.81325 0.11183
vt 0.81324 0.11182
vt 0.81324 0.11182
vt 0.81324 0.11182
vt 0.81324 0.11182
vt 0.81324 0.11182
vt 0.81324 0.11182
vt 0.81324 0.11182
vt 0.81324 0.11182
vt 0.81324 0.11182
vt 0.81324 0.11182
vt 0.81324 0.11182
vt 0.81324 0.11182
vt 0.81324 0.11182
vt 0.81324 0.11182
vt 0.81324 0.11182
vt 0.81324 0.11182
vt 0.81324 0.11182
vt 0.81324 0.11182
vt 0.81324 0.11182
vt 0.81324 0.11182
vt 0.81324 0.11182
vt 0.81324 0.11182
vt 0.81324 0.11182
vt 0.81324 0.11182
vt 0.81324 0.11182
vt 0.81324 0.11182
vt 0.81324 0.11182
vt 0.81324 0.11182
vt 0.81324 0.11182
vt 0.81324 0.11182
vt 0.81324 0.11182
vt 0.81324 0.11182
vt 0.81324 0.11182
vt 0.81324 0.11182
vt 0.81324 0.11182
vt 0.81324 0.11182
vt 0.81324 0.11182
vt 0.81324 0.11182
vt 0.81324 0.11182
vt 0.81324 0.11182
vt 0.81324 0.11182
vt 0.81324 0.11182
vt 0.81324 0.11182
vt 0.81324 0.11182
vt 0.81324 0.11182
vt 0.81324 0.11182
vt 0.81324 0.11182
vt 0.81324 0.11182
vt 0.81324 0.11182
vt 0.81324 0.11182
vt 0.81324 0.11182
vt 0.81324 0.11182
vt 0.81324 0.11182
vt 0.81324 0.11182
vt 0.81324 0.11182
vt 0.81325 0.11182
vt 0.81324 0.11182
vt 0.81324 0.11183
vt 0.81325 0.11183
vt 0.81324 0.11182
vt 0.81324 0.11182
vt 0.81324 0.11182
vt 0.81324 0.11182
vt 0.81324 0.11182
vt 0.81324 0.11182
vt 0.81325 0.11182
vt 0.81325 0.11182
vt 0.81323 0.11182
vt 0.81325 0.11184
vt 0.81325 0.11184
vt 0.81323 0.11182
vt 0.81324 0.11182
vt 0.81325 0.11182
vt 0.81325 0.11182
vt 0.81324 0.11182
vt 0.81325 0.11182
vt 0.81324 0.11182
vt 0.81323 0.11182
vt 0.81323 0.11182
vt 0.81323 0.11182
vt 0.81323 0.11182
vt 0.81323 0.11182
vt 0.81323 0.11182
vt 0.81323 0.11182
vt 0.81323 0.11182
vt 0.81323 0.11182
vt 0.81323 0.11182
vt 0.81323 0.11182
vt 0.81323 0.11182
vt 0.81323 0.11182
vt 0.81323 0.11182
vt 0.81323 0.11182
vt 0.81323 0.11182
vt 0.81323 0.11182
vt 0.81323 0.11182
vt 0.81323 0.11182
vt 0.81323 0.11182
vt 0.81323 0.11182
vt 0.81323 0.11182
vt 0.81323 0.11182
vt 0.81323 0.11182
vt 0.81323 0.11182
vt 0.81323 0.11182
vt 0.81323 0.11182
vt 0.81323 0.11182
vt 0.81323 0.11182
vt 0.81323 0.11182
vt 0.81323 0.11182
vt 0.81323 0.11182
vt 0.81323 0.11182
vt 0.81323 0.11182
vt 0.81323 0.11182
vt 0.81323 0.11182
vt 0.81323 0.11182
vt 0.81323 0.11182
vt 0.81323 0.11182
vt 0.81323 0.11182
vt 0.81323 0.11182
vt 0.81323 0.11182
vt 0.81323 0.11182
vt 0.81323 0.11182
vt 0.81323 0.11182
vt 0.81324 0.11182
vt 0.81324 0.11182
vt 0.81323 0.11182
vt 0.81323 0.11182
vt 0.81324 0.11182
vt 0.81323 0.11182
vt 0.81323 0.11182
vt 0.81323 0.11182
vt 0.81324 0.11182
vt 0.81324 0.11182
vt 0.81323 0.11182
vt 0.81323 0.11182
vt 0.81323 0.11182
vt 0.81323 0.11182
vt 0.81324 0.11182
vt 0.81324 0.11182
vt 0.81324 0.11182
vt 0.81324 0.11182
vt 0.81324 0.11182
vt 0.81324 0.11182
vt 0.81324 0.11182
vt 0.81324 0.11182
vt 0.81324 0.11182
vt 0.81324 0.11182
vt 0.81324 0.11182
vt 0.81324 0.11182
vt 0.81324 0.11182
vt 0.81324 0.11182
vt 0.81324 0.11182
vt 0.81324 0.11182
vt 0.81324 0.11182
vt 0.81324 0.11182
vt 0.81324 0.11182
vt 0.81324 0.11182
vt 0.81324 0.11182
vt 0.81324 0.11182
vt 0.81324 0.11182
vt 0.81324 0.11182
vt 0.81323 0.11182
vt 0.81324 0.11182
vt 0.81323 0.11182
vt 0.81323 0.11182
vt 0.81323 0.11182
vt 0.81323 0.11182
vt 0.81324 0.11182
vt 0.81324 0.11182
vt 0.81323 0.11182
vt 0.81323 0.11182
vt 0.81324 0.11182
vt 0.81323 0.11182
vt 0.81323 0.11182
vt 0.81324 0.11182
vt 0.81324 0.11182
vt 0.81324 0.11182
vt 0.81323 0.11182
vt 0.81323 0.11182
vt 0.81323 0.11182
vt 0.81323 0.11182
vt 0.81324 0.11182
vt 0.81323 0.11182
vt 0.81324 0.11182
vt 0.81323 0.11182
vt 0.81323 0.11182
vt 0.81323 0.11182
vt 0.81323 0.11182
vt 0.81323 0.11182
vt 0.81323 0.11182
vt 0.81323 0.11182
vt 0.81323 0.11182
vt 0.87804 0.07342
vt 0.87804 0.07342
vt 0.87804 0.07342
vt 0.87804 0.07342
vt 0.87804 0.07342
vt 0.87804 0.07342
vt 0.87804 0.07342
vt 0.87804 0.07342
vt 0.87804 0.07342
vt 0.87804 0.07342
vt 0.87804 0.07342
vt 0.87804 0.07342
vt 0.87804 0.07342
vt 0.87804 0.07342
vt 0.87804 0.07342
vt 0.87804 0.07342
vt 0.87804 0.07342
vt 0.87804 0.07342
vt 0.87804 0.07342
vt 0.87804 0.07342
vt 0.87804 0.07342
vt 0.87804 0.07342
vt 0.87804 0.07342
vt 0.87804 0.07342
vt 0.87804 0.07342
vt 0.87804 0.07342
vt 0.87804 0.07342
vt 0.87804 0.07342
vt 0.87804 0.07342
vt 0.87804 0.07342
vt 0.87804 0.07342
vt 0.87804 0.07342
vt 0.87804 0.07342
vt 0.87804 0.07342
vt 0.87804 0.07342
vt 0.87804 0.07342
vt 0.87804 0.07342
vt 0.87804 0.07342
vt 0.87804 0.07342
vt 0.87804 0.07342
vt 0.87804 0.07342
vt 0.87804 0.07342
vt 0.87804 0.07342
vt 0.87804 0.07342
vt 0.87804 0.07342
vt 0.87804 0.07342
vt 0.87804 0.07342
vt 0.87804 0.07342
vt 0.87804 0.07342
vt 0.87804 0.07342
vt 0.87804 0.07342
vt 0.87804 0.07342
vt 0.87804 0.07342
vt 0.87804 0.07342
vt 0.87804 0.07342
vt 0.87804 0.07342
vt 0.87804 0.07342
vt 0.87804 0.07342
vt 0.87804 0.07342
vt 0.87804 0.07342
vt 0.87804 0.07342
vt 0.87804 0.07342
vt 0.87804 0.07342
vt 0.87804 0.07342
vt 0.87804 0.07342
vt 0.87804 0.07342
vt 0.87804 0.07342
vt 0.87804 0.07342
vt 0.87804 0.07342
vt 0.87804 0.07342
vt 0.87804 0.07342
vt 0.87804 0.07342
vt 0.87804 0.07342
vt 0.87804 0.07342
vt 0.87804 0.07342
vt 0.87804 0.07342
vt 0.87804 0.07342
vt 0.87804 0.07342
vt 0.87804 0.07342
vt 0.87804 0.07342
vt 0.87804 0.07342
vt 0.87804 0.07342
vt 0.87804 0.07342
vt 0.87804 0.07342
vt 0.87804 0.07342
vt 0.87804 0.07342
vt 0.87804 0.07342
vt 0.87804 0.07342
vt 0.87804 0.07342
vt 0.87804 0.07342
vt 0.87804 0.07342
vt 0.87804 0.07342
vt 0.87804 0.07342
vt 0.87804 0.07342
vt 0.87804 0.07342
vt 0.87804 0.07342
vt 0.87804 0.07342
vt 0.87804 0.07342
vt 0.87804 0.07342
vt 0.87804 0.07342
vt 0.87804 0.07342
vt 0.87804 0.07342
vt 0.87804 0.07342
vt 0.87804 0.07342
vt 0.87804 0.07342
vt 0.87804 0.07342
vt 0.87804 0.07342
vt 0.87804 0.07342
vt 0.87804 0.07342
vt 0.87804 0.07342
vt 0.87804 0.07342
vt 0.87804 0.07342
vt 0.87804 0.07342
vt 0.87804 0.07342
vt 0.87804 0.07342
vt 0.87804 0.07342
vt 0.87804 0.07342
vt 0.87804 0.07342
vt 0.87804 0.07342
vt 0.87804 0.07342
vt 0.87804 0.07342
vt 0.87804 0.07342
vt 0.87804 0.07342
vt 0.87804 0.07342
vt 0.87804 0.07342
vt 0.87804 0.07342
vt 0.87804 0.07342
vt 0.87804 0.07342
vt 0.87804 0.07342
vt 0.87804 0.07342
vt 0.87804 0.07342
vt 0.87804 0.07342
vt 0.87804 0.07342
vt 0.87804 0.07342
vt 0.87804 0.07342
vt 0.87804 0.07342
vt 0.87804 0.07342
vt 0.87804 0.07342
vt 0.87804 0.07342
vt 0.87804 0.07342
vt 0.87804 0.07342
vt 0.87804 0.07342
vt 0.87804 0.07342
vt 0.87804 0.07342
vt 0.87804 0.07342
vt 0.87804 0.07342
vt 0.87804 0.07342
vt 0.87804 0.07342
vt 0.87804 0.07342
vt 0.87804 0.07342
vt 0.87804 0.07342
vt 0.87804 0.07342
vt 0.87804 0.07342
vt 0.87804 0.07342
vt 0.87804 0.07342
vt 0.87804 0.07342
vt 0.87804 0.07342
vt 0.87804 0.07342
vt 0.87804 0.07342
vt 0.87804 0.07342
vt 0.87804 0.07342
vt 0.87804 0.07342
vt 0.87804 0.07342
vt 0.87804 0.07342
vt 0.87804 0.07342
vt 0.87804 0.07342
vt 0.87804 0.07342
vt 0.87804 0.07342
vt 0.87804 0.07342
vt 0.87804 0.07342
vt 0.87804 0.07342
vt 0.87804 0.07342
vt 0.87804 0.07342
vt 0.87804 0.07342
vt 0.87804 0.07342
vt 0.87804 0.07342
vt 0.87804 0.07342
vt 0.87804 0.07342
vt 0.87804 0.07342
vt 0.87804 0.07342
vt 0.87804 0.07342
vt 0.87804 0.07342
vt 0.87804 0.07342
vt 0.87804 0.07342
vt 0.87804 0.07342
vt 0.87804 0.07342
vt 0.87804 0.07342
vt 0.87804 0.07342
vt 0.87804 0.07342
vt 0.87804 0.07342
vt 0.87804 0.07342
vt 0.87804 0.07342
vt 0.87804 0.07342
vt 0.87804 0.07342
vt 0.87804 0.07342
vt 0.87804 0.07342
vt 0.87804 0.07342
vt 0.87804 0.07342
vt 0.87804 0.07342
vt 0.87804 0.07342
vt 0.87804 0.07342
vt 0.87804 0.07342
vt 0.87804 0.07342
vt 0.87804 0.07342
vt 0.87804 0.07342
vt 0.87804 0.07342
vt 0.87804 0.07342
vt 0.87804 0.07342
vt 0.87804 0.07342
vt 0.87804 0.07342
vt 0.87804 0.07342
vt 0.87804 0.07342
vt 0.87804 0.07342
vt 0.87804 0.07342
vt 0.87804 0.07342
vt 0.87804 0.07342
vt 0.87804 0.07342
vt 0.87804 0.07342
vt 0.87804 0.07342
vt 0.87804 0.07342
vt 0.87804 0.07342
vt 0.87804 0.07342
vt 0.87804 0.07342
vt 0.87804 0.07342
vt 0.87804 0.07342
vt 0.87804 0.07342
vt 0.87804 0.07342
vt 0.87804 0.07342
vt 0.87804 0.07342
vt 0.87804 0.07342
vt 0.87804 0.07342
vt 0.87804 0.07342
vt 0.87804 0.07342
vt 0.87804 0.07342
vt 0.87804 0.07342
vt 0.87804 0.07342
vt 0.87804 0.07342
vt 0.87804 0.07342
vt 0.87804 0.07342
vt 0.87804 0.07342
vt 0.87804 0.07342
vt 0.87804 0.07342
vt 0.87804 0.07342
vt 0.87804 0.07342
vt 0.87804 0.07342
vt 0.87804 0.07342
vt 0.87804 0.07342
vt 0.87804 0.07342
vt 0.87804 0.07342
vt 0.87804 0.07342
vt 0.87804 0.07342
vt 0.87804 0.07342
vt 0.87804 0.07342
vt 0.87804 0.07342
vt 0.87804 0.07342
vt 0.87804 0.07342
vt 0.87804 0.07342
vt 0.87804 0.07342
vt 0.87804 0.07342
vt 0.87804 0.07342
vt 0.87804 0.07342
vt 0.87804 0.07342
vt 0.87804 0.07342
vt 0.87804 0.07342
vt 0.87804 0.07342
vt 0.87804 0.07342
vt 0.87804 0.07342
vt 0.87804 0.07342
vt 0.87804 0.07342
vt 0.87804 0.07342
vt 0.87804 0.07342
vt 0.87804 0.07342
vt 0.87804 0.07342
vt 0.87804 0.07342
vt 0.87804 0.07342
vt 0.87804 0.07342
vt 0.87804 0.07342
vt 0.87804 0.07342
vt 0.87804 0.07342
vt 0.87804 0.07342
vt 0.87804 0.07342
vt 0.87804 0.07342
vt 0.87804 0.07342
vt 0.87804 0.07342
vt 0.87804 0.07342
vt 0.87804 0.07342
vt 0.87804 0.07342
vt 0.87804 0.07342
vt 0.87804 0.07342
vt 0.87804 0.07342
vt 0.87804 0.07342
vt 0.87804 0.07342
vt 0.87804 0.07342
vt 0.87804 0.07342
vt 0.87804 0.07342
vt 0.87804 0.07342
vt 0.87804 0.07342
vt 0.87804 0.07342
vt 0.87804 0.07342
vt 0.87804 0.07342
vt 0.87804 0.07342
vt 0.87804 0.07342
vt 0.87804 0.07342
vt 0.87804 0.07342
vt 0.87804 0.07342
vt 0.87804 0.07342
vt 0.87804 0.07342
vt 0.87804 0.07342
vt 0.87804 0.07342
vt 0.87804 0.07342
vt 0.87804 0.07342
vt 0.87804 0.07342
vt 0.87804 0.07342
vt 0.87804 0.07342
vt 0.87804 0.07342
vt 0.87804 0.07342
vt 0.87804 0.07342
vt 0.87804 0.07342
vt 0.87804 0.07342
vt 0.87804 0.07342
vt 0.87804 0.07342
vt 0.87804 0.07342
vt 0.87804 0.07342
vt 0.87804 0.07342
vt 0.87804 0.07342
vt 0.87804 0.07342
vt 0.87804 0.07342
vt 0.87804 0.07342
vt 0.87804 0.07342
vt 0.87804 0.07342
vt 0.87804 0.07342
vt 0.87804 0.07342
vt 0.87804 0.07342
vt 0.87804 0.07342
vt 0.87804 0.07342
vt 0.87804 0.07342
vt 0.87804 0.07342
vt 0.87804 0.07342
vt 0.87804 0.07342
vt 0.87804 0.07342
vt 0.87804 0.07342
vt 0.87804 0.07342
vt 0.87804 0.07342
vt 0.87804 0.07342
vt 0.87804 0.07342
vt 0.87804 0.07342
vt 0.87804 0.07342
vt 0.87804 0.07342
vt 0.87804 0.07342
vt 0.87804 0.07342
vt 0.87804 0.07342
vt 0.87804 0.07342
vt 0.87804 0.07342
vt 0.87804 0.07342
vt 0.87804 0.07342
vt 0.87804 0.07342
vt 0.87804 0.07342
vt 0.87804 0.07342
vt 0.87804 0.07342
vt 0.87804 0.07342
vt 0.87804 0.07342
vt 0.87804 0.07342
vt 0.87804 0.07342
vt 0.87804 0.07342
vt 0.87804 0.07342
vt 0.87804 0.07342
vt 0.87804 0.07342
vt 0.87804 0.07342
vt 0.87804 0.07342
vt 0.87804 0.07342
vt 0.87804 0.07342
vt 0.87804 0.07342
vt 0.87804 0.07342
vt 0.87804 0.07342
vt 0.87804 0.07342
vt 0.87804 0.07342
vt 0.87804 0.07342
vt 0.87804 0.07342
vt 0.87804 0.07342
vt 0.87804 0.07342
vt 0.87804 0.07342
vt 0.87804 0.07342
vt 0.87804 0.07342
vt 0.87804 0.07342
vt 0.87804 0.07342
vt 0.87804 0.07342
vt 0.87804 0.07342
vt 0.87804 0.07342
vt 0.87804 0.07342
vt 0.87804 0.07342
vt 0.87804 0.07342
vt 0.87804 0.07342
vt 0.87804 0.07342
vt 0.87804 0.07342
vt 0.87804 0.07342
vt 0.87804 0.07342
vt 0.87804 0.07342
vt 0.87804 0.07342
vt 0.87804 0.07342
vt 0.87804 0.07342
vt 0.87804 0.07342
vt 0.87804 0.07342
vt 0.87804 0.07342
vt 0.87804 0.07342
vt 0.87804 0.07342
vt 0.87804 0.07342
vt 0.87804 0.07342
vt 0.87804 0.07342
vt 0.87804 0.07342
vt 0.87804 0.07342
vt 0.87804 0.07342
vt 0.87804 0.07342
vt 0.87804 0.07342
vt 0.87804 0.07342
vt 0.87804 0.07342
vt 0.87804 0.07342
vt 0.87804 0.07342
vt 0.87804 0.07342
vt 0.87804 0.07342
vt 0.87804 0.07342
vt 0.87804 0.07342
vt 0.87804 0.07342
vt 0.87804 0.07342
vt 0.87804 0.07342
vt 0.87804 0.07342
vt 0.87804 0.07342
vt 0.87804 0.07342
vt 0.87804 0.07342
vt 0.87804 0.07342
vt 0.87804 0.07342
vt 0.87804 0.07342
vt 0.87804 0.07342
vt 0.87804 0.07342
vt 0.87804 0.07342
vt 0.87804 0.07342
vt 0.87804 0.07342
vt 0.87804 0.07342
vt 0.87804 0.07342
vt 0.87804 0.07342
vt 0.87804 0.07342
vt 0.87804 0.07342
vt 0.87804 0.07342
vt 0.87804 0.07342
vt 0.87804 0.07342
vt 0.87804 0.07342
vt 0.87804 0.07342
vt 0.87804 0.07342
vt 0.87804 0.07342
vt 0.87804 0.07342
vt 0.87804 0.07342
vt 0.87804 0.07342
vt 0.87804 0.07342
vt 0.87804 0.07342
vt 0.87804 0.07342
vt 0.87804 0.07342
vt 0.87804 0.07342
vt 0.87804 0.07342
vt 0.87804 0.07342
vt 0.87804 0.07342
vt 0.87804 0.07342
vt 0.87804 0.07342
vt 0.87804 0.07342
vt 0.87804 0.07342
vt 0.87804 0.07342
vt 0.87804 0.07342
vt 0.87804 0.07342
vt 0.87804 0.07342
vt 0.87804 0.07342
vt 0.87804 0.07342
vt 0.87804 0.07342
vt 0.87804 0.07342
vt 0.87804 0.07342
vt 0.87804 0.07342
vt 0.87804 0.07342
vt 0.87804 0.07342
vt 0.87804 0.07342
vt 0.87804 0.07342
vt 0.87804 0.07342
vt 0.87804 0.07342
vt 0.87804 0.07342
vt 0.87804 0.07342
vt 0.87804 0.07342
vt 0.87804 0.07342
vt 0.87804 0.07342
vt 0.87804 0.07342
vt 0.87804 0.07342
vt 0.87804 0.07342
vt 0.87804 0.07342
vt 0.87804 0.07342
vt 0.87804 0.07342
vt 0.87804 0.07342
vt 0.87804 0.07342
vt 0.87804 0.07342
vt 0.87804 0.07342
vt 0.87804 0.07342
vt 0.87804 0.07342
vt 0.87804 0.07342
vt 0.87804 0.07342
vt 0.87804 0.07342
vt 0.87804 0.07342
vt 0.87804 0.07342
vt 0.87804 0.07342
vt 0.87804 0.07342
vt 0.87804 0.07342
vt 0.87804 0.07342
vt 0.87804 0.07342
vt 0.87804 0.07342
vt 0.87804 0.07342
vt 0.87804 0.07342
vt 0.87804 0.07342
vt 0.87804 0.07342
vt 0.87804 0.07342
vt 0.87804 0.07342
vt 0.87804 0.07342
vt 0.87804 0.07342
vt 0.87804 0.07342
vt 0.87804 0.07342
vt 0.87804 0.07342
vt 0.87804 0.07342
vt 0.87804 0.07342
vt 0.87804 0.07342
vt 0.87804 0.07342
vt 0.87804 0.07342
vt 0.87804 0.07342
vt 0.87804 0.07342
vt 0.87804 0.07342
vt 0.87804 0.07342
vt 0.87804 0.07342
vt 0.87804 0.07342
vt 0.87804 0.07342
vt 0.87804 0.07342
vt 0.87804 0.07342
vt 0.87804 0.07342
vt 0.87804 0.07342
vt 0.87804 0.07342
vt 0.87804 0.07342
vt 0.87804 0.07342
vt 0.87804 0.07342
vt 0.87804 0.07342
vt 0.87804 0.07342
vt 0.87804 0.07342
vt 0.87804 0.07342
vt 0.87804 0.07342
vt 0.87804 0.07342
vt 0.87804 0.07342
vt 0.87804 0.07342
vt 0.87804 0.07342
vt 0.87804 0.07342
vt 0.87804 0.07342
vt 0.87804 0.07342
vt 0.87804 0.07342
vt 0.87804 0.07342
vt 0.87804 0.07342
vt 0.87804 0.07342
vt 0.87804 0.07342
vt 0.87804 0.07342
vt 0.87804 0.07342
vt 0.87804 0.07342
vt 0.87804 0.07342
vt 0.87804 0.07342
vt 0.87804 0.07342
vt 0.87804 0.07342
vt 0.87804 0.07342
vt 0.87804 0.07342
vt 0.87804 0.07342
vt 0.87804 0.07342
vt 0.87804 0.07342
vt 0.87804 0.07342
vt 0.87804 0.07342
vt 0.87804 0.07342
vt 0.87804 0.07342
vt 0.87804 0.07342
vt 0.87804 0.07342
vt 0.87804 0.07342
vt 0.87804 0.07342
vt 0.87804 0.07342
vt 0.87804 0.07342
vt 0.87804 0.07342
vt 0.87804 0.07342
vt 0.87804 0.07342
vt 0.87804 0.07342
vt 0.87804 0.07342
vt 0.87804 0.07342
vt 0.87804 0.07342
vt 0.87804 0.07342
vt 0.87804 0.07342
vt 0.87804 0.07342
vt 0.87804 0.07342
vt 0.87804 0.07342
vt 0.87804 0.07342
vt 0.87804 0.07342
vt 0.87804 0.07342
vt 0.87804 0.07342
vt 0.87804 0.07342
vt 0.87804 0.07342
vt 0.87804 0.07342
vt 0.87804 0.07342
vt 0.87804 0.07342
vt 0.87804 0.07342
vt 0.87804 0.07342
vt 0.87804 0.07342
vt 0.87804 0.07342
vt 0.87804 0.07342
vt 0.87804 0.07342
vt 0.87804 0.07342
vt 0.87804 0.07342
vt 0.87804 0.07342
vt 0.87804 0.07342
vt 0.87804 0.07342
vt 0.87804 0.07342
vt 0.87804 0.07342
vt 0.87804 0.07342
vt 0.87804 0.07342
vt 0.87804 0.07342
vt 0.87804 0.07342
vt 0.87804 0.07342
vt 0.87804 0.07342
vt 0.87804 0.07342
vt 0.87804 0.07342
vt 0.87804 0.07342
vt 0.87804 0.07342
vt 0.87804 0.07342
vt 0.87804 0.07342
vt 0.87804 0.07342
vt 0.87804 0.07342
vt 0.87804 0.07342
vt 0.87804 0.07342
vt 0.87804 0.07342
vt 0.87804 0.07342
vt 0.87804 0.07342
vt 0.87804 0.07342
vt 0.87804 0.07342
vt 0.87804 0.07342
vt 0.87804 0.07342
vt 0.87804 0.07342
vt 0.87804 0.07342
vt 0.87804 0.07342
vt 0.87804 0.07342
vt 0.87804 0.07342
vt 0.87804 0.07342
vt 0.87804 0.07342
vt 0.87804 0.07342
vt 0.87804 0.07342
vt 0.87804 0.07342
vt 0.87804 0.07342
vt 0.87804 0.07342
vt 0.87804 0.07342
vt 0.87804 0.07342
vt 0.87804 0.07342
vt 0.87804 0.07342
vt 0.87804 0.07342
vt 0.87804 0.07342
vt 0.87804 0.07342
vt 0.87804 0.07342
vt 0.87804 0.07342
vt 0.87804 0.07342
vt 0.87804 0.07342
vt 0.87804 0.07342
vt 0.87804 0.07342
vt 0.87804 0.07342
vt 0.87804 0.07342
vt 0.87804 0.07342
vt 0.87804 0.07342
vt 0.87804 0.07342
vt 0.87804 0.07342
vt 0.87804 0.07342
vt 0.87804 0.07342
vt 0.87804 0.07342
vt 0.87804 0.07342
vt 0.87804 0.07342
vt 0.87804 0.07342
vt 0.87804 0.07342
vt 0.87804 0.07342
vt 0.87804 0.07342
vt 0.87804 0.07342
vt 0.87804 0.07342
vt 0.87804 0.07342
vt 0.87804 0.07342
vt 0.87804 0.07342
vt 0.87804 0.07342
vt 0.87804 0.07342
vt 0.87804 0.07342
vt 0.87804 0.07342
vt 0.87804 0.07342
vt 0.87804 0.07342
vt 0.87804 0.07342
vt 0.87804 0.07342
vt 0.87804 0.07342
vt 0.87804 0.07342
vt 0.87804 0.07342
vt 0.87804 0.07342
vt 0.87804 0.07342
vt 0.87804 0.07342
vt 0.87804 0.07342
vt 0.87804 0.07342
vt 0.87804 0.07342
vt 0.87804 0.07342
vt 0.87804 0.07342
vt 0.87804 0.07342
vt 0.87804 0.07342
vt 0.87804 0.07342
vt 0.87804 0.07342
vt 0.87804 0.07342
vt 0.87804 0.07342
vt 0.87804 0.07342
vt 0.87804 0.07342
vt 0.87804 0.07342
vt 0.87804 0.07342
vt 0.87804 0.07342
vt 0.87804 0.07342
vt 0.87804 0.07342
vt 0.87804 0.07342
vt 0.87804 0.07342
vt 0.87804 0.07342
vt 0.87804 0.07342
vt 0.87804 0.07342
vt 0.87804 0.07342
vt 0.87804 0.07342
vt 0.87804 0.07342
vt 0.87804 0.07342
vt 0.87804 0.07342
vt 0.87804 0.07342
vt 0.87804 0.07342
vt 0.87804 0.07342
vt 0.87804 0.07342
vt 0.87804 0.07342
vt 0.87804 0.07342
vt 0.87804 0.07342
vt 0.87804 0.07342
vt 0.87804 0.07342
vt 0.87804 0.07342
vt 0.87804 0.07342
vt 0.87804 0.07342
vt 0.87804 0.07342
vt 0.87804 0.07342
vt 0.87804 0.07342
vt 0.87804 0.07342
vt 0.87804 0.07342
vt 0.87804 0.07342
vt 0.87804 0.07342
vt 0.87804 0.07342
vt 0.87804 0.07342
vt 0.87804 0.07342
vt 0.87804 0.07342
vt 0.87804 0.07342
vt 0.87804 0.07342
vt 0.87804 0.07342
vt 0.87804 0.07342
vt 0.87804 0.07342
vt 0.87804 0.07342
vt 0.87804 0.07342
vt 0.87804 0.07342
vt 0.87804 0.07342
vt 0.87804 0.07342
vt 0.87804 0.07342
vt 0.87804 0.07342
vt 0.87804 0.07342
vt 0.87804 0.07342
vt 0.87804 0.07342
vt 0.87804 0.07342
vt 0.87804 0.07342
vt 0.87804 0.07342
vt 0.87804 0.07342
vt 0.87804 0.07342
vt 0.87804 0.07342
vt 0.87804 0.07342
vt 0.87804 0.07342
vt 0.87804 0.07342
vt 0.87804 0.07342
vt 0.87804 0.07342
vt 0.87804 0.07342
vt 0.87804 0.07342
vt 0.87804 0.07342
vt 0.87804 0.07342
vt 0.87804 0.07342
vt 0.87804 0.07342
vt 0.87804 0.07342
vt 0.87804 0.07342
vt 0.87804 0.07342
vt 0.87804 0.07342
vt 0.87804 0.07342
vt 0.87804 0.07342
vt 0.87804 0.07342
vt 0.87804 0.07342
vt 0.87804 0.07342
vt 0.87804 0.07342
vt 0.87804 0.07342
vt 0.87804 0.07342
vt 0.87804 0.07342
vt 0.87804 0.07342
vt 0.87804 0.07342
vt 0.87804 0.07342
vt 0.87804 0.07342
vt 0.87804 0.07342
vt 0.87804 0.07342
vt 0.87804 0.07342
vt 0.87804 0.07342
vt 0.87804 0.07342
vt 0.87804 0.07342
vt 0.87804 0.07342
vt 0.87804 0.07342
vt 0.87804 0.07342
vt 0.87804 0.07342
vt 0.87804 0.07342
vt 0.87804 0.07342
vt 0.87804 0.07342
vt 0.87804 0.07342
vt 0.87804 0.07342
vt 0.87804 0.07342
vt 0.87804 0.07342
vt 0.87804 0.07342
vt 0.87804 0.07342
vt 0.87804 0.07342
vt 0.87804 0.07342
vt 0.87804 0.07342
vt 0.87804 0.07342
vt 0.87804 0.07342
vt 0.87804 0.07342
vt 0.87804 0.07342
vt 0.87804 0.07342
vt 0.87804 0.07342
vt 0.87804 0.07342
vt 0.87804 0.07342
vt 0.87804 0.07342
vt 0.87804 0.07342
vt 0.87804 0.07342
vt 0.87804 0.07342
vt 0.87804 0.07342
vt 0.87804 0.07342
vt 0.87804 0.07342
vt 0.87804 0.07342
vt 0.87804 0.07342
vt 0.87804 0.07342
vt 0.87804 0.07342
vt 0.87804 0.07342
vt 0.87804 0.07342
vt 0.87804 0.07342
vt 0.87804 0.07342
vt 0.87804 0.07342
vt 0.87804 0.07342
vt 0.87804 0.07342
vt 0.87804 0.07342
vt 0.87804 0.07342
vt 0.87804 0.07342
vt 0.87804 0.07342
vt 0.87804 0.07342
vt 0.87804 0.07342
vt 0.87804 0.07342
vt 0.87804 0.07342
vt 0.87804 0.07342
vt 0.87804 0.07342
vt 0.87804 0.07342
vt 0.87804 0.07342
vt 0.87804 0.07342
vt 0.87804 0.07342
vt 0.87804 0.07342
vt 0.87804 0.07342
vt 0.87804 0.07342
vt 0.87804 0.07342
vt 0.87804 0.07342
vt 0.87804 0.07342
vt 0.87804 0.07342
vt 0.87804 0.07342
vt 0.87804 0.07342
vt 0.87804 0.07342
vt 0.87804 0.07342
vt 0.87804 0.07342
vt 0.87804 0.07342
vt 0.87804 0.07342
vt 0.87804 0.07342
vt 0.87804 0.07342
vt 0.87804 0.07342
vt 0.87804 0.07342
vt 0.87804 0.07342
vt 0.87804 0.07342
vt 0.87804 0.07342
vt 0.87804 0.07342
vt 0.87804 0.07342
vt 0.87804 0.07342
vt 0.87804 0.07342
vt 0.87804 0.07342
vt 0.87804 0.07342
vt 0.87804 0.07342
vt 0.87804 0.07342
vt 0.87804 0.07342
vt 0.87804 0.07342
vt 0.87804 0.07342
vt 0.87804 0.07342
vt 0.87804 0.07342
vt 0.87804 0.07342
vt 0.87804 0.07342
vt 0.87804 0.07342
vt 0.87804 0.07342
vt 0.87804 0.07342
vt 0.87804 0.07342
vt 0.87804 0.07342
vt 0.87804 0.07342
vt 0.87804 0.07342
vt 0.87804 0.07342
vt 0.87804 0.07342
vt 0.87804 0.07342
vt 0.87804 0.07342
vt 0.87804 0.07342
vt 0.87804 0.07342
vt 0.87804 0.07342
vt 0.87804 0.07342
vt 0.87804 0.07342
vt 0.87804 0.07342
vt 0.87804 0.07342
vt 0.87804 0.07342
vt 0.87804 0.07342
vt 0.87804 0.07342
vt 0.87804 0.07342
vt 0.87804 0.07342
vt 0.87804 0.07342
vt 0.87804 0.07342
vt 0.87804 0.07342
vt 0.87804 0.07342
vt 0.87804 0.07342
vt 0.87804 0.07342
vt 0.87804 0.07342
vt 0.87804 0.07342
vt 0.87804 0.07342
vt 0.87804 0.07342
vt 0.87804 0.07342
vt 0.87804 0.07342
vt 0.87804 0.07342
vt 0.87804 0.07342
vt 0.87804 0.07342
vt 0.87804 0.07342
vt 0.87804 0.07342
vt 0.87804 0.07342
vt 0.87804 0.07342
vt 0.87804 0.07342
vt 0.87804 0.07342
vt 0.87804 0.07342
vt 0.87804 0.07342
vt 0.87804 0.07342
vt 0.87804 0.07342
vt 0.87804 0.07342
vt 0.87804 0.07342
vt 0.87804 0.07342
vt 0.87804 0.07342
vt 0.87804 0.07342
vt 0.87804 0.07342
vt 0.87804 0.07342
vt 0.87804 0.07342
vt 0.87804 0.07342
vt 0.87804 0.07342
vt 0.87804 0.07342
vt 0.87804 0.07342
vt 0.87804 0.07342
vt 0.87804 0.07342
vt 0.87804 0.07342
vt 0.87804 0.07342
vt 0.87804 0.07342
vt 0.87804 0.07342
vt 0.87804 0.07342
vt 0.87804 0.07342
vt 0.87804 0.07342
vt 0.87804 0.07342
vt 0.87804 0.07342
vt 0.87804 0.07342
vt 0.87804 0.07342
vt 0.87804 0.07342
vt 0.87804 0.07342
vt 0.87804 0.07342
vt 0.87804 0.07342
vt 0.87804 0.07342
vt 0.87804 0.07342
vt 0.87804 0.07342
vt 0.87804 0.07342
vt 0.87804 0.07342
vt 0.87804 0.07342
vt 0.87804 0.07342
vt 0.87804 0.07342
vt 0.87804 0.07342
vt 0.87804 0.07342
vt 0.87804 0.07342
vt 0.87804 0.07342
vt 0.87804 0.07342
vt 0.87804 0.07342
vt 0.87804 0.07342
vt 0.87804 0.07342
vt 0.87804 0.07342
vt 0.87804 0.07342
vt 0.87804 0.07342
vt 0.87804 0.07342
vt 0.87804 0.07342
vt 0.87804 0.07342
vt 0.87804 0.07342
vt 0.87804 0.07342
vt 0.87804 0.07342
vt 0.87804 0.07342
vt 0.87804 0.07342
vt 0.87804 0.07342
vt 0.87804 0.07342
vt 0.87804 0.07342
vt 0.87804 0.07342
vt 0.87804 0.07342
vt 0.87804 0.07342
vt 0.87804 0.07342
vt 0.87804 0.07342
vt 0.87804 0.07342
vt 0.87804 0.07342
vt 0.87804 0.07342
vt 0.87804 0.07342
vt 0.87804 0.07342
vt 0.87804 0.07342
vt 0.87804 0.07342
vt 0.87804 0.07342
vt 0.87804 0.07342
vt 0.87804 0.07342
vt 0.87804 0.07342
vt 0.87804 0.07342
vt 0.87804 0.07342
vt 0.87804 0.07342
vt 0.87804 0.07342
vt 0.87804 0.07342
vt 0.87804 0.07342
vt 0.87804 0.07342
vt 0.87804 0.07342
vt 0.87804 0.07342
vt 0.87804 0.07342
vt 0.87804 0.07342
vt 0.87804 0.07342
vt 0.87804 0.07342
vt 0.87804 0.07342
vt 0.87804 0.07342
vt 0.87804 0.07342
vt 0.87804 0.07342
vt 0.87804 0.07342
vt 0.87804 0.07342
vt 0.87804 0.07342
vt 0.87804 0.07342
vt 0.87804 0.07342
vt 0.87804 0.07342
vt 0.87804 0.07342
vt 0.87804 0.07342
vt 0.87804 0.07342
vt 0.87804 0.07342
vt 0.87804 0.07342
vt 0.87804 0.07342
vt 0.87804 0.07342
vt 0.87804 0.07342
vt 0.87804 0.07342
vt 0.87804 0.07342
vt 0.87804 0.07342
vt 0.87804 0.07342
vt 0.87804 0.07342
vt 0.87804 0.07342
vt 0.87804 0.07342
vt 0.87804 0.07342
vt 0.87804 0.07342
vt 0.87804 0.07342
vt 0.87804 0.07342
vt 0.87804 0.07342
vt 0.87804 0.07342
vt 0.87804 0.07342
vt 0.87804 0.07342
vt 0.87804 0.07342
vt 0.87804 0.07342
vt 0.87804 0.07342
vt 0.87804 0.07342
vt 0.87804 0.07342
vt 0.87804 0.07342
vt 0.87804 0.07342
vt 0.87804 0.07342
vt 0.87804 0.07342
vt 0.87804 0.07342
vt 0.87804 0.07342
vt 0.87804 0.07342
vt 0.87804 0.07342
vt 0.87804 0.07342
vt 0.87804 0.07342
vt 0.87804 0.07342
vt 0.87804 0.07342
vt 0.87804 0.07342
vt 0.87804 0.07342
vt 0.87804 0.07342
vt 0.10641 0.10891
vt 0.10641 0.10891
vt 0.10640 0.10891
vt 0.10641 0.10890
vt 0.10642 0.10890
vt 0.10643 0.10890
vt 0.10643 0.10890
vt 0.10642 0.10890
vt 0.10644 0.10887
vt 0.10643 0.10888
vt 0.10635 0.10889
vt 0.10635 0.10889
vt 0.10635 0.10889
vt 0.10644 0.10887
vt 0.10640 0.10885
vt 0.10640 0.10885
vt 0.10640 0.10884
vt 0.10640 0.10885
vt 0.10640 0.10885
vt 0.10634 0.10888
vt 0.10634 0.10887
vt 0.10635 0.10888
vt 0.10635 0.10888
vt 0.10635 0.10888
vt 0.10639 0.10886
vt 0.10639 0.10886
vt 0.10639 0.10886
vt 0.10639 0.10886
vt 0.10635 0.10886
vt 0.10636 0.10886
vt 0.10635 0.10887
vt 0.10635 0.10887
vt 0.10634 0.10888
vt 0.10634 0.10887
vt 0.10635 0.10886
vt 0.10640 0.10887
vt 0.10640 0.10886
vt 0.10640 0.10886
vt 0.10640 0.10887
vt 0.10640 0.10887
vt 0.10640 0.10887
vt 0.10641 0.10887
vt 0.10641 0.10887
vt 0.10643 0.10887
vt 0.10644 0.10886
vt 0.10641 0.10890
vt 0.10644 0.10887
vt 0.10639 0.10891
vt 0.10639 0.10892
vt 0.10639 0.10892
vt 0.10639 0.10891
vt 0.10639 0.10892
vt 0.10634 0.10890
vt 0.10635 0.10890
vt 0.10635 0.10890
vt 0.10634 0.10890
vt 0.10634 0.10890
vt 0.10640 0.10893
vt 0.10639 0.10893
vt 0.10639 0.10893
vt 0.10640 0.10893
vt 0.10634 0.10889
vt 0.10634 0.10889
vt 0.10634 0.10888
vt 0.10635 0.10888
vt 0.10635 0.10890
vt 0.10635 0.10890
vt 0.10635 0.10888
vt 0.10639 0.10886
vt 0.10637 0.10886
vt 0.10637 0.10886
vt 0.10637 0.10885
vt 0.10639 0.10885
vt 0.10639 0.10886
vt 0.10639 0.10886
vt 0.10642 0.10889
vt 0.10642 0.10890
vt 0.10641 0.10890
vt 0.10641 0.10889
vt 0.10640 0.10884
vt 0.10640 0.10884
vt 0.10640 0.10884
vt 0.10640 0.10883
vt 0.10642 0.10883
vt 0.10642 0.10884
vt 0.10642 0.10884
vt 0.10639 0.10888
vt 0.10639 0.10889
vt 0.10638 0.10889
vt 0.10638 0.10888
vt 0.10641 0.10888
vt 0.10641 0.10889
vt 0.10640 0.10889
vt 0.10640 0.10888
vt 0.10642 0.10889
vt 0.10642 0.10890
vt 0.10642 0.10890
vt 0.10642 0.10889
vt 0.10643 0.10890
vt 0.10643 0.10889
vt 0.10643 0.10889
vt 0.10643 0.10890
vt 0.10641 0.10888
vt 0.10641 0.10888
vt 0.10642 0.10888
vt 0.10642 0.10888
vt 0.10639 0.10887
vt 0.10640 0.10887
vt 0.10640 0.10887
vt 0.10639 0.10887
vt 0.10639 0.10887
vt 0.10644 0.10887
vt 0.10643 0.10887
vt 0.10643 0.10887
vt 0.10643 0.10886
vt 0.10643 0.10886
vt 0.64426 0.07083
vt 0.64426 0.07083
vt 0.64426 0.07083
vt 0.64426 0.07083
vt 0.64426 0.07083
vt 0.64426 0.07083
vt 0.64426 0.07083
vt 0.64426 0.07083
vt 0.64426 0.07083
vt 0.64426 0.07083
vt 0.64426 0.07083
vt 0.64426 0.07083
vt 0.64426 0.07083
vt 0.64426 0.07083
vt 0.64426 0.07083
vt 0.64426 0.07083
vt 0.64426 0.07083
vt 0.64426 0.07083
vt 0.64426 0.07083
vt 0.64426 0.07083
vt 0.64426 0.07083
vt 0.64426 0.07083
vt 0.64426 0.07083
vt 0.64426 0.07083
vt 0.64426 0.07083
vt 0.64426 0.07083
vt 0.64426 0.07083
vt 0.64426 0.07083
vt 0.64426 0.07083
vt 0.64426 0.07083
vt 0.64426 0.07083
vt 0.64426 0.07083
vt 0.64426 0.07083
vt 0.64426 0.07083
vt 0.64426 0.07083
vt 0.64426 0.07083
vt 0.64426 0.07083
vt 0.64426 0.07083
vt 0.64426 0.07083
vt 0.64426 0.07083
vt 0.64426 0.07083
vt 0.64426 0.07083
vt 0.64426 0.07083
vt 0.64426 0.07083
vt 0.64426 0.07083
vt 0.64426 0.07083
vt 0.64426 0.07083
vt 0.64426 0.07083
vt 0.64426 0.07083
vt 0.64426 0.07083
vt 0.64426 0.07083
vt 0.64426 0.07083
vt 0.64426 0.07083
vt 0.64426 0.07083
vt 0.64426 0.07083
vt 0.64426 0.07083
vt 0.64426 0.07083
vt 0.64426 0.07083
vt 0.64426 0.07083
vt 0.64426 0.07083
vt 0.64426 0.07083
vt 0.64426 0.07083
vt 0.64426 0.07083
vt 0.64426 0.07083
vt 0.64426 0.07083
vt 0.64426 0.07083
vt 0.64426 0.07083
vt 0.64426 0.07083
vt 0.64426 0.07083
vt 0.64426 0.07083
vt 0.64426 0.07083
vt 0.64426 0.07083
vt 0.64426 0.07083
vt 0.64426 0.07083
vt 0.64426 0.07083
vt 0.64426 0.07083
vt 0.64426 0.07083
vt 0.64426 0.07083
vt 0.64426 0.07083
vt 0.64426 0.07083
vt 0.64426 0.07083
vt 0.64426 0.07083
vt 0.64426 0.07083
vt 0.64426 0.07083
vt 0.64426 0.07083
vt 0.64426 0.07083
vt 0.64426 0.07083
vt 0.64426 0.07083
vt 0.64426 0.07083
vt 0.64426 0.07083
vt 0.64426 0.07083
vt 0.64426 0.07083
vt 0.64426 0.07083
vt 0.64426 0.07083
vt 0.64426 0.07083
vt 0.64426 0.07083
vt 0.64426 0.07083
vt 0.64426 0.07083
vt 0.64426 0.07083
vt 0.64426 0.07083
vt 0.64426 0.07083
vt 0.64426 0.07083
vt 0.64426 0.07083
vt 0.64426 0.07083
vt 0.64426 0.07083
vt 0.64426 0.07083
vt 0.64426 0.07083
vt 0.64426 0.07083
vt 0.64426 0.07083
vt 0.64426 0.07083
vt 0.64426 0.07083
vt 0.64426 0.07083
vt 0.64426 0.07083
vt 0.64426 0.07083
vt 0.64426 0.07083
vt 0.64426 0.07083
vt 0.64426 0.07083
vt 0.64426 0.07083
vt 0.64426 0.07083
vt 0.64426 0.07083
vt 0.64426 0.07083
vt 0.64426 0.07083
vt 0.64426 0.07083
vt 0.64426 0.07083
vt 0.64426 0.07083
vt 0.64426 0.07083
vt 0.64426 0.07083
vt 0.64426 0.07083
vt 0.64426 0.07083
vt 0.64426 0.07083
vt 0.64426 0.07083
vt 0.64426 0.07083
vt 0.64426 0.07083
vt 0.64426 0.07083
vt 0.64426 0.07083
vt 0.64426 0.07083
vt 0.64426 0.07083
vt 0.64426 0.07083
vt 0.64426 0.07083
vt 0.64426 0.07083
vt 0.64426 0.07083
vt 0.64426 0.07083
vt 0.64426 0.07083
vt 0.64426 0.07083
vt 0.64426 0.07083
vt 0.64426 0.07083
vt 0.64426 0.07083
vt 0.64426 0.07083
vt 0.64426 0.07083
vt 0.64426 0.07083
vt 0.64426 0.07083
vt 0.64426 0.07083
vt 0.64426 0.07083
vt 0.64426 0.07083
vt 0.64426 0.07083
vt 0.64426 0.07083
vt 0.64426 0.07083
vt 0.64426 0.07083
vt 0.64426 0.07083
vt 0.64426 0.07083
vt 0.64426 0.07083
vt 0.64426 0.07083
vt 0.64426 0.07083
vt 0.64426 0.07083
vt 0.64426 0.07083
vt 0.64426 0.07083
vt 0.64426 0.07083
vt 0.64426 0.07083
vt 0.64426 0.07083
vt 0.64426 0.07083
vt 0.64426 0.07083
vt 0.64426 0.07083
vt 0.64426 0.07083
vt 0.64426 0.07083
vt 0.64426 0.07083
vt 0.64426 0.07083
vt 0.64426 0.07083
vt 0.64426 0.07083
vt 0.64426 0.07083
vt 0.64426 0.07083
vt 0.64426 0.07083
vt 0.64426 0.07083
vt 0.64426 0.07083
vt 0.64426 0.07083
vt 0.64426 0.07083
vt 0.64426 0.07083
vt 0.64426 0.07083
vt 0.64426 0.07083
vt 0.64426 0.07083
vt 0.64426 0.07083
vt 0.64426 0.07083
vt 0.64426 0.07083
vt 0.64426 0.07083
vt 0.64426 0.07083
vt 0.64426 0.07083
vt 0.64426 0.07083
vt 0.64426 0.07083
vt 0.64426 0.07083
vt 0.64426 0.07083
vt 0.64426 0.07083
vt 0.64426 0.07083
vt 0.64426 0.07083
vt 0.64426 0.07083
vt 0.64426 0.07083
vt 0.64426 0.07083
vt 0.64426 0.07083
vt 0.64426 0.07083
vt 0.64426 0.07083
vt 0.64426 0.07083
vt 0.64426 0.07083
vt 0.64426 0.07083
vt 0.64426 0.07083
vt 0.64426 0.07083
vt 0.64426 0.07083
vt 0.64426 0.07083
vt 0.64426 0.07083
vt 0.64426 0.07083
vt 0.64426 0.07083
vt 0.64426 0.07083
vt 0.64426 0.07083
vt 0.64426 0.07083
vt 0.64426 0.07083
vt 0.64426 0.07083
vt 0.64426 0.07083
vt 0.64426 0.07083
vt 0.64426 0.07083
vt 0.64426 0.07083
vt 0.64426 0.07083
vt 0.64426 0.07083
vt 0.64426 0.07083
vt 0.64426 0.07083
vt 0.64426 0.07083
vt 0.64426 0.07083
vt 0.64426 0.07083
vt 0.64426 0.07083
vt 0.64426 0.07083
vt 0.64426 0.07083
vt 0.64426 0.07083
vt 0.64426 0.07083
vt 0.64426 0.07083
vt 0.64426 0.07083
vt 0.64426 0.07083
vt 0.64426 0.07083
vt 0.64426 0.07083
vt 0.64426 0.07083
vt 0.64426 0.07083
vt 0.64426 0.07083
vt 0.64426 0.07083
vt 0.64426 0.07083
vt 0.64426 0.07083
vt 0.64426 0.07083
vt 0.64426 0.07083
vt 0.64426 0.07083
vt 0.64426 0.07083
vt 0.64426 0.07083
vt 0.64426 0.07083
vt 0.64426 0.07083
vt 0.64426 0.07083
vt 0.64426 0.07083
vt 0.64426 0.07083
vt 0.64426 0.07083
vt 0.64426 0.07083
vt 0.64426 0.07083
vt 0.64426 0.07083
vt 0.64426 0.07083
vt 0.64426 0.07083
vt 0.64426 0.07083
vt 0.64426 0.07083
vt 0.64426 0.07083
vt 0.64426 0.07083
vt 0.64426 0.07083
vt 0.64426 0.07083
vt 0.64426 0.07083
vt 0.64426 0.07083
vt 0.64426 0.07083
vt 0.64426 0.07083
vt 0.64426 0.07083
vt 0.64426 0.07083
vt 0.64426 0.07083
vt 0.64426 0.07083
vt 0.64426 0.07083
vt 0.64426 0.07083
vt 0.64426 0.07083
vt 0.64426 0.07083
vt 0.64426 0.07083
vt 0.64426 0.07083
vt 0.64426 0.07083
vt 0.64426 0.07083
vt 0.64426 0.07083
vt 0.64426 0.07083
vt 0.64426 0.07083
vt 0.64426 0.07083
vt 0.64426 0.07083
vt 0.64426 0.07083
vt 0.64426 0.07083
vt 0.64426 0.07083
vt 0.64426 0.07083
vt 0.64426 0.07083
vt 0.64426 0.07083
vt 0.64426 0.07083
vt 0.64426 0.07083
vt 0.64426 0.07083
vt 0.64426 0.07083
vt 0.64426 0.07083
vt 0.64426 0.07083
vt 0.64426 0.07083
vt 0.64426 0.07083
vt 0.64426 0.07083
vt 0.64426 0.07083
vt 0.64426 0.07083
vt 0.64426 0.07083
vt 0.64426 0.07083
vt 0.64426 0.07083
vt 0.64426 0.07083
vt 0.64426 0.07083
vt 0.64426 0.07083
vt 0.64426 0.07083
vt 0.64426 0.07083
vt 0.64426 0.07083
vt 0.64426 0.07083
vt 0.64426 0.07083
vt 0.64426 0.07083
vt 0.64426 0.07083
vt 0.64426 0.07083
vt 0.64426 0.07083
vt 0.64426 0.07083
vt 0.64426 0.07083
vt 0.64426 0.07083
vt 0.64426 0.07083
vt 0.64426 0.07083
vt 0.64426 0.07083
vt 0.64426 0.07083
vt 0.64426 0.07083
vt 0.64426 0.07083
vt 0.64426 0.07083
vt 0.64426 0.07083
vt 0.64426 0.07083
vt 0.64426 0.07083
vt 0.64426 0.07083
vt 0.64426 0.07083
vt 0.64426 0.07083
vt 0.64426 0.07083
vt 0.64426 0.07083
vt 0.64426 0.07083
vt 0.64426 0.07083
vt 0.64426 0.07083
vt 0.64426 0.07083
vt 0.64426 0.07083
vt 0.64426 0.07083
vt 0.64426 0.07083
vt 0.64426 0.07083
vt 0.64426 0.07083
vt 0.64426 0.07083
vt 0.64426 0.07083
vt 0.64426 0.07083
vt 0.64426 0.07083
vt 0.64426 0.07083
vt 0.64426 0.07083
vt 0.64426 0.07083
vt 0.64426 0.07083
vt 0.64426 0.07083
vt 0.64426 0.07083
vt 0.64426 0.07083
vt 0.64426 0.07083
vt 0.64426 0.07083
vt 0.64426 0.07083
vt 0.64426 0.07083
vt 0.64426 0.07083
vt 0.64426 0.07083
vt 0.64426 0.07083
vt 0.64426 0.07083
vt 0.64426 0.07083
vt 0.64426 0.07083
vt 0.64426 0.07083
vt 0.64426 0.07083
vt 0.64426 0.07083
vt 0.64426 0.07083
vt 0.64426 0.07083
vt 0.64426 0.07083
vt 0.64426 0.07083
vt 0.64426 0.07083
vt 0.64426 0.07083
vt 0.64426 0.07083
vt 0.64426 0.07083
vt 0.64426 0.07083
vt 0.64426 0.07083
vt 0.64426 0.07083
vt 0.64426 0.07083
vt 0.64426 0.07083
vt 0.64426 0.07083
vt 0.64426 0.07083
vt 0.64426 0.07083
vt 0.64426 0.07083
vt 0.64426 0.07083
vt 0.64426 0.07083
vt 0.64426 0.07083
vt 0.64426 0.07083
vt 0.64426 0.07083
vt 0.64426 0.07083
vt 0.64426 0.07083
vt 0.64426 0.07083
vt 0.64426 0.07083
vt 0.64426 0.07083
vt 0.64426 0.07083
vt 0.64426 0.07083
vt 0.64426 0.07083
vt 0.64426 0.07083
vt 0.64426 0.07083
vt 0.64426 0.07083
vt 0.64426 0.07083
vt 0.64426 0.07083
vt 0.64426 0.07083
vt 0.64426 0.07083
vt 0.64426 0.07083
vt 0.64426 0.07083
vt 0.64426 0.07083
vt 0.64426 0.07083
vt 0.64426 0.07083
vt 0.64426 0.07083
vt 0.64426 0.07083
vt 0.64426 0.07083
vt 0.64426 0.07083
vt 0.64426 0.07083
vt 0.64426 0.07083
vt 0.64426 0.07083
vt 0.64426 0.07083
vt 0.64426 0.07083
vt 0.64426 0.07083
vt 0.64426 0.07083
vt 0.64426 0.07083
vt 0.64426 0.07083
vt 0.64426 0.07083
vt 0.64426 0.07083
vt 0.64426 0.07083
vt 0.64426 0.07083
vt 0.64426 0.07083
vt 0.64426 0.07083
vt 0.64426 0.07083
vt 0.64426 0.07083
vt 0.64426 0.07083
vt 0.64426 0.07083
vt 0.64426 0.07083
vt 0.64426 0.07083
vt 0.64426 0.07083
vt 0.64426 0.07083
vt 0.64426 0.07083
vt 0.64426 0.07083
vt 0.64426 0.07083
vt 0.64426 0.07083
vt 0.64426 0.07083
vt 0.64426 0.07083
vt 0.64426 0.07083
vt 0.64426 0.07083
vt 0.64426 0.07083
vt 0.64426 0.07083
vt 0.64426 0.07083
vt 0.64426 0.07083
vt 0.64426 0.07083
vt 0.64426 0.07083
vt 0.64426 0.07083
vt 0.64426 0.07083
vt 0.64426 0.07083
vt 0.64426 0.07083
vt 0.64426 0.07083
vt 0.64426 0.07083
vt 0.64426 0.07083
vt 0.64426 0.07083
vt 0.64426 0.07083
vt 0.64426 0.07083
vt 0.64426 0.07083
vt 0.64426 0.07083
vt 0.64426 0.07083
vt 0.64426 0.07083
vt 0.64426 0.07083
vt 0.64426 0.07083
vt 0.64426 0.07083
vt 0.64426 0.07083
vt 0.64426 0.07083
vt 0.64426 0.07083
vt 0.64426 0.07083
vt 0.64426 0.07083
vt 0.64426 0.07083
vt 0.64426 0.07083
vt 0.64426 0.07083
vt 0.64426 0.07083
vt 0.64426 0.07083
vt 0.64426 0.07083
vt 0.64426 0.07083
vt 0.64426 0.07083
vt 0.64426 0.07083
vt 0.64426 0.07083
vt 0.64426 0.07083
vt 0.64426 0.07083
vt 0.64426 0.07083
vt 0.64426 0.07083
vt 0.64426 0.07083
vt 0.64426 0.07083
vt 0.64426 0.07083
vt 0.64426 0.07083
vt 0.64426 0.07083
vt 0.64426 0.07083
vt 0.64426 0.07083
vt 0.64426 0.07083
vt 0.64426 0.07083
vt 0.64426 0.07083
vt 0.64426 0.07083
vt 0.64426 0.07083
vt 0.64426 0.07083
vt 0.64426 0.07083
vt 0.64426 0.07083
vt 0.64426 0.07083
vt 0.64426 0.07083
vt 0.64426 0.07083
vt 0.64426 0.07083
vt 0.64426 0.07083
vt 0.64426 0.07083
vt 0.64426 0.07083
vt 0.64426 0.07083
vt 0.64426 0.07083
vt 0.64426 0.07083
vt 0.64426 0.07083
vt 0.64426 0.07083
vt 0.64426 0.07083
vt 0.64426 0.07083
vt 0.64426 0.07083
vt 0.64426 0.07083
vt 0.64426 0.07083
vt 0.64426 0.07083
vt 0.64426 0.07083
vt 0.64426 0.07083
vt 0.64426 0.07083
vt 0.64426 0.07083
vt 0.64426 0.07083
vt 0.64426 0.07083
vt 0.64426 0.07083
vt 0.64426 0.07083
vt 0.64426 0.07083
vt 0.64426 0.07083
vt 0.64426 0.07083
vt 0.64426 0.07083
vt 0.64426 0.07083
vt 0.64426 0.07083
vt 0.64426 0.07083
vt 0.64426 0.07083
vt 0.64426 0.07083
vt 0.64426 0.07083
vt 0.64426 0.07083
vt 0.64426 0.07083
vt 0.64426 0.07083
vt 0.64426 0.07083
vt 0.64426 0.07083
vt 0.64426 0.07083
vt 0.64426 0.07083
vt 0.64426 0.07083
vt 0.64426 0.07083
vt 0.64426 0.07083
vt 0.64426 0.07083
vt 0.64426 0.07083
vt 0.64426 0.07083
vt 0.64426 0.07083
vt 0.64426 0.07083
vt 0.64426 0.07083
vt 0.64426 0.07083
vt 0.64426 0.07083
vt 0.64426 0.07083
vt 0.64426 0.07083
vt 0.64426 0.07083
vt 0.64426 0.07083
vt 0.64426 0.07083
vt 0.64426 0.07083
vt 0.64426 0.07083
vt 0.64426 0.07083
vt 0.64426 0.07083
vt 0.64426 0.07083
vt 0.64426 0.07083
vt 0.64426 0.07083
vt 0.64426 0.07083
vt 0.64426 0.07083
vt 0.64426 0.07083
vt 0.64426 0.07083
vt 0.64426 0.07083
vt 0.64426 0.07083
vt 0.64426 0.07083
vt 0.64426 0.07083
vt 0.64426 0.07083
vt 0.64426 0.07083
vt 0.64426 0.07083
vt 0.64426 0.07083
vt 0.64426 0.07083
vt 0.64426 0.07083
vt 0.64426 0.07083
vt 0.64426 0.07083
vt 0.64426 0.07083
vt 0.64426 0.07083
vt 0.64426 0.07083
vt 0.64426 0.07083
vt 0.64426 0.07083
vt 0.64426 0.07083
vt 0.64426 0.07083
vt 0.64426 0.07083
vt 0.64426 0.07083
vt 0.64426 0.07083
vt 0.64426 0.07083
vt 0.64426 0.07083
vt 0.64426 0.07083
vt 0.64426 0.07083
vt 0.64426 0.07083
vt 0.64426 0.07083
vt 0.64426 0.07083
vt 0.64426 0.07083
vt 0.64426 0.07083
vt 0.64426 0.07083
vt 0.64426 0.07083
vt 0.64426 0.07083
vt 0.64426 0.07083
vt 0.64426 0.07083
vt 0.64426 0.07083
vt 0.64426 0.07083
vt 0.64426 0.07083
vt 0.64426 0.07083
vt 0.64426 0.07083
vt 0.64426 0.07083
vt 0.64426 0.07083
vt 0.64426 0.07083
vt 0.64426 0.07083
vt 0.64426 0.07083
vt 0.64426 0.07083
vt 0.64426 0.07083
vt 0.64426 0.07083
vt 0.64426 0.07083
vt 0.64426 0.07083
vt 0.64426 0.07083
vt 0.64426 0.07083
vt 0.64426 0.07083
vt 0.64426 0.07083
vt 0.64426 0.07083
vt 0.64426 0.07083
vt 0.64426 0.07083
vt 0.64426 0.07083
vt 0.64426 0.07083
vt 0.64426 0.07083
vt 0.64426 0.07083
vt 0.64426 0.07083
vt 0.64426 0.07083
vt 0.64426 0.07083
vt 0.64426 0.07083
vt 0.64426 0.07083
vt 0.64426 0.07083
vt 0.64426 0.07083
vt 0.64426 0.07083
vt 0.64426 0.07083
vt 0.64426 0.07083
vt 0.64426 0.07083
vt 0.64426 0.07083
vt 0.64426 0.07083
vt 0.64426 0.07083
vt 0.64426 0.07083
vt 0.64426 0.07083
vt 0.64426 0.07083
vt 0.64426 0.07083
vt 0.64426 0.07083
vt 0.64426 0.07083
vt 0.64426 0.07083
vt 0.64426 0.07083
vt 0.64426 0.07083
vt 0.64426 0.07083
vt 0.64426 0.07083
vt 0.64426 0.07083
vt 0.64426 0.07083
vt 0.64426 0.07083
vt 0.64426 0.07083
vt 0.64426 0.07083
vt 0.64426 0.07083
vt 0.64426 0.07083
vt 0.64426 0.07083
vt 0.64426 0.07083
vt 0.64426 0.07083
vt 0.64426 0.07083
vt 0.64426 0.07083
vt 0.64426 0.07083
vt 0.64426 0.07083
vt 0.64426 0.07083
vt 0.64426 0.07083
vt 0.64426 0.07083
vt 0.64426 0.07083
vt 0.64426 0.07083
vt 0.64426 0.07083
vt 0.64426 0.07083
vt 0.64426 0.07083
vt 0.64426 0.07083
vt 0.64426 0.07083
vt 0.64426 0.07083
vt 0.64426 0.07083
vt 0.64426 0.07083
vt 0.64426 0.07083
vt 0.64426 0.07083
vt 0.64426 0.07083
vt 0.64426 0.07083
vt 0.64426 0.07083
vt 0.64426 0.07083
vt 0.64426 0.07083
vt 0.64426 0.07083
vt 0.64426 0.07083
vt 0.64426 0.07083
vt 0.64426 0.07083
vt 0.64426 0.07083
vt 0.64426 0.07083
vt 0.64426 0.07083
vt 0.64426 0.07083
vt 0.64426 0.07083
vt 0.64426 0.07083
vt 0.64426 0.07083
vt 0.64426 0.07083
vt 0.64426 0.07083
vt 0.64426 0.07083
vt 0.64426 0.07083
vt 0.64426 0.07083
vt 0.64426 0.07083
vt 0.64426 0.07083
vt 0.64426 0.07083
vt 0.64426 0.07083
vt 0.64426 0.07083
vt 0.64426 0.07083
vt 0.64426 0.07083
vt 0.64426 0.07083
vt 0.64426 0.07083
vt 0.64426 0.07083
vt 0.64426 0.07083
vt 0.64426 0.07083
vt 0.64426 0.07083
vt 0.64426 0.07083
vt 0.64426 0.07083
vt 0.64426 0.07083
vt 0.64426 0.07083
vt 0.64426 0.07083
vt 0.64426 0.07083
vt 0.64426 0.07083
vt 0.64426 0.07083
vt 0.64426 0.07083
vt 0.64426 0.07083
vt 0.64426 0.07083
vt 0.64426 0.07083
vt 0.64426 0.07083
vt 0.64426 0.07083
vt 0.64426 0.07083
vt 0.64426 0.07083
vt 0.64426 0.07083
vt 0.64426 0.07083
vt 0.64426 0.07083
vt 0.64426 0.07083
vt 0.64426 0.07083
vt 0.64426 0.07083
vt 0.64426 0.07083
vt 0.64426 0.07083
vt 0.64426 0.07083
vt 0.64426 0.07083
vt 0.64426 0.07083
vt 0.64426 0.07083
vt 0.64426 0.07083
vt 0.64426 0.07083
vt 0.64426 0.07083
vt 0.64426 0.07083
vt 0.64426 0.07083
vt 0.64426 0.07083
vt 0.64426 0.07083
vt 0.64426 0.07083
vt 0.64426 0.07083
vt 0.64426 0.07083
vt 0.64426 0.07083
vt 0.64426 0.07083
vt 0.64426 0.07083
vt 0.64426 0.07083
vt 0.64426 0.07083
vt 0.64426 0.07083
vt 0.64426 0.07083
vt 0.64426 0.07083
vt 0.64426 0.07083
vt 0.64426 0.07083
vt 0.64426 0.07083
vt 0.64426 0.07083
vt 0.64426 0.07083
vt 0.64426 0.07083
vt 0.64426 0.07083
vt 0.64426 0.07083
vt 0.64426 0.07083
vt 0.64426 0.07083
vt 0.64426 0.07083
vt 0.64426 0.07083
vt 0.64426 0.07083
vt 0.64426 0.07083
vt 0.64426 0.07083
vt 0.64426 0.07083
vt 0.64426 0.07083
vt 0.64426 0.07083
vt 0.64426 0.07083
vt 0.64426 0.07083
vt 0.64426 0.07083
vt 0.64426 0.07083
vt 0.64426 0.07083
vt 0.64426 0.07083
vt 0.64426 0.07083
vt 0.64426 0.07083
vt 0.64426 0.07083
vt 0.64426 0.07083
vt 0.64426 0.07083
vt 0.64426 0.07083
vt 0.64426 0.07083
vt 0.64426 0.07083
vt 0.64426 0.07083
vt 0.64426 0.07083
vt 0.64426 0.07083
vt 0.64426 0.07083
vt 0.64426 0.07083
vt 0.64426 0.07083
vt 0.64426 0.07083
vt 0.64426 0.07083
vt 0.64426 0.07083
vt 0.64426 0.07083
vt 0.64426 0.07083
vt 0.64426 0.07083
vt 0.64426 0.07083
vt 0.64426 0.07083
vt 0.64426 0.07083
vt 0.64426 0.07083
vt 0.64426 0.07083
vt 0.64426 0.07083
vt 0.64426 0.07083
vt 0.64426 0.07083
vt 0.64426 0.07083
vt 0.64426 0.07083
vt 0.64426 0.07083
vt 0.64426 0.07083
vt 0.64426 0.07083
vt 0.64426 0.07083
vt 0.64426 0.07083
vt 0.64426 0.07083
vt 0.64426 0.07083
vt 0.64426 0.07083
vt 0.64426 0.07083
vt 0.64426 0.07083
vt 0.64426 0.07083
vt 0.64426 0.07083
vt 0.64426 0.07083
vt 0.64426 0.07083
vt 0.64426 0.07083
vt 0.64426 0.07083
vt 0.64426 0.07083
vt 0.64426 0.07083
vt 0.64426 0.07083
vt 0.64426 0.07083
vt 0.64426 0.07083
vt 0.64426 0.07083
vt 0.64426 0.07083
vt 0.64426 0.07083
vt 0.64426 0.07083
vt 0.64426 0.07083
vt 0.64426 0.07083
vt 0.64426 0.07083
vt 0.64426 0.07083
vt 0.64426 0.07083
vt 0.64426 0.07083
vt 0.64426 0.07083
vt 0.64426 0.07083
vt 0.64426 0.07083
vt 0.64426 0.07083
vt 0.64426 0.07083
vt 0.64426 0.07083
vt 0.64426 0.07083
vt 0.64426 0.07083
vt 0.64426 0.07083
vt 0.64426 0.07083
vt 0.64426 0.07083
vt 0.64426 0.07083
vt 0.64426 0.07083
vt 0.64426 0.07083
vt 0.64426 0.07083
vt 0.64426 0.07083
vt 0.64426 0.07083
vt 0.64426 0.07083
vt 0.64426 0.07083
vt 0.64426 0.07083
vt 0.64426 0.07083
vt 0.64426 0.07083
vt 0.64426 0.07083
vt 0.64426 0.07083
vt 0.64426 0.07083
vt 0.64426 0.07083
vt 0.64426 0.07083
vt 0.64426 0.07083
vt 0.64426 0.07083
vt 0.64426 0.07083
vt 0.64426 0.07083
vt 0.64426 0.07083
vt 0.64426 0.07083
vt 0.64426 0.07083
vt 0.64426 0.07083
vt 0.64426 0.07083
vt 0.64426 0.07083
vt 0.64426 0.07083
vt 0.64426 0.07083
vt 0.64426 0.07083
vt 0.64426 0.07083
vt 0.64426 0.07083
vt 0.64426 0.07083
vt 0.64426 0.07083
vt 0.64426 0.07083
vt 0.64426 0.07083
vt 0.64426 0.07083
vt 0.64426 0.07083
vt 0.64426 0.07083
vt 0.64426 0.07083
vt 0.64426 0.07083
vt 0.64426 0.07083
vt 0.64426 0.07083
vt 0.64426 0.07083
vt 0.64426 0.07083
vt 0.64426 0.07083
vt 0.64426 0.07083
vt 0.64426 0.07083
vt 0.64426 0.07083
vt 0.64426 0.07083
vt 0.64426 0.07083
vt 0.64426 0.07083
vt 0.64426 0.07083
vt 0.64426 0.07083
vt 0.64426 0.07083
vt 0.64426 0.07083
vt 0.64426 0.07083
vt 0.64426 0.07083
vt 0.64426 0.07083
vt 0.64426 0.07083
vt 0.64426 0.07083
vt 0.64426 0.07083
vt 0.64426 0.07083
vt 0.64426 0.07083
vt 0.64426 0.07083
vt 0.64426 0.07083
vt 0.64426 0.07083
vt 0.64426 0.07083
vt 0.64426 0.07083
vt 0.64426 0.07083
vt 0.64426 0.07083
vt 0.64426 0.07083
vt 0.64426 0.07083
vt 0.64426 0.07083
vt 0.64426 0.07083
vt 0.64426 0.07083
vt 0.64426 0.07083
vt 0.64426 0.07083
vt 0.64426 0.07083
vt 0.64426 0.07083
vt 0.64426 0.07083
vt 0.64426 0.07083
vt 0.64426 0.07083
vt 0.64426 0.07083
vt 0.64426 0.07083
vt 0.64426 0.07083
vt 0.64426 0.07083
vt 0.64426 0.07083
vt 0.64426 0.07083
vt 0.64426 0.07083
vt 0.64426 0.07083
vt 0.64426 0.07083
vt 0.64426 0.07083
vt 0.64426 0.07083
vt 0.64426 0.07083
vt 0.64426 0.07083
vt 0.64426 0.07083
vt 0.64426 0.07083
vt 0.64426 0.07083
vt 0.64426 0.07083
vt 0.64426 0.07083
vt 0.64426 0.07083
vt 0.64426 0.07083
vt 0.64426 0.07083
vt 0.64426 0.07083
vt 0.64426 0.07083
vt 0.64426 0.07083
vt 0.64426 0.07083
vt 0.64426 0.07083
vt 0.64426 0.07083
vt 0.64426 0.07083
vt 0.64426 0.07083
vt 0.64426 0.07083
vt 0.64426 0.07083
vt 0.64426 0.07083
vt 0.64426 0.07083
vt 0.64426 0.07083
vt 0.64426 0.07083
vt 0.64426 0.07083
vt 0.64426 0.07083
vt 0.64426 0.07083
vt 0.64426 0.07083
vt 0.64426 0.07083
vt 0.64426 0.07083
vt 0.64426 0.07083
vt 0.64426 0.07083
vt 0.64426 0.07083
vt 0.64426 0.07083
vt 0.64426 0.07083
vt 0.64426 0.07083
vt 0.64426 0.07083
vt 0.64426 0.07083
vt 0.64426 0.07083
vt 0.64426 0.07083
vt 0.64426 0.07083
vt 0.64426 0.07083
vt 0.64426 0.07083
vt 0.64426 0.07083
vt 0.64426 0.07083
vt 0.64426 0.07083
vt 0.64426 0.07083
vt 0.64426 0.07083
vt 0.64426 0.07083
vt 0.64426 0.07083
vt 0.64426 0.07083
vt 0.64426 0.07083
vt 0.64426 0.07083
vt 0.64426 0.07083
vt 0.64426 0.07083
vt 0.64426 0.07083
vt 0.64426 0.07083
vt 0.64426 0.07083
vt 0.64426 0.07083
vt 0.64426 0.07083
vt 0.64426 0.07083
vt 0.64426 0.07083
vt 0.64426 0.07083
vt 0.64426 0.07083
vt 0.64426 0.07083
vt 0.64426 0.07083
vt 0.64426 0.07083
vt 0.64426 0.07083
vt 0.64426 0.07083
vt 0.64426 0.07083
vt 0.64426 0.07083
vt 0.64426 0.07083
vt 0.64426 0.07083
vt 0.64426 0.07083
vt 0.64426 0.07083
vt 0.64426 0.07083
vt 0.64426 0.07083
vt 0.64426 0.07083
vt 0.64426 0.07083
vt 0.64426 0.07083
vt 0.64426 0.07083
vt 0.64426 0.07083
vt 0.64426 0.07083
vt 0.64426 0.07083
vt 0.64426 0.07083
vt 0.64426 0.07083
vt 0.64426 0.07083
vt 0.64426 0.07083
vt 0.64426 0.07083
vt 0.64426 0.07083
vt 0.64426 0.07083
vt 0.64426 0.07083
vt 0.64426 0.07083
vt 0.64426 0.07083
vt 0.64426 0.07083
vt 0.64426 0.07083
vt 0.64426 0.07083
vt 0.64426 0.07083
vt 0.64426 0.07083
vt 0.64426 0.07083
vt 0.64426 0.07083
vt 0.64426 0.07083
vt 0.64426 0.07083
vt 0.64426 0.07083
vt 0.64426 0.07083
vt 0.64426 0.07083
vt 0.64426 0.07083
vt 0.64426 0.07083
vt 0.64426 0.07083
vt 0.64426 0.07083
vt 0.64426 0.07083
vt 0.64426 0.07083
vt 0.64426 0.07083
vt 0.64426 0.07083
vt 0.64426 0.07083
vt 0.64426 0.07083
vt 0.64426 0.07083
vt 0.64426 0.07083
vt 0.64426 0.07083
vt 0.64426 0.07083
vt 0.64426 0.07083
vt 0.64426 0.07083
vt 0.64426 0.07083
vt 0.64426 0.07083
vt 0.64426 0.07083
vt 0.64426 0.07083
vt 0.64426 0.07083
vt 0.64426 0.07083
vt 0.64426 0.07083
vt 0.64426 0.07083
vt 0.64426 0.07083
vt 0.64426 0.07083
vt 0.64426 0.07083
vt 0.64426 0.07083
vt 0.64426 0.07083
vt 0.64426 0.07083
vt 0.64426 0.07083
vt 0.64426 0.07083
vt 0.64426 0.07083
vt 0.64426 0.07083
vt 0.64426 0.07083
vt 0.64426 0.07083
vt 0.64426 0.07083
vt 0.64426 0.07083
vt 0.64426 0.07083
vt 0.64426 0.07083
vt 0.64426 0.07083
vt 0.64426 0.07083
vt 0.64426 0.07083
vt 0.64426 0.07083
vt 0.64426 0.07083
vt 0.64426 0.07083
vt 0.64426 0.07083
vt 0.64426 0.07083
vt 0.64426 0.07083
vt 0.64426 0.07083
vt 0.64426 0.07083
vt 0.64426 0.07083
vt 0.64426 0.07083
vt 0.64426 0.07083
vt 0.64426 0.07083
vt 0.64426 0.07083
vt 0.64426 0.07083
vt 0.64426 0.07083
vt 0.64426 0.07083
vt 0.64426 0.07083
vt 0.64426 0.07083
vt 0.64426 0.07083
vt 0.64426 0.07083
vt 0.64426 0.07083
vt 0.64426 0.07083
vt 0.64426 0.07083
vt 0.64426 0.07083
vt 0.64426 0.07083
vt 0.64426 0.07083
vt 0.64426 0.07083
vt 0.64426 0.07083
vt 0.64426 0.07083
vt 0.64426 0.07083
vt 0.64426 0.07083
vt 0.64426 0.07083
vt 0.64426 0.07083
vt 0.64426 0.07083
vt 0.64426 0.07083
vt 0.64426 0.07083
vt 0.64426 0.07083
vt 0.64426 0.07083
vt 0.64426 0.07083
vt 0.64426 0.07083
vt 0.64426 0.07083
vt 0.64426 0.07083
vt 0.64426 0.07083
vt 0.64426 0.07083
vt 0.64426 0.07083
vt 0.64426 0.07083
vt 0.64426 0.07083
vt 0.64426 0.07083
vt 0.64426 0.07083
vt 0.64426 0.07083
vt 0.64426 0.07083
vt 0.64426 0.07083
vt 0.64426 0.07083
vt 0.64426 0.07083
vt 0.64426 0.07083
vt 0.64426 0.07083
vt 0.64426 0.07083
vt 0.64426 0.07083
vt 0.64426 0.07083
vt 0.64426 0.07083
vt 0.64426 0.07083
vt 0.64426 0.07083
vt 0.64426 0.07083
vt 0.64426 0.07083
vt 0.64426 0.07083
vt 0.64426 0.07083
vt 0.64426 0.07083
vt 0.64426 0.07083
vt 0.64426 0.07083
vt 0.64426 0.07083
vt 0.64426 0.07083
vt 0.64426 0.07083
vt 0.64426 0.07083
vt 0.64426 0.07083
vt 0.64426 0.07083
vt 0.64426 0.07083
vt 0.64426 0.07083
vt 0.64426 0.07083
vt 0.64426 0.07083
vt 0.64426 0.07083
vt 0.64426 0.07083
vt 0.64426 0.07083
vt 0.64426 0.07083
vt 0.64426 0.07083
vt 0.64426 0.07083
vt 0.64426 0.07083
vt 0.64426 0.07083
vt 0.64426 0.07083
vt 0.64426 0.07083
vt 0.64426 0.07083
vt 0.64426 0.07083
vt 0.64426 0.07083
vt 0.64426 0.07083
vt 0.64426 0.07083
vt 0.64426 0.07083
vt 0.64426 0.07083
vt 0.64426 0.07083
vt 0.64426 0.07083
vt 0.64426 0.07083
vt 0.64426 0.07083
vt 0.64426 0.07083
vt 0.64426 0.07083
vt 0.64426 0.07083
vt 0.64426 0.07083
vt 0.64426 0.07083
vt 0.64426 0.07083
vt 0.64426 0.07083
vt 0.64426 0.07083
vt 0.64426 0.07083
vt 0.64426 0.07083
vt 0.64426 0.07083
vt 0.64426 0.07083
vt 0.64426 0.07083
vt 0.64426 0.07083
vt 0.64426 0.07083
vt 0.64426 0.07083
vt 0.64426 0.07083
vt 0.64426 0.07083
vt 0.64426 0.07083
vt 0.64426 0.07083
vt 0.64426 0.07083
vt 0.64426 0.07083
vt 0.64426 0.07083
vt 0.64426 0.07083
vt 0.64426 0.07083
vt 0.64426 0.07083
vt 0.64426 0.07083
vt 0.64426 0.07083
vt 0.64426 0.07083
vt 0.64426 0.07083
vt 0.64426 0.07083
vt 0.64426 0.07083
vt 0.64426 0.07083
vt 0.64426 0.07083
vt 0.64426 0.07083
vt 0.64426 0.07083
vt 0.64426 0.07083
vt 0.64426 0.07083
vt 0.64426 0.07083
vt 0.64426 0.07083
vt 0.64426 0.07083
vt 0.64426 0.07083
vt 0.64426 0.07083
vt 0.64426 0.07083
vt 0.64426 0.07083
vt 0.64426 0.07083
vt 0.64426 0.07083
vt 0.64426 0.07083
vt 0.64426 0.07083
vt 0.64426 0.07083
vt 0.64426 0.07083
vt 0.64426 0.07083
vt 0.64426 0.07083
vt 0.64426 0.07083
vt 0.64426 0.07083
vt 0.64426 0.07083
vt 0.64426 0.07083
vt 0.64426 0.07083
vt 0.64426 0.07083
vt 0.64426 0.07083
vt 0.64426 0.07083
vt 0.64426 0.07083
vt 0.64426 0.07083
vt 0.64426 0.07083
vt 0.64426 0.07083
vt 0.64426 0.07083
vt 0.64426 0.07083
vt 0.64426 0.07083
vt 0.64426 0.07083
vt 0.64426 0.07083
vt 0.64426 0.07083
vt 0.64426 0.07083
vt 0.64426 0.07083
vt 0.64426 0.07083
vt 0.64426 0.07083
vt 0.64426 0.07083
vt 0.64426 0.07083
vt 0.64426 0.07083
vt 0.64426 0.07083
vt 0.64426 0.07083
vt 0.64426 0.07083
vt 0.64426 0.07083
vt 0.64426 0.07083
vt 0.64426 0.07083
vt 0.64426 0.07083
vt 0.64426 0.07083
vt 0.64426 0.07083
vt 0.64426 0.07083
vt 0.64426 0.07083
vt 0.64426 0.07083
vt 0.64426 0.07083
vt 0.64426 0.07083
vt 0.64426 0.07083
vt 0.64426 0.07083
vt 0.64426 0.07083
vt 0.64426 0.07083
vt 0.64426 0.07083
vt 0.64426 0.07083
vt 0.64426 0.07083
vt 0.64426 0.07083
vt 0.64426 0.07083
vt 0.64426 0.07083
vt 0.64426 0.07083
vt 0.64426 0.07083
vt 0.64426 0.07083
vt 0.64426 0.07083
vt 0.64426 0.07083
vt 0.64426 0.07083
vt 0.64426 0.07083
vt 0.64426 0.07083
vt 0.64426 0.07083
vt 0.64426 0.07083
vt 0.64426 0.07083
vt 0.64426 0.07083
vt 0.64426 0.07083
vt 0.64426 0.07083
vt 0.64426 0.07083
vt 0.64426 0.07083
vt 0.64426 0.07083
vt 0.64426 0.07083
vt 0.64426 0.07083
vt 0.64426 0.07083
vt 0.64426 0.07083
vt 0.64426 0.07083
vt 0.64426 0.07083
vt 0.64426 0.07083
vt 0.64426 0.07083
vt 0.64426 0.07083
vt 0.64426 0.07083
vt 0.64426 0.07083
vt 0.64426 0.07083
vt 0.64426 0.07083
vt 0.64426 0.07083
vt 0.64426 0.07083
vt 0.64426 0.07083
vt 0.64426 0.07083
vt 0.64426 0.07083
vt 0.64426 0.07083
vt 0.64426 0.07083
vt 0.64426 0.07083
vt 0.64426 0.07083
vt 0.64426 0.07083
vt 0.64426 0.07083
vt 0.64426 0.07083
vt 0.64426 0.07083
vt 0.64426 0.07083
vt 0.64426 0.07083
vt 0.64426 0.07083
vt 0.64426 0.07083
vt 0.64426 0.07083
vt 0.64426 0.07083
vt 0.64426 0.07083
vt 0.64426 0.07083
vt 0.64426 0.07083
vt 0.64426 0.07083
vt 0.64426 0.07083
vt 0.64426 0.07083
vt 0.64426 0.07083
vt 0.64426 0.07083
vt 0.64426 0.07083
vt 0.64426 0.07083
vt 0.64426 0.07083
vt 0.64426 0.07083
vt 0.64426 0.07083
vt 0.64426 0.07083
vt 0.64426 0.07083
vt 0.64426 0.07083
vt 0.64426 0.07083
vt 0.64426 0.07083
vt 0.64426 0.07083
vt 0.64426 0.07083
vt 0.64426 0.07083
vt 0.64426 0.07083
vt 0.64426 0.07083
vt 0.64426 0.07083
vt 0.64426 0.07083
vt 0.64426 0.07083
vt 0.64426 0.07083
vt 0.64426 0.07083
vt 0.64426 0.07083
vt 0.64426 0.07083
vt 0.64426 0.07083
vt 0.64426 0.07083
vt 0.64426 0.07083
vt 0.64426 0.07083
vt 0.64426 0.07083
vt 0.64426 0.07083
vt 0.64426 0.07083
vt 0.64426 0.07083
vt 0.64426 0.07083
vt 0.64426 0.07083
vt 0.64426 0.07083
vt 0.64426 0.07083
vt 0.64426 0.07083
vt 0.64426 0.07083
vt 0.64426 0.07083
vt 0.64426 0.07083
vt 0.64426 0.07083
vt 0.64426 0.07083
vt 0.64426 0.07083
vt 0.64426 0.07083
vt 0.64426 0.07083
vt 0.64426 0.07083
vt 0.64426 0.07083
vt 0.64426 0.07083
vt 0.64426 0.07083
vt 0.64426 0.07083
vt 0.64426 0.07083
vt 0.64426 0.07083
vt 0.64426 0.07083
vt 0.64426 0.07083
vt 0.64426 0.07083
vt 0.64426 0.07083
vt 0.64426 0.07083
vt 0.64426 0.07083
vt 0.64426 0.07083
vt 0.64426 0.07083
vt 0.64426 0.07083
vt 0.64426 0.07083
vt 0.64426 0.07083
vt 0.64426 0.07083
vt 0.64426 0.07083
vt 0.64426 0.07083
vt 0.64426 0.07083
vt 0.64426 0.07083
vt 0.64426 0.07083
vt 0.64426 0.07083
vt 0.64426 0.07083
vt 0.64426 0.07083
vt 0.64426 0.07083
vt 0.64426 0.07083
vt 0.64426 0.07083
vt 0.64426 0.07083
vt 0.64426 0.07083
vt 0.64426 0.07083
vt 0.64426 0.07083
vt 0.64426 0.07083
vt 0.64426 0.07083
vt 0.64426 0.07083
vt 0.64426 0.07083
vt 0.64426 0.07083
vt 0.64426 0.07083
vt 0.64426 0.07083
vt 0.64426 0.07083
vt 0.64426 0.07083
vt 0.64426 0.07083
vt 0.64426 0.07083
vt 0.64426 0.07083
vt 0.64426 0.07083
vt 0.64426 0.07083
vt 0.64426 0.07083
vt 0.64426 0.07083
vt 0.64426 0.07083
vt 0.64426 0.07083
vt 0.64426 0.07083
vt 0.64426 0.07083
vt 0.64426 0.07083
vt 0.64426 0.07083
vt 0.64426 0.07083
vt 0.64426 0.07083
vt 0.64426 0.07083
vt 0.64426 0.07083
vt 0.64426 0.07083
vt 0.64426 0.07083
vt 0.64426 0.07083
vt 0.64426 0.07083
vt 0.64426 0.07083
vt 0.64426 0.07083
vt 0.64426 0.07083
vt 0.64426 0.07083
vt 0.64426 0.07083
vt 0.64426 0.07083
vt 0.64426 0.07083
vt 0.64426 0.07083
vt 0.64426 0.07083
vt 0.64426 0.07083
vt 0.64426 0.07083
vt 0.64426 0.07083
vt 0.64426 0.07083
vt 0.64426 0.07083
vt 0.64426 0.07083
vt 0.64426 0.07083
vt 0.64426 0.07083
vt 0.64426 0.07083
vt 0.64426 0.07083
vt 0.64426 0.07083
vt 0.64426 0.07083
vt 0.64426 0.07083
vt 0.64426 0.07083
vt 0.64426 0.07083
vt 0.64426 0.07083
vt 0.64426 0.07083
vt 0.64426 0.07083
vt 0.64426 0.07083
vt 0.64426 0.07083
vt 0.64426 0.07083
vt 0.64426 0.07083
vt 0.64426 0.07083
vt 0.64426 0.07083
vt 0.64426 0.07083
vt 0.64426 0.07083
vt 0.64426 0.07083
vt 0.64426 0.07083
vt 0.64426 0.07083
vt 0.64426 0.07083
vt 0.64426 0.07083
vt 0.64426 0.07083
vt 0.64426 0.07083
vt 0.64426 0.07083
vt 0.64426 0.07083
vt 0.64426 0.07083
vt 0.64426 0.07083
vt 0.64426 0.07083
vt 0.64426 0.07083
vt 0.64426 0.07083
vt 0.64426 0.07083
vt 0.64426 0.07083
vt 0.64426 0.07083
vt 0.64426 0.07083
vt 0.64426 0.07083
vt 0.64426 0.07083
vt 0.64426 0.07083
vt 0.64426 0.07083
vt 0.64426 0.07083
vt 0.64426 0.07083
vt 0.64426 0.07083
vt 0.64426 0.07083
vt 0.64426 0.07083
vt 0.64426 0.07083
vt 0.64426 0.07083
vt 0.64426 0.07083
vt 0.64426 0.07083
vt 0.64426 0.07083
vt 0.64426 0.07083
vt 0.64426 0.07083
vt 0.64426 0.07083
vt 0.64426 0.07083
vt 0.64426 0.07083
vt 0.64426 0.07083
vt 0.64426 0.07083
vt 0.64426 0.07083
vt 0.64426 0.07083
vt 0.64426 0.07083
vt 0.64426 0.07083
vt 0.64426 0.07083
vt 0.64426 0.07083
vt 0.64426 0.07083
vt 0.64426 0.07083
vt 0.64426 0.07083
vt 0.64426 0.07083
vt 0.64426 0.07083
vt 0.64426 0.07083
vt 0.64426 0.07083
vt 0.64426 0.07083
vt 0.64426 0.07083
vt 0.64426 0.07083
vt 0.64426 0.07083
vt 0.64426 0.07083
vt 0.64426 0.07083
vt 0.64426 0.07083
vt 0.64426 0.07083
vt 0.64426 0.07083
vt 0.64426 0.07083
vt 0.64426 0.07083
vt 0.64426 0.07083
vt 0.64426 0.07083
vt 0.64426 0.07083
vt 0.64426 0.07083
vt 0.64426 0.07083
vt 0.64426 0.07083
vt 0.64426 0.07083
vt 0.64426 0.07083
vt 0.64426 0.07083
vt 0.64426 0.07083
vt 0.64426 0.07083
vt 0.64426 0.07083
vt 0.64426 0.07083
vt 0.64426 0.07083
vt 0.64426 0.07083
vt 0.64426 0.07083
vt 0.64426 0.07083
vt 0.64426 0.07083
vt 0.64426 0.07083
vt 0.64426 0.07083
vt 0.64426 0.07083
vt 0.64426 0.07083
vt 0.64426 0.07083
vt 0.64426 0.07083
vt 0.64426 0.07083
vt 0.64426 0.07083
vt 0.64426 0.07083
vt 0.64426 0.07083
vt 0.64426 0.07083
vt 0.64426 0.07083
vt 0.64426 0.07083
vt 0.64426 0.07083
vt 0.64426 0.07083
vt 0.64426 0.07083
vt 0.64426 0.07083
vt 0.64426 0.07083
vt 0.64426 0.07083
vt 0.64426 0.07083
vt 0.64426 0.07083
vt 0.64426 0.07083
vt 0.64426 0.07083
vt 0.64426 0.07083
vt 0.64426 0.07083
vt 0.64426 0.07083
vt 0.64426 0.07083
vt 0.64426 0.07083
vt 0.64426 0.07083
vt 0.64426 0.07083
vt 0.64426 0.07083
vt 0.64426 0.07083
vt 0.64426 0.07083
vt 0.64426 0.07083
vt 0.64426 0.07083
vt 0.64426 0.07083
vt 0.64426 0.07083
vt 0.64426 0.07083
vt 0.64426 0.07083
vt 0.64426 0.07083
vt 0.64426 0.07083
vt 0.64426 0.07083
vt 0.64426 0.07083
vt 0.64426 0.07083
vt 0.64426 0.07083
vt 0.64426 0.07083
vt 0.64426 0.07083
vt 0.64426 0.07083
vt 0.64426 0.07083
vt 0.64426 0.07083
vt 0.64426 0.07083
vt 0.64426 0.07083
vt 0.64426 0.07083
vt 0.64426 0.07083
vt 0.64426 0.07083
vt 0.64426 0.07083
vt 0.64426 0.07083
vt 0.64426 0.07083
vt 0.64426 0.07083
vt 0.64426 0.07083
vt 0.64426 0.07083
vt 0.64426 0.07083
vt 0.64426 0.07083
vt 0.64426 0.07083
vt 0.64426 0.07083
vt 0.64426 0.07083
vt 0.64426 0.07083
vt 0.64426 0.07083
vt 0.64426 0.07083
vt 0.64426 0.07083
vt 0.64426 0.07083
vt 0.64426 0.07083
vt 0.64426 0.07083
vt 0.64426 0.07083
vt 0.64426 0.07083
vt 0.64426 0.07083
vt 0.64426 0.07083
vt 0.64426 0.07083
vt 0.64426 0.07083
vt 0.64426 0.07083
vt 0.64426 0.07083
vt 0.64426 0.07083
vt 0.64426 0.07083
vt 0.64426 0.07083
vt 0.64426 0.07083
vt 0.64426 0.07083
vt 0.64426 0.07083
vt 0.64426 0.07083
vt 0.64426 0.07083
vt 0.64426 0.07083
vt 0.64426 0.07083
vt 0.64426 0.07083
vt 0.64426 0.07083
vt 0.64426 0.07083
vt 0.64426 0.07083
vt 0.64426 0.07083
vt 0.64426 0.07083
vt 0.64426 0.07083
vt 0.64426 0.07083
vt 0.64426 0.07083
vt 0.64426 0.07083
vt 0.64426 0.07083
vt 0.64426 0.07083
vt 0.64426 0.07083
vt 0.64426 0.07083
vt 0.64426 0.07083
vt 0.64426 0.07083
vt 0.64426 0.07083
vt 0.64426 0.07083
vt 0.64426 0.07083
vt 0.64426 0.07083
vt 0.64426 0.07083
vt 0.64426 0.07083
vt 0.64426 0.07083
vt 0.64426 0.07083
vt 0.64426 0.07083
vt 0.64426 0.07083
vt 0.64426 0.07083
vt 0.64426 0.07083
vt 0.64426 0.07083
vt 0.64426 0.07083
vt 0.64426 0.07083
vt 0.64426 0.07083
vt 0.64426 0.07083
vt 0.64426 0.07083
vt 0.64426 0.07083
vt 0.64426 0.07083
vt 0.64426 0.07083
vt 0.64426 0.07083
vt 0.64426 0.07083
vt 0.64426 0.07083
vt 0.64426 0.07083
vt 0.64426 0.07083
vt 0.64426 0.07083
vt 0.64426 0.07083
vt 0.64426 0.07083
vt 0.64426 0.07083
vt 0.64426 0.07083
vt 0.64426 0.07083
vt 0.64426 0.07083
vt 0.64426 0.07083
vt 0.64426 0.07083
vt 0.64426 0.07083
vt 0.64426 0.07083
vt 0.64426 0.07083
vt 0.64426 0.07083
vt 0.64426 0.07083
vt 0.64426 0.07083
vt 0.64426 0.07083
vt 0.64426 0.07083
vt 0.64426 0.07083
vt 0.64426 0.07083
vt 0.64426 0.07083
vt 0.64426 0.07083
vt 0.64426 0.07083
vt 0.64426 0.07083
vt 0.64426 0.07083
vt 0.64426 0.07083
vt 0.64426 0.07083
vt 0.64426 0.07083
vt 0.64426 0.07083
vt 0.64426 0.07083
vt 0.64426 0.07083
vt 0.64426 0.07083
vt 0.64426 0.07083
vt 0.64426 0.07083
vt 0.64426 0.07083
vt 0.64426 0.07083
vt 0.64426 0.07083
vt 0.64426 0.07083
vt 0.64426 0.07083
vt 0.64426 0.07083
vt 0.64426 0.07083
vt 0.64426 0.07083
vt 0.64426 0.07083
vt 0.64426 0.07083
vt 0.64426 0.07083
vt 0.64426 0.07083
vt 0.64426 0.07083
vt 0.64426 0.07083
vt 0.64426 0.07083
vt 0.64426 0.07083
vt 0.64426 0.07083
vt 0.64426 0.07083
vt 0.64426 0.07083
vt 0.64426 0.07083
vt 0.64426 0.07083
vt 0.64426 0.07083
vt 0.64426 0.07083
vt 0.64426 0.07083
vt 0.64426 0.07083
vt 0.64426 0.07083
vt 0.64426 0.07083
vt 0.64426 0.07083
vt 0.64426 0.07083
vt 0.64426 0.07083
vt 0.64426 0.07083
vt 0.64426 0.07083
vt 0.64426 0.07083
vt 0.64426 0.07083
vt 0.64426 0.07083
vt 0.64426 0.07083
vt 0.64426 0.07083
vt 0.64426 0.07083
vt 0.64426 0.07083
vt 0.64426 0.07083
vt 0.64426 0.07083
vt 0.64426 0.07083
vt 0.64426 0.07083
vt 0.64426 0.07083
vt 0.64426 0.07083
vt 0.64426 0.07083
vt 0.64426 0.07083
vt 0.64426 0.07083
vt 0.64426 0.07083
vt 0.64426 0.07083
vt 0.64426 0.07083
vt 0.64426 0.07083
vt 0.64426 0.07083
vt 0.64426 0.07083
vt 0.64426 0.07083
vt 0.64426 0.07083
vt 0.64426 0.07083
vt 0.64426 0.07083
vt 0.64426 0.07083
vt 0.64426 0.07083
vt 0.64426 0.07083
vt 0.64426 0.07083
vt 0.64426 0.07083
vt 0.64426 0.07083
vt 0.64426 0.07083
vt 0.64426 0.07083
vt 0.64426 0.07083
vt 0.64426 0.07083
vt 0.64426 0.07083
vt 0.64426 0.07083
vt 0.64426 0.07083
vt 0.64426 0.07083
vt 0.64426 0.07083
vt 0.64426 0.07083
vt 0.64426 0.07083
vt 0.64426 0.07083
vt 0.64426 0.07083
vt 0.64426 0.07083
vt 0.64426 0.07083
vt 0.64426 0.07083
vt 0.64426 0.07083
vt 0.64426 0.07083
vt 0.64426 0.07083
vt 0.64426 0.07083
vt 0.64426 0.07083
vt 0.64426 0.07083
vt 0.64426 0.07083
vt 0.64426 0.07083
vt 0.64426 0.07083
vt 0.64426 0.07083
vt 0.64426 0.07083
vt 0.64426 0.07083
vt 0.64426 0.07083
vt 0.64426 0.07083
vt 0.64426 0.07083
vt 0.64426 0.07083
vt 0.64426 0.07083
vt 0.64426 0.07083
vt 0.64426 0.07083
vt 0.64426 0.07083
vt 0.64426 0.07083
vt 0.64426 0.07083
vt 0.64426 0.07083
vt 0.64426 0.07083
vt 0.64426 0.07083
vt 0.64426 0.07083
vt 0.64426 0.07083
vt 0.64426 0.07083
vt 0.64426 0.07083
vt 0.64426 0.07083
vt 0.64426 0.07083
vt 0.64426 0.07083
vt 0.64426 0.07083
vt 0.64426 0.07083
vt 0.64426 0.07083
vt 0.64426 0.07083
vt 0.64426 0.07083
vt 0.64426 0.07083
vt 0.64426 0.07083
vt 0.64426 0.07083
vt 0.64426 0.07083
vt 0.64426 0.07083
vt 0.64426 0.07083
vt 0.64426 0.07083
vt 0.64426 0.07083
vt 0.64426 0.07083
vt 0.64426 0.07083
vt 0.64426 0.07083
vt 0.64426 0.07083
vt 0.64426 0.07083
vt 0.64426 0.07083
vt 0.64426 0.07083
vt 0.64426 0.07083
vt 0.64426 0.07083
vt 0.64426 0.07083
vt 0.64426 0.07083
vt 0.64426 0.07083
vt 0.64426 0.07083
vt 0.64426 0.07083
vt 0.64426 0.07083
vt 0.64426 0.07083
vt 0.64426 0.07083
vt 0.64426 0.07083
vt 0.64426 0.07083
vt 0.64426 0.07083
vt 0.64426 0.07083
vt 0.64426 0.07083
vt 0.64426 0.07083
vt 0.64426 0.07083
vt 0.64426 0.07083
vt 0.64426 0.07083
vt 0.64426 0.07083
vt 0.64426 0.07083
vt 0.64426 0.07083
vt 0.64426 0.07083
vt 0.64426 0.07083
vt 0.64426 0.07083
vt 0.64426 0.07083
vt 0.64426 0.07083
vt 0.64426 0.07083
vt 0.64426 0.07083
vt 0.64426 0.07083
vt 0.64426 0.07083
vt 0.64426 0.07083
vt 0.64426 0.07083
vt 0.64426 0.07083
vt 0.64426 0.07083
vt 0.64426 0.07083
vt 0.64426 0.07083
vt 0.64426 0.07083
vt 0.64426 0.07083
vt 0.64426 0.07083
vt 0.64426 0.07083
vt 0.64426 0.07083
vt 0.64426 0.07083
vt 0.64426 0.07083
vt 0.64426 0.07083
vt 0.64426 0.07083
vt 0.64426 0.07083
vt 0.64426 0.07083
vt 0.64426 0.07083
vt 0.64426 0.07083
vt 0.64426 0.07083
vt 0.64426 0.07083
vt 0.64426 0.07083
vt 0.64426 0.07083
vt 0.64426 0.07083
vt 0.64426 0.07083
vt 0.64426 0.07083
vt 0.64426 0.07083
vt 0.64426 0.07083
vt 0.64426 0.07083
vt 0.64426 0.07083
vt 0.64426 0.07083
vt 0.64426 0.07083
vt 0.64426 0.07083
vt 0.64426 0.07083
vt 0.64426 0.07083
vt 0.64426 0.07083
vt 0.64426 0.07083
vt 0.64426 0.07083
vt 0.64426 0.07083
vt 0.64426 0.07083
vt 0.64426 0.07083
vt 0.64426 0.07083
vt 0.64426 0.07083
vt 0.64426 0.07083
vt 0.64426 0.07083
vt 0.64426 0.07083
vt 0.64426 0.07083
vt 0.64426 0.07083
vt 0.64426 0.07083
vt 0.64426 0.07083
vt 0.64426 0.07083
vt 0.64426 0.07083
vt 0.64426 0.07083
vt 0.64426 0.07083
vt 0.64426 0.07083
vt 0.64426 0.07083
vt 0.64426 0.07083
vt 0.64426 0.07083
vt 0.64426 0.07083
vt 0.64426 0.07083
vt 0.64426 0.07083
vt 0.64426 0.07083
vt 0.64426 0.07083
vt 0.64426 0.07083
vt 0.64426 0.07083
vt 0.64426 0.07083
vt 0.64426 0.07083
vt 0.64426 0.07083
vt 0.64426 0.07083
vt 0.64426 0.07083
vt 0.64426 0.07083
vt 0.64426 0.07083
vt 0.64426 0.07083
vt 0.64426 0.07083
vt 0.64426 0.07083
vt 0.64426 0.07083
vt 0.64426 0.07083
vt 0.64426 0.07083
vt 0.64426 0.07083
vt 0.64426 0.07083
vt 0.64426 0.07083
vt 0.64426 0.07083
vt 0.64426 0.07083
vt 0.64426 0.07083
vt 0.64426 0.07083
vt 0.64426 0.07083
vt 0.64426 0.07083
vt 0.64426 0.07083
vt 0.64426 0.07083
vt 0.64426 0.07083
vt 0.64426 0.07083
vt 0.64426 0.07083
vt 0.64426 0.07083
vt 0.64426 0.07083
vt 0.64426 0.07083
vt 0.64426 0.07083
vt 0.64426 0.07083
vt 0.64426 0.07083
vt 0.64426 0.07083
vt 0.64426 0.07083
vt 0.64426 0.07083
vt 0.64426 0.07083
vt 0.64426 0.07083
vt 0.64426 0.07083
vt 0.64426 0.07083
vt 0.64426 0.07083
vt 0.64426 0.07083
vt 0.64426 0.07083
vt 0.64426 0.07083
vt 0.64426 0.07083
vt 0.64426 0.07083
vt 0.64426 0.07083
vt 0.64426 0.07083
vt 0.64426 0.07083
vt 0.64426 0.07083
vt 0.64426 0.07083
vt 0.64426 0.07083
vt 0.64426 0.07083
vt 0.64426 0.07083
vt 0.64426 0.07083
vt 0.64426 0.07083
vt 0.64426 0.07083
vt 0.64426 0.07083
vt 0.64426 0.07083
vt 0.64426 0.07083
vt 0.64426 0.07083
vt 0.64426 0.07083
vt 0.64426 0.07083
vt 0.64426 0.07083
vt 0.64426 0.07083
vt 0.64426 0.07083
vt 0.64426 0.07083
vt 0.64426 0.07083
vt 0.64426 0.07083
vt 0.64426 0.07083
vt 0.64426 0.07083
vt 0.64426 0.07083
vt 0.64426 0.07083
vt 0.64426 0.07083
vt 0.64426 0.07083
vt 0.64426 0.07083
vt 0.64426 0.07083
vt 0.64426 0.07083
vt 0.64426 0.07083
vt 0.64426 0.07083
vt 0.64426 0.07083
vt 0.64426 0.07083
vt 0.64426 0.07083
vt 0.64426 0.07083
vt 0.64426 0.07083
vt 0.64426 0.07083
vt 0.64426 0.07083
vt 0.64426 0.07083
vt 0.64426 0.07083
vt 0.64426 0.07083
vt 0.64426 0.07083
vt 0.64426 0.07083
vt 0.64426 0.07083
vt 0.64426 0.07083
vt 0.64426 0.07083
vt 0.64426 0.07083
vt 0.64426 0.07083
vt 0.64426 0.07083
vt 0.64426 0.07083
vt 0.64426 0.07083
vt 0.64426 0.07083
vt 0.64426 0.07083
vt 0.64426 0.07083
vt 0.64426 0.07083
vt 0.64426 0.07083
vt 0.64426 0.07083
vt 0.64426 0.07083
vt 0.64426 0.07083
vt 0.64426 0.07083
vt 0.64426 0.07083
vt 0.64426 0.07083
vt 0.64426 0.07083
vt 0.64426 0.07083
vt 0.64426 0.07083
vt 0.64426 0.07083
vt 0.64426 0.07083
vt 0.64426 0.07083
vt 0.64426 0.07083
vt 0.64426 0.07083
vt 0.64426 0.07083
vt 0.64426 0.07083
vt 0.64426 0.07083
vt 0.64426 0.07083
vt 0.64426 0.07083
vt 0.64426 0.07083
vt 0.64426 0.07083
vt 0.64426 0.07083
vt 0.64426 0.07083
vt 0.64426 0.07083
vt 0.64426 0.07083
vt 0.64426 0.07083
vt 0.64426 0.07083
vt 0.64426 0.07083
vt 0.64426 0.07083
vt 0.64426 0.07083
vt 0.64426 0.07083
vt 0.64426 0.07083
vt 0.64426 0.07083
vt 0.64426 0.07083
vt 0.64426 0.07083
vt 0.64426 0.07083
vt 0.64426 0.07083
vt 0.64426 0.07083
vt 0.64426 0.07083
vt 0.64426 0.07083
vt 0.64426 0.07083
vt 0.64426 0.07083
vt 0.64426 0.07083
vt 0.64426 0.07083
vt 0.64426 0.07083
vt 0.64426 0.07083
vt 0.64426 0.07083
vt 0.64426 0.07083
vt 0.64426 0.07083
vt 0.64426 0.07083
vt 0.64426 0.07083
vt 0.64426 0.07083
vt 0.64426 0.07083
vt 0.64426 0.07083
vt 0.64426 0.07083
vt 0.64426 0.07083
vt 0.64426 0.07083
vt 0.64426 0.07083
vt 0.64426 0.07083
vt 0.64426 0.07083
vt 0.64426 0.07083
vt 0.64426 0.07083
vt 0.64426 0.07083
vt 0.64426 0.07083
vt 0.64426 0.07083
vt 0.64426 0.07083
vt 0.64426 0.07083
vt 0.64426 0.07083
vt 0.64426 0.07083
vt 0.64426 0.07083
vt 0.64426 0.07083
vt 0.64426 0.07083
vt 0.64426 0.07083
vt 0.64426 0.07083
vt 0.64426 0.07083
vt 0.64426 0.07083
vt 0.64426 0.07083
vt 0.64426 0.07083
vt 0.64426 0.07083
vt 0.64426 0.07083
vt 0.64426 0.07083
vt 0.64426 0.07083
vt 0.64426 0.07083
vt 0.64426 0.07083
vt 0.64426 0.07083
vt 0.64426 0.07083
vt 0.64426 0.07083
vt 0.64426 0.07083
vt 0.64426 0.07083
vt 0.64426 0.07083
vt 0.64426 0.07083
vt 0.64426 0.07083
vt 0.64426 0.07083
vt 0.64426 0.07083
vt 0.64426 0.07083
vt 0.64426 0.07083
vt 0.64426 0.07083
vt 0.64426 0.07083
vt 0.64426 0.07083
vt 0.64426 0.07083
vt 0.64426 0.07083
vt 0.64426 0.07083
vt 0.64426 0.07083
vt 0.64426 0.07083
vt 0.64426 0.07083
vt 0.64426 0.07083
vt 0.64426 0.07083
vt 0.64426 0.07083
vt 0.64426 0.07083
vt 0.64426 0.07083
vt 0.64426 0.07083
vt 0.64426 0.07083
vt 0.64426 0.07083
vt 0.64426 0.07083
vt 0.64426 0.07083
vt 0.64426 0.07083
vt 0.64426 0.07083
vt 0.64426 0.07083
vt 0.64426 0.07083
vt 0.64426 0.07083
vt 0.64426 0.07083
vt 0.64426 0.07083
vt 0.64426 0.07083
vt 0.64426 0.07083
vt 0.64426 0.07083
vt 0.64426 0.07083
vt 0.64426 0.07083
vt 0.64426 0.07083
vt 0.64426 0.07083
vt 0.64426 0.07083
vt 0.64426 0.07083
vt 0.64426 0.07083
vt 0.64426 0.07083
vt 0.64426 0.07083
vt 0.64426 0.07083
vt 0.64426 0.07083
vt 0.64426 0.07083
vt 0.64426 0.07083
vt 0.64426 0.07083
vt 0.64426 0.07083
vt 0.64426 0.07083
vt 0.64426 0.07083
vt 0.64426 0.07083
vt 0.64426 0.07083
vt 0.64426 0.07083
vt 0.64426 0.07083
vt 0.64426 0.07083
vt 0.64426 0.07083
vt 0.64426 0.07083
vt 0.64426 0.07083
vt 0.64426 0.07083
vt 0.64426 0.07083
vt 0.64426 0.07083
vt 0.64426 0.07083
vt 0.64426 0.07083
vt 0.64426 0.07083
vt 0.64426 0.07083
vt 0.64426 0.07083
vt 0.64426 0.07083
vt 0.64426 0.07083
vt 0.64426 0.07083
vt 0.64426 0.07083
vt 0.64426 0.07083
vt 0.64426 0.07083
vt 0.64426 0.07083
vt 0.64426 0.07083
vt 0.64426 0.07083
vt 0.64426 0.07083
vt 0.64426 0.07083
vt 0.64426 0.07083
vt 0.64426 0.07083
vt 0.64426 0.07083
vt 0.64426 0.07083
vt 0.64426 0.07083
vt 0.64426 0.07083
vt 0.64426 0.07083
vt 0.64426 0.07083
vt 0.64426 0.07083
vt 0.64426 0.07083
vt 0.64426 0.07083
vt 0.64426 0.07083
vt 0.64426 0.07083
vt 0.64426 0.07083
vt 0.64426 0.07083
vt 0.64426 0.07083
vt 0.64426 0.07083
vt 0.64426 0.07083
vt 0.64426 0.07083
vt 0.64426 0.07083
vt 0.64426 0.07083
vt 0.64426 0.07083
vt 0.64426 0.07083
vt 0.64426 0.07083
vt 0.64426 0.07083
vt 0.64426 0.07083
vt 0.64426 0.07083
vt 0.64426 0.07083
vt 0.64426 0.07083
vt 0.64426 0.07083
vt 0.64426 0.07083
vt 0.64426 0.07083
vt 0.64426 0.07083
vt 0.64426 0.07083
vt 0.64426 0.07083
vt 0.64426 0.07083
vt 0.64426 0.07083
vt 0.64426 0.07083
vt 0.64426 0.07083
vt 0.64426 0.07083
vt 0.64426 0.07083
vt 0.64426 0.07083
vt 0.64426 0.07083
vt 0.64426 0.07083
vt 0.64426 0.07083
vt 0.64426 0.07083
vt 0.64426 0.07083
vt 0.64426 0.07083
vt 0.64426 0.07083
vt 0.64426 0.07083
vt 0.64426 0.07083
vt 0.64426 0.07083
vt 0.64426 0.07083
vt 0.64426 0.07083
vt 0.64426 0.07083
vt 0.64426 0.07083
vt 0.64426 0.07083
vt 0.64426 0.07083
vt 0.64426 0.07083
vt 0.64426 0.07083
vt 0.64426 0.07083
vt 0.64426 0.07083
vt 0.64426 0.07083
vt 0.64426 0.07083
vt 0.64426 0.07083
vt 0.64426 0.07083
vt 0.64426 0.07083
vt 0.64426 0.07083
vt 0.64426 0.07083
vt 0.64426 0.07083
vt 0.64426 0.07083
vt 0.64426 0.07083
vt 0.64426 0.07083
vt 0.64426 0.07083
vt 0.64426 0.07083
vt 0.64426 0.07083
vt 0.64426 0.07083
vt 0.64426 0.07083
vt 0.64426 0.07083
vt 0.64426 0.07083
vt 0.64426 0.07083
vt 0.64426 0.07083
vt 0.64426 0.07083
vt 0.64426 0.07083
vt 0.64426 0.07083
vt 0.64426 0.07083
vt 0.64426 0.07083
vt 0.64426 0.07083
vt 0.64426 0.07083
vt 0.64426 0.07083
vt 0.64426 0.07083
vt 0.64426 0.07083
vt 0.64426 0.07083
vt 0.64426 0.07083
vt 0.64426 0.07083
vt 0.64426 0.07083
vt 0.64426 0.07083
vt 0.64426 0.07083
vt 0.64426 0.07083
vt 0.64426 0.07083
vt 0.64426 0.07083
vt 0.64426 0.07083
vt 0.64426 0.07083
vt 0.64426 0.07083
vt 0.64426 0.07083
vt 0.64426 0.07083
vt 0.64426 0.07083
vt 0.64426 0.07083
vt 0.64426 0.07083
vt 0.64426 0.07083
vt 0.64426 0.07083
vt 0.64426 0.07083
vt 0.64426 0.07083
vt 0.64426 0.07083
vt 0.64426 0.07083
vt 0.64426 0.07083
vt 0.64426 0.07083
vt 0.64426 0.07083
vt 0.64426 0.07083
vt 0.64426 0.07083
vt 0.64426 0.07083
vt 0.64426 0.07083
vt 0.64426 0.07083
vt 0.64426 0.07083
vt 0.64426 0.07083
vt 0.64426 0.07083
vt 0.64426 0.07083
vt 0.64426 0.07083
vt 0.64426 0.07083
vt 0.64426 0.07083
vt 0.64426 0.07083
vt 0.64426 0.07083
vt 0.64426 0.07083
vt 0.64426 0.07083
vt 0.64426 0.07083
vt 0.64426 0.07083
vt 0.64426 0.07083
vt 0.64426 0.07083
vt 0.64426 0.07083
vt 0.64426 0.07083
vt 0.64426 0.07083
vt 0.64426 0.07083
vt 0.64426 0.07083
vt 0.64426 0.07083
vt 0.64426 0.07083
vt 0.64426 0.07083
vt 0.64426 0.07083
vt 0.64426 0.07083
vt 0.64426 0.07083
vt 0.64426 0.07083
vt 0.64426 0.07083
vt 0.64426 0.07083
vt 0.64426 0.07083
vt 0.64426 0.07083
vt 0.64426 0.07083
vt 0.64426 0.07083
vt 0.64426 0.07083
vt 0.64426 0.07083
vt 0.64426 0.07083
vt 0.64426 0.07083
vt 0.64426 0.07083
vt 0.64426 0.07083
vt 0.64426 0.07083
vt 0.64426 0.07083
vt 0.64426 0.07083
vt 0.64426 0.07083
vt 0.64426 0.07083
vt 0.64426 0.07083
vt 0.64426 0.07083
vt 0.64426 0.07083
vt 0.64426 0.07083
vt 0.64426 0.07083
vt 0.64426 0.07083
vt 0.64426 0.07083
vt 0.64426 0.07083
vt 0.64426 0.07083
vt 0.64426 0.07083
vt 0.64426 0.07083
vt 0.64426 0.07083
vt 0.64426 0.07083
vt 0.64426 0.07083
vt 0.64426 0.07083
vt 0.64426 0.07083
vt 0.64426 0.07083
vt 0.64426 0.07083
vt 0.64426 0.07083
vt 0.64426 0.07083
vt 0.64426 0.07083
vt 0.64426 0.07083
vt 0.64426 0.07083
vt 0.64426 0.07083
vn -1.000 0.004 0.001
vn -1.000 -0.000 0.002
vn -1.000 0.003 -0.000
vn -1.000 0.002 0.001
vn -1.000 -0.000 0.000
vn -0.992 0.124 -0.019
vn -0.992 0.123 -0.020
vn -0.992 0.124 -0.015
vn -0.992 0.124 -0.015
vn -0.887 0.461 -0.008
vn -0.887 0.462 -0.003
vn -0.887 0.461 -0.007
vn -0.887 0.461 -0.012
vn -0.888 0.453 -0.074
vn -0.889 0.453 -0.073
vn -0.888 0.454 -0.074
vn -0.888 0.454 -0.075
vn -0.408 0.913 -0.016
vn -0.408 0.913 -0.006
vn -0.407 0.913 -0.016
vn -0.407 0.913 -0.017
vn -0.408 0.913 -0.006
vn -0.409 0.912 -0.024
vn -0.409 0.912 -0.024
vn -0.409 0.912 -0.024
vn -0.408 0.912 -0.024
vn -0.410 0.891 -0.193
vn -0.422 0.888 -0.181
vn -0.996 0.056 -0.076
vn -1.000 -0.002 -0.017
vn -1.000 -0.002 -0.016
vn -1.000 -0.003 -0.017
vn -1.000 -0.001 -0.015
vn -1.000 -0.001 -0.015
vn -0.980 0.062 -0.190
vn -0.983 0.073 -0.171
vn -0.998 -0.058 0.001
vn -0.998 -0.061 0.001
vn -0.998 -0.056 0.001
vn -0.999 -0.054 0.001
vn -0.998 -0.063 0.000
vn -0.998 -0.060 0.000
vn -0.963 0.101 0.250
vn -0.969 0.105 0.225
vn -0.944 0.180 0.276
vn -0.958 0.151 0.245
vn -0.932 0.361 -0.013
vn -0.933 0.360 -0.013
vn -0.932 0.363 -0.013
vn -0.931 0.364 -0.013
vn -0.891 0.454 0.000
vn -0.933 0.360 0.005
vn -0.986 0.165 0.002
vn -0.986 0.165 0.004
vn -0.987 0.163 -0.006
vn -0.986 0.164 -0.006
vn -0.986 0.164 -0.008
vn -0.986 0.165 0.007
vn -0.989 0.150 -0.001
vn -0.989 0.150 -0.001
vn -0.989 0.151 -0.001
vn -0.989 0.151 -0.001
vn -0.984 0.176 -0.004
vn -0.985 0.169 0.025
vn -0.991 0.083 0.105
vn -1.000 0.015 0.011
vn -0.992 0.122 -0.014
vn -0.987 0.158 -0.015
vn -0.987 0.159 0.005
vn -0.991 0.132 0.005
vn -0.989 0.145 0.011
vn -0.991 0.136 -0.011
vn -0.991 0.137 -0.004
vn -0.988 0.156 -0.005
vn -0.489 0.125 -0.864
vn -0.487 0.124 -0.865
vn -0.492 0.126 -0.862
vn -0.494 0.126 -0.860
vn -0.628 -0.778 0.005
vn -0.534 -0.150 0.832
vn -0.536 -0.150 0.831
vn -0.531 -0.151 0.834
vn -0.529 -0.152 0.835
vn -0.433 0.401 0.807
vn -0.465 0.383 0.798
vn -0.371 0.929 -0.004
vn -0.373 0.928 -0.004
vn -0.369 0.929 -0.004
vn -0.367 0.930 -0.004
vn -0.366 0.930 0.003
vn -0.365 0.931 0.003
vn -0.367 0.930 0.003
vn -0.368 0.930 0.003
vn -0.548 -0.236 -0.802
vn -0.549 -0.236 -0.802
vn -0.545 -0.238 -0.804
vn -0.544 -0.238 -0.805
vn -0.630 -0.777 0.021
vn -0.629 -0.777 0.021
vn -0.630 -0.776 0.021
vn -0.631 -0.776 0.021
vn -0.505 0.042 0.862
vn -0.506 0.042 0.861
vn -0.502 0.042 0.864
vn -0.500 0.042 0.865
vn -0.856 -0.006 -0.517
vn -0.909 -0.001 -0.417
vn -0.884 -0.468 0.000
vn -0.872 -0.175 0.458
vn -0.911 -0.150 0.384
vn -0.884 0.079 0.461
vn -0.884 0.468 0.000
vn -0.953 0.170 0.250
vn -0.897 0.261 0.356
vn -0.995 0.066 0.081
vn -0.796 0.155 -0.585
vn -0.998 -0.026 -0.058
vn -0.996 0.043 0.082
vn -0.887 -0.461 0.000
vn -0.998 -0.056 -0.016
vn -0.853 0.006 0.522
vn -0.911 0.001 0.412
vn -0.877 0.481 -0.012
vn -0.877 0.480 -0.012
vn -0.876 0.482 -0.012
vn -0.876 0.483 -0.012
vn 0.000 1.000 0.000
vn -0.763 0.230 -0.604
vn -0.762 0.231 -0.605
vn -0.765 0.230 -0.602
vn -0.766 0.230 -0.600
vn -0.703 -0.711 0.000
vn -0.022 -0.231 0.973
vn -0.293 -0.280 0.914
vn -0.022 -0.428 0.903
vn -0.022 -0.779 0.627
vn -0.022 -0.974 0.226
vn -0.022 -1.000 0.000
vn -0.022 -0.985 -0.173
vn -0.022 -0.985 -0.173
vn -0.022 -0.868 -0.496
vn -0.022 -0.649 -0.761
vn -0.022 -0.507 -0.862
vn -0.008 -1.000 0.004
vn -0.006 -1.000 0.003
vn -0.008 -1.000 0.004
vn -0.325 0.341 0.882
vn -0.340 0.000 0.941
vn -0.767 0.637 0.078
vn -0.396 0.918 0.000
vn -0.777 -0.111 -0.620
vn -0.782 -0.106 -0.614
vn -0.778 -0.110 -0.619
vn -0.777 -0.111 -0.620
vn -1.000 -0.000 0.000
vn -1.000 -0.000 0.000
vn -0.652 -0.755 0.066
vn -0.652 -0.756 0.066
vn -0.758 0.648 0.077
vn 0.000 0.648 0.762
vn -0.000 0.431 0.902
vn 0.000 0.433 0.901
vn 0.000 0.434 0.901
vn 0.000 0.434 0.901
vn -0.000 0.433 0.901
vn 0.000 0.434 0.901
vn 0.602 0.270 0.752
vn 0.602 0.270 0.752
vn 0.000 0.892 0.453
vn 0.000 0.892 0.452
vn -0.919 0.393 0.000
vn -0.934 0.356 0.001
vn -0.920 0.098 -0.379
vn -0.920 0.000 -0.391
vn -0.920 0.000 -0.391
vn -0.922 -0.388 0.000
vn -0.921 -0.162 0.354
vn -0.921 -0.226 0.316
vn -0.921 -0.226 0.316
vn -0.922 -0.327 0.210
vn -0.922 -0.381 0.074
vn -0.922 -0.378 -0.088
vn -0.922 -0.378 -0.088
vn -0.921 -0.303 -0.244
vn -0.921 -0.167 -0.352
vn -0.921 -0.230 -0.314
vn -0.922 -0.388 0.000
vn -0.930 0.150 0.334
vn -0.919 0.162 0.358
vn -0.989 0.051 0.139
vn -0.937 0.022 0.350
vn -0.864 0.503 -0.008
vn -0.896 0.444 0.023
vn -0.859 0.504 -0.086
vn -0.866 0.495 -0.075
vn -0.877 0.346 -0.333
vn -0.877 0.346 -0.333
vn -0.879 0.346 -0.329
vn -0.879 0.346 -0.328
vn -0.954 0.191 -0.233
vn -0.889 0.244 -0.388
vn -0.905 0.241 -0.349
vn -1.000 0.006 -0.001
vn -1.000 0.006 -0.001
vn -1.000 0.004 0.001
vn -1.000 0.004 0.002
vn -1.000 0.005 0.004
vn -1.000 0.014 0.020
vn -1.000 0.001 0.000
vn -1.000 0.002 0.000
vn -1.000 0.009 -0.004
vn -0.945 0.080 0.317
vn -0.983 0.109 0.145
vn -0.997 0.065 0.031
vn -0.992 0.123 0.023
vn -0.992 0.123 0.023
vn -0.992 0.124 0.022
vn -0.992 0.124 0.022
vn -0.989 0.150 -0.015
vn 0.512 0.266 -0.817
vn 0.512 0.266 -0.817
vn 0.265 -0.150 -0.953
vn 0.265 -0.150 -0.953
vn 0.000 -0.220 -0.976
vn -0.000 0.302 -0.953
vn -0.000 0.307 -0.952
vn 0.000 0.306 -0.952
vn 0.000 0.304 -0.953
vn 1.000 0.000 0.000
vn -0.814 0.581 0.000
vn -0.814 0.581 0.000
vn 0.814 0.581 0.000
vn 0.814 0.581 0.000
vn 0.000 0.249 -0.968
vn -0.000 0.009 -1.000
vn -0.391 -0.317 -0.864
vn -0.430 -0.342 -0.836
vn -0.467 -0.155 -0.870
vn -0.503 -0.181 -0.845
vn -0.580 0.213 -0.786
vn -0.580 0.213 -0.786
vn 0.000 0.749 -0.663
vn 0.479 0.503 -0.719
vn 0.479 0.503 -0.719
vn -0.841 -0.524 -0.135
vn -0.601 -0.200 -0.774
vn 0.000 -0.416 0.909
vn 0.000 -0.582 0.814
vn 0.000 -0.982 0.190
vn 0.000 -1.000 0.000
vn 0.000 -0.974 -0.226
vn 0.000 -0.000 1.000
vn -0.335 0.854 0.398
vn 0.000 -0.231 0.973
vn -0.000 0.562 -0.827
vn -0.000 0.648 -0.762
vn -0.000 -0.203 0.979
vn -0.000 -0.203 0.979
vn 0.000 0.581 -0.814
vn 0.000 0.581 -0.814
vn -0.000 0.581 -0.814
vn 0.000 0.000 -1.000
vn 0.000 -0.531 -0.847
vn 0.000 -0.968 -0.249
vn 1.000 0.004 0.001
vn 1.000 0.002 0.001
vn 1.000 0.003 -0.000
vn 1.000 -0.000 0.002
vn 0.992 0.124 -0.019
vn 0.992 0.124 -0.015
vn 0.992 0.124 -0.015
vn 0.992 0.123 -0.020
vn -0.000 0.977 -0.214
vn 0.887 0.461 -0.008
vn 0.887 0.461 -0.007
vn 0.887 0.461 -0.008
vn 0.887 0.462 -0.003
vn 0.887 0.462 -0.003
vn 0.887 0.461 -0.012
vn 0.000 0.481 0.876
vn 0.888 0.453 -0.074
vn 0.888 0.454 -0.075
vn 0.888 0.454 -0.074
vn 0.889 0.453 -0.073
vn 0.408 0.913 -0.016
vn 0.407 0.913 -0.017
vn 0.407 0.913 -0.016
vn 0.408 0.913 -0.006
vn 0.408 0.913 -0.006
vn 0.409 0.912 -0.024
vn 0.408 0.912 -0.024
vn 0.409 0.912 -0.024
vn 0.409 0.912 -0.024
vn 0.000 0.922 0.386
vn 0.422 0.888 -0.181
vn 0.410 0.891 -0.193
vn 1.000 -0.001 -0.015
vn 1.000 -0.001 -0.015
vn 1.000 -0.003 -0.017
vn 1.000 -0.002 -0.016
vn 1.000 -0.002 -0.017
vn 0.996 0.056 -0.076
vn 0.983 0.073 -0.171
vn 0.980 0.061 -0.190
vn 0.998 -0.058 0.001
vn 0.999 -0.054 0.001
vn 0.998 -0.056 0.001
vn 0.998 -0.061 0.001
vn 0.998 -0.060 0.000
vn 0.998 -0.063 0.000
vn 0.969 0.105 0.225
vn 0.963 0.101 0.250
vn 0.958 0.151 0.245
vn 0.944 0.180 0.276
vn 0.932 0.361 -0.013
vn 0.931 0.364 -0.013
vn 0.932 0.363 -0.013
vn 0.933 0.360 -0.013
vn 0.933 0.360 0.005
vn 0.891 0.454 0.000
vn 0.986 0.165 0.007
vn 0.986 0.164 -0.006
vn 0.986 0.164 -0.008
vn 0.987 0.163 -0.006
vn 0.986 0.165 0.004
vn 0.986 0.165 0.002
vn 0.989 0.150 -0.001
vn 0.989 0.151 -0.001
vn 0.989 0.151 -0.001
vn 0.989 0.150 -0.001
vn 0.985 0.170 0.025
vn 0.984 0.176 -0.004
vn 1.000 0.015 0.011
vn 0.991 0.083 0.105
vn 0.987 0.158 -0.015
vn 0.992 0.122 -0.014
vn 0.991 0.132 0.005
vn 0.987 0.159 0.005
vn 0.991 0.136 -0.010
vn 0.989 0.145 0.011
vn 0.988 0.156 -0.005
vn 0.991 0.137 -0.004
vn 0.494 0.126 -0.860
vn 0.487 0.124 -0.865
vn 0.628 -0.778 0.005
vn 0.628 -0.778 0.005
vn 0.529 -0.152 0.835
vn 0.536 -0.150 0.831
vn 0.465 0.383 0.798
vn 0.433 0.401 0.807
vn 0.367 0.930 -0.004
vn 0.373 0.928 -0.004
vn 0.368 0.930 0.003
vn 0.365 0.931 0.003
vn 0.544 -0.238 -0.805
vn 0.549 -0.236 -0.802
vn 0.631 -0.776 0.021
vn 0.629 -0.777 0.021
vn 0.500 0.042 0.865
vn 0.506 0.042 0.861
vn 0.909 -0.001 -0.417
vn 0.856 -0.006 -0.517
vn 0.884 -0.468 -0.000
vn 0.884 -0.468 -0.000
vn 0.911 -0.150 0.384
vn 0.872 -0.175 0.458
vn 0.884 0.079 0.461
vn 0.884 0.468 0.000
vn 0.884 0.468 0.000
vn 0.897 0.261 0.356
vn 0.953 0.170 0.250
vn 0.796 0.155 -0.585
vn 0.995 0.066 0.081
vn 0.996 0.043 0.082
vn 0.998 -0.026 -0.058
vn 0.998 -0.056 -0.016
vn 0.887 -0.461 0.000
vn 0.911 0.001 0.412
vn 0.853 0.006 0.522
vn 0.877 0.481 -0.012
vn 0.876 0.483 -0.012
vn 0.876 0.482 -0.012
vn 0.877 0.480 -0.012
vn 0.763 0.230 -0.604
vn 0.766 0.230 -0.600
vn 0.765 0.230 -0.602
vn 0.762 0.231 -0.605
vn 0.703 -0.711 0.000
vn 0.293 -0.280 0.914
vn 0.022 -0.231 0.973
vn 0.022 -0.428 0.903
vn 0.022 -0.779 0.627
vn 0.022 -0.974 0.226
vn 0.022 -1.000 -0.000
vn 0.022 -0.985 -0.173
vn 0.022 -0.985 -0.173
vn 0.022 -0.868 -0.496
vn 0.022 -0.868 -0.496
vn 0.022 -0.649 -0.761
vn 0.022 -0.507 -0.862
vn 0.008 -1.000 0.004
vn 0.007 -1.000 0.003
vn -0.001 -1.000 -0.000
vn 0.340 0.000 0.941
vn 0.325 0.341 0.882
vn 0.396 0.918 0.000
vn 0.766 0.637 0.078
vn 0.777 -0.111 -0.620
vn 0.777 -0.111 -0.620
vn 0.778 -0.110 -0.619
vn 0.782 -0.106 -0.614
vn 0.652 -0.755 0.066
vn 0.652 -0.756 0.066
vn 0.000 -0.755 0.655
vn 0.000 -0.756 0.655
vn 0.758 0.648 0.077
vn 0.758 0.648 0.077
vn 0.000 0.433 0.901
vn -0.000 0.430 0.903
vn -0.602 0.270 0.752
vn -0.602 0.270 0.752
vn 0.934 0.356 0.001
vn 0.919 0.393 0.000
vn 0.920 0.098 -0.379
vn 0.920 0.098 -0.379
vn 0.920 0.000 -0.391
vn 0.920 0.000 -0.391
vn 0.922 -0.388 0.000
vn 0.921 -0.162 0.354
vn 0.921 -0.162 0.354
vn 0.921 -0.226 0.316
vn 0.921 -0.226 0.316
vn 0.921 -0.226 0.316
vn 0.922 -0.327 0.210
vn 0.922 -0.381 0.074
vn 0.922 -0.388 -0.000
vn 0.922 -0.378 -0.088
vn 0.922 -0.378 -0.088
vn 0.921 -0.303 -0.244
vn 0.921 -0.167 -0.352
vn 0.921 -0.230 -0.314
vn 0.921 -0.230 -0.314
vn 0.919 0.162 0.358
vn 0.930 0.150 0.334
vn 0.937 0.022 0.350
vn 0.989 0.051 0.139
vn 0.896 0.443 0.023
vn 0.864 0.503 -0.008
vn 0.866 0.495 -0.075
vn 0.859 0.504 -0.086
vn 0.877 0.346 -0.333
vn 0.879 0.346 -0.328
vn 0.879 0.346 -0.329
vn 0.877 0.346 -0.333
vn 0.889 0.244 -0.388
vn 0.905 0.241 -0.349
vn 0.954 0.191 -0.233
vn 1.000 0.004 0.001
vn 1.000 0.005 -0.001
vn 1.000 0.006 -0.001
vn 1.000 0.009 -0.004
vn 1.000 0.002 0.000
vn 1.000 0.001 0.000
vn 1.000 0.014 0.020
vn 1.000 0.005 0.004
vn 1.000 0.004 0.002
vn 0.983 0.109 0.145
vn 0.945 0.080 0.317
vn 0.997 0.065 0.031
vn 0.992 0.123 0.023
vn 0.992 0.123 0.023
vn 0.992 0.124 0.023
vn 0.992 0.124 0.022
vn 0.989 0.150 -0.015
vn -0.511 0.266 -0.817
vn -0.512 0.266 -0.817
vn -0.265 -0.150 -0.953
vn -0.265 -0.150 -0.953
vn 0.814 0.581 0.000
vn 0.000 0.581 0.814
vn 0.000 0.581 0.814
vn -0.814 0.581 0.000
vn -0.002 0.255 -0.967
vn 0.000 0.262 -0.965
vn -0.000 0.249 -0.969
vn -0.000 0.253 -0.968
vn 0.003 0.256 -0.967
vn 0.000 0.250 -0.968
vn 0.430 -0.342 -0.836
vn 0.391 -0.317 -0.864
vn 0.503 -0.180 -0.845
vn 0.503 -0.180 -0.845
vn 0.503 -0.181 -0.845
vn 0.467 -0.155 -0.871
vn 0.580 0.213 -0.786
vn 0.580 0.213 -0.786
vn -0.479 0.503 -0.719
vn -0.479 0.503 -0.719
vn 0.000 0.968 0.249
vn 0.841 -0.524 -0.135
vn -0.000 0.867 -0.499
vn 0.601 -0.200 -0.774
vn 0.601 -0.200 -0.774
vn 0.000 -0.842 0.540
vn 0.000 -0.779 -0.627
vn 0.000 -0.429 -0.903
vn 0.000 -0.590 -0.807
vn 0.000 -0.429 0.903
vn 0.000 -0.779 0.627
vn 0.000 -0.779 0.627
vn 0.000 -0.974 0.226
vn 0.000 -0.985 -0.173
vn 0.000 -0.868 -0.496
vn 0.000 -0.649 -0.761
vn 0.000 -0.507 -0.862
vn 0.000 0.361 0.933
vn -0.000 0.242 -0.970
vn -0.000 0.792 -0.610
vn 0.000 -0.756 -0.655
vn 0.000 0.432 0.902
vn 0.000 -0.203 0.979
vn 0.000 -0.203 0.979
vn 0.001 0.310 -0.951
vn 0.000 0.310 -0.951
vn 0.000 0.310 -0.951
vn -0.000 0.310 -0.951
vn -0.001 0.310 -0.951
vn -0.000 0.310 -0.951
vn 0.000 0.753 -0.658
vn 0.000 -0.518 -0.856
vn -0.000 1.000 -0.017
vn 0.000 1.000 -0.026
vn 0.033 0.999 -0.007
vn -0.005 1.000 -0.018
vn -0.006 1.000 -0.019
vn -0.005 1.000 -0.018
vn -0.000 1.000 -0.018
vn 0.000 1.000 -0.019
vn 0.000 1.000 -0.018
vn 0.000 1.000 -0.017
vn -0.000 0.810 -0.586
vn -0.569 0.821 0.048
vn -0.569 0.821 0.048
vn 0.000 0.830 0.558
vn 0.569 0.821 0.048
vn 0.569 0.821 0.048
vn -0.986 0.167 -0.001
vn -0.991 0.137 -0.004
vn -0.986 0.166 0.006
vn 0.965 0.103 0.242
vn 0.991 0.135 -0.016
vn 0.986 0.166 0.006
vn 0.991 0.137 -0.004
vn 0.000 0.433 0.901
vn -0.000 0.310 -0.951
vn -0.965 0.103 0.242
vn -0.991 0.135 -0.016
vn 0.986 0.167 -0.001
vn 0.000 0.976 0.216
vn 0.000 0.797 0.604
vn 0.000 0.797 0.604
vn 0.000 0.492 0.870
vn 0.000 0.325 0.946
vn 0.000 -1.000 -0.016
vn 0.000 -0.977 -0.212
vn 0.000 -0.804 -0.595
vn 0.000 -0.489 -0.873
vn 0.000 -0.350 -0.937
vn 0.000 -0.804 -0.595
vn 0.000 -0.987 0.163
vn 0.000 -0.882 0.470
vn 0.000 -0.686 0.728
vn 0.000 -0.430 0.903
vn 0.000 -0.935 -0.356
vn 0.000 -0.478 -0.878
vn 0.000 0.209 -0.978
vn 0.000 0.430 -0.903
vn 0.000 0.675 -0.738
vn 0.000 0.878 -0.478
vn 0.000 0.986 -0.166
vn -1.000 0.009 0.001
vn -1.000 0.003 0.000
vn 1.000 0.001 0.000
vn -0.536 0.844 0.000
vn -0.536 0.844 0.000
vn -0.536 0.824 0.182
vn -0.536 0.824 0.182
vn -0.536 0.824 0.182
vn -0.536 0.673 0.510
vn -0.536 0.673 0.510
vn -0.536 0.416 0.735
vn -0.536 0.416 0.735
vn -0.529 0.276 0.803
vn -0.537 0.275 0.798
vn -0.534 0.275 0.800
vn -0.525 0.276 0.805
vn -0.525 -0.851 -0.018
vn -0.537 -0.844 -0.013
vn -0.536 -0.825 -0.179
vn -0.536 -0.825 -0.179
vn -0.536 -0.825 -0.179
vn -0.536 -0.678 -0.502
vn -0.536 -0.679 -0.502
vn -0.536 -0.678 -0.502
vn -0.536 -0.412 -0.737
vn -0.536 -0.412 -0.737
vn -0.538 -0.295 -0.790
vn -0.536 -0.825 -0.179
vn -0.536 -0.844 0.000
vn -0.536 -0.844 0.000
vn -0.536 -0.833 0.138
vn -0.536 -0.833 0.138
vn -0.536 -0.745 0.397
vn -0.536 -0.745 0.397
vn -0.536 -0.579 0.614
vn -0.536 -0.579 0.614
vn -0.526 -0.357 0.772
vn -0.501 -0.372 0.781
vn -0.536 -0.789 -0.300
vn -0.536 -0.789 -0.300
vn -0.537 -0.410 -0.737
vn -0.531 -0.451 -0.717
vn -0.532 -0.438 -0.725
vn -0.536 -0.404 -0.742
vn -0.536 0.176 -0.826
vn -0.536 0.176 -0.826
vn -0.535 0.364 -0.763
vn -0.538 0.362 -0.761
vn -0.537 0.363 -0.762
vn -0.534 0.364 -0.763
vn -0.536 0.570 -0.623
vn -0.536 0.570 -0.623
vn -0.536 0.741 -0.404
vn -0.536 0.742 -0.404
vn -0.536 0.832 -0.140
vn -0.536 0.832 -0.140
vn -0.000 0.976 -0.216
vn -0.000 0.797 -0.604
vn -0.000 0.797 -0.604
vn 0.000 0.492 -0.870
vn 0.000 0.270 -0.963
vn 0.000 -0.977 0.212
vn 0.000 -0.804 0.595
vn 0.000 -0.489 0.873
vn 0.000 -0.277 0.961
vn 0.000 -0.987 -0.163
vn 0.000 -0.883 -0.470
vn 0.000 -0.882 -0.470
vn 0.000 -0.686 -0.728
vn 0.000 -0.479 -0.878
vn 0.000 -0.935 0.356
vn 0.000 -0.478 0.878
vn 0.000 0.209 0.978
vn 0.000 0.463 0.886
vn 0.000 0.675 0.738
vn 0.000 0.878 0.478
vn 0.000 0.986 0.166
vn 1.000 0.000 0.000
vn -1.000 0.000 0.000
vn 1.000 0.001 0.000
vn -0.536 0.824 -0.182
vn -0.536 0.824 -0.182
vn -0.536 0.673 -0.510
vn -0.536 0.673 -0.510
vn -0.536 0.416 -0.735
vn -0.555 0.225 -0.801
vn -0.534 0.226 -0.814
vn -0.536 -0.825 0.179
vn -0.536 -0.825 0.179
vn -0.536 -0.825 0.179
vn -0.536 -0.678 0.502
vn -0.536 -0.678 0.502
vn -0.536 -0.679 0.502
vn -0.536 -0.412 0.737
vn -0.536 -0.412 0.737
vn -0.535 -0.234 0.811
vn -0.536 -0.412 0.737
vn -0.536 -0.833 -0.138
vn -0.536 -0.745 -0.397
vn -0.536 -0.579 -0.614
vn -0.515 -0.410 -0.752
vn -0.531 -0.398 -0.748
vn -0.536 -0.789 0.300
vn -0.537 -0.410 0.737
vn -0.536 -0.404 0.741
vn -0.535 -0.385 0.752
vn -0.535 -0.385 0.752
vn -0.536 0.176 0.826
vn -0.536 0.176 0.826
vn -0.536 0.177 0.826
vn -0.536 0.391 0.748
vn -0.536 0.570 0.623
vn -0.536 0.570 0.623
vn -0.536 0.570 0.623
vn -0.536 0.741 0.404
vn -0.536 0.742 0.404
vn -0.536 0.742 0.404
vn -0.536 0.832 0.140
vn -0.536 0.832 0.140
vn 0.302 0.000 -0.953
vn -0.526 0.000 -0.850
vn -0.900 0.000 0.436
vn 0.300 0.097 -0.949
vn 0.000 0.101 -0.995
vn -0.523 0.115 -0.845
vn -0.999 0.055 0.000
vn -0.899 0.050 0.436
vn 0.195 0.981 0.000
vn 0.158 0.853 -0.498
vn 0.171 0.970 -0.171
vn 0.000 0.834 -0.552
vn -0.159 0.953 -0.257
vn -0.208 0.956 -0.208
vn -0.197 0.980 0.000
vn -0.202 0.975 0.098
vn -0.190 0.980 0.057
vn 0.000 0.834 0.552
vn 0.552 0.834 0.000
vn -0.711 0.000 -0.703
vn 0.550 0.000 0.835
vn 0.550 0.000 0.835
vn 0.000 -0.428 0.904
vn -0.797 0.604 0.000
vn -0.797 0.604 0.000
vn -0.567 0.604 -0.560
vn -0.567 0.604 -0.560
vn 0.000 0.604 -0.797
vn 0.604 0.000 -0.797
vn 0.000 -0.604 -0.797
vn -0.567 -0.604 -0.560
vn -0.797 -0.604 0.000
vn -0.797 -0.604 0.000
vn -0.797 -0.259 0.545
vn 0.707 0.000 -0.707
vn 0.707 -0.707 0.000
vn -0.707 -0.707 0.000
vn -0.747 0.000 -0.665
vn 0.000 0.747 -0.665
vn 0.747 0.000 -0.665
vn 0.000 -0.747 -0.665
vn -0.528 -0.528 -0.665
vn -0.528 -0.528 -0.665
vn 0.528 -0.528 -0.665
vn 0.528 -0.528 -0.665
vn 0.528 -0.528 -0.665
vn 0.747 0.000 -0.665
vn -0.000 -0.603 -0.798
vn -0.798 -0.603 0.000
vn -0.798 -0.603 0.000
vn -0.994 0.108 0.000
vn 0.000 -0.266 0.964
vn 0.000 -0.266 0.964
vn 0.000 -0.334 -0.943
vn -0.711 0.704 0.000
vn -0.711 0.704 0.000
vn -0.707 0.707 0.000
vn -0.707 0.707 0.000
vn 0.000 -0.602 0.798
vn 0.000 0.675 -0.738
vn 1.000 -0.016 0.000
vn 0.999 -0.056 0.000
vn 1.000 0.000 0.000
vn 0.536 0.844 0.000
vn 0.536 0.824 0.182
vn 0.536 0.673 0.510
vn 0.536 0.673 0.510
vn 0.536 0.416 0.735
vn 0.529 0.276 0.803
vn 0.525 0.276 0.805
vn 0.534 0.275 0.800
vn 0.537 0.275 0.798
vn 0.537 -0.844 -0.013
vn 0.525 -0.851 -0.018
vn 0.536 -0.825 -0.179
vn 0.536 -0.825 -0.179
vn 0.536 -0.825 -0.179
vn 0.536 -0.678 -0.502
vn 0.536 -0.678 -0.502
vn 0.536 -0.679 -0.502
vn 0.536 -0.412 -0.737
vn 0.536 -0.412 -0.737
vn 0.538 -0.295 -0.790
vn 0.538 -0.295 -0.790
vn 0.536 -0.412 -0.737
vn 0.536 -0.844 0.000
vn 0.536 -0.833 0.138
vn 0.536 -0.833 0.138
vn 0.536 -0.745 0.397
vn 0.536 -0.579 0.614
vn 0.536 -0.579 0.614
vn 0.501 -0.372 0.781
vn 0.526 -0.357 0.772
vn 0.536 -0.844 0.000
vn 0.536 -0.789 -0.300
vn 0.536 -0.789 -0.300
vn 0.537 -0.410 -0.737
vn 0.536 -0.404 -0.742
vn 0.522 -0.463 -0.716
vn 0.518 -0.485 -0.705
vn 0.536 0.176 -0.826
vn 0.536 0.176 -0.826
vn 0.535 0.363 -0.763
vn 0.534 0.364 -0.763
vn 0.537 0.363 -0.762
vn 0.538 0.362 -0.761
vn 0.536 0.570 -0.623
vn 0.536 0.570 -0.623
vn 0.536 0.741 -0.404
vn 0.536 0.832 -0.140
vn 0.000 -0.804 0.595
vn -1.000 0.001 0.000
vn 1.000 -0.004 0.013
vn 1.000 -0.001 0.004
vn -1.000 0.001 0.000
vn 0.536 0.844 0.000
vn 0.536 0.824 -0.182
vn 0.536 0.824 -0.182
vn 0.536 0.824 -0.182
vn 0.536 0.673 -0.510
vn 0.536 0.416 -0.735
vn 0.534 0.226 -0.814
vn 0.555 0.225 -0.801
vn 0.536 -0.825 0.179
vn 0.536 -0.678 0.502
vn 0.536 -0.412 0.737
vn 0.535 -0.234 0.811
vn 0.536 -0.678 0.502
vn 0.536 -0.679 0.502
vn 0.536 -0.825 0.179
vn 0.536 -0.833 -0.138
vn 0.536 -0.833 -0.138
vn 0.536 -0.745 -0.397
vn 0.536 -0.579 -0.614
vn 0.536 -0.579 -0.614
vn 0.531 -0.398 -0.748
vn 0.515 -0.410 -0.752
vn 0.536 -0.789 0.300
vn 0.537 -0.410 0.737
vn 0.538 -0.403 0.740
vn 0.537 -0.400 0.743
vn 0.536 -0.404 0.742
vn 0.536 0.176 0.826
vn 0.536 0.176 0.826
vn 0.536 0.391 0.748
vn 0.536 0.570 0.623
vn 0.536 0.570 0.623
vn 0.536 0.741 0.404
vn 0.536 0.742 0.404
vn 0.536 0.832 0.140
vn 0.536 0.832 0.140
vn -0.302 0.000 -0.953
vn 0.526 0.000 -0.850
vn 0.900 0.000 0.436
vn -0.300 0.097 -0.949
vn 0.523 0.115 -0.845
vn 0.999 0.055 0.000
vn 0.899 0.050 0.436
vn -0.195 0.981 0.000
vn -0.171 0.970 -0.171
vn -0.158 0.853 -0.498
vn 0.208 0.956 -0.208
vn 0.159 0.953 -0.257
vn 0.197 0.980 0.000
vn 0.197 0.980 0.000
vn 0.190 0.980 0.057
vn 0.202 0.975 0.098
vn -0.552 0.834 0.000
vn 0.711 0.000 -0.703
vn -0.550 0.000 0.835
vn -0.550 0.000 0.835
vn 0.797 0.604 -0.000
vn 0.567 0.604 -0.560
vn 0.567 0.604 -0.560
vn -0.604 0.000 -0.797
vn 0.567 -0.604 -0.560
vn 0.797 -0.604 0.000
vn 0.797 -0.604 0.000
vn 0.797 -0.259 0.545
vn 0.797 -0.259 0.545
vn -0.707 0.000 -0.707
vn -0.528 -0.528 -0.665
vn -0.747 0.000 -0.665
vn 0.000 0.000 1.000
vn 0.798 -0.603 0.000
vn 0.798 -0.602 0.000
vn 0.994 0.108 0.000
vn 0.711 0.704 0.000
vn 0.711 0.704 0.000
vn 0.707 0.707 0.000
vn 0.707 0.707 0.000
vn 0.000 -0.130 0.992
vn 0.000 -0.318 -0.948
vn -0.315 -0.121 0.941
vn -0.325 -0.138 0.935
vn -0.999 0.032 -0.018
vn -0.999 0.032 -0.019
vn -0.999 0.030 -0.017
vn -1.000 0.029 -0.015
vn -1.000 0.007 -0.013
vn 0.000 0.486 -0.874
vn -0.222 0.727 0.649
vn -0.232 0.676 0.699
vn -0.677 0.736 0.000
vn -0.695 0.719 0.003
vn -0.677 0.357 -0.643
vn -0.677 0.357 -0.643
vn -0.505 -0.274 -0.819
vn -0.720 -0.183 -0.670
vn -0.428 -0.904 0.000
vn -0.576 -0.817 -0.029
vn -0.121 -0.928 0.353
vn -0.152 -0.895 0.420
vn 0.000 -0.557 0.831
vn 0.000 -0.557 0.831
vn 0.000 -0.551 0.835
vn -0.902 -0.431 0.000
vn -0.902 -0.431 0.000
vn 0.910 -0.415 -0.000
vn -0.425 -0.504 0.752
vn -0.425 -0.504 0.752
vn 0.000 -0.857 0.515
vn 0.000 -0.857 0.515
vn 0.360 -0.623 0.695
vn 0.319 -0.625 0.712
vn 0.000 -0.892 0.452
vn -0.321 -0.624 0.713
vn -0.350 -0.633 0.691
vn -0.000 0.557 -0.831
vn 0.325 -0.138 0.935
vn 0.315 -0.121 0.941
vn 0.999 0.033 -0.019
vn 0.999 0.032 -0.019
vn 0.999 0.033 -0.019
vn 0.999 0.033 -0.019
vn 1.000 0.009 -0.017
vn 0.232 0.676 0.699
vn 0.222 0.727 0.649
vn 0.696 0.718 0.000
vn 0.696 0.718 0.000
vn 0.696 0.349 -0.628
vn 0.696 0.349 -0.628
vn 0.696 0.349 -0.628
vn 0.738 -0.173 -0.652
vn 0.505 -0.274 -0.819
vn 0.576 -0.817 -0.029
vn 0.428 -0.904 0.000
vn 0.152 -0.895 0.420
vn 0.121 -0.928 0.353
vn 0.902 -0.431 -0.000
vn -0.910 -0.415 0.000
vn 0.425 -0.504 0.752
vn 0.425 -0.504 0.752
vn 0.425 -0.504 0.752
vn -0.319 -0.625 0.712
vn -0.360 -0.623 0.695
vn 0.350 -0.633 0.691
vn 0.321 -0.624 0.713
vn 0.000 0.000 0.000
vn 0.000 0.676 0.737
vn 0.000 -0.150 0.989
vn -0.000 -0.451 -0.892
vn -0.528 -0.383 -0.758
vn -0.000 0.088 -0.996
vn 0.528 -0.383 -0.758
vn 0.528 -0.383 -0.758
vn -0.000 -0.854 -0.519
vn 0.000 -0.130 0.992
vn -0.831 -0.552 -0.072
vn -0.000 -0.992 -0.130
vn 0.831 -0.551 -0.072
vn 0.000 -0.928 0.373
vn -0.297 -0.122 0.947
vn 0.000 -0.418 0.908
vn 0.247 -0.288 0.925
vn -0.247 -0.288 0.925
vn -0.246 -0.288 0.925
vn 0.297 -0.122 0.947
vn 0.000 0.170 0.985
vn -0.445 0.155 0.882
vn -0.445 0.156 0.882
vn -0.445 0.448 0.776
vn -0.445 0.686 0.576
vn -0.445 0.842 0.306
vn -0.445 0.896 0.000
vn -0.445 0.842 -0.306
vn -0.445 0.686 -0.576
vn -0.445 0.448 -0.776
vn -0.445 0.155 -0.882
vn -0.445 0.156 -0.882
vn -0.445 -0.155 -0.882
vn -0.445 -0.156 -0.882
vn -0.445 -0.448 -0.776
vn -0.445 -0.686 -0.576
vn -0.445 -0.842 -0.306
vn -0.445 -0.896 0.000
vn -0.445 -0.842 0.306
vn -0.445 -0.842 0.306
vn -0.445 -0.686 0.576
vn -0.445 -0.448 0.776
vn -0.445 -0.155 0.882
vn -0.445 -0.156 0.882
vn -0.768 -0.111 -0.631
vn -0.768 0.111 -0.631
vn -0.768 0.320 -0.554
vn -0.768 0.490 -0.412
vn -0.768 0.602 -0.219
vn -0.768 0.640 0.000
vn -0.768 0.640 0.000
vn -0.768 0.602 0.219
vn -0.768 0.490 0.412
vn -0.768 0.320 0.554
vn -0.768 0.111 0.631
vn -0.768 -0.111 0.631
vn -0.768 -0.320 0.554
vn -0.768 -0.490 0.412
vn -0.768 -0.602 0.219
vn -0.768 -0.640 0.000
vn -0.768 -0.640 0.000
vn -0.768 -0.602 -0.219
vn -0.768 -0.490 -0.412
vn -0.768 -0.320 -0.554
vn 0.011 0.160 0.987
vn -0.011 0.512 0.859
vn 0.000 0.500 0.866
vn 0.000 0.766 0.643
vn 0.011 0.757 0.653
vn -0.011 0.945 0.328
vn 0.000 0.940 0.342
vn 0.011 1.000 0.014
vn -0.011 0.934 -0.356
vn -0.000 0.940 -0.342
vn 0.000 0.766 -0.643
vn 0.011 0.775 -0.632
vn -0.011 0.487 -0.873
vn 0.000 0.500 -0.866
vn -0.000 0.174 -0.985
vn 0.011 0.188 -0.982
vn -0.011 -0.188 -0.982
vn -0.000 -0.174 -0.985
vn 0.000 -0.500 -0.866
vn 0.011 -0.488 -0.873
vn -0.011 -0.775 -0.631
vn 0.000 -0.766 -0.643
vn 0.000 -0.940 -0.342
vn 0.011 -0.935 -0.355
vn -0.011 -1.000 0.015
vn 0.000 -0.940 0.342
vn 0.011 -0.944 0.329
vn -0.011 -0.756 0.654
vn 0.000 -0.766 0.643
vn 0.000 -0.500 0.866
vn 0.011 -0.512 0.859
vn -0.011 -0.159 0.987
vn 0.000 -0.174 0.985
vn 0.000 0.174 0.985
vn 0.445 0.155 0.882
vn 0.445 0.156 0.882
vn 0.445 0.448 0.776
vn 0.445 0.686 0.576
vn 0.445 0.842 0.306
vn 0.445 0.896 -0.000
vn 0.445 0.842 -0.306
vn 0.445 0.686 -0.576
vn 0.445 0.448 -0.776
vn 0.445 0.155 -0.882
vn 0.445 0.156 -0.882
vn 0.445 -0.155 -0.882
vn 0.445 -0.156 -0.882
vn 0.445 -0.448 -0.776
vn 0.445 -0.686 -0.576
vn 0.445 -0.842 -0.306
vn 0.445 -0.896 0.000
vn 0.445 -0.842 0.306
vn 0.445 -0.686 0.576
vn 0.445 -0.448 0.776
vn 0.445 -0.156 0.882
vn 0.768 -0.111 -0.631
vn 0.768 0.111 -0.631
vn 0.768 0.320 -0.554
vn 0.768 0.320 -0.554
vn 0.768 0.490 -0.412
vn 0.768 0.602 -0.219
vn 0.768 0.640 0.000
vn 0.768 0.602 0.219
vn 0.768 0.490 0.412
vn 0.768 0.320 0.554
vn 0.768 0.320 0.554
vn 0.768 0.111 0.631
vn 0.768 -0.111 0.631
vn 0.768 -0.320 0.554
vn 0.768 -0.320 0.554
vn 0.768 -0.490 0.412
vn 0.768 -0.602 0.219
vn 0.768 -0.640 0.000
vn 0.768 -0.640 0.000
vn 0.768 -0.602 -0.219
vn 0.768 -0.490 -0.412
vn 0.768 -0.320 -0.554
vn 0.013 0.513 0.859
vn -0.013 0.159 0.987
vn 0.013 0.945 0.328
vn -0.013 0.756 0.654
vn 0.013 0.934 -0.356
vn -0.013 1.000 0.015
vn 0.013 0.487 -0.873
vn -0.013 0.776 -0.631
vn 0.013 -0.188 -0.982
vn -0.013 0.189 -0.982
vn 0.013 -0.775 -0.631
vn -0.013 -0.487 -0.873
vn 0.013 -1.000 0.015
vn -0.013 -0.934 -0.356
vn 0.013 -0.756 0.654
vn -0.013 -0.945 0.328
vn 0.013 -0.159 0.987
vn -0.013 -0.513 0.858
vn 0.774 -0.595 0.217
vn -0.805 -0.557 0.203
vn 0.805 0.557 -0.203
vn -0.774 0.595 -0.217
vn 0.774 -0.317 0.549
vn -0.805 -0.297 0.514
vn 0.805 0.297 -0.514
vn -0.774 0.317 -0.549
vn 0.774 0.110 0.624
vn 0.774 0.110 0.624
vn -0.805 0.103 0.584
vn -0.805 0.103 0.584
vn 0.805 -0.103 -0.584
vn 0.805 -0.103 -0.584
vn -0.774 -0.110 -0.624
vn 0.774 0.485 0.407
vn 0.774 0.485 0.407
vn -0.805 0.454 0.381
vn 1.000 -0.000 0.000
vn 0.805 -0.454 -0.381
vn 0.805 -0.455 -0.381
vn -0.774 -0.485 -0.407
vn -0.774 -0.485 -0.407
vn 0.774 0.633 0.000
vn -0.805 0.593 0.000
vn 0.805 -0.593 0.000
vn -0.774 -0.633 0.000
vn 0.774 0.485 -0.407
vn -0.805 0.454 -0.381
vn 0.805 -0.454 0.381
vn -0.774 -0.485 0.407
vn -0.774 -0.485 0.407
vn 0.774 0.110 -0.624
vn -0.805 0.103 -0.584
vn -0.805 0.103 -0.584
vn 0.805 -0.103 0.584
vn 0.805 -0.103 0.584
vn -0.774 -0.110 0.624
vn 0.774 -0.317 -0.549
vn -0.805 -0.297 -0.514
vn 0.805 0.297 0.514
vn -0.774 0.317 0.549
vn 0.774 -0.595 -0.217
vn -0.805 -0.557 -0.203
vn 0.805 0.557 0.203
vn -0.774 0.595 0.217
vn -0.884 0.081 0.460
vn -0.925 0.061 0.374
vn 0.670 -0.444 0.595
vn 0.653 -0.426 0.626
vn -0.680 -0.391 0.620
vn -0.698 -0.413 0.586
vn 0.925 0.066 0.374
vn 0.874 0.077 0.480
vn 0.699 0.691 0.182
vn 0.712 0.686 0.150
vn -0.684 0.717 0.139
vn -0.669 0.724 0.171
vn -0.884 0.358 0.300
vn -0.925 0.287 0.248
vn 0.670 0.042 0.741
vn 0.653 0.076 0.754
vn -0.680 0.099 0.727
vn -0.698 0.060 0.714
vn 0.925 0.291 0.244
vn 0.874 0.367 0.318
vn 0.699 0.647 -0.304
vn 0.712 0.622 -0.326
vn -0.684 0.638 -0.354
vn -0.669 0.664 -0.335
vn -0.884 0.467 0.000
vn -0.925 0.379 0.005
vn 0.670 0.508 0.540
vn 0.653 0.542 0.529
vn -0.680 0.543 0.493
vn -0.698 0.505 0.509
vn 0.925 0.380 0.000
vn 0.874 0.486 0.007
vn 0.699 0.300 -0.649
vn 0.712 0.267 -0.649
vn -0.684 0.261 -0.682
vn -0.669 0.293 -0.683
vn -0.884 0.358 -0.300
vn -0.925 0.294 -0.240
vn 0.670 0.737 0.087
vn 0.653 0.755 0.057
vn -0.680 0.733 0.029
vn -0.697 0.714 0.065
vn 0.925 0.291 -0.244
vn 0.874 0.377 -0.307
vn 0.699 -0.188 -0.690
vn 0.712 -0.213 -0.669
vn -0.684 -0.238 -0.690
vn -0.669 -0.214 -0.712
vn -0.884 0.081 -0.460
vn -0.925 0.071 -0.372
vn 0.670 0.621 -0.407
vn 0.653 0.615 -0.442
vn -0.680 0.580 -0.449
vn -0.697 0.589 -0.409
vn 0.925 0.066 -0.374
vn 0.874 0.092 -0.477
vn 0.699 -0.587 -0.408
vn 0.712 -0.593 -0.375
vn -0.684 -0.626 -0.375
vn -0.669 -0.622 -0.408
vn -0.884 -0.234 -0.405
vn -0.925 -0.185 -0.331
vn 0.670 0.214 -0.711
vn 0.653 0.187 -0.734
vn -0.680 0.156 -0.717
vn -0.697 0.188 -0.692
vn 0.925 -0.190 -0.329
vn 0.874 -0.237 -0.424
vn 0.699 -0.712 0.065
vn 0.712 -0.696 0.094
vn -0.684 -0.721 0.115
vn -0.669 -0.738 0.087
vn -0.884 -0.439 -0.160
vn -0.925 -0.354 -0.135
vn 0.670 -0.293 -0.682
vn 0.653 -0.329 -0.682
vn -0.680 -0.342 -0.649
vn -0.697 -0.301 -0.651
vn 0.925 -0.357 -0.130
vn 0.874 -0.454 -0.173
vn 0.699 -0.504 0.507
vn 0.712 -0.473 0.519
vn -0.684 -0.478 0.551
vn -0.669 -0.509 0.541
vn -0.884 -0.439 0.160
vn -0.925 -0.358 0.125
vn 0.670 -0.663 -0.334
vn 0.653 -0.691 -0.311
vn -0.680 -0.679 -0.278
vn -0.698 -0.648 -0.305
vn 0.925 -0.357 0.130
vn 0.874 -0.459 0.159
vn 0.699 -0.060 0.712
vn 0.712 -0.029 0.701
vn -0.684 -0.012 0.730
vn -0.669 -0.042 0.742
vn -0.884 -0.234 0.404
vn -0.925 -0.194 0.326
vn 0.670 -0.722 0.170
vn 0.653 -0.729 0.205
vn -0.680 -0.699 0.224
vn -0.697 -0.693 0.183
vn 0.925 -0.190 0.329
vn 0.874 -0.249 0.417
vn 0.699 0.412 0.584
vn 0.712 0.429 0.556
vn -0.684 0.460 0.567
vn -0.669 0.445 0.596
vn -0.445 0.842 0.306
vn -0.445 0.842 -0.306
vn -0.445 -0.842 -0.306
vn -0.768 -0.111 -0.630
vn -0.768 0.320 -0.554
vn -0.768 0.320 0.554
vn -0.768 -0.320 -0.554
vn 0.445 0.842 0.306
vn 0.445 0.842 -0.306
vn 0.445 -0.155 0.882
vn 0.768 0.640 0.000
vn 0.768 -0.602 -0.219
vn 0.013 0.513 0.859
vn -0.013 0.159 0.987
vn -0.013 1.000 0.015
vn -0.013 0.189 -0.982
vn -0.774 0.595 -0.217
vn -0.805 -0.296 0.514
vn 0.805 0.296 -0.514
vn -0.774 0.317 -0.549
vn 0.774 0.110 0.624
vn -0.805 0.103 0.584
vn -0.774 -0.110 -0.624
vn -0.774 -0.110 -0.624
vn 0.774 0.485 0.407
vn -0.805 0.454 0.381
vn 0.805 -0.454 -0.381
vn 0.805 -0.454 0.381
vn 0.805 -0.455 0.381
vn -0.774 -0.485 0.407
vn 0.774 0.110 -0.624
vn 0.774 -0.317 -0.549
vn -0.805 -0.296 -0.514
vn -0.774 0.317 0.549
vn -0.884 0.081 0.460
vn -0.925 0.061 0.374
vn 0.653 -0.426 0.626
vn 0.874 0.077 0.480
vn 0.699 0.691 0.182
vn 0.712 0.686 0.150
vn -0.683 0.717 0.139
vn -0.669 0.724 0.171
vn -0.884 0.358 0.300
vn -0.925 0.287 0.248
vn 0.670 0.042 0.741
vn 0.653 0.075 0.754
vn -0.680 0.099 0.727
vn -0.698 0.060 0.714
vn 0.925 0.291 0.244
vn 0.699 0.647 -0.304
vn 0.712 0.622 -0.326
vn -0.683 0.638 -0.354
vn -0.925 0.379 0.005
vn 0.670 0.508 0.540
vn 0.653 0.542 0.529
vn -0.697 0.505 0.509
vn 0.925 0.380 0.000
vn 0.874 0.486 0.007
vn -0.683 0.261 -0.682
vn -0.669 0.293 -0.683
vn -0.884 0.358 -0.300
vn -0.925 0.294 -0.240
vn 0.670 0.737 0.087
vn 0.653 0.755 0.057
vn -0.680 0.733 0.029
vn 0.925 0.291 -0.244
vn -0.884 0.081 -0.460
vn -0.680 0.580 -0.449
vn -0.698 0.589 -0.409
vn -0.884 -0.234 -0.404
vn 0.670 0.214 -0.711
vn 0.653 0.187 -0.734
vn -0.698 0.188 -0.692
vn 0.874 -0.237 -0.424
vn 0.712 -0.696 0.094
vn -0.683 -0.721 0.115
vn -0.884 -0.439 -0.160
vn -0.925 -0.354 -0.135
vn 0.670 -0.293 -0.682
vn -0.680 -0.341 -0.649
vn 0.925 -0.357 -0.130
vn 0.874 -0.454 -0.173
vn -0.684 -0.478 0.551
vn -0.884 -0.439 0.160
vn -0.925 -0.358 0.125
vn 0.670 -0.663 -0.334
vn 0.653 -0.690 -0.311
vn -0.680 -0.679 -0.278
vn -0.697 -0.648 -0.305
vn 0.925 -0.357 0.130
vn 0.874 -0.459 0.159
vn 0.699 -0.060 0.712
vn -0.684 -0.012 0.730
vn -0.669 -0.042 0.742
vn 0.670 -0.722 0.170
vn 0.653 -0.729 0.205
vn -0.698 -0.693 0.183
vn 0.874 -0.249 0.417
vn 0.712 0.429 0.556
vn -0.669 0.445 0.596
vn 0.445 -0.842 -0.306
vn 0.445 -0.842 0.306
vn 0.768 -0.320 -0.554
vn 0.011 0.512 0.859
vn -0.011 0.160 0.987
vn 0.011 0.945 0.328
vn -0.011 0.757 0.653
vn 0.011 0.934 -0.356
vn -0.011 1.000 0.014
vn 0.011 0.487 -0.873
vn -0.011 0.775 -0.632
vn 0.000 0.174 -0.985
vn 0.011 -0.188 -0.982
vn -0.011 0.188 -0.982
vn 0.011 -0.775 -0.631
vn -0.011 -0.488 -0.873
vn 0.000 -0.766 -0.643
vn 0.011 -1.000 0.015
vn -0.011 -0.935 -0.355
vn 0.011 -0.756 0.654
vn -0.011 -0.944 0.329
vn 0.011 -0.159 0.987
vn -0.011 -0.512 0.859
vn 0.000 0.174 0.985
vn -0.768 0.490 0.412
vn 0.013 0.159 0.987
vn -0.013 0.513 0.859
vn 0.013 0.756 0.654
vn -0.013 0.945 0.328
vn 0.013 1.000 0.015
vn -0.013 0.934 -0.356
vn 0.013 0.776 -0.631
vn -0.013 0.487 -0.873
vn 0.013 0.189 -0.982
vn -0.013 -0.188 -0.982
vn 0.013 -0.487 -0.873
vn -0.013 -0.775 -0.631
vn 0.013 -0.934 -0.356
vn -0.013 -1.000 0.015
vn 0.013 -0.945 0.328
vn -0.013 -0.756 0.654
vn 0.013 -0.513 0.858
vn -0.013 -0.159 0.987
vn -0.774 -0.595 0.217
vn 0.805 -0.557 0.203
vn -0.805 0.557 -0.203
vn 0.774 0.595 -0.217
vn -0.774 -0.317 0.549
vn 0.805 -0.297 0.514
vn -0.805 0.297 -0.514
vn 0.774 0.317 -0.549
vn 0.774 0.317 -0.549
vn -0.774 0.110 0.624
vn 0.805 0.103 0.584
vn -0.805 -0.103 -0.584
vn 0.774 -0.110 -0.624
vn -0.774 0.485 0.407
vn 0.805 0.454 0.381
vn 0.805 0.454 0.381
vn -1.000 0.000 0.000
vn -1.000 -0.000 0.000
vn -0.805 -0.454 -0.381
vn -0.805 -0.455 -0.381
vn 0.774 -0.485 -0.407
vn 0.774 -0.485 -0.407
vn -0.774 0.633 0.000
vn 0.805 0.593 0.000
vn -0.805 -0.593 0.000
vn 0.774 -0.633 0.000
vn 1.000 0.000 0.000
vn -0.774 0.485 -0.407
vn 0.805 0.455 -0.381
vn 0.805 0.454 -0.381
vn -0.805 -0.454 0.381
vn -0.805 -0.454 0.381
vn 0.774 -0.485 0.407
vn 0.774 -0.485 0.407
vn -0.774 0.110 -0.624
vn 0.805 0.103 -0.584
vn 0.805 0.103 -0.584
vn -0.805 -0.103 0.584
vn -0.805 -0.103 0.584
vn 0.774 -0.110 0.624
vn 0.774 -0.110 0.624
vn -0.774 -0.317 -0.549
vn -0.774 -0.317 -0.549
vn 0.805 -0.297 -0.514
vn -0.805 0.297 0.514
vn 0.774 0.317 0.549
vn -0.774 -0.595 -0.217
vn -0.774 -0.595 -0.217
vn 0.805 -0.557 -0.203
vn -0.805 0.557 0.203
vn 0.774 0.595 0.217
vn 0.925 0.061 0.374
vn 0.884 0.081 0.460
vn -0.653 -0.426 0.626
vn -0.670 -0.444 0.595
vn 0.697 -0.413 0.586
vn 0.680 -0.391 0.620
vn -0.874 0.077 0.480
vn -0.925 0.066 0.374
vn -0.712 0.686 0.150
vn -0.699 0.691 0.182
vn 0.669 0.724 0.171
vn 0.684 0.717 0.139
vn 0.925 0.287 0.248
vn 0.884 0.358 0.300
vn -0.653 0.076 0.754
vn -0.670 0.042 0.741
vn 0.697 0.060 0.714
vn 0.680 0.099 0.727
vn 0.680 0.099 0.727
vn -0.874 0.367 0.318
vn -0.925 0.291 0.244
vn -0.712 0.622 -0.326
vn -0.699 0.647 -0.304
vn 0.669 0.664 -0.335
vn 0.683 0.638 -0.354
vn 0.925 0.379 0.005
vn 0.884 0.467 0.000
vn -0.653 0.542 0.529
vn -0.670 0.508 0.541
vn 0.698 0.505 0.509
vn 0.680 0.543 0.493
vn -0.874 0.486 0.007
vn -0.925 0.380 0.000
vn -0.712 0.267 -0.649
vn -0.699 0.300 -0.649
vn 0.669 0.293 -0.683
vn 0.684 0.261 -0.682
vn 0.925 0.294 -0.240
vn 0.884 0.358 -0.300
vn -0.653 0.755 0.057
vn -0.670 0.737 0.087
vn 0.697 0.714 0.065
vn 0.680 0.733 0.029
vn -0.874 0.377 -0.306
vn -0.925 0.291 -0.244
vn -0.712 -0.213 -0.669
vn -0.699 -0.188 -0.690
vn 0.669 -0.214 -0.712
vn 0.684 -0.238 -0.690
vn 0.925 0.071 -0.372
vn 0.884 0.081 -0.460
vn -0.653 0.615 -0.442
vn -0.670 0.621 -0.407
vn 0.698 0.589 -0.409
vn 0.680 0.580 -0.449
vn -0.874 0.092 -0.477
vn -0.925 0.066 -0.374
vn -0.712 -0.593 -0.375
vn -0.699 -0.587 -0.408
vn 0.669 -0.622 -0.408
vn 0.684 -0.626 -0.375
vn 0.925 -0.185 -0.331
vn 0.884 -0.234 -0.405
vn -0.653 0.187 -0.734
vn -0.670 0.214 -0.711
vn 0.698 0.188 -0.692
vn 0.680 0.156 -0.717
vn -0.874 -0.237 -0.424
vn -0.925 -0.190 -0.329
vn -0.712 -0.696 0.094
vn -0.699 -0.712 0.065
vn 0.669 -0.738 0.087
vn 0.683 -0.721 0.115
vn 0.925 -0.354 -0.135
vn 0.884 -0.439 -0.160
vn -0.653 -0.329 -0.682
vn -0.670 -0.293 -0.682
vn 0.698 -0.300 -0.651
vn 0.680 -0.342 -0.649
vn -0.874 -0.454 -0.173
vn -0.925 -0.357 -0.130
vn -0.712 -0.473 0.519
vn -0.699 -0.504 0.507
vn 0.669 -0.510 0.541
vn 0.683 -0.478 0.551
vn 0.925 -0.358 0.125
vn 0.884 -0.439 0.160
vn -0.653 -0.690 -0.311
vn -0.670 -0.663 -0.334
vn 0.698 -0.648 -0.305
vn 0.680 -0.679 -0.278
vn -0.874 -0.459 0.159
vn -0.925 -0.357 0.130
vn -0.712 -0.029 0.701
vn -0.699 -0.060 0.712
vn 0.669 -0.042 0.742
vn 0.684 -0.012 0.730
vn 0.925 -0.194 0.326
vn 0.884 -0.234 0.404
vn -0.653 -0.729 0.205
vn -0.670 -0.722 0.170
vn 0.697 -0.693 0.183
vn 0.680 -0.699 0.224
vn -0.874 -0.249 0.417
vn -0.925 -0.190 0.329
vn -0.712 0.429 0.556
vn -0.699 0.412 0.584
vn 0.669 0.445 0.596
vn 0.684 0.460 0.567
vn 0.011 -0.756 0.654
vn -0.768 -0.320 0.554
vn 0.013 0.159 0.987
vn 0.013 0.189 -0.982
vn 0.805 -0.557 0.203
vn 0.774 0.595 -0.217
vn 1.000 -0.000 0.000
vn -0.774 -0.317 0.549
vn 0.805 -0.296 0.514
vn -0.805 0.296 -0.514
vn 0.774 0.317 -0.549
vn -0.774 0.110 0.624
vn 0.805 0.103 0.584
vn -0.805 -0.103 -0.584
vn -0.774 0.485 0.407
vn -0.805 -0.454 -0.381
vn 0.774 -0.485 0.407
vn -0.774 0.110 -0.624
vn 0.805 0.103 -0.584
vn 0.805 -0.296 -0.514
vn 0.774 0.317 0.549
vn 0.774 0.317 0.549
vn 0.884 0.081 0.460
vn -0.874 0.077 0.480
vn -0.699 0.691 0.183
vn 0.669 0.724 0.170
vn 0.684 0.717 0.139
vn 0.925 0.287 0.248
vn -0.670 0.042 0.741
vn 0.697 0.060 0.714
vn -0.925 0.291 0.244
vn 0.684 0.638 -0.354
vn -0.653 0.542 0.529
vn -0.670 0.508 0.540
vn 0.697 0.505 0.508
vn -0.653 0.755 0.057
vn -0.670 0.737 0.087
vn 0.698 0.714 0.065
vn 0.680 0.733 0.029
vn -0.874 0.377 -0.307
vn -0.925 0.291 -0.244
vn -0.699 -0.188 -0.690
vn 0.884 0.081 -0.460
vn -0.653 0.615 -0.442
vn -0.670 0.621 -0.407
vn 0.697 0.589 -0.409
vn 0.669 -0.622 -0.408
vn 0.925 -0.185 -0.331
vn 0.884 -0.234 -0.404
vn -0.653 0.187 -0.734
vn 0.680 0.156 -0.717
vn -0.925 -0.190 -0.329
vn 0.925 -0.354 -0.135
vn 0.884 -0.439 -0.160
vn -0.670 -0.293 -0.682
vn 0.697 -0.300 -0.651
vn 0.680 -0.342 -0.649
vn -0.874 -0.454 -0.173
vn -0.712 -0.473 0.519
vn -0.699 -0.504 0.507
vn 0.669 -0.509 0.541
vn 0.925 -0.358 0.125
vn 0.884 -0.439 0.160
vn -0.653 -0.691 -0.311
vn 0.697 -0.648 -0.305
vn 0.680 -0.679 -0.278
vn -0.874 -0.459 0.159
vn -0.712 -0.029 0.701
vn 0.684 -0.012 0.730
vn 0.925 -0.194 0.326
vn 0.884 -0.234 0.404
vn -0.653 -0.729 0.205
vn -0.670 -0.722 0.170
vn 0.697 -0.693 0.183
vn 0.680 -0.699 0.224
vn -0.874 -0.249 0.417
vn -0.925 -0.190 0.329
vn -0.712 0.429 0.556
vn -0.699 0.412 0.584
vn 0.684 0.460 0.567
vn -0.653 -0.757 0.000
vn -0.653 -0.758 0.000
vn -0.653 -0.757 0.000
vn -0.653 0.000 0.757
vn -0.653 0.757 0.000
vn -0.653 0.758 0.000
vn -0.653 0.000 -0.757
vn 0.653 -0.757 0.000
vn 0.653 -0.757 0.000
vn 0.653 -0.757 0.000
vn 0.653 0.000 0.757
vn 0.653 0.000 0.757
vn 0.653 0.757 0.000
vn 0.653 0.757 0.000
vn 0.653 0.000 -0.757
vn -0.311 -0.118 0.943
vn -0.311 -0.118 0.943
vn 0.311 -0.118 0.943
vn 0.770 -0.638 0.000
vn 0.770 0.638 0.000
vn -0.579 -0.579 0.575
vn -0.579 -0.578 0.575
vn 0.000 -0.818 0.575
vn 0.792 -0.604 -0.088
vn 0.769 0.637 -0.050
vn 0.795 0.606 0.000
vn 0.000 0.818 0.575
vn -0.579 0.578 0.575
vn -0.579 0.579 0.575
vn -0.818 0.000 0.575
vn -0.707 -0.707 0.000
vn 0.795 -0.606 0.000
vn 0.563 0.429 0.706
vn 0.563 0.429 0.706
vn 0.000 0.708 0.706
vn -0.500 0.500 0.706
vn -0.501 0.501 0.706
vn -0.500 0.500 0.706
vn -0.708 0.000 0.706
vn 0.000 -0.708 0.706
vn 0.708 0.000 0.706
vn -0.501 -0.501 0.706
vn -0.500 -0.500 0.706
vn -0.500 -0.500 0.706
vn 0.563 -0.429 0.706
vn 0.820 0.572 0.000
vn 0.820 0.572 0.000
vn -0.820 -0.572 0.000
vn 0.923 0.385 0.000
vn 0.923 0.385 0.000
vn 0.852 0.000 0.524
vn 0.786 0.328 0.524
vn 0.786 0.328 0.524
vn 0.000 0.852 0.524
vn 0.000 0.852 0.524
vn 0.699 0.487 0.524
vn 0.000 0.852 0.524
vn -0.754 0.000 0.657
vn 0.000 -0.852 0.524
vn 0.000 -0.852 0.524
vn 0.000 -0.852 0.524
vn -0.699 -0.487 0.524
vn -0.699 -0.487 0.524
vn -0.736 -0.677 0.000
vn -0.736 0.000 0.677
vn -0.919 0.395 0.000
vn -0.919 0.395 0.000
vn -0.736 0.000 -0.677
vn -0.942 0.335 0.000
vn -0.942 0.335 0.000
vn -0.942 0.000 -0.335
vn -0.942 -0.335 0.000
vn -0.942 -0.335 0.000
vn -0.942 0.000 0.335
vn -0.736 -0.677 0.000
vn -0.736 -0.677 0.000
vn -0.931 -0.076 -0.357
vn -0.931 -0.075 -0.356
vn -0.930 -0.077 -0.359
vn -0.929 -0.079 -0.362
vn -0.000 -0.216 -0.976
vn 1.000 -0.001 -0.004
vn 1.000 -0.001 -0.005
vn 1.000 -0.001 -0.004
vn 1.000 -0.001 -0.004
vn 0.000 0.105 0.995
vn -0.952 -0.155 -0.263
vn 0.000 -0.992 -0.124
vn 0.000 -0.992 -0.124
vn 0.968 -0.145 0.206
vn 0.949 0.160 0.273
vn 0.000 0.992 -0.124
vn 0.652 0.253 -0.715
vn -0.785 -0.603 -0.142
vn -0.967 0.253 0.012
vn -0.966 0.260 -0.006
vn 0.000 -0.623 0.782
vn 0.000 -0.623 0.782
vn 0.981 -0.089 -0.175
vn 0.895 -0.427 0.130
vn 0.000 0.593 -0.805
vn 0.000 0.593 -0.805
vn 0.940 -0.339 0.037
vn -0.940 0.340 -0.037
vn 0.000 0.928 0.373
vn 0.000 0.928 0.373
vn 0.975 -0.211 0.064
vn 0.969 0.099 0.226
vn 0.000 -0.930 -0.367
vn -0.926 0.363 -0.107
vn -0.951 0.301 -0.068
vn -0.000 0.932 -0.362
vn -0.000 0.932 -0.362
vn 0.983 0.184 -0.025
vn 0.993 -0.092 -0.076
vn 0.000 -1.000 -0.010
vn -0.945 0.082 -0.316
vn -0.929 0.369 -0.026
vn -0.388 0.081 0.918
vn -0.388 0.081 0.918
vn -0.076 0.967 -0.244
vn -0.076 0.967 -0.244
vn -0.090 -0.985 -0.146
vn -0.089 -0.985 -0.145
vn -0.091 -0.985 -0.146
vn -0.091 -0.985 -0.146
vn 0.133 -0.214 -0.968
vn 0.135 -0.214 -0.968
vn 0.131 -0.214 -0.968
vn 0.130 -0.214 -0.968
vn -0.031 0.932 -0.362
vn -0.034 0.932 -0.361
vn -0.024 0.931 -0.364
vn -0.021 0.931 -0.364
vn -0.192 0.949 0.251
vn -0.192 0.949 0.251
vn -0.767 -0.138 0.627
vn 0.058 -0.961 0.270
vn -0.031 -0.928 -0.371
vn -0.031 -0.928 -0.371
vn -0.031 -0.928 -0.371
vn -0.121 -0.992 -0.020
vn -0.119 -0.993 -0.019
vn -0.125 -0.992 -0.021
vn -0.128 -0.992 -0.021
vn -0.000 -0.174 -0.985
vn -0.931 -0.363 -0.038
vn -0.931 -0.362 -0.038
vn -0.930 -0.365 -0.038
vn -0.929 -0.369 -0.037
vn 0.000 -0.995 -0.096
vn 1.000 -0.005 -0.001
vn 1.000 -0.005 -0.001
vn 1.000 -0.004 -0.001
vn 1.000 -0.004 -0.000
vn 0.000 0.978 0.208
vn -0.952 -0.298 0.066
vn 0.000 -0.424 0.905
vn 0.000 -0.424 0.906
vn 0.968 0.151 0.202
vn 0.949 0.309 -0.068
vn 0.000 0.189 -0.982
vn 0.590 -0.720 0.365
vn -0.758 0.401 -0.514
vn -0.967 0.090 -0.237
vn -0.966 0.074 -0.249
vn 0.000 0.551 0.834
vn 0.000 0.551 0.834
vn 0.981 -0.194 0.031
vn 0.895 -0.008 0.446
vn 0.000 -0.583 -0.812
vn 0.940 -0.069 0.334
vn -0.940 0.070 -0.334
vn 0.000 0.641 -0.767
vn 0.000 0.641 -0.767
vn 0.975 -0.004 0.221
vn 0.969 0.245 -0.024
vn 0.000 -0.636 0.771
vn 0.000 -0.636 0.771
vn -0.926 0.010 -0.378
vn -0.951 0.028 -0.307
vn 0.000 -0.057 -0.998
vn 0.983 0.033 -0.183
vn 0.993 -0.101 0.064
vn 0.000 -0.318 0.948
vn -0.945 -0.275 -0.175
vn -0.929 0.089 -0.359
vn -0.388 0.898 0.207
vn -0.388 0.898 0.207
vn -0.389 0.898 0.207
vn -0.076 0.067 -0.995
vn -0.076 0.067 -0.995
vn -0.076 0.067 -0.995
vn -0.090 -0.443 0.892
vn -0.089 -0.443 0.892
vn -0.091 -0.443 0.892
vn -0.091 -0.444 0.892
vn 0.133 -0.987 -0.095
vn 0.135 -0.986 -0.095
vn 0.131 -0.987 -0.096
vn 0.130 -0.987 -0.096
vn -0.031 -0.056 -0.998
vn -0.034 -0.055 -0.998
vn -0.024 -0.058 -0.998
vn -0.021 -0.059 -0.998
vn -0.192 0.532 -0.825
vn -0.192 0.532 -0.825
vn -0.256 0.709 0.657
vn 0.058 -0.041 0.998
vn -0.031 -0.640 0.768
vn -0.031 -0.640 0.768
vn -0.031 -0.640 0.768
vn -0.031 -0.640 0.768
vn -0.121 -0.326 0.938
vn -0.119 -0.325 0.938
vn -0.125 -0.326 0.937
vn -0.128 -0.327 0.936
vn -0.931 -0.148 0.334
vn -0.931 -0.148 0.332
vn -0.930 -0.149 0.336
vn -0.929 -0.149 0.339
vn 0.000 -0.399 0.917
vn 1.000 -0.002 0.004
vn 1.000 -0.003 0.005
vn 1.000 -0.002 0.004
vn 1.000 -0.002 0.004
vn 0.000 0.500 -0.866
vn -0.952 -0.029 0.304
vn 0.000 0.730 0.683
vn 0.968 0.239 -0.082
vn 0.949 0.031 -0.315
vn 0.000 -0.876 -0.483
vn -0.183 0.561 0.807
vn 0.239 0.676 -0.697
vn -0.967 -0.198 -0.159
vn -0.966 -0.214 -0.147
vn 0.000 0.964 -0.267
vn 0.000 0.964 -0.267
vn 0.981 -0.030 0.194
vn 0.895 0.421 0.146
vn 0.000 -0.953 0.303
vn 0.940 0.296 0.170
vn -0.940 -0.296 -0.170
vn 0.000 -0.532 -0.847
vn 0.975 0.209 0.072
vn 0.969 0.053 -0.240
vn 0.000 0.537 0.844
vn -0.926 -0.357 -0.126
vn -0.951 -0.283 -0.122
vn 0.000 -0.967 -0.255
vn 0.983 -0.164 -0.088
vn 0.993 0.029 0.116
vn 0.000 0.803 0.596
vn -0.945 -0.251 0.207
vn -0.929 -0.314 -0.195
vn -0.388 0.474 -0.790
vn -0.388 0.474 -0.790
vn -0.388 0.474 -0.790
vn -0.388 0.474 -0.790
vn -0.076 -0.926 -0.371
vn -0.076 -0.926 -0.371
vn -0.076 -0.926 -0.371
vn -0.090 0.712 0.697
vn -0.089 0.712 0.697
vn -0.091 0.711 0.697
vn -0.091 0.711 0.697
vn 0.133 -0.396 0.909
vn 0.135 -0.395 0.909
vn 0.131 -0.396 0.909
vn 0.130 -0.396 0.909
vn -0.031 -0.966 -0.255
vn -0.034 -0.966 -0.256
vn -0.024 -0.967 -0.253
vn -0.021 -0.967 -0.252
vn -0.192 -0.620 -0.761
vn -0.192 -0.620 -0.761
vn 0.539 0.441 0.718
vn 0.058 0.936 0.347
vn -0.031 0.532 0.846
vn -0.031 0.532 0.846
vn -0.121 0.791 0.599
vn -0.119 0.792 0.599
vn -0.125 0.790 0.600
vn -0.128 0.790 0.600
vn 0.522 0.501 0.690
vn 0.522 0.501 0.690
vn 0.522 0.811 -0.264
vn 0.522 0.000 -0.853
vn 0.522 -0.811 -0.264
vn 0.522 -0.501 0.690
vn 0.522 -0.501 0.690
vn -0.748 0.390 0.537
vn -0.748 0.390 0.537
vn -0.748 0.632 -0.205
vn -0.748 0.632 -0.205
vn -0.748 0.631 -0.205
vn -0.748 0.000 -0.664
vn -0.748 0.000 -0.664
vn -0.748 -0.632 -0.205
vn -0.748 -0.632 -0.205
vn -0.748 -0.390 0.537
vn -0.748 -0.390 0.537
vn -0.748 -0.390 0.537
vn -0.209 0.575 0.791
vn -0.209 0.575 0.791
vn -0.209 0.930 -0.302
vn -0.209 0.000 -0.978
vn -0.209 0.000 -0.978
vn -0.209 -0.930 -0.302
vn -0.209 -0.575 0.791
vn -0.936 -0.207 -0.285
vn -0.936 -0.207 -0.285
vn -0.936 -0.335 0.109
vn -0.936 -0.336 0.109
vn -0.936 0.000 0.353
vn -0.936 0.335 0.109
vn -0.936 0.336 0.109
vn -0.936 0.335 0.109
vn -0.936 0.207 -0.285
vn -0.931 0.272 0.244
vn -0.931 0.270 0.244
vn -0.930 0.273 0.245
vn -0.929 0.277 0.246
vn 0.000 0.749 0.663
vn 0.000 0.749 0.663
vn 1.000 0.003 0.003
vn 1.000 0.004 0.004
vn 1.000 0.003 0.003
vn 1.000 0.003 0.003
vn -0.000 -0.669 -0.743
vn -0.952 0.280 0.121
vn -0.000 0.875 -0.483
vn 0.968 -0.004 -0.252
vn 0.949 -0.290 -0.126
vn 0.000 -0.730 0.684
vn 0.000 -0.730 0.683
vn 0.000 -0.002 1.000
vn 0.888 0.002 0.460
vn 0.915 0.027 -0.402
vn -0.967 -0.212 0.139
vn -0.966 -0.206 0.158
vn 0.000 0.044 -0.999
vn 0.000 0.044 -0.999
vn 0.981 0.175 0.089
vn 0.895 0.269 -0.356
vn 0.000 -0.006 1.000
vn 0.940 0.253 -0.229
vn -0.940 -0.253 0.229
vn 0.000 -0.970 0.244
vn 0.975 0.133 -0.176
vn 0.969 -0.212 -0.124
vn -0.000 0.968 -0.250
vn -0.926 -0.230 0.300
vn -0.951 -0.203 0.232
vn 0.000 -0.541 0.841
vn 0.000 -0.541 0.841
vn 0.000 -0.541 0.841
vn 0.983 -0.134 0.129
vn 0.993 0.119 0.008
vn -0.000 0.815 -0.580
vn 0.000 0.815 -0.580
vn -0.945 0.119 0.303
vn -0.929 -0.283 0.238
vn -0.388 -0.605 -0.695
vn -0.388 -0.605 -0.695
vn -0.388 -0.605 -0.695
vn -0.388 -0.605 -0.695
vn -0.076 -0.639 0.766
vn -0.076 -0.639 0.766
vn -0.076 -0.639 0.766
vn -0.090 0.883 -0.461
vn -0.089 0.883 -0.462
vn -0.091 0.883 -0.461
vn -0.091 0.883 -0.461
vn 0.133 0.742 0.657
vn 0.135 0.742 0.657
vn 0.131 0.742 0.657
vn 0.130 0.742 0.658
vn -0.031 -0.541 0.840
vn -0.034 -0.542 0.840
vn -0.024 -0.540 0.842
vn -0.021 -0.539 0.842
vn -0.192 -0.915 0.354
vn -0.192 -0.915 0.354
vn 0.630 -0.273 0.727
vn 0.058 0.619 -0.783
vn -0.031 0.969 -0.245
vn -0.031 0.969 -0.245
vn -0.121 0.815 -0.567
vn -0.119 0.815 -0.568
vn -0.125 0.815 -0.566
vn -0.128 0.815 -0.566
vn -0.931 0.316 -0.183
vn -0.931 0.315 -0.181
vn -0.930 0.318 -0.184
vn -0.929 0.320 -0.187
vn 0.000 0.862 -0.507
vn 1.000 0.004 -0.002
vn 1.000 0.005 -0.002
vn 1.000 0.004 -0.002
vn 1.000 0.003 -0.002
vn 0.000 -0.913 0.407
vn -0.952 0.202 -0.229
vn 0.000 -0.189 -0.982
vn 0.968 -0.241 -0.074
vn 0.949 -0.210 0.237
vn 0.000 0.424 0.905
vn 0.182 -0.137 -0.974
vn 0.763 -0.646 -0.003
vn -0.967 0.067 0.244
vn -0.966 0.086 0.245
vn 0.000 -0.936 -0.351
vn 0.000 -0.936 -0.351
vn 0.981 0.138 -0.139
vn 0.895 -0.255 -0.366
vn 0.000 0.949 0.315
vn 0.940 -0.140 -0.311
vn -0.940 0.140 0.312
vn 0.000 -0.068 0.998
vn 0.975 -0.126 -0.181
vn 0.969 -0.184 0.163
vn 0.000 0.061 -0.998
vn -0.926 0.214 0.312
vn -0.951 0.158 0.265
vn 0.000 0.633 0.774
vn 0.000 0.633 0.774
vn 0.983 0.081 0.167
vn 0.993 0.044 -0.111
vn 0.000 -0.300 -0.954
vn -0.945 0.325 -0.020
vn -0.929 0.139 0.342
vn -0.388 -0.848 0.360
vn -0.388 -0.848 0.361
vn -0.388 -0.848 0.360
vn -0.076 0.531 0.844
vn -0.076 0.531 0.844
vn -0.076 0.531 0.844
vn -0.090 -0.166 -0.982
vn -0.089 -0.166 -0.982
vn -0.091 -0.166 -0.982
vn -0.091 -0.165 -0.982
vn 0.133 0.854 -0.503
vn 0.135 0.854 -0.503
vn 0.131 0.855 -0.502
vn 0.130 0.855 -0.502
vn -0.031 0.632 0.774
vn -0.034 0.631 0.775
vn -0.024 0.634 0.773
vn -0.021 0.634 0.773
vn -0.192 0.054 0.980
vn -0.192 0.054 0.980
vn -0.015 -0.740 0.673
vn 0.058 -0.553 -0.831
vn -0.031 0.067 -0.997
vn -0.031 0.067 -0.997
vn -0.121 -0.288 -0.950
vn -0.119 -0.288 -0.950
vn -0.125 -0.287 -0.950
vn -0.128 -0.286 -0.950
vn -0.931 -0.076 -0.357
vn 1.000 -0.001 -0.004
vn 0.895 -0.427 0.130
vn 0.940 -0.339 0.037
vn 0.975 -0.211 0.064
vn 0.969 0.099 0.226
vn -0.076 0.967 -0.244
vn 0.133 -0.214 -0.968
vn 0.135 -0.214 -0.967
vn 0.131 -0.214 -0.968
vn -0.024 0.931 -0.364
vn 0.058 -0.961 0.269
vn -0.031 -0.928 -0.371
vn -0.121 -0.992 -0.020
vn -0.119 -0.993 -0.019
vn -0.931 -0.362 -0.038
vn 1.000 -0.004 -0.001
vn 1.000 -0.004 -0.001
vn 1.000 -0.004 -0.000
vn -0.966 0.074 -0.249
vn 0.000 0.551 0.834
vn 0.000 -0.583 -0.812
vn 0.000 -0.583 -0.813
vn 0.940 -0.069 0.334
vn -0.940 0.070 -0.334
vn 0.000 0.641 -0.767
vn 0.975 -0.004 0.221
vn -0.926 0.010 -0.378
vn 0.993 -0.101 0.064
vn -0.929 0.089 -0.359
vn -0.076 0.067 -0.995
vn -0.092 -0.444 0.892
vn 0.131 -0.987 -0.096
vn -0.034 -0.055 -0.998
vn -0.192 0.532 -0.825
vn -0.192 0.532 -0.825
vn 0.058 -0.041 0.998
vn -0.031 -0.640 0.768
vn -0.031 -0.640 0.768
vn -0.121 -0.326 0.938
vn -0.125 -0.326 0.937
vn -0.931 -0.149 0.334
vn 1.000 -0.002 0.004
vn 1.000 -0.002 0.004
vn 0.000 -0.876 -0.483
vn 0.239 0.676 -0.697
vn -0.967 -0.198 -0.159
vn 0.981 -0.030 0.194
vn 0.895 0.421 0.146
vn 0.940 0.296 0.170
vn -0.940 -0.296 -0.170
vn 0.000 -0.532 -0.847
vn 0.969 0.053 -0.240
vn -0.926 -0.356 -0.126
vn -0.951 -0.283 -0.122
vn 0.000 -0.967 -0.255
vn 0.000 -0.967 -0.255
vn 0.000 0.803 0.596
vn 0.000 0.803 0.596
vn -0.389 0.474 -0.790
vn -0.090 0.712 0.697
vn -0.089 0.712 0.697
vn -0.091 0.711 0.697
vn -0.091 0.711 0.697
vn 0.133 -0.396 0.909
vn 0.135 -0.395 0.909
vn 0.130 -0.396 0.909
vn -0.021 -0.967 -0.252
vn 0.539 0.441 0.718
vn 0.058 0.936 0.347
vn -0.032 0.532 0.846
vn -0.031 0.532 0.846
vn -0.031 0.532 0.846
vn -0.121 0.791 0.599
vn -0.128 0.790 0.600
vn -0.748 0.390 0.537
vn -0.748 0.390 0.537
vn -0.748 -0.390 0.537
vn -0.209 -0.575 0.791
vn -0.936 -0.207 -0.285
vn -0.936 -0.207 -0.285
vn -0.936 -0.336 0.109
vn -0.936 -0.336 0.109
vn -0.936 0.000 0.353
vn -0.936 0.000 0.353
vn -0.936 0.336 0.109
vn -0.936 0.335 0.109
vn -0.936 0.207 -0.285
vn -0.936 0.207 -0.285
vn -0.931 0.272 0.244
vn -0.929 0.277 0.246
vn 1.000 0.003 0.003
vn 1.000 0.003 0.003
vn -0.952 0.280 0.121
vn -0.000 0.875 -0.483
vn 0.949 -0.290 -0.126
vn -0.966 -0.206 0.158
vn 0.981 0.175 0.089
vn 0.895 0.269 -0.356
vn 0.940 0.252 -0.229
vn -0.926 -0.230 0.300
vn -0.945 0.119 0.303
vn -0.929 -0.283 0.238
vn -0.388 -0.605 -0.695
vn -0.389 -0.605 -0.695
vn -0.388 -0.605 -0.695
vn -0.076 -0.639 0.766
vn -0.076 -0.639 0.766
vn -0.089 0.883 -0.462
vn 0.135 0.742 0.657
vn 0.131 0.742 0.657
vn -0.031 -0.541 0.840
vn -0.034 -0.542 0.840
vn -0.024 -0.540 0.842
vn -0.021 -0.539 0.842
vn -0.192 -0.915 0.354
vn -0.192 -0.915 0.354
vn -0.031 0.969 -0.245
vn -0.931 0.316 -0.183
vn -0.929 0.320 -0.187
vn 1.000 0.004 -0.002
vn -0.952 0.202 -0.229
vn 0.000 -0.189 -0.982
vn 0.000 -0.936 -0.351
vn 0.895 -0.255 -0.366
vn 0.940 -0.140 -0.311
vn 0.969 -0.184 0.163
vn 0.000 0.633 0.774
vn 0.983 0.081 0.167
vn -0.388 -0.848 0.361
vn -0.389 -0.848 0.360
vn -0.076 0.531 0.844
vn -0.089 -0.166 -0.982
vn 0.133 0.854 -0.503
vn 0.131 0.855 -0.502
vn -0.031 0.632 0.774
vn -0.034 0.631 0.775
vn -0.021 0.634 0.773
vn -0.192 0.054 0.980
vn -0.192 0.054 0.980
vn -0.015 -0.740 0.673
vn 0.058 -0.553 -0.831
vn -0.031 0.067 -0.997
vn -0.031 0.067 -0.997
vn -0.031 0.066 -0.997
vn -0.119 -0.288 -0.950
vn -0.125 -0.287 -0.950
vn -0.128 -0.286 -0.950
vn 0.000 -0.497 0.868
vn 0.000 -0.497 0.868
vn 0.000 0.513 0.858
vn 0.868 -0.497 0.000
vn 0.858 0.513 0.000
vn 0.858 0.513 0.000
vn -0.858 0.000 0.514
vn -0.858 0.514 0.000
vn -0.858 0.515 0.000
vn -0.858 0.514 0.000
vn -0.858 0.514 0.000
vn 0.000 0.514 -0.858
vn 0.514 0.000 -0.858
vn 0.446 -0.256 -0.858
vn 0.442 0.264 -0.858
vn 0.000 -0.514 -0.858
vn 0.000 -0.515 -0.857
vn -0.858 -0.514 0.000
vn -0.858 -0.514 0.000
vn -0.858 0.264 0.442
vn -0.858 0.264 0.442
vn -0.858 0.264 0.442
vn -0.858 -0.256 0.446
vn -0.858 -0.256 0.446
vn 0.723 0.000 0.691
vn 0.071 0.000 -0.997
vn 0.376 0.000 -0.927
vn -0.868 0.497 0.000
vn -0.858 -0.513 0.000
vn -0.383 0.000 -0.924
vn 0.666 0.000 -0.746
vn 0.000 -0.513 -0.858
vn 0.000 -0.513 -0.858
vn 0.000 0.497 -0.868
vn 0.000 0.497 -0.868
vn 0.640 -0.640 -0.424
vn 0.000 -0.906 -0.424
vn -0.640 -0.640 -0.424
vn -0.640 -0.640 -0.424
vn -0.906 0.000 -0.424
vn -0.640 0.640 -0.424
vn 0.000 0.906 -0.424
vn 0.640 0.640 -0.424
vn 0.640 0.640 -0.424
vn 0.906 0.000 -0.424
vn -0.906 0.000 -0.424
vn 0.906 0.000 -0.424
vn -0.640 -0.640 -0.424
vn -0.641 -0.640 -0.424
vn -0.640 0.640 -0.424
vn -0.640 0.641 -0.424
vn -0.885 0.000 -0.466
vn -0.885 0.000 -0.465
vn 0.000 0.885 -0.465
vn 0.000 0.885 -0.465
vn 0.885 0.000 -0.465
vn 0.885 0.000 -0.465
vn 0.000 -0.885 -0.465
vn -0.770 -0.638 0.000
vn -0.770 0.638 0.000
vn 0.579 -0.579 0.575
vn 0.578 -0.579 0.575
vn -0.792 -0.604 -0.088
vn -0.795 0.606 0.000
vn -0.769 0.637 -0.050
vn 0.579 0.579 0.575
vn 0.818 0.000 0.575
vn -0.795 -0.606 -0.000
vn -0.795 -0.606 0.000
vn -0.563 0.429 0.706
vn 0.501 0.500 0.706
vn 0.500 0.501 0.706
vn 0.500 -0.501 0.706
vn 0.500 -0.500 0.706
vn -0.563 -0.429 0.706
vn -0.000 0.000 1.000
vn -0.820 0.572 0.000
vn -0.820 0.572 0.000
vn 0.820 -0.572 0.000
vn -0.923 0.385 0.000
vn -0.923 0.385 0.000
vn -0.923 0.386 0.000
vn -0.852 0.000 0.524
vn -0.786 0.328 0.524
vn -0.786 0.328 0.524
vn 0.000 0.852 0.524
vn -0.699 0.487 0.524
vn 0.754 0.000 0.657
vn 0.754 0.000 0.657
vn 0.699 -0.487 0.524
vn 0.699 -0.487 0.524
vn 0.736 -0.677 0.000
vn 0.736 -0.677 0.000
vn 0.736 -0.677 0.000
vn 0.736 0.000 0.677
vn 0.919 0.395 0.000
vn 0.919 0.395 0.000
vn 0.736 0.000 -0.677
vn 0.942 0.334 0.000
vn 0.942 0.335 0.000
vn 0.942 0.000 -0.335
vn 0.942 0.000 -0.335
vn 0.942 -0.335 0.000
vn 0.942 -0.335 0.000
vn 0.942 0.000 0.335
vn 0.919 0.395 0.000
vn 0.942 -0.334 0.000
vn 0.931 -0.076 -0.357
vn 0.929 -0.079 -0.362
vn 0.930 -0.077 -0.359
vn 0.931 -0.075 -0.356
vn -1.000 -0.001 -0.004
vn -1.000 -0.001 -0.004
vn -1.000 -0.001 -0.004
vn -1.000 -0.001 -0.005
vn 0.952 -0.155 -0.263
vn -0.949 0.161 0.273
vn -0.968 -0.145 0.206
vn 0.966 0.260 -0.006
vn 0.967 0.253 0.012
vn 0.584 0.734 -0.347
vn 0.841 0.209 0.499
vn -0.895 -0.427 0.130
vn -0.981 -0.089 -0.175
vn 0.000 0.593 -0.805
vn 0.940 0.340 -0.037
vn -0.940 -0.340 0.037
vn -0.969 0.099 0.226
vn -0.975 -0.211 0.064
vn 0.000 -0.930 -0.367
vn 0.951 0.301 -0.068
vn 0.926 0.363 -0.107
vn -0.993 -0.092 -0.076
vn -0.983 0.184 -0.025
vn 0.945 0.082 -0.316
vn 0.929 0.369 -0.026
vn 0.388 0.081 0.918
vn 0.388 0.081 0.918
vn 0.388 0.081 0.918
vn 0.076 0.967 -0.244
vn 0.076 0.967 -0.244
vn 0.076 0.967 -0.244
vn 0.090 -0.985 -0.146
vn 0.091 -0.985 -0.146
vn 0.091 -0.985 -0.146
vn 0.089 -0.985 -0.145
vn -0.133 -0.214 -0.968
vn -0.130 -0.214 -0.968
vn -0.131 -0.214 -0.968
vn -0.135 -0.214 -0.967
vn 0.031 0.932 -0.362
vn 0.021 0.931 -0.364
vn 0.024 0.931 -0.364
vn 0.034 0.932 -0.361
vn 0.192 0.949 0.251
vn 0.192 0.949 0.251
vn -0.058 -0.961 0.269
vn 0.356 0.048 -0.933
vn 0.031 -0.928 -0.371
vn 0.031 -0.928 -0.371
vn 0.121 -0.992 -0.020
vn 0.128 -0.992 -0.021
vn 0.125 -0.992 -0.021
vn 0.119 -0.993 -0.019
vn 0.000 -0.174 0.985
vn 0.931 -0.363 -0.038
vn 0.929 -0.369 -0.037
vn 0.930 -0.365 -0.038
vn 0.931 -0.362 -0.038
vn -1.000 -0.004 -0.001
vn -1.000 -0.004 -0.000
vn -1.000 -0.004 -0.001
vn -1.000 -0.005 -0.001
vn 0.952 -0.298 0.066
vn -0.949 0.309 -0.068
vn -0.968 0.151 0.202
vn 0.966 0.074 -0.249
vn 0.967 0.090 -0.237
vn 0.702 -0.265 0.661
vn 0.653 -0.737 0.178
vn -0.895 -0.008 0.446
vn -0.981 -0.194 0.031
vn 0.940 0.070 -0.334
vn -0.940 -0.070 0.334
vn -0.969 0.245 -0.024
vn -0.975 -0.004 0.221
vn 0.951 0.028 -0.307
vn 0.926 0.010 -0.378
vn -0.993 -0.101 0.064
vn -0.983 0.033 -0.183
vn 0.945 -0.275 -0.175
vn 0.929 0.089 -0.359
vn 0.389 0.898 0.207
vn 0.388 0.898 0.207
vn 0.076 0.067 -0.995
vn 0.076 0.067 -0.995
vn 0.076 0.067 -0.995
vn 0.090 -0.443 0.892
vn 0.091 -0.444 0.892
vn 0.091 -0.443 0.892
vn 0.089 -0.443 0.892
vn -0.133 -0.987 -0.095
vn -0.130 -0.987 -0.096
vn -0.131 -0.987 -0.096
vn -0.135 -0.986 -0.095
vn 0.031 -0.056 -0.998
vn 0.021 -0.059 -0.998
vn 0.024 -0.058 -0.998
vn 0.034 -0.055 -0.998
vn 0.192 0.532 -0.825
vn 0.192 0.532 -0.825
vn 0.192 0.532 -0.825
vn -0.058 -0.041 0.998
vn 0.231 -0.341 -0.911
vn 0.031 -0.640 0.768
vn 0.031 -0.640 0.768
vn 0.121 -0.326 0.938
vn 0.128 -0.327 0.936
vn 0.125 -0.326 0.937
vn 0.119 -0.325 0.938
vn 0.931 -0.149 0.334
vn 0.929 -0.149 0.339
vn 0.930 -0.149 0.336
vn 0.931 -0.148 0.332
vn -1.000 -0.002 0.004
vn -1.000 -0.002 0.004
vn -1.000 -0.002 0.004
vn -1.000 -0.003 0.005
vn 0.952 -0.029 0.304
vn -0.949 0.030 -0.315
vn -0.968 0.239 -0.082
vn 0.966 -0.214 -0.147
vn 0.967 -0.198 -0.159
vn 0.259 0.193 0.947
vn 0.587 -0.809 -0.021
vn -0.895 0.421 0.146
vn -0.981 -0.030 0.194
vn 0.940 -0.296 -0.170
vn -0.940 0.296 0.170
vn 0.000 -0.532 -0.847
vn -0.969 0.053 -0.240
vn -0.975 0.209 0.072
vn 0.951 -0.283 -0.122
vn 0.926 -0.356 -0.126
vn -0.993 0.029 0.116
vn -0.983 -0.164 -0.088
vn 0.945 -0.252 0.207
vn 0.929 -0.314 -0.195
vn 0.388 0.474 -0.790
vn 0.389 0.474 -0.790
vn 0.388 0.474 -0.790
vn 0.076 -0.926 -0.371
vn 0.076 -0.926 -0.371
vn 0.076 -0.926 -0.371
vn 0.090 0.712 0.697
vn 0.091 0.711 0.697
vn 0.091 0.711 0.697
vn 0.089 0.712 0.697
vn -0.133 -0.396 0.909
vn -0.130 -0.396 0.909
vn -0.131 -0.396 0.909
vn -0.135 -0.395 0.909
vn 0.031 -0.967 -0.255
vn 0.021 -0.967 -0.252
vn 0.024 -0.967 -0.253
vn 0.034 -0.966 -0.256
vn 0.192 -0.620 -0.761
vn 0.192 -0.620 -0.761
vn -0.058 0.936 0.347
vn -0.331 -0.402 -0.854
vn 0.031 0.532 0.846
vn 0.031 0.532 0.846
vn 0.121 0.791 0.599
vn 0.128 0.790 0.600
vn 0.125 0.790 0.600
vn 0.119 0.792 0.599
vn -0.522 0.501 0.690
vn -0.522 0.811 -0.264
vn -0.522 0.000 -0.853
vn -0.522 -0.811 -0.264
vn -0.522 -0.501 0.690
vn 0.748 0.390 0.537
vn 0.748 0.390 0.537
vn 0.748 0.632 -0.205
vn 0.748 0.632 -0.205
vn 0.748 0.000 -0.664
vn 0.748 0.000 -0.664
vn 0.748 -0.631 -0.205
vn 0.748 -0.632 -0.205
vn 0.748 -0.390 0.537
vn 0.748 -0.390 0.537
vn 0.209 0.575 0.791
vn 0.209 0.575 0.791
vn 0.209 0.930 -0.302
vn 0.209 0.000 -0.978
vn 0.209 -0.930 -0.302
vn 0.209 -0.575 0.791
vn 0.209 -0.575 0.791
vn 0.936 -0.207 -0.285
vn 0.936 -0.207 -0.285
vn 0.936 -0.207 -0.285
vn 0.936 -0.336 0.109
vn 0.936 -0.336 0.109
vn 0.936 0.000 0.353
vn 0.936 0.000 0.353
vn 0.936 0.336 0.109
vn 0.936 0.335 0.109
vn 0.936 0.335 0.109
vn 0.936 0.207 -0.285
vn 0.936 0.207 -0.285
vn 0.931 0.272 0.244
vn 0.929 0.277 0.246
vn 0.930 0.273 0.245
vn 0.931 0.270 0.244
vn 0.000 0.749 0.663
vn -1.000 0.003 0.003
vn -1.000 0.003 0.003
vn -1.000 0.003 0.003
vn -1.000 0.004 0.004
vn 0.952 0.280 0.121
vn -0.949 -0.290 -0.126
vn -0.968 -0.004 -0.252
vn 0.966 -0.206 0.158
vn 0.967 -0.212 0.139
vn 0.291 -0.913 0.284
vn 0.937 0.143 0.319
vn -0.895 0.269 -0.356
vn -0.981 0.175 0.089
vn 0.940 -0.253 0.229
vn -0.940 0.253 -0.229
vn -0.969 -0.212 -0.124
vn -0.975 0.133 -0.176
vn 0.951 -0.203 0.232
vn 0.926 -0.230 0.300
vn -0.993 0.119 0.008
vn -0.983 -0.134 0.129
vn 0.000 0.815 -0.580
vn 0.945 0.119 0.303
vn 0.929 -0.283 0.238
vn 0.388 -0.605 -0.695
vn 0.388 -0.605 -0.695
vn 0.388 -0.605 -0.695
vn 0.076 -0.639 0.766
vn 0.076 -0.639 0.766
vn 0.090 0.883 -0.461
vn 0.091 0.883 -0.461
vn 0.091 0.883 -0.461
vn 0.089 0.883 -0.462
vn -0.133 0.742 0.657
vn -0.130 0.742 0.658
vn -0.131 0.742 0.657
vn -0.135 0.742 0.657
vn 0.031 -0.541 0.840
vn 0.021 -0.539 0.842
vn 0.024 -0.540 0.842
vn 0.034 -0.542 0.840
vn 0.192 -0.915 0.354
vn 0.192 -0.915 0.354
vn -0.058 0.619 -0.783
vn -0.462 0.274 -0.843
vn 0.031 0.969 -0.245
vn 0.031 0.969 -0.245
vn 0.031 0.969 -0.245
vn 0.031 0.969 -0.245
vn 0.121 0.815 -0.567
vn 0.128 0.815 -0.566
vn 0.125 0.815 -0.566
vn 0.119 0.814 -0.568
vn 0.931 0.316 -0.183
vn 0.929 0.320 -0.187
vn 0.930 0.318 -0.184
vn 0.931 0.315 -0.181
vn -1.000 0.004 -0.002
vn -1.000 0.003 -0.002
vn -1.000 0.004 -0.002
vn -1.000 0.005 -0.002
vn 0.952 0.202 -0.229
vn -0.949 -0.210 0.237
vn -0.968 -0.241 -0.074
vn 0.966 0.086 0.245
vn 0.967 0.067 0.244
vn -0.185 -0.629 -0.755
vn -0.370 -0.710 0.599
vn -0.895 -0.255 -0.366
vn -0.981 0.138 -0.139
vn 0.940 0.140 0.312
vn -0.940 -0.140 -0.311
vn 0.000 -0.068 0.998
vn -0.969 -0.184 0.163
vn -0.975 -0.126 -0.181
vn 0.951 0.158 0.265
vn 0.926 0.214 0.312
vn -0.993 0.044 -0.111
vn -0.983 0.081 0.167
vn 0.945 0.325 -0.020
vn 0.929 0.139 0.342
vn 0.388 -0.848 0.360
vn 0.388 -0.848 0.361
vn 0.076 0.531 0.844
vn 0.076 0.531 0.844
vn 0.076 0.531 0.844
vn 0.076 0.531 0.844
vn 0.090 -0.166 -0.982
vn 0.091 -0.165 -0.982
vn 0.091 -0.166 -0.982
vn 0.089 -0.166 -0.982
vn -0.133 0.854 -0.503
vn -0.130 0.855 -0.502
vn -0.131 0.855 -0.502
vn -0.135 0.854 -0.503
vn 0.031 0.632 0.774
vn 0.021 0.634 0.773
vn 0.024 0.634 0.773
vn 0.034 0.631 0.775
vn 0.192 0.054 0.980
vn 0.192 0.054 0.980
vn 0.192 0.054 0.980
vn -0.058 -0.553 -0.831
vn 0.128 0.421 -0.898
vn 0.031 0.067 -0.997
vn 0.031 0.066 -0.997
vn 0.031 0.067 -0.997
vn 0.121 -0.288 -0.950
vn 0.128 -0.286 -0.950
vn 0.125 -0.287 -0.950
vn 0.119 -0.288 -0.950
vn -1.000 -0.001 -0.004
vn -1.000 -0.001 -0.004
vn -0.949 0.160 0.273
vn -0.968 -0.145 0.206
vn 0.966 0.260 -0.006
vn 0.967 0.253 0.012
vn 0.841 0.209 0.499
vn -0.895 -0.427 0.130
vn -0.940 -0.339 0.037
vn -0.969 0.099 0.226
vn 0.926 0.362 -0.107
vn 0.945 0.082 -0.316
vn 0.929 0.369 -0.026
vn 0.388 0.081 0.918
vn 0.076 0.967 -0.244
vn 0.076 0.967 -0.244
vn 0.091 -0.985 -0.146
vn -0.133 -0.214 -0.968
vn -0.130 -0.214 -0.968
vn -0.135 -0.214 -0.968
vn 0.024 0.931 -0.364
vn 0.034 0.932 -0.361
vn 0.192 0.949 0.251
vn -0.058 -0.961 0.269
vn 0.031 -0.928 -0.371
vn 0.031 -0.928 -0.371
vn 0.031 -0.928 -0.371
vn 0.031 -0.928 -0.371
vn 0.121 -0.992 -0.020
vn -1.000 -0.004 -0.000
vn -1.000 -0.004 -0.001
vn 0.000 -0.424 0.905
vn -0.949 0.309 -0.068
vn -0.968 0.151 0.202
vn 0.966 0.074 -0.249
vn 0.967 0.090 -0.237
vn -0.895 -0.008 0.446
vn -0.981 -0.194 0.031
vn -0.940 -0.070 0.334
vn -0.969 0.245 -0.024
vn -0.975 -0.004 0.221
vn 0.926 0.010 -0.378
vn -0.993 -0.101 0.064
vn 0.929 0.089 -0.359
vn 0.388 0.898 0.207
vn 0.076 0.067 -0.995
vn 0.092 -0.444 0.892
vn 0.091 -0.443 0.892
vn -0.135 -0.986 -0.095
vn 0.034 -0.055 -0.998
vn 0.192 0.532 -0.825
vn -0.058 -0.040 0.998
vn -0.058 -0.041 0.998
vn 0.031 -0.640 0.768
vn 0.031 -0.640 0.768
vn 0.031 -0.640 0.768
vn 0.121 -0.325 0.938
vn 0.128 -0.327 0.937
vn 0.125 -0.326 0.937
vn 0.119 -0.325 0.938
vn 0.931 -0.148 0.334
vn 0.929 -0.149 0.339
vn -1.000 -0.002 0.004
vn -1.000 -0.002 0.004
vn -0.949 0.031 -0.315
vn -0.968 0.239 -0.082
vn 0.966 -0.214 -0.147
vn 0.588 -0.809 -0.021
vn -0.895 0.422 0.146
vn -0.981 -0.030 0.194
vn 0.940 -0.296 -0.170
vn -0.940 0.296 0.170
vn -0.969 0.053 -0.240
vn 0.951 -0.283 -0.122
vn 0.926 -0.356 -0.126
vn -0.983 -0.164 -0.088
vn 0.929 -0.314 -0.195
vn 0.388 0.474 -0.790
vn 0.388 0.474 -0.790
vn 0.388 0.474 -0.790
vn 0.076 -0.926 -0.371
vn 0.091 0.711 0.697
vn -0.133 -0.396 0.909
vn -0.130 -0.396 0.909
vn -0.135 -0.395 0.909
vn 0.031 -0.966 -0.255
vn 0.021 -0.967 -0.252
vn 0.034 -0.966 -0.256
vn 0.192 -0.620 -0.761
vn -0.058 0.936 0.347
vn -0.331 -0.402 -0.854
vn 0.031 0.532 0.846
vn 0.121 0.791 0.599
vn 0.128 0.790 0.600
vn 0.125 0.790 0.600
vn 0.119 0.792 0.599
vn 0.748 0.390 0.537
vn 0.748 0.390 0.537
vn 0.748 -0.632 -0.205
vn 0.748 -0.390 0.537
vn 0.748 -0.390 0.537
vn 0.936 -0.208 -0.285
vn 0.936 -0.207 -0.285
vn 0.936 -0.335 0.109
vn 0.936 0.000 0.353
vn 0.936 0.207 -0.285
vn 0.936 0.207 -0.285
vn -1.000 0.003 0.003
vn 0.966 -0.206 0.158
vn 0.000 -0.002 1.000
vn 0.291 -0.913 0.284
vn -0.895 0.269 -0.356
vn 0.940 -0.253 0.229
vn -0.940 0.253 -0.229
vn -0.975 0.133 -0.176
vn 0.926 -0.230 0.300
vn 0.929 -0.283 0.238
vn 0.076 -0.639 0.766
vn 0.076 -0.639 0.766
vn 0.090 0.883 -0.461
vn 0.091 0.883 -0.461
vn 0.089 0.883 -0.462
vn -0.133 0.742 0.657
vn -0.130 0.742 0.658
vn 0.031 -0.541 0.840
vn 0.021 -0.539 0.842
vn 0.034 -0.542 0.840
vn 0.192 -0.915 0.354
vn -0.058 0.619 -0.783
vn -0.462 0.274 -0.843
vn 0.125 0.815 -0.566
vn 0.119 0.815 -0.568
vn 0.929 0.320 -0.187
vn -1.000 0.004 -0.002
vn 0.952 0.202 -0.229
vn 0.000 0.425 0.905
vn 0.967 0.067 0.244
vn -0.895 -0.255 -0.366
vn 0.940 0.140 0.312
vn -0.940 -0.140 -0.311
vn -0.969 -0.184 0.163
vn 0.951 0.158 0.265
vn 0.926 0.214 0.312
vn -0.983 0.081 0.167
vn 0.090 -0.166 -0.982
vn 0.091 -0.165 -0.982
vn 0.091 -0.166 -0.982
vn 0.089 -0.166 -0.982
vn 0.031 0.632 0.774
vn 0.024 0.634 0.773
vn 0.128 0.421 -0.898
vn 0.031 0.066 -0.997
vn 0.121 -0.288 -0.950
vn 0.125 -0.287 -0.950
vn 0.119 -0.288 -0.950
vn -0.868 -0.497 0.000
vn -0.858 0.513 0.000
vn -0.858 0.513 0.000
vn 0.858 0.000 0.515
vn 0.857 0.000 0.515
vn 0.857 0.515 0.000
vn 0.858 0.514 0.000
vn -0.514 0.000 -0.858
vn -0.446 -0.256 -0.858
vn -0.442 0.264 -0.858
vn 0.857 -0.515 0.000
vn 0.858 -0.514 0.000
vn 0.858 0.264 0.442
vn 0.858 0.264 0.442
vn 0.857 0.264 0.442
vn 0.857 0.264 0.442
vn 0.858 -0.256 0.446
vn 0.858 -0.256 0.446
vn 0.857 -0.256 0.446
vn -0.556 -0.000 -0.831
vn -0.994 0.000 -0.110
vn 0.000 -1.000 0.000
vn -0.727 -0.000 0.686
vn 0.868 0.497 0.000
vn 0.858 -0.513 0.000
vn 0.383 0.000 -0.924
vn -0.666 0.000 -0.746
vn 0.000 -0.513 -0.858
vn -0.707 -0.707 0.000
vn -0.707 0.707 0.000
vn 0.640 -0.640 -0.424
vn -0.906 0.000 -0.424
vn -0.640 0.640 -0.424
vn 0.640 0.641 -0.424
vn -0.640 0.641 -0.423
vn 0.885 0.000 -0.466
vn 0.885 0.000 -0.465
vn 0.000 -0.885 -0.466
vn 0.692 0.361 0.625
vn 0.692 -0.361 0.625
vn 0.692 -0.361 0.625
vn 0.692 -0.722 -0.000
vn 0.692 -0.722 -0.000
vn 0.692 -0.361 -0.625
vn 0.692 0.361 -0.625
vn 0.692 0.361 -0.625
vn 0.692 0.722 0.000
vn 0.692 0.722 0.000
vn -0.692 0.361 0.625
vn -0.692 0.361 0.625
vn -0.692 -0.361 0.625
vn -0.692 -0.361 0.625
vn -0.692 -0.722 0.000
vn -0.692 -0.722 0.000
vn -0.692 -0.361 -0.625
vn -0.692 -0.361 -0.625
vn -0.692 0.361 -0.625
vn -0.692 0.361 -0.625
vn -0.692 0.722 0.000
vn -0.692 0.722 0.000
vn 0.692 0.361 0.625
vn 0.692 -0.722 0.000
vn 0.692 -0.361 -0.625
vn 0.692 0.722 0.000
vn -0.383 0.924 0.000
vn -0.924 0.383 0.000
vn -0.924 0.383 0.000
vn -0.924 -0.383 0.000
vn -0.924 -0.383 0.000
vn -0.383 -0.924 0.000
vn 0.383 -0.924 0.000
vn 0.924 -0.383 0.000
vn 0.924 0.383 0.000
vn 0.383 0.924 0.000
vn -0.383 0.794 -0.472
vn -0.924 0.329 -0.196
vn -0.924 0.329 -0.196
vn -0.924 -0.329 0.196
vn -0.924 -0.329 0.196
vn -0.383 -0.794 0.472
vn 0.383 -0.794 0.472
vn 0.924 -0.329 0.196
vn 0.924 0.329 -0.196
vn 0.924 0.329 -0.196
vn 0.383 0.794 -0.472
vn -0.383 0.317 -0.868
vn -0.924 0.131 -0.359
vn -0.924 0.131 -0.359
vn -0.924 -0.131 0.359
vn -0.383 -0.317 0.868
vn 0.383 -0.317 0.868
vn 0.924 -0.131 0.359
vn 0.924 0.131 -0.359
vn 0.383 0.317 -0.868
vn 0.000 -0.939 -0.343
vn 0.000 -0.939 -0.343
vn -0.924 0.131 -0.359
vn -0.924 -0.131 0.359
vn -0.804 -0.595 0.000
vn -0.804 -0.595 0.000
vn 0.672 -0.741 0.000
vn -0.553 0.000 0.833
vn -0.444 -0.329 0.833
vn 0.000 -0.553 0.833
vn 0.371 -0.409 0.833
vn 0.635 0.000 0.772
vn 0.510 0.378 0.772
vn 0.510 0.378 0.772
vn 0.000 0.635 0.772
vn -0.427 0.470 0.772
vn -0.635 -0.000 0.772
vn 0.000 -0.635 0.772
vn 0.804 -0.595 0.000
vn -0.672 -0.741 0.000
vn -0.672 -0.741 0.000
vn 0.553 -0.000 0.833
vn 0.553 -0.000 0.833
vn 0.444 -0.329 0.833
vn 0.000 -0.553 0.833
vn -0.371 -0.409 0.833
vn -0.371 -0.409 0.833
vn -0.635 0.000 0.773
vn -0.510 0.378 0.772
vn -0.510 0.378 0.772
vn 0.427 0.470 0.772
vn 0.426 0.470 0.772
vn 0.000 0.635 0.773
vn 0.000 0.553 0.833
vn 0.000 0.553 0.833
vn 0.000 0.553 0.833
vn 0.000 0.390 0.921
vn -0.390 0.000 0.921
vn -0.390 0.000 0.921
vn 0.000 -0.390 0.921
vn 0.390 0.000 0.921
vn 0.390 0.000 0.921
vn 0.000 0.390 0.921
vn 0.348 0.861 0.370
vn -0.348 -0.248 0.904
vn -0.348 -0.861 -0.370
vn -0.348 -0.861 -0.370
vn 0.348 0.248 -0.904
vn 0.870 -0.444 0.213
vn -0.870 0.444 -0.213
vn -0.133 0.932 0.337
vn -0.133 0.932 0.336
vn 0.133 -0.320 0.938
vn 0.133 -0.319 0.938
vn 0.133 -0.932 -0.337
vn 0.133 -0.932 -0.336
vn -0.133 0.320 -0.938
vn -0.133 0.319 -0.938
vn 0.982 0.170 -0.082
vn 0.982 0.170 -0.082
vn -0.982 -0.170 0.082
vn -0.982 -0.170 0.082
vn 0.870 -0.444 0.213
vn -0.870 0.444 -0.213
vn -0.133 0.932 0.336
vn 0.133 -0.320 0.938
vn -0.982 -0.170 0.082
vn -0.037 0.993 0.112
vn -0.950 0.000 -0.314
vn -0.645 -0.702 -0.301
vn 0.037 -0.993 -0.112
vn 0.950 -0.000 0.314
vn 0.311 0.118 -0.943
vn -0.291 0.370 0.882
vn -0.291 0.370 0.882
vn -0.727 -0.104 0.679
vn -0.582 -0.439 0.685
vn -0.256 -0.578 0.775
vn -0.256 -0.578 0.775
vn 0.180 -0.104 0.978
vn -0.250 -0.602 0.758
vn -0.250 -0.602 0.758
vn 0.209 -0.102 0.973
vn 0.056 0.251 0.966
vn -0.288 0.398 0.871
vn -0.288 0.398 0.871
vn -0.747 -0.102 0.657
vn -0.193 0.788 0.585
vn -0.193 0.788 0.584
vn -0.974 -0.060 0.219
vn -0.973 -0.060 0.221
vn -0.975 -0.060 0.215
vn -0.975 -0.060 0.213
vn -0.714 -0.664 0.224
vn -0.714 -0.664 0.224
vn -0.128 -0.913 0.388
vn -0.127 -0.914 0.386
vn -0.129 -0.911 0.391
vn -0.130 -0.911 0.393
vn 0.651 -0.061 0.757
vn 0.651 -0.061 0.757
vn 0.037 0.993 0.112
vn 0.950 0.000 -0.314
vn 0.645 -0.702 -0.301
vn -0.037 -0.993 -0.112
vn -0.950 -0.000 0.314
vn -0.311 0.118 -0.943
vn 0.291 0.370 0.882
vn 0.727 -0.104 0.679
vn 0.727 -0.104 0.679
vn 0.582 -0.439 0.685
vn 0.582 -0.439 0.685
vn 0.256 -0.578 0.775
vn 0.256 -0.578 0.775
vn -0.180 -0.104 0.978
vn -0.180 -0.104 0.978
vn 0.250 -0.602 0.758
vn 0.250 -0.602 0.758
vn -0.209 -0.102 0.973
vn -0.056 0.251 0.966
vn 0.288 0.398 0.871
vn 0.288 0.398 0.871
vn 0.747 -0.102 0.657
vn 0.193 0.788 0.585
vn 0.193 0.788 0.585
vn 0.974 -0.060 0.219
vn 0.975 -0.060 0.213
vn 0.975 -0.060 0.215
vn 0.973 -0.060 0.221
vn 0.714 -0.664 0.224
vn 0.714 -0.664 0.224
vn 0.128 -0.913 0.388
vn 0.130 -0.911 0.392
vn 0.129 -0.911 0.391
vn 0.127 -0.914 0.386
vn -0.651 -0.061 0.757
vn -0.612 0.612 0.500
vn 0.612 -0.612 0.500
vn 0.612 -0.612 -0.500
vn -0.612 0.612 -0.500
vn -0.866 0.000 0.500
vn 0.866 0.000 0.500
vn 0.866 0.000 -0.500
vn -0.866 0.000 -0.500
vn 0.000 -0.866 0.500
vn 0.000 0.866 0.500
vn -0.000 0.866 -0.500
vn -0.000 -0.866 -0.500
vn 0.612 0.612 0.500
vn -0.612 -0.612 0.500
vn -0.612 -0.612 -0.500
vn 0.612 0.612 -0.500
vn 0.000 0.276 -0.961
vn 0.000 0.091 -0.996
vn 0.000 0.104 0.995
vn -0.704 0.710 0.000
vn -0.704 0.710 0.000
vn -0.704 0.710 0.000
vn -0.703 0.074 0.707
vn -0.704 0.073 0.706
vn -0.702 0.074 0.708
vn -0.701 0.074 0.709
vn -0.704 0.000 0.710
vn -0.704 0.000 0.710
vn -0.704 -0.710 0.000
vn -0.704 -0.710 0.000
vn -0.695 0.202 -0.691
vn -0.562 0.229 -0.795
vn -0.702 0.065 -0.709
vn -0.701 0.065 -0.710
vn -0.703 0.065 -0.708
vn -0.704 0.065 -0.707
vn 0.704 0.710 0.000
vn 0.703 0.065 -0.708
vn 0.704 0.064 -0.707
vn 0.702 0.065 -0.709
vn 0.701 0.065 -0.710
vn 0.558 0.233 -0.796
vn 0.695 0.199 -0.691
vn 0.704 -0.710 -0.000
vn 0.704 0.000 0.710
vn 0.702 0.074 0.708
vn 0.701 0.074 0.709
vn 0.703 0.074 0.707
vn 0.704 0.074 0.706
vn 0.703 0.074 0.707
vn 0.701 0.074 0.709
vn 0.702 0.074 0.708
vn 0.704 0.073 0.706
vn 0.704 0.000 0.710
vn 0.704 -0.710 -0.000
vn 0.562 0.229 -0.795
vn 0.695 0.202 -0.691
vn 0.702 0.065 -0.709
vn 0.704 0.065 -0.707
vn 0.703 0.065 -0.708
vn -0.704 0.710 0.000
vn -0.702 0.065 -0.710
vn -0.704 0.064 -0.707
vn -0.695 0.199 -0.691
vn -0.558 0.233 -0.796
vn -0.703 0.074 0.707
vn -0.701 0.074 0.709
vn -0.334 -0.000 0.943
vn 0.343 0.000 -0.939
vn -0.938 0.000 -0.348
vn -0.938 0.000 -0.348
vn -0.325 -0.233 0.916
vn -0.912 -0.233 -0.339
vn -0.912 -0.233 -0.339
vn 0.334 -0.233 -0.913
vn 0.334 -0.233 -0.913
vn -0.000 -0.233 -0.972
vn -0.895 0.000 -0.445
vn -0.360 -0.916 -0.179
vn 0.000 -0.802 0.597
vn -0.802 0.000 0.597
vn -0.286 -0.728 0.623
vn -0.280 -0.829 0.484
vn -0.286 -0.519 0.806
vn -0.286 -0.518 0.806
vn 0.000 -0.518 0.855
vn -0.286 0.519 0.806
vn -0.286 0.518 0.806
vn -0.802 0.518 -0.298
vn -0.621 0.000 -0.784
vn -0.621 0.000 -0.784
vn -0.802 -0.519 -0.298
vn -0.802 -0.518 -0.298
vn -0.801 -0.519 -0.298
vn 0.000 -0.233 0.972
vn 0.000 0.802 0.597
vn 0.000 0.518 0.855
vn 0.334 -0.000 0.943
vn -0.343 0.000 -0.939
vn 0.938 0.000 -0.348
vn 0.938 0.000 -0.348
vn 0.325 -0.233 0.916
vn 0.325 -0.233 0.916
vn 0.912 -0.233 -0.339
vn -0.334 -0.233 -0.913
vn -0.334 -0.233 -0.913
vn 0.895 0.000 -0.445
vn 0.360 -0.916 -0.179
vn 0.802 -0.000 0.597
vn 0.280 -0.829 0.484
vn 0.286 -0.728 0.623
vn 0.286 -0.518 0.806
vn 0.286 -0.518 0.806
vn 0.286 0.518 0.806
vn 0.286 0.519 0.806
vn 0.801 0.519 -0.298
vn 0.801 0.519 -0.298
vn 0.802 0.518 -0.298
vn 0.621 -0.000 -0.784
vn 0.621 0.000 -0.784
vn 0.621 -0.000 -0.784
vn 0.802 -0.518 -0.298
f 1/1/1 2/2/2 3/3/3
f 3/3/3 4/4/4 1/1/1
f 5/5/5 6/6/5 7/7/5
f 8/8/5 5/5/5 7/7/5
f 9/9/5 8/8/5 7/7/5
f 10/10/6 11/11/7 12/12/8
f 12/12/8 1/1/9 10/10/6
f 13/13/10 14/14/11 15/15/10
f 15/15/10 16/16/12 13/13/10
f 14/14/11 17/17/13 18/18/11
f 18/18/11 15/15/10 14/14/11
f 17/17/13 19/19/13 20/20/13
f 20/20/13 18/18/11 17/17/13
f 21/21/14 13/13/15 16/16/16
f 16/16/16 22/22/17 21/21/14
f 16/16/18 15/15/19 23/23/20
f 23/23/20 24/24/21 16/16/18
f 15/15/19 18/18/22 25/25/22
f 25/25/22 23/23/20 15/15/19
f 18/18/23 20/20/24 26/26/25
f 26/26/25 25/25/26 18/18/23
f 22/22/27 16/16/27 24/24/27
f 24/24/28 27/27/28 22/22/28
f 28/28/29 29/29/29 30/30/29
f 30/30/30 31/31/31 32/32/32
f 28/28/33 30/30/30 32/32/32
f 28/28/33 32/32/32 33/33/34
f 34/34/35 19/19/35 35/35/35
f 35/35/36 36/36/36 34/34/36
f 19/19/37 17/17/38 37/37/39
f 37/37/39 35/35/40 19/19/37
f 17/17/38 14/14/41 38/38/42
f 38/38/42 37/37/39 17/17/38
f 14/14/43 39/39/43 40/40/43
f 40/40/44 38/38/44 14/14/44
f 39/39/45 41/41/45 42/42/45
f 42/42/46 40/40/46 39/39/46
f 41/41/47 43/43/48 44/44/49
f 44/44/49 42/42/50 41/41/47
f 43/43/51 34/34/51 36/36/51
f 36/36/52 44/44/52 43/43/52
f 45/45/53 46/46/54 37/37/55
f 44/44/56 45/45/53 37/37/55
f 44/44/56 37/37/55 47/47/57
f 44/44/58 47/47/58 48/48/58
f 37/37/59 38/38/60 49/49/61
f 49/49/61 47/47/62 37/37/59
f 38/38/63 40/40/63 50/50/63
f 50/50/64 49/49/64 38/38/64
f 40/40/65 42/42/65 51/51/65
f 51/51/66 50/50/66 40/40/66
f 42/42/67 44/44/67 48/48/67
f 48/48/68 51/51/68 42/42/68
f 44/44/69 36/36/69 52/52/69
f 52/52/70 45/45/70 44/44/70
f 36/36/71 35/35/71 53/53/71
f 53/53/72 52/52/72 36/36/72
f 35/35/73 37/37/73 46/46/73
f 46/46/74 53/53/74 35/35/74
f 48/48/75 47/47/76 54/54/77
f 54/54/77 55/55/78 48/48/75
f 47/47/79 49/49/79 56/56/79
f 56/56/79 54/54/79 47/47/79
f 49/49/80 50/50/81 57/57/82
f 57/57/82 56/56/83 49/49/80
f 50/50/84 51/51/84 58/58/84
f 58/58/85 57/57/85 50/50/85
f 51/51/86 48/48/87 55/55/88
f 55/55/88 58/58/89 51/51/86
f 45/45/90 52/52/91 59/59/92
f 59/59/92 60/60/93 45/45/90
f 52/52/94 53/53/95 61/61/96
f 61/61/96 59/59/97 52/52/94
f 53/53/98 46/46/99 62/62/100
f 62/62/100 61/61/101 53/53/98
f 46/46/102 45/45/103 60/60/104
f 60/60/104 62/62/105 46/46/102
f 43/43/106 63/63/106 8/8/106
f 8/8/107 9/9/107 43/43/107
f 63/63/108 64/64/108 5/5/108
f 5/5/108 8/8/108 63/63/108
f 64/64/109 65/65/109 6/6/109
f 6/6/110 5/5/110 64/64/110
f 65/65/111 34/34/111 7/7/111
f 7/7/111 6/6/111 65/65/111
f 34/34/112 43/43/112 9/9/112
f 9/9/112 7/7/112 34/34/112
f 41/41/113 39/39/113 29/29/113
f 29/29/114 28/28/114 41/41/114
f 39/39/115 66/66/115 30/30/115
f 30/30/116 29/29/116 39/39/116
f 66/66/117 67/67/117 31/31/117
f 31/31/118 30/30/118 66/66/118
f 67/67/119 63/63/119 32/32/119
f 32/32/120 31/31/120 67/67/120
f 63/63/121 43/43/121 33/33/121
f 33/33/122 32/32/122 63/63/122
f 43/43/123 41/41/124 28/28/125
f 28/28/125 33/33/126 43/43/123
f 68/68/127 69/69/127 70/70/127
f 70/70/127 71/71/127 68/68/127
f 65/65/128 64/64/129 72/72/130
f 72/72/130 73/73/131 65/65/128
f 64/64/132 74/74/132 75/75/132
f 75/75/132 72/72/132 64/64/132
f 74/74/133 76/76/133 77/77/133
f 77/77/134 75/75/134 74/74/134
f 76/76/135 78/78/135 79/79/135
f 79/79/135 77/77/135 76/76/135
f 78/78/136 80/80/136 81/81/136
f 81/81/136 79/79/136 78/78/136
f 80/80/137 82/82/137 83/83/137
f 83/83/137 81/81/137 80/80/137
f 82/82/138 84/84/138 85/85/138
f 85/85/138 83/83/138 82/82/138
f 84/84/139 86/86/139 87/87/139
f 87/87/139 85/85/140 84/84/139
f 86/86/141 88/88/141 89/89/141
f 89/89/141 87/87/141 86/86/141
f 88/88/142 90/90/142 91/91/142
f 91/91/142 89/89/142 88/88/142
f 90/90/143 92/92/143 93/93/143
f 93/93/143 91/91/143 90/90/143
f 92/92/144 94/94/145 95/95/146
f 95/95/138 93/93/138 92/92/138
f 96/96/147 97/97/147 98/98/147
f 96/96/148 98/98/148 95/95/148
f 96/96/148 95/95/148 94/94/148
f 97/97/149 34/34/149 99/99/149
f 99/99/150 98/98/150 97/97/150
f 34/34/151 65/65/152 73/73/153
f 73/73/153 99/99/154 34/34/151
f 98/98/5 99/99/5 73/73/5
f 73/73/5 72/72/5 75/75/5
f 73/73/5 75/75/5 77/77/5
f 73/73/5 77/77/5 79/79/5
f 73/73/5 79/79/5 81/81/5
f 98/98/5 73/73/5 81/81/5
f 98/98/5 81/81/5 83/83/155
f 98/98/5 83/83/155 85/85/5
f 98/98/5 85/85/5 87/87/5
f 91/91/5 93/93/5 95/95/5
f 89/89/156 91/91/5 95/95/5
f 87/87/5 89/89/156 95/95/5
f 98/98/5 87/87/5 95/95/5
f 34/34/127 97/97/127 100/100/127
f 100/100/127 101/101/127 34/34/127
f 102/102/127 103/103/127 100/100/127
f 100/100/127 97/97/127 102/102/127
f 101/101/157 100/100/158 104/104/158
f 104/104/158 105/105/157 101/101/157
f 105/105/159 104/104/159 68/68/159
f 68/68/159 71/71/159 105/105/159
f 104/104/160 106/106/160 69/69/160
f 69/69/160 68/68/160 104/104/160
f 19/19/161 34/34/162 107/107/163
f 107/107/163 108/108/164 19/19/161
f 34/34/162 109/109/165 110/110/163
f 34/34/162 110/110/163 111/111/166
f 34/34/162 111/111/166 107/107/163
f 108/108/167 107/107/168 112/112/168
f 112/112/168 113/113/167 108/108/167
f 111/111/169 114/114/169 112/112/169
f 112/112/170 107/107/170 111/111/170
f 115/115/171 116/116/171 2/2/171
f 2/2/172 1/1/172 115/115/172
f 116/116/173 117/117/173 3/3/173
f 3/3/173 2/2/173 116/116/173
f 117/117/174 118/118/175 119/119/175
f 119/119/175 3/3/174 117/117/174
f 118/118/176 120/120/176 121/121/176
f 121/121/176 119/119/176 118/118/176
f 120/120/177 122/122/177 123/123/177
f 123/123/177 121/121/177 120/120/177
f 122/122/178 124/124/179 125/125/179
f 125/125/179 123/123/178 122/122/178
f 124/124/180 126/126/180 127/127/180
f 127/127/180 125/125/180 124/124/180
f 126/126/181 128/128/181 129/129/181
f 129/129/181 127/127/181 126/126/181
f 128/128/176 130/130/176 131/131/176
f 131/131/176 129/129/176 128/128/176
f 130/130/182 132/132/183 133/133/182
f 133/133/182 131/131/182 130/130/182
f 132/132/184 134/134/184 135/135/184
f 135/135/184 133/133/184 132/132/184
f 134/134/185 136/136/185 137/137/185
f 137/137/185 135/135/185 134/134/185
f 136/136/186 138/138/186 139/139/186
f 139/139/186 137/137/186 136/136/186
f 138/138/187 67/67/176 140/140/176
f 140/140/176 139/139/187 138/138/187
f 67/67/188 66/66/188 10/10/188
f 10/10/189 140/140/189 67/67/189
f 66/66/190 39/39/190 11/11/190
f 11/11/191 10/10/191 66/66/191
f 14/14/192 13/13/192 141/141/192
f 141/141/193 142/142/193 14/14/193
f 13/13/194 21/21/194 143/143/194
f 143/143/195 141/141/195 13/13/195
f 21/21/196 144/144/197 145/145/198
f 145/145/198 143/143/199 21/21/196
f 115/115/200 1/1/200 12/12/200
f 12/12/201 145/145/201 144/144/201
f 115/115/202 12/12/202 144/144/202
f 3/3/3 119/119/5 121/121/5
f 3/3/3 121/121/5 123/123/5
f 3/3/3 123/123/5 125/125/5
f 3/3/3 125/125/5 127/127/203
f 4/4/4 3/3/3 127/127/203
f 4/4/4 127/127/203 129/129/204
f 4/4/4 129/129/204 131/131/205
f 4/4/4 131/131/205 133/133/206
f 4/4/4 133/133/206 135/135/207
f 135/135/155 137/137/155 139/139/155
f 4/4/208 135/135/208 139/139/208
f 4/4/4 139/139/209 140/140/210
f 4/4/4 140/140/210 10/10/211
f 4/4/4 10/10/211 1/1/1
f 39/39/212 14/14/212 142/142/212
f 142/142/213 11/11/213 39/39/213
f 142/142/214 141/141/214 143/143/214
f 142/142/215 143/143/216 145/145/217
f 142/142/215 145/145/217 12/12/218
f 11/11/219 142/142/219 12/12/219
f 146/146/220 147/147/221 148/148/221
f 148/148/221 149/149/220 146/146/220
f 147/147/222 150/150/223 151/151/223
f 151/151/223 148/148/222 147/147/222
f 152/152/224 153/153/224 151/151/224
f 151/151/224 150/150/224 152/152/224
f 154/154/225 152/152/226 150/150/227
f 150/150/227 144/144/228 154/154/225
f 155/155/127 156/156/127 157/157/127
f 157/157/127 158/158/127 155/155/127
f 159/159/229 160/160/229 161/161/229
f 161/161/229 162/162/229 159/159/229
f 116/116/230 115/115/231 156/156/231
f 156/156/231 155/155/230 116/116/230
f 160/160/232 159/159/233 158/158/233
f 158/158/233 157/157/232 160/160/232
f 163/163/234 164/164/234 117/117/234
f 163/163/234 117/117/234 116/116/234
f 163/163/234 116/116/234 165/165/234
f 166/166/234 167/167/234 168/168/234
f 168/168/234 169/169/234 166/166/234
f 170/170/235 171/171/235 172/172/235
f 172/172/235 173/173/235 170/170/235
f 174/174/236 164/164/236 171/171/236
f 171/171/237 170/170/237 174/174/237
f 164/164/238 163/163/238 175/175/238
f 175/175/239 171/171/239 164/164/239
f 163/163/240 165/165/241 176/176/241
f 176/176/241 175/175/240 163/163/240
f 165/165/242 177/177/242 178/178/242
f 178/178/242 176/176/242 165/165/242
f 177/177/243 179/179/244 180/180/244
f 180/180/244 178/178/243 177/177/243
f 181/181/242 182/182/242 180/180/242
f 180/180/242 179/179/242 181/181/242
f 179/179/245 177/177/245 183/183/245
f 183/183/245 184/184/245 179/179/245
f 184/184/246 183/183/246 167/167/246
f 167/167/246 166/166/246 184/184/246
f 162/162/127 161/161/127 185/185/127
f 185/185/127 186/186/127 162/162/127
f 120/120/247 187/187/247 188/188/247
f 188/188/247 122/122/247 120/120/247
f 124/124/248 122/122/248 188/188/248
f 188/188/248 189/189/248 124/124/248
f 126/126/249 190/190/249 191/191/249
f 191/191/249 128/128/249 126/126/249
f 130/130/250 128/128/250 191/191/250
f 191/191/250 192/192/250 130/130/250
f 132/132/251 130/130/251 192/192/251
f 192/192/251 193/193/251 132/132/251
f 194/194/252 195/195/252 196/196/253
f 197/197/252 194/194/252 196/196/253
f 198/198/252 197/197/252 196/196/253
f 138/138/250 198/198/250 196/196/250
f 67/67/250 138/138/250 196/196/250
f 63/63/250 67/67/250 196/196/250
f 64/64/250 63/63/250 196/196/250
f 74/74/250 64/64/250 196/196/250
f 76/76/254 74/74/254 196/196/254
f 196/196/254 199/199/254 76/76/254
f 21/21/255 200/200/255 154/154/255
f 154/154/255 144/144/255 21/21/255
f 105/105/256 71/71/256 70/70/256
f 70/70/256 201/201/256 105/105/256
f 202/202/257 108/108/258 113/113/258
f 113/113/258 203/203/257 202/202/257
f 159/159/252 162/162/252 186/186/252
f 186/186/252 204/204/252 159/159/252
f 165/165/259 116/116/260 155/155/260
f 177/177/259 165/165/259 155/155/260
f 177/177/259 155/155/260 205/205/260
f 205/205/260 206/206/260 207/207/259
f 205/205/260 207/207/259 208/208/259
f 177/177/259 205/205/260 208/208/259
f 160/160/259 157/157/259 209/209/261
f 209/209/261 210/210/261 160/160/259
f 117/117/262 164/164/262 174/174/262
f 211/211/262 212/212/262 213/213/262
f 211/211/262 213/213/262 214/214/262
f 174/174/262 211/211/262 214/214/262
f 117/117/262 174/174/262 214/214/262
f 118/118/262 117/117/262 214/214/262
f 170/170/263 173/173/263 211/211/263
f 211/211/263 174/174/263 170/170/263
f 179/179/264 184/184/264 215/215/264
f 215/215/264 181/181/264 179/179/264
f 216/216/265 217/217/266 218/218/267
f 218/218/267 219/219/268 216/216/265
f 220/220/229 221/221/229 222/222/229
f 220/220/229 222/222/229 223/223/229
f 224/224/229 220/220/229 223/223/229
f 225/225/269 216/216/270 226/226/271
f 226/226/271 227/227/272 225/225/269
f 228/228/273 27/27/273 24/24/273
f 228/228/273 24/24/273 229/229/273
f 228/228/273 229/229/273 230/230/273
f 231/231/273 228/228/273 230/230/273
f 232/232/274 233/233/275 234/234/276
f 234/234/276 235/235/277 232/232/274
f 235/235/277 234/234/276 236/236/278
f 236/236/278 237/237/279 235/235/277
f 237/237/279 236/236/278 238/238/279
f 238/238/279 239/239/279 237/237/279
f 238/238/280 20/20/280 19/19/280
f 19/19/280 239/239/280 238/238/280
f 200/200/281 240/240/282 233/233/283
f 233/233/283 232/232/284 200/200/281
f 233/233/285 231/231/286 241/241/287
f 241/241/287 234/234/288 233/233/285
f 234/234/288 241/241/287 242/242/288
f 242/242/288 236/236/289 234/234/288
f 236/236/290 242/242/291 243/243/292
f 243/243/292 238/238/293 236/236/290
f 244/244/294 26/26/294 20/20/294
f 245/245/294 244/244/294 20/20/294
f 243/243/294 245/245/294 20/20/294
f 238/238/294 243/243/294 20/20/294
f 240/240/295 228/228/295 231/231/295
f 231/231/296 233/233/296 240/240/296
f 246/246/297 247/247/298 248/248/299
f 248/248/299 249/249/300 250/250/301
f 246/246/297 248/248/299 250/250/301
f 246/246/302 250/250/302 251/251/302
f 109/109/303 252/252/303 253/253/303
f 253/253/304 239/239/304 109/109/304
f 239/239/305 253/253/306 254/254/307
f 254/254/307 237/237/308 239/239/305
f 237/237/308 254/254/307 255/255/309
f 255/255/309 235/235/310 237/237/308
f 235/235/311 255/255/311 256/256/311
f 256/256/312 257/257/312 235/235/312
f 257/257/313 256/256/313 258/258/313
f 258/258/314 259/259/314 257/257/314
f 259/259/315 258/258/316 260/260/317
f 260/260/317 261/261/318 259/259/315
f 261/261/319 260/260/319 252/252/319
f 252/252/320 109/109/320 261/261/320
f 260/260/321 262/262/321 263/263/321
f 260/260/322 263/263/323 254/254/324
f 254/254/324 264/264/325 265/265/326
f 260/260/322 254/254/324 265/265/326
f 254/254/327 263/263/328 266/266/329
f 266/266/329 255/255/330 254/254/327
f 255/255/331 266/266/331 267/267/331
f 267/267/332 256/256/332 255/255/332
f 256/256/333 267/267/333 268/268/333
f 268/268/334 258/258/334 256/256/334
f 258/258/335 268/268/335 262/262/335
f 262/262/336 260/260/336 258/258/336
f 260/260/337 265/265/337 269/269/337
f 269/269/338 252/252/338 260/260/338
f 252/252/339 269/269/339 270/270/339
f 270/270/340 253/253/340 252/252/340
f 253/253/341 270/270/341 264/264/341
f 264/264/342 254/254/342 253/253/342
f 262/262/343 271/271/343 272/272/343
f 272/272/344 263/263/344 262/262/344
f 263/263/345 272/272/345 273/273/345
f 273/273/346 266/266/346 263/263/346
f 266/266/347 273/273/347 274/274/347
f 274/274/348 267/267/348 266/266/348
f 267/267/349 274/274/349 275/275/349
f 275/275/350 268/268/350 267/267/350
f 268/268/351 275/275/351 271/271/351
f 271/271/352 262/262/352 268/268/352
f 265/265/353 276/276/353 277/277/353
f 277/277/354 269/269/354 265/265/354
f 269/269/355 277/277/355 278/278/355
f 278/278/356 270/270/356 269/269/356
f 270/270/357 278/278/357 279/279/357
f 279/279/358 264/264/358 270/270/358
f 264/264/359 279/279/359 276/276/359
f 276/276/360 265/265/360 264/264/360
f 261/261/361 224/224/361 223/223/361
f 223/223/362 194/194/362 261/261/362
f 194/194/363 223/223/363 222/222/364
f 222/222/364 195/195/364 194/194/363
f 195/195/365 222/222/365 221/221/365
f 221/221/366 280/280/366 195/195/366
f 280/280/367 221/221/367 220/220/367
f 220/220/367 109/109/367 280/280/367
f 109/109/368 220/220/368 224/224/369
f 224/224/369 261/261/369 109/109/368
f 259/259/370 246/246/370 251/251/370
f 251/251/371 257/257/371 259/259/371
f 257/257/372 251/251/372 250/250/372
f 250/250/373 281/281/373 257/257/373
f 281/281/374 250/250/374 249/249/374
f 249/249/375 197/197/375 281/281/375
f 197/197/376 249/249/376 248/248/376
f 248/248/377 194/194/377 197/197/377
f 194/194/378 248/248/378 247/247/378
f 247/247/379 261/261/379 194/194/379
f 261/261/380 247/247/381 246/246/382
f 246/246/382 259/259/383 261/261/380
f 280/280/384 282/282/385 283/283/386
f 283/283/386 195/195/387 280/280/384
f 195/195/388 283/283/388 284/284/388
f 284/284/388 196/196/388 195/195/388
f 196/196/389 284/284/389 285/285/389
f 285/285/390 199/199/390 196/196/390
f 199/199/391 285/285/391 286/286/391
f 286/286/391 287/287/391 199/199/391
f 287/287/392 286/286/392 288/288/392
f 288/288/392 289/289/392 287/287/392
f 289/289/393 288/288/393 290/290/393
f 290/290/393 291/291/393 289/289/393
f 291/291/394 290/290/394 292/292/394
f 292/292/394 293/293/394 291/291/394
f 293/293/395 292/292/395 294/294/395
f 294/294/395 295/295/396 293/293/395
f 295/295/397 294/294/397 296/296/397
f 296/296/397 297/297/398 295/295/397
f 297/297/399 296/296/399 298/298/399
f 298/298/399 299/299/399 297/297/399
f 299/299/400 298/298/400 300/300/400
f 300/300/400 301/301/400 299/299/400
f 301/301/394 300/300/394 302/302/394
f 302/302/401 303/303/402 301/301/403
f 304/304/404 303/303/404 302/302/404
f 304/304/404 302/302/404 305/305/404
f 304/304/405 305/305/405 102/102/405
f 102/102/406 305/305/406 306/306/406
f 306/306/407 109/109/407 102/102/407
f 109/109/408 306/306/409 282/282/410
f 282/282/410 280/280/411 109/109/408
f 302/302/229 300/300/229 298/298/229
f 302/302/229 298/298/229 296/296/229
f 302/302/229 296/296/229 294/294/229
f 305/305/229 302/302/229 294/294/229
f 305/305/229 294/294/229 292/292/229
f 305/305/229 292/292/229 290/290/229
f 305/305/229 290/290/229 288/288/229
f 284/284/229 283/283/229 282/282/229
f 285/285/229 284/284/229 282/282/229
f 286/286/229 285/285/229 282/282/229
f 288/288/229 286/286/229 282/282/229
f 305/305/229 288/288/229 282/282/229
f 305/305/229 282/282/229 306/306/229
f 109/109/127 307/307/127 103/103/127
f 103/103/127 102/102/127 109/109/127
f 307/307/412 201/201/412 106/106/413
f 106/106/413 103/103/413 307/307/412
f 103/103/414 106/106/414 104/104/415
f 104/104/415 100/100/415 103/103/414
f 201/201/416 70/70/416 69/69/417
f 69/69/417 106/106/417 201/201/416
f 239/239/418 308/308/419 110/110/163
f 110/110/163 109/109/165 239/239/418
f 308/308/420 309/309/420 310/310/420
f 310/310/421 110/110/421 308/308/421
f 111/111/169 110/110/170 310/310/170
f 310/310/170 311/311/169 111/111/169
f 312/312/422 216/216/422 219/219/422
f 219/219/423 206/206/423 312/312/423
f 206/206/424 219/219/425 218/218/424
f 218/218/424 213/213/424 206/206/424
f 213/213/426 218/218/426 313/313/427
f 313/313/427 214/214/427 213/213/426
f 214/214/428 313/313/428 314/314/428
f 314/314/428 187/187/428 214/214/428
f 187/187/429 314/314/429 315/315/430
f 315/315/430 188/188/430 187/187/429
f 188/188/431 315/315/432 316/316/433
f 316/316/433 189/189/433 188/188/431
f 189/189/434 316/316/434 317/317/434
f 317/317/434 190/190/434 189/189/434
f 190/190/435 317/317/435 318/318/435
f 318/318/435 191/191/435 190/190/435
f 191/191/436 318/318/436 319/319/436
f 319/319/436 192/192/436 191/191/436
f 192/192/437 319/319/438 320/320/437
f 320/320/437 193/193/437 192/192/437
f 193/193/439 320/320/439 321/321/439
f 321/321/439 322/322/439 193/193/439
f 322/322/440 321/321/440 323/323/440
f 323/323/440 324/324/440 322/322/440
f 324/324/441 323/323/441 325/325/442
f 325/325/442 198/198/442 324/324/441
f 198/198/436 325/325/436 326/326/436
f 326/326/436 197/197/436 198/198/436
f 197/197/443 326/326/443 225/225/443
f 225/225/444 281/281/444 197/197/444
f 281/281/445 225/225/445 227/227/445
f 227/227/446 257/257/446 281/281/446
f 235/235/447 327/327/447 328/328/447
f 328/328/448 232/232/448 235/235/448
f 232/232/449 328/328/449 329/329/449
f 329/329/450 200/200/450 232/232/450
f 200/200/451 329/329/452 330/330/453
f 330/330/453 154/154/454 200/200/451
f 154/154/455 330/330/455 226/226/455
f 312/312/456 154/154/456 226/226/456
f 312/312/457 226/226/457 216/216/457
f 217/217/266 319/319/458 318/318/459
f 217/217/266 318/318/459 317/317/460
f 314/314/229 313/313/229 218/218/267
f 315/315/229 314/314/229 218/218/267
f 316/316/229 315/315/229 218/218/267
f 317/317/460 316/316/229 218/218/267
f 217/217/266 317/317/460 218/218/267
f 217/217/266 216/216/265 225/225/461
f 217/217/266 225/225/461 326/326/462
f 217/217/266 326/326/462 325/325/463
f 325/325/229 323/323/229 321/321/229
f 217/217/464 325/325/464 321/321/464
f 217/217/266 321/321/465 320/320/466
f 217/217/266 320/320/466 319/319/458
f 257/257/467 227/227/467 327/327/467
f 327/327/468 235/235/468 257/257/468
f 329/329/469 328/328/469 327/327/469
f 330/330/470 329/329/471 327/327/472
f 226/226/473 330/330/470 327/327/472
f 227/227/474 226/226/474 327/327/474
f 331/331/475 332/332/475 333/333/475
f 333/333/476 334/334/476 331/331/476
f 334/334/477 333/333/477 153/153/477
f 153/153/478 152/152/478 334/334/478
f 205/205/127 335/335/127 209/209/127
f 209/209/127 336/336/127 205/205/127
f 209/209/127 157/157/127 156/156/127
f 156/156/127 336/336/127 209/209/127
f 204/204/5 186/186/5 185/185/5
f 185/185/5 210/210/5 204/204/5
f 185/185/262 161/161/262 160/160/262
f 160/160/262 210/210/262 185/185/262
f 206/206/479 205/205/479 336/336/232
f 336/336/232 312/312/232 206/206/479
f 336/336/480 156/156/481 115/115/481
f 115/115/481 312/312/480 336/336/480
f 210/210/482 209/209/482 335/335/231
f 335/335/231 204/204/231 210/210/482
f 204/204/481 335/335/481 158/158/481
f 158/158/481 159/159/481 204/204/481
f 337/337/234 207/207/234 206/206/234
f 337/337/234 206/206/234 213/213/234
f 337/337/234 213/213/234 212/212/234
f 172/172/483 171/171/484 175/175/485
f 175/175/485 176/176/234 178/178/234
f 175/175/485 178/178/234 180/180/486
f 172/172/483 175/175/485 180/180/486
f 172/172/483 180/180/486 182/182/487
f 338/338/488 172/172/483 182/182/487
f 338/338/488 182/182/487 339/339/234
f 338/338/488 339/339/234 340/340/234
f 211/211/489 173/173/489 172/172/489
f 172/172/490 212/212/490 211/211/490
f 212/212/491 172/172/492 338/338/493
f 338/338/494 337/337/494 212/212/494
f 337/337/495 338/338/495 340/340/496
f 340/340/496 207/207/496 337/337/495
f 207/207/242 340/340/242 339/339/242
f 339/339/242 208/208/242 207/207/242
f 208/208/497 339/339/497 182/182/497
f 182/182/497 181/181/498 208/208/497
f 341/341/499 183/183/499 177/177/499
f 177/177/499 208/208/499 341/341/499
f 181/181/500 215/215/500 341/341/500
f 341/341/500 208/208/500 181/181/500
f 168/168/501 167/167/501 183/183/501
f 183/183/501 341/341/501 168/168/501
f 215/215/502 169/169/503 168/168/502
f 168/168/502 341/341/502 215/215/502
f 120/120/250 118/118/250 214/214/250
f 214/214/250 187/187/250 120/120/250
f 126/126/504 124/124/504 189/189/504
f 189/189/504 190/190/504 126/126/504
f 134/134/505 132/132/505 193/193/505
f 193/193/505 322/322/505 134/134/505
f 134/134/506 322/322/506 324/324/506
f 324/324/506 136/136/506 134/134/506
f 136/136/507 324/324/507 198/198/507
f 198/198/507 138/138/507 136/136/507
f 78/78/508 76/76/508 199/199/508
f 199/199/508 287/287/508 78/78/508
f 78/78/509 287/287/510 289/289/510
f 289/289/510 80/80/509 78/78/509
f 80/80/511 289/289/511 291/291/511
f 291/291/511 82/82/511 80/80/511
f 82/82/250 291/291/250 293/293/250
f 293/293/250 84/84/250 82/82/250
f 84/84/512 293/293/512 295/295/512
f 295/295/512 86/86/512 84/84/512
f 86/86/513 295/295/513 297/297/513
f 297/297/513 88/88/513 86/86/513
f 88/88/514 297/297/514 299/299/514
f 299/299/514 90/90/514 88/88/514
f 90/90/515 299/299/515 301/301/515
f 301/301/515 92/92/515 90/90/515
f 94/94/145 92/92/144 301/301/403
f 301/301/403 303/303/402 94/94/145
f 94/94/252 303/303/252 304/304/252
f 304/304/252 96/96/252 94/94/252
f 96/96/516 304/304/516 102/102/516
f 102/102/516 97/97/516 96/96/516
f 22/22/517 240/240/517 200/200/517
f 200/200/517 21/21/517 22/22/517
f 22/22/518 27/27/518 228/228/518
f 228/228/518 240/240/518 22/22/518
f 34/34/127 101/101/127 307/307/127
f 307/307/127 109/109/127 34/34/127
f 105/105/519 201/201/519 307/307/519
f 307/307/519 101/101/519 105/105/519
f 19/19/161 108/108/164 202/202/520
f 19/19/161 202/202/520 308/308/419
f 19/19/161 308/308/419 239/239/418
f 202/202/521 342/342/521 309/309/521
f 309/309/522 308/308/522 202/202/522
f 144/144/228 150/150/227 147/147/523
f 115/115/524 144/144/228 147/147/523
f 115/115/524 147/147/523 146/146/525
f 115/115/524 146/146/525 331/331/526
f 334/334/527 152/152/226 154/154/225
f 334/334/527 154/154/225 312/312/528
f 331/331/526 334/334/527 312/312/528
f 115/115/524 331/331/526 312/312/528
f 146/146/529 149/149/529 332/332/529
f 332/332/529 331/331/529 146/146/529
f 158/158/127 335/335/127 205/205/127
f 205/205/127 155/155/127 158/158/127
f 166/166/530 169/169/530 215/215/530
f 215/215/530 184/184/530 166/166/530
f 343/343/531 344/344/531 345/345/531
f 345/345/531 346/346/531 343/343/531
f 245/245/532 243/243/532 242/242/532
f 245/245/533 242/242/533 241/241/533
f 245/245/534 241/241/535 231/231/536
f 245/245/534 231/231/536 230/230/531
f 229/229/537 24/24/538 23/23/539
f 23/23/5 25/25/5 26/26/5
f 229/229/537 23/23/539 26/26/540
f 229/229/537 26/26/540 244/244/531
f 230/230/541 229/229/541 345/345/541
f 345/345/541 344/344/541 230/230/541
f 229/229/542 244/244/543 346/346/543
f 346/346/543 345/345/542 229/229/542
f 244/244/544 245/245/544 343/343/544
f 343/343/544 346/346/544 244/244/544
f 245/245/545 230/230/546 344/344/546
f 344/344/546 343/343/545 245/245/545
f 347/347/262 348/348/262 349/349/262
f 349/349/262 350/350/262 351/351/262
f 351/351/262 352/352/262 353/353/262
f 349/349/262 351/351/262 353/353/262
f 347/347/262 349/349/262 353/353/262
f 354/354/262 347/347/262 353/353/262
f 355/355/262 356/356/262 357/357/262
f 357/357/262 358/358/262 359/359/262
f 355/355/262 357/357/262 359/359/262
f 359/359/262 360/360/262 361/361/262
f 355/355/262 359/359/262 361/361/262
f 362/362/262 355/355/262 361/361/262
f 363/363/547 364/364/547 365/365/547
f 366/366/548 367/367/548 368/368/548
f 368/368/549 369/369/549 366/366/549
f 370/370/550 371/371/550 372/372/550
f 372/372/551 373/373/551 370/370/551
f 374/374/552 375/375/552 376/376/552
f 376/376/553 377/377/553 374/374/553
f 378/378/554 379/379/554 380/380/554
f 380/380/554 381/381/554 378/378/554
f 382/382/555 383/383/555 384/384/555
f 382/382/555 384/384/555 385/385/555
f 385/385/555 386/386/555 387/387/555
f 382/382/555 385/385/555 387/387/555
f 365/365/556 388/388/556 389/389/556
f 389/389/557 363/363/557 365/365/557
f 372/372/558 390/390/558 373/373/558
f 391/391/127 392/392/127 393/393/127
f 393/393/127 394/394/127 391/391/127
f 395/395/559 396/396/559 392/392/559
f 392/392/559 391/391/559 395/395/559
f 397/397/560 398/398/560 396/396/560
f 396/396/560 395/395/561 397/397/560
f 399/399/562 400/400/562 398/398/562
f 398/398/562 397/397/562 399/399/562
f 401/401/563 402/402/563 400/400/563
f 400/400/563 399/399/563 401/401/563
f 403/403/564 404/404/564 402/402/564
f 402/402/564 401/401/564 403/403/564
f 405/405/565 406/406/565 404/404/565
f 404/404/565 403/403/565 405/405/565
f 407/407/566 408/408/566 406/406/566
f 406/406/566 405/405/566 407/407/566
f 409/409/567 410/410/567 408/408/567
f 408/408/567 407/407/567 409/409/567
f 411/411/568 412/412/568 410/410/568
f 410/410/568 409/409/568 411/411/568
f 413/413/567 414/414/567 412/412/567
f 412/412/567 411/411/567 413/413/567
f 415/415/569 416/416/569 414/414/569
f 414/414/569 413/413/569 415/415/569
f 417/417/565 418/418/565 416/416/565
f 416/416/565 415/415/565 417/417/565
f 419/419/250 420/420/250 418/418/250
f 418/418/250 417/417/250 419/419/250
f 421/421/570 422/422/570 420/420/570
f 420/420/570 419/419/570 421/421/570
f 423/423/571 424/424/571 422/422/571
f 422/422/571 421/421/571 423/423/571
f 425/425/572 426/426/572 424/424/572
f 424/424/572 423/423/572 425/425/572
f 427/427/573 428/428/573 426/426/573
f 426/426/573 425/425/573 427/427/573
f 429/429/250 430/430/250 428/428/250
f 428/428/250 427/427/250 429/429/250
f 431/431/574 432/432/574 430/430/574
f 430/430/574 429/429/574 431/431/574
f 433/433/575 434/434/575 432/432/575
f 432/432/575 431/431/575 433/433/575
f 435/435/576 436/436/576 434/434/576
f 434/434/576 433/433/576 435/435/576
f 437/437/577 438/438/577 436/436/577
f 436/436/577 435/435/577 437/437/577
f 439/439/578 440/440/578 438/438/578
f 438/438/578 437/437/578 439/439/578
f 441/441/579 442/442/579 440/440/579
f 440/440/579 439/439/579 441/441/579
f 394/394/580 393/393/580 442/442/580
f 442/442/580 441/441/580 394/394/580
f 400/400/229 402/402/229 404/404/229
f 400/400/229 404/404/229 406/406/229
f 400/400/229 406/406/229 408/408/229
f 400/400/229 408/408/229 410/410/229
f 400/400/229 410/410/229 412/412/229
f 400/400/229 412/412/229 414/414/229
f 432/432/229 434/434/229 436/436/229
f 430/430/229 432/432/229 436/436/229
f 428/428/229 430/430/229 436/436/229
f 426/426/229 428/428/229 436/436/229
f 424/424/229 426/426/229 436/436/229
f 424/424/229 436/436/229 438/438/229
f 424/424/229 438/438/229 440/440/229
f 424/424/229 440/440/229 442/442/229
f 424/424/229 442/442/229 393/393/229
f 422/422/229 424/424/229 393/393/229
f 420/420/229 422/422/229 393/393/229
f 418/418/229 420/420/229 393/393/229
f 416/416/229 418/418/229 393/393/229
f 416/416/229 393/393/229 392/392/229
f 416/416/229 392/392/229 396/396/229
f 414/414/229 416/416/229 396/396/229
f 414/414/229 396/396/229 398/398/229
f 400/400/229 414/414/229 398/398/229
f 443/443/5 444/444/581 445/445/582
f 443/443/5 445/445/582 446/446/5
f 443/443/5 446/446/5 447/447/5
f 443/443/5 447/447/5 448/448/5
f 443/443/5 448/448/5 449/449/5
f 450/450/5 443/443/5 449/449/5
f 451/451/5 450/450/5 449/449/5
f 452/452/5 451/451/5 449/449/5
f 453/453/5 452/452/5 449/449/5
f 453/453/5 449/449/5 454/454/5
f 453/453/5 454/454/5 455/455/5
f 453/453/5 455/455/5 456/456/5
f 453/453/583 456/456/583 457/457/583
f 458/458/5 453/453/5 457/457/5
f 459/459/5 458/458/5 457/457/5
f 459/459/5 457/457/5 460/460/5
f 461/461/5 459/459/5 460/460/5
f 462/462/5 461/461/5 460/460/5
f 462/462/5 460/460/5 463/463/5
f 462/462/5 463/463/5 464/464/5
f 462/462/5 464/464/5 465/465/5
f 462/462/5 465/465/5 466/466/5
f 462/462/5 466/466/5 467/467/5
f 462/462/5 467/467/5 468/468/5
f 394/394/584 453/453/584 458/458/585
f 458/458/585 391/391/585 394/394/584
f 391/391/586 458/458/587 459/459/588
f 459/459/588 395/395/588 391/391/586
f 395/395/589 459/459/589 461/461/589
f 461/461/589 397/397/590 395/395/589
f 397/397/591 461/461/591 462/462/591
f 462/462/591 399/399/592 397/397/591
f 399/399/593 462/462/594 468/468/595
f 468/468/595 401/401/596 399/399/593
f 401/401/597 468/468/597 467/467/597
f 467/467/598 403/403/598 401/401/598
f 403/403/599 467/467/600 466/466/601
f 466/466/601 405/405/599 403/403/599
f 405/405/602 466/466/603 465/465/602
f 465/465/602 407/407/604 405/405/602
f 407/407/605 465/465/605 464/464/605
f 464/464/605 409/409/606 407/407/605
f 409/409/607 464/464/607 463/463/607
f 463/463/607 411/411/607 409/409/607
f 411/411/605 463/463/605 460/460/605
f 460/460/605 413/413/605 411/411/605
f 413/413/603 460/460/603 457/457/603
f 457/457/603 415/415/602 413/413/603
f 415/415/608 457/457/608 456/456/608
f 456/456/608 417/417/608 415/415/608
f 417/417/609 456/456/609 455/455/610
f 455/455/610 419/419/610 417/417/609
f 419/419/611 455/455/611 454/454/611
f 454/454/611 421/421/612 419/419/611
f 421/421/613 454/454/614 449/449/614
f 449/449/614 423/423/613 421/421/613
f 423/423/615 449/449/616 448/448/615
f 448/448/615 425/425/615 423/423/615
f 425/425/617 448/448/617 447/447/617
f 447/447/618 427/427/618 425/425/618
f 427/427/609 447/447/609 446/446/610
f 446/446/610 429/429/610 427/427/609
f 429/429/619 446/446/620 445/445/620
f 445/445/620 431/431/619 429/429/619
f 431/431/621 445/445/622 444/444/623
f 444/444/623 433/433/624 431/431/621
f 433/433/625 444/444/626 443/443/626
f 443/443/626 435/435/625 433/433/625
f 435/435/627 443/443/628 450/450/629
f 450/450/629 437/437/630 435/435/627
f 437/437/631 450/450/632 451/451/632
f 451/451/632 439/439/631 437/437/631
f 439/439/633 451/451/634 452/452/634
f 452/452/634 441/441/633 439/439/633
f 441/441/635 452/452/636 453/453/636
f 453/453/636 394/394/635 441/441/635
f 469/469/127 470/470/127 471/471/127
f 471/471/127 472/472/127 469/469/127
f 473/473/637 469/469/637 472/472/637
f 472/472/637 474/474/637 473/473/637
f 475/475/638 473/473/638 474/474/639
f 474/474/639 476/476/639 475/475/638
f 477/477/640 475/475/640 476/476/640
f 476/476/640 478/478/640 477/477/640
f 479/479/641 477/477/641 478/478/641
f 478/478/641 480/480/641 479/479/641
f 481/481/250 479/479/250 480/480/250
f 480/480/250 482/482/250 481/481/250
f 483/483/642 481/481/642 482/482/642
f 482/482/642 484/484/642 483/483/642
f 485/485/643 483/483/643 484/484/643
f 484/484/643 486/486/643 485/485/643
f 487/487/644 485/485/644 486/486/644
f 486/486/644 488/488/644 487/487/644
f 489/489/645 487/487/645 488/488/645
f 488/488/645 490/490/645 489/489/645
f 491/491/644 489/489/644 490/490/644
f 490/490/644 492/492/644 491/491/644
f 493/493/643 491/491/643 492/492/643
f 492/492/643 494/494/643 493/493/643
f 495/495/642 493/493/642 494/494/642
f 494/494/642 496/496/642 495/495/642
f 497/497/250 495/495/250 496/496/250
f 496/496/250 498/498/250 497/497/250
f 499/499/646 497/497/646 498/498/646
f 498/498/646 500/500/646 499/499/646
f 501/501/647 499/499/647 500/500/648
f 500/500/648 502/502/648 501/501/647
f 503/503/649 501/501/649 502/502/649
f 502/502/649 504/504/649 503/503/649
f 505/505/650 503/503/650 504/504/650
f 504/504/650 506/506/650 505/505/650
f 507/507/250 505/505/250 506/506/250
f 506/506/250 508/508/250 507/507/250
f 509/509/651 507/507/651 508/508/651
f 508/508/651 510/510/651 509/509/651
f 511/511/652 509/509/652 510/510/652
f 510/510/652 512/512/652 511/511/652
f 513/513/653 511/511/653 512/512/653
f 512/512/653 514/514/653 513/513/653
f 515/515/654 513/513/654 514/514/654
f 514/514/654 516/516/654 515/515/654
f 517/517/655 515/515/655 516/516/655
f 516/516/655 518/518/655 517/517/655
f 519/519/656 517/517/656 518/518/656
f 518/518/656 520/520/656 519/519/656
f 470/470/657 519/519/657 520/520/657
f 520/520/657 471/471/657 470/470/657
f 514/514/229 512/512/229 510/510/229
f 514/514/229 510/510/229 508/508/229
f 514/514/229 508/508/229 506/506/229
f 514/514/229 506/506/229 504/504/229
f 514/514/229 504/504/229 502/502/229
f 516/516/229 514/514/229 502/502/229
f 518/518/229 516/516/229 502/502/229
f 520/520/229 518/518/229 502/502/229
f 471/471/229 520/520/229 502/502/229
f 471/471/229 502/502/229 500/500/229
f 471/471/229 500/500/229 498/498/229
f 471/471/229 498/498/229 496/496/658
f 471/471/229 496/496/658 494/494/229
f 472/472/229 471/471/229 494/494/229
f 474/474/229 472/472/229 494/494/229
f 474/474/229 494/494/229 492/492/229
f 476/476/229 474/474/229 492/492/229
f 478/478/229 476/476/229 492/492/229
f 478/478/229 492/492/229 490/490/229
f 478/478/229 490/490/229 488/488/229
f 478/478/229 488/488/229 486/486/229
f 478/478/229 486/486/229 484/484/229
f 478/478/229 484/484/229 482/482/229
f 478/478/229 482/482/229 480/480/229
f 521/521/5 522/522/5 523/523/5
f 521/521/5 523/523/5 524/524/5
f 521/521/5 524/524/5 525/525/5
f 521/521/5 525/525/5 526/526/5
f 521/521/5 526/526/5 527/527/5
f 521/521/5 527/527/5 528/528/5
f 529/529/659 530/530/5 531/531/5
f 532/532/5 529/529/659 531/531/5
f 533/533/5 532/532/5 531/531/5
f 534/534/5 533/533/5 531/531/5
f 535/535/5 534/534/5 531/531/5
f 535/535/5 531/531/5 536/536/5
f 535/535/5 536/536/5 537/537/5
f 535/535/5 537/537/5 538/538/5
f 535/535/5 538/538/5 539/539/5
f 540/540/5 535/535/5 539/539/5
f 541/541/5 540/540/5 539/539/5
f 542/542/5 541/541/5 539/539/5
f 543/543/660 542/542/660 539/539/660
f 543/543/5 539/539/5 544/544/5
f 543/543/5 544/544/5 545/545/5
f 528/528/5 543/543/5 545/545/5
f 528/528/5 545/545/5 546/546/5
f 521/521/5 528/528/5 546/546/5
f 470/470/585 469/469/585 544/544/585
f 544/544/585 539/539/585 470/470/585
f 469/469/661 473/473/661 545/545/661
f 545/545/661 544/544/662 469/469/661
f 473/473/663 475/475/664 546/546/663
f 546/546/663 545/545/663 473/473/663
f 475/475/665 477/477/665 521/521/665
f 521/521/665 546/546/665 475/475/665
f 477/477/666 479/479/666 522/522/666
f 522/522/667 521/521/667 477/477/667
f 479/479/609 481/481/610 523/523/610
f 523/523/610 522/522/609 479/479/609
f 481/481/668 483/483/669 524/524/670
f 524/524/670 523/523/670 481/481/668
f 483/483/671 485/485/671 525/525/672
f 525/525/672 524/524/673 483/483/671
f 485/485/674 487/487/674 526/526/675
f 526/526/675 525/525/675 485/485/674
f 487/487/676 489/489/676 527/527/676
f 527/527/676 526/526/676 487/487/676
f 489/489/677 491/491/677 528/528/677
f 528/528/677 527/527/674 489/489/677
f 491/491/672 493/493/671 543/543/672
f 543/543/672 528/528/672 491/491/672
f 493/493/668 495/495/668 542/542/668
f 542/542/668 543/543/670 493/493/668
f 495/495/610 497/497/609 541/541/609
f 541/541/609 542/542/610 495/495/610
f 497/497/678 499/499/678 540/540/678
f 540/540/678 541/541/678 497/497/678
f 499/499/679 501/501/679 535/535/679
f 535/535/679 540/540/679 499/499/679
f 501/501/680 503/503/680 534/534/680
f 534/534/680 535/535/680 501/501/680
f 503/503/681 505/505/681 533/533/681
f 533/533/682 534/534/682 503/503/682
f 505/505/610 507/507/610 532/532/610
f 532/532/610 533/533/610 505/505/610
f 507/507/683 509/509/683 529/529/683
f 529/529/683 532/532/683 507/507/683
f 509/509/684 511/511/685 530/530/686
f 530/530/686 529/529/687 509/509/684
f 511/511/688 513/513/688 531/531/689
f 531/531/689 530/530/690 511/511/688
f 513/513/691 515/515/691 536/536/691
f 536/536/691 531/531/691 513/513/691
f 515/515/692 517/517/693 537/537/692
f 537/537/692 536/536/694 515/515/692
f 517/517/695 519/519/695 538/538/696
f 538/538/696 537/537/697 517/517/695
f 519/519/698 470/470/699 539/539/698
f 539/539/698 538/538/698 519/519/698
f 547/547/229 548/548/229 549/549/229
f 549/549/229 550/550/229 547/547/229
f 551/551/700 547/547/700 550/550/700
f 550/550/700 552/552/700 551/551/700
f 553/553/262 551/551/262 552/552/262
f 552/552/262 554/554/262 553/553/262
f 555/555/701 553/553/701 554/554/701
f 554/554/701 556/556/701 555/555/701
f 557/557/5 555/555/5 556/556/5
f 556/556/5 558/558/5 557/557/5
f 559/559/702 557/557/702 558/558/702
f 558/558/702 560/560/702 559/559/702
f 561/561/252 559/559/252 560/560/252
f 560/560/252 562/562/252 561/561/252
f 563/563/229 561/561/229 562/562/229
f 562/562/229 564/564/229 563/563/229
f 548/548/252 563/563/252 564/564/252
f 564/564/252 549/549/252 548/548/252
f 552/552/250 550/550/250 549/549/250
f 552/552/250 549/549/250 564/564/250
f 554/554/250 552/552/250 564/564/250
f 556/556/250 554/554/250 564/564/250
f 558/558/250 556/556/250 564/564/250
f 560/560/250 558/558/250 564/564/250
f 560/560/250 564/564/250 562/562/250
f 565/565/127 566/566/127 567/567/127
f 568/568/127 569/569/127 570/570/127
f 567/567/127 568/568/127 570/570/127
f 567/567/127 570/570/127 571/571/127
f 567/567/127 571/571/127 572/572/127
f 567/567/127 572/572/127 573/573/127
f 565/565/127 567/567/127 573/573/127
f 548/548/229 547/547/229 574/574/229
f 574/574/229 575/575/229 548/548/229
f 547/547/703 551/551/703 576/576/703
f 576/576/703 574/574/703 547/547/703
f 551/551/704 553/553/704 577/577/704
f 577/577/704 576/576/704 551/551/704
f 553/553/705 555/555/705 578/578/705
f 578/578/705 577/577/705 553/553/705
f 555/555/706 557/557/706 579/579/706
f 579/579/706 578/578/706 555/555/706
f 557/557/707 559/559/707 580/580/707
f 580/580/707 579/579/707 557/557/707
f 559/559/252 561/561/252 581/581/252
f 581/581/252 580/580/252 559/559/252
f 561/561/229 563/563/229 582/582/229
f 582/582/229 581/581/229 561/561/229
f 563/563/252 548/548/252 575/575/252
f 575/575/252 582/582/252 563/563/252
f 575/575/708 574/574/708 569/569/708
f 569/569/708 568/568/708 575/575/708
f 574/574/709 576/576/709 570/570/709
f 570/570/710 569/569/710 574/574/710
f 576/576/711 577/577/711 571/571/711
f 571/571/711 570/570/711 576/576/711
f 577/577/712 578/578/712 572/572/712
f 572/572/713 571/571/713 577/577/713
f 578/578/714 579/579/714 573/573/714
f 573/573/714 572/572/714 578/578/714
f 579/579/715 580/580/715 565/565/715
f 565/565/716 573/573/716 579/579/716
f 580/580/717 581/581/717 566/566/717
f 566/566/717 565/565/717 580/580/717
f 581/581/718 582/582/718 567/567/718
f 567/567/718 566/566/718 581/581/718
f 582/582/717 575/575/717 568/568/717
f 568/568/717 567/567/717 582/582/717
f 583/583/127 584/584/127 585/585/127
f 585/585/127 586/586/127 583/583/127
f 587/587/5 588/588/5 589/589/5
f 589/589/5 590/590/5 587/587/5
f 591/591/250 592/592/250 593/593/250
f 593/593/250 594/594/250 591/591/250
f 586/586/229 585/585/229 592/592/229
f 592/592/229 591/591/229 586/586/229
f 595/595/127 583/583/127 586/586/127
f 586/586/127 596/596/127 595/595/127
f 597/597/719 587/587/719 590/590/719
f 590/590/719 598/598/719 597/597/719
f 599/599/250 591/591/250 594/594/250
f 594/594/250 600/600/250 599/599/250
f 596/596/720 586/586/720 591/591/721
f 591/591/721 599/599/721 596/596/720
f 601/601/262 602/602/262 597/597/262
f 597/597/262 598/598/262 601/601/262
f 593/593/722 592/592/722 585/585/722
f 585/585/722 584/584/722 593/593/722
f 584/584/723 583/583/724 590/590/724
f 590/590/724 589/589/723 584/584/723
f 583/583/725 595/595/726 598/598/726
f 598/598/726 590/590/725 583/583/725
f 595/595/727 603/603/727 601/601/727
f 601/601/727 598/598/727 595/595/727
f 603/603/728 604/604/728 602/602/728
f 602/602/728 601/601/728 603/603/728
f 604/604/729 600/600/729 597/597/729
f 597/597/729 602/602/729 604/604/729
f 600/600/730 594/594/730 587/587/730
f 587/587/730 597/597/730 600/600/730
f 594/594/731 593/593/732 588/588/732
f 588/588/732 587/587/731 594/594/731
f 593/593/733 584/584/733 589/589/733
f 589/589/733 588/588/733 593/593/733
f 605/605/229 606/606/229 607/607/229
f 605/605/229 607/607/229 608/608/229
f 605/605/229 608/608/229 609/609/229
f 606/606/734 605/605/734 610/610/734
f 610/610/734 611/611/734 606/606/734
f 612/612/262 613/613/262 614/614/262
f 612/612/262 614/614/262 615/615/262
f 612/612/262 615/615/262 616/616/262
f 617/617/262 612/612/262 616/616/262
f 617/617/262 616/616/262 618/618/262
f 619/619/262 617/617/262 618/618/262
f 619/619/262 618/618/262 620/620/262
f 621/621/262 619/619/262 620/620/262
f 599/599/250 600/600/250 604/604/250
f 622/622/250 599/599/250 604/604/250
f 623/623/250 622/622/250 604/604/250
f 622/622/229 623/623/229 624/624/229
f 624/624/229 625/625/229 622/622/229
f 626/626/250 627/627/250 628/628/250
f 628/628/250 629/629/250 626/626/250
f 630/630/5 631/631/5 632/632/5
f 632/632/5 633/633/5 630/630/5
f 625/625/735 624/624/735 627/627/735
f 627/627/735 626/626/735 625/625/735
f 629/629/736 628/628/736 631/631/736
f 631/631/736 630/630/736 629/629/736
f 604/604/737 603/603/737 617/617/737
f 617/617/737 619/619/737 604/604/737
f 603/603/738 611/611/738 612/612/738
f 612/612/738 617/617/738 603/603/738
f 611/611/739 610/610/739 613/613/739
f 613/613/739 612/612/739 611/611/739
f 610/610/740 632/632/740 614/614/740
f 614/614/740 613/613/740 610/610/740
f 632/632/737 631/631/737 615/615/737
f 615/615/737 614/614/737 632/632/737
f 631/631/741 628/628/742 616/616/741
f 616/616/741 615/615/741 631/631/741
f 628/628/740 627/627/740 618/618/740
f 618/618/740 616/616/740 628/628/740
f 627/627/743 624/624/744 620/620/745
f 620/620/745 618/618/743 627/627/743
f 624/624/746 623/623/746 621/621/746
f 621/621/746 620/620/746 624/624/746
f 623/623/740 604/604/740 619/619/740
f 619/619/740 621/621/740 623/623/740
f 633/633/250 632/632/250 610/610/250
f 610/610/250 605/605/250 609/609/250
f 633/633/250 610/610/250 609/609/250
f 634/634/250 633/633/250 609/609/250
f 635/635/250 636/636/250 637/637/250
f 637/637/250 638/638/250 635/635/250
f 634/634/229 609/609/229 608/608/229
f 608/608/229 639/639/229 634/634/229
f 639/639/252 640/640/252 641/641/252
f 639/639/252 641/641/252 596/596/252
f 596/596/252 599/599/252 622/622/252
f 596/596/252 622/622/252 625/625/252
f 596/596/252 625/625/252 626/626/252
f 596/596/252 626/626/252 629/629/252
f 639/639/252 596/596/252 629/629/252
f 634/634/252 639/639/252 629/629/252
f 634/634/252 629/629/252 630/630/252
f 634/634/252 630/630/252 633/633/252
f 642/642/747 635/635/747 638/638/747
f 638/638/747 608/608/747 642/642/747
f 639/639/748 608/608/749 638/638/749
f 638/638/749 637/637/748 639/639/748
f 643/643/229 644/644/229 645/645/229
f 645/645/229 646/646/229 643/643/229
f 647/647/750 648/648/750 649/649/750
f 649/649/750 650/650/750 647/647/750
f 651/651/250 652/652/250 653/653/250
f 653/653/250 654/654/250 651/651/250
f 645/645/751 655/655/752 649/656/751
f 645/645/751 649/656/751 648/657/751
f 646/646/751 645/645/751 648/657/751
f 644/658/127 656/659/127 655/655/127
f 655/655/127 645/645/127 644/658/127
f 643/660/753 647/661/753 650/662/753
f 643/660/753 650/662/753 656/659/753
f 644/658/753 643/660/753 656/659/753
f 643/643/229 646/646/229 652/652/229
f 652/652/229 651/651/229 643/643/229
f 646/646/252 648/657/252 653/653/252
f 653/653/252 652/652/252 646/646/252
f 657/663/5 658/664/5 659/665/5
f 659/665/5 660/666/5 657/663/5
f 647/647/262 643/643/262 651/651/262
f 651/651/262 654/654/262 647/647/262
f 647/647/127 661/667/127 662/668/127
f 662/668/127 648/657/127 647/647/127
f 658/664/262 657/663/262 661/667/262
f 654/654/262 658/664/262 661/667/262
f 647/647/262 654/654/262 661/667/262
f 654/654/250 653/653/250 659/665/250
f 659/665/250 658/664/250 654/654/250
f 662/668/252 660/666/252 659/665/252
f 648/657/252 662/668/252 659/665/252
f 653/653/252 648/657/252 659/665/252
f 650/650/754 649/649/755 655/669/755
f 655/669/755 656/670/754 650/650/754
f 657/663/756 660/666/757 662/668/757
f 662/668/757 661/667/756 657/663/756
f 607/607/127 606/606/127 611/611/127
f 607/607/127 611/611/127 603/603/127
f 603/603/127 595/595/127 596/596/127
f 607/607/127 603/603/127 596/596/127
f 663/671/127 607/607/127 596/596/127
f 663/671/127 596/596/127 641/641/127
f 608/608/262 607/607/262 663/671/262
f 663/671/262 642/642/262 608/608/262
f 640/640/758 639/639/758 637/637/758
f 637/637/758 636/636/758 640/640/758
f 664/672/127 665/673/127 666/674/127
f 666/674/127 667/675/127 664/672/127
f 668/676/559 664/672/559 667/675/559
f 667/675/559 669/677/559 668/676/559
f 670/678/560 668/676/560 669/677/560
f 669/677/560 671/679/560 670/678/560
f 672/680/562 670/678/562 671/679/562
f 671/679/562 673/681/562 672/680/562
f 674/682/563 672/680/563 673/681/563
f 673/681/563 675/683/563 674/682/563
f 676/684/564 674/682/564 675/683/564
f 675/683/564 677/685/564 676/684/564
f 678/686/565 676/684/565 677/685/565
f 677/685/565 679/687/565 678/686/565
f 680/688/566 678/686/566 679/687/566
f 679/687/566 681/689/566 680/688/566
f 682/690/567 680/688/567 681/689/567
f 681/689/567 683/691/567 682/690/567
f 684/692/568 682/690/568 683/691/568
f 683/691/568 685/693/568 684/692/568
f 686/694/567 684/692/567 685/693/567
f 685/693/567 687/695/567 686/694/567
f 688/696/569 686/694/569 687/695/569
f 687/695/569 689/697/569 688/696/569
f 690/698/565 688/696/565 689/697/565
f 689/697/565 691/699/565 690/698/565
f 692/700/250 690/698/250 691/699/250
f 691/699/250 693/701/250 692/700/250
f 694/702/570 692/700/570 693/701/570
f 693/701/570 695/703/570 694/702/570
f 696/704/571 694/702/571 695/703/571
f 695/703/571 697/705/571 696/704/571
f 698/706/572 696/704/572 697/705/572
f 697/705/572 699/707/572 698/706/572
f 700/708/573 698/706/573 699/707/573
f 699/707/573 701/709/573 700/708/573
f 702/710/250 700/708/250 701/709/250
f 701/709/250 703/711/250 702/710/250
f 704/712/574 702/710/574 703/711/574
f 703/711/574 705/713/574 704/712/574
f 706/714/575 704/712/575 705/713/575
f 705/713/575 707/715/575 706/714/575
f 708/716/576 706/714/576 707/715/576
f 707/715/576 709/717/576 708/716/576
f 710/718/577 708/716/577 709/717/577
f 709/717/577 711/719/577 710/718/577
f 712/720/578 710/718/578 711/719/759
f 711/719/759 713/721/759 712/720/578
f 714/722/579 712/720/579 713/721/579
f 713/721/579 715/723/579 714/722/579
f 665/673/580 714/722/580 715/723/580
f 715/723/580 666/674/580 665/673/580
f 709/717/5 707/715/5 705/713/5
f 709/717/5 705/713/5 703/711/5
f 709/717/5 703/711/5 701/709/5
f 709/717/5 701/709/5 699/707/5
f 709/717/5 699/707/5 697/705/5
f 711/719/5 709/717/5 697/705/5
f 713/721/5 711/719/5 697/705/5
f 715/723/5 713/721/5 697/705/5
f 666/674/5 715/723/5 697/705/5
f 666/674/5 697/705/5 695/703/5
f 666/674/5 695/703/5 693/701/5
f 666/674/5 693/701/5 691/699/156
f 666/674/5 691/699/156 689/697/5
f 667/675/5 666/674/5 689/697/5
f 669/677/5 667/675/5 689/697/5
f 669/677/5 689/697/5 687/695/5
f 671/679/5 669/677/5 687/695/5
f 673/681/5 671/679/5 687/695/5
f 673/681/5 687/695/5 685/693/5
f 673/681/5 685/693/5 683/691/5
f 673/681/5 683/691/5 681/689/5
f 673/681/5 681/689/5 679/687/5
f 673/681/5 679/687/5 677/685/5
f 673/681/5 677/685/5 675/683/5
f 716/724/229 717/725/229 718/726/229
f 716/724/229 718/726/229 719/727/229
f 716/724/229 719/727/229 720/728/229
f 716/724/229 720/728/229 721/729/229
f 716/724/229 721/729/229 722/730/229
f 716/724/229 722/730/229 723/731/229
f 724/732/760 725/733/761 726/734/229
f 727/735/762 724/732/760 726/734/229
f 728/736/229 727/735/762 726/734/229
f 729/737/229 728/736/229 726/734/229
f 730/738/229 729/737/229 726/734/229
f 730/738/229 726/734/229 731/739/229
f 730/738/229 731/739/229 732/740/229
f 730/738/229 732/740/229 733/741/229
f 730/738/229 733/741/229 734/742/229
f 735/743/229 730/738/229 734/742/229
f 736/744/229 735/743/229 734/742/229
f 737/745/229 736/744/229 734/742/229
f 738/746/5 737/745/5 734/742/5
f 738/746/229 734/742/229 739/747/229
f 738/746/229 739/747/229 740/748/229
f 723/731/229 738/746/229 740/748/229
f 723/731/229 740/748/229 741/749/229
f 716/724/229 723/731/229 741/749/229
f 665/673/763 664/672/763 739/747/763
f 739/747/763 734/742/763 665/673/763
f 664/672/764 668/676/764 740/748/764
f 740/748/764 739/747/764 664/672/764
f 668/676/765 670/678/765 741/749/765
f 741/749/765 740/748/766 668/676/765
f 670/678/767 672/680/767 716/724/767
f 716/724/767 741/749/767 670/678/767
f 672/680/768 674/682/769 717/725/770
f 717/725/770 716/724/771 672/680/768
f 674/682/772 676/684/772 718/726/772
f 718/726/773 717/725/773 674/682/773
f 676/684/774 678/686/774 719/727/775
f 719/727/775 718/726/776 676/684/774
f 678/686/777 680/688/777 720/728/778
f 720/728/778 719/727/779 678/686/777
f 680/688/780 682/690/780 721/729/780
f 721/729/780 720/728/781 680/688/780
f 682/690/782 684/692/783 722/730/783
f 722/730/783 721/729/782 682/690/782
f 684/692/781 686/694/784 723/731/781
f 723/731/781 722/730/781 684/692/781
f 686/694/777 688/696/777 738/746/777
f 738/746/777 723/731/777 686/694/777
f 688/696/774 690/698/774 737/745/774
f 737/745/774 738/746/774 688/696/774
f 690/698/785 692/700/785 736/744/785
f 736/744/785 737/745/785 690/698/785
f 692/700/786 694/702/786 735/743/786
f 735/743/786 736/744/787 692/700/786
f 694/702/788 696/704/788 730/738/788
f 730/738/788 735/743/788 694/702/788
f 696/704/789 698/706/789 729/737/789
f 729/737/789 730/738/790 696/704/789
f 698/706/791 700/708/791 728/736/791
f 728/736/792 729/737/792 698/706/792
f 700/708/793 702/710/785 727/735/785
f 727/735/785 728/736/793 700/708/793
f 702/710/794 704/712/794 724/732/795
f 724/732/795 727/735/795 702/710/794
f 704/712/796 706/714/797 725/733/798
f 725/733/798 724/732/799 704/712/796
f 706/714/800 708/716/800 726/734/800
f 726/734/800 725/733/801 706/714/800
f 708/716/802 710/718/803 731/739/804
f 731/739/804 726/734/805 708/716/802
f 710/718/806 712/720/807 732/740/806
f 732/740/806 731/739/806 710/718/806
f 712/720/808 714/722/808 733/741/808
f 733/741/808 732/740/808 712/720/808
f 714/722/809 665/673/809 734/742/809
f 734/742/809 733/741/809 714/722/809
f 742/750/127 743/751/127 744/752/127
f 744/752/127 745/753/127 742/750/127
f 746/754/637 747/755/637 743/751/637
f 743/751/637 742/750/637 746/754/637
f 748/756/639 749/757/638 747/755/639
f 747/755/639 746/754/639 748/756/639
f 750/758/640 751/759/640 749/757/640
f 749/757/640 748/756/640 750/758/640
f 752/760/641 753/761/641 751/759/641
f 751/759/641 750/758/641 752/760/641
f 754/762/250 755/763/250 753/761/250
f 753/761/250 752/760/250 754/762/250
f 756/764/642 757/765/642 755/763/642
f 755/763/642 754/762/642 756/764/642
f 758/766/643 759/767/643 757/765/643
f 757/765/643 756/764/643 758/766/643
f 760/768/644 761/769/644 759/767/644
f 759/767/644 758/766/644 760/768/644
f 762/770/645 763/771/645 761/769/645
f 761/769/645 760/768/645 762/770/645
f 764/772/644 765/773/644 763/771/644
f 763/771/644 762/770/644 764/772/644
f 766/774/643 767/775/810 765/773/643
f 765/773/643 764/772/643 766/774/643
f 768/776/642 769/777/642 767/775/642
f 767/775/642 766/774/642 768/776/642
f 770/778/250 771/779/250 769/777/250
f 769/777/250 768/776/250 770/778/250
f 772/780/646 773/781/646 771/779/646
f 771/779/646 770/778/646 772/780/646
f 774/782/648 775/783/647 773/781/647
f 773/781/647 772/780/648 774/782/648
f 776/784/649 777/785/649 775/783/649
f 775/783/649 774/782/649 776/784/649
f 778/786/650 779/787/650 777/785/650
f 777/785/650 776/784/650 778/786/650
f 780/788/250 781/789/250 779/787/250
f 779/787/250 778/786/250 780/788/250
f 782/790/651 783/791/651 781/789/651
f 781/789/651 780/788/651 782/790/651
f 784/792/652 785/793/652 783/791/652
f 783/791/652 782/790/652 784/792/652
f 786/794/653 787/795/653 785/793/653
f 785/793/653 784/792/653 786/794/653
f 788/796/654 789/797/654 787/795/654
f 787/795/654 786/794/654 788/796/654
f 790/798/655 791/799/655 789/797/655
f 789/797/655 788/796/655 790/798/655
f 792/800/656 793/801/656 791/799/656
f 791/799/656 790/798/656 792/800/656
f 745/753/657 744/752/657 793/801/657
f 793/801/657 792/800/657 745/753/657
f 751/759/5 753/761/5 755/763/5
f 751/759/5 755/763/5 757/765/5
f 751/759/5 757/765/5 759/767/5
f 751/759/5 759/767/5 761/769/5
f 751/759/5 761/769/5 763/771/5
f 751/759/5 763/771/5 765/773/5
f 783/791/5 785/793/5 787/795/5
f 781/789/5 783/791/5 787/795/5
f 779/787/5 781/789/5 787/795/5
f 777/785/5 779/787/5 787/795/5
f 775/783/5 777/785/5 787/795/5
f 775/783/5 787/795/5 789/797/5
f 775/783/5 789/797/5 791/799/5
f 775/783/5 791/799/5 793/801/5
f 775/783/5 793/801/5 744/752/5
f 773/781/5 775/783/5 744/752/5
f 771/779/5 773/781/5 744/752/5
f 769/777/811 771/779/5 744/752/5
f 767/775/5 769/777/811 744/752/5
f 767/775/5 744/752/5 743/751/5
f 767/775/5 743/751/5 747/755/5
f 765/773/5 767/775/5 747/755/5
f 765/773/5 747/755/5 749/757/5
f 751/759/5 765/773/5 749/757/5
f 794/802/229 795/803/812 796/804/813
f 794/802/229 796/804/813 797/805/229
f 794/802/229 797/805/229 798/806/229
f 794/802/229 798/806/229 799/807/229
f 794/802/229 799/807/229 800/808/229
f 801/809/229 794/802/229 800/808/229
f 802/810/229 801/809/229 800/808/229
f 803/811/229 802/810/229 800/808/229
f 804/812/229 803/811/229 800/808/229
f 804/812/229 800/808/229 805/813/229
f 804/812/229 805/813/229 806/814/229
f 804/812/229 806/814/229 807/815/229
f 804/812/814 807/815/814 808/816/814
f 809/817/229 804/812/229 808/816/229
f 810/818/229 809/817/229 808/816/229
f 810/818/229 808/816/229 811/819/229
f 812/820/229 810/818/229 811/819/229
f 813/821/229 812/820/229 811/819/229
f 813/821/229 811/819/229 814/822/229
f 813/821/229 814/822/229 815/823/229
f 813/821/229 815/823/229 816/824/229
f 813/821/229 816/824/229 817/825/229
f 813/821/229 817/825/229 818/826/229
f 813/821/229 818/826/229 819/827/229
f 745/753/763 804/812/763 809/817/815
f 809/817/815 742/750/815 745/753/763
f 742/750/816 809/817/817 810/818/816
f 810/818/816 746/754/818 742/750/816
f 746/754/819 810/818/819 812/820/819
f 812/820/819 748/756/819 746/754/819
f 748/756/820 812/820/820 813/821/820
f 813/821/820 750/758/820 748/756/820
f 750/758/821 813/821/821 819/827/821
f 819/827/822 752/760/822 750/758/822
f 752/760/785 819/827/785 818/826/785
f 818/826/785 754/762/785 752/760/785
f 754/762/823 818/826/823 817/825/823
f 817/825/823 756/764/823 754/762/823
f 756/764/824 817/825/824 816/824/824
f 816/824/824 758/766/824 756/764/824
f 758/766/825 816/824/825 815/823/825
f 815/823/825 760/768/825 758/766/825
f 760/768/826 815/823/826 814/822/826
f 814/822/826 762/770/826 760/768/826
f 762/770/825 814/822/825 811/819/825
f 811/819/825 764/772/825 762/770/825
f 764/772/827 811/819/827 808/816/827
f 808/816/827 766/774/828 764/772/827
f 766/774/823 808/816/823 807/815/823
f 807/815/823 768/776/829 766/774/823
f 768/776/785 807/815/785 806/814/785
f 806/814/785 770/778/785 768/776/785
f 770/778/830 806/814/831 805/813/831
f 805/813/831 772/780/830 770/778/830
f 772/780/832 805/813/832 800/808/832
f 800/808/832 774/782/832 772/780/832
f 774/782/833 800/808/834 799/807/834
f 799/807/834 776/784/833 774/782/833
f 776/784/835 799/807/835 798/806/835
f 798/806/836 778/786/836 776/784/836
f 778/786/793 798/806/793 797/805/785
f 797/805/785 780/788/785 778/786/793
f 780/788/837 797/805/837 796/804/837
f 796/804/837 782/790/837 780/788/837
f 782/790/838 796/804/839 795/803/840
f 795/803/840 784/792/841 782/790/838
f 784/792/842 795/803/843 794/802/842
f 794/802/842 786/794/842 784/792/842
f 786/794/844 794/802/844 801/809/844
f 801/809/844 788/796/844 786/794/844
f 788/796/845 801/809/846 802/810/846
f 802/810/846 790/798/845 788/796/845
f 790/798/847 802/810/848 803/811/847
f 803/811/847 792/800/847 790/798/847
f 792/800/849 803/811/850 804/812/850
f 804/812/850 745/753/849 792/800/849
f 820/828/5 821/829/5 822/830/5
f 822/830/5 823/831/5 820/828/5
f 824/832/851 825/833/851 821/829/851
f 821/829/851 820/828/851 824/832/851
f 826/834/262 827/835/262 825/833/262
f 825/833/262 824/832/262 826/834/262
f 828/836/852 829/837/852 827/835/852
f 827/835/852 826/834/852 828/836/852
f 830/838/229 831/839/229 829/837/229
f 829/837/229 828/836/229 830/838/229
f 832/840/853 833/841/853 831/839/853
f 831/839/853 830/838/853 832/840/853
f 834/842/252 835/843/252 833/841/252
f 833/841/252 832/840/252 834/842/252
f 836/844/5 837/845/5 835/843/5
f 835/843/5 834/842/5 836/844/5
f 823/831/252 822/830/252 837/845/252
f 837/845/252 836/844/252 823/831/252
f 833/841/250 835/843/250 837/845/250
f 822/830/250 821/829/250 825/833/250
f 837/845/250 822/830/250 825/833/250
f 837/845/250 825/833/250 827/835/250
f 837/845/250 827/835/250 829/837/250
f 837/845/250 829/837/250 831/839/250
f 833/841/250 837/845/250 831/839/250
f 838/846/127 839/847/127 840/848/127
f 838/846/127 840/848/127 841/849/127
f 842/850/127 838/846/127 841/849/127
f 843/851/127 842/850/127 841/849/127
f 844/852/127 843/851/127 841/849/127
f 845/853/127 844/852/127 841/849/127
f 845/853/127 841/849/127 846/854/127
f 823/831/5 847/855/5 848/856/5
f 848/856/5 820/828/5 823/831/5
f 820/828/854 848/856/854 849/857/854
f 849/857/854 824/832/854 820/828/854
f 824/832/704 849/857/704 850/858/704
f 850/858/704 826/834/704 824/832/704
f 826/834/855 850/858/855 851/859/855
f 851/859/855 828/836/855 826/834/855
f 828/836/856 851/859/856 852/860/856
f 852/860/856 830/838/856 828/836/856
f 830/838/857 852/860/857 853/861/857
f 853/861/857 832/840/857 830/838/857
f 832/840/252 853/861/252 854/862/252
f 854/862/252 834/842/252 832/840/252
f 834/842/5 854/862/5 855/863/5
f 855/863/5 836/844/5 834/842/5
f 836/844/252 855/863/252 847/855/252
f 847/855/252 823/831/252 836/844/252
f 847/855/858 840/848/858 839/847/858
f 839/847/858 848/856/858 847/855/858
f 848/856/859 839/847/859 838/846/859
f 838/846/860 849/857/860 848/856/860
f 849/857/711 838/846/711 842/850/711
f 842/850/711 850/858/711 849/857/711
f 850/858/861 842/850/861 843/851/861
f 843/851/862 851/859/862 850/858/862
f 851/859/863 843/851/863 844/852/864
f 844/852/864 852/860/864 851/859/863
f 852/860/865 844/852/865 845/853/865
f 845/853/866 853/861/866 852/860/866
f 853/861/717 845/853/717 846/854/717
f 846/854/717 854/862/717 853/861/717
f 854/862/867 846/854/867 841/849/867
f 841/849/867 855/863/867 854/862/867
f 855/863/717 841/849/717 840/848/717
f 840/848/717 847/855/717 855/863/717
f 856/864/127 857/865/127 858/866/127
f 858/866/127 859/867/127 856/864/127
f 860/868/229 861/869/229 862/870/229
f 862/870/229 863/871/229 860/868/229
f 864/872/250 865/873/250 866/874/250
f 866/874/250 867/875/250 864/872/250
f 857/865/5 864/872/5 867/875/5
f 867/875/5 858/866/5 857/865/5
f 868/876/127 869/877/127 857/865/127
f 857/865/127 856/864/127 868/876/127
f 870/878/868 871/879/868 861/869/868
f 861/869/868 860/868/868 870/878/868
f 872/880/250 873/881/250 865/873/250
f 865/873/250 864/872/250 872/880/250
f 869/877/869 872/880/870 864/872/870
f 864/872/870 857/865/869 869/877/869
f 874/882/262 871/879/262 870/878/262
f 870/878/262 875/883/262 874/882/262
f 866/874/722 859/867/722 858/866/722
f 858/866/722 867/875/722 866/874/722
f 859/867/871 862/870/871 861/869/871
f 861/869/871 856/864/871 859/867/871
f 856/864/872 861/869/872 871/879/873
f 871/879/873 868/876/873 856/864/872
f 868/876/727 871/879/727 874/882/727
f 874/882/727 876/884/727 868/876/727
f 876/884/874 874/882/874 875/883/874
f 875/883/874 877/885/874 876/884/874
f 877/885/729 875/883/729 870/878/729
f 870/878/729 873/881/729 877/885/729
f 873/881/875 870/878/875 860/868/875
f 860/868/875 865/873/875 873/881/875
f 865/873/876 860/868/876 863/871/877
f 863/871/877 866/874/877 865/873/876
f 866/874/878 863/871/878 862/870/879
f 862/870/879 859/867/879 866/874/878
f 878/886/5 879/887/5 880/888/5
f 878/886/5 880/888/5 881/889/5
f 878/886/5 881/889/5 882/890/5
f 882/890/880 883/891/880 884/892/880
f 884/892/880 878/886/880 882/890/880
f 885/893/262 886/894/262 887/895/262
f 888/896/262 885/893/262 887/895/262
f 889/897/262 888/896/262 887/895/262
f 889/897/262 887/895/262 890/898/262
f 891/899/262 889/897/262 890/898/262
f 891/899/262 890/898/262 892/900/262
f 893/901/262 891/899/262 892/900/262
f 894/902/262 893/901/262 892/900/262
f 877/885/250 873/881/250 872/880/250
f 877/885/250 872/880/250 895/903/250
f 896/904/250 877/885/250 895/903/250
f 895/903/5 897/905/5 898/906/5
f 898/906/5 896/904/5 895/903/5
f 899/907/250 900/908/250 901/909/250
f 901/909/250 902/910/250 899/907/250
f 903/911/229 904/912/229 905/913/229
f 905/913/229 906/914/229 903/911/229
f 897/905/736 899/907/736 902/910/736
f 902/910/736 898/906/736 897/905/736
f 900/908/735 903/911/735 906/914/735
f 906/914/735 901/909/735 900/908/735
f 877/885/739 892/900/739 890/898/739
f 890/898/739 876/884/739 877/885/739
f 876/884/738 890/898/738 887/895/738
f 887/895/738 883/891/738 876/884/738
f 883/891/737 887/895/737 886/894/737
f 886/894/737 884/892/737 883/891/737
f 884/892/740 886/894/740 885/893/740
f 885/893/740 905/913/740 884/892/740
f 905/913/739 885/893/739 888/896/746
f 888/896/746 906/914/746 905/913/739
f 906/914/745 888/896/745 889/897/743
f 889/897/743 901/909/743 906/914/745
f 901/909/740 889/897/740 891/899/740
f 891/899/740 902/910/740 901/909/740
f 902/910/741 891/899/741 893/901/881
f 893/901/881 898/906/881 902/910/741
f 898/906/882 893/901/882 894/902/882
f 894/902/882 896/904/882 898/906/882
f 896/904/740 894/902/740 892/900/740
f 892/900/740 877/885/740 896/904/740
f 879/887/250 878/886/250 884/892/250
f 884/892/250 905/913/250 904/912/250
f 879/887/250 884/892/250 904/912/250
f 907/915/250 879/887/250 904/912/250
f 635/635/250 908/916/250 909/917/250
f 909/917/250 636/636/250 635/635/250
f 907/915/5 910/918/5 880/888/5
f 880/888/5 879/887/5 907/915/5
f 907/915/252 904/912/252 903/911/252
f 907/915/252 903/911/252 900/908/883
f 895/903/252 872/880/252 869/877/252
f 897/905/252 895/903/252 869/877/252
f 899/907/252 897/905/252 869/877/252
f 900/908/883 899/907/252 869/877/252
f 641/641/252 640/640/252 910/918/252
f 869/877/252 641/641/252 910/918/252
f 900/908/883 869/877/252 910/918/252
f 907/915/252 900/908/883 910/918/252
f 642/642/747 880/888/747 908/916/747
f 908/916/747 635/635/747 642/642/747
f 910/918/884 909/917/884 908/916/885
f 908/916/885 880/888/885 910/918/884
f 911/919/5 912/920/5 913/921/5
f 913/921/5 914/922/5 911/919/5
f 915/923/886 916/924/886 917/925/886
f 917/925/886 918/926/886 915/923/886
f 919/927/250 920/928/250 921/929/250
f 921/929/250 922/930/250 919/927/250
f 917/925/752 923/931/751 913/921/752
f 918/926/751 917/925/752 913/921/752
f 912/920/751 918/926/751 913/921/752
f 914/932/127 913/921/127 923/931/127
f 923/931/127 924/933/127 914/932/127
f 916/924/753 915/923/753 911/919/753
f 924/934/753 916/924/753 911/919/753
f 914/922/753 924/934/753 911/919/753
f 911/919/5 919/927/5 922/930/5
f 922/930/5 912/920/5 911/919/5
f 912/920/252 922/930/252 921/929/252
f 921/929/252 918/926/252 912/920/252
f 925/935/229 926/936/229 927/937/229
f 927/937/229 928/938/229 925/935/229
f 915/923/262 920/928/262 919/927/262
f 919/927/262 911/919/262 915/923/262
f 915/923/127 918/926/127 929/939/127
f 929/939/127 930/940/127 915/923/127
f 930/940/262 925/935/262 928/938/262
f 930/940/262 928/938/262 920/928/262
f 915/923/262 930/940/262 920/928/262
f 920/928/250 928/938/250 927/937/250
f 927/937/250 921/929/250 920/928/250
f 927/937/252 926/936/252 929/939/252
f 927/937/252 929/939/252 918/926/252
f 921/929/252 927/937/252 918/926/252
f 916/924/887 924/934/887 923/931/888
f 923/931/888 917/925/888 916/924/887
f 925/935/889 930/940/889 929/939/890
f 929/939/890 926/936/890 925/935/889
f 663/671/127 641/641/127 869/877/127
f 869/877/127 868/876/127 876/884/127
f 883/891/127 882/890/127 881/889/127
f 876/884/127 883/891/127 881/889/127
f 869/877/127 876/884/127 881/889/127
f 663/671/127 869/877/127 881/889/127
f 880/888/262 642/642/262 663/671/262
f 663/671/262 881/889/262 880/888/262
f 640/640/758 636/636/758 909/917/758
f 909/917/758 910/918/758 640/640/758
f 931/941/891 932/942/891 933/943/891
f 933/943/891 934/944/891 931/941/891
f 935/945/892 936/946/892 937/947/892
f 937/947/892 938/948/892 935/945/892
f 939/949/893 940/950/893 941/951/893
f 942/952/893 939/949/893 941/951/893
f 942/952/894 941/951/894 943/953/894
f 935/945/5 938/948/5 944/954/5
f 945/955/5 935/945/5 944/954/5
f 946/956/5 945/955/5 944/954/5
f 935/945/250 947/957/250 948/958/250
f 948/958/250 936/946/250 935/945/250
f 949/959/895 943/953/896 941/951/897
f 950/960/898 949/959/895 941/951/897
f 951/961/899 950/960/899 941/951/899
f 952/962/127 953/963/127 954/964/127
f 954/964/127 955/965/127 952/962/127
f 952/962/5 944/954/5 938/948/5
f 938/948/900 937/947/900 953/963/900
f 953/963/900 952/962/900 938/948/900
f 955/965/901 954/964/901 941/951/901
f 941/951/902 940/950/902 955/965/902
f 954/964/903 953/963/903 951/961/903
f 951/961/904 941/951/904 954/964/904
f 953/963/905 937/947/906 950/960/906
f 950/960/906 951/961/905 953/963/905
f 937/947/907 936/946/907 949/959/907
f 949/959/908 950/960/908 937/947/908
f 936/946/909 948/958/909 943/953/909
f 943/953/910 949/959/910 936/946/910
f 948/958/911 947/957/911 942/952/911
f 942/952/912 943/953/912 948/958/912
f 947/957/5 935/945/5 956/966/5
f 956/966/5 957/967/5 958/968/5
f 947/957/5 956/966/5 958/968/5
f 935/945/5 945/955/5 959/969/5
f 959/969/5 956/966/5 935/945/5
f 960/970/913 961/971/913 962/972/913
f 962/972/913 963/973/914 960/970/913
f 964/974/913 965/975/913 966/976/913
f 966/976/913 967/977/914 964/974/913
f 968/978/915 969/979/915 970/980/915
f 970/980/915 971/981/915 968/978/915
f 972/982/916 973/983/917 971/981/917
f 971/981/917 970/980/916 972/982/916
f 973/983/250 974/984/250 968/978/250
f 968/978/250 971/981/250 973/983/250
f 974/984/918 975/985/918 969/979/918
f 969/979/918 968/978/918 974/984/918
f 969/979/250 975/985/250 957/967/250
f 969/979/250 957/967/250 956/966/250
f 970/980/250 969/979/250 956/966/250
f 956/966/250 959/969/250 976/986/250
f 970/980/250 956/966/250 976/986/250
f 972/982/250 970/980/250 976/986/250
f 977/987/250 978/988/250 979/989/250
f 980/990/250 977/987/250 979/989/250
f 980/990/250 979/989/250 981/991/250
f 976/986/250 980/990/250 981/991/250
f 976/986/127 981/991/127 982/992/127
f 972/982/250 976/986/250 982/992/250
f 947/957/919 958/968/920 964/974/920
f 964/974/920 983/993/919 947/957/919
f 958/968/920 957/967/920 965/975/920
f 965/975/920 964/974/920 958/968/920
f 957/967/921 975/985/922 966/976/922
f 966/976/922 965/975/921 957/967/921
f 975/985/923 974/984/923 967/977/923
f 967/977/924 966/976/924 975/985/924
f 974/984/925 973/983/925 963/973/925
f 963/973/925 967/977/925 974/984/925
f 973/983/926 972/982/926 960/970/926
f 960/970/927 963/973/927 973/983/927
f 984/994/127 985/995/127 986/996/127
f 986/996/127 945/955/127 984/994/127
f 959/969/5 945/955/5 986/996/5
f 959/969/5 986/996/5 987/997/5
f 959/969/5 987/997/5 988/998/5
f 989/999/913 990/1000/913 991/1001/913
f 962/972/913 989/999/913 991/1001/913
f 963/973/914 962/972/913 991/1001/913
f 967/977/914 963/973/914 991/1001/913
f 964/974/928 967/977/928 991/1001/928
f 983/993/913 964/974/913 991/1001/913
f 984/994/262 945/955/262 946/956/262
f 946/956/262 992/1002/262 984/994/262
f 993/1003/892 994/1004/892 995/1005/892
f 995/1005/892 996/1006/892 993/1003/892
f 997/1007/929 998/1008/929 999/1009/929
f 999/1009/930 1000/1010/930 1001/1011/930
f 997/1007/930 999/1009/930 1001/1011/930
f 1002/1012/889 994/1004/229 993/1003/229
f 1002/1012/889 993/1003/229 984/994/229
f 992/1002/229 1002/1012/889 984/994/229
f 993/1003/250 996/1006/250 1003/1013/250
f 1003/1013/250 1004/1014/250 993/1003/250
f 999/1009/931 998/1008/932 1005/1015/933
f 999/1009/931 1005/1015/933 1006/1016/934
f 1007/1017/935 999/1009/935 1006/1016/935
f 1008/1018/127 1009/1019/127 1010/1020/127
f 1010/1020/127 1011/1021/127 1008/1018/127
f 1008/1018/229 994/1004/229 1002/1012/889
f 994/1004/900 1008/1018/900 1011/1021/900
f 1011/1021/900 995/1005/900 994/1004/900
f 1009/1019/936 1000/1010/936 999/1009/936
f 999/1009/937 1010/1020/937 1009/1019/937
f 1010/1020/938 999/1009/938 1007/1017/939
f 1007/1017/939 1011/1021/939 1010/1020/938
f 1011/1021/940 1007/1017/941 1006/1016/942
f 1006/1016/942 995/1005/942 1011/1021/940
f 995/1005/943 1006/1016/943 1005/1015/943
f 1005/1015/944 996/1006/944 995/1005/944
f 996/1006/945 1005/1015/945 998/1008/945
f 998/1008/946 1003/1013/946 996/1006/946
f 1003/1013/947 998/1008/947 997/1007/947
f 997/1007/948 1004/1014/948 1003/1013/948
f 1012/1022/262 987/997/262 986/996/262
f 986/996/262 985/995/262 1012/1022/262
f 1013/1023/229 977/987/229 980/990/229
f 1004/1014/229 1013/1023/229 980/990/229
f 1004/1014/229 980/990/229 993/1003/229
f 993/1003/229 980/990/229 976/986/229
f 976/986/229 984/994/229 993/1003/229
f 990/1000/913 989/999/913 1014/1024/913
f 1014/1024/913 1015/1025/913 990/1000/913
f 1016/1026/915 1017/1027/915 981/991/915
f 981/991/915 979/989/915 1016/1026/915
f 982/992/949 981/991/949 1017/1027/949
f 1017/1027/949 1018/1028/949 982/992/949
f 1018/1028/250 1017/1027/250 1016/1026/250
f 1016/1026/250 1019/1029/250 1018/1028/250
f 1019/1029/950 1016/1026/950 979/989/950
f 979/989/950 978/988/950 1019/1029/950
f 1004/1014/951 991/1001/951 990/1000/952
f 990/1000/952 1013/1023/952 1004/1014/951
f 1013/1023/952 990/1000/952 1015/1025/953
f 1015/1025/953 977/987/953 1013/1023/952
f 977/987/922 1015/1025/922 1014/1024/922
f 1014/1024/922 978/988/922 977/987/922
f 978/988/954 1014/1024/954 989/999/954
f 989/999/955 1019/1029/955 978/988/955
f 1019/1029/925 989/999/925 962/972/925
f 962/972/925 1018/1028/925 1019/1029/925
f 1018/1028/956 962/972/956 961/971/956
f 961/971/957 982/992/957 1018/1028/957
f 982/992/922 961/971/922 960/970/922
f 960/970/922 972/982/922 982/992/922
f 976/986/229 1020/1030/229 1012/1022/229
f 976/986/229 1012/1022/229 985/995/229
f 976/986/229 985/995/229 984/994/229
f 1008/1018/229 1002/1012/889 992/1002/229
f 1009/1019/958 1008/1018/958 992/1002/958
f 955/965/127 1009/1019/127 992/1002/127
f 952/962/127 955/965/127 992/1002/127
f 944/954/127 952/962/127 992/1002/127
f 946/956/127 944/954/127 992/1002/127
f 955/965/959 940/950/959 1000/1010/959
f 1000/1010/959 1009/1019/959 955/965/959
f 983/993/960 991/1001/960 1004/1014/960
f 1004/1014/960 947/957/960 983/993/960
f 988/998/250 1020/1030/250 976/986/250
f 976/986/250 959/969/250 988/998/250
f 1021/1031/961 1022/1032/961 1023/1033/961
f 1023/1033/961 1024/1034/961 1021/1031/961
f 988/998/5 987/997/5 1025/1035/5
f 1025/1035/5 1026/1036/5 988/998/5
f 987/997/127 1012/1022/127 1027/1037/127
f 1027/1037/127 1025/1035/127 987/997/127
f 1012/1022/229 1020/1030/229 1028/1038/229
f 1028/1038/229 1027/1037/229 1012/1022/229
f 1020/1030/250 988/998/250 1026/1036/250
f 1026/1036/250 1028/1038/250 1020/1030/250
f 1026/1036/962 1025/1035/962 1023/1033/962
f 1023/1033/962 1022/1032/962 1026/1036/962
f 1025/1035/963 1027/1037/963 1024/1034/963
f 1024/1034/963 1023/1033/963 1025/1035/963
f 1027/1037/964 1028/1038/965 1021/1031/965
f 1021/1031/965 1024/1034/964 1027/1037/964
f 1028/1038/966 1026/1036/966 1022/1032/966
f 1022/1032/966 1021/1031/966 1028/1038/966
f 1029/1039/891 1030/1040/891 1031/1041/891
f 1029/1039/891 1031/1041/891 1032/1042/967
f 1029/1039/891 1032/1042/967 1033/1043/891
f 1034/1044/891 1029/1039/891 1033/1043/891
f 1035/1045/891 1036/1046/891 1034/1044/891
f 1034/1044/891 1033/1043/891 1035/1045/891
f 1031/1041/891 1037/1047/891 1038/1048/891
f 1038/1048/891 1032/1042/967 1031/1041/891
f 1039/1049/968 1040/1050/968 932/942/968
f 932/942/968 931/941/968 1039/1049/968
f 1040/1050/969 1041/1051/969 933/943/969
f 933/943/969 932/942/969 1040/1050/969
f 1041/1051/970 1042/1052/970 934/944/970
f 934/944/970 933/943/970 1041/1051/970
f 1043/1053/971 1042/1052/971 942/952/971
f 1043/1053/971 942/952/971 947/957/971
f 1044/1054/971 1043/1053/971 947/957/971
f 1044/1054/971 947/957/971 1004/1014/971
f 1039/1049/971 1044/1054/971 1004/1014/971
f 1039/1049/971 1004/1014/971 997/1007/971
f 1044/1054/5 1039/1049/5 931/941/5
f 1044/1054/252 931/941/252 934/944/252
f 934/944/252 1043/1053/252 1044/1054/252
f 1042/1052/229 1043/1053/229 934/944/229
f 940/950/972 939/949/972 1031/1041/972
f 1031/1041/972 1030/1040/972 940/950/972
f 939/949/972 942/952/972 1037/1047/972
f 1037/1047/972 1031/1041/972 939/949/972
f 942/952/973 1042/1052/973 1038/1048/973
f 1038/1048/973 1037/1047/973 942/952/973
f 1042/1052/974 1041/1051/974 1032/1042/974
f 1032/1042/974 1038/1048/974 1042/1052/974
f 1041/1051/973 1040/1050/973 1033/1043/973
f 1033/1043/973 1032/1042/973 1041/1051/973
f 1040/1050/975 1039/1049/975 1035/1045/975
f 1035/1045/975 1033/1043/976 1040/1050/975
f 1039/1049/973 997/1007/973 1036/1046/973
f 1036/1046/973 1035/1045/973 1039/1049/973
f 997/1007/977 1001/1011/977 1034/1044/977
f 1034/1044/977 1036/1046/977 997/1007/977
f 1001/1011/977 1000/1010/977 1029/1039/977
f 1029/1039/977 1034/1044/977 1001/1011/977
f 1000/1010/978 940/950/978 1030/1040/978
f 1030/1040/978 1029/1039/978 1000/1010/978
f 1045/1055/5 1046/1056/5 1047/1057/5
f 1047/1057/5 1048/1058/5 1045/1055/5
f 1046/1056/5 1049/1059/5 1050/1060/5
f 1050/1060/5 1047/1057/5 1046/1056/5
f 1049/1059/5 1051/1061/5 1052/1062/5
f 1052/1062/5 1050/1060/5 1049/1059/5
f 1051/1061/5 1053/1063/5 1054/1064/5
f 1054/1064/5 1052/1062/5 1051/1061/5
f 1053/1063/5 1055/1065/5 1056/1066/5
f 1056/1066/5 1054/1064/5 1053/1063/5
f 1055/1065/5 1057/1067/5 1058/1068/5
f 1058/1068/5 1056/1066/5 1055/1065/5
f 1057/1067/5 1059/1069/5 1060/1070/5
f 1060/1070/5 1058/1068/5 1057/1067/5
f 1059/1069/5 1061/1071/5 1062/1072/5
f 1062/1072/5 1060/1070/5 1059/1069/5
f 1061/1071/5 1063/1073/5 1064/1074/5
f 1064/1074/5 1062/1072/5 1061/1071/5
f 1063/1073/5 1065/1075/5 1066/1076/5
f 1066/1076/5 1064/1074/5 1063/1073/5
f 1065/1075/5 1067/1077/5 1068/1078/5
f 1068/1078/5 1066/1076/5 1065/1075/5
f 1067/1077/5 1069/1079/5 1070/1080/5
f 1070/1080/5 1068/1078/5 1067/1077/5
f 1069/1079/5 1071/1081/5 1072/1082/5
f 1072/1082/5 1070/1080/5 1069/1079/5
f 1071/1081/5 1073/1083/5 1074/1084/5
f 1074/1084/5 1072/1082/5 1071/1081/5
f 1073/1083/5 1075/1085/5 1076/1086/5
f 1076/1086/5 1074/1084/5 1073/1083/5
f 1075/1085/5 1077/1087/5 1078/1088/5
f 1078/1088/5 1076/1086/5 1075/1085/5
f 1077/1087/5 1079/1089/5 1080/1090/5
f 1080/1090/5 1078/1088/5 1077/1087/5
f 1079/1089/5 1045/1055/5 1048/1058/5
f 1048/1058/5 1080/1090/5 1079/1089/5
f 1081/1091/979 1082/1092/980 1046/1056/980
f 1046/1056/980 1045/1055/979 1081/1091/979
f 1082/1092/981 1083/1093/981 1049/1059/981
f 1049/1059/981 1046/1056/981 1082/1092/981
f 1083/1093/982 1084/1094/982 1051/1061/982
f 1051/1061/982 1049/1059/982 1083/1093/982
f 1084/1094/983 1085/1095/983 1053/1063/983
f 1053/1063/983 1051/1061/983 1084/1094/983
f 1085/1095/984 1086/1096/984 1055/1065/984
f 1055/1065/984 1053/1063/984 1085/1095/984
f 1086/1096/985 1087/1097/985 1057/1067/985
f 1057/1067/985 1055/1065/985 1086/1096/985
f 1087/1097/986 1088/1098/986 1059/1069/986
f 1059/1069/986 1057/1067/986 1087/1097/986
f 1088/1098/987 1089/1099/987 1061/1071/987
f 1061/1071/987 1059/1069/987 1088/1098/987
f 1089/1099/988 1090/1100/989 1063/1073/988
f 1063/1073/988 1061/1071/988 1089/1099/988
f 1090/1100/990 1091/1101/991 1065/1075/990
f 1065/1075/990 1063/1073/990 1090/1100/990
f 1091/1101/992 1092/1102/992 1067/1077/992
f 1067/1077/992 1065/1075/992 1091/1101/992
f 1092/1102/993 1093/1103/993 1069/1079/993
f 1069/1079/993 1067/1077/993 1092/1102/993
f 1093/1103/994 1094/1104/994 1071/1081/994
f 1071/1081/994 1069/1079/994 1093/1103/994
f 1094/1104/995 1095/1105/995 1073/1083/995
f 1073/1083/995 1071/1081/995 1094/1104/995
f 1095/1105/996 1096/1106/997 1075/1085/997
f 1075/1085/997 1073/1083/996 1095/1105/996
f 1096/1106/998 1097/1107/998 1077/1087/998
f 1077/1087/998 1075/1085/998 1096/1106/998
f 1097/1107/999 1098/1108/999 1079/1089/999
f 1079/1089/999 1077/1087/999 1097/1107/999
f 1098/1108/1000 1081/1091/1001 1045/1055/1000
f 1045/1055/1000 1079/1089/1000 1098/1108/1000
f 1099/1109/1002 1100/1110/1002 1048/1058/1002
f 1048/1058/1002 1047/1057/1002 1099/1109/1002
f 1100/1110/1003 1101/1111/1003 1080/1090/1003
f 1080/1090/1003 1048/1058/1003 1100/1110/1003
f 1101/1111/1004 1102/1112/1004 1078/1088/1004
f 1078/1088/1004 1080/1090/1004 1101/1111/1004
f 1102/1112/1005 1103/1113/1005 1076/1086/1005
f 1076/1086/1005 1078/1088/1005 1102/1112/1005
f 1103/1113/1006 1104/1114/1006 1074/1084/1006
f 1074/1084/1006 1076/1086/1006 1103/1113/1006
f 1104/1114/1007 1105/1115/1007 1072/1082/1007
f 1072/1082/1007 1074/1084/1008 1104/1114/1007
f 1105/1115/1009 1106/1116/1009 1070/1080/1009
f 1070/1080/1009 1072/1082/1009 1105/1115/1009
f 1106/1116/1010 1107/1117/1010 1068/1078/1010
f 1068/1078/1010 1070/1080/1010 1106/1116/1010
f 1107/1117/1011 1108/1118/1011 1066/1076/1011
f 1066/1076/1011 1068/1078/1011 1107/1117/1011
f 1108/1118/1012 1109/1119/1012 1064/1074/1012
f 1064/1074/1012 1066/1076/1012 1108/1118/1012
f 1109/1119/1013 1110/1120/1013 1062/1072/1013
f 1062/1072/1013 1064/1074/1013 1109/1119/1013
f 1110/1120/1014 1111/1121/1014 1060/1070/1014
f 1060/1070/1014 1062/1072/1014 1110/1120/1014
f 1111/1121/1015 1112/1122/1015 1058/1068/1015
f 1058/1068/1015 1060/1070/1015 1111/1121/1015
f 1112/1122/1016 1113/1123/1016 1056/1066/1016
f 1056/1066/1016 1058/1068/1016 1112/1122/1016
f 1113/1123/1017 1114/1124/1017 1054/1064/1017
f 1054/1064/1017 1056/1066/1018 1113/1123/1017
f 1114/1124/1019 1115/1125/1019 1052/1062/1019
f 1052/1062/1019 1054/1064/1019 1114/1124/1019
f 1115/1125/1020 1116/1126/1020 1050/1060/1020
f 1050/1060/1020 1052/1062/1020 1115/1125/1020
f 1116/1126/1021 1099/1109/1021 1047/1057/1021
f 1047/1057/1021 1050/1060/1021 1116/1126/1021
f 1117/1127/1022 1118/1128/1022 1119/1129/1022
f 1119/1129/1023 1120/1130/1023 1117/1127/1023
f 1083/1093/1024 1082/1092/1024 1121/1131/1024
f 1121/1131/1025 1122/1132/1025 1083/1093/1025
f 1123/1133/1026 1124/1134/1026 1125/1135/1026
f 1125/1135/1027 1126/1136/1027 1123/1133/1027
f 1085/1095/1028 1084/1094/1028 1127/1137/1028
f 1127/1137/127 1128/1138/127 1085/1095/127
f 1129/1139/1029 1130/1140/1029 1131/1141/1029
f 1131/1141/1030 1132/1142/1030 1129/1139/1030
f 1087/1097/1031 1086/1096/1031 1133/1143/1031
f 1133/1143/1032 1134/1144/1032 1087/1097/1032
f 1135/1145/1033 1136/1146/1033 1137/1147/1033
f 1137/1147/1034 1138/1148/1034 1135/1145/1034
f 1089/1099/1035 1088/1098/1035 1139/1149/1035
f 1139/1149/1036 1140/1150/1036 1089/1099/1036
f 1141/1151/1037 1142/1152/1037 1143/1153/1037
f 1143/1153/1038 1144/1154/1038 1141/1151/1038
f 1091/1101/1039 1090/1100/1039 1145/1155/1039
f 1145/1155/1040 1146/1156/1040 1091/1101/1040
f 1147/1157/1041 1148/1158/1041 1149/1159/1041
f 1149/1159/1042 1150/1160/1042 1147/1157/1042
f 1093/1103/1043 1092/1102/1043 1151/1161/1043
f 1151/1161/1044 1152/1162/1044 1093/1103/1044
f 1153/1163/1045 1154/1164/1045 1155/1165/1045
f 1155/1165/1046 1156/1166/1046 1153/1163/1046
f 1095/1105/250 1094/1104/250 1157/1167/250
f 1157/1167/1047 1158/1168/1047 1095/1105/1047
f 1159/1169/1048 1160/1170/1048 1161/1171/1048
f 1161/1171/1049 1162/1172/1049 1159/1169/1049
f 1097/1107/1050 1096/1106/1050 1163/1173/1050
f 1163/1173/1051 1164/1174/1051 1097/1107/1051
f 1165/1175/1052 1166/1176/1052 1167/1177/1052
f 1167/1177/1053 1168/1178/1053 1165/1175/1053
f 1081/1091/1054 1098/1108/1054 1169/1179/1054
f 1169/1179/1055 1170/1180/1055 1081/1091/1055
f 1171/1181/229 1172/1182/229 1173/1183/229
f 1173/1183/229 1174/1184/229 1171/1181/229
f 1174/1184/229 1173/1183/229 1175/1185/229
f 1175/1185/229 1176/1186/229 1174/1184/229
f 1176/1186/229 1175/1185/229 1177/1187/229
f 1177/1187/229 1178/1188/229 1176/1186/229
f 1178/1188/229 1177/1187/229 1179/1189/229
f 1179/1189/229 1180/1190/229 1178/1188/229
f 1180/1190/229 1179/1189/229 1181/1191/229
f 1181/1191/229 1182/1192/229 1180/1190/229
f 1182/1192/229 1181/1191/229 1183/1193/229
f 1183/1193/229 1184/1194/229 1182/1192/229
f 1184/1194/229 1183/1193/229 1185/1195/229
f 1185/1195/229 1186/1196/229 1184/1194/229
f 1186/1196/229 1185/1195/229 1187/1197/229
f 1187/1197/229 1188/1198/229 1186/1196/229
f 1188/1198/229 1187/1197/229 1189/1199/229
f 1189/1199/229 1190/1200/229 1188/1198/229
f 1190/1200/229 1189/1199/229 1191/1201/229
f 1191/1201/229 1192/1202/229 1190/1200/229
f 1192/1202/229 1191/1201/229 1193/1203/229
f 1193/1203/229 1194/1204/229 1192/1202/229
f 1194/1204/229 1193/1203/229 1195/1205/229
f 1195/1205/229 1196/1206/229 1194/1204/229
f 1196/1206/229 1195/1205/229 1197/1207/229
f 1197/1207/229 1198/1208/229 1196/1206/229
f 1198/1208/229 1197/1207/229 1199/1209/229
f 1199/1209/229 1200/1210/229 1198/1208/229
f 1200/1210/229 1199/1209/229 1201/1211/229
f 1201/1211/229 1202/1212/229 1200/1210/229
f 1202/1212/229 1201/1211/229 1203/1213/229
f 1203/1213/229 1204/1214/229 1202/1212/229
f 1204/1214/229 1203/1213/229 1205/1215/229
f 1205/1215/229 1206/1216/229 1204/1214/229
f 1206/1216/229 1205/1215/229 1172/1182/229
f 1172/1182/229 1171/1181/229 1206/1216/229
f 1207/1217/1056 1171/1181/1056 1174/1184/1057
f 1174/1184/1057 1208/1218/1057 1207/1217/1056
f 1208/1218/1058 1174/1184/1058 1176/1186/1058
f 1176/1186/1058 1209/1219/1058 1208/1218/1058
f 1209/1219/1059 1176/1186/1059 1178/1188/1059
f 1178/1188/1059 1210/1220/1059 1209/1219/1059
f 1210/1220/1060 1178/1188/1060 1180/1190/1060
f 1180/1190/1060 1211/1221/1060 1210/1220/1060
f 1211/1221/1061 1180/1190/1061 1182/1192/1061
f 1182/1192/1061 1212/1222/1061 1211/1221/1061
f 1212/1222/1062 1182/1192/1062 1184/1194/1062
f 1184/1194/1062 1213/1223/1062 1212/1222/1062
f 1213/1223/1063 1184/1194/1063 1186/1196/1063
f 1186/1196/1063 1214/1224/1063 1213/1223/1063
f 1214/1224/1064 1186/1196/1064 1188/1198/1064
f 1188/1198/1064 1215/1225/1064 1214/1224/1064
f 1215/1225/1065 1188/1198/1065 1190/1200/1066
f 1190/1200/1066 1216/1226/1066 1215/1225/1065
f 1216/1226/1067 1190/1200/1067 1192/1202/1068
f 1192/1202/1068 1217/1227/1068 1216/1226/1067
f 1217/1227/1069 1192/1202/1069 1194/1204/1069
f 1194/1204/1069 1218/1228/1069 1217/1227/1069
f 1218/1228/1070 1194/1204/1070 1196/1206/1070
f 1196/1206/1070 1219/1229/1070 1218/1228/1070
f 1219/1229/1071 1196/1206/1071 1198/1208/1071
f 1198/1208/1071 1220/1230/1071 1219/1229/1071
f 1220/1230/1072 1198/1208/1072 1200/1210/1072
f 1200/1210/1072 1221/1231/1072 1220/1230/1072
f 1221/1231/1073 1200/1210/1073 1202/1212/1073
f 1202/1212/1073 1222/1232/1073 1221/1231/1073
f 1222/1232/1074 1202/1212/1074 1204/1214/1074
f 1204/1214/1074 1223/1233/1074 1222/1232/1074
f 1223/1233/1075 1204/1214/1075 1206/1216/1075
f 1206/1216/1075 1224/1234/1075 1223/1233/1075
f 1224/1234/1076 1206/1216/1076 1171/1181/1076
f 1171/1181/1076 1207/1217/1076 1224/1234/1076
f 1225/1235/1077 1173/1183/1077 1172/1182/1077
f 1172/1182/1077 1226/1236/1077 1225/1235/1077
f 1226/1236/1078 1172/1182/1078 1205/1215/1078
f 1205/1215/1078 1227/1237/1078 1226/1236/1078
f 1227/1237/1079 1205/1215/1079 1203/1213/1079
f 1203/1213/1080 1228/1238/1080 1227/1237/1080
f 1228/1238/1081 1203/1213/1081 1201/1211/1081
f 1201/1211/1081 1229/1239/1081 1228/1238/1081
f 1229/1239/1082 1201/1211/1082 1199/1209/1082
f 1199/1209/1082 1230/1240/1082 1229/1239/1082
f 1230/1240/1083 1199/1209/1083 1197/1207/1083
f 1197/1207/1083 1231/1241/1083 1230/1240/1083
f 1231/1241/1084 1197/1207/1084 1195/1205/1084
f 1195/1205/1084 1232/1242/1084 1231/1241/1084
f 1232/1242/1085 1195/1205/1085 1193/1203/1085
f 1193/1203/1085 1233/1243/1085 1232/1242/1085
f 1233/1243/1086 1193/1203/1086 1191/1201/1086
f 1191/1201/1087 1234/1244/1087 1233/1243/1087
f 1234/1244/1088 1191/1201/1088 1189/1199/1088
f 1189/1199/1088 1235/1245/1088 1234/1244/1088
f 1235/1245/1089 1189/1199/1089 1187/1197/1089
f 1187/1197/1089 1236/1246/1089 1235/1245/1089
f 1236/1246/1090 1187/1197/1090 1185/1195/1090
f 1185/1195/1091 1237/1247/1091 1236/1246/1091
f 1237/1247/1092 1185/1195/1092 1183/1193/1092
f 1183/1193/1092 1238/1248/1092 1237/1247/1092
f 1238/1248/1093 1183/1193/1093 1181/1191/1093
f 1181/1191/1093 1239/1249/1093 1238/1248/1093
f 1239/1249/1094 1181/1191/1094 1179/1189/1094
f 1179/1189/1095 1240/1250/1095 1239/1249/1095
f 1240/1250/1096 1179/1189/1096 1177/1187/1096
f 1177/1187/1096 1241/1251/1096 1240/1250/1096
f 1241/1251/1097 1177/1187/1097 1175/1185/1097
f 1175/1185/1097 1242/1252/1097 1241/1251/1097
f 1242/1252/1098 1175/1185/1098 1173/1183/1098
f 1173/1183/1098 1225/1235/1098 1242/1252/1098
f 1243/1253/1099 1120/1130/1099 1119/1129/1099
f 1119/1129/1100 1244/1254/1100 1243/1253/1100
f 1209/1219/1025 1122/1132/1025 1121/1131/1025
f 1121/1131/1024 1208/1218/1024 1209/1219/1024
f 1245/1255/1101 1126/1136/1101 1125/1135/1101
f 1125/1135/1102 1246/1256/1102 1245/1255/1102
f 1211/1221/127 1128/1138/127 1127/1137/127
f 1127/1137/1028 1210/1220/1028 1211/1221/1028
f 1247/1257/1103 1132/1142/1103 1131/1141/1103
f 1131/1141/1104 1248/1258/1104 1247/1257/1104
f 1213/1223/1032 1134/1144/1032 1133/1143/1032
f 1133/1143/1031 1212/1222/1031 1213/1223/1031
f 1249/1259/1105 1138/1148/1105 1137/1147/1105
f 1137/1147/1106 1250/1260/1106 1249/1259/1106
f 1215/1225/1036 1140/1150/1036 1139/1149/1036
f 1139/1149/1035 1214/1224/1035 1215/1225/1035
f 1251/1261/1107 1144/1154/1107 1143/1153/1107
f 1143/1153/1108 1252/1262/1108 1251/1261/1108
f 1217/1227/1040 1146/1156/1040 1145/1155/1040
f 1145/1155/1039 1216/1226/1039 1217/1227/1039
f 1253/1263/1109 1150/1160/1109 1149/1159/1109
f 1149/1159/1110 1254/1264/1110 1253/1263/1110
f 1219/1229/1044 1152/1162/1044 1151/1161/1044
f 1151/1161/1043 1218/1228/1043 1219/1229/1043
f 1255/1265/1111 1156/1166/1111 1155/1165/1111
f 1155/1165/1112 1256/1266/1112 1255/1265/1112
f 1221/1231/1047 1158/1168/1047 1157/1167/1047
f 1157/1167/250 1220/1230/250 1221/1231/250
f 1257/1267/1113 1162/1172/1113 1161/1171/1113
f 1161/1171/1114 1258/1268/1114 1257/1267/1114
f 1223/1233/1051 1164/1174/1051 1163/1173/1051
f 1163/1173/1050 1222/1232/1050 1223/1233/1050
f 1259/1269/1115 1168/1178/1115 1167/1177/1115
f 1167/1177/1116 1260/1270/1116 1259/1269/1116
f 1207/1217/1055 1170/1180/1055 1169/1179/1055
f 1169/1179/1054 1224/1234/1054 1207/1217/1054
f 1082/1092/5 1081/1091/5 1261/1271/5
f 1261/1271/5 1262/1272/5 1082/1092/5
f 1081/1091/1117 1170/1180/1117 1263/1273/1117
f 1263/1273/1117 1261/1271/1117 1081/1091/1117
f 1170/1180/1118 1207/1217/1118 1264/1274/1118
f 1264/1274/1118 1263/1273/1118 1170/1180/1118
f 1207/1217/229 1208/1218/229 1265/1275/229
f 1265/1275/229 1264/1274/229 1207/1217/229
f 1208/1218/1119 1121/1131/1119 1266/1276/1119
f 1266/1276/1119 1265/1275/1119 1208/1218/1119
f 1121/1131/1120 1082/1092/1120 1262/1272/1120
f 1262/1272/1120 1266/1276/1120 1121/1131/1120
f 1084/1094/155 1083/1093/659 1267/1277/659
f 1267/1277/659 1268/1278/155 1084/1094/155
f 1083/1093/1121 1122/1132/1121 1269/1279/1121
f 1269/1279/1121 1267/1277/1121 1083/1093/1121
f 1122/1132/1122 1209/1219/1122 1270/1280/1122
f 1270/1280/1122 1269/1279/1122 1122/1132/1122
f 1209/1219/229 1210/1220/229 1271/1281/229
f 1271/1281/229 1270/1280/229 1209/1219/229
f 1210/1220/1123 1127/1137/1123 1272/1282/1123
f 1272/1282/1123 1271/1281/1123 1210/1220/1123
f 1127/1137/1124 1084/1094/1124 1268/1278/1124
f 1268/1278/1124 1272/1282/1124 1127/1137/1124
f 1086/1096/5 1085/1095/5 1273/1283/5
f 1273/1283/5 1274/1284/5 1086/1096/5
f 1085/1095/1125 1128/1138/1126 1275/1285/1126
f 1275/1285/1126 1273/1283/1125 1085/1095/1125
f 1128/1138/1127 1211/1221/1128 1276/1286/1128
f 1276/1286/1128 1275/1285/1127 1128/1138/1127
f 1211/1221/229 1212/1222/762 1277/1287/229
f 1277/1287/229 1276/1286/229 1211/1221/229
f 1212/1222/1129 1133/1143/1130 1278/1288/1130
f 1278/1288/1130 1277/1287/1129 1212/1222/1129
f 1133/1143/1131 1086/1096/1131 1274/1284/1131
f 1274/1284/1131 1278/1288/1131 1133/1143/1131
f 1088/1098/5 1087/1097/5 1279/1289/5
f 1279/1289/5 1280/1290/5 1088/1098/5
f 1087/1097/1132 1134/1144/1133 1281/1291/1133
f 1281/1291/1133 1279/1289/1132 1087/1097/1132
f 1134/1144/1134 1213/1223/1134 1282/1292/1134
f 1282/1292/1134 1281/1291/1134 1134/1144/1134
f 1213/1223/762 1214/1224/1135 1283/1293/1135
f 1283/1293/1135 1282/1292/762 1213/1223/762
f 1214/1224/1136 1139/1149/1137 1284/1294/1137
f 1284/1294/1137 1283/1293/1136 1214/1224/1136
f 1139/1149/1138 1088/1098/1139 1280/1290/1139
f 1280/1290/1139 1284/1294/1138 1139/1149/1138
f 1090/1100/5 1089/1099/5 1285/1295/5
f 1285/1295/5 1286/1296/5 1090/1100/5
f 1089/1099/1140 1140/1150/1140 1287/1297/1140
f 1287/1297/1140 1285/1295/1140 1089/1099/1140
f 1140/1150/1141 1215/1225/1141 1288/1298/1141
f 1288/1298/1141 1287/1297/1141 1140/1150/1141
f 1215/1225/229 1216/1226/229 1289/1299/229
f 1289/1299/229 1288/1298/229 1215/1225/229
f 1216/1226/1142 1145/1155/1142 1290/1300/1142
f 1290/1300/1142 1289/1299/1142 1216/1226/1142
f 1145/1155/1143 1090/1100/1143 1286/1296/1143
f 1286/1296/1143 1290/1300/1143 1145/1155/1143
f 1092/1102/155 1091/1101/5 1291/1301/5
f 1291/1301/5 1292/1302/155 1092/1102/155
f 1091/1101/1144 1146/1156/1144 1293/1303/1144
f 1293/1303/1144 1291/1301/1144 1091/1101/1144
f 1146/1156/1145 1217/1227/1145 1294/1304/1145
f 1294/1304/1145 1293/1303/1145 1146/1156/1145
f 1217/1227/229 1218/1228/1135 1295/1305/1135
f 1295/1305/1135 1294/1304/229 1217/1227/229
f 1218/1228/1146 1151/1161/1146 1296/1306/1146
f 1296/1306/1146 1295/1305/1146 1218/1228/1146
f 1151/1161/1147 1092/1102/1148 1292/1302/1148
f 1292/1302/1148 1296/1306/1147 1151/1161/1147
f 1094/1104/5 1093/1103/5 1297/1307/5
f 1297/1307/5 1298/1308/155 1094/1104/5
f 1093/1103/1149 1152/1162/1149 1299/1309/1149
f 1299/1309/1149 1297/1307/1149 1093/1103/1149
f 1152/1162/1150 1219/1229/1151 1300/1310/1151
f 1300/1310/1151 1299/1309/1150 1152/1162/1150
f 1219/1229/762 1220/1230/1135 1301/1311/1135
f 1301/1311/1135 1300/1310/762 1219/1229/762
f 1220/1230/1152 1157/1167/1153 1302/1312/1153
f 1302/1312/1153 1301/1311/1152 1220/1230/1152
f 1157/1167/1154 1094/1104/1154 1298/1308/1154
f 1298/1308/1154 1302/1312/1154 1157/1167/1154
f 1096/1106/155 1095/1105/659 1303/1313/659
f 1303/1313/659 1304/1314/155 1096/1106/155
f 1095/1105/1155 1158/1168/1155 1305/1315/1155
f 1305/1315/1155 1303/1313/1155 1095/1105/1155
f 1158/1168/1156 1221/1231/1156 1306/1316/1156
f 1306/1316/1156 1305/1315/1156 1158/1168/1156
f 1221/1231/229 1222/1232/229 1307/1317/229
f 1307/1317/229 1306/1316/229 1221/1231/229
f 1222/1232/1157 1163/1173/1157 1308/1318/1157
f 1308/1318/1157 1307/1317/1157 1222/1232/1157
f 1163/1173/1158 1096/1106/1158 1304/1314/1158
f 1304/1314/1158 1308/1318/1158 1163/1173/1158
f 1098/1108/5 1097/1107/155 1309/1319/155
f 1309/1319/155 1310/1320/5 1098/1108/5
f 1097/1107/1159 1164/1174/1159 1311/1321/1159
f 1311/1321/1159 1309/1319/1159 1097/1107/1159
f 1164/1174/1160 1223/1233/1160 1312/1322/1160
f 1312/1322/1160 1311/1321/1160 1164/1174/1160
f 1223/1233/229 1224/1234/1135 1313/1323/1135
f 1313/1323/1135 1312/1322/229 1223/1233/229
f 1224/1234/1161 1169/1179/1161 1314/1324/1161
f 1314/1324/1161 1313/1323/1161 1224/1234/1161
f 1169/1179/1162 1098/1108/1162 1310/1320/1162
f 1310/1320/1162 1314/1324/1162 1169/1179/1162
f 1262/1272/1163 1261/1271/1163 1118/1128/1163
f 1118/1128/1164 1117/1127/1164 1262/1272/1164
f 1261/1271/1165 1263/1273/1165 1119/1129/1165
f 1119/1129/1166 1118/1128/1166 1261/1271/1166
f 1263/1273/1167 1264/1274/1167 1244/1254/1167
f 1244/1254/1168 1119/1129/1168 1263/1273/1168
f 1264/1274/1169 1265/1275/1169 1243/1253/1169
f 1243/1253/1170 1244/1254/1170 1264/1274/1170
f 1265/1275/1171 1266/1276/1171 1120/1130/1171
f 1120/1130/1172 1243/1253/1172 1265/1275/1172
f 1266/1276/1173 1262/1272/1173 1117/1127/1173
f 1117/1127/1174 1120/1130/1174 1266/1276/1174
f 1268/1278/1175 1267/1277/1175 1124/1134/1175
f 1124/1134/1176 1123/1133/1176 1268/1278/1176
f 1267/1277/1177 1269/1279/1177 1125/1135/1177
f 1125/1135/1178 1124/1134/1178 1267/1277/1178
f 1269/1279/1179 1270/1280/1179 1246/1256/1179
f 1246/1256/1180 1125/1135/1180 1269/1279/1180
f 1270/1280/1181 1271/1281/1181 1245/1255/1181
f 1245/1255/1182 1246/1256/1182 1270/1280/1182
f 1271/1281/1183 1272/1282/1183 1126/1136/1183
f 1126/1136/1184 1245/1255/1184 1271/1281/1184
f 1272/1282/1185 1268/1278/1185 1123/1133/1185
f 1123/1133/1186 1126/1136/1186 1272/1282/1186
f 1274/1284/1187 1273/1283/1187 1130/1140/1187
f 1130/1140/1188 1129/1139/1188 1274/1284/1188
f 1273/1283/1189 1275/1285/1189 1131/1141/1189
f 1131/1141/1190 1130/1140/1190 1273/1283/1190
f 1275/1285/1191 1276/1286/1191 1248/1258/1191
f 1248/1258/1192 1131/1141/1192 1275/1285/1192
f 1276/1286/1193 1277/1287/1193 1247/1257/1193
f 1247/1257/1194 1248/1258/1194 1276/1286/1194
f 1277/1287/1195 1278/1288/1195 1132/1142/1195
f 1132/1142/1196 1247/1257/1196 1277/1287/1196
f 1278/1288/1197 1274/1284/1197 1129/1139/1197
f 1129/1139/1198 1132/1142/1198 1278/1288/1198
f 1280/1290/1199 1279/1289/1199 1136/1146/1199
f 1136/1146/1200 1135/1145/1200 1280/1290/1200
f 1279/1289/1201 1281/1291/1201 1137/1147/1201
f 1137/1147/1202 1136/1146/1202 1279/1289/1202
f 1281/1291/1203 1282/1292/1203 1250/1260/1203
f 1250/1260/1204 1137/1147/1204 1281/1291/1204
f 1282/1292/1205 1283/1293/1205 1249/1259/1205
f 1249/1259/1206 1250/1260/1206 1282/1292/1206
f 1283/1293/1207 1284/1294/1207 1138/1148/1207
f 1138/1148/1208 1249/1259/1208 1283/1293/1208
f 1284/1294/1209 1280/1290/1209 1135/1145/1209
f 1135/1145/1210 1138/1148/1210 1284/1294/1210
f 1286/1296/1211 1285/1295/1211 1142/1152/1211
f 1142/1152/1212 1141/1151/1212 1286/1296/1212
f 1285/1295/1213 1287/1297/1213 1143/1153/1213
f 1143/1153/1214 1142/1152/1214 1285/1295/1214
f 1287/1297/1215 1288/1298/1215 1252/1262/1215
f 1252/1262/1216 1143/1153/1216 1287/1297/1216
f 1288/1298/1217 1289/1299/1217 1251/1261/1217
f 1251/1261/1218 1252/1262/1218 1288/1298/1218
f 1289/1299/1219 1290/1300/1219 1144/1154/1219
f 1144/1154/1220 1251/1261/1220 1289/1299/1220
f 1290/1300/1221 1286/1296/1221 1141/1151/1221
f 1141/1151/1222 1144/1154/1222 1290/1300/1222
f 1292/1302/1223 1291/1301/1223 1148/1158/1223
f 1148/1158/1224 1147/1157/1224 1292/1302/1224
f 1291/1301/1225 1293/1303/1225 1149/1159/1225
f 1149/1159/1226 1148/1158/1226 1291/1301/1226
f 1293/1303/1227 1294/1304/1227 1254/1264/1227
f 1254/1264/1228 1149/1159/1228 1293/1303/1228
f 1294/1304/1229 1295/1305/1229 1253/1263/1229
f 1253/1263/1230 1254/1264/1230 1294/1304/1230
f 1295/1305/1231 1296/1306/1231 1150/1160/1231
f 1150/1160/1232 1253/1263/1232 1295/1305/1232
f 1296/1306/1233 1292/1302/1233 1147/1157/1233
f 1147/1157/1234 1150/1160/1234 1296/1306/1234
f 1298/1308/1235 1297/1307/1235 1154/1164/1235
f 1154/1164/1236 1153/1163/1236 1298/1308/1236
f 1297/1307/1237 1299/1309/1237 1155/1165/1237
f 1155/1165/1238 1154/1164/1238 1297/1307/1238
f 1299/1309/1239 1300/1310/1239 1256/1266/1239
f 1256/1266/1240 1155/1165/1240 1299/1309/1240
f 1300/1310/1241 1301/1311/1241 1255/1265/1241
f 1255/1265/1242 1256/1266/1242 1300/1310/1242
f 1301/1311/1243 1302/1312/1243 1156/1166/1243
f 1156/1166/1244 1255/1265/1244 1301/1311/1244
f 1302/1312/1245 1298/1308/1245 1153/1163/1245
f 1153/1163/1246 1156/1166/1246 1302/1312/1246
f 1304/1314/1247 1303/1313/1247 1160/1170/1247
f 1160/1170/1248 1159/1169/1248 1304/1314/1248
f 1303/1313/1249 1305/1315/1249 1161/1171/1249
f 1161/1171/1250 1160/1170/1250 1303/1313/1250
f 1305/1315/1251 1306/1316/1251 1258/1268/1251
f 1258/1268/1252 1161/1171/1252 1305/1315/1252
f 1306/1316/1253 1307/1317/1253 1257/1267/1253
f 1257/1267/1254 1258/1268/1254 1306/1316/1254
f 1307/1317/1255 1308/1318/1255 1162/1172/1255
f 1162/1172/1256 1257/1267/1256 1307/1317/1256
f 1308/1318/1257 1304/1314/1257 1159/1169/1257
f 1159/1169/1258 1162/1172/1258 1308/1318/1258
f 1310/1320/1259 1309/1319/1259 1166/1176/1259
f 1166/1176/1260 1165/1175/1260 1310/1320/1260
f 1309/1319/1261 1311/1321/1261 1167/1177/1261
f 1167/1177/1262 1166/1176/1262 1309/1319/1262
f 1311/1321/1263 1312/1322/1263 1260/1270/1263
f 1260/1270/1264 1167/1177/1264 1311/1321/1264
f 1312/1322/1265 1313/1323/1265 1259/1269/1265
f 1259/1269/1266 1260/1270/1266 1312/1322/1266
f 1313/1323/1267 1314/1324/1267 1168/1178/1267
f 1168/1178/1268 1259/1269/1268 1313/1323/1268
f 1314/1324/1269 1310/1320/1269 1165/1175/1269
f 1165/1175/1270 1168/1178/1270 1314/1324/1270
f 1315/1325/5 1316/1326/5 1317/1327/5
f 1317/1327/5 1318/1328/5 1315/1325/5
f 1316/1326/5 1319/1329/5 1320/1330/5
f 1320/1330/5 1317/1327/5 1316/1326/5
f 1319/1329/5 1321/1331/5 1322/1332/5
f 1322/1332/5 1320/1330/5 1319/1329/5
f 1321/1331/5 1323/1333/5 1324/1334/5
f 1324/1334/5 1322/1332/5 1321/1331/5
f 1323/1333/5 1325/1335/5 1326/1336/5
f 1326/1336/5 1324/1334/5 1323/1333/5
f 1325/1335/5 1327/1337/5 1328/1338/5
f 1328/1338/5 1326/1336/5 1325/1335/5
f 1327/1337/5 1329/1339/5 1330/1340/5
f 1330/1340/5 1328/1338/5 1327/1337/5
f 1329/1339/5 1331/1341/5 1332/1342/5
f 1332/1342/5 1330/1340/5 1329/1339/5
f 1331/1341/5 1333/1343/5 1334/1344/5
f 1334/1344/5 1332/1342/5 1331/1341/5
f 1333/1343/5 1335/1345/5 1336/1346/5
f 1336/1346/5 1334/1344/5 1333/1343/5
f 1335/1345/5 1337/1347/5 1338/1348/5
f 1338/1348/5 1336/1346/5 1335/1345/5
f 1337/1347/5 1339/1349/5 1340/1350/5
f 1340/1350/5 1338/1348/5 1337/1347/5
f 1339/1349/5 1341/1351/5 1342/1352/5
f 1342/1352/5 1340/1350/5 1339/1349/5
f 1341/1351/5 1343/1353/5 1344/1354/5
f 1344/1354/5 1342/1352/5 1341/1351/5
f 1343/1353/5 1345/1355/5 1346/1356/5
f 1346/1356/5 1344/1354/5 1343/1353/5
f 1345/1355/5 1347/1357/5 1348/1358/5
f 1348/1358/5 1346/1356/5 1345/1355/5
f 1347/1357/5 1349/1359/5 1350/1360/5
f 1350/1360/5 1348/1358/5 1347/1357/5
f 1349/1359/5 1315/1325/5 1318/1328/5
f 1318/1328/5 1350/1360/5 1349/1359/5
f 1351/1361/980 1352/1362/979 1316/1326/979
f 1316/1326/979 1315/1325/980 1351/1361/980
f 1352/1362/981 1353/1363/981 1319/1329/981
f 1319/1329/981 1316/1326/981 1352/1362/981
f 1353/1363/982 1354/1364/982 1321/1331/982
f 1321/1331/982 1319/1329/982 1353/1363/982
f 1354/1364/983 1355/1365/1271 1323/1333/1271
f 1323/1333/1271 1321/1331/983 1354/1364/983
f 1355/1365/984 1356/1366/984 1325/1335/984
f 1325/1335/984 1323/1333/984 1355/1365/984
f 1356/1366/985 1357/1367/1272 1327/1337/1272
f 1327/1337/1272 1325/1335/985 1356/1366/985
f 1357/1367/986 1358/1368/986 1329/1339/986
f 1329/1339/986 1327/1337/986 1357/1367/986
f 1358/1368/987 1359/1369/987 1331/1341/987
f 1331/1341/987 1329/1339/987 1358/1368/987
f 1359/1369/988 1360/1370/989 1333/1343/989
f 1333/1343/989 1331/1341/988 1359/1369/988
f 1360/1370/990 1361/1371/991 1335/1345/991
f 1335/1345/991 1333/1343/990 1360/1370/990
f 1361/1371/992 1362/1372/992 1337/1347/992
f 1337/1347/992 1335/1345/992 1361/1371/992
f 1362/1372/993 1363/1373/993 1339/1349/993
f 1339/1349/993 1337/1347/993 1362/1372/993
f 1363/1373/994 1364/1374/994 1341/1351/994
f 1341/1351/994 1339/1349/1273 1363/1373/994
f 1364/1374/995 1365/1375/995 1343/1353/995
f 1343/1353/995 1341/1351/995 1364/1374/995
f 1365/1375/996 1366/1376/997 1345/1355/997
f 1345/1355/997 1343/1353/996 1365/1375/996
f 1366/1376/998 1367/1377/998 1347/1357/998
f 1347/1357/998 1345/1355/998 1366/1376/998
f 1367/1377/999 1368/1378/999 1349/1359/999
f 1349/1359/999 1347/1357/999 1367/1377/999
f 1368/1378/1001 1351/1361/1000 1315/1325/1000
f 1315/1325/1000 1349/1359/1001 1368/1378/1001
f 1369/1379/1002 1370/1380/1274 1318/1328/1002
f 1318/1328/1002 1317/1327/1002 1369/1379/1002
f 1370/1380/1003 1371/1381/1003 1350/1360/1003
f 1350/1360/1003 1318/1328/1003 1370/1380/1003
f 1371/1381/1275 1372/1382/1275 1348/1358/1275
f 1348/1358/1275 1350/1360/1275 1371/1381/1275
f 1372/1382/1005 1373/1383/1005 1346/1356/1005
f 1346/1356/1005 1348/1358/1005 1372/1382/1005
f 1373/1383/1006 1374/1384/1006 1344/1354/1006
f 1344/1354/1006 1346/1356/1006 1373/1383/1006
f 1374/1384/1007 1375/1385/1007 1342/1352/1007
f 1342/1352/1007 1344/1354/1007 1374/1384/1007
f 1375/1385/1009 1376/1386/1009 1340/1350/1009
f 1340/1350/1009 1342/1352/1009 1375/1385/1009
f 1376/1386/1010 1377/1387/1010 1338/1348/1010
f 1338/1348/1010 1340/1350/1010 1376/1386/1010
f 1377/1387/1011 1378/1388/1276 1336/1346/1011
f 1336/1346/1011 1338/1348/1011 1377/1387/1011
f 1378/1388/1012 1379/1389/1012 1334/1344/1012
f 1334/1344/1012 1336/1346/1012 1378/1388/1012
f 1379/1389/1013 1380/1390/1013 1332/1342/1013
f 1332/1342/1013 1334/1344/1013 1379/1389/1013
f 1380/1390/1014 1381/1391/1014 1330/1340/1014
f 1330/1340/1014 1332/1342/1014 1380/1390/1014
f 1381/1391/1015 1382/1392/1015 1328/1338/1015
f 1328/1338/1015 1330/1340/1015 1381/1391/1015
f 1382/1392/1016 1383/1393/1016 1326/1336/1016
f 1326/1336/1016 1328/1338/1016 1382/1392/1016
f 1383/1393/1017 1384/1394/1017 1324/1334/1017
f 1324/1334/1017 1326/1336/1017 1383/1393/1017
f 1384/1394/1019 1385/1395/1019 1322/1332/1019
f 1322/1332/1019 1324/1334/1019 1384/1394/1019
f 1385/1395/1020 1386/1396/1020 1320/1330/1020
f 1320/1330/1020 1322/1332/1020 1385/1395/1020
f 1386/1396/1021 1369/1379/1277 1317/1327/1277
f 1317/1327/1277 1320/1330/1021 1386/1396/1021
f 1387/1397/1022 1388/1398/1022 1389/1399/1022
f 1389/1399/1023 1390/1400/1023 1387/1397/1023
f 1353/1363/1024 1352/1362/1024 1391/1401/1024
f 1391/1401/1025 1392/1402/1025 1353/1363/1025
f 1393/1403/1026 1394/1404/1026 1395/1405/1026
f 1395/1405/1027 1396/1406/1027 1393/1403/1027
f 1355/1365/1028 1354/1364/1028 1397/1407/1028
f 1397/1407/127 1398/1408/127 1355/1365/127
f 1399/1409/1029 1400/1410/1029 1401/1411/1029
f 1401/1411/1030 1402/1412/1030 1399/1409/1030
f 1357/1367/1031 1356/1366/1031 1403/1413/1031
f 1403/1413/1032 1404/1414/1032 1357/1367/1032
f 1405/1415/1033 1406/1416/1033 1407/1417/1033
f 1407/1417/1034 1408/1418/1034 1405/1415/1034
f 1359/1369/1035 1358/1368/1035 1409/1419/1035
f 1409/1419/1036 1410/1420/1036 1359/1369/1036
f 1411/1421/1037 1412/1422/1037 1413/1423/1037
f 1413/1423/1038 1414/1424/1038 1411/1421/1038
f 1361/1371/1039 1360/1370/1039 1415/1425/1039
f 1415/1425/1040 1416/1426/1040 1361/1371/1040
f 1417/1427/1041 1418/1428/1041 1419/1429/1041
f 1419/1429/1042 1420/1430/1042 1417/1427/1042
f 1363/1373/1043 1362/1372/1043 1421/1431/1043
f 1421/1431/1044 1422/1432/1044 1363/1373/1044
f 1423/1433/1045 1424/1434/1045 1425/1435/1045
f 1425/1435/1046 1426/1436/1046 1423/1433/1046
f 1365/1375/250 1364/1374/250 1427/1437/250
f 1427/1437/1047 1428/1438/1047 1365/1375/1047
f 1429/1439/1048 1430/1440/1048 1431/1441/1048
f 1431/1441/1049 1432/1442/1049 1429/1439/1049
f 1367/1377/1050 1366/1376/1050 1433/1443/1050
f 1433/1443/1051 1434/1444/1051 1367/1377/1051
f 1435/1445/1052 1436/1446/1052 1437/1447/1052
f 1437/1447/1053 1438/1448/1053 1435/1445/1053
f 1351/1361/1054 1368/1378/1054 1439/1449/1054
f 1439/1449/1055 1440/1450/1055 1351/1361/1055
f 1441/1451/229 1442/1452/229 1443/1453/229
f 1443/1453/229 1444/1454/229 1441/1451/229
f 1444/1454/229 1443/1453/229 1445/1455/229
f 1445/1455/229 1446/1456/229 1444/1454/229
f 1446/1456/229 1445/1455/229 1447/1457/229
f 1447/1457/229 1448/1458/229 1446/1456/229
f 1448/1458/229 1447/1457/229 1449/1459/229
f 1449/1459/229 1450/1460/229 1448/1458/229
f 1450/1460/229 1449/1459/229 1451/1461/229
f 1451/1461/229 1452/1462/229 1450/1460/229
f 1452/1462/229 1451/1461/229 1453/1463/229
f 1453/1463/229 1454/1464/229 1452/1462/229
f 1454/1464/229 1453/1463/229 1455/1465/229
f 1455/1465/229 1456/1466/229 1454/1464/229
f 1456/1466/229 1455/1465/229 1457/1467/229
f 1457/1467/229 1458/1468/229 1456/1466/229
f 1458/1468/229 1457/1467/229 1459/1469/229
f 1459/1469/229 1460/1470/229 1458/1468/229
f 1460/1470/229 1459/1469/229 1461/1471/229
f 1461/1471/229 1462/1472/229 1460/1470/229
f 1462/1472/229 1461/1471/229 1463/1473/229
f 1463/1473/229 1464/1474/229 1462/1472/229
f 1464/1474/229 1463/1473/229 1465/1475/229
f 1465/1475/229 1466/1476/229 1464/1474/229
f 1466/1476/229 1465/1475/229 1467/1477/229
f 1467/1477/229 1468/1478/229 1466/1476/229
f 1468/1478/229 1467/1477/229 1469/1479/229
f 1469/1479/229 1470/1480/229 1468/1478/229
f 1470/1480/229 1469/1479/229 1471/1481/229
f 1471/1481/229 1472/1482/229 1470/1480/229
f 1472/1482/229 1471/1481/229 1473/1483/229
f 1473/1483/229 1474/1484/229 1472/1482/229
f 1474/1484/229 1473/1483/229 1475/1485/229
f 1475/1485/229 1476/1486/229 1474/1484/229
f 1476/1486/229 1475/1485/229 1442/1452/229
f 1442/1452/229 1441/1451/229 1476/1486/229
f 1477/1487/1056 1441/1451/1056 1444/1454/1057
f 1444/1454/1057 1478/1488/1057 1477/1487/1056
f 1478/1488/1058 1444/1454/1058 1446/1456/1058
f 1446/1456/1058 1479/1489/1058 1478/1488/1058
f 1479/1489/1059 1446/1456/1059 1448/1458/1059
f 1448/1458/1059 1480/1490/1059 1479/1489/1059
f 1480/1490/1060 1448/1458/1060 1450/1460/1278
f 1450/1460/1278 1481/1491/1278 1480/1490/1060
f 1481/1491/1061 1450/1460/1061 1452/1462/1061
f 1452/1462/1061 1482/1492/1061 1481/1491/1061
f 1482/1492/1062 1452/1462/1062 1454/1464/1279
f 1454/1464/1279 1483/1493/1279 1482/1492/1062
f 1483/1493/1063 1454/1464/1063 1456/1466/1063
f 1456/1466/1063 1484/1494/1063 1483/1493/1063
f 1484/1494/1064 1456/1466/1064 1458/1468/1064
f 1458/1468/1064 1485/1495/1064 1484/1494/1064
f 1485/1495/1066 1458/1468/1066 1460/1470/1066
f 1460/1470/1066 1486/1496/1066 1485/1495/1066
f 1486/1496/1068 1460/1470/1068 1462/1472/1067
f 1462/1472/1067 1487/1497/1067 1486/1496/1068
f 1487/1497/1069 1462/1472/1069 1464/1474/1069
f 1464/1474/1069 1488/1498/1069 1487/1497/1069
f 1488/1498/1070 1464/1474/1070 1466/1476/1070
f 1466/1476/1070 1489/1499/1070 1488/1498/1070
f 1489/1499/1071 1466/1476/1071 1468/1478/1071
f 1468/1478/1071 1490/1500/1071 1489/1499/1071
f 1490/1500/1072 1468/1478/1072 1470/1480/1072
f 1470/1480/1072 1491/1501/1072 1490/1500/1072
f 1491/1501/1073 1470/1480/1073 1472/1482/1073
f 1472/1482/1073 1492/1502/1073 1491/1501/1073
f 1492/1502/1074 1472/1482/1074 1474/1484/1074
f 1474/1484/1074 1493/1503/1074 1492/1502/1074
f 1493/1503/1075 1474/1484/1075 1476/1486/1075
f 1476/1486/1075 1494/1504/1075 1493/1503/1075
f 1494/1504/1280 1476/1486/1280 1441/1451/1076
f 1441/1451/1076 1477/1487/1076 1494/1504/1280
f 1495/1505/1077 1443/1453/1077 1442/1452/1077
f 1442/1452/1077 1496/1506/1077 1495/1505/1077
f 1496/1506/1078 1442/1452/1078 1475/1485/1078
f 1475/1485/1078 1497/1507/1078 1496/1506/1078
f 1497/1507/1079 1475/1485/1079 1473/1483/1079
f 1473/1483/1080 1498/1508/1080 1497/1507/1080
f 1498/1508/1081 1473/1483/1081 1471/1481/1081
f 1471/1481/1081 1499/1509/1081 1498/1508/1081
f 1499/1509/1082 1471/1481/1082 1469/1479/1082
f 1469/1479/1082 1500/1510/1082 1499/1509/1082
f 1500/1510/1083 1469/1479/1083 1467/1477/1083
f 1467/1477/1281 1501/1511/1281 1500/1510/1281
f 1501/1511/1084 1467/1477/1084 1465/1475/1084
f 1465/1475/1084 1502/1512/1084 1501/1511/1084
f 1502/1512/1085 1465/1475/1085 1463/1473/1085
f 1463/1473/1085 1503/1513/1085 1502/1512/1085
f 1503/1513/1086 1463/1473/1086 1461/1471/1086
f 1461/1471/1086 1504/1514/1086 1503/1513/1086
f 1504/1514/1088 1461/1471/1088 1459/1469/1088
f 1459/1469/1088 1505/1515/1088 1504/1514/1088
f 1505/1515/1089 1459/1469/1089 1457/1467/1089
f 1457/1467/1089 1506/1516/1089 1505/1515/1089
f 1506/1516/1091 1457/1467/1091 1455/1465/1091
f 1455/1465/1091 1507/1517/1091 1506/1516/1091
f 1507/1517/1092 1455/1465/1092 1453/1463/1092
f 1453/1463/1092 1508/1518/1092 1507/1517/1092
f 1508/1518/1093 1453/1463/1093 1451/1461/1093
f 1451/1461/1093 1509/1519/1093 1508/1518/1093
f 1509/1519/1094 1451/1461/1094 1449/1459/1094
f 1449/1459/1095 1510/1520/1095 1509/1519/1095
f 1510/1520/1096 1449/1459/1096 1447/1457/1096
f 1447/1457/1282 1511/1521/1282 1510/1520/1282
f 1511/1521/1097 1447/1457/1097 1445/1455/1097
f 1445/1455/1097 1512/1522/1097 1511/1521/1097
f 1512/1522/1098 1445/1455/1098 1443/1453/1098
f 1443/1453/1098 1495/1505/1098 1512/1522/1098
f 1513/1523/1283 1390/1400/1283 1389/1399/1283
f 1389/1399/1284 1514/1524/1284 1513/1523/1284
f 1479/1489/1025 1392/1402/1025 1391/1401/1025
f 1391/1401/1024 1478/1488/1024 1479/1489/1024
f 1515/1525/1101 1396/1406/1101 1395/1405/1101
f 1395/1405/1102 1516/1526/1102 1515/1525/1102
f 1481/1491/127 1398/1408/127 1397/1407/127
f 1397/1407/1028 1480/1490/1028 1481/1491/1028
f 1517/1527/1103 1402/1412/1103 1401/1411/1103
f 1401/1411/1285 1518/1528/1285 1517/1527/1285
f 1483/1493/1032 1404/1414/1032 1403/1413/1032
f 1403/1413/1031 1482/1492/1031 1483/1493/1031
f 1519/1529/1105 1408/1418/1105 1407/1417/1105
f 1407/1417/1106 1520/1530/1106 1519/1529/1106
f 1485/1495/1036 1410/1420/1036 1409/1419/1036
f 1409/1419/1035 1484/1494/1035 1485/1495/1035
f 1521/1531/1107 1414/1424/1107 1413/1423/1107
f 1413/1423/1286 1522/1532/1286 1521/1531/1286
f 1487/1497/1040 1416/1426/1040 1415/1425/1040
f 1415/1425/1039 1486/1496/1039 1487/1497/1039
f 1523/1533/1109 1420/1430/1109 1419/1429/1109
f 1419/1429/1110 1524/1534/1110 1523/1533/1110
f 1489/1499/1044 1422/1432/1044 1421/1431/1044
f 1421/1431/1043 1488/1498/1043 1489/1499/1043
f 1525/1535/1111 1426/1436/1111 1425/1435/1111
f 1425/1435/1112 1526/1536/1112 1525/1535/1112
f 1491/1501/1047 1428/1438/1047 1427/1437/1047
f 1427/1437/250 1490/1500/250 1491/1501/250
f 1527/1537/1113 1432/1442/1113 1431/1441/1113
f 1431/1441/1114 1528/1538/1114 1527/1537/1114
f 1493/1503/1051 1434/1444/1051 1433/1443/1051
f 1433/1443/1050 1492/1502/1050 1493/1503/1050
f 1529/1539/1115 1438/1448/1115 1437/1447/1115
f 1437/1447/1116 1530/1540/1116 1529/1539/1116
f 1477/1487/1055 1440/1450/1055 1439/1449/1055
f 1439/1449/1054 1494/1504/1054 1477/1487/1054
f 1352/1362/5 1351/1361/5 1531/1541/5
f 1531/1541/5 1532/1542/5 1352/1362/5
f 1351/1361/1117 1440/1450/1117 1533/1543/1117
f 1533/1543/1117 1531/1541/1117 1351/1361/1117
f 1440/1450/1118 1477/1487/1118 1534/1544/1118
f 1534/1544/1118 1533/1543/1118 1440/1450/1118
f 1477/1487/229 1478/1488/229 1535/1545/229
f 1535/1545/229 1534/1544/229 1477/1487/229
f 1478/1488/1119 1391/1401/1119 1536/1546/1119
f 1536/1546/1119 1535/1545/1119 1478/1488/1119
f 1391/1401/1287 1352/1362/1120 1532/1542/1120
f 1532/1542/1120 1536/1546/1287 1391/1401/1287
f 1354/1364/5 1353/1363/659 1537/1547/659
f 1537/1547/659 1538/1548/5 1354/1364/5
f 1353/1363/1121 1392/1402/1121 1539/1549/1121
f 1539/1549/1121 1537/1547/1121 1353/1363/1121
f 1392/1402/1122 1479/1489/1288 1540/1550/1288
f 1540/1550/1288 1539/1549/1122 1392/1402/1122
f 1479/1489/1135 1480/1490/762 1541/1551/762
f 1541/1551/762 1540/1550/1135 1479/1489/1135
f 1480/1490/1289 1397/1407/1123 1542/1552/1123
f 1542/1552/1123 1541/1551/1289 1480/1490/1289
f 1397/1407/1290 1354/1364/1290 1538/1548/1290
f 1538/1548/1290 1542/1552/1290 1397/1407/1290
f 1356/1366/5 1355/1365/659 1543/1553/659
f 1543/1553/659 1544/1554/155 1356/1366/5
f 1355/1365/1291 1398/1408/1125 1545/1555/1126
f 1545/1555/1126 1543/1553/1291 1355/1365/1291
f 1398/1408/1292 1481/1491/1292 1546/1556/1292
f 1546/1556/1292 1545/1555/1292 1398/1408/1292
f 1481/1491/1135 1482/1492/762 1547/1557/762
f 1547/1557/762 1546/1556/1135 1481/1491/1135
f 1482/1492/1129 1403/1413/1129 1548/1558/1129
f 1548/1558/1129 1547/1557/1129 1482/1492/1129
f 1403/1413/1293 1356/1366/1294 1544/1554/1294
f 1544/1554/1294 1548/1558/1293 1403/1413/1293
f 1358/1368/659 1357/1367/155 1549/1559/155
f 1549/1559/155 1550/1560/659 1358/1368/659
f 1357/1367/1295 1404/1414/1295 1551/1561/1295
f 1551/1561/1295 1549/1559/1295 1357/1367/1295
f 1404/1414/1296 1483/1493/1134 1552/1562/1134
f 1552/1562/1134 1551/1561/1296 1404/1414/1296
f 1483/1493/229 1484/1494/229 1553/1563/229
f 1553/1563/229 1552/1562/229 1483/1493/229
f 1484/1494/1297 1409/1419/1297 1554/1564/1297
f 1554/1564/1297 1553/1563/1297 1484/1494/1297
f 1409/1419/1139 1358/1368/1139 1550/1560/1139
f 1550/1560/1139 1554/1564/1139 1409/1419/1139
f 1360/1370/5 1359/1369/5 1555/1565/5
f 1555/1565/5 1556/1566/5 1360/1370/5
f 1359/1369/1140 1410/1420/1140 1557/1567/1140
f 1557/1567/1140 1555/1565/1140 1359/1369/1140
f 1410/1420/1141 1485/1495/1141 1558/1568/1141
f 1558/1568/1141 1557/1567/1141 1410/1420/1141
f 1485/1495/229 1486/1496/229 1559/1569/229
f 1559/1569/229 1558/1568/229 1485/1495/229
f 1486/1496/1142 1415/1425/1142 1560/1570/1142
f 1560/1570/1142 1559/1569/1142 1486/1496/1142
f 1415/1425/1143 1360/1370/1143 1556/1566/1143
f 1556/1566/1143 1560/1570/1143 1415/1425/1143
f 1362/1372/5 1361/1371/5 1561/1571/5
f 1561/1571/5 1562/1572/5 1362/1372/5
f 1361/1371/1144 1416/1426/1144 1563/1573/1144
f 1563/1573/1144 1561/1571/1144 1361/1371/1144
f 1416/1426/1145 1487/1497/1145 1564/1574/1145
f 1564/1574/1145 1563/1573/1145 1416/1426/1145
f 1487/1497/229 1488/1498/229 1565/1575/229
f 1565/1575/229 1564/1574/229 1487/1497/229
f 1488/1498/1146 1421/1431/1298 1566/1576/1298
f 1566/1576/1298 1565/1575/1299 1488/1498/1146
f 1421/1431/1300 1362/1372/1300 1562/1572/1300
f 1562/1572/1300 1566/1576/1300 1421/1431/1300
f 1364/1374/5 1363/1373/5 1567/1577/5
f 1567/1577/5 1568/1578/5 1364/1374/5
f 1363/1373/1149 1422/1432/1301 1569/1579/1301
f 1569/1579/1301 1567/1577/1149 1363/1373/1149
f 1422/1432/1151 1489/1499/1151 1570/1580/1151
f 1570/1580/1151 1569/1579/1151 1422/1432/1151
f 1489/1499/229 1490/1500/229 1571/1581/229
f 1571/1581/229 1570/1580/229 1489/1499/229
f 1490/1500/1152 1427/1437/1152 1572/1582/1152
f 1572/1582/1152 1571/1581/1152 1490/1500/1152
f 1427/1437/1154 1364/1374/1154 1568/1578/1154
f 1568/1578/1154 1572/1582/1154 1427/1437/1154
f 1366/1376/5 1365/1375/5 1573/1583/5
f 1573/1583/5 1574/1584/5 1366/1376/5
f 1365/1375/1302 1428/1438/1155 1575/1585/1155
f 1575/1585/1155 1573/1583/1302 1365/1375/1302
f 1428/1438/1156 1491/1501/1303 1576/1586/1156
f 1576/1586/1156 1575/1585/1156 1428/1438/1156
f 1491/1501/762 1492/1502/1135 1577/1587/1135
f 1577/1587/1135 1576/1586/762 1491/1501/762
f 1492/1502/1157 1433/1443/1157 1578/1588/1157
f 1578/1588/1157 1577/1587/1157 1492/1502/1157
f 1433/1443/1304 1366/1376/1158 1574/1584/1158
f 1574/1584/1158 1578/1588/1304 1433/1443/1304
f 1368/1378/155 1367/1377/659 1579/1589/659
f 1579/1589/659 1580/1590/155 1368/1378/155
f 1367/1377/1159 1434/1444/1159 1581/1591/1159
f 1581/1591/1159 1579/1589/1159 1367/1377/1159
f 1434/1444/1160 1493/1503/1160 1582/1592/1160
f 1582/1592/1160 1581/1591/1160 1434/1444/1160
f 1493/1503/229 1494/1504/229 1583/1593/229
f 1583/1593/229 1582/1592/229 1493/1503/229
f 1494/1504/1161 1439/1449/1161 1584/1594/1161
f 1584/1594/1161 1583/1593/1161 1494/1504/1161
f 1439/1449/1162 1368/1378/1162 1580/1590/1162
f 1580/1590/1162 1584/1594/1162 1439/1449/1162
f 1532/1542/1305 1531/1541/1305 1388/1398/1305
f 1388/1398/1306 1387/1397/1306 1532/1542/1306
f 1531/1541/1165 1533/1543/1165 1389/1399/1165
f 1389/1399/1307 1388/1398/1307 1531/1541/1307
f 1533/1543/1167 1534/1544/1167 1514/1524/1167
f 1514/1524/1168 1389/1399/1168 1533/1543/1168
f 1534/1544/1169 1535/1545/1169 1513/1523/1169
f 1513/1523/1308 1514/1524/1308 1534/1544/1308
f 1535/1545/1309 1536/1546/1309 1390/1400/1309
f 1390/1400/1310 1513/1523/1310 1535/1545/1310
f 1536/1546/1311 1532/1542/1311 1387/1397/1311
f 1387/1397/1312 1390/1400/1312 1536/1546/1312
f 1538/1548/1313 1537/1547/1313 1394/1404/1313
f 1394/1404/1314 1393/1403/1314 1538/1548/1314
f 1537/1547/1315 1539/1549/1315 1395/1405/1315
f 1395/1405/1316 1394/1404/1316 1537/1547/1316
f 1539/1549/1317 1540/1550/1317 1516/1526/1317
f 1516/1526/1318 1395/1405/1318 1539/1549/1318
f 1540/1550/1319 1541/1551/1319 1515/1525/1319
f 1515/1525/1182 1516/1526/1182 1540/1550/1182
f 1541/1551/1320 1542/1552/1320 1396/1406/1320
f 1396/1406/1321 1515/1525/1321 1541/1551/1321
f 1542/1552/1322 1538/1548/1322 1393/1403/1322
f 1393/1403/1186 1396/1406/1186 1542/1552/1186
f 1544/1554/1187 1543/1553/1187 1400/1410/1187
f 1400/1410/1323 1399/1409/1323 1544/1554/1323
f 1543/1553/1324 1545/1555/1324 1401/1411/1324
f 1401/1411/1325 1400/1410/1325 1543/1553/1325
f 1545/1555/1191 1546/1556/1191 1518/1528/1191
f 1518/1528/1326 1401/1411/1326 1545/1555/1326
f 1546/1556/1327 1547/1557/1327 1517/1527/1327
f 1517/1527/1328 1518/1528/1328 1546/1556/1328
f 1547/1557/1195 1548/1558/1195 1402/1412/1195
f 1402/1412/1196 1517/1527/1196 1547/1557/1196
f 1548/1558/1329 1544/1554/1329 1399/1409/1329
f 1399/1409/1330 1402/1412/1330 1548/1558/1330
f 1550/1560/1331 1549/1559/1331 1406/1416/1331
f 1406/1416/1332 1405/1415/1332 1550/1560/1332
f 1549/1559/1333 1551/1561/1333 1407/1417/1333
f 1407/1417/1334 1406/1416/1334 1549/1559/1334
f 1551/1561/1335 1552/1562/1335 1520/1530/1335
f 1520/1530/1204 1407/1417/1204 1551/1561/1204
f 1552/1562/1336 1553/1563/1336 1519/1529/1336
f 1519/1529/1206 1520/1530/1206 1552/1562/1206
f 1553/1563/1207 1554/1564/1207 1408/1418/1207
f 1408/1418/1208 1519/1529/1208 1553/1563/1208
f 1554/1564/1209 1550/1560/1209 1405/1415/1209
f 1405/1415/1210 1408/1418/1210 1554/1564/1210
f 1556/1566/1337 1555/1565/1337 1412/1422/1337
f 1412/1422/1212 1411/1421/1212 1556/1566/1212
f 1555/1565/1213 1557/1567/1213 1413/1423/1213
f 1413/1423/1214 1412/1422/1214 1555/1565/1214
f 1557/1567/1338 1558/1568/1338 1522/1532/1338
f 1522/1532/1339 1413/1423/1339 1557/1567/1339
f 1558/1568/1217 1559/1569/1217 1521/1531/1217
f 1521/1531/1218 1522/1532/1218 1558/1568/1218
f 1559/1569/1219 1560/1570/1219 1414/1424/1219
f 1414/1424/1220 1521/1531/1220 1559/1569/1220
f 1560/1570/1221 1556/1566/1221 1411/1421/1221
f 1411/1421/1222 1414/1424/1222 1560/1570/1222
f 1562/1572/1340 1561/1571/1340 1418/1428/1340
f 1418/1428/1224 1417/1427/1224 1562/1572/1224
f 1561/1571/1341 1563/1573/1341 1419/1429/1341
f 1419/1429/1342 1418/1428/1342 1561/1571/1342
f 1563/1573/1227 1564/1574/1227 1524/1534/1227
f 1524/1534/1343 1419/1429/1343 1563/1573/1343
f 1564/1574/1229 1565/1575/1229 1523/1533/1229
f 1523/1533/1344 1524/1534/1344 1564/1574/1344
f 1565/1575/1231 1566/1576/1231 1420/1430/1231
f 1420/1430/1345 1523/1533/1345 1565/1575/1345
f 1566/1576/1346 1562/1572/1346 1417/1427/1346
f 1417/1427/1234 1420/1430/1234 1566/1576/1234
f 1568/1578/1347 1567/1577/1347 1424/1434/1347
f 1424/1434/1348 1423/1433/1348 1568/1578/1348
f 1567/1577/1349 1569/1579/1349 1425/1435/1349
f 1425/1435/1238 1424/1434/1238 1567/1577/1238
f 1569/1579/1350 1570/1580/1350 1526/1536/1350
f 1526/1536/1240 1425/1435/1240 1569/1579/1240
f 1570/1580/1351 1571/1581/1351 1525/1535/1351
f 1525/1535/1352 1526/1536/1352 1570/1580/1352
f 1571/1581/1243 1572/1582/1243 1426/1436/1243
f 1426/1436/1244 1525/1535/1244 1571/1581/1244
f 1572/1582/1353 1568/1578/1353 1423/1433/1353
f 1423/1433/1246 1426/1436/1246 1572/1582/1246
f 1574/1584/1354 1573/1583/1354 1430/1440/1354
f 1430/1440/1355 1429/1439/1355 1574/1584/1355
f 1573/1583/1356 1575/1585/1356 1431/1441/1356
f 1431/1441/1357 1430/1440/1357 1573/1583/1357
f 1575/1585/1358 1576/1586/1358 1528/1538/1358
f 1528/1538/1359 1431/1441/1359 1575/1585/1359
f 1576/1586/1360 1577/1587/1360 1527/1537/1360
f 1527/1537/1361 1528/1538/1361 1576/1586/1361
f 1577/1587/1362 1578/1588/1362 1432/1442/1362
f 1432/1442/1256 1527/1537/1256 1577/1587/1256
f 1578/1588/1363 1574/1584/1363 1429/1439/1363
f 1429/1439/1364 1432/1442/1364 1578/1588/1364
f 1580/1590/1259 1579/1589/1259 1436/1446/1259
f 1436/1446/1260 1435/1445/1260 1580/1590/1260
f 1579/1589/1365 1581/1591/1365 1437/1447/1365
f 1437/1447/1366 1436/1446/1366 1579/1589/1366
f 1581/1591/1263 1582/1592/1263 1530/1540/1263
f 1530/1540/1367 1437/1447/1367 1581/1591/1367
f 1582/1592/1265 1583/1593/1265 1529/1539/1265
f 1529/1539/1368 1530/1540/1368 1582/1592/1368
f 1583/1593/1267 1584/1594/1267 1438/1448/1267
f 1438/1448/1369 1529/1539/1369 1583/1593/1369
f 1584/1594/1269 1580/1590/1269 1435/1445/1269
f 1435/1445/1370 1438/1448/1370 1584/1594/1370
f 1585/1595/229 1586/1596/229 1587/1597/229
f 1587/1597/229 1588/1598/229 1585/1595/229
f 1588/1598/229 1587/1597/229 1589/1599/229
f 1589/1599/229 1590/1600/229 1588/1598/229
f 1590/1600/229 1589/1599/229 1591/1601/229
f 1591/1601/229 1592/1602/229 1590/1600/229
f 1592/1602/229 1591/1601/229 1593/1603/229
f 1593/1603/229 1594/1604/229 1592/1602/229
f 1594/1604/229 1593/1603/229 1595/1605/229
f 1595/1605/229 1596/1606/229 1594/1604/229
f 1596/1606/229 1595/1605/229 1597/1607/229
f 1597/1607/229 1598/1608/229 1596/1606/229
f 1598/1608/229 1597/1607/229 1599/1609/229
f 1599/1609/229 1600/1610/229 1598/1608/229
f 1600/1610/229 1599/1609/229 1601/1611/229
f 1601/1611/229 1602/1612/229 1600/1610/229
f 1602/1612/229 1601/1611/229 1603/1613/229
f 1603/1613/229 1604/1614/229 1602/1612/229
f 1604/1614/229 1603/1613/229 1605/1615/229
f 1605/1615/229 1606/1616/229 1604/1614/229
f 1606/1616/229 1605/1615/229 1607/1617/229
f 1607/1617/229 1608/1618/229 1606/1616/229
f 1608/1618/229 1607/1617/229 1609/1619/229
f 1609/1619/229 1610/1620/229 1608/1618/229
f 1610/1620/229 1609/1619/229 1611/1621/229
f 1611/1621/229 1612/1622/229 1610/1620/229
f 1612/1622/229 1611/1621/229 1613/1623/229
f 1613/1623/229 1614/1624/229 1612/1622/229
f 1614/1624/229 1613/1623/229 1615/1625/229
f 1615/1625/229 1616/1626/229 1614/1624/229
f 1616/1626/229 1615/1625/229 1617/1627/229
f 1617/1627/229 1618/1628/229 1616/1626/229
f 1618/1628/229 1617/1627/229 1619/1629/229
f 1619/1629/229 1620/1630/229 1618/1628/229
f 1620/1630/229 1619/1629/229 1586/1596/229
f 1586/1596/229 1585/1595/229 1620/1630/229
f 1621/1631/1057 1585/1595/1057 1588/1598/1056
f 1588/1598/1056 1622/1632/1056 1621/1631/1057
f 1622/1632/1058 1588/1598/1058 1590/1600/1058
f 1590/1600/1058 1623/1633/1058 1622/1632/1058
f 1623/1633/1059 1590/1600/1059 1592/1602/1059
f 1592/1602/1059 1624/1634/1059 1623/1633/1059
f 1624/1634/1060 1592/1602/1278 1594/1604/1060
f 1594/1604/1060 1625/1635/1060 1624/1634/1060
f 1625/1635/1061 1594/1604/1061 1596/1606/1061
f 1596/1606/1061 1626/1636/1061 1625/1635/1061
f 1626/1636/1062 1596/1606/1062 1598/1608/1062
f 1598/1608/1062 1627/1637/1062 1626/1636/1062
f 1627/1637/1063 1598/1608/1063 1600/1610/1063
f 1600/1610/1063 1628/1638/1063 1627/1637/1063
f 1628/1638/1064 1600/1610/1064 1602/1612/1064
f 1602/1612/1064 1629/1639/1064 1628/1638/1064
f 1629/1639/1065 1602/1612/1065 1604/1614/1065
f 1604/1614/1065 1630/1640/1065 1629/1639/1065
f 1630/1640/1068 1604/1614/1068 1606/1616/1067
f 1606/1616/1067 1631/1641/1067 1630/1640/1068
f 1631/1641/1069 1606/1616/1069 1608/1618/1069
f 1608/1618/1069 1632/1642/1069 1631/1641/1069
f 1632/1642/1070 1608/1618/1070 1610/1620/1070
f 1610/1620/1070 1633/1643/1070 1632/1642/1070
f 1633/1643/1071 1610/1620/1071 1612/1622/1371
f 1612/1622/1371 1634/1644/1371 1633/1643/1071
f 1634/1644/1072 1612/1622/1072 1614/1624/1072
f 1614/1624/1072 1635/1645/1072 1634/1644/1072
f 1635/1645/1073 1614/1624/1073 1616/1626/1372
f 1616/1626/1372 1636/1646/1372 1635/1645/1073
f 1636/1646/1074 1616/1626/1074 1618/1628/1074
f 1618/1628/1074 1637/1647/1074 1636/1646/1074
f 1637/1647/1075 1618/1628/1075 1620/1630/1075
f 1620/1630/1075 1638/1648/1075 1637/1647/1075
f 1638/1648/1280 1620/1630/1280 1585/1595/1280
f 1585/1595/1280 1621/1631/1280 1638/1648/1280
f 1639/1649/1077 1587/1597/1077 1586/1596/1077
f 1586/1596/1077 1640/1650/1077 1639/1649/1077
f 1640/1650/1078 1586/1596/1078 1619/1629/1078
f 1619/1629/1078 1641/1651/1078 1640/1650/1078
f 1641/1651/1080 1619/1629/1080 1617/1627/1080
f 1617/1627/1080 1642/1652/1080 1641/1651/1080
f 1642/1652/1081 1617/1627/1081 1615/1625/1081
f 1615/1625/1081 1643/1653/1081 1642/1652/1081
f 1643/1653/1082 1615/1625/1082 1613/1623/1082
f 1613/1623/1082 1644/1654/1082 1643/1653/1082
f 1644/1654/1083 1613/1623/1083 1611/1621/1083
f 1611/1621/1083 1645/1655/1083 1644/1654/1083
f 1645/1655/1084 1611/1621/1084 1609/1619/1084
f 1609/1619/1084 1646/1656/1084 1645/1655/1084
f 1646/1656/1085 1609/1619/1085 1607/1617/1085
f 1607/1617/1085 1647/1657/1085 1646/1656/1085
f 1647/1657/1086 1607/1617/1086 1605/1615/1086
f 1605/1615/1087 1648/1658/1087 1647/1657/1087
f 1648/1658/1088 1605/1615/1088 1603/1613/1088
f 1603/1613/1088 1649/1659/1088 1648/1658/1088
f 1649/1659/1089 1603/1613/1089 1601/1611/1089
f 1601/1611/1089 1650/1660/1089 1649/1659/1089
f 1650/1660/1091 1601/1611/1091 1599/1609/1091
f 1599/1609/1091 1651/1661/1091 1650/1660/1091
f 1651/1661/1092 1599/1609/1092 1597/1607/1092
f 1597/1607/1092 1652/1662/1092 1651/1661/1092
f 1652/1662/1093 1597/1607/1093 1595/1605/1093
f 1595/1605/1093 1653/1663/1093 1652/1662/1093
f 1653/1663/1094 1595/1605/1094 1593/1603/1094
f 1593/1603/1094 1654/1664/1094 1653/1663/1094
f 1654/1664/1096 1593/1603/1096 1591/1601/1096
f 1591/1601/1096 1655/1665/1096 1654/1664/1096
f 1655/1665/1097 1591/1601/1097 1589/1599/1097
f 1589/1599/1097 1656/1666/1097 1655/1665/1097
f 1656/1666/1098 1589/1599/1098 1587/1597/1098
f 1587/1597/1373 1639/1649/1373 1656/1666/1373
f 1657/1667/1374 1658/1668/1374 1659/1669/1374
f 1659/1669/1375 1660/1670/1375 1657/1667/1375
f 1623/1633/1025 1661/1671/1025 1662/1672/1025
f 1662/1672/1024 1622/1632/1024 1623/1633/1024
f 1663/1673/1376 1664/1674/1376 1665/1675/1376
f 1665/1675/1377 1666/1676/1377 1663/1673/1377
f 1625/1635/127 1667/1677/127 1668/1678/127
f 1668/1678/1028 1624/1634/1028 1625/1635/1028
f 1669/1679/1378 1670/1680/1378 1671/1681/1378
f 1671/1681/1379 1672/1682/1379 1669/1679/1379
f 1627/1637/1032 1673/1683/1032 1674/1684/1032
f 1674/1684/1031 1626/1636/1031 1627/1637/1031
f 1675/1685/1380 1676/1686/1380 1677/1687/1380
f 1677/1687/1381 1678/1688/1381 1675/1685/1381
f 1629/1639/1036 1679/1689/1382 1680/1690/1382
f 1680/1690/1035 1628/1638/1035 1629/1639/1035
f 1681/1691/1383 1682/1692/1383 1683/1693/1383
f 1683/1693/1384 1684/1694/1384 1681/1691/1384
f 1631/1641/1040 1685/1695/1040 1686/1696/1040
f 1686/1696/1039 1630/1640/1039 1631/1641/1039
f 1687/1697/1385 1688/1698/1385 1689/1699/1385
f 1689/1699/1386 1690/1700/1386 1687/1697/1386
f 1633/1643/1044 1691/1701/1044 1692/1702/1044
f 1692/1702/1387 1632/1642/1387 1633/1643/1387
f 1693/1703/1388 1694/1704/1388 1695/1705/1388
f 1695/1705/1389 1696/1706/1389 1693/1703/1389
f 1635/1645/1047 1697/1707/1047 1698/1708/1047
f 1698/1708/250 1634/1644/250 1635/1645/250
f 1699/1709/1390 1700/1710/1390 1701/1711/1390
f 1701/1711/1391 1702/1712/1391 1699/1709/1391
f 1637/1647/1051 1703/1713/1051 1704/1714/1051
f 1704/1714/1050 1636/1646/1050 1637/1647/1050
f 1705/1715/1392 1706/1716/1392 1707/1717/1392
f 1707/1717/1393 1708/1718/1393 1705/1715/1393
f 1621/1631/1055 1709/1719/1394 1710/1720/1394
f 1710/1720/1054 1638/1648/1054 1621/1631/1054
f 1711/1721/5 1712/1722/5 1713/1723/5
f 1713/1723/5 1714/1724/5 1711/1721/5
f 1712/1722/5 1715/1725/5 1716/1726/5
f 1716/1726/5 1713/1723/5 1712/1722/5
f 1715/1725/5 1717/1727/5 1718/1728/5
f 1718/1728/5 1716/1726/5 1715/1725/5
f 1717/1727/5 1719/1729/5 1720/1730/5
f 1720/1730/5 1718/1728/5 1717/1727/5
f 1719/1729/5 1721/1731/5 1722/1732/5
f 1722/1732/5 1720/1730/5 1719/1729/5
f 1721/1731/5 1723/1733/5 1724/1734/5
f 1724/1734/5 1722/1732/5 1721/1731/5
f 1723/1733/5 1725/1735/5 1726/1736/5
f 1726/1736/5 1724/1734/5 1723/1733/5
f 1725/1735/5 1727/1737/5 1728/1738/5
f 1728/1738/5 1726/1736/5 1725/1735/5
f 1727/1737/5 1729/1739/5 1730/1740/5
f 1730/1740/5 1728/1738/5 1727/1737/5
f 1729/1739/5 1731/1741/5 1732/1742/5
f 1732/1742/5 1730/1740/5 1729/1739/5
f 1731/1741/5 1733/1743/5 1734/1744/5
f 1734/1744/5 1732/1742/5 1731/1741/5
f 1733/1743/5 1735/1745/5 1736/1746/5
f 1736/1746/5 1734/1744/5 1733/1743/5
f 1735/1745/5 1737/1747/5 1738/1748/5
f 1738/1748/5 1736/1746/5 1735/1745/5
f 1737/1747/5 1739/1749/5 1740/1750/5
f 1740/1750/5 1738/1748/5 1737/1747/5
f 1739/1749/5 1741/1751/5 1742/1752/5
f 1742/1752/5 1740/1750/5 1739/1749/5
f 1741/1751/5 1743/1753/5 1744/1754/5
f 1744/1754/5 1742/1752/5 1741/1751/5
f 1743/1753/5 1745/1755/5 1746/1756/5
f 1746/1756/5 1744/1754/5 1743/1753/5
f 1745/1755/5 1711/1721/5 1714/1724/5
f 1714/1724/5 1746/1756/5 1745/1755/5
f 1747/1757/979 1748/1758/980 1712/1722/980
f 1712/1722/980 1711/1721/979 1747/1757/979
f 1748/1758/981 1749/1759/981 1715/1725/981
f 1715/1725/981 1712/1722/981 1748/1758/981
f 1749/1759/982 1750/1760/982 1717/1727/982
f 1717/1727/982 1715/1725/982 1749/1759/982
f 1750/1760/983 1751/1761/1271 1719/1729/1271
f 1719/1729/1271 1717/1727/983 1750/1760/983
f 1751/1761/984 1752/1762/984 1721/1731/984
f 1721/1731/984 1719/1729/984 1751/1761/984
f 1752/1762/985 1753/1763/1272 1723/1733/985
f 1723/1733/985 1721/1731/985 1752/1762/985
f 1753/1763/986 1754/1764/986 1725/1735/986
f 1725/1735/986 1723/1733/986 1753/1763/986
f 1754/1764/987 1755/1765/987 1727/1737/987
f 1727/1737/987 1725/1735/987 1754/1764/987
f 1755/1765/989 1756/1766/989 1729/1739/989
f 1729/1739/989 1727/1737/989 1755/1765/989
f 1756/1766/991 1757/1767/991 1731/1741/991
f 1731/1741/991 1729/1739/990 1756/1766/991
f 1757/1767/992 1758/1768/992 1733/1743/992
f 1733/1743/992 1731/1741/992 1757/1767/992
f 1758/1768/993 1759/1769/993 1735/1745/993
f 1735/1745/993 1733/1743/993 1758/1768/993
f 1759/1769/994 1760/1770/1273 1737/1747/1273
f 1737/1747/1273 1735/1745/994 1759/1769/994
f 1760/1770/995 1761/1771/995 1739/1749/995
f 1739/1749/995 1737/1747/995 1760/1770/995
f 1761/1771/997 1762/1772/996 1741/1751/996
f 1741/1751/996 1739/1749/997 1761/1771/997
f 1762/1772/998 1763/1773/998 1743/1753/998
f 1743/1753/998 1741/1751/998 1762/1772/998
f 1763/1773/999 1764/1774/999 1745/1755/999
f 1745/1755/999 1743/1753/999 1763/1773/999
f 1764/1774/1000 1747/1757/1000 1711/1721/1000
f 1711/1721/1000 1745/1755/1000 1764/1774/1000
f 1765/1775/1002 1766/1776/1002 1714/1724/1002
f 1714/1724/1002 1713/1723/1002 1765/1775/1002
f 1766/1776/1003 1767/1777/1003 1746/1756/1003
f 1746/1756/1003 1714/1724/1003 1766/1776/1003
f 1767/1777/1004 1768/1778/1004 1744/1754/1004
f 1744/1754/1004 1746/1756/1004 1767/1777/1004
f 1768/1778/1005 1769/1779/1005 1742/1752/1005
f 1742/1752/1005 1744/1754/1005 1768/1778/1005
f 1769/1779/1006 1770/1780/1006 1740/1750/1006
f 1740/1750/1006 1742/1752/1006 1769/1779/1006
f 1770/1780/1007 1771/1781/1007 1738/1748/1007
f 1738/1748/1007 1740/1750/1007 1770/1780/1007
f 1771/1781/1009 1772/1782/1009 1736/1746/1009
f 1736/1746/1009 1738/1748/1009 1771/1781/1009
f 1772/1782/1010 1773/1783/1395 1734/1744/1010
f 1734/1744/1010 1736/1746/1010 1772/1782/1010
f 1773/1783/1011 1774/1784/1011 1732/1742/1011
f 1732/1742/1011 1734/1744/1276 1773/1783/1011
f 1774/1784/1012 1775/1785/1012 1730/1740/1012
f 1730/1740/1012 1732/1742/1012 1774/1784/1012
f 1775/1785/1013 1776/1786/1013 1728/1738/1013
f 1728/1738/1013 1730/1740/1013 1775/1785/1013
f 1776/1786/1014 1777/1787/1014 1726/1736/1014
f 1726/1736/1014 1728/1738/1014 1776/1786/1014
f 1777/1787/1015 1778/1788/1015 1724/1734/1015
f 1724/1734/1015 1726/1736/1015 1777/1787/1015
f 1778/1788/1016 1779/1789/1016 1722/1732/1016
f 1722/1732/1016 1724/1734/1016 1778/1788/1016
f 1779/1789/1017 1780/1790/1017 1720/1730/1017
f 1720/1730/1017 1722/1732/1017 1779/1789/1017
f 1780/1790/1019 1781/1791/1019 1718/1728/1019
f 1718/1728/1019 1720/1730/1019 1780/1790/1019
f 1781/1791/1020 1782/1792/1020 1716/1726/1020
f 1716/1726/1020 1718/1728/1020 1781/1791/1020
f 1782/1792/1021 1765/1775/1021 1713/1723/1021
f 1713/1723/1021 1716/1726/1277 1782/1792/1021
f 1783/1793/1396 1784/1794/1396 1659/1669/1396
f 1659/1669/1397 1658/1668/1397 1783/1793/1397
f 1749/1759/1024 1748/1758/1024 1662/1672/1024
f 1662/1672/1025 1661/1671/1025 1749/1759/1025
f 1785/1795/1398 1786/1796/1398 1665/1675/1398
f 1665/1675/1399 1664/1674/1399 1785/1795/1399
f 1751/1761/1028 1750/1760/1028 1668/1678/1028
f 1668/1678/127 1667/1677/127 1751/1761/127
f 1787/1797/1400 1788/1798/1400 1671/1681/1400
f 1671/1681/1401 1670/1680/1401 1787/1797/1401
f 1753/1763/1031 1752/1762/1031 1674/1684/1031
f 1674/1684/1032 1673/1683/1032 1753/1763/1032
f 1789/1799/1402 1790/1800/1402 1677/1687/1402
f 1677/1687/1403 1676/1686/1403 1789/1799/1403
f 1755/1765/1035 1754/1764/1035 1680/1690/1035
f 1680/1690/1382 1679/1689/1382 1755/1765/1382
f 1791/1801/1404 1792/1802/1404 1683/1693/1404
f 1683/1693/1405 1682/1692/1405 1791/1801/1405
f 1757/1767/1039 1756/1766/1039 1686/1696/1039
f 1686/1696/1040 1685/1695/1040 1757/1767/1040
f 1793/1803/1406 1794/1804/1406 1689/1699/1406
f 1689/1699/1407 1688/1698/1407 1793/1803/1407
f 1759/1769/1043 1758/1768/1043 1692/1702/1043
f 1692/1702/1044 1691/1701/1044 1759/1769/1044
f 1795/1805/1408 1796/1806/1408 1695/1705/1408
f 1695/1705/1409 1694/1704/1409 1795/1805/1409
f 1761/1771/250 1760/1770/250 1698/1708/250
f 1698/1708/1047 1697/1707/1047 1761/1771/1047
f 1797/1807/1410 1798/1808/1410 1701/1711/1410
f 1701/1711/1411 1700/1710/1411 1797/1807/1411
f 1763/1773/1050 1762/1772/1050 1704/1714/1050
f 1704/1714/1051 1703/1713/1051 1763/1773/1051
f 1799/1809/1412 1800/1810/1412 1707/1717/1412
f 1707/1717/1413 1706/1716/1413 1799/1809/1413
f 1747/1757/1054 1764/1774/1054 1710/1720/1054
f 1710/1720/1394 1709/1719/1394 1747/1757/1394
f 1622/1632/229 1801/1811/229 1802/1812/229
f 1802/1812/229 1621/1631/229 1622/1632/229
f 1621/1631/1414 1802/1812/1414 1803/1813/1414
f 1803/1813/1414 1709/1719/1414 1621/1631/1414
f 1709/1719/1415 1803/1813/1415 1804/1814/1415
f 1804/1814/1415 1747/1757/1415 1709/1719/1415
f 1747/1757/5 1804/1814/5 1805/1815/5
f 1805/1815/5 1748/1758/5 1747/1757/5
f 1748/1758/1416 1805/1815/1416 1806/1816/1416
f 1806/1816/1416 1662/1672/1416 1748/1758/1416
f 1662/1672/1417 1806/1816/1417 1801/1811/1417
f 1801/1811/1417 1622/1632/1417 1662/1672/1417
f 1624/1634/229 1807/1817/229 1808/1818/229
f 1808/1818/229 1623/1633/229 1624/1634/229
f 1623/1633/1418 1808/1818/1418 1809/1819/1418
f 1809/1819/1418 1661/1671/1418 1623/1633/1418
f 1661/1671/1419 1809/1819/1419 1810/1820/1419
f 1810/1820/1419 1749/1759/1419 1661/1671/1419
f 1749/1759/5 1810/1820/5 1811/1821/5
f 1811/1821/5 1750/1760/5 1749/1759/5
f 1750/1760/1420 1811/1821/1420 1812/1822/1420
f 1812/1822/1420 1668/1678/1420 1750/1760/1420
f 1668/1678/1421 1812/1822/1421 1807/1817/1422
f 1807/1817/1422 1624/1634/1422 1668/1678/1421
f 1626/1636/229 1813/1823/229 1814/1824/658
f 1814/1824/658 1625/1635/658 1626/1636/229
f 1625/1635/1423 1814/1824/1423 1815/1825/1423
f 1815/1825/1423 1667/1677/1423 1625/1635/1423
f 1667/1677/1424 1815/1825/1424 1816/1826/1424
f 1816/1826/1424 1751/1761/1424 1667/1677/1424
f 1751/1761/5 1816/1826/5 1817/1827/5
f 1817/1827/5 1752/1762/5 1751/1761/5
f 1752/1762/1425 1817/1827/1425 1818/1828/1425
f 1818/1828/1425 1674/1684/1425 1752/1762/1425
f 1674/1684/1426 1818/1828/1426 1813/1823/1426
f 1813/1823/1426 1626/1636/1426 1674/1684/1426
f 1628/1638/229 1819/1829/229 1820/1830/229
f 1820/1830/229 1627/1637/229 1628/1638/229
f 1627/1637/1427 1820/1830/1427 1821/1831/1427
f 1821/1831/1427 1673/1683/1427 1627/1637/1427
f 1673/1683/1428 1821/1831/1428 1822/1832/1429
f 1822/1832/1429 1753/1763/1429 1673/1683/1428
f 1753/1763/659 1822/1832/1430 1823/1833/155
f 1823/1833/155 1754/1764/1431 1753/1763/659
f 1754/1764/1432 1823/1833/1432 1824/1834/1433
f 1824/1834/1433 1680/1690/1433 1754/1764/1432
f 1680/1690/1434 1824/1834/1434 1819/1829/1435
f 1819/1829/1435 1628/1638/1435 1680/1690/1434
f 1630/1640/229 1825/1835/229 1826/1836/229
f 1826/1836/229 1629/1639/229 1630/1640/229
f 1629/1639/1436 1826/1836/1436 1827/1837/1436
f 1827/1837/1436 1679/1689/1436 1629/1639/1436
f 1679/1689/1437 1827/1837/1437 1828/1838/1437
f 1828/1838/1437 1755/1765/1437 1679/1689/1437
f 1755/1765/5 1828/1838/5 1829/1839/5
f 1829/1839/5 1756/1766/5 1755/1765/5
f 1756/1766/1438 1829/1839/1438 1830/1840/1438
f 1830/1840/1438 1686/1696/1438 1756/1766/1438
f 1686/1696/1439 1830/1840/1439 1825/1835/1439
f 1825/1835/1439 1630/1640/1439 1686/1696/1439
f 1632/1642/1440 1831/1841/1440 1832/1842/229
f 1832/1842/229 1631/1641/229 1632/1642/1440
f 1631/1641/1441 1832/1842/1441 1833/1843/1441
f 1833/1843/1441 1685/1695/1441 1631/1641/1441
f 1685/1695/1442 1833/1843/1442 1834/1844/1443
f 1834/1844/1443 1757/1767/1443 1685/1695/1442
f 1757/1767/5 1834/1844/5 1835/1845/5
f 1835/1845/5 1758/1768/5 1757/1767/5
f 1758/1768/1444 1835/1845/1444 1836/1846/1445
f 1836/1846/1445 1692/1702/1445 1758/1768/1444
f 1692/1702/1446 1836/1846/1446 1831/1841/1447
f 1831/1841/1447 1632/1642/1447 1692/1702/1446
f 1634/1644/229 1837/1847/229 1838/1848/229
f 1838/1848/229 1633/1643/229 1634/1644/229
f 1633/1643/1448 1838/1848/1448 1839/1849/1448
f 1839/1849/1448 1691/1701/1448 1633/1643/1448
f 1691/1701/1449 1839/1849/1449 1840/1850/1450
f 1840/1850/1450 1759/1769/1450 1691/1701/1449
f 1759/1769/155 1840/1850/1431 1841/1851/659
f 1841/1851/659 1760/1770/1430 1759/1769/155
f 1760/1770/1451 1841/1851/1451 1842/1852/1452
f 1842/1852/1452 1698/1708/1452 1760/1770/1451
f 1698/1708/1453 1842/1852/1453 1837/1847/1454
f 1837/1847/1454 1634/1644/1454 1698/1708/1453
f 1636/1646/229 1843/1853/229 1844/1854/229
f 1844/1854/229 1635/1645/229 1636/1646/229
f 1635/1645/1455 1844/1854/1455 1845/1855/1456
f 1845/1855/1456 1697/1707/1456 1635/1645/1455
f 1697/1707/1457 1845/1855/1457 1846/1856/1457
f 1846/1856/1457 1761/1771/1457 1697/1707/1457
f 1761/1771/5 1846/1856/5 1847/1857/5
f 1847/1857/5 1762/1772/5 1761/1771/5
f 1762/1772/1458 1847/1857/1458 1848/1858/1458
f 1848/1858/1458 1704/1714/1458 1762/1772/1458
f 1704/1714/1459 1848/1858/1459 1843/1853/1459
f 1843/1853/1459 1636/1646/1459 1704/1714/1459
f 1638/1648/229 1849/1859/229 1850/1860/229
f 1850/1860/229 1637/1647/229 1638/1648/229
f 1637/1647/1460 1850/1860/1460 1851/1861/1461
f 1851/1861/1461 1703/1713/1461 1637/1647/1460
f 1703/1713/1462 1851/1861/1462 1852/1862/1462
f 1852/1862/1462 1763/1773/1462 1703/1713/1462
f 1763/1773/155 1852/1862/155 1853/1863/659
f 1853/1863/659 1764/1774/659 1763/1773/155
f 1764/1774/1463 1853/1863/1463 1854/1864/1463
f 1854/1864/1463 1710/1720/1463 1764/1774/1463
f 1710/1720/1464 1854/1864/1464 1849/1859/1464
f 1849/1859/1464 1638/1648/1464 1710/1720/1464
f 1801/1811/1465 1657/1667/1465 1660/1670/1465
f 1660/1670/1466 1802/1812/1466 1801/1811/1466
f 1802/1812/1467 1660/1670/1467 1659/1669/1467
f 1659/1669/1468 1803/1813/1468 1802/1812/1468
f 1803/1813/1469 1659/1669/1469 1784/1794/1469
f 1784/1794/1470 1804/1814/1470 1803/1813/1470
f 1804/1814/1471 1784/1794/1471 1783/1793/1471
f 1783/1793/1472 1805/1815/1472 1804/1814/1472
f 1805/1815/1473 1783/1793/1473 1658/1668/1473
f 1658/1668/1474 1806/1816/1474 1805/1815/1474
f 1806/1816/1475 1658/1668/1475 1657/1667/1475
f 1657/1667/1476 1801/1811/1476 1806/1816/1476
f 1807/1817/1477 1663/1673/1477 1666/1676/1477
f 1666/1676/1478 1808/1818/1478 1807/1817/1478
f 1808/1818/1479 1666/1676/1479 1665/1675/1479
f 1665/1675/1480 1809/1819/1480 1808/1818/1480
f 1809/1819/1481 1665/1675/1481 1786/1796/1481
f 1786/1796/1482 1810/1820/1483 1809/1819/1482
f 1810/1820/1484 1786/1796/1484 1785/1795/1484
f 1785/1795/1485 1811/1821/1485 1810/1820/1485
f 1811/1821/1486 1785/1795/1486 1664/1674/1486
f 1664/1674/1487 1812/1822/1487 1811/1821/1487
f 1812/1822/1488 1664/1674/1488 1663/1673/1488
f 1663/1673/1489 1807/1817/1489 1812/1822/1489
f 1813/1823/1490 1669/1679/1490 1672/1682/1490
f 1672/1682/1491 1814/1824/1491 1813/1823/1491
f 1814/1824/1492 1672/1682/1492 1671/1681/1492
f 1671/1681/1493 1815/1825/1493 1814/1824/1493
f 1815/1825/1494 1671/1681/1494 1788/1798/1494
f 1788/1798/1495 1816/1826/1495 1815/1825/1495
f 1816/1826/1496 1788/1798/1496 1787/1797/1496
f 1787/1797/1497 1817/1827/1497 1816/1826/1497
f 1817/1827/1498 1787/1797/1498 1670/1680/1498
f 1670/1680/1499 1818/1828/1499 1817/1827/1499
f 1818/1828/1500 1670/1680/1500 1669/1679/1500
f 1669/1679/1501 1813/1823/1501 1818/1828/1501
f 1819/1829/1502 1675/1685/1502 1678/1688/1502
f 1678/1688/1503 1820/1830/1503 1819/1829/1503
f 1820/1830/1504 1678/1688/1504 1677/1687/1504
f 1677/1687/1505 1821/1831/1505 1820/1830/1505
f 1821/1831/1506 1677/1687/1506 1790/1800/1506
f 1790/1800/1507 1822/1832/1507 1821/1831/1507
f 1822/1832/1508 1790/1800/1508 1789/1799/1508
f 1789/1799/1509 1823/1833/1509 1822/1832/1509
f 1823/1833/1510 1789/1799/1510 1676/1686/1510
f 1676/1686/1511 1824/1834/1511 1823/1833/1511
f 1824/1834/1512 1676/1686/1512 1675/1685/1512
f 1675/1685/1513 1819/1829/1513 1824/1834/1513
f 1825/1835/1514 1681/1691/1514 1684/1694/1514
f 1684/1694/1515 1826/1836/1515 1825/1835/1515
f 1826/1836/1516 1684/1694/1516 1683/1693/1516
f 1683/1693/1517 1827/1837/1517 1826/1836/1517
f 1827/1837/1518 1683/1693/1518 1792/1802/1518
f 1792/1802/1519 1828/1838/1519 1827/1837/1519
f 1828/1838/1520 1792/1802/1520 1791/1801/1520
f 1791/1801/1521 1829/1839/1521 1828/1838/1521
f 1829/1839/1522 1791/1801/1522 1682/1692/1522
f 1682/1692/1523 1830/1840/1523 1829/1839/1523
f 1830/1840/1524 1682/1692/1524 1681/1691/1524
f 1681/1691/1525 1825/1835/1525 1830/1840/1525
f 1831/1841/1526 1687/1697/1526 1690/1700/1526
f 1690/1700/1527 1832/1842/1527 1831/1841/1527
f 1832/1842/1528 1690/1700/1528 1689/1699/1528
f 1689/1699/1529 1833/1843/1529 1832/1842/1529
f 1833/1843/1530 1689/1699/1530 1794/1804/1530
f 1794/1804/1531 1834/1844/1531 1833/1843/1531
f 1834/1844/1532 1794/1804/1532 1793/1803/1532
f 1793/1803/1533 1835/1845/1533 1834/1844/1533
f 1835/1845/1534 1793/1803/1534 1688/1698/1534
f 1688/1698/1535 1836/1846/1535 1835/1845/1535
f 1836/1846/1536 1688/1698/1536 1687/1697/1536
f 1687/1697/1537 1831/1841/1537 1836/1846/1537
f 1837/1847/1538 1693/1703/1538 1696/1706/1538
f 1696/1706/1539 1838/1848/1539 1837/1847/1539
f 1838/1848/1540 1696/1706/1540 1695/1705/1540
f 1695/1705/1541 1839/1849/1541 1838/1848/1541
f 1839/1849/1542 1695/1705/1542 1796/1806/1542
f 1796/1806/1543 1840/1850/1543 1839/1849/1543
f 1840/1850/1544 1796/1806/1544 1795/1805/1544
f 1795/1805/1545 1841/1851/1545 1840/1850/1545
f 1841/1851/1546 1795/1805/1546 1694/1704/1546
f 1694/1704/1547 1842/1852/1547 1841/1851/1547
f 1842/1852/1548 1694/1704/1548 1693/1703/1548
f 1693/1703/1549 1837/1847/1549 1842/1852/1549
f 1843/1853/1550 1699/1709/1550 1702/1712/1550
f 1702/1712/1551 1844/1854/1551 1843/1853/1551
f 1844/1854/1552 1702/1712/1552 1701/1711/1552
f 1701/1711/1553 1845/1855/1553 1844/1854/1553
f 1845/1855/1554 1701/1711/1554 1798/1808/1554
f 1798/1808/1555 1846/1856/1555 1845/1855/1555
f 1846/1856/1556 1798/1808/1556 1797/1807/1556
f 1797/1807/1557 1847/1857/1557 1846/1856/1557
f 1847/1857/1558 1797/1807/1558 1700/1710/1558
f 1700/1710/1559 1848/1858/1559 1847/1857/1559
f 1848/1858/1560 1700/1710/1560 1699/1709/1560
f 1699/1709/1561 1843/1853/1561 1848/1858/1561
f 1849/1859/1562 1705/1715/1562 1708/1718/1562
f 1708/1718/1563 1850/1860/1563 1849/1859/1563
f 1850/1860/1564 1708/1718/1564 1707/1717/1564
f 1707/1717/1565 1851/1861/1565 1850/1860/1565
f 1851/1861/1566 1707/1717/1566 1800/1810/1566
f 1800/1810/1567 1852/1862/1567 1851/1861/1567
f 1852/1862/1568 1800/1810/1568 1799/1809/1568
f 1799/1809/1569 1853/1863/1569 1852/1862/1569
f 1853/1863/1570 1799/1809/1570 1706/1716/1570
f 1706/1716/1571 1854/1864/1571 1853/1863/1571
f 1854/1864/1572 1706/1716/1572 1705/1715/1572
f 1705/1715/1573 1849/1859/1573 1854/1864/1573
f 1855/1865/229 1856/1866/229 1857/1867/229
f 1857/1867/229 1858/1868/229 1855/1865/229
f 1858/1868/229 1857/1867/229 1859/1869/229
f 1859/1869/229 1860/1870/229 1858/1868/229
f 1860/1870/229 1859/1869/229 1861/1871/229
f 1861/1871/229 1862/1872/229 1860/1870/229
f 1862/1872/229 1861/1871/229 1863/1873/229
f 1863/1873/229 1864/1874/229 1862/1872/229
f 1864/1874/229 1863/1873/229 1865/1875/229
f 1865/1875/229 1866/1876/229 1864/1874/229
f 1866/1876/229 1865/1875/229 1867/1877/229
f 1867/1877/229 1868/1878/229 1866/1876/229
f 1868/1878/229 1867/1877/229 1869/1879/229
f 1869/1879/229 1870/1880/229 1868/1878/229
f 1870/1880/229 1869/1879/229 1871/1881/229
f 1871/1881/229 1872/1882/229 1870/1880/229
f 1872/1882/229 1871/1881/229 1873/1883/229
f 1873/1883/229 1874/1884/229 1872/1882/229
f 1874/1884/229 1873/1883/229 1875/1885/229
f 1875/1885/229 1876/1886/229 1874/1884/229
f 1876/1886/229 1875/1885/229 1877/1887/229
f 1877/1887/229 1878/1888/229 1876/1886/229
f 1878/1888/229 1877/1887/229 1879/1889/229
f 1879/1889/229 1880/1890/229 1878/1888/229
f 1880/1890/229 1879/1889/229 1881/1891/229
f 1881/1891/229 1882/1892/229 1880/1890/229
f 1882/1892/229 1881/1891/229 1883/1893/229
f 1883/1893/229 1884/1894/229 1882/1892/229
f 1884/1894/229 1883/1893/229 1885/1895/229
f 1885/1895/229 1886/1896/229 1884/1894/229
f 1886/1896/229 1885/1895/229 1887/1897/229
f 1887/1897/229 1888/1898/229 1886/1896/229
f 1888/1898/229 1887/1897/229 1889/1899/229
f 1889/1899/229 1890/1900/229 1888/1898/229
f 1890/1900/229 1889/1899/229 1856/1866/229
f 1856/1866/229 1855/1865/229 1890/1900/229
f 1891/1901/1056 1855/1865/1056 1858/1868/1057
f 1858/1868/1057 1892/1902/1057 1891/1901/1056
f 1892/1902/1058 1858/1868/1058 1860/1870/1058
f 1860/1870/1058 1893/1903/1058 1892/1902/1058
f 1893/1903/1059 1860/1870/1059 1862/1872/1059
f 1862/1872/1059 1894/1904/1059 1893/1903/1059
f 1894/1904/1278 1862/1872/1278 1864/1874/1278
f 1864/1874/1278 1895/1905/1060 1894/1904/1278
f 1895/1905/1061 1864/1874/1061 1866/1876/1061
f 1866/1876/1061 1896/1906/1061 1895/1905/1061
f 1896/1906/1279 1866/1876/1279 1868/1878/1062
f 1868/1878/1062 1897/1907/1062 1896/1906/1279
f 1897/1907/1063 1868/1878/1063 1870/1880/1063
f 1870/1880/1063 1898/1908/1063 1897/1907/1063
f 1898/1908/1064 1870/1880/1064 1872/1882/1064
f 1872/1882/1064 1899/1909/1064 1898/1908/1064
f 1899/1909/1066 1872/1882/1065 1874/1884/1066
f 1874/1884/1066 1900/1910/1066 1899/1909/1066
f 1900/1910/1068 1874/1884/1067 1876/1886/1068
f 1876/1886/1068 1901/1911/1068 1900/1910/1068
f 1901/1911/1069 1876/1886/1069 1878/1888/1069
f 1878/1888/1069 1902/1912/1069 1901/1911/1069
f 1902/1912/1070 1878/1888/1070 1880/1890/1070
f 1880/1890/1070 1903/1913/1070 1902/1912/1070
f 1903/1913/1371 1880/1890/1371 1882/1892/1071
f 1882/1892/1071 1904/1914/1071 1903/1913/1371
f 1904/1914/1072 1882/1892/1072 1884/1894/1072
f 1884/1894/1072 1905/1915/1072 1904/1914/1072
f 1905/1915/1372 1884/1894/1372 1886/1896/1073
f 1886/1896/1073 1906/1916/1073 1905/1915/1372
f 1906/1916/1074 1886/1896/1074 1888/1898/1074
f 1888/1898/1074 1907/1917/1074 1906/1916/1074
f 1907/1917/1075 1888/1898/1075 1890/1900/1075
f 1890/1900/1075 1908/1918/1075 1907/1917/1075
f 1908/1918/1280 1890/1900/1280 1855/1865/1076
f 1855/1865/1076 1891/1901/1076 1908/1918/1280
f 1909/1919/1077 1857/1867/1077 1856/1866/1077
f 1856/1866/1077 1910/1920/1077 1909/1919/1077
f 1910/1920/1078 1856/1866/1078 1889/1899/1078
f 1889/1899/1078 1911/1921/1078 1910/1920/1078
f 1911/1921/1080 1889/1899/1080 1887/1897/1080
f 1887/1897/1080 1912/1922/1080 1911/1921/1080
f 1912/1922/1081 1887/1897/1081 1885/1895/1081
f 1885/1895/1081 1913/1923/1081 1912/1922/1081
f 1913/1923/1082 1885/1895/1082 1883/1893/1082
f 1883/1893/1082 1914/1924/1082 1913/1923/1082
f 1914/1924/1281 1883/1893/1281 1881/1891/1281
f 1881/1891/1083 1915/1925/1083 1914/1924/1083
f 1915/1925/1084 1881/1891/1084 1879/1889/1084
f 1879/1889/1084 1916/1926/1084 1915/1925/1084
f 1916/1926/1085 1879/1889/1085 1877/1887/1085
f 1877/1887/1085 1917/1927/1085 1916/1926/1085
f 1917/1927/1086 1877/1887/1086 1875/1885/1086
f 1875/1885/1087 1918/1928/1087 1917/1927/1087
f 1918/1928/1088 1875/1885/1088 1873/1883/1088
f 1873/1883/1088 1919/1929/1088 1918/1928/1088
f 1919/1929/1089 1873/1883/1089 1871/1881/1089
f 1871/1881/1089 1920/1930/1089 1919/1929/1089
f 1920/1930/1091 1871/1881/1091 1869/1879/1091
f 1869/1879/1091 1921/1931/1091 1920/1930/1091
f 1921/1931/1092 1869/1879/1092 1867/1877/1092
f 1867/1877/1092 1922/1932/1092 1921/1931/1092
f 1922/1932/1093 1867/1877/1093 1865/1875/1093
f 1865/1875/1093 1923/1933/1093 1922/1932/1093
f 1923/1933/1095 1865/1875/1095 1863/1873/1095
f 1863/1873/1094 1924/1934/1094 1923/1933/1094
f 1924/1934/1096 1863/1873/1096 1861/1871/1096
f 1861/1871/1096 1925/1935/1096 1924/1934/1096
f 1925/1935/1097 1861/1871/1097 1859/1869/1097
f 1859/1869/1097 1926/1936/1097 1925/1935/1097
f 1926/1936/1098 1859/1869/1098 1857/1867/1098
f 1857/1867/1098 1909/1919/1098 1926/1936/1098
f 1927/1937/1374 1928/1938/1374 1929/1939/1374
f 1929/1939/1375 1930/1940/1375 1927/1937/1375
f 1893/1903/1025 1931/1941/1025 1932/1942/1025
f 1932/1942/1024 1892/1902/1024 1893/1903/1024
f 1933/1943/1376 1934/1944/1376 1935/1945/1376
f 1935/1945/1377 1936/1946/1377 1933/1943/1377
f 1895/1905/127 1937/1947/127 1938/1948/127
f 1938/1948/1028 1894/1904/1028 1895/1905/1028
f 1939/1949/1378 1940/1950/1378 1941/1951/1378
f 1941/1951/1379 1942/1952/1379 1939/1949/1379
f 1897/1907/1032 1943/1953/1032 1944/1954/1032
f 1944/1954/1031 1896/1906/1031 1897/1907/1031
f 1945/1955/1380 1946/1956/1380 1947/1957/1380
f 1947/1957/1381 1948/1958/1381 1945/1955/1381
f 1899/1909/1036 1949/1959/1036 1950/1960/1036
f 1950/1960/1035 1898/1908/1035 1899/1909/1035
f 1951/1961/1383 1952/1962/1383 1953/1963/1383
f 1953/1963/1384 1954/1964/1384 1951/1961/1384
f 1901/1911/1040 1955/1965/1040 1956/1966/1040
f 1956/1966/1039 1900/1910/1039 1901/1911/1039
f 1957/1967/1385 1958/1968/1385 1959/1969/1385
f 1959/1969/1386 1960/1970/1386 1957/1967/1386
f 1903/1913/1044 1961/1971/1044 1962/1972/1044
f 1962/1972/1043 1902/1912/1043 1903/1913/1043
f 1963/1973/1388 1964/1974/1388 1965/1975/1388
f 1965/1975/1389 1966/1976/1389 1963/1973/1389
f 1905/1915/1047 1967/1977/1047 1968/1978/1047
f 1968/1978/250 1904/1914/250 1905/1915/250
f 1969/1979/1574 1970/1980/1574 1971/1981/1574
f 1971/1981/1391 1972/1982/1391 1969/1979/1391
f 1907/1917/1051 1973/1983/1051 1974/1984/1051
f 1974/1984/1050 1906/1916/1050 1907/1917/1050
f 1975/1985/1392 1976/1986/1392 1977/1987/1392
f 1977/1987/1393 1978/1988/1393 1975/1985/1393
f 1891/1901/1055 1979/1989/1055 1980/1990/1055
f 1980/1990/1054 1908/1918/1054 1891/1901/1054
f 1981/1991/5 1982/1992/5 1983/1993/5
f 1983/1993/5 1984/1994/5 1981/1991/5
f 1982/1992/5 1985/1995/5 1986/1996/5
f 1986/1996/5 1983/1993/5 1982/1992/5
f 1985/1995/5 1987/1997/5 1988/1998/5
f 1988/1998/5 1986/1996/5 1985/1995/5
f 1987/1997/5 1989/1999/5 1990/2000/5
f 1990/2000/5 1988/1998/5 1987/1997/5
f 1989/1999/5 1991/2001/5 1992/2002/5
f 1992/2002/5 1990/2000/5 1989/1999/5
f 1991/2001/5 1993/2003/5 1994/2004/5
f 1994/2004/5 1992/2002/5 1991/2001/5
f 1993/2003/5 1995/2005/5 1996/2006/5
f 1996/2006/5 1994/2004/5 1993/2003/5
f 1995/2005/5 1997/2007/5 1998/2008/5
f 1998/2008/5 1996/2006/5 1995/2005/5
f 1997/2007/5 1999/2009/5 2000/2010/5
f 2000/2010/5 1998/2008/5 1997/2007/5
f 1999/2009/5 2001/2011/5 2002/2012/5
f 2002/2012/5 2000/2010/5 1999/2009/5
f 2001/2011/5 2003/2013/5 2004/2014/5
f 2004/2014/5 2002/2012/5 2001/2011/5
f 2003/2013/5 2005/2015/5 2006/2016/5
f 2006/2016/5 2004/2014/5 2003/2013/5
f 2005/2015/5 2007/2017/5 2008/2018/5
f 2008/2018/5 2006/2016/5 2005/2015/5
f 2007/2017/5 2009/2019/5 2010/2020/5
f 2010/2020/5 2008/2018/5 2007/2017/5
f 2009/2019/5 2011/2021/5 2012/2022/5
f 2012/2022/5 2010/2020/5 2009/2019/5
f 2011/2021/5 2013/2023/5 2014/2024/5
f 2014/2024/5 2012/2022/5 2011/2021/5
f 2013/2023/5 2015/2025/5 2016/2026/5
f 2016/2026/5 2014/2024/5 2013/2023/5
f 2015/2025/5 1981/1991/5 1984/1994/5
f 1984/1994/5 2016/2026/5 2015/2025/5
f 2017/2027/980 2018/2028/979 1982/1992/979
f 1982/1992/979 1981/1991/980 2017/2027/980
f 2018/2028/981 2019/2029/981 1985/1995/981
f 1985/1995/981 1982/1992/981 2018/2028/981
f 2019/2029/982 2020/2030/982 1987/1997/982
f 1987/1997/982 1985/1995/982 2019/2029/982
f 2020/2030/983 2021/2031/983 1989/1999/983
f 1989/1999/983 1987/1997/983 2020/2030/983
f 2021/2031/984 2022/2032/984 1991/2001/984
f 1991/2001/984 1989/1999/984 2021/2031/984
f 2022/2032/985 2023/2033/985 1993/2003/985
f 1993/2003/985 1991/2001/985 2022/2032/985
f 2023/2033/986 2024/2034/986 1995/2005/986
f 1995/2005/986 1993/2003/986 2023/2033/986
f 2024/2034/987 2025/2035/987 1997/2007/987
f 1997/2007/987 1995/2005/987 2024/2034/987
f 2025/2035/988 2026/2036/988 1999/2009/988
f 1999/2009/988 1997/2007/988 2025/2035/988
f 2026/2036/990 2027/2037/990 2001/2011/990
f 2001/2011/990 1999/2009/990 2026/2036/990
f 2027/2037/992 2028/2038/992 2003/2013/992
f 2003/2013/992 2001/2011/992 2027/2037/992
f 2028/2038/993 2029/2039/993 2005/2015/993
f 2005/2015/993 2003/2013/993 2028/2038/993
f 2029/2039/994 2030/2040/1273 2007/2017/994
f 2007/2017/994 2005/2015/994 2029/2039/994
f 2030/2040/995 2031/2041/995 2009/2019/995
f 2009/2019/995 2007/2017/995 2030/2040/995
f 2031/2041/997 2032/2042/997 2011/2021/997
f 2011/2021/997 2009/2019/997 2031/2041/997
f 2032/2042/998 2033/2043/998 2013/2023/998
f 2013/2023/998 2011/2021/998 2032/2042/998
f 2033/2043/999 2034/2044/999 2015/2025/999
f 2015/2025/999 2013/2023/999 2033/2043/999
f 2034/2044/1001 2017/2027/1001 1981/1991/1001
f 1981/1991/1001 2015/2025/1001 2034/2044/1001
f 2035/2045/1002 2036/2046/1002 1984/1994/1002
f 1984/1994/1002 1983/1993/1002 2035/2045/1002
f 2036/2046/1003 2037/2047/1003 2016/2026/1003
f 2016/2026/1003 1984/1994/1003 2036/2046/1003
f 2037/2047/1004 2038/2048/1004 2014/2024/1004
f 2014/2024/1004 2016/2026/1004 2037/2047/1004
f 2038/2048/1005 2039/2049/1005 2012/2022/1005
f 2012/2022/1005 2014/2024/1005 2038/2048/1005
f 2039/2049/1006 2040/2050/1006 2010/2020/1006
f 2010/2020/1006 2012/2022/1006 2039/2049/1006
f 2040/2050/1007 2041/2051/1007 2008/2018/1007
f 2008/2018/1007 2010/2020/1007 2040/2050/1007
f 2041/2051/1009 2042/2052/1009 2006/2016/1009
f 2006/2016/1009 2008/2018/1009 2041/2051/1009
f 2042/2052/1010 2043/2053/1010 2004/2014/1010
f 2004/2014/1010 2006/2016/1010 2042/2052/1010
f 2043/2053/1011 2044/2054/1011 2002/2012/1011
f 2002/2012/1011 2004/2014/1011 2043/2053/1011
f 2044/2054/1012 2045/2055/1012 2000/2010/1012
f 2000/2010/1012 2002/2012/1012 2044/2054/1012
f 2045/2055/1013 2046/2056/1013 1998/2008/1013
f 1998/2008/1013 2000/2010/1013 2045/2055/1013
f 2046/2056/1575 2047/2057/1014 1996/2006/1014
f 1996/2006/1014 1998/2008/1575 2046/2056/1575
f 2047/2057/1015 2048/2058/1015 1994/2004/1015
f 1994/2004/1015 1996/2006/1015 2047/2057/1015
f 2048/2058/1016 2049/2059/1016 1992/2002/1016
f 1992/2002/1016 1994/2004/1016 2048/2058/1016
f 2049/2059/1017 2050/2060/1017 1990/2000/1017
f 1990/2000/1017 1992/2002/1017 2049/2059/1017
f 2050/2060/1019 2051/2061/1019 1988/1998/1019
f 1988/1998/1019 1990/2000/1019 2050/2060/1019
f 2051/2061/1020 2052/2062/1020 1986/1996/1020
f 1986/1996/1020 1988/1998/1020 2051/2061/1020
f 2052/2062/1021 2035/2045/1021 1983/1993/1021
f 1983/1993/1021 1986/1996/1277 2052/2062/1021
f 2053/2063/1576 2054/2064/1576 1929/1939/1576
f 1929/1939/1397 1928/1938/1397 2053/2063/1397
f 2019/2029/1024 2018/2028/1024 1932/1942/1024
f 1932/1942/1025 1931/1941/1025 2019/2029/1025
f 2055/2065/1398 2056/2066/1398 1935/1945/1398
f 1935/1945/1399 1934/1944/1399 2055/2065/1399
f 2021/2031/1028 2020/2030/1028 1938/1948/1028
f 1938/1948/127 1937/1947/127 2021/2031/127
f 2057/2067/1400 2058/2068/1400 1941/1951/1400
f 1941/1951/1401 1940/1950/1401 2057/2067/1401
f 2023/2033/1031 2022/2032/1031 1944/1954/1031
f 1944/1954/1032 1943/1953/1032 2023/2033/1032
f 2059/2069/1402 2060/2070/1402 1947/1957/1402
f 1947/1957/1403 1946/1956/1403 2059/2069/1403
f 2025/2035/1035 2024/2034/1035 1950/1960/1035
f 1950/1960/1036 1949/1959/1036 2025/2035/1036
f 2061/2071/1577 2062/2072/1577 1953/1963/1577
f 1953/1963/1405 1952/1962/1405 2061/2071/1405
f 2027/2037/1039 2026/2036/1039 1956/1966/1039
f 1956/1966/1040 1955/1965/1040 2027/2037/1040
f 2063/2073/1406 2064/2074/1406 1959/1969/1406
f 1959/1969/1407 1958/1968/1407 2063/2073/1407
f 2029/2039/1043 2028/2038/1043 1962/1972/1043
f 1962/1972/1044 1961/1971/1044 2029/2039/1044
f 2065/2075/1408 2066/2076/1408 1965/1975/1408
f 1965/1975/1409 1964/1974/1409 2065/2075/1409
f 2031/2041/250 2030/2040/250 1968/1978/250
f 1968/1978/1047 1967/1977/1047 2031/2041/1047
f 2067/2077/1410 2068/2078/1410 1971/1981/1410
f 1971/1981/1411 1970/1980/1411 2067/2077/1411
f 2033/2043/1050 2032/2042/1050 1974/1984/1050
f 1974/1984/1051 1973/1983/1051 2033/2043/1051
f 2069/2079/1412 2070/2080/1412 1977/1987/1412
f 1977/1987/1413 1976/1986/1413 2069/2079/1413
f 2017/2027/1054 2034/2044/1054 1980/1990/1054
f 1980/1990/1055 1979/1989/1055 2017/2027/1055
f 1892/1902/229 2071/2081/229 2072/2082/229
f 2072/2082/229 1891/1901/229 1892/1902/229
f 1891/1901/1414 2072/2082/1414 2073/2083/1414
f 2073/2083/1414 1979/1989/1414 1891/1901/1414
f 1979/1989/1578 2073/2083/1578 2074/2084/1415
f 2074/2084/1415 2017/2027/1415 1979/1989/1578
f 2017/2027/5 2074/2084/5 2075/2085/5
f 2075/2085/5 2018/2028/5 2017/2027/5
f 2018/2028/1416 2075/2085/1416 2076/2086/1416
f 2076/2086/1416 1932/1942/1416 2018/2028/1416
f 1932/1942/1579 2076/2086/1579 2071/2081/1417
f 2071/2081/1417 1892/1902/1417 1932/1942/1579
f 1894/1904/762 2077/2087/658 2078/2088/1135
f 2078/2088/1135 1893/1903/1580 1894/1904/762
f 1893/1903/1581 2078/2088/1581 2079/2089/1418
f 2079/2089/1418 1931/1941/1418 1893/1903/1581
f 1931/1941/1419 2079/2089/1419 2080/2090/1582
f 2080/2090/1582 2019/2029/1582 1931/1941/1419
f 2019/2029/1431 2080/2090/1431 2081/2091/5
f 2081/2091/5 2020/2030/5 2019/2029/1431
f 2020/2030/1420 2081/2091/1420 2082/2092/1583
f 2082/2092/1583 1938/1948/1583 2020/2030/1420
f 1938/1948/1421 2082/2092/1421 2077/2087/1584
f 2077/2087/1584 1894/1904/1584 1938/1948/1421
f 1896/1906/229 2083/2093/229 2084/2094/658
f 2084/2094/658 1895/1905/658 1896/1906/229
f 1895/1905/1585 2084/2094/1585 2085/2095/1423
f 2085/2095/1423 1937/1947/1423 1895/1905/1585
f 1937/1947/1586 2085/2095/1586 2086/2096/1424
f 2086/2096/1424 2021/2031/1424 1937/1947/1586
f 2021/2031/5 2086/2096/5 2087/2097/5
f 2087/2097/5 2022/2032/5 2021/2031/5
f 2022/2032/1587 2087/2097/1587 2088/2098/1425
f 2088/2098/1425 1944/1954/1425 2022/2032/1587
f 1944/1954/1426 2088/2098/1426 2083/2093/1426
f 2083/2093/1426 1896/1906/1426 1944/1954/1426
f 1898/1908/762 2089/2099/658 2090/2100/1135
f 2090/2100/1135 1897/1907/1580 1898/1908/762
f 1897/1907/1427 2090/2100/1427 2091/2101/1588
f 2091/2101/1588 1943/1953/1588 1897/1907/1427
f 1943/1953/1429 2091/2101/1429 2092/2102/1428
f 2092/2102/1428 2023/2033/1428 1943/1953/1429
f 2023/2033/5 2092/2102/5 2093/2103/5
f 2093/2103/5 2024/2034/5 2023/2033/5
f 2024/2034/1589 2093/2103/1589 2094/2104/1589
f 2094/2104/1589 1950/1960/1589 2024/2034/1589
f 1950/1960/1435 2094/2104/1435 2089/2099/1435
f 2089/2099/1435 1898/1908/1435 1950/1960/1435
f 1900/1910/229 2095/2105/229 2096/2106/229
f 2096/2106/229 1899/1909/229 1900/1910/229
f 1899/1909/1436 2096/2106/1436 2097/2107/1436
f 2097/2107/1436 1949/1959/1436 1899/1909/1436
f 1949/1959/1437 2097/2107/1437 2098/2108/1437
f 2098/2108/1437 2025/2035/1437 1949/1959/1437
f 2025/2035/5 2098/2108/5 2099/2109/5
f 2099/2109/5 2026/2036/5 2025/2035/5
f 2026/2036/1438 2099/2109/1438 2100/2110/1438
f 2100/2110/1438 1956/1966/1438 2026/2036/1438
f 1956/1966/1439 2100/2110/1439 2095/2105/1439
f 2095/2105/1439 1900/1910/1439 1956/1966/1439
f 1902/1912/762 2101/2111/762 2102/2112/1135
f 2102/2112/1135 1901/1911/1135 1902/1912/762
f 1901/1911/1441 2102/2112/1441 2103/2113/1441
f 2103/2113/1441 1955/1965/1441 1901/1911/1441
f 1955/1965/1443 2103/2113/1443 2104/2114/1443
f 2104/2114/1443 2027/2037/1443 1955/1965/1443
f 2027/2037/5 2104/2114/5 2105/2115/5
f 2105/2115/5 2028/2038/5 2027/2037/5
f 2028/2038/1445 2105/2115/1445 2106/2116/1444
f 2106/2116/1444 1962/1972/1444 2028/2038/1445
f 1962/1972/1590 2106/2116/1590 2101/2111/1446
f 2101/2111/1446 1902/1912/1446 1962/1972/1590
f 1904/1914/229 2107/2117/229 2108/2118/1580
f 2108/2118/1580 1903/1913/1580 1904/1914/229
f 1903/1913/1448 2108/2118/1448 2109/2119/1591
f 2109/2119/1591 1961/1971/1591 1903/1913/1448
f 1961/1971/1449 2109/2119/1449 2110/2120/1592
f 2110/2120/1592 2029/2039/1592 1961/1971/1449
f 2029/2039/5 2110/2120/5 2111/2121/1430
f 2111/2121/1430 2030/2040/1430 2029/2039/5
f 2030/2040/1451 2111/2121/1451 2112/2122/1451
f 2112/2122/1451 1968/1978/1451 2030/2040/1451
f 1968/1978/1454 2112/2122/1454 2107/2117/1453
f 2107/2117/1453 1904/1914/1453 1968/1978/1454
f 1906/1916/762 2113/2123/658 2114/2124/1135
f 2114/2124/1135 1905/1915/1580 1906/1916/762
f 1905/1915/1456 2114/2124/1456 2115/2125/1455
f 2115/2125/1455 1967/1977/1455 1905/1915/1456
f 1967/1977/1593 2115/2125/1593 2116/2126/1457
f 2116/2126/1457 2031/2041/1457 1967/1977/1593
f 2031/2041/5 2116/2126/5 2117/2127/5
f 2117/2127/5 2032/2042/5 2031/2041/5
f 2032/2042/1458 2117/2127/1458 2118/2128/1458
f 2118/2128/1458 1974/1984/1458 2032/2042/1458
f 1974/1984/1594 2118/2128/1594 2113/2123/1595
f 2113/2123/1595 1906/1916/1595 1974/1984/1594
f 1908/1918/229 2119/2129/229 2120/2130/229
f 2120/2130/229 1907/1917/229 1908/1918/229
f 1907/1917/1461 2120/2130/1461 2121/2131/1461
f 2121/2131/1461 1973/1983/1461 1907/1917/1461
f 1973/1983/1462 2121/2131/1462 2122/2132/1462
f 2122/2132/1462 2033/2043/1462 1973/1983/1462
f 2033/2043/659 2122/2132/659 2123/2133/5
f 2123/2133/5 2034/2044/5 2033/2043/659
f 2034/2044/1463 2123/2133/1463 2124/2134/1463
f 2124/2134/1463 1980/1990/1463 2034/2044/1463
f 1980/1990/1464 2124/2134/1464 2119/2129/1464
f 2119/2129/1464 1908/1918/1464 1980/1990/1464
f 2071/2081/1465 1927/1937/1465 1930/1940/1465
f 1930/1940/1596 2072/2082/1596 2071/2081/1596
f 2072/2082/1467 1930/1940/1467 1929/1939/1467
f 1929/1939/1468 2073/2083/1468 2072/2082/1468
f 2073/2083/1469 1929/1939/1469 2054/2064/1469
f 2054/2064/1470 2074/2084/1470 2073/2083/1470
f 2074/2084/1597 2054/2064/1597 2053/2063/1597
f 2053/2063/1472 2075/2085/1472 2074/2084/1472
f 2075/2085/1473 2053/2063/1473 1928/1938/1473
f 1928/1938/1598 2076/2086/1598 2075/2085/1598
f 2076/2086/1599 1928/1938/1599 1927/1937/1599
f 1927/1937/1600 2071/2081/1600 2076/2086/1600
f 2077/2087/1601 1933/1943/1601 1936/1946/1601
f 1936/1946/1478 2078/2088/1478 2077/2087/1478
f 2078/2088/1479 1936/1946/1479 1935/1945/1479
f 1935/1945/1602 2079/2089/1602 2078/2088/1602
f 2079/2089/1603 1935/1945/1603 2056/2066/1603
f 2056/2066/1482 2080/2090/1482 2079/2089/1482
f 2080/2090/1484 2056/2066/1484 2055/2065/1484
f 2055/2065/1604 2081/2091/1604 2080/2090/1604
f 2081/2091/1486 2055/2065/1486 1934/1944/1486
f 1934/1944/1487 2082/2092/1487 2081/2091/1487
f 2082/2092/1488 1934/1944/1488 1933/1943/1488
f 1933/1943/1605 2077/2087/1605 2082/2092/1605
f 2083/2093/1490 1939/1949/1490 1942/1952/1490
f 1942/1952/1491 2084/2094/1491 2083/2093/1491
f 2084/2094/1606 1942/1952/1606 1941/1951/1606
f 1941/1951/1607 2085/2095/1607 2084/2094/1607
f 2085/2095/1608 1941/1951/1608 2058/2068/1608
f 2058/2068/1495 2086/2096/1495 2085/2095/1495
f 2086/2096/1496 2058/2068/1496 2057/2067/1496
f 2057/2067/1497 2087/2097/1497 2086/2096/1497
f 2087/2097/1498 2057/2067/1498 1940/1950/1498
f 1940/1950/1499 2088/2098/1499 2087/2097/1499
f 2088/2098/1500 1940/1950/1500 1939/1949/1500
f 1939/1949/1501 2083/2093/1501 2088/2098/1501
f 2089/2099/1502 1945/1955/1502 1948/1958/1502
f 1948/1958/1503 2090/2100/1503 2089/2099/1503
f 2090/2100/1609 1948/1958/1609 1947/1957/1609
f 1947/1957/1610 2091/2101/1610 2090/2100/1610
f 2091/2101/1611 1947/1957/1611 2060/2070/1611
f 2060/2070/1612 2092/2102/1612 2091/2101/1612
f 2092/2102/1613 2060/2070/1613 2059/2069/1613
f 2059/2069/1614 2093/2103/1614 2092/2102/1614
f 2093/2103/1510 2059/2069/1510 1946/1956/1510
f 1946/1956/1615 2094/2104/1615 2093/2103/1615
f 2094/2104/1512 1946/1956/1512 1945/1955/1512
f 1945/1955/1513 2089/2099/1513 2094/2104/1513
f 2095/2105/1514 1951/1961/1514 1954/1964/1514
f 1954/1964/1616 2096/2106/1616 2095/2105/1616
f 2096/2106/1617 1954/1964/1617 1953/1963/1617
f 1953/1963/1618 2097/2107/1618 2096/2106/1618
f 2097/2107/1619 1953/1963/1619 2062/2072/1619
f 2062/2072/1519 2098/2108/1519 2097/2107/1519
f 2098/2108/1520 2062/2072/1520 2061/2071/1520
f 2061/2071/1521 2099/2109/1521 2098/2108/1521
f 2099/2109/1522 2061/2071/1522 1952/1962/1522
f 1952/1962/1523 2100/2110/1523 2099/2109/1523
f 2100/2110/1620 1952/1962/1620 1951/1961/1620
f 1951/1961/1525 2095/2105/1525 2100/2110/1525
f 2101/2111/1621 1957/1967/1621 1960/1970/1621
f 1960/1970/1622 2102/2112/1622 2101/2111/1622
f 2102/2112/1623 1960/1970/1623 1959/1969/1623
f 1959/1969/1529 2103/2113/1529 2102/2112/1529
f 2103/2113/1530 1959/1969/1530 2064/2074/1530
f 2064/2074/1624 2104/2114/1624 2103/2113/1624
f 2104/2114/1532 2064/2074/1532 2063/2073/1532
f 2063/2073/1625 2105/2115/1625 2104/2114/1625
f 2105/2115/1534 2063/2073/1534 1958/1968/1534
f 1958/1968/1535 2106/2116/1535 2105/2115/1535
f 2106/2116/1536 1958/1968/1536 1957/1967/1536
f 1957/1967/1537 2101/2111/1537 2106/2116/1537
f 2107/2117/1626 1963/1973/1626 1966/1976/1626
f 1966/1976/1627 2108/2118/1627 2107/2117/1627
f 2108/2118/1540 1966/1976/1540 1965/1975/1540
f 1965/1975/1628 2109/2119/1628 2108/2118/1628
f 2109/2119/1629 1965/1975/1629 2066/2076/1629
f 2066/2076/1630 2110/2120/1630 2109/2119/1630
f 2110/2120/1631 2066/2076/1631 2065/2075/1631
f 2065/2075/1545 2111/2121/1545 2110/2120/1545
f 2111/2121/1632 2065/2075/1632 1964/1974/1632
f 1964/1974/1633 2112/2122/1633 2111/2121/1633
f 2112/2122/1634 1964/1974/1634 1963/1973/1634
f 1963/1973/1549 2107/2117/1549 2112/2122/1549
f 2113/2123/1635 1969/1979/1635 1972/1982/1635
f 1972/1982/1636 2114/2124/1636 2113/2123/1636
f 2114/2124/1637 1972/1982/1637 1971/1981/1637
f 1971/1981/1553 2115/2125/1553 2114/2124/1553
f 2115/2125/1638 1971/1981/1638 2068/2078/1638
f 2068/2078/1639 2116/2126/1639 2115/2125/1639
f 2116/2126/1640 2068/2078/1640 2067/2077/1640
f 2067/2077/1557 2117/2127/1557 2116/2126/1557
f 2117/2127/1641 2067/2077/1641 1970/1980/1641
f 1970/1980/1559 2118/2128/1559 2117/2127/1559
f 2118/2128/1560 1970/1980/1560 1969/1979/1560
f 1969/1979/1642 2113/2123/1642 2118/2128/1642
f 2119/2129/1643 1975/1985/1643 1978/1988/1643
f 1978/1988/1644 2120/2130/1644 2119/2129/1644
f 2120/2130/1645 1978/1988/1645 1977/1987/1645
f 1977/1987/1646 2121/2131/1646 2120/2130/1646
f 2121/2131/1647 1977/1987/1647 2070/2080/1647
f 2070/2080/1648 2122/2132/1648 2121/2131/1648
f 2122/2132/1649 2070/2080/1649 2069/2079/1649
f 2069/2079/1650 2123/2133/1650 2122/2132/1650
f 2123/2133/1651 2069/2079/1651 1976/1986/1651
f 1976/1986/1652 2124/2134/1652 2123/2133/1652
f 2124/2134/1572 1976/1986/1572 1975/1985/1572
f 1975/1985/1653 2119/2129/1653 2124/2134/1653
f 2125/2135/229 2126/2136/229 2127/2137/229
f 2127/2137/229 2128/2138/229 2125/2135/229
f 2129/2139/5 2130/2140/5 2131/2141/5
f 2131/2141/5 2132/2142/5 2129/2139/5
f 2125/2135/250 2128/2138/250 2133/2143/250
f 2133/2143/250 2134/2144/250 2125/2135/250
f 2128/2145/252 2127/2137/252 2135/2146/252
f 2135/2146/252 2133/2147/252 2128/2145/252
f 2127/2137/127 2126/2136/127 2136/2148/127
f 2136/2148/127 2135/2146/127 2127/2137/127
f 2126/2136/262 2125/2135/262 2134/2144/262
f 2134/2144/262 2136/2148/262 2126/2136/262
f 2134/2144/1654 2133/2143/1655 2130/2140/1655
f 2130/2140/1655 2129/2139/1656 2134/2144/1654
f 2133/2143/1657 2135/2146/1657 2131/2141/1657
f 2131/2141/1657 2130/2140/1657 2133/2143/1657
f 2135/2146/1658 2136/2148/1659 2132/2142/1659
f 2132/2142/1659 2131/2141/1658 2135/2146/1658
f 2136/2148/1660 2134/2144/1660 2129/2139/1660
f 2129/2139/1660 2132/2142/1660 2136/2148/1660
f 2137/2149/5 2138/2150/5 2139/2151/5
f 2137/2149/5 2139/2151/5 2140/2152/5
f 2141/2153/5 2137/2149/5 2140/2152/5
f 2142/2154/262 2143/2155/262 2144/2156/262
f 2145/2157/262 2142/2154/262 2144/2156/262
f 2146/2158/262 2145/2157/262 2144/2156/262
f 2147/2159/5 2148/2160/5 2149/2161/5
f 2147/2159/5 2149/2161/5 2150/2162/5
f 2147/2159/5 2150/2162/5 2138/2150/5
f 2137/2149/5 2147/2159/5 2138/2150/5
f 2143/2155/262 2151/2163/262 2152/2164/262
f 2152/2164/262 2153/2165/262 2154/2166/262
f 2143/2155/262 2152/2164/262 2154/2166/262
f 2143/2155/262 2154/2166/262 2144/2156/262
f 2143/2155/880 2142/2154/880 2139/2167/880
f 2139/2167/880 2138/2168/880 2143/2155/880
f 2151/2163/880 2143/2155/880 2138/2168/880
f 2138/2168/880 2150/2169/880 2151/2163/880
f 2155/2170/5 2156/2171/5 2157/2172/5
f 2157/2172/5 2158/2173/5 2155/2170/5
f 2159/2174/229 2160/2175/229 2161/2176/229
f 2161/2176/229 2162/2177/229 2159/2174/229
f 2155/2170/250 2163/2178/250 2164/2179/250
f 2164/2179/250 2156/2171/250 2155/2170/250
f 2156/2171/252 2164/2179/252 2165/2180/252
f 2165/2180/252 2157/2172/252 2156/2171/252
f 2157/2172/127 2165/2180/127 2166/2181/127
f 2166/2181/127 2158/2173/127 2157/2172/127
f 2158/2173/262 2166/2181/262 2163/2178/262
f 2163/2178/262 2155/2170/262 2158/2173/262
f 2163/2178/1661 2159/2174/1662 2162/2177/1663
f 2162/2177/1663 2164/2179/1663 2163/2178/1661
f 2164/2179/1664 2162/2177/1664 2161/2176/1665
f 2161/2176/1665 2165/2180/1665 2164/2179/1664
f 2165/2180/1666 2161/2176/1666 2160/2175/1667
f 2160/2175/1667 2166/2181/1667 2165/2180/1666
f 2166/2181/1668 2160/2175/1668 2159/2174/1668
f 2159/2174/1668 2163/2178/1668 2166/2181/1668
f 2167/2182/229 2168/2183/229 2169/2184/229
f 2170/2185/229 2167/2182/229 2169/2184/229
f 2171/2186/229 2170/2185/229 2169/2184/229
f 2172/2187/262 2173/2188/262 2174/2189/262
f 2172/2187/262 2174/2189/262 2175/2190/262
f 2176/2191/262 2172/2187/262 2175/2190/262
f 2177/2192/229 2178/2193/229 2179/2194/229
f 2180/2195/229 2177/2192/229 2179/2194/229
f 2168/2183/229 2180/2195/229 2179/2194/229
f 2169/2184/229 2168/2183/229 2179/2194/229
f 2173/2188/262 2172/2187/262 2181/2196/262
f 2181/2196/262 2182/2197/262 2183/2198/262
f 2173/2188/262 2181/2196/262 2183/2198/262
f 2173/2188/262 2183/2198/262 2184/2199/262
f 2173/2188/734 2168/2200/734 2167/2201/734
f 2167/2201/734 2174/2189/734 2173/2188/734
f 2184/2199/734 2180/2202/734 2168/2200/734
f 2168/2200/734 2173/2188/734 2184/2199/734
f 2185/2203/252 2186/2204/252 2187/2205/252
f 2187/2205/252 2188/2206/252 2189/2207/252
f 2187/2205/252 2189/2207/252 2190/2208/252
f 2185/2203/252 2187/2205/252 2190/2208/252
f 2185/2203/252 2190/2208/252 2191/2209/252
f 2192/2210/252 2193/2211/252 2194/2212/252
f 2194/2212/252 2195/2213/252 2192/2210/252
f 2196/2214/252 2197/2215/252 2198/2216/252
f 2199/2217/252 2200/2218/252 2201/2219/252
f 2198/2216/252 2199/2217/252 2201/2219/252
f 2196/2214/252 2198/2216/252 2201/2219/252
f 2196/2214/252 2201/2219/252 2202/2220/252
f 2203/2221/252 2204/2222/252 2205/2223/252
f 2205/2223/252 2206/2224/252 2203/2221/252
f 2207/2225/252 2208/2226/252 2209/2227/252
f 2209/2227/252 2210/2228/252 2207/2225/252
f 2211/2229/252 2212/2230/252 2213/2231/252
f 2213/2231/252 2214/2232/252 2211/2229/252
f 2215/2233/252 2216/2234/252 2217/2235/252
f 2217/2235/252 2218/2236/252 2215/2233/252
f 2219/2237/252 2220/2238/252 2221/2239/252
f 2221/2239/252 2222/2240/252 2219/2237/252
f 2223/2241/1669 2224/2242/1669 2225/2243/1669
f 2223/2241/1669 2225/2243/1669 2226/2244/1669
f 2223/2241/1669 2226/2244/1669 2227/2245/1670
f 2228/2246/1671 2229/2247/1671 2230/2248/1671
f 2228/2246/1671 2230/2248/1671 2231/2249/1671
f 2228/2246/1671 2231/2249/1671 2232/2250/1671
f 2233/2251/250 2234/2252/250 2235/2253/250
f 2235/2253/250 2236/2254/250 2233/2251/250
f 2237/2255/229 2238/2256/229 2239/2257/229
f 2239/2257/229 2240/2258/229 2237/2255/229
f 2241/2259/127 2242/2260/127 2243/2261/127
f 2243/2261/127 2244/2262/127 2241/2259/127
f 2245/2263/5 2246/2264/5 2247/2265/5
f 2247/2265/5 2248/2266/5 2245/2263/5
f 2234/2252/1672 2233/2251/1672 2240/2258/1672
f 2240/2258/1672 2239/2257/1672 2234/2252/1672
f 2236/2254/736 2235/2253/736 2246/2264/736
f 2246/2264/736 2245/2263/736 2236/2254/736
f 2238/2256/1673 2237/2255/1673 2244/2262/1673
f 2244/2262/1673 2243/2261/1673 2238/2256/1673
f 2242/2260/756 2241/2259/756 2248/2266/756
f 2248/2266/756 2247/2265/756 2242/2260/756
f 2246/2264/1674 2235/2253/1675 2249/2267/1674
f 2249/2267/1674 2250/2268/1674 2246/2264/1674
f 2235/2253/1676 2234/2252/1676 2251/2269/1676
f 2251/2269/1676 2249/2267/1676 2235/2253/1676
f 2234/2252/1672 2239/2257/1672 2252/2270/1672
f 2252/2270/1677 2251/2269/1677 2234/2252/1677
f 2253/2271/229 2254/2272/229 2255/2273/229
f 2255/2273/229 2256/2274/229 2253/2271/229
f 2238/2256/1678 2243/2261/1678 2257/2275/1678
f 2257/2275/1679 2258/2276/1679 2238/2256/1679
f 2243/2261/1680 2242/2260/1680 2259/2277/1680
f 2259/2277/1680 2257/2275/1680 2243/2261/1680
f 2242/2260/1681 2247/2265/1682 2260/2278/1681
f 2260/2278/1681 2259/2277/1681 2242/2260/1681
f 2247/2265/1683 2246/2264/1683 2250/2268/1683
f 2247/2265/1683 2250/2268/1683 2261/2279/1683
f 2247/2265/1683 2261/2279/1683 2262/2280/1683
f 2247/2265/1683 2262/2280/1683 2260/2278/1683
f 2263/2281/252 2264/2282/252 2265/2283/252
f 2265/2283/252 2266/2284/252 2267/2285/252
f 2263/2281/252 2265/2283/252 2267/2285/252
f 2268/2286/252 2263/2281/252 2267/2285/252
f 2269/2287/252 2270/2288/252 2271/2289/252
f 2271/2289/252 2272/2290/252 2273/2291/252
f 2269/2287/252 2271/2289/252 2273/2291/252
f 2274/2292/252 2269/2287/252 2273/2291/252
f 2262/2280/252 2261/2279/252 2275/2293/252
f 2275/2293/252 2276/2294/252 2262/2280/252
f 2258/2276/1679 2257/2275/1679 2277/2295/1679
f 2277/2295/1679 2278/2296/1679 2258/2276/1679
f 2257/2275/127 2259/2277/127 2279/2297/127
f 2279/2297/127 2277/2295/127 2257/2275/127
f 2259/2277/756 2260/2278/756 2280/2298/756
f 2280/2298/756 2279/2297/756 2259/2277/756
f 2260/2278/5 2262/2280/5 2281/2299/5
f 2281/2299/5 2280/2298/5 2260/2278/5
f 2262/2280/250 2276/2294/250 2282/2300/250
f 2282/2300/250 2281/2299/250 2262/2280/250
f 2276/2294/229 2258/2276/229 2278/2296/229
f 2278/2296/229 2282/2300/229 2276/2294/229
f 2250/2268/736 2249/2267/736 2283/2301/736
f 2283/2301/736 2284/2302/1684 2250/2268/736
f 2249/2267/250 2251/2269/250 2285/2303/250
f 2285/2303/250 2283/2301/250 2249/2267/250
f 2251/2269/1685 2252/2270/1685 2286/2304/1685
f 2286/2304/1685 2285/2303/1685 2251/2269/1685
f 2252/2270/229 2275/2293/229 2287/2305/229
f 2287/2305/229 2286/2304/229 2252/2270/229
f 2275/2293/127 2261/2279/127 2288/2306/127
f 2288/2306/127 2287/2305/127 2275/2293/127
f 2261/2279/5 2250/2268/5 2284/2302/5
f 2284/2302/5 2288/2306/5 2261/2279/5
f 2278/2296/1686 2277/2295/1686 2264/2282/1686
f 2264/2282/1686 2263/2281/1687 2278/2296/1686
f 2277/2295/1688 2279/2297/1688 2265/2283/1688
f 2265/2283/1688 2264/2282/1688 2277/2295/1688
f 2279/2297/1689 2280/2298/1690 2266/2284/1690
f 2266/2284/1690 2265/2283/1691 2279/2297/1689
f 2280/2298/1692 2281/2299/1692 2267/2285/1692
f 2267/2285/1692 2266/2284/1692 2280/2298/1692
f 2281/2299/1693 2282/2300/1693 2268/2286/1693
f 2268/2286/1693 2267/2285/1693 2281/2299/1693
f 2282/2300/1694 2278/2296/1694 2263/2281/1694
f 2263/2281/1694 2268/2286/1694 2282/2300/1694
f 2284/2302/1695 2283/2301/1696 2270/2288/1697
f 2270/2288/1697 2269/2287/1695 2284/2302/1695
f 2283/2301/1693 2285/2303/1693 2271/2289/1693
f 2271/2289/1693 2270/2288/1693 2283/2301/1693
f 2285/2303/1698 2286/2304/1698 2272/2290/1698
f 2272/2290/1698 2271/2289/1698 2285/2303/1698
f 2286/2304/1694 2287/2305/1694 2273/2291/1694
f 2273/2291/1694 2272/2290/1694 2286/2304/1694
f 2287/2305/1688 2288/2306/1688 2274/2292/1688
f 2274/2292/1688 2273/2291/1688 2287/2305/1688
f 2288/2306/1692 2284/2302/1692 2269/2287/1692
f 2269/2287/1692 2274/2292/1692 2288/2306/1692
f 2239/2257/262 2238/2256/262 2289/2307/262
f 2289/2307/262 2290/2308/262 2239/2257/262
f 2238/2256/127 2258/2276/127 2291/2309/127
f 2291/2309/127 2289/2307/127 2238/2256/127
f 2292/2310/252 2293/2311/252 2294/2312/252
f 2295/2313/252 2292/2310/252 2294/2312/252
f 2296/2314/252 2295/2313/252 2294/2312/252
f 2296/2314/252 2294/2312/252 2297/2315/252
f 2252/2270/250 2239/2257/250 2290/2308/250
f 2290/2308/250 2298/2316/250 2252/2270/250
f 2290/2308/262 2289/2307/262 2299/2317/262
f 2299/2317/262 2300/2318/262 2290/2308/262
f 2289/2307/1699 2291/2309/1699 2301/2319/1699
f 2301/2319/1699 2299/2317/1700 2289/2307/1699
f 2297/2315/252 2294/2312/252 2302/2320/252
f 2302/2320/252 2303/2321/252 2297/2315/252
f 2298/2316/1701 2290/2308/1701 2300/2318/1701
f 2300/2318/1701 2304/2322/1701 2298/2316/1701
f 2299/2317/262 2305/2323/262 2253/2271/262
f 2299/2317/262 2253/2271/262 2256/2274/262
f 2300/2318/262 2299/2317/262 2256/2274/262
f 2301/2319/127 2306/2324/127 2305/2323/127
f 2305/2323/127 2299/2317/127 2301/2319/127
f 2302/2320/252 2307/2325/252 2308/2326/252
f 2302/2320/252 2308/2326/252 2309/2327/252
f 2303/2321/252 2302/2320/252 2309/2327/252
f 2304/2322/250 2300/2318/250 2256/2274/250
f 2256/2274/250 2255/2273/250 2304/2322/250
f 2254/2272/1702 2253/2271/1702 2305/2323/1702
f 2305/2323/1702 2306/2324/1703 2254/2272/1702
f 2255/2273/1704 2254/2272/1704 2308/2326/1704
f 2308/2326/1704 2307/2325/1704 2255/2273/1704
f 2254/2272/1705 2306/2324/1706 2309/2327/1706
f 2309/2327/1706 2308/2326/1705 2254/2272/1705
f 2306/2324/1707 2301/2319/1708 2303/2321/1708
f 2303/2321/1708 2309/2327/1707 2306/2324/1707
f 2301/2319/1709 2291/2309/1709 2297/2315/1709
f 2297/2315/1709 2303/2321/1709 2301/2319/1709
f 2291/2309/1707 2258/2276/1707 2296/2314/1707
f 2296/2314/1707 2297/2315/1710 2291/2309/1707
f 2258/2276/1711 2276/2294/1711 2295/2313/1711
f 2295/2313/1711 2296/2314/1711 2258/2276/1711
f 2276/2294/1711 2275/2293/1711 2292/2310/1711
f 2292/2310/1711 2295/2313/1711 2276/2294/1711
f 2275/2293/1711 2252/2270/1711 2293/2311/1711
f 2293/2311/1711 2292/2310/1711 2275/2293/1711
f 2252/2270/1712 2298/2316/1713 2294/2312/1714
f 2294/2312/1714 2293/2311/1712 2252/2270/1712
f 2298/2316/1715 2304/2322/1716 2302/2320/1716
f 2302/2320/1716 2294/2312/1715 2298/2316/1715
f 2304/2322/1714 2255/2273/1714 2307/2325/1714
f 2307/2325/1714 2302/2320/1714 2304/2322/1714
f 2236/2254/262 2245/2263/262 2310/2328/262
f 2310/2328/262 2311/2329/262 2236/2254/262
f 2245/2263/262 2248/2266/262 2312/2330/262
f 2312/2330/262 2310/2328/262 2245/2263/262
f 2248/2266/262 2241/2259/262 2313/2331/262
f 2313/2331/262 2312/2330/262 2248/2266/262
f 2241/2259/262 2244/2262/262 2314/2332/262
f 2314/2332/262 2313/2331/262 2241/2259/262
f 2244/2262/262 2237/2255/262 2315/2333/262
f 2315/2333/262 2314/2332/262 2244/2262/262
f 2237/2255/262 2240/2258/262 2316/2334/262
f 2316/2334/262 2315/2333/262 2237/2255/262
f 2240/2258/262 2233/2251/262 2317/2335/262
f 2317/2335/262 2316/2334/262 2240/2258/262
f 2233/2251/262 2236/2254/262 2311/2329/262
f 2311/2329/262 2317/2335/262 2233/2251/262
f 2318/2336/229 2319/2337/229 2320/2338/229
f 2320/2338/229 2321/2339/229 2318/2336/229
f 2322/2340/5 2323/2341/5 2324/2342/5
f 2324/2342/5 2325/2343/5 2322/2340/5
f 2318/2336/250 2321/2339/250 2326/2344/250
f 2326/2344/250 2327/2345/250 2318/2336/250
f 2321/2339/252 2320/2338/252 2328/2346/252
f 2328/2346/252 2326/2344/252 2321/2339/252
f 2320/2338/127 2319/2337/127 2329/2347/127
f 2329/2347/127 2328/2346/127 2320/2338/127
f 2319/2337/262 2318/2336/262 2327/2345/262
f 2327/2345/262 2329/2347/262 2319/2337/262
f 2327/2345/1717 2326/2344/1717 2330/2348/1717
f 2330/2348/1717 2331/2349/1717 2327/2345/1717
f 2326/2344/1718 2328/2346/1718 2332/2350/1718
f 2332/2350/1718 2330/2348/1718 2326/2344/1718
f 2328/2346/1719 2329/2347/1720 2333/2351/1720
f 2333/2351/1720 2332/2350/1719 2328/2346/1719
f 2329/2347/1721 2327/2345/1721 2331/2349/1721
f 2331/2349/1721 2333/2351/1721 2329/2347/1721
f 2331/2349/1722 2330/2348/1723 2334/2352/1723
f 2334/2352/1723 2335/2353/1722 2331/2349/1722
f 2330/2348/1724 2332/2350/1724 2336/2354/1724
f 2336/2354/1724 2334/2352/1724 2330/2348/1724
f 2332/2350/1725 2333/2351/1726 2337/2355/1726
f 2337/2355/1726 2336/2354/1725 2332/2350/1725
f 2333/2351/1727 2331/2349/1727 2335/2353/1727
f 2335/2353/1727 2337/2355/1727 2333/2351/1727
f 2335/2353/127 2334/2352/127 2323/2341/127
f 2323/2341/127 2322/2340/127 2335/2353/127
f 2334/2352/262 2336/2354/262 2324/2342/262
f 2324/2342/262 2323/2341/262 2334/2352/262
f 2336/2354/250 2337/2355/250 2325/2343/250
f 2325/2343/250 2324/2342/250 2336/2354/250
f 2337/2355/252 2335/2353/252 2322/2340/252
f 2322/2340/252 2325/2343/252 2337/2355/252
f 2338/2356/229 2339/2357/229 2340/2358/229
f 2340/2358/229 2341/2359/229 2338/2356/229
f 2342/2360/5 2343/2361/5 2344/2362/5
f 2344/2362/5 2345/2363/5 2342/2360/5
f 2338/2356/250 2341/2359/250 2346/2364/250
f 2346/2364/250 2347/2365/250 2338/2356/250
f 2341/2359/252 2340/2358/252 2348/2366/252
f 2348/2366/252 2346/2364/252 2341/2359/252
f 2340/2358/127 2339/2357/127 2349/2367/127
f 2349/2367/127 2348/2366/127 2340/2358/127
f 2339/2357/262 2338/2356/262 2347/2365/262
f 2347/2365/262 2349/2367/262 2339/2357/262
f 2347/2365/1728 2346/2364/1729 2350/2368/1729
f 2350/2368/1729 2351/2369/1728 2347/2365/1728
f 2346/2364/1718 2348/2366/1718 2352/2370/1718
f 2352/2370/1718 2350/2368/1718 2346/2364/1718
f 2348/2366/1719 2349/2367/1720 2353/2371/1720
f 2353/2371/1720 2352/2370/1719 2348/2366/1719
f 2349/2367/1721 2347/2365/1721 2351/2369/1721
f 2351/2369/1721 2353/2371/1721 2349/2367/1721
f 2351/2369/1722 2350/2368/1723 2354/2372/1723
f 2354/2372/1723 2355/2373/1722 2351/2369/1722
f 2350/2368/1724 2352/2370/1724 2356/2374/1724
f 2356/2374/1724 2354/2372/1724 2350/2368/1724
f 2352/2370/1726 2353/2371/1726 2357/2375/1726
f 2357/2375/1726 2356/2374/1726 2352/2370/1726
f 2353/2371/1727 2351/2369/1727 2355/2373/1727
f 2355/2373/1727 2357/2375/1727 2353/2371/1727
f 2355/2373/127 2354/2372/127 2343/2361/127
f 2343/2361/127 2342/2360/127 2355/2373/127
f 2354/2372/262 2356/2374/262 2344/2362/262
f 2344/2362/262 2343/2361/262 2354/2372/262
f 2356/2374/250 2357/2375/250 2345/2363/250
f 2345/2363/250 2344/2362/250 2356/2374/250
f 2357/2375/252 2355/2373/252 2342/2360/252
f 2342/2360/252 2345/2363/252 2357/2375/252
f 2358/2376/1730 2359/2377/1731 2360/2378/1732
f 2360/2378/1732 2361/2379/1733 2358/2376/1730
f 2362/2380/1734 2363/2381/1734 2364/2382/1734
f 2364/2382/1734 2365/2383/1734 2362/2380/1734
f 2366/2384/1735 2367/2385/1736 2363/2381/1737
f 2363/2381/1737 2362/2380/1738 2366/2384/1735
f 2368/2386/1739 2369/2387/1739 2367/2385/1739
f 2367/2385/1739 2366/2384/1739 2368/2386/1739
f 2361/2379/1740 2370/2388/1740 2358/2376/1740
f 2371/2389/1741 2362/2380/1742 2365/2383/1742
f 2365/2383/1742 2372/2390/1741 2371/2389/1741
f 2373/2391/1743 2366/2384/1743 2362/2380/1743
f 2362/2380/1744 2371/2389/1744 2373/2391/1744
f 2374/2392/1745 2368/2386/1745 2366/2384/1745
f 2366/2384/1745 2373/2391/1745 2374/2392/1745
f 2374/2392/1746 2375/2393/1747 2376/2394/1747
f 2374/2392/1748 2376/2394/1748 2377/2395/1748
f 2374/2392/1749 2377/2395/1749 2372/2390/1749
f 2378/2396/1750 2371/2389/1750 2372/2390/1750
f 2372/2390/1750 2377/2395/1751 2378/2396/1750
f 2379/2397/1752 2373/2391/1752 2371/2389/1752
f 2371/2389/1753 2378/2396/1753 2379/2397/1753
f 2375/2393/1754 2374/2392/1755 2373/2391/1755
f 2373/2391/1755 2379/2397/1754 2375/2393/1754
f 2380/2398/1756 2381/2399/1756 2382/2400/1756
f 2382/2400/1757 2383/2401/1757 2380/2398/1757
f 2384/2402/1758 2378/2396/1759 2377/2395/1759
f 2377/2395/1759 2385/2403/1758 2384/2402/1758
f 2386/2404/1760 2379/2397/1760 2378/2396/1760
f 2378/2396/1761 2384/2402/1761 2386/2404/1761
f 2387/2405/1762 2375/2393/1762 2379/2397/1762
f 2379/2397/1762 2386/2404/1762 2387/2405/1762
f 2359/2377/1763 2380/2398/1763 2383/2401/1763
f 2383/2401/1764 2360/2378/1764 2359/2377/1764
f 2363/2381/1765 2384/2402/1766 2385/2403/1766
f 2385/2403/1766 2364/2382/1765 2363/2381/1765
f 2367/2385/1767 2386/2404/1767 2384/2402/1767
f 2384/2402/1768 2363/2381/1768 2367/2385/1768
f 2369/2387/1769 2387/2405/1769 2386/2404/1769
f 2386/2404/1769 2367/2385/1769 2369/2387/1769
f 2368/2386/1770 2374/2392/1770 2372/2390/1770
f 2385/2403/1771 2377/2395/1771 2376/2394/1771
f 2369/2387/1772 2368/2386/1772 2361/2379/1772
f 2361/2379/1772 2360/2378/1773 2369/2387/1772
f 2368/2386/1774 2372/2390/1775 2370/2388/1775
f 2370/2388/1775 2361/2379/1774 2368/2386/1774
f 2372/2390/1776 2365/2383/1777 2358/2376/1778
f 2358/2376/1778 2370/2388/1779 2372/2390/1776
f 2365/2383/1780 2364/2382/1781 2359/2377/1782
f 2359/2377/1782 2358/2376/1783 2365/2383/1780
f 2364/2382/1784 2385/2403/1785 2380/2398/1786
f 2380/2398/1786 2359/2377/1787 2364/2382/1784
f 2385/2403/1788 2376/2394/1789 2381/2399/1789
f 2381/2399/1789 2380/2398/1788 2385/2403/1788
f 2376/2394/1747 2375/2393/1747 2382/2400/1790
f 2382/2400/1791 2381/2399/1791 2376/2394/1791
f 2375/2393/1792 2387/2405/1793 2383/2401/1793
f 2383/2401/1793 2382/2400/1794 2375/2393/1792
f 2387/2405/1795 2369/2387/1796 2360/2378/1797
f 2360/2378/1797 2383/2401/1798 2387/2405/1795
f 2388/2406/5 2389/2407/5 2390/2408/5
f 2390/2408/5 2391/2409/5 2392/2410/5
f 2392/2410/5 2393/2411/5 2394/2412/5
f 2390/2408/5 2392/2410/5 2394/2412/5
f 2394/2412/5 2395/2413/5 2396/2414/5
f 2396/2414/5 2397/2415/5 2398/2416/5
f 2394/2412/5 2396/2414/5 2398/2416/5
f 2398/2416/5 2399/2417/5 2400/2418/5
f 2400/2418/5 2401/2419/5 2402/2420/5
f 2398/2416/5 2400/2418/5 2402/2420/5
f 2394/2412/5 2398/2416/5 2402/2420/5
f 2390/2408/5 2394/2412/5 2402/2420/5
f 2402/2420/5 2403/2421/5 2404/2422/5
f 2390/2408/5 2402/2420/5 2404/2422/5
f 2388/2406/5 2390/2408/5 2404/2422/5
f 2405/2423/5 2388/2406/5 2404/2422/5
f 2406/2424/5 2407/2425/5 2408/2426/5
f 2408/2426/5 2409/2427/5 2406/2424/5
f 2407/2425/5 2410/2428/5 2411/2429/5
f 2411/2429/5 2408/2426/5 2407/2425/5
f 2410/2428/5 2412/2430/659 2413/2431/659
f 2413/2431/659 2411/2429/5 2410/2428/5
f 2412/2430/659 2414/2432/5 2415/2433/5
f 2415/2433/5 2413/2431/659 2412/2430/659
f 2414/2432/5 2416/2434/5 2417/2435/5
f 2417/2435/5 2415/2433/5 2414/2432/5
f 2416/2434/5 2418/2436/659 2419/2437/659
f 2419/2437/659 2417/2435/5 2416/2434/5
f 2418/2436/659 2420/2438/5 2421/2439/5
f 2421/2439/5 2419/2437/659 2418/2436/659
f 2420/2438/5 2422/2440/5 2423/2441/5
f 2423/2441/5 2421/2439/5 2420/2438/5
f 2422/2440/5 2424/2442/5 2425/2443/5
f 2425/2443/5 2423/2441/5 2422/2440/5
f 2424/2442/5 2426/2444/5 2427/2445/5
f 2427/2445/5 2425/2443/5 2424/2442/5
f 2426/2444/5 2428/2446/155 2429/2447/155
f 2429/2447/155 2427/2445/5 2426/2444/5
f 2428/2446/155 2430/2448/5 2431/2449/5
f 2431/2449/5 2429/2447/155 2428/2446/155
f 2430/2448/5 2432/2450/5 2433/2451/5
f 2433/2451/5 2431/2449/5 2430/2448/5
f 2432/2450/5 2434/2452/5 2435/2453/5
f 2435/2453/5 2433/2451/5 2432/2450/5
f 2434/2452/5 2436/2454/155 2437/2455/155
f 2437/2455/155 2435/2453/5 2434/2452/5
f 2436/2454/155 2438/2456/5 2439/2457/5
f 2439/2457/5 2437/2455/155 2436/2454/155
f 2438/2456/5 2440/2458/5 2441/2459/5
f 2441/2459/5 2439/2457/5 2438/2456/5
f 2440/2458/5 2406/2424/5 2409/2427/5
f 2409/2427/5 2441/2459/5 2440/2458/5
f 2409/2427/1799 2408/2426/1799 2389/2407/1799
f 2389/2407/1799 2388/2406/1799 2409/2427/1799
f 2408/2426/1040 2411/2429/1040 2390/2408/1040
f 2390/2408/1040 2389/2407/1040 2408/2426/1040
f 2411/2429/1043 2413/2431/1043 2391/2409/1043
f 2391/2409/1043 2390/2408/1043 2411/2429/1043
f 2413/2431/1044 2415/2433/1044 2392/2410/1044
f 2392/2410/1044 2391/2409/1044 2413/2431/1044
f 2415/2433/250 2417/2435/250 2393/2411/250
f 2393/2411/250 2392/2410/250 2415/2433/250
f 2417/2435/1047 2419/2437/1047 2394/2412/1047
f 2394/2412/1047 2393/2411/1047 2417/2435/1047
f 2419/2437/1050 2421/2439/1050 2395/2413/1050
f 2395/2413/1050 2394/2412/1050 2419/2437/1050
f 2421/2439/1051 2423/2441/1051 2396/2414/1051
f 2396/2414/1051 2395/2413/1051 2421/2439/1051
f 2423/2441/1054 2425/2443/1054 2397/2415/1054
f 2397/2415/1054 2396/2414/1054 2423/2441/1054
f 2425/2443/1055 2427/2445/1055 2398/2416/1055
f 2398/2416/1055 2397/2415/1055 2425/2443/1055
f 2427/2445/1024 2429/2447/1024 2399/2417/1024
f 2399/2417/1024 2398/2416/1024 2427/2445/1024
f 2429/2447/1025 2431/2449/1025 2400/2418/1025
f 2400/2418/1025 2399/2417/1025 2429/2447/1025
f 2431/2449/1028 2433/2451/1028 2401/2419/1028
f 2401/2419/1028 2400/2418/1028 2431/2449/1028
f 2433/2451/127 2435/2453/127 2402/2420/127
f 2402/2420/127 2401/2419/127 2433/2451/127
f 2435/2453/1031 2437/2455/1031 2403/2421/1031
f 2403/2421/1031 2402/2420/1031 2435/2453/1031
f 2437/2455/1032 2439/2457/1032 2404/2422/1032
f 2404/2422/1032 2403/2421/1032 2437/2455/1032
f 2439/2457/1035 2441/2459/1035 2405/2423/1035
f 2405/2423/1035 2404/2422/1035 2439/2457/1035
f 2441/2459/1382 2409/2427/1382 2388/2406/1382
f 2388/2406/1382 2405/2423/1382 2441/2459/1382
f 2442/2460/229 2443/2461/1135 2444/2462/229
f 2444/2462/229 2445/2463/229 2446/2464/229
f 2446/2464/229 2447/2465/229 2448/2466/229
f 2444/2462/229 2446/2464/229 2448/2466/229
f 2448/2466/229 2449/2467/229 2450/2468/229
f 2450/2468/229 2451/2469/229 2452/2470/229
f 2448/2466/229 2450/2468/229 2452/2470/229
f 2444/2462/229 2448/2466/229 2452/2470/229
f 2452/2470/229 2453/2471/229 2454/2472/229
f 2454/2472/229 2455/2473/762 2456/2474/229
f 2452/2470/229 2454/2472/229 2456/2474/229
f 2444/2462/229 2452/2470/229 2456/2474/229
f 2442/2460/229 2444/2462/229 2456/2474/229
f 2456/2474/229 2457/2475/229 2458/2476/229
f 2442/2460/229 2456/2474/229 2458/2476/229
f 2459/2477/229 2442/2460/229 2458/2476/229
f 2460/2478/229 2461/2479/229 2462/2480/229
f 2462/2480/229 2463/2481/229 2460/2478/229
f 2463/2481/229 2462/2480/229 2464/2482/762
f 2464/2482/762 2465/2483/762 2463/2481/229
f 2465/2483/762 2464/2482/762 2466/2484/229
f 2466/2484/229 2467/2485/229 2465/2483/762
f 2467/2485/229 2466/2484/229 2468/2486/658
f 2468/2486/658 2469/2487/762 2467/2485/229
f 2469/2487/762 2468/2486/658 2470/2488/229
f 2470/2488/229 2471/2489/229 2469/2487/762
f 2471/2489/229 2470/2488/229 2472/2490/229
f 2472/2490/229 2473/2491/229 2471/2489/229
f 2473/2491/229 2472/2490/229 2474/2492/762
f 2474/2492/762 2475/2493/762 2473/2491/229
f 2475/2493/762 2474/2492/762 2476/2494/229
f 2476/2494/229 2477/2495/229 2475/2493/762
f 2477/2495/229 2476/2494/229 2478/2496/229
f 2478/2496/229 2479/2497/229 2477/2495/229
f 2479/2497/229 2478/2496/229 2480/2498/229
f 2480/2498/229 2481/2499/229 2479/2497/229
f 2481/2499/229 2480/2498/229 2482/2500/229
f 2482/2500/229 2483/2501/229 2481/2499/229
f 2483/2501/229 2482/2500/229 2484/2502/1135
f 2484/2502/1135 2485/2503/1135 2483/2501/229
f 2485/2503/1135 2484/2502/1135 2486/2504/1580
f 2486/2504/1580 2487/2505/1135 2485/2503/1135
f 2487/2505/1135 2486/2504/1580 2488/2506/229
f 2488/2506/229 2489/2507/229 2487/2505/1135
f 2489/2507/229 2488/2506/229 2490/2508/229
f 2490/2508/229 2491/2509/229 2489/2507/229
f 2491/2509/229 2490/2508/229 2492/2510/762
f 2492/2510/762 2493/2511/762 2491/2509/229
f 2493/2511/762 2492/2510/762 2494/2512/229
f 2494/2512/229 2495/2513/229 2493/2511/762
f 2495/2513/229 2494/2512/229 2461/2479/229
f 2461/2479/229 2460/2478/229 2495/2513/229
f 2461/2479/1039 2458/2476/1039 2457/2475/1039
f 2457/2475/1039 2462/2480/1039 2461/2479/1039
f 2462/2480/1040 2457/2475/1040 2456/2474/1040
f 2456/2474/1040 2464/2482/1040 2462/2480/1040
f 2464/2482/1043 2456/2474/1043 2455/2473/1043
f 2455/2473/1043 2466/2484/1043 2464/2482/1043
f 2466/2484/1044 2455/2473/1044 2454/2472/1044
f 2454/2472/1044 2468/2486/1044 2466/2484/1044
f 2468/2486/250 2454/2472/250 2453/2471/250
f 2453/2471/250 2470/2488/250 2468/2486/250
f 2470/2488/1047 2453/2471/1047 2452/2470/1047
f 2452/2470/1047 2472/2490/1047 2470/2488/1047
f 2472/2490/1050 2452/2470/1050 2451/2469/1050
f 2451/2469/1050 2474/2492/1050 2472/2490/1050
f 2474/2492/1051 2451/2469/1051 2450/2468/1051
f 2450/2468/1051 2476/2494/1051 2474/2492/1051
f 2476/2494/1054 2450/2468/1054 2449/2467/1054
f 2449/2467/1054 2478/2496/1054 2476/2494/1054
f 2478/2496/1055 2449/2467/1055 2448/2466/1055
f 2448/2466/1055 2480/2498/1055 2478/2496/1055
f 2480/2498/1024 2448/2466/1024 2447/2465/1024
f 2447/2465/1024 2482/2500/1024 2480/2498/1024
f 2482/2500/1025 2447/2465/1025 2446/2464/1025
f 2446/2464/1025 2484/2502/1025 2482/2500/1025
f 2484/2502/1028 2446/2464/1028 2445/2463/1028
f 2445/2463/1028 2486/2504/1028 2484/2502/1028
f 2486/2504/127 2445/2463/127 2444/2462/127
f 2444/2462/127 2488/2506/127 2486/2504/127
f 2488/2506/1031 2444/2462/1031 2443/2461/1031
f 2443/2461/1031 2490/2508/1031 2488/2506/1031
f 2490/2508/1032 2443/2461/1032 2442/2460/1032
f 2442/2460/1032 2492/2510/1032 2490/2508/1032
f 2492/2510/1035 2442/2460/1035 2459/2477/1035
f 2459/2477/1035 2494/2512/1035 2492/2510/1035
f 2494/2512/1036 2459/2477/1036 2458/2476/1036
f 2458/2476/1036 2461/2479/1036 2494/2512/1036
f 2496/2514/1800 2497/2515/1801 2498/2516/1802
f 2498/2516/1802 2499/2517/1803 2496/2514/1800
f 2500/2518/1804 2501/2519/1804 2502/2520/1804
f 2502/2520/1804 2503/2521/1804 2500/2518/1804
f 2504/2522/1805 2505/2523/1806 2501/2519/1807
f 2501/2519/1807 2500/2518/1808 2504/2522/1805
f 2506/2524/1809 2507/2525/1809 2505/2523/1809
f 2505/2523/1809 2504/2522/1809 2506/2524/1809
f 2499/2517/1810 2508/2526/1810 2496/2514/1810
f 2509/2527/1811 2500/2518/1812 2503/2521/1812
f 2503/2521/1812 2510/2528/1811 2509/2527/1811
f 2511/2529/1813 2504/2522/1813 2500/2518/1813
f 2500/2518/1814 2509/2527/1814 2511/2529/1814
f 2512/2530/1815 2506/2524/1815 2504/2522/1815
f 2504/2522/1815 2511/2529/1815 2512/2530/1815
f 2512/2530/1816 2513/2531/1817 2514/2532/1817
f 2512/2530/1818 2514/2532/1818 2515/2533/1818
f 2512/2530/1819 2515/2533/1819 2510/2528/1819
f 2516/2534/1820 2509/2527/1821 2510/2528/1821
f 2510/2528/1821 2515/2533/1820 2516/2534/1820
f 2517/2535/1822 2511/2529/1822 2509/2527/1822
f 2509/2527/1823 2516/2534/1823 2517/2535/1823
f 2513/2531/1824 2512/2530/1824 2511/2529/1824
f 2511/2529/1824 2517/2535/1824 2513/2531/1824
f 2518/2536/1825 2519/2537/1825 2520/2538/1825
f 2520/2538/1826 2521/2539/1826 2518/2536/1826
f 2522/2540/1827 2516/2534/1828 2515/2533/1828
f 2515/2533/1828 2523/2541/1827 2522/2540/1827
f 2524/2542/1829 2517/2535/1829 2516/2534/1829
f 2516/2534/1830 2522/2540/1830 2524/2542/1830
f 2525/2543/1831 2513/2531/1832 2517/2535/1832
f 2517/2535/1832 2524/2542/1831 2525/2543/1831
f 2497/2515/1833 2518/2536/1833 2521/2539/1833
f 2521/2539/1834 2498/2516/1834 2497/2515/1834
f 2501/2519/1835 2522/2540/1835 2523/2541/1835
f 2523/2541/1835 2502/2520/1835 2501/2519/1835
f 2505/2523/1836 2524/2542/1836 2522/2540/1836
f 2522/2540/1837 2501/2519/1837 2505/2523/1837
f 2507/2525/1838 2525/2543/1838 2524/2542/1838
f 2524/2542/1838 2505/2523/1838 2507/2525/1838
f 2506/2524/1839 2512/2530/1839 2510/2528/1839
f 2523/2541/1840 2515/2533/1840 2514/2532/1840
f 2507/2525/1841 2506/2524/1842 2499/2517/1843
f 2499/2517/1843 2498/2516/1841 2507/2525/1841
f 2506/2524/1844 2510/2528/1845 2508/2526/1846
f 2508/2526/1846 2499/2517/1844 2506/2524/1844
f 2510/2528/1847 2503/2521/1848 2496/2514/1849
f 2496/2514/1849 2508/2526/1850 2510/2528/1847
f 2503/2521/1851 2502/2520/1852 2497/2515/1853
f 2497/2515/1853 2496/2514/1854 2503/2521/1851
f 2502/2520/1855 2523/2541/1856 2518/2536/1857
f 2518/2536/1857 2497/2515/1858 2502/2520/1855
f 2523/2541/1859 2514/2532/1860 2519/2537/1860
f 2519/2537/1860 2518/2536/1859 2523/2541/1859
f 2514/2532/1817 2513/2531/1817 2520/2538/1861
f 2520/2538/1862 2519/2537/1862 2514/2532/1862
f 2513/2531/1863 2525/2543/1864 2521/2539/1865
f 2521/2539/1865 2520/2538/1866 2513/2531/1863
f 2525/2543/1867 2507/2525/1868 2498/2516/1869
f 2498/2516/1869 2521/2539/1870 2525/2543/1867
f 2526/2544/1871 2527/2545/1872 2528/2546/1873
f 2528/2546/1873 2529/2547/1874 2526/2544/1871
f 2530/2548/1875 2531/2549/1875 2532/2550/1875
f 2532/2550/1875 2533/2551/1875 2530/2548/1875
f 2534/2552/1876 2535/2553/1877 2531/2549/1878
f 2531/2549/1878 2530/2548/1879 2534/2552/1876
f 2536/2554/1880 2537/2555/1880 2535/2553/1880
f 2535/2553/1880 2534/2552/1880 2536/2554/1880
f 2529/2547/1881 2538/2556/1881 2526/2544/1881
f 2539/2557/1882 2530/2548/1882 2533/2551/1882
f 2533/2551/1882 2540/2558/1882 2539/2557/1882
f 2541/2559/1883 2534/2552/1883 2530/2548/1883
f 2530/2548/1884 2539/2557/1884 2541/2559/1884
f 2542/2560/1885 2536/2554/1885 2534/2552/1885
f 2534/2552/1885 2541/2559/1885 2542/2560/1885
f 2542/2560/1886 2543/2561/1887 2544/2562/1887
f 2542/2560/1888 2544/2562/1888 2545/2563/1888
f 2542/2560/1889 2545/2563/1889 2540/2558/1889
f 2546/2564/1890 2539/2557/1891 2540/2558/1891
f 2540/2558/1891 2545/2563/1890 2546/2564/1890
f 2547/2565/1892 2541/2559/1892 2539/2557/1892
f 2539/2557/1893 2546/2564/1893 2547/2565/1893
f 2543/2561/1894 2542/2560/1894 2541/2559/1894
f 2541/2559/1894 2547/2565/1894 2543/2561/1894
f 2548/2566/1895 2549/2567/1895 2550/2568/1895
f 2550/2568/1896 2551/2569/1896 2548/2566/1896
f 2552/2570/1897 2546/2564/1897 2545/2563/1897
f 2545/2563/1897 2553/2571/1897 2552/2570/1897
f 2554/2572/1898 2547/2565/1898 2546/2564/1898
f 2546/2564/1899 2552/2570/1899 2554/2572/1899
f 2555/2573/1900 2543/2561/1900 2547/2565/1900
f 2547/2565/1900 2554/2572/1900 2555/2573/1900
f 2527/2545/1901 2548/2566/1901 2551/2569/1901
f 2551/2569/1902 2528/2546/1902 2527/2545/1902
f 2531/2549/1903 2552/2570/1903 2553/2571/1903
f 2553/2571/1903 2532/2550/1903 2531/2549/1903
f 2535/2553/1904 2554/2572/1904 2552/2570/1904
f 2552/2570/1905 2531/2549/1905 2535/2553/1905
f 2537/2555/1906 2555/2573/1906 2554/2572/1906
f 2554/2572/1906 2535/2553/1906 2537/2555/1906
f 2536/2554/1907 2542/2560/1907 2540/2558/1907
f 2553/2571/1908 2545/2563/1908 2544/2562/1908
f 2537/2555/1909 2536/2554/1910 2529/2547/1911
f 2529/2547/1911 2528/2546/1912 2537/2555/1909
f 2536/2554/1913 2540/2558/1914 2538/2556/1915
f 2538/2556/1915 2529/2547/1913 2536/2554/1913
f 2540/2558/1916 2533/2551/1917 2526/2544/1918
f 2526/2544/1918 2538/2556/1919 2540/2558/1916
f 2533/2551/1920 2532/2550/1921 2527/2545/1922
f 2527/2545/1922 2526/2544/1923 2533/2551/1920
f 2532/2550/1924 2553/2571/1925 2548/2566/1926
f 2548/2566/1926 2527/2545/1927 2532/2550/1924
f 2553/2571/1928 2544/2562/1929 2549/2567/1929
f 2549/2567/1929 2548/2566/1928 2553/2571/1928
f 2544/2562/1887 2543/2561/1887 2550/2568/1930
f 2550/2568/1931 2549/2567/1931 2544/2562/1931
f 2543/2561/1932 2555/2573/1933 2551/2569/1933
f 2551/2569/1933 2550/2568/1932 2543/2561/1932
f 2555/2573/1934 2537/2555/1935 2528/2546/1936
f 2528/2546/1936 2551/2569/1937 2555/2573/1934
f 2556/2574/229 2557/2575/229 2558/2576/229
f 2559/2577/229 2556/2574/229 2558/2576/229
f 2560/2578/229 2559/2577/229 2558/2576/229
f 2557/2575/1938 2561/2579/1938 2562/2580/1939
f 2562/2580/1939 2558/2576/1939 2557/2575/1938
f 2556/2574/1940 2563/2581/1940 2561/2579/1940
f 2561/2579/1940 2557/2575/1940 2556/2574/1940
f 2559/2577/1941 2564/2582/1941 2563/2581/1941
f 2563/2581/1941 2556/2574/1941 2559/2577/1941
f 2560/2578/1942 2565/2583/1942 2564/2582/1942
f 2564/2582/1942 2559/2577/1942 2560/2578/1942
f 2558/2576/1943 2562/2580/1943 2565/2583/1944
f 2565/2583/1944 2560/2578/1944 2558/2576/1943
f 2566/2584/5 2567/2585/5 2568/2586/5
f 2569/2587/5 2566/2584/5 2568/2586/5
f 2570/2588/5 2569/2587/5 2568/2586/5
f 2571/2589/1945 2572/2590/1945 2573/2591/1945
f 2573/2591/1945 2574/2592/1946 2571/2589/1945
f 2572/2590/1947 2575/2593/1948 2576/2594/1948
f 2576/2594/1948 2573/2591/1949 2572/2590/1947
f 2575/2593/1950 2577/2595/1951 2578/2596/1951
f 2578/2596/1951 2576/2594/1950 2575/2593/1950
f 2577/2595/1952 2579/2597/1953 2580/2598/1953
f 2580/2598/1953 2578/2596/1952 2577/2595/1952
f 2579/2597/1954 2571/2589/1955 2574/2592/1956
f 2574/2592/1956 2580/2598/1954 2579/2597/1954
f 2572/2590/1957 2571/2589/1958 2562/2580/1958
f 2562/2580/1958 2561/2579/1957 2572/2590/1957
f 2575/2593/1959 2572/2590/1959 2561/2579/1959
f 2561/2579/1959 2563/2581/1959 2575/2593/1959
f 2577/2595/1960 2575/2593/1961 2563/2581/1960
f 2563/2581/1960 2564/2582/1960 2577/2595/1960
f 2579/2597/1962 2577/2595/1962 2564/2582/1962
f 2564/2582/1962 2565/2583/1962 2579/2597/1962
f 2571/2589/1963 2579/2597/1963 2565/2583/1963
f 2565/2583/1963 2562/2580/1963 2571/2589/1963
f 2574/2592/1964 2573/2591/1965 2566/2584/1965
f 2566/2584/1965 2569/2587/1964 2574/2592/1964
f 2573/2591/1966 2576/2594/1967 2567/2585/1967
f 2567/2585/1967 2566/2584/1966 2573/2591/1966
f 2576/2594/1968 2578/2596/1968 2568/2586/1968
f 2568/2586/1968 2567/2585/1968 2576/2594/1968
f 2578/2596/1969 2580/2598/1970 2570/2588/1970
f 2570/2588/1970 2568/2586/1971 2578/2596/1969
f 2580/2598/1972 2574/2592/1972 2569/2587/1972
f 2569/2587/1972 2570/2588/1972 2580/2598/1972
f 2581/2599/1973 2582/2600/1974 2583/2601/1975
f 2583/2601/1975 2584/2602/1976 2581/2599/1973
f 2585/2603/1977 2586/2604/1977 2587/2605/1977
f 2587/2605/1977 2588/2606/1978 2585/2603/1977
f 2589/2607/1979 2590/2608/1980 2586/2604/1981
f 2586/2604/1981 2585/2603/1982 2589/2607/1979
f 2591/2609/1983 2592/2610/1983 2590/2608/1983
f 2590/2608/1983 2589/2607/1983 2591/2609/1983
f 2584/2602/1984 2593/2611/1984 2581/2599/1984
f 2594/2612/1985 2585/2603/1985 2588/2606/1985
f 2588/2606/1985 2595/2613/1985 2594/2612/1985
f 2596/2614/1986 2589/2607/1986 2585/2603/1986
f 2585/2603/1987 2594/2612/1987 2596/2614/1987
f 2597/2615/1988 2591/2609/1988 2589/2607/1988
f 2589/2607/1988 2596/2614/1989 2597/2615/1988
f 2597/2615/1990 2598/2616/1991 2599/2617/1992
f 2597/2615/1993 2599/2617/1993 2600/2618/1993
f 2597/2615/1994 2600/2618/1994 2595/2613/1994
f 2601/2619/1995 2594/2612/1996 2595/2613/1996
f 2595/2613/1996 2600/2618/1995 2601/2619/1995
f 2602/2620/1997 2596/2614/1997 2594/2612/1997
f 2594/2612/1998 2601/2619/1998 2602/2620/1998
f 2598/2616/1991 2597/2615/1990 2596/2614/1999
f 2596/2614/1999 2602/2620/1999 2598/2616/1991
f 2603/2621/2000 2604/2622/2000 2605/2623/2000
f 2605/2623/2001 2606/2624/2001 2603/2621/2001
f 2607/2625/2002 2601/2619/2002 2600/2618/2002
f 2600/2618/2002 2608/2626/2002 2607/2625/2002
f 2609/2627/2003 2602/2620/2003 2601/2619/2003
f 2601/2619/2004 2607/2625/2004 2609/2627/2004
f 2610/2628/2005 2598/2616/2005 2602/2620/2005
f 2602/2620/2005 2609/2627/2005 2610/2628/2005
f 2582/2600/2006 2603/2621/2006 2606/2624/2006
f 2606/2624/2007 2583/2601/2007 2582/2600/2007
f 2586/2604/2008 2607/2625/2009 2608/2626/2010
f 2608/2626/2010 2587/2605/2008 2586/2604/2008
f 2590/2608/2011 2609/2627/2011 2607/2625/2011
f 2607/2625/2012 2586/2604/2012 2590/2608/2012
f 2592/2610/2013 2610/2628/2014 2609/2627/2014
f 2609/2627/2014 2590/2608/2013 2592/2610/2013
f 2591/2609/2015 2597/2615/2015 2595/2613/2015
f 2608/2626/2016 2600/2618/2016 2599/2617/2016
f 2592/2610/2017 2591/2609/2018 2584/2602/2019
f 2584/2602/2019 2583/2601/2020 2592/2610/2017
f 2591/2609/2021 2595/2613/2022 2593/2611/2023
f 2593/2611/2023 2584/2602/2021 2591/2609/2021
f 2595/2613/2024 2588/2606/2025 2581/2599/2026
f 2581/2599/2026 2593/2611/2027 2595/2613/2024
f 2588/2606/2028 2587/2605/2029 2582/2600/2030
f 2582/2600/2030 2581/2599/2031 2588/2606/2028
f 2587/2605/2032 2608/2626/2033 2603/2621/2034
f 2603/2621/2034 2582/2600/2035 2587/2605/2032
f 2608/2626/2036 2599/2617/2037 2604/2622/2037
f 2604/2622/2037 2603/2621/2036 2608/2626/2036
f 2599/2617/1992 2598/2616/1991 2605/2623/2038
f 2605/2623/2039 2604/2622/2039 2599/2617/2039
f 2598/2616/2040 2610/2628/2041 2606/2624/2041
f 2606/2624/2041 2605/2623/2040 2598/2616/2040
f 2610/2628/2042 2592/2610/2043 2583/2601/2044
f 2583/2601/2044 2606/2624/2045 2610/2628/2042
f 2611/2629/2046 2612/2630/2047 2613/2631/2048
f 2613/2631/2048 2614/2632/2049 2611/2629/2046
f 2615/2633/2050 2616/2634/2050 2617/2635/2050
f 2617/2635/2050 2618/2636/2050 2615/2633/2050
f 2619/2637/2051 2620/2638/2052 2616/2634/2053
f 2616/2634/2053 2615/2633/2054 2619/2637/2051
f 2621/2639/2055 2622/2640/2055 2620/2638/2055
f 2620/2638/2055 2619/2637/2055 2621/2639/2055
f 2614/2632/2056 2623/2641/2056 2611/2629/2056
f 2624/2642/2057 2615/2633/2057 2618/2636/2057
f 2618/2636/2057 2625/2643/2057 2624/2642/2057
f 2626/2644/2058 2619/2637/2058 2615/2633/2058
f 2615/2633/2059 2624/2642/2059 2626/2644/2059
f 2627/2645/2060 2621/2639/2060 2619/2637/2060
f 2619/2637/2060 2626/2644/2060 2627/2645/2060
f 2627/2645/2061 2628/2646/2062 2629/2647/2062
f 2627/2645/2063 2629/2647/2063 2630/2648/2063
f 2627/2645/2064 2630/2648/2064 2625/2643/2064
f 2631/2649/2065 2624/2642/2066 2625/2643/2066
f 2625/2643/2066 2630/2648/2065 2631/2649/2065
f 2632/2650/2067 2626/2644/2067 2624/2642/2067
f 2624/2642/2068 2631/2649/2068 2632/2650/2068
f 2628/2646/2069 2627/2645/2069 2626/2644/2069
f 2626/2644/2069 2632/2650/2069 2628/2646/2069
f 2633/2651/2070 2634/2652/2070 2635/2653/2070
f 2635/2653/2071 2636/2654/2071 2633/2651/2071
f 2637/2655/2072 2631/2649/2072 2630/2648/2072
f 2630/2648/2072 2638/2656/2072 2637/2655/2072
f 2639/2657/2073 2632/2650/2073 2631/2649/2073
f 2631/2649/2074 2637/2655/2074 2639/2657/2074
f 2640/2658/2075 2628/2646/2075 2632/2650/2075
f 2632/2650/2075 2639/2657/2075 2640/2658/2075
f 2612/2630/2076 2633/2651/2076 2636/2654/2076
f 2636/2654/2077 2613/2631/2077 2612/2630/2077
f 2616/2634/2078 2637/2655/2079 2638/2656/2079
f 2638/2656/2079 2617/2635/2078 2616/2634/2078
f 2620/2638/2080 2639/2657/2080 2637/2655/2080
f 2637/2655/2081 2616/2634/2081 2620/2638/2081
f 2622/2640/2082 2640/2658/2082 2639/2657/2082
f 2639/2657/2082 2620/2638/2082 2622/2640/2082
f 2621/2639/2083 2627/2645/2083 2625/2643/2083
f 2638/2656/2084 2630/2648/2084 2629/2647/2084
f 2622/2640/2085 2621/2639/2086 2614/2632/2086
f 2614/2632/2086 2613/2631/2087 2622/2640/2085
f 2621/2639/2088 2625/2643/2089 2623/2641/2090
f 2623/2641/2090 2614/2632/2088 2621/2639/2088
f 2625/2643/2091 2618/2636/2092 2611/2629/2093
f 2611/2629/2093 2623/2641/2094 2625/2643/2091
f 2618/2636/2095 2617/2635/2096 2612/2630/2097
f 2612/2630/2097 2611/2629/2098 2618/2636/2095
f 2617/2635/2099 2638/2656/2100 2633/2651/2101
f 2633/2651/2101 2612/2630/2102 2617/2635/2099
f 2638/2656/2103 2629/2647/2104 2634/2652/2104
f 2634/2652/2104 2633/2651/2103 2638/2656/2103
f 2629/2647/2062 2628/2646/2062 2635/2653/2105
f 2635/2653/2106 2634/2652/2106 2629/2647/2106
f 2628/2646/2107 2640/2658/2108 2636/2654/2108
f 2636/2654/2108 2635/2653/2107 2628/2646/2107
f 2640/2658/2109 2622/2640/2110 2613/2631/2111
f 2613/2631/2111 2636/2654/2112 2640/2658/2109
f 2641/2659/2113 2642/2660/1731 2643/2661/1732
f 2643/2661/1732 2644/2662/1733 2641/2659/2113
f 2645/2663/1734 2646/2664/1734 2647/2665/1734
f 2647/2665/1734 2648/2666/1734 2645/2663/1734
f 2649/2667/1735 2650/2668/1736 2646/2664/2114
f 2646/2664/2114 2645/2663/1738 2649/2667/1735
f 2651/2669/1739 2652/2670/1739 2650/2668/1739
f 2650/2668/1739 2649/2667/1739 2651/2669/1739
f 2644/2662/1740 2653/2671/1740 2641/2659/1740
f 2654/2672/1741 2645/2663/1741 2648/2666/1741
f 2648/2666/1741 2655/2673/1741 2654/2672/1741
f 2656/2674/1743 2649/2667/1743 2645/2663/1743
f 2645/2663/1744 2654/2672/1744 2656/2674/1744
f 2657/2675/1745 2651/2669/1745 2649/2667/1745
f 2649/2667/1745 2656/2674/1745 2657/2675/1745
f 2657/2675/1746 2658/2676/1747 2659/2677/1747
f 2657/2675/1748 2659/2677/1748 2660/2678/1748
f 2657/2675/1749 2660/2678/1749 2655/2673/1749
f 2661/2679/1750 2654/2672/1750 2655/2673/1750
f 2655/2673/1750 2660/2678/1750 2661/2679/1750
f 2662/2680/1752 2656/2674/1752 2654/2672/1752
f 2654/2672/2115 2661/2679/2115 2662/2680/2115
f 2658/2676/1754 2657/2675/1755 2656/2674/1755
f 2656/2674/1755 2662/2680/1754 2658/2676/1754
f 2663/2681/2116 2664/2682/2116 2665/2683/2116
f 2665/2683/1757 2666/2684/1757 2663/2681/1757
f 2667/2685/1758 2661/2679/1759 2660/2678/1759
f 2660/2678/1759 2668/2686/1758 2667/2685/1758
f 2669/2687/2117 2662/2680/2117 2661/2679/2117
f 2661/2679/2118 2667/2685/2118 2669/2687/2118
f 2670/2688/1762 2658/2676/1762 2662/2680/1762
f 2662/2680/1762 2669/2687/1762 2670/2688/1762
f 2642/2660/1763 2663/2681/1763 2666/2684/1763
f 2666/2684/1764 2643/2661/1764 2642/2660/1764
f 2646/2664/1765 2667/2685/1766 2668/2686/1766
f 2668/2686/1766 2647/2665/1765 2646/2664/1765
f 2650/2668/1767 2669/2687/1767 2667/2685/1767
f 2667/2685/1768 2646/2664/1768 2650/2668/1768
f 2652/2670/1769 2670/2688/1769 2669/2687/1769
f 2669/2687/1769 2650/2668/1769 2652/2670/1769
f 2651/2669/1770 2657/2675/1770 2655/2673/1770
f 2668/2686/1771 2660/2678/1771 2659/2677/1771
f 2652/2670/1773 2651/2669/1772 2644/2662/1772
f 2644/2662/1772 2643/2661/1773 2652/2670/1773
f 2651/2669/1774 2655/2673/1775 2653/2671/2119
f 2653/2671/2119 2644/2662/2119 2651/2669/1774
f 2655/2673/1776 2648/2666/1777 2641/2659/1778
f 2641/2659/1778 2653/2671/1779 2655/2673/1776
f 2648/2666/2120 2647/2665/2121 2642/2660/2122
f 2642/2660/2122 2641/2659/1783 2648/2666/2120
f 2647/2665/1784 2668/2686/1785 2663/2681/2123
f 2663/2681/2123 2642/2660/1787 2647/2665/1784
f 2668/2686/1788 2659/2677/1789 2664/2682/1789
f 2664/2682/1789 2663/2681/1788 2668/2686/1788
f 2659/2677/1747 2658/2676/1747 2665/2683/1790
f 2665/2683/2124 2664/2682/2124 2659/2677/2124
f 2658/2676/1794 2670/2688/2125 2666/2684/2125
f 2666/2684/2125 2665/2683/1794 2658/2676/1794
f 2670/2688/2126 2652/2670/2127 2643/2661/1797
f 2643/2661/1797 2666/2684/1798 2670/2688/2126
f 2671/2689/5 2672/2690/5 2673/2691/5
f 2673/2691/5 2674/2692/5 2675/2693/5
f 2675/2693/5 2676/2694/5 2677/2695/5
f 2673/2691/5 2675/2693/5 2677/2695/5
f 2677/2695/5 2678/2696/5 2679/2697/5
f 2679/2697/5 2680/2698/5 2681/2699/5
f 2677/2695/5 2679/2697/5 2681/2699/5
f 2681/2699/5 2682/2700/5 2683/2701/5
f 2683/2701/5 2684/2702/5 2685/2703/5
f 2681/2699/5 2683/2701/5 2685/2703/5
f 2677/2695/5 2681/2699/5 2685/2703/5
f 2673/2691/5 2677/2695/5 2685/2703/5
f 2685/2703/5 2686/2704/5 2687/2705/5
f 2673/2691/5 2685/2703/5 2687/2705/5
f 2671/2689/5 2673/2691/5 2687/2705/5
f 2688/2706/5 2671/2689/5 2687/2705/5
f 2689/2707/5 2690/2708/5 2691/2709/5
f 2691/2709/5 2692/2710/5 2689/2707/5
f 2690/2708/5 2693/2711/5 2694/2712/5
f 2694/2712/5 2691/2709/5 2690/2708/5
f 2693/2711/5 2695/2713/5 2696/2714/5
f 2696/2714/5 2694/2712/5 2693/2711/5
f 2695/2713/5 2697/2715/5 2698/2716/5
f 2698/2716/5 2696/2714/5 2695/2713/5
f 2697/2715/5 2699/2717/5 2700/2718/5
f 2700/2718/5 2698/2716/5 2697/2715/5
f 2699/2717/5 2701/2719/659 2702/2720/659
f 2702/2720/659 2700/2718/5 2699/2717/5
f 2701/2719/659 2703/2721/5 2704/2722/5
f 2704/2722/5 2702/2720/659 2701/2719/659
f 2703/2721/5 2705/2723/5 2706/2724/5
f 2706/2724/5 2704/2722/5 2703/2721/5
f 2705/2723/5 2707/2725/5 2708/2726/5
f 2708/2726/5 2706/2724/5 2705/2723/5
f 2707/2725/5 2709/2727/5 2710/2728/5
f 2710/2728/5 2708/2726/5 2707/2725/5
f 2709/2727/5 2711/2729/155 2712/2730/155
f 2712/2730/155 2710/2728/5 2709/2727/5
f 2711/2729/155 2713/2731/5 2714/2732/5
f 2714/2732/5 2712/2730/155 2711/2729/155
f 2713/2731/5 2715/2733/5 2716/2734/5
f 2716/2734/5 2714/2732/5 2713/2731/5
f 2715/2733/5 2717/2735/659 2718/2736/659
f 2718/2736/659 2716/2734/5 2715/2733/5
f 2717/2735/659 2719/2737/5 2720/2738/5
f 2720/2738/5 2718/2736/659 2717/2735/659
f 2719/2737/5 2721/2739/5 2722/2740/5
f 2722/2740/5 2720/2738/5 2719/2737/5
f 2721/2739/5 2723/2741/5 2724/2742/5
f 2724/2742/5 2722/2740/5 2721/2739/5
f 2723/2741/5 2689/2707/5 2692/2710/5
f 2692/2710/5 2724/2742/5 2723/2741/5
f 2692/2710/1039 2691/2709/1039 2672/2690/1039
f 2672/2690/1039 2671/2689/1039 2692/2710/1039
f 2691/2709/1040 2694/2712/1040 2673/2691/1040
f 2673/2691/1040 2672/2690/1040 2691/2709/1040
f 2694/2712/1043 2696/2714/1043 2674/2692/1043
f 2674/2692/1043 2673/2691/1043 2694/2712/1043
f 2696/2714/1044 2698/2716/1044 2675/2693/1044
f 2675/2693/1044 2674/2692/1044 2696/2714/1044
f 2698/2716/250 2700/2718/250 2676/2694/250
f 2676/2694/250 2675/2693/250 2698/2716/250
f 2700/2718/1047 2702/2720/1047 2677/2695/1047
f 2677/2695/1047 2676/2694/1047 2700/2718/1047
f 2702/2720/1050 2704/2722/1050 2678/2696/1050
f 2678/2696/1050 2677/2695/1050 2702/2720/1050
f 2704/2722/1051 2706/2724/1051 2679/2697/1051
f 2679/2697/1051 2678/2696/1051 2704/2722/1051
f 2706/2724/1054 2708/2726/1054 2680/2698/1054
f 2680/2698/1054 2679/2697/1054 2706/2724/1054
f 2708/2726/1055 2710/2728/1055 2681/2699/1055
f 2681/2699/1055 2680/2698/1055 2708/2726/1055
f 2710/2728/1024 2712/2730/1024 2682/2700/1024
f 2682/2700/1024 2681/2699/1024 2710/2728/1024
f 2712/2730/1025 2714/2732/1025 2683/2701/1025
f 2683/2701/1025 2682/2700/1025 2712/2730/1025
f 2714/2732/1028 2716/2734/1028 2684/2702/1028
f 2684/2702/1028 2683/2701/1028 2714/2732/1028
f 2716/2734/127 2718/2736/127 2685/2703/127
f 2685/2703/127 2684/2702/127 2716/2734/127
f 2718/2736/1031 2720/2738/1031 2686/2704/1031
f 2686/2704/1031 2685/2703/1031 2718/2736/1031
f 2720/2738/1032 2722/2740/1032 2687/2705/1032
f 2687/2705/1032 2686/2704/1032 2720/2738/1032
f 2722/2740/1035 2724/2742/1035 2688/2706/1035
f 2688/2706/1035 2687/2705/1035 2722/2740/1035
f 2724/2742/1382 2692/2710/1382 2671/2689/1382
f 2671/2689/1382 2688/2706/1382 2724/2742/1382
f 2725/2743/229 2726/2744/1135 2727/2745/229
f 2727/2745/229 2728/2746/229 2729/2747/229
f 2729/2747/229 2730/2748/229 2731/2749/229
f 2727/2745/229 2729/2747/229 2731/2749/229
f 2731/2749/229 2732/2750/229 2733/2751/229
f 2733/2751/229 2734/2752/229 2735/2753/229
f 2731/2749/229 2733/2751/229 2735/2753/229
f 2727/2745/229 2731/2749/229 2735/2753/229
f 2735/2753/229 2736/2754/762 2737/2755/229
f 2737/2755/229 2738/2756/229 2739/2757/229
f 2735/2753/229 2737/2755/229 2739/2757/229
f 2727/2745/229 2735/2753/229 2739/2757/229
f 2725/2743/229 2727/2745/229 2739/2757/229
f 2739/2757/229 2740/2758/229 2741/2759/229
f 2725/2743/229 2739/2757/229 2741/2759/229
f 2742/2760/229 2725/2743/229 2741/2759/229
f 2743/2761/229 2744/2762/229 2745/2763/229
f 2745/2763/229 2746/2764/229 2743/2761/229
f 2746/2764/229 2745/2763/229 2747/2765/229
f 2747/2765/229 2748/2766/229 2746/2764/229
f 2748/2766/229 2747/2765/229 2749/2767/658
f 2749/2767/658 2750/2768/658 2748/2766/229
f 2750/2768/658 2749/2767/658 2751/2769/229
f 2751/2769/229 2752/2770/229 2750/2768/658
f 2752/2770/229 2751/2769/229 2753/2771/658
f 2753/2771/658 2754/2772/762 2752/2770/229
f 2754/2772/762 2753/2771/658 2755/2773/1135
f 2755/2773/1135 2756/2774/1135 2754/2772/762
f 2756/2774/1135 2755/2773/1135 2757/2775/229
f 2757/2775/229 2758/2776/229 2756/2774/1135
f 2758/2776/229 2757/2775/229 2759/2777/229
f 2759/2777/229 2760/2778/229 2758/2776/229
f 2760/2778/229 2759/2777/229 2761/2779/229
f 2761/2779/229 2762/2780/229 2760/2778/229
f 2762/2780/229 2761/2779/229 2763/2781/229
f 2763/2781/229 2764/2782/229 2762/2780/229
f 2764/2782/229 2763/2781/229 2765/2783/229
f 2765/2783/229 2766/2784/229 2764/2782/229
f 2766/2784/229 2765/2783/229 2767/2785/1580
f 2767/2785/1580 2768/2786/1580 2766/2784/229
f 2768/2786/1580 2767/2785/1580 2769/2787/762
f 2769/2787/762 2770/2788/762 2768/2786/1580
f 2770/2788/762 2769/2787/762 2771/2789/1135
f 2771/2789/1135 2772/2790/1135 2770/2788/762
f 2772/2790/1135 2771/2789/1135 2773/2791/229
f 2773/2791/229 2774/2792/229 2772/2790/1135
f 2774/2792/229 2773/2791/229 2775/2793/229
f 2775/2793/229 2776/2794/229 2774/2792/229
f 2776/2794/229 2775/2793/229 2777/2795/229
f 2777/2795/229 2778/2796/229 2776/2794/229
f 2778/2796/229 2777/2795/229 2744/2762/229
f 2744/2762/229 2743/2761/229 2778/2796/229
f 2744/2762/1039 2741/2759/1039 2740/2758/1039
f 2740/2758/1039 2745/2763/1039 2744/2762/1039
f 2745/2763/1040 2740/2758/1040 2739/2757/1040
f 2739/2757/1040 2747/2765/1040 2745/2763/1040
f 2747/2765/1043 2739/2757/1043 2738/2756/1043
f 2738/2756/1043 2749/2767/1043 2747/2765/1043
f 2749/2767/1044 2738/2756/1044 2737/2755/1044
f 2737/2755/1044 2751/2769/1044 2749/2767/1044
f 2751/2769/250 2737/2755/250 2736/2754/250
f 2736/2754/250 2753/2771/250 2751/2769/250
f 2753/2771/1047 2736/2754/1047 2735/2753/1047
f 2735/2753/1047 2755/2773/1047 2753/2771/1047
f 2755/2773/1050 2735/2753/1050 2734/2752/1050
f 2734/2752/1050 2757/2775/1050 2755/2773/1050
f 2757/2775/1051 2734/2752/1051 2733/2751/1051
f 2733/2751/1051 2759/2777/1051 2757/2775/1051
f 2759/2777/1054 2733/2751/1054 2732/2750/1054
f 2732/2750/1054 2761/2779/1054 2759/2777/1054
f 2761/2779/1055 2732/2750/1055 2731/2749/1055
f 2731/2749/1055 2763/2781/1055 2761/2779/1055
f 2763/2781/1024 2731/2749/1024 2730/2748/1024
f 2730/2748/1024 2765/2783/1024 2763/2781/1024
f 2765/2783/1025 2730/2748/1025 2729/2747/1025
f 2729/2747/1025 2767/2785/1025 2765/2783/1025
f 2767/2785/1028 2729/2747/1028 2728/2746/1028
f 2728/2746/1028 2769/2787/1028 2767/2785/1028
f 2769/2787/127 2728/2746/127 2727/2745/127
f 2727/2745/127 2771/2789/127 2769/2787/127
f 2771/2789/1031 2727/2745/1031 2726/2744/1031
f 2726/2744/1031 2773/2791/1031 2771/2789/1031
f 2773/2791/1032 2726/2744/1032 2725/2743/1032
f 2725/2743/1032 2775/2793/1032 2773/2791/1032
f 2775/2793/1035 2725/2743/1035 2742/2760/1035
f 2742/2760/1035 2777/2795/1035 2775/2793/1035
f 2777/2795/1036 2742/2760/1036 2741/2759/1382
f 2741/2759/1382 2744/2762/1382 2777/2795/1036
f 2779/2797/1800 2780/2798/2128 2781/2799/1802
f 2781/2799/1802 2782/2800/1803 2779/2797/1800
f 2783/2801/1804 2784/2802/1804 2785/2803/1804
f 2785/2803/1804 2786/2804/1804 2783/2801/1804
f 2787/2805/2129 2788/2806/1806 2784/2802/2130
f 2784/2802/2130 2783/2801/2131 2787/2805/2129
f 2789/2807/1809 2790/2808/1809 2788/2806/1809
f 2788/2806/1809 2787/2805/1809 2789/2807/1809
f 2782/2800/1810 2791/2809/1810 2779/2797/1810
f 2792/2810/1811 2783/2801/1812 2786/2804/1812
f 2786/2804/1812 2793/2811/1811 2792/2810/1811
f 2794/2812/1813 2787/2805/1813 2783/2801/1813
f 2783/2801/1814 2792/2810/1814 2794/2812/1814
f 2795/2813/1815 2789/2807/1815 2787/2805/1815
f 2787/2805/1815 2794/2812/1815 2795/2813/1815
f 2795/2813/1816 2796/2814/1817 2797/2815/1817
f 2795/2813/1818 2797/2815/1818 2798/2816/1818
f 2795/2813/2132 2798/2816/2132 2793/2811/2132
f 2799/2817/1820 2792/2810/2133 2793/2811/1821
f 2793/2811/1821 2798/2816/1820 2799/2817/1820
f 2800/2818/1822 2794/2812/1822 2792/2810/1822
f 2792/2810/1823 2799/2817/1823 2800/2818/1823
f 2796/2814/2134 2795/2813/2135 2794/2812/2135
f 2794/2812/2135 2800/2818/2134 2796/2814/2134
f 2801/2819/2136 2802/2820/2136 2803/2821/2136
f 2803/2821/2137 2804/2822/2137 2801/2819/2137
f 2805/2823/2138 2799/2817/2138 2798/2816/2138
f 2798/2816/2138 2806/2824/2138 2805/2823/2138
f 2807/2825/2139 2800/2818/2139 2799/2817/2139
f 2799/2817/1830 2805/2823/1830 2807/2825/1830
f 2808/2826/1831 2796/2814/1832 2800/2818/1832
f 2800/2818/1832 2807/2825/1831 2808/2826/1831
f 2780/2798/2140 2801/2819/2140 2804/2822/2140
f 2804/2822/1834 2781/2799/1834 2780/2798/1834
f 2784/2802/1835 2805/2823/1835 2806/2824/1835
f 2806/2824/1835 2785/2803/1835 2784/2802/1835
f 2788/2806/1836 2807/2825/1836 2805/2823/1836
f 2805/2823/2141 2784/2802/2141 2788/2806/2141
f 2790/2808/1838 2808/2826/1838 2807/2825/1838
f 2807/2825/1838 2788/2806/1838 2790/2808/1838
f 2789/2807/1839 2795/2813/1839 2793/2811/1839
f 2806/2824/2142 2798/2816/2142 2797/2815/2142
f 2790/2808/1841 2789/2807/1842 2782/2800/1842
f 2782/2800/1842 2781/2799/1841 2790/2808/1841
f 2789/2807/1844 2793/2811/2143 2791/2809/2143
f 2791/2809/2143 2782/2800/1844 2789/2807/1844
f 2793/2811/1847 2786/2804/1848 2779/2797/1849
f 2779/2797/1849 2791/2809/2144 2793/2811/1847
f 2786/2804/1851 2785/2803/1852 2780/2798/2145
f 2780/2798/2145 2779/2797/1854 2786/2804/1851
f 2785/2803/1855 2806/2824/2146 2801/2819/1857
f 2801/2819/1857 2780/2798/1858 2785/2803/1855
f 2806/2824/2147 2797/2815/2148 2802/2820/2148
f 2802/2820/2148 2801/2819/2147 2806/2824/2147
f 2797/2815/1817 2796/2814/1817 2803/2821/1861
f 2803/2821/2149 2802/2820/2149 2797/2815/2149
f 2796/2814/2150 2808/2826/2151 2804/2822/2151
f 2804/2822/2151 2803/2821/2150 2796/2814/2150
f 2808/2826/2152 2790/2808/1868 2781/2799/2153
f 2781/2799/2153 2804/2822/1870 2808/2826/2152
f 2809/2827/2154 2810/2828/1872 2811/2829/1873
f 2811/2829/1873 2812/2830/1874 2809/2827/2154
f 2813/2831/1875 2814/2832/1875 2815/2833/1875
f 2815/2833/1875 2816/2834/1875 2813/2831/1875
f 2817/2835/1876 2818/2836/1877 2814/2832/2155
f 2814/2832/2155 2813/2831/2156 2817/2835/1876
f 2819/2837/1880 2820/2838/1880 2818/2836/1880
f 2818/2836/1880 2817/2835/1880 2819/2837/1880
f 2812/2830/1881 2821/2839/1881 2809/2827/1881
f 2822/2840/1882 2813/2831/1882 2816/2834/1882
f 2816/2834/1882 2823/2841/1882 2822/2840/1882
f 2824/2842/1883 2817/2835/1883 2813/2831/1883
f 2813/2831/1884 2822/2840/1884 2824/2842/1884
f 2825/2843/2157 2819/2837/1885 2817/2835/1885
f 2817/2835/1885 2824/2842/2157 2825/2843/2157
f 2825/2843/1886 2826/2844/2158 2827/2845/2158
f 2825/2843/2159 2827/2845/2159 2828/2846/2159
f 2825/2843/1889 2828/2846/1889 2823/2841/1889
f 2829/2847/1890 2822/2840/1891 2823/2841/1891
f 2823/2841/1891 2828/2846/1890 2829/2847/1890
f 2830/2848/2160 2824/2842/2160 2822/2840/2160
f 2822/2840/2161 2829/2847/2161 2830/2848/2161
f 2826/2844/1894 2825/2843/1894 2824/2842/1894
f 2824/2842/1894 2830/2848/1894 2826/2844/1894
f 2831/2849/2162 2832/2850/2162 2833/2851/2162
f 2833/2851/2163 2834/2852/2163 2831/2849/2163
f 2835/2853/1897 2829/2847/2164 2828/2846/2164
f 2828/2846/2164 2836/2854/1897 2835/2853/1897
f 2837/2855/1898 2830/2848/1898 2829/2847/1898
f 2829/2847/2165 2835/2853/2165 2837/2855/2165
f 2838/2856/1900 2826/2844/1900 2830/2848/1900
f 2830/2848/1900 2837/2855/1900 2838/2856/1900
f 2810/2828/2166 2831/2849/2166 2834/2852/2166
f 2834/2852/2167 2811/2829/2167 2810/2828/2167
f 2814/2832/1903 2835/2853/2168 2836/2854/2168
f 2836/2854/2168 2815/2833/2169 2814/2832/1903
f 2818/2836/1904 2837/2855/1904 2835/2853/1904
f 2835/2853/1905 2814/2832/1905 2818/2836/1905
f 2820/2838/2170 2838/2856/1906 2837/2855/1906
f 2837/2855/1906 2818/2836/2171 2820/2838/2170
f 2819/2837/1907 2825/2843/1907 2823/2841/1907
f 2836/2854/1908 2828/2846/1908 2827/2845/1908
f 2820/2838/1912 2819/2837/1911 2812/2830/1911
f 2812/2830/1911 2811/2829/2172 2820/2838/1912
f 2819/2837/1913 2823/2841/1914 2821/2839/1914
f 2821/2839/1914 2812/2830/1913 2819/2837/1913
f 2823/2841/2173 2816/2834/2174 2809/2827/2175
f 2809/2827/2175 2821/2839/2176 2823/2841/2173
f 2816/2834/2177 2815/2833/2178 2810/2828/1922
f 2810/2828/1922 2809/2827/2179 2816/2834/2177
f 2815/2833/1924 2836/2854/1925 2831/2849/1926
f 2831/2849/1926 2810/2828/2180 2815/2833/1924
f 2836/2854/1928 2827/2845/1929 2832/2850/1929
f 2832/2850/1929 2831/2849/1928 2836/2854/1928
f 2827/2845/2158 2826/2844/2158 2833/2851/2181
f 2833/2851/2182 2832/2850/2182 2827/2845/2182
f 2826/2844/2183 2838/2856/2184 2834/2852/2184
f 2834/2852/2184 2833/2851/2185 2826/2844/2183
f 2838/2856/2186 2820/2838/1935 2811/2829/1936
f 2811/2829/1936 2834/2852/2187 2838/2856/2186
f 2839/2857/229 2840/2858/229 2841/2859/229
f 2842/2860/229 2839/2857/229 2841/2859/229
f 2843/2861/1135 2842/2860/229 2841/2859/229
f 2840/2858/1938 2844/2862/1938 2845/2863/1938
f 2845/2863/1938 2841/2859/1939 2840/2858/1938
f 2839/2857/1940 2846/2864/1940 2844/2862/1940
f 2844/2862/1940 2840/2858/1940 2839/2857/1940
f 2842/2860/1941 2847/2865/1941 2846/2864/1941
f 2846/2864/1941 2839/2857/1941 2842/2860/1941
f 2843/2861/1942 2848/2866/1942 2847/2865/1942
f 2847/2865/1942 2842/2860/1942 2843/2861/1942
f 2841/2859/1944 2845/2863/1944 2848/2866/1944
f 2848/2866/1944 2843/2861/1944 2841/2859/1944
f 2849/2867/5 2850/2868/5 2851/2869/5
f 2852/2870/5 2849/2867/5 2851/2869/5
f 2853/2871/5 2852/2870/5 2851/2869/5
f 2854/2872/2188 2855/2873/2189 2856/2874/2189
f 2856/2874/2189 2857/2875/2188 2854/2872/2188
f 2855/2873/1948 2858/2876/1947 2859/2877/1947
f 2859/2877/1947 2856/2874/1948 2855/2873/1948
f 2858/2876/1951 2860/2878/1950 2861/2879/1950
f 2861/2879/1950 2859/2877/1951 2858/2876/1951
f 2860/2878/1953 2862/2880/1952 2863/2881/1952
f 2863/2881/1952 2861/2879/1953 2860/2878/1953
f 2862/2880/1954 2854/2872/2190 2857/2875/2190
f 2857/2875/2190 2863/2881/1954 2862/2880/1954
f 2855/2873/1957 2854/2872/1958 2845/2863/1958
f 2845/2863/1958 2844/2862/1957 2855/2873/1957
f 2858/2876/1959 2855/2873/1959 2844/2862/1959
f 2844/2862/1959 2846/2864/1959 2858/2876/1959
f 2860/2878/1960 2858/2876/1961 2846/2864/1960
f 2846/2864/1960 2847/2865/1960 2860/2878/1960
f 2862/2880/1962 2860/2878/1962 2847/2865/1962
f 2847/2865/1962 2848/2866/1962 2862/2880/1962
f 2854/2872/1963 2862/2880/2191 2848/2866/2191
f 2848/2866/2191 2845/2863/1963 2854/2872/1963
f 2857/2875/2192 2856/2874/2193 2849/2867/2193
f 2849/2867/2193 2852/2870/2192 2857/2875/2192
f 2856/2874/2194 2859/2877/1967 2850/2868/1967
f 2850/2868/1967 2849/2867/2195 2856/2874/2194
f 2859/2877/2196 2861/2879/2197 2851/2869/2197
f 2851/2869/2197 2850/2868/2196 2859/2877/2196
f 2861/2879/2198 2863/2881/2199 2853/2871/2199
f 2853/2871/2199 2851/2869/2198 2861/2879/2198
f 2863/2881/2200 2857/2875/2201 2852/2870/2201
f 2852/2870/2201 2853/2871/2200 2863/2881/2200
f 2864/2882/2202 2865/2883/1974 2866/2884/1975
f 2866/2884/1975 2867/2885/2203 2864/2882/2202
f 2868/2886/1977 2869/2887/1977 2870/2888/1977
f 2870/2888/1977 2871/2889/1977 2868/2886/1977
f 2872/2890/1979 2873/2891/1980 2869/2887/2204
f 2869/2887/2204 2868/2886/2205 2872/2890/1979
f 2874/2892/1983 2875/2893/1983 2873/2891/1983
f 2873/2891/1983 2872/2890/1983 2874/2892/1983
f 2867/2885/2206 2876/2894/2206 2864/2882/2206
f 2877/2895/1985 2868/2886/2207 2871/2889/2207
f 2871/2889/2207 2878/2896/1985 2877/2895/1985
f 2879/2897/1986 2872/2890/1986 2868/2886/1986
f 2868/2886/2208 2877/2895/2208 2879/2897/2208
f 2880/2898/1989 2874/2892/1988 2872/2890/1988
f 2872/2890/1988 2879/2897/1989 2880/2898/1989
f 2880/2898/1990 2881/2899/1991 2882/2900/1992
f 2880/2898/1993 2882/2900/1993 2883/2901/1993
f 2880/2898/2209 2883/2901/2209 2878/2896/2209
f 2884/2902/1996 2877/2895/1996 2878/2896/1996
f 2878/2896/1996 2883/2901/1995 2884/2902/1996
f 2885/2903/2210 2879/2897/2210 2877/2895/2210
f 2877/2895/2211 2884/2902/2211 2885/2903/2211
f 2881/2899/1991 2880/2898/1990 2879/2897/1999
f 2879/2897/1999 2885/2903/1999 2881/2899/1991
f 2886/2904/2212 2887/2905/2212 2888/2906/2212
f 2888/2906/2001 2889/2907/2001 2886/2904/2001
f 2890/2908/2002 2884/2902/2002 2883/2901/2002
f 2883/2901/2002 2891/2909/2002 2890/2908/2002
f 2892/2910/2003 2885/2903/2003 2884/2902/2003
f 2884/2902/2004 2890/2908/2004 2892/2910/2004
f 2893/2911/2005 2881/2899/2005 2885/2903/2005
f 2885/2903/2005 2892/2910/2005 2893/2911/2005
f 2865/2883/2213 2886/2904/2213 2889/2907/2213
f 2889/2907/2007 2866/2884/2007 2865/2883/2007
f 2869/2887/2010 2890/2908/2008 2891/2909/2008
f 2891/2909/2008 2870/2888/2009 2869/2887/2010
f 2873/2891/2011 2892/2910/2011 2890/2908/2011
f 2890/2908/2012 2869/2887/2012 2873/2891/2012
f 2875/2893/2013 2893/2911/2013 2892/2910/2013
f 2892/2910/2013 2873/2891/2013 2875/2893/2013
f 2874/2892/2214 2880/2898/2214 2878/2896/2214
f 2891/2909/2215 2883/2901/2215 2882/2900/2215
f 2875/2893/2216 2874/2892/2018 2867/2885/2217
f 2867/2885/2217 2866/2884/2218 2875/2893/2216
f 2874/2892/2219 2878/2896/2220 2876/2894/2220
f 2876/2894/2220 2867/2885/2023 2874/2892/2219
f 2878/2896/2024 2871/2889/2221 2864/2882/2026
f 2864/2882/2026 2876/2894/2027 2878/2896/2024
f 2871/2889/2028 2870/2888/2222 2865/2883/2223
f 2865/2883/2223 2864/2882/2031 2871/2889/2028
f 2870/2888/2224 2891/2909/2225 2886/2904/2226
f 2886/2904/2226 2865/2883/2227 2870/2888/2224
f 2891/2909/2036 2882/2900/2228 2887/2905/2229
f 2887/2905/2229 2886/2904/2036 2891/2909/2036
f 2882/2900/1992 2881/2899/1991 2888/2906/2038
f 2888/2906/2039 2887/2905/2039 2882/2900/2039
f 2881/2899/2230 2893/2911/2041 2889/2907/2041
f 2889/2907/2041 2888/2906/2040 2881/2899/2230
f 2893/2911/2042 2875/2893/2043 2866/2884/2044
f 2866/2884/2044 2889/2907/2045 2893/2911/2042
f 2894/2912/2231 2895/2913/2047 2896/2914/2048
f 2896/2914/2048 2897/2915/2232 2894/2912/2231
f 2898/2916/2050 2899/2917/2050 2900/2918/2050
f 2900/2918/2050 2901/2919/2050 2898/2916/2050
f 2902/2920/2051 2903/2921/2052 2899/2917/2233
f 2899/2917/2233 2898/2916/2054 2902/2920/2051
f 2904/2922/2055 2905/2923/2055 2903/2921/2055
f 2903/2921/2055 2902/2920/2055 2904/2922/2055
f 2897/2915/2234 2906/2924/2234 2894/2912/2234
f 2907/2925/2235 2898/2916/2057 2901/2919/2057
f 2901/2919/2057 2908/2926/2235 2907/2925/2235
f 2909/2927/2058 2902/2920/2058 2898/2916/2058
f 2898/2916/2059 2907/2925/2059 2909/2927/2059
f 2910/2928/2060 2904/2922/2060 2902/2920/2060
f 2902/2920/2060 2909/2927/2060 2910/2928/2060
f 2910/2928/2061 2911/2929/2062 2912/2930/2062
f 2910/2928/2063 2912/2930/2063 2913/2931/2063
f 2910/2928/2064 2913/2931/2064 2908/2926/2064
f 2914/2932/2065 2907/2925/2236 2908/2926/2236
f 2908/2926/2236 2913/2931/2065 2914/2932/2065
f 2915/2933/2067 2909/2927/2067 2907/2925/2067
f 2907/2925/2237 2914/2932/2237 2915/2933/2237
f 2911/2929/2069 2910/2928/2069 2909/2927/2069
f 2909/2927/2069 2915/2933/2069 2911/2929/2069
f 2916/2934/2238 2917/2935/2238 2918/2936/2238
f 2918/2936/2071 2919/2937/2071 2916/2934/2071
f 2920/2938/2072 2914/2932/2072 2913/2931/2072
f 2913/2931/2072 2921/2939/2072 2920/2938/2072
f 2922/2940/2073 2915/2933/2073 2914/2932/2073
f 2914/2932/2239 2920/2938/2239 2922/2940/2239
f 2923/2941/2075 2911/2929/2075 2915/2933/2075
f 2915/2933/2075 2922/2940/2075 2923/2941/2075
f 2895/2913/2076 2916/2934/2076 2919/2937/2076
f 2919/2937/2077 2896/2914/2077 2895/2913/2077
f 2899/2917/2078 2920/2938/2240 2921/2939/2078
f 2921/2939/2078 2900/2918/2078 2899/2917/2078
f 2903/2921/2241 2922/2940/2241 2920/2938/2241
f 2920/2938/2081 2899/2917/2081 2903/2921/2081
f 2905/2923/2082 2923/2941/2082 2922/2940/2082
f 2922/2940/2082 2903/2921/2082 2905/2923/2082
f 2904/2922/2083 2910/2928/2083 2908/2926/2083
f 2921/2939/2084 2913/2931/2084 2912/2930/2084
f 2905/2923/2087 2904/2922/2086 2897/2915/2242
f 2897/2915/2242 2896/2914/2243 2905/2923/2087
f 2904/2922/2244 2908/2926/2089 2906/2924/2089
f 2906/2924/2089 2897/2915/2244 2904/2922/2244
f 2908/2926/2091 2901/2919/2245 2894/2912/2093
f 2894/2912/2093 2906/2924/2094 2908/2926/2091
f 2901/2919/2246 2900/2918/2096 2895/2913/2247
f 2895/2913/2247 2894/2912/2098 2901/2919/2246
f 2900/2918/2248 2921/2939/2249 2916/2934/2101
f 2916/2934/2101 2895/2913/2250 2900/2918/2248
f 2921/2939/2251 2912/2930/2252 2917/2935/2252
f 2917/2935/2252 2916/2934/2251 2921/2939/2251
f 2912/2930/2062 2911/2929/2062 2918/2936/2253
f 2918/2936/2254 2917/2935/2254 2912/2930/2254
f 2911/2929/2255 2923/2941/2256 2919/2937/2256
f 2919/2937/2256 2918/2936/2257 2911/2929/2255
f 2923/2941/2109 2905/2923/2258 2896/2914/2259
f 2896/2914/2259 2919/2937/2260 2923/2941/2109
f 2924/2942/252 2925/2943/252 2926/2944/252
f 2926/2944/252 2927/2945/252 2924/2942/252
f 2924/2942/2261 2927/2945/2261 2928/2946/2261
f 2928/2946/2261 2929/2947/2262 2924/2942/2261
f 2929/2947/252 2928/2946/252 2930/2948/252
f 2930/2948/252 2931/2949/252 2929/2947/252
f 2931/2949/2263 2930/2948/2263 2932/2950/2263
f 2932/2950/2263 2933/2951/2263 2931/2949/2263
f 2933/2951/252 2932/2950/252 2934/2952/252
f 2934/2952/252 2935/2953/252 2933/2951/252
f 2936/2954/250 2935/2953/250 2934/2952/250
f 2934/2952/250 2937/2955/250 2936/2954/250
f 2926/2944/127 2925/2943/127 2938/2956/127
f 2938/2956/127 2939/2957/127 2926/2944/127
f 2936/2954/252 2940/2958/252 2941/2959/252
f 2936/2954/252 2941/2959/252 2942/2960/252
f 2936/2954/252 2942/2960/252 2943/2961/252
f 2943/2961/252 2944/2962/252 2945/2963/252
f 2936/2954/252 2943/2961/252 2945/2963/252
f 2936/2954/252 2945/2963/252 2938/2956/252
f 2944/2962/229 2946/2964/229 2947/2965/229
f 2947/2965/229 2945/2963/229 2944/2962/229
f 2944/2962/2264 2943/2961/2264 2948/2966/2264
f 2948/2966/2264 2946/2964/2264 2944/2962/2264
f 2943/2961/229 2942/2960/229 2949/2967/229
f 2949/2967/229 2948/2966/229 2943/2961/229
f 2942/2960/2265 2941/2959/2265 2950/2968/2265
f 2950/2968/2265 2949/2967/2266 2942/2960/2265
f 2941/2959/229 2940/2958/229 2951/2969/229
f 2951/2969/229 2950/2968/229 2941/2959/229
f 2936/2954/250 2937/2955/250 2951/2969/250
f 2951/2969/250 2940/2958/250 2936/2954/250
f 2947/2965/127 2939/2957/127 2938/2956/127
f 2938/2956/127 2945/2963/127 2947/2965/127
f 2938/2956/229 2925/2943/229 2924/2942/229
f 2938/2956/229 2924/2942/229 2929/2947/229
f 2938/2956/229 2929/2947/229 2931/2949/762
f 2931/2949/762 2933/2951/229 2935/2953/229
f 2938/2956/229 2931/2949/762 2935/2953/229
f 2938/2956/229 2935/2953/229 2936/2954/229
f 2927/2945/2267 2926/2944/2267 2952/2970/2267
f 2952/2970/2267 2953/2971/2267 2927/2945/2267
f 2926/2944/2268 2939/2957/2269 2954/2972/2270
f 2954/2972/2270 2952/2970/2271 2926/2944/2268
f 2939/2957/2272 2947/2965/2272 2955/2973/2272
f 2955/2973/2272 2954/2972/2272 2939/2957/2272
f 2947/2965/2273 2946/2964/2273 2956/2974/2273
f 2956/2974/2273 2955/2973/2273 2947/2965/2273
f 2946/2964/2274 2948/2966/2274 2957/2975/2274
f 2957/2975/2274 2956/2974/2274 2946/2964/2274
f 2948/2966/2273 2949/2967/2273 2958/2976/2273
f 2958/2976/2273 2957/2975/2273 2948/2966/2273
f 2949/2967/2275 2950/2968/2275 2959/2977/2275
f 2959/2977/2275 2958/2976/2275 2949/2967/2275
f 2950/2968/2273 2951/2969/2273 2960/2978/2273
f 2960/2978/2273 2959/2977/2273 2950/2968/2273
f 2951/2969/2276 2937/2955/2276 2961/2979/2276
f 2961/2979/2276 2960/2978/2277 2951/2969/2276
f 2937/2955/2278 2934/2952/2279 2962/2980/2279
f 2962/2980/2279 2961/2979/2278 2937/2955/2278
f 2934/2952/2267 2932/2950/2267 2963/2981/2267
f 2963/2981/2267 2962/2980/2267 2934/2952/2267
f 2932/2950/2280 2930/2948/2281 2964/2982/2281
f 2964/2982/2281 2963/2981/2282 2932/2950/2280
f 2930/2948/2267 2928/2946/2267 2965/2983/2267
f 2965/2983/2267 2964/2982/2267 2930/2948/2267
f 2928/2946/2283 2927/2945/2284 2953/2971/2284
f 2953/2971/2284 2965/2983/2283 2928/2946/2283
f 2953/2971/5 2952/2970/5 2966/2984/5
f 2966/2984/5 2967/2985/5 2953/2971/5
f 2952/2970/5 2954/2972/5 2968/2986/5
f 2968/2986/5 2966/2984/5 2952/2970/5
f 2954/2972/262 2955/2973/262 2969/2987/262
f 2969/2987/262 2968/2986/262 2954/2972/262
f 2955/2973/262 2956/2974/262 2970/2988/262
f 2970/2988/262 2969/2987/262 2955/2973/262
f 2956/2974/262 2957/2975/262 2971/2989/262
f 2971/2989/262 2970/2988/262 2956/2974/262
f 2957/2975/262 2958/2976/262 2972/2990/262
f 2972/2990/262 2971/2989/262 2957/2975/262
f 2958/2976/262 2959/2977/262 2973/2991/262
f 2973/2991/262 2972/2990/262 2958/2976/262
f 2959/2977/262 2960/2978/262 2974/2992/262
f 2974/2992/262 2973/2991/262 2959/2977/262
f 2960/2978/262 2961/2979/262 2975/2993/262
f 2975/2993/262 2974/2992/262 2960/2978/262
f 2961/2979/5 2962/2980/5 2976/2994/5
f 2976/2994/5 2975/2993/5 2961/2979/5
f 2962/2980/5 2963/2981/5 2977/2995/5
f 2977/2995/5 2976/2994/5 2962/2980/5
f 2963/2981/5 2964/2982/5 2978/2996/5
f 2978/2996/5 2977/2995/5 2963/2981/5
f 2964/2982/5 2965/2983/5 2979/2997/5
f 2979/2997/5 2978/2996/5 2964/2982/5
f 2965/2983/5 2953/2971/5 2967/2985/5
f 2967/2985/5 2979/2997/5 2965/2983/5
f 2967/2985/262 2966/2984/262 2980/2998/262
f 2980/2998/262 2981/2999/262 2967/2985/262
f 2968/2986/2285 2982/3000/2285 2983/3001/2286
f 2966/2984/250 2968/2986/250 2983/3001/250
f 2966/2984/250 2983/3001/250 2980/2998/250
f 2968/2986/250 2969/2987/250 2984/3002/250
f 2984/3002/250 2985/3003/250 2982/3000/250
f 2968/2986/2285 2984/3002/2287 2982/3000/2285
f 2969/2987/5 2970/2988/5 2986/3004/5
f 2986/3004/5 2984/3002/5 2969/2987/5
f 2970/2988/2288 2971/2989/2288 2987/3005/2288
f 2987/3005/2288 2986/3004/2288 2970/2988/2288
f 2971/2989/5 2972/2990/5 2988/3006/5
f 2988/3006/5 2987/3005/5 2971/2989/5
f 2972/2990/2289 2973/2991/2289 2989/3007/2289
f 2989/3007/2289 2988/3006/2289 2972/2990/2289
f 2973/2991/5 2974/2992/5 2990/3008/5
f 2990/3008/5 2989/3007/5 2973/2991/5
f 2974/2992/2290 2975/2993/2291 2991/3009/2291
f 2991/3009/127 2992/3010/127 2990/3008/127
f 2974/2992/127 2991/3009/127 2990/3008/127
f 2975/2993/127 2976/2994/127 2993/3011/127
f 2975/2993/127 2993/3011/127 2994/3012/127
f 2975/2993/2291 2994/3012/2286 2991/3009/2291
f 2976/2994/262 2977/2995/262 2995/3013/262
f 2995/3013/262 2993/3011/262 2976/2994/262
f 2977/2995/2292 2978/2996/2293 2996/3014/2293
f 2996/3014/2293 2995/3013/2292 2977/2995/2292
f 2978/2996/262 2979/2997/262 2997/3015/262
f 2997/3015/262 2996/3014/262 2978/2996/262
f 2979/2997/2294 2967/2985/2295 2981/2999/2295
f 2981/2999/2295 2997/3015/2294 2979/2997/2294
f 2983/3001/250 2982/3000/250 2985/3003/250
f 2992/3010/127 2991/3009/127 2994/3012/127
f 2998/3016/250 2999/3017/250 3000/3018/250
f 3000/3018/250 3001/3019/250 2998/3016/250
f 3002/3020/5 3003/3021/5 3004/3022/5
f 3004/3022/5 3005/3023/5 3002/3020/5
f 3006/3024/127 3007/3025/127 3008/3026/127
f 3008/3026/127 3009/3027/127 3006/3024/127
f 3010/3028/229 3011/3029/229 3012/3030/229
f 3012/3030/229 3013/3031/229 3010/3028/229
f 2999/3017/736 2998/3016/736 3005/3023/736
f 3005/3023/736 3004/3022/736 2999/3017/736
f 3001/3019/735 3000/3018/735 3011/3029/735
f 3011/3029/735 3010/3028/735 3001/3019/735
f 3003/3021/756 3002/3020/756 3009/3027/756
f 3009/3027/756 3008/3026/756 3003/3021/756
f 3007/3025/889 3006/3024/889 3013/3031/889
f 3013/3031/889 3012/3030/889 3007/3025/889
f 3014/3032/262 3015/3033/262 3016/3034/262
f 3016/3034/262 3017/3035/262 3014/3032/262
f 3015/3033/262 3018/3036/262 3019/3037/262
f 3019/3037/262 3016/3034/262 3015/3033/262
f 3018/3036/262 3020/3038/262 3021/3039/262
f 3021/3039/262 3019/3037/262 3018/3036/262
f 3020/3038/262 3022/3040/262 3023/3041/262
f 3023/3041/262 3021/3039/262 3020/3038/262
f 3022/3040/262 3024/3042/262 3025/3043/262
f 3025/3043/262 3023/3041/262 3022/3040/262
f 3024/3042/262 3026/3044/262 3027/3045/262
f 3027/3045/262 3025/3043/262 3024/3042/262
f 3026/3044/262 3028/3046/262 3029/3047/262
f 3029/3047/262 3027/3045/262 3026/3044/262
f 3028/3046/262 3014/3032/262 3017/3035/262
f 3017/3035/262 3029/3047/262 3028/3046/262
f 3030/3048/756 3031/3049/756 3032/3050/756
f 3032/3050/756 3033/3051/756 3030/3048/756
f 3031/3049/127 3034/3052/127 3035/3053/127
f 3035/3053/127 3032/3050/127 3031/3049/127
f 3034/3052/889 3036/3054/889 3037/3055/889
f 3037/3055/889 3035/3053/889 3034/3052/889
f 3036/3054/229 3038/3056/229 3039/3057/229
f 3039/3057/229 3037/3055/229 3036/3054/229
f 3038/3056/735 3040/3058/735 3041/3059/735
f 3041/3059/735 3039/3057/735 3038/3056/735
f 3040/3058/250 3042/3060/250 3043/3061/250
f 3043/3061/250 3041/3059/250 3040/3058/250
f 3042/3060/736 3044/3062/736 3045/3063/736
f 3045/3063/736 3043/3061/736 3042/3060/736
f 3044/3062/5 3030/3048/5 3033/3051/5
f 3033/3051/5 3045/3063/5 3044/3062/5
f 3001/3019/252 3010/3028/252 3046/3064/252
f 3046/3064/252 3047/3065/252 3001/3019/252
f 3010/3028/252 3013/3031/252 3048/3066/252
f 3048/3066/252 3046/3064/252 3010/3028/252
f 3013/3031/252 3006/3024/252 3049/3067/252
f 3049/3067/252 3048/3066/252 3013/3031/252
f 3006/3024/252 3009/3027/252 3050/3068/252
f 3050/3068/252 3049/3067/252 3006/3024/252
f 3009/3027/252 3002/3020/252 3051/3069/252
f 3051/3069/252 3050/3068/252 3009/3027/252
f 3002/3020/252 3005/3023/252 3052/3070/252
f 3052/3070/252 3051/3069/252 3002/3020/252
f 3005/3023/252 2998/3016/252 3053/3071/252
f 3053/3071/252 3052/3070/252 3005/3023/252
f 2998/3016/252 3001/3019/252 3047/3065/252
f 3047/3065/252 3053/3071/252 2998/3016/252
f 3047/3065/735 3046/3064/735 3054/3072/735
f 3054/3072/735 3055/3073/735 3047/3065/735
f 3046/3064/229 3048/3066/229 3056/3074/229
f 3056/3074/229 3054/3072/229 3046/3064/229
f 3048/3066/889 3049/3067/889 3057/3075/889
f 3057/3075/889 3056/3074/889 3048/3066/889
f 3049/3067/127 3050/3068/127 3058/3076/127
f 3058/3076/127 3057/3075/127 3049/3067/127
f 3050/3068/756 3051/3069/756 3059/3077/756
f 3059/3077/756 3058/3076/756 3050/3068/756
f 3051/3069/5 3052/3070/5 3060/3078/5
f 3060/3078/5 3059/3077/5 3051/3069/5
f 3052/3070/736 3053/3071/736 3061/3079/736
f 3061/3079/736 3060/3078/736 3052/3070/736
f 3053/3071/250 3047/3065/250 3055/3073/250
f 3055/3073/250 3061/3079/250 3053/3071/250
f 3033/3051/262 3032/3050/262 3062/3080/262
f 3062/3080/262 3063/3081/262 3033/3051/262
f 3032/3050/262 3035/3053/262 3064/3082/262
f 3064/3082/262 3062/3080/262 3032/3050/262
f 3035/3053/262 3037/3055/262 3065/3083/262
f 3065/3083/262 3064/3082/262 3035/3053/262
f 3037/3055/262 3039/3057/262 3066/3084/262
f 3066/3084/262 3065/3083/262 3037/3055/262
f 3039/3057/262 3041/3059/262 3067/3085/262
f 3067/3085/262 3066/3084/262 3039/3057/262
f 3041/3059/262 3043/3061/262 3068/3086/262
f 3068/3086/262 3067/3085/262 3041/3059/262
f 3043/3061/262 3045/3063/262 3069/3087/262
f 3069/3087/262 3068/3086/262 3043/3061/262
f 3045/3063/262 3033/3051/262 3063/3081/262
f 3063/3081/262 3069/3087/262 3045/3063/262
f 3070/3088/252 3055/3073/252 3054/3072/252
f 3054/3072/252 3071/3089/252 3070/3088/252
f 3072/3090/252 3061/3079/252 3055/3073/252
f 3055/3073/252 3070/3088/252 3072/3090/252
f 3073/3091/252 3060/3078/252 3061/3079/252
f 3061/3079/252 3072/3090/252 3073/3091/252
f 3074/3092/252 3059/3077/252 3060/3078/252
f 3060/3078/252 3073/3091/252 3074/3092/252
f 3075/3093/252 3058/3076/252 3059/3077/252
f 3059/3077/252 3074/3092/252 3075/3093/252
f 3076/3094/252 3057/3075/252 3058/3076/252
f 3058/3076/252 3075/3093/252 3076/3094/252
f 3077/3095/252 3056/3074/252 3057/3075/252
f 3057/3075/252 3076/3094/252 3077/3095/252
f 3071/3089/252 3054/3072/252 3056/3074/252
f 3056/3074/252 3077/3095/252 3071/3089/252
f 3071/3089/756 3063/3081/756 3062/3080/756
f 3062/3080/756 3070/3088/756 3071/3089/756
f 3070/3088/127 3062/3080/127 3064/3082/127
f 3064/3082/127 3072/3090/127 3070/3088/127
f 3072/3090/889 3064/3082/889 3065/3083/889
f 3065/3083/889 3073/3091/889 3072/3090/889
f 3073/3091/229 3065/3083/229 3066/3084/229
f 3066/3084/229 3074/3092/229 3073/3091/229
f 3074/3092/735 3066/3084/735 3067/3085/735
f 3067/3085/735 3075/3093/735 3074/3092/735
f 3075/3093/250 3067/3085/250 3068/3086/250
f 3068/3086/250 3076/3094/250 3075/3093/250
f 3076/3094/736 3068/3086/736 3069/3087/736
f 3069/3087/736 3077/3095/736 3076/3094/736
f 3077/3095/5 3069/3087/5 3063/3081/5
f 3063/3081/5 3071/3089/5 3077/3095/5
f 3011/3029/2296 3000/3018/2296 3015/3033/2296
f 3015/3033/2296 3014/3032/2296 3011/3029/2296
f 3000/3018/2297 2999/3017/2297 3018/3036/2297
f 3018/3036/2297 3015/3033/2297 3000/3018/2297
f 2999/3017/2298 3004/3022/2298 3020/3038/2298
f 3020/3038/2298 3018/3036/2299 2999/3017/2298
f 3004/3022/2300 3003/3021/2300 3022/3040/2300
f 3022/3040/2300 3020/3038/2300 3004/3022/2300
f 3003/3021/2301 3008/3026/2301 3024/3042/2301
f 3024/3042/2301 3022/3040/2301 3003/3021/2301
f 3008/3026/2302 3007/3025/2302 3026/3044/2302
f 3026/3044/2302 3024/3042/2302 3008/3026/2302
f 3007/3025/2303 3012/3030/2304 3028/3046/2303
f 3028/3046/2303 3026/3044/2303 3007/3025/2303
f 3012/3030/2305 3011/3029/2305 3014/3032/2305
f 3014/3032/2305 3028/3046/2305 3012/3030/2305
f 3031/3049/2301 3030/3048/2301 3017/3035/2301
f 3017/3035/2301 3016/3034/2301 3031/3049/2301
f 3030/3048/2306 3044/3062/2300 3029/3047/2300
f 3029/3047/2300 3017/3035/2306 3030/3048/2306
f 3044/3062/2298 3042/3060/2298 3027/3045/2298
f 3027/3045/2298 3029/3047/2298 3044/3062/2298
f 3042/3060/2297 3040/3058/2297 3025/3043/2297
f 3025/3043/2297 3027/3045/2297 3042/3060/2297
f 3040/3058/2296 3038/3056/2296 3023/3041/2296
f 3023/3041/2296 3025/3043/2296 3040/3058/2296
f 3038/3056/2307 3036/3054/2305 3021/3039/2307
f 3021/3039/2307 3023/3041/2307 3038/3056/2307
f 3036/3054/2303 3034/3052/2304 3019/3037/2304
f 3019/3037/2304 3021/3039/2303 3036/3054/2303
f 3034/3052/2302 3031/3049/2302 3016/3034/2302
f 3016/3034/2302 3019/3037/2302 3034/3052/2302
f 3078/3096/5 3079/3097/5 3080/3098/5
f 3080/3098/5 3081/3099/5 3078/3096/5
f 3082/3100/127 3083/3101/127 3084/3102/127
f 3084/3102/127 3085/3103/127 3082/3100/127
f 3086/3104/736 3087/3105/736 3081/3099/736
f 3081/3099/736 3080/3098/736 3086/3104/736
f 3079/3097/756 3078/3096/756 3085/3103/756
f 3085/3103/756 3084/3102/756 3079/3097/756
f 3088/3106/262 3089/3107/262 3090/3108/262
f 3090/3108/262 3091/3109/262 3088/3106/262
f 3089/3107/262 3092/3110/262 3093/3111/262
f 3093/3111/262 3090/3108/262 3089/3107/262
f 3092/3110/262 3094/3112/262 3095/3113/262
f 3095/3113/262 3093/3111/262 3092/3110/262
f 3096/3114/262 3097/3115/262 3095/3113/262
f 3095/3113/262 3094/3112/262 3096/3114/262
f 3098/3116/889 3099/3117/889 3100/3118/889
f 3100/3118/889 3101/3119/889 3098/3116/889
f 3099/3117/229 3102/3120/229 3103/3121/229
f 3103/3121/229 3100/3118/229 3099/3117/229
f 3102/3120/735 3104/3122/735 3105/3123/735
f 3105/3123/735 3103/3121/735 3102/3120/735
f 3104/3122/250 3106/3124/250 3107/3125/250
f 3104/3122/250 3107/3125/250 3108/3126/250
f 3104/3122/250 3108/3126/250 3105/3123/250
f 3085/3103/252 3078/3096/252 3109/3127/252
f 3109/3127/252 3110/3128/252 3085/3103/252
f 3078/3096/252 3081/3099/252 3111/3129/252
f 3111/3129/252 3109/3127/252 3078/3096/252
f 3081/3099/252 3087/3105/252 3112/3130/252
f 3112/3130/252 3111/3129/252 3081/3099/252
f 3113/3131/252 3114/3132/252 3112/3130/252
f 3112/3130/252 3087/3105/252 3113/3131/252
f 3110/3128/756 3109/3127/756 3115/3133/756
f 3115/3133/756 3116/3134/756 3110/3128/756
f 3109/3127/5 3111/3129/5 3117/3135/5
f 3117/3135/5 3115/3133/5 3109/3127/5
f 3111/3129/736 3112/3130/736 3118/3136/736
f 3118/3136/736 3117/3135/736 3111/3129/736
f 3114/3132/250 3119/3137/250 3118/3136/250
f 3118/3136/250 3112/3130/250 3114/3132/250
f 3120/3138/252 3117/3135/252 3118/3136/252
f 3118/3136/252 3121/3139/252 3120/3138/252
f 3122/3140/252 3115/3133/252 3117/3135/252
f 3117/3135/252 3120/3138/252 3122/3140/252
f 3123/3141/252 3116/3134/252 3115/3133/252
f 3115/3133/252 3122/3140/252 3123/3141/252
f 3123/3141/252 3124/3142/252 3125/3143/252
f 3125/3143/252 3116/3134/252 3123/3141/252
f 3086/3104/2308 3080/3098/2298 3089/3107/2298
f 3089/3107/2298 3088/3106/2309 3086/3104/2308
f 3080/3098/2300 3079/3097/2300 3092/3110/2300
f 3092/3110/2300 3089/3107/2300 3080/3098/2300
f 3079/3097/2301 3084/3102/2310 3094/3112/2310
f 3094/3112/2310 3092/3110/2311 3079/3097/2301
f 3083/3101/2302 3096/3114/2302 3094/3112/2302
f 3094/3112/2302 3084/3102/2302 3083/3101/2302
f 3104/3122/2296 3102/3120/2296 3093/3111/2296
f 3093/3111/2296 3095/3113/2296 3104/3122/2296
f 3102/3120/2307 3099/3117/2307 3090/3108/2307
f 3090/3108/2307 3093/3111/2307 3102/3120/2307
f 3099/3117/2303 3098/3116/2303 3091/3109/2303
f 3091/3109/2303 3090/3108/2303 3099/3117/2303
f 3098/3116/2302 3126/3144/2302 3127/3145/2302
f 3127/3145/2302 3091/3109/2302 3098/3116/2302
f 3101/3119/262 3100/3118/262 3103/3121/262
f 3101/3119/262 3103/3121/262 3105/3123/262
f 3101/3119/262 3105/3123/262 3108/3126/262
f 3128/3146/262 3101/3119/262 3108/3126/262
f 3128/3146/5 3108/3126/5 3129/3147/5
f 3129/3147/5 3130/3148/5 3128/3146/5
f 3107/3125/127 3131/3149/127 3129/3147/127
f 3129/3147/127 3108/3126/127 3107/3125/127
f 3132/3150/262 3133/3151/262 3134/3152/262
f 3134/3152/262 3135/3153/262 3132/3150/262
f 3136/3154/262 3137/3155/262 3134/3152/262
f 3134/3152/262 3133/3151/262 3136/3154/262
f 3130/3148/2312 3129/3147/2313 3133/3151/2313
f 3133/3151/2313 3132/3150/2312 3130/3148/2312
f 3131/3149/2314 3136/3154/2314 3133/3151/2314
f 3133/3151/2314 3129/3147/2314 3131/3149/2314
f 3138/3156/2314 3139/3157/2315 3140/3158/2315
f 3140/3158/2315 3135/3153/2314 3138/3156/2314
f 3141/3159/2316 3138/3156/2317 3135/3153/2317
f 3135/3153/2317 3134/3152/2316 3141/3159/2316
f 3087/3105/250 3086/3104/250 3142/3160/250
f 3142/3160/250 3113/3131/250 3087/3105/250
f 3143/3161/262 3088/3106/262 3091/3109/262
f 3091/3109/262 3127/3145/262 3143/3161/262
f 3126/3144/127 3098/3116/127 3101/3119/127
f 3126/3144/127 3101/3119/127 3128/3146/127
f 3126/3144/127 3128/3146/127 3144/3162/127
f 3082/3100/252 3085/3103/252 3110/3128/252
f 3110/3128/252 3145/3163/252 3082/3100/252
f 3110/3128/127 3116/3134/127 3125/3143/127
f 3125/3143/127 3145/3163/127 3110/3128/127
f 3121/3139/252 3118/3136/252 3119/3137/252
f 3119/3137/252 3146/3164/252 3121/3139/252
f 3142/3160/2297 3086/3104/2297 3088/3106/2297
f 3088/3106/2297 3143/3161/2297 3142/3160/2297
f 3104/3122/2297 3095/3113/2297 3097/3115/2297
f 3097/3115/2297 3106/3124/2297 3104/3122/2297
f 3128/3146/250 3130/3148/250 3147/3165/250
f 3147/3165/250 3144/3162/250 3128/3146/250
f 3148/3166/262 3132/3150/262 3135/3153/262
f 3135/3153/262 3140/3158/262 3148/3166/262
f 3147/3165/2318 3130/3148/2318 3132/3150/2318
f 3132/3150/2318 3148/3166/2318 3147/3165/2318
f 3141/3159/2318 3134/3152/2318 3137/3155/2318
f 3137/3155/2318 3149/3167/2318 3141/3159/2318
f 3150/3168/262 3151/3169/262 3152/3170/262
f 3152/3170/262 3153/3171/262 3150/3168/262
f 3154/3172/250 3155/3173/250 3156/3174/250
f 3156/3174/250 3157/3175/250 3154/3172/250
f 3158/3176/5 3159/3177/5 3160/3178/5
f 3160/3178/5 3161/3179/5 3158/3176/5
f 3162/3180/127 3163/3181/127 3164/3182/127
f 3164/3182/127 3165/3183/127 3162/3180/127
f 3166/3184/229 3167/3185/229 3168/3186/229
f 3168/3186/229 3169/3187/229 3166/3184/229
f 3157/3175/2319 3160/3178/2319 3159/3177/2319
f 3159/3177/2319 3154/3172/2319 3157/3175/2319
f 3155/3173/735 3166/3184/735 3169/3187/735
f 3169/3187/735 3156/3174/735 3155/3173/735
f 3161/3179/2320 3164/3182/2320 3163/3181/2320
f 3163/3181/2320 3158/3176/2320 3161/3179/2320
f 3165/3183/889 3168/3186/889 3167/3185/889
f 3167/3185/889 3162/3180/889 3165/3183/889
f 3169/3187/2321 3170/3188/2321 3171/3189/2321
f 3171/3189/2321 3156/3174/2322 3169/3187/2321
f 3156/3174/1676 3171/3189/1676 3172/3190/1676
f 3172/3190/1676 3157/3175/1676 3156/3174/1676
f 3157/3175/2323 3172/3190/2323 3173/3191/2323
f 3173/3191/2319 3160/3178/2319 3157/3175/2319
f 3174/3192/5 3175/3193/5 3176/3194/5
f 3176/3194/5 3177/3195/5 3174/3192/5
f 3161/3179/2324 3178/3196/2324 3179/3197/2324
f 3179/3197/2325 3164/3182/2325 3161/3179/2325
f 3164/3182/1680 3179/3197/1680 3180/3198/1680
f 3180/3198/1680 3165/3183/1680 3164/3182/1680
f 3165/3183/2326 3180/3198/2326 3181/3199/2326
f 3181/3199/2326 3168/3186/2326 3165/3183/2326
f 3168/3186/2327 3181/3199/2327 3182/3200/2327
f 3168/3186/2327 3182/3200/2327 3183/3201/2327
f 3168/3186/2327 3183/3201/2327 3170/3188/2327
f 3168/3186/2327 3170/3188/2327 3169/3187/2327
f 3184/3202/252 3185/3203/252 3186/3204/252
f 3186/3204/252 3187/3205/252 3188/3206/252
f 3184/3202/252 3186/3204/252 3188/3206/252
f 3189/3207/252 3184/3202/252 3188/3206/252
f 3190/3208/252 3191/3209/252 3192/3210/252
f 3192/3210/252 3193/3211/252 3194/3212/252
f 3190/3208/252 3192/3210/252 3194/3212/252
f 3195/3213/252 3190/3208/252 3194/3212/252
f 3182/3200/252 3196/3214/252 3197/3215/252
f 3197/3215/252 3183/3201/252 3182/3200/252
f 3178/3196/2324 3198/3216/2324 3199/3217/2324
f 3199/3217/2324 3179/3197/2324 3178/3196/2324
f 3179/3197/127 3199/3217/127 3200/3218/127
f 3200/3218/127 3180/3198/127 3179/3197/127
f 3180/3198/889 3200/3218/889 3201/3219/889
f 3201/3219/889 3181/3199/889 3180/3198/889
f 3181/3199/229 3201/3219/229 3202/3220/229
f 3202/3220/229 3182/3200/229 3181/3199/229
f 3182/3200/250 3202/3220/250 3203/3221/250
f 3203/3221/250 3196/3214/250 3182/3200/250
f 3196/3214/5 3203/3221/5 3198/3216/5
f 3198/3216/5 3178/3196/5 3196/3214/5
f 3170/3188/735 3204/3222/735 3205/3223/735
f 3205/3223/735 3171/3189/735 3170/3188/735
f 3171/3189/250 3205/3223/250 3206/3224/250
f 3206/3224/250 3172/3190/250 3171/3189/250
f 3172/3190/2328 3206/3224/2328 3207/3225/2329
f 3207/3225/2329 3173/3191/2329 3172/3190/2328
f 3173/3191/5 3207/3225/5 3208/3226/5
f 3208/3226/5 3197/3215/5 3173/3191/5
f 3197/3215/127 3208/3226/127 3209/3227/127
f 3209/3227/127 3183/3201/127 3197/3215/127
f 3183/3201/229 3209/3227/229 3204/3222/229
f 3204/3222/229 3170/3188/229 3183/3201/229
f 3198/3216/2330 3188/3206/2330 3187/3205/2330
f 3187/3205/2330 3199/3217/2330 3198/3216/2330
f 3199/3217/1688 3187/3205/1688 3186/3204/1688
f 3186/3204/1688 3200/3218/1688 3199/3217/1688
f 3200/3218/2331 3186/3204/2331 3185/3203/2332
f 3185/3203/2332 3201/3219/2332 3200/3218/2331
f 3201/3219/1694 3185/3203/1694 3184/3202/1694
f 3184/3202/1694 3202/3220/1694 3201/3219/1694
f 3202/3220/1693 3184/3202/1693 3189/3207/1693
f 3189/3207/1693 3203/3221/1693 3202/3220/1693
f 3203/3221/1692 3189/3207/1692 3188/3206/1692
f 3188/3206/1692 3198/3216/1692 3203/3221/1692
f 3204/3222/2333 3194/3212/2333 3193/3211/2333
f 3193/3211/2333 3205/3223/2334 3204/3222/2333
f 3205/3223/1693 3193/3211/1693 3192/3210/1693
f 3192/3210/1693 3206/3224/1693 3205/3223/1693
f 3206/3224/2335 3192/3210/2335 3191/3209/2335
f 3191/3209/2335 3207/3225/2335 3206/3224/2335
f 3207/3225/1692 3191/3209/1692 3190/3208/1692
f 3190/3208/1692 3208/3226/1692 3207/3225/1692
f 3208/3226/1688 3190/3208/1688 3195/3213/1688
f 3195/3213/1688 3209/3227/1688 3208/3226/1688
f 3209/3227/1694 3195/3213/1694 3194/3212/1694
f 3194/3212/1694 3204/3222/1694 3209/3227/1694
f 3160/3178/262 3210/3228/262 3211/3229/262
f 3211/3229/262 3161/3179/262 3160/3178/262
f 3161/3179/127 3211/3229/127 3212/3230/127
f 3212/3230/127 3178/3196/127 3161/3179/127
f 3213/3231/252 3214/3232/252 3215/3233/252
f 3215/3233/252 3216/3234/252 3217/3235/252
f 3215/3233/252 3217/3235/252 3218/3236/2336
f 3213/3231/252 3215/3233/252 3218/3236/2336
f 3173/3191/250 3219/3237/250 3210/3228/250
f 3210/3228/250 3160/3178/250 3173/3191/250
f 3210/3228/262 3220/3238/262 3221/3239/262
f 3221/3239/262 3211/3229/262 3210/3228/262
f 3211/3229/2337 3221/3239/2337 3222/3240/2337
f 3222/3240/2337 3212/3230/2338 3211/3229/2337
f 3214/3232/252 3223/3241/252 3224/3242/252
f 3224/3242/252 3215/3233/252 3214/3232/252
f 3219/3237/2339 3225/3243/2339 3220/3238/2339
f 3220/3238/2339 3210/3228/2339 3219/3237/2339
f 3174/3192/262 3226/3244/262 3221/3239/262
f 3175/3193/262 3174/3192/262 3221/3239/262
f 3220/3238/262 3175/3193/262 3221/3239/262
f 3222/3240/127 3221/3239/127 3226/3244/127
f 3226/3244/127 3227/3245/127 3222/3240/127
f 3228/3246/252 3229/3247/252 3224/3242/252
f 3230/3248/252 3228/3246/252 3224/3242/252
f 3223/3241/252 3230/3248/252 3224/3242/252
f 3225/3243/250 3176/3194/250 3175/3193/250
f 3175/3193/250 3220/3238/250 3225/3243/250
f 3177/3195/2340 3227/3245/2341 3226/3244/2340
f 3226/3244/2340 3174/3192/2342 3177/3195/2340
f 3176/3194/2343 3229/3247/2343 3228/3246/2343
f 3228/3246/2343 3177/3195/2343 3176/3194/2343
f 3177/3195/2344 3228/3246/2344 3230/3248/2345
f 3230/3248/2345 3227/3245/2345 3177/3195/2344
f 3227/3245/1707 3230/3248/1707 3223/3241/2346
f 3223/3241/2346 3222/3240/2346 3227/3245/1707
f 3222/3240/2347 3223/3241/2347 3214/3232/2347
f 3214/3232/2347 3212/3230/2347 3222/3240/2347
f 3212/3230/1708 3214/3232/1708 3213/3231/2346
f 3213/3231/2346 3178/3196/1707 3212/3230/1708
f 3178/3196/2348 3213/3231/2348 3218/3236/2349
f 3218/3236/2349 3196/3214/2349 3178/3196/2348
f 3196/3214/2349 3218/3236/2349 3217/3235/2349
f 3217/3235/2349 3197/3215/2349 3196/3214/2349
f 3197/3215/2349 3217/3235/2349 3216/3234/2349
f 3216/3234/2349 3173/3191/2349 3197/3215/2349
f 3173/3191/1712 3216/3234/1712 3215/3233/1714
f 3215/3233/1714 3219/3237/1713 3173/3191/1712
f 3219/3237/2350 3215/3233/2350 3224/3242/2351
f 3224/3242/2351 3225/3243/2351 3219/3237/2350
f 3225/3243/1714 3224/3242/1714 3229/3247/1714
f 3229/3247/1714 3176/3194/1714 3225/3243/1714
f 3155/3173/262 3231/3249/262 3232/3250/262
f 3232/3250/262 3166/3184/262 3155/3173/262
f 3166/3184/262 3232/3250/262 3233/3251/262
f 3233/3251/262 3167/3185/262 3166/3184/262
f 3167/3185/262 3233/3251/262 3234/3252/262
f 3234/3252/262 3162/3180/262 3167/3185/262
f 3162/3180/262 3234/3252/262 3235/3253/262
f 3235/3253/262 3163/3181/262 3162/3180/262
f 3163/3181/262 3235/3253/262 3236/3254/262
f 3236/3254/262 3158/3176/262 3163/3181/262
f 3158/3176/262 3236/3254/262 3237/3255/262
f 3237/3255/262 3159/3177/262 3158/3176/262
f 3159/3177/262 3237/3255/262 3238/3256/262
f 3238/3256/262 3154/3172/262 3159/3177/262
f 3154/3172/262 3238/3256/262 3231/3249/262
f 3231/3249/262 3155/3173/262 3154/3172/262
f 3239/3257/5 3240/3258/5 3241/3259/5
f 3241/3259/5 3242/3260/5 3239/3257/5
f 3243/3261/229 3244/3262/229 3245/3263/229
f 3245/3263/229 3246/3264/229 3243/3261/229
f 3239/3257/250 3247/3265/250 3248/3266/250
f 3248/3266/250 3240/3258/250 3239/3257/250
f 3240/3258/252 3248/3266/252 3249/3267/252
f 3249/3267/252 3241/3259/252 3240/3258/252
f 3241/3259/127 3249/3267/127 3250/3268/127
f 3250/3268/127 3242/3260/127 3241/3259/127
f 3242/3260/262 3250/3268/262 3247/3265/262
f 3247/3265/262 3239/3257/262 3242/3260/262
f 3247/3265/2352 3251/3269/2353 3252/3270/2354
f 3252/3270/2354 3248/3266/2354 3247/3265/2352
f 3248/3266/2355 3252/3270/2355 3253/3271/2355
f 3253/3271/2355 3249/3267/2355 3248/3266/2355
f 3249/3267/2356 3253/3271/2357 3254/3272/2356
f 3254/3272/2356 3250/3268/2356 3249/3267/2356
f 3250/3268/2358 3254/3272/2358 3251/3269/2358
f 3251/3269/2358 3247/3265/2358 3250/3268/2358
f 3251/3269/2359 3255/3273/2359 3256/3274/2360
f 3256/3274/2360 3252/3270/2360 3251/3269/2359
f 3252/3270/2361 3256/3274/2361 3257/3275/2362
f 3257/3275/2362 3253/3271/2362 3252/3270/2361
f 3253/3271/2363 3257/3275/2363 3258/3276/2364
f 3258/3276/2364 3254/3272/2364 3253/3271/2363
f 3254/3272/2365 3258/3276/2365 3255/3273/2365
f 3255/3273/2365 3251/3269/2365 3254/3272/2365
f 3255/3273/127 3243/3261/127 3246/3264/127
f 3246/3264/127 3256/3274/127 3255/3273/127
f 3256/3274/262 3246/3264/262 3245/3263/262
f 3245/3263/262 3257/3275/262 3256/3274/262
f 3257/3275/250 3245/3263/250 3244/3262/250
f 3244/3262/250 3258/3276/250 3257/3275/250
f 3258/3276/252 3244/3262/252 3243/3261/252
f 3243/3261/252 3255/3273/252 3258/3276/252
f 3259/3277/5 3260/3278/5 3261/3279/5
f 3261/3279/5 3262/3280/5 3259/3277/5
f 3263/3281/229 3264/3282/229 3265/3283/229
f 3265/3283/229 3266/3284/229 3263/3281/229
f 3259/3277/250 3267/3285/250 3268/3286/250
f 3268/3286/250 3260/3278/250 3259/3277/250
f 3260/3278/252 3268/3286/252 3269/3287/252
f 3269/3287/252 3261/3279/252 3260/3278/252
f 3261/3279/127 3269/3287/127 3270/3288/127
f 3270/3288/127 3262/3280/127 3261/3279/127
f 3262/3280/262 3270/3288/262 3267/3285/262
f 3267/3285/262 3259/3277/262 3262/3280/262
f 3267/3285/2353 3271/3289/2353 3272/3290/2352
f 3272/3290/2352 3268/3286/2352 3267/3285/2353
f 3268/3286/2355 3272/3290/2355 3273/3291/2355
f 3273/3291/2355 3269/3287/2355 3268/3286/2355
f 3269/3287/2366 3273/3291/2366 3274/3292/2356
f 3274/3292/2356 3270/3288/2356 3269/3287/2366
f 3270/3288/2358 3274/3292/2358 3271/3289/2358
f 3271/3289/2358 3267/3285/2358 3270/3288/2358
f 3271/3289/2359 3275/3293/2359 3276/3294/2360
f 3276/3294/2360 3272/3290/2360 3271/3289/2359
f 3272/3290/2362 3276/3294/2362 3277/3295/2362
f 3277/3295/2362 3273/3291/2362 3272/3290/2362
f 3273/3291/2367 3277/3295/2367 3278/3296/2364
f 3278/3296/2364 3274/3292/2364 3273/3291/2367
f 3274/3292/2365 3278/3296/2365 3275/3293/2365
f 3275/3293/2365 3271/3289/2365 3274/3292/2365
f 3275/3293/127 3263/3281/127 3266/3284/127
f 3266/3284/127 3276/3294/127 3275/3293/127
f 3276/3294/262 3266/3284/262 3265/3283/262
f 3265/3283/262 3277/3295/262 3276/3294/262
f 3277/3295/250 3265/3283/250 3264/3282/250
f 3264/3282/250 3278/3296/250 3277/3295/250
f 3278/3296/252 3264/3282/252 3263/3281/252
f 3263/3281/252 3275/3293/252 3278/3296/252
f 3279/3297/2368 3280/3298/2369 3281/3299/2370
f 3281/3299/2370 3282/3300/2371 3279/3297/2368
f 3283/3301/1734 3284/3302/1734 3285/3303/1734
f 3285/3303/1734 3286/3304/1734 3283/3301/1734
f 3287/3305/2372 3283/3301/2373 3286/3304/2374
f 3286/3304/2374 3288/3306/2375 3287/3305/2372
f 3289/3307/1739 3287/3305/1739 3288/3306/1739
f 3288/3306/1739 3290/3308/1739 3289/3307/1739
f 3280/3298/2376 3279/3297/2376 3291/3309/2376
f 3292/3310/1741 3293/3311/1741 3284/3302/1742
f 3284/3302/1742 3283/3301/1742 3292/3310/1741
f 3294/3312/2377 3292/3310/2377 3283/3301/2377
f 3283/3301/2378 3287/3305/2378 3294/3312/2378
f 3295/3313/1745 3294/3312/1745 3287/3305/1745
f 3287/3305/1745 3289/3307/1745 3295/3313/1745
f 3295/3313/2379 3293/3311/2379 3296/3314/2379
f 3295/3313/2380 3296/3314/2380 3297/3315/2380
f 3295/3313/2381 3297/3315/2382 3298/3316/2382
f 3299/3317/1750 3296/3314/1751 3293/3311/1750
f 3293/3311/1750 3292/3310/1750 3299/3317/1750
f 3300/3318/2383 3299/3317/2383 3292/3310/2383
f 3292/3310/2384 3294/3312/2384 3300/3318/2384
f 3298/3316/2385 3300/3318/2385 3294/3312/1754
f 3294/3312/1754 3295/3313/1754 3298/3316/2385
f 3301/3319/2386 3302/3320/2386 3303/3321/2386
f 3303/3321/2387 3304/3322/2387 3301/3319/2387
f 3305/3323/1758 3306/3324/1758 3296/3314/1759
f 3296/3314/1759 3299/3317/1759 3305/3323/1758
f 3307/3325/2388 3305/3323/2388 3299/3317/2388
f 3299/3317/2389 3300/3318/2389 3307/3325/2389
f 3308/3326/1762 3307/3325/1762 3300/3318/2390
f 3300/3318/2390 3298/3316/2390 3308/3326/1762
f 3282/3300/2391 3281/3299/2391 3302/3320/2391
f 3302/3320/2392 3301/3319/2392 3282/3300/2392
f 3286/3304/1765 3285/3303/1765 3306/3324/1765
f 3306/3324/1765 3305/3323/1765 3286/3304/1765
f 3288/3306/2393 3286/3304/2393 3305/3323/2393
f 3305/3323/2394 3307/3325/2394 3288/3306/2394
f 3290/3308/1769 3288/3306/1769 3307/3325/1769
f 3307/3325/1769 3308/3326/1769 3290/3308/1769
f 3289/3307/2395 3293/3311/2395 3295/3313/2395
f 3306/3324/2396 3297/3315/2396 3296/3314/2396
f 3290/3308/2397 3281/3299/2398 3280/3298/2399
f 3280/3298/2399 3289/3307/2397 3290/3308/2397
f 3289/3307/2400 3280/3298/2401 3291/3309/2402
f 3291/3309/2402 3293/3311/2402 3289/3307/2400
f 3293/3311/2403 3291/3309/2404 3279/3297/2405
f 3279/3297/2405 3284/3302/2406 3293/3311/2403
f 3284/3302/2407 3279/3297/2408 3282/3300/2409
f 3282/3300/2409 3285/3303/2410 3284/3302/2407
f 3285/3303/2411 3282/3300/2412 3301/3319/2413
f 3301/3319/2413 3306/3324/2414 3285/3303/2411
f 3306/3324/2415 3301/3319/2415 3304/3322/2416
f 3304/3322/2416 3297/3315/2416 3306/3324/2415
f 3297/3315/2417 3304/3322/2417 3303/3321/2417
f 3303/3321/2418 3298/3316/2382 3297/3315/2382
f 3298/3316/2419 3303/3321/2419 3302/3320/2420
f 3302/3320/2420 3308/3326/2420 3298/3316/2419
f 3308/3326/2421 3302/3320/2422 3281/3299/2423
f 3281/3299/2423 3290/3308/2424 3308/3326/2421
f 3309/3327/229 3310/3328/229 3311/3329/229
f 3311/3329/229 3312/3330/1135 3313/3331/229
f 3313/3331/229 3314/3332/229 3315/3333/229
f 3311/3329/229 3313/3331/229 3315/3333/229
f 3315/3333/229 3316/3334/229 3317/3335/229
f 3317/3335/229 3318/3336/229 3319/3337/229
f 3315/3333/229 3317/3335/229 3319/3337/229
f 3311/3329/229 3315/3333/229 3319/3337/229
f 3319/3337/229 3320/3338/762 3321/3339/229
f 3321/3339/229 3322/3340/229 3323/3341/229
f 3319/3337/229 3321/3339/229 3323/3341/229
f 3311/3329/229 3319/3337/229 3323/3341/229
f 3309/3327/229 3311/3329/229 3323/3341/229
f 3323/3341/229 3324/3342/229 3325/3343/229
f 3309/3327/229 3323/3341/229 3325/3343/229
f 3326/3344/229 3309/3327/229 3325/3343/229
f 3327/3345/229 3328/3346/229 3329/3347/229
f 3329/3347/229 3330/3348/229 3327/3345/229
f 3330/3348/229 3329/3347/229 3331/3349/762
f 3331/3349/762 3332/3350/762 3330/3348/229
f 3332/3350/762 3331/3349/762 3333/3351/1135
f 3333/3351/1135 3334/3352/1135 3332/3350/762
f 3334/3352/1135 3333/3351/1135 3335/3353/229
f 3335/3353/229 3336/3354/229 3334/3352/1135
f 3336/3354/229 3335/3353/229 3337/3355/229
f 3337/3355/229 3338/3356/229 3336/3354/229
f 3338/3356/229 3337/3355/229 3339/3357/762
f 3339/3357/762 3340/3358/762 3338/3356/229
f 3340/3358/762 3339/3357/762 3341/3359/229
f 3341/3359/229 3342/3360/229 3340/3358/762
f 3342/3360/229 3341/3359/229 3343/3361/229
f 3343/3361/229 3344/3362/229 3342/3360/229
f 3344/3362/229 3343/3361/229 3345/3363/229
f 3345/3363/229 3346/3364/229 3344/3362/229
f 3346/3364/229 3345/3363/229 3347/3365/762
f 3347/3365/762 3348/3366/762 3346/3364/229
f 3348/3366/762 3347/3365/762 3349/3367/1135
f 3349/3367/1135 3350/3368/1135 3348/3366/762
f 3350/3368/1135 3349/3367/1135 3351/3369/1135
f 3351/3369/1135 3352/3370/1135 3350/3368/1135
f 3352/3370/1135 3351/3369/1135 3353/3371/229
f 3353/3371/229 3354/3372/229 3352/3370/1135
f 3354/3372/229 3353/3371/229 3355/3373/229
f 3355/3373/229 3356/3374/229 3354/3372/229
f 3356/3374/229 3355/3373/229 3357/3375/762
f 3357/3375/762 3358/3376/762 3356/3374/229
f 3358/3376/762 3357/3375/762 3359/3377/762
f 3359/3377/762 3360/3378/762 3358/3376/762
f 3360/3378/762 3359/3377/762 3361/3379/1135
f 3361/3379/1135 3362/3380/1135 3360/3378/762
f 3362/3380/1135 3361/3379/1135 3328/3346/229
f 3328/3346/229 3327/3345/229 3362/3380/1135
f 3328/3346/1039 3325/3343/1039 3324/3342/1039
f 3324/3342/1039 3329/3347/1039 3328/3346/1039
f 3329/3347/1040 3324/3342/1040 3323/3341/1040
f 3323/3341/1040 3331/3349/1040 3329/3347/1040
f 3331/3349/1043 3323/3341/1043 3322/3340/1043
f 3322/3340/1043 3333/3351/1043 3331/3349/1043
f 3333/3351/1044 3322/3340/1044 3321/3339/1044
f 3321/3339/1044 3335/3353/1044 3333/3351/1044
f 3335/3353/250 3321/3339/250 3320/3338/250
f 3320/3338/250 3337/3355/250 3335/3353/250
f 3337/3355/1047 3320/3338/1047 3319/3337/1047
f 3319/3337/1047 3339/3357/1047 3337/3355/1047
f 3339/3357/1050 3319/3337/1050 3318/3336/1050
f 3318/3336/1050 3341/3359/1050 3339/3357/1050
f 3341/3359/1051 3318/3336/1051 3317/3335/1051
f 3317/3335/1051 3343/3361/1051 3341/3359/1051
f 3343/3361/2425 3317/3335/2425 3316/3334/2425
f 3316/3334/2425 3345/3363/2425 3343/3361/2425
f 3345/3363/1394 3316/3334/1394 3315/3333/1394
f 3315/3333/1394 3347/3365/1394 3345/3363/1394
f 3347/3365/1024 3315/3333/1024 3314/3332/1024
f 3314/3332/1024 3349/3367/1024 3347/3365/1024
f 3349/3367/1025 3314/3332/1025 3313/3331/1025
f 3313/3331/1025 3351/3369/1025 3349/3367/1025
f 3351/3369/1028 3313/3331/1028 3312/3330/1028
f 3312/3330/1028 3353/3371/1028 3351/3369/1028
f 3353/3371/127 3312/3330/127 3311/3329/127
f 3311/3329/127 3355/3373/127 3353/3371/127
f 3355/3373/1031 3311/3329/1031 3310/3328/1031
f 3310/3328/1031 3357/3375/1031 3355/3373/1031
f 3357/3375/1032 3310/3328/1032 3309/3327/1032
f 3309/3327/1032 3359/3377/1032 3357/3375/1032
f 3359/3377/1035 3309/3327/1035 3326/3344/1035
f 3326/3344/1035 3361/3379/1035 3359/3377/1035
f 3361/3379/1036 3326/3344/1036 3325/3343/1036
f 3325/3343/1036 3328/3346/1036 3361/3379/1036
f 3363/3381/5 3364/3382/5 3365/3383/5
f 3365/3383/5 3366/3384/155 3367/3385/5
f 3367/3385/5 3368/3386/5 3369/3387/5
f 3365/3383/5 3367/3385/5 3369/3387/5
f 3369/3387/5 3370/3388/5 3371/3389/5
f 3371/3389/5 3372/3390/5 3373/3391/5
f 3369/3387/5 3371/3389/5 3373/3391/5
f 3373/3391/5 3374/3392/5 3375/3393/5
f 3375/3393/5 3376/3394/659 3377/3395/5
f 3373/3391/5 3375/3393/5 3377/3395/5
f 3369/3387/5 3373/3391/5 3377/3395/5
f 3365/3383/5 3369/3387/5 3377/3395/5
f 3377/3395/5 3378/3396/5 3379/3397/5
f 3365/3383/5 3377/3395/5 3379/3397/5
f 3363/3381/5 3365/3383/5 3379/3397/5
f 3380/3398/5 3363/3381/5 3379/3397/5
f 3381/3399/5 3382/3400/5 3383/3401/5
f 3383/3401/5 3384/3402/5 3381/3399/5
f 3382/3400/5 3385/3403/5 3386/3404/5
f 3386/3404/5 3383/3401/5 3382/3400/5
f 3385/3403/5 3387/3405/5 3388/3406/5
f 3388/3406/5 3386/3404/5 3385/3403/5
f 3387/3405/5 3389/3407/5 3390/3408/5
f 3390/3408/5 3388/3406/5 3387/3405/5
f 3389/3407/5 3391/3409/5 3392/3410/5
f 3392/3410/5 3390/3408/5 3389/3407/5
f 3391/3409/5 3393/3411/5 3394/3412/5
f 3394/3412/5 3392/3410/5 3391/3409/5
f 3393/3411/5 3395/3413/155 3396/3414/155
f 3396/3414/155 3394/3412/5 3393/3411/5
f 3395/3413/155 3397/3415/5 3398/3416/5
f 3398/3416/5 3396/3414/155 3395/3413/155
f 3397/3415/5 3399/3417/5 3400/3418/5
f 3400/3418/5 3398/3416/5 3397/3415/5
f 3399/3417/5 3401/3419/5 3402/3420/5
f 3402/3420/5 3400/3418/5 3399/3417/5
f 3401/3419/5 3403/3421/155 3404/3422/155
f 3404/3422/155 3402/3420/5 3401/3419/5
f 3403/3421/155 3405/3423/659 3406/3424/659
f 3406/3424/659 3404/3422/155 3403/3421/155
f 3405/3423/659 3407/3425/5 3408/3426/5
f 3408/3426/5 3406/3424/659 3405/3423/659
f 3407/3425/5 3409/3427/5 3410/3428/5
f 3410/3428/5 3408/3426/5 3407/3425/5
f 3409/3427/5 3411/3429/5 3412/3430/5
f 3412/3430/5 3410/3428/5 3409/3427/5
f 3411/3429/5 3413/3431/5 3414/3432/5
f 3414/3432/5 3412/3430/5 3411/3429/5
f 3413/3431/5 3415/3433/5 3416/3434/5
f 3416/3434/5 3414/3432/5 3413/3431/5
f 3415/3433/5 3381/3399/5 3384/3402/5
f 3384/3402/5 3416/3434/5 3415/3433/5
f 3384/3402/1039 3383/3401/1039 3364/3382/1039
f 3364/3382/1039 3363/3381/1039 3384/3402/1039
f 3383/3401/1040 3386/3404/1040 3365/3383/1040
f 3365/3383/1040 3364/3382/1040 3383/3401/1040
f 3386/3404/1043 3388/3406/1043 3366/3384/1043
f 3366/3384/1043 3365/3383/1043 3386/3404/1043
f 3388/3406/1044 3390/3408/1044 3367/3385/1044
f 3367/3385/1044 3366/3384/1044 3388/3406/1044
f 3390/3408/250 3392/3410/250 3368/3386/250
f 3368/3386/250 3367/3385/250 3390/3408/250
f 3392/3410/1047 3394/3412/1047 3369/3387/1047
f 3369/3387/1047 3368/3386/1047 3392/3410/1047
f 3394/3412/1050 3396/3414/1050 3370/3388/1050
f 3370/3388/1050 3369/3387/1050 3394/3412/1050
f 3396/3414/1051 3398/3416/1051 3371/3389/1051
f 3371/3389/1051 3370/3388/1051 3396/3414/1051
f 3398/3416/2425 3400/3418/1054 3372/3390/1054
f 3372/3390/1054 3371/3389/2425 3398/3416/2425
f 3400/3418/1394 3402/3420/1055 3373/3391/1055
f 3373/3391/1055 3372/3390/1394 3400/3418/1394
f 3402/3420/1024 3404/3422/1024 3374/3392/1024
f 3374/3392/1024 3373/3391/1024 3402/3420/1024
f 3404/3422/1025 3406/3424/1025 3375/3393/1025
f 3375/3393/1025 3374/3392/1025 3404/3422/1025
f 3406/3424/1028 3408/3426/1028 3376/3394/1028
f 3376/3394/1028 3375/3393/1028 3406/3424/1028
f 3408/3426/127 3410/3428/127 3377/3395/127
f 3377/3395/127 3376/3394/127 3408/3426/127
f 3410/3428/1031 3412/3430/1031 3378/3396/1031
f 3378/3396/1031 3377/3395/1031 3410/3428/1031
f 3412/3430/1032 3414/3432/1032 3379/3397/1032
f 3379/3397/1032 3378/3396/1032 3412/3430/1032
f 3414/3432/1035 3416/3434/1035 3380/3398/1035
f 3380/3398/1035 3379/3397/1035 3414/3432/1035
f 3416/3434/1036 3384/3402/1036 3363/3381/1036
f 3363/3381/1036 3380/3398/1036 3416/3434/1036
f 3417/3435/2426 3418/3436/2427 3419/3437/2428
f 3419/3437/2428 3420/3438/2429 3417/3435/2426
f 3421/3439/1804 3422/3440/1804 3423/3441/1804
f 3423/3441/1804 3424/3442/1804 3421/3439/1804
f 3425/3443/2430 3421/3439/2431 3424/3442/2432
f 3424/3442/2432 3426/3444/2433 3425/3443/2430
f 3427/3445/1809 3425/3443/1809 3426/3444/1809
f 3426/3444/1809 3428/3446/1809 3427/3445/1809
f 3418/3436/2434 3417/3435/2434 3429/3447/2434
f 3430/3448/1812 3431/3449/1812 3422/3440/1811
f 3422/3440/1811 3421/3439/1811 3430/3448/1812
f 3432/3450/2435 3430/3448/2435 3421/3439/2435
f 3421/3439/2436 3425/3443/2436 3432/3450/2436
f 3433/3451/1815 3432/3450/1815 3425/3443/1815
f 3425/3443/1815 3427/3445/1815 3433/3451/1815
f 3433/3451/2437 3431/3449/2437 3434/3452/2437
f 3433/3451/2438 3434/3452/2438 3435/3453/2438
f 3433/3451/2439 3435/3453/2440 3436/3454/2440
f 3437/3455/1820 3434/3452/1820 3431/3449/1821
f 3431/3449/1821 3430/3448/1821 3437/3455/1820
f 3438/3456/2441 3437/3455/2441 3430/3448/2441
f 3430/3448/2442 3432/3450/2442 3438/3456/2442
f 3436/3454/1824 3438/3456/1824 3432/3450/1824
f 3432/3450/1824 3433/3451/1824 3436/3454/1824
f 3439/3457/2443 3440/3458/2443 3441/3459/2443
f 3441/3459/2444 3442/3460/2444 3439/3457/2444
f 3443/3461/2138 3444/3462/2138 3434/3452/2138
f 3434/3452/2138 3437/3455/2138 3443/3461/2138
f 3445/3463/2445 3443/3461/2445 3437/3455/2445
f 3437/3455/2446 3438/3456/2446 3445/3463/2446
f 3446/3464/1831 3445/3463/1831 3438/3456/1832
f 3438/3456/1832 3436/3454/1832 3446/3464/1831
f 3420/3438/2447 3419/3437/2447 3440/3458/2447
f 3440/3458/2448 3439/3457/2448 3420/3438/2448
f 3424/3442/1835 3423/3441/1835 3444/3462/1835
f 3444/3462/1835 3443/3461/1835 3424/3442/1835
f 3426/3444/2449 3424/3442/2449 3443/3461/2449
f 3443/3461/2450 3445/3463/2450 3426/3444/2450
f 3428/3446/1838 3426/3444/1838 3445/3463/1838
f 3445/3463/1838 3446/3464/1838 3428/3446/1838
f 3427/3445/2451 3431/3449/2451 3433/3451/2451
f 3444/3462/2452 3435/3453/2452 3434/3452/2452
f 3428/3446/2453 3419/3437/2453 3418/3436/2454
f 3418/3436/2454 3427/3445/2454 3428/3446/2453
f 3427/3445/2455 3418/3436/2456 3429/3447/2457
f 3429/3447/2457 3431/3449/2457 3427/3445/2455
f 3431/3449/2458 3429/3447/2459 3417/3435/2460
f 3417/3435/2460 3422/3440/2461 3431/3449/2458
f 3422/3440/2462 3417/3435/2463 3420/3438/2464
f 3420/3438/2464 3423/3441/2465 3422/3440/2462
f 3423/3441/2466 3420/3438/2467 3439/3457/2468
f 3439/3457/2468 3444/3462/2469 3423/3441/2466
f 3444/3462/2470 3439/3457/2471 3442/3460/2472
f 3442/3460/2472 3435/3453/2472 3444/3462/2470
f 3435/3453/2473 3442/3460/2473 3441/3459/2473
f 3441/3459/2474 3436/3454/2440 3435/3453/2440
f 3436/3454/2475 3441/3459/2475 3440/3458/2476
f 3440/3458/2476 3446/3464/2476 3436/3454/2475
f 3446/3464/2477 3440/3458/2478 3419/3437/2479
f 3419/3437/2479 3428/3446/2480 3446/3464/2477
f 3447/3465/2481 3448/3466/2482 3449/3467/2483
f 3449/3467/2483 3450/3468/2484 3447/3465/2481
f 3451/3469/1875 3452/3470/1875 3453/3471/1875
f 3453/3471/1875 3454/3472/1875 3451/3469/1875
f 3455/3473/2485 3451/3469/2486 3454/3472/2487
f 3454/3472/2487 3456/3474/2488 3455/3473/2485
f 3457/3475/1880 3455/3473/1880 3456/3474/1880
f 3456/3474/1880 3458/3476/1880 3457/3475/1880
f 3448/3466/2489 3447/3465/2489 3459/3477/2489
f 3460/3478/1882 3461/3479/1882 3452/3470/1882
f 3452/3470/1882 3451/3469/1882 3460/3478/1882
f 3462/3480/2490 3460/3478/2490 3451/3469/2490
f 3451/3469/2491 3455/3473/2491 3462/3480/2491
f 3463/3481/1885 3462/3480/1885 3455/3473/1885
f 3455/3473/1885 3457/3475/1885 3463/3481/1885
f 3463/3481/2492 3461/3479/2492 3464/3482/2492
f 3463/3481/2493 3464/3482/2493 3465/3483/2493
f 3463/3481/2494 3465/3483/2495 3466/3484/2495
f 3467/3485/1891 3464/3482/1891 3461/3479/1891
f 3461/3479/1891 3460/3478/1891 3467/3485/1891
f 3468/3486/2496 3467/3485/2496 3460/3478/2496
f 3460/3478/2497 3462/3480/2497 3468/3486/2497
f 3466/3484/1894 3468/3486/1894 3462/3480/1894
f 3462/3480/1894 3463/3481/1894 3466/3484/1894
f 3469/3487/2498 3470/3488/2498 3471/3489/2498
f 3471/3489/2499 3472/3490/2499 3469/3487/2499
f 3473/3491/2500 3474/3492/2164 3464/3482/1897
f 3464/3482/1897 3467/3485/1897 3473/3491/2500
f 3475/3493/2501 3473/3491/2501 3467/3485/2501
f 3467/3485/2502 3468/3486/2502 3475/3493/2502
f 3476/3494/1900 3475/3493/1900 3468/3486/1900
f 3468/3486/1900 3466/3484/1900 3476/3494/1900
f 3450/3468/2503 3449/3467/2503 3470/3488/2503
f 3470/3488/2504 3469/3487/2504 3450/3468/2504
f 3454/3472/2169 3453/3471/2169 3474/3492/2168
f 3474/3492/2168 3473/3491/2168 3454/3472/2169
f 3456/3474/2505 3454/3472/2505 3473/3491/2505
f 3473/3491/2506 3475/3493/2506 3456/3474/2506
f 3458/3476/1906 3456/3474/1906 3475/3493/1906
f 3475/3493/1906 3476/3494/1906 3458/3476/1906
f 3457/3475/2507 3461/3479/2507 3463/3481/2507
f 3474/3492/2508 3465/3483/2508 3464/3482/2508
f 3458/3476/2509 3449/3467/2509 3448/3466/2510
f 3448/3466/2510 3457/3475/2511 3458/3476/2509
f 3457/3475/2512 3448/3466/2512 3459/3477/2513
f 3459/3477/2513 3461/3479/2514 3457/3475/2512
f 3461/3479/2515 3459/3477/2516 3447/3465/2517
f 3447/3465/2517 3452/3470/2518 3461/3479/2515
f 3452/3470/2519 3447/3465/2520 3450/3468/2521
f 3450/3468/2521 3453/3471/2522 3452/3470/2519
f 3453/3471/2523 3450/3468/2524 3469/3487/2525
f 3469/3487/2525 3474/3492/2526 3453/3471/2523
f 3474/3492/2527 3469/3487/2527 3472/3490/2528
f 3472/3490/2528 3465/3483/2528 3474/3492/2527
f 3465/3483/2529 3472/3490/2529 3471/3489/2529
f 3471/3489/2530 3466/3484/2495 3465/3483/2495
f 3466/3484/2531 3471/3489/2531 3470/3488/2532
f 3470/3488/2532 3476/3494/2532 3466/3484/2531
f 3476/3494/2533 3470/3488/2534 3449/3467/2535
f 3449/3467/2535 3458/3476/2536 3476/3494/2533
f 3477/3495/5 3478/3496/5 3479/3497/5
f 3477/3495/5 3479/3497/5 3480/3498/5
f 3481/3499/5 3477/3495/5 3480/3498/5
f 3478/3496/2537 3477/3495/2537 3482/3500/2537
f 3482/3500/2537 3483/3501/2537 3478/3496/2537
f 3479/3497/2538 3478/3496/2538 3483/3501/2538
f 3483/3501/2538 3484/3502/2538 3479/3497/2538
f 3480/3498/2539 3479/3497/2539 3484/3502/2539
f 3484/3502/2539 3485/3503/2539 3480/3498/2539
f 3481/3499/2540 3480/3498/2540 3485/3503/2540
f 3485/3503/2540 3486/3504/2540 3481/3499/2540
f 3477/3495/2541 3481/3499/2541 3486/3504/2541
f 3486/3504/2541 3482/3500/2541 3477/3495/2541
f 3487/3505/229 3488/3506/229 3489/3507/229
f 3487/3505/229 3489/3507/229 3490/3508/229
f 3491/3509/229 3487/3505/229 3490/3508/229
f 3492/3510/2542 3493/3511/2543 3494/3512/2542
f 3494/3512/2542 3495/3513/2542 3492/3510/2542
f 3495/3513/2544 3494/3512/2544 3496/3514/2545
f 3496/3514/2545 3497/3515/2545 3495/3513/2544
f 3497/3515/2546 3496/3514/2546 3498/3516/2547
f 3498/3516/2547 3499/3517/2547 3497/3515/2546
f 3499/3517/2548 3498/3516/2549 3500/3518/2548
f 3500/3518/2548 3501/3519/2548 3499/3517/2548
f 3501/3519/2550 3500/3518/2550 3493/3511/2551
f 3493/3511/2551 3492/3510/2551 3501/3519/2550
f 3495/3513/2552 3483/3501/2552 3482/3500/2552
f 3482/3500/2552 3492/3510/2553 3495/3513/2552
f 3497/3515/2554 3484/3502/2554 3483/3501/2554
f 3483/3501/2554 3495/3513/2554 3497/3515/2554
f 3499/3517/2555 3485/3503/2555 3484/3502/2555
f 3484/3502/2555 3497/3515/2555 3499/3517/2555
f 3501/3519/2556 3486/3504/2556 3485/3503/2556
f 3485/3503/2556 3499/3517/2556 3501/3519/2556
f 3492/3510/2557 3482/3500/2557 3486/3504/2557
f 3486/3504/2557 3501/3519/2558 3492/3510/2557
f 3493/3511/2559 3490/3508/2559 3489/3507/2560
f 3489/3507/2560 3494/3512/2561 3493/3511/2559
f 3494/3512/2562 3489/3507/2562 3488/3506/2563
f 3488/3506/2563 3496/3514/2563 3494/3512/2562
f 3496/3514/2564 3488/3506/2564 3487/3505/2565
f 3487/3505/2565 3498/3516/2565 3496/3514/2564
f 3498/3516/2566 3487/3505/2566 3491/3509/2567
f 3491/3509/2567 3500/3518/2568 3498/3516/2566
f 3500/3518/2569 3491/3509/2569 3490/3508/2570
f 3490/3508/2570 3493/3511/2570 3500/3518/2569
f 3502/3520/2571 3503/3521/2572 3504/3522/2573
f 3504/3522/2573 3505/3523/2574 3502/3520/2571
f 3506/3524/2575 3507/3525/2575 3508/3526/1977
f 3508/3526/1977 3509/3527/1977 3506/3524/2575
f 3510/3528/2576 3506/3524/2577 3509/3527/2578
f 3509/3527/2578 3511/3529/2579 3510/3528/2576
f 3512/3530/1983 3510/3528/1983 3511/3529/1983
f 3511/3529/1983 3513/3531/1983 3512/3530/1983
f 3503/3521/2580 3502/3520/2580 3514/3532/2580
f 3515/3533/1985 3516/3534/1985 3507/3525/2207
f 3507/3525/2207 3506/3524/2207 3515/3533/1985
f 3517/3535/2581 3515/3533/2581 3506/3524/2581
f 3506/3524/2582 3510/3528/2582 3517/3535/2582
f 3518/3536/1988 3517/3535/1989 3510/3528/1988
f 3510/3528/1988 3512/3530/1988 3518/3536/1988
f 3518/3536/2583 3516/3534/2583 3519/3537/2583
f 3518/3536/2584 3519/3537/2584 3520/3538/2584
f 3518/3536/1990 3520/3538/2585 3521/3539/2586
f 3522/3540/1996 3519/3537/1996 3516/3534/1996
f 3516/3534/1996 3515/3533/1995 3522/3540/1996
f 3523/3541/2587 3522/3540/2587 3515/3533/2587
f 3515/3533/2588 3517/3535/2588 3523/3541/2588
f 3521/3539/2586 3523/3541/1999 3517/3535/1999
f 3517/3535/1999 3518/3536/1990 3521/3539/2586
f 3524/3542/2589 3525/3543/2589 3526/3544/2589
f 3526/3544/2590 3527/3545/2590 3524/3542/2590
f 3528/3546/2002 3529/3547/2002 3519/3537/2002
f 3519/3537/2002 3522/3540/2002 3528/3546/2002
f 3530/3548/2591 3528/3546/2591 3522/3540/2591
f 3522/3540/2592 3523/3541/2592 3530/3548/2592
f 3531/3549/2005 3530/3548/2005 3523/3541/2005
f 3523/3541/2005 3521/3539/2005 3531/3549/2005
f 3505/3523/2593 3504/3522/2593 3525/3543/2593
f 3525/3543/2594 3524/3542/2594 3505/3523/2594
f 3509/3527/2009 3508/3526/2009 3529/3547/2009
f 3529/3547/2009 3528/3546/2009 3509/3527/2009
f 3511/3529/2595 3509/3527/2595 3528/3546/2595
f 3528/3546/2596 3530/3548/2596 3511/3529/2596
f 3513/3531/2013 3511/3529/2013 3530/3548/2597
f 3530/3548/2597 3531/3549/2597 3513/3531/2013
f 3512/3530/2598 3516/3534/2598 3518/3536/2598
f 3529/3547/2599 3520/3538/2599 3519/3537/2599
f 3513/3531/2600 3504/3522/2600 3503/3521/2601
f 3503/3521/2601 3512/3530/2602 3513/3531/2600
f 3512/3530/2603 3503/3521/2603 3514/3532/2604
f 3514/3532/2604 3516/3534/2604 3512/3530/2603
f 3516/3534/2605 3514/3532/2606 3502/3520/2607
f 3502/3520/2607 3507/3525/2608 3516/3534/2605
f 3507/3525/2609 3502/3520/2610 3505/3523/2611
f 3505/3523/2611 3508/3526/2612 3507/3525/2609
f 3508/3526/2613 3505/3523/2614 3524/3542/2615
f 3524/3542/2615 3529/3547/2616 3508/3526/2613
f 3529/3547/2617 3524/3542/2617 3527/3545/2618
f 3527/3545/2618 3520/3538/2618 3529/3547/2617
f 3520/3538/2619 3527/3545/2619 3526/3544/2619
f 3526/3544/2620 3521/3539/2586 3520/3538/2585
f 3521/3539/2621 3526/3544/2622 3525/3543/2623
f 3525/3543/2623 3531/3549/2624 3521/3539/2621
f 3531/3549/2625 3525/3543/2626 3504/3522/2627
f 3504/3522/2627 3513/3531/2628 3531/3549/2625
f 3532/3550/2629 3533/3551/2630 3534/3552/2631
f 3534/3552/2631 3535/3553/2632 3532/3550/2629
f 3536/3554/2050 3537/3555/2050 3538/3556/2050
f 3538/3556/2050 3539/3557/2050 3536/3554/2050
f 3540/3558/2633 3536/3554/2634 3539/3557/2635
f 3539/3557/2635 3541/3559/2636 3540/3558/2633
f 3542/3560/2055 3540/3558/2055 3541/3559/2055
f 3541/3559/2055 3543/3561/2055 3542/3560/2055
f 3533/3551/2637 3532/3550/2637 3544/3562/2637
f 3545/3563/2057 3546/3564/2057 3537/3555/2057
f 3537/3555/2057 3536/3554/2057 3545/3563/2057
f 3547/3565/2638 3545/3563/2638 3536/3554/2638
f 3536/3554/2639 3540/3558/2639 3547/3565/2639
f 3548/3566/2060 3547/3565/2060 3540/3558/2060
f 3540/3558/2060 3542/3560/2060 3548/3566/2060
f 3548/3566/2640 3546/3564/2640 3549/3567/2640
f 3548/3566/2641 3549/3567/2641 3550/3568/2641
f 3548/3566/2642 3550/3568/2643 3551/3569/2643
f 3552/3570/2065 3549/3567/2065 3546/3564/2236
f 3546/3564/2236 3545/3563/2236 3552/3570/2065
f 3553/3571/2644 3552/3570/2644 3545/3563/2644
f 3545/3563/2645 3547/3565/2645 3553/3571/2645
f 3551/3569/2069 3553/3571/2069 3547/3565/2069
f 3547/3565/2069 3548/3566/2069 3551/3569/2069
f 3554/3572/2646 3555/3573/2646 3556/3574/2646
f 3556/3574/2647 3557/3575/2647 3554/3572/2647
f 3558/3576/2072 3559/3577/2072 3549/3567/2648
f 3549/3567/2648 3552/3570/2648 3558/3576/2072
f 3560/3578/2649 3558/3576/2649 3552/3570/2649
f 3552/3570/2650 3553/3571/2650 3560/3578/2650
f 3561/3579/2075 3560/3578/2075 3553/3571/2075
f 3553/3571/2075 3551/3569/2075 3561/3579/2075
f 3535/3553/2651 3534/3552/2651 3555/3573/2651
f 3555/3573/2652 3554/3572/2652 3535/3553/2652
f 3539/3557/2078 3538/3556/2078 3559/3577/2078
f 3559/3577/2078 3558/3576/2240 3539/3557/2078
f 3541/3559/2653 3539/3557/2653 3558/3576/2653
f 3558/3576/2654 3560/3578/2654 3541/3559/2654
f 3543/3561/2082 3541/3559/2082 3560/3578/2082
f 3560/3578/2082 3561/3579/2082 3543/3561/2082
f 3542/3560/2655 3546/3564/2655 3548/3566/2655
f 3559/3577/2656 3550/3568/2656 3549/3567/2656
f 3543/3561/2657 3534/3552/2657 3533/3551/2658
f 3533/3551/2658 3542/3560/2658 3543/3561/2657
f 3542/3560/2659 3533/3551/2660 3544/3562/2661
f 3544/3562/2661 3546/3564/2662 3542/3560/2659
f 3546/3564/2663 3544/3562/2664 3532/3550/2665
f 3532/3550/2665 3537/3555/2666 3546/3564/2663
f 3537/3555/2667 3532/3550/2668 3535/3553/2669
f 3535/3553/2669 3538/3556/2670 3537/3555/2667
f 3538/3556/2671 3535/3553/2672 3554/3572/2673
f 3554/3572/2673 3559/3577/2674 3538/3556/2671
f 3559/3577/2675 3554/3572/2676 3557/3575/2677
f 3557/3575/2677 3550/3568/2677 3559/3577/2675
f 3550/3568/2678 3557/3575/2678 3556/3574/2678
f 3556/3574/2679 3551/3569/2643 3550/3568/2643
f 3551/3569/2680 3556/3574/2681 3555/3573/2682
f 3555/3573/2682 3561/3579/2682 3551/3569/2680
f 3561/3579/2683 3555/3573/2684 3534/3552/2685
f 3534/3552/2685 3543/3561/2686 3561/3579/2683
f 3562/3580/2368 3563/3581/2369 3564/3582/2370
f 3564/3582/2370 3565/3583/2371 3562/3580/2368
f 3566/3584/1734 3567/3585/1734 3568/3586/1734
f 3568/3586/1734 3569/3587/1734 3566/3584/1734
f 3570/3588/2372 3566/3584/2687 3569/3587/2688
f 3569/3587/2688 3571/3589/2375 3570/3588/2372
f 3572/3590/1739 3570/3588/1739 3571/3589/1739
f 3571/3589/1739 3573/3591/1739 3572/3590/1739
f 3563/3581/2376 3562/3580/2376 3574/3592/2376
f 3575/3593/1742 3576/3594/1742 3567/3585/1742
f 3567/3585/1742 3566/3584/1742 3575/3593/1742
f 3577/3595/2689 3575/3593/2689 3566/3584/2689
f 3566/3584/2690 3570/3588/2690 3577/3595/2690
f 3578/3596/1745 3577/3595/1745 3570/3588/1745
f 3570/3588/1745 3572/3590/1745 3578/3596/1745
f 3578/3596/2691 3576/3594/2691 3579/3597/2691
f 3578/3596/2692 3579/3597/2692 3580/3598/2692
f 3578/3596/2381 3580/3598/2693 3581/3599/2693
f 3582/3600/1750 3579/3597/1750 3576/3594/1750
f 3576/3594/1750 3575/3593/1750 3582/3600/1750
f 3583/3601/2694 3582/3600/2694 3575/3593/2694
f 3575/3593/2384 3577/3595/2384 3583/3601/2384
f 3581/3599/1754 3583/3601/1754 3577/3595/1755
f 3577/3595/1755 3578/3596/1755 3581/3599/1754
f 3584/3602/2386 3585/3603/2386 3586/3604/2386
f 3586/3604/2695 3587/3605/2695 3584/3602/2695
f 3588/3606/1758 3589/3607/1758 3579/3597/1759
f 3579/3597/1759 3582/3600/1759 3588/3606/1758
f 3590/3608/2696 3588/3606/2696 3582/3600/2696
f 3582/3600/2389 3583/3601/2389 3590/3608/2389
f 3591/3609/1762 3590/3608/1762 3583/3601/1762
f 3583/3601/1762 3581/3599/1762 3591/3609/1762
f 3565/3583/2391 3564/3582/2391 3585/3603/2391
f 3585/3603/2697 3584/3602/2697 3565/3583/2697
f 3569/3587/1765 3568/3586/1765 3589/3607/1766
f 3589/3607/1766 3588/3606/1766 3569/3587/1765
f 3571/3589/2393 3569/3587/2393 3588/3606/2393
f 3588/3606/2394 3590/3608/2394 3571/3589/2394
f 3573/3591/1769 3571/3589/1769 3590/3608/1769
f 3590/3608/1769 3591/3609/1769 3573/3591/1769
f 3572/3590/2698 3576/3594/2698 3578/3596/2698
f 3589/3607/2699 3580/3598/2699 3579/3597/2699
f 3573/3591/2397 3564/3582/2398 3563/3581/2700
f 3563/3581/2700 3572/3590/2399 3573/3591/2397
f 3572/3590/2701 3563/3581/2401 3574/3592/2402
f 3574/3592/2402 3576/3594/2702 3572/3590/2701
f 3576/3594/2403 3574/3592/2404 3562/3580/2703
f 3562/3580/2703 3567/3585/2406 3576/3594/2403
f 3567/3585/2704 3562/3580/2705 3565/3583/2409
f 3565/3583/2409 3568/3586/2706 3567/3585/2704
f 3568/3586/2411 3565/3583/2412 3584/3602/2707
f 3584/3602/2707 3589/3607/2708 3568/3586/2411
f 3589/3607/2415 3584/3602/2415 3587/3605/2709
f 3587/3605/2709 3580/3598/2709 3589/3607/2415
f 3580/3598/2710 3587/3605/2710 3586/3604/2710
f 3586/3604/2418 3581/3599/2693 3580/3598/2693
f 3581/3599/2711 3586/3604/2712 3585/3603/2713
f 3585/3603/2713 3591/3609/2714 3581/3599/2711
f 3591/3609/2715 3585/3603/2422 3564/3582/2423
f 3564/3582/2423 3573/3591/2424 3591/3609/2715
f 3592/3610/229 3593/3611/1135 3594/3612/229
f 3594/3612/229 3595/3613/229 3596/3614/229
f 3596/3614/229 3597/3615/229 3598/3616/229
f 3594/3612/229 3596/3614/229 3598/3616/229
f 3598/3616/229 3599/3617/229 3600/3618/229
f 3600/3618/229 3601/3619/229 3602/3620/229
f 3598/3616/229 3600/3618/229 3602/3620/229
f 3594/3612/229 3598/3616/229 3602/3620/229
f 3602/3620/229 3603/3621/229 3604/3622/229
f 3604/3622/229 3605/3623/229 3606/3624/229
f 3602/3620/229 3604/3622/229 3606/3624/229
f 3594/3612/229 3602/3620/229 3606/3624/229
f 3592/3610/229 3594/3612/229 3606/3624/229
f 3606/3624/229 3607/3625/229 3608/3626/229
f 3592/3610/229 3606/3624/229 3608/3626/229
f 3609/3627/229 3592/3610/229 3608/3626/229
f 3610/3628/229 3611/3629/229 3612/3630/229
f 3612/3630/229 3613/3631/229 3610/3628/229
f 3613/3631/229 3612/3630/229 3614/3632/762
f 3614/3632/762 3615/3633/762 3613/3631/229
f 3615/3633/762 3614/3632/762 3616/3634/658
f 3616/3634/658 3617/3635/762 3615/3633/762
f 3617/3635/762 3616/3634/658 3618/3636/229
f 3618/3636/229 3619/3637/229 3617/3635/762
f 3619/3637/229 3618/3636/229 3620/3638/1135
f 3620/3638/1135 3621/3639/1135 3619/3637/229
f 3621/3639/1135 3620/3638/1135 3622/3640/658
f 3622/3640/658 3623/3641/658 3621/3639/1135
f 3623/3641/658 3622/3640/658 3624/3642/229
f 3624/3642/229 3625/3643/229 3623/3641/658
f 3625/3643/229 3624/3642/229 3626/3644/1135
f 3626/3644/1135 3627/3645/1135 3625/3643/229
f 3627/3645/1135 3626/3644/1135 3628/3646/229
f 3628/3646/229 3629/3647/229 3627/3645/1135
f 3629/3647/229 3628/3646/229 3630/3648/229
f 3630/3648/229 3631/3649/229 3629/3647/229
f 3631/3649/229 3630/3648/229 3632/3650/1135
f 3632/3650/1135 3633/3651/1135 3631/3649/229
f 3633/3651/1135 3632/3650/1135 3634/3652/229
f 3634/3652/229 3635/3653/229 3633/3651/1135
f 3635/3653/229 3634/3652/229 3636/3654/229
f 3636/3654/229 3637/3655/229 3635/3653/229
f 3637/3655/229 3636/3654/229 3638/3656/229
f 3638/3656/229 3639/3657/229 3637/3655/229
f 3639/3657/229 3638/3656/229 3640/3658/229
f 3640/3658/229 3641/3659/229 3639/3657/229
f 3641/3659/229 3640/3658/229 3642/3660/229
f 3642/3660/229 3643/3661/229 3641/3659/229
f 3643/3661/229 3642/3660/229 3644/3662/762
f 3644/3662/762 3645/3663/762 3643/3661/229
f 3645/3663/762 3644/3662/762 3611/3629/229
f 3611/3629/229 3610/3628/229 3645/3663/762
f 3611/3629/1799 3608/3626/1799 3607/3625/1799
f 3607/3625/1799 3612/3630/1799 3611/3629/1799
f 3612/3630/1040 3607/3625/1040 3606/3624/1040
f 3606/3624/1040 3614/3632/1040 3612/3630/1040
f 3614/3632/1043 3606/3624/1043 3605/3623/1043
f 3605/3623/1043 3616/3634/1043 3614/3632/1043
f 3616/3634/1044 3605/3623/1044 3604/3622/1044
f 3604/3622/1044 3618/3636/1044 3616/3634/1044
f 3618/3636/250 3604/3622/250 3603/3621/250
f 3603/3621/250 3620/3638/250 3618/3636/250
f 3620/3638/1047 3603/3621/1047 3602/3620/1047
f 3602/3620/1047 3622/3640/1047 3620/3638/1047
f 3622/3640/1050 3602/3620/1050 3601/3619/1050
f 3601/3619/1050 3624/3642/1050 3622/3640/1050
f 3624/3642/1051 3601/3619/1051 3600/3618/1051
f 3600/3618/1051 3626/3644/1051 3624/3642/1051
f 3626/3644/1054 3600/3618/1054 3599/3617/1054
f 3599/3617/1054 3628/3646/1054 3626/3644/1054
f 3628/3646/1055 3599/3617/1394 3598/3616/1055
f 3598/3616/1055 3630/3648/1055 3628/3646/1055
f 3630/3648/1024 3598/3616/1024 3597/3615/1024
f 3597/3615/1024 3632/3650/1024 3630/3648/1024
f 3632/3650/1025 3597/3615/1025 3596/3614/1025
f 3596/3614/1025 3634/3652/1025 3632/3650/1025
f 3634/3652/1028 3596/3614/1028 3595/3613/1028
f 3595/3613/1028 3636/3654/1028 3634/3652/1028
f 3636/3654/127 3595/3613/127 3594/3612/127
f 3594/3612/127 3638/3656/127 3636/3654/127
f 3638/3656/1031 3594/3612/1031 3593/3611/1031
f 3593/3611/1031 3640/3658/1031 3638/3656/1031
f 3640/3658/1032 3593/3611/1032 3592/3610/1032
f 3592/3610/1032 3642/3660/1032 3640/3658/1032
f 3642/3660/1035 3592/3610/1035 3609/3627/1035
f 3609/3627/1035 3644/3662/1035 3642/3660/1035
f 3644/3662/1382 3609/3627/1382 3608/3626/1382
f 3608/3626/1382 3611/3629/1382 3644/3662/1382
f 3646/3664/5 3647/3665/5 3648/3666/5
f 3648/3666/5 3649/3667/155 3650/3668/5
f 3650/3668/5 3651/3669/5 3652/3670/5
f 3648/3666/5 3650/3668/5 3652/3670/5
f 3652/3670/5 3653/3671/5 3654/3672/5
f 3654/3672/5 3655/3673/5 3656/3674/5
f 3652/3670/5 3654/3672/5 3656/3674/5
f 3656/3674/5 3657/3675/5 3658/3676/5
f 3658/3676/5 3659/3677/5 3660/3678/5
f 3656/3674/5 3658/3676/5 3660/3678/5
f 3652/3670/5 3656/3674/5 3660/3678/5
f 3648/3666/5 3652/3670/5 3660/3678/5
f 3660/3678/5 3661/3679/659 3662/3680/5
f 3648/3666/5 3660/3678/5 3662/3680/5
f 3646/3664/5 3648/3666/5 3662/3680/5
f 3663/3681/5 3646/3664/5 3662/3680/5
f 3664/3682/5 3665/3683/5 3666/3684/5
f 3666/3684/5 3667/3685/5 3664/3682/5
f 3665/3683/5 3668/3686/155 3669/3687/155
f 3669/3687/155 3666/3684/5 3665/3683/5
f 3668/3686/155 3670/3688/659 3671/3689/659
f 3671/3689/659 3669/3687/155 3668/3686/155
f 3670/3688/659 3672/3690/5 3673/3691/5
f 3673/3691/5 3671/3689/659 3670/3688/659
f 3672/3690/5 3674/3692/5 3675/3693/5
f 3675/3693/5 3673/3691/5 3672/3690/5
f 3674/3692/5 3676/3694/5 3677/3695/5
f 3677/3695/5 3675/3693/5 3674/3692/5
f 3676/3694/5 3678/3696/5 3679/3697/5
f 3679/3697/5 3677/3695/5 3676/3694/5
f 3678/3696/5 3680/3698/5 3681/3699/5
f 3681/3699/5 3679/3697/5 3678/3696/5
f 3680/3698/5 3682/3700/5 3683/3701/5
f 3683/3701/5 3681/3699/5 3680/3698/5
f 3682/3700/5 3684/3702/5 3685/3703/155
f 3685/3703/155 3683/3701/5 3682/3700/5
f 3684/3702/5 3686/3704/5 3687/3705/5
f 3687/3705/5 3685/3703/155 3684/3702/5
f 3686/3704/5 3688/3706/5 3689/3707/5
f 3689/3707/5 3687/3705/5 3686/3704/5
f 3688/3706/5 3690/3708/5 3691/3709/5
f 3691/3709/5 3689/3707/5 3688/3706/5
f 3690/3708/5 3692/3710/5 3693/3711/5
f 3693/3711/5 3691/3709/5 3690/3708/5
f 3692/3710/5 3694/3712/659 3695/3713/659
f 3695/3713/659 3693/3711/5 3692/3710/5
f 3694/3712/659 3696/3714/5 3697/3715/5
f 3697/3715/5 3695/3713/659 3694/3712/659
f 3696/3714/5 3698/3716/5 3699/3717/5
f 3699/3717/5 3697/3715/5 3696/3714/5
f 3698/3716/5 3664/3682/5 3667/3685/5
f 3667/3685/5 3699/3717/5 3698/3716/5
f 3667/3685/1799 3666/3684/1039 3647/3665/1039
f 3647/3665/1039 3646/3664/1799 3667/3685/1799
f 3666/3684/1040 3669/3687/1040 3648/3666/1040
f 3648/3666/1040 3647/3665/1040 3666/3684/1040
f 3669/3687/1043 3671/3689/1043 3649/3667/1043
f 3649/3667/1043 3648/3666/1043 3669/3687/1043
f 3671/3689/1044 3673/3691/1044 3650/3668/1044
f 3650/3668/1044 3649/3667/1044 3671/3689/1044
f 3673/3691/250 3675/3693/250 3651/3669/250
f 3651/3669/250 3650/3668/250 3673/3691/250
f 3675/3693/1047 3677/3695/1047 3652/3670/1047
f 3652/3670/1047 3651/3669/1047 3675/3693/1047
f 3677/3695/1050 3679/3697/1050 3653/3671/1050
f 3653/3671/1050 3652/3670/1050 3677/3695/1050
f 3679/3697/1051 3681/3699/1051 3654/3672/1051
f 3654/3672/1051 3653/3671/1051 3679/3697/1051
f 3681/3699/1054 3683/3701/2425 3655/3673/2425
f 3655/3673/2425 3654/3672/1054 3681/3699/1054
f 3683/3701/1055 3685/3703/1394 3656/3674/1394
f 3656/3674/1394 3655/3673/1055 3683/3701/1055
f 3685/3703/1024 3687/3705/1024 3657/3675/1024
f 3657/3675/1024 3656/3674/1024 3685/3703/1024
f 3687/3705/1025 3689/3707/1025 3658/3676/1025
f 3658/3676/1025 3657/3675/1025 3687/3705/1025
f 3689/3707/1028 3691/3709/1028 3659/3677/1028
f 3659/3677/1028 3658/3676/1028 3689/3707/1028
f 3691/3709/127 3693/3711/127 3660/3678/127
f 3660/3678/127 3659/3677/127 3691/3709/127
f 3693/3711/1031 3695/3713/1031 3661/3679/1031
f 3661/3679/1031 3660/3678/1031 3693/3711/1031
f 3695/3713/1032 3697/3715/1032 3662/3680/1032
f 3662/3680/1032 3661/3679/1032 3695/3713/1032
f 3697/3715/1035 3699/3717/1035 3663/3681/1035
f 3663/3681/1035 3662/3680/1035 3697/3715/1035
f 3699/3717/1382 3667/3685/1036 3646/3664/1036
f 3646/3664/1036 3663/3681/1382 3699/3717/1382
f 3700/3718/2426 3701/3719/2427 3702/3720/2428
f 3702/3720/2428 3703/3721/2429 3700/3718/2426
f 3704/3722/1804 3705/3723/1804 3706/3724/1804
f 3706/3724/1804 3707/3725/1804 3704/3722/1804
f 3708/3726/2430 3704/3722/2716 3707/3725/2717
f 3707/3725/2717 3709/3727/2433 3708/3726/2430
f 3710/3728/1809 3708/3726/1809 3709/3727/1809
f 3709/3727/1809 3711/3729/1809 3710/3728/1809
f 3701/3719/2434 3700/3718/2434 3712/3730/2434
f 3713/3731/1812 3714/3732/1812 3705/3723/2718
f 3705/3723/2718 3704/3722/2718 3713/3731/1812
f 3715/3733/2719 3713/3731/2719 3704/3722/2719
f 3704/3722/2720 3708/3726/2720 3715/3733/2720
f 3716/3734/1815 3715/3733/1815 3708/3726/1815
f 3708/3726/1815 3710/3728/1815 3716/3734/1815
f 3716/3734/2721 3714/3732/2721 3717/3735/2721
f 3716/3734/2722 3717/3735/2722 3718/3736/2722
f 3716/3734/2439 3718/3736/2440 3719/3737/2440
f 3720/3738/1820 3717/3735/1820 3714/3732/1821
f 3714/3732/1821 3713/3731/1821 3720/3738/1820
f 3721/3739/2723 3720/3738/2723 3713/3731/2723
f 3713/3731/2724 3715/3733/2724 3721/3739/2724
f 3719/3737/1824 3721/3739/1824 3715/3733/1824
f 3715/3733/1824 3716/3734/1824 3719/3737/1824
f 3722/3740/2443 3723/3741/2443 3724/3742/2443
f 3724/3742/2725 3725/3743/2725 3722/3740/2725
f 3726/3744/2138 3727/3745/2138 3717/3735/2138
f 3717/3735/2138 3720/3738/2138 3726/3744/2138
f 3728/3746/2726 3726/3744/2726 3720/3738/2726
f 3720/3738/2727 3721/3739/2727 3728/3746/2727
f 3729/3747/1831 3728/3746/1831 3721/3739/1832
f 3721/3739/1832 3719/3737/1832 3729/3747/1831
f 3703/3721/2447 3702/3720/2447 3723/3741/2447
f 3723/3741/2728 3722/3740/2728 3703/3721/2728
f 3707/3725/1835 3706/3724/1835 3727/3745/1835
f 3727/3745/1835 3726/3744/1835 3707/3725/1835
f 3709/3727/2729 3707/3725/2729 3726/3744/2729
f 3726/3744/2450 3728/3746/2450 3709/3727/2450
f 3711/3729/1838 3709/3727/1838 3728/3746/1838
f 3728/3746/1838 3729/3747/1838 3711/3729/1838
f 3710/3728/2451 3714/3732/2451 3716/3734/2451
f 3727/3745/2730 3718/3736/2730 3717/3735/2730
f 3711/3729/2731 3702/3720/2731 3701/3719/2454
f 3701/3719/2454 3710/3728/2454 3711/3729/2731
f 3710/3728/2456 3701/3719/2456 3712/3730/2732
f 3712/3730/2732 3714/3732/2732 3710/3728/2456
f 3714/3732/2458 3712/3730/2733 3700/3718/2734
f 3700/3718/2734 3705/3723/2461 3714/3732/2458
f 3705/3723/2462 3700/3718/2463 3703/3721/2464
f 3703/3721/2464 3706/3724/2735 3705/3723/2462
f 3706/3724/2466 3703/3721/2467 3722/3740/2468
f 3722/3740/2468 3727/3745/2736 3706/3724/2466
f 3727/3745/2470 3722/3740/2470 3725/3743/2737
f 3725/3743/2737 3718/3736/2737 3727/3745/2470
f 3718/3736/2738 3725/3743/2739 3724/3742/2738
f 3724/3742/2474 3719/3737/2440 3718/3736/2440
f 3719/3737/2740 3724/3742/2740 3723/3741/2741
f 3723/3741/2741 3729/3747/2742 3719/3737/2740
f 3729/3747/2743 3723/3741/2744 3702/3720/2745
f 3702/3720/2745 3711/3729/2746 3729/3747/2743
f 3730/3748/2747 3731/3749/2748 3732/3750/2483
f 3732/3750/2483 3733/3751/2484 3730/3748/2747
f 3734/3752/1875 3735/3753/1875 3736/3754/1875
f 3736/3754/1875 3737/3755/1875 3734/3752/1875
f 3738/3756/2485 3734/3752/2749 3737/3755/2750
f 3737/3755/2750 3739/3757/2488 3738/3756/2485
f 3740/3758/1880 3738/3756/1880 3739/3757/1880
f 3739/3757/1880 3741/3759/1880 3740/3758/1880
f 3731/3749/2489 3730/3748/2489 3742/3760/2489
f 3743/3761/1882 3744/3762/1882 3735/3753/1882
f 3735/3753/1882 3734/3752/1882 3743/3761/1882
f 3745/3763/2751 3743/3761/2751 3734/3752/2751
f 3734/3752/2752 3738/3756/2752 3745/3763/2752
f 3746/3764/1885 3745/3763/1885 3738/3756/1885
f 3738/3756/1885 3740/3758/1885 3746/3764/1885
f 3746/3764/2753 3744/3762/2753 3747/3765/2753
f 3746/3764/2493 3747/3765/2493 3748/3766/2493
f 3746/3764/2494 3748/3766/2754 3749/3767/2754
f 3750/3768/1891 3747/3765/1891 3744/3762/1891
f 3744/3762/1891 3743/3761/1891 3750/3768/1891
f 3751/3769/2755 3750/3768/2755 3743/3761/2755
f 3743/3761/2756 3745/3763/2756 3751/3769/2756
f 3749/3767/1894 3751/3769/1894 3745/3763/1894
f 3745/3763/1894 3746/3764/1894 3749/3767/1894
f 3752/3770/2757 3753/3771/2757 3754/3772/2757
f 3754/3772/2758 3755/3773/2758 3752/3770/2758
f 3756/3774/2500 3757/3775/2164 3747/3765/1897
f 3747/3765/1897 3750/3768/1897 3756/3774/2500
f 3758/3776/2759 3756/3774/2759 3750/3768/2759
f 3750/3768/2502 3751/3769/2502 3758/3776/2502
f 3759/3777/1900 3758/3776/1900 3751/3769/1900
f 3751/3769/1900 3749/3767/1900 3759/3777/1900
f 3733/3751/2760 3732/3750/2760 3753/3771/2760
f 3753/3771/2761 3752/3770/2761 3733/3751/2761
f 3737/3755/2169 3736/3754/2169 3757/3775/1903
f 3757/3775/1903 3756/3774/1903 3737/3755/2169
f 3739/3757/2505 3737/3755/2505 3756/3774/2505
f 3756/3774/2762 3758/3776/2762 3739/3757/2762
f 3741/3759/1906 3739/3757/1906 3758/3776/1906
f 3758/3776/1906 3759/3777/1906 3741/3759/1906
f 3740/3758/2507 3744/3762/2507 3746/3764/2507
f 3757/3775/2763 3748/3766/2763 3747/3765/2763
f 3741/3759/2764 3732/3750/2510 3731/3749/2765
f 3731/3749/2765 3740/3758/2766 3741/3759/2764
f 3740/3758/2767 3731/3749/2767 3742/3760/2514
f 3742/3760/2514 3744/3762/2514 3740/3758/2767
f 3744/3762/2515 3742/3760/2516 3730/3748/2768
f 3730/3748/2768 3735/3753/2518 3744/3762/2515
f 3735/3753/2769 3730/3748/2770 3733/3751/2521
f 3733/3751/2521 3736/3754/2771 3735/3753/2769
f 3736/3754/2772 3733/3751/2773 3752/3770/2525
f 3752/3770/2525 3757/3775/2774 3736/3754/2772
f 3757/3775/2775 3752/3770/2775 3755/3773/2528
f 3755/3773/2528 3748/3766/2528 3757/3775/2775
f 3748/3766/2776 3755/3773/2776 3754/3772/2776
f 3754/3772/2777 3749/3767/2754 3748/3766/2754
f 3749/3767/2778 3754/3772/2778 3753/3771/2532
f 3753/3771/2532 3759/3777/2532 3749/3767/2778
f 3759/3777/2779 3753/3771/2780 3732/3750/2781
f 3732/3750/2781 3741/3759/2782 3759/3777/2779
f 3760/3778/5 3761/3779/5 3762/3780/5
f 3760/3778/5 3762/3780/5 3763/3781/5
f 3764/3782/5 3760/3778/5 3763/3781/5
f 3761/3779/2537 3760/3778/2537 3765/3783/2537
f 3765/3783/2537 3766/3784/2537 3761/3779/2537
f 3762/3780/2538 3761/3779/2538 3766/3784/2538
f 3766/3784/2538 3767/3785/2538 3762/3780/2538
f 3763/3781/2539 3762/3780/2539 3767/3785/2539
f 3767/3785/2539 3768/3786/2539 3763/3781/2539
f 3764/3782/2540 3763/3781/2540 3768/3786/2540
f 3768/3786/2540 3769/3787/2540 3764/3782/2540
f 3760/3778/2541 3764/3782/2541 3769/3787/2541
f 3769/3787/2541 3765/3783/2541 3760/3778/2541
f 3770/3788/229 3771/3789/229 3772/3790/229
f 3770/3788/229 3772/3790/229 3773/3791/229
f 3774/3792/1135 3770/3788/229 3773/3791/229
f 3775/3793/2783 3776/3794/2784 3777/3795/2543
f 3777/3795/2543 3778/3796/2543 3775/3793/2783
f 3778/3796/2544 3777/3795/2544 3779/3797/2545
f 3779/3797/2545 3780/3798/2545 3778/3796/2544
f 3780/3798/2547 3779/3797/2547 3781/3799/2547
f 3781/3799/2547 3782/3800/2547 3780/3798/2547
f 3782/3800/2549 3781/3799/2549 3783/3801/2785
f 3783/3801/2785 3784/3802/2785 3782/3800/2549
f 3784/3802/2786 3783/3801/2786 3776/3794/2787
f 3776/3794/2787 3775/3793/2550 3784/3802/2786
f 3778/3796/2552 3766/3784/2552 3765/3783/2552
f 3765/3783/2552 3775/3793/2553 3778/3796/2552
f 3780/3798/2554 3767/3785/2554 3766/3784/2554
f 3766/3784/2554 3778/3796/2554 3780/3798/2554
f 3782/3800/2555 3768/3786/2555 3767/3785/2555
f 3767/3785/2555 3780/3798/2555 3782/3800/2555
f 3784/3802/2556 3769/3787/2556 3768/3786/2556
f 3768/3786/2556 3782/3800/2556 3784/3802/2556
f 3775/3793/2557 3765/3783/2557 3769/3787/2557
f 3769/3787/2557 3784/3802/2557 3775/3793/2557
f 3776/3794/2561 3773/3791/2788 3772/3790/2789
f 3772/3790/2789 3777/3795/2789 3776/3794/2561
f 3777/3795/2790 3772/3790/2790 3771/3789/2790
f 3771/3789/2790 3779/3797/2790 3777/3795/2790
f 3779/3797/2791 3771/3789/2791 3770/3788/2791
f 3770/3788/2791 3781/3799/2791 3779/3797/2791
f 3781/3799/2568 3770/3788/2568 3774/3792/2568
f 3774/3792/2568 3783/3801/2568 3781/3799/2568
f 3783/3801/2792 3774/3792/2792 3773/3791/2793
f 3773/3791/2793 3776/3794/2793 3783/3801/2792
f 3785/3803/2571 3786/3804/2572 3787/3805/2573
f 3787/3805/2573 3788/3806/2574 3785/3803/2571
f 3789/3807/1978 3790/3808/1978 3791/3809/1978
f 3791/3809/1978 3792/3810/1978 3789/3807/1978
f 3793/3811/2794 3789/3807/2577 3792/3810/2578
f 3792/3810/2578 3794/3812/2579 3793/3811/2794
f 3795/3813/1983 3793/3811/1983 3794/3812/1983
f 3794/3812/1983 3796/3814/1983 3795/3813/1983
f 3786/3804/2580 3785/3803/2580 3797/3815/2580
f 3798/3816/1985 3799/3817/1985 3790/3808/2207
f 3790/3808/2207 3789/3807/2207 3798/3816/1985
f 3800/3818/2581 3798/3816/2581 3789/3807/2581
f 3789/3807/2582 3793/3811/2582 3800/3818/2582
f 3801/3819/1989 3800/3818/1989 3793/3811/1988
f 3793/3811/1988 3795/3813/1988 3801/3819/1989
f 3801/3819/2795 3799/3817/2795 3802/3820/2795
f 3801/3819/2584 3802/3820/2584 3803/3821/2584
f 3801/3819/2796 3803/3821/2797 3804/3822/2586
f 3805/3823/1996 3802/3820/1996 3799/3817/1996
f 3799/3817/1996 3798/3816/1995 3805/3823/1996
f 3806/3824/2798 3805/3823/2798 3798/3816/2798
f 3798/3816/2588 3800/3818/2588 3806/3824/2588
f 3804/3822/2586 3806/3824/1999 3800/3818/1999
f 3800/3818/1999 3801/3819/2796 3804/3822/2586
f 3807/3825/2799 3808/3826/2799 3809/3827/2799
f 3809/3827/2800 3810/3828/2800 3807/3825/2800
f 3811/3829/2002 3812/3830/2002 3802/3820/2002
f 3802/3820/2002 3805/3823/2002 3811/3829/2002
f 3813/3831/2591 3811/3829/2591 3805/3823/2591
f 3805/3823/2801 3806/3824/2801 3813/3831/2801
f 3814/3832/2005 3813/3831/2005 3806/3824/2005
f 3806/3824/2005 3804/3822/2005 3814/3832/2005
f 3788/3806/2593 3787/3805/2593 3808/3826/2593
f 3808/3826/2802 3807/3825/2802 3788/3806/2802
f 3792/3810/2008 3791/3809/2008 3812/3830/2010
f 3812/3830/2010 3811/3829/2009 3792/3810/2008
f 3794/3812/2595 3792/3810/2595 3811/3829/2595
f 3811/3829/2596 3813/3831/2596 3794/3812/2596
f 3796/3814/2013 3794/3812/2013 3813/3831/2014
f 3813/3831/2014 3814/3832/2014 3796/3814/2013
f 3795/3813/2598 3799/3817/2598 3801/3819/2598
f 3812/3830/2803 3803/3821/2803 3802/3820/2803
f 3796/3814/2602 3787/3805/2600 3786/3804/2600
f 3786/3804/2600 3795/3813/2601 3796/3814/2602
f 3795/3813/2804 3786/3804/2804 3797/3815/2805
f 3797/3815/2805 3799/3817/2805 3795/3813/2804
f 3799/3817/2806 3797/3815/2606 3785/3803/2807
f 3785/3803/2807 3790/3808/2808 3799/3817/2806
f 3790/3808/2809 3785/3803/2810 3788/3806/2611
f 3788/3806/2611 3791/3809/2612 3790/3808/2809
f 3791/3809/2811 3788/3806/2812 3807/3825/2615
f 3807/3825/2615 3812/3830/2813 3791/3809/2811
f 3812/3830/2814 3807/3825/2814 3810/3828/2618
f 3810/3828/2618 3803/3821/2618 3812/3830/2814
f 3803/3821/2815 3810/3828/2815 3809/3827/2815
f 3809/3827/2816 3804/3822/2586 3803/3821/2797
f 3804/3822/2622 3809/3827/2622 3808/3826/2624
f 3808/3826/2624 3814/3832/2624 3804/3822/2622
f 3814/3832/2625 3808/3826/2626 3787/3805/2817
f 3787/3805/2817 3796/3814/2818 3814/3832/2625
f 3815/3833/2629 3816/3834/2819 3817/3835/2631
f 3817/3835/2631 3818/3836/2632 3815/3833/2629
f 3819/3837/2050 3820/3838/2050 3821/3839/2050
f 3821/3839/2050 3822/3840/2050 3819/3837/2050
f 3823/3841/2633 3819/3837/2634 3822/3840/2820
f 3822/3840/2820 3824/3842/2636 3823/3841/2633
f 3825/3843/2055 3823/3841/2055 3824/3842/2055
f 3824/3842/2055 3826/3844/2055 3825/3843/2055
f 3816/3834/2821 3815/3833/2821 3827/3845/2821
f 3828/3846/2057 3829/3847/2057 3820/3838/2235
f 3820/3838/2235 3819/3837/2235 3828/3846/2057
f 3830/3848/2638 3828/3846/2638 3819/3837/2638
f 3819/3837/2639 3823/3841/2639 3830/3848/2639
f 3831/3849/2822 3830/3848/2822 3823/3841/2060
f 3823/3841/2060 3825/3843/2060 3831/3849/2822
f 3831/3849/2640 3829/3847/2640 3832/3850/2640
f 3831/3849/2823 3832/3850/2823 3833/3851/2823
f 3831/3849/2642 3833/3851/2643 3834/3852/2643
f 3835/3853/2065 3832/3850/2065 3829/3847/2236
f 3829/3847/2236 3828/3846/2236 3835/3853/2065
f 3836/3854/2824 3835/3853/2824 3828/3846/2824
f 3828/3846/2645 3830/3848/2645 3836/3854/2645
f 3834/3852/2069 3836/3854/2069 3830/3848/2069
f 3830/3848/2069 3831/3849/2069 3834/3852/2069
f 3837/3855/2825 3838/3856/2825 3839/3857/2825
f 3839/3857/2826 3840/3858/2826 3837/3855/2826
f 3841/3859/2072 3842/3860/2072 3832/3850/2072
f 3832/3850/2072 3835/3853/2072 3841/3859/2072
f 3843/3861/2827 3841/3859/2827 3835/3853/2827
f 3835/3853/2650 3836/3854/2650 3843/3861/2650
f 3844/3862/2075 3843/3861/2075 3836/3854/2075
f 3836/3854/2075 3834/3852/2075 3844/3862/2075
f 3818/3836/2828 3817/3835/2828 3838/3856/2828
f 3838/3856/2829 3837/3855/2829 3818/3836/2829
f 3822/3840/2078 3821/3839/2078 3842/3860/2078
f 3842/3860/2078 3841/3859/2240 3822/3840/2078
f 3824/3842/2653 3822/3840/2653 3841/3859/2653
f 3841/3859/2830 3843/3861/2830 3824/3842/2830
f 3826/3844/2082 3824/3842/2082 3843/3861/2082
f 3843/3861/2082 3844/3862/2082 3826/3844/2082
f 3825/3843/2655 3829/3847/2655 3831/3849/2655
f 3842/3860/2656 3833/3851/2656 3832/3850/2656
f 3826/3844/2657 3817/3835/2657 3816/3834/2658
f 3816/3834/2658 3825/3843/2658 3826/3844/2657
f 3825/3843/2659 3816/3834/2659 3827/3845/2661
f 3827/3845/2661 3829/3847/2661 3825/3843/2659
f 3829/3847/2831 3827/3845/2832 3815/3833/2833
f 3815/3833/2833 3820/3838/2834 3829/3847/2831
f 3820/3838/2667 3815/3833/2668 3818/3836/2669
f 3818/3836/2669 3821/3839/2670 3820/3838/2667
f 3821/3839/2835 3818/3836/2672 3837/3855/2836
f 3837/3855/2836 3842/3860/2674 3821/3839/2835
f 3842/3860/2675 3837/3855/2675 3840/3858/2677
f 3840/3858/2677 3833/3851/2677 3842/3860/2675
f 3833/3851/2678 3840/3858/2678 3839/3857/2678
f 3839/3857/2837 3834/3852/2643 3833/3851/2643
f 3834/3852/2681 3839/3857/2681 3838/3856/2838
f 3838/3856/2838 3844/3862/2682 3834/3852/2681
f 3844/3862/2839 3838/3856/2684 3817/3835/2840
f 3817/3835/2840 3826/3844/2841 3844/3862/2839
f 3845/3863/252 3846/3864/252 3847/3865/252
f 3847/3865/252 3848/3866/252 3845/3863/252
f 3845/3863/2261 3849/3867/2261 3850/3868/2261
f 3850/3868/2261 3846/3864/2261 3845/3863/2261
f 3849/3867/252 3851/3869/252 3852/3870/252
f 3852/3870/252 3850/3868/252 3849/3867/252
f 3851/3869/2263 3853/3871/2263 3854/3872/2263
f 3854/3872/2263 3852/3870/2263 3851/3869/2263
f 3853/3871/252 3855/3873/252 3856/3874/252
f 3856/3874/252 3854/3872/252 3853/3871/252
f 3857/3875/250 3858/3876/250 3856/3874/250
f 3856/3874/250 3855/3873/250 3857/3875/250
f 3847/3865/127 3859/3877/127 3860/3878/127
f 3860/3878/127 3848/3866/127 3847/3865/127
f 3857/3875/252 3860/3878/252 3861/3879/252
f 3861/3879/252 3862/3880/252 3863/3881/252
f 3857/3875/252 3861/3879/252 3863/3881/252
f 3857/3875/252 3863/3881/252 3864/3882/252
f 3857/3875/252 3864/3882/252 3865/3883/252
f 3857/3875/252 3865/3883/252 3866/3884/252
f 3862/3880/5 3861/3879/5 3867/3885/5
f 3867/3885/5 3868/3886/5 3862/3880/5
f 3862/3880/2842 3868/3886/2842 3869/3887/2842
f 3869/3887/2842 3863/3881/2842 3862/3880/2842
f 3863/3881/5 3869/3887/5 3870/3888/5
f 3870/3888/5 3864/3882/5 3863/3881/5
f 3864/3882/2843 3870/3888/2843 3871/3889/2843
f 3871/3889/2843 3865/3883/2844 3864/3882/2843
f 3865/3883/5 3871/3889/5 3872/3890/5
f 3872/3890/5 3866/3884/5 3865/3883/5
f 3857/3875/250 3866/3884/250 3872/3890/250
f 3872/3890/250 3858/3876/250 3857/3875/250
f 3867/3885/127 3861/3879/127 3860/3878/127
f 3860/3878/127 3859/3877/127 3867/3885/127
f 3860/3878/5 3857/3875/5 3855/3873/5
f 3855/3873/5 3853/3871/5 3851/3869/5
f 3860/3878/5 3855/3873/5 3851/3869/5
f 3860/3878/5 3851/3869/5 3849/3867/5
f 3860/3878/5 3849/3867/5 3845/3863/5
f 3860/3878/5 3845/3863/5 3848/3866/5
f 3846/3864/2845 3873/3891/2845 3874/3892/2846
f 3874/3892/2846 3847/3865/2846 3846/3864/2845
f 3847/3865/2847 3874/3892/2847 3875/3893/2848
f 3875/3893/2848 3859/3877/2848 3847/3865/2847
f 3859/3877/2272 3875/3893/2272 3876/3894/2272
f 3876/3894/2272 3867/3885/2272 3859/3877/2272
f 3867/3885/2849 3876/3894/2849 3877/3895/2849
f 3877/3895/2849 3868/3886/2849 3867/3885/2849
f 3868/3886/2850 3877/3895/2850 3878/3896/2850
f 3878/3896/2850 3869/3887/2850 3868/3886/2850
f 3869/3887/2849 3878/3896/2849 3879/3897/2849
f 3879/3897/2849 3870/3888/2849 3869/3887/2849
f 3870/3888/2851 3879/3897/2851 3880/3898/2851
f 3880/3898/2851 3871/3889/2851 3870/3888/2851
f 3871/3889/2849 3880/3898/2849 3881/3899/2849
f 3881/3899/2849 3872/3890/2849 3871/3889/2849
f 3872/3890/2276 3881/3899/2276 3882/3900/2276
f 3882/3900/2276 3858/3876/2276 3872/3890/2276
f 3858/3876/2852 3882/3900/2852 3883/3901/2853
f 3883/3901/2853 3856/3874/2853 3858/3876/2852
f 3856/3874/2845 3883/3901/2845 3884/3902/2846
f 3884/3902/2846 3854/3872/2846 3856/3874/2845
f 3854/3872/2854 3884/3902/2855 3885/3903/2856
f 3885/3903/2856 3852/3870/2857 3854/3872/2854
f 3852/3870/2846 3885/3903/2846 3886/3904/2846
f 3886/3904/2846 3850/3868/2846 3852/3870/2846
f 3850/3868/2858 3886/3904/2859 3873/3891/2860
f 3873/3891/2860 3846/3864/2860 3850/3868/2858
f 3873/3891/229 3887/3905/229 3888/3906/229
f 3888/3906/229 3874/3892/229 3873/3891/229
f 3874/3892/229 3888/3906/229 3889/3907/229
f 3889/3907/229 3875/3893/229 3874/3892/229
f 3875/3893/262 3889/3907/262 3890/3908/262
f 3890/3908/262 3876/3894/262 3875/3893/262
f 3876/3894/262 3890/3908/262 3891/3909/262
f 3891/3909/262 3877/3895/262 3876/3894/262
f 3877/3895/262 3891/3909/262 3892/3910/262
f 3892/3910/262 3878/3896/262 3877/3895/262
f 3878/3896/262 3892/3910/262 3893/3911/262
f 3893/3911/262 3879/3897/262 3878/3896/262
f 3879/3897/262 3893/3911/262 3894/3912/262
f 3894/3912/262 3880/3898/262 3879/3897/262
f 3880/3898/262 3894/3912/262 3895/3913/262
f 3895/3913/262 3881/3899/262 3880/3898/262
f 3881/3899/262 3895/3913/262 3896/3914/262
f 3896/3914/262 3882/3900/262 3881/3899/262
f 3882/3900/229 3896/3914/229 3897/3915/229
f 3897/3915/229 3883/3901/229 3882/3900/229
f 3883/3901/229 3897/3915/229 3898/3916/229
f 3898/3916/229 3884/3902/229 3883/3901/229
f 3884/3902/229 3898/3916/229 3899/3917/229
f 3899/3917/229 3885/3903/229 3884/3902/229
f 3885/3903/229 3899/3917/229 3900/3918/229
f 3900/3918/229 3886/3904/229 3885/3903/229
f 3886/3904/229 3900/3918/229 3887/3905/229
f 3887/3905/229 3873/3891/229 3886/3904/229
f 3887/3905/262 3901/3919/262 3902/3920/262
f 3902/3920/262 3888/3906/262 3887/3905/262
f 3888/3906/250 3902/3920/250 3903/3921/250
f 3903/3921/2861 3904/3922/2862 3889/3907/2862
f 3888/3906/250 3903/3921/250 3889/3907/250
f 3904/3922/250 3905/3923/250 3906/3924/2863
f 3889/3907/2862 3904/3922/2862 3906/3924/2864
f 3889/3907/250 3906/3924/250 3890/3908/250
f 3890/3908/229 3906/3924/229 3907/3925/229
f 3907/3925/229 3891/3909/229 3890/3908/229
f 3891/3909/2865 3907/3925/2865 3908/3926/2865
f 3908/3926/2865 3892/3910/2865 3891/3909/2865
f 3892/3910/229 3908/3926/229 3909/3927/229
f 3909/3927/229 3893/3911/229 3892/3910/229
f 3893/3911/2866 3909/3927/2866 3910/3928/2866
f 3910/3928/2866 3894/3912/2866 3893/3911/2866
f 3894/3912/229 3910/3928/229 3911/3929/229
f 3911/3929/229 3895/3913/229 3894/3912/229
f 3911/3929/127 3912/3930/127 3913/3931/127
f 3895/3913/127 3911/3929/127 3913/3931/127
f 3895/3913/2867 3913/3931/2868 3896/3914/2868
f 3896/3914/2868 3913/3931/2868 3914/3932/2861
f 3896/3914/127 3914/3932/127 3915/3933/127
f 3896/3914/127 3915/3933/127 3897/3915/127
f 3897/3915/262 3915/3933/262 3916/3934/262
f 3916/3934/262 3898/3916/262 3897/3915/262
f 3898/3916/2293 3916/3934/2293 3917/3935/2293
f 3917/3935/2869 3899/3917/2869 3898/3916/2869
f 3899/3917/262 3917/3935/262 3918/3936/262
f 3918/3936/262 3900/3918/262 3899/3917/262
f 3900/3918/2295 3918/3936/2295 3901/3919/2295
f 3901/3919/2294 3887/3905/2294 3900/3918/2294
f 3903/3921/250 3905/3923/250 3904/3922/250
f 3912/3930/127 3914/3932/127 3913/3931/127
f 3919/3937/250 3920/3938/250 3921/3939/250
f 3921/3939/250 3922/3940/250 3919/3937/250
f 3923/3941/229 3924/3942/229 3925/3943/229
f 3925/3943/229 3926/3944/229 3923/3941/229
f 3927/3945/127 3928/3946/127 3929/3947/127
f 3929/3947/127 3930/3948/127 3927/3945/127
f 3931/3949/5 3932/3950/5 3933/3951/5
f 3933/3951/5 3934/3952/5 3931/3949/5
f 3922/3940/735 3925/3943/735 3924/3942/735
f 3924/3942/735 3919/3937/735 3922/3940/735
f 3920/3938/736 3931/3949/736 3934/3952/736
f 3934/3952/736 3921/3939/736 3920/3938/736
f 3926/3944/889 3929/3947/889 3928/3946/889
f 3928/3946/889 3923/3941/889 3926/3944/889
f 3930/3948/756 3933/3951/756 3932/3950/756
f 3932/3950/756 3927/3945/756 3930/3948/756
f 3935/3953/262 3936/3954/262 3937/3955/262
f 3937/3955/262 3938/3956/262 3935/3953/262
f 3938/3956/262 3937/3955/262 3939/3957/262
f 3939/3957/262 3940/3958/262 3938/3956/262
f 3940/3958/262 3939/3957/262 3941/3959/262
f 3941/3959/262 3942/3960/262 3940/3958/262
f 3942/3960/262 3941/3959/262 3943/3961/262
f 3943/3961/262 3944/3962/262 3942/3960/262
f 3944/3962/262 3943/3961/262 3945/3963/262
f 3945/3963/262 3946/3964/262 3944/3962/262
f 3946/3964/262 3945/3963/262 3947/3965/262
f 3947/3965/262 3948/3966/262 3946/3964/262
f 3948/3966/262 3947/3965/262 3949/3967/262
f 3949/3967/262 3950/3968/262 3948/3966/262
f 3950/3968/262 3949/3967/262 3936/3954/262
f 3936/3954/262 3935/3953/262 3950/3968/262
f 3951/3969/889 3952/3970/889 3953/3971/889
f 3953/3971/889 3954/3972/889 3951/3969/889
f 3954/3972/127 3953/3971/127 3955/3973/127
f 3955/3973/127 3956/3974/127 3954/3972/127
f 3956/3974/756 3955/3973/756 3957/3975/756
f 3957/3975/756 3958/3976/756 3956/3974/756
f 3958/3976/5 3957/3975/5 3959/3977/5
f 3959/3977/5 3960/3978/5 3958/3976/5
f 3960/3978/736 3959/3977/736 3961/3979/736
f 3961/3979/736 3962/3980/736 3960/3978/736
f 3962/3980/250 3961/3979/250 3963/3981/250
f 3963/3981/250 3964/3982/250 3962/3980/250
f 3964/3982/735 3963/3981/735 3965/3983/735
f 3965/3983/735 3966/3984/735 3964/3982/735
f 3966/3984/229 3965/3983/229 3952/3970/229
f 3952/3970/229 3951/3969/229 3966/3984/229
f 3920/3938/252 3967/3985/252 3968/3986/252
f 3968/3986/252 3931/3949/252 3920/3938/252
f 3931/3949/252 3968/3986/252 3969/3987/252
f 3969/3987/252 3932/3950/252 3931/3949/252
f 3932/3950/252 3969/3987/252 3970/3988/252
f 3970/3988/252 3927/3945/252 3932/3950/252
f 3927/3945/252 3970/3988/252 3971/3989/252
f 3971/3989/252 3928/3946/252 3927/3945/252
f 3928/3946/252 3971/3989/252 3972/3990/252
f 3972/3990/252 3923/3941/252 3928/3946/252
f 3923/3941/252 3972/3990/252 3973/3991/252
f 3973/3991/252 3924/3942/252 3923/3941/252
f 3924/3942/252 3973/3991/252 3974/3992/252
f 3974/3992/252 3919/3937/252 3924/3942/252
f 3919/3937/252 3974/3992/252 3967/3985/252
f 3967/3985/252 3920/3938/252 3919/3937/252
f 3967/3985/2870 3975/3993/736 3976/3994/736
f 3976/3994/736 3968/3986/2870 3967/3985/2870
f 3968/3986/5 3976/3994/5 3977/3995/5
f 3977/3995/5 3969/3987/5 3968/3986/5
f 3969/3987/756 3977/3995/2871 3978/3996/2871
f 3978/3996/2871 3970/3988/756 3969/3987/756
f 3970/3988/127 3978/3996/127 3979/3997/127
f 3979/3997/127 3971/3989/127 3970/3988/127
f 3971/3989/889 3979/3997/889 3980/3998/889
f 3980/3998/889 3972/3990/889 3971/3989/889
f 3972/3990/229 3980/3998/229 3981/3999/229
f 3981/3999/229 3973/3991/229 3972/3990/229
f 3973/3991/735 3981/3999/735 3982/4000/735
f 3982/4000/735 3974/3992/735 3973/3991/735
f 3974/3992/250 3982/4000/250 3975/3993/250
f 3975/3993/250 3967/3985/250 3974/3992/250
f 3952/3970/262 3983/4001/262 3984/4002/262
f 3984/4002/262 3953/3971/262 3952/3970/262
f 3953/3971/262 3984/4002/262 3985/4003/262
f 3985/4003/262 3955/3973/262 3953/3971/262
f 3955/3973/262 3985/4003/262 3986/4004/262
f 3986/4004/262 3957/3975/262 3955/3973/262
f 3957/3975/262 3986/4004/262 3987/4005/262
f 3987/4005/262 3959/3977/262 3957/3975/262
f 3959/3977/262 3987/4005/262 3988/4006/262
f 3988/4006/262 3961/3979/262 3959/3977/262
f 3961/3979/262 3988/4006/262 3989/4007/262
f 3989/4007/262 3963/3981/262 3961/3979/262
f 3963/3981/262 3989/4007/262 3990/4008/262
f 3990/4008/262 3965/3983/262 3963/3981/262
f 3965/3983/262 3990/4008/262 3983/4001/262
f 3983/4001/262 3952/3970/262 3965/3983/262
f 3991/4009/252 3992/4010/252 3976/3994/252
f 3976/3994/252 3975/3993/252 3991/4009/252
f 3993/4011/252 3991/4009/252 3975/3993/252
f 3975/3993/252 3982/4000/252 3993/4011/252
f 3994/4012/252 3993/4011/252 3982/4000/252
f 3982/4000/252 3981/3999/252 3994/4012/252
f 3995/4013/252 3994/4012/252 3981/3999/252
f 3981/3999/252 3980/3998/252 3995/4013/252
f 3996/4014/252 3995/4013/252 3980/3998/252
f 3980/3998/252 3979/3997/252 3996/4014/252
f 3997/4015/252 3996/4014/252 3979/3997/252
f 3979/3997/252 3978/3996/252 3997/4015/252
f 3998/4016/252 3997/4015/252 3978/3996/252
f 3978/3996/252 3977/3995/252 3998/4016/252
f 3992/4010/252 3998/4016/252 3977/3995/252
f 3977/3995/252 3976/3994/252 3992/4010/252
f 3992/4010/889 3991/4009/889 3984/4002/889
f 3984/4002/889 3983/4001/889 3992/4010/889
f 3991/4009/127 3993/4011/127 3985/4003/127
f 3985/4003/127 3984/4002/127 3991/4009/127
f 3993/4011/756 3994/4012/756 3986/4004/756
f 3986/4004/756 3985/4003/756 3993/4011/756
f 3994/4012/5 3995/4013/5 3987/4005/5
f 3987/4005/5 3986/4004/5 3994/4012/5
f 3995/4013/736 3996/4014/736 3988/4006/736
f 3988/4006/736 3987/4005/736 3995/4013/736
f 3996/4014/250 3997/4015/250 3989/4007/250
f 3989/4007/250 3988/4006/250 3996/4014/250
f 3997/4015/735 3998/4016/735 3990/4008/735
f 3990/4008/735 3989/4007/735 3997/4015/735
f 3998/4016/229 3992/4010/229 3983/4001/229
f 3983/4001/229 3990/4008/229 3998/4016/229
f 3934/3952/2298 3935/3953/2298 3938/3956/2298
f 3938/3956/2298 3921/3939/2298 3934/3952/2298
f 3921/3939/2297 3938/3956/2297 3940/3958/2297
f 3940/3958/2297 3922/3940/2297 3921/3939/2297
f 3922/3940/2872 3940/3958/2872 3942/3960/2296
f 3942/3960/2296 3925/3943/2296 3922/3940/2872
f 3925/3943/2307 3942/3960/2307 3944/3962/2305
f 3944/3962/2305 3926/3944/2305 3925/3943/2307
f 3926/3944/2304 3944/3962/2304 3946/3964/2304
f 3946/3964/2304 3929/3947/2304 3926/3944/2304
f 3929/3947/2302 3946/3964/2302 3948/3966/2302
f 3948/3966/2302 3930/3948/2302 3929/3947/2302
f 3930/3948/2301 3948/3966/2301 3950/3968/2301
f 3950/3968/2301 3933/3951/2301 3930/3948/2301
f 3933/3951/2300 3950/3968/2300 3935/3953/2873
f 3935/3953/2873 3934/3952/2873 3933/3951/2300
f 3954/3972/2304 3937/3955/2304 3936/3954/2303
f 3936/3954/2303 3951/3969/2303 3954/3972/2304
f 3951/3969/2307 3936/3954/2307 3949/3967/2307
f 3949/3967/2307 3966/3984/2307 3951/3969/2307
f 3966/3984/2296 3949/3967/2296 3947/3965/2296
f 3947/3965/2296 3964/3982/2872 3966/3984/2296
f 3964/3982/2297 3947/3965/2297 3945/3963/2297
f 3945/3963/2297 3962/3980/2297 3964/3982/2297
f 3962/3980/2298 3945/3963/2298 3943/3961/2298
f 3943/3961/2298 3960/3978/2298 3962/3980/2298
f 3960/3978/2300 3943/3961/2300 3941/3959/2300
f 3941/3959/2300 3958/3976/2300 3960/3978/2300
f 3958/3976/2301 3941/3959/2301 3939/3957/2874
f 3939/3957/2874 3956/3974/2874 3958/3976/2301
f 3956/3974/2302 3939/3957/2302 3937/3955/2302
f 3937/3955/2302 3954/3972/2302 3956/3974/2302
f 3999/4017/229 4000/4018/229 4001/4019/229
f 4001/4019/229 4002/4020/229 3999/4017/229
f 3082/3100/127 4003/4021/127 4004/4022/127
f 4004/4022/127 3083/3101/127 3082/3100/127
f 4005/4023/735 4001/4019/735 4000/4018/735
f 4000/4018/735 4006/4024/735 4005/4023/735
f 4002/4020/889 4004/4022/889 4003/4021/889
f 4003/4021/889 3999/4017/889 4002/4020/889
f 4007/4025/262 4008/4026/262 4009/4027/262
f 4009/4027/262 4010/4028/262 4007/4025/262
f 4010/4028/262 4009/4027/262 4011/4029/262
f 4011/4029/262 4012/4030/262 4010/4028/262
f 4012/4030/262 4011/4029/262 4013/4031/262
f 4013/4031/262 4014/4032/262 4012/4030/262
f 3096/3114/262 4014/4032/262 4013/4031/262
f 4013/4031/262 3097/3115/262 3096/3114/262
f 4015/4033/756 4016/4034/756 4017/4035/756
f 4017/4035/756 4018/4036/756 4015/4033/756
f 4018/4036/5 4017/4035/5 4019/4037/5
f 4019/4037/5 4020/4038/5 4018/4036/5
f 4020/4038/736 4019/4037/736 4021/4039/736
f 4021/4039/736 4022/4040/736 4020/4038/736
f 4022/4040/250 4021/4039/250 4023/4041/250
f 4022/4040/250 4023/4041/250 3107/3125/250
f 4022/4040/250 3107/3125/250 3106/3124/250
f 4003/4021/252 4024/4042/252 4025/4043/252
f 4025/4043/252 3999/4017/252 4003/4021/252
f 3999/4017/252 4025/4043/252 4026/4044/252
f 4026/4044/252 4000/4018/252 3999/4017/252
f 4000/4018/252 4026/4044/252 4027/4045/252
f 4027/4045/252 4006/4024/252 4000/4018/252
f 3113/3131/252 4006/4024/252 4027/4045/252
f 4027/4045/252 3114/3132/252 3113/3131/252
f 4024/4042/889 4028/4046/889 4029/4047/889
f 4029/4047/889 4025/4043/889 4024/4042/889
f 4025/4043/229 4029/4047/229 4030/4048/229
f 4030/4048/229 4026/4044/229 4025/4043/229
f 4026/4044/735 4030/4048/735 4031/4049/735
f 4031/4049/735 4027/4045/735 4026/4044/735
f 3114/3132/250 4027/4045/250 4031/4049/250
f 4031/4049/250 3119/3137/250 3114/3132/250
f 4032/4050/252 4033/4051/252 4031/4049/252
f 4031/4049/252 4030/4048/252 4032/4050/252
f 4034/4052/252 4032/4050/252 4030/4048/252
f 4030/4048/252 4029/4047/252 4034/4052/252
f 4035/4053/252 4034/4052/252 4029/4047/252
f 4029/4047/252 4028/4046/252 4035/4053/252
f 4035/4053/252 4028/4046/252 3125/3143/252
f 3125/3143/252 3124/3142/252 4035/4053/252
f 4005/4023/2296 4007/4025/2296 4010/4028/2296
f 4010/4028/2296 4001/4019/2296 4005/4023/2296
f 4001/4019/2307 4010/4028/2307 4012/4030/2307
f 4012/4030/2307 4002/4020/2307 4001/4019/2307
f 4002/4020/2303 4012/4030/2875 4014/4032/2303
f 4014/4032/2303 4004/4022/2303 4002/4020/2303
f 3083/3101/2302 4004/4022/2302 4014/4032/2302
f 4014/4032/2302 3096/3114/2302 3083/3101/2302
f 4022/4040/2298 4013/4031/2298 4011/4029/2298
f 4011/4029/2298 4020/4038/2298 4022/4040/2298
f 4020/4038/2300 4011/4029/2300 4009/4027/2300
f 4009/4027/2300 4018/4036/2300 4020/4038/2300
f 4018/4036/2301 4009/4027/2301 4008/4026/2301
f 4008/4026/2301 4015/4033/2876 4018/4036/2301
f 4015/4033/2302 4008/4026/2302 3127/3145/2302
f 3127/3145/2302 3126/3144/2302 4015/4033/2302
f 4019/4037/262 4017/4035/262 4016/4034/262
f 4021/4039/262 4019/4037/262 4016/4034/262
f 4023/4041/262 4021/4039/262 4016/4034/262
f 4036/4054/262 4023/4041/262 4016/4034/262
f 4036/4054/229 4037/4055/229 4038/4056/229
f 4038/4056/229 4023/4041/229 4036/4054/229
f 3107/3125/127 4023/4041/127 4038/4056/127
f 4038/4056/127 3131/3149/127 3107/3125/127
f 4039/4057/262 4040/4058/262 4041/4059/262
f 4041/4059/262 4042/4060/262 4039/4057/262
f 3136/3154/262 4042/4060/262 4041/4059/262
f 4041/4059/262 3137/3155/262 3136/3154/262
f 4037/4055/2877 4039/4057/2877 4042/4060/2878
f 4042/4060/2878 4038/4056/2878 4037/4055/2877
f 3131/3149/2314 4038/4056/2314 4042/4060/2314
f 4042/4060/2314 3136/3154/2314 3131/3149/2314
f 4043/4061/2314 4040/4058/2314 3140/3158/2314
f 3140/3158/2315 3139/3157/2315 4043/4061/2314
f 4044/4062/2313 4041/4059/2313 4040/4058/2313
f 4040/4058/2312 4043/4061/2312 4044/4062/2312
f 4006/4024/250 3113/3131/250 3142/3160/250
f 3142/3160/250 4005/4023/250 4006/4024/250
f 3143/3161/262 3127/3145/262 4008/4026/262
f 4008/4026/262 4007/4025/262 3143/3161/262
f 3126/3144/127 3144/3162/127 4036/4054/127
f 3126/3144/127 4036/4054/127 4016/4034/127
f 3126/3144/127 4016/4034/127 4015/4033/127
f 3082/3100/252 3145/3163/252 4024/4042/252
f 4024/4042/252 4003/4021/252 3082/3100/252
f 4024/4042/127 3145/3163/127 3125/3143/127
f 3125/3143/127 4028/4046/127 4024/4042/127
f 4033/4051/252 3146/3164/252 3119/3137/252
f 3119/3137/252 4031/4049/252 4033/4051/252
f 3142/3160/2297 3143/3161/2297 4007/4025/2297
f 4007/4025/2297 4005/4023/2297 3142/3160/2297
f 4022/4040/2297 3106/3124/2297 3097/3115/2297
f 3097/3115/2297 4013/4031/2297 4022/4040/2297
f 4036/4054/250 3144/3162/250 3147/3165/250
f 3147/3165/250 4037/4055/250 4036/4054/250
f 3148/3166/262 3140/3158/262 4040/4058/262
f 4040/4058/262 4039/4057/262 3148/3166/262
f 3147/3165/2318 3148/3166/2318 4039/4057/2318
f 4039/4057/2318 4037/4055/2318 3147/3165/2318
f 4044/4062/2879 4045/4063/2318 3137/3155/2318
f 3137/3155/2318 4041/4059/2879 4044/4062/2879
f 4046/4064/262 4047/4065/262 4048/4066/262
f 4048/4066/262 4049/4067/262 4046/4064/262
f 4050/4068/1024 4051/4069/1024 4052/4070/1024
f 4052/4070/1024 4053/4071/1024 4050/4068/1024
f 4051/4069/127 4054/4072/127 4055/4073/127
f 4055/4073/127 4052/4070/127 4051/4069/127
f 4054/4072/1035 4056/4074/1035 4057/4075/1035
f 4057/4075/1035 4055/4073/1035 4054/4072/1035
f 4056/4074/1040 4058/4076/1040 4059/4077/1040
f 4059/4077/1040 4057/4075/1040 4056/4074/1040
f 4058/4076/250 4060/4078/250 4061/4079/250
f 4061/4079/250 4059/4077/250 4058/4076/250
f 4060/4078/1051 4050/4068/1051 4053/4071/1051
f 4053/4071/1051 4061/4079/1051 4060/4078/1051
f 4053/4071/5 4052/4070/5 4055/4073/5
f 4055/4073/5 4057/4075/5 4059/4077/5
f 4053/4071/5 4055/4073/5 4059/4077/5
f 4061/4079/5 4053/4071/5 4059/4077/5
f 4051/4069/2880 4050/4068/2880 4062/4080/2880
f 4062/4080/2880 4063/4081/2880 4051/4069/2880
f 4050/4068/2881 4060/4078/2882 4064/4082/2882
f 4064/4082/2882 4062/4080/2881 4050/4068/2881
f 4060/4078/2883 4058/4076/2884 4065/4083/2884
f 4065/4083/2884 4064/4082/2883 4060/4078/2883
f 4058/4076/2885 4056/4074/2885 4066/4084/2885
f 4066/4084/2885 4065/4083/2885 4058/4076/2885
f 4056/4074/2886 4054/4072/2887 4067/4085/2887
f 4067/4085/2887 4066/4084/2886 4056/4074/2886
f 4054/4072/2888 4051/4069/2889 4063/4081/2889
f 4063/4081/2889 4067/4085/2888 4054/4072/2888
f 4063/4081/229 4062/4080/229 4068/4086/229
f 4068/4086/229 4069/4087/229 4063/4081/229
f 4062/4080/229 4064/4082/229 4070/4088/229
f 4070/4088/229 4068/4086/229 4062/4080/229
f 4064/4082/229 4065/4083/229 4071/4089/229
f 4071/4089/229 4070/4088/229 4064/4082/229
f 4065/4083/229 4066/4084/229 4072/4090/229
f 4072/4090/229 4071/4089/229 4065/4083/229
f 4066/4084/229 4067/4085/229 4073/4091/229
f 4073/4091/229 4072/4090/229 4066/4084/229
f 4067/4085/229 4063/4081/229 4069/4087/229
f 4069/4087/229 4073/4091/229 4067/4085/229
f 4068/4086/1024 4074/4092/1024 4075/4093/1024
f 4075/4093/1024 4069/4087/1024 4068/4086/1024
f 4070/4088/1051 4076/4094/1051 4074/4092/1051
f 4074/4092/1051 4068/4086/1051 4070/4088/1051
f 4071/4089/250 4077/4095/250 4076/4094/250
f 4076/4094/250 4070/4088/250 4071/4089/250
f 4072/4090/1040 4078/4096/1040 4077/4095/1040
f 4077/4095/1040 4071/4089/1040 4072/4090/1040
f 4073/4091/1035 4079/4097/1035 4078/4096/1035
f 4078/4096/1035 4072/4090/1035 4073/4091/1035
f 4069/4087/127 4075/4093/127 4079/4097/127
f 4079/4097/127 4073/4091/127 4069/4087/127
f 4080/4098/1024 4081/4099/1024 4082/4100/1024
f 4082/4100/1024 4083/4101/1024 4080/4098/1024
f 4083/4101/127 4082/4100/127 4084/4102/127
f 4084/4102/127 4085/4103/127 4083/4101/127
f 4085/4103/1035 4084/4102/1035 4086/4104/1035
f 4086/4104/1035 4087/4105/1035 4085/4103/1035
f 4087/4105/1040 4086/4104/1040 4088/4106/1040
f 4088/4106/1040 4089/4107/1040 4087/4105/1040
f 4089/4107/250 4088/4106/250 4090/4108/250
f 4090/4108/250 4091/4109/250 4089/4107/250
f 4091/4109/1051 4090/4108/1051 4081/4099/1051
f 4081/4099/1051 4080/4098/1051 4091/4109/1051
f 4088/4106/229 4086/4104/229 4084/4102/229
f 4084/4102/229 4082/4100/229 4081/4099/229
f 4088/4106/229 4084/4102/229 4081/4099/229
f 4090/4108/229 4088/4106/229 4081/4099/229
f 4083/4101/2890 4092/4110/2890 4093/4111/2891
f 4093/4111/2891 4080/4098/2891 4083/4101/2890
f 4080/4098/2892 4093/4111/2892 4094/4112/2893
f 4094/4112/2893 4091/4109/2893 4080/4098/2892
f 4091/4109/2894 4094/4112/2894 4095/4113/2895
f 4095/4113/2895 4089/4107/2895 4091/4109/2894
f 4089/4107/2896 4095/4113/2897 4096/4114/2896
f 4096/4114/2896 4087/4105/2896 4089/4107/2896
f 4087/4105/2898 4096/4114/2898 4097/4115/2899
f 4097/4115/2899 4085/4103/2899 4087/4105/2898
f 4085/4103/2900 4097/4115/2900 4092/4110/2901
f 4092/4110/2901 4083/4101/2901 4085/4103/2900
f 4092/4110/5 4075/4093/5 4074/4092/5
f 4074/4092/5 4093/4111/5 4092/4110/5
f 4093/4111/5 4074/4092/5 4076/4094/5
f 4076/4094/5 4094/4112/5 4093/4111/5
f 4094/4112/5 4076/4094/5 4077/4095/5
f 4077/4095/5 4095/4113/5 4094/4112/5
f 4095/4113/5 4077/4095/5 4078/4096/5
f 4078/4096/5 4096/4114/5 4095/4113/5
f 4096/4114/5 4078/4096/5 4079/4097/5
f 4079/4097/5 4097/4115/5 4096/4114/5
f 4097/4115/5 4079/4097/5 4075/4093/5
f 4075/4093/5 4092/4110/5 4097/4115/5
f 4098/4116/1024 4099/4117/1024 4100/4118/1024
f 4100/4118/1024 4101/4119/1024 4098/4116/1024
f 4099/4117/127 4102/4120/127 4103/4121/127
f 4103/4121/127 4100/4118/127 4099/4117/127
f 4102/4120/1035 4104/4122/1035 4105/4123/1035
f 4105/4123/1035 4103/4121/1035 4102/4120/1035
f 4104/4122/1040 4106/4124/1040 4107/4125/1040
f 4107/4125/1040 4105/4123/1040 4104/4122/1040
f 4106/4124/250 4108/4126/250 4109/4127/250
f 4109/4127/250 4107/4125/250 4106/4124/250
f 4108/4126/1051 4098/4116/1051 4101/4119/1051
f 4101/4119/1051 4109/4127/1051 4108/4126/1051
f 4101/4119/5 4100/4118/5 4103/4121/5
f 4103/4121/5 4105/4123/5 4107/4125/5
f 4101/4119/5 4103/4121/5 4107/4125/5
f 4109/4127/5 4101/4119/5 4107/4125/5
f 4099/4117/2902 4098/4116/2880 4110/4128/2880
f 4110/4128/2880 4111/4129/2902 4099/4117/2902
f 4098/4116/2882 4108/4126/2882 4112/4130/2882
f 4112/4130/2882 4110/4128/2882 4098/4116/2882
f 4108/4126/2884 4106/4124/2903 4113/4131/2903
f 4113/4131/2903 4112/4130/2883 4108/4126/2884
f 4106/4124/2885 4104/4122/2904 4114/4132/2904
f 4114/4132/2904 4113/4131/2885 4106/4124/2885
f 4104/4122/2887 4102/4120/2886 4115/4133/2886
f 4115/4133/2886 4114/4132/2887 4104/4122/2887
f 4102/4120/2889 4099/4117/2905 4111/4129/2905
f 4111/4129/2905 4115/4133/2889 4102/4120/2889
f 4111/4129/229 4110/4128/229 4116/4134/229
f 4116/4134/229 4117/4135/229 4111/4129/229
f 4110/4128/229 4112/4130/229 4118/4136/229
f 4118/4136/229 4116/4134/229 4110/4128/229
f 4112/4130/229 4113/4131/229 4119/4137/229
f 4119/4137/229 4118/4136/229 4112/4130/229
f 4113/4131/229 4114/4132/229 4120/4138/229
f 4120/4138/229 4119/4137/229 4113/4131/229
f 4114/4132/229 4115/4133/229 4121/4139/229
f 4121/4139/229 4120/4138/229 4114/4132/229
f 4115/4133/229 4111/4129/229 4117/4135/229
f 4117/4135/229 4121/4139/229 4115/4133/229
f 4116/4134/1024 4122/4140/1024 4123/4141/1024
f 4123/4141/1024 4117/4135/1024 4116/4134/1024
f 4118/4136/1051 4124/4142/1051 4122/4140/1051
f 4122/4140/1051 4116/4134/1051 4118/4136/1051
f 4119/4137/250 4125/4143/250 4124/4142/250
f 4124/4142/250 4118/4136/250 4119/4137/250
f 4120/4138/1040 4126/4144/1040 4125/4143/1040
f 4125/4143/1040 4119/4137/1040 4120/4138/1040
f 4121/4139/1035 4127/4145/1035 4126/4144/1035
f 4126/4144/1035 4120/4138/1035 4121/4139/1035
f 4117/4135/127 4123/4141/127 4127/4145/127
f 4127/4145/127 4121/4139/127 4117/4135/127
f 4128/4146/1024 4129/4147/1024 4130/4148/1024
f 4130/4148/1024 4131/4149/1024 4128/4146/1024
f 4131/4149/127 4130/4148/127 4132/4150/127
f 4132/4150/127 4133/4151/127 4131/4149/127
f 4133/4151/1035 4132/4150/1035 4134/4152/1035
f 4134/4152/1035 4135/4153/1035 4133/4151/1035
f 4135/4153/1040 4134/4152/1040 4136/4154/1040
f 4136/4154/1040 4137/4155/1040 4135/4153/1040
f 4137/4155/250 4136/4154/250 4138/4156/250
f 4138/4156/250 4139/4157/250 4137/4155/250
f 4139/4157/1051 4138/4156/1051 4129/4147/1051
f 4129/4147/1051 4128/4146/1051 4139/4157/1051
f 4136/4154/229 4134/4152/229 4132/4150/229
f 4132/4150/229 4130/4148/229 4129/4147/229
f 4136/4154/229 4132/4150/229 4129/4147/229
f 4138/4156/229 4136/4154/229 4129/4147/229
f 4131/4149/2890 4140/4158/2890 4141/4159/2891
f 4141/4159/2891 4128/4146/2891 4131/4149/2890
f 4128/4146/2892 4141/4159/2892 4142/4160/2893
f 4142/4160/2893 4139/4157/2893 4128/4146/2892
f 4139/4157/2894 4142/4160/2894 4143/4161/2895
f 4143/4161/2895 4137/4155/2895 4139/4157/2894
f 4137/4155/2897 4143/4161/2897 4144/4162/2896
f 4144/4162/2896 4135/4153/2896 4137/4155/2897
f 4135/4153/2898 4144/4162/2898 4145/4163/2899
f 4145/4163/2899 4133/4151/2899 4135/4153/2898
f 4133/4151/2900 4145/4163/2900 4140/4158/2901
f 4140/4158/2901 4131/4149/2901 4133/4151/2900
f 4140/4158/5 4123/4141/5 4122/4140/5
f 4122/4140/5 4141/4159/5 4140/4158/5
f 4141/4159/5 4122/4140/5 4124/4142/5
f 4124/4142/5 4142/4160/5 4141/4159/5
f 4142/4160/5 4124/4142/5 4125/4143/5
f 4125/4143/5 4143/4161/5 4142/4160/5
f 4143/4161/5 4125/4143/5 4126/4144/5
f 4126/4144/5 4144/4162/5 4143/4161/5
f 4144/4162/5 4126/4144/5 4127/4145/5
f 4127/4145/5 4145/4163/5 4144/4162/5
f 4145/4163/5 4127/4145/5 4123/4141/5
f 4123/4141/5 4140/4158/5 4145/4163/5
f 4146/4164/2906 4147/4165/2906 4148/4166/2906
f 4148/4166/2906 4149/4167/2906 4146/4164/2906
f 4150/4168/2907 4151/4169/2908 4147/4165/2908
f 4147/4165/2908 4146/4164/2907 4150/4168/2907
f 4152/4170/2909 4153/4171/2910 4151/4169/2910
f 4151/4169/2910 4150/4168/2909 4152/4170/2909
f 4154/4172/2911 4155/4173/2911 4153/4171/2911
f 4153/4171/2911 4152/4170/2911 4154/4172/2911
f 4156/4174/2912 4157/4175/2912 4155/4173/2912
f 4155/4173/2912 4154/4172/2912 4156/4174/2912
f 4158/4176/2913 4159/4177/2913 4157/4175/2913
f 4157/4175/2913 4156/4174/2913 4158/4176/2913
f 4160/4178/2914 4161/4179/2914 4159/4177/2914
f 4159/4177/2914 4158/4176/2914 4160/4178/2914
f 4149/4167/2915 4148/4166/2915 4161/4179/2915
f 4161/4179/2915 4160/4178/2915 4149/4167/2915
f 4162/4180/2916 4146/4164/2916 4149/4167/2916
f 4149/4167/2916 4163/4181/2916 4162/4180/2916
f 4164/4182/2917 4150/4168/2918 4146/4164/2918
f 4146/4164/2918 4162/4180/2917 4164/4182/2917
f 4165/4183/2919 4152/4170/2920 4150/4168/2920
f 4150/4168/2920 4164/4182/2919 4165/4183/2919
f 4166/4184/2921 4154/4172/2921 4152/4170/2921
f 4152/4170/2921 4165/4183/2921 4166/4184/2921
f 4167/4185/2922 4156/4174/2922 4154/4172/2922
f 4154/4172/2922 4166/4184/2922 4167/4185/2922
f 4168/4186/2923 4158/4176/2923 4156/4174/2923
f 4156/4174/2923 4167/4185/2923 4168/4186/2923
f 4169/4187/2924 4160/4178/2925 4158/4176/2924
f 4158/4176/2924 4168/4186/2924 4169/4187/2924
f 4163/4181/2926 4149/4167/2926 4160/4178/2926
f 4160/4178/2926 4169/4187/2926 4163/4181/2926
f 4170/4188/2927 4162/4180/2927 4163/4181/2927
f 4163/4181/2927 4171/4189/2927 4170/4188/2927
f 4172/4190/2928 4164/4182/2929 4162/4180/2929
f 4162/4180/2929 4170/4188/2928 4172/4190/2928
f 4173/4191/2930 4165/4183/2930 4164/4182/2930
f 4164/4182/2930 4172/4190/2930 4173/4191/2930
f 4174/4192/2931 4166/4184/2931 4165/4183/2931
f 4165/4183/2931 4173/4191/2931 4174/4192/2931
f 4175/4193/2932 4167/4185/2932 4166/4184/2932
f 4166/4184/2932 4174/4192/2932 4175/4193/2932
f 4176/4194/2933 4168/4186/2933 4167/4185/2933
f 4167/4185/2933 4175/4193/2933 4176/4194/2933
f 4177/4195/2934 4169/4187/2934 4168/4186/2934
f 4168/4186/2934 4176/4194/2934 4177/4195/2934
f 4171/4189/2935 4163/4181/2935 4169/4187/2935
f 4169/4187/2935 4177/4195/2935 4171/4189/2935
f 4159/4177/252 4161/4179/252 4148/4166/252
f 4157/4175/252 4159/4177/252 4148/4166/252
f 4155/4173/252 4157/4175/252 4148/4166/252
f 4153/4171/252 4155/4173/252 4148/4166/252
f 4151/4169/252 4153/4171/252 4148/4166/252
f 4147/4165/252 4151/4169/252 4148/4166/252
f 4172/4190/2936 4170/4188/2936 4171/4189/2937
f 4171/4189/2937 4177/4195/2936 4176/4194/2936
f 4171/4189/2937 4176/4194/2936 4175/4193/2937
f 4171/4189/2937 4175/4193/2937 4174/4192/2937
f 4171/4189/2937 4174/4192/2937 4173/4191/2937
f 4172/4190/2936 4171/4189/2937 4173/4191/2937
f 4178/4196/2906 4179/4197/2906 4180/4198/2906
f 4180/4198/2906 4181/4199/2906 4178/4196/2906
f 4182/4200/2908 4183/4201/2908 4179/4197/2908
f 4179/4197/2908 4178/4196/2908 4182/4200/2908
f 4184/4202/2910 4185/4203/2909 4183/4201/2909
f 4183/4201/2909 4182/4200/2910 4184/4202/2910
f 4186/4204/2911 4187/4205/2911 4185/4203/2911
f 4185/4203/2911 4184/4202/2911 4186/4204/2911
f 4188/4206/2912 4189/4207/2912 4187/4205/2912
f 4187/4205/2912 4186/4204/2912 4188/4206/2912
f 4190/4208/2913 4191/4209/2913 4189/4207/2913
f 4189/4207/2913 4188/4206/2913 4190/4208/2913
f 4192/4210/2914 4193/4211/2914 4191/4209/2914
f 4191/4209/2914 4190/4208/2914 4192/4210/2914
f 4181/4199/2915 4180/4198/2915 4193/4211/2915
f 4193/4211/2915 4192/4210/2915 4181/4199/2915
f 4194/4212/2916 4178/4196/2916 4181/4199/2916
f 4181/4199/2916 4195/4213/2916 4194/4212/2916
f 4196/4214/2918 4182/4200/2918 4178/4196/2918
f 4178/4196/2918 4194/4212/2918 4196/4214/2918
f 4197/4215/2919 4184/4202/2919 4182/4200/2919
f 4182/4200/2919 4196/4214/2919 4197/4215/2919
f 4198/4216/2921 4186/4204/2921 4184/4202/2921
f 4184/4202/2921 4197/4215/2921 4198/4216/2921
f 4199/4217/2922 4188/4206/2922 4186/4204/2922
f 4186/4204/2922 4198/4216/2922 4199/4217/2922
f 4200/4218/2923 4190/4208/2923 4188/4206/2923
f 4188/4206/2923 4199/4217/2923 4200/4218/2923
f 4201/4219/2924 4192/4210/2924 4190/4208/2924
f 4190/4208/2924 4200/4218/2924 4201/4219/2924
f 4195/4213/2926 4181/4199/2926 4192/4210/2926
f 4192/4210/2926 4201/4219/2926 4195/4213/2926
f 4202/4220/2927 4194/4212/2927 4195/4213/2927
f 4195/4213/2927 4203/4221/2927 4202/4220/2927
f 4204/4222/2929 4196/4214/2938 4194/4212/2938
f 4194/4212/2938 4202/4220/2929 4204/4222/2929
f 4205/4223/2930 4197/4215/2939 4196/4214/2939
f 4196/4214/2939 4204/4222/2930 4205/4223/2930
f 4206/4224/2931 4198/4216/2931 4197/4215/2931
f 4197/4215/2931 4205/4223/2931 4206/4224/2931
f 4207/4225/2932 4199/4217/2932 4198/4216/2932
f 4198/4216/2932 4206/4224/2932 4207/4225/2932
f 4208/4226/2933 4200/4218/2933 4199/4217/2933
f 4199/4217/2933 4207/4225/2933 4208/4226/2933
f 4209/4227/2934 4201/4219/2934 4200/4218/2934
f 4200/4218/2934 4208/4226/2934 4209/4227/2934
f 4203/4221/2935 4195/4213/2935 4201/4219/2935
f 4201/4219/2935 4209/4227/2935 4203/4221/2935
f 4191/4209/252 4193/4211/252 4180/4198/252
f 4189/4207/252 4191/4209/252 4180/4198/252
f 4187/4205/252 4189/4207/252 4180/4198/252
f 4185/4203/252 4187/4205/252 4180/4198/252
f 4183/4201/252 4185/4203/252 4180/4198/252
f 4179/4197/252 4183/4201/252 4180/4198/252
f 4204/4222/2936 4202/4220/2937 4203/4221/2937
f 4203/4221/2937 4209/4227/2937 4208/4226/2937
f 4203/4221/2937 4208/4226/2937 4207/4225/2937
f 4203/4221/2937 4207/4225/2937 4206/4224/2937
f 4203/4221/2937 4206/4224/2937 4205/4223/2937
f 4204/4222/2936 4203/4221/2937 4205/4223/2937
f 4210/4228/5 4211/4229/5 4212/4230/5
f 4212/4230/5 4213/4231/5 4210/4228/5
f 4214/4232/2940 4210/4228/2941 4213/4231/2940
f 4213/4231/2940 4215/4233/2940 4214/4232/2940
f 4216/4234/250 4214/4232/250 4215/4233/250
f 4215/4233/250 4217/4235/250 4216/4234/250
f 4218/4236/2942 4216/4234/2942 4217/4235/2942
f 4217/4235/2942 4219/4237/2942 4218/4236/2942
f 4219/4237/250 4220/4238/250 4221/4239/250
f 4221/4239/250 4218/4236/250 4219/4237/250
f 4211/4229/2943 4210/4228/2943 4222/4240/2943
f 4222/4240/2943 4223/4241/2943 4211/4229/2943
f 4210/4228/2944 4214/4232/2944 4224/4242/2944
f 4224/4242/2944 4222/4240/2944 4210/4228/2944
f 4214/4232/2945 4216/4234/2945 4225/4243/2945
f 4225/4243/2945 4224/4242/2945 4214/4232/2945
f 4216/4234/2946 4218/4236/2946 4226/4244/2946
f 4226/4244/2946 4225/4243/2946 4216/4234/2946
f 4223/4241/2947 4222/4240/2947 4227/4245/2947
f 4227/4245/2947 4228/4246/2947 4223/4241/2947
f 4222/4240/2948 4224/4242/2949 4229/4247/2949
f 4229/4247/2949 4227/4245/2948 4222/4240/2948
f 4224/4242/2950 4225/4243/2950 4230/4248/2950
f 4230/4248/2950 4229/4247/2950 4224/4242/2950
f 4225/4243/2951 4226/4244/2951 4231/4249/2951
f 4231/4249/2951 4230/4248/2951 4225/4243/2951
f 4226/4244/2950 4232/4250/2950 4233/4251/2950
f 4233/4251/2950 4231/4249/2950 4226/4244/2950
f 4232/4250/2952 4234/4252/2952 4235/4253/2952
f 4235/4253/2952 4233/4251/2952 4232/4250/2952
f 4234/4252/2953 4223/4241/2953 4228/4246/2953
f 4228/4246/2953 4235/4253/2953 4234/4252/2953
f 4236/4254/229 4237/4255/229 4238/4256/229
f 4238/4256/229 4239/4257/229 4236/4254/229
f 4240/4258/2954 4241/4259/2954 4237/4255/2954
f 4237/4255/2954 4236/4254/2954 4240/4258/2954
f 4242/4260/250 4243/4261/250 4241/4259/250
f 4241/4259/250 4240/4258/250 4242/4260/250
f 4221/4239/2955 4220/4238/2956 4243/4261/2955
f 4243/4261/2955 4242/4260/2955 4221/4239/2955
f 4212/4230/127 4211/4229/127 4239/4257/127
f 4239/4257/127 4238/4256/127 4212/4230/127
f 4239/4257/2957 4244/4262/2957 4245/4263/2958
f 4245/4263/2958 4236/4254/2958 4239/4257/2957
f 4236/4254/2959 4245/4263/2959 4246/4264/2959
f 4246/4264/2959 4240/4258/2959 4236/4254/2959
f 4240/4258/2960 4246/4264/2960 4247/4265/2945
f 4247/4265/2945 4242/4260/2945 4240/4258/2960
f 4242/4260/2961 4247/4265/2961 4248/4266/2962
f 4248/4266/2962 4221/4239/2962 4242/4260/2961
f 4221/4239/2945 4248/4266/2945 4249/4267/2945
f 4221/4239/2945 4249/4267/2945 4250/4268/2960
f 4221/4239/2945 4250/4268/2960 4251/4269/2960
f 4221/4239/2945 4251/4269/2960 4252/4270/2945
f 4221/4239/2945 4252/4270/2945 4253/4271/2960
f 4221/4239/2945 4253/4271/2960 4254/4272/2945
f 4221/4239/2945 4254/4272/2945 4232/4250/2945
f 4232/4250/2945 4226/4244/2945 4218/4236/2945
f 4221/4239/2945 4232/4250/2945 4218/4236/2945
f 4244/4262/2952 4255/4273/2952 4256/4274/2952
f 4256/4274/2963 4245/4263/2963 4244/4262/2963
f 4245/4263/2964 4256/4274/2964 4257/4275/2964
f 4257/4275/2965 4246/4264/2965 4245/4263/2965
f 4246/4264/2950 4257/4275/2950 4258/4276/2950
f 4258/4276/2950 4247/4265/2950 4246/4264/2950
f 4247/4265/2966 4258/4276/2966 4259/4277/2966
f 4259/4277/2967 4248/4266/2967 4247/4265/2967
f 4248/4266/2968 4259/4277/2968 4260/4278/2968
f 4260/4278/2950 4249/4267/2950 4248/4266/2950
f 4249/4267/2947 4260/4278/2947 4261/4279/2947
f 4261/4279/2947 4262/4280/2947 4249/4267/2947
f 4262/4280/2953 4261/4279/2953 4255/4273/2953
f 4255/4273/2953 4244/4262/2953 4262/4280/2953
f 4219/4237/262 4217/4235/262 4215/4233/262
f 4215/4233/262 4213/4231/262 4212/4230/262
f 4219/4237/262 4215/4233/262 4212/4230/262
f 4219/4237/262 4212/4230/262 4238/4256/262
f 4238/4256/262 4237/4255/262 4241/4259/262
f 4241/4259/262 4243/4261/262 4220/4238/262
f 4238/4256/262 4241/4259/262 4220/4238/262
f 4219/4237/262 4238/4256/262 4220/4238/262
f 4211/4229/2969 4223/4241/2969 4234/4252/2969
f 4211/4229/2969 4234/4252/2969 4263/4281/2970
f 4211/4229/2969 4263/4281/2970 4264/4282/2971
f 4211/4229/2969 4264/4282/2971 4265/4283/2970
f 4211/4229/2969 4265/4283/2970 4266/4284/2969
f 4211/4229/2969 4266/4284/2969 4267/4285/2970
f 4211/4229/2969 4267/4285/2970 4262/4280/2969
f 4262/4280/2969 4244/4262/2969 4239/4257/2969
f 4211/4229/2969 4262/4280/2969 4239/4257/2969
f 4253/4271/2972 4252/4270/2972 4268/4286/2972
f 4268/4286/2972 4269/4287/2972 4253/4271/2972
f 4252/4270/2973 4265/4283/2974 4270/4288/2974
f 4270/4288/2974 4268/4286/2973 4252/4270/2973
f 4265/4283/2975 4264/4282/2975 4271/4289/2975
f 4271/4289/2975 4270/4288/2975 4265/4283/2975
f 4264/4282/2976 4253/4271/2977 4269/4287/2977
f 4269/4287/2977 4271/4289/2976 4264/4282/2976
f 4250/4268/2972 4249/4267/2978 4272/4290/2978
f 4272/4290/2978 4273/4291/2972 4250/4268/2972
f 4249/4267/2974 4262/4280/2973 4274/4292/2973
f 4274/4292/2973 4272/4290/2974 4249/4267/2974
f 4262/4280/2975 4267/4285/2975 4275/4293/2975
f 4275/4293/2975 4274/4292/2975 4262/4280/2975
f 4267/4285/2976 4250/4268/2976 4273/4291/2976
f 4273/4291/2976 4275/4293/2976 4267/4285/2976
f 4251/4269/2972 4250/4268/2972 4276/4294/2972
f 4276/4294/2972 4277/4295/2972 4251/4269/2972
f 4250/4268/2974 4267/4285/2973 4278/4296/2973
f 4278/4296/2973 4276/4294/2974 4250/4268/2974
f 4267/4285/2975 4266/4284/2975 4279/4297/2975
f 4279/4297/2975 4278/4296/2975 4267/4285/2975
f 4266/4284/2976 4251/4269/2976 4277/4295/2976
f 4277/4295/2976 4279/4297/2976 4266/4284/2976
f 4252/4270/2972 4251/4269/2972 4280/4298/2972
f 4280/4298/2972 4281/4299/2972 4252/4270/2972
f 4251/4269/2973 4266/4284/2973 4282/4300/2973
f 4282/4300/2973 4280/4298/2973 4251/4269/2973
f 4266/4284/2975 4265/4283/2975 4283/4301/2975
f 4283/4301/2975 4282/4300/2975 4266/4284/2975
f 4265/4283/2976 4252/4270/2977 4281/4299/2977
f 4281/4299/2977 4283/4301/2976 4265/4283/2976
f 4263/4281/2975 4234/4252/2975 4284/4302/2975
f 4284/4302/2975 4285/4303/2975 4263/4281/2975
f 4234/4252/2977 4232/4250/2976 4286/4304/2976
f 4286/4304/2976 4284/4302/2977 4234/4252/2977
f 4232/4250/2972 4254/4272/2978 4287/4305/2978
f 4287/4305/2978 4286/4304/2972 4232/4250/2972
f 4254/4272/2973 4263/4281/2974 4285/4303/2974
f 4285/4303/2974 4287/4305/2973 4254/4272/2973
f 4264/4282/2975 4263/4281/2975 4288/4306/2975
f 4288/4306/2975 4289/4307/2975 4264/4282/2975
f 4263/4281/2977 4254/4272/2977 4290/4308/2977
f 4290/4308/2977 4288/4306/2976 4263/4281/2977
f 4254/4272/2972 4253/4271/2972 4291/4309/2972
f 4291/4309/2972 4290/4308/2972 4254/4272/2972
f 4253/4271/2974 4264/4282/2973 4289/4307/2973
f 4289/4307/2973 4291/4309/2974 4253/4271/2974
f 4292/4310/2979 4293/4311/2979 4294/4312/2979
f 4294/4312/2979 4295/4313/2979 4292/4310/2979
f 4296/4314/2980 4297/4315/2980 4293/4311/2980
f 4293/4311/2980 4292/4310/2980 4296/4314/2980
f 4298/4316/2981 4299/4317/2982 4297/4315/2981
f 4297/4315/2981 4296/4314/2981 4298/4316/2981
f 4295/4313/2983 4294/4312/2983 4299/4317/2983
f 4299/4317/2983 4298/4316/2983 4295/4313/2983
f 4297/4315/2984 4299/4317/2984 4294/4312/2984
f 4294/4312/2984 4293/4311/2984 4297/4315/2984
f 4295/4313/2985 4298/4316/2985 4296/4314/2985
f 4296/4314/2985 4292/4310/2985 4295/4313/2985
f 4300/4318/2986 4301/4319/2987 4302/4320/2987
f 4302/4320/2987 4303/4321/2986 4300/4318/2986
f 4304/4322/2988 4305/4323/2989 4301/4319/2989
f 4301/4319/2989 4300/4318/2988 4304/4322/2988
f 4306/4324/2990 4307/4325/2991 4305/4323/2991
f 4305/4323/2991 4304/4322/2990 4306/4324/2990
f 4303/4321/2992 4302/4320/2993 4307/4325/2993
f 4307/4325/2993 4306/4324/2992 4303/4321/2992
f 4305/4323/2994 4307/4325/2994 4302/4320/2994
f 4302/4320/2994 4301/4319/2995 4305/4323/2994
f 4303/4321/2996 4306/4324/2997 4304/4322/2996
f 4304/4322/2996 4300/4318/2996 4303/4321/2996
f 4308/4326/2979 4309/4327/2979 4310/4328/2979
f 4310/4328/2979 4311/4329/2979 4308/4326/2979
f 4312/4330/2980 4313/4331/2980 4309/4327/2980
f 4309/4327/2980 4308/4326/2980 4312/4330/2980
f 4314/4332/2981 4315/4333/2981 4313/4331/2981
f 4313/4331/2981 4312/4330/2981 4314/4332/2981
f 4311/4329/2983 4310/4328/2983 4315/4333/2983
f 4315/4333/2983 4314/4332/2983 4311/4329/2983
f 4313/4331/2998 4315/4333/2998 4310/4328/2998
f 4310/4328/2998 4309/4327/2998 4313/4331/2998
f 4311/4329/2999 4314/4332/2999 4312/4330/2999
f 4312/4330/2999 4308/4326/2999 4311/4329/2999
f 4316/4334/3000 4317/4335/2987 4318/4336/2987
f 4318/4336/2987 4319/4337/2986 4316/4334/3000
f 4320/4338/3001 4321/4339/2989 4317/4335/2989
f 4317/4335/2989 4316/4334/3001 4320/4338/3001
f 4322/4340/2990 4323/4341/2991 4321/4339/2991
f 4321/4339/2991 4320/4338/2990 4322/4340/2990
f 4319/4337/2992 4318/4336/2993 4323/4341/2993
f 4323/4341/2993 4322/4340/2992 4319/4337/2992
f 4321/4339/2994 4323/4341/2994 4318/4336/2994
f 4318/4336/2994 4317/4335/2994 4321/4339/2994
f 4319/4337/2996 4322/4340/2996 4320/4338/2996
f 4320/4338/2996 4316/4334/3002 4319/4337/2996
f 4324/4342/3003 4325/4343/3003 4326/4344/3003
f 4326/4344/3003 4327/4345/3003 4324/4342/3003
f 4328/4346/3004 4329/4347/3004 4325/4343/3004
f 4325/4343/3004 4324/4342/3004 4328/4346/3004
f 4330/4348/3005 4331/4349/3005 4329/4347/3005
f 4329/4347/3005 4328/4346/3005 4330/4348/3005
f 4332/4350/3006 4333/4351/3006 4331/4349/3006
f 4331/4349/3006 4330/4348/3006 4332/4350/3006
f 4327/4345/3007 4326/4344/3007 4333/4351/3007
f 4333/4351/3007 4332/4350/3007 4327/4345/3007
f 4330/4348/3008 4328/4346/3008 4324/4342/3008
f 4330/4348/3008 4324/4342/3008 4327/4345/3008
f 4330/4348/3008 4327/4345/3008 4332/4350/3008
f 4334/4352/3009 4335/4353/3009 4336/4354/3010
f 4336/4354/3010 4337/4355/3010 4334/4352/3009
f 4338/4356/3011 4339/4357/3011 4335/4353/3011
f 4335/4353/3011 4334/4352/3011 4338/4356/3011
f 4340/4358/3012 4341/4359/3012 4339/4357/3012
f 4339/4357/3012 4338/4356/3012 4340/4358/3012
f 4340/4358/3013 4342/4360/3014 4343/4361/3014
f 4343/4361/3014 4341/4359/3013 4340/4358/3013
f 4337/4355/3015 4336/4354/3015 4343/4361/3015
f 4343/4361/3015 4342/4360/3015 4337/4355/3015
f 4336/4354/3016 4335/4353/3017 4344/4362/3017
f 4344/4362/3017 4345/4363/3016 4336/4354/3016
f 4335/4353/3018 4339/4357/3018 4346/4364/3018
f 4346/4364/3018 4344/4362/3018 4335/4353/3018
f 4339/4357/3019 4341/4359/3019 4347/4365/3019
f 4347/4365/3019 4346/4364/3019 4339/4357/3019
f 4341/4359/3020 4343/4361/3021 4348/4366/3021
f 4348/4366/3021 4347/4365/3020 4341/4359/3020
f 4343/4361/3022 4336/4354/3022 4345/4363/3022
f 4345/4363/3022 4348/4366/3022 4343/4361/3022
f 4334/4352/3023 4337/4355/3024 4326/4344/3024
f 4326/4344/3024 4325/4343/3023 4334/4352/3023
f 4338/4356/3025 4334/4352/3026 4325/4343/3027
f 4325/4343/3027 4329/4347/3028 4338/4356/3025
f 4340/4358/3029 4338/4356/3030 4329/4347/3030
f 4329/4347/3030 4331/4349/3029 4340/4358/3029
f 4342/4360/3031 4340/4358/3032 4331/4349/3033
f 4331/4349/3033 4333/4351/3034 4342/4360/3031
f 4337/4355/3035 4342/4360/3036 4333/4351/3036
f 4333/4351/3036 4326/4344/3035 4337/4355/3035
f 4349/4367/3037 4350/4368/3037 4351/4369/3037
f 4351/4369/3037 4352/4370/3037 4349/4367/3037
f 4353/4371/3038 4349/4367/3038 4352/4370/3038
f 4352/4370/3038 4354/4372/3038 4353/4371/3038
f 4355/4373/3039 4353/4371/3039 4354/4372/3039
f 4354/4372/3039 4356/4374/3039 4355/4373/3039
f 4357/4375/3040 4355/4373/3040 4356/4374/3040
f 4356/4374/3040 4358/4376/3040 4357/4375/3040
f 4350/4368/3041 4357/4375/3041 4358/4376/3041
f 4358/4376/3041 4351/4369/3041 4350/4368/3041
f 4355/4373/3042 4357/4375/3042 4350/4368/3042
f 4355/4373/3042 4350/4368/3042 4349/4367/3042
f 4355/4373/3042 4349/4367/3042 4353/4371/3042
f 4359/4377/3043 4360/4378/3043 4361/4379/3043
f 4361/4379/3043 4362/4380/3043 4359/4377/3043
f 4363/4381/3044 4359/4377/3045 4362/4380/3045
f 4362/4380/3045 4364/4382/3044 4363/4381/3044
f 4365/4383/3046 4363/4381/3046 4364/4382/3046
f 4364/4382/3046 4366/4384/3047 4365/4383/3046
f 4365/4383/3048 4366/4384/3048 4367/4385/3049
f 4367/4385/3049 4368/4386/3049 4365/4383/3048
f 4360/4378/3050 4368/4386/3051 4367/4385/3051
f 4367/4385/3051 4361/4379/3050 4360/4378/3050
f 4361/4379/3052 4369/4387/3052 4370/4388/3052
f 4370/4388/3053 4362/4380/3053 4361/4379/3053
f 4362/4380/3054 4370/4388/3054 4371/4389/3054
f 4371/4389/3054 4364/4382/3054 4362/4380/3054
f 4364/4382/3055 4371/4389/3055 4372/4390/3055
f 4372/4390/3055 4366/4384/3055 4364/4382/3055
f 4366/4384/3056 4372/4390/3056 4373/4391/3056
f 4373/4391/3057 4367/4385/3057 4366/4384/3057
f 4367/4385/3058 4373/4391/3058 4369/4387/3058
f 4369/4387/3058 4361/4379/3058 4367/4385/3058
f 4359/4377/3059 4352/4370/3059 4351/4369/3060
f 4351/4369/3060 4360/4378/3060 4359/4377/3059
f 4363/4381/3061 4354/4372/3062 4352/4370/3063
f 4352/4370/3063 4359/4377/3064 4363/4381/3061
f 4365/4383/3065 4356/4374/3065 4354/4372/3066
f 4354/4372/3066 4363/4381/3066 4365/4383/3065
f 4368/4386/3067 4358/4376/3068 4356/4374/3069
f 4356/4374/3069 4365/4383/3070 4368/4386/3067
f 4360/4378/3071 4351/4369/3071 4358/4376/3071
f 4358/4376/3071 4368/4386/3071 4360/4378/3071
f 4374/4392/3072 4375/4393/3072 4376/4394/3072
f 4376/4394/3072 4377/4395/3072 4374/4392/3072
f 4378/4396/252 4379/4397/252 4375/4393/252
f 4375/4393/252 4374/4392/252 4378/4396/252
f 4380/4398/3073 4381/4399/3073 4379/4397/3073
f 4379/4397/3073 4378/4396/3073 4380/4398/3073
f 4382/4400/3074 4383/4401/3074 4381/4399/3074
f 4381/4399/3074 4380/4398/3074 4382/4400/3074
f 4384/4402/262 4385/4403/262 4383/4401/262
f 4383/4401/262 4382/4400/262 4384/4402/262
f 4377/4395/3075 4376/4394/3075 4385/4403/3075
f 4385/4403/3075 4384/4402/3075 4377/4395/3075
f 4386/4404/3076 4374/4392/3076 4377/4395/3076
f 4377/4395/3076 4387/4405/3076 4386/4404/3076
f 4388/4406/252 4378/4396/252 4374/4392/252
f 4374/4392/252 4386/4404/252 4388/4406/252
f 4389/4407/3077 4380/4398/3077 4378/4396/3077
f 4378/4396/3077 4388/4406/3077 4389/4407/3077
f 4390/4408/3078 4382/4400/3078 4380/4398/3078
f 4380/4398/3078 4389/4407/3078 4390/4408/3078
f 4391/4409/262 4384/4402/262 4382/4400/262
f 4382/4400/262 4390/4408/262 4391/4409/262
f 4387/4405/3079 4377/4395/3079 4384/4402/3079
f 4384/4402/3079 4391/4409/3079 4387/4405/3079
f 4392/4410/3080 4393/4411/3080 4386/4404/3080
f 4386/4404/3080 4387/4405/3080 4392/4410/3080
f 4393/4411/252 4394/4412/252 4388/4406/252
f 4388/4406/252 4386/4404/252 4393/4411/252
f 4394/4412/3081 4395/4413/3081 4389/4407/3081
f 4389/4407/3081 4388/4406/3081 4394/4412/3081
f 4389/4407/3082 4395/4413/3082 4396/4414/3082
f 4396/4414/3082 4390/4408/3082 4389/4407/3082
f 4390/4408/262 4396/4414/262 4397/4415/262
f 4397/4415/262 4391/4409/262 4390/4408/262
f 4391/4409/3083 4397/4415/3083 4392/4410/3083
f 4392/4410/3083 4387/4405/3083 4391/4409/3083
f 4398/4416/3080 4399/4417/3080 4400/4418/3080
f 4400/4418/3080 4401/4419/3080 4398/4416/3080
f 4399/4417/252 4402/4420/252 4403/4421/252
f 4403/4421/252 4400/4418/252 4399/4417/252
f 4402/4420/3081 4404/4422/3081 4405/4423/3081
f 4405/4423/3081 4403/4421/3081 4402/4420/3081
f 4406/4424/262 4407/4425/262 4408/4426/262
f 4408/4426/262 4409/4427/262 4406/4424/262
f 4407/4425/3083 4398/4416/3083 4401/4419/3083
f 4401/4419/3083 4408/4426/3083 4407/4425/3083
f 4409/4427/5 4408/4426/5 4401/4419/5
f 4405/4423/5 4409/4427/5 4401/4419/5
f 4403/4421/5 4405/4423/5 4401/4419/5
f 4400/4418/5 4403/4421/5 4401/4419/5
f 4410/4428/252 4411/4429/252 4412/4430/252
f 4412/4430/252 4413/4431/252 4410/4428/252
f 4412/4430/3081 4414/4432/3081 4415/4433/3081
f 4415/4433/3081 4413/4431/3081 4412/4430/3081
f 4414/4432/3082 4416/4434/3082 4417/4435/3082
f 4417/4435/3082 4415/4433/3082 4414/4432/3082
f 4417/4435/5 4418/4436/5 4419/4437/5
f 4415/4433/5 4417/4435/5 4419/4437/5
f 4413/4431/5 4415/4433/5 4419/4437/5
f 4410/4428/5 4413/4431/5 4419/4437/5
f 4420/4438/3080 4421/4439/3080 4422/4440/3080
f 4422/4440/3080 4423/4441/3080 4420/4438/3080
f 4421/4439/252 4424/4442/252 4425/4443/252
f 4425/4443/252 4422/4440/252 4421/4439/252
f 4424/4442/3081 4426/4444/3081 4427/4445/3081
f 4427/4445/3081 4425/4443/3081 4424/4442/3081
f 4428/4446/262 4429/4447/262 4430/4448/262
f 4430/4448/262 4431/4449/262 4428/4446/262
f 4429/4447/3083 4420/4438/3083 4423/4441/3083
f 4423/4441/3083 4430/4448/3083 4429/4447/3083
f 4431/4449/5 4430/4448/5 4423/4441/5
f 4427/4445/5 4431/4449/5 4423/4441/5
f 4425/4443/5 4427/4445/5 4423/4441/5
f 4422/4440/5 4425/4443/5 4423/4441/5
f 4432/4450/5 4433/4451/5 4434/4452/5
f 4435/4453/5 4432/4450/5 4434/4452/5
f 4436/4454/5 4435/4453/5 4434/4452/5
f 4437/4455/5 4436/4454/5 4434/4452/5
f 4438/4456/3076 4439/4457/3076 4440/4458/3076
f 4440/4458/3076 4441/4459/3076 4438/4456/3076
f 4442/4460/252 4443/4461/252 4439/4457/252
f 4439/4457/252 4438/4456/252 4442/4460/252
f 4444/4462/3077 4445/4463/3077 4443/4461/3077
f 4443/4461/3077 4442/4460/3077 4444/4462/3077
f 4446/4464/3078 4447/4465/3078 4445/4463/3078
f 4445/4463/3078 4444/4462/3078 4446/4464/3078
f 4448/4466/262 4449/4467/262 4447/4465/262
f 4447/4465/262 4446/4464/262 4448/4466/262
f 4441/4459/3079 4440/4458/3079 4449/4467/3079
f 4449/4467/3079 4448/4466/3079 4441/4459/3079
f 4447/4465/127 4449/4467/127 4440/4458/127
f 4445/4463/127 4447/4465/127 4440/4458/127
f 4443/4461/127 4445/4463/127 4440/4458/127
f 4439/4457/127 4443/4461/127 4440/4458/127
f 4442/4460/250 4438/4456/250 4441/4459/250
f 4441/4459/250 4448/4466/250 4446/4464/250
f 4441/4459/250 4446/4464/250 4444/4462/250
f 4442/4460/250 4441/4459/250 4444/4462/250
f 4375/4393/3081 4450/4468/3081 4451/4469/3081
f 4451/4469/3081 4376/4394/3081 4375/4393/3081
f 4379/4397/252 4452/4470/252 4450/4468/252
f 4450/4468/252 4375/4393/252 4379/4397/252
f 4383/4401/262 4385/4403/262 4453/4471/262
f 4453/4471/262 4454/4472/262 4383/4401/262
f 4385/4403/3082 4376/4394/3082 4451/4469/3082
f 4451/4469/3082 4453/4471/3082 4385/4403/3082
f 4455/4473/3084 4456/4474/3084 4451/4469/3084
f 4451/4469/3084 4450/4468/3084 4455/4473/3084
f 4457/4475/252 4455/4473/252 4450/4468/252
f 4450/4468/252 4452/4470/252 4457/4475/252
f 4458/4476/3085 4457/4475/3085 4452/4470/3085
f 4452/4470/3085 4459/4477/3085 4458/4476/3085
f 4460/4478/3086 4458/4476/3086 4459/4477/3086
f 4459/4477/3086 4454/4472/3086 4460/4478/3086
f 4461/4479/262 4460/4478/262 4454/4472/262
f 4454/4472/262 4453/4471/262 4461/4479/262
f 4456/4474/3087 4461/4479/3087 4453/4471/3087
f 4453/4471/3087 4451/4469/3087 4456/4474/3087
f 4393/4411/3077 4392/4410/3077 4456/4474/3077
f 4456/4474/3077 4455/4473/3077 4393/4411/3077
f 4394/4412/252 4393/4411/252 4455/4473/252
f 4455/4473/252 4457/4475/252 4394/4412/252
f 4395/4413/3076 4394/4412/3076 4457/4475/3076
f 4457/4475/3076 4458/4476/3076 4395/4413/3076
f 4396/4414/3079 4395/4413/3079 4458/4476/3079
f 4458/4476/3079 4460/4478/3079 4396/4414/3079
f 4397/4415/262 4396/4414/262 4460/4478/262
f 4460/4478/262 4461/4479/262 4397/4415/262
f 4392/4410/3078 4397/4415/3078 4461/4479/3078
f 4461/4479/3078 4456/4474/3078 4392/4410/3078
f 4406/4424/3082 4409/4427/3082 4405/4423/3082
f 4405/4423/3082 4404/4422/3082 4406/4424/3082
f 4398/4416/229 4407/4425/229 4406/4424/229
f 4398/4416/229 4406/4424/229 4404/4422/229
f 4398/4416/229 4404/4422/229 4402/4420/229
f 4399/4417/229 4398/4416/229 4402/4420/229
f 4411/4429/3080 4410/4428/3080 4419/4437/3080
f 4419/4437/3080 4462/4480/3080 4411/4429/3080
f 4463/4481/262 4418/4436/262 4417/4435/262
f 4417/4435/262 4416/4434/262 4463/4481/262
f 4463/4481/3083 4462/4480/3083 4419/4437/3083
f 4419/4437/3083 4418/4436/3083 4463/4481/3083
f 4462/4480/229 4463/4481/229 4416/4434/229
f 4462/4480/229 4416/4434/229 4414/4432/229
f 4462/4480/229 4414/4432/229 4412/4430/229
f 4411/4429/229 4462/4480/229 4412/4430/229
f 4428/4446/3082 4431/4449/3082 4427/4445/3082
f 4427/4445/3082 4426/4444/3082 4428/4446/3082
f 4420/4438/229 4429/4447/229 4428/4446/229
f 4420/4438/229 4428/4446/229 4426/4444/229
f 4420/4438/229 4426/4444/229 4424/4442/229
f 4421/4439/229 4420/4438/229 4424/4442/229
f 4464/4482/3080 4437/4455/3080 4434/4452/3080
f 4434/4452/3080 4465/4483/3080 4464/4482/3080
f 4466/4484/252 4436/4454/252 4437/4455/252
f 4437/4455/252 4464/4482/252 4466/4484/252
f 4467/4485/3081 4435/4453/3081 4436/4454/3081
f 4436/4454/3081 4466/4484/3081 4467/4485/3081
f 4468/4486/3082 4432/4450/3082 4435/4453/3082
f 4435/4453/3082 4467/4485/3082 4468/4486/3082
f 4469/4487/262 4433/4451/262 4432/4450/262
f 4432/4450/262 4468/4486/262 4469/4487/262
f 4465/4483/3083 4434/4452/3083 4433/4451/3083
f 4433/4451/3083 4469/4487/3083 4465/4483/3083
f 4465/4483/229 4469/4487/229 4468/4486/229
f 4465/4483/229 4468/4486/229 4467/4485/229
f 4465/4483/229 4467/4485/229 4466/4484/229
f 4464/4482/229 4465/4483/229 4466/4484/229
f 4470/4488/3077 4471/4489/3077 4472/4490/3077
f 4472/4490/3077 4473/4491/3077 4470/4488/3077
f 4474/4492/252 4470/4488/252 4473/4491/252
f 4473/4491/252 4475/4493/252 4474/4492/252
f 4476/4494/3076 4474/4492/3076 4475/4493/3076
f 4475/4493/3076 4477/4495/3076 4476/4494/3076
f 4478/4496/3079 4476/4494/3079 4477/4495/3079
f 4477/4495/3079 4479/4497/3079 4478/4496/3079
f 4480/4498/262 4478/4496/262 4479/4497/262
f 4479/4497/262 4481/4499/262 4480/4498/262
f 4471/4489/3078 4480/4498/3078 4481/4499/3078
f 4481/4499/3078 4472/4490/3078 4471/4489/3078
f 4472/4490/127 4481/4499/127 4479/4497/127
f 4472/4490/127 4479/4497/127 4477/4495/127
f 4472/4490/127 4477/4495/127 4475/4493/127
f 4473/4491/127 4472/4490/127 4475/4493/127
f 4478/4496/250 4480/4498/250 4471/4489/250
f 4476/4494/250 4478/4496/250 4471/4489/250
f 4474/4492/250 4476/4494/250 4471/4489/250
f 4474/4492/250 4471/4489/250 4470/4488/250
f 4379/4397/3080 4381/4399/3080 4459/4477/3080
f 4459/4477/3080 4452/4470/3080 4379/4397/3080
f 4381/4399/3083 4383/4401/3083 4454/4472/3083
f 4454/4472/3083 4459/4477/3083 4381/4399/3083
f 4482/4500/127 4483/4501/127 4484/4502/127
f 4484/4502/127 4485/4503/127 4482/4500/127
f 4486/4504/5 4487/4505/5 4488/4506/5
f 4488/4506/5 4489/4507/5 4486/4504/5
f 4490/4508/250 4491/4509/250 4492/4510/250
f 4492/4510/250 4493/4511/250 4490/4508/250
f 4494/4512/229 4495/4513/229 4496/4514/229
f 4496/4514/229 4497/4515/229 4494/4512/229
f 4498/4516/3088 4499/4517/3088 4493/4511/3088
f 4493/4511/3088 4492/4510/3088 4498/4516/3088
f 4490/4508/252 4500/4518/252 4501/4519/252
f 4501/4519/252 4491/4509/252 4490/4508/252
f 4502/4520/5 4503/4521/5 4487/4505/5
f 4487/4505/5 4486/4504/5 4502/4520/5
f 4504/4522/229 4505/4523/229 4495/4513/229
f 4495/4513/229 4494/4512/229 4504/4522/229
f 4485/4503/3089 4484/4502/3089 4499/4517/3089
f 4499/4517/3089 4498/4516/3089 4485/4503/3089
f 4483/4501/3090 4482/4500/3090 4501/4519/3090
f 4501/4519/3090 4500/4518/3090 4483/4501/3090
f 4489/4507/3091 4488/4506/3092 4482/4500/3092
f 4482/4500/3092 4485/4503/3093 4489/4507/3091
f 4488/4506/3094 4487/4505/3095 4501/4519/3096
f 4501/4519/3096 4482/4500/3097 4488/4506/3094
f 4487/4505/3098 4503/4521/3099 4491/4509/3099
f 4491/4509/3099 4501/4519/3098 4487/4505/3098
f 4503/4521/3100 4502/4520/3101 4492/4510/3101
f 4492/4510/3101 4491/4509/3100 4503/4521/3100
f 4502/4520/3102 4486/4504/3102 4498/4516/3102
f 4498/4516/3103 4492/4510/3103 4502/4520/3103
f 4486/4504/3104 4489/4507/3105 4485/4503/3106
f 4485/4503/3106 4498/4516/3107 4486/4504/3104
f 4505/4523/3108 4504/4522/3108 4484/4502/3108
f 4484/4502/3108 4483/4501/3108 4505/4523/3108
f 4504/4522/3109 4494/4512/3110 4499/4517/3111
f 4499/4517/3111 4484/4502/3112 4504/4522/3109
f 4494/4512/3113 4497/4515/3113 4493/4511/3113
f 4493/4511/3114 4499/4517/3114 4494/4512/3114
f 4497/4515/3115 4496/4514/3115 4490/4508/3115
f 4490/4508/3115 4493/4511/3115 4497/4515/3115
f 4496/4514/3116 4495/4513/3116 4500/4518/3116
f 4500/4518/3116 4490/4508/3116 4496/4514/3116
f 4495/4513/3117 4505/4523/3118 4483/4501/3119
f 4483/4501/3119 4500/4518/3120 4495/4513/3117
f 4506/4524/127 4507/4525/127 4508/4526/127
f 4508/4526/127 4509/4527/127 4506/4524/127
f 4510/4528/229 4511/4529/229 4512/4530/229
f 4512/4530/229 4513/4531/229 4510/4528/229
f 4514/4532/250 4515/4533/250 4516/4534/250
f 4516/4534/250 4517/4535/250 4514/4532/250
f 4518/4536/5 4519/4537/5 4520/4538/5
f 4520/4538/5 4521/4539/5 4518/4536/5
f 4522/4540/3088 4516/4534/3088 4515/4533/3088
f 4515/4533/3088 4523/4541/3088 4522/4540/3088
f 4514/4532/252 4517/4535/252 4524/4542/252
f 4524/4542/252 4525/4543/252 4514/4532/252
f 4526/4544/229 4510/4528/229 4513/4531/229
f 4513/4531/229 4527/4545/229 4526/4544/229
f 4528/4546/5 4518/4536/5 4521/4539/5
f 4521/4539/5 4529/4547/5 4528/4546/5
f 4507/4525/3089 4522/4540/3089 4523/4541/3089
f 4523/4541/3089 4508/4526/3089 4507/4525/3089
f 4509/4527/3090 4525/4543/3090 4524/4542/3090
f 4524/4542/3090 4506/4524/3090 4509/4527/3090
f 4511/4529/3108 4507/4525/3108 4506/4524/3108
f 4506/4524/3108 4512/4530/3108 4511/4529/3108
f 4512/4530/3121 4506/4524/3122 4524/4542/3123
f 4524/4542/3123 4513/4531/3124 4512/4530/3121
f 4513/4531/3116 4524/4542/3116 4517/4535/3125
f 4517/4535/3125 4527/4545/3125 4513/4531/3116
f 4527/4545/3126 4517/4535/3126 4516/4534/3115
f 4516/4534/3115 4526/4544/3115 4527/4545/3126
f 4526/4544/3127 4516/4534/3127 4522/4540/3127
f 4522/4540/3128 4510/4528/3128 4526/4544/3128
f 4510/4528/3129 4522/4540/3130 4507/4525/3131
f 4507/4525/3131 4511/4529/3112 4510/4528/3129
f 4529/4547/3132 4509/4527/3132 4508/4526/3091
f 4508/4526/3091 4528/4546/3091 4529/4547/3132
f 4528/4546/3106 4508/4526/3133 4523/4541/3104
f 4523/4541/3104 4518/4536/3134 4528/4546/3106
f 4518/4536/3135 4523/4541/3135 4515/4533/3135
f 4515/4533/3136 4519/4537/3136 4518/4536/3136
f 4519/4537/3100 4515/4533/3100 4514/4532/3100
f 4514/4532/3100 4520/4538/3100 4519/4537/3100
f 4520/4538/3099 4514/4532/3099 4525/4543/3098
f 4525/4543/3098 4521/4539/3098 4520/4538/3099
f 4521/4539/3096 4525/4543/3095 4509/4527/3137
f 4509/4527/3137 4529/4547/3138 4521/4539/3096
f 4530/4548/3085 4531/4549/3085 4532/4550/3085
f 4532/4550/3085 4533/4551/3085 4530/4548/3085
f 4534/4552/252 4530/4548/252 4533/4551/252
f 4533/4551/252 4535/4553/252 4534/4552/252
f 4536/4554/3084 4534/4552/3084 4535/4553/3084
f 4535/4553/3084 4537/4555/3084 4536/4554/3084
f 4538/4556/3087 4536/4554/3087 4537/4555/3087
f 4537/4555/3087 4539/4557/3087 4538/4556/3087
f 4540/4558/262 4538/4556/262 4539/4557/262
f 4539/4557/262 4541/4559/262 4540/4558/262
f 4531/4549/3086 4540/4558/3086 4541/4559/3086
f 4541/4559/3086 4532/4550/3086 4531/4549/3086
f 4542/4560/3076 4543/4561/3076 4531/4549/3076
f 4531/4549/3076 4530/4548/3076 4542/4560/3076
f 4544/4562/252 4542/4560/252 4530/4548/252
f 4530/4548/252 4534/4552/252 4544/4562/252
f 4545/4563/3077 4544/4562/3077 4534/4552/3077
f 4534/4552/3077 4536/4554/3077 4545/4563/3077
f 4546/4564/3078 4545/4563/3078 4536/4554/3078
f 4536/4554/3078 4538/4556/3078 4546/4564/3078
f 4547/4565/262 4546/4564/262 4538/4556/262
f 4538/4556/262 4540/4558/262 4547/4565/262
f 4543/4561/3079 4547/4565/3079 4540/4558/3079
f 4540/4558/3079 4531/4549/3079 4543/4561/3079
f 4548/4566/3081 4543/4561/3081 4542/4560/3081
f 4542/4560/3081 4549/4567/3081 4548/4566/3081
f 4549/4567/252 4542/4560/252 4544/4562/252
f 4544/4562/252 4550/4568/252 4549/4567/252
f 4550/4568/3080 4544/4562/3080 4545/4563/3080
f 4545/4563/3080 4551/4569/3080 4550/4568/3080
f 4545/4563/3083 4546/4564/3083 4552/4570/3083
f 4552/4570/3083 4551/4569/3083 4545/4563/3083
f 4546/4564/262 4547/4565/262 4553/4571/262
f 4553/4571/262 4552/4570/262 4546/4564/262
f 4547/4565/3082 4543/4561/3082 4548/4566/3082
f 4548/4566/3082 4553/4571/3082 4547/4565/3082
f 4554/4572/252 4555/4573/252 4556/4574/252
f 4556/4574/252 4557/4575/252 4554/4572/252
f 4556/4574/3080 4555/4573/3080 4558/4576/3080
f 4558/4576/3080 4559/4577/3080 4556/4574/3080
f 4559/4577/3083 4558/4576/3083 4560/4578/3083
f 4560/4578/3083 4561/4579/3083 4559/4577/3083
f 4562/4580/5 4563/4581/5 4560/4578/5
f 4562/4580/5 4560/4578/5 4558/4576/5
f 4562/4580/5 4558/4576/5 4555/4573/5
f 4554/4572/5 4562/4580/5 4555/4573/5
f 4564/4582/3081 4565/4583/3081 4566/4584/3081
f 4566/4584/3081 4567/4585/3081 4564/4582/3081
f 4567/4585/252 4566/4584/252 4568/4586/252
f 4568/4586/252 4569/4587/252 4567/4585/252
f 4569/4587/3080 4568/4586/3080 4570/4588/3080
f 4570/4588/3080 4571/4589/3080 4569/4587/3080
f 4572/4590/262 4573/4591/262 4574/4592/262
f 4574/4592/262 4575/4593/262 4572/4590/262
f 4575/4593/3082 4574/4592/3082 4565/4583/3082
f 4565/4583/3082 4564/4582/3082 4575/4593/3082
f 4565/4583/5 4574/4592/5 4573/4591/5
f 4565/4583/5 4573/4591/5 4570/4588/5
f 4565/4583/5 4570/4588/5 4568/4586/5
f 4566/4584/5 4565/4583/5 4568/4586/5
f 4576/4594/5 4577/4595/5 4578/4596/5
f 4576/4594/5 4578/4596/5 4579/4597/5
f 4576/4594/5 4579/4597/5 4580/4598/5
f 4581/4599/5 4576/4594/5 4580/4598/5
f 4582/4600/3076 4583/4601/3076 4584/4602/3076
f 4584/4602/3076 4585/4603/3076 4582/4600/3076
f 4586/4604/252 4582/4600/252 4585/4603/252
f 4585/4603/252 4587/4605/252 4586/4604/252
f 4588/4606/3077 4586/4604/3077 4587/4605/3077
f 4587/4605/3077 4589/4607/3077 4588/4606/3077
f 4590/4608/3078 4588/4606/3078 4589/4607/3078
f 4589/4607/3078 4591/4609/3078 4590/4608/3078
f 4592/4610/262 4590/4608/262 4591/4609/262
f 4591/4609/262 4593/4611/262 4592/4610/262
f 4583/4601/3079 4592/4610/3079 4593/4611/3079
f 4593/4611/3079 4584/4602/3079 4583/4601/3079
f 4584/4602/250 4593/4611/250 4591/4609/250
f 4584/4602/250 4591/4609/250 4589/4607/250
f 4584/4602/250 4589/4607/250 4587/4605/250
f 4585/4603/250 4584/4602/250 4587/4605/250
f 4590/4608/127 4592/4610/127 4583/4601/127
f 4588/4606/127 4590/4608/127 4583/4601/127
f 4586/4604/127 4588/4606/127 4583/4601/127
f 4586/4604/127 4583/4601/127 4582/4600/127
f 4533/4551/3080 4532/4550/3080 4594/4612/3080
f 4594/4612/3080 4595/4613/3080 4533/4551/3080
f 4535/4553/252 4533/4551/252 4595/4613/252
f 4595/4613/252 4596/4614/252 4535/4553/252
f 4539/4557/262 4597/4615/262 4598/4616/262
f 4598/4616/262 4541/4559/262 4539/4557/262
f 4541/4559/3083 4598/4616/3083 4594/4612/3083
f 4594/4612/3083 4532/4550/3083 4541/4559/3083
f 4599/4617/3073 4595/4613/3073 4594/4612/3073
f 4594/4612/3073 4600/4618/3073 4599/4617/3073
f 4601/4619/252 4596/4614/252 4595/4613/252
f 4595/4613/252 4599/4617/252 4601/4619/252
f 4602/4620/3072 4603/4621/3072 4596/4614/3072
f 4596/4614/3072 4601/4619/3072 4602/4620/3072
f 4604/4622/3075 4597/4615/3075 4603/4621/3075
f 4603/4621/3075 4602/4620/3075 4604/4622/3075
f 4605/4623/262 4598/4616/262 4597/4615/262
f 4597/4615/262 4604/4622/262 4605/4623/262
f 4600/4618/3074 4594/4612/3074 4598/4616/3074
f 4598/4616/3074 4605/4623/3074 4600/4618/3074
f 4549/4567/3077 4599/4617/3077 4600/4618/3077
f 4600/4618/3077 4548/4566/3077 4549/4567/3077
f 4550/4568/252 4601/4619/252 4599/4617/252
f 4599/4617/252 4549/4567/252 4550/4568/252
f 4551/4569/3076 4602/4620/3076 4601/4619/3076
f 4601/4619/3076 4550/4568/3076 4551/4569/3076
f 4552/4570/3079 4604/4622/3079 4602/4620/3079
f 4602/4620/3079 4551/4569/3079 4552/4570/3079
f 4553/4571/262 4605/4623/262 4604/4622/262
f 4604/4622/262 4552/4570/262 4553/4571/262
f 4548/4566/3078 4600/4618/3078 4605/4623/3078
f 4605/4623/3078 4553/4571/3078 4548/4566/3078
f 4557/4575/3081 4606/4624/3081 4562/4580/3081
f 4562/4580/3081 4554/4572/3081 4557/4575/3081
f 4607/4625/262 4561/4579/262 4560/4578/262
f 4560/4578/262 4563/4581/262 4607/4625/262
f 4607/4625/3082 4563/4581/3082 4562/4580/3082
f 4562/4580/3082 4606/4624/3082 4607/4625/3082
f 4561/4579/229 4607/4625/229 4606/4624/229
f 4559/4577/229 4561/4579/229 4606/4624/229
f 4556/4574/229 4559/4577/229 4606/4624/229
f 4557/4575/229 4556/4574/229 4606/4624/229
f 4572/4590/3083 4571/4589/3083 4570/4588/3083
f 4570/4588/3083 4573/4591/3083 4572/4590/3083
f 4572/4590/229 4575/4593/229 4564/4582/229
f 4571/4589/229 4572/4590/229 4564/4582/229
f 4569/4587/229 4571/4589/229 4564/4582/229
f 4567/4585/229 4569/4587/229 4564/4582/229
f 4608/4626/3081 4609/4627/3081 4576/4594/3081
f 4576/4594/3081 4581/4599/3081 4608/4626/3081
f 4610/4628/252 4608/4626/252 4581/4599/252
f 4581/4599/252 4580/4598/252 4610/4628/252
f 4611/4629/3080 4610/4628/3080 4580/4598/3080
f 4580/4598/3080 4579/4597/3080 4611/4629/3080
f 4612/4630/3083 4611/4629/3083 4579/4597/3083
f 4579/4597/3083 4578/4596/3083 4612/4630/3083
f 4613/4631/262 4612/4630/262 4578/4596/262
f 4578/4596/262 4577/4595/262 4613/4631/262
f 4609/4627/3082 4613/4631/3082 4577/4595/3082
f 4577/4595/3082 4576/4594/3082 4609/4627/3082
f 4612/4630/229 4613/4631/229 4609/4627/229
f 4611/4629/229 4612/4630/229 4609/4627/229
f 4610/4628/229 4611/4629/229 4609/4627/229
f 4608/4626/229 4610/4628/229 4609/4627/229
f 4614/4632/3077 4615/4633/3077 4616/4634/3077
f 4616/4634/3077 4617/4635/3077 4614/4632/3077
f 4618/4636/252 4619/4637/252 4615/4633/252
f 4615/4633/252 4614/4632/252 4618/4636/252
f 4620/4638/3076 4621/4639/3076 4619/4637/3076
f 4619/4637/3076 4618/4636/3076 4620/4638/3076
f 4622/4640/3079 4623/4641/3079 4621/4639/3079
f 4621/4639/3079 4620/4638/3079 4622/4640/3079
f 4624/4642/262 4625/4643/262 4623/4641/262
f 4623/4641/262 4622/4640/262 4624/4642/262
f 4617/4635/3078 4616/4634/3078 4625/4643/3078
f 4625/4643/3078 4624/4642/3078 4617/4635/3078
f 4623/4641/250 4625/4643/250 4616/4634/250
f 4621/4639/250 4623/4641/250 4616/4634/250
f 4619/4637/250 4621/4639/250 4616/4634/250
f 4615/4633/250 4619/4637/250 4616/4634/250
f 4618/4636/127 4614/4632/127 4617/4635/127
f 4617/4635/127 4624/4642/127 4622/4640/127
f 4617/4635/127 4622/4640/127 4620/4638/127
f 4618/4636/127 4617/4635/127 4620/4638/127
f 4535/4553/3081 4596/4614/3081 4603/4621/3081
f 4603/4621/3081 4537/4555/3081 4535/4553/3081
f 4537/4555/3082 4603/4621/3082 4597/4615/3082
f 4597/4615/3082 4539/4557/3082 4537/4555/3082
f 4626/4644/3139 4627/4645/3139 4628/4646/3139
f 4628/4646/3139 4629/4647/3139 4626/4644/3139
f 4630/4648/127 4631/4649/127 4632/4650/127
f 4632/4650/127 4633/4651/127 4630/4648/127
f 4634/4652/3140 4635/4653/3140 4631/4649/3140
f 4631/4649/3140 4630/4648/3140 4634/4652/3140
f 4636/4654/250 4637/4655/250 4638/4656/250
f 4638/4656/250 4639/4657/250 4636/4654/250
f 4640/4658/252 4641/4659/252 4626/4644/252
f 4626/4644/252 4629/4647/252 4640/4658/252
f 4642/4660/127 4643/4661/127 4630/4648/127
f 4630/4648/127 4633/4651/127 4642/4660/127
f 4643/4661/262 4644/4662/262 4634/4652/262
f 4634/4652/262 4630/4648/262 4643/4661/262
f 4645/4663/250 4646/4664/250 4647/4665/250
f 4647/4665/250 4648/4666/250 4645/4663/250
f 4649/4667/3141 4650/4668/3141 4628/4646/3141
f 4628/4646/3141 4627/4645/3142 4649/4667/3141
f 4651/4669/3143 4652/4670/3143 4637/4655/3143
f 4637/4655/3143 4636/4654/3143 4651/4669/3143
f 4652/4670/3144 4635/4653/3145 4638/4656/3145
f 4638/4656/3145 4637/4655/3144 4652/4670/3144
f 4635/4653/3146 4634/4652/3147 4639/4657/3147
f 4639/4657/3147 4638/4656/3146 4635/4653/3146
f 4644/4662/3148 4653/4671/3148 4639/4657/3148
f 4639/4657/3148 4634/4652/3148 4644/4662/3148
f 4639/4657/3149 4654/4672/3149 4655/4673/3149
f 4655/4673/3149 4636/4654/3149 4639/4657/3149
f 4653/4671/262 4646/4664/262 4645/4663/262
f 4653/4671/262 4645/4663/262 4654/4672/262
f 4639/4657/262 4653/4671/262 4654/4672/262
f 4645/4663/3150 4648/4666/3150 4655/4673/3150
f 4655/4673/3150 4654/4672/3150 4645/4663/3150
f 4647/4665/3151 4656/4674/3151 4657/4675/3151
f 4657/4675/3151 4648/4666/3151 4647/4665/3151
f 4636/4654/3152 4655/4673/3152 4658/4676/3152
f 4658/4676/3152 4659/4677/3152 4636/4654/3152
f 4655/4673/3153 4648/4666/3153 4657/4675/3153
f 4657/4675/3154 4658/4676/3154 4655/4673/3154
f 4652/4670/3155 4651/4669/3156 4629/4647/3156
f 4629/4647/3156 4628/4646/3155 4652/4670/3155
f 4660/4678/3157 4640/4658/3157 4629/4647/3157
f 4629/4647/3157 4651/4669/3157 4660/4678/3157
f 4633/4651/3158 4632/4650/3159 4627/4645/3159
f 4627/4645/3159 4626/4644/3158 4633/4651/3158
f 4632/4650/3160 4631/4649/3160 4649/4667/3160
f 4649/4667/3160 4627/4645/3160 4632/4650/3160
f 4631/4649/3161 4635/4653/3162 4650/4668/3162
f 4650/4668/3162 4649/4667/3161 4631/4649/3161
f 4635/4653/3163 4652/4670/3164 4628/4646/3163
f 4628/4646/3163 4650/4668/3165 4635/4653/3163
f 4651/4669/3166 4636/4654/3166 4661/4679/3166
f 4661/4679/3166 4660/4678/3166 4651/4669/3166
f 4659/4677/252 4658/4676/252 4657/4675/252
f 4659/4677/252 4657/4675/252 4656/4674/252
f 4662/4680/252 4659/4677/252 4656/4674/252
f 4661/4679/3167 4636/4654/3167 4659/4677/3167
f 4659/4677/3167 4662/4680/3167 4661/4679/3167
f 4633/4651/3168 4626/4644/3168 4641/4659/3168
f 4641/4659/3168 4642/4660/3168 4633/4651/3168
f 4663/4681/3169 4664/4682/3169 4665/4683/3169
f 4665/4683/3169 4666/4684/3169 4663/4681/3169
f 4667/4685/127 4668/4686/127 4669/4687/127
f 4669/4687/127 4670/4688/127 4667/4685/127
f 4671/4689/3170 4667/4685/3170 4670/4688/3170
f 4670/4688/3170 4672/4690/3170 4671/4689/3170
f 4673/4691/250 4674/4692/250 4675/4693/250
f 4675/4693/250 4676/4694/250 4673/4691/250
f 4640/4658/252 4664/4682/252 4663/4681/252
f 4663/4681/252 4641/4659/252 4640/4658/252
f 4642/4660/127 4668/4686/127 4667/4685/127
f 4667/4685/127 4643/4661/127 4642/4660/127
f 4643/4661/262 4667/4685/262 4671/4689/262
f 4671/4689/262 4644/4662/262 4643/4661/262
f 4677/4695/250 4678/4696/250 4647/4665/250
f 4647/4665/250 4646/4664/250 4677/4695/250
f 4679/4697/3171 4666/4684/3172 4665/4683/3171
f 4665/4683/3171 4680/4698/3171 4679/4697/3171
f 4681/4699/3173 4673/4691/3173 4676/4694/3174
f 4676/4694/3174 4682/4700/3174 4681/4699/3173
f 4682/4700/3175 4676/4694/3175 4675/4693/3175
f 4675/4693/3175 4672/4690/3175 4682/4700/3175
f 4672/4690/3176 4675/4693/3176 4674/4692/3177
f 4674/4692/3177 4671/4689/3177 4672/4690/3176
f 4644/4662/3148 4671/4689/3148 4674/4692/3148
f 4674/4692/3148 4653/4671/3148 4644/4662/3148
f 4674/4692/3178 4673/4691/3178 4683/4701/3178
f 4683/4701/3178 4684/4702/3178 4674/4692/3178
f 4677/4695/262 4646/4664/262 4653/4671/262
f 4684/4702/262 4677/4695/262 4653/4671/262
f 4674/4692/262 4684/4702/262 4653/4671/262
f 4677/4695/3179 4684/4702/3179 4683/4701/3179
f 4683/4701/3179 4678/4696/3179 4677/4695/3179
f 4647/4665/3151 4678/4696/3151 4685/4703/3151
f 4685/4703/3151 4656/4674/3151 4647/4665/3151
f 4673/4691/3180 4686/4704/3180 4687/4705/3180
f 4687/4705/3180 4683/4701/3180 4673/4691/3180
f 4683/4701/3181 4687/4705/3181 4685/4703/3181
f 4685/4703/3182 4678/4696/3182 4683/4701/3182
f 4682/4700/3183 4665/4683/3183 4664/4682/3184
f 4664/4682/3184 4681/4699/3184 4682/4700/3183
f 4660/4678/3157 4681/4699/3157 4664/4682/3157
f 4664/4682/3157 4640/4658/3157 4660/4678/3157
f 4668/4686/3185 4663/4681/3185 4666/4684/3186
f 4666/4684/3186 4669/4687/3186 4668/4686/3185
f 4669/4687/3187 4666/4684/3188 4679/4697/3189
f 4679/4697/3189 4670/4688/3189 4669/4687/3187
f 4670/4688/3190 4679/4697/3191 4680/4698/3192
f 4680/4698/3192 4672/4690/3192 4670/4688/3190
f 4672/4690/3193 4680/4698/3193 4665/4683/3193
f 4665/4683/3193 4682/4700/3193 4672/4690/3193
f 4681/4699/3166 4660/4678/3166 4661/4679/3166
f 4661/4679/3166 4673/4691/3166 4681/4699/3166
f 4685/4703/252 4687/4705/252 4686/4704/252
f 4656/4674/252 4685/4703/252 4686/4704/252
f 4662/4680/252 4656/4674/252 4686/4704/252
f 4661/4679/3167 4662/4680/3167 4686/4704/3167
f 4686/4704/3167 4673/4691/3167 4661/4679/3167
f 4668/4686/3168 4642/4660/3168 4641/4659/3168
f 4641/4659/3168 4663/4681/3168 4668/4686/3168
