# suv_03 from LowPoly_Cars_01 (cluster 25); origin=ground center, front=+Z, meters
v 0.6906 1.8604 -2.2508
v -0.6669 1.8604 -2.2508
v -0.6669 1.9383 -1.1366
v 0.6906 1.9383 -1.1366
v 0.6906 1.3516 -2.4134
v -0.6669 1.3516 -2.4134
v -0.6669 1.8534 -2.2621
v 0.6906 1.8534 -2.2621
v 0.6906 1.2284 -1.3506
v -0.6669 1.2284 -1.3506
v -0.6669 1.2284 -2.4098
v 0.6906 1.2284 -2.4098
v 0.7836 1.7571 -2.1619
v 0.7836 1.8186 -1.1781
v 0.8695 1.3525 -1.3485
v 0.8613 1.3526 -2.1901
v -0.7684 1.7571 -2.1619
v -0.8377 1.3526 -2.1900
v -0.8498 1.3526 -1.3485
v -0.7684 1.8186 -1.1781
v 0.7028 1.9323 -1.1392
v 0.7773 1.8321 -1.1732
v 0.7773 1.7702 -2.1628
v 0.7028 1.8548 -2.2468
v 0.7056 1.2284 -1.3506
v 0.7056 1.2284 -2.3950
v 0.8553 1.2284 -2.1978
v 0.8636 1.2284 -1.3506
v 0.7031 1.8475 -2.2591
v 0.7780 1.7616 -2.1743
v 0.8568 1.3523 -2.2041
v 0.7030 1.3522 -2.4064
v -0.6793 1.8551 -2.2470
v -0.7620 1.7700 -2.1627
v -0.7619 1.8319 -1.1732
v -0.6794 1.9325 -1.1391
v -0.6794 1.8477 -2.2591
v -0.6794 1.3523 -2.4065
v -0.8330 1.3522 -2.2040
v -0.7628 1.7615 -2.1743
v -0.6819 1.2284 -1.3506
v -0.8438 1.2284 -1.3506
v -0.8316 1.2284 -2.1978
v -0.6819 1.2284 -2.3950
v 0.6981 1.3523 -1.3407
v 0.8620 1.3523 -1.3407
v 0.7750 1.8238 -1.1684
v -0.6744 1.3523 -1.3407
v 0.6942 1.9318 -1.1316
v -0.6707 1.9318 -1.1316
v -0.7599 1.8237 -1.1684
v -0.8424 1.3523 -1.3407
v 0.6906 1.3377 -2.4173
v 0.6906 1.2359 -2.4173
v -0.6669 1.2359 -2.4173
v -0.6669 1.3377 -2.4173
v 0.8582 1.3377 -2.2064
v 0.8582 1.2359 -2.2064
v 0.7026 1.2359 -2.4113
v 0.7026 1.3377 -2.4113
v 0.8711 1.3377 -1.3506
v 0.8711 1.2359 -1.3506
v 0.8628 1.2359 -2.1929
v 0.8628 1.3377 -2.1929
v 0.7056 1.3377 -1.3432
v 0.7056 1.2359 -1.3432
v 0.8637 1.2359 -1.3432
v 0.8637 1.3377 -1.3432
v -0.6669 1.3377 -1.3432
v -0.6669 1.2359 -1.3432
v 0.6906 1.2359 -1.3432
v 0.6906 1.3377 -1.3432
v -0.8439 1.3377 -1.3432
v -0.8439 1.2359 -1.3432
v -0.6819 1.2359 -1.3432
v -0.6819 1.3377 -1.3432
v -0.8392 1.3377 -2.1929
v -0.8392 1.2359 -2.1929
v -0.8513 1.2359 -1.3506
v -0.8513 1.3377 -1.3506
v -0.6789 1.3377 -2.4113
v -0.6789 1.2359 -2.4113
v -0.8345 1.2359 -2.2064
v -0.8345 1.3377 -2.2064
v -1.0067 1.4467 0.9032
v -1.0067 1.4467 0.9446
v -1.1633 1.4467 0.9446
v -1.1633 1.4467 0.9032
v -0.9777 1.5386 0.9032
v -0.9777 1.5386 0.9446
v -0.9777 1.4818 0.9446
v -0.9777 1.4818 0.9032
v -1.1633 1.5737 0.9032
v -1.1633 1.5737 0.9446
v -1.0067 1.5737 0.9446
v -1.0067 1.5737 0.9032
v -1.1924 1.4758 0.9032
v -1.1924 1.4758 0.9446
v -1.1924 1.5446 0.9446
v -1.1924 1.5446 0.9032
v -1.1573 1.4613 0.9654
v -1.1778 1.4818 0.9654
v -0.9933 1.4613 0.9654
v -0.9777 1.4818 0.9654
v -0.8897 1.4633 0.9446
v -0.8897 1.4633 0.9654
v -0.8897 1.4312 0.9654
v -0.8897 1.4312 0.9446
v -0.9933 1.5591 0.9654
v -0.9777 1.5386 0.9654
v -1.1573 1.5591 0.9654
v -1.1778 1.5386 0.9654
v -1.1778 1.4961 0.9654
v -1.1778 1.5269 0.9654
v -0.9823 1.5370 0.9807
v -0.9956 1.5544 0.9807
v -1.1554 1.5544 0.9807
v -1.1731 1.5367 0.9807
v -1.1731 1.5315 0.9807
v -0.9823 1.5315 0.9807
v -1.1731 1.4837 0.9807
v -1.1554 1.4659 0.9807
v -0.9956 1.4659 0.9807
v -0.9823 1.4834 0.9807
v -0.9823 1.4915 0.9807
v -1.1731 1.4915 0.9807
v -0.9777 1.4961 0.9654
v -0.9777 1.5269 0.9654
v -0.9933 1.5591 0.9760
v -0.9777 1.5386 0.9760
v -1.1573 1.5591 0.9760
v -1.1778 1.5386 0.9760
v -1.1778 1.5269 0.9760
v -0.9777 1.5269 0.9760
v -1.1573 1.4613 0.9760
v -1.1778 1.4818 0.9760
v -0.9933 1.4613 0.9760
v -0.9777 1.4818 0.9760
v -0.9777 1.4961 0.9760
v -1.1778 1.4961 0.9760
v -0.9671 1.5386 0.9446
v -0.9671 1.4818 0.9446
v -0.9671 1.5386 0.9654
v -0.9736 1.4961 0.9700
v -0.9736 1.4847 0.9700
v -0.9656 1.4847 0.9700
v -0.9736 1.5269 0.9700
v -0.9736 1.5357 0.9700
v -0.9686 1.5357 0.9700
v -0.9671 1.4818 0.9654
v -0.9318 1.4880 0.9446
v -0.9318 1.4312 0.9446
v -0.9318 1.4880 0.9654
v -0.9303 1.4340 0.9700
v -0.9332 1.4851 0.9700
v -0.9318 1.4312 0.9654
v -0.9000 1.4880 0.9446
v -0.9000 1.4880 0.9654
v -0.8926 1.4340 0.9700
v -0.8926 1.4627 0.9700
v -0.9019 1.4851 0.9700
v -1.1878 1.4777 0.9032
v -1.1614 1.4513 0.9032
v -1.1878 1.5427 0.9032
v -1.1614 1.5691 0.9032
v -1.0089 1.5691 0.9032
v -0.9823 1.5369 0.9032
v -0.9823 1.4835 0.9032
v -1.0089 1.4513 0.9032
v -0.9267 1.2692 -0.9744
v -0.9267 1.3211 -0.9744
v -0.9267 1.3211 -0.7867
v -0.9267 1.2692 -0.7867
v -0.9372 1.2822 -0.9613
v -0.9372 1.2822 -0.7997
v -0.9372 1.2991 -0.7997
v -0.9372 1.2991 -0.9613
v -0.9409 1.2692 -0.7867
v -0.9409 1.2692 -0.9744
v -0.9409 1.3211 -0.7867
v -0.9409 1.3211 -0.9744
v -0.9481 1.2770 -0.7945
v -0.9481 1.2770 -0.9665
v -0.9481 1.3044 -0.7945
v -0.9481 1.3044 -0.9665
v -0.9463 1.2822 -0.7997
v -0.9463 1.2822 -0.9613
v -0.9463 1.2991 -0.7997
v -0.9463 1.2991 -0.9613
v -0.9267 1.2692 -0.0512
v -0.9267 1.3211 -0.0512
v -0.9267 1.3211 0.1365
v -0.9267 1.2692 0.1365
v -0.9372 1.2822 -0.0381
v -0.9372 1.2822 0.1234
v -0.9372 1.2991 0.1234
v -0.9372 1.2991 -0.0381
v -0.9409 1.2692 0.1365
v -0.9409 1.2692 -0.0512
v -0.9409 1.3211 0.1365
v -0.9409 1.3211 -0.0512
v -0.9481 1.2770 0.1287
v -0.9481 1.2770 -0.0434
v -0.9481 1.3044 0.1287
v -0.9481 1.3044 -0.0434
v -0.9463 1.2822 0.1234
v -0.9463 1.2822 -0.0381
v -0.9463 1.2991 0.1234
v -0.9463 1.2991 -0.0381
v 1.0067 1.4467 0.9032
v 1.1633 1.4467 0.9032
v 1.1633 1.4467 0.9446
v 1.0067 1.4467 0.9446
v 0.9777 1.5386 0.9032
v 0.9777 1.4818 0.9032
v 0.9777 1.4818 0.9446
v 0.9777 1.5386 0.9446
v 1.1633 1.5737 0.9032
v 1.0067 1.5737 0.9032
v 1.0067 1.5737 0.9446
v 1.1633 1.5737 0.9446
v 1.1924 1.4758 0.9032
v 1.1924 1.5446 0.9032
v 1.1924 1.5446 0.9446
v 1.1924 1.4758 0.9446
v 1.1778 1.4818 0.9654
v 1.1573 1.4613 0.9654
v 0.9933 1.4613 0.9654
v 0.9777 1.4818 0.9654
v 0.8897 1.4633 0.9446
v 0.8897 1.4312 0.9446
v 0.8897 1.4312 0.9654
v 0.8897 1.4633 0.9654
v 0.9777 1.5386 0.9654
v 0.9933 1.5591 0.9654
v 1.1573 1.5591 0.9654
v 1.1778 1.5386 0.9654
v 1.1778 1.5269 0.9654
v 1.1778 1.4961 0.9654
v 1.1731 1.5315 0.9807
v 1.1731 1.5367 0.9807
v 1.1554 1.5544 0.9807
v 0.9956 1.5544 0.9807
v 0.9823 1.5370 0.9807
v 0.9823 1.5315 0.9807
v 0.9823 1.4915 0.9807
v 0.9823 1.4834 0.9807
v 0.9956 1.4659 0.9807
v 1.1554 1.4659 0.9807
v 1.1731 1.4837 0.9807
v 1.1731 1.4915 0.9807
v 0.9777 1.5269 0.9654
v 0.9777 1.4961 0.9654
v 0.9777 1.5386 0.9760
v 0.9933 1.5591 0.9760
v 1.1573 1.5591 0.9760
v 1.1778 1.5386 0.9760
v 1.1778 1.5269 0.9760
v 0.9777 1.5269 0.9760
v 1.1778 1.4818 0.9760
v 1.1573 1.4613 0.9760
v 0.9933 1.4613 0.9760
v 0.9777 1.4818 0.9760
v 0.9777 1.4961 0.9760
v 1.1778 1.4961 0.9760
v 0.9671 1.4818 0.9446
v 0.9671 1.5386 0.9446
v 0.9671 1.5386 0.9654
v 0.9736 1.5357 0.9700
v 0.9686 1.5357 0.9700
v 0.9656 1.4847 0.9700
v 0.9736 1.4847 0.9700
v 0.9736 1.4961 0.9700
v 0.9736 1.5269 0.9700
v 0.9671 1.4818 0.9654
v 0.9318 1.4312 0.9446
v 0.9317 1.4880 0.9446
v 0.9317 1.4880 0.9654
v 0.9332 1.4851 0.9700
v 0.9303 1.4340 0.9700
v 0.9318 1.4312 0.9654
v 0.9000 1.4880 0.9446
v 0.9000 1.4880 0.9654
v 0.8926 1.4627 0.9700
v 0.8926 1.4340 0.9700
v 0.9019 1.4851 0.9700
v 1.1614 1.4513 0.9032
v 1.1878 1.4777 0.9032
v 1.1878 1.5427 0.9032
v 1.1614 1.5691 0.9032
v 1.0089 1.5691 0.9032
v 0.9823 1.5369 0.9032
v 0.9823 1.4835 0.9032
v 1.0089 1.4513 0.9032
v 0.9267 1.2692 -0.9744
v 0.9267 1.2692 -0.7867
v 0.9267 1.3211 -0.7867
v 0.9267 1.3211 -0.9744
v 0.9372 1.2822 -0.9613
v 0.9372 1.2991 -0.9613
v 0.9372 1.2991 -0.7997
v 0.9372 1.2822 -0.7997
v 0.9409 1.2692 -0.9744
v 0.9409 1.2692 -0.7867
v 0.9409 1.3211 -0.7867
v 0.9409 1.3211 -0.9744
v 0.9481 1.2770 -0.9665
v 0.9481 1.2770 -0.7945
v 0.9481 1.3044 -0.7945
v 0.9481 1.3044 -0.9665
v 0.9463 1.2822 -0.9613
v 0.9463 1.2822 -0.7997
v 0.9463 1.2991 -0.7997
v 0.9463 1.2991 -0.9613
v 0.9267 1.2692 -0.0512
v 0.9267 1.2692 0.1365
v 0.9267 1.3211 0.1365
v 0.9267 1.3211 -0.0512
v 0.9372 1.2822 -0.0381
v 0.9372 1.2991 -0.0381
v 0.9372 1.2991 0.1234
v 0.9372 1.2822 0.1234
v 0.9409 1.2692 -0.0512
v 0.9409 1.2692 0.1365
v 0.9409 1.3211 0.1365
v 0.9409 1.3211 -0.0512
v 0.9481 1.2770 -0.0434
v 0.9481 1.2770 0.1287
v 0.9481 1.3044 0.1287
v 0.9481 1.3044 -0.0434
v 0.9463 1.2822 -0.0381
v 0.9463 1.2822 0.1234
v 0.9463 1.2991 0.1234
v 0.9463 1.2991 -0.0381
v 0.3449 1.5354 1.0160
v 0.5202 1.4460 1.0590
v 0.5257 1.4500 1.0446
v 0.3505 1.5394 1.0016
v 0.3394 1.5217 1.0101
v 0.5146 1.4323 1.0531
v 0.3449 1.5256 0.9957
v 0.5202 1.4363 1.0387
v 0.0812 1.4907 1.0438
v 0.5256 1.5676 1.0069
v 0.5224 1.5753 0.9843
v 0.0780 1.4984 1.0213
v 0.0844 1.4683 1.0358
v 0.5288 1.5452 0.9988
v 0.0812 1.4760 1.0132
v 0.5256 1.5529 0.9763
v -0.3324 1.5354 1.0160
v -0.1572 1.4460 1.0590
v -0.1516 1.4500 1.0446
v -0.3269 1.5394 1.0016
v -0.3380 1.5217 1.0101
v -0.1627 1.4323 1.0531
v -0.3324 1.5256 0.9957
v -0.1572 1.4363 1.0387
v -0.5962 1.4907 1.0438
v -0.1386 1.5699 1.0058
v -0.1418 1.5776 0.9832
v -0.5994 1.4984 1.0213
v -0.5930 1.4683 1.0358
v -0.1354 1.5475 0.9977
v -0.5962 1.4760 1.0132
v -0.1386 1.5552 0.9752
v -0.8768 1.2689 2.5468
v -0.7948 1.3509 2.5468
v -0.7997 1.3628 2.5261
v -0.8887 1.2738 2.5261
v -0.8529 1.2590 2.5468
v -0.7849 1.3270 2.5468
v -0.8410 1.2540 2.5261
v -0.7799 1.3151 2.5261
v -0.8529 1.2590 2.5054
v -0.7849 1.3270 2.5054
v -0.8768 1.2689 2.5054
v -0.7948 1.3509 2.5054
v -0.8768 1.0272 2.5468
v -0.8887 1.0153 2.5261
v -0.8529 1.0511 2.5468
v -0.8410 1.0630 2.5261
v -0.8529 1.0511 2.5054
v -0.8768 1.0272 2.5054
v 0.8887 1.0153 2.5261
v 0.8768 1.0272 2.5468
v 0.8529 1.0511 2.5468
v 0.8410 1.0630 2.5261
v 0.8529 1.0511 2.5054
v 0.8768 1.0272 2.5054
v 0.4425 1.2643 2.5214
v 0.4425 1.2731 2.5366
v -0.4425 1.2731 2.5366
v -0.4425 1.2643 2.5214
v 0.4425 1.2906 2.5366
v -0.4425 1.2906 2.5366
v 0.4425 1.2993 2.5214
v -0.4425 1.2993 2.5214
v 0.4425 1.2906 2.5063
v 0.4425 1.2731 2.5063
v -0.4425 1.2731 2.5063
v -0.4425 1.2906 2.5063
v -0.4425 1.2080 2.5366
v 0.4425 1.2080 2.5366
v 0.4425 1.2255 2.5366
v -0.4425 1.2255 2.5366
v 0.4425 1.2342 2.5214
v -0.4425 1.2342 2.5214
v 0.4425 1.2255 2.5063
v -0.4425 1.2255 2.5063
v -0.4425 1.2080 2.5063
v -0.4425 1.1992 2.5214
v 0.4425 1.1341 2.5214
v 0.4425 1.1428 2.5366
v -0.4425 1.1428 2.5366
v -0.4425 1.1341 2.5214
v 0.4425 1.1603 2.5366
v -0.4425 1.1603 2.5366
v 0.4425 1.1691 2.5214
v -0.4425 1.1691 2.5214
v 0.4425 1.1603 2.5063
v 0.4425 1.1428 2.5063
v -0.4425 1.1428 2.5063
v -0.4425 1.1603 2.5063
v -0.4425 1.0952 2.5063
v -0.4425 1.0777 2.5063
v -0.4425 1.0690 2.5214
v -0.4425 1.1040 2.5214
v -0.4425 1.0952 2.5366
v -0.4425 1.0777 2.5366
v -0.4638 1.0448 2.5456
v -0.4638 1.3300 2.5456
v -0.4750 1.3300 2.5261
v -0.4750 1.0448 2.5261
v -0.4413 1.0448 2.5456
v -0.4413 1.3300 2.5456
v -0.4300 1.0448 2.5261
v -0.4300 1.3300 2.5261
v -0.4413 1.0448 2.5066
v -0.4413 1.3300 2.5066
v -0.4638 1.0448 2.5066
v -0.4638 1.3300 2.5066
v 0.7948 1.3509 2.5468
v 0.7997 1.3628 2.5261
v 0.7849 1.3270 2.5468
v 0.7948 1.3509 2.5054
v 0.7849 1.3270 2.5054
v 0.8768 1.2689 2.5468
v 0.8887 1.2738 2.5261
v 0.8529 1.2590 2.5468
v 0.8410 1.2541 2.5261
v 0.7799 1.3151 2.5261
v 0.8529 1.2590 2.5054
v 0.8768 1.2689 2.5054
v 0.4425 1.1992 2.5214
v 0.4425 1.2080 2.5063
v 0.4425 1.0777 2.5366
v 0.4425 1.0690 2.5214
v 0.4425 1.0952 2.5366
v 0.4425 1.1040 2.5214
v 0.4425 1.0952 2.5063
v 0.4425 1.0777 2.5063
v 0.4638 1.0448 2.5456
v 0.4750 1.0448 2.5261
v 0.4750 1.3300 2.5261
v 0.4638 1.3300 2.5456
v 0.4413 1.0448 2.5456
v 0.4413 1.3300 2.5456
v 0.4300 1.0448 2.5261
v 0.4300 1.3300 2.5261
v 0.4413 1.0448 2.5066
v 0.4413 1.3300 2.5066
v 0.4638 1.0448 2.5066
v 0.4638 1.3300 2.5066
v -0.4020 1.4045 2.5560
v -0.3683 1.4045 2.5560
v -0.3683 1.4045 2.4848
v -0.4020 1.4045 2.4848
v -0.4081 0.9926 2.4500
v -0.4081 0.9926 2.5966
v -0.4081 1.3984 2.5505
v -0.4081 1.3984 2.4904
v -0.3683 0.6439 2.6027
v -0.4020 0.6439 2.6027
v -0.4020 0.6439 2.3436
v -0.3683 0.6439 2.3436
v -0.3621 0.9926 2.4500
v -0.3621 0.9926 2.5966
v -0.3621 0.6500 2.5966
v -0.3621 0.6500 2.3497
v -0.4020 0.9929 2.4439
v -0.3683 0.9929 2.4439
v -0.3683 0.9929 2.6027
v -0.4020 0.9929 2.6027
v -0.4081 0.6500 2.3497
v -0.4081 0.6500 2.5966
v -0.3621 1.3984 2.4904
v -0.3621 1.3984 2.5505
v 0.4020 1.4045 2.5560
v 0.4020 1.4045 2.4848
v 0.3683 1.4045 2.4848
v 0.3683 1.4045 2.5560
v 0.4081 0.9926 2.4500
v 0.4081 1.3984 2.4904
v 0.4081 1.3984 2.5505
v 0.4081 0.9926 2.5966
v 0.3683 0.6439 2.6027
v 0.3683 0.6439 2.3436
v 0.4020 0.6439 2.3436
v 0.4020 0.6439 2.6027
v 0.3621 0.9926 2.4500
v 0.3621 0.6500 2.3497
v 0.3621 0.6500 2.5966
v 0.3621 0.9926 2.5966
v 0.4020 0.9929 2.4439
v 0.3683 0.9929 2.4439
v 0.4020 0.9929 2.6027
v 0.3683 0.9929 2.6027
v 0.4081 0.6500 2.3497
v 0.4081 0.6500 2.5966
v 0.3621 1.3984 2.4904
v 0.3621 1.3984 2.5505
v -0.9912 0.7929 2.5841
v -1.0032 0.7879 2.5634
v -0.9142 0.6989 2.5634
v -0.9093 0.7109 2.5841
v -0.9674 0.8028 2.5841
v -0.8994 0.7348 2.5841
v -0.9554 0.8077 2.5634
v -0.8944 0.7467 2.5634
v -0.9674 0.8028 2.5427
v -0.8994 0.7348 2.5427
v -0.9912 0.7929 2.5427
v -0.9093 0.7109 2.5427
v -0.9912 0.9662 2.5841
v -1.0032 0.9781 2.5634
v -0.9674 0.9423 2.5841
v -0.9554 0.9304 2.5634
v -0.9674 0.9423 2.5427
v -0.9912 0.9662 2.5427
v 1.0032 0.9781 2.5634
v 0.9912 0.9662 2.5841
v 0.9674 0.9423 2.5841
v 0.9554 0.9304 2.5634
v 0.9674 0.9423 2.5427
v 0.9912 0.9662 2.5427
v -0.6813 0.7854 2.5739
v -0.6813 0.7679 2.5739
v 0.6760 0.7679 2.5739
v 0.6760 0.7854 2.5739
v -0.6813 0.7592 2.5587
v 0.6760 0.7592 2.5587
v -0.6813 0.7679 2.5436
v 0.6760 0.7679 2.5436
v -0.6813 0.7942 2.5587
v -0.6813 0.7854 2.5436
v 0.6760 0.8593 2.5587
v -0.6813 0.8593 2.5587
v -0.6813 0.8505 2.5739
v 0.6760 0.8505 2.5739
v -0.6813 0.8330 2.5739
v 0.6760 0.8330 2.5739
v -0.6813 0.8243 2.5587
v 0.6760 0.8243 2.5587
v 0.6760 0.8330 2.5436
v -0.6813 0.8330 2.5436
v -0.6813 0.8505 2.5436
v 0.6760 0.8505 2.5436
v -0.6813 0.9244 2.5587
v -0.6813 0.9157 2.5436
v -0.6813 0.8982 2.5436
v -0.6813 0.8894 2.5587
v -0.6813 0.8982 2.5739
v -0.6813 0.9157 2.5739
v -0.6959 0.9486 2.5829
v -0.7071 0.9486 2.5634
v -0.7071 0.7318 2.5634
v -0.6959 0.7318 2.5829
v -0.6734 0.9486 2.5829
v -0.6734 0.7318 2.5829
v -0.6621 0.9486 2.5634
v -0.6621 0.7318 2.5634
v -0.6734 0.9486 2.5439
v -0.6734 0.7318 2.5439
v -0.6959 0.9486 2.5439
v -0.6959 0.7318 2.5439
v 0.9142 0.6989 2.5634
v 0.9093 0.7109 2.5841
v 0.8994 0.7348 2.5841
v 0.8994 0.7348 2.5427
v 0.9093 0.7109 2.5427
v 0.9912 0.7929 2.5841
v 1.0032 0.7879 2.5634
v 0.9674 0.8028 2.5841
v 0.9554 0.8077 2.5634
v 0.8944 0.7467 2.5634
v 0.9674 0.8028 2.5427
v 0.9912 0.7929 2.5427
v 0.6760 0.7942 2.5587
v 0.6760 0.7854 2.5436
v 0.6760 0.9157 2.5739
v 0.6760 0.9244 2.5587
v 0.6760 0.8982 2.5739
v 0.6760 0.8894 2.5587
v 0.6760 0.8982 2.5436
v 0.6760 0.9157 2.5436
v 0.6899 0.9486 2.5829
v 0.6899 0.7318 2.5829
v 0.7012 0.7318 2.5634
v 0.7012 0.9486 2.5634
v 0.6674 0.9486 2.5829
v 0.6674 0.7318 2.5829
v 0.6562 0.9486 2.5634
v 0.6562 0.7318 2.5634
v 0.6674 0.9486 2.5439
v 0.6674 0.7318 2.5439
v 0.6899 0.9486 2.5439
v 0.6899 0.7318 2.5439
v -0.7492 0.6668 2.5384
v -1.0153 0.6668 2.4440
v -1.0153 0.5171 2.4440
v -0.7492 0.5171 2.5384
v -0.7305 0.6783 2.4883
v -0.9892 0.6783 2.3938
v -1.0063 0.6783 2.4398
v -0.7480 0.6783 2.5314
v -0.7305 0.5056 2.4883
v -0.9892 0.5056 2.3938
v -0.7469 0.4803 2.5253
v -0.9985 0.4803 2.4361
v -0.9856 0.4803 2.4016
v -0.7316 0.4803 2.4944
v -0.0000 0.5171 2.5384
v -0.0000 0.6668 2.5384
v -0.0000 0.6783 2.5314
v -0.0000 0.6783 2.4883
v -0.0000 0.5056 2.4883
v -0.6936 0.4133 2.4944
v -0.0000 0.4133 2.4944
v -0.0000 0.4133 2.5253
v -0.7090 0.4133 2.5253
v -0.9998 0.6668 2.4022
v -0.9998 0.5171 2.4022
v -0.7480 0.5056 2.5314
v -1.0063 0.5056 2.4398
v -0.0000 0.4803 2.4944
v -0.7316 0.4473 2.4944
v -0.7469 0.4473 2.5253
v -0.0000 0.4194 2.5335
v -0.7067 0.4194 2.5335
v -0.7409 0.4500 2.5335
v -0.7409 0.4742 2.5335
v -0.0000 0.5056 2.5314
v -0.0000 0.4803 2.5253
v -0.0000 0.4742 2.5335
v 0.7492 0.6668 2.5384
v 0.7492 0.5171 2.5384
v 1.0153 0.5171 2.4440
v 1.0153 0.6668 2.4440
v 0.7305 0.6783 2.4883
v 0.7480 0.6783 2.5314
v 1.0063 0.6783 2.4398
v 0.9892 0.6783 2.3938
v 0.7305 0.5056 2.4883
v 0.9892 0.5056 2.3938
v 0.7469 0.4803 2.5253
v 0.7316 0.4803 2.4944
v 0.9856 0.4803 2.4016
v 0.9985 0.4803 2.4361
v 0.6936 0.4133 2.4944
v 0.7090 0.4133 2.5253
v 0.9998 0.6668 2.4022
v 0.9998 0.5171 2.4022
v 0.7480 0.5056 2.5314
v 1.0063 0.5056 2.4398
v 0.7469 0.4473 2.5253
v 0.7316 0.4473 2.4944
v 0.7067 0.4194 2.5335
v 0.7409 0.4742 2.5335
v 0.7409 0.4500 2.5335
v -0.9840 1.1009 -1.2501
v -0.8686 1.1009 -1.2501
v -0.8686 1.1009 -2.0464
v -0.9840 1.1009 -2.0464
v -0.9840 1.0874 -1.1887
v -0.8686 1.0874 -1.1887
v -0.9840 1.0501 -1.1396
v -0.8686 1.0501 -1.1396
v -0.9840 0.9945 -1.1081
v -0.8686 0.9945 -1.1081
v -0.9840 0.3836 -0.8985
v -0.8686 0.3836 -0.8985
v -0.9840 0.3861 -1.0576
v -0.8686 0.3861 -1.0576
v -0.9840 0.3912 -1.0810
v -0.8686 0.3912 -1.0810
v -0.9840 0.4051 -1.0999
v -0.8686 0.4051 -1.0999
v -0.9840 0.4260 -1.1116
v -0.8686 0.4260 -1.1116
v -0.9840 0.8339 -1.2639
v -0.8686 0.8339 -1.2639
v -0.9840 0.8770 -1.2880
v -0.8686 0.8770 -1.2880
v -0.9840 0.9058 -1.3269
v -0.8686 0.9058 -1.3269
v -0.9840 0.9163 -1.3752
v -0.8686 0.9163 -1.3752
v -0.9840 0.9163 -1.9098
v -0.8686 0.9163 -1.9098
v -0.9840 0.9108 -1.9429
v -0.8686 0.9108 -1.9429
v -0.9840 0.8952 -1.9722
v -0.8686 0.8952 -1.9722
v -0.9840 0.8708 -1.9952
v -0.8686 0.8708 -1.9952
v -0.9840 0.7143 -2.0697
v -0.8686 0.7143 -2.0697
v -0.9840 0.7143 -2.2412
v -0.8686 0.7143 -2.2412
v -0.9840 0.7215 -2.2601
v -0.8686 0.7215 -2.2601
v -0.9840 0.7384 -2.2693
v -0.8686 0.7384 -2.2693
v -0.9840 0.7581 -2.2650
v -0.8686 0.7581 -2.2650
v -0.9840 1.0604 -2.1209
v -0.8686 1.0604 -2.1209
v -0.9840 1.0821 -2.1010
v -0.8686 1.0821 -2.1010
v -0.9840 1.0960 -2.0754
v -0.8686 1.0960 -2.0754
v -1.0250 0.7492 -2.2404
v -1.0250 0.7424 -2.2418
v -1.0250 0.7424 -2.2418
v -1.0250 0.7403 -2.2364
v -1.0250 0.7403 -2.0835
v -1.0250 0.8871 -2.0156
v -1.0250 0.9162 -1.9882
v -1.0250 1.0453 -2.0994
v -1.0250 1.0614 -2.0847
v -1.0250 1.0711 -2.0668
v -1.0250 1.0749 -2.0442
v -1.0250 0.9358 -1.9514
v -1.0250 0.9423 -1.9119
v -1.0250 0.9423 -1.3724
v -1.0250 0.9301 -1.3159
v -1.0250 1.0749 -1.2530
v -1.0250 1.0632 -1.1999
v -1.0250 0.8946 -1.2681
v -1.0250 1.0326 -1.1596
v -1.0250 0.9840 -1.1321
v -1.0250 0.8442 -1.2398
v -1.0250 0.4363 -1.0875
v -1.0250 0.4227 -1.0799
v -1.0250 0.4154 -1.0701
v -1.0250 0.4121 -1.0548
v -1.0250 0.4096 -0.9341
v -0.9840 1.1009 1.2894
v -0.9840 1.1009 2.0857
v -0.8686 1.1009 2.0857
v -0.8686 1.1009 1.2894
v -0.9840 1.0874 1.2280
v -0.8686 1.0874 1.2280
v -0.9840 1.0501 1.1789
v -0.8686 1.0501 1.1789
v -0.9840 0.9945 1.1474
v -0.8686 0.9945 1.1474
v -0.9840 0.3861 0.9768
v -0.8686 0.3861 0.9768
v -0.9840 0.3861 1.1315
v -0.8686 0.3861 1.1315
v -0.9840 0.3912 1.1549
v -0.8686 0.3912 1.1549
v -0.9840 0.4051 1.1738
v -0.8686 0.4051 1.1738
v -0.9840 0.4260 1.1855
v -0.8686 0.4260 1.1855
v -0.9840 0.8339 1.3032
v -0.8686 0.8339 1.3032
v -0.9840 0.8770 1.3273
v -0.8686 0.8770 1.3273
v -0.9840 0.9058 1.3662
v -0.8686 0.9058 1.3662
v -0.9840 0.9163 1.4145
v -0.8686 0.9163 1.4145
v -0.9840 0.9163 1.9491
v -0.8686 0.9163 1.9491
v -0.9840 0.9108 1.9822
v -0.8686 0.9108 1.9822
v -0.9840 0.8952 2.0115
v -0.8686 0.8952 2.0115
v -0.9840 0.8708 2.0345
v -0.8686 0.8708 2.0345
v -0.9840 0.7682 2.0904
v -0.8686 0.7682 2.0904
v -0.9840 0.7682 2.2662
v -0.8686 0.7682 2.2662
v -0.9840 0.7754 2.2851
v -0.8686 0.7754 2.2851
v -0.9840 0.7923 2.2943
v -0.8686 0.7923 2.2943
v -0.9840 0.8121 2.2901
v -0.8686 0.8121 2.2901
v -0.9840 1.0604 2.1602
v -0.8686 1.0604 2.1602
v -0.9840 1.0821 2.1403
v -0.8686 1.0821 2.1403
v -0.9840 1.0960 2.1147
v -0.8686 1.0960 2.1147
v -1.0250 0.9840 1.1714
v -1.0250 0.4121 1.0125
v -1.0250 0.4121 1.1287
v -1.0250 0.4154 1.1440
v -1.0250 0.4227 1.1538
v -1.0250 0.4363 1.1614
v -1.0250 0.8442 1.2791
v -1.0250 0.8946 1.3074
v -1.0250 0.7963 2.2668
v -1.0250 0.7963 2.2668
v -1.0250 0.8031 2.2654
v -1.0250 0.7942 2.2614
v -1.0250 0.7942 2.1043
v -1.0250 0.8871 2.0549
v -1.0250 0.9162 2.0275
v -1.0250 1.0453 2.1387
v -1.0250 1.0614 2.1240
v -1.0250 1.0711 2.1061
v -1.0250 1.0749 2.0835
v -1.0250 0.9358 1.9907
v -1.0250 0.9423 1.9512
v -1.0250 0.9423 1.4117
v -1.0250 0.9301 1.3553
v -1.0250 1.0749 1.2923
v -1.0250 1.0632 1.2392
v -1.0250 1.0326 1.1989
v -0.9809 0.8361 -2.5207
v -0.9809 0.8361 -2.2220
v -0.9239 0.8361 -2.2220
v -0.9239 0.8361 -2.4351
v -0.9939 0.6369 -2.5261
v -0.9939 0.6369 -2.3356
v -0.9939 0.8189 -2.2493
v -0.9939 0.8189 -2.5261
v -0.9239 0.6197 -2.4351
v -0.9239 0.6197 -2.3247
v -0.9809 0.6197 -2.3247
v -0.9809 0.6197 -2.5207
v -0.9335 0.8361 -2.5687
v -0.8647 0.8361 -2.4741
v -0.9389 0.6369 -2.5817
v -0.9389 0.8189 -2.5817
v -0.8647 0.6197 -2.4741
v -0.9335 0.6197 -2.5687
v -0.6936 0.8189 -2.5817
v -0.6936 0.6369 -2.5817
v -0.6764 0.8361 -2.5687
v -0.6764 0.6197 -2.5687
v -0.1674 0.6197 -2.5550
v -0.1674 0.8361 -2.5550
v -0.1674 0.8361 -2.5405
v -0.1674 0.6956 -2.5405
v -0.1674 0.6197 -2.5405
v -0.1810 0.6197 -2.5687
v -0.1810 0.8361 -2.5687
v -0.1905 0.8267 -2.5793
v -0.1905 0.6292 -2.5793
v -0.3332 0.6292 -2.5793
v -0.3332 0.7012 -2.5793
v -0.3699 0.7378 -2.5793
v -0.6669 0.8267 -2.5793
v -0.5176 0.7378 -2.5793
v -0.6669 0.6292 -2.5793
v -0.5543 0.7012 -2.5793
v -0.5543 0.6292 -2.5793
v -0.5448 0.6197 -2.4741
v -0.5448 0.6197 -2.5687
v -0.5448 0.6972 -2.5687
v -0.5448 0.6972 -2.4741
v -0.5137 0.7283 -2.4741
v -0.5137 0.7283 -2.5687
v -0.3738 0.7283 -2.5687
v -0.3738 0.7283 -2.4741
v -0.3427 0.6972 -2.4741
v -0.3427 0.6972 -2.5687
v -0.3427 0.6197 -2.5687
v -0.3427 0.6197 -2.4741
v -0.1674 0.6197 -2.4741
v -0.0000 0.6898 -2.5361
v -0.0000 0.6898 -2.4785
v -0.1630 0.6898 -2.4785
v -0.1630 0.6898 -2.5361
v -0.1674 0.6956 -2.4741
v -0.0000 0.6956 -2.4741
v -0.0000 0.8361 -2.4741
v -0.0000 0.6956 -2.5405
v -0.9018 0.4320 -0.9442
v -0.9018 0.6256 -1.0128
v -0.9018 0.6256 1.0748
v -0.9018 0.4320 1.0213
v -0.9814 0.4320 -0.9442
v -0.9814 0.4320 1.0213
v -0.9628 0.6029 1.0686
v -0.9628 0.6029 -1.0048
v -0.9018 0.4115 -0.9442
v -0.9018 0.4115 1.0213
v -0.9502 0.4115 1.0213
v -0.9502 0.4115 -0.9442
v -0.9403 0.6256 1.0748
v -0.9403 0.6256 -1.0128
v -1.0192 0.4260 -0.9442
v -1.0192 0.4115 -0.9442
v -1.0192 0.4115 1.0213
v -1.0192 0.4260 1.0213
v -1.0132 0.4320 -0.9442
v -1.0132 0.4320 1.0213
v -0.0000 0.8361 -2.5405
v 0.9840 1.1009 -1.2501
v 0.9840 1.1009 -2.0464
v 0.8686 1.1009 -2.0464
v 0.8686 1.1009 -1.2501
v 0.9840 1.0874 -1.1887
v 0.8686 1.0874 -1.1887
v 0.9840 1.0501 -1.1396
v 0.8686 1.0501 -1.1396
v 0.9840 0.9945 -1.1081
v 0.8686 0.9945 -1.1081
v 0.9840 0.3836 -0.8985
v 0.8686 0.3836 -0.8985
v 0.9840 0.3861 -1.0576
v 0.8686 0.3861 -1.0576
v 0.9840 0.3912 -1.0810
v 0.8686 0.3912 -1.0810
v 0.9840 0.4051 -1.0999
v 0.8686 0.4051 -1.0999
v 0.9840 0.4260 -1.1116
v 0.8686 0.4260 -1.1116
v 0.9840 0.8339 -1.2639
v 0.8686 0.8339 -1.2639
v 0.9840 0.8770 -1.2880
v 0.8686 0.8770 -1.2880
v 0.9840 0.9058 -1.3269
v 0.8686 0.9058 -1.3269
v 0.9840 0.9163 -1.3752
v 0.8686 0.9163 -1.3752
v 0.9840 0.9163 -1.9098
v 0.8686 0.9163 -1.9098
v 0.9840 0.9108 -1.9429
v 0.8686 0.9108 -1.9429
v 0.9840 0.8952 -1.9722
v 0.8686 0.8952 -1.9722
v 0.9840 0.8708 -1.9952
v 0.8686 0.8708 -1.9952
v 0.9840 0.7143 -2.0697
v 0.8686 0.7143 -2.0697
v 0.9840 0.7143 -2.2412
v 0.8686 0.7143 -2.2412
v 0.9840 0.7215 -2.2601
v 0.8686 0.7215 -2.2601
v 0.9840 0.7384 -2.2693
v 0.8686 0.7384 -2.2693
v 0.9840 0.7581 -2.2650
v 0.8686 0.7581 -2.2650
v 0.9840 1.0604 -2.1209
v 0.8686 1.0604 -2.1209
v 0.9840 1.0821 -2.1010
v 0.8686 1.0821 -2.1010
v 0.9840 1.0960 -2.0754
v 0.8686 1.0960 -2.0754
v 1.0250 0.9840 -1.1321
v 1.0250 0.4096 -0.9341
v 1.0250 0.4121 -1.0548
v 1.0250 0.4154 -1.0701
v 1.0250 0.4227 -1.0799
v 1.0250 0.4363 -1.0875
v 1.0250 0.8442 -1.2398
v 1.0250 0.8946 -1.2681
v 1.0250 0.7424 -2.2418
v 1.0250 0.7424 -2.2418
v 1.0250 0.7492 -2.2404
v 1.0250 0.7403 -2.2364
v 1.0250 0.7403 -2.0835
v 1.0250 0.8871 -2.0156
v 1.0250 0.9162 -1.9882
v 1.0250 1.0453 -2.0994
v 1.0250 1.0614 -2.0847
v 1.0250 1.0711 -2.0668
v 1.0250 1.0749 -2.0442
v 1.0250 0.9358 -1.9514
v 1.0250 0.9423 -1.9119
v 1.0250 0.9423 -1.3724
v 1.0250 0.9301 -1.3159
v 1.0250 1.0749 -1.2530
v 1.0250 1.0632 -1.1999
v 1.0250 1.0326 -1.1596
v 0.9840 1.1009 1.2894
v 0.8686 1.1009 1.2894
v 0.8686 1.1009 2.0857
v 0.9840 1.1009 2.0857
v 0.9840 1.0874 1.2280
v 0.8686 1.0874 1.2280
v 0.9840 1.0501 1.1789
v 0.8686 1.0501 1.1789
v 0.9840 0.9945 1.1474
v 0.8686 0.9945 1.1474
v 0.9840 0.3861 0.9768
v 0.8686 0.3861 0.9768
v 0.9840 0.3861 1.1315
v 0.8686 0.3861 1.1315
v 0.9840 0.3912 1.1549
v 0.8686 0.3912 1.1549
v 0.9840 0.4051 1.1738
v 0.8686 0.4051 1.1738
v 0.9840 0.4260 1.1855
v 0.8686 0.4260 1.1855
v 0.9840 0.8339 1.3032
v 0.8686 0.8339 1.3032
v 0.9840 0.8770 1.3273
v 0.8686 0.8770 1.3273
v 0.9840 0.9058 1.3662
v 0.8686 0.9058 1.3662
v 0.9840 0.9163 1.4145
v 0.8686 0.9163 1.4145
v 0.9840 0.9163 1.9491
v 0.8686 0.9163 1.9491
v 0.9840 0.9108 1.9822
v 0.8686 0.9108 1.9822
v 0.9840 0.8952 2.0115
v 0.8686 0.8952 2.0115
v 0.9840 0.8708 2.0345
v 0.8686 0.8708 2.0345
v 0.9840 0.7682 2.0904
v 0.8686 0.7682 2.0904
v 0.9840 0.7682 2.2662
v 0.8686 0.7682 2.2662
v 0.9840 0.7754 2.2851
v 0.8686 0.7754 2.2851
v 0.9840 0.7923 2.2943
v 0.8686 0.7923 2.2943
v 0.9840 0.8121 2.2901
v 0.8686 0.8121 2.2901
v 0.9840 1.0604 2.1602
v 0.8686 1.0604 2.1602
v 0.9840 1.0821 2.1403
v 0.8686 1.0821 2.1403
v 0.9840 1.0960 2.1147
v 0.8686 1.0960 2.1147
v 1.0250 0.8031 2.2654
v 1.0250 0.7963 2.2668
v 1.0250 0.7963 2.2668
v 1.0250 0.7942 2.2614
v 1.0250 0.7942 2.1043
v 1.0250 0.8871 2.0549
v 1.0250 0.9162 2.0275
v 1.0250 1.0453 2.1387
v 1.0250 1.0614 2.1240
v 1.0250 1.0711 2.1061
v 1.0250 1.0749 2.0835
v 1.0250 0.9358 1.9907
v 1.0250 0.9423 1.9512
v 1.0250 0.9423 1.4117
v 1.0250 0.9301 1.3553
v 1.0250 1.0749 1.2923
v 1.0250 1.0632 1.2392
v 1.0250 0.8946 1.3074
v 1.0250 1.0326 1.1989
v 1.0250 0.9840 1.1714
v 1.0250 0.8442 1.2791
v 1.0250 0.4363 1.1614
v 1.0250 0.4227 1.1538
v 1.0250 0.4154 1.1440
v 1.0250 0.4121 1.1287
v 1.0250 0.4121 1.0125
v 0.9809 0.8361 -2.5207
v 0.9239 0.8361 -2.4351
v 0.9239 0.8361 -2.2220
v 0.9809 0.8361 -2.2220
v 0.9939 0.6369 -2.5261
v 0.9939 0.8189 -2.5261
v 0.9939 0.8189 -2.2493
v 0.9939 0.6369 -2.3356
v 0.9239 0.6197 -2.4351
v 0.9809 0.6197 -2.5207
v 0.9809 0.6197 -2.3247
v 0.9239 0.6197 -2.3247
v 0.9335 0.8361 -2.5687
v 0.8647 0.8361 -2.4741
v 0.9389 0.6369 -2.5817
v 0.9389 0.8189 -2.5817
v 0.8647 0.6197 -2.4741
v 0.9335 0.6197 -2.5687
v 0.6936 0.8189 -2.5817
v 0.6936 0.6369 -2.5817
v 0.6764 0.8361 -2.5687
v 0.6764 0.6197 -2.5687
v 0.1674 0.6197 -2.5550
v 0.1674 0.6197 -2.5405
v 0.1674 0.6956 -2.5405
v 0.1674 0.8361 -2.5405
v 0.1674 0.8361 -2.5550
v 0.1810 0.8361 -2.5687
v 0.1810 0.6197 -2.5687
v 0.3332 0.6292 -2.5793
v 0.1905 0.6292 -2.5793
v 0.1905 0.8267 -2.5793
v 0.3332 0.7012 -2.5793
v 0.3699 0.7378 -2.5793
v 0.6669 0.8267 -2.5793
v 0.5176 0.7378 -2.5793
v 0.6669 0.6292 -2.5793
v 0.5543 0.7012 -2.5793
v 0.5543 0.6292 -2.5793
v 0.5448 0.6197 -2.4741
v 0.5448 0.6197 -2.5687
v 0.5448 0.6972 -2.4741
v 0.5448 0.6972 -2.5687
v 0.5137 0.7283 -2.4741
v 0.3738 0.7283 -2.4741
v 0.3738 0.7283 -2.5687
v 0.5137 0.7283 -2.5687
v 0.3427 0.6972 -2.4741
v 0.3427 0.6197 -2.4741
v 0.3427 0.6197 -2.5687
v 0.3427 0.6972 -2.5687
v 0.1674 0.6197 -2.4741
v 0.1630 0.6898 -2.5361
v 0.1630 0.6898 -2.4785
v 0.1674 0.6956 -2.4741
v 0.9018 0.4320 -0.9442
v 0.9018 0.4320 1.0213
v 0.9018 0.6256 1.0748
v 0.9018 0.6256 -1.0128
v 0.9814 0.4320 -0.9442
v 0.9628 0.6029 -1.0048
v 0.9628 0.6029 1.0686
v 0.9814 0.4320 1.0213
v 0.9018 0.4115 -0.9442
v 0.9502 0.4115 -0.9442
v 0.9502 0.4115 1.0213
v 0.9018 0.4115 1.0213
v 0.9403 0.6256 1.0748
v 0.9403 0.6256 -1.0128
v 1.0192 0.4260 -0.9442
v 1.0192 0.4260 1.0213
v 1.0192 0.4115 1.0213
v 1.0192 0.4115 -0.9442
v 1.0132 0.4320 1.0213
v 1.0132 0.4320 -0.9442
v 0.5716 0.7440 2.4229
v 0.5041 0.8439 2.4360
v -0.4880 0.8439 2.4360
v -0.5555 0.7440 2.4229
v -0.7090 0.7266 2.0997
v -1.0601 0.7266 2.0997
v -1.0601 0.9682 2.0187
v -0.7090 0.9682 2.0187
v -0.7140 0.8400 2.4657
v -0.7130 0.9931 2.4858
v -1.0866 0.9943 2.3608
v -0.7147 0.7401 2.4526
v -1.0940 0.7427 2.3211
v -0.7090 1.0200 1.9254
v -0.7090 0.7266 1.7574
v -0.7090 1.0200 1.7574
v -0.7090 0.7266 2.4191
v -1.0601 0.7266 2.2991
v -1.0900 0.7472 2.1112
v -1.0825 0.9688 2.0427
v -1.0825 0.9994 2.0597
v -0.7090 1.0200 2.0475
v -1.0601 1.0200 2.0475
v -1.0601 1.0200 2.3411
v -0.7090 1.0200 2.4611
v -0.7090 0.4480 2.0997
v -0.7090 0.4480 2.2324
v -0.7090 0.5873 2.3258
v -0.7090 0.4480 1.7574
v -0.2389 0.4618 2.2553
v 0.2551 0.4618 2.2553
v 0.3226 0.6010 2.3487
v -0.3064 0.6010 2.3487
v -0.6848 0.5810 2.3352
v -0.6848 0.4618 2.2553
v -0.5296 0.4618 2.2553
v -0.4651 0.6010 2.3487
v -0.4409 0.5894 2.2284
v -0.5054 0.4480 2.1351
v -0.2631 0.4480 2.1351
v -0.3306 0.5894 2.2284
v -0.2631 0.4480 2.2324
v -0.3306 0.5894 2.3258
v -0.4409 0.5894 2.3258
v -0.5054 0.4480 2.2324
v 0.7252 0.4480 1.7574
v 0.7252 0.4480 2.2324
v 0.5216 0.4480 2.2324
v 0.5216 0.4480 2.1351
v 0.7252 0.4480 2.0997
v 0.2793 0.4480 2.1351
v 0.2793 0.4480 2.2324
v -0.6848 0.7002 2.4151
v 0.7252 0.7266 1.7574
v 0.7252 0.7266 -2.2972
v -0.7090 0.7266 -2.2972
v -0.7090 0.6295 -2.2972
v -0.7090 0.4480 -2.2972
v 0.4813 0.6010 2.3487
v 0.7010 0.5810 2.3352
v 0.7010 0.7002 2.4151
v 0.7252 1.0200 1.7574
v 0.7252 0.7266 2.0997
v 0.7252 0.9682 2.0187
v 1.0763 0.9682 2.0187
v 1.0763 0.7266 2.0997
v 0.7308 0.7401 2.4526
v 1.1102 0.7427 2.3211
v 1.1028 0.9943 2.3608
v 0.7292 0.9931 2.4858
v 0.7302 0.8400 2.4657
v 0.7252 1.0200 1.9254
v 1.0763 0.7266 2.2991
v 0.7252 0.7266 2.4191
v 1.1061 0.7472 2.1112
v 1.0976 0.9688 2.0427
v 1.0976 0.9994 2.0597
v 0.7252 1.0200 2.0475
v 0.7252 1.0200 2.4611
v 1.0763 1.0200 2.3411
v 1.0763 1.0200 2.0475
v 0.7252 0.6295 -2.2972
v 0.7252 0.5873 2.3258
v 0.5458 0.4618 2.2553
v 0.7010 0.4618 2.2553
v 0.4571 0.5894 2.2284
v 0.3468 0.5894 2.2284
v 0.3468 0.5894 2.3258
v 0.4571 0.5894 2.3258
v 0.7252 0.4480 -2.2972
v 0.7091 0.4579 -2.4429
v -0.6929 0.4579 -2.4429
v -0.6929 0.6107 -2.5202
v 0.7091 0.6107 -2.5202
v -0.7090 0.6295 -2.5185
v -0.7090 0.4480 -2.4267
v 0.7252 0.6295 -2.5185
v 0.7252 0.4480 -2.4267
v 0.7132 0.9765 2.4886
v -0.6970 0.9765 2.4886
v -0.6979 0.8393 2.4707
v -0.4966 0.8553 2.4728
v 0.5127 0.8553 2.4728
v 0.7141 0.8393 2.4707
v 0.5802 0.7554 2.4597
v 0.7146 0.7554 2.4597
v -0.6985 0.7554 2.4597
v -0.5641 0.7554 2.4597
v 0.5716 0.7401 2.4526
v 0.5041 0.8400 2.4657
v -0.4880 0.8400 2.4657
v -0.5555 0.7401 2.4526
v -0.5555 0.7281 2.4229
v 0.5716 0.7281 2.4229
v -0.7723 0.4362 1.8554
v -0.7723 0.5690 1.7787
v -0.8720 0.5690 1.7787
v -0.8720 0.4362 1.8554
v -0.7723 0.5690 1.6253
v -0.8720 0.5690 1.6253
v -0.7723 0.4362 1.5487
v -0.8720 0.4362 1.5487
v -0.7723 0.3033 1.6253
v -0.8720 0.3033 1.6253
v -0.7723 0.3033 1.7787
v -0.8720 0.3033 1.7787
v -0.7547 0.4362 1.8359
v -0.7547 0.5521 1.7690
v -0.7547 0.3202 1.7690
v -0.7547 0.3202 1.6351
v -0.7547 0.4362 1.5682
v -0.7547 0.5521 1.6351
v -0.7547 0.4362 1.7867
v -0.7547 0.5095 1.7444
v -0.7547 0.3628 1.7444
v -0.7547 0.3628 1.6597
v -0.7547 0.4362 1.6173
v -0.7547 0.5095 1.6597
v 0.7547 0.4362 1.7867
v 0.7547 0.5095 1.7444
v 0.7547 0.3628 1.7444
v 0.7547 0.3628 1.6597
v 0.7547 0.4362 1.6173
v 0.7547 0.5095 1.6597
v 0.7723 0.4362 1.8554
v 0.8720 0.4362 1.8554
v 0.8720 0.5690 1.7787
v 0.7723 0.5690 1.7787
v 0.8720 0.5690 1.6253
v 0.7723 0.5690 1.6253
v 0.8720 0.4362 1.5487
v 0.7723 0.4362 1.5487
v 0.8720 0.3033 1.6253
v 0.7723 0.3033 1.6253
v 0.8720 0.3033 1.7787
v 0.7723 0.3033 1.7787
v 0.7547 0.5521 1.7690
v 0.7547 0.4362 1.8359
v 0.7547 0.3202 1.7690
v 0.7547 0.3202 1.6351
v 0.7547 0.4362 1.5682
v 0.7547 0.5521 1.6351
v -0.9804 0.4404 1.9558
v -0.9804 0.5269 1.9406
v -0.9804 0.6030 1.8966
v -0.9804 0.6595 1.8293
v -0.9804 0.6895 1.7468
v -0.9804 0.6895 1.6589
v -0.9804 0.6595 1.5763
v -0.9804 0.6030 1.5090
v -0.9804 0.5269 1.4651
v -0.9804 0.4404 1.4498
v -0.9804 0.3538 1.4651
v -0.9804 0.2777 1.5090
v -0.9804 0.2213 1.5763
v -0.9804 0.1912 1.6589
v -0.9804 0.1912 1.7468
v -0.9804 0.2213 1.8293
v -0.9804 0.2777 1.8966
v -0.9804 0.3538 1.9406
v -1.0794 0.6962 1.7480
v -1.0794 0.6962 1.6577
v -1.0794 0.6895 1.6589
v -1.0794 0.6895 1.7468
v -1.0794 0.6653 1.8327
v -1.0794 0.6595 1.8293
v -1.0794 0.6073 1.9019
v -1.0794 0.6030 1.8966
v -1.0794 0.5292 1.9470
v -1.0794 0.5269 1.9406
v -1.0794 0.4404 1.9626
v -1.0794 0.4404 1.9558
v -1.0794 0.3515 1.9470
v -1.0794 0.3538 1.9406
v -1.0794 0.2734 1.9019
v -1.0794 0.2777 1.8966
v -1.0794 0.2154 1.8327
v -1.0794 0.2213 1.8293
v -1.0794 0.1845 1.7480
v -1.0794 0.1912 1.7468
v -1.0794 0.1845 1.6577
v -1.0794 0.1912 1.6589
v -1.0794 0.2154 1.5729
v -1.0794 0.2213 1.5763
v -1.0794 0.2734 1.5038
v -1.0794 0.2777 1.5090
v -1.0794 0.3515 1.4587
v -1.0794 0.3538 1.4651
v -1.0794 0.4404 1.4431
v -1.0794 0.4404 1.4498
v -1.0794 0.5292 1.4587
v -1.0794 0.5269 1.4651
v -1.0794 0.6073 1.5038
v -1.0794 0.6030 1.5090
v -1.0794 0.6653 1.5729
v -1.0794 0.6595 1.5763
v -0.7665 0.3515 1.9470
v -0.7665 0.2734 1.9019
v -0.7665 0.2154 1.8327
v -0.7665 0.1845 1.7480
v -0.7665 0.1845 1.6577
v -0.7665 0.2154 1.5729
v -0.7665 0.2734 1.5038
v -0.7665 0.3515 1.4587
v -0.7665 0.4404 1.4431
v -0.7665 0.5292 1.4587
v -0.7665 0.6073 1.5038
v -0.7665 0.6653 1.5729
v -0.7665 0.6962 1.6577
v -0.7665 0.6962 1.7480
v -0.7665 0.6653 1.8327
v -0.7665 0.6073 1.9019
v -0.7665 0.5292 1.9470
v -0.7665 0.4404 1.9626
v -1.0686 0.4404 1.9626
v -1.0686 0.5292 1.9470
v -1.0686 0.6073 1.9019
v -1.0686 0.6653 1.8327
v -1.0686 0.6962 1.7480
v -1.0686 0.6962 1.6577
v -1.0686 0.6653 1.5729
v -1.0686 0.6073 1.5038
v -1.0686 0.5292 1.4587
v -1.0686 0.4404 1.4431
v -1.0686 0.3515 1.4587
v -1.0686 0.2734 1.5038
v -1.0686 0.2154 1.5729
v -1.0686 0.1845 1.6577
v -1.0686 0.1845 1.7480
v -1.0686 0.2154 1.8327
v -1.0686 0.2734 1.9019
v -1.0686 0.3515 1.9470
v -0.9929 0.5098 1.6843
v -0.9929 0.4818 1.6759
v -0.9929 0.4818 1.7298
v -0.9929 0.5098 1.7214
v -0.9779 0.5098 1.6843
v -0.9779 0.4818 1.6759
v -0.9779 0.5098 1.7214
v -0.9779 0.4818 1.7298
v -0.9988 0.5529 1.6600
v -0.9987 0.5151 1.6888
v -0.9987 0.5151 1.7169
v -0.9988 0.5529 1.7457
v -0.9779 0.5540 1.6513
v -0.9929 0.5524 1.6513
v -0.9779 0.5540 1.7544
v -0.9929 0.5524 1.7544
v -1.0455 0.6924 1.5798
v -1.0455 0.6924 1.8259
v -1.0266 0.7022 1.5656
v -1.0413 0.6990 1.5656
v -1.0266 0.7022 1.8401
v -1.0413 0.6990 1.8401
v -0.9929 0.4574 1.6304
v -0.9929 0.4361 1.6506
v -0.9929 0.4827 1.6775
v -0.9929 0.4894 1.6490
v -0.9779 0.4574 1.6304
v -0.9779 0.4361 1.6506
v -0.9779 0.4894 1.6490
v -0.9779 0.4827 1.6775
v -0.9988 0.4578 1.5810
v -0.9987 0.4639 1.6281
v -0.9987 0.4882 1.6421
v -0.9988 0.5320 1.6239
v -0.9779 0.4508 1.5757
v -0.9929 0.4500 1.5771
v -0.9779 0.5401 1.6273
v -0.9929 0.5393 1.6287
v -1.0455 0.4581 1.4201
v -1.0455 0.6713 1.5432
v -1.0266 0.4507 1.4045
v -1.0413 0.4491 1.4073
v -1.0266 0.6884 1.5417
v -1.0413 0.6868 1.5445
v -0.9522 0.3967 1.6796
v -0.9522 0.4369 1.6564
v -0.9522 0.4772 1.6796
v -0.9522 0.4772 1.7261
v -0.9522 0.4369 1.7493
v -0.9522 0.3967 1.7261
v -1.0066 0.4906 1.7338
v -1.0066 0.4369 1.7648
v -1.0066 0.4906 1.6719
v -1.0066 0.4369 1.6409
v -1.0066 0.3833 1.6719
v -1.0066 0.3833 1.7338
v -1.0141 0.4369 1.7492
v -1.0141 0.4771 1.7260
v -1.0141 0.4771 1.6796
v -1.0141 0.4369 1.6564
v -1.0141 0.3968 1.6796
v -1.0141 0.3968 1.7260
v -1.0177 0.4851 1.7307
v -1.0177 0.4369 1.7585
v -1.0177 0.4851 1.6750
v -1.0177 0.4369 1.6472
v -1.0177 0.3887 1.6750
v -1.0177 0.3887 1.7307
v -0.9929 0.4894 1.7567
v -0.9929 0.4827 1.7282
v -0.9929 0.4361 1.7551
v -0.9929 0.4574 1.7752
v -0.9779 0.4894 1.7567
v -0.9779 0.4827 1.7282
v -0.9779 0.4574 1.7752
v -0.9779 0.4361 1.7551
v -0.9988 0.5320 1.7818
v -0.9987 0.4882 1.7636
v -0.9987 0.4639 1.7776
v -0.9988 0.4578 1.8247
v -0.9779 0.5401 1.7784
v -0.9929 0.5393 1.7770
v -0.9779 0.4508 1.8300
v -0.9929 0.4500 1.8286
v -1.0455 0.6713 1.8625
v -1.0455 0.4581 1.9856
v -1.0266 0.6884 1.8639
v -1.0413 0.6868 1.8612
v -1.0266 0.4507 2.0012
v -1.0413 0.4491 1.9984
v -0.9929 0.4165 1.7752
v -0.9929 0.4378 1.7551
v -0.9929 0.3912 1.7282
v -0.9929 0.3845 1.7567
v -0.9779 0.4165 1.7752
v -0.9779 0.4378 1.7551
v -0.9779 0.3845 1.7567
v -0.9779 0.3912 1.7282
v -0.9988 0.4161 1.8247
v -0.9987 0.4100 1.7776
v -0.9987 0.3857 1.7636
v -0.9988 0.3419 1.7818
v -0.9779 0.4231 1.8300
v -0.9929 0.4239 1.8286
v -0.9779 0.3338 1.7784
v -0.9929 0.3346 1.7770
v -1.0455 0.4158 1.9856
v -1.0455 0.2026 1.8625
v -1.0266 0.4232 2.0012
v -1.0413 0.4248 1.9984
v -1.0266 0.1855 1.8639
v -1.0413 0.1871 1.8612
v -0.9929 0.3845 1.6490
v -0.9929 0.3912 1.6775
v -0.9929 0.4378 1.6506
v -0.9929 0.4165 1.6304
v -0.9779 0.3845 1.6490
v -0.9779 0.3912 1.6775
v -0.9779 0.4165 1.6304
v -0.9779 0.4378 1.6506
v -0.9988 0.3419 1.6239
v -0.9987 0.3857 1.6421
v -0.9987 0.4100 1.6281
v -0.9988 0.4161 1.5810
v -0.9779 0.3338 1.6273
v -0.9929 0.3346 1.6287
v -0.9779 0.4231 1.5757
v -0.9929 0.4239 1.5771
v -1.0455 0.2026 1.5432
v -1.0455 0.4158 1.4201
v -1.0266 0.1855 1.5417
v -1.0413 0.1871 1.5445
v -1.0266 0.4232 1.4045
v -1.0413 0.4248 1.4073
v -0.9929 0.3640 1.7214
v -0.9929 0.3921 1.7298
v -0.9929 0.3921 1.6759
v -0.9929 0.3640 1.6843
v -0.9779 0.3640 1.7214
v -0.9779 0.3921 1.7298
v -0.9779 0.3640 1.6843
v -0.9779 0.3921 1.6759
v -0.9988 0.3210 1.7457
v -0.9987 0.3587 1.7169
v -0.9987 0.3587 1.6888
v -0.9988 0.3210 1.6600
v -0.9779 0.3199 1.7544
v -0.9929 0.3215 1.7544
v -0.9779 0.3199 1.6513
v -0.9929 0.3215 1.6513
v -1.0455 0.1815 1.8259
v -1.0455 0.1815 1.5798
v -1.0266 0.1717 1.8401
v -1.0413 0.1749 1.8401
v -1.0266 0.1717 1.5656
v -1.0413 0.1749 1.5656
v 0.9800 0.2777 1.8966
v 0.9800 0.2213 1.8293
v 0.9800 0.1912 1.7468
v 0.9800 0.1912 1.6589
v 0.9800 0.2213 1.5763
v 0.9800 0.2777 1.5090
v 0.9800 0.3538 1.4651
v 0.9800 0.4404 1.4498
v 0.9800 0.5269 1.4651
v 0.9800 0.6030 1.5090
v 0.9800 0.6595 1.5763
v 0.9800 0.6895 1.6589
v 0.9800 0.6895 1.7468
v 0.9800 0.6595 1.8293
v 0.9800 0.6030 1.8966
v 0.9800 0.5269 1.9406
v 0.9800 0.4404 1.9558
v 0.9800 0.3538 1.9406
v 1.0790 0.6962 1.6577
v 1.0790 0.6895 1.6589
v 1.0790 0.6595 1.5763
v 1.0790 0.6962 1.7480
v 1.0790 0.6895 1.7468
v 1.0790 0.6653 1.8327
v 1.0790 0.6595 1.8293
v 1.0790 0.6073 1.9019
v 1.0790 0.6030 1.8966
v 1.0790 0.5292 1.9470
v 1.0790 0.5269 1.9406
v 1.0790 0.4404 1.9626
v 1.0790 0.4404 1.9558
v 1.0790 0.3515 1.9470
v 1.0790 0.3538 1.9406
v 1.0790 0.2734 1.9019
v 1.0790 0.2777 1.8966
v 1.0790 0.2154 1.8327
v 1.0790 0.2213 1.8293
v 1.0790 0.1845 1.7480
v 1.0790 0.1912 1.7468
v 1.0790 0.1845 1.6577
v 1.0790 0.1912 1.6589
v 1.0790 0.2154 1.5729
v 1.0790 0.2213 1.5763
v 1.0790 0.2734 1.5038
v 1.0790 0.2777 1.5090
v 1.0790 0.3515 1.4587
v 1.0790 0.3538 1.4651
v 1.0790 0.4404 1.4431
v 1.0790 0.4404 1.4498
v 1.0790 0.5292 1.4587
v 1.0790 0.5269 1.4651
v 1.0790 0.6073 1.5038
v 1.0790 0.6030 1.5090
v 1.0790 0.6653 1.5729
v 0.7660 0.5292 1.9470
v 0.7660 0.6073 1.9019
v 0.7660 0.6653 1.8327
v 0.7660 0.6962 1.7480
v 0.7660 0.6962 1.6577
v 0.7660 0.6653 1.5729
v 0.7660 0.6073 1.5038
v 0.7660 0.5292 1.4587
v 0.7660 0.4404 1.4431
v 0.7660 0.3515 1.4587
v 0.7660 0.2734 1.5038
v 0.7660 0.2154 1.5729
v 0.7660 0.1845 1.6577
v 0.7660 0.1845 1.7480
v 0.7660 0.2154 1.8327
v 0.7660 0.2734 1.9019
v 0.7660 0.3515 1.9470
v 0.7660 0.4404 1.9626
v 1.0681 0.4404 1.9626
v 1.0681 0.5292 1.9470
v 1.0681 0.6073 1.9019
v 1.0681 0.6653 1.8327
v 1.0681 0.6962 1.7480
v 1.0681 0.6962 1.6577
v 1.0681 0.6653 1.5729
v 1.0681 0.6073 1.5038
v 1.0681 0.5292 1.4587
v 1.0681 0.4404 1.4431
v 1.0681 0.3515 1.4587
v 1.0681 0.2734 1.5038
v 1.0681 0.2154 1.5729
v 1.0681 0.1845 1.6577
v 1.0681 0.1845 1.7480
v 1.0681 0.2154 1.8327
v 1.0681 0.2734 1.9019
v 1.0681 0.3515 1.9470
v 0.9925 0.5098 1.6843
v 0.9925 0.5098 1.7214
v 0.9925 0.4818 1.7298
v 0.9925 0.4818 1.6759
v 0.9775 0.5098 1.6843
v 0.9775 0.4818 1.6759
v 0.9775 0.5098 1.7214
v 0.9775 0.4818 1.7298
v 0.9984 0.5529 1.6600
v 0.9984 0.5529 1.7457
v 0.9983 0.5151 1.7169
v 0.9983 0.5151 1.6888
v 0.9775 0.5540 1.6513
v 0.9925 0.5524 1.6513
v 0.9775 0.5540 1.7544
v 0.9925 0.5524 1.7544
v 1.0451 0.6924 1.5798
v 1.0451 0.6924 1.8259
v 1.0262 0.7022 1.5656
v 1.0409 0.6990 1.5656
v 1.0262 0.7022 1.8401
v 1.0409 0.6990 1.8401
v 0.9925 0.4574 1.6304
v 0.9925 0.4894 1.6490
v 0.9925 0.4827 1.6775
v 0.9925 0.4361 1.6506
v 0.9775 0.4574 1.6304
v 0.9775 0.4361 1.6506
v 0.9775 0.4894 1.6490
v 0.9775 0.4827 1.6775
v 0.9984 0.4578 1.5810
v 0.9984 0.5320 1.6239
v 0.9983 0.4882 1.6421
v 0.9983 0.4639 1.6281
v 0.9775 0.4508 1.5757
v 0.9925 0.4500 1.5771
v 0.9775 0.5401 1.6273
v 0.9925 0.5393 1.6287
v 1.0451 0.4581 1.4201
v 1.0451 0.6713 1.5432
v 1.0262 0.4507 1.4045
v 1.0409 0.4491 1.4073
v 1.0262 0.6884 1.5417
v 1.0409 0.6868 1.5445
v 0.9518 0.4369 1.7493
v 0.9518 0.4772 1.7261
v 0.9518 0.4772 1.6796
v 0.9518 0.4369 1.6564
v 0.9518 0.3967 1.6796
v 0.9518 0.3967 1.7261
v 1.0062 0.4369 1.7648
v 1.0062 0.4906 1.7338
v 1.0062 0.4906 1.6719
v 1.0062 0.4369 1.6409
v 1.0062 0.3833 1.6719
v 1.0062 0.3833 1.7338
v 1.0137 0.3968 1.6796
v 1.0137 0.4369 1.6564
v 1.0137 0.4771 1.6796
v 1.0137 0.4771 1.7260
v 1.0137 0.4369 1.7492
v 1.0137 0.3968 1.7260
v 1.0172 0.4369 1.7585
v 1.0172 0.4851 1.7307
v 1.0172 0.4851 1.6750
v 1.0172 0.4369 1.6472
v 1.0172 0.3887 1.6750
v 1.0172 0.3887 1.7307
v 0.9925 0.4894 1.7567
v 0.9925 0.4574 1.7752
v 0.9925 0.4361 1.7551
v 0.9925 0.4827 1.7282
v 0.9775 0.4894 1.7567
v 0.9775 0.4827 1.7282
v 0.9775 0.4574 1.7752
v 0.9775 0.4361 1.7551
v 0.9984 0.5320 1.7818
v 0.9984 0.4578 1.8247
v 0.9983 0.4639 1.7776
v 0.9983 0.4882 1.7636
v 0.9775 0.5401 1.7784
v 0.9925 0.5393 1.7770
v 0.9775 0.4508 1.8300
v 0.9925 0.4500 1.8286
v 1.0451 0.6713 1.8625
v 1.0451 0.4581 1.9856
v 1.0262 0.6884 1.8639
v 1.0409 0.6868 1.8612
v 1.0262 0.4507 2.0012
v 1.0409 0.4491 1.9984
v 0.9925 0.4165 1.7752
v 0.9925 0.3845 1.7567
v 0.9925 0.3912 1.7282
v 0.9925 0.4378 1.7551
v 0.9775 0.4165 1.7752
v 0.9775 0.4378 1.7551
v 0.9775 0.3845 1.7567
v 0.9775 0.3912 1.7282
v 0.9984 0.4161 1.8247
v 0.9984 0.3419 1.7818
v 0.9983 0.3857 1.7636
v 0.9983 0.4100 1.7776
v 0.9775 0.4231 1.8300
v 0.9925 0.4239 1.8286
v 0.9775 0.3338 1.7784
v 0.9925 0.3346 1.7770
v 1.0451 0.4158 1.9856
v 1.0451 0.2026 1.8625
v 1.0262 0.4232 2.0012
v 1.0409 0.4248 1.9984
v 1.0262 0.1855 1.8639
v 1.0409 0.1871 1.8612
v 0.9925 0.3845 1.6490
v 0.9925 0.4165 1.6304
v 0.9925 0.4378 1.6506
v 0.9925 0.3912 1.6775
v 0.9775 0.3845 1.6490
v 0.9775 0.3912 1.6775
v 0.9775 0.4165 1.6304
v 0.9775 0.4378 1.6506
v 0.9984 0.3419 1.6239
v 0.9984 0.4161 1.5810
v 0.9983 0.4100 1.6281
v 0.9983 0.3857 1.6421
v 0.9775 0.3338 1.6273
v 0.9925 0.3346 1.6287
v 0.9775 0.4231 1.5757
v 0.9925 0.4239 1.5771
v 1.0451 0.2026 1.5432
v 1.0451 0.4158 1.4201
v 1.0262 0.1855 1.5417
v 1.0409 0.1871 1.5445
v 1.0262 0.4232 1.4045
v 1.0409 0.4248 1.4073
v 0.9925 0.3640 1.7214
v 0.9925 0.3640 1.6843
v 0.9925 0.3921 1.6759
v 0.9925 0.3921 1.7298
v 0.9775 0.3640 1.7214
v 0.9775 0.3921 1.7298
v 0.9775 0.3640 1.6843
v 0.9775 0.3921 1.6759
v 0.9984 0.3210 1.7457
v 0.9984 0.3210 1.6600
v 0.9983 0.3587 1.6888
v 0.9983 0.3587 1.7169
v 0.9775 0.3199 1.7544
v 0.9925 0.3215 1.7544
v 0.9775 0.3199 1.6513
v 0.9925 0.3215 1.6513
v 1.0451 0.1815 1.8259
v 1.0451 0.1815 1.5798
v 1.0262 0.1717 1.8401
v 1.0409 0.1749 1.8401
v 1.0262 0.1717 1.5656
v 1.0409 0.1749 1.5656
v -0.7723 0.4362 -1.4896
v -0.7723 0.5690 -1.5663
v -0.8720 0.5690 -1.5663
v -0.8720 0.4362 -1.4896
v -0.7723 0.5690 -1.7197
v -0.8720 0.5690 -1.7197
v -0.7723 0.4362 -1.7964
v -0.8720 0.4362 -1.7964
v -0.7723 0.3033 -1.7197
v -0.8720 0.3033 -1.7197
v -0.7723 0.3033 -1.5663
v -0.8720 0.3033 -1.5663
v -0.7547 0.4362 -1.5091
v -0.7547 0.5521 -1.5761
v -0.7547 0.3202 -1.5761
v -0.7547 0.3202 -1.7099
v -0.7547 0.4362 -1.7769
v -0.7547 0.5521 -1.7099
v -0.7547 0.4362 -1.5583
v -0.7547 0.5095 -1.6006
v -0.7547 0.3628 -1.6006
v -0.7547 0.3628 -1.6854
v -0.7547 0.4362 -1.7277
v -0.7547 0.5095 -1.6854
v 0.7547 0.4362 -1.5583
v 0.7547 0.5095 -1.6006
v 0.7547 0.3628 -1.6006
v 0.7547 0.3628 -1.6854
v 0.7547 0.4362 -1.7277
v 0.7547 0.5095 -1.6854
v 0.7723 0.4362 -1.4896
v 0.8720 0.4362 -1.4896
v 0.8720 0.5690 -1.5663
v 0.7723 0.5690 -1.5663
v 0.8720 0.5690 -1.7197
v 0.7723 0.5690 -1.7197
v 0.8720 0.4362 -1.7964
v 0.7723 0.4362 -1.7964
v 0.8720 0.3033 -1.7197
v 0.7723 0.3033 -1.7197
v 0.8720 0.3033 -1.5663
v 0.7723 0.3033 -1.5663
v 0.7547 0.5521 -1.5761
v 0.7547 0.4362 -1.5091
v 0.7547 0.3202 -1.5761
v 0.7547 0.3202 -1.7099
v 0.7547 0.4362 -1.7769
v 0.7547 0.5521 -1.7099
v -0.9804 0.4404 -1.3912
v -0.9804 0.5269 -1.4064
v -0.9804 0.6030 -1.4504
v -0.9804 0.6595 -1.5177
v -0.9804 0.6895 -1.6002
v -0.9804 0.6895 -1.6881
v -0.9804 0.6595 -1.7707
v -0.9804 0.6030 -1.8380
v -0.9804 0.5269 -1.8819
v -0.9804 0.4404 -1.8972
v -0.9804 0.3538 -1.8819
v -0.9804 0.2777 -1.8380
v -0.9804 0.2213 -1.7707
v -0.9804 0.1912 -1.6881
v -0.9804 0.1912 -1.6002
v -0.9804 0.2213 -1.5177
v -0.9804 0.2777 -1.4504
v -0.9804 0.3538 -1.4064
v -1.0794 0.6962 -1.5991
v -1.0794 0.6962 -1.6893
v -1.0794 0.6895 -1.6881
v -1.0794 0.6895 -1.6002
v -1.0794 0.6653 -1.5143
v -1.0794 0.6595 -1.5177
v -1.0794 0.6073 -1.4452
v -1.0794 0.6030 -1.4504
v -1.0794 0.5292 -1.4000
v -1.0794 0.5269 -1.4064
v -1.0794 0.4404 -1.3844
v -1.0794 0.4404 -1.3912
v -1.0794 0.3515 -1.4000
v -1.0794 0.3538 -1.4064
v -1.0794 0.2734 -1.4452
v -1.0794 0.2777 -1.4504
v -1.0794 0.2154 -1.5143
v -1.0794 0.2213 -1.5177
v -1.0794 0.1845 -1.5991
v -1.0794 0.1912 -1.6002
v -1.0794 0.1845 -1.6893
v -1.0794 0.1912 -1.6881
v -1.0794 0.2154 -1.7741
v -1.0794 0.2213 -1.7707
v -1.0794 0.2734 -1.8432
v -1.0794 0.2777 -1.8380
v -1.0794 0.3515 -1.8883
v -1.0794 0.3538 -1.8819
v -1.0794 0.4404 -1.9040
v -1.0794 0.4404 -1.8972
v -1.0794 0.5292 -1.8883
v -1.0794 0.5269 -1.8819
v -1.0794 0.6073 -1.8432
v -1.0794 0.6030 -1.8380
v -1.0794 0.6653 -1.7741
v -1.0794 0.6595 -1.7707
v -0.7665 0.3515 -1.4000
v -0.7665 0.2734 -1.4452
v -0.7665 0.2154 -1.5143
v -0.7665 0.1845 -1.5991
v -0.7665 0.1845 -1.6893
v -0.7665 0.2154 -1.7741
v -0.7665 0.2734 -1.8432
v -0.7665 0.3515 -1.8883
v -0.7665 0.4404 -1.9040
v -0.7665 0.5292 -1.8883
v -0.7665 0.6073 -1.8432
v -0.7665 0.6653 -1.7741
v -0.7665 0.6962 -1.6893
v -0.7665 0.6962 -1.5991
v -0.7665 0.6653 -1.5143
v -0.7665 0.6073 -1.4452
v -0.7665 0.5292 -1.4000
v -0.7665 0.4404 -1.3844
v -1.0686 0.4404 -1.3844
v -1.0686 0.5292 -1.4000
v -1.0686 0.6073 -1.4452
v -1.0686 0.6653 -1.5143
v -1.0686 0.6962 -1.5991
v -1.0686 0.6962 -1.6893
v -1.0686 0.6653 -1.7741
v -1.0686 0.6073 -1.8432
v -1.0686 0.5292 -1.8883
v -1.0686 0.4404 -1.9040
v -1.0686 0.3515 -1.8883
v -1.0686 0.2734 -1.8432
v -1.0686 0.2154 -1.7741
v -1.0686 0.1845 -1.6893
v -1.0686 0.1845 -1.5991
v -1.0686 0.2154 -1.5143
v -1.0686 0.2734 -1.4452
v -1.0686 0.3515 -1.4000
v -0.9929 0.5098 -1.6627
v -0.9929 0.4818 -1.6711
v -0.9929 0.4818 -1.6173
v -0.9929 0.5098 -1.6256
v -0.9779 0.5098 -1.6627
v -0.9779 0.4818 -1.6711
v -0.9779 0.5098 -1.6256
v -0.9779 0.4818 -1.6173
v -0.9988 0.5529 -1.6870
v -0.9987 0.5151 -1.6582
v -0.9987 0.5151 -1.6301
v -0.9988 0.5529 -1.6013
v -0.9779 0.5540 -1.6957
v -0.9929 0.5524 -1.6957
v -0.9779 0.5540 -1.5926
v -0.9929 0.5524 -1.5926
v -1.0455 0.6924 -1.7672
v -1.0455 0.6924 -1.5211
v -1.0266 0.7022 -1.7814
v -1.0413 0.6990 -1.7814
v -1.0266 0.7022 -1.5069
v -1.0413 0.6990 -1.5069
v -0.9929 0.4574 -1.7166
v -0.9929 0.4361 -1.6965
v -0.9929 0.4827 -1.6695
v -0.9929 0.4894 -1.6980
v -0.9779 0.4574 -1.7166
v -0.9779 0.4361 -1.6965
v -0.9779 0.4894 -1.6980
v -0.9779 0.4827 -1.6695
v -0.9988 0.4578 -1.7660
v -0.9987 0.4639 -1.7189
v -0.9987 0.4882 -1.7049
v -0.9988 0.5320 -1.7231
v -0.9779 0.4508 -1.7713
v -0.9929 0.4500 -1.7699
v -0.9779 0.5401 -1.7197
v -0.9929 0.5393 -1.7183
v -1.0455 0.4581 -1.9269
v -1.0455 0.6713 -1.8038
v -1.0266 0.4507 -1.9425
v -1.0413 0.4491 -1.9397
v -1.0266 0.6884 -1.8053
v -1.0413 0.6868 -1.8025
v -0.9522 0.3967 -1.6674
v -0.9522 0.4369 -1.6906
v -0.9522 0.4772 -1.6674
v -0.9522 0.4772 -1.6209
v -0.9522 0.4369 -1.5977
v -0.9522 0.3967 -1.6209
v -1.0066 0.4906 -1.6132
v -1.0066 0.4369 -1.5822
v -1.0066 0.4906 -1.6751
v -1.0066 0.4369 -1.7061
v -1.0066 0.3833 -1.6751
v -1.0066 0.3833 -1.6132
v -1.0141 0.4369 -1.5978
v -1.0141 0.4771 -1.6210
v -1.0141 0.4771 -1.6674
v -1.0141 0.4369 -1.6906
v -1.0141 0.3968 -1.6674
v -1.0141 0.3968 -1.6210
v -1.0177 0.4851 -1.6163
v -1.0177 0.4369 -1.5885
v -1.0177 0.4851 -1.6720
v -1.0177 0.4369 -1.6998
v -1.0177 0.3887 -1.6720
v -1.0177 0.3887 -1.6163
v -0.9929 0.4894 -1.5903
v -0.9929 0.4827 -1.6188
v -0.9929 0.4361 -1.5919
v -0.9929 0.4574 -1.5718
v -0.9779 0.4894 -1.5903
v -0.9779 0.4827 -1.6188
v -0.9779 0.4574 -1.5718
v -0.9779 0.4361 -1.5919
v -0.9988 0.5320 -1.5652
v -0.9987 0.4882 -1.5834
v -0.9987 0.4639 -1.5694
v -0.9988 0.4578 -1.5224
v -0.9779 0.5401 -1.5686
v -0.9929 0.5393 -1.5700
v -0.9779 0.4508 -1.5170
v -0.9929 0.4500 -1.5184
v -1.0455 0.6713 -1.4845
v -1.0455 0.4581 -1.3614
v -1.0266 0.6884 -1.4831
v -1.0413 0.6868 -1.4859
v -1.0266 0.4507 -1.3458
v -1.0413 0.4491 -1.3486
v -0.9929 0.4165 -1.5718
v -0.9929 0.4378 -1.5919
v -0.9929 0.3912 -1.6188
v -0.9929 0.3845 -1.5903
v -0.9779 0.4165 -1.5718
v -0.9779 0.4378 -1.5919
v -0.9779 0.3845 -1.5903
v -0.9779 0.3912 -1.6188
v -0.9988 0.4161 -1.5224
v -0.9987 0.4100 -1.5694
v -0.9987 0.3857 -1.5834
v -0.9988 0.3419 -1.5652
v -0.9779 0.4231 -1.5170
v -0.9929 0.4239 -1.5184
v -0.9779 0.3338 -1.5686
v -0.9929 0.3346 -1.5700
v -1.0455 0.4158 -1.3614
v -1.0455 0.2026 -1.4845
v -1.0266 0.4232 -1.3458
v -1.0413 0.4248 -1.3486
v -1.0266 0.1855 -1.4831
v -1.0413 0.1871 -1.4859
v -0.9929 0.3845 -1.6980
v -0.9929 0.3912 -1.6695
v -0.9929 0.4378 -1.6965
v -0.9929 0.4165 -1.7166
v -0.9779 0.3845 -1.6980
v -0.9779 0.3912 -1.6695
v -0.9779 0.4165 -1.7166
v -0.9779 0.4378 -1.6965
v -0.9988 0.3419 -1.7231
v -0.9987 0.3857 -1.7049
v -0.9987 0.4100 -1.7189
v -0.9988 0.4161 -1.7660
v -0.9779 0.3338 -1.7197
v -0.9929 0.3346 -1.7183
v -0.9779 0.4231 -1.7713
v -0.9929 0.4239 -1.7699
v -1.0455 0.2026 -1.8038
v -1.0455 0.4158 -1.9269
v -1.0266 0.1855 -1.8053
v -1.0413 0.1871 -1.8025
v -1.0266 0.4232 -1.9425
v -1.0413 0.4248 -1.9397
v -0.9929 0.3640 -1.6256
v -0.9929 0.3921 -1.6173
v -0.9929 0.3921 -1.6711
v -0.9929 0.3640 -1.6627
v -0.9779 0.3640 -1.6256
v -0.9779 0.3921 -1.6173
v -0.9779 0.3640 -1.6627
v -0.9779 0.3921 -1.6711
v -0.9988 0.3210 -1.6013
v -0.9987 0.3587 -1.6301
v -0.9987 0.3587 -1.6582
v -0.9988 0.3210 -1.6870
v -0.9779 0.3199 -1.5926
v -0.9929 0.3215 -1.5926
v -0.9779 0.3199 -1.6957
v -0.9929 0.3215 -1.6957
v -1.0455 0.1815 -1.5211
v -1.0455 0.1815 -1.7672
v -1.0266 0.1717 -1.5069
v -1.0413 0.1749 -1.5069
v -1.0266 0.1717 -1.7814
v -1.0413 0.1749 -1.7814
v 0.9800 0.2777 -1.4504
v 0.9800 0.2213 -1.5177
v 0.9800 0.1912 -1.6002
v 0.9800 0.1912 -1.6881
v 0.9800 0.2213 -1.7707
v 0.9800 0.2777 -1.8380
v 0.9800 0.3538 -1.8819
v 0.9800 0.4404 -1.8972
v 0.9800 0.5269 -1.8819
v 0.9800 0.6030 -1.8380
v 0.9800 0.6595 -1.7707
v 0.9800 0.6895 -1.6881
v 0.9800 0.6895 -1.6002
v 0.9800 0.6595 -1.5177
v 0.9800 0.6030 -1.4504
v 0.9800 0.5269 -1.4064
v 0.9800 0.4404 -1.3912
v 0.9800 0.3538 -1.4064
v 1.0790 0.6962 -1.6893
v 1.0790 0.6895 -1.6881
v 1.0790 0.6595 -1.7707
v 1.0790 0.6962 -1.5991
v 1.0790 0.6895 -1.6002
v 1.0790 0.6653 -1.5143
v 1.0790 0.6595 -1.5177
v 1.0790 0.6073 -1.4452
v 1.0790 0.6030 -1.4504
v 1.0790 0.5292 -1.4000
v 1.0790 0.5269 -1.4064
v 1.0790 0.4404 -1.3844
v 1.0790 0.4404 -1.3912
v 1.0790 0.3515 -1.4000
v 1.0790 0.3538 -1.4064
v 1.0790 0.2734 -1.4452
v 1.0790 0.2777 -1.4504
v 1.0790 0.2154 -1.5143
v 1.0790 0.2213 -1.5177
v 1.0790 0.1845 -1.5991
v 1.0790 0.1912 -1.6002
v 1.0790 0.1845 -1.6893
v 1.0790 0.1912 -1.6881
v 1.0790 0.2154 -1.7741
v 1.0790 0.2213 -1.7707
v 1.0790 0.2734 -1.8432
v 1.0790 0.2777 -1.8380
v 1.0790 0.3515 -1.8883
v 1.0790 0.3538 -1.8819
v 1.0790 0.4404 -1.9040
v 1.0790 0.4404 -1.8972
v 1.0790 0.5292 -1.8883
v 1.0790 0.5269 -1.8819
v 1.0790 0.6073 -1.8432
v 1.0790 0.6030 -1.8380
v 1.0790 0.6653 -1.7741
v 0.7660 0.5292 -1.4000
v 0.7660 0.6073 -1.4452
v 0.7660 0.6653 -1.5143
v 0.7660 0.6962 -1.5991
v 0.7660 0.6962 -1.6893
v 0.7660 0.6653 -1.7741
v 0.7660 0.6073 -1.8432
v 0.7660 0.5292 -1.8883
v 0.7660 0.4404 -1.9040
v 0.7660 0.3515 -1.8883
v 0.7660 0.2734 -1.8432
v 0.7660 0.2154 -1.7741
v 0.7660 0.1845 -1.6893
v 0.7660 0.1845 -1.5991
v 0.7660 0.2154 -1.5143
v 0.7660 0.2734 -1.4452
v 0.7660 0.3515 -1.4000
v 0.7660 0.4404 -1.3844
v 1.0681 0.4404 -1.3844
v 1.0681 0.5292 -1.4000
v 1.0681 0.6073 -1.4452
v 1.0681 0.6653 -1.5143
v 1.0681 0.6962 -1.5991
v 1.0681 0.6962 -1.6893
v 1.0681 0.6653 -1.7741
v 1.0681 0.6073 -1.8432
v 1.0681 0.5292 -1.8883
v 1.0681 0.4404 -1.9040
v 1.0681 0.3515 -1.8883
v 1.0681 0.2734 -1.8432
v 1.0681 0.2154 -1.7741
v 1.0681 0.1845 -1.6893
v 1.0681 0.1845 -1.5991
v 1.0681 0.2154 -1.5143
v 1.0681 0.2734 -1.4452
v 1.0681 0.3515 -1.4000
v 0.9925 0.5098 -1.6627
v 0.9925 0.5098 -1.6256
v 0.9925 0.4818 -1.6173
v 0.9925 0.4818 -1.6711
v 0.9775 0.5098 -1.6627
v 0.9775 0.4818 -1.6711
v 0.9775 0.5098 -1.6256
v 0.9775 0.4818 -1.6173
v 0.9984 0.5529 -1.6870
v 0.9984 0.5529 -1.6013
v 0.9983 0.5151 -1.6301
v 0.9983 0.5151 -1.6582
v 0.9775 0.5540 -1.6957
v 0.9925 0.5524 -1.6957
v 0.9775 0.5540 -1.5926
v 0.9925 0.5524 -1.5926
v 1.0451 0.6924 -1.7672
v 1.0451 0.6924 -1.5211
v 1.0262 0.7022 -1.7814
v 1.0409 0.6990 -1.7814
v 1.0262 0.7022 -1.5069
v 1.0409 0.6990 -1.5069
v 0.9925 0.4574 -1.7166
v 0.9925 0.4894 -1.6980
v 0.9925 0.4827 -1.6695
v 0.9925 0.4361 -1.6965
v 0.9775 0.4574 -1.7166
v 0.9775 0.4361 -1.6965
v 0.9775 0.4894 -1.6980
v 0.9775 0.4827 -1.6695
v 0.9984 0.4578 -1.7660
v 0.9984 0.5320 -1.7231
v 0.9983 0.4882 -1.7049
v 0.9983 0.4639 -1.7189
v 0.9775 0.4508 -1.7713
v 0.9925 0.4500 -1.7699
v 0.9775 0.5401 -1.7197
v 0.9925 0.5393 -1.7183
v 1.0451 0.4581 -1.9269
v 1.0451 0.6713 -1.8038
v 1.0262 0.4507 -1.9425
v 1.0409 0.4491 -1.9397
v 1.0262 0.6884 -1.8053
v 1.0409 0.6868 -1.8025
v 0.9518 0.4369 -1.5977
v 0.9518 0.4772 -1.6209
v 0.9518 0.4772 -1.6674
v 0.9518 0.4369 -1.6906
v 0.9518 0.3967 -1.6674
v 0.9518 0.3967 -1.6209
v 1.0062 0.4369 -1.5822
v 1.0062 0.4906 -1.6132
v 1.0062 0.4906 -1.6751
v 1.0062 0.4369 -1.7061
v 1.0062 0.3833 -1.6751
v 1.0062 0.3833 -1.6132
v 1.0137 0.3968 -1.6674
v 1.0137 0.4369 -1.6906
v 1.0137 0.4771 -1.6674
v 1.0137 0.4771 -1.6210
v 1.0137 0.4369 -1.5978
v 1.0137 0.3968 -1.6210
v 1.0172 0.4369 -1.5885
v 1.0172 0.4851 -1.6163
v 1.0172 0.4851 -1.6720
v 1.0172 0.4369 -1.6998
v 1.0172 0.3887 -1.6720
v 1.0172 0.3887 -1.6163
v 0.9925 0.4894 -1.5903
v 0.9925 0.4574 -1.5718
v 0.9925 0.4361 -1.5919
v 0.9925 0.4827 -1.6188
v 0.9775 0.4894 -1.5903
v 0.9775 0.4827 -1.6188
v 0.9775 0.4574 -1.5718
v 0.9775 0.4361 -1.5919
v 0.9984 0.5320 -1.5652
v 0.9984 0.4578 -1.5224
v 0.9983 0.4639 -1.5694
v 0.9983 0.4882 -1.5834
v 0.9775 0.5401 -1.5686
v 0.9925 0.5393 -1.5700
v 0.9775 0.4508 -1.5170
v 0.9925 0.4500 -1.5184
v 1.0451 0.6713 -1.4845
v 1.0451 0.4581 -1.3614
v 1.0262 0.6884 -1.4831
v 1.0409 0.6868 -1.4859
v 1.0262 0.4507 -1.3458
v 1.0409 0.4491 -1.3486
v 0.9925 0.4165 -1.5718
v 0.9925 0.3845 -1.5903
v 0.9925 0.3912 -1.6188
v 0.9925 0.4378 -1.5919
v 0.9775 0.4165 -1.5718
v 0.9775 0.4378 -1.5919
v 0.9775 0.3845 -1.5903
v 0.9775 0.3912 -1.6188
v 0.9984 0.4161 -1.5224
v 0.9984 0.3419 -1.5652
v 0.9983 0.3857 -1.5834
v 0.9983 0.4100 -1.5694
v 0.9775 0.4231 -1.5170
v 0.9925 0.4239 -1.5184
v 0.9775 0.3338 -1.5686
v 0.9925 0.3346 -1.5700
v 1.0451 0.4158 -1.3614
v 1.0451 0.2026 -1.4845
v 1.0262 0.4232 -1.3458
v 1.0409 0.4248 -1.3486
v 1.0262 0.1855 -1.4831
v 1.0409 0.1871 -1.4859
v 0.9925 0.3845 -1.6980
v 0.9925 0.4165 -1.7166
v 0.9925 0.4378 -1.6965
v 0.9925 0.3912 -1.6695
v 0.9775 0.3845 -1.6980
v 0.9775 0.3912 -1.6695
v 0.9775 0.4165 -1.7166
v 0.9775 0.4378 -1.6965
v 0.9984 0.3419 -1.7231
v 0.9984 0.4161 -1.7660
v 0.9983 0.4100 -1.7189
v 0.9983 0.3857 -1.7049
v 0.9775 0.3338 -1.7197
v 0.9925 0.3346 -1.7183
v 0.9775 0.4231 -1.7713
v 0.9925 0.4239 -1.7699
v 1.0451 0.2026 -1.8038
v 1.0451 0.4158 -1.9269
v 1.0262 0.1855 -1.8053
v 1.0409 0.1871 -1.8025
v 1.0262 0.4232 -1.9425
v 1.0409 0.4248 -1.9397
v 0.9925 0.3640 -1.6256
v 0.9925 0.3640 -1.6627
v 0.9925 0.3921 -1.6711
v 0.9925 0.3921 -1.6173
v 0.9775 0.3640 -1.6256
v 0.9775 0.3921 -1.6173
v 0.9775 0.3640 -1.6627
v 0.9775 0.3921 -1.6711
v 0.9984 0.3210 -1.6013
v 0.9984 0.3210 -1.6870
v 0.9983 0.3587 -1.6582
v 0.9983 0.3587 -1.6301
v 0.9775 0.3199 -1.5926
v 0.9925 0.3215 -1.5926
v 0.9775 0.3199 -1.6957
v 0.9925 0.3215 -1.6957
v 1.0451 0.1815 -1.5211
v 1.0451 0.1815 -1.7672
v 1.0262 0.1717 -1.5069
v 1.0409 0.1749 -1.5069
v 1.0262 0.1717 -1.7814
v 1.0409 0.1749 -1.7814
v -0.9289 1.1879 -2.1374
v -0.9289 1.2417 -2.1374
v -0.9289 1.2417 -1.9852
v -0.9289 1.1879 -1.9852
v -0.9466 1.1928 -2.1326
v -0.9466 1.1928 -1.9901
v -0.9466 1.2368 -1.9901
v -0.9466 1.2368 -2.1326
v -0.9409 1.1879 -1.9852
v -0.9409 1.1879 -2.1374
v -0.9409 1.2417 -1.9852
v -0.9409 1.2417 -2.1374
v 0.9289 1.1879 -2.1374
v 0.9289 1.1879 -1.9852
v 0.9289 1.2417 -1.9852
v 0.9289 1.2417 -2.1374
v 0.9466 1.1928 -2.1326
v 0.9466 1.2368 -2.1326
v 0.9466 1.2368 -1.9901
v 0.9466 1.1928 -1.9901
v 0.9409 1.1879 -2.1374
v 0.9409 1.1879 -1.9852
v 0.9409 1.2417 -1.9852
v 0.9409 1.2417 -2.1374
v -0.8749 0.8212 2.4261
v -0.7660 0.8212 2.4620
v -0.7680 0.8752 2.4681
v -0.9146 0.8752 2.4197
v -0.9140 0.8606 2.4181
v 0.8920 0.8212 2.4261
v 0.9311 0.8606 2.4181
v 0.9317 0.8752 2.4197
v 0.7851 0.8752 2.4681
v 0.7831 0.8212 2.4620
v -0.4898 1.1780 2.3975
v -0.5128 1.2486 2.3975
v -0.5729 1.2923 2.3975
v -0.6472 1.2923 2.3975
v -0.7073 1.2486 2.3975
v -0.7303 1.1780 2.3975
v -0.7073 1.1073 2.3975
v -0.6472 1.0636 2.3975
v -0.5729 1.0636 2.3975
v -0.5128 1.1073 2.3975
v 0.7276 1.1780 2.3975
v 0.7046 1.2486 2.3975
v 0.6445 1.2923 2.3975
v 0.5702 1.2923 2.3975
v 0.5101 1.2486 2.3975
v 0.4871 1.1780 2.3975
v 0.5101 1.1073 2.3975
v 0.5702 1.0636 2.3975
v 0.6445 1.0636 2.3975
v 0.7046 1.1073 2.3975
v 0.7799 1.2720 -2.5322
v 0.7992 1.2912 -2.5322
v 0.9183 1.2912 -2.5322
v 0.9183 0.8739 -2.5322
v 0.7992 0.8739 -2.5322
v 0.7799 0.8932 -2.5322
v 0.9595 1.2912 -2.4513
v 0.9595 1.2720 -2.4320
v 0.9595 0.8932 -2.4320
v 0.9595 0.8739 -2.4513
v 0.9595 0.8739 -2.4863
v 0.9595 1.2912 -2.4863
v -0.7997 0.8739 -2.5322
v -0.9188 0.8739 -2.5322
v -0.9188 1.2912 -2.5322
v -0.7997 1.2912 -2.5322
v -0.7804 1.2720 -2.5322
v -0.7804 0.8932 -2.5322
v -0.9600 0.8739 -2.4863
v -0.9600 0.8739 -2.4513
v -0.9600 0.8932 -2.4320
v -0.9600 1.2720 -2.4320
v -0.9600 1.2912 -2.4513
v -0.9600 1.2912 -2.4863
v -0.9141 0.9066 2.3454
v -0.9364 0.8981 2.4131
v -0.7465 0.8981 2.4758
v -0.7242 0.9066 2.4081
v -0.9123 0.8599 2.3402
v -0.9347 0.8514 2.4078
v -0.8600 0.8073 2.3508
v -0.8824 0.7988 2.4185
v -0.7205 0.8073 2.3969
v -0.7428 0.7988 2.4645
v -0.9353 0.8953 2.4172
v -0.9279 0.8857 2.4237
v -0.7597 0.8857 2.4792
v -0.7499 0.8953 2.4785
v -0.9337 0.8519 2.4123
v -0.9267 0.8551 2.4202
v -0.8828 0.8006 2.4227
v -0.8811 0.8091 2.4296
v -0.7463 0.8007 2.4678
v -0.7568 0.8091 2.4706
v -0.9146 0.8752 2.4197
v -0.7680 0.8752 2.4681
v -0.9140 0.8606 2.4181
v -0.8749 0.8212 2.4261
v -0.7660 0.8212 2.4620
v 0.9312 0.9066 2.3454
v 0.7413 0.9066 2.4081
v 0.7636 0.8981 2.4758
v 0.9535 0.8981 2.4131
v 0.9294 0.8599 2.3402
v 0.9518 0.8514 2.4078
v 0.8771 0.8073 2.3508
v 0.8995 0.7988 2.4185
v 0.7376 0.8073 2.3969
v 0.7599 0.7988 2.4645
v 0.9524 0.8953 2.4172
v 0.7670 0.8953 2.4785
v 0.7768 0.8857 2.4792
v 0.9450 0.8857 2.4237
v 0.9508 0.8519 2.4123
v 0.9439 0.8551 2.4202
v 0.8999 0.8006 2.4227
v 0.8982 0.8091 2.4296
v 0.7739 0.8091 2.4706
v 0.7634 0.8007 2.4678
v 0.7851 0.8752 2.4681
v 0.9317 0.8752 2.4197
v 0.9311 0.8606 2.4181
v 0.8920 0.8212 2.4261
v 0.7831 0.8212 2.4620
v -0.5676 1.0473 2.3723
v -0.6525 1.0473 2.3723
v -0.7212 1.0972 2.3723
v -0.7474 1.1780 2.3723
v -0.7212 1.2587 2.3723
v -0.6525 1.3086 2.3723
v -0.5676 1.3086 2.3723
v -0.4989 1.2587 2.3723
v -0.4727 1.1780 2.3723
v -0.4989 1.0972 2.3723
v -0.4989 1.2587 2.4106
v -0.4727 1.1780 2.4106
v -0.5676 1.3086 2.4106
v -0.6525 1.3086 2.4106
v -0.7212 1.2587 2.4106
v -0.7474 1.1780 2.4106
v -0.7212 1.0972 2.4106
v -0.6525 1.0473 2.4106
v -0.5676 1.0473 2.4106
v -0.4989 1.0972 2.4106
v -0.4740 1.1780 2.4146
v -0.5000 1.2579 2.4146
v -0.5081 1.2520 2.4146
v -0.4840 1.1780 2.4146
v -0.5680 1.3073 2.4146
v -0.5711 1.2978 2.4146
v -0.6521 1.3073 2.4146
v -0.6490 1.2978 2.4146
v -0.7201 1.2579 2.4146
v -0.7120 1.2520 2.4146
v -0.7461 1.1780 2.4146
v -0.7361 1.1780 2.4146
v -0.7201 1.0980 2.4146
v -0.7120 1.1039 2.4146
v -0.6521 1.0486 2.4146
v -0.6490 1.0581 2.4146
v -0.5680 1.0486 2.4146
v -0.5711 1.0581 2.4146
v -0.5000 1.0980 2.4146
v -0.5081 1.1039 2.4146
v -0.4854 1.1780 2.4106
v -0.5092 1.2512 2.4106
v -0.5128 1.2486 2.3975
v -0.4898 1.1780 2.3975
v -0.5715 1.2965 2.4106
v -0.5729 1.2923 2.3975
v -0.6486 1.2965 2.4106
v -0.6472 1.2923 2.3975
v -0.7109 1.2512 2.4106
v -0.7073 1.2486 2.3975
v -0.7347 1.1780 2.4106
v -0.7303 1.1780 2.3975
v -0.7109 1.1047 2.4106
v -0.7073 1.1073 2.3975
v -0.6486 1.0594 2.4106
v -0.6472 1.0636 2.3975
v -0.5715 1.0594 2.4106
v -0.5729 1.0636 2.3975
v -0.5092 1.1047 2.4106
v -0.5128 1.1073 2.3975
v 0.6498 1.0473 2.3723
v 0.5649 1.0473 2.3723
v 0.4962 1.0972 2.3723
v 0.4699 1.1780 2.3723
v 0.4962 1.2587 2.3723
v 0.5649 1.3086 2.3723
v 0.6498 1.3086 2.3723
v 0.7185 1.2587 2.3723
v 0.7447 1.1780 2.3723
v 0.7185 1.0972 2.3723
v 0.7185 1.2587 2.4106
v 0.7447 1.1780 2.4106
v 0.6498 1.3086 2.4106
v 0.5649 1.3086 2.4106
v 0.4962 1.2587 2.4106
v 0.4699 1.1780 2.4106
v 0.4962 1.0972 2.4106
v 0.5649 1.0473 2.4106
v 0.6498 1.0473 2.4106
v 0.7185 1.0972 2.4106
v 0.7434 1.1780 2.4146
v 0.7174 1.2579 2.4146
v 0.7093 1.2520 2.4146
v 0.7334 1.1780 2.4146
v 0.6494 1.3073 2.4146
v 0.6463 1.2978 2.4146
v 0.5653 1.3073 2.4146
v 0.5684 1.2978 2.4146
v 0.4973 1.2579 2.4146
v 0.5054 1.2520 2.4146
v 0.4713 1.1780 2.4146
v 0.4813 1.1780 2.4146
v 0.4973 1.0980 2.4146
v 0.5054 1.1039 2.4146
v 0.5653 1.0486 2.4146
v 0.5684 1.0581 2.4146
v 0.6494 1.0486 2.4146
v 0.6463 1.0581 2.4146
v 0.7174 1.0980 2.4146
v 0.7093 1.1039 2.4146
v 0.7320 1.1780 2.4106
v 0.7082 1.2512 2.4106
v 0.7046 1.2486 2.3975
v 0.7276 1.1780 2.3975
v 0.6459 1.2965 2.4106
v 0.6445 1.2923 2.3975
v 0.5688 1.2965 2.4106
v 0.5702 1.2923 2.3975
v 0.5065 1.2512 2.4106
v 0.5101 1.2486 2.3975
v 0.4827 1.1780 2.4106
v 0.4871 1.1780 2.3975
v 0.5065 1.1047 2.4106
v 0.5101 1.1073 2.3975
v 0.5688 1.0594 2.4106
v 0.5702 1.0636 2.3975
v 0.6459 1.0594 2.4106
v 0.6445 1.0636 2.3975
v 0.7082 1.1047 2.4106
v 0.7046 1.1073 2.3975
v 0.9129 1.3123 -2.4765
v 0.7905 1.3123 -2.4826
v 0.7588 1.2807 -2.4840
v 0.9129 0.8845 -2.4765
v 0.7588 0.8845 -2.4840
v 0.7905 0.8528 -2.5234
v 0.9301 0.8528 -2.5234
v 0.9298 0.8528 -2.5220
v 0.7853 0.8528 -2.5234
v 0.9607 0.8621 -2.4981
v 0.9607 0.8621 -2.5334
v 0.9607 1.3030 -2.5334
v 0.9607 1.3030 -2.4981
v 0.9301 1.3123 -2.5234
v 0.7905 1.3123 -2.5234
v 0.7588 1.2807 -2.5234
v 0.7588 0.8845 -2.5234
v 0.9210 1.2807 -2.4110
v 0.9210 0.8845 -2.4110
v 0.9507 0.8845 -2.4110
v 0.9507 1.2807 -2.4110
v 0.9507 1.3123 -2.4981
v 0.9507 1.3123 -2.5234
v 0.9301 1.3030 -2.5334
v 0.9301 0.8621 -2.5334
v 0.9507 0.8528 -2.5234
v 0.9507 0.8528 -2.4981
v 0.9507 0.8528 -2.4981
v 0.9182 1.3123 -2.4426
v 0.9182 0.8528 -2.4426
v 0.9157 0.8528 -2.4563
v 0.9507 1.3123 -2.4426
v 0.9507 0.8528 -2.4426
v 0.7681 0.8883 -2.5334
v 0.7943 0.8621 -2.5334
v 0.9607 0.8621 -2.4464
v 0.9607 0.8883 -2.4202
v 0.9607 1.2768 -2.4202
v 0.9607 1.3030 -2.4464
v 0.7943 1.3030 -2.5334
v 0.7681 1.2768 -2.5334
v 0.9183 0.8739 -2.5322
v 0.9183 1.2912 -2.5322
v 0.7992 1.2912 -2.5322
v 0.7799 1.2720 -2.5322
v 0.7799 0.8932 -2.5322
v 0.7992 0.8739 -2.5322
v 0.9595 1.2912 -2.4863
v 0.9595 0.8739 -2.4863
v 0.9595 0.8739 -2.4513
v 0.9595 0.8932 -2.4320
v 0.9595 1.2720 -2.4320
v 0.9595 1.2912 -2.4513
v -0.7593 1.2807 -2.4840
v -0.7910 1.3123 -2.4826
v -0.9134 1.3123 -2.4765
v -0.9134 0.8845 -2.4765
v -0.7593 0.8845 -2.4840
v -0.7910 0.8528 -2.5234
v -0.7858 0.8528 -2.5234
v -0.9303 0.8528 -2.5220
v -0.9306 0.8528 -2.5234
v -0.9612 0.8621 -2.4981
v -0.9612 1.3030 -2.4981
v -0.9612 1.3030 -2.5334
v -0.9612 0.8621 -2.5334
v -0.7910 1.3123 -2.5234
v -0.9306 1.3123 -2.5234
v -0.7593 0.8845 -2.5234
v -0.7593 1.2807 -2.5234
v -0.9215 1.2807 -2.4110
v -0.9512 1.2807 -2.4110
v -0.9512 0.8845 -2.4110
v -0.9215 0.8845 -2.4110
v -0.9512 1.3123 -2.5234
v -0.9512 1.3123 -2.4981
v -0.9306 1.3030 -2.5334
v -0.9306 0.8621 -2.5334
v -0.9512 0.8528 -2.4981
v -0.9512 0.8528 -2.4981
v -0.9512 0.8528 -2.5234
v -0.9187 1.3123 -2.4426
v -0.9187 0.8528 -2.4426
v -0.9162 0.8528 -2.4563
v -0.9512 1.3123 -2.4426
v -0.9512 0.8528 -2.4426
v -0.7948 0.8621 -2.5334
v -0.7686 0.8883 -2.5334
v -0.9612 0.8621 -2.4464
v -0.9612 0.8883 -2.4202
v -0.9612 1.2768 -2.4202
v -0.9612 1.3030 -2.4464
v -0.7948 1.3030 -2.5334
v -0.7686 1.2768 -2.5334
v -0.9188 1.2912 -2.5322
v -0.9188 0.8739 -2.5322
v -0.7997 1.2912 -2.5322
v -0.7804 1.2720 -2.5322
v -0.7804 0.8932 -2.5322
v -0.7997 0.8739 -2.5322
v -0.9600 0.8739 -2.4863
v -0.9600 1.2912 -2.4863
v -0.9600 0.8739 -2.4513
v -0.9600 0.8932 -2.4320
v -0.9600 1.2720 -2.4320
v -0.9600 1.2912 -2.4513
v -0.9296 1.3063 -1.3239
v -0.9312 1.3063 -2.4393
v -0.9312 1.1828 -2.4711
v -0.9305 1.2026 -1.3534
v -0.9288 0.6425 0.8464
v -0.9288 1.2324 1.0769
v -0.9288 1.4070 1.0469
v -0.9288 0.6425 -0.1100
v -0.9288 1.4079 -0.1126
v -0.9301 1.3190 -1.1770
v -0.8984 1.5851 -1.1091
v -0.8937 1.6036 -1.2271
v -0.8367 1.9091 -1.0792
v -0.8367 1.9106 -0.9882
v -0.8128 1.9565 -0.9893
v -0.8129 1.9548 -1.0856
v -0.8367 1.9168 -0.1211
v -0.8128 1.9626 -0.1222
v -0.8367 1.9415 0.8209
v -0.8128 1.9867 0.7960
v -0.8393 1.8927 -1.1494
v -0.8147 1.9429 -1.1369
v -0.7748 1.9735 -0.9898
v -0.7749 1.9717 -1.0884
v -0.7748 1.9796 -0.1227
v -0.7748 2.0028 0.7576
v -0.7754 1.9683 -1.1039
v -0.9163 1.4103 -1.0274
v -0.9068 1.5101 -1.0768
v -0.9143 1.3238 -1.1162
v -0.9180 0.6426 -0.8070
v -0.9286 0.6426 -0.1576
v -0.9290 1.4081 -0.1602
v -0.9164 1.4305 1.0667
v -0.8341 1.8928 0.7916
v -0.8936 1.4753 0.9549
v -0.8338 1.8688 -0.1203
v -0.8337 1.8629 -0.9529
v -0.8939 1.5812 -1.0756
v -0.8832 1.5841 -1.0356
v -0.9036 1.4336 -1.0127
v -0.8866 1.4783 -0.9835
v -0.9164 1.4314 -0.1398
v -0.8991 1.4762 -0.1397
v -0.8963 1.4943 -0.0699
v -0.8365 1.8512 -0.0523
v -0.8366 1.8506 -0.1590
v -0.8963 1.4944 -0.1766
v -0.8364 1.8450 -0.9392
v -0.8830 1.5858 -1.0161
v -0.8839 1.4964 -0.9722
v -0.8908 1.4933 0.9282
v -0.8369 1.8744 0.7792
v -0.8131 1.8315 -0.1750
v -0.8682 1.5056 -0.1911
v -0.8129 1.8261 -0.9277
v -0.8570 1.5833 -0.9998
v -0.8558 1.5075 -0.9627
v -0.8628 1.5044 0.9060
v -0.8682 1.5054 -0.0539
v -0.8135 1.8551 0.7689
v -0.8130 1.8326 -0.0378
v -0.9164 0.6190 -0.1304
v -0.9164 0.6190 0.8668
v -0.9164 1.2327 1.1007
v -0.9164 1.3227 -1.1404
v -0.9164 0.6190 -0.8246
v 0.1557 1.5713 1.5069
v -0.1557 1.5713 1.5069
v -0.1479 1.5713 1.8940
v 0.1478 1.5713 1.8940
v -0.9749 0.6769 0.9627
v -0.9749 1.2325 1.1754
v -0.9164 0.6190 1.1432
v -0.9749 0.6769 1.1421
v -0.9164 0.8706 1.2028
v -0.9749 0.8711 1.2015
v -0.9164 0.9295 1.2307
v -0.9749 0.9303 1.2296
v -0.9164 0.9694 1.2803
v -0.9749 0.9706 1.2797
v -0.9164 0.9841 1.3437
v -0.9749 0.9854 1.3436
v -0.9164 0.9841 1.9990
v -0.9749 0.9854 1.9991
v -0.9164 0.9793 2.0263
v -0.9749 0.9806 2.0267
v -0.9164 0.9658 2.0499
v -0.9749 0.9668 2.0508
v -0.9164 0.9447 2.0679
v -0.9749 0.9455 2.0689
v -0.9164 0.8705 2.1115
v -0.9749 0.8718 2.1123
v -0.7867 0.8705 2.3755
v -0.9749 0.8718 2.3075
v -0.7867 1.3525 2.3755
v -0.7867 1.4305 2.3453
v -0.9749 1.3494 2.3075
v -0.9749 1.3494 1.1545
v -0.7589 1.4305 2.3146
v -0.8824 1.4305 1.0974
v 0.7867 1.4305 2.3453
v 0.7589 1.4305 2.3146
v -0.7688 1.4399 2.3255
v -0.8945 1.4399 1.0865
v -0.7476 1.4674 2.3022
v -0.8686 1.4674 1.1098
v 0.7688 1.4399 2.3255
v 0.7476 1.4674 2.3022
v 0.4486 1.4674 2.3022
v 0.1495 1.4674 2.3022
v -0.1495 1.4674 2.3022
v -0.4486 1.4674 2.3022
v -0.8528 1.4463 1.0590
v -0.7844 1.8946 0.8434
v 0.9164 1.4305 1.0667
v 0.8528 1.4463 1.0590
v -0.0000 1.4463 1.0590
v -0.8357 1.4548 1.0422
v -0.7714 1.8761 0.8396
v -0.0000 1.4548 1.0423
v -0.9164 1.3410 -1.3494
v -0.9164 1.3410 -2.4663
v -0.9164 1.1870 -2.5060
v -0.9164 0.7339 -2.5060
v -0.9312 0.7692 -2.4711
v -0.9164 0.7339 -2.1194
v -0.9312 0.7692 -2.1419
v -0.9164 0.8904 -2.0478
v -0.9312 0.9082 -2.0782
v -0.9164 0.9400 -2.0123
v -0.9312 0.9661 -2.0369
v -0.9164 0.9725 -1.9618
v -0.9312 1.0058 -1.9750
v -0.9164 0.9841 -1.9018
v -0.9312 1.0193 -1.9052
v -0.9164 0.9841 -1.3624
v -0.9312 1.0193 -1.3584
v -0.9164 0.9694 -1.2989
v -0.9312 1.0019 -1.2833
v -0.9164 0.9295 -1.2494
v -0.9312 0.9520 -1.2213
v -0.9164 0.8706 -1.2214
v -0.9312 0.8889 -1.1913
v -0.9164 0.6190 -1.0375
v -0.9312 0.6543 -1.0198
v -0.9312 0.6543 -0.8786
v -0.8567 1.8749 -1.0748
v -0.8554 1.8754 -1.0351
v -0.8591 1.8625 -1.1281
v -0.8470 1.8358 -1.1881
v -0.8649 1.8209 -1.1564
v -0.4969 1.5497 -1.2811
v -0.4969 1.7371 -1.2200
v -0.4775 1.7231 -1.2124
v -0.4775 1.5646 -1.2641
v -0.3582 1.8169 -1.1940
v -0.3528 1.7949 -1.1890
v 0.3582 1.8169 -1.1940
v 0.3528 1.7949 -1.1890
v 0.8470 1.8358 -1.1881
v -0.9087 1.3517 -2.4586
v -0.9087 1.3517 -1.3571
v -0.8741 1.3517 -1.3917
v -0.8741 1.3517 -2.4240
v -0.8664 1.3410 -2.4163
v -0.8664 1.3410 -1.3994
v -0.8664 1.0534 -1.3994
v -0.8664 1.0534 -2.4163
v -0.5397 1.2288 -2.4952
v -0.5058 1.1870 -2.5060
v -0.5377 1.3410 -2.4663
v -0.3831 1.3095 -2.4932
v -0.4027 1.3391 -2.4856
v 0.4027 1.3391 -2.4856
v 0.3831 1.3095 -2.4932
v -0.4517 1.1317 -2.5107
v -0.5005 1.1919 -2.5101
v 0.5005 1.1919 -2.5101
v 0.4517 1.1317 -2.5107
v -0.4549 1.1243 -2.5060
v -0.5330 1.2318 -2.4993
v -0.5311 1.3354 -2.4727
v -0.4149 1.3410 -2.4663
v -0.4185 1.3354 -2.4727
v -0.3867 1.2986 -2.4772
v -0.3903 1.2929 -2.4836
v 0.3867 1.2986 -2.4772
v 0.3903 1.2929 -2.4836
v -0.4149 1.3438 -2.4773
v -0.3867 1.3014 -2.4883
v 0.8664 1.0534 -1.3994
v 0.8664 1.0534 -2.4163
v 0.9164 0.7339 -2.1194
v 0.9164 0.8904 -2.0478
v 0.9164 0.9400 -2.0123
v 0.9164 0.9725 -1.9618
v 0.9164 0.9841 -1.9018
v 0.9164 0.9841 -1.3624
v 0.9164 0.9694 -1.2989
v 0.9164 0.6190 -0.1304
v 0.9164 0.6190 0.8668
v 0.9164 0.6190 1.1432
v 0.9164 0.6190 -0.8246
v 0.9164 0.6190 -1.0375
v 0.9164 0.8706 1.2028
v 0.8393 1.8927 -1.1494
v -0.5212 1.4674 1.1098
v -0.1737 1.4674 1.1098
v 0.1737 1.4674 1.1098
v 0.5212 1.4674 1.1098
v 0.8686 1.4674 1.1098
v 0.8944 1.4399 1.0865
v -0.0000 1.8942 0.8434
v -0.0000 1.8758 0.8396
v 0.8664 1.3410 -2.4163
v 0.9087 1.3517 -2.4586
v 0.9164 1.3410 -2.4663
v 0.5377 1.3410 -2.4663
v 0.4149 1.3410 -2.4663
v 0.8741 1.3517 -1.3917
v 0.8664 1.3410 -1.3994
v 0.4549 1.1243 -2.5060
v 0.5058 1.1870 -2.5060
v 0.9164 1.1870 -2.5060
v 0.9164 0.7339 -2.5060
v 0.3867 1.3014 -2.4883
v 0.9296 1.3063 -1.3239
v 0.9305 1.2026 -1.3534
v 0.9312 1.1828 -2.4711
v 0.9312 1.3063 -2.4393
v 0.9288 1.4070 1.0469
v 0.9288 1.2324 1.0769
v 0.9288 0.6425 0.8464
v 0.9288 0.6425 -0.1100
v 0.9288 1.4079 -0.1126
v 0.9301 1.3190 -1.1770
v 0.8937 1.6036 -1.2271
v 0.8984 1.5851 -1.1091
v 0.7749 1.9717 -1.0884
v 0.7754 1.9683 -1.1039
v -0.5194 1.9717 -1.0884
v -0.4104 1.9717 -1.0884
v -0.2094 1.9717 -1.0884
v -0.1005 1.9717 -1.0884
v 0.1005 1.9717 -1.0884
v 0.2094 1.9717 -1.0884
v 0.4104 1.9717 -1.0884
v 0.5194 1.9717 -1.0884
v 0.8367 1.9091 -1.0792
v 0.8129 1.9548 -1.0856
v 0.8128 1.9565 -0.9893
v 0.8367 1.9106 -0.9882
v 0.8128 1.9626 -0.1222
v 0.8367 1.9168 -0.1211
v 0.8128 1.9867 0.7960
v 0.8367 1.9415 0.8209
v 0.8147 1.9429 -1.1369
v 0.7748 1.9735 -0.9898
v 0.7748 1.9796 -0.1227
v 0.7748 2.0028 0.7576
v 0.5193 2.0028 0.7576
v 0.4104 2.0028 0.7576
v 0.2094 2.0028 0.7576
v 0.1005 2.0028 0.7576
v -0.1005 2.0028 0.7576
v -0.2094 2.0028 0.7576
v -0.4104 2.0028 0.7576
v -0.5193 2.0028 0.7576
v 0.9162 1.4103 -1.0274
v 0.9290 1.4081 -0.1602
v 0.9286 0.6426 -0.1576
v 0.9180 0.6426 -0.8070
v 0.9143 1.3238 -1.1162
v 0.9068 1.5101 -1.0768
v 0.8936 1.4753 0.9549
v 0.8341 1.8928 0.7916
v 0.8338 1.8688 -0.1203
v 0.8337 1.8629 -0.9529
v 0.8832 1.5841 -1.0356
v 0.8939 1.5812 -1.0756
v 0.8866 1.4783 -0.9835
v 0.9036 1.4336 -1.0127
v 0.8991 1.4762 -0.1397
v 0.9164 1.4314 -0.1398
v 0.8963 1.4944 -0.1766
v 0.8366 1.8506 -0.1590
v 0.8365 1.8512 -0.0523
v 0.8963 1.4943 -0.0699
v 0.8364 1.8450 -0.9392
v 0.8830 1.5858 -1.0161
v 0.8839 1.4964 -0.9722
v 0.8908 1.4933 0.9282
v 0.8369 1.8744 0.7792
v 0.8682 1.5056 -0.1911
v 0.8131 1.8315 -0.1750
v 0.8129 1.8261 -0.9277
v 0.8570 1.5833 -0.9998
v 0.8558 1.5075 -0.9627
v 0.8682 1.5054 -0.0539
v 0.8628 1.5044 0.9060
v 0.8135 1.8551 0.7689
v 0.8130 1.8326 -0.0378
v 0.9164 1.2327 1.1007
v 0.9164 1.3227 -1.1404
v 0.9749 1.2325 1.1754
v 0.9749 0.6769 0.9627
v 0.9749 0.6769 1.1421
v 0.9749 0.8711 1.2015
v 0.9749 0.9303 1.2296
v 0.9164 0.9295 1.2307
v 0.9749 0.9706 1.2797
v 0.9164 0.9694 1.2803
v 0.9749 0.9854 1.3436
v 0.9164 0.9841 1.3437
v 0.9749 0.9854 1.9991
v 0.9164 0.9841 1.9990
v 0.9749 0.9806 2.0267
v 0.9164 0.9793 2.0263
v 0.9749 0.9668 2.0508
v 0.9164 0.9658 2.0499
v 0.9749 0.9455 2.0689
v 0.9164 0.9447 2.0679
v 0.9749 0.8718 2.1123
v 0.9164 0.8705 2.1115
v 0.9749 0.8718 2.3075
v 0.7867 0.8705 2.3755
v 0.7867 1.3525 2.3755
v 0.9749 1.3494 2.3075
v 0.9749 1.3494 1.1545
v 0.8824 1.4305 1.0974
v 0.7844 1.8946 0.8434
v 0.7714 1.8761 0.8396
v 0.8357 1.4548 1.0423
v -0.0000 1.4548 1.0423
v 0.9164 1.3410 -1.3494
v 0.9312 0.7692 -2.4711
v 0.9312 0.7692 -2.1419
v 0.9312 0.9082 -2.0782
v 0.9312 0.9661 -2.0369
v 0.9312 1.0058 -1.9750
v 0.9312 1.0193 -1.9052
v 0.9312 1.0193 -1.3584
v 0.9312 1.0019 -1.2833
v 0.9312 0.9520 -1.2213
v 0.9164 0.9295 -1.2494
v 0.9312 0.8889 -1.1913
v 0.9164 0.8706 -1.2214
v 0.9312 0.6543 -1.0198
v 0.9312 0.6543 -0.8786
v 0.8554 1.8754 -1.0351
v 0.8566 1.8749 -1.0748
v 0.8591 1.8625 -1.1281
v 0.8649 1.8209 -1.1564
v 0.4969 1.5497 -1.2811
v 0.4775 1.5646 -1.2641
v 0.4775 1.7231 -1.2124
v 0.4969 1.7371 -1.2200
v 0.8741 1.3517 -2.4240
v 0.9087 1.3517 -1.3571
v 0.5397 1.2288 -2.4952
v 0.5330 1.2318 -2.4993
v 0.4185 1.3354 -2.4727
v 0.5311 1.3354 -2.4727
v 0.4149 1.3438 -2.4773
v -0.0000 1.8758 0.8396
v 0.7209 1.4923 2.2725
v 0.8358 1.4923 1.1395
v 0.5490 1.4923 1.1395
v 0.4801 1.4923 2.2725
v 0.3042 1.4674 1.5073
v 0.2894 1.4674 1.9047
v -0.5490 1.4923 1.1395
v -0.8358 1.4923 1.1395
v -0.7209 1.4923 2.2725
v -0.4801 1.4923 2.2725
v -0.2894 1.4674 1.9047
v -0.3042 1.4674 1.5073
v 0.1178 1.5129 1.1189
v -0.1178 1.5129 1.1189
v -0.1269 1.5008 1.1098
v 0.1269 1.5008 1.1098
v -0.1657 1.5606 1.5073
v -0.1576 1.5606 1.9047
v -0.2525 1.4791 1.8436
v 0.2525 1.4791 1.8436
v 0.1539 1.5489 1.8436
v -0.1539 1.5489 1.8436
v 0.1657 1.5606 1.5073
v 0.1576 1.5606 1.9047
v 0.2525 1.4791 1.9047
v -0.2525 1.4791 1.9047
v 0.1539 1.5489 1.9047
v -0.1539 1.5489 1.9047
v -0.4651 2.0004 -1.0889
v -0.1550 2.0004 -1.0889
v 0.1550 2.0004 -1.0889
v 0.4651 2.0004 -1.0889
v 0.4650 2.0315 0.7571
v 0.1550 2.0315 0.7571
v -0.1550 2.0315 0.7571
v -0.4650 2.0315 0.7571
v -1.1878 1.4777 0.9032
v -1.1878 1.5427 0.9032
v -1.1614 1.5691 0.9032
v -1.0089 1.5691 0.9032
v -0.9823 1.5369 0.9032
v -0.9823 1.4835 0.9032
v -1.0089 1.4513 0.9032
v -1.1614 1.4513 0.9032
v 1.0089 1.4513 0.9032
v 0.9823 1.4835 0.9032
v 0.9823 1.5369 0.9032
v 1.0089 1.5691 0.9032
v 1.1614 1.5691 0.9032
v 1.1878 1.5427 0.9032
v 1.1878 1.4777 0.9032
v 1.1614 1.4513 0.9032
v -0.4775 1.5646 -1.2641
v -0.4775 1.7231 -1.2124
v -0.3528 1.7949 -1.1890
v 0.3528 1.7949 -1.1890
v 0.4775 1.7231 -1.2124
v 0.4775 1.5646 -1.2641
v -0.8682 1.5056 -0.1911
v -0.8131 1.8315 -0.1750
v -0.8129 1.8261 -0.9277
v -0.8628 1.5044 0.9060
v -0.8135 1.8551 0.7689
v -0.8130 1.8326 -0.0378
v -0.8682 1.5054 -0.0539
v 0.8558 1.5075 -0.9627
v 0.8570 1.5833 -0.9998
v 0.8129 1.8261 -0.9277
v 0.8682 1.5056 -0.1911
v 0.8628 1.5044 0.9060
v 0.8682 1.5054 -0.0539
v 0.8130 1.8326 -0.0378
v 0.8135 1.8551 0.7689
v -0.7714 1.8761 0.8396
v -0.8357 1.4548 1.0422
v 0.8357 1.4548 1.0423
v 0.7714 1.8761 0.8396
v -0.8570 1.5833 -0.9998
v -0.8558 1.5075 -0.9627
v 0.8131 1.8315 -0.1750
v -0.5130 0.5991 -2.4504
v -0.5130 0.5991 -2.5950
v -0.3820 0.5991 -2.5950
v -0.3820 0.5991 -2.4504
v -0.5411 0.6935 -2.4504
v -0.5411 0.6935 -2.5950
v -0.5411 0.6272 -2.5950
v -0.5411 0.6272 -2.4504
v -0.3820 0.7216 -2.4504
v -0.3820 0.7216 -2.5950
v -0.5130 0.7216 -2.5950
v -0.5130 0.7216 -2.4504
v -0.3539 0.6272 -2.4504
v -0.3539 0.6272 -2.5950
v -0.3539 0.6935 -2.5950
v -0.3539 0.6935 -2.4504
v -0.3575 0.6287 -2.6027
v -0.3835 0.6027 -2.6027
v -0.3881 0.6138 -2.6027
v -0.3686 0.6333 -2.6027
v -0.5115 0.6027 -2.6027
v -0.5070 0.6138 -2.6027
v -0.5375 0.6287 -2.6027
v -0.5265 0.6333 -2.6027
v -0.5375 0.6920 -2.6027
v -0.5265 0.6874 -2.6027
v -0.5115 0.7180 -2.6027
v -0.5070 0.7069 -2.6027
v -0.3835 0.7180 -2.6027
v -0.3881 0.7069 -2.6027
v -0.3575 0.6920 -2.6027
v -0.3686 0.6874 -2.6027
v -0.3722 0.6348 -2.5950
v -0.3896 0.6174 -2.5950
v -0.3896 0.6174 -2.5311
v -0.3722 0.6348 -2.5311
v -0.5055 0.6174 -2.5950
v -0.5055 0.6174 -2.5311
v -0.5229 0.6348 -2.5950
v -0.5229 0.6348 -2.5311
v -0.5229 0.6859 -2.5950
v -0.5229 0.6859 -2.5311
v -0.5055 0.7033 -2.5950
v -0.5055 0.7033 -2.5311
v -0.3896 0.7033 -2.5950
v -0.3896 0.7033 -2.5311
v -0.3722 0.6859 -2.5950
v -0.3722 0.6859 -2.5311
v -0.3721 0.6347 -2.4504
v -0.3895 0.6173 -2.4504
v -0.3721 0.6860 -2.4504
v -0.3895 0.7034 -2.4504
v -0.5055 0.7034 -2.4504
v -0.5230 0.6860 -2.4504
v -0.5230 0.6347 -2.4504
v -0.5055 0.6173 -2.4504
v -0.3721 0.6347 -2.1842
v -0.3895 0.6173 -2.1842
v -0.3721 0.6860 -2.1842
v -0.3895 0.7034 -2.1842
v -0.5055 0.7034 -2.1842
v -0.5230 0.6860 -2.1842
v -0.5230 0.6347 -2.1842
v -0.5055 0.6173 -2.1842
v -0.3971 0.6355 -2.5311
v -0.3903 0.6423 -2.5311
v -0.4980 0.6355 -2.5311
v -0.5047 0.6423 -2.5311
v -0.5047 0.6784 -2.5311
v -0.4980 0.6852 -2.5311
v -0.3971 0.6852 -2.5311
v -0.3903 0.6784 -2.5311
v -0.3971 0.6355 -2.1842
v -0.3903 0.6423 -2.1842
v -0.4980 0.6355 -2.1842
v -0.5047 0.6423 -2.1842
v -0.5047 0.6784 -2.1842
v -0.4980 0.6852 -2.1842
v -0.3971 0.6852 -2.1842
v -0.3903 0.6784 -2.1842
v -0.1602 0.6715 -2.4739
v -0.1602 0.6715 -2.5607
v -0.1602 0.6317 -2.5607
v -0.1602 0.6317 -2.4739
v -0.0000 0.6883 -2.4739
v -0.0000 0.6883 -2.5607
v -0.1433 0.6883 -2.5607
v -0.1433 0.6883 -2.4739
v -0.1433 0.6148 -2.5607
v -0.1433 0.6148 -2.4739
v -0.1424 0.6170 -2.5653
v -0.1580 0.6326 -2.5653
v -0.1514 0.6353 -2.5653
v -0.1397 0.6236 -2.5653
v -0.1580 0.6706 -2.5653
v -0.1514 0.6678 -2.5653
v -0.1424 0.6862 -2.5653
v -0.1397 0.6795 -2.5653
v -0.0000 0.6862 -2.5653
v -0.0000 0.6795 -2.5653
v -0.1388 0.6258 -2.5607
v -0.1492 0.6362 -2.5607
v -0.1492 0.6362 -2.5223
v -0.1388 0.6258 -2.5223
v -0.1492 0.6669 -2.5607
v -0.1492 0.6669 -2.5223
v -0.1388 0.6774 -2.5607
v -0.1388 0.6774 -2.5223
v -0.0000 0.6774 -2.5607
v -0.0000 0.6774 -2.5223
v -0.0230 0.6774 -2.5223
v -0.1493 0.6670 -2.4739
v -0.1388 0.6774 -2.4739
v -0.1493 0.6362 -2.4739
v -0.1388 0.6257 -2.4739
v -0.0000 0.6148 -2.4739
v -0.0000 0.6257 -2.4739
v -0.1493 0.6670 -2.3142
v -0.1388 0.6774 -2.3142
v -0.1493 0.6362 -2.3142
v -0.1388 0.6257 -2.3142
v -0.0000 0.6257 -2.3142
v -0.1383 0.6407 -2.3142
v -0.1343 0.6367 -2.3142
v -0.1383 0.6624 -2.3142
v -0.1343 0.6665 -2.3142
v -0.0000 0.6665 -2.3142
v -0.0000 0.6774 -2.3142
v -0.0000 0.6258 -2.5607
v -0.0000 0.6236 -2.5653
v -0.0230 0.6258 -2.5223
v -0.0230 0.6774 -2.5302
v -0.0230 0.6258 -2.5302
v -0.0000 0.6774 -2.5302
v -0.0221 0.6267 -2.5318
v -0.0221 0.6765 -2.5318
v -0.0180 0.6724 -2.5318
v -0.0180 0.6308 -2.5318
v -0.0000 0.6765 -2.5318
v -0.0000 0.6724 -2.5318
v -0.0171 0.6316 -2.5302
v -0.0000 0.6316 -2.5302
v -0.0000 0.6308 -2.5318
v -0.0171 0.6715 -2.5302
v -0.0000 0.6148 -2.5607
v -0.0000 0.6170 -2.5653
v -0.0000 0.6258 -2.5223
v -0.0000 0.6774 -2.4739
v -0.0000 0.6367 -2.3142
v -0.0000 0.6258 -2.5302
v -0.0000 0.6267 -2.5318
v -0.0000 0.6715 -2.5302
v -0.0171 0.6316 -2.5302
v -0.0171 0.6715 -2.5302
v -0.0000 0.6715 -2.5302
v -0.0000 0.6316 -2.5302
v 0.5130 0.5991 -2.4504
v 0.3820 0.5991 -2.4504
v 0.3820 0.5991 -2.5950
v 0.5130 0.5991 -2.5950
v 0.5411 0.6935 -2.4504
v 0.5411 0.6272 -2.4504
v 0.5411 0.6272 -2.5950
v 0.5411 0.6935 -2.5950
v 0.3820 0.7216 -2.4504
v 0.5130 0.7216 -2.4504
v 0.5130 0.7216 -2.5950
v 0.3820 0.7216 -2.5950
v 0.3539 0.6272 -2.4504
v 0.3539 0.6935 -2.4504
v 0.3539 0.6935 -2.5950
v 0.3539 0.6272 -2.5950
v 0.3575 0.6287 -2.6027
v 0.3686 0.6333 -2.6027
v 0.3881 0.6138 -2.6027
v 0.3835 0.6027 -2.6027
v 0.5070 0.6138 -2.6027
v 0.5115 0.6027 -2.6027
v 0.5265 0.6333 -2.6027
v 0.5375 0.6287 -2.6027
v 0.5265 0.6874 -2.6027
v 0.5375 0.6920 -2.6027
v 0.5070 0.7069 -2.6027
v 0.5115 0.7180 -2.6027
v 0.3881 0.7069 -2.6027
v 0.3835 0.7180 -2.6027
v 0.3686 0.6874 -2.6027
v 0.3575 0.6920 -2.6027
v 0.3722 0.6348 -2.5950
v 0.3722 0.6348 -2.5311
v 0.3896 0.6174 -2.5311
v 0.3896 0.6174 -2.5950
v 0.5055 0.6174 -2.5311
v 0.5055 0.6174 -2.5950
v 0.5229 0.6348 -2.5311
v 0.5229 0.6348 -2.5950
v 0.5229 0.6859 -2.5311
v 0.5229 0.6859 -2.5950
v 0.5055 0.7033 -2.5311
v 0.5055 0.7033 -2.5950
v 0.3896 0.7033 -2.5311
v 0.3896 0.7033 -2.5950
v 0.3722 0.6859 -2.5311
v 0.3722 0.6859 -2.5950
v 0.3895 0.6173 -2.4504
v 0.3721 0.6347 -2.4504
v 0.3721 0.6860 -2.4504
v 0.3895 0.7034 -2.4504
v 0.5055 0.7034 -2.4504
v 0.5230 0.6860 -2.4504
v 0.5230 0.6347 -2.4504
v 0.5055 0.6173 -2.4504
v 0.3895 0.6173 -2.1842
v 0.3721 0.6347 -2.1842
v 0.3721 0.6860 -2.1842
v 0.3895 0.7034 -2.1842
v 0.5055 0.7034 -2.1842
v 0.5230 0.6860 -2.1842
v 0.5230 0.6347 -2.1842
v 0.5055 0.6173 -2.1842
v 0.3903 0.6423 -2.5311
v 0.3971 0.6355 -2.5311
v 0.4980 0.6355 -2.5311
v 0.5047 0.6423 -2.5311
v 0.5047 0.6784 -2.5311
v 0.4980 0.6852 -2.5311
v 0.3971 0.6852 -2.5311
v 0.3903 0.6784 -2.5311
v 0.3971 0.6355 -2.1842
v 0.3903 0.6423 -2.1842
v 0.4980 0.6355 -2.1842
v 0.5047 0.6423 -2.1842
v 0.5047 0.6784 -2.1842
v 0.4980 0.6852 -2.1842
v 0.3971 0.6852 -2.1842
v 0.3903 0.6784 -2.1842
v 0.1602 0.6715 -2.4739
v 0.1602 0.6317 -2.4739
v 0.1602 0.6317 -2.5607
v 0.1602 0.6715 -2.5607
v 0.1433 0.6883 -2.4739
v 0.1433 0.6883 -2.5607
v 0.1433 0.6148 -2.5607
v 0.1433 0.6148 -2.4739
v 0.1424 0.6170 -2.5653
v 0.1397 0.6236 -2.5653
v 0.1514 0.6353 -2.5653
v 0.1580 0.6326 -2.5653
v 0.1514 0.6678 -2.5653
v 0.1580 0.6706 -2.5653
v 0.1397 0.6795 -2.5653
v 0.1424 0.6862 -2.5653
v 0.1388 0.6258 -2.5607
v 0.1388 0.6258 -2.5223
v 0.1492 0.6362 -2.5223
v 0.1492 0.6362 -2.5607
v 0.1492 0.6669 -2.5223
v 0.1492 0.6669 -2.5607
v 0.1388 0.6774 -2.5223
v 0.1388 0.6774 -2.5607
v 0.0230 0.6774 -2.5223
v 0.1388 0.6774 -2.4739
v 0.1493 0.6670 -2.4739
v 0.1493 0.6362 -2.4739
v 0.1388 0.6257 -2.4739
v 0.1388 0.6774 -2.3142
v 0.1493 0.6670 -2.3142
v 0.1493 0.6362 -2.3142
v 0.1388 0.6257 -2.3142
v 0.1383 0.6407 -2.3142
v 0.1343 0.6367 -2.3142
v 0.1383 0.6624 -2.3142
v 0.1343 0.6665 -2.3142
v 0.0230 0.6258 -2.5223
v 0.0230 0.6258 -2.5302
v 0.0230 0.6774 -2.5302
v 0.0221 0.6267 -2.5318
v 0.0180 0.6308 -2.5318
v 0.0180 0.6724 -2.5318
v 0.0221 0.6765 -2.5318
v 0.0171 0.6316 -2.5302
v 0.0171 0.6715 -2.5302
v -0.0000 0.6715 -2.5302
v 0.0171 0.6316 -2.5302
v -0.0000 0.6316 -2.5302
v -0.0000 0.6715 -2.5302
v 0.0171 0.6715 -2.5302
v -0.4227 1.0109 2.3695
v -0.4227 1.3092 2.3695
v 0.4139 1.3092 2.3695
v 0.4139 1.0109 2.3695
v -0.4045 1.0292 2.3828
v 0.3957 1.0292 2.3828
v 0.3957 1.2515 2.3828
v -0.4045 1.2515 2.3828
v 0.4139 1.0109 2.3985
v -0.4227 1.0109 2.3985
v 0.4139 1.3092 2.3985
v -0.4227 1.3092 2.3985
v -0.4199 1.0137 2.4021
v 0.4111 1.0137 2.4021
v 0.3984 1.0264 2.4021
v -0.4072 1.0264 2.4021
v 0.4111 1.3064 2.4021
v 0.3984 1.2543 2.4021
v -0.4199 1.3064 2.4021
v -0.4072 1.2543 2.4021
v -0.4045 1.0292 2.3985
v 0.3957 1.0292 2.3985
v 0.3957 1.2515 2.3985
v -0.4045 1.2515 2.3985
v 0.3092 1.0216 2.3810
v 0.3092 1.2592 2.3810
v 0.3673 1.2592 2.3810
v 0.3673 1.0216 2.3810
v 0.3624 1.0216 2.3949
v 0.3624 1.2592 2.3949
v 0.3142 1.2592 2.3949
v 0.3142 1.0216 2.3949
v 0.3673 1.2592 2.3899
v 0.3673 1.0216 2.3899
v 0.3092 1.0216 2.3899
v 0.3092 1.2592 2.3899
v 0.2111 1.0216 2.3810
v 0.2111 1.2592 2.3810
v 0.2693 1.2592 2.3810
v 0.2693 1.0216 2.3810
v 0.2643 1.0216 2.3949
v 0.2643 1.2592 2.3949
v 0.2161 1.2592 2.3949
v 0.2161 1.0216 2.3949
v 0.2693 1.2592 2.3899
v 0.2693 1.0216 2.3899
v 0.2111 1.0216 2.3899
v 0.2111 1.2592 2.3899
v 0.1130 1.0216 2.3810
v 0.1130 1.2592 2.3810
v 0.1712 1.2592 2.3810
v 0.1712 1.0216 2.3810
v 0.1662 1.0216 2.3949
v 0.1662 1.2592 2.3949
v 0.1180 1.2592 2.3949
v 0.1180 1.0216 2.3949
v 0.1712 1.2592 2.3899
v 0.1712 1.0216 2.3899
v 0.1130 1.0216 2.3899
v 0.1130 1.2592 2.3899
v 0.0150 1.0216 2.3810
v 0.0150 1.2592 2.3810
v 0.0731 1.2592 2.3810
v 0.0731 1.0216 2.3810
v 0.0681 1.0216 2.3949
v 0.0681 1.2592 2.3949
v 0.0199 1.2592 2.3949
v 0.0199 1.0216 2.3949
v 0.0731 1.2592 2.3899
v 0.0731 1.0216 2.3899
v 0.0150 1.0216 2.3899
v 0.0150 1.2592 2.3899
v -0.0831 1.0216 2.3810
v -0.0831 1.2592 2.3810
v -0.0250 1.2592 2.3810
v -0.0250 1.0216 2.3810
v -0.0299 1.0216 2.3949
v -0.0299 1.2592 2.3949
v -0.0782 1.2592 2.3949
v -0.0782 1.0216 2.3949
v -0.0250 1.2592 2.3899
v -0.0250 1.0216 2.3899
v -0.0831 1.0216 2.3899
v -0.0831 1.2592 2.3899
v -0.1812 1.0216 2.3810
v -0.1812 1.2592 2.3810
v -0.1231 1.2592 2.3810
v -0.1231 1.0216 2.3810
v -0.1280 1.0216 2.3949
v -0.1280 1.2592 2.3949
v -0.1762 1.2592 2.3949
v -0.1762 1.0216 2.3949
v -0.1231 1.2592 2.3899
v -0.1231 1.0216 2.3899
v -0.1812 1.0216 2.3899
v -0.1812 1.2592 2.3899
v -0.2793 1.0216 2.3810
v -0.2793 1.2592 2.3810
v -0.2211 1.2592 2.3810
v -0.2211 1.0216 2.3810
v -0.2261 1.0216 2.3949
v -0.2261 1.2592 2.3949
v -0.2743 1.2592 2.3949
v -0.2743 1.0216 2.3949
v -0.2211 1.2592 2.3899
v -0.2211 1.0216 2.3899
v -0.2793 1.0216 2.3899
v -0.2793 1.2592 2.3899
v -0.3774 1.0216 2.3810
v -0.3774 1.2592 2.3810
v -0.3192 1.2592 2.3810
v -0.3192 1.0216 2.3810
v -0.3242 1.0216 2.3949
v -0.3242 1.2592 2.3949
v -0.3724 1.2592 2.3949
v -0.3724 1.0216 2.3949
v -0.3192 1.2592 2.3899
v -0.3192 1.0216 2.3899
v -0.3774 1.0216 2.3899
v -0.3774 1.2592 2.3899
v -1.0970 0.7943 1.9072
v -1.0970 0.8428 1.7738
v -1.0970 0.7123 1.7508
v -1.0970 0.6795 1.8409
v -1.0970 0.7030 2.0159
v -1.0970 0.6179 1.9144
v -1.0970 0.5801 2.0868
v -1.0970 0.5348 1.9623
v -1.0970 0.4404 2.1115
v -1.0970 0.4404 1.9790
v -1.0970 0.3006 2.0868
v -1.0970 0.3459 1.9623
v -1.0970 0.1777 2.0159
v -1.0970 0.2629 1.9144
v -1.0970 0.0865 1.9072
v -1.0970 0.2012 1.8409
v -1.0970 0.0379 1.7738
v -1.0970 0.1684 1.7508
v -1.0970 0.0379 1.6319
v -1.0970 0.1684 1.6549
v -1.0970 0.0865 1.4985
v -1.0970 0.2012 1.5648
v -1.0970 0.1777 1.3898
v -1.0970 0.2629 1.4913
v -1.0970 0.3006 1.3188
v -1.0970 0.3459 1.4433
v -1.0970 0.4404 1.2942
v -1.0970 0.4404 1.4267
v -1.0970 0.5801 1.3188
v -1.0970 0.5348 1.4433
v -1.0970 0.7030 1.3898
v -1.0970 0.6179 1.4913
v -1.0970 0.7943 1.4985
v -1.0970 0.6795 1.5648
v -1.0970 0.8428 1.6319
v -1.0970 0.7123 1.6549
v -1.0686 0.7135 2.0284
v -1.0686 0.5857 2.1022
v -1.0525 0.6106 2.1130
v -1.0525 0.7105 2.0554
v -0.7665 0.5857 2.1022
v -0.7826 0.6106 2.1130
v -1.0686 0.8589 1.7766
v -1.0686 0.8084 1.9153
v -1.0525 0.8344 1.9077
v -1.0525 0.8739 1.7992
v -0.7665 0.8084 1.9153
v -0.7826 0.8344 1.9077
v -1.0686 0.8084 1.4903
v -1.0686 0.8589 1.6290
v -1.0525 0.8739 1.6064
v -1.0525 0.8344 1.4980
v -0.7665 0.8589 1.6290
v -0.7826 0.8739 1.6064
v -1.0686 0.5857 1.3035
v -1.0686 0.7135 1.3773
v -1.0525 0.7105 1.3503
v -1.0525 0.6106 1.2926
v -1.0686 0.2950 1.3035
v -1.0686 0.4404 1.2778
v -1.0525 0.4207 1.2592
v -1.0525 0.3071 1.2792
v -1.0686 0.0723 1.4903
v -1.0686 0.1672 1.3773
v -1.0525 0.1401 1.3756
v -1.0525 0.0659 1.4640
v -1.0686 0.0218 1.7766
v -1.0686 0.0218 1.6290
v -1.0525 0.0000 1.6452
v -1.0525 0.0000 1.7605
v -0.7665 0.0218 1.6290
v -0.7826 0.0000 1.6452
v -1.0686 0.1672 2.0284
v -1.0686 0.0723 1.9153
v -1.0525 0.0659 1.9417
v -1.0525 0.1401 2.0301
v -1.0686 0.4404 2.1278
v -1.0686 0.2950 2.1022
v -1.0525 0.3071 2.1265
v -1.0525 0.4207 2.1465
v -0.7665 0.2950 2.1022
v -0.7826 0.3071 2.1265
v -1.0686 0.5292 1.9470
v -1.0686 0.4404 1.9626
v -1.0686 0.3515 1.9470
v -1.0686 0.2734 1.9019
v -1.0686 0.2154 1.8327
v -1.0686 0.1845 1.7480
v -1.0686 0.1845 1.6577
v -1.0686 0.2154 1.5729
v -1.0686 0.2734 1.5038
v -1.0686 0.3515 1.4587
v -1.0686 0.4404 1.4431
v -1.0686 0.5292 1.4587
v -1.0686 0.6073 1.5038
v -1.0686 0.6653 1.5729
v -1.0686 0.6962 1.6577
v -1.0686 0.6962 1.7480
v -1.0686 0.6653 1.8327
v -1.0686 0.6073 1.9019
v -0.7665 0.4404 2.1278
v -0.7665 0.7135 2.0284
v -0.7826 0.8739 1.7992
v -0.7665 0.5857 1.3035
v -0.7665 0.4404 1.2778
v -0.7665 0.2950 1.3035
v -0.7665 0.1672 1.3773
v -0.7665 0.0723 1.4903
v -0.7826 0.8344 1.4980
v -0.7665 0.8084 1.4903
v -0.7826 0.6106 1.2926
v -0.7826 0.3071 1.2792
v -0.7826 0.0000 1.7605
v -0.7665 0.0218 1.7766
v -0.7826 0.1401 2.0301
v -0.7665 0.1672 2.0284
v -0.7380 0.8428 1.7738
v -0.7380 0.7123 1.7508
v -0.7380 0.7123 1.6549
v -0.7380 0.7943 1.9072
v -0.7380 0.6795 1.8409
v -0.7380 0.7030 2.0159
v -0.7380 0.6179 1.9144
v -0.7380 0.5801 2.0868
v -0.7380 0.5348 1.9623
v -0.7380 0.4404 2.1115
v -0.7380 0.4404 1.9790
v -0.7380 0.3006 2.0868
v -0.7380 0.3459 1.9623
v -0.7380 0.1777 2.0159
v -0.7380 0.2629 1.9144
v -0.7380 0.0865 1.9072
v -0.7380 0.2012 1.8409
v -0.7380 0.0379 1.7738
v -0.7380 0.1684 1.7508
v -0.7380 0.0379 1.6319
v -0.7380 0.1684 1.6549
v -0.7380 0.0865 1.4985
v -0.7380 0.2012 1.5648
v -0.7380 0.1777 1.3898
v -0.7380 0.2629 1.4913
v -0.7380 0.3006 1.3188
v -0.7380 0.3459 1.4433
v -0.7380 0.4404 1.2942
v -0.7380 0.4404 1.4267
v -0.7380 0.5801 1.3188
v -0.7380 0.5348 1.4433
v -0.7380 0.7030 1.3898
v -0.7380 0.6179 1.4913
v -0.7380 0.7943 1.4985
v -0.7380 0.6795 1.5648
v -0.7380 0.8428 1.6319
v -0.7826 0.7105 2.0554
v -0.7665 0.8589 1.7766
v -0.7826 0.7105 1.3503
v -0.7665 0.7135 1.3773
v -0.7826 0.4207 1.2592
v -0.7826 0.0659 1.4640
v -0.7826 0.1401 1.3756
v -0.7826 0.0659 1.9417
v -0.7665 0.0723 1.9153
v -0.7826 0.4207 2.1465
v -0.7665 0.5292 1.9470
v -0.7665 0.4404 1.9626
v -0.7665 0.3515 1.9470
v -0.7665 0.2734 1.9019
v -0.7665 0.2154 1.8327
v -0.7665 0.1845 1.7480
v -0.7665 0.1845 1.6577
v -0.7665 0.2154 1.5729
v -0.7665 0.2734 1.5038
v -0.7665 0.3515 1.4587
v -0.7665 0.4404 1.4431
v -0.7665 0.5292 1.4587
v -0.7665 0.6073 1.5038
v -0.7665 0.6653 1.5729
v -0.7665 0.6962 1.6577
v -0.7665 0.6962 1.7480
v -0.7665 0.6653 1.8327
v -0.7665 0.6073 1.9019
v 1.0966 0.8428 1.7738
v 1.0966 0.7123 1.7508
v 1.0966 0.7123 1.6549
v 1.0966 0.7943 1.9072
v 1.0966 0.6795 1.8409
v 1.0966 0.7030 2.0159
v 1.0966 0.6179 1.9144
v 1.0966 0.5801 2.0868
v 1.0966 0.5348 1.9623
v 1.0966 0.4404 2.1115
v 1.0966 0.4404 1.9790
v 1.0966 0.3006 2.0868
v 1.0966 0.3459 1.9623
v 1.0966 0.1777 2.0159
v 1.0966 0.2629 1.9144
v 1.0966 0.0865 1.9072
v 1.0966 0.2012 1.8409
v 1.0966 0.0379 1.7738
v 1.0966 0.1684 1.7508
v 1.0966 0.0379 1.6319
v 1.0966 0.1684 1.6549
v 1.0966 0.0865 1.4985
v 1.0966 0.2012 1.5648
v 1.0966 0.1777 1.3898
v 1.0966 0.2629 1.4913
v 1.0966 0.3006 1.3188
v 1.0966 0.3459 1.4433
v 1.0966 0.4404 1.2942
v 1.0966 0.4404 1.4267
v 1.0966 0.5801 1.3188
v 1.0966 0.5348 1.4433
v 1.0966 0.7030 1.3898
v 1.0966 0.6179 1.4913
v 1.0966 0.7943 1.4985
v 1.0966 0.6795 1.5648
v 1.0966 0.8428 1.6319
v 1.0681 0.7135 2.0284
v 1.0520 0.7105 2.0554
v 1.0520 0.6106 2.1130
v 1.0681 0.5857 2.1022
v 0.7660 0.5857 2.1022
v 0.7822 0.6106 2.1130
v 1.0681 0.8589 1.7766
v 1.0520 0.8739 1.7992
v 1.0520 0.8344 1.9077
v 1.0681 0.8084 1.9153
v 0.7822 0.8344 1.9077
v 0.7660 0.8084 1.9153
v 1.0681 0.8084 1.4903
v 1.0520 0.8344 1.4980
v 1.0520 0.8739 1.6064
v 1.0681 0.8589 1.6290
v 0.7660 0.8589 1.6290
v 0.7822 0.8739 1.6064
v 1.0681 0.5857 1.3035
v 1.0520 0.6106 1.2926
v 1.0520 0.7105 1.3503
v 1.0681 0.7135 1.3773
v 1.0681 0.2950 1.3035
v 1.0520 0.3071 1.2792
v 1.0520 0.4207 1.2592
v 1.0681 0.4404 1.2778
v 1.0681 0.0723 1.4903
v 1.0520 0.0659 1.4640
v 1.0520 0.1401 1.3756
v 1.0681 0.1672 1.3773
v 1.0681 0.0218 1.7766
v 1.0520 0.0000 1.7605
v 1.0520 0.0000 1.6452
v 1.0681 0.0218 1.6290
v 0.7660 0.0218 1.6290
v 0.7822 0.0000 1.6452
v 1.0681 0.1672 2.0284
v 1.0520 0.1401 2.0301
v 1.0520 0.0659 1.9417
v 1.0681 0.0723 1.9153
v 1.0681 0.4404 2.1278
v 1.0520 0.4207 2.1465
v 1.0520 0.3071 2.1265
v 1.0681 0.2950 2.1022
v 0.7822 0.3071 2.1265
v 0.7660 0.2950 2.1022
v 1.0681 0.5292 1.9470
v 1.0681 0.4404 1.9626
v 1.0681 0.3515 1.9470
v 1.0681 0.2734 1.9019
v 1.0681 0.2154 1.8327
v 1.0681 0.1845 1.7480
v 1.0681 0.1845 1.6577
v 1.0681 0.2154 1.5729
v 1.0681 0.2734 1.5038
v 1.0681 0.3515 1.4587
v 1.0681 0.4404 1.4431
v 1.0681 0.5292 1.4587
v 1.0681 0.6073 1.5038
v 1.0681 0.6653 1.5729
v 1.0681 0.6962 1.6577
v 1.0681 0.6962 1.7480
v 1.0681 0.6653 1.8327
v 1.0681 0.6073 1.9019
v 0.7660 0.4404 2.1278
v 0.7660 0.7135 2.0284
v 0.7822 0.8739 1.7992
v 0.7660 0.4404 1.2778
v 0.7660 0.5857 1.3035
v 0.7660 0.1672 1.3773
v 0.7660 0.2950 1.3035
v 0.7660 0.0723 1.4903
v 0.7660 0.8084 1.4903
v 0.7822 0.8344 1.4980
v 0.7822 0.6106 1.2926
v 0.7822 0.3071 1.2792
v 0.7660 0.0218 1.7766
v 0.7822 0.0000 1.7605
v 0.7660 0.1672 2.0284
v 0.7822 0.1401 2.0301
v 0.7376 0.7943 1.9072
v 0.7376 0.8428 1.7738
v 0.7376 0.7123 1.7508
v 0.7376 0.6795 1.8409
v 0.7376 0.7030 2.0159
v 0.7376 0.6179 1.9144
v 0.7376 0.5801 2.0868
v 0.7376 0.5348 1.9623
v 0.7376 0.4404 2.1115
v 0.7376 0.4404 1.9790
v 0.7376 0.3006 2.0868
v 0.7376 0.3459 1.9623
v 0.7376 0.1777 2.0159
v 0.7376 0.2629 1.9144
v 0.7376 0.0865 1.9072
v 0.7376 0.2012 1.8409
v 0.7376 0.0379 1.7738
v 0.7376 0.1684 1.7508
v 0.7376 0.0379 1.6319
v 0.7376 0.1684 1.6549
v 0.7376 0.0865 1.4985
v 0.7376 0.2012 1.5648
v 0.7376 0.1777 1.3898
v 0.7376 0.2629 1.4913
v 0.7376 0.3006 1.3188
v 0.7376 0.3459 1.4433
v 0.7376 0.4404 1.2942
v 0.7376 0.4404 1.4267
v 0.7376 0.5801 1.3188
v 0.7376 0.5348 1.4433
v 0.7376 0.7030 1.3898
v 0.7376 0.6179 1.4913
v 0.7376 0.7943 1.4985
v 0.7376 0.6795 1.5648
v 0.7376 0.8428 1.6319
v 0.7376 0.7123 1.6549
v 0.7822 0.7105 2.0554
v 0.7660 0.8589 1.7766
v 0.7660 0.7135 1.3773
v 0.7822 0.7105 1.3503
v 0.7822 0.4207 1.2592
v 0.7822 0.1401 1.3756
v 0.7822 0.0659 1.4640
v 0.7660 0.0723 1.9153
v 0.7822 0.0659 1.9417
v 0.7822 0.4207 2.1465
v 0.7660 0.5292 1.9470
v 0.7660 0.4404 1.9626
v 0.7660 0.3515 1.9470
v 0.7660 0.2734 1.9019
v 0.7660 0.2154 1.8327
v 0.7660 0.1845 1.7480
v 0.7660 0.1845 1.6577
v 0.7660 0.2154 1.5729
v 0.7660 0.2734 1.5038
v 0.7660 0.3515 1.4587
v 0.7660 0.4404 1.4431
v 0.7660 0.5292 1.4587
v 0.7660 0.6073 1.5038
v 0.7660 0.6653 1.5729
v 0.7660 0.6962 1.6577
v 0.7660 0.6962 1.7480
v 0.7660 0.6653 1.8327
v 0.7660 0.6073 1.9019
v -1.0970 0.7943 -1.4398
v -1.0970 0.8428 -1.5732
v -1.0970 0.7123 -1.5962
v -1.0970 0.6795 -1.5061
v -1.0970 0.7030 -1.3311
v -1.0970 0.6179 -1.4326
v -1.0970 0.5801 -1.2602
v -1.0970 0.5348 -1.3847
v -1.0970 0.4404 -1.2355
v -1.0970 0.4404 -1.3680
v -1.0970 0.3006 -1.2602
v -1.0970 0.3459 -1.3847
v -1.0970 0.1777 -1.3311
v -1.0970 0.2629 -1.4326
v -1.0970 0.0865 -1.4398
v -1.0970 0.2012 -1.5061
v -1.0970 0.0379 -1.5732
v -1.0970 0.1684 -1.5962
v -1.0970 0.0379 -1.7151
v -1.0970 0.1684 -1.6921
v -1.0970 0.0865 -1.8485
v -1.0970 0.2012 -1.7822
v -1.0970 0.1777 -1.9572
v -1.0970 0.2629 -1.8557
v -1.0970 0.3006 -2.0282
v -1.0970 0.3459 -1.9037
v -1.0970 0.4404 -2.0528
v -1.0970 0.4404 -1.9203
v -1.0970 0.5801 -2.0282
v -1.0970 0.5348 -1.9037
v -1.0970 0.7030 -1.9572
v -1.0970 0.6179 -1.8557
v -1.0970 0.7943 -1.8485
v -1.0970 0.6795 -1.7822
v -1.0970 0.8428 -1.7151
v -1.0970 0.7123 -1.6921
v -1.0686 0.7135 -1.3186
v -1.0686 0.5857 -1.2448
v -1.0525 0.6106 -1.2340
v -1.0525 0.7105 -1.2916
v -0.7665 0.5857 -1.2448
v -0.7826 0.6106 -1.2340
v -1.0686 0.8589 -1.5704
v -1.0686 0.8084 -1.4317
v -1.0525 0.8344 -1.4393
v -1.0525 0.8739 -1.5478
v -0.7665 0.8084 -1.4317
v -0.7826 0.8344 -1.4393
v -1.0686 0.8084 -1.8567
v -1.0686 0.8589 -1.7180
v -1.0525 0.8739 -1.7406
v -1.0525 0.8344 -1.8490
v -0.7665 0.8589 -1.7180
v -0.7826 0.8739 -1.7406
v -1.0686 0.5857 -2.0435
v -1.0686 0.7135 -1.9697
v -1.0525 0.7105 -1.9967
v -1.0525 0.6106 -2.0544
v -1.0686 0.2950 -2.0435
v -1.0686 0.4404 -2.0692
v -1.0525 0.4207 -2.0878
v -1.0525 0.3071 -2.0678
v -1.0686 0.0723 -1.8567
v -1.0686 0.1672 -1.9697
v -1.0525 0.1401 -1.9714
v -1.0525 0.0659 -1.8830
v -1.0686 0.0218 -1.5704
v -1.0686 0.0218 -1.7180
v -1.0525 0.0000 -1.7019
v -1.0525 0.0000 -1.5865
v -0.7665 0.0218 -1.7180
v -0.7826 0.0000 -1.7019
v -1.0686 0.1672 -1.3186
v -1.0686 0.0723 -1.4317
v -1.0525 0.0659 -1.4053
v -1.0525 0.1401 -1.3169
v -1.0686 0.4404 -1.2192
v -1.0686 0.2950 -1.2448
v -1.0525 0.3071 -1.2205
v -1.0525 0.4207 -1.2005
v -0.7665 0.2950 -1.2448
v -0.7826 0.3071 -1.2205
v -1.0686 0.5292 -1.4000
v -1.0686 0.4404 -1.3844
v -1.0686 0.3515 -1.4000
v -1.0686 0.2734 -1.4452
v -1.0686 0.2154 -1.5143
v -1.0686 0.1845 -1.5991
v -1.0686 0.1845 -1.6893
v -1.0686 0.2154 -1.7741
v -1.0686 0.2734 -1.8432
v -1.0686 0.3515 -1.8883
v -1.0686 0.4404 -1.9040
v -1.0686 0.5292 -1.8883
v -1.0686 0.6073 -1.8432
v -1.0686 0.6653 -1.7741
v -1.0686 0.6962 -1.6893
v -1.0686 0.6962 -1.5991
v -1.0686 0.6653 -1.5143
v -1.0686 0.6073 -1.4452
v -0.7665 0.4404 -1.2192
v -0.7665 0.7135 -1.3186
v -0.7826 0.8739 -1.5478
v -0.7665 0.5857 -2.0435
v -0.7665 0.4404 -2.0692
v -0.7665 0.2950 -2.0435
v -0.7665 0.1672 -1.9697
v -0.7665 0.0723 -1.8567
v -0.7826 0.8344 -1.8490
v -0.7665 0.8084 -1.8567
v -0.7826 0.6106 -2.0544
v -0.7826 0.3071 -2.0678
v -0.7826 0.0000 -1.5865
v -0.7665 0.0218 -1.5704
v -0.7826 0.1401 -1.3169
v -0.7665 0.1672 -1.3186
v -0.7380 0.8428 -1.5732
v -0.7380 0.7123 -1.5962
v -0.7380 0.7123 -1.6921
v -0.7380 0.7943 -1.4398
v -0.7380 0.6795 -1.5061
v -0.7380 0.7030 -1.3311
v -0.7380 0.6179 -1.4326
v -0.7380 0.5801 -1.2602
v -0.7380 0.5348 -1.3847
v -0.7380 0.4404 -1.2355
v -0.7380 0.4404 -1.3680
v -0.7380 0.3006 -1.2602
v -0.7380 0.3459 -1.3847
v -0.7380 0.1777 -1.3311
v -0.7380 0.2629 -1.4326
v -0.7380 0.0865 -1.4398
v -0.7380 0.2012 -1.5061
v -0.7380 0.0379 -1.5732
v -0.7380 0.1684 -1.5962
v -0.7380 0.0379 -1.7151
v -0.7380 0.1684 -1.6921
v -0.7380 0.0865 -1.8485
v -0.7380 0.2012 -1.7822
v -0.7380 0.1777 -1.9572
v -0.7380 0.2629 -1.8557
v -0.7380 0.3006 -2.0282
v -0.7380 0.3459 -1.9037
v -0.7380 0.4404 -2.0528
v -0.7380 0.4404 -1.9203
v -0.7380 0.5801 -2.0282
v -0.7380 0.5348 -1.9037
v -0.7380 0.7030 -1.9572
v -0.7380 0.6179 -1.8557
v -0.7380 0.7943 -1.8485
v -0.7380 0.6795 -1.7822
v -0.7380 0.8428 -1.7151
v -0.7826 0.7105 -1.2916
v -0.7665 0.8589 -1.5704
v -0.7826 0.7105 -1.9967
v -0.7665 0.7135 -1.9697
v -0.7826 0.4207 -2.0878
v -0.7826 0.0659 -1.8830
v -0.7826 0.1401 -1.9714
v -0.7826 0.0659 -1.4053
v -0.7665 0.0723 -1.4317
v -0.7826 0.4207 -1.2005
v -0.7665 0.5292 -1.4000
v -0.7665 0.4404 -1.3844
v -0.7665 0.3515 -1.4000
v -0.7665 0.2734 -1.4452
v -0.7665 0.2154 -1.5143
v -0.7665 0.1845 -1.5991
v -0.7665 0.1845 -1.6893
v -0.7665 0.2154 -1.7741
v -0.7665 0.2734 -1.8432
v -0.7665 0.3515 -1.8883
v -0.7665 0.4404 -1.9040
v -0.7665 0.5292 -1.8883
v -0.7665 0.6073 -1.8432
v -0.7665 0.6653 -1.7741
v -0.7665 0.6962 -1.6893
v -0.7665 0.6962 -1.5991
v -0.7665 0.6653 -1.5143
v -0.7665 0.6073 -1.4452
v 1.0966 0.8428 -1.5732
v 1.0966 0.7123 -1.5962
v 1.0966 0.7123 -1.6921
v 1.0966 0.7943 -1.4398
v 1.0966 0.6795 -1.5061
v 1.0966 0.7030 -1.3311
v 1.0966 0.6179 -1.4326
v 1.0966 0.5801 -1.2602
v 1.0966 0.5348 -1.3847
v 1.0966 0.4404 -1.2355
v 1.0966 0.4404 -1.3680
v 1.0966 0.3006 -1.2602
v 1.0966 0.3459 -1.3847
v 1.0966 0.1777 -1.3311
v 1.0966 0.2629 -1.4326
v 1.0966 0.0865 -1.4398
v 1.0966 0.2012 -1.5061
v 1.0966 0.0379 -1.5732
v 1.0966 0.1684 -1.5962
v 1.0966 0.0379 -1.7151
v 1.0966 0.1684 -1.6921
v 1.0966 0.0865 -1.8485
v 1.0966 0.2012 -1.7822
v 1.0966 0.1777 -1.9572
v 1.0966 0.2629 -1.8557
v 1.0966 0.3006 -2.0282
v 1.0966 0.3459 -1.9037
v 1.0966 0.4404 -2.0528
v 1.0966 0.4404 -1.9203
v 1.0966 0.5801 -2.0282
v 1.0966 0.5348 -1.9037
v 1.0966 0.7030 -1.9572
v 1.0966 0.6179 -1.8557
v 1.0966 0.7943 -1.8485
v 1.0966 0.6795 -1.7822
v 1.0966 0.8428 -1.7151
v 1.0681 0.7135 -1.3186
v 1.0520 0.7105 -1.2916
v 1.0520 0.6106 -1.2340
v 1.0681 0.5857 -1.2448
v 0.7660 0.5857 -1.2448
v 0.7822 0.6106 -1.2340
v 1.0681 0.8589 -1.5704
v 1.0520 0.8739 -1.5478
v 1.0520 0.8344 -1.4393
v 1.0681 0.8084 -1.4317
v 0.7822 0.8344 -1.4393
v 0.7660 0.8084 -1.4317
v 1.0681 0.8084 -1.8567
v 1.0520 0.8344 -1.8490
v 1.0520 0.8739 -1.7406
v 1.0681 0.8589 -1.7180
v 0.7660 0.8589 -1.7180
v 0.7822 0.8739 -1.7406
v 1.0681 0.5857 -2.0435
v 1.0520 0.6106 -2.0544
v 1.0520 0.7105 -1.9967
v 1.0681 0.7135 -1.9697
v 1.0681 0.2950 -2.0435
v 1.0520 0.3071 -2.0678
v 1.0520 0.4207 -2.0878
v 1.0681 0.4404 -2.0692
v 1.0681 0.0723 -1.8567
v 1.0520 0.0659 -1.8830
v 1.0520 0.1401 -1.9714
v 1.0681 0.1672 -1.9697
v 1.0681 0.0218 -1.5704
v 1.0520 0.0000 -1.5865
v 1.0520 0.0000 -1.7019
v 1.0681 0.0218 -1.7180
v 0.7660 0.0218 -1.7180
v 0.7822 0.0000 -1.7019
v 1.0681 0.1672 -1.3186
v 1.0520 0.1401 -1.3169
v 1.0520 0.0659 -1.4053
v 1.0681 0.0723 -1.4317
v 1.0681 0.4404 -1.2192
v 1.0520 0.4207 -1.2005
v 1.0520 0.3071 -1.2205
v 1.0681 0.2950 -1.2448
v 0.7822 0.3071 -1.2205
v 0.7660 0.2950 -1.2448
v 1.0681 0.5292 -1.4000
v 1.0681 0.4404 -1.3844
v 1.0681 0.3515 -1.4000
v 1.0681 0.2734 -1.4452
v 1.0681 0.2154 -1.5143
v 1.0681 0.1845 -1.5991
v 1.0681 0.1845 -1.6893
v 1.0681 0.2154 -1.7741
v 1.0681 0.2734 -1.8432
v 1.0681 0.3515 -1.8883
v 1.0681 0.4404 -1.9040
v 1.0681 0.5292 -1.8883
v 1.0681 0.6073 -1.8432
v 1.0681 0.6653 -1.7741
v 1.0681 0.6962 -1.6893
v 1.0681 0.6962 -1.5991
v 1.0681 0.6653 -1.5143
v 1.0681 0.6073 -1.4452
v 0.7660 0.4404 -1.2192
v 0.7660 0.7135 -1.3186
v 0.7822 0.8739 -1.5478
v 0.7660 0.4404 -2.0692
v 0.7660 0.5857 -2.0435
v 0.7660 0.1672 -1.9697
v 0.7660 0.2950 -2.0435
v 0.7660 0.0723 -1.8567
v 0.7660 0.8084 -1.8567
v 0.7822 0.8344 -1.8490
v 0.7822 0.6106 -2.0544
v 0.7822 0.3071 -2.0678
v 0.7660 0.0218 -1.5704
v 0.7822 0.0000 -1.5865
v 0.7660 0.1672 -1.3186
v 0.7822 0.1401 -1.3169
v 0.7376 0.7943 -1.4398
v 0.7376 0.8428 -1.5732
v 0.7376 0.7123 -1.5962
v 0.7376 0.6795 -1.5061
v 0.7376 0.7030 -1.3311
v 0.7376 0.6179 -1.4326
v 0.7376 0.5801 -1.2602
v 0.7376 0.5348 -1.3847
v 0.7376 0.4404 -1.2355
v 0.7376 0.4404 -1.3680
v 0.7376 0.3006 -1.2602
v 0.7376 0.3459 -1.3847
v 0.7376 0.1777 -1.3311
v 0.7376 0.2629 -1.4326
v 0.7376 0.0865 -1.4398
v 0.7376 0.2012 -1.5061
v 0.7376 0.0379 -1.5732
v 0.7376 0.1684 -1.5962
v 0.7376 0.0379 -1.7151
v 0.7376 0.1684 -1.6921
v 0.7376 0.0865 -1.8485
v 0.7376 0.2012 -1.7822
v 0.7376 0.1777 -1.9572
v 0.7376 0.2629 -1.8557
v 0.7376 0.3006 -2.0282
v 0.7376 0.3459 -1.9037
v 0.7376 0.4404 -2.0528
v 0.7376 0.4404 -1.9203
v 0.7376 0.5801 -2.0282
v 0.7376 0.5348 -1.9037
v 0.7376 0.7030 -1.9572
v 0.7376 0.6179 -1.8557
v 0.7376 0.7943 -1.8485
v 0.7376 0.6795 -1.7822
v 0.7376 0.8428 -1.7151
v 0.7376 0.7123 -1.6921
v 0.7822 0.7105 -1.2916
v 0.7660 0.8589 -1.5704
v 0.7660 0.7135 -1.9697
v 0.7822 0.7105 -1.9967
v 0.7822 0.4207 -2.0878
v 0.7822 0.1401 -1.9714
v 0.7822 0.0659 -1.8830
v 0.7660 0.0723 -1.4317
v 0.7822 0.0659 -1.4053
v 0.7822 0.4207 -1.2005
v 0.7660 0.5292 -1.4000
v 0.7660 0.4404 -1.3844
v 0.7660 0.3515 -1.4000
v 0.7660 0.2734 -1.4452
v 0.7660 0.2154 -1.5143
v 0.7660 0.1845 -1.5991
v 0.7660 0.1845 -1.6893
v 0.7660 0.2154 -1.7741
v 0.7660 0.2734 -1.8432
v 0.7660 0.3515 -1.8883
v 0.7660 0.4404 -1.9040
v 0.7660 0.5292 -1.8883
v 0.7660 0.6073 -1.8432
v 0.7660 0.6653 -1.7741
v 0.7660 0.6962 -1.6893
v 0.7660 0.6962 -1.5991
v 0.7660 0.6653 -1.5143
v 0.7660 0.6073 -1.4452
v -0.6954 1.1897 -2.5115
v -0.6954 1.1897 -2.4130
v -0.6954 0.8234 -2.4130
v -0.6954 0.8234 -2.5115
v -0.7325 1.1897 -2.5232
v -0.7325 0.8234 -2.5232
v -0.9282 1.1897 -2.5232
v -0.9282 0.8234 -2.5232
v -0.9472 1.1897 -2.5115
v -0.9472 0.8234 -2.5115
v -0.9472 1.1897 -2.3879
v -0.9472 0.8234 -2.3879
v -0.9354 1.1897 -2.3636
v -0.9354 0.8234 -2.3636
v -0.8629 1.1897 -2.3636
v -0.8629 0.8234 -2.3636
v -0.8629 1.1897 -2.4130
v -0.8629 0.8234 -2.4130
v -0.8966 1.3662 -2.3745
v -0.8738 1.3662 -2.3745
v -0.8738 1.3662 -2.4239
v -0.7316 1.3662 -2.4239
v -0.7316 1.3662 -2.4898
v -0.7370 1.3662 -2.4951
v -0.8966 1.3662 -2.4951
v -0.9020 1.3662 -2.4898
v -0.9020 1.3662 -2.3924
v -0.6954 1.3590 -2.4943
v -0.6954 1.3590 -2.4130
v -0.7325 1.3590 -2.5060
v -0.9188 1.3590 -2.5060
v -0.9378 1.3590 -2.4943
v -0.9378 1.3590 -2.3879
v -0.9261 1.3590 -2.3636
v -0.8629 1.3590 -2.3636
v -0.8629 1.3590 -2.4130
v 0.6954 1.1897 -2.5115
v 0.6954 0.8234 -2.5115
v 0.6954 0.8234 -2.4130
v 0.6954 1.1897 -2.4130
v 0.7325 1.1897 -2.5232
v 0.7325 0.8234 -2.5232
v 0.9282 1.1897 -2.5232
v 0.9282 0.8234 -2.5232
v 0.9472 1.1897 -2.5115
v 0.9472 0.8234 -2.5115
v 0.9472 1.1897 -2.3879
v 0.9472 0.8234 -2.3879
v 0.9354 1.1897 -2.3636
v 0.9354 0.8234 -2.3636
v 0.8629 1.1897 -2.3636
v 0.8629 0.8234 -2.3636
v 0.8629 1.1897 -2.4130
v 0.8629 0.8234 -2.4130
v 0.7370 1.3662 -2.4951
v 0.7316 1.3662 -2.4898
v 0.7316 1.3662 -2.4239
v 0.8738 1.3662 -2.4239
v 0.8966 1.3662 -2.4951
v 0.9020 1.3662 -2.4898
v 0.9020 1.3662 -2.3924
v 0.8966 1.3662 -2.3745
v 0.8738 1.3662 -2.3745
v 0.6954 1.3590 -2.4130
v 0.6954 1.3590 -2.4943
v 0.7325 1.3590 -2.5060
v 0.9188 1.3590 -2.5060
v 0.9378 1.3590 -2.4943
v 0.9378 1.3590 -2.3879
v 0.9261 1.3590 -2.3636
v 0.8629 1.3590 -2.3636
v 0.8629 1.3590 -2.4130
vt 0.69783 0.08056
vt 0.69783 0.08056
vt 0.69784 0.08056
vt 0.69784 0.08056
vt 0.69783 0.08055
vt 0.69783 0.08055
vt 0.69783 0.08056
vt 0.69783 0.08056
vt 0.69784 0.08055
vt 0.69784 0.08055
vt 0.69783 0.08055
vt 0.69783 0.08055
vt 0.69783 0.08056
vt 0.69784 0.08056
vt 0.69784 0.08055
vt 0.69783 0.08055
vt 0.69783 0.08056
vt 0.69783 0.08055
vt 0.69784 0.08055
vt 0.69784 0.08056
vt 0.69784 0.08056
vt 0.69784 0.08056
vt 0.69783 0.08056
vt 0.69783 0.08056
vt 0.69784 0.08055
vt 0.69783 0.08055
vt 0.69783 0.08055
vt 0.69784 0.08055
vt 0.69783 0.08056
vt 0.69783 0.08056
vt 0.69783 0.08055
vt 0.69783 0.08055
vt 0.69783 0.08056
vt 0.69783 0.08056
vt 0.69784 0.08056
vt 0.69784 0.08056
vt 0.69783 0.08056
vt 0.69783 0.08055
vt 0.69783 0.08055
vt 0.69783 0.08056
vt 0.69784 0.08055
vt 0.69784 0.08055
vt 0.69783 0.08055
vt 0.69783 0.08055
vt 0.69784 0.08055
vt 0.69784 0.08055
vt 0.69784 0.08056
vt 0.69784 0.08055
vt 0.69784 0.08056
vt 0.69784 0.08056
vt 0.69784 0.08056
vt 0.69784 0.08055
vt 0.69783 0.08055
vt 0.69783 0.08055
vt 0.69783 0.08055
vt 0.69783 0.08055
vt 0.69783 0.08055
vt 0.69783 0.08055
vt 0.69783 0.08055
vt 0.69783 0.08055
vt 0.69784 0.08055
vt 0.69784 0.08055
vt 0.69783 0.08055
vt 0.69783 0.08055
vt 0.69784 0.08055
vt 0.69784 0.08055
vt 0.69784 0.08055
vt 0.69784 0.08055
vt 0.69784 0.08055
vt 0.69784 0.08055
vt 0.69784 0.08055
vt 0.69784 0.08055
vt 0.69784 0.08055
vt 0.69784 0.08055
vt 0.69784 0.08055
vt 0.69784 0.08055
vt 0.69783 0.08055
vt 0.69783 0.08055
vt 0.69784 0.08055
vt 0.69784 0.08055
vt 0.69783 0.08055
vt 0.69783 0.08055
vt 0.69783 0.08055
vt 0.69783 0.08055
vt 0.69181 0.09404
vt 0.69181 0.09405
vt 0.69181 0.09405
vt 0.69181 0.09404
vt 0.69179 0.09405
vt 0.69179 0.09405
vt 0.69179 0.09405
vt 0.69179 0.09405
vt 0.69179 0.09405
vt 0.69179 0.09405
vt 0.69179 0.09405
vt 0.69179 0.09405
vt 0.69181 0.09403
vt 0.69181 0.09403
vt 0.69181 0.09403
vt 0.69181 0.09403
vt 0.69179 0.09405
vt 0.69179 0.09405
vt 0.69179 0.09405
vt 0.69179 0.09405
vt 0.69181 0.09400
vt 0.69181 0.09400
vt 0.69182 0.09400
vt 0.69182 0.09400
vt 0.69182 0.09401
vt 0.69182 0.09401
vt 0.69182 0.09400
vt 0.69182 0.09400
vt 0.69182 0.09401
vt 0.69182 0.09401
vt 0.69181 0.09401
vt 0.69181 0.09401
vt 0.69181 0.09401
vt 0.69181 0.09401
vt 0.69181 0.09401
vt 0.69182 0.09401
vt 0.69182 0.09401
vt 0.69181 0.09401
vt 0.69181 0.09401
vt 0.69181 0.09401
vt 0.69182 0.09401
vt 0.69181 0.09400
vt 0.69181 0.09400
vt 0.69182 0.09400
vt 0.69182 0.09400
vt 0.69182 0.09401
vt 0.69181 0.09401
vt 0.69182 0.09401
vt 0.69182 0.09401
vt 0.69182 0.09401
vt 0.69182 0.09401
vt 0.69181 0.09401
vt 0.69181 0.09401
vt 0.69181 0.09401
vt 0.69182 0.09401
vt 0.69181 0.09400
vt 0.69181 0.09400
vt 0.69182 0.09400
vt 0.69182 0.09400
vt 0.69182 0.09401
vt 0.69181 0.09401
vt 0.69182 0.09401
vt 0.69182 0.09400
vt 0.69182 0.09401
vt 0.69182 0.09401
vt 0.69182 0.09400
vt 0.69182 0.09400
vt 0.69182 0.09401
vt 0.69182 0.09401
vt 0.69182 0.09401
vt 0.69182 0.09400
vt 0.69182 0.09401
vt 0.69182 0.09400
vt 0.69182 0.09401
vt 0.69182 0.09400
vt 0.69182 0.09401
vt 0.69182 0.09400
vt 0.69182 0.09401
vt 0.69182 0.09401
vt 0.69182 0.09400
vt 0.69182 0.09401
vt 0.69182 0.09401
vt 0.69182 0.09406
vt 0.69182 0.09406
vt 0.69182 0.09406
vt 0.69182 0.09406
vt 0.69182 0.09406
vt 0.69182 0.09406
vt 0.69182 0.09406
vt 0.69182 0.09406
vt 0.69182 0.09406
vt 0.69182 0.09406
vt 0.69182 0.09406
vt 0.69182 0.09406
vt 0.69182 0.09406
vt 0.69182 0.09402
vt 0.69182 0.09403
vt 0.69182 0.09403
vt 0.69182 0.09402
vt 0.69180 0.09403
vt 0.69181 0.09403
vt 0.69181 0.09403
vt 0.69180 0.09403
vt 0.69178 0.09405
vt 0.69178 0.09405
vt 0.69181 0.09405
vt 0.69181 0.09405
vt 0.69177 0.09405
vt 0.69177 0.09405
vt 0.69181 0.09404
vt 0.69181 0.09404
vt 0.69181 0.09403
vt 0.69180 0.09403
vt 0.69181 0.09403
vt 0.69180 0.09403
vt 0.69181 0.09403
vt 0.69180 0.09403
vt 0.69181 0.09403
vt 0.69180 0.09403
vt 0.69181 0.09401
vt 0.69181 0.09402
vt 0.69181 0.09402
vt 0.69181 0.09401
vt 0.69181 0.09402
vt 0.69181 0.09402
vt 0.69181 0.09403
vt 0.69181 0.09403
vt 0.69179 0.09405
vt 0.69179 0.09405
vt 0.69179 0.09405
vt 0.69179 0.09405
vt 0.69182 0.09406
vt 0.69182 0.09406
vt 0.69179 0.09405
vt 0.69181 0.09404
vt 0.69181 0.09404
vt 0.69181 0.09402
vt 0.69181 0.09402
vt 0.69181 0.09402
vt 0.69181 0.09403
vt 0.69181 0.09403
vt 0.69181 0.09403
vt 0.69181 0.09402
vt 0.69181 0.09402
vt 0.69181 0.09403
vt 0.69181 0.09403
vt 0.69178 0.09405
vt 0.69177 0.09405
vt 0.69177 0.09405
vt 0.69178 0.09405
vt 0.69179 0.09405
vt 0.69179 0.09405
vt 0.69179 0.09405
vt 0.69179 0.09405
vt 0.69178 0.09404
vt 0.69178 0.09404
vt 0.69178 0.09405
vt 0.69178 0.09405
vt 0.69181 0.09403
vt 0.69181 0.09403
vt 0.69181 0.09403
vt 0.69181 0.09403
vt 0.69177 0.09404
vt 0.69177 0.09404
vt 0.69177 0.09404
vt 0.69178 0.09404
vt 0.69178 0.09404
vt 0.69178 0.09404
vt 0.69178 0.09404
vt 0.69178 0.09404
vt 0.69178 0.09404
vt 0.69177 0.09404
vt 0.69177 0.09404
vt 0.69177 0.09404
vt 0.69177 0.09404
vt 0.69177 0.09404
vt 0.69177 0.09404
vt 0.69177 0.09404
vt 0.69177 0.09404
vt 0.69177 0.09404
vt 0.69178 0.09404
vt 0.69178 0.09404
vt 0.69178 0.09404
vt 0.69178 0.09404
vt 0.69177 0.09404
vt 0.69177 0.09404
vt 0.69177 0.09404
vt 0.69177 0.09404
vt 0.69178 0.09404
vt 0.69178 0.09404
vt 0.69178 0.09404
vt 0.69177 0.09404
vt 0.69177 0.09404
vt 0.69177 0.09404
vt 0.69177 0.09404
vt 0.69178 0.09404
vt 0.69177 0.09404
vt 0.69177 0.09404
vt 0.69177 0.09404
vt 0.69178 0.09404
vt 0.69178 0.09404
vt 0.69177 0.09404
vt 0.69178 0.09404
vt 0.69178 0.09404
vt 0.69178 0.09404
vt 0.69178 0.09404
vt 0.69178 0.09404
vt 0.69178 0.09404
vt 0.69178 0.09404
vt 0.69178 0.09404
vt 0.69178 0.09404
vt 0.69178 0.09404
vt 0.69178 0.09404
vt 0.69178 0.09404
vt 0.69178 0.09404
vt 0.69178 0.09404
vt 0.69178 0.09404
vt 0.69178 0.09404
vt 0.69178 0.09404
vt 0.69178 0.09404
vt 0.69178 0.09404
vt 0.69178 0.09404
vt 0.69178 0.09404
vt 0.69181 0.09403
vt 0.69181 0.09403
vt 0.69181 0.09403
vt 0.69181 0.09403
vt 0.69181 0.09403
vt 0.69181 0.09403
vt 0.69181 0.09403
vt 0.69181 0.09403
vt 0.69182 0.09403
vt 0.69182 0.09403
vt 0.69182 0.09403
vt 0.69182 0.09403
vt 0.69181 0.09402
vt 0.69181 0.09402
vt 0.69181 0.09402
vt 0.69181 0.09402
vt 0.69178 0.09405
vt 0.69178 0.09405
vt 0.69181 0.09404
vt 0.69181 0.09404
vt 0.69177 0.09405
vt 0.69178 0.09405
vt 0.69181 0.09404
vt 0.69181 0.09404
vt 0.69181 0.09402
vt 0.69181 0.09402
vt 0.69181 0.09402
vt 0.69181 0.09402
vt 0.69181 0.09402
vt 0.69181 0.09402
vt 0.69181 0.09402
vt 0.69181 0.09402
vt 0.69181 0.09402
vt 0.69181 0.09402
vt 0.69181 0.09402
vt 0.69181 0.09402
vt 0.69180 0.09402
vt 0.69180 0.09402
vt 0.69181 0.09402
vt 0.69181 0.09402
vt 0.69177 0.09405
vt 0.69177 0.09405
vt 0.69181 0.09404
vt 0.69181 0.09404
vt 0.69178 0.09405
vt 0.69178 0.09405
vt 0.69182 0.09406
vt 0.69182 0.09406
vt 0.69180 0.09402
vt 0.69180 0.09402
vt 0.69181 0.09402
vt 0.69181 0.09402
vt 0.69180 0.09402
vt 0.69180 0.09402
vt 0.69180 0.09402
vt 0.69181 0.09402
vt 0.69181 0.09402
vt 0.69180 0.09402
vt 0.69177 0.09405
vt 0.69177 0.09404
vt 0.69177 0.09405
vt 0.69177 0.09405
vt 0.69177 0.09405
vt 0.69177 0.09404
vt 0.69177 0.09405
vt 0.69177 0.09404
vt 0.69180 0.09399
vt 0.69181 0.09399
vt 0.69181 0.09399
vt 0.69180 0.09399
vt 0.69180 0.09399
vt 0.69181 0.09399
vt 0.69180 0.09399
vt 0.69181 0.09399
vt 0.69177 0.09405
vt 0.69177 0.09404
vt 0.69177 0.09404
vt 0.69177 0.09405
vt 0.69177 0.09405
vt 0.69177 0.09404
vt 0.69177 0.09405
vt 0.69177 0.09404
vt 0.69180 0.09399
vt 0.69181 0.09399
vt 0.69181 0.09399
vt 0.69180 0.09399
vt 0.69180 0.09399
vt 0.69181 0.09399
vt 0.69180 0.09399
vt 0.69181 0.09399
vt -483.33285 244.88486
vt -401.33920 326.87860
vt -406.28458 338.81757
vt -495.27188 249.83008
vt -459.45480 234.99442
vt -391.44846 303.00067
vt -447.51578 230.04919
vt -386.50308 291.06171
vt -459.45480 234.99442
vt -391.44846 303.00067
vt -483.33285 244.88486
vt -401.33920 326.87860
vt -483.33279 3.19718
vt -495.27182 -8.74182
vt -459.45486 27.07517
vt -447.51584 39.01416
vt -459.45486 27.07517
vt -483.33279 3.19718
vt 1282.14954 -8.74182
vt 1270.21057 3.19718
vt 1246.33264 27.07517
vt 1234.39356 39.01416
vt 1246.33264 27.07517
vt 1270.21057 3.19718
vt 835.97815 240.33795
vt 835.97815 249.08795
vt -49.10045 249.08795
vt -49.10045 240.33795
vt 835.97815 266.58795
vt -49.10045 266.58795
vt 835.97815 275.33795
vt -49.10045 275.33795
vt 835.97815 266.58795
vt 835.97815 249.08795
vt -49.10045 249.08795
vt -49.10045 266.58795
vt -49.10045 183.96332
vt 835.97815 183.96332
vt 835.97815 201.46332
vt -49.10045 201.46332
vt 835.97815 210.21332
vt -49.10045 210.21332
vt 835.97815 201.46332
vt -49.10045 201.46332
vt -49.10045 183.96332
vt -49.10045 175.21332
vt 835.97815 110.08869
vt 835.97815 118.83869
vt -49.10045 118.83869
vt -49.10045 110.08869
vt 835.97815 136.33868
vt -49.10045 136.33868
vt 835.97815 145.08868
vt -49.10045 145.08868
vt 835.97815 136.33868
vt 835.97815 118.83869
vt -49.10045 118.83869
vt -49.10045 136.33868
vt -49.10045 71.21406
vt -49.10045 53.71405
vt -49.10045 44.96405
vt -49.10045 79.96406
vt -49.10045 71.21406
vt -49.10045 53.71405
vt -70.32835 20.76715
vt -70.32835 305.98032
vt -81.57835 305.98032
vt -81.57835 20.76715
vt -47.82835 20.76715
vt -47.82835 305.98032
vt -36.57835 20.76715
vt -36.57835 305.98032
vt -47.82835 20.76715
vt -47.82835 305.98032
vt -70.32835 20.76715
vt -70.32835 305.98032
vt 1188.21692 326.87860
vt 1193.16223 338.81757
vt 1178.32617 303.00067
vt 1188.21692 326.87860
vt 1178.32617 303.00067
vt 1270.21057 244.88486
vt 1282.14954 249.83008
vt 1246.33252 234.99442
vt 1234.39343 230.04919
vt 1173.38074 291.06171
vt 1246.33252 234.99442
vt 1270.21057 244.88486
vt 835.97815 175.21332
vt 835.97815 183.96332
vt 835.97815 53.71405
vt 835.97815 44.96405
vt 835.97815 71.21406
vt 835.97815 79.96406
vt 835.97815 71.21406
vt 835.97815 53.71405
vt 857.20605 20.76715
vt 868.45605 20.76715
vt 868.45605 305.98032
vt 857.20605 305.98032
vt 834.70605 20.76715
vt 834.70605 305.98032
vt 823.45605 20.76715
vt 823.45605 305.98032
vt 834.70605 20.76715
vt 834.70605 305.98032
vt 857.20605 20.76715
vt 857.20605 305.98032
vt -8.54290 380.46487
vt 25.13155 380.46344
vt 25.13155 380.46423
vt -8.54290 380.46411
vt -14.70207 -31.41075
vt -14.70207 -31.41071
vt -14.70207 374.35776
vt -14.70207 374.35779
vt 25.13155 -380.10907
vt -8.54292 -380.10907
vt -8.54292 -380.10901
vt 25.13155 -380.10901
vt 31.29070 -31.41075
vt 31.29070 -31.41071
vt 31.29070 -374.00263
vt 31.29070 -374.00263
vt -8.54291 -31.10803
vt 25.13154 -31.10803
vt 25.13154 -31.06530
vt -8.54291 -31.06536
vt -14.70207 -374.00263
vt -14.70207 -374.00263
vt 31.29070 374.35779
vt 31.29070 374.35770
vt 795.42059 380.46487
vt 795.42059 380.46411
vt 761.74616 380.46423
vt 761.74616 380.46344
vt 801.57977 -31.41075
vt 801.57977 374.35779
vt 801.57977 374.35776
vt 801.57977 -31.41071
vt 761.74616 -380.10907
vt 761.74616 -380.10901
vt 795.42059 -380.10901
vt 795.42059 -380.10907
vt 755.58698 -31.41075
vt 755.58698 -374.00263
vt 755.58698 -374.00263
vt 755.58698 -31.41071
vt 795.42059 -31.10803
vt 761.74616 -31.10803
vt 795.42059 -31.06536
vt 761.74616 -31.06530
vt 801.57977 -374.00263
vt 801.57977 -374.00263
vt 755.58698 374.35779
vt 755.58698 374.35770
vt -597.80896 -231.12620
vt -609.74799 -236.07143
vt -520.76068 -325.05890
vt -515.81531 -313.11996
vt -573.93091 -221.23576
vt -505.92453 -289.24203
vt -561.99188 -216.29054
vt -500.97916 -277.30304
vt -573.93091 -221.23575
vt -505.92453 -289.24200
vt -597.80896 -231.12619
vt -515.81531 -313.11993
vt -597.80890 -57.83242
vt -609.74793 -45.89343
vt -573.93097 -81.71041
vt -561.99194 -93.64939
vt -573.93097 -81.71040
vt -597.80890 -57.83241
vt 1396.62561 -45.89343
vt 1384.68665 -57.83242
vt 1360.80872 -81.71041
vt 1348.86963 -93.64939
vt 1360.80872 -81.71040
vt 1384.68665 -57.83241
vt -51.76744 -238.59857
vt -51.76744 -256.09857
vt 833.31116 -256.09857
vt 833.31116 -238.59857
vt -51.76744 -264.84857
vt 833.31116 -264.84857
vt -51.76744 -256.09857
vt 833.31116 -256.09857
vt -51.76744 -229.84857
vt -51.76744 -238.59857
vt 833.31116 -164.72394
vt -51.76744 -164.72394
vt -51.76744 -173.47394
vt 833.31116 -173.47394
vt -51.76744 -190.97394
vt 833.31116 -190.97394
vt -51.76744 -199.72394
vt 833.31116 -199.72394
vt 833.31116 -190.97394
vt -51.76744 -190.97394
vt -51.76744 -173.47394
vt 833.31116 -173.47394
vt -51.76744 -99.59930
vt -51.76744 -108.34930
vt -51.76744 -125.84930
vt -51.76744 -134.59930
vt -51.76744 -125.84930
vt -51.76744 -108.34930
vt -72.99535 -75.40240
vt -84.24535 -75.40240
vt -84.24535 -292.22165
vt -72.99535 -292.22168
vt -50.49535 -75.40240
vt -50.49535 -292.22168
vt -39.24535 -75.40240
vt -39.24535 -292.22165
vt -50.49535 -75.40240
vt -50.49535 -292.22165
vt -72.99535 -75.40240
vt -72.99535 -292.22165
vt 1307.63831 -325.05890
vt 1302.69299 -313.11996
vt 1292.80225 -289.24203
vt 1292.80225 -289.24200
vt 1302.69299 -313.11993
vt 1384.68665 -231.12620
vt 1396.62561 -236.07143
vt 1360.80859 -221.23576
vt 1348.86951 -216.29054
vt 1287.85681 -277.30304
vt 1360.80859 -221.23575
vt 1384.68665 -231.12619
vt 833.31116 -229.84857
vt 833.31116 -238.59857
vt 833.31116 -108.34930
vt 833.31116 -99.59930
vt 833.31116 -125.84930
vt 833.31116 -134.59930
vt 833.31116 -125.84930
vt 833.31116 -108.34930
vt 854.53906 -75.40240
vt 854.53906 -292.22168
vt 865.78906 -292.22165
vt 865.78906 -75.40240
vt 832.03906 -75.40240
vt 832.03906 -292.22168
vt 820.78906 -75.40240
vt 820.78906 -292.22165
vt 832.03906 -75.40240
vt 832.03906 -292.22165
vt 854.53906 -75.40240
vt 854.53906 -292.22165
vt -355.75357 -357.24304
vt -621.85388 -357.24304
vt -621.85553 -506.89789
vt -355.75375 -506.89789
vt -337.06162 -345.72949
vt -595.77869 -345.72952
vt -612.84308 -345.72952
vt -354.55185 -345.72949
vt -337.06162 -518.41138
vt -595.77869 -518.41144
vt -353.50839 -543.69495
vt -605.01904 -543.69495
vt -592.19476 -543.69495
vt -338.13449 -543.69495
vt 393.43887 -506.89789
vt 393.43887 -357.24304
vt 393.43887 -345.72949
vt 393.43887 -345.72949
vt 393.43887 -518.41138
vt -300.19571 -610.69965
vt 393.43887 -610.69965
vt 393.43887 -610.69965
vt -315.56961 -610.69965
vt -606.33179 -357.24304
vt -606.33179 -506.89789
vt -354.55185 -518.41138
vt -612.84308 -518.41144
vt 393.43887 -543.69495
vt -338.13449 -576.72577
vt -353.50839 -576.72577
vt 393.43887 -604.63751
vt -313.25205 -604.63751
vt -347.44632 -574.01691
vt -347.44632 -549.75702
vt 393.43887 -518.41138
vt 393.43887 -543.69495
vt 393.43887 -549.75702
vt 1142.63123 -357.24304
vt 1142.63147 -506.89789
vt 1408.73328 -506.89789
vt 1408.73157 -357.24304
vt 1123.93933 -345.72949
vt 1141.42956 -345.72949
vt 1399.72083 -345.72952
vt 1382.65637 -345.72952
vt 1123.93933 -518.41138
vt 1382.65637 -518.41144
vt 1140.38611 -543.69495
vt 1125.01221 -543.69495
vt 1379.07239 -543.69495
vt 1391.89673 -543.69495
vt 1087.07336 -610.69965
vt 1102.44739 -610.69965
vt 1393.20947 -357.24304
vt 1393.20947 -506.89789
vt 1141.42956 -518.41138
vt 1399.72083 -518.41144
vt 1140.38611 -576.72577
vt 1125.01221 -576.72577
vt 1100.12976 -604.63751
vt 1134.32410 -549.75702
vt 1134.32410 -574.01691
vt 0.81323 0.11183
vt 0.81323 0.11183
vt 0.81323 0.11183
vt 0.81323 0.11183
vt 0.81323 0.11183
vt 0.81323 0.11183
vt 0.81323 0.11183
vt 0.81323 0.11183
vt 0.81323 0.11183
vt 0.81323 0.11183
vt 0.81323 0.11183
vt 0.81323 0.11183
vt 0.81323 0.11183
vt 0.81323 0.11183
vt 0.81323 0.11183
vt 0.81323 0.11183
vt 0.81323 0.11183
vt 0.81323 0.11183
vt 0.81323 0.11183
vt 0.81323 0.11183
vt 0.81323 0.11183
vt 0.81323 0.11183
vt 0.81323 0.11183
vt 0.81323 0.11183
vt 0.81323 0.11183
vt 0.81323 0.11183
vt 0.81323 0.11183
vt 0.81323 0.11183
vt 0.81323 0.11183
vt 0.81323 0.11183
vt 0.81323 0.11183
vt 0.81323 0.11183
vt 0.81323 0.11183
vt 0.81323 0.11183
vt 0.81323 0.11183
vt 0.81323 0.11183
vt 0.81323 0.11183
vt 0.81323 0.11183
vt 0.81323 0.11183
vt 0.81323 0.11183
vt 0.81323 0.11183
vt 0.81323 0.11183
vt 0.81323 0.11183
vt 0.81323 0.11183
vt 0.81323 0.11183
vt 0.81323 0.11183
vt 0.81323 0.11183
vt 0.81323 0.11183
vt 0.81323 0.11183
vt 0.81323 0.11183
vt 0.81323 0.11183
vt 0.81323 0.11183
vt 0.81323 0.11183
vt 0.81323 0.11183
vt 0.81323 0.11183
vt 0.81323 0.11183
vt 0.81323 0.11183
vt 0.81323 0.11183
vt 0.81323 0.11183
vt 0.81323 0.11183
vt 0.81323 0.11183
vt 0.81323 0.11183
vt 0.81323 0.11183
vt 0.81323 0.11183
vt 0.81323 0.11183
vt 0.81323 0.11183
vt 0.81323 0.11183
vt 0.81323 0.11183
vt 0.81323 0.11183
vt 0.81323 0.11183
vt 0.81323 0.11183
vt 0.81323 0.11183
vt 0.81323 0.11183
vt 0.81323 0.11183
vt 0.81323 0.11183
vt 0.81323 0.11183
vt 0.81323 0.11183
vt 0.81323 0.11183
vt 0.81323 0.11183
vt 0.81323 0.11183
vt 0.81323 0.11183
vt 0.81323 0.11183
vt 0.81323 0.11183
vt 0.81323 0.11183
vt 0.81323 0.11183
vt 0.81323 0.11183
vt 0.81323 0.11183
vt 0.81323 0.11183
vt 0.81323 0.11183
vt 0.81323 0.11183
vt 0.81323 0.11183
vt 0.81323 0.11183
vt 0.81323 0.11183
vt 0.81323 0.11183
vt 0.81323 0.11183
vt 0.81323 0.11183
vt 0.81323 0.11183
vt 0.81323 0.11183
vt 0.81323 0.11183
vt 0.81323 0.11183
vt 0.81323 0.11183
vt 0.81323 0.11183
vt 0.81323 0.11183
vt 0.81323 0.11183
vt 0.81323 0.11183
vt 0.81323 0.11183
vt 0.81323 0.11183
vt 0.81323 0.11183
vt 0.81323 0.11183
vt 0.81323 0.11183
vt 0.81323 0.11183
vt 0.81323 0.11183
vt 0.81323 0.11183
vt 0.81323 0.11183
vt 0.81323 0.11183
vt 0.81323 0.11183
vt 0.81323 0.11183
vt 0.81323 0.11183
vt 0.81323 0.11183
vt 0.81323 0.11183
vt 0.81323 0.11183
vt 0.81323 0.11183
vt 0.81323 0.11183
vt 0.81323 0.11183
vt 0.81323 0.11183
vt 0.81323 0.11183
vt 0.81323 0.11183
vt 0.81323 0.11183
vt 0.81323 0.11183
vt 0.81323 0.11183
vt 0.81323 0.11183
vt 0.81323 0.11183
vt 0.81323 0.11183
vt 0.81323 0.11183
vt 0.81323 0.11183
vt 0.81323 0.11183
vt 0.81323 0.11183
vt 0.81323 0.11183
vt 0.81323 0.11183
vt 0.81323 0.11183
vt 0.81323 0.11183
vt 0.81323 0.11183
vt 0.81323 0.11183
vt 0.81323 0.11183
vt 0.81323 0.11183
vt 0.81323 0.11183
vt 0.81323 0.11183
vt 0.81323 0.11183
vt 0.81323 0.11183
vt 0.81323 0.11183
vt 0.81323 0.11183
vt 0.81323 0.11183
vt 0.81323 0.11183
vt 0.81323 0.11183
vt 0.81323 0.11183
vt 0.81323 0.11183
vt 0.81323 0.11182
vt 0.81323 0.11182
vt 0.81323 0.11182
vt 0.81323 0.11182
vt 0.81323 0.11182
vt 0.81323 0.11182
vt 0.81323 0.11182
vt 0.81323 0.11182
vt 0.81323 0.11182
vt 0.81323 0.11182
vt 0.81323 0.11182
vt 0.81323 0.11182
vt 0.81323 0.11182
vt 0.81323 0.11182
vt 0.81323 0.11182
vt 0.81323 0.11182
vt 0.81323 0.11182
vt 0.81323 0.11182
vt 0.81323 0.11182
vt 0.81323 0.11182
vt 0.81323 0.11182
vt 0.81323 0.11182
vt 0.81323 0.11182
vt 0.81323 0.11182
vt 0.81323 0.11182
vt 0.81323 0.11182
vt 0.81323 0.11182
vt 0.81323 0.11182
vt 0.81323 0.11182
vt 0.81323 0.11182
vt 0.81323 0.11182
vt 0.81323 0.11182
vt 0.81323 0.11182
vt 0.81323 0.11182
vt 0.81323 0.11182
vt 0.81323 0.11182
vt 0.81323 0.11182
vt 0.81323 0.11182
vt 0.81323 0.11182
vt 0.81323 0.11182
vt 0.81323 0.11182
vt 0.81323 0.11182
vt 0.81323 0.11182
vt 0.81323 0.11182
vt 0.81323 0.11182
vt 0.81323 0.11182
vt 0.81323 0.11182
vt 0.81323 0.11182
vt 0.81323 0.11182
vt 0.81323 0.11182
vt 0.81323 0.11182
vt 0.81323 0.11182
vt 0.81323 0.11183
vt 0.81323 0.11183
vt 0.81323 0.11182
vt 0.81323 0.11182
vt 0.81323 0.11182
vt 0.81323 0.11183
vt 0.81323 0.11183
vt 0.81323 0.11183
vt 0.81325 0.11183
vt 0.81325 0.11183
vt 0.81325 0.11183
vt 0.81325 0.11183
vt 0.81325 0.11181
vt 0.81325 0.11181
vt 0.81325 0.11182
vt 0.81325 0.11182
vt 0.81324 0.11182
vt 0.81325 0.11182
vt 0.81325 0.11182
vt 0.81324 0.11182
vt 0.81324 0.11182
vt 0.81324 0.11182
vt 0.81324 0.11182
vt 0.81324 0.11183
vt 0.81324 0.11183
vt 0.81323 0.11182
vt 0.81324 0.11182
vt 0.81324 0.11182
vt 0.81325 0.11182
vt 0.81325 0.11182
vt 0.81324 0.11182
vt 0.81325 0.11182
vt 0.81325 0.11182
vt 0.81323 0.11183
vt 0.81324 0.11184
vt 0.81324 0.11184
vt 0.81324 0.11184
vt 0.81324 0.11184
vt 0.81324 0.11184
vt 0.81324 0.11184
vt 0.81324 0.11184
vt 0.81324 0.11184
vt 0.81324 0.11184
vt 0.81324 0.11184
vt 0.81324 0.11183
vt 0.81324 0.11183
vt 0.81324 0.11183
vt 0.81324 0.11183
vt 0.81324 0.11183
vt 0.81324 0.11183
vt 0.81324 0.11184
vt 0.81324 0.11184
vt 0.81324 0.11184
vt 0.81324 0.11184
vt 0.81324 0.11184
vt 0.81324 0.11184
vt 0.81324 0.11184
vt 0.81324 0.11184
vt 0.81324 0.11184
vt 0.81324 0.11184
vt 0.81324 0.11184
vt 0.81324 0.11184
vt 0.81324 0.11184
vt 0.81324 0.11184
vt 0.81324 0.11184
vt 0.81324 0.11184
vt 0.81324 0.11184
vt 0.81324 0.11184
vt 0.81324 0.11184
vt 0.81324 0.11184
vt 0.81324 0.11184
vt 0.81324 0.11184
vt 0.81324 0.11184
vt 0.81324 0.11184
vt 0.81324 0.11184
vt 0.81324 0.11184
vt 0.81324 0.11184
vt 0.81324 0.11184
vt 0.81324 0.11184
vt 0.81324 0.11184
vt 0.81324 0.11184
vt 0.81324 0.11184
vt 0.81324 0.11184
vt 0.81324 0.11184
vt 0.81324 0.11184
vt 0.81324 0.11184
vt 0.81324 0.11184
vt 0.81324 0.11184
vt 0.81324 0.11184
vt 0.81324 0.11184
vt 0.81324 0.11184
vt 0.81324 0.11184
vt 0.81324 0.11184
vt 0.81324 0.11184
vt 0.81324 0.11184
vt 0.81324 0.11184
vt 0.81324 0.11184
vt 0.81324 0.11184
vt 0.81324 0.11184
vt 0.81324 0.11184
vt 0.81324 0.11184
vt 0.81324 0.11184
vt 0.81324 0.11184
vt 0.81324 0.11184
vt 0.81324 0.11184
vt 0.81324 0.11184
vt 0.81324 0.11184
vt 0.81324 0.11184
vt 0.81324 0.11184
vt 0.81324 0.11184
vt 0.81324 0.11184
vt 0.81324 0.11184
vt 0.81324 0.11183
vt 0.81324 0.11183
vt 0.81324 0.11183
vt 0.81324 0.11183
vt 0.81323 0.11183
vt 0.81323 0.11183
vt 0.81323 0.11183
vt 0.81323 0.11183
vt 0.81323 0.11183
vt 0.81323 0.11183
vt 0.81323 0.11183
vt 0.81323 0.11183
vt 0.81323 0.11183
vt 0.81323 0.11183
vt 0.81323 0.11183
vt 0.81323 0.11183
vt 0.81323 0.11183
vt 0.81323 0.11183
vt 0.81323 0.11183
vt 0.81323 0.11183
vt 0.81324 0.11183
vt 0.81324 0.11183
vt 0.81324 0.11183
vt 0.81324 0.11183
vt 0.81324 0.11183
vt 0.81324 0.11183
vt 0.81324 0.11183
vt 0.81324 0.11183
vt 0.81324 0.11183
vt 0.81324 0.11183
vt 0.81324 0.11183
vt 0.81324 0.11183
vt 0.81324 0.11183
vt 0.81324 0.11183
vt 0.81324 0.11183
vt 0.81324 0.11183
vt 0.81324 0.11183
vt 0.81324 0.11183
vt 0.81324 0.11183
vt 0.81324 0.11183
vt 0.81324 0.11183
vt 0.81324 0.11183
vt 0.81324 0.11183
vt 0.81324 0.11183
vt 0.81324 0.11183
vt 0.81324 0.11183
vt 0.81324 0.11183
vt 0.81324 0.11183
vt 0.81324 0.11183
vt 0.81324 0.11183
vt 0.81324 0.11183
vt 0.81324 0.11183
vt 0.81324 0.11183
vt 0.81324 0.11183
vt 0.81324 0.11183
vt 0.81324 0.11183
vt 0.81324 0.11183
vt 0.81324 0.11183
vt 0.81324 0.11183
vt 0.81324 0.11183
vt 0.81324 0.11183
vt 0.81324 0.11183
vt 0.81324 0.11183
vt 0.81324 0.11183
vt 0.81324 0.11183
vt 0.81324 0.11183
vt 0.81324 0.11183
vt 0.81324 0.11183
vt 0.81323 0.11183
vt 0.81324 0.11183
vt 0.81323 0.11183
vt 0.81323 0.11183
vt 0.81323 0.11183
vt 0.81323 0.11183
vt 0.81323 0.11183
vt 0.81323 0.11183
vt 0.81323 0.11183
vt 0.81323 0.11183
vt 0.81323 0.11183
vt 0.81323 0.11183
vt 0.81323 0.11183
vt 0.81323 0.11183
vt 0.81323 0.11183
vt 0.81323 0.11183
vt 0.81323 0.11183
vt 0.81323 0.11183
vt 0.81323 0.11183
vt 0.81323 0.11183
vt 0.81323 0.11183
vt 0.81323 0.11183
vt 0.81323 0.11183
vt 0.81323 0.11183
vt 0.81323 0.11183
vt 0.81323 0.11183
vt 0.81323 0.11183
vt 0.81323 0.11183
vt 0.81323 0.11183
vt 0.81323 0.11183
vt 0.81323 0.11183
vt 0.81323 0.11183
vt 0.81323 0.11183
vt 0.81323 0.11183
vt 0.81323 0.11183
vt 0.81323 0.11183
vt 0.81323 0.11183
vt 0.81323 0.11183
vt 0.81323 0.11183
vt 0.81323 0.11183
vt 0.81323 0.11183
vt 0.81323 0.11183
vt 0.81323 0.11183
vt 0.81323 0.11183
vt 0.81323 0.11183
vt 0.81323 0.11183
vt 0.81323 0.11183
vt 0.81323 0.11183
vt 0.81323 0.11183
vt 0.81323 0.11183
vt 0.81323 0.11183
vt 0.81323 0.11183
vt 0.81323 0.11183
vt 0.81323 0.11183
vt 0.81323 0.11183
vt 0.81323 0.11183
vt 0.81323 0.11183
vt 0.81323 0.11183
vt 0.81323 0.11183
vt 0.81323 0.11183
vt 0.81323 0.11183
vt 0.81323 0.11183
vt 0.81323 0.11183
vt 0.81323 0.11183
vt 0.81323 0.11183
vt 0.81324 0.11182
vt 0.81323 0.11182
vt 0.81323 0.11183
vt 0.81324 0.11183
vt 0.81325 0.11181
vt 0.81325 0.11182
vt 0.81325 0.11182
vt 0.81325 0.11181
vt 0.81325 0.11182
vt 0.81325 0.11182
vt 0.81325 0.11182
vt 0.81325 0.11182
vt 0.81324 0.11182
vt 0.81324 0.11183
vt 0.81325 0.11182
vt 0.81325 0.11182
vt 0.81325 0.11182
vt 0.81325 0.11182
vt 0.81325 0.11182
vt 0.81325 0.11182
vt 0.81325 0.11182
vt 0.81325 0.11182
vt 0.81323 0.11181
vt 0.81323 0.11181
vt 0.81323 0.11181
vt 0.81323 0.11181
vt 0.81323 0.11181
vt 0.81323 0.11181
vt 0.81323 0.11181
vt 0.81323 0.11181
vt 0.81323 0.11181
vt 0.81323 0.11182
vt 0.81323 0.11182
vt 0.81323 0.11181
vt 0.81323 0.11181
vt 0.81323 0.11182
vt 0.81323 0.11181
vt 0.81323 0.11182
vt 0.81323 0.11181
vt 0.81323 0.11181
vt 0.81323 0.11181
vt 0.81323 0.11181
vt 0.81323 0.11182
vt 0.81323 0.11182
vt 0.81323 0.11182
vt 0.81323 0.11182
vt 0.81323 0.11182
vt 0.81323 0.11181
vt 0.81323 0.11181
vt 0.81323 0.11181
vt 0.81323 0.11181
vt 0.81323 0.11181
vt 0.81323 0.11181
vt 0.81323 0.11181
vt 0.81323 0.11181
vt 0.81323 0.11181
vt 0.81323 0.11181
vt 0.81323 0.11181
vt 0.81323 0.11181
vt 0.81323 0.11181
vt 0.81323 0.11181
vt 0.81323 0.11181
vt 0.81323 0.11181
vt 0.81323 0.11181
vt 0.81323 0.11181
vt 0.81323 0.11181
vt 0.81323 0.11181
vt 0.81324 0.11181
vt 0.81324 0.11181
vt 0.81323 0.11181
vt 0.81323 0.11181
vt 0.81324 0.11181
vt 0.81323 0.11181
vt 0.81323 0.11181
vt 0.81323 0.11181
vt 0.81324 0.11181
vt 0.81324 0.11181
vt 0.81323 0.11181
vt 0.81323 0.11181
vt 0.81323 0.11181
vt 0.81323 0.11181
vt 0.81324 0.11181
vt 0.81324 0.11181
vt 0.81324 0.11182
vt 0.81324 0.11181
vt 0.81324 0.11181
vt 0.81324 0.11181
vt 0.81324 0.11181
vt 0.81324 0.11181
vt 0.81324 0.11181
vt 0.81324 0.11182
vt 0.81324 0.11182
vt 0.81324 0.11181
vt 0.81324 0.11182
vt 0.81324 0.11181
vt 0.81324 0.11181
vt 0.81324 0.11181
vt 0.81324 0.11181
vt 0.81324 0.11182
vt 0.81324 0.11182
vt 0.81324 0.11182
vt 0.81324 0.11182
vt 0.81324 0.11182
vt 0.81324 0.11181
vt 0.81324 0.11181
vt 0.81323 0.11181
vt 0.81324 0.11181
vt 0.81323 0.11181
vt 0.81323 0.11181
vt 0.81323 0.11181
vt 0.81323 0.11181
vt 0.81324 0.11181
vt 0.81324 0.11181
vt 0.81323 0.11181
vt 0.81323 0.11181
vt 0.81324 0.11181
vt 0.81323 0.11181
vt 0.81323 0.11181
vt 0.81324 0.11181
vt 0.81324 0.11181
vt 0.81324 0.11181
vt 0.81323 0.11181
vt 0.81323 0.11181
vt 0.81323 0.11181
vt 0.81323 0.11181
vt 0.81324 0.11181
vt 0.81323 0.11181
vt 0.81324 0.11181
vt 0.81323 0.11181
vt 0.81323 0.11181
vt 0.81323 0.11181
vt 0.81323 0.11181
vt 0.81323 0.11181
vt 0.81323 0.11181
vt 0.81323 0.11181
vt 0.81323 0.11181
vt 0.64426 0.07083
vt 0.64426 0.07083
vt 0.64426 0.07083
vt 0.64426 0.07083
vt 0.64426 0.07083
vt 0.64426 0.07083
vt 0.64426 0.07083
vt 0.64426 0.07083
vt 0.64426 0.07083
vt 0.64426 0.07083
vt 0.64426 0.07083
vt 0.64426 0.07083
vt 0.64426 0.07083
vt 0.64426 0.07083
vt 0.64426 0.07083
vt 0.64426 0.07083
vt 0.64426 0.07083
vt 0.64426 0.07083
vt 0.64426 0.07083
vt 0.64426 0.07083
vt 0.64426 0.07083
vt 0.64426 0.07083
vt 0.64426 0.07083
vt 0.64426 0.07083
vt 0.64426 0.07083
vt 0.64426 0.07083
vt 0.64426 0.07083
vt 0.64426 0.07083
vt 0.64426 0.07083
vt 0.64426 0.07083
vt 0.64426 0.07083
vt 0.64426 0.07083
vt 0.64426 0.07083
vt 0.64426 0.07083
vt 0.64426 0.07083
vt 0.64426 0.07083
vt 0.64426 0.07083
vt 0.64426 0.07083
vt 0.64426 0.07083
vt 0.64426 0.07083
vt 0.64426 0.07083
vt 0.64426 0.07083
vt 0.64426 0.07083
vt 0.64426 0.07083
vt 0.64426 0.07083
vt 0.64426 0.07083
vt 0.64426 0.07083
vt 0.64426 0.07083
vt 0.64426 0.07083
vt 0.64426 0.07083
vt 0.64426 0.07083
vt 0.64426 0.07083
vt 0.64426 0.07083
vt 0.64426 0.07083
vt 0.64426 0.07083
vt 0.64426 0.07083
vt 0.64426 0.07083
vt 0.64426 0.07083
vt 0.64426 0.07083
vt 0.64426 0.07083
vt 0.64426 0.07083
vt 0.64426 0.07083
vt 0.64426 0.07083
vt 0.64426 0.07083
vt 0.64426 0.07083
vt 0.64426 0.07083
vt 0.64426 0.07083
vt 0.64426 0.07083
vt 0.64426 0.07083
vt 0.64426 0.07083
vt 0.64426 0.07083
vt 0.64426 0.07083
vt 0.64426 0.07083
vt 0.64426 0.07083
vt 0.64426 0.07083
vt 0.64426 0.07083
vt 0.64426 0.07083
vt 0.64426 0.07083
vt 0.64426 0.07083
vt 0.64426 0.07083
vt 0.64426 0.07083
vt 0.64426 0.07083
vt 0.64426 0.07083
vt 0.64426 0.07083
vt 0.64426 0.07083
vt 0.64426 0.07083
vt 0.64426 0.07083
vt 0.64426 0.07083
vt 0.64426 0.07083
vt 0.64426 0.07083
vt 0.64426 0.07083
vt 0.64426 0.07083
vt 0.64426 0.07083
vt 0.64426 0.07083
vt 0.64426 0.07083
vt 0.64426 0.07083
vt 0.64426 0.07083
vt 0.64426 0.07083
vt 0.64426 0.07083
vt 0.64426 0.07083
vt 0.64426 0.07083
vt 0.64426 0.07083
vt 0.64426 0.07083
vt 0.64426 0.07083
vt 0.64426 0.07083
vt 0.64426 0.07083
vt 0.64426 0.07083
vt 0.64426 0.07083
vt 0.64426 0.07083
vt 0.64426 0.07083
vt 0.64426 0.07083
vt 0.64426 0.07083
vt 0.64426 0.07083
vt 0.64426 0.07083
vt 0.64426 0.07083
vt 0.64426 0.07083
vt 0.64426 0.07083
vt 0.64426 0.07083
vt 0.64426 0.07083
vt 0.64426 0.07083
vt 0.64426 0.07083
vt 0.64426 0.07083
vt 0.64426 0.07083
vt 0.64426 0.07083
vt 0.64426 0.07083
vt 0.64426 0.07083
vt 0.64426 0.07083
vt 0.64426 0.07083
vt 0.64426 0.07083
vt 0.64426 0.07083
vt 0.64426 0.07083
vt 0.64426 0.07083
vt 0.64426 0.07083
vt 0.64426 0.07083
vt 0.64426 0.07083
vt 0.64426 0.07083
vt 0.64426 0.07083
vt 0.64426 0.07083
vt 0.64426 0.07083
vt 0.64426 0.07083
vt 0.64426 0.07083
vt 0.64426 0.07083
vt 0.64426 0.07083
vt 0.64426 0.07083
vt 0.64426 0.07083
vt 0.64426 0.07083
vt 0.64426 0.07083
vt 0.64426 0.07083
vt 0.64426 0.07083
vt 0.64426 0.07083
vt 0.64426 0.07083
vt 0.64426 0.07083
vt 0.64426 0.07083
vt 0.64426 0.07083
vt 0.64426 0.07083
vt 0.64426 0.07083
vt 0.64426 0.07083
vt 0.64426 0.07083
vt 0.64426 0.07083
vt 0.64426 0.07083
vt 0.64426 0.07083
vt 0.64426 0.07083
vt 0.64426 0.07083
vt 0.64426 0.07083
vt 0.64426 0.07083
vt 0.64426 0.07083
vt 0.64426 0.07083
vt 0.64426 0.07083
vt 0.64426 0.07083
vt 0.64426 0.07083
vt 0.64426 0.07083
vt 0.64426 0.07083
vt 0.64426 0.07083
vt 0.64426 0.07083
vt 0.64426 0.07083
vt 0.64426 0.07083
vt 0.64426 0.07083
vt 0.64426 0.07083
vt 0.64426 0.07083
vt 0.64426 0.07083
vt 0.64426 0.07083
vt 0.64426 0.07083
vt 0.64426 0.07083
vt 0.64426 0.07083
vt 0.64426 0.07083
vt 0.64426 0.07083
vt 0.64426 0.07083
vt 0.64426 0.07083
vt 0.64426 0.07083
vt 0.64426 0.07083
vt 0.64426 0.07083
vt 0.64426 0.07083
vt 0.64426 0.07083
vt 0.64426 0.07083
vt 0.64426 0.07083
vt 0.64426 0.07083
vt 0.64426 0.07083
vt 0.64426 0.07083
vt 0.64426 0.07083
vt 0.64426 0.07083
vt 0.64426 0.07083
vt 0.64426 0.07083
vt 0.64426 0.07083
vt 0.64426 0.07083
vt 0.64426 0.07083
vt 0.64426 0.07083
vt 0.64426 0.07083
vt 0.64426 0.07083
vt 0.64426 0.07083
vt 0.64426 0.07083
vt 0.64426 0.07083
vt 0.64426 0.07083
vt 0.64426 0.07083
vt 0.64426 0.07083
vt 0.64426 0.07083
vt 0.64426 0.07083
vt 0.64426 0.07083
vt 0.64426 0.07083
vt 0.64426 0.07083
vt 0.64426 0.07083
vt 0.64426 0.07083
vt 0.64426 0.07083
vt 0.64426 0.07083
vt 0.64426 0.07083
vt 0.64426 0.07083
vt 0.64426 0.07083
vt 0.64426 0.07083
vt 0.64426 0.07083
vt 0.64426 0.07083
vt 0.64426 0.07083
vt 0.64426 0.07083
vt 0.64426 0.07083
vt 0.64426 0.07083
vt 0.64426 0.07083
vt 0.64426 0.07083
vt 0.64426 0.07083
vt 0.64426 0.07083
vt 0.64426 0.07083
vt 0.64426 0.07083
vt 0.64426 0.07083
vt 0.64426 0.07083
vt 0.64426 0.07083
vt 0.64426 0.07083
vt 0.64426 0.07083
vt 0.64426 0.07083
vt 0.64426 0.07083
vt 0.64426 0.07083
vt 0.64426 0.07083
vt 0.64426 0.07083
vt 0.64426 0.07083
vt 0.64426 0.07083
vt 0.64426 0.07083
vt 0.64426 0.07083
vt 0.64426 0.07083
vt 0.64426 0.07083
vt 0.64426 0.07083
vt 0.64426 0.07083
vt 0.64426 0.07083
vt 0.64426 0.07083
vt 0.64426 0.07083
vt 0.64426 0.07083
vt 0.64426 0.07083
vt 0.64426 0.07083
vt 0.64426 0.07083
vt 0.64426 0.07083
vt 0.64426 0.07083
vt 0.64426 0.07083
vt 0.64426 0.07083
vt 0.64426 0.07083
vt 0.64426 0.07083
vt 0.64426 0.07083
vt 0.64426 0.07083
vt 0.64426 0.07083
vt 0.64426 0.07083
vt 0.64426 0.07083
vt 0.64426 0.07083
vt 0.64426 0.07083
vt 0.64426 0.07083
vt 0.64426 0.07083
vt 0.64426 0.07083
vt 0.64426 0.07083
vt 0.64426 0.07083
vt 0.64426 0.07083
vt 0.64426 0.07083
vt 0.64426 0.07083
vt 0.64426 0.07083
vt 0.64426 0.07083
vt 0.64426 0.07083
vt 0.64426 0.07083
vt 0.64426 0.07083
vt 0.64426 0.07083
vt 0.64426 0.07083
vt 0.64426 0.07083
vt 0.64426 0.07083
vt 0.64426 0.07083
vt 0.64426 0.07083
vt 0.64426 0.07083
vt 0.64426 0.07083
vt 0.64426 0.07083
vt 0.64426 0.07083
vt 0.64426 0.07083
vt 0.64426 0.07083
vt 0.64426 0.07083
vt 0.64426 0.07083
vt 0.64426 0.07083
vt 0.64426 0.07083
vt 0.64426 0.07083
vt 0.64426 0.07083
vt 0.64426 0.07083
vt 0.64426 0.07083
vt 0.64426 0.07083
vt 0.64426 0.07083
vt 0.64426 0.07083
vt 0.64426 0.07083
vt 0.64426 0.07083
vt 0.64426 0.07083
vt 0.64426 0.07083
vt 0.64426 0.07083
vt 0.64426 0.07083
vt 0.64426 0.07083
vt 0.64426 0.07083
vt 0.64426 0.07083
vt 0.64426 0.07083
vt 0.64426 0.07083
vt 0.64426 0.07083
vt 0.64426 0.07083
vt 0.64426 0.07083
vt 0.64426 0.07083
vt 0.64426 0.07083
vt 0.64426 0.07083
vt 0.64426 0.07083
vt 0.64426 0.07083
vt 0.64426 0.07083
vt 0.64426 0.07083
vt 0.64426 0.07083
vt 0.64426 0.07083
vt 0.64426 0.07083
vt 0.64426 0.07083
vt 0.64426 0.07083
vt 0.64426 0.07083
vt 0.64426 0.07083
vt 0.64426 0.07083
vt 0.64426 0.07083
vt 0.64426 0.07083
vt 0.64426 0.07083
vt 0.64426 0.07083
vt 0.64426 0.07083
vt 0.64426 0.07083
vt 0.64426 0.07083
vt 0.64426 0.07083
vt 0.64426 0.07083
vt 0.64426 0.07083
vt 0.64426 0.07083
vt 0.64426 0.07083
vt 0.64426 0.07083
vt 0.64426 0.07083
vt 0.64426 0.07083
vt 0.64426 0.07083
vt 0.64426 0.07083
vt 0.64426 0.07083
vt 0.64426 0.07083
vt 0.64426 0.07083
vt 0.64426 0.07083
vt 0.64426 0.07083
vt 0.64426 0.07083
vt 0.64426 0.07083
vt 0.64426 0.07083
vt 0.64426 0.07083
vt 0.64426 0.07083
vt 0.64426 0.07083
vt 0.64426 0.07083
vt 0.64426 0.07083
vt 0.64426 0.07083
vt 0.64426 0.07083
vt 0.64426 0.07083
vt 0.64426 0.07083
vt 0.64426 0.07083
vt 0.64426 0.07083
vt 0.64426 0.07083
vt 0.64426 0.07083
vt 0.64426 0.07083
vt 0.64426 0.07083
vt 0.64426 0.07083
vt 0.64426 0.07083
vt 0.64426 0.07083
vt 0.64426 0.07083
vt 0.64426 0.07083
vt 0.64426 0.07083
vt 0.64426 0.07083
vt 0.64426 0.07083
vt 0.64426 0.07083
vt 0.64426 0.07083
vt 0.64426 0.07083
vt 0.64426 0.07083
vt 0.64426 0.07083
vt 0.64426 0.07083
vt 0.64426 0.07083
vt 0.64426 0.07083
vt 0.64426 0.07083
vt 0.64426 0.07083
vt 0.64426 0.07083
vt 0.64426 0.07083
vt 0.64426 0.07083
vt 0.64426 0.07083
vt 0.64426 0.07083
vt 0.64426 0.07083
vt 0.64426 0.07083
vt 0.64426 0.07083
vt 0.64426 0.07083
vt 0.64426 0.07083
vt 0.64426 0.07083
vt 0.64426 0.07083
vt 0.64426 0.07083
vt 0.64426 0.07083
vt 0.64426 0.07083
vt 0.64426 0.07083
vt 0.64426 0.07083
vt 0.64426 0.07083
vt 0.64426 0.07083
vt 0.64426 0.07083
vt 0.64426 0.07083
vt 0.64426 0.07083
vt 0.64426 0.07083
vt 0.64426 0.07083
vt 0.64426 0.07083
vt 0.64426 0.07083
vt 0.64426 0.07083
vt 0.64426 0.07083
vt 0.64426 0.07083
vt 0.64426 0.07083
vt 0.64426 0.07083
vt 0.64426 0.07083
vt 0.64426 0.07083
vt 0.64426 0.07083
vt 0.64426 0.07083
vt 0.64426 0.07083
vt 0.64426 0.07083
vt 0.64426 0.07083
vt 0.64426 0.07083
vt 0.64426 0.07083
vt 0.64426 0.07083
vt 0.64426 0.07083
vt 0.64426 0.07083
vt 0.64426 0.07083
vt 0.64426 0.07083
vt 0.64426 0.07083
vt 0.64426 0.07083
vt 0.64426 0.07083
vt 0.64426 0.07083
vt 0.64426 0.07083
vt 0.64426 0.07083
vt 0.64426 0.07083
vt 0.64426 0.07083
vt 0.64426 0.07083
vt 0.64426 0.07083
vt 0.64426 0.07083
vt 0.64426 0.07083
vt 0.64426 0.07083
vt 0.64426 0.07083
vt 0.64426 0.07083
vt 0.64426 0.07083
vt 0.64426 0.07083
vt 0.64426 0.07083
vt 0.64426 0.07083
vt 0.64426 0.07083
vt 0.64426 0.07083
vt 0.64426 0.07083
vt 0.64426 0.07083
vt 0.64426 0.07083
vt 0.64426 0.07083
vt 0.64426 0.07083
vt 0.64426 0.07083
vt 0.64426 0.07083
vt 0.64426 0.07083
vt 0.64426 0.07083
vt 0.64426 0.07083
vt 0.64426 0.07083
vt 0.64426 0.07083
vt 0.64426 0.07083
vt 0.64426 0.07083
vt 0.64426 0.07083
vt 0.64426 0.07083
vt 0.64426 0.07083
vt 0.64426 0.07083
vt 0.64426 0.07083
vt 0.64426 0.07083
vt 0.64426 0.07083
vt 0.64426 0.07083
vt 0.64426 0.07083
vt 0.64426 0.07083
vt 0.64426 0.07083
vt 0.64426 0.07083
vt 0.64426 0.07083
vt 0.64426 0.07083
vt 0.64426 0.07083
vt 0.64426 0.07083
vt 0.64426 0.07083
vt 0.64426 0.07083
vt 0.64426 0.07083
vt 0.64426 0.07083
vt 0.64426 0.07083
vt 0.64426 0.07083
vt 0.64426 0.07083
vt 0.64426 0.07083
vt 0.64426 0.07083
vt 0.64426 0.07083
vt 0.64426 0.07083
vt 0.64426 0.07083
vt 0.64426 0.07083
vt 0.64426 0.07083
vt 0.64426 0.07083
vt 0.64426 0.07083
vt 0.64426 0.07083
vt 0.64426 0.07083
vt 0.64426 0.07083
vt 0.64426 0.07083
vt 0.64426 0.07083
vt 0.64426 0.07083
vt 0.64426 0.07083
vt 0.64426 0.07083
vt 0.64426 0.07083
vt 0.64426 0.07083
vt 0.64426 0.07083
vt 0.64426 0.07083
vt 0.64426 0.07083
vt 0.64426 0.07083
vt 0.64426 0.07083
vt 0.64426 0.07083
vt 0.64426 0.07083
vt 0.64426 0.07083
vt 0.64426 0.07083
vt 0.64426 0.07083
vt 0.64426 0.07083
vt 0.64426 0.07083
vt 0.64426 0.07083
vt 0.64426 0.07083
vt 0.64426 0.07083
vt 0.64426 0.07083
vt 0.64426 0.07083
vt 0.64426 0.07083
vt 0.64426 0.07083
vt 0.64426 0.07083
vt 0.64426 0.07083
vt 0.64426 0.07083
vt 0.64426 0.07083
vt 0.64426 0.07083
vt 0.64426 0.07083
vt 0.64426 0.07083
vt 0.64426 0.07083
vt 0.64426 0.07083
vt 0.64426 0.07083
vt 0.64426 0.07083
vt 0.64426 0.07083
vt 0.64426 0.07083
vt 0.64426 0.07083
vt 0.64426 0.07083
vt 0.64426 0.07083
vt 0.64426 0.07083
vt 0.64426 0.07083
vt 0.64426 0.07083
vt 0.64426 0.07083
vt 0.64426 0.07083
vt 0.64426 0.07083
vt 0.64426 0.07083
vt 0.64426 0.07083
vt 0.64426 0.07083
vt 0.64426 0.07083
vt 0.64426 0.07083
vt 0.64426 0.07083
vt 0.64426 0.07083
vt 0.64426 0.07083
vt 0.64426 0.07083
vt 0.64426 0.07083
vt 0.64426 0.07083
vt 0.64426 0.07083
vt 0.64426 0.07083
vt 0.64426 0.07083
vt 0.64426 0.07083
vt 0.64426 0.07083
vt 0.64426 0.07083
vt 0.64426 0.07083
vt 0.64426 0.07083
vt 0.64426 0.07083
vt 0.64426 0.07083
vt 0.64426 0.07083
vt 0.64426 0.07083
vt 0.64426 0.07083
vt 0.64426 0.07083
vt 0.64426 0.07083
vt 0.64426 0.07083
vt 0.64426 0.07083
vt 0.64426 0.07083
vt 0.64426 0.07083
vt 0.64426 0.07083
vt 0.64426 0.07083
vt 0.64426 0.07083
vt 0.64426 0.07083
vt 0.64426 0.07083
vt 0.64426 0.07083
vt 0.64426 0.07083
vt 0.64426 0.07083
vt 0.64426 0.07083
vt 0.64426 0.07083
vt 0.64426 0.07083
vt 0.64426 0.07083
vt 0.64426 0.07083
vt 0.64426 0.07083
vt 0.64426 0.07083
vt 0.64426 0.07083
vt 0.64426 0.07083
vt 0.64426 0.07083
vt 0.64426 0.07083
vt 0.64426 0.07083
vt 0.64426 0.07083
vt 0.64426 0.07083
vt 0.64426 0.07083
vt 0.64426 0.07083
vt 0.64426 0.07083
vt 0.64426 0.07083
vt 0.64426 0.07083
vt 0.64426 0.07083
vt 0.64426 0.07083
vt 0.64426 0.07083
vt 0.64426 0.07083
vt 0.64426 0.07083
vt 0.64426 0.07083
vt 0.64426 0.07083
vt 0.64426 0.07083
vt 0.64426 0.07083
vt 0.64426 0.07083
vt 0.64426 0.07083
vt 0.64426 0.07083
vt 0.64426 0.07083
vt 0.64426 0.07083
vt 0.64426 0.07083
vt 0.64426 0.07083
vt 0.64426 0.07083
vt 0.64426 0.07083
vt 0.64426 0.07083
vt 0.64426 0.07083
vt 0.64426 0.07083
vt 0.64426 0.07083
vt 0.64426 0.07083
vt 0.64426 0.07083
vt 0.64426 0.07083
vt 0.64426 0.07083
vt 0.64426 0.07083
vt 0.64426 0.07083
vt 0.64426 0.07083
vt 0.64426 0.07083
vt 0.64426 0.07083
vt 0.64426 0.07083
vt 0.64426 0.07083
vt 0.64426 0.07083
vt 0.64426 0.07083
vt 0.64426 0.07083
vt 0.64426 0.07083
vt 0.64426 0.07083
vt 0.64426 0.07083
vt 0.64426 0.07083
vt 0.64426 0.07083
vt 0.64426 0.07083
vt 0.64426 0.07083
vt 0.64426 0.07083
vt 0.64426 0.07083
vt 0.64426 0.07083
vt 0.64426 0.07083
vt 0.64426 0.07083
vt 0.64426 0.07083
vt 0.64426 0.07083
vt 0.64426 0.07083
vt 0.64426 0.07083
vt 0.64426 0.07083
vt 0.64426 0.07083
vt 0.64426 0.07083
vt 0.64426 0.07083
vt 0.64426 0.07083
vt 0.64426 0.07083
vt 0.64426 0.07083
vt 0.64426 0.07083
vt 0.64426 0.07083
vt 0.64426 0.07083
vt 0.64426 0.07083
vt 0.64426 0.07083
vt 0.64426 0.07083
vt 0.64426 0.07083
vt 0.64426 0.07083
vt 0.64426 0.07083
vt 0.64426 0.07083
vt 0.64426 0.07083
vt 0.64426 0.07083
vt 0.64426 0.07083
vt 0.64426 0.07083
vt 0.64426 0.07083
vt 0.64426 0.07083
vt 0.64426 0.07083
vt 0.64426 0.07083
vt 0.64426 0.07083
vt 0.64426 0.07083
vt 0.64426 0.07083
vt 0.64426 0.07083
vt 0.64426 0.07083
vt 0.64426 0.07083
vt 0.64426 0.07083
vt 0.64426 0.07083
vt 0.64426 0.07083
vt 0.64426 0.07083
vt 0.64426 0.07083
vt 0.64426 0.07083
vt 0.64426 0.07083
vt 0.64426 0.07083
vt 0.64426 0.07083
vt 0.64426 0.07083
vt 0.64426 0.07083
vt 0.64426 0.07083
vt 0.64426 0.07083
vt 0.64426 0.07083
vt 0.64426 0.07083
vt 0.64426 0.07083
vt 0.64426 0.07083
vt 0.64426 0.07083
vt 0.64426 0.07083
vt 0.64426 0.07083
vt 0.64426 0.07083
vt 0.64426 0.07083
vt 0.64426 0.07083
vt 0.64426 0.07083
vt 0.64426 0.07083
vt 0.64426 0.07083
vt 0.64426 0.07083
vt 0.64426 0.07083
vt 0.64426 0.07083
vt 0.64426 0.07083
vt 0.64426 0.07083
vt 0.64426 0.07083
vt 0.64426 0.07083
vt 0.64426 0.07083
vt 0.64426 0.07083
vt 0.64426 0.07083
vt 0.64426 0.07083
vt 0.64426 0.07083
vt 0.64426 0.07083
vt 0.64426 0.07083
vt 0.64426 0.07083
vt 0.64426 0.07083
vt 0.64426 0.07083
vt 0.64426 0.07083
vt 0.64426 0.07083
vt 0.64426 0.07083
vt 0.64426 0.07083
vt 0.64426 0.07083
vt 0.64426 0.07083
vt 0.64426 0.07083
vt 0.64426 0.07083
vt 0.64426 0.07083
vt 0.64426 0.07083
vt 0.64426 0.07083
vt 0.64426 0.07083
vt 0.64426 0.07083
vt 0.64426 0.07083
vt 0.64426 0.07083
vt 0.64426 0.07083
vt 0.64426 0.07083
vt 0.64426 0.07083
vt 0.64426 0.07083
vt 0.64426 0.07083
vt 0.64426 0.07083
vt 0.64426 0.07083
vt 0.64426 0.07083
vt 0.64426 0.07083
vt 0.64426 0.07083
vt 0.64426 0.07083
vt 0.64426 0.07083
vt 0.64426 0.07083
vt 0.64426 0.07083
vt 0.64426 0.07083
vt 0.64426 0.07083
vt 0.64426 0.07083
vt 0.64426 0.07083
vt 0.64426 0.07083
vt 0.64426 0.07083
vt 0.64426 0.07083
vt 0.64426 0.07083
vt 0.64426 0.07083
vt 0.64426 0.07083
vt 0.64426 0.07083
vt 0.64426 0.07083
vt 0.64426 0.07083
vt 0.64426 0.07083
vt 0.64426 0.07083
vt 0.64426 0.07083
vt 0.64426 0.07083
vt 0.64426 0.07083
vt 0.64426 0.07083
vt 0.64426 0.07083
vt 0.64426 0.07083
vt 0.64426 0.07083
vt 0.64426 0.07083
vt 0.64426 0.07083
vt 0.64426 0.07083
vt 0.64426 0.07083
vt 0.64426 0.07083
vt 0.64426 0.07083
vt 0.64426 0.07083
vt 0.64426 0.07083
vt 0.64426 0.07083
vt 0.64426 0.07083
vt 0.64426 0.07083
vt 0.64426 0.07083
vt 0.64426 0.07083
vt 0.64426 0.07083
vt 0.64426 0.07083
vt 0.64426 0.07083
vt 0.64426 0.07083
vt 0.64426 0.07083
vt 0.64426 0.07083
vt 0.64426 0.07083
vt 0.64426 0.07083
vt 0.64426 0.07083
vt 0.64426 0.07083
vt 0.64426 0.07083
vt 0.64426 0.07083
vt 0.64426 0.07083
vt 0.64426 0.07083
vt 0.64426 0.07083
vt 0.64426 0.07083
vt 0.64426 0.07083
vt 0.64426 0.07083
vt 0.64426 0.07083
vt 0.64426 0.07083
vt 0.64426 0.07083
vt 0.64426 0.07083
vt 0.64426 0.07083
vt 0.64426 0.07083
vt 0.64426 0.07083
vt 0.64426 0.07083
vt 0.64426 0.07083
vt 0.64426 0.07083
vt 0.64426 0.07083
vt 0.64426 0.07083
vt 0.64426 0.07083
vt 0.64426 0.07083
vt 0.64426 0.07083
vt 0.64426 0.07083
vt 0.64426 0.07083
vt 0.64426 0.07083
vt 0.64426 0.07083
vt 0.64426 0.07083
vt 0.64426 0.07083
vt 0.64426 0.07083
vt 0.64426 0.07083
vt 0.64426 0.07083
vt 0.64426 0.07083
vt 0.64426 0.07083
vt 0.64426 0.07083
vt 0.64426 0.07083
vt 0.64426 0.07083
vt 0.64426 0.07083
vt 0.64426 0.07083
vt 0.64426 0.07083
vt 0.64426 0.07083
vt 0.64426 0.07083
vt 0.64426 0.07083
vt 0.64426 0.07083
vt 0.64426 0.07083
vt 0.64426 0.07083
vt 0.64426 0.07083
vt 0.64426 0.07083
vt 0.64426 0.07083
vt 0.64426 0.07083
vt 0.64426 0.07083
vt 0.64426 0.07083
vt 0.64426 0.07083
vt 0.64426 0.07083
vt 0.64426 0.07083
vt 0.64426 0.07083
vt 0.64426 0.07083
vt 0.64426 0.07083
vt 0.64426 0.07083
vt 0.64426 0.07083
vt 0.64426 0.07083
vt 0.64426 0.07083
vt 0.64426 0.07083
vt 0.64426 0.07083
vt 0.64426 0.07083
vt 0.64426 0.07083
vt 0.64426 0.07083
vt 0.64426 0.07083
vt 0.64426 0.07083
vt 0.64426 0.07083
vt 0.64426 0.07083
vt 0.64426 0.07083
vt 0.64426 0.07083
vt 0.64426 0.07083
vt 0.64426 0.07083
vt 0.64426 0.07083
vt 0.64426 0.07083
vt 0.64426 0.07083
vt 0.64426 0.07083
vt 0.64426 0.07083
vt 0.64426 0.07083
vt 0.64426 0.07083
vt 0.64426 0.07083
vt 0.64426 0.07083
vt 0.64426 0.07083
vt 0.64426 0.07083
vt 0.64426 0.07083
vt 0.64426 0.07083
vt 0.64426 0.07083
vt 0.64426 0.07083
vt 0.64426 0.07083
vt 0.64426 0.07083
vt 0.64426 0.07083
vt 0.64426 0.07083
vt 0.64426 0.07083
vt 0.64426 0.07083
vt 0.64426 0.07083
vt 0.64426 0.07083
vt 0.64426 0.07083
vt 0.64426 0.07083
vt 0.64426 0.07083
vt 0.64426 0.07083
vt 0.64426 0.07083
vt 0.64426 0.07083
vt 0.64426 0.07083
vt 0.64426 0.07083
vt 0.64426 0.07083
vt 0.64426 0.07083
vt 0.64426 0.07083
vt 0.64426 0.07083
vt 0.64426 0.07083
vt 0.64426 0.07083
vt 0.64426 0.07083
vt 0.64426 0.07083
vt 0.64426 0.07083
vt 0.64426 0.07083
vt 0.64426 0.07083
vt 0.64426 0.07083
vt 0.64426 0.07083
vt 0.64426 0.07083
vt 0.64426 0.07083
vt 0.64426 0.07083
vt 0.64426 0.07083
vt 0.64426 0.07083
vt 0.64426 0.07083
vt 0.64426 0.07083
vt 0.64426 0.07083
vt 0.64426 0.07083
vt 0.64426 0.07083
vt 0.64426 0.07083
vt 0.64426 0.07083
vt 0.64426 0.07083
vt 0.64426 0.07083
vt 0.64426 0.07083
vt 0.64426 0.07083
vt 0.64426 0.07083
vt 0.64426 0.07083
vt 0.64426 0.07083
vt 0.64426 0.07083
vt 0.64426 0.07083
vt 0.64426 0.07083
vt 0.64426 0.07083
vt 0.64426 0.07083
vt 0.64426 0.07083
vt 0.64426 0.07083
vt 0.64426 0.07083
vt 0.64426 0.07083
vt 0.64426 0.07083
vt 0.64426 0.07083
vt 0.64426 0.07083
vt 0.64426 0.07083
vt 0.64426 0.07083
vt 0.64426 0.07083
vt 0.64426 0.07083
vt 0.64426 0.07083
vt 0.64426 0.07083
vt 0.64426 0.07083
vt 0.64426 0.07083
vt 0.64426 0.07083
vt 0.64426 0.07083
vt 0.64426 0.07083
vt 0.64426 0.07083
vt 0.64426 0.07083
vt 0.64426 0.07083
vt 0.64426 0.07083
vt 0.64426 0.07083
vt 0.64426 0.07083
vt 0.64426 0.07083
vt 0.64426 0.07083
vt 0.64426 0.07083
vt 0.64426 0.07083
vt 0.64426 0.07083
vt 0.64426 0.07083
vt 0.64426 0.07083
vt 0.64426 0.07083
vt 0.64426 0.07083
vt 0.64426 0.07083
vt 0.64426 0.07083
vt 0.64426 0.07083
vt 0.64426 0.07083
vt 0.64426 0.07083
vt 0.64426 0.07083
vt 0.64426 0.07083
vt 0.64426 0.07083
vt 0.64426 0.07083
vt 0.64426 0.07083
vt 0.64426 0.07083
vt 0.64426 0.07083
vt 0.64426 0.07083
vt 0.64426 0.07083
vt 0.64426 0.07083
vt 0.64426 0.07083
vt 0.64426 0.07083
vt 0.64426 0.07083
vt 0.64426 0.07083
vt 0.64426 0.07083
vt 0.64426 0.07083
vt 0.64426 0.07083
vt 0.64426 0.07083
vt 0.64426 0.07083
vt 0.64426 0.07083
vt 0.64426 0.07083
vt 0.64426 0.07083
vt 0.64426 0.07083
vt 0.64426 0.07083
vt 0.64426 0.07083
vt 0.64426 0.07083
vt 0.64426 0.07083
vt 0.64426 0.07083
vt 0.64426 0.07083
vt 0.64426 0.07083
vt 0.64426 0.07083
vt 0.64426 0.07083
vt 0.64426 0.07083
vt 0.64426 0.07083
vt 0.64426 0.07083
vt 0.64426 0.07083
vt 0.64426 0.07083
vt 0.64426 0.07083
vt 0.64426 0.07083
vt 0.64426 0.07083
vt 0.64426 0.07083
vt 0.64426 0.07083
vt 0.64426 0.07083
vt 0.64426 0.07083
vt 0.64426 0.07083
vt 0.64426 0.07083
vt 0.64426 0.07083
vt 0.64426 0.07083
vt 0.64426 0.07083
vt 0.64426 0.07083
vt 0.64426 0.07083
vt 0.64426 0.07083
vt 0.64426 0.07083
vt 0.64426 0.07083
vt 0.64426 0.07083
vt 0.64426 0.07083
vt 0.64426 0.07083
vt 0.64426 0.07083
vt 0.64426 0.07083
vt 0.64426 0.07083
vt 0.64426 0.07083
vt 0.64426 0.07083
vt 0.64426 0.07083
vt 0.64426 0.07083
vt 0.64426 0.07083
vt 0.64426 0.07083
vt 0.64426 0.07083
vt 0.64426 0.07083
vt 0.64426 0.07083
vt 0.64426 0.07083
vt 0.64426 0.07083
vt 0.64426 0.07083
vt 0.64426 0.07083
vt 0.64426 0.07083
vt 0.64426 0.07083
vt 0.64426 0.07083
vt 0.64426 0.07083
vt 0.64426 0.07083
vt 0.64426 0.07083
vt 0.10640 0.10891
vt 0.10640 0.10891
vt 0.10639 0.10891
vt 0.10639 0.10890
vt 0.10639 0.10887
vt 0.10640 0.10887
vt 0.10640 0.10888
vt 0.10639 0.10888
vt 0.10643 0.10886
vt 0.10642 0.10887
vt 0.10643 0.10885
vt 0.10643 0.10884
vt 0.10643 0.10885
vt 0.10643 0.10885
vt 0.10643 0.10886
vt 0.10642 0.10887
vt 0.10643 0.10885
vt 0.10643 0.10885
vt 0.10643 0.10885
vt 0.10643 0.10885
vt 0.10644 0.10893
vt 0.10643 0.10892
vt 0.10643 0.10892
vt 0.10644 0.10893
vt 0.10638 0.10888
vt 0.10638 0.10887
vt 0.10638 0.10887
vt 0.10638 0.10888
vt 0.10641 0.10887
vt 0.10642 0.10887
vt 0.10643 0.10885
vt 0.10642 0.10887
vt 0.10641 0.10886
vt 0.10642 0.10886
vt 0.10642 0.10886
vt 0.10641 0.10886
vt 0.10641 0.10886
vt 0.10641 0.10886
vt 0.10640 0.10886
vt 0.10640 0.10886
vt 0.10640 0.10885
vt 0.10640 0.10885
vt 0.10640 0.10892
vt 0.10641 0.10892
vt 0.10641 0.10892
vt 0.10642 0.10892
vt 0.10642 0.10893
vt 0.10641 0.10893
vt 0.10641 0.10893
vt 0.10640 0.10893
vt 0.10640 0.10893
vt 0.10640 0.10892
vt 0.10637 0.10889
vt 0.10637 0.10889
vt 0.10638 0.10889
vt 0.10638 0.10889
vt 0.10638 0.10890
vt 0.10638 0.10890
vt 0.10637 0.10890
vt 0.10637 0.10890
vt 0.10636 0.10890
vt 0.10636 0.10889
vt 0.10634 0.10883
vt 0.10635 0.10883
vt 0.10635 0.10884
vt 0.10635 0.10886
vt 0.10634 0.10886
vt 0.10634 0.10886
vt 0.10640 0.10884
vt 0.10640 0.10884
vt 0.10637 0.10884
vt 0.10637 0.10884
vt 0.10637 0.10884
vt 0.10640 0.10884
vt 0.10634 0.10891
vt 0.10635 0.10890
vt 0.10636 0.10893
vt 0.10635 0.10893
vt 0.10635 0.10893
vt 0.10634 0.10891
vt 0.10637 0.10891
vt 0.10637 0.10890
vt 0.10637 0.10891
vt 0.10638 0.10893
vt 0.10638 0.10893
vt 0.10638 0.10893
vt 0.69178 0.09403
vt 0.69178 0.09403
vt 0.69178 0.09403
vt 0.69178 0.09403
vt 0.69178 0.09403
vt 0.69178 0.09403
vt 0.69178 0.09403
vt 0.69178 0.09403
vt 0.69178 0.09403
vt 0.69178 0.09403
vt 0.69178 0.09403
vt 0.69178 0.09403
vt 0.69178 0.09403
vt 0.69178 0.09403
vt 0.69178 0.09403
vt 0.69178 0.09403
vt 0.69178 0.09403
vt 0.69178 0.09403
vt 0.69178 0.09403
vt 0.69178 0.09403
vt 0.69178 0.09403
vt 0.69178 0.09403
vt 0.69178 0.09403
vt 0.69178 0.09403
vt 0.69178 0.09403
vt 0.69178 0.09403
vt 0.69178 0.09403
vt 0.69178 0.09403
vt 0.69178 0.09403
vt 0.69178 0.09403
vt 0.69178 0.09403
vt 0.69178 0.09403
vt 0.69178 0.09403
vt 0.69178 0.09403
vt 0.69178 0.09403
vt 0.69178 0.09403
vt 0.69178 0.09403
vt 0.69178 0.09403
vt 0.69178 0.09403
vt 0.69178 0.09403
vt 0.69178 0.09403
vt 0.69178 0.09403
vt 0.69178 0.09403
vt 0.69178 0.09403
vt 0.69178 0.09403
vt 0.69178 0.09403
vt 0.69178 0.09403
vt 0.69178 0.09403
vt 0.69178 0.09403
vt 0.69178 0.09403
vt 0.69180 0.09399
vt 0.69180 0.09399
vt 0.69180 0.09399
vt 0.69181 0.09399
vt 0.69181 0.09399
vt 0.69181 0.09399
vt 0.69181 0.09399
vt 0.69181 0.09399
vt 0.69181 0.09399
vt 0.69180 0.09399
vt 0.69181 0.09400
vt 0.69181 0.09400
vt 0.69181 0.09400
vt 0.69180 0.09400
vt 0.69180 0.09400
vt 0.69180 0.09400
vt 0.69180 0.09400
vt 0.69181 0.09400
vt 0.69181 0.09400
vt 0.69181 0.09400
vt 0.69181 0.09400
vt 0.69181 0.09400
vt 0.69181 0.09400
vt 0.69181 0.09400
vt 0.69181 0.09400
vt 0.69181 0.09400
vt 0.69181 0.09400
vt 0.69181 0.09400
vt 0.69181 0.09400
vt 0.69181 0.09400
vt 0.69181 0.09400
vt 0.69181 0.09400
vt 0.69180 0.09400
vt 0.69180 0.09400
vt 0.69180 0.09400
vt 0.69180 0.09400
vt 0.69180 0.09400
vt 0.69180 0.09400
vt 0.69181 0.09400
vt 0.69181 0.09400
vt 0.69181 0.09400
vt 0.69181 0.09400
vt 0.69181 0.09400
vt 0.69181 0.09400
vt 0.69181 0.09400
vt 0.69181 0.09400
vt 0.69181 0.09400
vt 0.69181 0.09400
vt 0.69181 0.09400
vt 0.69181 0.09400
vt 0.69181 0.09400
vt 0.69181 0.09400
vt 0.69180 0.09400
vt 0.69180 0.09400
vt 0.69180 0.09400
vt 0.69180 0.09400
vt 0.69180 0.09400
vt 0.69180 0.09400
vt 0.69181 0.09400
vt 0.69181 0.09400
vt 0.69182 0.09403
vt 0.69182 0.09403
vt 0.69182 0.09403
vt 0.69182 0.09403
vt 0.69183 0.09403
vt 0.69183 0.09403
vt 0.69183 0.09403
vt 0.69183 0.09403
vt 0.69183 0.09403
vt 0.69182 0.09403
vt 0.69183 0.09404
vt 0.69183 0.09404
vt 0.69183 0.09404
vt 0.69182 0.09404
vt 0.69182 0.09404
vt 0.69182 0.09404
vt 0.69182 0.09404
vt 0.69182 0.09404
vt 0.69182 0.09404
vt 0.69183 0.09404
vt 0.69183 0.09404
vt 0.69183 0.09404
vt 0.69183 0.09404
vt 0.69183 0.09404
vt 0.69183 0.09404
vt 0.69183 0.09404
vt 0.69183 0.09404
vt 0.69183 0.09404
vt 0.69183 0.09404
vt 0.69183 0.09404
vt 0.69182 0.09404
vt 0.69182 0.09404
vt 0.69182 0.09404
vt 0.69182 0.09404
vt 0.69182 0.09404
vt 0.69182 0.09404
vt 0.69182 0.09404
vt 0.69182 0.09404
vt 0.69183 0.09404
vt 0.69183 0.09404
vt 0.69183 0.09404
vt 0.69183 0.09404
vt 0.69183 0.09404
vt 0.69183 0.09404
vt 0.69183 0.09404
vt 0.69183 0.09404
vt 0.69183 0.09404
vt 0.69183 0.09404
vt 0.69183 0.09404
vt 0.69183 0.09404
vt 0.69182 0.09404
vt 0.69182 0.09404
vt 0.69182 0.09404
vt 0.69182 0.09404
vt 0.69182 0.09404
vt 0.69182 0.09404
vt 0.69182 0.09404
vt 0.69182 0.09404
vt 0.69183 0.09404
vt 0.69183 0.09404
vt 0.69178 0.09401
vt 0.69179 0.09401
vt 0.69179 0.09401
vt 0.69178 0.09400
vt 0.69179 0.09400
vt 0.69182 0.09406
vt 0.69182 0.09406
vt 0.69182 0.09406
vt 0.69182 0.09406
vt 0.69177 0.09399
vt 0.69177 0.09400
vt 0.69178 0.09400
vt 0.69178 0.09399
vt 0.69179 0.09405
vt 0.69179 0.09405
vt 0.69177 0.09404
vt 0.69177 0.09404
vt 0.69178 0.09399
vt 0.69177 0.09399
vt 0.69177 0.09399
vt 0.69178 0.09399
vt 0.69178 0.09399
vt 0.69178 0.09400
vt 0.69178 0.09400
vt 0.69177 0.09400
vt 0.69177 0.09400
vt 0.69177 0.09400
vt 0.69177 0.09399
vt 0.69177 0.09399
vt 0.69177 0.09400
vt 0.69178 0.09399
vt 0.69177 0.09399
vt 0.69177 0.09399
vt 0.69178 0.09399
vt 0.69177 0.09399
vt 0.69179 0.09400
vt 0.69182 0.09405
vt 0.69182 0.09406
vt 0.69181 0.09401
vt 0.69181 0.09400
vt 0.69181 0.09400
vt 0.69177 0.09399
vt 0.69177 0.09399
vt 0.69178 0.09399
vt 0.69178 0.09399
vt 0.69181 0.09401
vt 0.69181 0.09401
vt 0.69181 0.09400
vt 0.69181 0.09401
vt 0.69181 0.09401
vt 0.69181 0.09401
vt 0.69181 0.09401
vt 0.69181 0.09400
vt 0.69178 0.09399
vt 0.69177 0.09399
vt 0.69177 0.09399
vt 0.69177 0.09399
vt 0.69178 0.09399
vt 0.69178 0.09399
vt 0.69183 0.09405
vt 0.69183 0.09405
vt 0.69182 0.09405
vt 0.69182 0.09405
vt 0.69183 0.09405
vt 0.69181 0.09401
vt 0.69181 0.09401
vt 0.69181 0.09401
vt 0.69181 0.09401
vt 0.69179 0.09399
vt 0.69180 0.09399
vt 0.69180 0.09400
vt 0.69179 0.09400
vt 0.69179 0.09404
vt 0.69179 0.09404
vt 0.69179 0.09405
vt 0.69179 0.09405
vt 0.69179 0.09402
vt 0.69179 0.09402
vt 0.69179 0.09401
vt 0.69180 0.09399
vt 0.69180 0.09399
vt 0.69179 0.09399
vt 0.69179 0.09399
vt 0.69180 0.09400
vt 0.69180 0.09399
vt 0.69180 0.09400
vt 0.69179 0.09400
vt 0.69179 0.09399
vt 0.69179 0.09399
vt 0.69179 0.09400
vt 0.69180 0.09399
vt 0.69179 0.09399
vt 0.69179 0.09399
vt 0.69180 0.09399
vt 0.69179 0.09399
vt 0.69181 0.09400
vt 0.69181 0.09400
vt 0.69179 0.09399
vt 0.69179 0.09399
vt 0.69180 0.09399
vt 0.69180 0.09399
vt 0.69181 0.09400
vt 0.69181 0.09400
vt 0.69181 0.09400
vt 0.69181 0.09400
vt 0.69181 0.09400
vt 0.69181 0.09400
vt 0.69181 0.09400
vt 0.69181 0.09400
vt 0.69179 0.09399
vt 0.69180 0.09399
vt 0.69179 0.09399
vt 0.69179 0.09399
vt 0.69180 0.09399
vt 0.69180 0.09399
vt 0.12081 0.94732
vt 0.12081 0.94732
vt 0.12081 0.94732
vt 0.12081 0.94732
vt 0.12081 0.94732
vt 0.12081 0.94732
vt 0.12081 0.94732
vt 0.12081 0.94732
vt 0.12081 0.94732
vt 0.12081 0.94732
vt 0.12081 0.94732
vt 0.12081 0.94732
vt 0.12081 0.94732
vt 0.12081 0.94732
vt 0.12081 0.94732
vt 0.12081 0.94732
vt 0.12081 0.94732
vt 0.12081 0.94732
vt 0.12081 0.94732
vt 0.12081 0.94732
vt 0.12081 0.94732
vt 0.12081 0.94732
vt 0.12081 0.94732
vt 0.12081 0.94732
vt 0.12081 0.94732
vt 0.12081 0.94732
vt 0.12081 0.94732
vt 0.12081 0.94732
vt 0.12081 0.94732
vt 0.12081 0.94732
vt 0.12081 0.94732
vt 0.12081 0.94732
vt 0.12081 0.94732
vt 0.12081 0.94732
vt 0.12081 0.94732
vt 0.12081 0.94732
vt 0.12081 0.94732
vt 0.12081 0.94732
vt 0.12081 0.94732
vt 0.12081 0.94732
vt 0.12081 0.94732
vt 0.12081 0.94732
vt 0.12081 0.94732
vt 0.12081 0.94732
vt 0.12081 0.94732
vt 0.12081 0.94732
vt 0.12081 0.94732
vt 0.12081 0.94732
vt 0.12081 0.94732
vt 0.12081 0.94732
vt 0.12081 0.94732
vt 0.12081 0.94732
vt 0.12081 0.94732
vt 0.12081 0.94732
vt 0.12081 0.94732
vt 0.12081 0.94732
vt 0.12081 0.94732
vt 0.12081 0.94732
vt 0.12081 0.94732
vt 0.12081 0.94732
vt 0.12081 0.94732
vt 0.12081 0.94732
vt 0.12081 0.94732
vt 0.12081 0.94732
vt 0.12081 0.94732
vt 0.12081 0.94732
vt 0.12081 0.94732
vt 0.12081 0.94732
vt 0.12081 0.94732
vt 0.12081 0.94732
vt 0.12081 0.94732
vt 0.12081 0.94732
vt 0.12081 0.94732
vt 0.12081 0.94732
vt 0.12081 0.94732
vt 0.12081 0.94732
vt 0.12081 0.94732
vt 0.12081 0.94732
vt 0.12081 0.94732
vt 0.12081 0.94732
vt 0.12081 0.94732
vt 0.12081 0.94732
vt 0.12081 0.94732
vt 0.12081 0.94732
vt 0.12081 0.94732
vt 0.12081 0.94732
vt 0.12081 0.94732
vt 0.12081 0.94732
vt 0.12081 0.94732
vt 0.12081 0.94732
vt 0.12081 0.94732
vt 0.12081 0.94732
vt 0.12081 0.94732
vt 0.12081 0.94732
vt 0.12081 0.94732
vt 0.12081 0.94732
vt 0.12081 0.94732
vt 0.12081 0.94732
vt 0.12081 0.94732
vt 0.12081 0.94732
vt 0.12081 0.94732
vt 0.12081 0.94732
vt 0.12081 0.94732
vt 0.12081 0.94732
vt 0.12081 0.94732
vt 0.12081 0.94732
vt 0.12081 0.94732
vt 0.12081 0.94732
vt 0.12081 0.94732
vt 0.12081 0.94732
vt 0.12081 0.94732
vt 0.12081 0.94732
vt 0.12081 0.94732
vt 0.12081 0.94732
vt 0.12081 0.94732
vt 0.12081 0.94732
vt 0.12081 0.94732
vt 0.12081 0.94732
vt 0.12081 0.94732
vt 0.12081 0.94732
vt 0.12081 0.94732
vt 0.12081 0.94732
vt 0.12081 0.94732
vt 0.12081 0.94732
vt 0.12081 0.94732
vt 0.12081 0.94732
vt 0.12081 0.94732
vt 0.12081 0.94732
vt 0.12081 0.94732
vt 0.12081 0.94732
vt 0.12081 0.94732
vt 0.12081 0.94732
vt 0.12081 0.94732
vt 0.12081 0.94732
vt 0.12081 0.94732
vt 0.12081 0.94732
vt 0.12081 0.94732
vt 0.12081 0.94732
vt 0.12081 0.94732
vt 0.12081 0.94732
vt 0.12081 0.94732
vt 0.12081 0.94732
vt 0.12081 0.94732
vt 0.12081 0.94732
vt 0.12081 0.94732
vt 0.12081 0.94732
vt 0.12081 0.94732
vt 0.12081 0.94732
vt 0.12081 0.94732
vt 0.12081 0.94732
vt 0.12081 0.94732
vt 0.12081 0.94732
vt 0.12081 0.94732
vt 0.12081 0.94732
vt 0.12081 0.94732
vt 0.12081 0.94732
vt 0.12081 0.94732
vt 0.12081 0.94732
vt 0.12081 0.94732
vt 0.12081 0.94732
vt 0.12081 0.94732
vt 0.12081 0.94732
vt 0.12081 0.94732
vt 0.12081 0.94732
vt 0.12081 0.94732
vt 0.12081 0.94732
vt 0.12081 0.94732
vt 0.12081 0.94732
vt 0.12081 0.94732
vt 0.12081 0.94732
vt 0.12081 0.94732
vt 0.12081 0.94732
vt 0.12081 0.94732
vt 0.12081 0.94732
vt 0.12081 0.94732
vt 0.12081 0.94732
vt 0.12081 0.94732
vt 0.12081 0.94732
vt 0.12081 0.94732
vt 0.12081 0.94732
vt 0.12081 0.94732
vt 0.12081 0.94732
vt 0.12081 0.94732
vt 0.12081 0.94732
vt 0.12081 0.94732
vt 0.12081 0.94732
vt 0.12081 0.94732
vt 0.12081 0.94732
vt 0.12081 0.94732
vt 0.12081 0.94732
vt 0.12081 0.94732
vt 0.12081 0.94732
vt 0.12081 0.94732
vt 0.12081 0.94732
vt 0.12081 0.94732
vt 0.12081 0.94732
vt 0.12081 0.94732
vt 0.12081 0.94732
vt 0.12081 0.94732
vt 0.12081 0.94732
vt 0.12081 0.94732
vt 0.12081 0.94732
vt 0.12081 0.94732
vt 0.12081 0.94732
vt 0.12081 0.94732
vt 0.12081 0.94732
vt 0.12081 0.94732
vt 0.12081 0.94732
vt 0.12081 0.94732
vt 0.12081 0.94732
vt 0.12081 0.94732
vt 0.12081 0.94732
vt 0.12081 0.94732
vt 0.12081 0.94732
vt 0.12081 0.94732
vt 0.12081 0.94732
vt 0.12081 0.94732
vt 0.12081 0.94732
vt 0.12081 0.94732
vt 0.12081 0.94732
vt 0.12081 0.94732
vt 0.12081 0.94732
vt 0.12081 0.94732
vt 0.12081 0.94732
vt 0.12081 0.94732
vt 0.12081 0.94732
vt 0.12081 0.94732
vt 0.12081 0.94732
vt 0.12081 0.94732
vt 0.12081 0.94732
vt 0.12081 0.94732
vt 0.12081 0.94732
vt 0.12081 0.94732
vt 0.12081 0.94732
vt 0.12081 0.94732
vt 0.12081 0.94732
vt 0.12081 0.94732
vt 0.12081 0.94732
vt 0.12081 0.94732
vt 0.12081 0.94732
vt 0.12081 0.94732
vt 0.12081 0.94732
vt 0.12081 0.94732
vt 0.12081 0.94732
vt 0.12081 0.94732
vt 0.12081 0.94732
vt 0.12081 0.94732
vt 0.12081 0.94732
vt 0.12081 0.94732
vt 0.12081 0.94732
vt 0.12081 0.94732
vt 0.12081 0.94732
vt 0.12081 0.94732
vt 0.12081 0.94732
vt 0.12081 0.94732
vt 0.12081 0.94732
vt 0.12081 0.94732
vt 0.12081 0.94732
vt 0.12081 0.94732
vt 0.12081 0.94732
vt 0.12081 0.94732
vt 0.12081 0.94732
vt 0.12081 0.94732
vt 0.12081 0.94732
vt 0.12081 0.94732
vt 0.12081 0.94732
vt 0.12081 0.94732
vt 0.12081 0.94732
vt 0.12081 0.94732
vt 0.12081 0.94732
vt 0.12081 0.94732
vt 0.12081 0.94732
vt 0.12081 0.94732
vt 0.12081 0.94732
vt 0.12081 0.94732
vt 0.12081 0.94732
vt 0.12081 0.94732
vt 0.12081 0.94732
vt 0.12081 0.94732
vt 0.12081 0.94732
vt 0.12081 0.94732
vt 0.12081 0.94732
vt 0.12081 0.94732
vt 0.12081 0.94732
vt 0.12081 0.94732
vt 0.12081 0.94732
vt 0.12081 0.94732
vt 0.12081 0.94732
vt 0.12081 0.94732
vt 0.12081 0.94732
vt 0.12081 0.94732
vt 0.12081 0.94732
vt 0.12081 0.94732
vt 0.12081 0.94732
vt 0.12081 0.94732
vt 0.12081 0.94732
vt 0.12081 0.94732
vt 0.12081 0.94732
vt 0.12081 0.94732
vt 0.12081 0.94732
vt 0.12081 0.94732
vt 0.12081 0.94732
vt 0.12081 0.94732
vt 0.12081 0.94732
vt 0.12081 0.94732
vt 0.12081 0.94732
vt 0.12081 0.94732
vt 0.12081 0.94732
vt 0.12081 0.94732
vt 0.12081 0.94732
vt 0.12081 0.94732
vt 0.12081 0.94732
vt 0.12081 0.94732
vt 0.12081 0.94732
vt 0.12081 0.94732
vt 0.12081 0.94732
vt 0.12081 0.94732
vt 0.12081 0.94732
vt 0.12081 0.94732
vt 0.12081 0.94732
vt 0.12081 0.94732
vt 0.12081 0.94732
vt 0.12081 0.94732
vt 0.12081 0.94732
vt 0.12081 0.94732
vt 0.12081 0.94732
vt 0.12081 0.94732
vt 0.12081 0.94732
vt 0.12081 0.94732
vt 0.12081 0.94732
vt 0.12081 0.94732
vt 0.12081 0.94732
vt 0.12081 0.94732
vt 0.12081 0.94732
vt 0.12081 0.94732
vt 0.12081 0.94732
vt 0.12081 0.94732
vt 0.12081 0.94732
vt 0.12081 0.94732
vt 0.12081 0.94732
vt 0.12081 0.94732
vt 0.12081 0.94732
vt 0.12081 0.94732
vt 0.12081 0.94732
vt 0.12081 0.94732
vt 0.12081 0.94732
vt 0.12081 0.94732
vt 0.12081 0.94732
vt 0.12081 0.94732
vt 0.12081 0.94732
vt 0.12081 0.94732
vt 0.12081 0.94732
vt 0.12081 0.94732
vt 0.12081 0.94732
vt 0.12081 0.94732
vt 0.12081 0.94732
vt 0.12081 0.94732
vt 0.12081 0.94732
vt 0.12081 0.94732
vt 0.12081 0.94732
vt 0.12081 0.94732
vt 0.12081 0.94732
vt 0.12081 0.94732
vt 0.12081 0.94732
vt 0.12081 0.94732
vt 0.12081 0.94732
vt 0.12081 0.94732
vt 0.12081 0.94732
vt 0.12081 0.94732
vt 0.12081 0.94732
vt 0.12081 0.94732
vt 0.12081 0.94732
vt 0.12081 0.94732
vt 0.12081 0.94732
vt 0.12081 0.94732
vt 0.12081 0.94732
vt 0.12081 0.94732
vt 0.12081 0.94732
vt 0.12081 0.94732
vt 0.12081 0.94732
vt 0.12081 0.94732
vt 0.12081 0.94732
vt 0.12081 0.94732
vt 0.12081 0.94732
vt 0.12081 0.94732
vt 0.12081 0.94732
vt 0.12081 0.94732
vt 0.12081 0.94732
vt 0.12081 0.94732
vt 0.12081 0.94732
vt 0.12081 0.94732
vt 0.12081 0.94732
vt 0.12081 0.94732
vt 0.12081 0.94732
vt 0.12081 0.94732
vt 0.12081 0.94732
vt 0.12081 0.94732
vt 0.12081 0.94732
vt 0.12081 0.94732
vt 0.12081 0.94732
vt 0.12081 0.94732
vt 0.12081 0.94732
vt 0.45521 0.48765
vt 0.45521 0.48765
vt 0.45521 0.48765
vt 0.45521 0.48765
vt 0.45521 0.48765
vt 0.45521 0.48765
vt 0.45521 0.48765
vt 0.45521 0.48765
vt 0.45521 0.48764
vt 0.45521 0.48764
vt 0.45521 0.48764
vt 0.45521 0.48764
vt 0.45521 0.48764
vt 0.45521 0.48764
vt 0.45521 0.48764
vt 0.45521 0.48764
vt 0.45521 0.48763
vt 0.45521 0.48763
vt 0.45521 0.48763
vt 0.45521 0.48763
vt 0.45521 0.48763
vt 0.45521 0.48763
vt 0.45521 0.48764
vt 0.45521 0.48765
vt 0.45521 0.48765
vt 0.45521 0.48764
vt 0.45521 0.48765
vt 0.45520 0.48765
vt 0.45520 0.48764
vt 0.45520 0.48764
vt 0.45520 0.48764
vt 0.45520 0.48765
vt 0.45520 0.48764
vt 0.45521 0.48763
vt 0.45520 0.48763
vt 0.45520 0.48763
vt 0.45521 0.48763
vt 0.45519 0.48763
vt 0.45520 0.48763
vt 0.45520 0.48764
vt 0.45519 0.48764
vt 0.45521 0.48764
vt 0.45521 0.48764
vt 0.45520 0.48765
vt 0.85000 0.00000
vt 0.85000 1.00000
vt 0.15000 1.00000
vt 0.15000 0.00000
vt 0.77070 0.00000
vt 0.77070 1.00000
vt 0.22930 1.00000
vt 0.22930 0.00000
vt 0.85000 0.00000
vt 0.85000 1.00000
vt 0.15000 1.00000
vt 0.15000 0.00000
vt 0.77070 0.00000
vt 0.77070 1.00000
vt 0.22930 1.00000
vt 0.22930 0.00000
vt 1.00000 0.00000
vt 1.00000 1.00000
vt 0.00000 1.00000
vt 0.00000 0.00000
vt 1.00000 0.00000
vt 1.00000 1.00000
vt 1.00000 0.00000
vt 1.00000 1.00000
vt 0.00000 0.22930
vt 0.15000 0.00000
vt 0.15000 0.00000
vt 0.00000 0.22930
vt 0.85000 0.00000
vt 0.85000 0.00000
vt 1.00000 0.22930
vt 1.00000 0.22930
vt 1.00000 0.77070
vt 1.00000 0.77070
vt 0.85000 1.00000
vt 0.85000 1.00000
vt 0.15000 1.00000
vt 0.15000 1.00000
vt 0.00000 0.77070
vt 0.00000 0.77070
vt 0.00000 0.22930
vt 0.15000 0.00000
vt 0.15000 0.00000
vt 0.00000 0.22930
vt 0.85000 0.00000
vt 0.85000 0.00000
vt 1.00000 0.22930
vt 1.00000 0.22930
vt 1.00000 0.77070
vt 1.00000 0.77070
vt 0.85000 1.00000
vt 0.85000 1.00000
vt 0.15000 1.00000
vt 0.15000 1.00000
vt 0.00000 0.77070
vt 0.00000 0.77070
vt 0.85000 0.00000
vt 1.00000 0.22930
vt 1.00000 0.22930
vt 0.85000 0.00000
vt 1.00000 0.77070
vt 1.00000 0.77070
vt 0.85000 1.00000
vt 0.85000 1.00000
vt 0.15000 1.00000
vt 0.15000 1.00000
vt 0.00000 0.77070
vt 0.00000 0.77070
vt 0.00000 0.22930
vt 0.00000 0.22930
vt 0.15000 0.00000
vt 0.15000 0.00000
vt 1.00000 0.22930
vt 0.85000 0.00000
vt 1.00000 0.77070
vt 0.85000 1.00000
vt 0.15000 1.00000
vt 0.00000 0.77070
vt 0.00000 0.22930
vt 0.15000 0.00000
vt 0.15000 0.00000
vt 0.00000 0.22930
vt 0.85000 0.00000
vt 1.00000 0.22930
vt 1.00000 0.77070
vt 0.85000 1.00000
vt 0.15000 1.00000
vt 0.00000 0.77070
vt 0.85109 0.23990
vt 0.90917 0.32867
vt 0.21501 0.17334
vt 0.15693 0.26211
vt 0.09083 0.67133
vt 0.14891 0.76010
vt 0.78499 0.82666
vt 0.84307 0.73789
vt 0.00000 0.22930
vt 0.15000 0.00000
vt 0.85000 0.00000
vt 1.00000 0.22930
vt 1.00000 0.77070
vt 0.85000 1.00000
vt 0.15000 1.00000
vt 0.00000 0.77070
vt 0.00000 0.22930
vt 0.15000 0.00000
vt 0.85000 0.00000
vt 1.00000 0.22930
vt 1.00000 0.77070
vt 0.85000 1.00000
vt 0.15000 1.00000
vt 0.00000 0.77070
vt 0.77070 0.00000
vt 0.77070 1.00000
vt 0.22930 1.00000
vt 0.22930 0.00000
vt 0.43143 0.00000
vt 0.43143 1.00000
vt 0.15000 1.00000
vt 0.15000 0.00000
vt 0.85000 1.00000
vt 0.85000 0.00000
vt 1.00000 0.00000
vt 1.00000 1.00000
vt 1.00000 0.00000
vt 1.00000 1.00000
vt 0.85000 0.00000
vt 1.00000 0.22930
vt 1.00000 0.22930
vt 0.85000 0.00000
vt 1.00000 0.77070
vt 1.00000 0.77070
vt 0.85000 1.00000
vt 0.85000 1.00000
vt 0.56891 1.00000
vt 0.57000 1.00000
vt 0.85000 0.00000
vt 1.00000 0.22930
vt 1.00000 0.22930
vt 0.85000 0.00000
vt 1.00000 0.77070
vt 1.00000 0.77070
vt 0.85000 1.00000
vt 0.85000 1.00000
vt 0.57036 1.00000
vt 0.57036 1.00000
vt 0.61667 1.00000
vt 0.15000 1.00000
vt 0.00000 0.77070
vt 0.00000 0.77070
vt 0.15000 1.00000
vt 0.00000 0.22930
vt 0.00000 0.22930
vt 0.15000 0.00000
vt 0.15000 0.00000
vt 0.43143 0.00000
vt 0.42966 0.00000
vt 0.00000 0.77070
vt 0.15000 1.00000
vt 0.00000 0.22930
vt 0.15000 0.00000
vt 0.42966 0.00000
vt 0.15693 0.26211
vt 0.21501 0.17334
vt 0.09083 0.67133
vt 0.14891 0.76010
vt 0.40131 0.78651
vt 0.42966 1.00000
vt 0.85000 0.00000
vt 1.00000 0.22930
vt 1.00000 0.77070
vt 0.85000 1.00000
vt 0.56857 1.00000
vt 0.57036 0.00000
vt 0.57000 0.00000
vt 0.61667 0.00000
vt 0.61667 1.00000
vt 0.61667 0.00000
vt 0.57036 1.00000
vt 0.61667 0.00000
vt 0.61667 1.00000
vt 0.61667 1.00000
vt 0.61667 0.00000
vt 0.57142 1.00000
vt 0.57697 1.00000
vt 0.61667 0.00000
vt 0.57824 0.00000
vt 0.57697 0.00000
vt 0.61667 1.00000
vt 0.56857 1.00000
vt 0.56857 0.00000
vt 0.56891 0.00000
vt 0.57036 0.00000
vt 0.43143 1.00000
vt 0.42966 1.00000
vt 0.46741 0.19975
vt 0.56857 0.00000
vt 0.57036 0.00000
vt 0.57142 0.00000
vt 0.57824 1.00000
vt 0.61667 0.00000
vt 0.61667 1.00000
vt 0.57824 1.00000
vt 0.57824 0.00000
vt 0.85000 0.00000
vt 0.15000 0.00000
vt 0.15000 1.00000
vt 0.85000 1.00000
vt 0.77070 0.00000
vt 0.22930 0.00000
vt 0.22930 1.00000
vt 0.77070 1.00000
vt 0.85000 0.00000
vt 0.15000 0.00000
vt 0.15000 1.00000
vt 0.85000 1.00000
vt 0.77070 0.00000
vt 0.22930 0.00000
vt 0.22930 1.00000
vt 0.77070 1.00000
vt 1.00000 1.00000
vt 1.00000 0.00000
vt 0.00000 0.00000
vt 0.00000 1.00000
vt 1.00000 1.00000
vt 1.00000 0.00000
vt 1.00000 1.00000
vt 1.00000 0.00000
vt 0.00000 0.22930
vt 0.00000 0.22930
vt 0.15000 0.00000
vt 0.15000 0.00000
vt 0.85000 0.00000
vt 0.85000 0.00000
vt 1.00000 0.22930
vt 1.00000 0.22930
vt 1.00000 0.77070
vt 1.00000 0.77070
vt 0.85000 1.00000
vt 0.85000 1.00000
vt 0.15000 1.00000
vt 0.15000 1.00000
vt 0.00000 0.77070
vt 0.00000 0.77070
vt 0.00000 0.22930
vt 0.00000 0.22930
vt 0.15000 0.00000
vt 0.15000 0.00000
vt 0.85000 0.00000
vt 0.85000 0.00000
vt 1.00000 0.22930
vt 1.00000 0.22930
vt 1.00000 0.77070
vt 1.00000 0.77070
vt 0.85000 1.00000
vt 0.85000 1.00000
vt 0.15000 1.00000
vt 0.15000 1.00000
vt 0.00000 0.77070
vt 0.00000 0.77070
vt 0.85000 0.00000
vt 0.85000 0.00000
vt 1.00000 0.22930
vt 1.00000 0.22930
vt 1.00000 0.77070
vt 1.00000 0.77070
vt 0.85000 1.00000
vt 0.85000 1.00000
vt 0.15000 1.00000
vt 0.15000 1.00000
vt 0.00000 0.77070
vt 0.00000 0.77070
vt 0.00000 0.22930
vt 0.00000 0.22930
vt 0.15000 0.00000
vt 0.15000 0.00000
vt 0.85000 0.00000
vt 1.00000 0.22930
vt 1.00000 0.77070
vt 0.85000 1.00000
vt 0.15000 1.00000
vt 0.00000 0.77070
vt 0.00000 0.22930
vt 0.15000 0.00000
vt 0.00000 0.22930
vt 0.15000 0.00000
vt 0.85000 0.00000
vt 1.00000 0.22930
vt 1.00000 0.77070
vt 0.85000 1.00000
vt 0.15000 1.00000
vt 0.00000 0.77070
vt 0.85109 0.23990
vt 0.90917 0.32867
vt 0.21501 0.17334
vt 0.15693 0.26211
vt 0.09083 0.67133
vt 0.14891 0.76010
vt 0.78499 0.82666
vt 0.84307 0.73789
vt 0.00000 0.22930
vt 0.15000 0.00000
vt 0.85000 0.00000
vt 1.00000 0.22930
vt 1.00000 0.77070
vt 0.85000 1.00000
vt 0.15000 1.00000
vt 0.00000 0.77070
vt 0.00000 0.22930
vt 0.15000 0.00000
vt 0.85000 0.00000
vt 1.00000 0.22930
vt 1.00000 0.77070
vt 0.85000 1.00000
vt 0.15000 1.00000
vt 0.00000 0.77070
vt 0.77070 0.00000
vt 0.22930 0.00000
vt 0.22930 1.00000
vt 0.77070 1.00000
vt 0.15000 0.00000
vt 0.15000 1.00000
vt 0.85000 1.00000
vt 1.00000 1.00000
vt 1.00000 0.00000
vt 0.85000 0.00000
vt 1.00000 1.00000
vt 1.00000 0.00000
vt 0.85000 0.00000
vt 0.85000 0.00000
vt 1.00000 0.22930
vt 1.00000 0.22930
vt 1.00000 0.77070
vt 1.00000 0.77070
vt 0.85000 1.00000
vt 0.85000 1.00000
vt 0.85000 0.00000
vt 0.85000 0.00000
vt 1.00000 0.22930
vt 1.00000 0.22930
vt 1.00000 0.77070
vt 1.00000 0.77070
vt 0.85000 1.00000
vt 0.85000 1.00000
vt 0.61667 1.00000
vt 0.15000 1.00000
vt 0.15000 1.00000
vt 0.00000 0.77070
vt 0.00000 0.77070
vt 0.00000 0.22930
vt 0.00000 0.22930
vt 0.15000 0.00000
vt 0.15000 0.00000
vt 0.15000 1.00000
vt 0.00000 0.77070
vt 0.00000 0.22930
vt 0.15000 0.00000
vt 0.15693 0.26211
vt 0.21501 0.17334
vt 0.09083 0.67133
vt 0.14891 0.76010
vt 0.85000 0.00000
vt 1.00000 0.22930
vt 1.00000 0.77070
vt 0.85000 1.00000
vt 0.61667 0.00000
vt 0.61667 0.00000
vt 0.61667 1.00000
vt 0.61667 0.00000
vt 0.61667 0.00000
vt 0.61667 1.00000
vt 0.61667 1.00000
vt 0.61667 0.00000
vt 0.61667 1.00000
vt 0.57824 1.00000
vt 0.61667 0.00000
vt 0.57824 0.00000
vt 0.57824 1.00000
vt 0.61667 1.00000
vt 0.68525 0.08987
vt 0.68524 0.08989
vt 0.68520 0.08987
vt 0.68520 0.08985
vt 0.68521 0.08990
vt 0.68524 0.08991
vt 0.68524 0.08992
vt 0.68520 0.08991
vt 0.68528 0.08989
vt 0.68528 0.08989
vt 0.68524 0.08992
vt 0.68526 0.08991
vt 0.68526 0.08991
vt 0.68528 0.08988
vt 0.68528 0.08989
vt 0.68524 0.08992
vt 0.68528 0.08989
vt 0.68528 0.08989
vt 0.68520 0.08990
vt 0.68524 0.08991
vt 0.68524 0.08991
vt 0.68520 0.08990
vt 0.68524 0.08993
vt 0.68524 0.08993
vt 0.68520 0.08992
vt 0.68520 0.08991
vt 0.68520 0.08990
vt 0.68524 0.08991
vt 0.68524 0.08993
vt 0.68520 0.08991
vt 0.68524 0.08991
vt 0.68520 0.08992
vt 0.68525 0.08993
vt 0.68525 0.08994
vt 0.68525 0.08994
vt 0.68525 0.08993
vt 0.68523 0.08993
vt 0.68522 0.08994
vt 0.68522 0.08994
vt 0.68523 0.08993
vt 0.68529 0.08992
vt 0.68528 0.08993
vt 0.68528 0.08993
vt 0.68529 0.08990
vt 0.68529 0.08990
vt 0.68528 0.08991
vt 0.68523 0.08993
vt 0.68522 0.08994
vt 0.68522 0.08994
vt 0.68523 0.08993
vt 0.68524 0.08993
vt 0.68524 0.08994
vt 0.68524 0.08994
vt 0.68523 0.08993
vt 0.68520 0.08992
vt 0.68520 0.08993
vt 0.68520 0.08993
vt 0.68520 0.08992
vt 0.68529 0.08990
vt 0.68529 0.08990
vt 0.68528 0.08990
vt 0.68528 0.08990
vt 0.68529 0.08992
vt 0.68529 0.08992
vt 0.68528 0.08993
vt 0.68528 0.08993
vt 0.68521 0.08992
vt 0.68521 0.08993
vt 0.68520 0.08993
vt 0.68520 0.08992
vt 0.68525 0.08994
vt 0.68525 0.08995
vt 0.68525 0.08995
vt 0.68524 0.08994
vt 0.68523 0.08993
vt 0.68523 0.08994
vt 0.68522 0.08994
vt 0.68523 0.08993
vt 0.68529 0.08990
vt 0.68528 0.08991
vt 0.68528 0.08991
vt 0.68529 0.08991
vt 0.68529 0.08991
vt 0.68528 0.08991
vt 0.68523 0.08993
vt 0.68523 0.08994
vt 0.68522 0.08994
vt 0.68523 0.08993
vt 0.68522 0.08994
vt 0.68523 0.08995
vt 0.68522 0.08995
vt 0.68522 0.08994
vt 0.68525 0.08992
vt 0.68524 0.08993
vt 0.68524 0.08993
vt 0.68524 0.08992
vt 0.68529 0.08992
vt 0.68529 0.08992
vt 0.68528 0.08992
vt 0.68528 0.08992
vt 0.68529 0.08990
vt 0.68529 0.08990
vt 0.68528 0.08991
vt 0.68528 0.08991
vt 0.68525 0.08992
vt 0.68524 0.08993
vt 0.68524 0.08993
vt 0.68524 0.08992
vt 0.68523 0.08994
vt 0.68524 0.08995
vt 0.68524 0.08995
vt 0.68523 0.08994
vt 0.68522 0.08993
vt 0.68521 0.08994
vt 0.68521 0.08994
vt 0.68522 0.08992
vt 0.68529 0.08990
vt 0.68529 0.08990
vt 0.68528 0.08991
vt 0.68528 0.08991
vt 0.68529 0.08992
vt 0.68529 0.08992
vt 0.68528 0.08993
vt 0.68528 0.08992
vt 0.68522 0.08993
vt 0.68521 0.08994
vt 0.68521 0.08994
vt 0.68522 0.08992
vt 0.68525 0.08993
vt 0.68526 0.08994
vt 0.68526 0.08994
vt 0.68525 0.08993
vt 0.68522 0.08992
vt 0.68521 0.08994
vt 0.68521 0.08993
vt 0.68521 0.08992
vt 0.68529 0.08990
vt 0.68528 0.08991
vt 0.68529 0.08992
vt 0.68528 0.08992
vt 0.68522 0.08992
vt 0.68521 0.08994
vt 0.68521 0.08993
vt 0.68521 0.08992
vt 0.68524 0.08986
vt 0.68525 0.08987
vt 0.68525 0.08987
vt 0.68524 0.08986
vt 0.68520 0.08992
vt 0.68520 0.08993
vt 0.68520 0.08993
vt 0.68520 0.08992
vt 0.68529 0.08991
vt 0.68529 0.08991
vt 0.68528 0.08992
vt 0.68528 0.08992
vt 0.68529 0.08990
vt 0.68529 0.08990
vt 0.68528 0.08991
vt 0.68520 0.08992
vt 0.68520 0.08993
vt 0.68520 0.08993
vt 0.68520 0.08992
vt 0.68526 0.08993
vt 0.68527 0.08994
vt 0.68527 0.08994
vt 0.68526 0.08993
vt 0.68527 0.08992
vt 0.68526 0.08993
vt 0.68526 0.08993
vt 0.68527 0.08992
vt 0.68529 0.08991
vt 0.68528 0.08992
vt 0.68529 0.08990
vt 0.68528 0.08990
vt 0.87804 0.07342
vt 0.87804 0.07342
vt 0.87804 0.07342
vt 0.87804 0.07342
vt 0.87804 0.07342
vt 0.87804 0.07342
vt 0.87804 0.07342
vt 0.87804 0.07342
vt 0.87804 0.07342
vt 0.87804 0.07342
vt 0.87804 0.07342
vt 0.87804 0.07342
vt 0.87804 0.07342
vt 0.87804 0.07342
vt 0.87804 0.07342
vt 0.87804 0.07342
vt 0.87804 0.07342
vt 0.87804 0.07342
vt 0.87804 0.07342
vt 0.87804 0.07342
vt 0.87804 0.07342
vt 0.87804 0.07342
vt 0.87804 0.07342
vt 0.87804 0.07342
vt 0.87804 0.07342
vt 0.87804 0.07342
vt 0.87804 0.07342
vt 0.87804 0.07342
vt 0.87804 0.07342
vt 0.87804 0.07342
vt 0.87804 0.07342
vt 0.87804 0.07342
vt 0.87804 0.07342
vt 0.87804 0.07342
vt 0.87804 0.07342
vt 0.87804 0.07342
vt 0.87804 0.07342
vt 0.87804 0.07342
vt 0.87804 0.07342
vt 0.87804 0.07342
vt 0.87804 0.07342
vt 0.87804 0.07342
vt 0.87804 0.07342
vt 0.87804 0.07342
vt 0.87804 0.07342
vt 0.87804 0.07342
vt 0.87804 0.07342
vt 0.87804 0.07342
vt 0.87804 0.07342
vt 0.87804 0.07342
vt 0.87804 0.07342
vt 0.87804 0.07342
vt 0.87804 0.07342
vt 0.87804 0.07342
vt 0.87804 0.07342
vt 0.87804 0.07342
vt 0.87804 0.07342
vt 0.87804 0.07342
vt 0.87804 0.07342
vt 0.87804 0.07342
vt 0.87804 0.07342
vt 0.87804 0.07342
vt 0.87804 0.07342
vt 0.87804 0.07342
vt 0.87804 0.07342
vt 0.87804 0.07342
vt 0.87804 0.07342
vt 0.87804 0.07342
vt 0.87804 0.07342
vt 0.87804 0.07342
vt 0.87804 0.07342
vt 0.87804 0.07342
vt 0.87804 0.07342
vt 0.87804 0.07342
vt 0.87804 0.07342
vt 0.87804 0.07342
vt 0.87804 0.07342
vt 0.87804 0.07342
vt 0.87804 0.07342
vt 0.87804 0.07342
vt 0.87804 0.07342
vt 0.87804 0.07342
vt 0.87804 0.07342
vt 0.87804 0.07342
vt 0.87804 0.07342
vt 0.87804 0.07342
vt 0.87804 0.07342
vt 0.87804 0.07342
vt 0.87804 0.07342
vt 0.87804 0.07342
vt 0.87804 0.07342
vt 0.87804 0.07342
vt 0.87804 0.07342
vt 0.87804 0.07342
vt 0.87804 0.07342
vt 0.87804 0.07342
vt 0.87804 0.07342
vt 0.87804 0.07342
vt 0.87804 0.07342
vt 0.87804 0.07342
vt 0.87804 0.07342
vt 0.87804 0.07342
vt 0.87804 0.07342
vt 0.87804 0.07342
vt 0.87804 0.07342
vt 0.87804 0.07342
vt 0.87804 0.07342
vt 0.87804 0.07342
vt 0.87804 0.07342
vt 0.87804 0.07342
vt 0.87804 0.07342
vt 0.87804 0.07342
vt 0.87804 0.07342
vt 0.87804 0.07342
vt 0.87804 0.07342
vt 0.87804 0.07342
vt 0.87804 0.07342
vt 0.87804 0.07342
vt 0.87804 0.07342
vt 0.87804 0.07342
vt 0.87804 0.07342
vt 0.87804 0.07342
vt 0.87804 0.07342
vt 0.87804 0.07342
vt 0.87804 0.07342
vt 0.87804 0.07342
vt 0.87804 0.07342
vt 0.87804 0.07342
vt 0.87804 0.07342
vt 0.87804 0.07342
vt 0.87804 0.07342
vt 0.87804 0.07342
vt 0.87804 0.07342
vt 0.87804 0.07342
vt 0.87804 0.07342
vt 0.87804 0.07342
vt 0.87804 0.07342
vt 0.87804 0.07342
vt 0.87804 0.07342
vt 0.87804 0.07342
vt 0.87804 0.07342
vt 0.87804 0.07342
vt 0.87804 0.07342
vt 0.87804 0.07342
vt 0.87804 0.07342
vt 0.87804 0.07342
vt 0.87804 0.07342
vt 0.87804 0.07342
vt 0.87804 0.07342
vt 0.87804 0.07342
vt 0.87804 0.07342
vt 0.87804 0.07342
vt 0.87804 0.07342
vt 0.87804 0.07342
vt 0.87804 0.07342
vt 0.87804 0.07342
vt 0.87804 0.07342
vt 0.87804 0.07342
vt 0.87804 0.07342
vt 0.87804 0.07342
vt 0.87804 0.07342
vt 0.87804 0.07342
vt 0.87804 0.07342
vt 0.87804 0.07342
vt 0.87804 0.07342
vt 0.87804 0.07342
vt 0.87804 0.07342
vt 0.87804 0.07342
vt 0.87804 0.07342
vt 0.87804 0.07342
vt 0.87804 0.07342
vt 0.87804 0.07342
vt 0.87804 0.07342
vt 0.87804 0.07342
vt 0.87804 0.07342
vt 0.87804 0.07342
vt 0.87804 0.07342
vt 0.87804 0.07342
vt 0.87804 0.07342
vt 0.87804 0.07342
vt 0.87804 0.07342
vt 0.87804 0.07342
vt 0.87804 0.07342
vt 0.87804 0.07342
vt 0.87804 0.07342
vt 0.87804 0.07342
vt 0.87804 0.07342
vt 0.87804 0.07342
vt 0.87804 0.07342
vt 0.87804 0.07342
vt 0.87804 0.07342
vt 0.87804 0.07342
vt 0.87804 0.07342
vt 0.87804 0.07342
vt 0.87804 0.07342
vt 0.87804 0.07342
vt 0.87804 0.07342
vt 0.87804 0.07342
vt 0.87804 0.07342
vt 0.87804 0.07342
vt 0.87804 0.07342
vt 0.87804 0.07342
vt 0.87804 0.07342
vt 0.87804 0.07342
vt 0.87804 0.07342
vt 0.87804 0.07342
vt 0.87804 0.07342
vt 0.87804 0.07342
vt 0.87804 0.07342
vt 0.87804 0.07342
vt 0.87804 0.07342
vt 0.87804 0.07342
vt 0.87804 0.07342
vt 0.87804 0.07342
vt 0.87804 0.07342
vt 0.87804 0.07342
vt 0.87804 0.07342
vt 0.87804 0.07342
vt 0.87804 0.07342
vt 0.87804 0.07342
vt 0.87804 0.07342
vt 0.87804 0.07342
vt 0.87804 0.07342
vt 0.87804 0.07342
vt 0.87804 0.07342
vt 0.87804 0.07342
vt 0.87804 0.07342
vt 0.87804 0.07342
vt 0.87804 0.07342
vt 0.87804 0.07342
vt 0.87804 0.07342
vt 0.87804 0.07342
vt 0.87804 0.07342
vt 0.87804 0.07342
vt 0.87804 0.07342
vt 0.87804 0.07342
vt 0.87804 0.07342
vt 0.87804 0.07342
vt 0.87804 0.07342
vt 0.87804 0.07342
vt 0.87804 0.07342
vt 0.87804 0.07342
vt 0.87804 0.07342
vt 0.87804 0.07342
vt 0.87804 0.07342
vt 0.87804 0.07342
vt 0.87804 0.07342
vt 0.87804 0.07342
vt 0.87804 0.07342
vt 0.87804 0.07342
vt 0.87804 0.07342
vt 0.87804 0.07342
vt 0.87804 0.07342
vt 0.87804 0.07342
vt 0.87804 0.07342
vt 0.87804 0.07342
vt 0.87804 0.07342
vt 0.87804 0.07342
vt 0.87804 0.07342
vt 0.87804 0.07342
vt 0.87804 0.07342
vt 0.87804 0.07342
vt 0.87804 0.07342
vt 0.87804 0.07342
vt 0.87804 0.07342
vt 0.87804 0.07342
vt 0.87804 0.07342
vt 0.87804 0.07342
vt 0.87804 0.07342
vt 0.87804 0.07342
vt 0.87804 0.07342
vt 0.87804 0.07342
vt 0.87804 0.07342
vt 0.87804 0.07342
vt 0.87804 0.07342
vt 0.87804 0.07342
vt 0.87804 0.07342
vt 0.87804 0.07342
vt 0.87804 0.07342
vt 0.87804 0.07342
vt 0.87804 0.07342
vt 0.87804 0.07342
vt 0.87804 0.07342
vt 0.87804 0.07342
vt 0.87804 0.07342
vt 0.87804 0.07342
vt 0.87804 0.07342
vt 0.87804 0.07342
vt 0.87804 0.07342
vt 0.87804 0.07342
vt 0.87804 0.07342
vt 0.87804 0.07342
vt 0.87804 0.07342
vt 0.87804 0.07342
vt 0.87804 0.07342
vt 0.87804 0.07342
vt 0.87804 0.07342
vt 0.87804 0.07342
vt 0.87804 0.07342
vt 0.87804 0.07342
vt 0.87804 0.07342
vt 0.87804 0.07342
vt 0.87804 0.07342
vt 0.87804 0.07342
vt 0.87804 0.07342
vt 0.87804 0.07342
vt 0.87804 0.07342
vt 0.87804 0.07342
vt 0.87804 0.07342
vt 0.87804 0.07342
vt 0.87804 0.07342
vt 0.87804 0.07342
vt 0.87804 0.07342
vt 0.87804 0.07342
vt 0.87804 0.07342
vt 0.87804 0.07342
vt 0.87804 0.07342
vt 0.87804 0.07342
vt 0.87804 0.07342
vt 0.87804 0.07342
vt 0.87804 0.07342
vt 0.87804 0.07342
vt 0.87804 0.07342
vt 0.87804 0.07342
vt 0.87804 0.07342
vt 0.87804 0.07342
vt 0.87804 0.07342
vt 0.87804 0.07342
vt 0.87804 0.07342
vt 0.87804 0.07342
vt 0.87804 0.07342
vt 0.87804 0.07342
vt 0.87804 0.07342
vt 0.87804 0.07342
vt 0.87804 0.07342
vt 0.87804 0.07342
vt 0.87804 0.07342
vt 0.87804 0.07342
vt 0.87804 0.07342
vt 0.87804 0.07342
vt 0.87804 0.07342
vt 0.87804 0.07342
vt 0.87804 0.07342
vt 0.87804 0.07342
vt 0.87804 0.07342
vt 0.87804 0.07342
vt 0.87804 0.07342
vt 0.87804 0.07342
vt 0.87804 0.07342
vt 0.87804 0.07342
vt 0.87804 0.07342
vt 0.87804 0.07342
vt 0.87804 0.07342
vt 0.87804 0.07342
vt 0.87804 0.07342
vt 0.87804 0.07342
vt 0.87804 0.07342
vt 0.87804 0.07342
vt 0.87804 0.07342
vt 0.87804 0.07342
vt 0.87804 0.07342
vt 0.87804 0.07342
vt 0.87804 0.07342
vt 0.87804 0.07342
vt 0.87804 0.07342
vt 0.87804 0.07342
vt 0.87804 0.07342
vt 0.87804 0.07342
vt 0.87804 0.07342
vt 0.87804 0.07342
vt 0.87804 0.07342
vt 0.87804 0.07342
vt 0.87804 0.07342
vt 0.87804 0.07342
vt 0.87804 0.07342
vt 0.87804 0.07342
vt 0.87804 0.07342
vt 0.87804 0.07342
vt 0.87804 0.07342
vt 0.87804 0.07342
vt 0.87804 0.07342
vt 0.87804 0.07342
vt 0.87804 0.07342
vt 0.87804 0.07342
vt 0.87804 0.07342
vt 0.87804 0.07342
vt 0.87804 0.07342
vt 0.87804 0.07342
vt 0.87804 0.07342
vt 0.87804 0.07342
vt 0.87804 0.07342
vt 0.87804 0.07342
vt 0.87804 0.07342
vt 0.87804 0.07342
vt 0.87804 0.07342
vt 0.87804 0.07342
vt 0.87804 0.07342
vt 0.87804 0.07342
vt 0.87804 0.07342
vt 0.87804 0.07342
vt 0.87804 0.07342
vt 0.87804 0.07342
vt 0.87804 0.07342
vt 0.87804 0.07342
vt 0.87804 0.07342
vt 0.87804 0.07342
vt 0.87804 0.07342
vt 0.87804 0.07342
vt 0.87804 0.07342
vt 0.87804 0.07342
vt 0.87804 0.07342
vt 0.87804 0.07342
vt 0.87804 0.07342
vt 0.87804 0.07342
vt 0.87804 0.07342
vt 0.87804 0.07342
vt 0.87804 0.07342
vt 0.87804 0.07342
vt 0.87804 0.07342
vt 0.87804 0.07342
vt 0.87804 0.07342
vt 0.87804 0.07342
vt 0.87804 0.07342
vt 0.87804 0.07342
vt 0.87804 0.07342
vt 0.87804 0.07342
vt 0.87804 0.07342
vt 0.87804 0.07342
vt 0.87804 0.07342
vt 0.87804 0.07342
vt 0.87804 0.07342
vt 0.87804 0.07342
vt 0.87804 0.07342
vt 0.87804 0.07342
vt 0.87804 0.07342
vt 0.87804 0.07342
vt 0.87804 0.07342
vt 0.87804 0.07342
vt 0.87804 0.07342
vt 0.87804 0.07342
vt 0.87804 0.07342
vt 0.87804 0.07342
vt 0.87804 0.07342
vt 0.87804 0.07342
vt 0.87804 0.07342
vt 0.87804 0.07342
vt 0.87804 0.07342
vt 0.87804 0.07342
vt 0.87804 0.07342
vt 0.87804 0.07342
vt 0.87804 0.07342
vt 0.87804 0.07342
vt 0.87804 0.07342
vt 0.87804 0.07342
vt 0.87804 0.07342
vt 0.87804 0.07342
vt 0.87804 0.07342
vt 0.87804 0.07342
vt 0.87804 0.07342
vt 0.87804 0.07342
vt 0.87804 0.07342
vt 0.87804 0.07342
vt 0.87804 0.07342
vt 0.87804 0.07342
vt 0.87804 0.07342
vt 0.87804 0.07342
vt 0.87804 0.07342
vt 0.87804 0.07342
vt 0.87804 0.07342
vt 0.87804 0.07342
vt 0.87804 0.07342
vt 0.87804 0.07342
vt 0.87804 0.07342
vt 0.87804 0.07342
vt 0.87804 0.07342
vt 0.87804 0.07342
vt 0.87804 0.07342
vt 0.87804 0.07342
vt 0.87804 0.07342
vt 0.87804 0.07342
vt 0.87804 0.07342
vt 0.87804 0.07342
vt 0.87804 0.07342
vt 0.87804 0.07342
vt 0.87804 0.07342
vt 0.87804 0.07342
vt 0.87804 0.07342
vt 0.87804 0.07342
vt 0.87804 0.07342
vt 0.87804 0.07342
vt 0.87804 0.07342
vt 0.87804 0.07342
vt 0.87804 0.07342
vt 0.87804 0.07342
vt 0.87804 0.07342
vt 0.87804 0.07342
vt 0.87804 0.07342
vt 0.87804 0.07342
vt 0.87804 0.07342
vt 0.87804 0.07342
vt 0.87804 0.07342
vt 0.87804 0.07342
vt 0.87804 0.07342
vt 0.87804 0.07342
vt 0.87804 0.07342
vt 0.87804 0.07342
vt 0.87804 0.07342
vt 0.87804 0.07342
vt 0.87804 0.07342
vt 0.87804 0.07342
vt 0.87804 0.07342
vt 0.87804 0.07342
vt 0.87804 0.07342
vt 0.87804 0.07342
vt 0.87804 0.07342
vt 0.87804 0.07342
vt 0.87804 0.07342
vt 0.87804 0.07342
vt 0.87804 0.07342
vt 0.87804 0.07342
vt 0.87804 0.07342
vt 0.87804 0.07342
vt 0.87804 0.07342
vt 0.87804 0.07342
vt 0.87804 0.07342
vt 0.87804 0.07342
vt 0.87804 0.07342
vt 0.87804 0.07342
vt 0.87804 0.07342
vt 0.87804 0.07342
vt 0.87804 0.07342
vt 0.87804 0.07342
vt 0.87804 0.07342
vt 0.87804 0.07342
vt 0.87804 0.07342
vt 0.87804 0.07342
vt 0.87804 0.07342
vt 0.87804 0.07342
vt 0.87804 0.07342
vt 0.87804 0.07342
vt 0.87804 0.07342
vt 0.87804 0.07342
vt 0.87804 0.07342
vt 0.87804 0.07342
vt 0.87804 0.07342
vt 0.87804 0.07342
vt 0.87804 0.07342
vt 0.87804 0.07342
vt 0.87804 0.07342
vt 0.87804 0.07342
vt 0.87804 0.07342
vt 0.87804 0.07342
vt 0.87804 0.07342
vt 0.87804 0.07342
vt 0.87804 0.07342
vt 0.87804 0.07342
vt 0.87804 0.07342
vt 0.87804 0.07342
vt 0.87804 0.07342
vt 0.87804 0.07342
vt 0.87804 0.07342
vt 0.87804 0.07342
vt 0.87804 0.07342
vt 0.87804 0.07342
vt 0.87804 0.07342
vt 0.87804 0.07342
vt 0.87804 0.07342
vt 0.87804 0.07342
vt 0.87804 0.07342
vt 0.87804 0.07342
vt 0.87804 0.07342
vt 0.87804 0.07342
vt 0.87804 0.07342
vt 0.87804 0.07342
vt 0.87804 0.07342
vt 0.87804 0.07342
vt 0.87804 0.07342
vt 0.87804 0.07342
vt 0.87804 0.07342
vt 0.87804 0.07342
vt 0.87804 0.07342
vt 0.87804 0.07342
vt 0.87804 0.07342
vt 0.87804 0.07342
vt 0.87804 0.07342
vt 0.87804 0.07342
vt 0.87804 0.07342
vt 0.87804 0.07342
vt 0.87804 0.07342
vt 0.87804 0.07342
vt 0.87804 0.07342
vt 0.87804 0.07342
vt 0.87804 0.07342
vt 0.87804 0.07342
vt 0.87804 0.07342
vt 0.87804 0.07342
vt 0.87804 0.07342
vt 0.87804 0.07342
vt 0.87804 0.07342
vt 0.87804 0.07342
vt 0.87804 0.07342
vt 0.87804 0.07342
vt 0.87804 0.07342
vt 0.87804 0.07342
vt 0.87804 0.07342
vt 0.87804 0.07342
vt 0.87804 0.07342
vt 0.87804 0.07342
vt 0.87804 0.07342
vt 0.87804 0.07342
vt 0.87804 0.07342
vt 0.87804 0.07342
vt 0.87804 0.07342
vt 0.87804 0.07342
vt 0.87804 0.07342
vt 0.87804 0.07342
vt 0.87804 0.07342
vt 0.87804 0.07342
vt 0.87804 0.07342
vt 0.87804 0.07342
vt 0.87804 0.07342
vt 0.87804 0.07342
vt 0.87804 0.07342
vt 0.87804 0.07342
vt 0.87804 0.07342
vt 0.87804 0.07342
vt 0.87804 0.07342
vt 0.87804 0.07342
vt 0.87804 0.07342
vt 0.87804 0.07342
vt 0.87804 0.07342
vt 0.87804 0.07342
vt 0.87804 0.07342
vt 0.87804 0.07342
vt 0.87804 0.07342
vt 0.87804 0.07342
vt 0.87804 0.07342
vt 0.87804 0.07342
vt 0.87804 0.07342
vt 0.87804 0.07342
vt 0.87804 0.07342
vt 0.87804 0.07342
vt 0.87804 0.07342
vt 0.87804 0.07342
vt 0.87804 0.07342
vt 0.87804 0.07342
vt 0.87804 0.07342
vt 0.87804 0.07342
vt 0.87804 0.07342
vt 0.87804 0.07342
vt 0.87804 0.07342
vt 0.87804 0.07342
vt 0.87804 0.07342
vt 0.87804 0.07342
vt 0.87804 0.07342
vt 0.87804 0.07342
vt 0.87804 0.07342
vt 0.87804 0.07342
vt 0.87804 0.07342
vt 0.87804 0.07342
vt 0.87804 0.07342
vt 0.87804 0.07342
vt 0.87804 0.07342
vt 0.87804 0.07342
vt 0.87804 0.07342
vt 0.87804 0.07342
vt 0.87804 0.07342
vt 0.87804 0.07342
vt 0.87804 0.07342
vt 0.87804 0.07342
vt 0.87804 0.07342
vt 0.87804 0.07342
vt 0.87804 0.07342
vt 0.87804 0.07342
vt 0.87804 0.07342
vt 0.87804 0.07342
vt 0.87804 0.07342
vt 0.87804 0.07342
vt 0.87804 0.07342
vt 0.87804 0.07342
vt 0.87804 0.07342
vt 0.87804 0.07342
vt 0.87804 0.07342
vt 0.87804 0.07342
vt 0.87804 0.07342
vt 0.87804 0.07342
vt 0.87804 0.07342
vt 0.87804 0.07342
vt 0.87804 0.07342
vt 0.87804 0.07342
vt 0.87804 0.07342
vt 0.87804 0.07342
vt 0.87804 0.07342
vt 0.87804 0.07342
vt 0.87804 0.07342
vt 0.87804 0.07342
vt 0.87804 0.07342
vt 0.87804 0.07342
vt 0.87804 0.07342
vt 0.87804 0.07342
vt 0.87804 0.07342
vt 0.87804 0.07342
vt 0.87804 0.07342
vt 0.87804 0.07342
vt 0.87804 0.07342
vt 0.87804 0.07342
vt 0.87804 0.07342
vt 0.87804 0.07342
vt 0.87804 0.07342
vt 0.87804 0.07342
vt 0.87804 0.07342
vt 0.87804 0.07342
vt 0.87804 0.07342
vt 0.87804 0.07342
vt 0.87804 0.07342
vt 0.87804 0.07342
vt 0.87804 0.07342
vt 0.87804 0.07342
vt 0.87804 0.07342
vt 0.87804 0.07342
vt -88.65039 366.01715
vt -13.20020 366.01715
vt -13.20020 366.01715
vt -88.65039 366.01715
vt -97.65039 337.57761
vt -97.65039 337.57761
vt -97.65039 187.62556
vt -97.65039 187.62556
vt -88.65039 173.07674
vt -88.65039 173.07674
vt 6.08162 173.07674
vt 6.08162 173.07674
vt 24.64363 182.07674
vt 24.64363 182.07674
vt 24.64363 237.62157
vt 24.64363 237.62157
vt -13.20020 237.62157
vt -13.20020 237.62157
vt 16.31674 211.80307
vt 16.31674 229.29468
vt -21.52709 229.29468
vt -21.52708 338.25070
vt -71.98809 338.25070
vt -76.11031 334.12851
vt -76.11031 211.80307
vt -71.98809 207.68085
vt 2.63251 207.68085
vt -75.43720 366.01715
vt -13.20020 366.01715
vt -84.43720 337.57761
vt -84.43720 194.80623
vt -75.43720 180.25740
vt 6.08162 180.25740
vt 24.64363 189.25740
vt 24.64363 237.62157
vt -13.20020 237.62157
vt -88.65039 366.01715
vt -88.65039 366.01715
vt -13.20020 366.01715
vt -13.20020 366.01715
vt -97.65039 337.57761
vt -97.65039 337.57761
vt -97.65039 187.62556
vt -97.65039 187.62556
vt -88.65039 173.07674
vt -88.65039 173.07674
vt 6.08162 173.07674
vt 6.08162 173.07674
vt 24.64363 182.07674
vt 24.64363 182.07674
vt 24.64363 237.62157
vt 24.64363 237.62157
vt -13.20020 237.62157
vt -13.20020 237.62157
vt -76.11031 334.12851
vt -71.98809 338.25070
vt -21.52708 338.25070
vt -21.52709 229.29468
vt -76.11031 211.80307
vt -71.98809 207.68085
vt 2.63251 207.68085
vt 16.31674 211.80307
vt 16.31674 229.29468
vt -13.20020 366.01715
vt -75.43720 366.01715
vt -84.43720 337.57761
vt -84.43720 194.80623
vt -75.43720 180.25740
vt 6.08162 180.25740
vt 24.64363 189.25740
vt 24.64363 237.62157
vt -13.20020 237.62157
vn 0.000 0.998 -0.070
vn 0.000 0.289 -0.957
vn 0.000 -1.000 0.000
vn 0.983 0.186 -0.011
vn 0.983 0.185 -0.012
vn 0.982 0.189 -0.010
vn 0.982 0.189 -0.010
vn -0.985 0.175 -0.011
vn -0.985 0.170 -0.014
vn -0.985 0.171 -0.013
vn -0.984 0.176 -0.011
vn 0.796 0.605 -0.038
vn 0.771 0.635 -0.044
vn 0.825 0.197 -0.529
vn 0.783 0.177 -0.596
vn 0.784 0.175 -0.596
vn 0.783 0.177 -0.596
vn -0.737 0.674 -0.042
vn -0.765 0.643 -0.045
vn -0.784 0.177 -0.595
vn -0.784 0.177 -0.595
vn -0.785 0.173 -0.594
vn -0.786 0.178 -0.593
vn 0.000 -0.343 0.939
vn -0.006 -0.326 0.945
vn 0.000 -0.339 0.941
vn 0.024 -0.339 0.940
vn 0.000 0.000 -1.000
vn 0.796 0.000 -0.605
vn 1.000 -0.000 -0.010
vn 0.000 0.000 1.000
vn -1.000 0.000 -0.014
vn -0.796 -0.000 -0.605
vn 0.457 0.689 0.562
vn -0.463 0.755 -0.463
vn -0.465 0.756 -0.462
vn -0.463 0.755 -0.464
vn -0.462 0.755 -0.465
vn 0.331 -0.667 -0.667
vn 0.434 -0.786 -0.440
vn 0.000 -0.707 0.707
vn 0.881 0.403 -0.248
vn -0.782 0.157 0.603
vn 0.467 0.765 -0.443
vn 0.488 0.743 -0.458
vn 0.776 0.138 0.615
vn 0.431 0.244 -0.869
vn 0.464 0.276 -0.842
vn -0.434 0.698 0.570
vn -0.874 0.420 -0.244
vn -0.935 0.151 -0.320
vn -0.935 0.149 -0.322
vn -0.935 0.151 -0.320
vn -0.936 0.152 -0.319
vn -0.331 -0.667 -0.667
vn -0.434 -0.786 -0.440
vn 0.000 -0.167 0.986
vn 0.710 -0.026 0.703
vn 0.724 -0.036 0.689
vn -0.454 0.266 -0.851
vn -0.453 0.265 -0.851
vn -0.454 0.265 -0.851
vn -0.431 0.244 -0.869
vn 0.761 -0.594 -0.260
vn 0.936 0.144 -0.320
vn 0.939 0.157 -0.306
vn 0.579 -0.579 0.574
vn -0.580 -0.580 0.572
vn -0.723 -0.041 0.689
vn -0.712 -0.032 0.702
vn -0.760 -0.595 -0.262
vn 0.000 0.851 -0.525
vn 0.000 0.611 0.791
vn 0.000 -0.707 -0.707
vn 0.903 0.429 -0.027
vn 0.903 0.428 -0.027
vn 0.902 0.431 -0.027
vn 0.901 0.432 -0.027
vn 0.708 -0.124 0.695
vn 0.721 -0.117 0.683
vn 0.931 0.200 -0.304
vn 0.919 0.202 -0.339
vn -0.919 0.182 -0.350
vn -0.930 0.183 -0.317
vn -0.718 -0.125 0.685
vn -0.720 -0.124 0.683
vn -0.714 -0.127 0.689
vn -0.712 -0.128 0.691
vn -0.895 0.445 -0.028
vn -0.895 0.445 -0.028
vn -0.895 0.444 -0.028
vn -0.896 0.444 -0.028
vn 0.432 0.900 -0.063
vn 0.432 0.899 -0.063
vn 0.432 0.899 -0.063
vn 0.636 0.222 0.739
vn 0.647 0.237 0.725
vn 0.563 -0.707 -0.428
vn 0.563 -0.707 -0.428
vn 0.563 -0.707 -0.428
vn 0.707 -0.707 -0.007
vn 0.468 0.252 -0.847
vn 0.343 0.271 -0.899
vn 0.840 0.475 -0.262
vn 0.840 0.475 -0.262
vn 0.842 0.455 -0.290
vn -0.410 0.910 -0.064
vn -0.410 0.910 -0.064
vn -0.816 0.494 -0.301
vn -0.816 0.495 -0.300
vn -0.816 0.494 -0.301
vn -0.816 0.493 -0.302
vn -0.344 0.268 -0.900
vn -0.455 0.257 -0.853
vn -0.707 -0.707 -0.010
vn -0.563 -0.707 -0.428
vn -0.563 -0.707 -0.428
vn -0.617 0.256 0.744
vn -0.630 0.269 0.729
vn 0.000 0.270 -0.963
vn 0.445 0.000 -0.896
vn 0.783 0.181 -0.595
vn 0.783 0.184 -0.594
vn 0.946 0.000 -0.324
vn 0.994 0.106 -0.010
vn 0.994 0.105 -0.010
vn 0.994 0.107 -0.010
vn 0.994 0.108 -0.010
vn 0.711 0.000 0.704
vn -0.712 0.000 0.702
vn -0.995 0.100 -0.014
vn -0.995 0.099 -0.014
vn -0.945 0.000 -0.326
vn -0.784 0.176 -0.595
vn -0.784 0.178 -0.595
vn -0.445 0.000 -0.896
vn 1.000 0.000 0.000
vn 0.000 1.000 0.000
vn -1.000 -0.000 0.000
vn 0.770 -0.638 0.000
vn -0.707 -0.707 0.000
vn 0.770 0.638 0.000
vn -0.707 0.707 0.000
vn -0.579 -0.579 0.575
vn 0.000 -0.818 0.575
vn 0.792 -0.604 -0.089
vn 0.769 0.637 -0.050
vn 0.795 0.606 0.000
vn 0.000 0.818 0.575
vn -0.579 0.579 0.575
vn -0.578 0.579 0.575
vn -0.818 -0.000 0.575
vn -0.000 0.000 1.000
vn 0.795 -0.606 0.000
vn 0.563 0.429 0.706
vn 0.000 0.708 0.706
vn -0.501 0.501 0.706
vn -0.500 0.500 0.706
vn -0.500 0.501 0.706
vn -0.708 0.000 0.706
vn -0.708 0.000 0.706
vn 0.000 -0.708 0.706
vn 0.708 0.000 0.706
vn 0.708 0.000 0.706
vn -0.500 -0.500 0.707
vn -0.501 -0.501 0.706
vn -0.501 -0.500 0.706
vn 0.563 -0.429 0.706
vn 0.563 -0.429 0.706
vn 0.563 -0.429 0.706
vn 0.708 0.000 0.706
vn 0.000 0.000 1.000
vn 0.820 0.572 0.000
vn -0.820 -0.572 0.000
vn 0.923 0.385 0.000
vn 0.852 0.000 0.524
vn 0.852 0.000 0.524
vn 0.786 0.328 0.524
vn 0.786 0.328 0.524
vn 0.786 0.328 0.524
vn 0.000 0.852 0.524
vn 0.000 0.852 0.524
vn 0.699 0.487 0.524
vn -0.754 0.000 0.657
vn -0.753 0.000 0.657
vn -0.754 0.000 0.657
vn 0.000 -0.852 0.524
vn 0.000 -0.852 0.524
vn 0.000 -0.852 0.524
vn -0.699 -0.487 0.524
vn -0.699 -0.487 0.524
vn -0.699 -0.487 0.524
vn -0.000 0.000 -1.000
vn -0.736 -0.677 0.000
vn -0.736 0.000 0.677
vn -0.919 0.395 0.000
vn -0.736 0.000 -0.677
vn -0.942 0.335 0.000
vn -0.942 0.000 -0.335
vn -0.942 0.000 -0.335
vn -0.942 0.000 -0.334
vn -0.942 0.000 -0.335
vn -0.942 -0.335 0.000
vn -0.942 0.000 0.335
vn -0.942 0.000 0.335
vn -0.770 -0.638 0.000
vn 0.707 -0.707 0.000
vn -0.770 0.638 0.000
vn 0.707 0.707 0.000
vn 0.579 -0.579 0.575
vn -0.792 -0.604 -0.088
vn -0.795 0.606 0.000
vn -0.769 0.637 -0.050
vn 0.579 0.579 0.575
vn 0.818 -0.000 0.575
vn -0.795 0.606 0.000
vn -0.795 -0.606 0.000
vn -0.795 -0.606 0.000
vn -0.563 0.429 0.707
vn -0.563 0.429 0.707
vn -0.563 0.429 0.706
vn 0.501 0.500 0.706
vn 0.500 0.501 0.706
vn 0.708 0.000 0.706
vn -0.708 0.000 0.706
vn 0.501 -0.501 0.706
vn 0.500 -0.500 0.707
vn 0.500 -0.501 0.706
vn -0.563 -0.429 0.706
vn -0.563 -0.429 0.706
vn -0.563 -0.429 0.706
vn -0.563 -0.429 0.707
vn 0.708 0.000 0.706
vn -0.820 0.572 0.000
vn 0.820 -0.572 0.000
vn 0.820 -0.572 0.000
vn -0.923 0.385 0.000
vn -0.852 0.000 0.524
vn -0.852 0.000 0.524
vn -0.852 0.000 0.523
vn -0.786 0.328 0.524
vn -0.786 0.328 0.523
vn -0.786 0.328 0.524
vn -0.699 0.487 0.524
vn -0.698 0.487 0.524
vn -0.699 0.487 0.524
vn 0.754 0.000 0.657
vn 0.754 0.000 0.657
vn 0.754 0.000 0.657
vn 0.699 -0.487 0.524
vn 0.699 -0.487 0.524
vn 0.000 0.000 -1.000
vn 0.736 -0.677 0.000
vn 0.736 -0.000 0.677
vn 0.919 0.395 0.000
vn 0.736 0.000 -0.677
vn 0.942 0.335 0.000
vn 0.942 0.335 0.000
vn 0.942 -0.000 -0.335
vn 0.942 -0.335 0.000
vn 0.942 -0.335 0.000
vn 0.942 0.000 0.335
vn -0.000 0.000 1.000
vn 0.736 0.000 -0.677
vn 0.942 0.000 -0.335
vn 0.942 -0.335 0.000
vn 0.942 0.000 0.335
vn 0.348 0.861 0.370
vn -0.348 -0.248 0.904
vn -0.348 -0.861 -0.370
vn 0.348 0.248 -0.904
vn 0.870 -0.444 0.213
vn 0.870 -0.444 0.214
vn -0.870 0.444 -0.213
vn -0.133 0.932 0.337
vn -0.133 0.932 0.336
vn 0.133 -0.320 0.938
vn 0.133 -0.319 0.938
vn 0.133 -0.932 -0.337
vn 0.133 -0.932 -0.336
vn -0.133 0.320 -0.938
vn -0.133 0.319 -0.938
vn -0.133 0.319 -0.938
vn 0.982 0.170 -0.082
vn -0.982 -0.170 0.082
vn -0.982 -0.170 0.082
vn -0.348 -0.248 0.904
vn -0.133 0.932 0.337
vn 0.982 0.170 -0.082
vn -0.982 -0.170 0.082
vn -0.612 0.612 0.500
vn 0.612 -0.612 0.500
vn 0.612 -0.612 -0.500
vn -0.612 0.612 -0.500
vn -0.866 0.000 0.500
vn 0.866 -0.000 0.500
vn 0.866 -0.000 -0.500
vn -0.866 0.000 -0.500
vn 0.000 -0.866 0.500
vn 0.000 0.866 0.500
vn -0.000 0.866 -0.500
vn 0.000 -0.866 -0.500
vn 0.612 0.612 0.500
vn -0.612 -0.612 0.500
vn -0.612 -0.612 -0.500
vn 0.612 0.612 -0.500
vn 0.000 0.276 -0.961
vn 0.000 0.099 -0.995
vn 0.000 0.113 0.994
vn -0.704 0.710 0.000
vn -0.704 0.710 0.000
vn -0.704 0.080 0.706
vn -0.704 0.000 0.710
vn -0.704 -0.710 0.000
vn -0.694 0.202 -0.691
vn -0.562 0.229 -0.795
vn -0.704 0.070 -0.707
vn 0.704 0.710 0.000
vn 0.704 0.710 0.000
vn 0.704 0.070 -0.707
vn 0.704 0.070 -0.707
vn 0.704 0.070 -0.707
vn 0.558 0.233 -0.796
vn 0.558 0.233 -0.797
vn 0.695 0.199 -0.691
vn 0.704 -0.710 -0.000
vn 0.704 0.000 0.710
vn 0.704 0.000 0.711
vn 0.704 0.080 0.706
vn 0.704 0.080 0.705
vn 0.704 0.080 0.706
vn 0.704 -0.000 0.710
vn 0.561 0.229 -0.795
vn 0.695 0.202 -0.691
vn 0.704 0.070 -0.706
vn 0.704 0.070 -0.707
vn -0.704 0.710 0.000
vn -0.704 0.070 -0.707
vn -0.704 0.070 -0.707
vn -0.695 0.199 -0.691
vn -0.558 0.233 -0.796
vn -0.704 -0.710 0.000
vn -0.704 -0.000 0.710
vn -0.704 0.080 0.706
vn -0.704 0.080 0.706
vn -0.612 0.612 0.500
vn -0.334 -0.000 0.943
vn 0.343 0.000 -0.939
vn -0.938 0.000 -0.348
vn -0.938 0.000 -0.348
vn -0.325 -0.233 0.916
vn -0.912 -0.233 -0.339
vn 0.334 -0.233 -0.913
vn 0.334 -0.233 -0.913
vn 0.000 -0.233 -0.972
vn -0.000 -0.233 -0.972
vn -0.895 0.000 -0.445
vn -0.633 -0.707 -0.315
vn 0.000 -0.802 0.597
vn -0.802 0.000 0.597
vn -0.535 -0.598 0.597
vn -0.535 -0.598 0.597
vn -0.535 -0.598 0.597
vn -0.286 -0.518 0.806
vn -0.286 -0.518 0.806
vn 0.000 -0.518 0.855
vn -0.286 0.518 0.806
vn -0.286 0.518 0.806
vn -0.802 0.518 -0.298
vn -0.621 -0.000 -0.784
vn -0.802 -0.518 -0.298
vn 0.000 -0.233 0.972
vn 0.000 0.802 0.597
vn 0.000 0.518 0.855
vn 0.000 0.518 0.855
vn 0.334 -0.000 0.943
vn -0.343 0.000 -0.939
vn 0.938 0.000 -0.348
vn 0.938 0.000 -0.348
vn 0.325 -0.233 0.916
vn 0.912 -0.233 -0.339
vn 0.912 -0.233 -0.339
vn -0.334 -0.233 -0.913
vn 0.895 0.000 -0.445
vn 0.633 -0.707 -0.315
vn 0.802 0.000 0.597
vn 0.535 -0.598 0.597
vn 0.535 -0.598 0.597
vn 0.286 -0.518 0.806
vn 0.286 -0.518 0.806
vn 0.286 0.518 0.806
vn 0.286 0.518 0.806
vn 0.802 0.518 -0.298
vn 0.621 0.000 -0.784
vn 0.621 0.000 -0.784
vn 0.802 -0.519 -0.298
vn 0.802 -0.518 -0.298
vn 0.000 0.976 0.216
vn 0.000 0.797 0.604
vn 0.000 0.492 0.870
vn 0.000 0.325 0.946
vn 0.000 -1.000 -0.016
vn 0.000 -0.977 -0.212
vn 0.000 -0.804 -0.595
vn 0.000 -0.489 -0.873
vn 0.000 -0.350 -0.937
vn 0.000 -0.804 -0.595
vn 0.000 -0.987 0.163
vn 0.000 -0.882 0.470
vn 0.000 -0.686 0.728
vn 0.000 -0.430 0.903
vn 0.000 -0.935 -0.356
vn 0.000 -0.478 -0.878
vn 0.000 0.209 -0.978
vn 0.000 0.430 -0.903
vn 0.000 0.675 -0.738
vn 0.000 0.878 -0.478
vn 0.000 0.986 -0.166
vn 1.000 0.000 0.001
vn 1.000 0.000 -0.000
vn -1.000 0.002 0.017
vn -1.000 0.001 0.005
vn 1.000 0.000 0.000
vn -1.000 0.000 0.000
vn -0.536 0.844 0.000
vn -0.536 0.824 0.182
vn -0.536 0.824 0.182
vn -0.536 0.673 0.510
vn -0.536 0.673 0.510
vn -0.536 0.416 0.735
vn -0.536 0.416 0.735
vn -0.529 0.276 0.803
vn -0.537 0.275 0.798
vn -0.534 0.275 0.800
vn -0.525 0.276 0.805
vn -0.525 -0.851 -0.018
vn -0.537 -0.844 -0.013
vn -0.536 -0.825 -0.179
vn -0.536 -0.678 -0.502
vn -0.536 -0.678 -0.502
vn -0.536 -0.412 -0.737
vn -0.536 -0.412 -0.737
vn -0.538 -0.295 -0.790
vn -0.538 -0.295 -0.790
vn -0.536 -0.825 -0.179
vn -0.536 -0.844 0.000
vn -0.536 -0.833 0.138
vn -0.536 -0.745 0.397
vn -0.536 -0.745 0.397
vn -0.536 -0.579 0.614
vn -0.526 -0.357 0.772
vn -0.501 -0.372 0.781
vn -0.536 -0.789 -0.300
vn -0.536 -0.789 -0.300
vn -0.537 -0.410 -0.737
vn -0.581 -0.346 -0.737
vn -0.571 -0.355 -0.740
vn -0.536 -0.404 -0.742
vn -0.536 0.176 -0.826
vn -0.535 0.363 -0.763
vn -0.538 0.362 -0.761
vn -0.537 0.363 -0.762
vn -0.534 0.364 -0.763
vn -0.536 0.570 -0.623
vn -0.536 0.741 -0.404
vn -0.536 0.741 -0.404
vn -0.536 0.742 -0.404
vn -0.536 0.832 -0.140
vn -0.536 0.832 -0.140
vn 0.000 0.976 -0.216
vn 0.000 0.797 -0.604
vn 0.000 0.492 -0.870
vn 0.000 0.270 -0.963
vn 0.000 -0.977 0.212
vn 0.000 -0.804 0.595
vn 0.000 -0.489 0.873
vn 0.000 -0.277 0.961
vn 0.000 -0.987 -0.163
vn 0.000 -0.882 -0.470
vn -0.000 -0.686 -0.728
vn 0.000 -0.479 -0.878
vn 0.000 -0.935 0.356
vn 0.000 -0.478 0.878
vn 0.000 0.209 0.978
vn 0.000 0.463 0.886
vn 0.000 0.675 0.738
vn 0.000 0.878 0.478
vn 0.000 0.986 0.166
vn 1.000 0.000 -0.001
vn 1.000 0.000 0.000
vn -1.000 0.001 0.000
vn -1.000 0.004 0.000
vn -0.536 0.824 -0.182
vn -0.536 0.673 -0.510
vn -0.536 0.416 -0.735
vn -0.555 0.225 -0.801
vn -0.534 0.226 -0.815
vn -0.536 -0.825 0.179
vn -0.536 -0.825 0.179
vn -0.536 -0.825 0.179
vn -0.536 -0.678 0.502
vn -0.536 -0.679 0.502
vn -0.536 -0.412 0.737
vn -0.536 -0.412 0.737
vn -0.536 -0.412 0.737
vn -0.535 -0.234 0.811
vn -0.536 -0.678 0.502
vn -0.536 -0.833 -0.138
vn -0.536 -0.833 -0.138
vn -0.536 -0.745 -0.397
vn -0.536 -0.745 -0.397
vn -0.536 -0.579 -0.614
vn -0.515 -0.410 -0.752
vn -0.531 -0.398 -0.748
vn -0.536 -0.789 0.300
vn -0.536 -0.789 0.300
vn -0.537 -0.410 0.737
vn -0.536 -0.404 0.742
vn -0.511 -0.380 0.771
vn -0.505 -0.376 0.777
vn -0.536 0.176 0.826
vn -0.536 0.176 0.826
vn -0.536 0.176 0.826
vn -0.536 0.391 0.748
vn -0.536 0.570 0.623
vn -0.536 0.741 0.404
vn -0.536 0.742 0.404
vn -0.536 0.832 0.140
vn -0.711 0.000 -0.703
vn 0.550 0.000 0.835
vn 0.000 -0.428 0.904
vn -0.797 0.604 0.000
vn -0.797 0.604 0.000
vn -0.567 0.604 -0.560
vn 0.000 0.604 -0.797
vn 0.604 0.000 -0.797
vn 0.000 -0.604 -0.797
vn -0.567 -0.604 -0.560
vn -0.797 -0.604 0.000
vn -0.797 -0.604 0.000
vn -0.797 -0.259 0.545
vn 0.707 0.000 -0.707
vn -0.747 0.000 -0.665
vn -0.747 0.000 -0.665
vn 0.000 0.747 -0.665
vn 0.747 0.000 -0.665
vn 0.000 -0.747 -0.665
vn 0.000 -0.747 -0.665
vn -0.747 0.000 -0.665
vn -0.528 -0.528 -0.665
vn -0.528 -0.528 -0.665
vn 0.528 -0.528 -0.665
vn 0.528 -0.528 -0.665
vn 0.747 0.000 -0.665
vn 0.747 0.000 -0.665
vn 0.747 0.000 -0.665
vn -0.000 -0.602 -0.798
vn -0.798 -0.603 0.000
vn -0.994 0.108 0.000
vn 0.000 -0.266 0.964
vn 0.000 -0.266 0.964
vn -0.000 -0.334 -0.943
vn -0.711 0.704 0.000
vn 0.000 -0.603 0.798
vn 0.000 -0.987 0.163
vn 0.998 -0.000 0.058
vn 0.982 -0.002 0.189
vn 0.536 0.844 0.000
vn 0.536 0.824 0.182
vn 0.536 0.824 0.182
vn 0.536 0.673 0.510
vn 0.536 0.416 0.735
vn 0.529 0.276 0.803
vn 0.525 0.276 0.805
vn 0.534 0.275 0.800
vn 0.537 0.275 0.798
vn 0.537 -0.844 -0.013
vn 0.525 -0.851 -0.018
vn 0.536 -0.825 -0.179
vn 0.536 -0.678 -0.502
vn 0.536 -0.412 -0.737
vn 0.536 -0.412 -0.737
vn 0.538 -0.295 -0.790
vn 0.538 -0.295 -0.790
vn 0.536 -0.412 -0.737
vn 0.536 -0.844 0.000
vn 0.536 -0.833 0.138
vn 0.536 -0.745 0.397
vn 0.536 -0.579 0.614
vn 0.501 -0.372 0.781
vn 0.526 -0.357 0.771
vn 0.536 -0.789 -0.300
vn 0.536 -0.789 -0.300
vn 0.537 -0.410 -0.737
vn 0.536 -0.404 -0.741
vn 0.566 -0.343 -0.750
vn 0.575 -0.331 -0.748
vn 0.536 0.176 -0.826
vn 0.536 0.176 -0.826
vn 0.535 0.363 -0.763
vn 0.534 0.364 -0.763
vn 0.537 0.363 -0.762
vn 0.538 0.362 -0.761
vn 0.536 0.570 -0.623
vn 0.536 0.741 -0.404
vn 0.536 0.741 -0.404
vn 0.536 0.832 -0.140
vn 0.000 0.797 -0.604
vn -1.000 0.000 -0.000
vn 0.995 -0.002 -0.099
vn 1.000 -0.000 -0.030
vn -1.000 -0.000 0.001
vn 0.536 0.824 -0.182
vn 0.536 0.824 -0.182
vn 0.536 0.673 -0.510
vn 0.536 0.416 -0.735
vn 0.534 0.226 -0.814
vn 0.555 0.225 -0.801
vn 0.536 -0.825 0.179
vn 0.536 -0.678 0.502
vn 0.536 -0.678 0.502
vn 0.536 -0.412 0.737
vn 0.535 -0.234 0.811
vn 0.536 -0.412 0.737
vn 0.536 -0.833 -0.138
vn 0.536 -0.745 -0.397
vn 0.536 -0.579 -0.614
vn 0.531 -0.398 -0.748
vn 0.515 -0.410 -0.752
vn 0.536 -0.789 0.300
vn 0.537 -0.410 0.737
vn 0.510 -0.377 0.773
vn 0.515 -0.380 0.768
vn 0.536 -0.404 0.741
vn 0.536 0.176 0.826
vn 0.536 0.176 0.826
vn 0.536 0.391 0.748
vn 0.536 0.570 0.623
vn 0.536 0.570 0.623
vn 0.536 0.741 0.404
vn 0.536 0.832 0.140
vn 0.711 0.000 -0.703
vn -0.550 0.000 0.835
vn 0.797 0.604 0.000
vn 0.567 0.604 -0.560
vn -0.604 0.000 -0.797
vn 0.567 -0.604 -0.560
vn 0.797 -0.604 0.000
vn 0.797 -0.259 0.545
vn -0.707 -0.000 -0.707
vn -0.528 -0.528 -0.665
vn -0.747 0.000 -0.665
vn 0.798 -0.602 0.000
vn 0.994 0.108 0.000
vn 0.711 0.704 0.000
vn 0.707 0.707 0.000
vn 0.000 -0.130 0.992
vn 0.000 -0.318 -0.948
vn -0.315 -0.121 0.941
vn -0.325 -0.138 0.935
vn -0.999 0.032 -0.018
vn -0.999 0.032 -0.019
vn -0.999 0.030 -0.017
vn -1.000 0.029 -0.015
vn -1.000 0.007 -0.013
vn 0.000 0.486 -0.874
vn -0.222 0.727 0.649
vn -0.232 0.676 0.699
vn -0.677 0.736 0.000
vn -0.695 0.719 0.003
vn -0.677 0.357 -0.643
vn -0.677 0.357 -0.643
vn -0.505 -0.274 -0.819
vn -0.720 -0.183 -0.670
vn -0.428 -0.904 0.000
vn -0.576 -0.817 -0.029
vn -0.121 -0.928 0.353
vn -0.152 -0.895 0.420
vn 0.000 -0.557 0.831
vn 0.000 -0.557 0.831
vn 0.000 -0.551 0.835
vn -0.902 -0.431 0.000
vn 0.910 -0.415 0.000
vn -0.425 -0.504 0.752
vn 0.000 -0.857 0.515
vn 0.360 -0.623 0.695
vn 0.319 -0.625 0.712
vn 0.000 -0.892 0.452
vn -0.321 -0.624 0.713
vn -0.350 -0.633 0.691
vn 0.000 0.557 -0.831
vn 0.325 -0.138 0.935
vn 0.315 -0.121 0.941
vn 0.707 0.000 0.707
vn 0.999 0.033 -0.019
vn 0.999 0.032 -0.019
vn 0.999 0.033 -0.019
vn 1.000 0.009 -0.017
vn 0.232 0.676 0.699
vn 0.222 0.727 0.649
vn 0.696 0.718 0.000
vn 0.696 0.349 -0.628
vn 0.738 -0.173 -0.652
vn 0.505 -0.274 -0.819
vn 0.576 -0.817 -0.029
vn 0.428 -0.904 0.000
vn 0.152 -0.895 0.420
vn 0.121 -0.928 0.353
vn 0.902 -0.431 0.000
vn 0.902 -0.431 0.000
vn -0.910 -0.415 0.000
vn 0.425 -0.504 0.752
vn -0.319 -0.625 0.712
vn -0.360 -0.623 0.695
vn 0.350 -0.633 0.691
vn 0.321 -0.624 0.713
vn 0.000 0.676 0.737
vn 0.000 -0.150 0.989
vn 0.000 -0.451 -0.892
vn -0.528 -0.383 -0.758
vn 0.000 0.088 -0.996
vn 0.528 -0.383 -0.758
vn 0.000 -0.854 -0.519
vn 0.000 -0.130 0.992
vn -0.831 -0.552 -0.072
vn 0.000 -0.992 -0.130
vn 0.831 -0.551 -0.072
vn 0.000 -0.928 0.373
vn -0.297 -0.122 0.947
vn 0.000 -0.418 0.908
vn 0.247 -0.288 0.925
vn 0.247 -0.288 0.925
vn -0.246 -0.288 0.925
vn -0.247 -0.288 0.925
vn 0.297 -0.122 0.947
vn 0.000 0.170 0.985
vn 0.000 0.500 0.866
vn 0.000 0.500 -0.866
vn 0.000 -0.500 -0.866
vn 0.000 -0.500 0.866
vn 0.692 0.361 0.625
vn 0.692 -0.361 0.625
vn 0.692 -0.722 0.000
vn 0.692 -0.361 -0.625
vn 0.692 0.361 -0.625
vn 0.692 0.722 0.000
vn -0.692 0.361 0.625
vn -0.692 -0.361 0.625
vn -0.692 -0.722 0.000
vn -0.692 -0.722 0.000
vn -0.692 -0.361 -0.625
vn -0.692 0.361 -0.625
vn -0.692 0.722 0.000
vn -0.692 0.722 0.000
vn -1.000 0.000 0.001
vn -0.000 -0.174 -0.985
vn -0.000 -0.766 -0.643
vn -0.000 -0.940 -0.342
vn 0.000 -0.940 0.342
vn 0.000 -0.766 0.643
vn 0.000 -0.174 0.985
vn 0.000 0.174 0.985
vn 0.000 0.766 0.643
vn 0.000 0.940 0.342
vn 0.000 0.940 -0.342
vn 0.000 0.766 -0.643
vn 0.000 0.174 -0.985
vn 0.000 0.174 0.985
vn 0.000 -0.174 0.985
vn 0.000 0.286 -0.958
vn 0.000 0.286 -0.958
vn 0.000 0.286 0.958
vn -1.000 -0.003 0.000
vn 0.000 -0.599 -0.800
vn 0.066 -0.612 -0.788
vn 0.000 -0.614 0.789
vn 0.065 -0.598 0.799
vn -0.948 -0.318 0.000
vn 0.053 -0.487 -0.872
vn 0.104 -0.476 -0.873
vn 0.950 0.312 0.000
vn 0.053 -0.491 0.870
vn 0.103 -0.472 0.875
vn -0.214 0.977 0.000
vn -0.678 -0.735 0.000
vn -0.776 -0.387 0.497
vn -0.776 -0.387 0.498
vn -0.764 -0.393 0.512
vn -0.732 -0.507 0.455
vn -0.734 -0.507 0.453
vn -0.730 -0.508 0.457
vn -0.729 -0.508 0.459
vn -0.844 0.536 0.000
vn -0.844 0.536 0.000
vn -0.730 -0.508 -0.457
vn -0.729 -0.508 -0.459
vn -0.733 -0.507 -0.454
vn -0.734 -0.506 -0.453
vn -0.764 -0.396 -0.509
vn -0.777 -0.383 -0.499
vn -0.778 -0.383 -0.498
vn 0.000 -0.686 -0.727
vn 0.000 0.973 0.231
vn -1.000 -0.001 0.002
vn -1.000 -0.001 0.002
vn 0.000 -0.993 0.119
vn 0.066 -0.988 0.137
vn 0.000 0.377 0.926
vn 0.065 0.393 0.917
vn -0.948 -0.159 0.275
vn 0.053 -0.999 -0.015
vn 0.104 -0.994 -0.025
vn 0.950 0.156 -0.271
vn 0.950 0.156 -0.270
vn 0.053 0.508 0.860
vn 0.103 0.522 0.847
vn -0.214 0.488 -0.846
vn -0.214 0.488 -0.846
vn -0.678 -0.367 0.636
vn -0.678 -0.367 0.636
vn -0.776 0.238 0.584
vn -0.764 0.246 0.596
vn -0.732 0.140 0.667
vn -0.734 0.139 0.665
vn -0.730 0.142 0.668
vn -0.729 0.143 0.670
vn -0.844 0.268 -0.465
vn -0.730 -0.650 0.211
vn -0.729 -0.652 0.211
vn -0.733 -0.647 0.212
vn -0.734 -0.645 0.212
vn -0.764 -0.639 0.088
vn -0.777 -0.624 0.083
vn 0.239 0.485 0.841
vn 0.239 0.485 0.841
vn 0.239 0.485 0.841
vn 0.239 0.971 0.000
vn 0.239 0.485 -0.841
vn 0.239 0.485 -0.841
vn 0.239 0.485 -0.841
vn 0.239 -0.485 -0.841
vn 0.239 -0.485 -0.841
vn 0.239 -0.971 0.000
vn 0.239 -0.485 0.841
vn 0.239 -0.485 0.841
vn 0.239 -0.485 0.841
vn -0.441 0.449 0.777
vn -0.441 0.897 0.000
vn -0.441 0.449 -0.777
vn -0.441 -0.449 -0.777
vn -0.441 -0.897 0.000
vn -0.441 -0.449 0.777
vn -0.913 -0.204 -0.353
vn -0.913 -0.204 -0.353
vn -0.913 -0.408 0.000
vn -0.913 -0.204 0.353
vn -0.913 0.204 0.353
vn -0.913 0.408 0.000
vn -0.913 0.204 -0.353
vn 0.000 0.973 -0.231
vn 0.000 -0.686 0.727
vn 0.000 -0.686 0.727
vn -1.000 -0.001 -0.002
vn 0.000 0.394 -0.919
vn 0.066 0.376 -0.924
vn 0.000 -0.991 -0.137
vn 0.065 -0.991 -0.118
vn -0.948 -0.159 -0.275
vn 0.053 0.512 -0.858
vn 0.104 0.518 -0.849
vn 0.950 0.156 0.270
vn 0.053 -0.999 0.010
vn 0.103 -0.994 0.029
vn -0.214 0.488 0.846
vn -0.214 0.488 0.846
vn -0.678 -0.367 -0.636
vn -0.678 -0.367 -0.636
vn -0.678 -0.367 -0.636
vn -0.776 -0.625 -0.086
vn -0.764 -0.640 -0.085
vn -0.732 -0.647 -0.212
vn -0.734 -0.646 -0.212
vn -0.730 -0.650 -0.211
vn -0.729 -0.652 -0.210
vn -0.844 0.268 0.465
vn -0.844 0.268 0.465
vn -0.730 0.142 -0.668
vn -0.729 0.143 -0.670
vn -0.733 0.140 -0.666
vn -0.734 0.139 -0.665
vn -0.764 0.243 -0.597
vn -0.777 0.240 -0.581
vn 0.000 0.686 0.727
vn 0.000 -0.973 -0.231
vn -1.000 0.001 -0.002
vn 0.000 0.993 -0.119
vn 0.066 0.988 -0.137
vn 0.000 -0.377 -0.926
vn 0.065 -0.393 -0.917
vn -0.948 0.159 -0.275
vn 0.053 0.999 0.015
vn 0.104 0.994 0.025
vn 0.950 -0.156 0.270
vn 0.053 -0.508 -0.860
vn 0.103 -0.522 -0.847
vn -0.214 -0.488 0.846
vn -0.678 0.367 -0.636
vn -0.678 0.367 -0.636
vn -0.776 -0.238 -0.584
vn -0.764 -0.246 -0.596
vn -0.732 -0.140 -0.666
vn -0.734 -0.139 -0.665
vn -0.730 -0.142 -0.668
vn -0.729 -0.144 -0.669
vn -0.844 -0.268 0.465
vn -0.844 -0.268 0.465
vn -0.730 0.650 -0.211
vn -0.729 0.652 -0.211
vn -0.733 0.647 -0.212
vn -0.734 0.645 -0.212
vn -0.764 0.639 -0.088
vn -0.777 0.624 -0.083
vn 0.000 -0.973 0.231
vn 0.000 0.686 -0.727
vn -1.000 0.001 0.002
vn -1.000 0.001 0.002
vn 0.000 -0.394 0.919
vn 0.066 -0.376 0.924
vn 0.000 0.991 0.137
vn 0.065 0.991 0.118
vn -0.948 0.159 0.275
vn 0.053 -0.512 0.858
vn 0.104 -0.518 0.849
vn 0.950 -0.156 -0.271
vn 0.950 -0.156 -0.270
vn 0.053 0.999 -0.010
vn 0.103 0.994 -0.029
vn -0.214 -0.488 -0.846
vn -0.214 -0.488 -0.846
vn -0.678 0.367 0.636
vn -0.776 0.625 0.086
vn -0.764 0.640 0.085
vn -0.732 0.647 0.212
vn -0.734 0.646 0.212
vn -0.730 0.650 0.211
vn -0.729 0.652 0.210
vn -0.844 -0.268 -0.465
vn -0.844 -0.268 -0.465
vn -0.730 -0.142 0.668
vn -0.729 -0.143 0.670
vn -0.733 -0.140 0.666
vn -0.734 -0.139 0.665
vn -0.764 -0.243 0.597
vn -0.777 -0.240 0.581
vn 0.000 -0.286 0.958
vn 0.000 -0.286 -0.958
vn -1.000 0.003 0.000
vn 0.000 0.599 0.800
vn 0.066 0.612 0.788
vn 0.000 0.614 -0.789
vn 0.065 0.598 -0.799
vn -0.948 0.318 0.000
vn 0.053 0.487 0.872
vn 0.104 0.476 0.873
vn 0.950 -0.312 0.000
vn 0.053 0.491 -0.870
vn 0.103 0.472 -0.875
vn -0.214 -0.977 0.000
vn -0.678 0.735 0.000
vn -0.776 0.387 -0.498
vn -0.764 0.393 -0.512
vn -0.732 0.507 -0.455
vn -0.734 0.507 -0.453
vn -0.730 0.508 -0.457
vn -0.729 0.508 -0.459
vn -0.844 -0.536 0.000
vn -0.730 0.508 0.457
vn -0.729 0.508 0.459
vn -0.733 0.507 0.455
vn -0.734 0.506 0.453
vn -0.764 0.396 0.509
vn -0.777 0.383 0.499
vn 1.000 -0.000 -0.000
vn -0.000 0.766 0.643
vn 0.000 0.766 -0.643
vn 0.000 0.174 -0.985
vn 0.000 -0.174 -0.985
vn 0.000 -0.766 -0.643
vn 0.000 -0.766 0.643
vn 1.000 -0.003 0.000
vn -0.066 -0.612 -0.788
vn -0.065 -0.598 0.799
vn 0.948 -0.318 0.000
vn -0.104 -0.476 -0.873
vn -0.053 -0.487 -0.872
vn -0.950 0.312 0.000
vn -0.103 -0.472 0.875
vn -0.053 -0.491 0.870
vn 0.214 0.977 0.000
vn 0.678 -0.735 0.000
vn 0.678 -0.735 0.000
vn 0.764 -0.393 0.511
vn 0.776 -0.387 0.498
vn 0.732 -0.507 0.455
vn 0.729 -0.508 0.459
vn 0.730 -0.508 0.457
vn 0.734 -0.507 0.453
vn 0.844 0.536 0.000
vn 0.730 -0.508 -0.457
vn 0.734 -0.506 -0.453
vn 0.733 -0.507 -0.454
vn 0.729 -0.508 -0.459
vn 0.777 -0.383 -0.499
vn 0.764 -0.396 -0.509
vn 1.000 -0.001 0.002
vn 1.000 -0.001 0.002
vn -0.066 -0.988 0.137
vn -0.065 0.393 0.917
vn 0.948 -0.159 0.275
vn -0.104 -0.994 -0.025
vn -0.053 -0.999 -0.015
vn -0.950 0.156 -0.271
vn -0.103 0.522 0.847
vn -0.053 0.508 0.860
vn 0.214 0.488 -0.846
vn 0.678 -0.367 0.636
vn 0.764 0.246 0.596
vn 0.776 0.238 0.584
vn 0.732 0.140 0.666
vn 0.729 0.143 0.669
vn 0.730 0.142 0.668
vn 0.734 0.139 0.665
vn 0.844 0.268 -0.465
vn 0.844 0.268 -0.464
vn 0.844 0.268 -0.464
vn 0.730 -0.650 0.211
vn 0.734 -0.645 0.212
vn 0.733 -0.647 0.212
vn 0.729 -0.652 0.211
vn 0.777 -0.624 0.083
vn 0.764 -0.639 0.088
vn -0.239 0.485 0.841
vn -0.239 0.485 0.841
vn -0.239 0.971 0.000
vn -0.239 0.971 0.000
vn -0.239 0.485 -0.841
vn -0.239 0.485 -0.841
vn -0.239 0.485 -0.841
vn -0.239 -0.485 -0.841
vn -0.239 -0.485 -0.841
vn -0.239 -0.485 -0.841
vn -0.239 -0.971 0.000
vn -0.239 -0.485 0.841
vn -0.239 -0.485 0.841
vn -0.239 -0.485 0.841
vn 0.441 0.449 0.777
vn 0.441 0.897 0.000
vn 0.441 0.449 -0.777
vn 0.441 -0.449 -0.777
vn 0.441 -0.449 -0.777
vn 0.441 -0.449 -0.777
vn 0.441 -0.897 0.000
vn 0.441 -0.449 0.777
vn 0.441 -0.449 0.777
vn 0.441 -0.449 0.777
vn 0.913 -0.204 -0.353
vn 0.913 -0.204 -0.353
vn 0.913 -0.408 0.000
vn 0.913 -0.204 0.353
vn 0.913 -0.204 0.353
vn 0.913 0.204 0.353
vn 0.913 0.204 0.353
vn 0.913 0.204 0.353
vn 0.913 0.408 0.000
vn 0.913 0.408 0.000
vn 0.913 0.204 -0.353
vn 1.000 -0.001 -0.002
vn 1.000 -0.001 -0.002
vn -0.066 0.376 -0.924
vn -0.065 -0.991 -0.118
vn 0.948 -0.159 -0.275
vn -0.104 0.518 -0.849
vn -0.053 0.512 -0.858
vn -0.950 0.156 0.271
vn -0.950 0.156 0.270
vn -0.103 -0.994 0.029
vn -0.053 -0.999 0.010
vn 0.214 0.488 0.846
vn 0.214 0.488 0.846
vn 0.678 -0.367 -0.636
vn 0.764 -0.639 -0.085
vn 0.776 -0.625 -0.086
vn 0.732 -0.647 -0.212
vn 0.729 -0.652 -0.210
vn 0.730 -0.650 -0.211
vn 0.734 -0.645 -0.212
vn 0.844 0.268 0.465
vn 0.844 0.268 0.465
vn 0.730 0.142 -0.668
vn 0.734 0.139 -0.665
vn 0.733 0.140 -0.666
vn 0.729 0.143 -0.670
vn 0.777 0.240 -0.581
vn 0.764 0.243 -0.597
vn 0.000 0.686 0.727
vn 1.000 0.001 -0.002
vn 1.000 0.001 -0.002
vn -0.066 0.988 -0.137
vn -0.065 -0.393 -0.917
vn 0.948 0.159 -0.275
vn -0.104 0.994 0.025
vn -0.053 0.999 0.015
vn -0.950 -0.156 0.271
vn -0.103 -0.522 -0.847
vn -0.053 -0.508 -0.860
vn 0.214 -0.488 0.846
vn 0.214 -0.488 0.846
vn 0.678 0.367 -0.636
vn 0.764 -0.246 -0.596
vn 0.776 -0.237 -0.584
vn 0.732 -0.140 -0.666
vn 0.729 -0.143 -0.669
vn 0.730 -0.142 -0.668
vn 0.734 -0.139 -0.665
vn 0.844 -0.268 0.465
vn 0.844 -0.268 0.464
vn 0.730 0.650 -0.211
vn 0.734 0.645 -0.212
vn 0.733 0.647 -0.212
vn 0.729 0.652 -0.211
vn 0.777 0.624 -0.083
vn 0.764 0.639 -0.088
vn 1.000 0.001 0.002
vn -0.066 -0.376 0.924
vn -0.065 0.991 0.118
vn 0.948 0.159 0.275
vn -0.104 -0.518 0.849
vn -0.053 -0.512 0.858
vn -0.950 -0.156 -0.271
vn -0.950 -0.156 -0.270
vn -0.103 0.994 -0.029
vn -0.053 0.999 -0.010
vn 0.214 -0.488 -0.846
vn 0.214 -0.488 -0.846
vn 0.678 0.367 0.636
vn 0.764 0.639 0.085
vn 0.776 0.625 0.086
vn 0.732 0.647 0.212
vn 0.729 0.652 0.210
vn 0.730 0.650 0.211
vn 0.734 0.646 0.212
vn 0.844 -0.268 -0.465
vn 0.844 -0.268 -0.465
vn 0.844 -0.268 -0.465
vn 0.730 -0.142 0.668
vn 0.734 -0.139 0.665
vn 0.733 -0.140 0.666
vn 0.729 -0.143 0.670
vn 0.777 -0.240 0.581
vn 0.764 -0.243 0.597
vn 0.000 -0.286 0.958
vn 1.000 0.003 0.000
vn -0.066 0.612 0.788
vn -0.065 0.598 -0.799
vn 0.948 0.318 0.000
vn -0.104 0.476 0.873
vn -0.053 0.487 0.872
vn -0.950 -0.312 0.000
vn -0.103 0.472 -0.875
vn -0.053 0.491 -0.870
vn 0.214 -0.977 0.000
vn 0.678 0.735 0.000
vn 0.678 0.735 0.000
vn 0.764 0.393 -0.511
vn 0.764 0.393 -0.511
vn 0.776 0.387 -0.498
vn 0.732 0.507 -0.455
vn 0.729 0.508 -0.459
vn 0.730 0.508 -0.457
vn 0.734 0.507 -0.453
vn 0.844 -0.536 0.000
vn 0.730 0.508 0.457
vn 0.734 0.506 0.453
vn 0.733 0.507 0.454
vn 0.729 0.508 0.459
vn 0.777 0.383 0.499
vn 0.764 0.396 0.509
vn 0.692 -0.361 -0.625
vn 0.692 0.361 -0.625
vn -0.692 -0.361 -0.625
vn -0.776 -0.387 0.498
vn -0.764 -0.393 0.512
vn -0.732 -0.507 0.455
vn -0.734 -0.507 0.453
vn -0.730 -0.508 0.458
vn -0.729 -0.508 0.459
vn -0.844 0.536 0.000
vn -0.729 -0.509 -0.459
vn -0.732 -0.507 -0.455
vn -0.777 -0.383 -0.499
vn 0.053 0.508 0.860
vn -0.764 0.246 0.596
vn -0.732 0.140 0.666
vn -0.734 0.139 0.665
vn -0.730 0.142 0.668
vn -0.729 0.144 0.669
vn -0.844 0.268 -0.465
vn -0.844 0.268 -0.465
vn -0.844 0.268 -0.465
vn -0.730 -0.650 0.211
vn -0.733 -0.647 0.212
vn -0.764 -0.639 0.088
vn 0.239 0.971 0.000
vn -0.441 0.449 0.777
vn -0.441 0.449 -0.777
vn -0.441 0.449 -0.777
vn -0.441 -0.449 -0.777
vn -0.441 -0.449 -0.777
vn -0.913 -0.204 0.353
vn -0.913 -0.204 0.353
vn -0.913 -0.204 0.353
vn -0.913 0.204 0.353
vn -0.913 0.204 0.353
vn -0.913 0.204 -0.353
vn -0.913 0.204 -0.353
vn -1.000 -0.001 -0.002
vn 0.066 0.376 -0.924
vn 0.053 0.512 -0.858
vn 0.950 0.156 0.271
vn -0.734 -0.646 -0.212
vn -0.730 -0.650 -0.211
vn -0.844 0.268 0.465
vn -0.844 0.268 0.465
vn -0.730 0.142 -0.668
vn -0.729 0.143 -0.670
vn -0.732 0.140 -0.666
vn -0.734 0.139 -0.665
vn -0.764 0.243 -0.597
vn -1.000 0.001 -0.002
vn 0.065 -0.393 -0.917
vn 0.103 -0.522 -0.847
vn -0.678 0.367 -0.636
vn -0.678 0.367 -0.636
vn -0.678 0.367 -0.636
vn -0.678 0.367 -0.636
vn -0.764 -0.246 -0.596
vn -0.732 -0.140 -0.666
vn -0.734 -0.139 -0.665
vn -0.730 -0.142 -0.668
vn -0.844 -0.268 0.465
vn -0.844 -0.268 0.465
vn -0.844 -0.268 0.464
vn -0.733 0.647 -0.212
vn -0.734 0.645 -0.212
vn 0.066 -0.376 0.924
vn 0.104 -0.518 0.849
vn -0.679 0.367 0.636
vn -0.678 0.367 0.636
vn -0.678 0.367 0.636
vn -0.764 0.640 0.085
vn -0.732 0.647 0.212
vn -0.730 -0.142 0.668
vn -0.729 -0.143 0.670
vn -0.733 -0.140 0.666
vn -0.734 -0.139 0.665
vn -0.777 -0.240 0.581
vn 0.065 0.598 -0.799
vn 0.104 0.476 0.873
vn -0.776 0.387 -0.498
vn -0.764 0.393 -0.511
vn -0.732 0.507 -0.455
vn -0.734 0.507 -0.453
vn -0.730 0.508 -0.457
vn -0.729 0.508 -0.459
vn -0.730 0.508 0.457
vn -0.729 0.508 0.459
vn -0.734 0.506 0.453
vn -0.777 0.383 0.499
vn 1.000 -0.000 0.000
vn 0.000 0.174 -0.985
vn -0.000 0.286 -0.958
vn -0.053 -0.487 -0.872
vn 0.678 -0.735 0.000
vn 0.776 -0.387 0.498
vn 0.776 -0.387 0.498
vn 0.732 -0.507 0.455
vn 0.729 -0.508 0.459
vn 0.730 -0.508 0.457
vn 0.734 -0.507 0.453
vn 0.730 -0.508 -0.457
vn 0.734 -0.506 -0.453
vn 0.733 -0.507 -0.455
vn 0.729 -0.509 -0.459
vn 0.777 -0.383 -0.499
vn 0.764 -0.396 -0.509
vn 0.000 -0.686 -0.727
vn -0.065 0.393 0.917
vn 0.000 0.377 0.926
vn -0.104 -0.994 -0.025
vn -0.950 0.156 -0.270
vn -0.103 0.522 0.847
vn -0.053 0.508 0.860
vn 0.678 -0.367 0.636
vn 0.678 -0.367 0.636
vn 0.678 -0.367 0.636
vn 0.764 0.246 0.596
vn 0.729 0.143 0.669
vn 0.730 0.142 0.668
vn 0.734 0.139 0.665
vn 0.844 0.268 -0.465
vn 0.734 -0.645 0.212
vn 0.733 -0.647 0.212
vn 0.729 -0.652 0.211
vn 0.777 -0.624 0.083
vn 0.764 -0.639 0.088
vn 0.441 0.449 0.777
vn 0.441 0.897 0.000
vn 0.441 0.449 -0.777
vn 0.913 -0.204 -0.353
vn 0.913 -0.408 0.000
vn 0.913 -0.204 0.353
vn 0.913 0.204 0.353
vn 0.913 0.408 0.000
vn 0.913 0.204 -0.353
vn -0.066 0.376 -0.924
vn 0.678 -0.367 -0.636
vn 0.678 -0.367 -0.636
vn 0.678 -0.367 -0.636
vn 0.764 -0.639 -0.085
vn 0.776 -0.625 -0.086
vn 0.732 -0.647 -0.212
vn 0.730 -0.650 -0.211
vn 0.734 -0.646 -0.212
vn 0.734 0.139 -0.665
vn 0.733 0.140 -0.666
vn 0.729 0.143 -0.670
vn 0.777 0.240 -0.581
vn 0.764 0.243 -0.597
vn -0.065 -0.393 -0.917
vn -0.950 -0.156 0.270
vn -0.103 -0.522 -0.847
vn -0.053 -0.508 -0.860
vn 0.678 0.367 -0.636
vn 0.678 0.367 -0.636
vn 0.764 -0.246 -0.596
vn 0.776 -0.238 -0.584
vn 0.776 -0.237 -0.584
vn 0.732 -0.140 -0.666
vn 0.729 -0.144 -0.669
vn 0.730 -0.142 -0.668
vn 0.729 0.652 -0.211
vn 0.777 0.624 -0.083
vn 0.764 0.639 -0.088
vn 0.000 0.686 -0.727
vn -0.066 -0.376 0.924
vn -0.104 -0.518 0.849
vn -0.053 -0.512 0.858
vn 0.678 0.367 0.636
vn 0.678 0.367 0.636
vn 0.678 0.367 0.636
vn 0.764 0.639 0.085
vn 0.776 0.625 0.086
vn 0.732 0.647 0.212
vn 0.730 0.650 0.211
vn 0.730 -0.142 0.668
vn 0.734 -0.139 0.665
vn 0.733 -0.140 0.666
vn 0.729 -0.143 0.670
vn 0.777 -0.240 0.581
vn 0.764 -0.243 0.597
vn -0.065 0.598 -0.799
vn 0.764 0.393 -0.511
vn 0.776 0.387 -0.498
vn 0.732 0.507 -0.455
vn 0.729 0.508 -0.459
vn 0.730 0.508 -0.457
vn 0.730 0.508 0.457
vn 0.733 0.507 0.455
vn 0.729 0.508 0.459
vn 0.777 0.383 0.499
vn 0.764 0.396 0.509
vn -0.653 -0.757 0.000
vn -0.653 0.000 0.757
vn -0.653 0.000 0.757
vn -0.653 0.000 0.757
vn -0.653 0.757 0.000
vn -0.653 0.757 0.000
vn -0.653 0.000 -0.757
vn -0.653 0.000 -0.757
vn -0.653 0.000 -0.758
vn 0.653 -0.757 0.000
vn 0.653 -0.757 0.000
vn 0.653 0.000 0.757
vn 0.653 0.000 0.757
vn 0.653 -0.000 0.757
vn 0.653 0.757 0.000
vn 0.653 0.757 0.000
vn 0.653 0.000 -0.758
vn 0.653 0.000 -0.758
vn 0.653 0.000 -0.757
vn -0.311 -0.118 0.943
vn 0.311 -0.118 0.943
vn -0.037 0.993 0.112
vn -0.950 0.000 -0.314
vn -0.645 -0.702 -0.301
vn -0.645 -0.702 -0.301
vn 0.037 -0.993 -0.112
vn 0.950 0.000 0.314
vn 0.311 0.118 -0.943
vn -0.291 0.370 0.882
vn -0.291 0.370 0.882
vn -0.727 -0.104 0.679
vn -0.727 -0.104 0.679
vn -0.582 -0.439 0.685
vn -0.256 -0.578 0.775
vn -0.256 -0.578 0.775
vn 0.180 -0.104 0.978
vn 0.180 -0.104 0.978
vn -0.250 -0.602 0.758
vn -0.250 -0.602 0.758
vn 0.209 -0.102 0.973
vn 0.209 -0.102 0.973
vn 0.056 0.251 0.966
vn 0.056 0.251 0.966
vn -0.288 0.398 0.871
vn -0.288 0.398 0.871
vn -0.747 -0.102 0.657
vn -0.747 -0.102 0.657
vn -0.193 0.788 0.585
vn -0.193 0.788 0.585
vn -0.974 -0.060 0.219
vn -0.974 -0.060 0.221
vn -0.975 -0.060 0.215
vn -0.975 -0.060 0.214
vn -0.714 -0.664 0.224
vn -0.714 -0.664 0.224
vn -0.714 -0.664 0.225
vn -0.128 -0.913 0.388
vn -0.127 -0.914 0.386
vn -0.129 -0.911 0.391
vn -0.130 -0.911 0.393
vn 0.651 -0.061 0.757
vn 0.651 -0.061 0.757
vn 0.037 0.993 0.112
vn 0.950 0.000 -0.314
vn 0.645 -0.702 -0.301
vn -0.037 -0.993 -0.112
vn -0.950 -0.000 0.314
vn -0.311 0.118 -0.943
vn 0.291 0.370 0.882
vn 0.727 -0.104 0.679
vn 0.727 -0.104 0.679
vn 0.582 -0.439 0.685
vn 0.256 -0.578 0.775
vn 0.256 -0.578 0.775
vn -0.180 -0.104 0.978
vn 0.250 -0.602 0.758
vn 0.250 -0.602 0.758
vn -0.209 -0.102 0.973
vn -0.056 0.251 0.966
vn -0.056 0.251 0.966
vn 0.288 0.398 0.871
vn 0.747 -0.102 0.657
vn 0.193 0.788 0.585
vn 0.974 -0.060 0.219
vn 0.975 -0.060 0.213
vn 0.975 -0.060 0.215
vn 0.974 -0.060 0.221
vn 0.714 -0.664 0.224
vn 0.714 -0.664 0.224
vn 0.128 -0.913 0.388
vn 0.130 -0.910 0.393
vn 0.129 -0.911 0.391
vn 0.127 -0.914 0.386
vn -0.651 -0.061 0.757
vn -0.651 -0.061 0.757
vn 0.951 0.309 0.000
vn 0.588 0.809 0.000
vn -0.588 0.809 0.000
vn -0.951 0.309 0.000
vn -0.951 -0.309 0.000
vn -0.588 -0.809 0.000
vn 0.588 -0.809 -0.000
vn 0.951 -0.309 0.000
vn -0.905 -0.294 0.307
vn -0.904 -0.294 0.310
vn -0.905 -0.294 0.307
vn -0.559 -0.770 0.307
vn -0.559 -0.769 0.310
vn -0.559 -0.770 0.307
vn -0.559 -0.770 0.307
vn 0.000 -0.952 0.307
vn 0.000 -0.951 0.310
vn 0.000 -0.952 0.307
vn 0.559 -0.770 0.307
vn 0.559 -0.769 0.310
vn 0.559 -0.770 0.307
vn 0.905 -0.294 0.307
vn 0.904 -0.294 0.310
vn 0.905 -0.294 0.307
vn 0.905 0.294 0.307
vn 0.904 0.294 0.310
vn 0.559 0.770 0.307
vn 0.559 0.769 0.310
vn 0.559 0.770 0.307
vn 0.559 0.770 0.307
vn 0.000 0.952 0.307
vn 0.000 0.951 0.310
vn -0.559 0.770 0.307
vn -0.559 0.769 0.310
vn -0.559 0.770 0.307
vn -0.559 0.770 0.307
vn -0.905 0.294 0.307
vn -0.904 0.294 0.310
vn -0.905 0.294 0.307
vn 0.904 0.294 0.310
vn 0.904 0.294 0.309
vn 0.904 0.294 0.310
vn 0.904 0.294 0.310
vn 0.559 0.769 0.310
vn 0.559 0.769 0.310
vn 0.000 0.951 0.310
vn -0.559 0.769 0.310
vn -0.904 0.294 0.310
vn -0.904 0.294 0.310
vn -0.904 -0.294 0.310
vn -0.904 -0.294 0.309
vn -0.904 -0.294 0.310
vn -0.559 -0.769 0.310
vn 0.000 -0.951 0.310
vn 0.559 -0.769 0.310
vn 0.904 -0.294 0.310
vn 0.904 -0.294 0.310
vn -0.904 -0.294 0.310
vn -0.904 0.294 0.310
vn -0.559 0.769 0.310
vn -0.559 0.769 0.310
vn 0.904 0.294 0.310
vn 0.904 -0.294 0.310
vn 0.559 -0.769 0.310
vn -0.905 -0.294 0.307
vn -0.904 -0.294 0.310
vn -0.905 -0.294 0.307
vn -0.559 -0.770 0.307
vn -0.559 -0.769 0.310
vn -0.559 -0.770 0.306
vn 0.000 -0.952 0.307
vn 0.559 -0.770 0.307
vn 0.559 -0.769 0.310
vn 0.905 0.294 0.307
vn 0.559 0.770 0.307
vn 0.000 0.952 0.307
vn -0.559 0.770 0.307
vn -0.559 0.769 0.310
vn -0.559 0.770 0.307
vn -0.905 0.294 0.307
vn 0.904 0.294 0.309
vn 0.904 0.294 0.310
vn 0.904 0.294 0.310
vn 0.904 0.294 0.309
vn -0.559 0.769 0.310
vn -0.904 0.294 0.310
vn -0.559 -0.769 0.310
vn 0.559 -0.769 0.309
vn -0.904 0.294 0.309
vn -0.904 0.294 0.310
vn -0.559 0.769 0.310
vn -0.559 0.769 0.310
vn 0.559 0.769 0.309
vn 0.559 0.769 0.310
vn 0.904 0.294 0.310
vn 0.904 -0.294 0.310
vn 0.559 -0.769 0.310
vn -0.559 -0.769 0.310
vn -0.049 0.004 0.999
vn -0.050 0.005 0.999
vn -0.049 0.003 0.999
vn -0.049 0.000 0.999
vn 0.000 -1.000 0.000
vn 0.000 0.000 0.000
vn 0.474 0.000 0.880
vn -0.996 -0.000 0.089
vn -0.988 0.000 0.155
vn -0.992 0.003 0.123
vn -0.992 -0.034 0.123
vn -0.983 0.027 0.179
vn -0.448 -0.803 0.393
vn -0.692 -0.432 -0.578
vn -0.006 -0.782 0.624
vn -0.027 -0.825 0.564
vn -0.767 -0.641 0.000
vn -0.000 -0.001 -1.000
vn 0.000 0.707 0.707
vn -0.518 -0.518 -0.680
vn -0.518 -0.518 -0.680
vn 0.000 -0.733 -0.680
vn 0.680 -0.733 0.000
vn 0.680 -0.733 0.000
vn 0.680 -0.733 0.000
vn 0.680 -0.518 0.518
vn 0.680 -0.518 0.518
vn 0.680 0.000 0.733
vn 0.680 0.518 0.518
vn 0.680 0.733 0.000
vn 0.680 0.733 0.000
vn 0.000 0.733 -0.680
vn -0.518 0.518 -0.680
vn -0.518 0.518 -0.680
vn -0.733 0.000 -0.680
vn -0.101 -0.000 -0.995
vn -0.101 0.000 -0.995
vn -0.000 -0.101 -0.995
vn 0.071 -0.071 -0.995
vn 0.101 0.000 -0.995
vn 0.101 0.000 -0.995
vn 0.071 0.071 -0.995
vn 0.071 0.071 -0.995
vn 0.000 0.101 -0.995
vn 0.995 0.000 0.101
vn 0.995 -0.000 0.100
vn 0.995 0.101 0.000
vn 0.995 0.101 0.000
vn 0.995 0.071 -0.071
vn 0.995 0.071 -0.071
vn 0.995 0.000 -0.101
vn 0.995 -0.071 -0.071
vn 0.995 -0.071 -0.071
vn 0.995 -0.101 0.000
vn 0.049 0.003 0.999
vn 0.050 0.005 0.999
vn 0.049 0.004 0.999
vn 0.049 0.000 0.999
vn -0.994 0.000 0.113
vn 0.988 0.000 0.155
vn 0.996 0.000 0.089
vn 0.992 0.003 0.123
vn 0.992 -0.034 0.123
vn 0.984 0.027 0.179
vn 0.692 -0.432 -0.578
vn 0.448 -0.803 0.393
vn 0.027 -0.825 0.564
vn 0.006 -0.782 0.624
vn 0.000 -0.000 -1.000
vn 0.767 -0.641 0.000
vn 0.518 -0.518 -0.680
vn 0.518 -0.518 -0.680
vn -0.680 -0.733 0.000
vn -0.680 -0.518 0.518
vn -0.680 -0.000 0.733
vn -0.680 0.518 0.518
vn -0.680 0.733 0.000
vn 0.518 0.518 -0.680
vn 0.518 0.518 -0.680
vn 0.733 0.000 -0.680
vn -0.071 -0.071 -0.995
vn -0.071 -0.071 -0.995
vn -0.071 0.071 -0.995
vn -0.071 0.071 -0.995
vn -0.995 0.000 0.101
vn -0.995 0.101 0.000
vn -0.995 0.101 0.000
vn -0.995 0.071 -0.071
vn -0.995 0.000 -0.101
vn -0.995 -0.071 -0.071
vn -0.995 -0.101 0.000
vn -1.000 0.004 0.001
vn -1.000 -0.000 0.002
vn -1.000 0.003 -0.000
vn -1.000 0.002 0.001
vn -0.992 0.124 -0.019
vn -0.992 0.123 -0.020
vn -0.992 0.124 -0.015
vn -0.992 0.124 -0.015
vn -0.887 0.461 -0.008
vn -0.887 0.462 -0.003
vn -0.887 0.461 -0.007
vn -0.887 0.461 -0.012
vn -0.887 0.462 -0.003
vn -0.888 0.453 -0.074
vn -0.889 0.453 -0.073
vn -0.888 0.454 -0.075
vn -0.888 0.454 -0.075
vn -0.408 0.913 -0.016
vn -0.408 0.913 -0.006
vn -0.407 0.913 -0.016
vn -0.407 0.913 -0.017
vn -0.408 0.913 -0.006
vn -0.409 0.912 -0.024
vn -0.409 0.912 -0.024
vn -0.409 0.912 -0.024
vn -0.408 0.912 -0.024
vn -0.410 0.891 -0.193
vn -0.422 0.888 -0.181
vn -0.996 0.056 -0.076
vn -1.000 -0.002 -0.017
vn -1.000 -0.002 -0.016
vn -1.000 -0.003 -0.017
vn -1.000 -0.001 -0.015
vn -1.000 -0.001 -0.015
vn -0.980 0.062 -0.190
vn -0.983 0.073 -0.171
vn -0.998 -0.058 0.001
vn -0.998 -0.061 0.001
vn -0.998 -0.056 0.001
vn -0.999 -0.054 0.001
vn -0.998 -0.063 0.000
vn -0.998 -0.060 0.000
vn -0.963 0.101 0.250
vn -0.969 0.105 0.225
vn -0.944 0.180 0.276
vn -0.958 0.151 0.245
vn -0.932 0.361 -0.013
vn -0.933 0.360 -0.013
vn -0.932 0.363 -0.013
vn -0.931 0.364 -0.013
vn -0.891 0.454 0.000
vn -0.933 0.360 0.005
vn -0.986 0.165 0.002
vn -0.986 0.165 0.004
vn -0.987 0.163 -0.006
vn -0.986 0.164 -0.006
vn -0.986 0.164 -0.008
vn -0.986 0.165 0.007
vn -0.989 0.150 -0.001
vn -0.989 0.150 -0.001
vn -0.989 0.151 -0.001
vn -0.989 0.151 -0.001
vn -0.984 0.176 -0.004
vn -0.985 0.170 0.025
vn -0.991 0.083 0.105
vn -1.000 0.015 0.011
vn -0.992 0.122 -0.014
vn -0.987 0.158 -0.015
vn -0.987 0.159 0.005
vn -0.991 0.132 0.005
vn -0.989 0.145 0.011
vn -0.991 0.136 -0.010
vn -0.991 0.137 -0.004
vn -0.988 0.156 -0.005
vn -0.489 0.125 -0.864
vn -0.487 0.124 -0.865
vn -0.492 0.126 -0.862
vn -0.494 0.126 -0.860
vn -0.628 -0.778 0.005
vn -0.534 -0.150 0.832
vn -0.536 -0.150 0.831
vn -0.531 -0.151 0.834
vn -0.529 -0.152 0.835
vn -0.433 0.401 0.807
vn -0.465 0.383 0.798
vn -0.371 0.929 -0.004
vn -0.373 0.928 -0.004
vn -0.369 0.929 -0.004
vn -0.367 0.930 -0.004
vn -0.366 0.930 0.003
vn -0.365 0.931 0.003
vn -0.367 0.930 0.003
vn -0.368 0.930 0.003
vn -0.548 -0.236 -0.802
vn -0.549 -0.236 -0.802
vn -0.545 -0.238 -0.804
vn -0.544 -0.238 -0.805
vn -0.630 -0.777 0.021
vn -0.629 -0.777 0.021
vn -0.630 -0.776 0.021
vn -0.631 -0.776 0.021
vn -0.505 0.042 0.862
vn -0.506 0.042 0.861
vn -0.502 0.042 0.864
vn -0.500 0.042 0.865
vn -0.856 -0.006 -0.517
vn -0.909 -0.001 -0.417
vn -0.884 -0.468 0.000
vn -0.872 -0.175 0.458
vn -0.911 -0.150 0.384
vn -0.884 0.079 0.461
vn -0.884 0.079 0.461
vn -0.884 0.468 0.000
vn -0.953 0.170 0.250
vn -0.897 0.261 0.356
vn -0.995 0.066 0.081
vn -0.796 0.155 -0.585
vn -0.998 -0.026 -0.058
vn -0.996 0.043 0.082
vn -0.887 -0.461 0.000
vn -0.998 -0.057 -0.016
vn -0.853 0.006 0.522
vn -0.911 0.001 0.412
vn -0.877 0.481 -0.012
vn -0.877 0.480 -0.012
vn -0.876 0.482 -0.012
vn -0.876 0.483 -0.012
vn 0.000 1.000 0.000
vn -0.763 0.230 -0.604
vn -0.762 0.231 -0.605
vn -0.765 0.230 -0.602
vn -0.766 0.230 -0.600
vn -0.703 -0.711 0.000
vn -0.022 -0.231 0.973
vn -0.293 -0.280 0.914
vn -0.022 -0.428 0.903
vn -0.022 -0.779 0.627
vn -0.022 -0.974 0.226
vn -0.022 -1.000 0.000
vn -0.022 -0.985 -0.173
vn -0.022 -0.985 -0.173
vn -0.022 -0.868 -0.496
vn -0.022 -0.649 -0.761
vn -0.022 -0.507 -0.862
vn -0.008 -1.000 0.004
vn -0.006 -1.000 0.003
vn -0.008 -1.000 0.004
vn -0.325 0.341 0.882
vn -0.340 0.000 0.941
vn -0.767 0.637 0.078
vn -0.396 0.918 0.000
vn -0.777 -0.111 -0.620
vn -0.782 -0.106 -0.614
vn -0.778 -0.110 -0.619
vn -0.777 -0.111 -0.620
vn -0.652 -0.756 0.066
vn -0.758 0.648 0.077
vn 0.000 0.648 0.762
vn -0.000 0.431 0.902
vn 0.000 0.433 0.901
vn 0.000 0.434 0.901
vn 0.000 0.434 0.901
vn -0.000 0.433 0.901
vn 0.000 0.433 0.901
vn 0.602 0.270 0.752
vn 0.602 0.270 0.752
vn 0.000 0.892 0.453
vn 0.000 0.892 0.452
vn -0.919 0.393 0.000
vn -0.934 0.356 0.001
vn -0.920 0.098 -0.379
vn -0.920 0.098 -0.379
vn -0.920 0.000 -0.391
vn -0.922 -0.388 0.000
vn -0.921 -0.162 0.354
vn -0.921 -0.226 0.316
vn -0.922 -0.327 0.210
vn -0.922 -0.327 0.210
vn -0.922 -0.381 0.074
vn -0.922 -0.378 -0.088
vn -0.921 -0.303 -0.244
vn -0.921 -0.167 -0.352
vn -0.921 -0.230 -0.314
vn -0.930 0.150 0.334
vn -0.919 0.162 0.358
vn -0.989 0.051 0.139
vn -0.937 0.022 0.350
vn -0.864 0.503 -0.008
vn -0.896 0.444 0.023
vn -0.859 0.504 -0.086
vn -0.866 0.495 -0.075
vn -0.877 0.346 -0.333
vn -0.877 0.346 -0.333
vn -0.879 0.346 -0.329
vn -0.879 0.346 -0.328
vn -0.954 0.191 -0.233
vn -0.889 0.244 -0.388
vn -0.905 0.241 -0.349
vn -1.000 0.006 -0.001
vn -1.000 0.006 -0.001
vn -1.000 0.004 0.001
vn -1.000 0.004 0.002
vn -1.000 0.005 0.004
vn -1.000 0.014 0.020
vn -1.000 0.001 0.000
vn -1.000 0.002 0.000
vn -1.000 0.009 -0.004
vn -0.945 0.080 0.317
vn -0.983 0.109 0.145
vn -0.997 0.065 0.031
vn -0.992 0.123 0.023
vn -0.992 0.123 0.023
vn -0.992 0.124 0.023
vn -0.992 0.124 0.022
vn -0.989 0.150 -0.015
vn 0.512 0.266 -0.817
vn 0.265 -0.150 -0.953
vn -0.000 -0.220 -0.976
vn -0.000 0.302 -0.953
vn -0.000 0.307 -0.952
vn 0.000 0.306 -0.952
vn 0.000 0.304 -0.953
vn -0.814 0.581 0.000
vn -0.814 0.581 0.000
vn 0.814 0.581 0.000
vn -0.000 0.249 -0.968
vn 0.000 0.249 -0.968
vn -0.000 0.009 -1.000
vn -0.390 -0.317 -0.864
vn -0.430 -0.342 -0.836
vn -0.467 -0.155 -0.870
vn -0.503 -0.181 -0.845
vn -0.580 0.213 -0.786
vn -0.580 0.213 -0.786
vn 0.000 0.749 -0.663
vn 0.478 0.503 -0.719
vn 0.479 0.503 -0.719
vn -0.841 -0.524 -0.135
vn -0.841 -0.524 -0.135
vn -0.601 -0.200 -0.774
vn -0.601 -0.200 -0.774
vn -0.601 -0.200 -0.774
vn 0.000 -0.416 0.909
vn 0.000 -0.582 0.814
vn 0.000 -0.982 0.190
vn 0.000 -0.974 -0.226
vn 0.000 0.000 1.000
vn 0.000 -0.231 0.973
vn 0.000 0.562 -0.827
vn -0.000 0.648 -0.762
vn -0.000 -0.203 0.979
vn -0.000 -0.203 0.979
vn -0.000 0.581 -0.814
vn -0.000 0.581 -0.814
vn 0.000 0.581 -0.814
vn -0.000 0.581 -0.814
vn 0.000 -0.531 -0.847
vn -0.000 -0.531 -0.847
vn 0.000 -0.968 -0.249
vn 0.000 -0.968 -0.249
vn 1.000 0.004 0.001
vn 1.000 0.002 0.001
vn 1.000 0.003 -0.000
vn 1.000 -0.000 0.002
vn 0.992 0.124 -0.019
vn 0.992 0.124 -0.015
vn 0.992 0.124 -0.015
vn 0.992 0.123 -0.020
vn -0.000 0.977 -0.214
vn 0.410 -0.894 0.179
vn -0.271 -0.271 -0.924
vn 0.383 0.000 0.924
vn -0.271 0.271 0.924
vn -0.383 -0.000 0.924
vn 0.887 0.461 -0.008
vn 0.887 0.461 -0.007
vn 0.887 0.461 -0.008
vn 0.887 0.462 -0.003
vn 0.887 0.461 -0.012
vn 0.000 0.481 0.876
vn 0.888 0.453 -0.074
vn 0.888 0.454 -0.075
vn 0.888 0.454 -0.074
vn 0.889 0.453 -0.073
vn 0.408 0.913 -0.016
vn 0.407 0.913 -0.017
vn 0.407 0.913 -0.016
vn 0.408 0.913 -0.006
vn 0.409 0.912 -0.024
vn 0.408 0.912 -0.024
vn 0.409 0.912 -0.024
vn 0.409 0.912 -0.024
vn 0.000 0.922 0.386
vn -0.383 0.000 -0.924
vn 0.271 0.271 -0.924
vn 0.383 0.000 -0.924
vn 0.000 -0.782 -0.624
vn 0.422 0.888 -0.181
vn 0.410 0.891 -0.193
vn 1.000 -0.001 -0.015
vn 1.000 -0.001 -0.015
vn 1.000 -0.003 -0.017
vn 1.000 -0.002 -0.016
vn 1.000 -0.002 -0.017
vn 0.996 0.056 -0.076
vn 0.983 0.073 -0.171
vn 0.980 0.062 -0.190
vn 0.998 -0.058 0.001
vn 0.999 -0.054 0.001
vn 0.998 -0.056 0.001
vn 0.998 -0.061 0.001
vn 0.998 -0.060 0.000
vn 0.998 -0.063 0.000
vn 0.969 0.105 0.225
vn 0.963 0.101 0.250
vn 0.958 0.151 0.245
vn 0.944 0.180 0.276
vn 0.932 0.361 -0.013
vn 0.931 0.364 -0.013
vn 0.932 0.363 -0.013
vn 0.933 0.360 -0.013
vn 0.933 0.360 0.005
vn 0.891 0.454 0.000
vn 0.986 0.165 0.007
vn 0.986 0.164 -0.006
vn 0.986 0.164 -0.008
vn 0.987 0.163 -0.006
vn 0.986 0.165 0.004
vn 0.986 0.165 0.002
vn 0.989 0.150 -0.001
vn 0.989 0.151 -0.001
vn 0.989 0.151 -0.001
vn 0.989 0.150 -0.001
vn 0.985 0.169 0.025
vn 0.984 0.176 -0.004
vn 1.000 0.015 0.011
vn 0.991 0.083 0.105
vn 0.987 0.158 -0.015
vn 0.992 0.122 -0.014
vn 0.991 0.132 0.005
vn 0.987 0.159 0.005
vn 0.991 0.136 -0.011
vn 0.989 0.145 0.011
vn 0.988 0.156 -0.005
vn 0.991 0.137 -0.004
vn 0.494 0.126 -0.860
vn 0.487 0.124 -0.865
vn 0.628 -0.778 0.005
vn 0.529 -0.152 0.835
vn 0.536 -0.150 0.831
vn 0.465 0.383 0.798
vn 0.433 0.401 0.807
vn 0.367 0.930 -0.004
vn 0.373 0.928 -0.004
vn 0.368 0.930 0.003
vn 0.365 0.931 0.003
vn 0.544 -0.238 -0.805
vn 0.549 -0.236 -0.802
vn 0.631 -0.776 0.021
vn 0.629 -0.777 0.021
vn 0.500 0.042 0.865
vn 0.506 0.042 0.861
vn 0.909 -0.001 -0.417
vn 0.856 -0.006 -0.517
vn 0.884 -0.468 -0.000
vn 0.911 -0.150 0.384
vn 0.872 -0.175 0.458
vn 0.884 0.079 0.461
vn 0.884 0.079 0.461
vn 0.884 0.468 0.000
vn 0.897 0.261 0.356
vn 0.953 0.170 0.250
vn 0.796 0.155 -0.585
vn 0.995 0.066 0.081
vn 0.996 0.043 0.082
vn 0.998 -0.026 -0.058
vn 0.998 -0.057 -0.016
vn 0.887 -0.461 0.000
vn 0.911 0.001 0.412
vn 0.853 0.006 0.522
vn 0.877 0.481 -0.012
vn 0.876 0.483 -0.012
vn 0.876 0.482 -0.012
vn 0.877 0.480 -0.012
vn 0.763 0.230 -0.604
vn 0.766 0.230 -0.600
vn 0.765 0.230 -0.602
vn 0.762 0.231 -0.605
vn 0.703 -0.711 0.000
vn 0.293 -0.280 0.914
vn 0.022 -0.231 0.973
vn 0.022 -0.428 0.903
vn 0.022 -0.779 0.627
vn 0.022 -0.974 0.226
vn 0.022 -1.000 -0.000
vn 0.022 -0.985 -0.173
vn 0.022 -0.985 -0.173
vn 0.022 -0.868 -0.496
vn 0.022 -0.649 -0.761
vn 0.022 -0.507 -0.862
vn 0.008 -1.000 0.004
vn 0.007 -1.000 0.003
vn -0.001 -1.000 -0.000
vn 0.340 0.000 0.941
vn 0.325 0.341 0.882
vn 0.396 0.918 0.000
vn 0.767 0.637 0.078
vn 0.777 -0.111 -0.620
vn 0.777 -0.111 -0.620
vn 0.778 -0.110 -0.619
vn 0.782 -0.106 -0.614
vn 0.652 -0.755 0.066
vn 0.652 -0.756 0.066
vn 0.000 -0.756 0.655
vn 0.000 -0.755 0.655
vn 0.758 0.648 0.077
vn -0.000 0.430 0.903
vn -0.602 0.270 0.752
vn -0.602 0.270 0.752
vn 0.934 0.356 0.001
vn 0.919 0.393 0.000
vn 0.920 0.098 -0.379
vn 0.920 0.098 -0.379
vn 0.920 0.000 -0.391
vn 0.922 -0.388 0.000
vn 0.921 -0.162 0.354
vn 0.921 -0.226 0.316
vn 0.922 -0.327 0.210
vn 0.922 -0.381 0.074
vn 0.922 -0.378 -0.088
vn 0.921 -0.303 -0.244
vn 0.921 -0.167 -0.352
vn 0.921 -0.230 -0.314
vn 0.919 0.162 0.358
vn 0.930 0.150 0.334
vn 0.937 0.022 0.350
vn 0.989 0.051 0.139
vn 0.896 0.444 0.023
vn 0.864 0.503 -0.008
vn 0.866 0.495 -0.075
vn 0.859 0.504 -0.086
vn 0.877 0.346 -0.333
vn 0.879 0.346 -0.328
vn 0.879 0.346 -0.329
vn 0.877 0.346 -0.333
vn 0.889 0.244 -0.388
vn 0.905 0.241 -0.349
vn 0.954 0.191 -0.233
vn 1.000 0.004 0.001
vn 1.000 0.006 -0.001
vn 1.000 0.006 -0.001
vn 1.000 0.009 -0.004
vn 1.000 0.002 0.000
vn 1.000 0.001 0.000
vn 1.000 0.014 0.020
vn 1.000 0.005 0.004
vn 1.000 0.004 0.002
vn 0.983 0.109 0.145
vn 0.945 0.080 0.317
vn 0.997 0.065 0.031
vn 0.992 0.124 0.023
vn 0.992 0.123 0.023
vn 0.992 0.124 0.023
vn 0.992 0.124 0.022
vn 0.989 0.150 -0.015
vn -0.511 0.266 -0.817
vn -0.265 -0.150 -0.953
vn 0.000 0.581 0.814
vn 0.000 0.581 0.814
vn -0.002 0.255 -0.967
vn 0.000 0.262 -0.965
vn -0.000 0.249 -0.969
vn -0.000 0.253 -0.968
vn 0.003 0.256 -0.967
vn 0.000 0.250 -0.968
vn 0.430 -0.342 -0.836
vn 0.390 -0.317 -0.864
vn 0.503 -0.181 -0.845
vn 0.467 -0.155 -0.870
vn 0.580 0.213 -0.786
vn 0.580 0.213 -0.786
vn 0.580 0.213 -0.786
vn -0.478 0.503 -0.719
vn -0.479 0.503 -0.719
vn -0.479 0.503 -0.719
vn 0.000 0.968 0.249
vn 0.000 0.968 0.249
vn 0.841 -0.524 -0.135
vn 0.841 -0.524 -0.135
vn 0.000 0.867 -0.499
vn 0.601 -0.200 -0.774
vn 0.601 -0.200 -0.774
vn 0.000 -0.842 0.540
vn 0.000 -0.779 -0.627
vn 0.000 -0.429 -0.903
vn 0.000 -0.590 -0.807
vn 0.000 -0.429 0.903
vn 0.000 -0.779 0.627
vn 0.000 -0.974 0.226
vn 0.000 -0.985 -0.173
vn 0.000 -0.868 -0.496
vn 0.000 -0.649 -0.761
vn 0.000 -0.507 -0.862
vn 0.000 0.361 0.933
vn 0.000 0.242 -0.970
vn -0.000 0.792 -0.610
vn 0.000 -0.756 -0.655
vn 0.000 0.432 0.902
vn 0.000 -0.203 0.979
vn 0.000 -0.203 0.979
vn 0.001 0.310 -0.951
vn 0.000 0.311 -0.951
vn 0.000 0.310 -0.951
vn -0.000 0.310 -0.951
vn -0.001 0.310 -0.951
vn -0.000 0.310 -0.951
vn -0.000 0.753 -0.658
vn 0.000 -0.518 -0.856
vn 0.000 1.000 -0.017
vn -0.642 0.766 -0.039
vn 0.000 0.766 0.643
vn 0.639 0.766 0.065
vn -0.639 0.766 0.065
vn 0.642 0.766 -0.039
vn 0.000 0.989 -0.149
vn -0.549 0.816 -0.180
vn -0.571 0.802 -0.176
vn -0.577 0.816 0.021
vn -0.558 0.830 0.011
vn 0.558 0.830 0.021
vn 0.578 0.816 0.012
vn 0.570 0.800 -0.187
vn 0.549 0.817 -0.177
vn -0.578 -0.816 0.000
vn 0.578 -0.816 0.000
vn 0.000 0.600 -0.800
vn -0.724 0.668 -0.171
vn -0.724 0.668 -0.171
vn -0.724 0.669 -0.171
vn -0.723 0.669 -0.171
vn -0.730 0.684 0.015
vn -0.729 0.684 0.015
vn -0.731 0.683 0.015
vn -0.731 0.682 0.015
vn 0.000 0.710 0.704
vn 0.731 0.683 0.015
vn 0.731 0.682 0.015
vn 0.730 0.684 0.015
vn 0.729 0.684 0.015
vn 0.724 0.668 -0.171
vn 0.723 0.669 -0.171
vn 0.724 0.668 -0.171
vn 0.000 1.000 -0.026
vn 0.066 0.998 -0.007
vn -0.009 1.000 -0.018
vn -0.013 1.000 -0.019
vn -0.010 1.000 -0.018
vn -0.000 1.000 -0.018
vn 0.000 1.000 -0.019
vn 0.000 1.000 -0.018
vn 0.001 1.000 -0.017
vn 0.000 -0.017 -1.000
vn 0.000 0.017 1.000
vn -0.466 0.885 -0.015
vn 0.466 0.885 -0.015
vn 0.467 0.884 -0.015
vn -0.465 0.885 -0.015
vn -0.467 0.884 -0.015
vn 0.465 0.885 -0.015
vn -0.000 0.310 -0.951
vn -0.986 0.167 -0.001
vn -0.991 0.137 -0.004
vn -0.986 0.166 0.006
vn 0.965 0.103 0.242
vn 0.991 0.135 -0.016
vn 0.986 0.166 0.006
vn 0.991 0.137 -0.004
vn 0.000 0.433 0.901
vn -0.965 0.103 0.242
vn -0.991 0.135 -0.016
vn 0.986 0.167 -0.001
vn -0.707 -0.707 0.000
vn 0.640 -0.640 -0.424
vn 0.640 -0.640 -0.424
vn 0.640 -0.640 -0.424
vn 0.000 -0.906 -0.424
vn -0.640 -0.640 -0.424
vn -0.640 -0.640 -0.424
vn -0.906 0.000 -0.424
vn -0.906 0.000 -0.424
vn -0.906 0.000 -0.424
vn -0.640 0.640 -0.424
vn -0.640 0.640 -0.424
vn 0.000 0.906 -0.424
vn 0.640 0.640 -0.424
vn 0.640 0.640 -0.424
vn 0.640 0.640 -0.424
vn 0.906 0.000 -0.424
vn 0.906 0.000 -0.424
vn -0.906 -0.000 -0.424
vn -0.640 -0.640 -0.424
vn 0.641 -0.640 -0.424
vn 0.641 -0.640 -0.423
vn 0.640 0.640 -0.424
vn 0.641 0.641 -0.423
vn -0.640 -0.640 -0.424
vn -0.906 0.000 -0.423
vn -0.906 0.000 -0.424
vn -0.906 -0.000 -0.423
vn -0.640 0.640 -0.424
vn 0.641 -0.640 -0.424
vn 0.906 0.000 -0.424
vn 0.906 0.000 -0.424
vn 0.906 0.000 -0.424
vn -0.885 -0.000 -0.466
vn -0.885 -0.000 -0.465
vn -0.885 -0.000 -0.465
vn -0.885 -0.000 -0.466
vn 0.000 0.885 -0.466
vn 0.000 0.885 -0.466
vn 0.000 0.885 -0.466
vn 0.885 0.000 -0.466
vn 0.885 -0.000 -0.465
vn 0.885 0.000 -0.465
vn 0.000 -0.885 -0.466
vn 0.000 -0.885 -0.465
vn 0.000 -0.885 -0.466
vn -0.000 -0.885 -0.465
vn -0.707 0.707 0.000
vn -0.707 -0.707 0.000
vn -0.640 -0.641 -0.423
vn 0.640 -0.640 -0.424
vn -0.640 0.640 -0.424
vn 0.640 0.641 -0.423
vn 0.640 0.641 -0.423
vn 0.640 0.640 -0.424
vn 0.640 -0.641 -0.423
vn -0.906 0.000 -0.424
vn 0.640 0.640 -0.424
vn 0.641 0.641 -0.423
vn -0.641 -0.640 -0.424
vn -0.641 -0.640 -0.424
vn -0.641 0.640 -0.424
vn -0.641 0.640 -0.424
vn 0.000 0.000 -1.000
vn 0.885 0.000 -0.466
vn 0.885 -0.000 -0.466
vn 0.885 0.000 -0.465
vn 0.885 0.000 -0.465
vn 0.000 0.885 -0.465
vn -0.000 0.885 -0.465
vn -0.885 0.000 -0.466
vn -0.885 -0.000 -0.466
vn -0.000 -0.885 -0.466
vn -0.000 -0.885 -0.465
vn 0.000 -0.792 0.610
vn 0.792 0.000 0.610
vn 0.000 0.792 0.610
vn -0.793 0.000 0.610
vn -0.792 0.000 0.610
vn 0.793 -0.000 0.610
vn 0.792 0.000 0.610
vn 0.792 0.000 0.610
vn -0.792 0.000 0.610
vn 0.707 0.000 0.707
vn 0.707 0.000 0.707
vn -0.707 0.000 0.707
vn -0.707 -0.000 0.707
vn -0.707 -0.000 0.707
vn -0.707 0.000 0.707
vn 0.708 0.000 0.707
vn 0.707 -0.000 0.707
vn -0.707 0.000 0.707
vn -0.804 0.297 0.514
vn 0.000 -0.400 0.917
vn -0.804 0.558 0.203
vn 0.000 0.283 0.959
vn -0.804 0.558 -0.203
vn 0.000 0.833 0.553
vn -0.804 0.297 -0.514
vn -0.804 -0.103 -0.585
vn -0.804 -0.455 -0.382
vn -0.804 -0.594 0.000
vn 0.000 -0.594 -0.804
vn -0.804 -0.455 0.382
vn -0.804 -0.103 0.585
vn 0.000 -0.895 0.445
vn -0.493 0.151 0.857
vn -0.493 0.435 0.753
vn -0.493 0.666 0.559
vn -0.493 0.666 0.559
vn -0.493 0.818 0.298
vn -0.493 0.870 0.000
vn -0.493 0.818 -0.298
vn -0.493 0.666 -0.559
vn -0.493 0.666 -0.559
vn -0.493 0.435 -0.753
vn -0.493 0.151 -0.857
vn -0.493 -0.151 -0.857
vn -0.493 -0.435 -0.753
vn -0.493 -0.666 -0.559
vn -0.493 -0.666 -0.559
vn -0.493 -0.818 -0.298
vn -0.493 -0.870 0.000
vn -0.493 -0.818 0.298
vn -0.493 -0.666 0.559
vn -0.493 -0.435 0.753
vn -0.493 -0.151 0.857
vn -0.493 -0.666 0.559
vn -0.000 0.283 -0.959
vn 0.000 -0.400 -0.917
vn 0.000 -0.895 -0.445
vn 0.000 -0.594 0.804
vn 0.000 0.062 0.998
vn 0.804 0.297 0.514
vn 0.804 0.558 0.203
vn 0.804 0.558 -0.203
vn 0.804 0.297 -0.514
vn -0.000 0.994 -0.112
vn 0.804 -0.103 -0.585
vn 0.804 -0.103 -0.585
vn -0.000 0.689 -0.725
vn -0.000 0.689 -0.725
vn 0.804 -0.455 -0.382
vn 0.000 0.062 -0.998
vn 0.804 -0.594 -0.000
vn 0.804 -0.455 0.382
vn 0.000 -0.972 -0.234
vn 0.804 -0.103 0.585
vn 0.493 0.151 0.857
vn 0.493 0.435 0.753
vn 0.493 0.435 0.753
vn 0.493 0.666 0.559
vn 0.493 0.666 0.559
vn 0.493 0.818 0.298
vn 0.493 0.870 0.000
vn 0.493 0.870 -0.000
vn 0.493 0.818 -0.298
vn 0.493 0.666 -0.559
vn 0.493 0.435 -0.753
vn 0.493 0.435 -0.753
vn 0.493 0.151 -0.857
vn 0.493 -0.151 -0.857
vn 0.493 -0.435 -0.753
vn 0.493 -0.435 -0.753
vn 0.493 -0.666 -0.559
vn 0.493 -0.818 -0.298
vn 0.493 -0.870 -0.000
vn 0.493 -0.818 0.298
vn 0.493 -0.666 0.559
vn 0.493 -0.435 0.753
vn 0.493 -0.151 0.857
vn 0.493 0.151 -0.857
vn 0.493 0.151 0.857
vn 0.493 -0.151 0.857
vn 0.493 -0.435 0.753
vn 0.493 -0.666 0.559
vn 0.493 -0.870 0.000
vn 0.493 -0.666 -0.559
vn 0.000 0.994 0.112
vn 0.000 0.833 -0.553
vn 0.000 -0.972 0.234
vn 0.000 0.689 0.725
vn 0.804 -0.103 0.585
vn 0.493 -0.666 -0.559
vn 0.493 -0.666 0.559
vn 0.493 0.666 -0.559
vn 0.000 0.062 0.998
vn -0.804 0.297 0.514
vn -0.804 -0.103 -0.585
vn -0.804 -0.103 0.585
vn -0.493 0.435 -0.753
vn -0.493 -0.435 -0.753
vn -0.493 -0.870 0.000
vn -0.493 0.151 -0.857
vn -0.493 0.666 -0.559
vn -0.493 0.870 0.000
vn -0.493 0.151 0.857
vn -0.804 0.297 -0.514
vn -0.493 -0.151 0.857
vn -0.493 -0.151 -0.857
vn -0.493 0.151 0.857
vn -0.493 -0.151 0.857
vn -0.000 0.283 -0.959
vn 0.804 0.558 0.203
vn 0.804 0.558 -0.203
vn 0.804 0.297 -0.514
vn 0.000 0.062 -0.998
vn 0.493 0.666 0.559
vn 0.493 0.151 0.857
vn -0.804 0.558 0.203
vn -0.804 0.558 -0.203
vn -0.493 0.151 -0.857
vn -0.493 -0.151 -0.857
vn -0.493 0.435 0.753
vn -0.493 -0.435 0.753
vn -0.493 -0.818 -0.298
vn 0.302 0.000 -0.953
vn -0.526 0.000 -0.851
vn -0.526 0.000 -0.850
vn -0.900 -0.000 0.436
vn 0.300 0.097 -0.949
vn 0.000 0.101 -0.995
vn -0.522 0.115 -0.845
vn -0.523 0.115 -0.845
vn -0.999 0.055 0.000
vn -0.899 0.050 0.436
vn 0.195 0.981 0.000
vn 0.158 0.853 -0.498
vn 0.171 0.970 -0.171
vn 0.000 0.834 -0.552
vn -0.159 0.953 -0.257
vn -0.208 0.956 -0.208
vn -0.197 0.980 0.000
vn -0.202 0.975 0.098
vn -0.190 0.980 0.057
vn 0.000 0.834 0.552
vn 0.552 0.834 0.000
vn -0.302 0.000 -0.953
vn 0.526 0.000 -0.851
vn 0.526 0.000 -0.850
vn 0.900 0.000 0.436
vn -0.300 0.097 -0.949
vn 0.522 0.115 -0.845
vn 0.523 0.115 -0.845
vn 0.999 0.055 0.000
vn 0.899 0.050 0.436
vn 0.899 0.050 0.436
vn -0.195 0.981 0.000
vn -0.171 0.970 -0.171
vn -0.158 0.853 -0.498
vn 0.208 0.956 -0.208
vn 0.159 0.953 -0.257
vn 0.197 0.980 0.000
vn 0.197 0.980 0.000
vn 0.190 0.980 0.057
vn 0.202 0.975 0.098
vn -0.552 0.834 0.000
vn 0.000 0.834 0.551
f 1/1/1 2/2/1 3/3/1
f 3/3/1 4/4/1 1/1/1
f 5/5/2 6/6/2 7/7/2
f 7/7/2 8/8/2 5/5/2
f 9/9/3 10/10/3 11/11/3
f 11/11/3 12/12/3 9/9/3
f 13/13/4 14/14/5 15/15/6
f 15/15/6 16/16/7 13/13/4
f 17/17/8 18/18/9 19/19/10
f 19/19/10 20/20/11 17/17/8
f 21/21/12 22/22/12 23/23/12
f 23/23/13 24/24/13 21/21/13
f 25/25/3 26/26/3 27/27/3
f 27/27/3 28/28/3 25/25/3
f 29/29/14 30/30/14 31/31/14
f 31/31/15 32/32/16 29/29/17
f 33/33/18 34/34/18 35/35/18
f 35/35/19 36/36/19 33/33/19
f 37/37/20 38/38/21 39/39/22
f 39/39/22 40/40/23 37/37/20
f 41/41/3 42/42/3 43/43/3
f 43/43/3 44/44/3 41/41/3
f 45/45/24 46/46/24 47/47/24
f 48/48/24 45/45/24 47/47/24
f 48/48/25 47/47/25 49/49/25
f 48/48/26 49/49/26 50/50/26
f 48/48/27 50/50/27 51/51/27
f 48/48/24 51/51/24 52/52/24
f 53/53/28 54/54/28 55/55/28
f 55/55/28 56/56/28 53/53/28
f 57/57/29 58/58/29 59/59/29
f 59/59/29 60/60/29 57/57/29
f 61/61/30 62/62/30 63/63/30
f 63/63/30 64/64/30 61/61/30
f 65/65/31 66/66/31 67/67/31
f 67/67/31 68/68/31 65/65/31
f 69/69/31 70/70/31 71/71/31
f 71/71/31 72/72/31 69/69/31
f 73/73/31 74/74/31 75/75/31
f 75/75/31 76/76/31 73/73/31
f 77/77/32 78/78/32 79/79/32
f 79/79/32 80/80/32 77/77/32
f 81/81/33 82/82/33 83/83/33
f 83/83/33 84/84/33 81/81/33
f 4/4/34 49/49/34 21/21/34
f 37/37/35 33/33/36 2/2/37
f 2/2/37 7/7/38 37/37/35
f 12/12/39 54/54/39 59/59/39
f 59/59/40 26/26/40 12/12/40
f 70/70/41 75/75/41 41/41/41
f 41/41/41 10/10/41 70/70/41
f 13/13/42 30/30/42 23/23/42
f 20/20/43 51/51/43 35/35/43
f 24/24/44 29/29/44 8/8/44
f 8/8/45 1/1/45 24/24/45
f 22/22/46 47/47/46 14/14/46
f 66/66/41 71/71/41 9/9/41
f 9/9/41 25/25/41 66/66/41
f 60/60/47 53/53/47 5/5/47
f 5/5/48 32/32/48 60/60/48
f 36/36/49 50/50/49 3/3/49
f 34/34/50 40/40/50 17/17/50
f 39/39/51 84/84/52 77/77/53
f 77/77/53 18/18/54 39/39/51
f 82/82/55 55/55/55 11/11/55
f 11/11/56 44/44/56 82/82/56
f 48/48/57 76/76/57 69/69/57
f 68/68/58 61/61/58 15/15/58
f 15/15/59 46/46/59 68/68/59
f 81/81/60 38/38/61 6/6/62
f 6/6/63 56/56/63 81/81/63
f 58/58/64 63/63/64 27/27/64
f 64/64/65 57/57/65 31/31/65
f 31/31/66 16/16/66 64/64/66
f 62/62/67 67/67/67 28/28/67
f 72/72/57 65/65/57 45/45/57
f 74/74/68 79/79/68 42/42/68
f 73/73/69 52/52/69 19/19/69
f 19/19/70 80/80/70 73/73/70
f 78/78/71 83/83/71 43/43/71
f 2/2/72 1/1/72 8/8/72
f 8/8/72 7/7/72 2/2/72
f 4/4/73 3/3/73 50/50/73
f 50/50/73 49/49/73 4/4/73
f 10/10/41 9/9/41 71/71/41
f 71/71/41 70/70/41 10/10/41
f 12/12/74 11/11/74 55/55/74
f 55/55/74 54/54/74 12/12/74
f 14/14/75 13/13/76 23/23/77
f 23/23/77 22/22/78 14/14/75
f 15/15/79 14/14/79 47/47/79
f 47/47/80 46/46/80 15/15/80
f 13/13/81 16/16/81 31/31/81
f 31/31/82 30/30/82 13/13/82
f 18/18/83 17/17/83 40/40/83
f 40/40/84 39/39/84 18/18/84
f 20/20/85 19/19/86 52/52/87
f 52/52/87 51/51/88 20/20/85
f 17/17/89 20/20/90 35/35/91
f 35/35/91 34/34/92 17/17/89
f 21/21/93 24/24/93 1/1/94
f 1/1/94 4/4/95 21/21/93
f 22/22/96 21/21/96 49/49/96
f 49/49/97 47/47/97 22/22/97
f 26/26/3 25/25/3 9/9/3
f 9/9/3 12/12/3 26/26/3
f 27/27/98 26/26/99 59/59/100
f 59/59/100 58/58/98 27/27/98
f 28/28/101 27/27/101 63/63/101
f 63/63/101 62/62/101 28/28/101
f 25/25/41 28/28/41 67/67/41
f 67/67/41 66/66/41 25/25/41
f 29/29/102 32/32/102 5/5/102
f 5/5/103 8/8/103 29/29/103
f 30/30/104 29/29/105 24/24/104
f 24/24/106 23/23/106 30/30/106
f 33/33/107 36/36/108 3/3/108
f 3/3/108 2/2/107 33/33/107
f 34/34/109 33/33/110 37/37/111
f 37/37/111 40/40/112 34/34/109
f 38/38/113 37/37/113 7/7/113
f 7/7/114 6/6/62 38/38/61
f 41/41/3 44/44/3 11/11/3
f 11/11/3 10/10/3 41/41/3
f 42/42/41 41/41/41 75/75/41
f 75/75/41 74/74/41 42/42/41
f 43/43/115 42/42/115 79/79/115
f 79/79/115 78/78/115 43/43/115
f 44/44/116 43/43/117 83/83/117
f 83/83/117 82/82/116 44/44/116
f 51/51/118 50/50/118 36/36/118
f 36/36/119 35/35/119 51/51/119
f 53/53/120 56/56/120 6/6/120
f 6/6/120 5/5/120 53/53/120
f 54/54/121 53/53/121 60/60/121
f 60/60/121 59/59/121 54/54/121
f 57/57/122 60/60/123 32/32/16
f 32/32/16 31/31/15 57/57/122
f 58/58/124 57/57/124 64/64/124
f 64/64/124 63/63/124 58/58/124
f 61/61/125 64/64/126 16/16/127
f 16/16/127 15/15/128 61/61/125
f 62/62/129 61/61/129 68/68/129
f 68/68/129 67/67/129 62/62/129
f 65/65/57 68/68/57 46/46/57
f 46/46/57 45/45/57 65/65/57
f 66/66/31 65/65/31 72/72/31
f 72/72/31 71/71/31 66/66/31
f 69/69/57 72/72/57 45/45/57
f 45/45/57 48/48/57 69/69/57
f 70/70/31 69/69/31 76/76/31
f 76/76/31 75/75/31 70/70/31
f 73/73/57 76/76/57 48/48/57
f 48/48/57 52/52/57 73/73/57
f 74/74/130 73/73/130 80/80/130
f 80/80/130 79/79/130 74/74/130
f 77/77/131 80/80/132 19/19/132
f 19/19/132 18/18/131 77/77/131
f 78/78/133 77/77/133 84/84/133
f 84/84/133 83/83/133 78/78/133
f 81/81/134 84/84/135 39/39/22
f 39/39/22 38/38/21 81/81/134
f 82/82/136 81/81/136 56/56/136
f 56/56/136 55/55/136 82/82/136
f 85/85/3 86/86/3 87/87/3
f 87/87/3 88/88/3 85/85/3
f 89/89/137 90/90/137 91/91/137
f 91/91/137 92/92/137 89/89/137
f 93/93/138 94/94/138 95/95/138
f 95/95/138 96/96/138 93/93/138
f 97/97/139 98/98/139 99/99/139
f 99/99/139 100/100/139 97/97/139
f 86/86/140 85/85/140 92/92/140
f 92/92/140 91/91/140 86/86/140
f 88/88/141 87/87/141 98/98/141
f 98/98/141 97/97/141 88/88/141
f 90/90/142 89/89/142 96/101/142
f 96/101/142 95/102/142 90/90/142
f 94/94/143 93/93/143 100/103/143
f 100/103/143 99/104/143 94/94/143
f 98/98/144 87/87/144 101/105/144
f 101/105/144 102/106/144 98/98/144
f 87/87/145 86/86/145 103/107/145
f 103/107/145 101/105/145 87/87/145
f 86/86/140 91/91/140 104/108/140
f 104/108/146 103/107/146 86/86/146
f 105/109/137 106/110/137 107/111/137
f 107/111/137 108/112/137 105/109/137
f 90/90/147 95/102/147 109/113/147
f 109/113/148 110/114/148 90/90/148
f 95/102/149 94/115/149 111/116/149
f 111/116/149 109/113/149 95/102/149
f 94/115/150 99/99/150 112/117/150
f 112/117/150 111/116/151 94/115/150
f 99/99/152 98/98/152 102/106/152
f 99/99/152 102/106/152 113/118/152
f 99/99/152 113/118/152 114/119/152
f 99/99/152 114/119/152 112/117/152
f 115/120/31 116/121/31 117/122/31
f 117/122/31 118/123/31 119/124/31
f 115/120/31 117/122/31 119/124/31
f 120/125/31 115/120/31 119/124/31
f 121/126/31 122/127/31 123/128/31
f 123/128/31 124/129/153 125/130/31
f 121/126/31 123/128/31 125/130/31
f 126/131/31 121/126/31 125/130/31
f 114/119/31 113/118/31 127/132/31
f 127/132/31 128/133/31 114/119/31
f 110/114/148 109/113/148 129/134/148
f 129/134/148 130/135/148 110/114/148
f 109/113/138 111/116/138 131/136/138
f 131/136/138 129/134/138 109/113/138
f 111/116/143 112/117/143 132/137/143
f 132/137/143 131/136/143 111/116/143
f 112/117/139 114/119/139 133/138/139
f 133/138/139 132/137/139 112/117/139
f 114/119/3 128/133/3 134/139/3
f 134/139/3 133/138/3 114/119/3
f 128/133/137 110/114/137 130/135/137
f 130/135/137 134/139/137 128/133/137
f 102/106/141 101/105/141 135/140/141
f 135/140/141 136/141/141 102/106/141
f 101/105/3 103/107/3 137/142/3
f 137/142/3 135/140/3 101/105/3
f 103/107/154 104/108/154 138/143/154
f 138/143/154 137/142/154 103/107/154
f 104/108/137 127/132/137 139/144/137
f 139/144/137 138/143/137 104/108/137
f 127/132/138 113/118/138 140/145/138
f 140/145/138 139/144/138 127/132/138
f 113/118/139 102/106/139 136/141/139
f 136/141/139 140/145/139 113/118/139
f 130/135/155 129/134/155 116/121/155
f 116/121/155 115/120/155 130/135/155
f 129/134/156 131/136/156 117/122/156
f 117/122/156 116/121/156 129/134/156
f 131/136/157 132/137/158 118/123/159
f 118/123/159 117/122/157 131/136/157
f 132/137/160 133/138/160 119/124/160
f 119/124/160 118/123/161 132/137/160
f 133/138/162 134/139/162 120/125/162
f 120/125/162 119/124/162 133/138/162
f 134/139/163 130/135/163 115/120/163
f 115/120/163 120/125/164 134/139/163
f 136/141/165 135/140/166 122/127/166
f 122/127/166 121/126/167 136/141/165
f 135/140/162 137/142/162 123/128/162
f 123/128/162 122/127/162 135/140/162
f 137/142/168 138/143/169 124/129/169
f 124/129/169 123/128/170 137/142/168
f 138/143/171 139/144/164 125/130/164
f 125/130/164 124/129/171 138/143/171
f 139/144/156 140/145/156 126/131/156
f 126/131/156 125/130/156 139/144/156
f 140/145/160 136/141/160 121/126/160
f 121/126/160 126/131/161 140/145/160
f 91/91/28 90/90/28 141/146/28
f 141/146/28 142/147/28 91/91/28
f 90/90/138 110/114/138 143/148/138
f 143/148/138 141/146/138 90/90/138
f 144/149/172 145/150/31 146/151/31
f 147/152/31 144/149/172 146/151/31
f 148/153/31 147/152/31 146/151/31
f 148/153/31 146/151/31 149/154/31
f 104/108/3 91/91/3 142/147/3
f 142/147/3 150/155/3 104/108/3
f 142/147/28 141/146/28 151/156/28
f 151/156/28 152/157/28 142/147/28
f 141/146/173 143/148/173 153/158/173
f 153/158/173 151/156/173 141/146/173
f 149/154/31 146/151/31 154/159/31
f 154/159/31 155/160/31 149/154/31
f 150/155/174 142/147/174 152/157/174
f 152/157/174 156/161/174 150/155/174
f 151/156/28 157/162/28 105/109/28
f 151/156/28 105/109/28 108/112/28
f 152/157/28 151/156/28 108/112/28
f 153/158/138 158/163/138 157/162/138
f 157/162/138 151/156/138 153/158/138
f 154/159/31 159/164/31 160/165/31
f 154/159/31 160/165/31 161/166/31
f 155/160/31 154/159/31 161/166/31
f 156/161/3 152/157/3 108/112/3
f 108/112/3 107/111/3 156/161/3
f 106/110/175 105/109/175 157/162/175
f 157/162/175 158/163/175 106/110/175
f 107/111/176 106/110/177 160/165/177
f 160/165/177 159/164/176 107/111/176
f 106/110/178 158/163/179 161/166/179
f 161/166/179 160/165/180 106/110/178
f 158/163/181 153/158/182 155/160/182
f 155/160/182 161/166/181 158/163/181
f 153/158/183 143/148/183 149/154/183
f 149/154/183 155/160/183 153/158/183
f 143/148/182 110/114/182 148/153/182
f 148/153/182 149/154/181 143/148/182
f 110/114/184 128/133/185 147/152/185
f 147/152/185 148/153/186 110/114/184
f 128/133/185 127/132/184 144/149/184
f 144/149/184 147/152/185 128/133/185
f 127/132/184 104/108/184 145/150/184
f 145/150/184 144/149/184 127/132/184
f 104/108/187 150/155/188 146/151/187
f 146/151/187 145/150/189 104/108/187
f 150/155/190 156/161/191 154/159/191
f 154/159/191 146/151/192 150/155/190
f 156/161/188 107/111/187 159/164/187
f 159/164/187 154/159/188 156/161/188
f 88/167/193 97/168/28 162/169/28
f 162/169/28 163/170/193 88/167/193
f 97/168/28 100/103/28 164/171/28
f 164/171/28 162/169/28 97/168/28
f 100/103/28 93/93/28 165/172/28
f 165/172/28 164/171/28 100/103/28
f 93/93/28 96/96/28 166/173/28
f 166/173/28 165/172/28 93/93/28
f 96/96/28 89/174/28 167/175/28
f 167/175/28 166/173/28 96/96/28
f 89/174/28 92/176/28 168/177/28
f 168/177/28 167/175/28 89/174/28
f 92/176/28 85/178/28 169/179/28
f 169/179/28 168/177/28 92/176/28
f 85/178/28 88/167/193 163/170/193
f 163/170/193 169/179/28 85/178/28
f 170/180/137 171/181/137 172/182/137
f 172/182/137 173/183/137 170/180/137
f 174/184/139 175/185/139 176/186/139
f 176/186/139 177/187/139 174/184/139
f 170/180/3 173/183/3 178/188/3
f 178/188/3 179/189/3 170/180/3
f 173/183/31 172/182/31 180/190/31
f 180/190/31 178/191/31 173/183/31
f 172/182/138 171/181/138 181/192/138
f 181/192/138 180/193/138 172/182/138
f 171/181/28 170/180/28 179/194/28
f 179/194/28 181/195/28 171/181/28
f 179/194/194 178/191/194 182/196/194
f 182/196/194 183/197/194 179/194/194
f 178/191/195 180/190/195 184/198/195
f 184/198/195 182/196/195 178/191/195
f 180/190/196 181/195/196 185/199/196
f 185/199/196 184/198/196 180/190/196
f 181/195/197 179/194/197 183/197/197
f 183/197/197 185/199/197 181/195/197
f 183/197/198 182/196/198 186/200/198
f 186/200/198 187/201/198 183/197/198
f 182/196/199 184/198/200 188/202/201
f 188/202/201 186/200/202 182/196/199
f 184/198/203 185/199/203 189/203/203
f 189/203/203 188/202/203 184/198/203
f 185/199/204 183/197/204 187/201/204
f 187/201/204 189/203/204 185/199/204
f 187/201/138 186/200/138 175/185/138
f 175/185/138 174/184/138 187/201/138
f 186/200/28 188/202/28 176/186/28
f 176/186/28 175/185/28 186/200/28
f 188/202/3 189/203/3 177/187/3
f 177/187/3 176/186/3 188/202/3
f 189/203/31 187/201/31 174/184/31
f 174/184/31 177/187/31 189/203/31
f 190/204/137 191/205/137 192/206/137
f 192/206/137 193/207/137 190/204/137
f 194/208/139 195/209/139 196/210/139
f 196/210/139 197/211/139 194/208/139
f 190/212/3 193/213/3 198/214/3
f 198/214/3 199/215/3 190/212/3
f 193/213/31 192/216/31 200/217/31
f 200/217/31 198/214/31 193/213/31
f 192/206/138 191/205/138 201/218/138
f 201/218/138 200/217/138 192/206/138
f 191/205/28 190/204/28 199/219/28
f 199/219/28 201/220/28 191/205/28
f 199/219/194 198/221/194 202/222/194
f 202/222/194 203/223/194 199/219/194
f 198/221/195 200/224/195 204/225/195
f 204/225/195 202/222/195 198/221/195
f 200/224/196 201/220/196 205/226/196
f 205/226/196 204/225/196 200/224/196
f 201/220/197 199/219/197 203/223/197
f 203/223/197 205/226/197 201/220/197
f 203/223/198 202/222/198 206/227/198
f 206/227/198 207/228/198 203/223/198
f 202/222/199 204/225/199 208/229/201
f 208/229/201 206/227/200 202/222/199
f 204/225/203 205/226/203 209/230/203
f 209/230/203 208/229/203 204/225/203
f 205/226/204 203/223/205 207/228/205
f 207/228/205 209/230/204 205/226/204
f 207/228/138 206/227/138 195/209/138
f 195/209/138 194/208/138 207/228/138
f 206/227/28 208/229/28 196/210/28
f 196/210/28 195/209/28 206/227/28
f 208/229/3 209/230/3 197/211/3
f 197/211/3 196/210/3 208/229/3
f 209/230/31 207/228/31 194/208/31
f 194/208/31 197/211/31 209/230/31
f 210/231/3 211/232/3 212/233/3
f 212/233/3 213/234/3 210/231/3
f 214/235/139 215/236/139 216/237/139
f 216/237/139 217/238/139 214/235/139
f 218/239/138 219/240/138 220/241/138
f 220/241/138 221/242/138 218/239/138
f 222/243/137 223/244/137 224/245/137
f 224/245/137 225/246/137 222/243/137
f 213/234/206 216/237/206 215/236/206
f 215/236/206 210/231/206 213/234/206
f 211/232/207 222/243/207 225/246/207
f 225/246/207 212/233/207 211/232/207
f 217/238/208 220/241/208 219/240/208
f 219/240/208 214/235/208 217/238/208
f 221/242/209 224/245/209 223/244/209
f 223/244/209 218/239/209 221/242/209
f 225/246/210 226/247/210 227/248/210
f 227/248/210 212/233/210 225/246/210
f 212/233/145 227/248/145 228/249/145
f 228/249/145 213/234/145 212/233/145
f 213/234/211 228/249/211 229/250/211
f 229/250/206 216/237/206 213/234/206
f 230/251/139 231/252/139 232/253/139
f 232/253/139 233/254/139 230/251/139
f 217/238/212 234/255/212 235/256/212
f 235/256/213 220/241/213 217/238/213
f 220/241/149 235/256/149 236/257/149
f 236/257/149 221/242/149 220/241/149
f 221/242/214 236/257/214 237/258/214
f 237/258/214 224/245/214 221/242/214
f 224/245/215 237/258/215 238/259/215
f 224/245/215 238/259/215 239/260/215
f 224/245/215 239/260/215 226/247/215
f 224/245/215 226/247/215 225/246/215
f 240/261/31 241/262/31 242/263/31
f 242/263/31 243/264/31 244/265/31
f 240/261/31 242/263/31 244/265/31
f 245/266/31 240/261/31 244/265/31
f 246/267/31 247/268/31 248/269/31
f 248/269/31 249/270/31 250/271/31
f 246/267/31 248/269/31 250/271/31
f 251/272/31 246/267/31 250/271/31
f 238/259/31 252/273/31 253/274/31
f 253/274/31 239/260/31 238/259/31
f 234/255/212 254/275/216 255/276/212
f 255/276/212 235/256/212 234/255/212
f 235/256/138 255/276/138 256/277/138
f 256/277/138 236/257/138 235/256/138
f 236/257/209 256/277/209 257/278/209
f 257/278/209 237/258/209 236/257/209
f 237/258/137 257/278/137 258/279/137
f 258/279/137 238/259/137 237/258/137
f 238/259/3 258/279/3 259/280/3
f 259/280/3 252/273/3 238/259/3
f 252/273/139 259/280/139 254/275/139
f 254/275/139 234/255/139 252/273/139
f 226/247/207 260/281/207 261/282/207
f 261/282/207 227/248/207 226/247/207
f 227/248/3 261/282/3 262/283/3
f 262/283/3 228/249/3 227/248/3
f 228/249/217 262/283/217 263/284/217
f 263/284/217 229/250/218 228/249/217
f 229/250/139 263/284/139 264/285/139
f 264/285/139 253/274/139 229/250/139
f 253/274/138 264/285/138 265/286/138
f 265/286/138 239/260/138 253/274/138
f 239/260/137 265/286/137 260/281/137
f 260/281/137 226/247/137 239/260/137
f 254/275/219 244/265/220 243/264/221
f 243/264/221 255/276/221 254/275/219
f 255/276/156 243/264/156 242/263/156
f 242/263/156 256/277/156 255/276/156
f 256/277/222 242/263/222 241/262/223
f 241/262/223 257/278/223 256/277/222
f 257/278/163 241/262/224 240/261/163
f 240/261/163 258/279/171 257/278/163
f 258/279/162 240/261/162 245/266/162
f 245/266/162 259/280/162 258/279/162
f 259/280/160 245/266/225 244/265/160
f 244/265/160 254/275/161 259/280/160
f 260/281/226 250/271/227 249/270/228
f 249/270/228 261/282/228 260/281/226
f 261/282/162 249/270/162 248/269/162
f 248/269/162 262/283/162 261/282/162
f 262/283/229 248/269/230 247/268/231
f 247/268/231 263/284/232 262/283/229
f 263/284/160 247/268/160 246/267/161
f 246/267/161 264/285/161 263/284/160
f 264/285/156 246/267/156 251/272/156
f 251/272/156 265/286/156 264/285/156
f 265/286/163 251/272/233 250/271/164
f 250/271/164 260/281/171 265/286/163
f 216/237/28 266/287/28 267/288/28
f 267/288/28 217/238/28 216/237/28
f 217/238/138 267/288/138 268/289/138
f 268/289/138 234/255/138 217/238/138
f 269/290/31 270/291/31 271/292/31
f 271/292/31 272/293/31 273/294/153
f 271/292/31 273/294/153 274/295/31
f 269/290/31 271/292/31 274/295/31
f 229/250/3 275/296/3 266/287/3
f 266/287/3 216/237/3 229/250/3
f 266/287/28 276/297/28 277/298/28
f 277/298/28 267/288/28 266/287/28
f 267/288/234 277/298/234 278/299/234
f 278/299/234 268/289/234 267/288/234
f 270/291/31 279/300/31 280/301/31
f 280/301/31 271/292/31 270/291/31
f 275/296/235 281/302/236 276/297/236
f 276/297/236 266/287/235 275/296/235
f 230/251/28 282/303/28 277/298/28
f 231/252/28 230/251/28 277/298/28
f 276/297/28 231/252/28 277/298/28
f 278/299/138 277/298/138 282/303/138
f 282/303/138 283/304/138 278/299/138
f 284/305/31 285/306/31 280/301/31
f 286/307/31 284/305/31 280/301/31
f 279/300/31 286/307/31 280/301/31
f 281/302/3 232/253/3 231/252/3
f 231/252/3 276/297/3 281/302/3
f 233/254/237 283/304/237 282/303/237
f 282/303/237 230/251/237 233/254/237
f 232/253/238 285/306/239 284/305/240
f 284/305/240 233/254/240 232/253/238
f 233/254/241 284/305/241 286/307/242
f 286/307/242 283/304/243 233/254/241
f 283/304/181 286/307/181 279/300/182
f 279/300/182 278/299/182 283/304/181
f 278/299/244 279/300/245 270/291/246
f 270/291/246 268/289/246 278/299/244
f 268/289/182 270/291/182 269/290/182
f 269/290/182 234/255/182 268/289/182
f 234/255/247 269/290/248 274/295/249
f 274/295/249 252/273/249 234/255/247
f 252/273/249 274/295/249 273/294/247
f 273/294/247 253/274/247 252/273/249
f 253/274/247 273/294/247 272/293/247
f 272/293/247 229/250/248 253/274/247
f 229/250/187 272/293/188 271/292/187
f 271/292/187 275/296/189 229/250/187
f 275/296/250 271/292/250 280/301/251
f 280/301/251 281/302/251 275/296/250
f 281/302/187 280/301/187 285/306/187
f 285/306/187 232/253/187 281/302/187
f 211/232/28 287/308/28 288/309/28
f 288/309/28 222/243/28 211/232/28
f 222/243/28 288/309/28 289/310/252
f 289/310/252 223/244/252 222/243/28
f 223/244/252 289/310/252 290/311/28
f 290/311/28 218/239/28 223/244/252
f 218/239/28 290/311/28 291/312/28
f 291/312/28 219/240/28 218/239/28
f 219/240/28 291/312/28 292/313/193
f 292/313/193 214/235/28 219/240/28
f 214/235/28 292/313/193 293/314/28
f 293/314/28 215/236/28 214/235/28
f 215/236/28 293/314/28 294/315/28
f 294/315/28 210/231/28 215/236/28
f 210/231/28 294/315/28 287/308/28
f 287/308/28 211/232/28 210/231/28
f 295/316/139 296/317/139 297/318/139
f 297/318/139 298/319/139 295/316/139
f 299/320/137 300/321/137 301/322/137
f 301/322/137 302/323/137 299/320/137
f 295/316/3 303/324/3 304/325/3
f 304/325/3 296/317/3 295/316/3
f 296/317/31 304/326/31 305/327/31
f 305/327/31 297/318/31 296/317/31
f 297/318/138 305/328/138 306/329/138
f 306/329/138 298/319/138 297/318/138
f 298/319/28 306/330/28 303/331/28
f 303/331/28 295/316/28 298/319/28
f 303/331/253 307/332/253 308/333/253
f 308/333/253 304/326/253 303/331/253
f 304/326/254 308/333/254 309/334/254
f 309/334/254 305/327/254 304/326/254
f 305/327/255 309/334/255 310/335/255
f 310/335/255 306/330/255 305/327/255
f 306/330/256 310/335/256 307/332/256
f 307/332/256 303/331/256 306/330/256
f 307/332/257 311/336/257 312/337/258
f 312/337/258 308/333/258 307/332/257
f 308/333/259 312/337/259 313/338/259
f 313/338/259 309/334/259 308/333/259
f 309/334/260 313/338/260 314/339/261
f 314/339/261 310/335/261 309/334/260
f 310/335/262 314/339/262 311/336/262
f 311/336/262 307/332/262 310/335/262
f 311/336/138 299/320/138 302/323/138
f 302/323/138 312/337/138 311/336/138
f 312/337/28 302/323/28 301/322/28
f 301/322/28 313/338/28 312/337/28
f 313/338/3 301/322/3 300/321/3
f 300/321/3 314/339/3 313/338/3
f 314/339/153 300/321/31 299/320/153
f 299/320/153 311/336/263 314/339/153
f 315/340/139 316/341/139 317/342/139
f 317/342/139 318/343/139 315/340/139
f 319/344/137 320/345/137 321/346/137
f 321/346/137 322/347/137 319/344/137
f 315/340/3 323/348/3 324/349/3
f 324/349/3 316/341/3 315/340/3
f 316/341/31 324/350/31 325/351/31
f 325/351/31 317/342/31 316/341/31
f 317/342/138 325/352/138 326/353/138
f 326/353/138 318/343/138 317/342/138
f 318/354/28 326/353/28 323/348/28
f 323/348/28 315/355/28 318/354/28
f 323/356/253 327/357/253 328/358/253
f 328/358/253 324/350/253 323/356/253
f 324/350/254 328/358/254 329/359/254
f 329/359/254 325/351/254 324/350/254
f 325/351/255 329/359/255 330/360/255
f 330/360/255 326/361/255 325/351/255
f 326/361/256 330/360/256 327/357/264
f 327/357/264 323/356/264 326/361/256
f 327/357/257 331/362/257 332/363/258
f 332/363/258 328/358/258 327/357/257
f 328/358/259 332/363/265 333/364/259
f 333/364/259 329/359/259 328/358/259
f 329/359/266 333/364/260 334/365/261
f 334/365/261 330/360/261 329/359/266
f 330/360/262 334/365/267 331/362/262
f 331/362/262 327/357/262 330/360/262
f 331/362/138 319/344/138 322/347/138
f 322/347/138 332/363/138 331/362/138
f 332/363/28 322/347/28 321/346/28
f 321/346/28 333/364/28 332/363/28
f 333/364/3 321/346/3 320/345/3
f 320/345/3 334/365/3 333/364/3
f 334/365/31 320/345/31 319/344/31
f 319/344/31 331/362/31 334/365/31
f 335/366/268 336/367/268 337/368/268
f 337/368/268 338/369/268 335/366/268
f 339/370/269 340/371/269 336/367/269
f 336/367/269 335/366/269 339/370/269
f 341/372/270 342/373/270 340/371/270
f 340/371/270 339/370/270 341/372/270
f 338/369/271 337/368/271 342/373/271
f 342/373/271 341/372/271 338/369/271
f 340/371/272 342/373/272 337/368/272
f 337/368/272 336/367/273 340/371/272
f 338/369/274 341/372/274 339/370/274
f 339/370/274 335/366/274 338/369/274
f 343/374/275 344/375/276 345/376/276
f 345/376/276 346/377/275 343/374/275
f 347/378/277 348/379/278 344/375/278
f 344/375/278 343/374/277 347/378/277
f 349/380/279 350/381/280 348/379/280
f 348/379/280 347/378/279 349/380/279
f 346/377/281 345/376/282 350/381/283
f 350/381/283 349/380/281 346/377/281
f 348/379/284 350/381/284 345/376/284
f 345/376/284 344/375/284 348/379/284
f 346/377/285 349/380/285 347/378/285
f 347/378/285 343/374/286 346/377/285
f 351/382/268 352/383/268 353/384/268
f 353/384/268 354/385/268 351/382/268
f 355/386/269 356/387/287 352/383/287
f 352/383/287 351/382/269 355/386/269
f 357/388/270 358/389/270 356/387/270
f 356/387/270 355/386/270 357/388/270
f 354/385/271 353/384/271 358/389/271
f 358/389/271 357/388/271 354/385/271
f 356/387/272 358/389/272 353/384/272
f 353/384/272 352/383/272 356/387/272
f 354/385/274 357/388/274 355/386/274
f 355/386/274 351/382/274 354/385/274
f 359/390/275 360/391/276 361/392/288
f 361/392/288 362/393/275 359/390/275
f 363/394/277 364/395/278 360/391/278
f 360/391/278 359/390/277 363/394/277
f 365/396/279 366/397/280 364/395/280
f 364/395/280 363/394/279 365/396/279
f 362/393/281 361/392/282 366/397/282
f 366/397/282 365/396/281 362/393/281
f 364/395/284 366/397/289 361/392/284
f 361/392/284 360/391/284 364/395/284
f 362/393/285 365/396/290 363/394/285
f 363/394/285 359/390/285 362/393/285
f 367/398/291 368/399/291 369/400/291
f 369/400/291 370/401/291 367/398/291
f 371/402/31 372/403/31 368/399/31
f 368/399/31 367/398/31 371/402/31
f 373/404/292 374/405/292 372/403/292
f 372/403/292 371/402/292 373/404/292
f 375/406/293 376/407/293 374/405/293
f 374/405/293 373/404/293 375/406/293
f 377/408/28 378/409/28 376/407/28
f 376/407/28 375/406/28 377/408/28
f 370/401/294 369/400/294 378/409/294
f 378/409/294 377/408/294 370/401/294
f 379/410/295 367/398/295 370/401/295
f 370/401/295 380/411/295 379/410/295
f 381/412/31 371/402/31 367/398/31
f 367/398/31 379/410/31 381/412/31
f 382/413/296 373/404/296 371/402/296
f 371/402/296 381/412/296 382/413/296
f 383/414/297 375/406/297 373/404/297
f 373/404/297 382/413/297 383/414/297
f 384/415/28 377/408/28 375/406/28
f 375/406/28 383/414/28 384/415/28
f 380/411/298 370/401/298 377/408/298
f 377/408/298 384/415/298 380/411/298
f 385/416/299 386/417/299 379/410/299
f 379/410/299 380/411/299 385/416/299
f 386/417/31 387/418/31 381/412/31
f 381/412/31 379/410/31 386/417/31
f 387/418/300 388/419/300 382/413/300
f 382/413/300 381/412/300 387/418/300
f 382/413/301 388/419/301 389/420/301
f 389/420/301 383/414/301 382/413/301
f 383/414/28 389/420/28 390/421/28
f 390/421/28 384/415/28 383/414/28
f 384/415/302 390/421/302 385/416/302
f 385/416/302 380/411/302 384/415/302
f 391/422/299 392/423/299 393/424/299
f 393/424/299 394/425/299 391/422/299
f 392/423/31 395/426/31 396/427/31
f 396/427/31 393/424/31 392/423/31
f 395/426/300 397/428/300 398/429/300
f 398/429/300 396/427/300 395/426/300
f 399/430/28 400/431/28 401/432/28
f 401/432/28 402/433/28 399/430/28
f 400/431/302 391/422/302 394/425/302
f 394/425/302 401/432/302 400/431/302
f 402/433/139 401/432/139 394/425/139
f 398/429/139 402/433/139 394/425/139
f 396/427/139 398/429/139 394/425/139
f 393/424/139 396/427/139 394/425/139
f 403/434/31 404/435/31 405/436/31
f 405/436/31 406/437/31 403/434/31
f 405/436/300 407/438/300 408/439/300
f 408/439/300 406/437/300 405/436/300
f 407/438/301 409/440/301 410/441/301
f 410/441/301 408/439/301 407/438/301
f 410/441/139 411/442/139 412/443/139
f 408/439/139 410/441/139 412/443/139
f 406/437/139 408/439/139 412/443/139
f 403/434/139 406/437/139 412/443/139
f 413/444/299 414/445/299 415/446/299
f 415/446/299 416/447/299 413/444/299
f 414/445/31 417/448/31 418/449/31
f 418/449/31 415/446/31 414/445/31
f 417/448/300 419/450/300 420/451/300
f 420/451/300 418/449/300 417/448/300
f 421/452/28 422/453/28 423/454/28
f 423/454/28 424/455/28 421/452/28
f 422/453/302 413/444/302 416/447/302
f 416/447/302 423/454/302 422/453/302
f 424/455/139 423/454/139 416/447/139
f 420/451/139 424/455/139 416/447/139
f 418/449/139 420/451/139 416/447/139
f 415/446/139 418/449/139 416/447/139
f 425/456/139 426/457/139 427/458/139
f 428/459/139 425/456/139 427/458/139
f 429/460/139 428/459/139 427/458/139
f 430/461/139 429/460/139 427/458/139
f 431/462/295 432/463/295 433/464/295
f 433/464/295 434/465/295 431/462/295
f 435/466/31 436/467/31 432/463/31
f 432/463/31 431/462/31 435/466/31
f 437/468/296 438/469/296 436/467/296
f 436/467/296 435/466/296 437/468/296
f 439/470/297 440/471/297 438/469/297
f 438/469/297 437/468/297 439/470/297
f 441/472/28 442/473/28 440/471/28
f 440/471/28 439/470/28 441/472/28
f 434/465/298 433/464/298 442/473/298
f 442/473/298 441/472/298 434/465/298
f 440/471/138 442/473/138 433/464/138
f 438/469/138 440/471/138 433/464/138
f 436/467/138 438/469/138 433/464/138
f 432/463/138 436/467/138 433/464/138
f 435/466/3 431/462/3 434/465/3
f 434/465/3 441/472/3 439/470/3
f 434/465/3 439/470/3 437/468/3
f 435/466/3 434/465/3 437/468/3
f 368/399/300 443/474/300 444/475/300
f 444/475/300 369/400/300 368/399/300
f 372/403/31 445/476/31 443/474/31
f 443/474/31 368/399/31 372/403/31
f 376/407/28 378/409/28 446/477/28
f 446/477/28 447/478/28 376/407/28
f 378/409/301 369/400/301 444/475/301
f 444/475/301 446/477/301 378/409/301
f 448/479/303 449/480/303 444/475/303
f 444/475/303 443/474/303 448/479/303
f 450/481/31 448/479/31 443/474/31
f 443/474/31 445/476/31 450/481/31
f 451/482/304 450/481/304 445/476/304
f 445/476/304 452/483/304 451/482/304
f 453/484/305 451/482/305 452/483/305
f 452/483/305 447/478/305 453/484/305
f 454/485/28 453/484/28 447/478/28
f 447/478/28 446/477/28 454/485/28
f 449/480/306 454/485/306 446/477/306
f 446/477/306 444/475/306 449/480/306
f 386/417/296 385/416/296 449/480/296
f 449/480/296 448/479/296 386/417/296
f 387/418/31 386/417/31 448/479/31
f 448/479/31 450/481/31 387/418/31
f 388/419/295 387/418/295 450/481/295
f 450/481/295 451/482/295 388/419/295
f 389/420/298 388/419/298 451/482/298
f 451/482/298 453/484/298 389/420/298
f 390/421/28 389/420/28 453/484/28
f 453/484/28 454/485/28 390/421/28
f 385/416/297 390/421/297 454/485/297
f 454/485/297 449/480/297 385/416/297
f 399/430/301 402/433/301 398/429/301
f 398/429/301 397/428/301 399/430/301
f 391/422/137 400/431/137 399/430/137
f 391/422/137 399/430/137 397/428/137
f 391/422/137 397/428/137 395/426/137
f 392/423/137 391/422/137 395/426/137
f 404/435/299 403/434/299 412/443/299
f 412/443/299 455/486/299 404/435/299
f 456/487/28 411/442/28 410/441/28
f 410/441/28 409/440/28 456/487/28
f 456/487/302 455/486/302 412/443/302
f 412/443/302 411/442/302 456/487/302
f 455/486/137 456/487/137 409/440/137
f 455/486/137 409/440/137 407/438/137
f 455/486/137 407/438/137 405/436/137
f 404/435/137 455/486/137 405/436/137
f 421/452/301 424/455/301 420/451/301
f 420/451/301 419/450/301 421/452/301
f 413/444/137 422/453/137 421/452/137
f 413/444/137 421/452/137 419/450/137
f 413/444/137 419/450/137 417/448/137
f 414/445/137 413/444/137 417/448/137
f 457/488/299 430/461/299 427/458/299
f 427/458/299 458/489/299 457/488/299
f 459/490/31 429/460/31 430/461/31
f 430/461/31 457/488/31 459/490/31
f 460/491/300 428/459/300 429/460/300
f 429/460/300 459/490/300 460/491/300
f 461/492/301 425/456/301 428/459/301
f 428/459/301 460/491/301 461/492/301
f 462/493/28 426/457/28 425/456/28
f 425/456/28 461/492/28 462/493/28
f 458/489/302 427/458/302 426/457/302
f 426/457/302 462/493/302 458/489/302
f 458/489/137 462/493/137 461/492/137
f 458/489/137 461/492/137 460/491/137
f 458/489/137 460/491/137 459/490/137
f 457/488/137 458/489/137 459/490/137
f 463/494/296 464/495/296 465/496/296
f 465/496/296 466/497/296 463/494/296
f 467/498/31 463/494/31 466/497/31
f 466/497/31 468/499/31 467/498/31
f 469/500/295 467/498/295 468/499/295
f 468/499/295 470/501/295 469/500/295
f 471/502/298 469/500/298 470/501/298
f 470/501/298 472/503/298 471/502/298
f 473/504/28 471/502/28 472/503/28
f 472/503/28 474/505/28 473/504/28
f 464/495/297 473/504/297 474/505/297
f 474/505/297 465/496/297 464/495/297
f 465/496/138 474/505/138 472/503/138
f 465/496/138 472/503/138 470/501/138
f 465/496/138 470/501/138 468/499/138
f 466/497/138 465/496/138 468/499/138
f 471/502/3 473/504/3 464/495/3
f 469/500/3 471/502/3 464/495/3
f 467/498/3 469/500/3 464/495/3
f 467/498/3 464/495/3 463/494/3
f 372/403/299 374/405/299 452/483/299
f 452/483/299 445/476/299 372/403/299
f 374/405/302 376/407/302 447/478/302
f 447/478/302 452/483/302 374/405/302
f 475/506/138 476/507/138 477/508/138
f 477/508/138 478/509/138 475/506/138
f 479/510/139 480/511/139 481/512/139
f 481/512/139 482/513/139 479/510/139
f 483/514/3 484/515/3 485/516/3
f 485/516/3 486/517/3 483/514/3
f 487/518/137 488/519/137 489/520/137
f 489/520/137 490/521/137 487/518/137
f 491/522/307 492/523/307 486/517/307
f 486/517/307 485/516/307 491/522/307
f 483/514/31 493/524/31 494/525/31
f 494/525/31 484/515/31 483/514/31
f 495/526/139 496/527/139 480/511/139
f 480/511/139 479/510/139 495/526/139
f 497/528/137 498/529/137 488/519/137
f 488/519/137 487/518/137 497/528/137
f 478/509/308 477/508/308 492/523/308
f 492/523/308 491/522/308 478/509/308
f 476/507/309 475/506/309 494/525/309
f 494/525/309 493/524/309 476/507/309
f 482/513/310 481/512/310 475/506/310
f 475/506/310 478/509/311 482/513/310
f 481/512/312 480/511/312 494/525/312
f 494/525/312 475/506/312 481/512/312
f 480/511/313 496/527/313 484/515/313
f 484/515/313 494/525/313 480/511/313
f 496/527/314 495/526/314 485/516/314
f 485/516/314 484/515/314 496/527/314
f 495/526/315 479/510/315 491/522/315
f 491/522/316 485/516/316 495/526/316
f 479/510/317 482/513/317 478/509/317
f 478/509/317 491/522/317 479/510/317
f 498/529/318 497/528/319 477/508/319
f 477/508/319 476/507/318 498/529/318
f 497/528/320 487/518/321 492/523/322
f 492/523/322 477/508/320 497/528/320
f 487/518/323 490/521/324 486/517/323
f 486/517/325 492/523/325 487/518/325
f 490/521/326 489/520/326 483/514/326
f 483/514/326 486/517/326 490/521/326
f 489/520/327 488/519/327 493/524/328
f 493/524/328 483/514/327 489/520/327
f 488/519/329 498/529/329 476/507/329
f 476/507/329 493/524/330 488/519/329
f 499/530/138 500/531/138 501/532/138
f 501/532/138 502/533/138 499/530/138
f 503/534/137 504/535/137 505/536/137
f 505/536/137 506/537/137 503/534/137
f 507/538/3 508/539/3 509/540/3
f 509/540/3 510/541/3 507/538/3
f 511/542/139 512/543/139 513/544/139
f 513/544/139 514/545/139 511/542/139
f 515/546/307 509/540/307 508/539/307
f 508/539/307 516/547/307 515/546/307
f 507/538/31 510/541/31 517/548/31
f 517/548/31 518/549/31 507/538/31
f 519/550/137 503/534/137 506/537/137
f 506/537/137 520/551/137 519/550/137
f 521/552/139 511/542/139 514/545/139
f 514/545/139 522/553/139 521/552/139
f 500/531/308 515/546/308 516/547/308
f 516/547/308 501/532/308 500/531/308
f 502/533/309 518/549/309 517/548/309
f 517/548/309 499/530/309 502/533/309
f 504/535/318 500/531/318 499/530/319
f 499/530/319 505/536/319 504/535/318
f 505/536/329 499/530/329 517/548/330
f 517/548/330 506/537/331 505/536/329
f 506/537/332 517/548/332 510/541/332
f 510/541/332 520/551/332 506/537/332
f 520/551/326 510/541/326 509/540/326
f 509/540/326 519/550/326 520/551/326
f 519/550/333 509/540/333 515/546/333
f 515/546/334 503/534/334 519/550/334
f 503/534/320 515/546/335 500/531/322
f 500/531/322 504/535/336 503/534/320
f 522/553/337 502/533/337 501/532/337
f 501/532/337 521/552/337 522/553/337
f 521/552/338 501/532/338 516/547/339
f 516/547/339 511/542/339 521/552/338
f 511/542/340 516/547/340 508/539/340
f 508/539/341 512/543/341 511/542/341
f 512/543/342 508/539/342 507/538/342
f 507/538/342 513/544/342 512/543/342
f 513/544/343 507/538/343 518/549/313
f 518/549/313 514/545/313 513/544/343
f 514/545/344 518/549/344 502/533/312
f 502/533/312 522/553/345 514/545/344
f 523/554/304 524/555/304 525/556/304
f 525/556/304 526/557/304 523/554/304
f 527/558/31 523/554/31 526/557/31
f 526/557/31 528/559/31 527/558/31
f 529/560/303 527/558/303 528/559/303
f 528/559/303 530/561/303 529/560/303
f 531/562/306 529/560/306 530/561/306
f 530/561/306 532/563/306 531/562/306
f 533/564/28 531/562/28 532/563/28
f 532/563/28 534/565/28 533/564/28
f 524/555/305 533/564/305 534/565/305
f 534/565/305 525/556/305 524/555/305
f 535/566/295 536/567/295 524/555/295
f 524/555/295 523/554/295 535/566/295
f 537/568/31 535/566/31 523/554/31
f 523/554/31 527/558/31 537/568/31
f 538/569/296 537/568/296 527/558/296
f 527/558/296 529/560/296 538/569/296
f 539/570/297 538/569/297 529/560/297
f 529/560/297 531/562/297 539/570/297
f 540/571/28 539/570/28 531/562/28
f 531/562/28 533/564/28 540/571/28
f 536/567/298 540/571/298 533/564/298
f 533/564/298 524/555/298 536/567/298
f 541/572/300 536/567/300 535/566/300
f 535/566/300 542/573/300 541/572/300
f 542/573/31 535/566/31 537/568/31
f 537/568/31 543/574/31 542/573/31
f 543/574/299 537/568/299 538/569/299
f 538/569/299 544/575/299 543/574/299
f 538/569/302 539/570/302 545/576/302
f 545/576/302 544/575/302 538/569/302
f 539/570/28 540/571/28 546/577/28
f 546/577/28 545/576/28 539/570/28
f 540/571/301 536/567/301 541/572/301
f 541/572/301 546/577/301 540/571/301
f 547/578/31 548/579/31 549/580/31
f 549/580/31 550/581/31 547/578/31
f 549/580/299 548/579/299 551/582/299
f 551/582/299 552/583/299 549/580/299
f 552/583/302 551/582/302 553/584/302
f 553/584/302 554/585/302 552/583/302
f 555/586/139 556/587/139 553/584/139
f 555/586/139 553/584/139 551/582/139
f 555/586/139 551/582/139 548/579/139
f 547/578/139 555/586/139 548/579/139
f 557/588/300 558/589/300 559/590/300
f 559/590/300 560/591/300 557/588/300
f 560/591/31 559/590/31 561/592/31
f 561/592/31 562/593/31 560/591/31
f 562/593/299 561/592/299 563/594/299
f 563/594/299 564/595/299 562/593/299
f 565/596/28 566/597/28 567/598/28
f 567/598/28 568/599/28 565/596/28
f 568/599/301 567/598/301 558/589/301
f 558/589/301 557/588/301 568/599/301
f 558/589/139 567/598/139 566/597/139
f 558/589/139 566/597/139 563/594/139
f 558/589/139 563/594/139 561/592/139
f 559/590/139 558/589/139 561/592/139
f 569/600/139 570/601/139 571/602/139
f 569/600/139 571/602/139 572/603/139
f 569/600/139 572/603/139 573/604/139
f 574/605/139 569/600/139 573/604/139
f 575/606/295 576/607/295 577/608/295
f 577/608/295 578/609/295 575/606/295
f 579/610/31 575/606/31 578/609/31
f 578/609/31 580/611/31 579/610/31
f 581/612/296 579/610/296 580/611/296
f 580/611/296 582/613/296 581/612/296
f 583/614/297 581/612/297 582/613/297
f 582/613/297 584/615/297 583/614/297
f 585/616/28 583/614/28 584/615/28
f 584/615/28 586/617/28 585/616/28
f 576/607/298 585/616/298 586/617/298
f 586/617/298 577/608/298 576/607/298
f 577/608/3 586/617/3 584/615/3
f 577/608/3 584/615/3 582/613/3
f 577/608/3 582/613/3 580/611/3
f 578/609/3 577/608/3 580/611/3
f 583/614/138 585/616/138 576/607/138
f 581/612/138 583/614/138 576/607/138
f 579/610/138 581/612/138 576/607/138
f 579/610/138 576/607/138 575/606/138
f 526/557/299 525/556/299 587/618/299
f 587/618/299 588/619/299 526/557/299
f 528/559/31 526/557/31 588/619/31
f 588/619/31 589/620/31 528/559/31
f 532/563/28 590/621/28 591/622/28
f 591/622/28 534/565/28 532/563/28
f 534/565/302 591/622/302 587/618/302
f 587/618/302 525/556/302 534/565/302
f 592/623/292 588/619/292 587/618/292
f 587/618/292 593/624/292 592/623/292
f 594/625/31 589/620/31 588/619/31
f 588/619/31 592/623/31 594/625/31
f 595/626/291 596/627/346 589/620/291
f 589/620/291 594/625/291 595/626/291
f 597/628/294 590/621/294 596/627/294
f 596/627/294 595/626/294 597/628/294
f 598/629/28 591/622/28 590/621/28
f 590/621/28 597/628/28 598/629/28
f 593/624/293 587/618/293 591/622/293
f 591/622/293 598/629/293 593/624/293
f 542/573/296 592/623/296 593/624/296
f 593/624/296 541/572/296 542/573/296
f 543/574/31 594/625/31 592/623/31
f 592/623/31 542/573/31 543/574/31
f 544/575/295 595/626/295 594/625/295
f 594/625/295 543/574/295 544/575/295
f 545/576/298 597/628/298 595/626/298
f 595/626/298 544/575/298 545/576/298
f 546/577/28 598/629/28 597/628/28
f 597/628/28 545/576/28 546/577/28
f 541/572/297 593/624/297 598/629/297
f 598/629/297 546/577/297 541/572/297
f 550/581/300 599/630/300 555/586/300
f 555/586/300 547/578/300 550/581/300
f 600/631/28 554/585/28 553/584/28
f 553/584/28 556/587/28 600/631/28
f 600/631/301 556/587/301 555/586/301
f 555/586/301 599/630/301 600/631/301
f 554/585/137 600/631/137 599/630/137
f 552/583/137 554/585/137 599/630/137
f 549/580/137 552/583/137 599/630/137
f 550/581/137 549/580/137 599/630/137
f 565/596/302 564/595/302 563/594/302
f 563/594/302 566/597/302 565/596/302
f 565/596/137 568/599/137 557/588/137
f 564/595/137 565/596/137 557/588/137
f 562/593/137 564/595/137 557/588/137
f 560/591/137 562/593/137 557/588/137
f 601/632/300 602/633/300 569/600/300
f 569/600/300 574/605/300 601/632/300
f 603/634/31 601/632/31 574/605/31
f 574/605/31 573/604/31 603/634/31
f 604/635/299 603/634/299 573/604/299
f 573/604/299 572/603/299 604/635/299
f 605/636/302 604/635/302 572/603/302
f 572/603/302 571/602/302 605/636/302
f 606/637/28 605/636/28 571/602/28
f 571/602/28 570/601/28 606/637/28
f 602/633/301 606/637/301 570/601/301
f 570/601/301 569/600/301 602/633/301
f 605/636/137 606/637/137 602/633/137
f 604/635/137 605/636/137 602/633/137
f 603/634/137 604/635/137 602/633/137
f 601/632/137 603/634/137 602/633/137
f 607/638/296 608/639/296 609/640/296
f 609/640/296 610/641/296 607/638/296
f 611/642/31 612/643/31 608/639/31
f 608/639/31 607/638/31 611/642/31
f 613/644/295 614/645/295 612/643/295
f 612/643/295 611/642/295 613/644/295
f 615/646/298 616/647/298 614/645/298
f 614/645/298 613/644/298 615/646/298
f 617/648/28 618/649/28 616/647/28
f 616/647/28 615/646/28 617/648/28
f 610/641/297 609/640/297 618/649/297
f 618/649/297 617/648/297 610/641/297
f 616/647/3 618/649/3 609/640/3
f 614/645/3 616/647/3 609/640/3
f 612/643/3 614/645/3 609/640/3
f 608/639/3 612/643/3 609/640/3
f 611/642/138 607/638/138 610/641/138
f 610/641/138 617/648/138 615/646/138
f 610/641/138 615/646/138 613/644/138
f 611/642/138 610/641/138 613/644/138
f 528/559/300 589/620/300 596/627/300
f 596/627/300 530/561/300 528/559/300
f 530/561/301 596/627/301 590/621/301
f 590/621/301 532/563/301 530/561/301
f 619/650/347 620/651/347 621/652/347
f 621/652/347 622/653/347 619/650/347
f 623/654/138 624/655/138 625/656/138
f 625/656/138 626/657/138 623/654/138
f 627/658/348 628/659/348 624/655/348
f 624/655/348 623/654/348 627/658/348
f 629/660/3 630/661/3 631/662/3
f 631/662/3 632/663/3 629/660/3
f 633/664/31 634/665/31 619/650/31
f 619/650/31 622/653/31 633/664/31
f 635/666/138 636/667/138 623/654/138
f 623/654/138 626/657/138 635/666/138
f 636/667/28 637/668/28 627/658/28
f 627/658/28 623/654/28 636/667/28
f 638/669/3 639/670/3 640/671/3
f 640/671/3 641/672/3 638/669/3
f 642/673/349 643/674/349 621/652/349
f 621/652/349 620/651/350 642/673/349
f 644/675/351 645/676/351 630/661/351
f 630/661/351 629/660/351 644/675/351
f 645/676/352 628/659/352 631/662/352
f 631/662/352 630/661/352 645/676/352
f 628/659/353 627/658/354 632/663/353
f 632/663/353 631/662/353 628/659/353
f 637/668/355 646/677/355 632/663/356
f 632/663/356 627/658/356 637/668/355
f 632/663/357 647/678/357 648/679/357
f 648/679/357 629/660/357 632/663/357
f 646/677/28 639/670/28 638/669/28
f 646/677/28 638/669/28 647/678/28
f 632/663/28 646/677/28 647/678/28
f 638/669/358 641/672/358 648/679/358
f 648/679/358 647/678/358 638/669/358
f 640/671/359 649/680/359 650/681/359
f 650/681/359 641/672/359 640/671/359
f 629/660/360 648/679/360 651/682/360
f 651/682/360 652/683/360 629/660/360
f 648/679/361 641/672/362 650/681/362
f 650/681/362 651/682/363 648/679/361
f 645/676/364 644/675/365 622/653/365
f 622/653/365 621/652/364 645/676/364
f 653/684/366 633/664/366 622/653/366
f 622/653/366 644/675/366 653/684/366
f 626/657/367 625/656/368 620/651/368
f 620/651/368 619/650/367 626/657/367
f 625/656/369 624/655/369 642/673/369
f 642/673/369 620/651/369 625/656/369
f 624/655/370 628/659/370 643/674/370
f 643/674/370 642/673/370 624/655/370
f 628/659/371 645/676/371 621/652/371
f 621/652/371 643/674/371 628/659/371
f 644/675/372 629/660/372 654/685/372
f 654/685/372 653/684/372 644/675/372
f 652/683/31 651/682/31 650/681/31
f 652/683/31 650/681/31 649/680/31
f 655/686/31 652/683/31 649/680/31
f 654/685/373 629/660/373 652/683/373
f 652/683/373 655/686/373 654/685/373
f 626/657/374 619/650/374 634/665/375
f 634/665/375 635/666/375 626/657/374
f 656/687/376 657/688/376 658/689/376
f 658/689/376 659/690/376 656/687/376
f 660/691/138 661/692/138 662/693/138
f 662/693/138 663/694/138 660/691/138
f 664/695/377 660/691/377 663/694/377
f 663/694/377 665/696/377 664/695/377
f 666/697/3 667/698/3 668/699/3
f 668/699/3 669/700/3 666/697/3
f 633/664/31 657/688/31 656/687/31
f 656/687/31 634/665/31 633/664/31
f 635/666/138 661/692/138 660/691/138
f 660/691/138 636/667/138 635/666/138
f 636/667/28 660/691/28 664/695/28
f 664/695/28 637/668/28 636/667/28
f 670/701/3 671/702/3 640/671/3
f 640/671/3 639/670/3 670/701/3
f 672/703/378 659/690/379 658/689/378
f 658/689/378 673/704/378 672/703/378
f 674/705/380 666/697/380 669/700/380
f 669/700/380 675/706/380 674/705/380
f 675/706/381 669/700/382 668/699/381
f 668/699/381 665/696/381 675/706/381
f 665/696/383 668/699/383 667/698/383
f 667/698/383 664/695/383 665/696/383
f 637/668/355 664/695/356 667/698/356
f 667/698/356 646/677/355 637/668/355
f 667/698/384 666/697/384 676/707/384
f 676/707/384 677/708/384 667/698/384
f 670/701/28 639/670/28 646/677/28
f 677/708/28 670/701/28 646/677/28
f 667/698/28 677/708/28 646/677/28
f 670/701/385 677/708/385 676/707/385
f 676/707/385 671/702/385 670/701/385
f 640/671/359 671/702/359 678/709/359
f 678/709/359 649/680/359 640/671/359
f 666/697/386 679/710/386 680/711/386
f 680/711/386 676/707/386 666/697/386
f 676/707/387 680/711/387 678/709/388
f 678/709/388 671/702/388 676/707/387
f 675/706/389 658/689/389 657/688/390
f 657/688/390 674/705/390 675/706/389
f 653/684/366 674/705/366 657/688/366
f 657/688/366 633/664/366 653/684/366
f 661/692/391 656/687/391 659/690/392
f 659/690/392 662/693/392 661/692/391
f 662/693/393 659/690/393 672/703/393
f 672/703/393 663/694/393 662/693/393
f 663/694/394 672/703/394 673/704/395
f 673/704/395 665/696/395 663/694/394
f 665/696/396 673/704/396 658/689/397
f 658/689/397 675/706/397 665/696/396
f 674/705/372 653/684/372 654/685/372
f 654/685/372 666/697/372 674/705/372
f 678/709/31 680/711/31 679/710/31
f 649/680/31 678/709/31 679/710/31
f 655/686/31 649/680/31 679/710/31
f 654/685/373 655/686/373 679/710/373
f 679/710/373 666/697/373 654/685/373
f 661/692/375 635/666/375 634/665/375
f 634/665/375 656/687/375 661/692/375
f 681/712/138 682/713/138 683/714/138
f 683/714/138 684/715/138 681/712/138
f 685/716/398 686/717/398 682/713/398
f 682/713/398 681/712/398 685/716/398
f 687/718/399 688/719/399 686/717/399
f 686/717/399 685/716/399 687/718/399
f 689/720/400 690/721/400 688/719/400
f 688/719/400 687/718/400 689/720/400
f 691/722/401 692/723/401 690/721/401
f 690/721/401 689/720/401 691/722/401
f 693/724/402 694/725/402 692/723/402
f 692/723/402 691/722/402 693/724/402
f 695/726/403 696/727/403 694/725/403
f 694/725/403 693/724/403 695/726/403
f 697/728/404 698/729/404 696/727/404
f 696/727/404 695/726/404 697/728/404
f 699/730/405 700/731/405 698/729/405
f 698/729/405 697/728/405 699/730/405
f 701/732/406 702/733/406 700/731/406
f 700/731/406 699/730/406 701/732/406
f 703/734/405 704/735/405 702/733/405
f 702/733/405 701/732/405 703/734/405
f 705/736/407 706/737/407 704/735/407
f 704/735/407 703/734/407 705/736/407
f 707/738/403 708/739/403 706/737/403
f 706/737/403 705/736/403 707/738/403
f 709/740/3 710/741/3 708/739/3
f 708/739/3 707/738/3 709/740/3
f 711/742/408 712/743/408 710/741/408
f 710/741/408 709/740/408 711/742/408
f 713/744/409 714/745/409 712/743/409
f 712/743/409 711/742/409 713/744/409
f 715/746/410 716/747/410 714/745/410
f 714/745/410 713/744/410 715/746/410
f 717/748/411 718/749/411 716/747/411
f 716/747/411 715/746/411 717/748/411
f 719/750/3 720/751/3 718/749/3
f 718/749/3 717/748/3 719/750/3
f 721/752/412 722/753/412 720/751/412
f 720/751/412 719/750/412 721/752/412
f 723/754/413 724/755/413 722/753/413
f 722/753/413 721/752/413 723/754/413
f 725/756/414 726/757/414 724/755/414
f 724/755/414 723/754/414 725/756/414
f 727/758/415 728/759/415 726/757/415
f 726/757/415 725/756/415 727/758/415
f 729/760/416 730/761/416 728/759/416
f 728/759/416 727/758/416 729/760/416
f 731/762/417 732/763/417 730/761/417
f 730/761/417 729/760/417 731/762/417
f 684/715/418 683/714/418 732/763/418
f 732/763/418 731/762/418 684/715/418
f 690/721/137 692/723/137 694/725/137
f 690/721/137 694/725/137 696/727/137
f 690/721/137 696/727/137 698/729/137
f 690/721/137 698/729/137 700/731/137
f 690/721/137 700/731/137 702/733/137
f 690/721/137 702/733/137 704/735/137
f 722/753/137 724/755/419 726/757/137
f 720/751/137 722/753/137 726/757/137
f 718/749/137 720/751/137 726/757/137
f 716/747/137 718/749/137 726/757/137
f 714/745/137 716/747/137 726/757/137
f 714/745/137 726/757/137 728/759/137
f 714/745/137 728/759/137 730/761/137
f 714/745/137 730/761/137 732/763/137
f 714/745/137 732/763/137 683/714/137
f 712/743/137 714/745/137 683/714/137
f 710/741/137 712/743/137 683/714/137
f 708/739/420 710/741/137 683/714/137
f 706/737/137 708/739/420 683/714/137
f 706/737/137 683/714/137 682/713/137
f 706/737/137 682/713/137 686/717/137
f 704/735/137 706/737/137 686/717/137
f 704/735/137 686/717/137 688/719/137
f 690/721/137 704/735/137 688/719/137
f 733/764/139 734/765/421 735/766/422
f 733/764/139 735/766/422 736/767/139
f 733/764/139 736/767/139 737/768/139
f 733/764/139 737/768/139 738/769/139
f 733/764/139 738/769/139 739/770/139
f 740/771/139 733/764/139 739/770/139
f 741/772/139 740/771/139 739/770/139
f 742/773/139 741/772/139 739/770/139
f 743/774/139 742/773/139 739/770/139
f 743/774/139 739/770/139 744/775/139
f 743/774/139 744/775/139 745/776/139
f 743/774/139 745/776/139 746/777/139
f 743/774/423 746/777/423 747/778/423
f 748/779/139 743/774/139 747/778/139
f 749/780/139 748/779/139 747/778/139
f 749/780/139 747/778/139 750/781/139
f 751/782/139 749/780/139 750/781/139
f 752/783/139 751/782/139 750/781/139
f 752/783/139 750/781/139 753/784/139
f 752/783/139 753/784/139 754/785/424
f 752/783/139 754/785/424 755/786/139
f 752/783/139 755/786/139 756/787/139
f 752/783/139 756/787/139 757/788/139
f 752/783/139 757/788/139 758/789/139
f 684/715/425 743/774/425 748/779/425
f 748/779/425 681/712/425 684/715/425
f 681/712/426 748/779/426 749/780/427
f 749/780/427 685/716/427 681/712/426
f 685/716/428 749/780/428 751/782/428
f 751/782/428 687/718/429 685/716/428
f 687/718/430 751/782/430 752/783/430
f 752/783/430 689/720/431 687/718/430
f 689/720/432 752/783/433 758/789/434
f 758/789/434 691/722/435 689/720/432
f 691/722/436 758/789/436 757/788/436
f 757/788/437 693/724/437 691/722/437
f 693/724/438 757/788/438 756/787/438
f 756/787/438 695/726/438 693/724/438
f 695/726/439 756/787/440 755/786/440
f 755/786/440 697/728/439 695/726/439
f 697/728/441 755/786/441 754/785/441
f 754/785/441 699/730/442 697/728/441
f 699/730/443 754/785/443 753/784/444
f 753/784/444 701/732/444 699/730/443
f 701/732/441 753/784/441 750/781/441
f 750/781/441 703/734/442 701/732/441
f 703/734/439 750/781/440 747/778/439
f 747/778/439 705/736/439 703/734/439
f 705/736/438 747/778/438 746/777/438
f 746/777/438 707/738/445 705/736/438
f 707/738/446 746/777/446 745/776/446
f 745/776/446 709/740/446 707/738/446
f 709/740/447 745/776/447 744/775/447
f 744/775/447 711/742/447 709/740/447
f 711/742/448 744/775/449 739/770/448
f 739/770/448 713/744/448 711/742/448
f 713/744/450 739/770/450 738/769/450
f 738/769/450 715/746/450 713/744/450
f 715/746/451 738/769/451 737/768/451
f 737/768/452 717/748/452 715/746/452
f 717/748/446 737/768/446 736/767/446
f 736/767/446 719/750/446 717/748/446
f 719/750/453 736/767/453 735/766/453
f 735/766/453 721/752/454 719/750/453
f 721/752/455 735/766/456 734/765/457
f 734/765/457 723/754/458 721/752/455
f 723/754/459 734/765/459 733/764/459
f 733/764/459 725/756/459 723/754/459
f 725/756/460 733/764/461 740/771/462
f 740/771/462 727/758/463 725/756/460
f 727/758/464 740/771/464 741/772/464
f 741/772/464 729/760/464 727/758/464
f 729/760/465 741/772/466 742/773/466
f 742/773/466 731/762/467 729/760/465
f 731/762/468 742/773/468 743/774/468
f 743/774/468 684/715/469 731/762/468
f 759/790/138 760/791/138 761/792/138
f 761/792/138 762/793/138 759/790/138
f 763/794/470 759/790/470 762/793/470
f 762/793/470 764/795/470 763/794/470
f 765/796/471 763/794/471 764/795/471
f 764/795/471 766/797/471 765/796/471
f 767/798/472 765/796/472 766/797/472
f 766/797/472 768/799/472 767/798/472
f 769/800/473 767/798/473 768/799/473
f 768/799/473 770/801/473 769/800/473
f 771/802/3 769/800/3 770/801/3
f 770/801/3 772/803/3 771/802/3
f 773/804/474 771/802/474 772/803/474
f 772/803/474 774/805/474 773/804/474
f 775/806/475 773/804/475 774/805/475
f 774/805/475 776/807/475 775/806/475
f 777/808/476 775/806/476 776/807/476
f 776/807/476 778/809/476 777/808/476
f 779/810/477 777/808/477 778/809/477
f 778/809/477 780/811/477 779/810/477
f 781/812/476 779/810/476 780/811/476
f 780/811/476 782/813/476 781/812/476
f 783/814/475 781/812/475 782/813/475
f 782/813/475 784/815/475 783/814/475
f 785/816/474 783/814/474 784/815/474
f 784/815/474 786/817/474 785/816/474
f 787/818/3 785/816/3 786/817/3
f 786/817/3 788/819/3 787/818/3
f 789/820/478 787/818/478 788/819/478
f 788/819/478 790/821/478 789/820/478
f 791/822/479 789/820/479 790/821/479
f 790/821/479 792/823/479 791/822/479
f 793/824/480 791/822/480 792/823/480
f 792/823/480 794/825/480 793/824/480
f 795/826/481 793/824/481 794/825/481
f 794/825/481 796/827/481 795/826/481
f 797/828/3 795/826/3 796/827/3
f 796/827/3 798/829/3 797/828/3
f 799/830/482 797/828/482 798/829/482
f 798/829/482 800/831/482 799/830/482
f 801/832/483 799/830/483 800/831/483
f 800/831/483 802/833/483 801/832/483
f 803/834/484 801/832/484 802/833/484
f 802/833/484 804/835/484 803/834/484
f 805/836/485 803/834/485 804/835/485
f 804/835/485 806/837/485 805/836/485
f 807/838/486 805/836/486 806/837/486
f 806/837/486 808/839/486 807/838/486
f 809/840/487 807/838/487 808/839/487
f 808/839/487 810/841/487 809/840/487
f 760/791/488 809/840/488 810/841/488
f 810/841/488 761/792/488 760/791/488
f 804/835/137 802/833/489 800/831/137
f 804/835/137 800/831/137 798/829/137
f 804/835/137 798/829/137 796/827/137
f 804/835/137 796/827/137 794/825/137
f 804/835/137 794/825/137 792/823/137
f 806/837/137 804/835/137 792/823/137
f 808/839/137 806/837/137 792/823/137
f 810/841/137 808/839/137 792/823/137
f 761/792/137 810/841/137 792/823/137
f 761/792/137 792/823/137 790/821/137
f 761/792/137 790/821/137 788/819/137
f 761/792/137 788/819/137 786/817/490
f 761/792/137 786/817/490 784/815/137
f 762/793/137 761/792/137 784/815/137
f 764/795/137 762/793/137 784/815/137
f 764/795/137 784/815/137 782/813/137
f 766/797/137 764/795/137 782/813/137
f 768/799/137 766/797/137 782/813/137
f 768/799/137 782/813/137 780/811/137
f 768/799/137 780/811/137 778/809/137
f 768/799/137 778/809/137 776/807/137
f 768/799/137 776/807/137 774/805/137
f 768/799/137 774/805/137 772/803/137
f 768/799/137 772/803/137 770/801/137
f 811/842/139 812/843/139 813/844/139
f 811/842/139 813/844/139 814/845/139
f 811/842/139 814/845/139 815/846/139
f 811/842/139 815/846/139 816/847/139
f 811/842/139 816/847/139 817/848/139
f 811/842/139 817/848/139 818/849/139
f 819/850/491 820/851/492 821/852/139
f 822/853/139 819/850/491 821/852/139
f 823/854/139 822/853/139 821/852/139
f 824/855/139 823/854/139 821/852/139
f 825/856/139 824/855/139 821/852/139
f 825/856/139 821/852/139 826/857/139
f 825/856/139 826/857/139 827/858/139
f 825/856/139 827/858/139 828/859/139
f 825/856/139 828/859/139 829/860/139
f 830/861/139 825/856/139 829/860/139
f 831/862/139 830/861/139 829/860/139
f 832/863/139 831/862/139 829/860/139
f 833/864/137 832/863/137 829/860/137
f 833/864/139 829/860/139 834/865/139
f 833/864/139 834/865/139 835/866/139
f 818/849/139 833/864/139 835/866/139
f 818/849/139 835/866/139 836/867/139
f 811/842/139 818/849/139 836/867/139
f 760/791/425 759/790/425 834/865/425
f 834/865/425 829/860/425 760/791/425
f 759/790/493 763/794/493 835/866/493
f 835/866/493 834/865/493 759/790/493
f 763/794/494 765/796/494 836/867/494
f 836/867/494 835/866/494 763/794/494
f 765/796/495 767/798/495 811/842/495
f 811/842/495 836/867/495 765/796/495
f 767/798/496 769/800/496 812/843/496
f 812/843/497 811/842/497 767/798/497
f 769/800/446 771/802/446 813/844/446
f 813/844/446 812/843/446 769/800/446
f 771/802/498 773/804/498 814/845/499
f 814/845/499 813/844/500 771/802/498
f 773/804/501 775/806/501 815/846/502
f 815/846/502 814/845/502 773/804/501
f 775/806/503 777/808/503 816/847/504
f 816/847/504 815/846/505 775/806/503
f 777/808/506 779/810/506 817/848/506
f 817/848/506 816/847/506 777/808/506
f 779/810/504 781/812/504 818/849/504
f 818/849/504 817/848/504 779/810/504
f 781/812/501 783/814/501 833/864/501
f 833/864/501 818/849/507 781/812/501
f 783/814/499 785/816/498 832/863/499
f 832/863/499 833/864/499 783/814/499
f 785/816/446 787/818/446 831/862/446
f 831/862/446 832/863/446 785/816/446
f 787/818/508 789/820/509 830/861/508
f 830/861/508 831/862/508 787/818/508
f 789/820/510 791/822/510 825/856/510
f 825/856/510 830/861/511 789/820/510
f 791/822/512 793/824/512 824/855/512
f 824/855/512 825/856/512 791/822/512
f 793/824/513 795/826/513 823/854/513
f 823/854/514 824/855/514 793/824/514
f 795/826/446 797/828/446 822/853/446
f 822/853/446 823/854/446 795/826/446
f 797/828/515 799/830/515 819/850/516
f 819/850/516 822/853/516 797/828/515
f 799/830/517 801/832/518 820/851/519
f 820/851/519 819/850/520 799/830/517
f 801/832/521 803/834/521 821/852/522
f 821/852/522 820/851/523 801/832/521
f 803/834/524 805/836/524 826/857/524
f 826/857/524 821/852/524 803/834/524
f 805/836/525 807/838/525 827/858/525
f 827/858/525 826/857/525 805/836/525
f 807/838/526 809/840/526 828/859/527
f 828/859/527 827/858/527 807/838/526
f 809/840/528 760/791/528 829/860/528
f 829/860/528 828/859/528 809/840/528
f 837/868/138 838/869/138 839/870/138
f 839/870/138 840/871/138 837/868/138
f 841/872/139 842/873/139 843/874/139
f 843/874/139 844/875/139 841/872/139
f 845/876/3 846/877/3 847/878/3
f 847/878/3 848/879/3 845/876/3
f 840/871/137 839/870/137 846/877/137
f 846/877/137 845/876/137 840/871/137
f 849/880/138 837/868/138 840/871/138
f 840/871/138 850/881/138 849/880/138
f 851/882/529 841/872/529 844/875/529
f 844/875/529 852/883/529 851/882/529
f 853/884/3 845/876/3 848/879/3
f 848/879/3 854/885/3 853/884/3
f 850/881/530 840/871/530 845/876/530
f 845/876/530 853/884/530 850/881/530
f 855/886/28 856/887/28 851/882/28
f 851/882/28 852/883/28 855/886/28
f 847/878/531 846/877/531 839/870/531
f 839/870/531 838/869/531 847/878/531
f 838/869/532 837/868/533 844/875/533
f 844/875/533 843/874/532 838/869/532
f 837/868/534 849/880/534 852/883/534
f 852/883/534 844/875/534 837/868/534
f 849/880/535 857/888/535 855/886/535
f 855/886/535 852/883/535 849/880/535
f 857/888/536 858/889/536 856/887/536
f 856/887/536 855/886/536 857/888/536
f 858/889/537 854/885/537 851/882/537
f 851/882/537 856/887/537 858/889/537
f 854/885/538 848/879/538 841/872/538
f 841/872/538 851/882/538 854/885/538
f 848/879/539 847/878/540 842/873/540
f 842/873/540 841/872/539 848/879/539
f 847/878/541 838/869/541 843/874/541
f 843/874/541 842/873/541 847/878/541
f 859/890/137 860/891/137 861/892/137
f 859/890/137 861/892/137 862/893/137
f 859/890/137 862/893/137 863/894/137
f 860/891/542 859/890/542 864/895/542
f 864/895/542 865/896/542 860/891/542
f 866/897/28 867/898/28 868/899/28
f 866/897/28 868/899/28 869/900/28
f 866/897/28 869/900/28 870/901/28
f 871/902/28 866/897/28 870/901/28
f 871/902/28 870/901/28 872/903/28
f 873/904/28 871/902/28 872/903/28
f 873/904/28 872/903/28 874/905/28
f 875/906/28 873/904/28 874/905/28
f 853/884/3 854/885/3 858/889/3
f 876/907/3 853/884/3 858/889/3
f 877/908/3 876/907/3 858/889/3
f 876/907/137 877/908/137 878/909/137
f 878/909/137 879/910/137 876/907/137
f 880/911/3 881/912/3 882/913/3
f 882/913/3 883/914/3 880/911/3
f 884/915/139 885/916/139 886/917/139
f 886/917/139 887/918/139 884/915/139
f 879/910/207 878/909/207 881/912/207
f 881/912/207 880/911/207 879/910/207
f 883/914/141 882/913/141 885/916/141
f 885/916/141 884/915/141 883/914/141
f 858/889/543 857/888/544 871/902/544
f 871/902/544 873/904/543 858/889/543
f 857/888/545 865/896/545 866/897/545
f 866/897/545 871/902/545 857/888/545
f 865/896/546 864/895/546 867/898/546
f 867/898/546 866/897/546 865/896/546
f 864/895/547 886/917/548 868/899/548
f 868/899/548 867/898/547 864/895/547
f 886/917/543 885/916/549 869/900/549
f 869/900/549 868/899/543 886/917/543
f 885/916/550 882/913/551 870/901/551
f 870/901/551 869/900/550 885/916/550
f 882/913/548 881/912/548 872/903/548
f 872/903/548 870/901/548 882/913/548
f 881/912/552 878/909/553 874/905/553
f 874/905/553 872/903/552 881/912/552
f 878/909/546 877/908/554 875/906/555
f 875/906/555 874/905/556 878/909/546
f 877/908/547 858/889/548 873/904/548
f 873/904/548 875/906/547 877/908/547
f 887/918/3 886/917/3 864/895/3
f 864/895/3 859/890/3 863/894/3
f 887/918/3 864/895/3 863/894/3
f 888/919/3 887/918/3 863/894/3
f 889/920/3 890/921/3 891/922/3
f 891/922/3 892/923/3 889/920/3
f 888/919/137 863/894/137 862/893/137
f 862/893/137 893/924/137 888/919/137
f 893/924/31 894/925/31 895/926/31
f 893/924/31 895/926/31 850/881/31
f 850/881/31 853/884/31 876/907/31
f 850/881/31 876/907/31 879/910/31
f 850/881/31 879/910/31 880/911/31
f 850/881/31 880/911/31 883/914/31
f 893/924/31 850/881/31 883/914/31
f 888/919/31 893/924/31 883/914/31
f 888/919/31 883/914/31 884/915/31
f 888/919/31 884/915/31 887/918/31
f 896/927/557 889/920/557 892/923/557
f 892/923/557 862/893/557 896/927/557
f 893/924/558 862/893/558 892/923/558
f 892/923/558 891/922/558 893/924/558
f 897/928/137 898/929/137 899/930/137
f 899/930/137 900/931/137 897/928/137
f 901/932/559 902/933/559 903/934/559
f 903/934/559 904/935/559 901/932/559
f 905/936/3 906/937/3 907/938/3
f 907/938/3 908/939/3 905/936/3
f 899/930/560 909/940/560 903/941/561
f 899/930/560 903/941/561 902/942/561
f 900/931/561 899/930/560 902/942/561
f 898/943/138 910/944/138 909/940/138
f 909/940/138 899/930/138 898/943/138
f 897/945/562 901/932/562 904/935/562
f 897/945/562 904/935/562 910/944/562
f 898/943/562 897/945/562 910/944/562
f 897/945/137 900/931/137 906/937/137
f 906/937/137 905/936/137 897/945/137
f 900/931/31 902/942/31 907/938/31
f 907/938/31 906/937/31 900/931/31
f 911/946/139 912/947/139 913/948/139
f 913/948/139 914/949/139 911/946/139
f 901/932/28 897/945/28 905/936/28
f 905/936/28 908/939/28 901/932/28
f 901/932/138 915/950/138 916/951/138
f 916/951/138 902/942/138 901/932/138
f 912/947/28 911/946/28 915/950/28
f 908/939/28 912/947/28 915/950/28
f 901/932/28 908/939/28 915/950/28
f 908/939/3 907/938/3 913/948/3
f 913/948/3 912/947/3 908/939/3
f 916/951/31 914/949/263 913/948/31
f 902/942/31 916/951/31 913/948/31
f 907/938/31 902/942/31 913/948/31
f 904/935/563 903/934/563 909/952/563
f 909/952/563 910/944/563 904/935/563
f 911/946/143 914/949/143 916/951/143
f 916/951/143 915/950/143 911/946/143
f 861/892/138 860/891/138 865/896/138
f 861/892/138 865/896/138 857/888/138
f 857/888/138 849/880/138 850/881/138
f 861/892/138 857/888/138 850/881/138
f 917/953/138 861/892/138 850/881/138
f 917/953/138 850/881/138 895/926/138
f 862/893/28 861/892/28 917/953/28
f 917/953/28 896/927/28 862/893/28
f 894/925/564 893/924/564 891/922/564
f 891/922/564 890/921/564 894/925/564
f 918/954/138 919/955/138 920/956/138
f 920/956/138 921/957/138 918/954/138
f 922/958/398 918/954/398 921/957/398
f 921/957/398 923/959/398 922/958/398
f 924/960/399 922/958/399 923/959/399
f 923/959/399 925/961/399 924/960/399
f 926/962/400 924/960/400 925/961/400
f 925/961/400 927/963/400 926/962/400
f 928/964/401 926/962/401 927/963/401
f 927/963/401 929/965/401 928/964/401
f 930/966/402 928/964/402 929/965/402
f 929/965/402 931/967/402 930/966/402
f 932/968/403 930/966/403 931/967/403
f 931/967/403 933/969/403 932/968/403
f 934/970/404 932/968/404 933/969/404
f 933/969/404 935/971/404 934/970/404
f 936/972/405 934/970/405 935/971/405
f 935/971/405 937/973/405 936/972/405
f 938/974/406 936/972/406 937/973/406
f 937/973/406 939/975/406 938/974/406
f 940/976/405 938/974/405 939/975/405
f 939/975/405 941/977/405 940/976/405
f 942/978/407 940/976/407 941/977/407
f 941/977/407 943/979/407 942/978/407
f 944/980/403 942/978/403 943/979/403
f 943/979/403 945/981/403 944/980/403
f 946/982/3 944/980/3 945/981/3
f 945/981/3 947/983/3 946/982/3
f 948/984/408 946/982/565 947/983/408
f 947/983/408 949/985/408 948/984/408
f 950/986/409 948/984/409 949/985/409
f 949/985/409 951/987/409 950/986/409
f 952/988/410 950/986/410 951/987/410
f 951/987/410 953/989/410 952/988/410
f 954/990/411 952/988/411 953/989/411
f 953/989/411 955/991/411 954/990/411
f 956/992/3 954/990/3 955/991/3
f 955/991/3 957/993/3 956/992/3
f 958/994/412 956/992/412 957/993/412
f 957/993/412 959/995/412 958/994/412
f 960/996/413 958/994/413 959/995/413
f 959/995/413 961/997/413 960/996/413
f 962/998/414 960/996/414 961/997/414
f 961/997/414 963/999/414 962/998/414
f 964/1000/415 962/998/415 963/999/415
f 963/999/415 965/1001/415 964/1000/415
f 966/1002/416 964/1000/416 965/1001/416
f 965/1001/416 967/1003/416 966/1002/416
f 968/1004/417 966/1002/417 967/1003/417
f 967/1003/417 969/1005/417 968/1004/417
f 919/955/418 968/1004/418 969/1005/418
f 969/1005/418 920/956/418 919/955/418
f 963/999/139 961/997/139 959/995/139
f 963/999/139 959/995/139 957/993/139
f 963/999/139 957/993/139 955/991/139
f 963/999/139 955/991/139 953/989/139
f 963/999/139 953/989/139 951/987/139
f 965/1001/139 963/999/139 951/987/139
f 967/1003/139 965/1001/139 951/987/139
f 969/1005/139 967/1003/139 951/987/139
f 920/956/139 969/1005/139 951/987/139
f 920/956/139 951/987/139 949/985/139
f 920/956/139 949/985/139 947/983/139
f 920/956/139 947/983/139 945/981/424
f 920/956/139 945/981/424 943/979/139
f 921/957/139 920/956/139 943/979/139
f 923/959/139 921/957/139 943/979/139
f 923/959/139 943/979/139 941/977/139
f 925/961/139 923/959/139 941/977/139
f 927/963/139 925/961/139 941/977/139
f 927/963/139 941/977/139 939/975/139
f 927/963/139 939/975/139 937/973/139
f 927/963/139 937/973/139 935/971/139
f 927/963/139 935/971/139 933/969/139
f 927/963/139 933/969/139 931/967/139
f 927/963/139 931/967/139 929/965/139
f 970/1006/137 971/1007/137 972/1008/137
f 970/1006/137 972/1008/137 973/1009/137
f 970/1006/137 973/1009/137 974/1010/137
f 970/1006/137 974/1010/137 975/1011/137
f 970/1006/137 975/1011/137 976/1012/137
f 970/1006/137 976/1012/137 977/1013/137
f 978/1014/566 979/1015/567 980/1016/137
f 981/1017/137 978/1014/566 980/1016/137
f 982/1018/137 981/1017/137 980/1016/137
f 983/1019/137 982/1018/137 980/1016/137
f 984/1020/137 983/1019/137 980/1016/137
f 984/1020/137 980/1016/137 985/1021/137
f 984/1020/137 985/1021/137 986/1022/137
f 984/1020/137 986/1022/137 987/1023/137
f 984/1020/137 987/1023/137 988/1024/137
f 989/1025/137 984/1020/137 988/1024/137
f 990/1026/137 989/1025/137 988/1024/137
f 991/1027/137 990/1026/137 988/1024/137
f 992/1028/139 991/1027/139 988/1024/139
f 992/1028/137 988/1024/137 993/1029/137
f 992/1028/137 993/1029/137 994/1030/137
f 977/1013/137 992/1028/137 994/1030/137
f 977/1013/137 994/1030/137 995/1031/137
f 970/1006/137 977/1013/137 995/1031/137
f 919/955/568 918/954/568 993/1029/568
f 993/1029/568 988/1024/568 919/955/568
f 918/954/569 922/958/570 994/1030/569
f 994/1030/569 993/1029/569 918/954/569
f 922/958/571 924/960/571 995/1031/571
f 995/1031/571 994/1030/571 922/958/571
f 924/960/572 926/962/572 970/1006/572
f 970/1006/572 995/1031/572 924/960/572
f 926/962/573 928/964/574 971/1007/575
f 971/1007/575 970/1006/576 926/962/573
f 928/964/577 930/966/577 972/1008/577
f 972/1008/578 971/1007/578 928/964/578
f 930/966/579 932/968/579 973/1009/579
f 973/1009/579 972/1008/579 930/966/579
f 932/968/580 934/970/580 974/1010/580
f 974/1010/580 973/1009/580 932/968/580
f 934/970/581 936/972/582 975/1011/581
f 975/1011/581 974/1010/581 934/970/581
f 936/972/583 938/974/584 976/1012/584
f 976/1012/584 975/1011/583 936/972/583
f 938/974/585 940/976/581 977/1013/585
f 977/1013/585 976/1012/585 938/974/585
f 940/976/580 942/978/580 992/1028/580
f 992/1028/580 977/1013/580 940/976/580
f 942/978/579 944/980/579 991/1027/579
f 991/1027/579 992/1028/579 942/978/579
f 944/980/586 946/982/586 990/1026/586
f 990/1026/586 991/1027/586 944/980/586
f 946/982/587 948/984/587 989/1025/587
f 989/1025/587 990/1026/587 946/982/587
f 948/984/588 950/986/588 984/1020/588
f 984/1020/588 989/1025/588 948/984/588
f 950/986/589 952/988/589 983/1019/589
f 983/1019/589 984/1020/589 950/986/589
f 952/988/590 954/990/590 982/1018/590
f 982/1018/591 983/1019/591 952/988/591
f 954/990/586 956/992/586 981/1017/586
f 981/1017/586 982/1018/586 954/990/586
f 956/992/592 958/994/592 978/1014/592
f 978/1014/592 981/1017/593 956/992/592
f 958/994/594 960/996/595 979/1015/596
f 979/1015/596 978/1014/597 958/994/594
f 960/996/598 962/998/598 980/1016/599
f 980/1016/599 979/1015/599 960/996/598
f 962/998/600 964/1000/601 985/1021/602
f 985/1021/602 980/1016/603 962/998/600
f 964/1000/604 966/1002/604 986/1022/604
f 986/1022/604 985/1021/604 964/1000/604
f 966/1002/605 968/1004/605 987/1023/605
f 987/1023/605 986/1022/606 966/1002/605
f 968/1004/607 919/955/607 988/1024/607
f 988/1024/607 987/1023/607 968/1004/607
f 996/1032/138 997/1033/138 998/1034/138
f 998/1034/138 999/1035/138 996/1032/138
f 1000/1036/470 1001/1037/470 997/1033/470
f 997/1033/470 996/1032/470 1000/1036/470
f 1002/1038/471 1003/1039/471 1001/1037/471
f 1001/1037/471 1000/1036/608 1002/1038/471
f 1004/1040/472 1005/1041/472 1003/1039/472
f 1003/1039/472 1002/1038/472 1004/1040/472
f 1006/1042/473 1007/1043/473 1005/1041/473
f 1005/1041/473 1004/1040/473 1006/1042/473
f 1008/1044/3 1009/1045/3 1007/1043/3
f 1007/1043/3 1006/1042/3 1008/1044/3
f 1010/1046/474 1011/1047/474 1009/1045/474
f 1009/1045/474 1008/1044/474 1010/1046/474
f 1012/1048/475 1013/1049/475 1011/1047/475
f 1011/1047/475 1010/1046/475 1012/1048/475
f 1014/1050/476 1015/1051/476 1013/1049/476
f 1013/1049/476 1012/1048/476 1014/1050/476
f 1016/1052/477 1017/1053/477 1015/1051/477
f 1015/1051/477 1014/1050/477 1016/1052/477
f 1018/1054/476 1019/1055/476 1017/1053/476
f 1017/1053/476 1016/1052/476 1018/1054/476
f 1020/1056/475 1021/1057/475 1019/1055/475
f 1019/1055/475 1018/1054/475 1020/1056/475
f 1022/1058/474 1023/1059/474 1021/1057/474
f 1021/1057/474 1020/1056/474 1022/1058/474
f 1024/1060/3 1025/1061/3 1023/1059/3
f 1023/1059/3 1022/1058/3 1024/1060/3
f 1026/1062/478 1027/1063/478 1025/1061/478
f 1025/1061/478 1024/1060/478 1026/1062/478
f 1028/1064/479 1029/1065/479 1027/1063/479
f 1027/1063/479 1026/1062/479 1028/1064/479
f 1030/1066/480 1031/1067/480 1029/1065/480
f 1029/1065/480 1028/1064/480 1030/1066/480
f 1032/1068/481 1033/1069/481 1031/1067/481
f 1031/1067/481 1030/1066/481 1032/1068/481
f 1034/1070/3 1035/1071/3 1033/1069/3
f 1033/1069/3 1032/1068/3 1034/1070/3
f 1036/1072/482 1037/1073/482 1035/1071/482
f 1035/1071/482 1034/1070/482 1036/1072/482
f 1038/1074/483 1039/1075/483 1037/1073/483
f 1037/1073/483 1036/1072/483 1038/1074/483
f 1040/1076/484 1041/1077/484 1039/1075/484
f 1039/1075/484 1038/1074/484 1040/1076/484
f 1042/1078/485 1043/1079/485 1041/1077/485
f 1041/1077/485 1040/1076/485 1042/1078/485
f 1044/1080/486 1045/1081/486 1043/1079/486
f 1043/1079/486 1042/1078/486 1044/1080/486
f 1046/1082/487 1047/1083/487 1045/1081/487
f 1045/1081/487 1044/1080/487 1046/1082/487
f 999/1035/488 998/1034/488 1047/1083/488
f 1047/1083/488 1046/1082/488 999/1035/488
f 1005/1041/139 1007/1043/139 1009/1045/139
f 1005/1041/139 1009/1045/139 1011/1047/139
f 1005/1041/139 1011/1047/139 1013/1049/139
f 1005/1041/139 1013/1049/139 1015/1051/139
f 1005/1041/139 1015/1051/139 1017/1053/139
f 1005/1041/139 1017/1053/139 1019/1055/139
f 1037/1073/139 1039/1075/139 1041/1077/139
f 1035/1071/139 1037/1073/139 1041/1077/139
f 1033/1069/139 1035/1071/139 1041/1077/139
f 1031/1067/139 1033/1069/139 1041/1077/139
f 1029/1065/139 1031/1067/139 1041/1077/139
f 1029/1065/139 1041/1077/139 1043/1079/139
f 1029/1065/139 1043/1079/139 1045/1081/139
f 1029/1065/139 1045/1081/139 1047/1083/139
f 1029/1065/139 1047/1083/139 998/1034/139
f 1027/1063/139 1029/1065/139 998/1034/139
f 1025/1061/139 1027/1063/139 998/1034/139
f 1023/1059/609 1025/1061/139 998/1034/139
f 1021/1057/139 1023/1059/609 998/1034/139
f 1021/1057/139 998/1034/139 997/1033/139
f 1021/1057/139 997/1033/139 1001/1037/139
f 1019/1055/139 1021/1057/139 1001/1037/139
f 1019/1055/139 1001/1037/139 1003/1039/139
f 1005/1041/139 1019/1055/139 1003/1039/139
f 1048/1084/137 1049/1085/610 1050/1086/611
f 1048/1084/137 1050/1086/611 1051/1087/137
f 1048/1084/137 1051/1087/137 1052/1088/137
f 1048/1084/137 1052/1088/137 1053/1089/137
f 1048/1084/137 1053/1089/137 1054/1090/137
f 1055/1091/137 1048/1084/137 1054/1090/137
f 1056/1092/137 1055/1091/137 1054/1090/137
f 1057/1093/137 1056/1092/137 1054/1090/137
f 1058/1094/137 1057/1093/137 1054/1090/137
f 1058/1094/137 1054/1090/137 1059/1095/137
f 1058/1094/137 1059/1095/137 1060/1096/137
f 1058/1094/137 1060/1096/137 1061/1097/137
f 1058/1094/612 1061/1097/612 1062/1098/612
f 1063/1099/137 1058/1094/137 1062/1098/137
f 1064/1100/137 1063/1099/137 1062/1098/137
f 1064/1100/137 1062/1098/137 1065/1101/137
f 1066/1102/137 1064/1100/137 1065/1101/137
f 1067/1103/137 1066/1102/137 1065/1101/137
f 1067/1103/137 1065/1101/137 1068/1104/137
f 1067/1103/137 1068/1104/137 1069/1105/137
f 1067/1103/137 1069/1105/137 1070/1106/137
f 1067/1103/137 1070/1106/137 1071/1107/137
f 1067/1103/137 1071/1107/137 1072/1108/137
f 1067/1103/137 1072/1108/137 1073/1109/137
f 999/1035/568 1058/1094/568 1063/1099/568
f 1063/1099/568 996/1032/568 999/1035/568
f 996/1032/613 1063/1099/614 1064/1100/613
f 1064/1100/613 1000/1036/613 996/1032/613
f 1000/1036/615 1064/1100/615 1066/1102/615
f 1066/1102/615 1002/1038/615 1000/1036/615
f 1002/1038/616 1066/1102/616 1067/1103/616
f 1067/1103/616 1004/1040/616 1002/1038/616
f 1004/1040/617 1067/1103/617 1073/1109/617
f 1073/1109/618 1006/1042/618 1004/1040/618
f 1006/1042/586 1073/1109/586 1072/1108/586
f 1072/1108/586 1008/1044/586 1006/1042/586
f 1008/1044/619 1072/1108/619 1071/1107/619
f 1071/1107/619 1010/1046/619 1008/1044/619
f 1010/1046/620 1071/1107/621 1070/1106/620
f 1070/1106/620 1012/1048/620 1010/1046/620
f 1012/1048/622 1070/1106/622 1069/1105/622
f 1069/1105/622 1014/1050/622 1012/1048/622
f 1014/1050/623 1069/1105/623 1068/1104/623
f 1068/1104/623 1016/1052/623 1014/1050/623
f 1016/1052/624 1068/1104/622 1065/1101/624
f 1065/1101/624 1018/1054/624 1016/1052/624
f 1018/1054/620 1065/1101/620 1062/1098/620
f 1062/1098/620 1020/1056/620 1018/1054/620
f 1020/1056/619 1062/1098/619 1061/1097/619
f 1061/1097/619 1022/1058/619 1020/1056/619
f 1022/1058/586 1061/1097/586 1060/1096/586
f 1060/1096/586 1024/1060/586 1022/1058/586
f 1024/1060/625 1060/1096/625 1059/1095/625
f 1059/1095/625 1026/1062/625 1024/1060/625
f 1026/1062/626 1059/1095/626 1054/1090/626
f 1054/1090/626 1028/1064/626 1026/1062/626
f 1028/1064/627 1054/1090/627 1053/1089/627
f 1053/1089/627 1030/1066/627 1028/1064/627
f 1030/1066/628 1053/1089/628 1052/1088/628
f 1052/1088/629 1032/1068/629 1030/1066/629
f 1032/1068/586 1052/1088/586 1051/1087/586
f 1051/1087/586 1034/1070/586 1032/1068/586
f 1034/1070/630 1051/1087/630 1050/1086/630
f 1050/1086/630 1036/1072/630 1034/1070/630
f 1036/1072/631 1050/1086/632 1049/1085/633
f 1049/1085/633 1038/1074/634 1036/1072/631
f 1038/1074/635 1049/1085/636 1048/1084/636
f 1048/1084/636 1040/1076/635 1038/1074/635
f 1040/1076/637 1048/1084/637 1055/1091/637
f 1055/1091/637 1042/1078/637 1040/1076/637
f 1042/1078/638 1055/1091/639 1056/1092/638
f 1056/1092/638 1044/1080/638 1042/1078/638
f 1044/1080/640 1056/1092/640 1057/1093/640
f 1057/1093/640 1046/1082/640 1044/1080/640
f 1046/1082/641 1057/1093/641 1058/1094/641
f 1058/1094/641 999/1035/641 1046/1082/641
f 1074/1110/138 1075/1111/138 1076/1112/138
f 1076/1112/138 1077/1113/138 1074/1110/138
f 1078/1114/137 1079/1115/137 1080/1116/137
f 1080/1116/137 1081/1117/137 1078/1114/137
f 1082/1118/3 1083/1119/3 1084/1120/3
f 1084/1120/3 1085/1121/3 1082/1118/3
f 1075/1111/139 1082/1118/139 1085/1121/139
f 1085/1121/139 1076/1112/139 1075/1111/139
f 1086/1122/138 1087/1123/138 1075/1111/138
f 1075/1111/138 1074/1110/138 1086/1122/138
f 1088/1124/642 1089/1125/642 1079/1115/642
f 1079/1115/642 1078/1114/642 1088/1124/642
f 1090/1126/3 1091/1127/3 1083/1119/3
f 1083/1119/3 1082/1118/3 1090/1126/3
f 1087/1123/643 1090/1126/643 1082/1118/643
f 1082/1118/643 1075/1111/643 1087/1123/643
f 1092/1128/28 1089/1125/28 1088/1124/28
f 1088/1124/28 1093/1129/28 1092/1128/28
f 1084/1120/531 1077/1113/531 1076/1112/531
f 1076/1112/531 1085/1121/531 1084/1120/531
f 1077/1113/644 1080/1116/644 1079/1115/644
f 1079/1115/644 1074/1110/644 1077/1113/644
f 1074/1110/645 1079/1115/645 1089/1125/645
f 1089/1125/645 1086/1122/645 1074/1110/645
f 1086/1122/535 1089/1125/535 1092/1128/535
f 1092/1128/535 1094/1130/535 1086/1122/535
f 1094/1130/646 1092/1128/646 1093/1129/646
f 1093/1129/646 1095/1131/646 1094/1130/646
f 1095/1131/537 1093/1129/537 1088/1124/537
f 1088/1124/537 1091/1127/537 1095/1131/537
f 1091/1127/647 1088/1124/647 1078/1114/647
f 1078/1114/647 1083/1119/647 1091/1127/647
f 1083/1119/648 1078/1114/648 1081/1117/648
f 1081/1117/648 1084/1120/648 1083/1119/648
f 1084/1120/649 1081/1117/649 1080/1116/649
f 1080/1116/649 1077/1113/649 1084/1120/649
f 1096/1132/139 1097/1133/139 1098/1134/139
f 1096/1132/139 1098/1134/139 1099/1135/139
f 1096/1132/139 1099/1135/139 1100/1136/139
f 1100/1136/650 1101/1137/650 1102/1138/650
f 1102/1138/650 1096/1132/650 1100/1136/650
f 1103/1139/28 1104/1140/28 1105/1141/28
f 1106/1142/28 1103/1139/28 1105/1141/28
f 1107/1143/28 1106/1142/28 1105/1141/28
f 1107/1143/28 1105/1141/28 1108/1144/28
f 1109/1145/28 1107/1143/28 1108/1144/28
f 1109/1145/28 1108/1144/28 1110/1146/28
f 1111/1147/28 1109/1145/28 1110/1146/28
f 1112/1148/28 1111/1147/28 1110/1146/28
f 1095/1131/3 1091/1127/3 1090/1126/3
f 1095/1131/3 1090/1126/3 1113/1149/3
f 1114/1150/3 1095/1131/3 1113/1149/3
f 1113/1149/139 1115/1151/139 1116/1152/139
f 1116/1152/139 1114/1150/139 1113/1149/139
f 1117/1153/3 1118/1154/3 1119/1155/3
f 1119/1155/3 1120/1156/3 1117/1153/3
f 1121/1157/137 1122/1158/137 1123/1159/137
f 1123/1159/137 1124/1160/137 1121/1157/137
f 1115/1151/141 1117/1153/141 1120/1156/141
f 1120/1156/141 1116/1152/141 1115/1151/141
f 1118/1154/207 1121/1157/207 1124/1160/207
f 1124/1160/207 1119/1155/207 1118/1154/207
f 1095/1131/546 1110/1146/546 1108/1144/555
f 1108/1144/555 1094/1130/555 1095/1131/546
f 1094/1130/545 1108/1144/545 1105/1141/545
f 1105/1141/545 1101/1137/545 1094/1130/545
f 1101/1137/549 1105/1141/549 1104/1140/544
f 1104/1140/544 1102/1138/544 1101/1137/549
f 1102/1138/548 1104/1140/548 1103/1139/547
f 1103/1139/547 1123/1159/547 1102/1138/548
f 1123/1159/546 1103/1139/546 1106/1142/555
f 1106/1142/555 1124/1160/554 1123/1159/546
f 1124/1160/552 1106/1142/552 1107/1143/553
f 1107/1143/553 1119/1155/553 1124/1160/552
f 1119/1155/548 1107/1143/548 1109/1145/548
f 1109/1145/548 1120/1156/547 1119/1155/548
f 1120/1156/651 1109/1145/651 1111/1147/651
f 1111/1147/651 1116/1152/651 1120/1156/651
f 1116/1152/549 1111/1147/549 1112/1148/652
f 1112/1148/652 1114/1150/652 1116/1152/549
f 1114/1150/548 1112/1148/548 1110/1146/547
f 1110/1146/547 1095/1131/547 1114/1150/548
f 1097/1133/3 1096/1132/3 1102/1138/3
f 1102/1138/3 1123/1159/3 1122/1158/3
f 1097/1133/3 1102/1138/3 1122/1158/3
f 1125/1161/3 1097/1133/3 1122/1158/3
f 889/920/3 1126/1162/3 1127/1163/3
f 1127/1163/3 890/921/3 889/920/3
f 1125/1161/139 1128/1164/139 1098/1134/139
f 1098/1134/139 1097/1133/139 1125/1161/139
f 1125/1161/31 1122/1158/31 1121/1157/31
f 1125/1161/31 1121/1157/31 1118/1154/31
f 1113/1149/31 1090/1126/31 1087/1123/31
f 1115/1151/31 1113/1149/31 1087/1123/31
f 1117/1153/31 1115/1151/31 1087/1123/31
f 1118/1154/31 1117/1153/31 1087/1123/31
f 895/926/31 894/925/31 1128/1164/31
f 1087/1123/31 895/926/31 1128/1164/31
f 1118/1154/31 1087/1123/31 1128/1164/31
f 1125/1161/31 1118/1154/31 1128/1164/31
f 896/927/557 1098/1134/557 1126/1162/557
f 1126/1162/557 889/920/557 896/927/557
f 1128/1164/653 1127/1163/653 1126/1162/653
f 1126/1162/653 1098/1134/653 1128/1164/653
f 1129/1165/139 1130/1166/139 1131/1167/139
f 1131/1167/139 1132/1168/139 1129/1165/139
f 1133/1169/654 1134/1170/654 1135/1171/654
f 1135/1171/654 1136/1172/654 1133/1169/654
f 1137/1173/3 1138/1174/3 1139/1175/3
f 1139/1175/3 1140/1176/3 1137/1173/3
f 1135/1171/561 1141/1177/560 1131/1167/560
f 1136/1172/561 1135/1171/561 1131/1167/560
f 1130/1166/561 1136/1172/561 1131/1167/560
f 1132/1168/138 1131/1167/138 1141/1177/138
f 1141/1177/138 1142/1178/138 1132/1168/138
f 1134/1170/562 1133/1169/562 1129/1165/562
f 1142/1178/562 1134/1170/562 1129/1165/562
f 1132/1168/562 1142/1178/562 1129/1165/562
f 1129/1165/139 1137/1173/139 1140/1176/139
f 1140/1176/139 1130/1179/139 1129/1165/139
f 1130/1179/31 1140/1176/31 1139/1175/31
f 1139/1175/31 1136/1180/31 1130/1179/31
f 1143/1181/137 1144/1182/137 1145/1183/137
f 1145/1183/137 1146/1184/137 1143/1181/137
f 1133/1169/28 1138/1174/28 1137/1173/28
f 1137/1173/28 1129/1165/28 1133/1169/28
f 1133/1169/138 1136/1180/138 1147/1185/138
f 1147/1185/138 1148/1186/138 1133/1169/138
f 1148/1186/28 1143/1181/28 1146/1184/28
f 1148/1186/28 1146/1184/28 1138/1174/28
f 1133/1169/28 1148/1186/28 1138/1174/28
f 1138/1174/3 1146/1184/3 1145/1183/3
f 1145/1183/3 1139/1175/3 1138/1174/3
f 1145/1183/31 1144/1182/31 1147/1185/31
f 1145/1183/31 1147/1185/31 1136/1180/31
f 1139/1175/31 1145/1183/31 1136/1180/31
f 1134/1170/655 1142/1178/655 1141/1177/655
f 1141/1177/655 1135/1171/655 1134/1170/655
f 1143/1181/209 1148/1186/209 1147/1185/656
f 1147/1185/656 1144/1182/656 1143/1181/209
f 917/953/138 895/926/138 1087/1123/138
f 1087/1123/138 1086/1122/138 1094/1130/138
f 1101/1137/138 1100/1136/138 1099/1135/138
f 1094/1130/138 1101/1137/138 1099/1135/138
f 1087/1123/138 1094/1130/138 1099/1135/138
f 917/953/138 1087/1123/138 1099/1135/138
f 1098/1134/28 896/927/28 917/953/28
f 917/953/28 1099/1135/28 1098/1134/28
f 894/925/564 890/921/564 1127/1163/564
f 1127/1163/564 1128/1164/564 894/925/564
f 1149/1187/657 1150/1188/657 1151/1189/657
f 1151/1189/657 1152/1190/657 1149/1187/657
f 1153/1191/658 1154/1192/658 1155/1193/658
f 1155/1193/658 1156/1194/658 1153/1191/658
f 1157/1195/659 1158/1196/659 1159/1197/659
f 1160/1198/659 1157/1195/659 1159/1197/659
f 1160/1198/660 1159/1197/660 1161/1199/660
f 1153/1191/139 1156/1194/139 1162/1200/139
f 1163/1201/139 1153/1191/139 1162/1200/139
f 1164/1202/139 1163/1201/139 1162/1200/139
f 1153/1191/3 1165/1203/3 1166/1204/3
f 1166/1204/3 1154/1192/3 1153/1191/3
f 1167/1205/661 1161/1199/662 1159/1197/663
f 1168/1206/664 1167/1205/661 1159/1197/663
f 1169/1207/665 1168/1206/665 1159/1197/665
f 1170/1208/138 1171/1209/138 1172/1210/138
f 1172/1210/138 1173/1211/138 1170/1208/138
f 1170/1208/139 1162/1200/139 1156/1194/139
f 1156/1194/666 1155/1193/666 1171/1209/666
f 1171/1209/666 1170/1208/666 1156/1194/666
f 1173/1211/667 1172/1210/667 1159/1197/667
f 1159/1197/668 1158/1196/668 1173/1211/668
f 1172/1210/669 1171/1209/669 1169/1207/669
f 1169/1207/670 1159/1197/670 1172/1210/670
f 1171/1209/671 1155/1193/672 1168/1206/672
f 1168/1206/672 1169/1207/671 1171/1209/671
f 1155/1193/673 1154/1192/673 1167/1205/673
f 1167/1205/674 1168/1206/674 1155/1193/674
f 1154/1192/675 1166/1204/675 1161/1199/675
f 1161/1199/676 1167/1205/676 1154/1192/676
f 1166/1204/677 1165/1203/677 1160/1198/677
f 1160/1198/678 1161/1199/678 1166/1204/678
f 1165/1203/139 1153/1191/139 1174/1212/139
f 1174/1212/139 1175/1213/139 1176/1214/139
f 1165/1203/139 1174/1212/139 1176/1214/139
f 1153/1191/139 1163/1201/139 1177/1215/139
f 1177/1215/139 1174/1212/139 1153/1191/139
f 1178/1216/679 1179/1217/680 1180/1218/680
f 1180/1218/680 1181/1219/679 1178/1216/679
f 1182/1220/679 1183/1221/679 1184/1222/679
f 1184/1222/679 1185/1223/679 1182/1220/679
f 1186/1224/681 1187/1225/681 1188/1226/681
f 1188/1226/681 1189/1227/681 1186/1224/681
f 1190/1228/682 1191/1229/682 1189/1227/682
f 1189/1227/682 1188/1226/682 1190/1228/682
f 1191/1229/3 1192/1230/3 1186/1224/3
f 1186/1224/3 1189/1227/3 1191/1229/3
f 1192/1230/683 1193/1231/683 1187/1225/683
f 1187/1225/683 1186/1224/683 1192/1230/683
f 1187/1225/3 1193/1231/3 1175/1213/3
f 1187/1225/3 1175/1213/3 1174/1212/3
f 1188/1226/3 1187/1225/3 1174/1212/3
f 1174/1212/3 1177/1215/3 1194/1232/3
f 1188/1226/3 1174/1212/3 1194/1232/3
f 1190/1228/3 1188/1226/3 1194/1232/3
f 1195/1233/3 1196/1234/3 1197/1235/3
f 1198/1236/3 1195/1233/3 1197/1235/3
f 1198/1236/3 1197/1235/3 1199/1237/3
f 1194/1232/3 1198/1236/3 1199/1237/3
f 1194/1232/138 1199/1237/138 1200/1238/138
f 1190/1228/3 1194/1232/3 1200/1238/3
f 1165/1203/684 1176/1214/684 1182/1220/684
f 1182/1220/684 1201/1239/684 1165/1203/684
f 1176/1214/684 1175/1213/684 1183/1221/684
f 1183/1221/684 1182/1220/684 1176/1214/684
f 1175/1213/685 1193/1231/685 1184/1222/685
f 1184/1222/685 1183/1221/685 1175/1213/685
f 1193/1231/686 1192/1230/686 1185/1223/686
f 1185/1223/687 1184/1222/687 1193/1231/687
f 1192/1230/688 1191/1229/688 1181/1219/688
f 1181/1219/688 1185/1223/688 1192/1230/688
f 1191/1229/689 1190/1228/689 1178/1216/689
f 1178/1216/690 1181/1219/690 1191/1229/690
f 1202/1240/138 1203/1241/138 1204/1242/138
f 1204/1242/138 1163/1201/138 1202/1240/138
f 1177/1215/139 1163/1201/139 1204/1242/139
f 1177/1215/139 1204/1242/139 1205/1243/139
f 1177/1215/139 1205/1243/139 1206/1244/139
f 1207/1245/679 1208/1246/680 1209/1247/680
f 1180/1218/680 1207/1245/679 1209/1247/680
f 1181/1219/679 1180/1218/680 1209/1247/680
f 1185/1223/679 1181/1219/679 1209/1247/680
f 1182/1220/691 1185/1223/691 1209/1247/691
f 1201/1239/680 1182/1220/680 1209/1247/680
f 1202/1240/28 1163/1201/28 1164/1202/28
f 1164/1202/28 1210/1248/28 1202/1240/28
f 1211/1249/658 1212/1250/658 1213/1251/658
f 1213/1251/658 1214/1252/658 1211/1249/658
f 1215/1253/692 1216/1254/692 1217/1255/692
f 1217/1255/693 1218/1256/693 1219/1257/693
f 1215/1253/693 1217/1255/693 1219/1257/693
f 1220/1258/694 1212/1250/137 1211/1249/137
f 1220/1258/694 1211/1249/137 1202/1240/137
f 1210/1248/137 1220/1258/694 1202/1240/137
f 1211/1249/3 1214/1252/3 1221/1259/3
f 1221/1259/3 1222/1260/3 1211/1249/3
f 1217/1255/695 1216/1254/696 1223/1261/695
f 1217/1255/695 1223/1261/695 1224/1262/697
f 1225/1263/698 1217/1255/698 1224/1262/698
f 1226/1264/138 1227/1265/138 1228/1266/138
f 1228/1266/138 1229/1267/138 1226/1264/138
f 1226/1264/137 1212/1250/137 1220/1258/694
f 1212/1250/666 1226/1264/666 1229/1267/666
f 1229/1267/666 1213/1251/666 1212/1250/666
f 1227/1265/699 1218/1256/699 1217/1255/699
f 1217/1255/700 1228/1266/700 1227/1265/700
f 1228/1266/701 1217/1255/701 1225/1263/701
f 1225/1263/701 1229/1267/701 1228/1266/701
f 1229/1267/702 1225/1263/702 1224/1262/702
f 1224/1262/702 1213/1251/702 1229/1267/702
f 1213/1251/703 1224/1262/703 1223/1261/703
f 1223/1261/704 1214/1252/704 1213/1251/704
f 1214/1252/705 1223/1261/705 1216/1254/705
f 1216/1254/706 1221/1259/706 1214/1252/706
f 1221/1259/707 1216/1254/707 1215/1253/707
f 1215/1253/708 1222/1260/708 1221/1259/708
f 1230/1268/28 1205/1243/28 1204/1242/28
f 1204/1242/28 1203/1241/28 1230/1268/28
f 1231/1269/137 1195/1233/137 1198/1236/137
f 1222/1260/137 1231/1269/137 1198/1236/137
f 1222/1260/137 1198/1236/137 1211/1249/137
f 1211/1249/137 1198/1236/137 1194/1232/137
f 1194/1232/137 1202/1240/137 1211/1249/137
f 1208/1246/680 1207/1245/679 1232/1270/679
f 1232/1270/679 1233/1271/679 1208/1246/680
f 1234/1272/681 1235/1273/681 1199/1237/681
f 1199/1237/681 1197/1235/681 1234/1272/681
f 1200/1238/709 1199/1237/709 1235/1273/709
f 1235/1273/709 1236/1274/710 1200/1238/709
f 1236/1274/3 1235/1273/3 1234/1272/3
f 1234/1272/3 1237/1275/3 1236/1274/3
f 1237/1275/711 1234/1272/711 1197/1235/711
f 1197/1235/711 1196/1234/711 1237/1275/711
f 1222/1260/712 1209/1247/712 1208/1246/712
f 1208/1246/712 1231/1269/712 1222/1260/712
f 1231/1269/712 1208/1246/712 1233/1271/712
f 1233/1271/712 1195/1233/712 1231/1269/712
f 1195/1233/685 1233/1271/685 1232/1270/685
f 1232/1270/685 1196/1234/685 1195/1233/685
f 1196/1234/713 1232/1270/713 1207/1245/713
f 1207/1245/714 1237/1275/714 1196/1234/714
f 1237/1275/688 1207/1245/688 1180/1218/688
f 1180/1218/688 1236/1274/688 1237/1275/688
f 1236/1274/715 1180/1218/715 1179/1217/715
f 1179/1217/716 1200/1238/716 1236/1274/716
f 1200/1238/685 1179/1217/685 1178/1216/685
f 1178/1216/685 1190/1228/685 1200/1238/685
f 1194/1232/137 1238/1276/137 1230/1268/137
f 1194/1232/137 1230/1268/137 1203/1241/137
f 1194/1232/137 1203/1241/137 1202/1240/137
f 1226/1264/137 1220/1258/694 1210/1248/137
f 1227/1265/3 1226/1264/3 1210/1248/3
f 1173/1211/138 1227/1265/138 1210/1248/138
f 1170/1208/138 1173/1211/138 1210/1248/138
f 1162/1200/138 1170/1208/138 1210/1248/138
f 1164/1202/138 1162/1200/138 1210/1248/138
f 1173/1211/717 1158/1196/717 1218/1256/717
f 1218/1256/717 1227/1265/717 1173/1211/717
f 1201/1239/718 1209/1247/718 1222/1260/718
f 1222/1260/718 1165/1203/718 1201/1239/718
f 1206/1244/3 1238/1276/3 1194/1232/3
f 1194/1232/3 1177/1215/3 1206/1244/3
f 1239/1277/719 1240/1278/719 1241/1279/719
f 1241/1279/719 1242/1280/719 1239/1277/719
f 1206/1244/139 1205/1243/139 1243/1281/139
f 1243/1281/139 1244/1282/139 1206/1244/139
f 1205/1243/138 1230/1268/138 1245/1283/138
f 1245/1283/138 1243/1281/138 1205/1243/138
f 1230/1268/137 1238/1276/137 1246/1284/137
f 1246/1284/137 1245/1283/137 1230/1268/137
f 1238/1276/3 1206/1244/3 1244/1282/3
f 1244/1282/3 1246/1284/3 1238/1276/3
f 1244/1282/720 1243/1281/720 1241/1279/720
f 1241/1279/720 1240/1278/720 1244/1282/720
f 1243/1281/721 1245/1283/721 1242/1280/721
f 1242/1280/721 1241/1279/721 1243/1281/721
f 1245/1283/722 1246/1284/722 1239/1277/722
f 1239/1277/722 1242/1280/722 1245/1283/722
f 1246/1284/723 1244/1282/723 1240/1278/723
f 1240/1278/723 1239/1277/723 1246/1284/723
f 1247/1285/657 1248/1286/657 1249/1287/657
f 1247/1285/657 1249/1287/657 1250/1288/724
f 1247/1285/657 1250/1288/724 1251/1289/657
f 1252/1290/657 1247/1285/657 1251/1289/657
f 1253/1291/657 1254/1292/657 1252/1290/657
f 1252/1290/657 1251/1289/657 1253/1291/657
f 1249/1287/657 1255/1293/657 1256/1294/657
f 1256/1294/657 1250/1288/724 1249/1287/657
f 1257/1295/725 1258/1296/725 1150/1188/725
f 1150/1188/725 1149/1187/725 1257/1295/725
f 1258/1296/726 1259/1297/726 1151/1189/726
f 1151/1189/726 1150/1188/726 1258/1296/726
f 1259/1297/727 1260/1298/727 1152/1190/727
f 1152/1190/727 1151/1189/727 1259/1297/727
f 1261/1299/728 1260/1298/728 1160/1198/728
f 1261/1299/728 1160/1198/728 1165/1203/728
f 1262/1300/728 1261/1299/728 1165/1203/728
f 1262/1300/728 1165/1203/728 1222/1260/728
f 1257/1295/728 1262/1300/728 1222/1260/728
f 1257/1295/728 1222/1260/728 1215/1253/728
f 1262/1300/139 1257/1295/139 1149/1187/139
f 1262/1300/31 1149/1187/31 1152/1190/31
f 1152/1190/31 1261/1299/31 1262/1300/31
f 1260/1298/137 1261/1299/137 1152/1190/137
f 1158/1196/729 1157/1195/729 1249/1287/729
f 1249/1287/729 1248/1286/729 1158/1196/729
f 1157/1195/729 1160/1198/729 1255/1293/729
f 1255/1293/729 1249/1287/729 1157/1195/729
f 1160/1198/730 1260/1298/730 1256/1294/730
f 1256/1294/730 1255/1293/730 1160/1198/730
f 1260/1298/731 1259/1297/732 1250/1288/731
f 1250/1288/731 1256/1294/731 1260/1298/731
f 1259/1297/730 1258/1296/730 1251/1289/730
f 1251/1289/730 1250/1288/730 1259/1297/730
f 1258/1296/733 1257/1295/734 1253/1291/734
f 1253/1291/734 1251/1289/733 1258/1296/733
f 1257/1295/730 1215/1253/730 1254/1292/730
f 1254/1292/730 1253/1291/730 1257/1295/730
f 1215/1253/735 1219/1257/735 1252/1290/735
f 1252/1290/735 1254/1292/735 1215/1253/735
f 1219/1257/735 1218/1256/735 1247/1285/735
f 1247/1285/735 1252/1290/735 1219/1257/735
f 1218/1256/736 1158/1196/736 1248/1286/736
f 1248/1286/736 1247/1285/736 1218/1256/736
f 1263/1301/737 1264/1302/737 1265/1303/737
f 1265/1303/737 1266/1304/737 1263/1301/737
f 1264/1302/138 1267/1305/138 1268/1306/138
f 1268/1306/138 1265/1303/138 1264/1302/138
f 1267/1305/738 1269/1307/738 1270/1308/738
f 1270/1308/738 1268/1306/738 1267/1305/738
f 1269/1307/739 1271/1309/739 1272/1310/739
f 1272/1310/739 1270/1308/739 1269/1307/739
f 1271/1309/3 1273/1311/3 1274/1312/3
f 1274/1312/3 1272/1310/3 1271/1309/3
f 1273/1311/740 1263/1301/740 1266/1304/740
f 1266/1304/740 1274/1312/740 1273/1311/740
f 1266/1304/139 1265/1303/139 1268/1306/139
f 1268/1306/139 1270/1308/139 1272/1310/139
f 1266/1304/139 1268/1306/139 1272/1310/139
f 1274/1312/139 1266/1304/139 1272/1310/139
f 1264/1302/741 1263/1301/741 1275/1313/741
f 1275/1313/741 1276/1314/741 1264/1302/741
f 1263/1301/742 1273/1311/742 1277/1315/742
f 1277/1315/742 1275/1313/742 1263/1301/742
f 1273/1311/743 1271/1309/743 1278/1316/743
f 1278/1316/743 1277/1315/743 1273/1311/743
f 1271/1309/744 1269/1307/744 1279/1317/744
f 1279/1317/744 1278/1316/744 1271/1309/744
f 1269/1307/745 1267/1305/745 1280/1318/745
f 1280/1318/745 1279/1317/745 1269/1307/745
f 1267/1305/746 1264/1302/746 1276/1314/746
f 1276/1314/746 1280/1318/746 1267/1305/746
f 1276/1314/137 1275/1313/137 1281/1319/137
f 1281/1319/137 1282/1320/137 1276/1314/137
f 1275/1313/137 1277/1315/137 1283/1321/137
f 1283/1321/137 1281/1319/137 1275/1313/137
f 1277/1315/137 1278/1316/137 1284/1322/137
f 1284/1322/137 1283/1321/137 1277/1315/137
f 1278/1316/137 1279/1317/137 1285/1323/137
f 1285/1323/137 1284/1322/137 1278/1316/137
f 1279/1317/137 1280/1318/137 1286/1324/137
f 1286/1324/137 1285/1323/137 1279/1317/137
f 1280/1318/137 1276/1314/137 1282/1320/137
f 1282/1320/137 1286/1324/137 1280/1318/137
f 1281/1319/737 1287/1325/737 1288/1326/737
f 1288/1326/737 1282/1320/737 1281/1319/737
f 1283/1321/740 1289/1327/740 1287/1325/740
f 1287/1325/740 1281/1319/740 1283/1321/740
f 1284/1322/3 1290/1328/3 1289/1327/3
f 1289/1327/3 1283/1321/3 1284/1322/3
f 1285/1323/739 1291/1329/739 1290/1328/739
f 1290/1328/739 1284/1322/739 1285/1323/739
f 1286/1324/738 1292/1330/738 1291/1329/738
f 1291/1329/738 1285/1323/738 1286/1324/738
f 1282/1320/138 1288/1326/138 1292/1330/138
f 1292/1330/138 1286/1324/138 1282/1320/138
f 1293/1331/737 1294/1332/737 1295/1333/737
f 1295/1333/737 1296/1334/737 1293/1331/737
f 1296/1334/138 1295/1333/138 1297/1335/138
f 1297/1335/138 1298/1336/138 1296/1334/138
f 1298/1336/738 1297/1335/738 1299/1337/738
f 1299/1337/738 1300/1338/738 1298/1336/738
f 1300/1338/739 1299/1337/739 1301/1339/739
f 1301/1339/739 1302/1340/739 1300/1338/739
f 1302/1340/3 1301/1339/3 1303/1341/3
f 1303/1341/3 1304/1342/3 1302/1340/3
f 1304/1342/740 1303/1341/740 1294/1332/740
f 1294/1332/740 1293/1331/740 1304/1342/740
f 1301/1339/137 1299/1337/137 1297/1335/137
f 1297/1335/137 1295/1333/137 1294/1332/137
f 1301/1339/137 1297/1335/137 1294/1332/137
f 1303/1341/137 1301/1339/137 1294/1332/137
f 1296/1334/747 1305/1343/747 1306/1344/747
f 1306/1344/747 1293/1331/747 1296/1334/747
f 1293/1331/748 1306/1344/748 1307/1345/748
f 1307/1345/748 1304/1342/748 1293/1331/748
f 1304/1342/749 1307/1345/749 1308/1346/750
f 1308/1346/750 1302/1340/750 1304/1342/749
f 1302/1340/751 1308/1346/751 1309/1347/751
f 1309/1347/751 1300/1338/751 1302/1340/751
f 1300/1338/752 1309/1347/752 1310/1348/752
f 1310/1348/752 1298/1336/752 1300/1338/752
f 1298/1336/753 1310/1348/753 1305/1343/754
f 1305/1343/754 1296/1334/754 1298/1336/753
f 1305/1343/139 1288/1326/139 1287/1325/139
f 1287/1325/139 1306/1344/139 1305/1343/139
f 1306/1344/139 1287/1325/139 1289/1327/139
f 1289/1327/139 1307/1345/139 1306/1344/139
f 1307/1345/139 1289/1327/139 1290/1328/139
f 1290/1328/139 1308/1346/139 1307/1345/139
f 1308/1346/139 1290/1328/139 1291/1329/139
f 1291/1329/139 1309/1347/139 1308/1346/139
f 1309/1347/139 1291/1329/139 1292/1330/139
f 1292/1330/139 1310/1348/139 1309/1347/139
f 1310/1348/139 1292/1330/139 1288/1326/139
f 1288/1326/139 1305/1343/139 1310/1348/139
f 1311/1349/139 1312/1350/139 1313/1351/139
f 1313/1351/139 1314/1352/139 1315/1353/139
f 1315/1353/139 1316/1354/139 1317/1355/139
f 1313/1351/139 1315/1353/139 1317/1355/139
f 1317/1355/139 1318/1356/139 1319/1357/139
f 1319/1357/139 1320/1358/139 1321/1359/139
f 1317/1355/139 1319/1357/139 1321/1359/139
f 1321/1359/139 1322/1360/139 1323/1361/139
f 1323/1361/139 1324/1362/139 1325/1363/139
f 1321/1359/139 1323/1361/139 1325/1363/139
f 1317/1355/139 1321/1359/139 1325/1363/139
f 1313/1351/139 1317/1355/139 1325/1363/139
f 1325/1363/139 1326/1364/139 1327/1365/139
f 1313/1351/139 1325/1363/139 1327/1365/139
f 1311/1349/139 1313/1351/139 1327/1365/139
f 1328/1366/139 1311/1349/139 1327/1365/139
f 1329/1367/139 1330/1368/139 1331/1369/139
f 1329/1367/139 1331/1369/139 1332/1370/139
f 1333/1371/139 1329/1367/139 1332/1370/139
f 1333/1371/139 1332/1370/139 1334/1372/139
f 1335/1373/139 1333/1371/139 1334/1372/139
f 1335/1373/139 1334/1372/139 1336/1374/139
f 1337/1375/139 1335/1373/139 1336/1374/139
f 1337/1375/139 1336/1374/139 1338/1376/755
f 1339/1377/139 1337/1375/139 1338/1376/755
f 1339/1377/139 1338/1376/755 1340/1378/139
f 1341/1379/139 1339/1377/139 1340/1378/139
f 1341/1379/139 1340/1378/139 1342/1380/139
f 1343/1381/139 1341/1379/139 1342/1380/139
f 1343/1381/139 1342/1380/139 1344/1382/139
f 1345/1383/139 1343/1381/139 1344/1382/139
f 1345/1383/139 1344/1382/139 1346/1384/139
f 1347/1385/139 1345/1383/139 1346/1384/139
f 1347/1385/139 1346/1384/139 1348/1386/139
f 1349/1387/139 1347/1385/139 1348/1386/139
f 1349/1387/139 1348/1386/139 1350/1388/139
f 1351/1389/139 1349/1387/139 1350/1388/139
f 1351/1389/139 1350/1388/139 1352/1390/139
f 1353/1391/139 1351/1389/139 1352/1390/139
f 1353/1391/139 1352/1390/139 1354/1392/139
f 1355/1393/139 1353/1391/139 1354/1392/139
f 1355/1393/139 1354/1392/139 1356/1394/139
f 1357/1395/139 1355/1393/139 1356/1394/139
f 1357/1395/139 1356/1394/139 1358/1396/139
f 1359/1397/139 1357/1395/139 1358/1396/139
f 1359/1397/139 1358/1396/139 1360/1398/139
f 1361/1399/139 1359/1397/139 1360/1398/139
f 1361/1399/139 1360/1398/139 1362/1400/139
f 1363/1401/139 1361/1399/139 1362/1400/139
f 1363/1401/139 1362/1400/139 1364/1402/139
f 1330/1368/139 1363/1401/139 1364/1402/139
f 1330/1368/139 1364/1402/139 1331/1369/139
f 1340/1378/756 1338/1376/756 1312/1350/756
f 1312/1350/756 1311/1349/756 1340/1378/756
f 1338/1376/739 1336/1374/739 1313/1351/739
f 1313/1351/739 1312/1350/739 1338/1376/739
f 1336/1374/757 1334/1372/757 1314/1352/757
f 1314/1352/757 1313/1351/757 1336/1374/757
f 1334/1372/758 1332/1370/758 1315/1353/758
f 1315/1353/758 1314/1352/758 1334/1372/758
f 1332/1370/3 1331/1369/3 1316/1354/3
f 1316/1354/3 1315/1353/3 1332/1370/3
f 1331/1369/759 1364/1402/759 1317/1355/759
f 1317/1355/759 1316/1354/759 1331/1369/759
f 1364/1402/760 1362/1400/760 1318/1356/760
f 1318/1356/760 1317/1355/760 1364/1402/760
f 1362/1400/740 1360/1398/740 1319/1357/740
f 1319/1357/740 1318/1356/740 1362/1400/740
f 1360/1398/761 1358/1396/761 1320/1358/761
f 1320/1358/761 1319/1357/761 1360/1398/761
f 1358/1396/762 1356/1394/762 1321/1359/762
f 1321/1359/762 1320/1358/762 1358/1396/762
f 1356/1394/737 1354/1392/737 1322/1360/737
f 1322/1360/737 1321/1359/737 1356/1394/737
f 1354/1392/763 1352/1390/763 1323/1361/763
f 1323/1361/763 1322/1360/763 1354/1392/763
f 1352/1390/764 1350/1388/764 1324/1362/764
f 1324/1362/764 1323/1361/764 1352/1390/764
f 1350/1388/138 1348/1386/138 1325/1363/138
f 1325/1363/138 1324/1362/138 1350/1388/138
f 1348/1386/765 1346/1384/765 1326/1364/765
f 1326/1364/765 1325/1363/765 1348/1386/765
f 1346/1384/766 1344/1382/766 1327/1365/766
f 1327/1365/766 1326/1364/766 1346/1384/766
f 1344/1382/738 1342/1380/738 1328/1366/738
f 1328/1366/738 1327/1365/738 1344/1382/738
f 1342/1380/767 1340/1378/767 1311/1349/767
f 1311/1349/767 1328/1366/767 1342/1380/767
f 1365/1403/137 1366/1404/137 1367/1405/137
f 1367/1405/137 1368/1406/137 1369/1407/137
f 1369/1407/137 1370/1408/137 1371/1409/137
f 1367/1405/137 1369/1407/137 1371/1409/137
f 1371/1409/137 1372/1410/137 1373/1411/137
f 1373/1411/137 1374/1412/137 1375/1413/137
f 1371/1409/137 1373/1411/137 1375/1413/137
f 1375/1413/137 1376/1414/137 1377/1415/137
f 1377/1415/137 1378/1416/137 1379/1417/137
f 1375/1413/137 1377/1415/137 1379/1417/137
f 1371/1409/137 1375/1413/137 1379/1417/137
f 1367/1405/137 1371/1409/137 1379/1417/137
f 1379/1417/137 1380/1418/137 1381/1419/137
f 1367/1405/137 1379/1417/137 1381/1419/137
f 1365/1403/137 1367/1405/137 1381/1419/137
f 1382/1420/137 1365/1403/137 1381/1419/137
f 1383/1421/768 1384/1422/768 1337/1375/768
f 1337/1375/768 1339/1377/768 1383/1421/768
f 1384/1422/737 1385/1423/737 1335/1373/737
f 1335/1373/737 1337/1375/737 1384/1422/737
f 1385/1423/763 1386/1424/763 1333/1371/763
f 1333/1371/763 1335/1373/763 1385/1423/763
f 1386/1424/764 1387/1425/764 1329/1367/764
f 1329/1367/764 1333/1371/764 1386/1424/764
f 1387/1425/138 1388/1426/138 1330/1368/138
f 1330/1368/138 1329/1367/138 1387/1425/138
f 1388/1426/765 1389/1427/765 1363/1401/765
f 1363/1401/765 1330/1368/765 1388/1426/765
f 1389/1427/766 1390/1428/766 1361/1399/766
f 1361/1399/766 1363/1401/766 1389/1427/766
f 1390/1428/738 1391/1429/738 1359/1397/738
f 1359/1397/738 1361/1399/738 1390/1428/738
f 1391/1429/767 1392/1430/767 1357/1395/767
f 1357/1395/767 1359/1397/767 1391/1429/767
f 1392/1430/756 1393/1431/756 1355/1393/756
f 1355/1393/756 1357/1395/756 1392/1430/756
f 1393/1431/739 1394/1432/739 1353/1391/739
f 1353/1391/739 1355/1393/739 1393/1431/739
f 1394/1432/757 1395/1433/757 1351/1389/757
f 1351/1389/757 1353/1391/757 1394/1432/757
f 1395/1433/758 1396/1434/758 1349/1387/758
f 1349/1387/758 1351/1389/758 1395/1433/758
f 1396/1434/3 1397/1435/3 1347/1385/3
f 1347/1385/3 1349/1387/3 1396/1434/3
f 1397/1435/759 1398/1436/759 1345/1383/759
f 1345/1383/759 1347/1385/759 1397/1435/759
f 1398/1436/760 1399/1437/760 1343/1381/760
f 1343/1381/760 1345/1383/760 1398/1436/760
f 1399/1437/740 1400/1438/740 1341/1379/740
f 1341/1379/740 1343/1381/740 1399/1437/740
f 1400/1438/761 1383/1421/769 1339/1377/769
f 1339/1377/769 1341/1379/761 1400/1438/761
f 1401/1439/139 1402/1440/139 1403/1441/139
f 1403/1441/139 1404/1442/139 1401/1439/139
f 1405/1443/770 1406/1444/771 1402/1440/770
f 1402/1440/770 1401/1439/770 1405/1443/770
f 1407/1445/137 1408/1446/137 1406/1444/137
f 1406/1444/137 1405/1443/137 1407/1445/137
f 1404/1442/772 1403/1441/772 1408/1446/772
f 1408/1446/772 1407/1445/772 1404/1442/772
f 1409/1447/773 1410/1448/773 1411/1449/773
f 1411/1449/773 1412/1450/773 1409/1447/773
f 1413/1451/774 1405/1443/774 1401/1439/774
f 1401/1439/775 1414/1452/775 1413/1451/775
f 1415/1453/137 1407/1445/137 1405/1443/137
f 1405/1443/137 1413/1451/137 1415/1453/137
f 1416/1454/776 1404/1442/776 1407/1445/776
f 1407/1445/777 1415/1453/777 1416/1454/777
f 1417/1455/778 1409/1447/778 1412/1450/778
f 1412/1450/778 1418/1456/778 1417/1455/778
f 1419/1457/779 1413/1451/779 1414/1452/779
f 1414/1452/780 1420/1458/780 1419/1457/780
f 1421/1459/781 1415/1453/781 1413/1451/781
f 1413/1451/781 1419/1457/781 1421/1459/781
f 1422/1460/782 1416/1454/782 1415/1453/782
f 1415/1453/783 1421/1459/783 1422/1460/783
f 1406/1444/3 1408/1446/3 1403/1441/3
f 1403/1441/3 1402/1440/3 1406/1444/3
f 1422/1460/784 1421/1459/784 1419/1457/784
f 1419/1457/784 1420/1458/784 1422/1460/784
f 1401/1439/785 1404/1442/785 1411/1449/785
f 1411/1449/785 1410/1448/785 1401/1439/785
f 1404/1442/786 1416/1454/787 1412/1450/786
f 1412/1450/788 1411/1449/788 1404/1442/788
f 1416/1454/789 1422/1460/790 1418/1456/791
f 1418/1456/791 1412/1450/792 1416/1454/789
f 1422/1460/793 1420/1458/794 1417/1455/794
f 1417/1455/794 1418/1456/793 1422/1460/793
f 1420/1458/795 1414/1452/796 1409/1447/797
f 1409/1447/797 1417/1455/798 1420/1458/795
f 1414/1452/799 1401/1439/799 1410/1448/799
f 1410/1448/800 1409/1447/800 1414/1452/801
f 1423/1461/139 1424/1462/139 1425/1463/139
f 1425/1463/139 1426/1464/139 1423/1461/139
f 1427/1465/802 1428/1466/802 1424/1462/802
f 1424/1462/802 1423/1461/802 1427/1465/802
f 1429/1467/137 1430/1468/137 1428/1466/137
f 1428/1466/137 1427/1465/137 1429/1467/137
f 1426/1464/803 1425/1463/803 1430/1468/803
f 1430/1468/803 1429/1467/803 1426/1464/803
f 1431/1469/804 1432/1470/804 1433/1471/805
f 1433/1471/805 1434/1472/805 1431/1469/804
f 1435/1473/806 1427/1465/806 1423/1461/806
f 1423/1461/807 1436/1474/807 1435/1473/807
f 1437/1475/137 1429/1467/137 1427/1465/137
f 1427/1465/137 1435/1473/137 1437/1475/137
f 1438/1476/808 1426/1464/808 1429/1467/808
f 1429/1467/809 1437/1475/809 1438/1476/809
f 1439/1477/810 1431/1469/810 1434/1472/810
f 1434/1472/810 1440/1478/810 1439/1477/810
f 1441/1479/811 1435/1473/811 1436/1474/811
f 1436/1474/812 1442/1480/812 1441/1479/812
f 1443/1481/813 1437/1475/814 1435/1473/813
f 1435/1473/813 1441/1479/813 1443/1481/813
f 1444/1482/815 1438/1476/815 1437/1475/815
f 1437/1475/816 1443/1481/816 1444/1482/816
f 1428/1466/740 1430/1468/740 1425/1463/740
f 1425/1463/740 1424/1462/740 1428/1466/740
f 1444/1482/817 1443/1481/817 1441/1479/818
f 1441/1479/818 1442/1480/818 1444/1482/817
f 1423/1461/819 1426/1464/820 1433/1471/820
f 1433/1471/820 1432/1470/819 1423/1461/819
f 1426/1464/821 1438/1476/821 1434/1472/821
f 1434/1472/822 1433/1471/822 1426/1464/822
f 1438/1476/823 1444/1482/824 1440/1478/825
f 1440/1478/825 1434/1472/826 1438/1476/823
f 1444/1482/827 1442/1480/827 1439/1477/827
f 1439/1477/827 1440/1478/827 1444/1482/827
f 1442/1480/828 1436/1474/829 1431/1469/830
f 1431/1469/830 1439/1477/831 1442/1480/828
f 1436/1474/832 1423/1461/832 1432/1470/832
f 1432/1470/833 1431/1469/833 1436/1474/833
f 1445/1483/137 1446/1484/137 1447/1485/137
f 1447/1485/137 1448/1486/137 1449/1487/137
f 1445/1483/137 1447/1485/137 1449/1487/137
f 1450/1488/137 1445/1483/137 1449/1487/137
f 1449/1487/834 1448/1486/835 1451/1489/834
f 1451/1489/834 1452/1490/836 1449/1487/834
f 1448/1486/837 1447/1485/837 1453/1491/837
f 1453/1491/837 1451/1489/837 1448/1486/837
f 1447/1485/838 1446/1484/839 1454/1492/838
f 1454/1492/838 1453/1491/840 1447/1485/838
f 1446/1484/841 1445/1483/842 1455/1493/841
f 1455/1493/841 1454/1492/841 1446/1484/841
f 1445/1483/843 1450/1488/843 1456/1494/843
f 1456/1494/843 1455/1493/843 1445/1483/843
f 1450/1488/844 1449/1487/845 1452/1490/844
f 1452/1490/844 1456/1494/846 1450/1488/844
f 1457/1495/139 1458/1496/139 1459/1497/139
f 1459/1497/139 1460/1498/139 1461/1499/139
f 1457/1495/139 1459/1497/139 1461/1499/139
f 1462/1500/139 1457/1495/139 1461/1499/139
f 1452/1490/847 1451/1489/847 1463/1501/847
f 1463/1501/847 1464/1502/847 1452/1490/847
f 1451/1489/848 1453/1491/848 1465/1503/848
f 1465/1503/848 1463/1501/848 1451/1489/848
f 1453/1491/849 1454/1492/849 1466/1504/849
f 1466/1504/849 1465/1503/849 1453/1491/849
f 1454/1492/850 1455/1493/850 1467/1505/850
f 1467/1505/850 1466/1504/850 1454/1492/850
f 1455/1493/851 1456/1494/851 1468/1506/851
f 1468/1506/851 1467/1505/851 1455/1493/851
f 1456/1494/852 1452/1490/852 1464/1502/852
f 1464/1502/852 1468/1506/852 1456/1494/852
f 1464/1502/853 1463/1501/854 1458/1496/853
f 1458/1496/853 1457/1495/853 1464/1502/853
f 1463/1501/855 1465/1503/855 1459/1497/855
f 1459/1497/855 1458/1496/855 1463/1501/855
f 1465/1503/856 1466/1504/856 1460/1498/856
f 1460/1498/856 1459/1497/856 1465/1503/856
f 1466/1504/857 1467/1505/857 1461/1499/857
f 1461/1499/857 1460/1498/857 1466/1504/857
f 1467/1505/858 1468/1506/858 1462/1500/858
f 1462/1500/858 1461/1499/858 1467/1505/858
f 1468/1506/859 1464/1502/859 1457/1495/859
f 1457/1495/859 1462/1500/859 1468/1506/859
f 1469/1507/139 1470/1508/139 1471/1509/139
f 1471/1509/139 1472/1510/139 1469/1507/139
f 1473/1511/860 1474/1512/860 1470/1508/860
f 1470/1508/860 1469/1507/860 1473/1511/860
f 1475/1513/137 1476/1514/137 1474/1512/137
f 1474/1512/137 1473/1511/137 1475/1513/137
f 1472/1510/861 1471/1509/862 1476/1514/861
f 1476/1514/861 1475/1513/861 1472/1510/861
f 1477/1515/863 1478/1516/863 1479/1517/863
f 1479/1517/863 1480/1518/863 1477/1515/863
f 1481/1519/864 1473/1511/864 1469/1507/864
f 1469/1507/865 1482/1520/865 1481/1519/865
f 1483/1521/137 1475/1513/137 1473/1511/137
f 1473/1511/137 1481/1519/137 1483/1521/137
f 1484/1522/866 1472/1510/866 1475/1513/866
f 1475/1513/867 1483/1521/867 1484/1522/867
f 1485/1523/868 1477/1515/868 1480/1518/868
f 1480/1518/868 1486/1524/868 1485/1523/868
f 1487/1525/869 1481/1519/869 1482/1520/869
f 1482/1520/870 1488/1526/870 1487/1525/870
f 1489/1527/871 1483/1521/871 1481/1519/871
f 1481/1519/871 1487/1525/871 1489/1527/871
f 1490/1528/872 1484/1522/872 1483/1521/872
f 1483/1521/873 1489/1527/873 1490/1528/873
f 1474/1512/739 1476/1514/739 1471/1509/739
f 1471/1509/739 1470/1508/739 1474/1512/739
f 1490/1528/874 1489/1527/874 1487/1525/875
f 1487/1525/875 1488/1526/875 1490/1528/874
f 1469/1507/876 1472/1510/877 1479/1517/877
f 1479/1517/877 1478/1516/878 1469/1507/876
f 1472/1510/879 1484/1522/879 1480/1518/879
f 1480/1518/880 1479/1517/880 1472/1510/880
f 1484/1522/881 1490/1528/882 1486/1524/883
f 1486/1524/883 1480/1518/884 1484/1522/881
f 1490/1528/885 1488/1526/886 1485/1523/886
f 1485/1523/886 1486/1524/885 1490/1528/885
f 1488/1526/887 1482/1520/888 1477/1515/889
f 1477/1515/889 1485/1523/890 1488/1526/887
f 1482/1520/891 1469/1507/891 1478/1516/891
f 1478/1516/892 1477/1515/892 1482/1520/892
f 1491/1529/139 1492/1530/139 1493/1531/139
f 1493/1531/139 1494/1532/139 1491/1529/139
f 1495/1533/893 1496/1534/893 1492/1530/893
f 1492/1530/893 1491/1529/893 1495/1533/893
f 1497/1535/137 1498/1536/137 1496/1534/137
f 1496/1534/137 1495/1533/137 1497/1535/137
f 1494/1532/894 1493/1531/894 1498/1536/894
f 1498/1536/894 1497/1535/894 1494/1532/894
f 1499/1537/895 1500/1538/895 1501/1539/895
f 1501/1539/895 1502/1540/895 1499/1537/895
f 1503/1541/896 1495/1533/896 1491/1529/896
f 1491/1529/897 1504/1542/897 1503/1541/897
f 1505/1543/137 1497/1535/137 1495/1533/137
f 1495/1533/137 1503/1541/137 1505/1543/137
f 1506/1544/898 1494/1532/898 1497/1535/898
f 1497/1535/899 1505/1543/899 1506/1544/899
f 1507/1545/900 1499/1537/900 1502/1540/900
f 1502/1540/900 1508/1546/900 1507/1545/900
f 1509/1547/901 1503/1541/901 1504/1542/901
f 1504/1542/902 1510/1548/902 1509/1547/902
f 1511/1549/903 1505/1543/903 1503/1541/903
f 1503/1541/903 1509/1547/903 1511/1549/903
f 1512/1550/904 1506/1544/904 1505/1543/904
f 1505/1543/905 1511/1549/905 1512/1550/905
f 1496/1534/738 1498/1536/738 1493/1531/738
f 1493/1531/738 1492/1530/738 1496/1534/738
f 1512/1550/906 1511/1549/906 1509/1547/906
f 1509/1547/906 1510/1548/906 1512/1550/906
f 1491/1529/907 1494/1532/908 1501/1539/907
f 1501/1539/907 1500/1538/907 1491/1529/907
f 1494/1532/909 1506/1544/909 1502/1540/909
f 1502/1540/910 1501/1539/910 1494/1532/910
f 1506/1544/911 1512/1550/912 1508/1546/913
f 1508/1546/913 1502/1540/914 1506/1544/911
f 1512/1550/915 1510/1548/916 1507/1545/916
f 1507/1545/916 1508/1546/915 1512/1550/915
f 1510/1548/917 1504/1542/918 1499/1537/919
f 1499/1537/919 1507/1545/920 1510/1548/917
f 1504/1542/921 1491/1529/921 1500/1538/921
f 1500/1538/922 1499/1537/922 1504/1542/922
f 1513/1551/139 1514/1552/139 1515/1553/139
f 1515/1553/139 1516/1554/139 1513/1551/139
f 1517/1555/923 1518/1556/923 1514/1552/923
f 1514/1552/923 1513/1551/923 1517/1555/923
f 1519/1557/137 1520/1558/137 1518/1556/137
f 1518/1556/137 1517/1555/137 1519/1557/137
f 1516/1554/924 1515/1553/924 1520/1558/924
f 1520/1558/924 1519/1557/924 1516/1554/924
f 1521/1559/925 1522/1560/926 1523/1561/925
f 1523/1561/925 1524/1562/925 1521/1559/925
f 1525/1563/927 1517/1555/927 1513/1551/927
f 1513/1551/928 1526/1564/928 1525/1563/928
f 1527/1565/137 1519/1557/137 1517/1555/137
f 1517/1555/137 1525/1563/137 1527/1565/137
f 1528/1566/929 1516/1554/929 1519/1557/929
f 1519/1557/930 1527/1565/930 1528/1566/930
f 1529/1567/931 1521/1559/931 1524/1562/931
f 1524/1562/931 1530/1568/931 1529/1567/931
f 1531/1569/932 1525/1563/932 1526/1564/932
f 1526/1564/933 1532/1570/933 1531/1569/933
f 1533/1571/934 1527/1565/934 1525/1563/934
f 1525/1563/934 1531/1569/935 1533/1571/934
f 1534/1572/936 1528/1566/936 1527/1565/936
f 1527/1565/937 1533/1571/937 1534/1572/937
f 1518/1556/737 1520/1558/737 1515/1553/737
f 1515/1553/737 1514/1552/737 1518/1556/737
f 1534/1572/938 1533/1571/938 1531/1569/939
f 1531/1569/939 1532/1570/939 1534/1572/938
f 1513/1551/940 1516/1554/940 1523/1561/940
f 1523/1561/940 1522/1560/940 1513/1551/940
f 1516/1554/941 1528/1566/941 1524/1562/941
f 1524/1562/942 1523/1561/942 1516/1554/942
f 1528/1566/943 1534/1572/944 1530/1568/945
f 1530/1568/945 1524/1562/946 1528/1566/943
f 1534/1572/947 1532/1570/948 1529/1567/948
f 1529/1567/948 1530/1568/947 1534/1572/947
f 1532/1570/949 1526/1564/950 1521/1559/951
f 1521/1559/951 1529/1567/952 1532/1570/949
f 1526/1564/953 1513/1551/953 1522/1560/953
f 1522/1560/954 1521/1559/954 1526/1564/954
f 1535/1573/139 1536/1574/139 1537/1575/139
f 1537/1575/139 1538/1576/139 1535/1573/139
f 1539/1577/955 1540/1578/955 1536/1574/955
f 1536/1574/955 1535/1573/955 1539/1577/955
f 1541/1579/137 1542/1580/137 1540/1578/137
f 1540/1578/137 1539/1577/137 1541/1579/137
f 1538/1576/956 1537/1575/956 1542/1580/956
f 1542/1580/956 1541/1579/956 1538/1576/956
f 1543/1581/957 1544/1582/957 1545/1583/957
f 1545/1583/957 1546/1584/957 1543/1581/957
f 1547/1585/958 1539/1577/958 1535/1573/958
f 1535/1573/959 1548/1586/959 1547/1585/959
f 1549/1587/137 1541/1579/137 1539/1577/137
f 1539/1577/137 1547/1585/137 1549/1587/137
f 1550/1588/960 1538/1576/960 1541/1579/960
f 1541/1579/961 1549/1587/961 1550/1588/961
f 1551/1589/962 1543/1581/962 1546/1584/962
f 1546/1584/962 1552/1590/962 1551/1589/962
f 1553/1591/963 1547/1585/963 1548/1586/963
f 1548/1586/964 1554/1592/964 1553/1591/964
f 1555/1593/965 1549/1587/965 1547/1585/965
f 1547/1585/965 1553/1591/965 1555/1593/965
f 1556/1594/966 1550/1588/966 1549/1587/966
f 1549/1587/967 1555/1593/967 1556/1594/967
f 1540/1578/138 1542/1580/138 1537/1575/138
f 1537/1575/138 1536/1574/138 1540/1578/138
f 1556/1594/968 1555/1593/968 1553/1591/968
f 1553/1591/968 1554/1592/968 1556/1594/968
f 1535/1573/969 1538/1576/969 1545/1583/969
f 1545/1583/969 1544/1582/969 1535/1573/969
f 1538/1576/970 1550/1588/970 1546/1584/970
f 1546/1584/971 1545/1583/971 1538/1576/971
f 1550/1588/972 1556/1594/973 1552/1590/974
f 1552/1590/974 1546/1584/975 1550/1588/972
f 1556/1594/976 1554/1592/976 1551/1589/976
f 1551/1589/976 1552/1590/976 1556/1594/976
f 1554/1592/977 1548/1586/978 1543/1581/979
f 1543/1581/979 1551/1589/980 1554/1592/977
f 1548/1586/981 1535/1573/981 1544/1582/981
f 1544/1582/982 1543/1581/982 1548/1586/982
f 1557/1595/137 1558/1596/137 1559/1597/137
f 1559/1597/137 1560/1598/137 1561/1599/137
f 1561/1599/137 1562/1600/137 1563/1601/137
f 1559/1597/137 1561/1599/137 1563/1601/137
f 1563/1601/137 1564/1602/137 1565/1603/137
f 1565/1603/137 1566/1604/137 1567/1605/137
f 1563/1601/137 1565/1603/137 1567/1605/137
f 1559/1597/137 1563/1601/137 1567/1605/137
f 1567/1605/137 1568/1606/137 1569/1607/137
f 1569/1607/137 1570/1608/137 1571/1609/137
f 1567/1605/137 1569/1607/137 1571/1609/137
f 1559/1597/137 1567/1605/137 1571/1609/137
f 1557/1595/137 1559/1597/137 1571/1609/137
f 1571/1609/137 1572/1610/137 1573/1611/137
f 1557/1595/137 1571/1609/137 1573/1611/137
f 1574/1612/137 1557/1595/137 1573/1611/137
f 1575/1613/137 1576/1614/423 1577/1615/137
f 1576/1614/423 1575/1613/137 1578/1616/137
f 1579/1617/137 1576/1614/423 1578/1616/137
f 1579/1617/137 1578/1616/137 1580/1618/137
f 1581/1619/137 1579/1617/137 1580/1618/137
f 1581/1619/137 1580/1618/137 1582/1620/137
f 1583/1621/137 1581/1619/137 1582/1620/137
f 1583/1621/137 1582/1620/137 1584/1622/137
f 1585/1623/137 1583/1621/137 1584/1622/137
f 1585/1623/137 1584/1622/137 1586/1624/137
f 1587/1625/137 1585/1623/137 1586/1624/137
f 1587/1625/137 1586/1624/137 1588/1626/137
f 1589/1627/137 1587/1625/137 1588/1626/137
f 1589/1627/137 1588/1626/137 1590/1628/137
f 1591/1629/137 1589/1627/137 1590/1628/137
f 1591/1629/137 1590/1628/137 1592/1630/137
f 1593/1631/137 1591/1629/137 1592/1630/137
f 1593/1631/137 1592/1630/137 1594/1632/137
f 1595/1633/137 1593/1631/137 1594/1632/137
f 1595/1633/137 1594/1632/137 1596/1634/137
f 1597/1635/423 1595/1633/137 1596/1634/137
f 1597/1635/423 1596/1634/137 1598/1636/137
f 1599/1637/137 1597/1635/423 1598/1636/137
f 1599/1637/137 1598/1636/137 1600/1638/137
f 1601/1639/983 1599/1637/137 1600/1638/137
f 1601/1639/983 1600/1638/137 1602/1640/137
f 1603/1641/137 1601/1639/983 1602/1640/137
f 1603/1641/137 1602/1640/137 1604/1642/137
f 1605/1643/137 1603/1641/137 1604/1642/137
f 1605/1643/137 1604/1642/137 1606/1644/137
f 1607/1645/137 1605/1643/137 1606/1644/137
f 1607/1645/137 1606/1644/137 1608/1646/137
f 1609/1647/137 1607/1645/137 1608/1646/137
f 1609/1647/137 1608/1646/137 1610/1648/137
f 1577/1615/137 1609/1647/137 1610/1648/137
f 1575/1613/137 1577/1615/137 1610/1648/137
f 1587/1625/756 1573/1611/756 1572/1610/756
f 1572/1610/756 1585/1623/756 1587/1625/756
f 1585/1623/739 1572/1610/739 1571/1609/739
f 1571/1609/739 1583/1621/739 1585/1623/739
f 1583/1621/757 1571/1609/757 1570/1608/757
f 1570/1608/757 1581/1619/757 1583/1621/757
f 1581/1619/758 1570/1608/758 1569/1607/758
f 1569/1607/758 1579/1617/758 1581/1619/758
f 1579/1617/3 1569/1607/3 1568/1606/3
f 1568/1606/3 1576/1614/3 1579/1617/3
f 1576/1614/759 1568/1606/759 1567/1605/759
f 1567/1605/759 1577/1615/759 1576/1614/759
f 1577/1615/760 1567/1605/760 1566/1604/760
f 1566/1604/760 1609/1647/760 1577/1615/760
f 1609/1647/740 1566/1604/740 1565/1603/740
f 1565/1603/740 1607/1645/740 1609/1647/740
f 1607/1645/761 1565/1603/761 1564/1602/761
f 1564/1602/761 1605/1643/761 1607/1645/761
f 1605/1643/762 1564/1602/762 1563/1601/762
f 1563/1601/762 1603/1641/762 1605/1643/762
f 1603/1641/737 1563/1601/737 1562/1600/737
f 1562/1600/737 1601/1639/737 1603/1641/737
f 1601/1639/763 1562/1600/763 1561/1599/763
f 1561/1599/763 1599/1637/763 1601/1639/763
f 1599/1637/764 1561/1599/764 1560/1598/764
f 1560/1598/764 1597/1635/764 1599/1637/764
f 1597/1635/138 1560/1598/138 1559/1597/138
f 1559/1597/138 1595/1633/138 1597/1635/138
f 1595/1633/765 1559/1597/765 1558/1596/765
f 1558/1596/765 1593/1631/765 1595/1633/765
f 1593/1631/766 1558/1596/766 1557/1595/766
f 1557/1595/766 1591/1629/766 1593/1631/766
f 1591/1629/738 1557/1595/738 1574/1612/738
f 1574/1612/738 1589/1627/738 1591/1629/738
f 1589/1627/767 1574/1612/767 1573/1611/767
f 1573/1611/767 1587/1625/767 1589/1627/767
f 1611/1649/139 1612/1650/139 1613/1651/139
f 1613/1651/139 1614/1652/139 1615/1653/139
f 1615/1653/139 1616/1654/139 1617/1655/139
f 1613/1651/139 1615/1653/139 1617/1655/139
f 1617/1655/139 1618/1656/139 1619/1657/139
f 1619/1657/139 1620/1658/139 1621/1659/139
f 1617/1655/139 1619/1657/139 1621/1659/139
f 1613/1651/139 1617/1655/139 1621/1659/139
f 1621/1659/139 1622/1660/139 1623/1661/139
f 1623/1661/139 1624/1662/139 1625/1663/139
f 1621/1659/139 1623/1661/139 1625/1663/139
f 1613/1651/139 1621/1659/139 1625/1663/139
f 1611/1649/139 1613/1651/139 1625/1663/139
f 1625/1663/139 1626/1664/139 1627/1665/139
f 1611/1649/139 1625/1663/139 1627/1665/139
f 1628/1666/424 1611/1649/139 1627/1665/139
f 1629/1667/762 1586/1624/762 1584/1622/762
f 1584/1622/768 1630/1668/768 1629/1667/768
f 1630/1668/737 1584/1622/737 1582/1620/737
f 1582/1620/737 1631/1669/737 1630/1668/737
f 1631/1669/763 1582/1620/763 1580/1618/763
f 1580/1618/984 1632/1670/984 1631/1669/984
f 1632/1670/764 1580/1618/764 1578/1616/764
f 1578/1616/764 1633/1671/764 1632/1670/764
f 1633/1671/138 1578/1616/138 1575/1613/138
f 1575/1613/138 1634/1672/138 1633/1671/138
f 1634/1672/765 1575/1613/765 1610/1648/765
f 1610/1648/765 1635/1673/765 1634/1672/765
f 1635/1673/766 1610/1648/766 1608/1646/766
f 1608/1646/985 1636/1674/985 1635/1673/985
f 1636/1674/738 1608/1646/738 1606/1644/738
f 1606/1644/738 1637/1675/738 1636/1674/738
f 1637/1675/767 1606/1644/767 1604/1642/767
f 1604/1642/986 1638/1676/986 1637/1675/986
f 1638/1676/756 1604/1642/756 1602/1640/756
f 1602/1640/987 1639/1677/987 1638/1676/987
f 1639/1677/739 1602/1640/739 1600/1638/739
f 1600/1638/739 1640/1678/739 1639/1677/739
f 1640/1678/757 1600/1638/757 1598/1636/757
f 1598/1636/988 1641/1679/988 1640/1678/988
f 1641/1679/758 1598/1636/758 1596/1634/758
f 1596/1634/758 1642/1680/758 1641/1679/758
f 1642/1680/3 1596/1634/3 1594/1632/3
f 1594/1632/3 1643/1681/3 1642/1680/3
f 1643/1681/759 1594/1632/759 1592/1630/759
f 1592/1630/759 1644/1682/759 1643/1681/759
f 1644/1682/760 1592/1630/760 1590/1628/760
f 1590/1628/989 1645/1683/989 1644/1682/989
f 1645/1683/740 1590/1628/740 1588/1626/740
f 1588/1626/740 1646/1684/740 1645/1683/740
f 1646/1684/761 1588/1626/761 1586/1624/761
f 1586/1624/761 1629/1667/761 1646/1684/761
f 1647/1685/137 1648/1686/137 1649/1687/137
f 1649/1687/137 1650/1688/137 1647/1685/137
f 1651/1689/770 1647/1685/771 1650/1688/770
f 1650/1688/770 1652/1690/770 1651/1689/770
f 1653/1691/139 1651/1689/139 1652/1690/139
f 1652/1690/139 1654/1692/139 1653/1691/139
f 1648/1686/772 1653/1691/772 1654/1692/772
f 1654/1692/772 1649/1687/772 1648/1686/772
f 1655/1693/990 1656/1694/990 1657/1695/990
f 1657/1695/990 1658/1696/990 1655/1693/990
f 1659/1697/991 1660/1698/991 1647/1685/991
f 1647/1685/774 1651/1689/774 1659/1697/774
f 1661/1699/139 1659/1697/139 1651/1689/139
f 1651/1689/139 1653/1691/139 1661/1699/139
f 1662/1700/992 1661/1699/992 1653/1691/992
f 1653/1691/776 1648/1686/776 1662/1700/776
f 1663/1701/993 1664/1702/993 1656/1694/993
f 1656/1694/993 1655/1693/993 1663/1701/993
f 1665/1703/994 1666/1704/994 1660/1698/994
f 1660/1698/995 1659/1697/995 1665/1703/995
f 1667/1705/996 1665/1703/996 1659/1697/996
f 1659/1697/996 1661/1699/996 1667/1705/996
f 1668/1706/997 1667/1705/997 1661/1699/997
f 1661/1699/998 1662/1700/998 1668/1706/998
f 1652/1690/3 1650/1688/3 1649/1687/3
f 1649/1687/3 1654/1692/3 1652/1690/3
f 1668/1706/999 1666/1704/999 1665/1703/999
f 1665/1703/999 1667/1705/999 1668/1706/999
f 1647/1685/1000 1658/1696/1000 1657/1695/1001
f 1657/1695/1001 1648/1686/1001 1647/1685/1000
f 1648/1686/1002 1657/1695/1002 1656/1694/1002
f 1656/1694/1003 1662/1700/1003 1648/1686/1003
f 1662/1700/1004 1656/1694/1005 1664/1702/1006
f 1664/1702/1006 1668/1706/1007 1662/1700/1004
f 1668/1706/1008 1664/1702/1008 1663/1701/1008
f 1663/1701/1008 1666/1704/1008 1668/1706/1008
f 1666/1704/1009 1663/1701/1010 1655/1693/1011
f 1655/1693/1011 1660/1698/1012 1666/1704/1009
f 1660/1698/1013 1655/1693/1013 1658/1696/1013
f 1658/1696/1014 1647/1685/1014 1660/1698/1014
f 1669/1707/137 1670/1708/137 1671/1709/137
f 1671/1709/137 1672/1710/137 1669/1707/137
f 1673/1711/802 1669/1707/802 1672/1710/802
f 1672/1710/802 1674/1712/802 1673/1711/802
f 1675/1713/139 1673/1711/139 1674/1712/139
f 1674/1712/139 1676/1714/139 1675/1713/139
f 1670/1708/803 1675/1713/803 1676/1714/803
f 1676/1714/803 1671/1709/803 1670/1708/803
f 1677/1715/1015 1678/1716/1016 1679/1717/1016
f 1679/1717/1016 1680/1718/1015 1677/1715/1015
f 1681/1719/1017 1682/1720/1017 1669/1707/1017
f 1669/1707/806 1673/1711/806 1681/1719/806
f 1683/1721/139 1681/1719/139 1673/1711/139
f 1673/1711/139 1675/1713/139 1683/1721/139
f 1684/1722/1018 1683/1721/1018 1675/1713/1018
f 1675/1713/808 1670/1708/808 1684/1722/808
f 1685/1723/1019 1686/1724/1019 1678/1716/1019
f 1678/1716/1019 1677/1715/1019 1685/1723/1019
f 1687/1725/1020 1688/1726/1020 1682/1720/1020
f 1682/1720/1021 1681/1719/1021 1687/1725/1021
f 1689/1727/1022 1687/1725/1022 1681/1719/1022
f 1681/1719/1022 1683/1721/1022 1689/1727/1022
f 1690/1728/1023 1689/1727/1023 1683/1721/1023
f 1683/1721/1024 1684/1722/1024 1690/1728/1024
f 1674/1712/740 1672/1710/740 1671/1709/740
f 1671/1709/740 1676/1714/740 1674/1712/740
f 1690/1728/1025 1688/1726/1025 1687/1725/1025
f 1687/1725/1025 1689/1727/1025 1690/1728/1025
f 1669/1707/1026 1680/1718/1026 1679/1717/1026
f 1679/1717/1026 1670/1708/1026 1669/1707/1026
f 1670/1708/1027 1679/1717/1027 1678/1716/1027
f 1678/1716/1028 1684/1722/1028 1670/1708/1028
f 1684/1722/1029 1678/1716/1030 1686/1724/1031
f 1686/1724/1031 1690/1728/1032 1684/1722/1029
f 1690/1728/1033 1686/1724/1033 1685/1723/1034
f 1685/1723/1034 1688/1726/1035 1690/1728/1033
f 1688/1726/1036 1685/1723/1037 1677/1715/1038
f 1677/1715/1038 1682/1720/1039 1688/1726/1036
f 1682/1720/1040 1677/1715/1040 1680/1718/1040
f 1680/1718/1041 1669/1707/1041 1682/1720/1041
f 1691/1729/139 1692/1730/139 1693/1731/139
f 1693/1731/139 1694/1732/139 1695/1733/139
f 1691/1729/139 1693/1731/139 1695/1733/139
f 1696/1734/139 1691/1729/139 1695/1733/139
f 1691/1729/1042 1697/1735/1042 1698/1736/1042
f 1698/1736/1042 1692/1730/1043 1691/1729/1042
f 1692/1730/1044 1698/1736/1045 1699/1737/1044
f 1699/1737/1044 1693/1731/1044 1692/1730/1044
f 1693/1731/1046 1699/1737/1047 1700/1738/1046
f 1700/1738/1046 1694/1732/1048 1693/1731/1046
f 1694/1732/1049 1700/1738/1050 1701/1739/1049
f 1701/1739/1049 1695/1733/1051 1694/1732/1049
f 1695/1733/1052 1701/1739/1052 1702/1740/1052
f 1702/1740/1052 1696/1734/1052 1695/1733/1052
f 1696/1734/1053 1702/1740/1054 1697/1735/1053
f 1697/1735/1053 1691/1729/1055 1696/1734/1053
f 1703/1741/137 1704/1742/137 1705/1743/137
f 1705/1743/137 1706/1744/137 1707/1745/137
f 1703/1741/137 1705/1743/137 1707/1745/137
f 1708/1746/137 1703/1741/137 1707/1745/137
f 1697/1735/1056 1709/1747/1056 1710/1748/1056
f 1710/1748/1056 1698/1736/1056 1697/1735/1056
f 1698/1736/1057 1710/1748/1057 1711/1749/1057
f 1711/1749/1057 1699/1737/1057 1698/1736/1057
f 1699/1737/1058 1711/1749/1058 1712/1750/1058
f 1712/1750/1058 1700/1738/1058 1699/1737/1058
f 1700/1738/1059 1712/1750/1060 1713/1751/1059
f 1713/1751/1059 1701/1739/1061 1700/1738/1059
f 1701/1739/1062 1713/1751/1062 1714/1752/1062
f 1714/1752/1062 1702/1740/1062 1701/1739/1062
f 1702/1740/1063 1714/1752/1063 1709/1747/1064
f 1709/1747/1064 1697/1735/1065 1702/1740/1063
f 1709/1747/1066 1707/1745/1066 1706/1744/1067
f 1706/1744/1067 1710/1748/1067 1709/1747/1066
f 1710/1748/1068 1706/1744/1068 1705/1743/1068
f 1705/1743/1068 1711/1749/1068 1710/1748/1068
f 1711/1749/1069 1705/1743/1069 1704/1742/1070
f 1704/1742/1070 1712/1750/1070 1711/1749/1069
f 1712/1750/1071 1704/1742/1071 1703/1741/1072
f 1703/1741/1072 1713/1751/1073 1712/1750/1071
f 1713/1751/1074 1703/1741/1075 1708/1746/1074
f 1708/1746/1074 1714/1752/1074 1713/1751/1074
f 1714/1752/1076 1708/1746/1076 1707/1745/1076
f 1707/1745/1076 1709/1747/1076 1714/1752/1076
f 1715/1753/137 1716/1754/137 1717/1755/137
f 1717/1755/137 1718/1756/137 1715/1753/137
f 1719/1757/860 1715/1753/860 1718/1756/860
f 1718/1756/860 1720/1758/860 1719/1757/860
f 1721/1759/139 1719/1757/139 1720/1758/139
f 1720/1758/139 1722/1760/139 1721/1759/139
f 1716/1754/862 1721/1759/862 1722/1760/862
f 1722/1760/862 1717/1755/862 1716/1754/862
f 1723/1761/1077 1724/1762/1078 1725/1763/1078
f 1725/1763/1078 1726/1764/1077 1723/1761/1077
f 1727/1765/1079 1728/1766/1079 1715/1753/1079
f 1715/1753/864 1719/1757/864 1727/1765/864
f 1729/1767/139 1727/1765/139 1719/1757/139
f 1719/1757/139 1721/1759/139 1729/1767/139
f 1730/1768/1080 1729/1767/1080 1721/1759/1080
f 1721/1759/866 1716/1754/866 1730/1768/866
f 1731/1769/1081 1732/1770/1081 1724/1762/1081
f 1724/1762/1081 1723/1761/1081 1731/1769/1081
f 1733/1771/1082 1734/1772/1082 1728/1766/1082
f 1728/1766/1083 1727/1765/1083 1733/1771/1083
f 1735/1773/1084 1733/1771/1084 1727/1765/1084
f 1727/1765/1084 1729/1767/1085 1735/1773/1084
f 1736/1774/1086 1735/1773/1086 1729/1767/1086
f 1729/1767/1087 1730/1768/1087 1736/1774/1087
f 1720/1758/739 1718/1756/739 1717/1755/739
f 1717/1755/739 1722/1760/739 1720/1758/739
f 1736/1774/1088 1734/1772/1089 1733/1771/1089
f 1733/1771/1089 1735/1773/1088 1736/1774/1088
f 1715/1753/1090 1726/1764/1090 1725/1763/1090
f 1725/1763/1090 1716/1754/1090 1715/1753/1090
f 1716/1754/1091 1725/1763/1091 1724/1762/1091
f 1724/1762/1092 1730/1768/1092 1716/1754/1092
f 1730/1768/1093 1724/1762/1094 1732/1770/1095
f 1732/1770/1095 1736/1774/1096 1730/1768/1093
f 1736/1774/1097 1732/1770/1097 1731/1769/1098
f 1731/1769/1098 1734/1772/1098 1736/1774/1097
f 1734/1772/1099 1731/1769/1100 1723/1761/1101
f 1723/1761/1101 1728/1766/1102 1734/1772/1099
f 1728/1766/1103 1723/1761/1103 1726/1764/1103
f 1726/1764/1104 1715/1753/1104 1728/1766/1104
f 1737/1775/137 1738/1776/137 1739/1777/137
f 1739/1777/137 1740/1778/137 1737/1775/137
f 1741/1779/1105 1737/1775/1105 1740/1778/1105
f 1740/1778/1105 1742/1780/1105 1741/1779/1105
f 1743/1781/139 1741/1779/139 1742/1780/139
f 1742/1780/139 1744/1782/139 1743/1781/139
f 1738/1776/894 1743/1781/894 1744/1782/894
f 1744/1782/894 1739/1777/894 1738/1776/894
f 1745/1783/1106 1746/1784/1107 1747/1785/1106
f 1747/1785/1106 1748/1786/1106 1745/1783/1106
f 1749/1787/1108 1750/1788/1108 1737/1775/1108
f 1737/1775/896 1741/1779/896 1749/1787/896
f 1751/1789/139 1749/1787/139 1741/1779/139
f 1741/1779/139 1743/1781/139 1751/1789/139
f 1752/1790/1109 1751/1789/1109 1743/1781/1109
f 1743/1781/898 1738/1776/898 1752/1790/898
f 1753/1791/1110 1754/1792/1110 1746/1784/1110
f 1746/1784/1110 1745/1783/1110 1753/1791/1110
f 1755/1793/1111 1756/1794/1111 1750/1788/1111
f 1750/1788/1112 1749/1787/1112 1755/1793/1112
f 1757/1795/1113 1755/1793/1113 1749/1787/1113
f 1749/1787/1113 1751/1789/1113 1757/1795/1113
f 1758/1796/1114 1757/1795/1114 1751/1789/1114
f 1751/1789/1115 1752/1790/1115 1758/1796/1115
f 1742/1780/738 1740/1778/738 1739/1777/738
f 1739/1777/738 1744/1782/738 1742/1780/738
f 1758/1796/1116 1756/1794/1117 1755/1793/1117
f 1755/1793/1117 1757/1795/1116 1758/1796/1116
f 1737/1775/1118 1748/1786/1118 1747/1785/1118
f 1747/1785/1118 1738/1776/1118 1737/1775/1118
f 1738/1776/1119 1747/1785/1119 1746/1784/1119
f 1746/1784/1120 1752/1790/1120 1738/1776/1120
f 1752/1790/1121 1746/1784/1122 1754/1792/1123
f 1754/1792/1123 1758/1796/1124 1752/1790/1121
f 1758/1796/1125 1754/1792/1125 1753/1791/1125
f 1753/1791/1125 1756/1794/1126 1758/1796/1125
f 1756/1794/1127 1753/1791/1128 1745/1783/1129
f 1745/1783/1129 1750/1788/1130 1756/1794/1127
f 1750/1788/1131 1745/1783/1131 1748/1786/1131
f 1748/1786/1132 1737/1775/1132 1750/1788/1132
f 1759/1797/137 1760/1798/137 1761/1799/137
f 1761/1799/137 1762/1800/137 1759/1797/137
f 1763/1801/923 1759/1797/923 1762/1800/923
f 1762/1800/923 1764/1802/923 1763/1801/923
f 1765/1803/139 1763/1801/139 1764/1802/139
f 1764/1802/139 1766/1804/139 1765/1803/139
f 1760/1798/924 1765/1803/924 1766/1804/924
f 1766/1804/924 1761/1799/924 1760/1798/924
f 1767/1805/1133 1768/1806/1133 1769/1807/1133
f 1769/1807/1133 1770/1808/1133 1767/1805/1133
f 1771/1809/1134 1772/1810/1134 1759/1797/1134
f 1759/1797/927 1763/1801/927 1771/1809/927
f 1773/1811/139 1771/1809/139 1763/1801/139
f 1763/1801/139 1765/1803/139 1773/1811/139
f 1774/1812/1135 1773/1811/1135 1765/1803/1135
f 1765/1803/929 1760/1798/929 1774/1812/929
f 1775/1813/1136 1776/1814/1136 1768/1806/1136
f 1768/1806/1136 1767/1805/1136 1775/1813/1136
f 1777/1815/1137 1778/1816/1137 1772/1810/1137
f 1772/1810/1138 1771/1809/1138 1777/1815/1138
f 1779/1817/1139 1777/1815/1140 1771/1809/1139
f 1771/1809/1139 1773/1811/1139 1779/1817/1139
f 1780/1818/1141 1779/1817/1141 1773/1811/1141
f 1773/1811/1142 1774/1812/1142 1780/1818/1142
f 1764/1802/737 1762/1800/737 1761/1799/737
f 1761/1799/737 1766/1804/737 1764/1802/737
f 1780/1818/1143 1778/1816/1144 1777/1815/1144
f 1777/1815/1144 1779/1817/1143 1780/1818/1143
f 1759/1797/1145 1770/1808/1145 1769/1807/1145
f 1769/1807/1145 1760/1798/1145 1759/1797/1145
f 1760/1798/1146 1769/1807/1146 1768/1806/1146
f 1768/1806/1147 1774/1812/1147 1760/1798/1147
f 1774/1812/1148 1768/1806/1149 1776/1814/1150
f 1776/1814/1150 1780/1818/1151 1774/1812/1148
f 1780/1818/1152 1776/1814/1153 1775/1813/1154
f 1775/1813/1154 1778/1816/1154 1780/1818/1152
f 1778/1816/1155 1775/1813/1156 1767/1805/1157
f 1767/1805/1157 1772/1810/1158 1778/1816/1155
f 1772/1810/1159 1767/1805/1159 1770/1808/1159
f 1770/1808/1160 1759/1797/1160 1772/1810/1160
f 1781/1819/137 1782/1820/137 1783/1821/137
f 1783/1821/137 1784/1822/137 1781/1819/137
f 1785/1823/955 1781/1819/955 1784/1822/955
f 1784/1822/955 1786/1824/1161 1785/1823/955
f 1787/1825/139 1785/1823/139 1786/1824/139
f 1786/1824/139 1788/1826/139 1787/1825/139
f 1782/1820/956 1787/1825/956 1788/1826/956
f 1788/1826/956 1783/1821/956 1782/1820/956
f 1789/1827/1162 1790/1828/1162 1791/1829/1162
f 1791/1829/1162 1792/1830/1162 1789/1827/1162
f 1793/1831/1163 1794/1832/1163 1781/1819/1163
f 1781/1819/958 1785/1823/958 1793/1831/958
f 1795/1833/139 1793/1831/139 1785/1823/139
f 1785/1823/139 1787/1825/139 1795/1833/139
f 1796/1834/1164 1795/1833/1164 1787/1825/1164
f 1787/1825/960 1782/1820/960 1796/1834/960
f 1797/1835/1165 1798/1836/1165 1790/1828/1165
f 1790/1828/1165 1789/1827/1165 1797/1835/1165
f 1799/1837/1166 1800/1838/1166 1794/1832/1166
f 1794/1832/1167 1793/1831/1167 1799/1837/1167
f 1801/1839/1168 1799/1837/1168 1793/1831/1168
f 1793/1831/1168 1795/1833/1168 1801/1839/1168
f 1802/1840/1169 1801/1839/1169 1795/1833/1169
f 1795/1833/1170 1796/1834/1170 1802/1840/1170
f 1786/1824/138 1784/1822/138 1783/1821/138
f 1783/1821/138 1788/1826/138 1786/1824/138
f 1802/1840/1171 1800/1838/1171 1799/1837/1171
f 1799/1837/1171 1801/1839/1171 1802/1840/1171
f 1781/1819/1172 1792/1830/1172 1791/1829/1173
f 1791/1829/1173 1782/1820/1173 1781/1819/1172
f 1782/1820/1174 1791/1829/1175 1790/1828/1174
f 1790/1828/1176 1796/1834/1176 1782/1820/1176
f 1796/1834/1177 1790/1828/1178 1798/1836/1179
f 1798/1836/1179 1802/1840/1180 1796/1834/1177
f 1802/1840/1181 1798/1836/1181 1797/1835/1181
f 1797/1835/1181 1800/1838/1181 1802/1840/1181
f 1800/1838/1182 1797/1835/1183 1789/1827/1184
f 1789/1827/1184 1794/1832/1185 1800/1838/1182
f 1794/1832/1186 1789/1827/1186 1792/1830/1186
f 1792/1830/1187 1781/1819/1187 1794/1832/1187
f 1803/1841/737 1804/1842/737 1805/1843/737
f 1805/1843/737 1806/1844/737 1803/1841/737
f 1804/1842/138 1807/1845/138 1808/1846/138
f 1808/1846/138 1805/1843/138 1804/1842/138
f 1807/1845/738 1809/1847/738 1810/1848/738
f 1810/1848/738 1808/1846/738 1807/1845/738
f 1809/1847/739 1811/1849/739 1812/1850/739
f 1812/1850/739 1810/1848/739 1809/1847/739
f 1811/1849/3 1813/1851/3 1814/1852/3
f 1814/1852/3 1812/1850/3 1811/1849/3
f 1813/1851/740 1803/1841/740 1806/1844/740
f 1806/1844/740 1814/1852/740 1813/1851/740
f 1806/1844/139 1805/1843/139 1808/1846/139
f 1808/1846/139 1810/1848/139 1812/1850/139
f 1806/1844/139 1808/1846/139 1812/1850/139
f 1814/1852/139 1806/1844/139 1812/1850/139
f 1804/1842/741 1803/1841/741 1815/1853/741
f 1815/1853/741 1816/1854/741 1804/1842/741
f 1803/1841/742 1813/1851/742 1817/1855/742
f 1817/1855/742 1815/1853/742 1803/1841/742
f 1813/1851/743 1811/1849/743 1818/1856/743
f 1818/1856/743 1817/1855/743 1813/1851/743
f 1811/1849/1188 1809/1847/744 1819/1857/744
f 1819/1857/744 1818/1856/1188 1811/1849/1188
f 1809/1847/745 1807/1845/1189 1820/1858/745
f 1820/1858/745 1819/1857/745 1809/1847/745
f 1807/1845/746 1804/1842/746 1816/1854/746
f 1816/1854/746 1820/1858/746 1807/1845/746
f 1816/1854/137 1815/1853/137 1821/1859/137
f 1821/1859/137 1822/1860/137 1816/1854/137
f 1815/1853/137 1817/1855/137 1823/1861/137
f 1823/1861/137 1821/1859/137 1815/1853/137
f 1817/1855/137 1818/1856/137 1824/1862/137
f 1824/1862/137 1823/1861/137 1817/1855/137
f 1818/1856/137 1819/1857/137 1825/1863/137
f 1825/1863/137 1824/1862/137 1818/1856/137
f 1819/1857/137 1820/1858/137 1826/1864/137
f 1826/1864/137 1825/1863/137 1819/1857/137
f 1820/1858/137 1816/1854/137 1822/1860/137
f 1822/1860/137 1826/1864/137 1820/1858/137
f 1821/1859/737 1827/1865/737 1828/1866/737
f 1828/1866/737 1822/1860/737 1821/1859/737
f 1823/1861/740 1829/1867/740 1827/1865/740
f 1827/1865/740 1821/1859/740 1823/1861/740
f 1824/1862/3 1830/1868/3 1829/1867/3
f 1829/1867/3 1823/1861/3 1824/1862/3
f 1825/1863/739 1831/1869/739 1830/1868/739
f 1830/1868/739 1824/1862/739 1825/1863/739
f 1826/1864/738 1832/1870/738 1831/1869/738
f 1831/1869/738 1825/1863/738 1826/1864/738
f 1822/1860/138 1828/1866/138 1832/1870/138
f 1832/1870/138 1826/1864/138 1822/1860/138
f 1833/1871/737 1834/1872/737 1835/1873/737
f 1835/1873/737 1836/1874/737 1833/1871/737
f 1836/1874/138 1835/1873/138 1837/1875/138
f 1837/1875/138 1838/1876/138 1836/1874/138
f 1838/1876/738 1837/1875/738 1839/1877/738
f 1839/1877/738 1840/1878/738 1838/1876/738
f 1840/1878/739 1839/1877/739 1841/1879/739
f 1841/1879/739 1842/1880/739 1840/1878/739
f 1842/1880/3 1841/1879/3 1843/1881/3
f 1843/1881/3 1844/1882/3 1842/1880/3
f 1844/1882/740 1843/1881/740 1834/1872/740
f 1834/1872/740 1833/1871/740 1844/1882/740
f 1841/1879/137 1839/1877/137 1837/1875/137
f 1837/1875/137 1835/1873/137 1834/1872/137
f 1841/1879/137 1837/1875/137 1834/1872/137
f 1843/1881/137 1841/1879/137 1834/1872/137
f 1836/1874/747 1845/1883/747 1846/1884/747
f 1846/1884/747 1833/1871/747 1836/1874/747
f 1833/1871/748 1846/1884/748 1847/1885/748
f 1847/1885/748 1844/1882/748 1833/1871/748
f 1844/1882/750 1847/1885/750 1848/1886/750
f 1848/1886/750 1842/1880/750 1844/1882/750
f 1842/1880/1190 1848/1886/1190 1849/1887/751
f 1849/1887/751 1840/1878/751 1842/1880/1190
f 1840/1878/752 1849/1887/752 1850/1888/752
f 1850/1888/752 1838/1876/752 1840/1878/752
f 1838/1876/754 1850/1888/754 1845/1883/754
f 1845/1883/754 1836/1874/754 1838/1876/754
f 1845/1883/139 1828/1866/139 1827/1865/139
f 1827/1865/139 1846/1884/139 1845/1883/139
f 1846/1884/139 1827/1865/139 1829/1867/139
f 1829/1867/139 1847/1885/139 1846/1884/139
f 1847/1885/139 1829/1867/139 1830/1868/139
f 1830/1868/139 1848/1886/139 1847/1885/139
f 1848/1886/139 1830/1868/139 1831/1869/139
f 1831/1869/139 1849/1887/139 1848/1886/139
f 1849/1887/139 1831/1869/139 1832/1870/139
f 1832/1870/139 1850/1888/139 1849/1887/139
f 1850/1888/139 1832/1870/139 1828/1866/139
f 1828/1866/139 1845/1883/139 1850/1888/139
f 1851/1889/139 1852/1890/139 1853/1891/139
f 1853/1891/139 1854/1892/139 1855/1893/139
f 1855/1893/139 1856/1894/139 1857/1895/139
f 1853/1891/139 1855/1893/139 1857/1895/139
f 1857/1895/139 1858/1896/139 1859/1897/139
f 1859/1897/139 1860/1898/139 1861/1899/139
f 1857/1895/139 1859/1897/139 1861/1899/139
f 1861/1899/139 1862/1900/139 1863/1901/139
f 1863/1901/139 1864/1902/139 1865/1903/139
f 1861/1899/139 1863/1901/139 1865/1903/139
f 1857/1895/139 1861/1899/139 1865/1903/139
f 1853/1891/139 1857/1895/139 1865/1903/139
f 1865/1903/139 1866/1904/139 1867/1905/139
f 1853/1891/139 1865/1903/139 1867/1905/139
f 1851/1889/139 1853/1891/139 1867/1905/139
f 1868/1906/139 1851/1889/139 1867/1905/139
f 1869/1907/139 1870/1908/139 1871/1909/139
f 1869/1907/139 1871/1909/139 1872/1910/139
f 1873/1911/139 1869/1907/139 1872/1910/139
f 1873/1911/139 1872/1910/139 1874/1912/139
f 1875/1913/139 1873/1911/139 1874/1912/139
f 1875/1913/139 1874/1912/139 1876/1914/139
f 1877/1915/139 1875/1913/139 1876/1914/139
f 1877/1915/139 1876/1914/139 1878/1916/139
f 1879/1917/139 1877/1915/139 1878/1916/139
f 1879/1917/139 1878/1916/139 1880/1918/139
f 1881/1919/139 1879/1917/139 1880/1918/139
f 1881/1919/139 1880/1918/139 1882/1920/139
f 1883/1921/139 1881/1919/139 1882/1920/139
f 1883/1921/139 1882/1920/139 1884/1922/139
f 1885/1923/139 1883/1921/139 1884/1922/139
f 1885/1923/139 1884/1922/139 1886/1924/139
f 1887/1925/139 1885/1923/139 1886/1924/139
f 1887/1925/139 1886/1924/139 1888/1926/139
f 1889/1927/139 1887/1925/139 1888/1926/139
f 1889/1927/139 1888/1926/139 1890/1928/139
f 1891/1929/139 1889/1927/139 1890/1928/139
f 1891/1929/139 1890/1928/139 1892/1930/139
f 1893/1931/139 1891/1929/139 1892/1930/139
f 1893/1931/139 1892/1930/139 1894/1932/424
f 1895/1933/139 1893/1931/139 1894/1932/424
f 1895/1933/139 1894/1932/424 1896/1934/139
f 1897/1935/139 1895/1933/139 1896/1934/139
f 1897/1935/139 1896/1934/139 1898/1936/139
f 1899/1937/139 1897/1935/139 1898/1936/139
f 1899/1937/139 1898/1936/139 1900/1938/139
f 1901/1939/139 1899/1937/139 1900/1938/139
f 1901/1939/139 1900/1938/139 1902/1940/139
f 1903/1941/139 1901/1939/139 1902/1940/139
f 1903/1941/139 1902/1940/139 1904/1942/139
f 1870/1908/139 1903/1941/139 1904/1942/139
f 1870/1908/139 1904/1942/139 1871/1909/139
f 1880/1918/756 1878/1916/756 1852/1890/756
f 1852/1890/756 1851/1889/756 1880/1918/756
f 1878/1916/739 1876/1914/739 1853/1891/739
f 1853/1891/739 1852/1890/739 1878/1916/739
f 1876/1914/757 1874/1912/757 1854/1892/757
f 1854/1892/757 1853/1891/757 1876/1914/757
f 1874/1912/758 1872/1910/758 1855/1893/758
f 1855/1893/758 1854/1892/758 1874/1912/758
f 1872/1910/3 1871/1909/3 1856/1894/3
f 1856/1894/3 1855/1893/3 1872/1910/3
f 1871/1909/759 1904/1942/759 1857/1895/759
f 1857/1895/759 1856/1894/759 1871/1909/759
f 1904/1942/760 1902/1940/760 1858/1896/760
f 1858/1896/760 1857/1895/760 1904/1942/760
f 1902/1940/740 1900/1938/740 1859/1897/740
f 1859/1897/740 1858/1896/740 1902/1940/740
f 1900/1938/761 1898/1936/761 1860/1898/761
f 1860/1898/761 1859/1897/761 1900/1938/761
f 1898/1936/762 1896/1934/762 1861/1899/762
f 1861/1899/762 1860/1898/762 1898/1936/762
f 1896/1934/737 1894/1932/737 1862/1900/737
f 1862/1900/737 1861/1899/737 1896/1934/737
f 1894/1932/763 1892/1930/763 1863/1901/763
f 1863/1901/763 1862/1900/763 1894/1932/763
f 1892/1930/764 1890/1928/764 1864/1902/764
f 1864/1902/764 1863/1901/764 1892/1930/764
f 1890/1928/138 1888/1926/138 1865/1903/138
f 1865/1903/138 1864/1902/138 1890/1928/138
f 1888/1926/765 1886/1924/765 1866/1904/765
f 1866/1904/765 1865/1903/765 1888/1926/765
f 1886/1924/766 1884/1922/766 1867/1905/766
f 1867/1905/766 1866/1904/766 1886/1924/766
f 1884/1922/738 1882/1920/738 1868/1906/738
f 1868/1906/738 1867/1905/738 1884/1922/738
f 1882/1920/767 1880/1918/767 1851/1889/767
f 1851/1889/767 1868/1906/767 1882/1920/767
f 1905/1943/137 1906/1944/137 1907/1945/137
f 1907/1945/137 1908/1946/137 1909/1947/137
f 1909/1947/137 1910/1948/137 1911/1949/137
f 1907/1945/137 1909/1947/137 1911/1949/137
f 1911/1949/137 1912/1950/137 1913/1951/137
f 1913/1951/137 1914/1952/137 1915/1953/137
f 1911/1949/137 1913/1951/137 1915/1953/137
f 1915/1953/137 1916/1954/137 1917/1955/137
f 1917/1955/137 1918/1956/137 1919/1957/137
f 1915/1953/137 1917/1955/137 1919/1957/137
f 1911/1949/137 1915/1953/137 1919/1957/137
f 1907/1945/137 1911/1949/137 1919/1957/137
f 1919/1957/137 1920/1958/137 1921/1959/137
f 1907/1945/137 1919/1957/137 1921/1959/137
f 1905/1943/137 1907/1945/137 1921/1959/137
f 1922/1960/137 1905/1943/137 1921/1959/137
f 1923/1961/762 1924/1962/762 1877/1915/762
f 1877/1915/762 1879/1917/762 1923/1961/762
f 1924/1962/737 1925/1963/737 1875/1913/737
f 1875/1913/737 1877/1915/737 1924/1962/737
f 1925/1963/763 1926/1964/763 1873/1911/763
f 1873/1911/763 1875/1913/763 1925/1963/763
f 1926/1964/764 1927/1965/764 1869/1907/764
f 1869/1907/764 1873/1911/764 1926/1964/764
f 1927/1965/138 1928/1966/138 1870/1908/138
f 1870/1908/138 1869/1907/138 1927/1965/138
f 1928/1966/765 1929/1967/765 1903/1941/765
f 1903/1941/765 1870/1908/765 1928/1966/765
f 1929/1967/766 1930/1968/766 1901/1939/766
f 1901/1939/766 1903/1941/766 1929/1967/766
f 1930/1968/738 1931/1969/738 1899/1937/738
f 1899/1937/738 1901/1939/738 1930/1968/738
f 1931/1969/767 1932/1970/767 1897/1935/767
f 1897/1935/767 1899/1937/767 1931/1969/767
f 1932/1970/756 1933/1971/756 1895/1933/756
f 1895/1933/756 1897/1935/756 1932/1970/756
f 1933/1971/739 1934/1972/739 1893/1931/739
f 1893/1931/739 1895/1933/739 1933/1971/739
f 1934/1972/757 1935/1973/757 1891/1929/757
f 1891/1929/757 1893/1931/757 1934/1972/757
f 1935/1973/758 1936/1974/758 1889/1927/758
f 1889/1927/758 1891/1929/758 1935/1973/758
f 1936/1974/3 1937/1975/3 1887/1925/3
f 1887/1925/3 1889/1927/3 1936/1974/3
f 1937/1975/759 1938/1976/759 1885/1923/759
f 1885/1923/759 1887/1925/759 1937/1975/759
f 1938/1976/760 1939/1977/760 1883/1921/760
f 1883/1921/760 1885/1923/760 1938/1976/760
f 1939/1977/740 1940/1978/740 1881/1919/740
f 1881/1919/740 1883/1921/740 1939/1977/740
f 1940/1978/761 1923/1961/761 1879/1917/761
f 1879/1917/761 1881/1919/761 1940/1978/761
f 1941/1979/139 1942/1980/139 1943/1981/139
f 1943/1981/139 1944/1982/139 1941/1979/139
f 1945/1983/770 1946/1984/770 1942/1980/770
f 1942/1980/770 1941/1979/770 1945/1983/770
f 1947/1985/137 1948/1986/137 1946/1984/137
f 1946/1984/137 1945/1983/137 1947/1985/137
f 1944/1982/772 1943/1981/772 1948/1986/772
f 1948/1986/772 1947/1985/772 1944/1982/772
f 1949/1987/773 1950/1988/773 1951/1989/773
f 1951/1989/773 1952/1990/773 1949/1987/773
f 1953/1991/774 1945/1983/774 1941/1979/774
f 1941/1979/775 1954/1992/775 1953/1991/775
f 1955/1993/137 1947/1985/137 1945/1983/137
f 1945/1983/137 1953/1991/137 1955/1993/137
f 1956/1994/776 1944/1982/776 1947/1985/776
f 1947/1985/777 1955/1993/777 1956/1994/777
f 1957/1995/778 1949/1987/778 1952/1990/778
f 1952/1990/778 1958/1996/778 1957/1995/778
f 1959/1997/779 1953/1991/779 1954/1992/779
f 1954/1992/780 1960/1998/780 1959/1997/780
f 1961/1999/781 1955/1993/781 1953/1991/781
f 1953/1991/781 1959/1997/781 1961/1999/781
f 1962/2000/782 1956/1994/782 1955/1993/782
f 1955/1993/783 1961/1999/783 1962/2000/783
f 1946/1984/3 1948/1986/3 1943/1981/3
f 1943/1981/3 1942/1980/3 1946/1984/3
f 1962/2000/784 1961/1999/784 1959/1997/784
f 1959/1997/784 1960/1998/784 1962/2000/784
f 1941/1979/785 1944/1982/785 1951/1989/785
f 1951/1989/785 1950/1988/785 1941/1979/785
f 1944/1982/1191 1956/1994/1191 1952/1990/1191
f 1952/1990/1192 1951/1989/1192 1944/1982/1192
f 1956/1994/1193 1962/2000/1194 1958/1996/1195
f 1958/1996/1195 1952/1990/1196 1956/1994/1193
f 1962/2000/1197 1960/1998/1197 1957/1995/1197
f 1957/1995/1197 1958/1996/1197 1962/2000/1197
f 1960/1998/795 1954/1992/1198 1949/1987/1199
f 1949/1987/1199 1957/1995/798 1960/1998/795
f 1954/1992/799 1941/1979/799 1950/1988/799
f 1950/1988/1200 1949/1987/1200 1954/1992/1200
f 1963/2001/139 1964/2002/139 1965/2003/139
f 1965/2003/139 1966/2004/139 1963/2001/139
f 1967/2005/802 1968/2006/802 1964/2002/802
f 1964/2002/802 1963/2001/802 1967/2005/802
f 1969/2007/137 1970/2008/137 1968/2006/137
f 1968/2006/137 1967/2005/137 1969/2007/137
f 1966/2004/803 1965/2003/803 1970/2008/803
f 1970/2008/803 1969/2007/803 1966/2004/803
f 1971/2009/804 1972/2010/804 1973/2011/804
f 1973/2011/804 1974/2012/805 1971/2009/804
f 1975/2013/806 1967/2005/806 1963/2001/806
f 1963/2001/807 1976/2014/807 1975/2013/807
f 1977/2015/137 1969/2007/137 1967/2005/137
f 1967/2005/137 1975/2013/137 1977/2015/137
f 1978/2016/808 1966/2004/808 1969/2007/808
f 1969/2007/809 1977/2015/809 1978/2016/809
f 1979/2017/810 1971/2009/810 1974/2012/810
f 1974/2012/810 1980/2018/810 1979/2017/810
f 1981/2019/811 1975/2013/811 1976/2014/811
f 1976/2014/812 1982/2020/812 1981/2019/812
f 1983/2021/814 1977/2015/813 1975/2013/814
f 1975/2013/814 1981/2019/814 1983/2021/814
f 1984/2022/1201 1978/2016/1201 1977/2015/1201
f 1977/2015/816 1983/2021/816 1984/2022/816
f 1968/2006/740 1970/2008/740 1965/2003/740
f 1965/2003/740 1964/2002/740 1968/2006/740
f 1984/2022/818 1983/2021/818 1981/2019/818
f 1981/2019/818 1982/2020/818 1984/2022/818
f 1963/2001/819 1966/2004/820 1973/2011/820
f 1973/2011/820 1972/2010/819 1963/2001/819
f 1966/2004/821 1978/2016/821 1974/2012/821
f 1974/2012/1202 1973/2011/1202 1966/2004/1202
f 1978/2016/1203 1984/2022/1204 1980/2018/1205
f 1980/2018/1205 1974/2012/1206 1978/2016/1203
f 1984/2022/1207 1982/2020/1208 1979/2017/1208
f 1979/2017/1208 1980/2018/1209 1984/2022/1207
f 1982/2020/1210 1976/2014/829 1971/2009/1211
f 1971/2009/1211 1979/2017/831 1982/2020/1210
f 1976/2014/1212 1963/2001/1212 1972/2010/1212
f 1972/2010/833 1971/2009/833 1976/2014/833
f 1985/2023/137 1986/2024/137 1987/2025/137
f 1987/2025/137 1988/2026/137 1989/2027/137
f 1985/2023/137 1987/2025/137 1989/2027/137
f 1990/2028/137 1985/2023/137 1989/2027/137
f 1989/2027/834 1988/2026/834 1991/2029/834
f 1991/2029/834 1992/2030/834 1989/2027/834
f 1988/2026/837 1987/2025/837 1993/2031/837
f 1993/2031/837 1991/2029/1213 1988/2026/837
f 1987/2025/839 1986/2024/839 1994/2032/839
f 1994/2032/839 1993/2031/839 1987/2025/839
f 1986/2024/842 1985/2023/842 1995/2033/842
f 1995/2033/842 1994/2032/842 1986/2024/842
f 1985/2023/843 1990/2028/843 1996/2034/843
f 1996/2034/843 1995/2033/843 1985/2023/843
f 1990/2028/844 1989/2027/844 1992/2030/844
f 1992/2030/844 1996/2034/845 1990/2028/844
f 1997/2035/139 1998/2036/139 1999/2037/139
f 1999/2037/139 2000/2038/139 2001/2039/139
f 1997/2035/139 1999/2037/139 2001/2039/139
f 2002/2040/139 1997/2035/139 2001/2039/139
f 1992/2030/847 1991/2029/1214 2003/2041/1214
f 2003/2041/1214 2004/2042/847 1992/2030/847
f 1991/2029/848 1993/2031/848 2005/2043/848
f 2005/2043/848 2003/2041/848 1991/2029/848
f 1993/2031/849 1994/2032/1215 2006/2044/1215
f 2006/2044/1215 2005/2043/1216 1993/2031/849
f 1994/2032/850 1995/2033/1217 2007/2045/1217
f 2007/2045/1217 2006/2044/1218 1994/2032/850
f 1995/2033/851 1996/2034/851 2008/2046/851
f 2008/2046/851 2007/2045/851 1995/2033/851
f 1996/2034/852 1992/2030/852 2004/2042/852
f 2004/2042/852 2008/2046/852 1996/2034/852
f 2004/2042/853 2003/2041/853 1998/2036/853
f 1998/2036/853 1997/2035/853 2004/2042/853
f 2003/2041/855 2005/2043/855 1999/2037/855
f 1999/2037/855 1998/2036/855 2003/2041/855
f 2005/2043/1219 2006/2044/1220 2000/2038/1221
f 2000/2038/1221 1999/2037/1219 2005/2043/1219
f 2006/2044/1222 2007/2045/1223 2001/2039/1223
f 2001/2039/1223 2000/2038/1222 2006/2044/1222
f 2007/2045/858 2008/2046/858 2002/2040/858
f 2002/2040/858 2001/2039/858 2007/2045/858
f 2008/2046/1224 2004/2042/1225 1997/2035/1225
f 1997/2035/1225 2002/2040/1224 2008/2046/1224
f 2009/2047/139 2010/2048/139 2011/2049/139
f 2011/2049/139 2012/2050/139 2009/2047/139
f 2013/2051/860 2014/2052/860 2010/2048/860
f 2010/2048/860 2009/2047/860 2013/2051/860
f 2015/2053/137 2016/2054/137 2014/2052/137
f 2014/2052/137 2013/2051/137 2015/2053/137
f 2012/2050/861 2011/2049/861 2016/2054/861
f 2016/2054/861 2015/2053/861 2012/2050/861
f 2017/2055/863 2018/2056/863 2019/2057/863
f 2019/2057/863 2020/2058/1226 2017/2055/863
f 2021/2059/864 2013/2051/864 2009/2047/864
f 2009/2047/1227 2022/2060/1227 2021/2059/1227
f 2023/2061/137 2015/2053/137 2013/2051/137
f 2013/2051/137 2021/2059/137 2023/2061/137
f 2024/2062/866 2012/2050/866 2015/2053/866
f 2015/2053/867 2023/2061/867 2024/2062/867
f 2025/2063/868 2017/2055/868 2020/2058/868
f 2020/2058/868 2026/2064/868 2025/2063/868
f 2027/2065/1228 2021/2059/1228 2022/2060/1228
f 2022/2060/870 2028/2066/870 2027/2065/870
f 2029/2067/871 2023/2061/1229 2021/2059/871
f 2021/2059/871 2027/2065/871 2029/2067/871
f 2030/2068/872 2024/2062/872 2023/2061/872
f 2023/2061/873 2029/2067/873 2030/2068/873
f 2014/2052/739 2016/2054/739 2011/2049/739
f 2011/2049/739 2010/2048/739 2014/2052/739
f 2030/2068/875 2029/2067/875 2027/2065/875
f 2027/2065/875 2028/2066/875 2030/2068/875
f 2009/2047/878 2012/2050/876 2019/2057/876
f 2019/2057/876 2018/2056/878 2009/2047/878
f 2012/2050/879 2024/2062/879 2020/2058/879
f 2020/2058/880 2019/2057/880 2012/2050/880
f 2024/2062/881 2030/2068/1230 2026/2064/1231
f 2026/2064/1231 2020/2058/884 2024/2062/881
f 2030/2068/1232 2028/2066/1233 2025/2063/1233
f 2025/2063/1233 2026/2064/1232 2030/2068/1232
f 2028/2066/1234 2022/2060/1235 2017/2055/1236
f 2017/2055/1236 2025/2063/1237 2028/2066/1234
f 2022/2060/1238 2009/2047/1238 2018/2056/1238
f 2018/2056/892 2017/2055/892 2022/2060/892
f 2031/2069/139 2032/2070/139 2033/2071/139
f 2033/2071/139 2034/2072/139 2031/2069/139
f 2035/2073/893 2036/2074/893 2032/2070/893
f 2032/2070/893 2031/2069/893 2035/2073/893
f 2037/2075/137 2038/2076/137 2036/2074/137
f 2036/2074/137 2035/2073/137 2037/2075/137
f 2034/2072/894 2033/2071/894 2038/2076/894
f 2038/2076/894 2037/2075/894 2034/2072/894
f 2039/2077/1239 2040/2078/1239 2041/2079/1239
f 2041/2079/1239 2042/2080/895 2039/2077/1239
f 2043/2081/896 2035/2073/896 2031/2069/896
f 2031/2069/897 2044/2082/897 2043/2081/897
f 2045/2083/137 2037/2075/137 2035/2073/137
f 2035/2073/137 2043/2081/137 2045/2083/137
f 2046/2084/898 2034/2072/898 2037/2075/898
f 2037/2075/1240 2045/2083/1240 2046/2084/1240
f 2047/2085/900 2039/2077/900 2042/2080/900
f 2042/2080/900 2048/2086/900 2047/2085/900
f 2049/2087/901 2043/2081/901 2044/2082/901
f 2044/2082/902 2050/2088/902 2049/2087/902
f 2051/2089/903 2045/2083/903 2043/2081/903
f 2043/2081/903 2049/2087/903 2051/2089/903
f 2052/2090/904 2046/2084/904 2045/2083/904
f 2045/2083/1241 2051/2089/1241 2052/2090/1241
f 2036/2074/738 2038/2076/738 2033/2071/738
f 2033/2071/738 2032/2070/738 2036/2074/738
f 2052/2090/906 2051/2089/906 2049/2087/906
f 2049/2087/906 2050/2088/906 2052/2090/906
f 2031/2069/1242 2034/2072/1243 2041/2079/1244
f 2041/2079/1244 2040/2078/1245 2031/2069/1242
f 2034/2072/909 2046/2084/909 2042/2080/909
f 2042/2080/1246 2041/2079/1246 2034/2072/1246
f 2046/2084/1247 2052/2090/1248 2048/2086/1249
f 2048/2086/1249 2042/2080/914 2046/2084/1247
f 2052/2090/1250 2050/2088/1251 2047/2085/1252
f 2047/2085/1252 2048/2086/1250 2052/2090/1250
f 2050/2088/917 2044/2082/918 2039/2077/1253
f 2039/2077/1253 2047/2085/1254 2050/2088/917
f 2044/2082/921 2031/2069/921 2040/2078/921
f 2040/2078/922 2039/2077/922 2044/2082/922
f 2053/2091/139 2054/2092/139 2055/2093/139
f 2055/2093/139 2056/2094/139 2053/2091/139
f 2057/2095/923 2058/2096/923 2054/2092/923
f 2054/2092/923 2053/2091/923 2057/2095/923
f 2059/2097/137 2060/2098/137 2058/2096/137
f 2058/2096/137 2057/2095/137 2059/2097/137
f 2056/2094/924 2055/2093/924 2060/2098/924
f 2060/2098/924 2059/2097/924 2056/2094/924
f 2061/2099/925 2062/2100/925 2063/2101/925
f 2063/2101/925 2064/2102/925 2061/2099/925
f 2065/2103/927 2057/2095/927 2053/2091/927
f 2053/2091/1255 2066/2104/1255 2065/2103/1255
f 2067/2105/137 2059/2097/137 2057/2095/137
f 2057/2095/137 2065/2103/137 2067/2105/137
f 2068/2106/929 2056/2094/929 2059/2097/929
f 2059/2097/930 2067/2105/930 2068/2106/930
f 2069/2107/931 2061/2099/931 2064/2102/931
f 2064/2102/931 2070/2108/931 2069/2107/931
f 2071/2109/932 2065/2103/932 2066/2104/932
f 2066/2104/1256 2072/2110/1256 2071/2109/1256
f 2073/2111/934 2067/2105/934 2065/2103/935
f 2065/2103/935 2071/2109/935 2073/2111/934
f 2074/2112/936 2068/2106/936 2067/2105/936
f 2067/2105/937 2073/2111/937 2074/2112/937
f 2058/2096/737 2060/2098/737 2055/2093/737
f 2055/2093/737 2054/2092/737 2058/2096/737
f 2074/2112/938 2073/2111/938 2071/2109/938
f 2071/2109/938 2072/2110/938 2074/2112/938
f 2053/2091/940 2056/2094/1257 2063/2101/1258
f 2063/2101/1258 2062/2100/1259 2053/2091/940
f 2056/2094/941 2068/2106/941 2064/2102/941
f 2064/2102/1260 2063/2101/1260 2056/2094/1260
f 2068/2106/1261 2074/2112/944 2070/2108/945
f 2070/2108/945 2064/2102/946 2068/2106/1261
f 2074/2112/948 2072/2110/947 2069/2107/947
f 2069/2107/947 2070/2108/948 2074/2112/948
f 2072/2110/1262 2066/2104/1263 2061/2099/1264
f 2061/2099/1264 2069/2107/1265 2072/2110/1262
f 2066/2104/953 2053/2091/953 2062/2100/953
f 2062/2100/1266 2061/2099/1266 2066/2104/1266
f 2075/2113/139 2076/2114/139 2077/2115/139
f 2077/2115/139 2078/2116/139 2075/2113/139
f 2079/2117/955 2080/2118/955 2076/2114/955
f 2076/2114/955 2075/2113/955 2079/2117/955
f 2081/2119/137 2082/2120/137 2080/2118/137
f 2080/2118/137 2079/2117/137 2081/2119/137
f 2078/2116/956 2077/2115/956 2082/2120/956
f 2082/2120/956 2081/2119/956 2078/2116/956
f 2083/2121/957 2084/2122/957 2085/2123/957
f 2085/2123/957 2086/2124/957 2083/2121/957
f 2087/2125/958 2079/2117/958 2075/2113/958
f 2075/2113/959 2088/2126/959 2087/2125/959
f 2089/2127/137 2081/2119/137 2079/2117/137
f 2079/2117/137 2087/2125/137 2089/2127/137
f 2090/2128/960 2078/2116/960 2081/2119/960
f 2081/2119/1267 2089/2127/1267 2090/2128/1267
f 2091/2129/962 2083/2121/962 2086/2124/962
f 2086/2124/962 2092/2130/962 2091/2129/962
f 2093/2131/963 2087/2125/963 2088/2126/963
f 2088/2126/1268 2094/2132/1268 2093/2131/1268
f 2095/2133/965 2089/2127/965 2087/2125/965
f 2087/2125/965 2093/2131/965 2095/2133/965
f 2096/2134/966 2090/2128/966 2089/2127/966
f 2089/2127/967 2095/2133/967 2096/2134/967
f 2080/2118/138 2082/2120/138 2077/2115/138
f 2077/2115/138 2076/2114/138 2080/2118/138
f 2096/2134/968 2095/2133/968 2093/2131/968
f 2093/2131/968 2094/2132/968 2096/2134/968
f 2075/2113/969 2078/2116/969 2085/2123/969
f 2085/2123/969 2084/2122/969 2075/2113/969
f 2078/2116/1269 2090/2128/1269 2086/2124/1269
f 2086/2124/1270 2085/2123/1270 2078/2116/1270
f 2090/2128/1271 2096/2134/1272 2092/2130/1273
f 2092/2130/1273 2086/2124/1274 2090/2128/1271
f 2096/2134/976 2094/2132/976 2091/2129/976
f 2091/2129/976 2092/2130/976 2096/2134/976
f 2094/2132/1275 2088/2126/1276 2083/2121/979
f 2083/2121/979 2091/2129/1277 2094/2132/1275
f 2088/2126/981 2075/2113/981 2084/2122/981
f 2084/2122/1278 2083/2121/1278 2088/2126/1278
f 2097/2135/137 2098/2136/137 2099/2137/137
f 2099/2137/137 2100/2138/137 2101/2139/137
f 2101/2139/137 2102/2140/137 2103/2141/137
f 2099/2137/137 2101/2139/137 2103/2141/137
f 2103/2141/137 2104/2142/137 2105/2143/137
f 2105/2143/137 2106/2144/137 2107/2145/137
f 2103/2141/137 2105/2143/137 2107/2145/137
f 2099/2137/137 2103/2141/137 2107/2145/137
f 2107/2145/137 2108/2146/137 2109/2147/137
f 2109/2147/137 2110/2148/137 2111/2149/137
f 2107/2145/137 2109/2147/137 2111/2149/137
f 2099/2137/137 2107/2145/137 2111/2149/137
f 2097/2135/137 2099/2137/137 2111/2149/137
f 2111/2149/137 2112/2150/137 2113/2151/137
f 2097/2135/137 2111/2149/137 2113/2151/137
f 2114/2152/137 2097/2135/137 2113/2151/137
f 2115/2153/137 2116/2154/137 2117/2155/137
f 2116/2154/137 2115/2153/137 2118/2156/137
f 2119/2157/137 2116/2154/137 2118/2156/137
f 2119/2157/137 2118/2156/137 2120/2158/137
f 2121/2159/1279 2119/2157/137 2120/2158/137
f 2121/2159/1279 2120/2158/137 2122/2160/137
f 2123/2161/137 2121/2159/1279 2122/2160/137
f 2123/2161/137 2122/2160/137 2124/2162/137
f 2125/2163/137 2123/2161/137 2124/2162/137
f 2125/2163/137 2124/2162/137 2126/2164/137
f 2127/2165/137 2125/2163/137 2126/2164/137
f 2127/2165/137 2126/2164/137 2128/2166/137
f 2129/2167/137 2127/2165/137 2128/2166/137
f 2129/2167/137 2128/2166/137 2130/2168/137
f 2131/2169/137 2129/2167/137 2130/2168/137
f 2131/2169/137 2130/2168/137 2132/2170/137
f 2133/2171/137 2131/2169/137 2132/2170/137
f 2133/2171/137 2132/2170/137 2134/2172/137
f 2135/2173/137 2133/2171/137 2134/2172/137
f 2135/2173/137 2134/2172/137 2136/2174/137
f 2137/2175/137 2135/2173/137 2136/2174/137
f 2137/2175/137 2136/2174/137 2138/2176/423
f 2139/2177/423 2137/2175/137 2138/2176/423
f 2139/2177/423 2138/2176/423 2140/2178/137
f 2141/2179/983 2139/2177/423 2140/2178/137
f 2141/2179/983 2140/2178/137 2142/2180/137
f 2143/2181/137 2141/2179/983 2142/2180/137
f 2143/2181/137 2142/2180/137 2144/2182/137
f 2145/2183/137 2143/2181/137 2144/2182/137
f 2145/2183/137 2144/2182/137 2146/2184/137
f 2147/2185/137 2145/2183/137 2146/2184/137
f 2147/2185/137 2146/2184/137 2148/2186/137
f 2149/2187/137 2147/2185/137 2148/2186/137
f 2149/2187/137 2148/2186/137 2150/2188/137
f 2117/2155/137 2149/2187/137 2150/2188/137
f 2115/2153/137 2117/2155/137 2150/2188/137
f 2127/2165/756 2113/2151/756 2112/2150/756
f 2112/2150/756 2125/2163/756 2127/2165/756
f 2125/2163/739 2112/2150/739 2111/2149/739
f 2111/2149/739 2123/2161/739 2125/2163/739
f 2123/2161/757 2111/2149/757 2110/2148/757
f 2110/2148/757 2121/2159/757 2123/2161/757
f 2121/2159/758 2110/2148/758 2109/2147/758
f 2109/2147/758 2119/2157/758 2121/2159/758
f 2119/2157/3 2109/2147/3 2108/2146/3
f 2108/2146/3 2116/2154/3 2119/2157/3
f 2116/2154/759 2108/2146/759 2107/2145/759
f 2107/2145/759 2117/2155/759 2116/2154/759
f 2117/2155/760 2107/2145/760 2106/2144/760
f 2106/2144/760 2149/2187/760 2117/2155/760
f 2149/2187/740 2106/2144/740 2105/2143/740
f 2105/2143/740 2147/2185/740 2149/2187/740
f 2147/2185/761 2105/2143/761 2104/2142/761
f 2104/2142/761 2145/2183/761 2147/2185/761
f 2145/2183/762 2104/2142/762 2103/2141/762
f 2103/2141/762 2143/2181/762 2145/2183/762
f 2143/2181/737 2103/2141/737 2102/2140/737
f 2102/2140/737 2141/2179/737 2143/2181/737
f 2141/2179/763 2102/2140/763 2101/2139/763
f 2101/2139/763 2139/2177/763 2141/2179/763
f 2139/2177/764 2101/2139/764 2100/2138/764
f 2100/2138/764 2137/2175/764 2139/2177/764
f 2137/2175/138 2100/2138/138 2099/2137/138
f 2099/2137/138 2135/2173/138 2137/2175/138
f 2135/2173/765 2099/2137/765 2098/2136/765
f 2098/2136/765 2133/2171/765 2135/2173/765
f 2133/2171/766 2098/2136/766 2097/2135/766
f 2097/2135/766 2131/2169/766 2133/2171/766
f 2131/2169/738 2097/2135/738 2114/2152/738
f 2114/2152/738 2129/2167/738 2131/2169/738
f 2129/2167/767 2114/2152/767 2113/2151/767
f 2113/2151/767 2127/2165/767 2129/2167/767
f 2151/2189/139 2152/2190/139 2153/2191/139
f 2153/2191/139 2154/2192/139 2155/2193/139
f 2155/2193/139 2156/2194/139 2157/2195/139
f 2153/2191/139 2155/2193/139 2157/2195/139
f 2157/2195/139 2158/2196/139 2159/2197/139
f 2159/2197/139 2160/2198/139 2161/2199/139
f 2157/2195/139 2159/2197/139 2161/2199/139
f 2153/2191/139 2157/2195/139 2161/2199/139
f 2161/2199/139 2162/2200/139 2163/2201/139
f 2163/2201/139 2164/2202/139 2165/2203/139
f 2161/2199/139 2163/2201/139 2165/2203/139
f 2153/2191/139 2161/2199/139 2165/2203/139
f 2151/2189/139 2153/2191/139 2165/2203/139
f 2165/2203/139 2166/2204/139 2167/2205/139
f 2151/2189/139 2165/2203/139 2167/2205/139
f 2168/2206/139 2151/2189/139 2167/2205/139
f 2169/2207/768 2126/2164/768 2124/2162/768
f 2124/2162/768 2170/2208/768 2169/2207/768
f 2170/2208/737 2124/2162/737 2122/2160/737
f 2122/2160/737 2171/2209/737 2170/2208/737
f 2171/2209/763 2122/2160/763 2120/2158/763
f 2120/2158/763 2172/2210/763 2171/2209/763
f 2172/2210/764 2120/2158/764 2118/2156/764
f 2118/2156/764 2173/2211/764 2172/2210/764
f 2173/2211/138 2118/2156/138 2115/2153/138
f 2115/2153/138 2174/2212/138 2173/2211/138
f 2174/2212/765 2115/2153/765 2150/2188/765
f 2150/2188/765 2175/2213/765 2174/2212/765
f 2175/2213/766 2150/2188/766 2148/2186/766
f 2148/2186/766 2176/2214/766 2175/2213/766
f 2176/2214/738 2148/2186/738 2146/2184/738
f 2146/2184/738 2177/2215/738 2176/2214/738
f 2177/2215/1280 2146/2184/1280 2144/2182/1280
f 2144/2182/767 2178/2216/767 2177/2215/767
f 2178/2216/756 2144/2182/756 2142/2180/756
f 2142/2180/756 2179/2217/756 2178/2216/756
f 2179/2217/739 2142/2180/739 2140/2178/739
f 2140/2178/739 2180/2218/739 2179/2217/739
f 2180/2218/757 2140/2178/757 2138/2176/757
f 2138/2176/757 2181/2219/757 2180/2218/757
f 2181/2219/758 2138/2176/758 2136/2174/758
f 2136/2174/758 2182/2220/758 2181/2219/758
f 2182/2220/3 2136/2174/3 2134/2172/3
f 2134/2172/3 2183/2221/3 2182/2220/3
f 2183/2221/759 2134/2172/759 2132/2170/759
f 2132/2170/759 2184/2222/759 2183/2221/759
f 2184/2222/760 2132/2170/760 2130/2168/760
f 2130/2168/760 2185/2223/760 2184/2222/760
f 2185/2223/740 2130/2168/740 2128/2166/740
f 2128/2166/740 2186/2224/740 2185/2223/740
f 2186/2224/769 2128/2166/769 2126/2164/769
f 2126/2164/769 2169/2207/769 2186/2224/769
f 2187/2225/137 2188/2226/137 2189/2227/137
f 2189/2227/137 2190/2228/137 2187/2225/137
f 2191/2229/770 2187/2225/770 2190/2228/770
f 2190/2228/770 2192/2230/1281 2191/2229/770
f 2193/2231/139 2191/2229/139 2192/2230/139
f 2192/2230/139 2194/2232/139 2193/2231/139
f 2188/2226/772 2193/2231/772 2194/2232/772
f 2194/2232/772 2189/2227/772 2188/2226/772
f 2195/2233/990 2196/2234/990 2197/2235/990
f 2197/2235/990 2198/2236/990 2195/2233/990
f 2199/2237/991 2200/2238/991 2187/2225/991
f 2187/2225/774 2191/2229/774 2199/2237/774
f 2201/2239/139 2199/2237/139 2191/2229/139
f 2191/2229/139 2193/2231/139 2201/2239/139
f 2202/2240/992 2201/2239/992 2193/2231/992
f 2193/2231/776 2188/2226/776 2202/2240/776
f 2203/2241/993 2204/2242/993 2196/2234/993
f 2196/2234/993 2195/2233/993 2203/2241/993
f 2205/2243/994 2206/2244/994 2200/2238/994
f 2200/2238/1282 2199/2237/1282 2205/2243/1282
f 2207/2245/996 2205/2243/996 2199/2237/996
f 2199/2237/996 2201/2239/996 2207/2245/996
f 2208/2246/997 2207/2245/997 2201/2239/997
f 2201/2239/998 2202/2240/998 2208/2246/998
f 2192/2230/3 2190/2228/3 2189/2227/3
f 2189/2227/3 2194/2232/3 2192/2230/3
f 2208/2246/999 2206/2244/999 2205/2243/999
f 2205/2243/999 2207/2245/999 2208/2246/999
f 2187/2225/1001 2198/2236/1283 2197/2235/1001
f 2197/2235/1001 2188/2226/1001 2187/2225/1001
f 2188/2226/1002 2197/2235/1002 2196/2234/1002
f 2196/2234/1284 2202/2240/1284 2188/2226/1285
f 2202/2240/1286 2196/2234/1287 2204/2242/1288
f 2204/2242/1288 2208/2246/1289 2202/2240/1286
f 2208/2246/1008 2204/2242/1008 2203/2241/1008
f 2203/2241/1008 2206/2244/1008 2208/2246/1008
f 2206/2244/1290 2203/2241/1291 2195/2233/1292
f 2195/2233/1292 2200/2238/1293 2206/2244/1290
f 2200/2238/1294 2195/2233/1294 2198/2236/1294
f 2198/2236/1295 2187/2225/1295 2200/2238/1295
f 2209/2247/137 2210/2248/137 2211/2249/137
f 2211/2249/137 2212/2250/137 2209/2247/137
f 2213/2251/1296 2209/2247/802 2212/2250/1296
f 2212/2250/1296 2214/2252/1296 2213/2251/1296
f 2215/2253/139 2213/2251/139 2214/2252/139
f 2214/2252/139 2216/2254/139 2215/2253/139
f 2210/2248/803 2215/2253/803 2216/2254/803
f 2216/2254/803 2211/2249/803 2210/2248/803
f 2217/2255/1015 2218/2256/1016 2219/2257/1016
f 2219/2257/1016 2220/2258/1015 2217/2255/1015
f 2221/2259/1017 2222/2260/1017 2209/2247/1017
f 2209/2247/806 2213/2251/806 2221/2259/806
f 2223/2261/139 2221/2259/139 2213/2251/139
f 2213/2251/139 2215/2253/139 2223/2261/139
f 2224/2262/1297 2223/2261/1297 2215/2253/1297
f 2215/2253/1298 2210/2248/1298 2224/2262/1298
f 2225/2263/1019 2226/2264/1019 2218/2256/1019
f 2218/2256/1019 2217/2255/1019 2225/2263/1019
f 2227/2265/1299 2228/2266/1299 2222/2260/1299
f 2222/2260/1021 2221/2259/1021 2227/2265/1021
f 2229/2267/1300 2227/2265/1300 2221/2259/1300
f 2221/2259/1300 2223/2261/1022 2229/2267/1300
f 2230/2268/1301 2229/2267/1301 2223/2261/1301
f 2223/2261/1302 2224/2262/1302 2230/2268/1302
f 2214/2252/740 2212/2250/740 2211/2249/740
f 2211/2249/740 2216/2254/740 2214/2252/740
f 2230/2268/1025 2228/2266/1025 2227/2265/1025
f 2227/2265/1025 2229/2267/1025 2230/2268/1025
f 2209/2247/1303 2220/2258/1304 2219/2257/1303
f 2219/2257/1303 2210/2248/1305 2209/2247/1303
f 2210/2248/1306 2219/2257/1306 2218/2256/1306
f 2218/2256/1028 2224/2262/1028 2210/2248/1028
f 2224/2262/1029 2218/2256/1307 2226/2264/1308
f 2226/2264/1308 2230/2268/1309 2224/2262/1029
f 2230/2268/1310 2226/2264/1310 2225/2263/1033
f 2225/2263/1033 2228/2266/1035 2230/2268/1310
f 2228/2266/1036 2225/2263/1311 2217/2255/1312
f 2217/2255/1312 2222/2260/1313 2228/2266/1036
f 2222/2260/1314 2217/2255/1314 2220/2258/1314
f 2220/2258/1315 2209/2247/1315 2222/2260/1315
f 2231/2269/139 2232/2270/139 2233/2271/139
f 2233/2271/139 2234/2272/139 2235/2273/139
f 2231/2269/139 2233/2271/139 2235/2273/139
f 2236/2274/139 2231/2269/139 2235/2273/139
f 2231/2269/1042 2237/2275/1042 2238/2276/1042
f 2238/2276/1042 2232/2270/1043 2231/2269/1042
f 2232/2270/1045 2238/2276/1045 2239/2277/1045
f 2239/2277/1045 2233/2271/1045 2232/2270/1045
f 2233/2271/1048 2239/2277/1048 2240/2278/1048
f 2240/2278/1048 2234/2272/1048 2233/2271/1048
f 2234/2272/1051 2240/2278/1049 2241/2279/1051
f 2241/2279/1051 2235/2273/1051 2234/2272/1051
f 2235/2273/1052 2241/2279/1052 2242/2280/1052
f 2242/2280/1052 2236/2274/1052 2235/2273/1052
f 2236/2274/1053 2242/2280/1054 2237/2275/1053
f 2237/2275/1053 2231/2269/1053 2236/2274/1053
f 2243/2281/137 2244/2282/137 2245/2283/137
f 2245/2283/137 2246/2284/137 2247/2285/137
f 2243/2281/137 2245/2283/137 2247/2285/137
f 2248/2286/137 2243/2281/137 2247/2285/137
f 2237/2275/1316 2249/2287/1316 2250/2288/1316
f 2250/2288/1316 2238/2276/1316 2237/2275/1316
f 2238/2276/1317 2250/2288/1317 2251/2289/1317
f 2251/2289/1317 2239/2277/1317 2238/2276/1317
f 2239/2277/1058 2251/2289/1058 2252/2290/1318
f 2252/2290/1318 2240/2278/1318 2239/2277/1058
f 2240/2278/1059 2252/2290/1059 2253/2291/1059
f 2253/2291/1059 2241/2279/1059 2240/2278/1059
f 2241/2279/1062 2253/2291/1062 2254/2292/1062
f 2254/2292/1062 2242/2280/1062 2241/2279/1062
f 2242/2280/1064 2254/2292/1064 2249/2287/1064
f 2249/2287/1064 2237/2275/1065 2242/2280/1064
f 2249/2287/1319 2247/2285/1319 2246/2284/1067
f 2246/2284/1067 2250/2288/1067 2249/2287/1319
f 2250/2288/1320 2246/2284/1320 2245/2283/1320
f 2245/2283/1320 2251/2289/1320 2250/2288/1320
f 2251/2289/1321 2245/2283/1321 2244/2282/1069
f 2244/2282/1069 2252/2290/1070 2251/2289/1321
f 2252/2290/1071 2244/2282/1071 2243/2281/1322
f 2243/2281/1322 2253/2291/1322 2252/2290/1071
f 2253/2291/1323 2243/2281/1323 2248/2286/1323
f 2248/2286/1323 2254/2292/1323 2253/2291/1323
f 2254/2292/1324 2248/2286/1324 2247/2285/1076
f 2247/2285/1076 2249/2287/1076 2254/2292/1324
f 2255/2293/137 2256/2294/137 2257/2295/137
f 2257/2295/137 2258/2296/137 2255/2293/137
f 2259/2297/860 2255/2293/860 2258/2296/860
f 2258/2296/860 2260/2298/860 2259/2297/860
f 2261/2299/139 2259/2297/139 2260/2298/139
f 2260/2298/139 2262/2300/139 2261/2299/139
f 2256/2294/861 2261/2299/861 2262/2300/861
f 2262/2300/861 2257/2295/862 2256/2294/861
f 2263/2301/1078 2264/2302/1078 2265/2303/1078
f 2265/2303/1078 2266/2304/1078 2263/2301/1078
f 2267/2305/1325 2268/2306/1325 2255/2293/1325
f 2255/2293/864 2259/2297/864 2267/2305/864
f 2269/2307/139 2267/2305/139 2259/2297/139
f 2259/2297/139 2261/2299/139 2269/2307/139
f 2270/2308/1080 2269/2307/1080 2261/2299/1080
f 2261/2299/866 2256/2294/866 2270/2308/866
f 2271/2309/1081 2272/2310/1081 2264/2302/1081
f 2264/2302/1081 2263/2301/1081 2271/2309/1081
f 2273/2311/1082 2274/2312/1082 2268/2306/1082
f 2268/2306/1083 2267/2305/1083 2273/2311/1083
f 2275/2313/1085 2273/2311/1085 2267/2305/1085
f 2267/2305/1085 2269/2307/1085 2275/2313/1085
f 2276/2314/1086 2275/2313/1086 2269/2307/1086
f 2269/2307/1087 2270/2308/1087 2276/2314/1087
f 2260/2298/739 2258/2296/739 2257/2295/739
f 2257/2295/739 2262/2300/739 2260/2298/739
f 2276/2314/1089 2274/2312/1089 2273/2311/1089
f 2273/2311/1089 2275/2313/1089 2276/2314/1089
f 2255/2293/1326 2266/2304/1327 2265/2303/1328
f 2265/2303/1328 2256/2294/1328 2255/2293/1326
f 2256/2294/1329 2265/2303/1329 2264/2302/1329
f 2264/2302/1330 2270/2308/1330 2256/2294/1330
f 2270/2308/1331 2264/2302/1094 2272/2310/1332
f 2272/2310/1332 2276/2314/1333 2270/2308/1331
f 2276/2314/1097 2272/2310/1097 2271/2309/1097
f 2271/2309/1097 2274/2312/1097 2276/2314/1097
f 2274/2312/1099 2271/2309/1334 2263/2301/1335
f 2263/2301/1335 2268/2306/1336 2274/2312/1099
f 2268/2306/1337 2263/2301/1337 2266/2304/1337
f 2266/2304/1338 2255/2293/1338 2268/2306/1338
f 2277/2315/137 2278/2316/137 2279/2317/137
f 2279/2317/137 2280/2318/137 2277/2315/137
f 2281/2319/893 2277/2315/1105 2280/2318/893
f 2280/2318/893 2282/2320/893 2281/2319/893
f 2283/2321/139 2281/2319/139 2282/2320/139
f 2282/2320/139 2284/2322/139 2283/2321/139
f 2278/2316/894 2283/2321/894 2284/2322/894
f 2284/2322/894 2279/2317/894 2278/2316/894
f 2285/2323/1106 2286/2324/1107 2287/2325/1107
f 2287/2325/1107 2288/2326/1106 2285/2323/1106
f 2289/2327/1108 2290/2328/1108 2277/2315/1108
f 2277/2315/896 2281/2319/896 2289/2327/896
f 2291/2329/139 2289/2327/139 2281/2319/139
f 2281/2319/139 2283/2321/139 2291/2329/139
f 2292/2330/1339 2291/2329/1339 2283/2321/1339
f 2283/2321/898 2278/2316/898 2292/2330/898
f 2293/2331/1110 2294/2332/1110 2286/2324/1110
f 2286/2324/1110 2285/2323/1110 2293/2331/1110
f 2295/2333/1111 2296/2334/1111 2290/2328/1111
f 2290/2328/1112 2289/2327/1112 2295/2333/1112
f 2297/2335/1340 2295/2333/1340 2289/2327/1340
f 2289/2327/1340 2291/2329/1340 2297/2335/1340
f 2298/2336/1341 2297/2335/1341 2291/2329/1341
f 2291/2329/1342 2292/2330/1342 2298/2336/1342
f 2282/2320/738 2280/2318/738 2279/2317/738
f 2279/2317/738 2284/2322/738 2282/2320/738
f 2298/2336/1117 2296/2334/1117 2295/2333/1117
f 2295/2333/1117 2297/2335/1117 2298/2336/1117
f 2277/2315/1343 2288/2326/1343 2287/2325/1344
f 2287/2325/1344 2278/2316/1344 2277/2315/1343
f 2278/2316/1345 2287/2325/1345 2286/2324/1345
f 2286/2324/1346 2292/2330/1120 2278/2316/1347
f 2292/2330/1348 2286/2324/1349 2294/2332/1350
f 2294/2332/1350 2298/2336/1124 2292/2330/1348
f 2298/2336/1125 2294/2332/1125 2293/2331/1125
f 2293/2331/1125 2296/2334/1126 2298/2336/1125
f 2296/2334/1127 2293/2331/1128 2285/2323/1129
f 2285/2323/1129 2290/2328/1351 2296/2334/1127
f 2290/2328/1352 2285/2323/1352 2288/2326/1352
f 2288/2326/1353 2277/2315/1353 2290/2328/1353
f 2299/2337/137 2300/2338/137 2301/2339/137
f 2301/2339/137 2302/2340/137 2299/2337/137
f 2303/2341/923 2299/2337/923 2302/2340/923
f 2302/2340/923 2304/2342/923 2303/2341/923
f 2305/2343/139 2303/2341/139 2304/2342/139
f 2304/2342/139 2306/2344/139 2305/2343/139
f 2300/2338/1354 2305/2343/1354 2306/2344/1354
f 2306/2344/1354 2301/2339/924 2300/2338/1354
f 2307/2345/1133 2308/2346/1133 2309/2347/1133
f 2309/2347/1133 2310/2348/1133 2307/2345/1133
f 2311/2349/1355 2312/2350/1355 2299/2337/1355
f 2299/2337/927 2303/2341/927 2311/2349/927
f 2313/2351/139 2311/2349/139 2303/2341/139
f 2303/2341/139 2305/2343/139 2313/2351/139
f 2314/2352/1135 2313/2351/1135 2305/2343/1135
f 2305/2343/929 2300/2338/929 2314/2352/929
f 2315/2353/1136 2316/2354/1136 2308/2346/1136
f 2308/2346/1136 2307/2345/1136 2315/2353/1136
f 2317/2355/1356 2318/2356/1356 2312/2350/1356
f 2312/2350/1357 2311/2349/1357 2317/2355/1357
f 2319/2357/1140 2317/2355/1140 2311/2349/1140
f 2311/2349/1140 2313/2351/1139 2319/2357/1140
f 2320/2358/1141 2319/2357/1141 2313/2351/1141
f 2313/2351/1142 2314/2352/1142 2320/2358/1142
f 2304/2342/737 2302/2340/737 2301/2339/737
f 2301/2339/737 2306/2344/737 2304/2342/737
f 2320/2358/1143 2318/2356/1143 2317/2355/1143
f 2317/2355/1143 2319/2357/1143 2320/2358/1143
f 2299/2337/1358 2310/2348/1359 2309/2347/1358
f 2309/2347/1358 2300/2338/1360 2299/2337/1358
f 2300/2338/1361 2309/2347/1361 2308/2346/1361
f 2308/2346/1362 2314/2352/1362 2300/2338/1362
f 2314/2352/1363 2308/2346/1149 2316/2354/1364
f 2316/2354/1364 2320/2358/1151 2314/2352/1363
f 2320/2358/1154 2316/2354/1154 2315/2353/1153
f 2315/2353/1153 2318/2356/1153 2320/2358/1154
f 2318/2356/1365 2315/2353/1366 2307/2345/1367
f 2307/2345/1367 2312/2350/1368 2318/2356/1365
f 2312/2350/1369 2307/2345/1369 2310/2348/1369
f 2310/2348/1370 2299/2337/1370 2312/2350/1370
f 2321/2359/137 2322/2360/137 2323/2361/137
f 2323/2361/137 2324/2362/137 2321/2359/137
f 2325/2363/955 2321/2359/955 2324/2362/955
f 2324/2362/955 2326/2364/955 2325/2363/955
f 2327/2365/139 2325/2363/139 2326/2364/139
f 2326/2364/139 2328/2366/139 2327/2365/139
f 2322/2360/956 2327/2365/956 2328/2366/956
f 2328/2366/956 2323/2361/956 2322/2360/956
f 2329/2367/1162 2330/2368/1162 2331/2369/1162
f 2331/2369/1162 2332/2370/1162 2329/2367/1162
f 2333/2371/1163 2334/2372/1163 2321/2359/1163
f 2321/2359/958 2325/2363/958 2333/2371/958
f 2335/2373/139 2333/2371/139 2325/2363/139
f 2325/2363/139 2327/2365/139 2335/2373/139
f 2336/2374/1371 2335/2373/1371 2327/2365/1371
f 2327/2365/960 2322/2360/960 2336/2374/960
f 2337/2375/1165 2338/2376/1165 2330/2368/1165
f 2330/2368/1165 2329/2367/1165 2337/2375/1165
f 2339/2377/1166 2340/2378/1166 2334/2372/1166
f 2334/2372/1167 2333/2371/1167 2339/2377/1167
f 2341/2379/1168 2339/2377/1168 2333/2371/1168
f 2333/2371/1168 2335/2373/1168 2341/2379/1168
f 2342/2380/1169 2341/2379/1169 2335/2373/1169
f 2335/2373/1170 2336/2374/1170 2342/2380/1170
f 2326/2364/138 2324/2362/138 2323/2361/138
f 2323/2361/138 2328/2366/138 2326/2364/138
f 2342/2380/1171 2340/2378/1171 2339/2377/1171
f 2339/2377/1171 2341/2379/1171 2342/2380/1171
f 2321/2359/1173 2332/2370/1173 2331/2369/1173
f 2331/2369/1173 2322/2360/1173 2321/2359/1173
f 2322/2360/1372 2331/2369/1372 2330/2368/1372
f 2330/2368/1373 2336/2374/1373 2322/2360/1373
f 2336/2374/1374 2330/2368/1375 2338/2376/1376
f 2338/2376/1376 2342/2380/1180 2336/2374/1374
f 2342/2380/1181 2338/2376/1181 2337/2375/1181
f 2337/2375/1181 2340/2378/1181 2342/2380/1181
f 2340/2378/1377 2337/2375/1183 2329/2367/1378
f 2329/2367/1378 2334/2372/1379 2340/2378/1377
f 2334/2372/1380 2329/2367/1380 2332/2370/1380
f 2332/2370/1381 2321/2359/1381 2334/2372/1381
f 2343/2381/137 2344/2382/137 2345/2383/137
f 2345/2383/137 2346/2384/137 2343/2381/137
f 2347/2385/139 2348/2386/139 2349/2387/139
f 2349/2387/139 2350/2388/139 2347/2385/139
f 2343/2381/3 2346/2384/3 2351/2389/3
f 2351/2389/3 2352/2390/3 2343/2381/3
f 2346/2391/31 2345/2392/31 2353/2393/31
f 2353/2393/31 2351/2394/31 2346/2391/31
f 2345/2383/138 2344/2382/138 2354/2395/138
f 2354/2395/138 2353/2396/138 2345/2383/138
f 2344/2397/28 2343/2398/28 2352/2399/28
f 2352/2399/28 2354/2400/28 2344/2397/28
f 2352/2390/1382 2351/2389/1382 2348/2386/1382
f 2348/2386/1382 2347/2385/1382 2352/2390/1382
f 2351/2389/1383 2353/2396/1384 2349/2387/1385
f 2349/2387/1385 2348/2386/1383 2351/2389/1383
f 2353/2396/1386 2354/2395/1387 2350/2388/1387
f 2350/2388/1387 2349/2387/1386 2353/2396/1386
f 2354/2395/1388 2352/2390/1389 2347/2385/1389
f 2347/2385/1389 2350/2388/1390 2354/2395/1388
f 2355/2401/139 2356/2402/139 2357/2403/139
f 2357/2403/139 2358/2404/139 2355/2401/139
f 2359/2405/137 2360/2406/137 2361/2407/137
f 2361/2407/137 2362/2408/137 2359/2405/137
f 2355/2401/3 2363/2409/3 2364/2410/3
f 2364/2410/3 2356/2402/3 2355/2401/3
f 2356/2402/31 2364/2410/31 2365/2411/31
f 2365/2411/31 2357/2403/31 2356/2402/31
f 2357/2403/138 2365/2411/138 2366/2412/138
f 2366/2412/138 2358/2404/138 2357/2403/138
f 2358/2404/28 2366/2412/28 2363/2409/28
f 2363/2409/28 2355/2401/28 2358/2404/28
f 2363/2409/1391 2359/2405/1391 2362/2408/1392
f 2362/2408/1392 2364/2410/1392 2363/2409/1391
f 2364/2410/1393 2362/2408/1393 2361/2407/1394
f 2361/2407/1394 2365/2411/1395 2364/2410/1393
f 2365/2411/1396 2361/2407/1396 2360/2406/1397
f 2360/2406/1397 2366/2412/1397 2365/2411/1396
f 2366/2412/1398 2360/2406/1399 2359/2405/1400
f 2359/2405/1400 2363/2409/1400 2366/2412/1398
f 2367/2413/1401 2368/2414/1401 2369/2415/1401
f 2367/2413/1401 2369/2415/1401 2370/2416/1401
f 2367/2413/1401 2370/2416/1401 2371/2417/1401
f 2372/2418/1402 2373/2419/1402 2374/2420/1402
f 2372/2418/1402 2374/2420/1402 2375/2421/1402
f 2372/2418/1402 2375/2421/1402 2376/2422/1402
f 2377/2423/31 2378/2424/31 2379/2425/31
f 2379/2425/31 2380/2426/31 2381/2427/31
f 2381/2427/31 2382/2428/31 2383/2429/31
f 2383/2429/31 2384/2430/31 2385/2431/31
f 2381/2427/31 2383/2429/31 2385/2431/31
f 2379/2425/31 2381/2427/31 2385/2431/31
f 2377/2423/31 2379/2425/31 2385/2431/31
f 2386/2432/31 2377/2423/31 2385/2431/31
f 2387/2433/31 2388/2434/31 2389/2435/31
f 2389/2435/31 2390/2436/31 2391/2437/31
f 2391/2437/31 2392/2438/31 2393/2439/31
f 2393/2439/31 2394/2440/31 2395/2441/31
f 2391/2437/31 2393/2439/31 2395/2441/31
f 2389/2435/31 2391/2437/31 2395/2441/31
f 2387/2433/31 2389/2435/31 2395/2441/31
f 2396/2442/31 2387/2433/31 2395/2441/31
f 2397/2443/28 2398/2444/28 2399/2445/28
f 2399/2445/28 2400/2446/28 2401/2447/28
f 2397/2443/28 2399/2445/28 2401/2447/28
f 2402/2448/252 2397/2443/28 2401/2447/28
f 2403/2449/137 2404/2450/137 2405/2451/137
f 2405/2451/137 2406/2452/137 2407/2453/137
f 2403/2449/137 2405/2451/137 2407/2453/137
f 2408/2454/137 2403/2449/137 2407/2453/137
f 2409/2455/28 2410/2456/28 2411/2457/28
f 2411/2457/28 2412/2458/28 2413/2459/28
f 2409/2455/28 2411/2457/28 2413/2459/28
f 2414/2460/193 2409/2455/28 2413/2459/28
f 2415/2461/139 2416/2462/139 2417/2463/139
f 2417/2463/139 2418/2464/139 2419/2465/139
f 2415/2461/139 2417/2463/139 2419/2465/139
f 2420/2466/139 2415/2461/139 2419/2465/139
f 2421/2467/1403 2422/2468/1403 2423/2469/1403
f 2423/2469/1403 2424/2470/1403 2421/2467/1403
f 2425/2471/1404 2426/2472/1404 2422/2468/1404
f 2422/2468/1404 2421/2467/1404 2425/2471/1404
f 2427/2473/1405 2428/2474/1406 2426/2472/1405
f 2426/2472/1405 2425/2471/1405 2427/2473/1405
f 2429/2475/1407 2430/2476/1407 2428/2474/1407
f 2428/2474/1407 2427/2473/1407 2429/2475/1407
f 2424/2470/1408 2423/2469/1408 2430/2476/1408
f 2430/2476/1408 2429/2475/1408 2424/2470/1408
f 2427/2473/1409 2425/2471/1409 2421/2467/1409
f 2427/2473/1409 2421/2467/1409 2424/2470/1409
f 2427/2473/1409 2424/2470/1409 2429/2475/1409
f 2431/2477/1410 2432/2478/1411 2433/2479/1410
f 2433/2479/1410 2434/2480/1410 2431/2477/1410
f 2435/2481/1412 2436/2482/1412 2432/2478/1412
f 2432/2478/1412 2431/2477/1413 2435/2481/1412
f 2437/2483/1414 2438/2484/1414 2436/2482/1414
f 2436/2482/1414 2435/2481/1414 2437/2483/1414
f 2437/2483/1415 2439/2485/1416 2440/2486/1416
f 2440/2486/1416 2438/2484/1415 2437/2483/1415
f 2434/2480/1417 2433/2479/1417 2440/2486/1418
f 2440/2486/1418 2439/2485/1418 2434/2480/1417
f 2433/2479/1419 2432/2478/1420 2441/2487/1420
f 2441/2487/1420 2442/2488/1419 2433/2479/1419
f 2432/2478/1421 2436/2482/1422 2443/2489/1422
f 2443/2489/1422 2441/2487/1421 2432/2478/1421
f 2436/2482/1423 2438/2484/1424 2444/2490/1424
f 2444/2490/1424 2443/2489/1423 2436/2482/1423
f 2438/2484/1425 2440/2486/1426 2445/2491/1426
f 2445/2491/1426 2444/2490/1425 2438/2484/1425
f 2440/2486/1427 2433/2479/1428 2442/2488/1427
f 2442/2488/1427 2445/2491/1427 2440/2486/1427
f 2431/2477/1429 2434/2480/1430 2423/2469/1430
f 2423/2469/1430 2422/2468/1429 2431/2477/1429
f 2435/2481/1431 2431/2477/1432 2422/2468/1433
f 2422/2468/1433 2426/2472/1434 2435/2481/1431
f 2437/2483/1435 2435/2481/1436 2426/2472/1437
f 2426/2472/1437 2428/2474/1435 2437/2483/1435
f 2439/2485/1438 2437/2483/1439 2428/2474/1440
f 2428/2474/1440 2430/2476/1441 2439/2485/1438
f 2434/2480/1442 2439/2485/1443 2430/2476/1443
f 2430/2476/1443 2423/2469/1442 2434/2480/1442
f 2446/2492/1444 2447/2493/1444 2448/2494/1444
f 2448/2494/1444 2449/2495/1444 2446/2492/1444
f 2450/2496/1445 2446/2492/1445 2449/2495/1445
f 2449/2495/1445 2451/2497/1445 2450/2496/1445
f 2452/2498/1446 2450/2496/1446 2451/2497/1446
f 2451/2497/1446 2453/2499/1446 2452/2498/1446
f 2454/2500/1447 2452/2498/1447 2453/2499/1447
f 2453/2499/1447 2455/2501/1447 2454/2500/1447
f 2447/2493/1448 2454/2500/1448 2455/2501/1448
f 2455/2501/1448 2448/2494/1448 2447/2493/1448
f 2452/2498/1449 2454/2500/1449 2447/2493/1449
f 2452/2498/1449 2447/2493/1449 2446/2492/1449
f 2452/2498/1449 2446/2492/1449 2450/2496/1449
f 2456/2502/1450 2457/2503/1450 2458/2504/1450
f 2458/2504/1450 2459/2505/1450 2456/2502/1450
f 2460/2506/1451 2456/2502/1452 2459/2505/1452
f 2459/2505/1452 2461/2507/1451 2460/2506/1451
f 2462/2508/1453 2460/2506/1453 2461/2507/1453
f 2461/2507/1453 2463/2509/1453 2462/2508/1453
f 2462/2508/1454 2463/2509/1454 2464/2510/1455
f 2464/2510/1455 2465/2511/1455 2462/2508/1454
f 2457/2503/1456 2465/2511/1456 2464/2510/1456
f 2464/2510/1456 2458/2504/1456 2457/2503/1456
f 2458/2504/1457 2466/2512/1457 2467/2513/1457
f 2467/2513/1458 2459/2505/1458 2458/2504/1458
f 2459/2505/1459 2467/2513/1459 2468/2514/1459
f 2468/2514/1459 2461/2507/1459 2459/2505/1459
f 2461/2507/1460 2468/2514/1460 2469/2515/1460
f 2469/2515/1461 2463/2509/1461 2461/2507/1461
f 2463/2509/1462 2469/2515/1462 2470/2516/1462
f 2470/2516/1462 2464/2510/1462 2463/2509/1462
f 2464/2510/1463 2470/2516/1463 2466/2512/1463
f 2466/2512/1463 2458/2504/1463 2464/2510/1463
f 2456/2502/1464 2449/2495/1464 2448/2494/1464
f 2448/2494/1464 2457/2503/1464 2456/2502/1464
f 2460/2506/1465 2451/2497/1466 2449/2495/1467
f 2449/2495/1467 2456/2502/1468 2460/2506/1465
f 2462/2508/1469 2453/2499/1469 2451/2497/1470
f 2451/2497/1470 2460/2506/1470 2462/2508/1469
f 2465/2511/1471 2455/2501/1472 2453/2499/1473
f 2453/2499/1473 2462/2508/1474 2465/2511/1471
f 2457/2503/1475 2448/2494/1475 2455/2501/1476
f 2455/2501/1476 2465/2511/1476 2457/2503/1475
f 2471/2517/28 2472/2518/28 2473/2519/28
f 2473/2519/28 2474/2520/28 2475/2521/28
f 2475/2521/28 2476/2522/28 2477/2523/28
f 2477/2523/28 2478/2524/28 2479/2525/28
f 2475/2521/28 2477/2523/28 2479/2525/28
f 2473/2519/28 2475/2521/28 2479/2525/28
f 2471/2517/28 2473/2519/28 2479/2525/28
f 2480/2526/28 2471/2517/28 2479/2525/28
f 2479/2525/1477 2478/2524/1477 2481/2527/1477
f 2481/2527/1477 2482/2528/1477 2479/2525/1477
f 2478/2524/1478 2477/2523/1478 2483/2529/1478
f 2483/2529/1478 2481/2527/1478 2478/2524/1478
f 2477/2523/138 2476/2522/138 2484/2530/138
f 2484/2530/138 2483/2529/138 2477/2523/138
f 2476/2522/1479 2475/2521/1479 2485/2531/1479
f 2485/2531/1479 2484/2530/1479 2476/2522/1479
f 2475/2521/1480 2474/2520/1480 2486/2532/1480
f 2486/2532/1480 2485/2531/1480 2475/2521/1480
f 2474/2520/1481 2473/2519/1481 2487/2533/1481
f 2487/2533/1481 2486/2532/1481 2474/2520/1481
f 2473/2519/1482 2472/2518/1482 2488/2534/1482
f 2488/2534/1482 2487/2533/1482 2473/2519/1482
f 2472/2518/3 2471/2517/3 2489/2535/3
f 2489/2535/3 2488/2534/3 2472/2518/3
f 2471/2517/1483 2480/2526/1483 2490/2536/1483
f 2490/2536/1483 2489/2535/1483 2471/2517/1483
f 2480/2526/1484 2479/2525/1484 2482/2528/1484
f 2482/2528/1484 2490/2536/1484 2480/2526/1484
f 2491/2537/31 2492/2538/31 2493/2539/31
f 2493/2539/31 2494/2540/31 2491/2537/31
f 2492/2538/31 2495/2541/31 2496/2542/31
f 2496/2542/31 2493/2539/31 2492/2538/31
f 2495/2541/31 2497/2543/31 2498/2544/31
f 2498/2544/31 2496/2542/31 2495/2541/31
f 2497/2543/31 2499/2545/31 2500/2546/31
f 2500/2546/31 2498/2544/31 2497/2543/31
f 2499/2545/31 2501/2547/31 2502/2548/31
f 2502/2548/31 2500/2546/31 2499/2545/31
f 2501/2547/31 2503/2549/31 2504/2550/31
f 2504/2550/31 2502/2548/31 2501/2547/31
f 2503/2549/31 2505/2551/31 2506/2552/31
f 2506/2552/31 2504/2550/31 2503/2549/31
f 2505/2551/31 2507/2553/31 2508/2554/31
f 2508/2554/31 2506/2552/31 2505/2551/31
f 2507/2553/31 2509/2555/31 2510/2556/31
f 2510/2556/31 2508/2554/31 2507/2553/31
f 2509/2555/31 2491/2537/31 2494/2540/31
f 2494/2540/31 2510/2556/31 2509/2555/31
f 2511/2557/1485 2512/2558/1486 2513/2559/1487
f 2513/2559/1487 2514/2560/1487 2511/2557/1485
f 2512/2558/1488 2515/2561/1489 2516/2562/1490
f 2516/2562/1490 2513/2559/1491 2512/2558/1488
f 2515/2561/1492 2517/2563/1493 2518/2564/1494
f 2518/2564/1494 2516/2562/1494 2515/2561/1492
f 2517/2563/1495 2519/2565/1496 2520/2566/1495
f 2520/2566/1495 2518/2564/1497 2517/2563/1495
f 2519/2565/1498 2521/2567/1499 2522/2568/1498
f 2522/2568/1498 2520/2566/1500 2519/2565/1498
f 2521/2567/1501 2523/2569/1502 2524/2570/1501
f 2524/2570/1501 2522/2568/1501 2521/2567/1501
f 2523/2569/1503 2525/2571/1504 2526/2572/1505
f 2526/2572/1505 2524/2570/1506 2523/2569/1503
f 2525/2571/1507 2527/2573/1508 2528/2574/1507
f 2528/2574/1507 2526/2572/1507 2525/2571/1507
f 2527/2573/1509 2529/2575/1510 2530/2576/1511
f 2530/2576/1511 2528/2574/1512 2527/2573/1509
f 2529/2575/1513 2511/2557/1514 2514/2560/1515
f 2514/2560/1515 2530/2576/1515 2529/2575/1513
f 2482/2528/1516 2481/2527/1517 2492/2538/1518
f 2492/2538/1518 2491/2537/1519 2482/2528/1516
f 2481/2527/1520 2483/2529/1521 2495/2541/1521
f 2495/2541/1521 2492/2538/1520 2481/2527/1520
f 2483/2529/1522 2484/2530/1522 2497/2543/1522
f 2497/2543/1522 2495/2541/1522 2483/2529/1522
f 2484/2530/1523 2485/2531/1523 2499/2545/1523
f 2499/2545/1523 2497/2543/1523 2484/2530/1523
f 2485/2531/1524 2486/2532/1525 2501/2547/1525
f 2501/2547/1525 2499/2545/1524 2485/2531/1524
f 2486/2532/1526 2487/2533/1527 2503/2549/1526
f 2503/2549/1526 2501/2547/1528 2486/2532/1526
f 2487/2533/1489 2488/2534/1529 2505/2551/1529
f 2505/2551/1529 2503/2549/1489 2487/2533/1489
f 2488/2534/1530 2489/2535/1530 2507/2553/1530
f 2507/2553/1530 2505/2551/1530 2488/2534/1530
f 2489/2535/1496 2490/2536/1531 2509/2555/1531
f 2509/2555/1531 2507/2553/1496 2489/2535/1496
f 2490/2536/1532 2482/2528/1533 2491/2537/1533
f 2491/2537/1533 2509/2555/1532 2490/2536/1532
f 2512/2558/1486 2511/2557/1485 2494/2540/1486
f 2494/2540/1486 2493/2539/1534 2512/2558/1486
f 2511/2557/1514 2529/2575/1513 2510/2556/1524
f 2510/2556/1524 2494/2540/1535 2511/2557/1514
f 2529/2575/1510 2527/2573/1509 2508/2554/1536
f 2508/2554/1536 2510/2556/1537 2529/2575/1510
f 2527/2573/1508 2525/2571/1507 2506/2552/1508
f 2506/2552/1508 2508/2554/1508 2527/2573/1508
f 2525/2571/1504 2523/2569/1503 2504/2550/1521
f 2504/2550/1521 2506/2552/1521 2525/2571/1504
f 2523/2569/1502 2521/2567/1501 2502/2548/1538
f 2502/2548/1538 2504/2550/1502 2523/2569/1502
f 2521/2567/1499 2519/2565/1498 2500/2546/1539
f 2500/2546/1539 2502/2548/1533 2521/2567/1499
f 2519/2565/1496 2517/2563/1495 2498/2544/1496
f 2498/2544/1496 2500/2546/1540 2519/2565/1496
f 2517/2563/1493 2515/2561/1492 2496/2542/1493
f 2496/2542/1493 2498/2544/1493 2517/2563/1493
f 2515/2561/1489 2512/2558/1488 2493/2539/1489
f 2493/2539/1489 2496/2542/1489 2515/2561/1489
f 2531/2577/28 2532/2578/28 2533/2579/28
f 2533/2579/28 2534/2580/28 2535/2581/28
f 2535/2581/28 2536/2582/28 2537/2583/28
f 2537/2583/28 2538/2584/28 2539/2585/28
f 2535/2581/28 2537/2583/28 2539/2585/28
f 2533/2579/28 2535/2581/28 2539/2585/28
f 2531/2577/28 2533/2579/28 2539/2585/28
f 2540/2586/28 2531/2577/28 2539/2585/28
f 2539/2585/1477 2538/2584/1477 2541/2587/1477
f 2541/2587/1477 2542/2588/1477 2539/2585/1477
f 2538/2584/1478 2537/2583/1478 2543/2589/1478
f 2543/2589/1478 2541/2587/1478 2538/2584/1478
f 2537/2583/138 2536/2582/138 2544/2590/138
f 2544/2590/138 2543/2589/138 2537/2583/138
f 2536/2582/1479 2535/2581/1479 2545/2591/1479
f 2545/2591/1479 2544/2590/1479 2536/2582/1479
f 2535/2581/1480 2534/2580/1480 2546/2592/1480
f 2546/2592/1480 2545/2591/1480 2535/2581/1480
f 2534/2580/1481 2533/2579/1481 2547/2593/1481
f 2547/2593/1481 2546/2592/1481 2534/2580/1481
f 2533/2579/1482 2532/2578/1482 2548/2594/1482
f 2548/2594/1482 2547/2593/1482 2533/2579/1482
f 2532/2578/3 2531/2577/3 2549/2595/3
f 2549/2595/3 2548/2594/3 2532/2578/3
f 2531/2577/1483 2540/2586/1483 2550/2596/1483
f 2550/2596/1483 2549/2595/1483 2531/2577/1483
f 2540/2586/1484 2539/2585/1484 2542/2588/1484
f 2542/2588/1484 2550/2596/1484 2540/2586/1484
f 2551/2597/31 2552/2598/31 2553/2599/31
f 2553/2599/31 2554/2600/31 2551/2597/31
f 2552/2598/31 2555/2601/31 2556/2602/31
f 2556/2602/31 2553/2599/31 2552/2598/31
f 2555/2601/31 2557/2603/31 2558/2604/31
f 2558/2604/31 2556/2602/31 2555/2601/31
f 2557/2603/31 2559/2605/31 2560/2606/31
f 2560/2606/31 2558/2604/31 2557/2603/31
f 2559/2605/31 2561/2607/31 2562/2608/31
f 2562/2608/31 2560/2606/31 2559/2605/31
f 2561/2607/31 2563/2609/31 2564/2610/31
f 2564/2610/31 2562/2608/31 2561/2607/31
f 2563/2609/31 2565/2611/31 2566/2612/31
f 2566/2612/31 2564/2610/31 2563/2609/31
f 2565/2611/31 2567/2613/31 2568/2614/31
f 2568/2614/31 2566/2612/31 2565/2611/31
f 2567/2613/31 2569/2615/31 2570/2616/31
f 2570/2616/31 2568/2614/31 2567/2613/31
f 2569/2615/31 2551/2597/31 2554/2600/31
f 2554/2600/31 2570/2616/31 2569/2615/31
f 2571/2617/1541 2572/2618/1542 2573/2619/1543
f 2573/2619/1543 2574/2620/1487 2571/2617/1541
f 2572/2618/1544 2575/2621/1545 2576/2622/1546
f 2576/2622/1546 2573/2619/1490 2572/2618/1544
f 2575/2621/1547 2577/2623/1493 2578/2624/1494
f 2578/2624/1494 2576/2622/1492 2575/2621/1547
f 2577/2623/1548 2579/2625/1549 2580/2626/1495
f 2580/2626/1495 2578/2624/1495 2577/2623/1548
f 2579/2625/1498 2581/2627/1533 2582/2628/1500
f 2582/2628/1500 2580/2626/1500 2579/2625/1498
f 2581/2627/1550 2583/2629/1518 2584/2630/1501
f 2584/2630/1501 2582/2628/1550 2581/2627/1550
f 2583/2629/1551 2585/2631/1520 2586/2632/1505
f 2586/2632/1505 2584/2630/1506 2583/2629/1551
f 2585/2631/1552 2587/2633/1508 2588/2634/1507
f 2588/2634/1507 2586/2632/1552 2585/2631/1552
f 2587/2633/1553 2589/2635/1554 2590/2636/1555
f 2590/2636/1555 2588/2634/1511 2587/2633/1553
f 2589/2635/1515 2571/2617/1524 2574/2620/1515
f 2574/2620/1515 2590/2636/1556 2589/2635/1515
f 2542/2588/1557 2541/2587/1558 2552/2598/1559
f 2552/2598/1559 2551/2597/1560 2542/2588/1557
f 2541/2587/1520 2543/2589/1521 2555/2601/1521
f 2555/2601/1521 2552/2598/1520 2541/2587/1520
f 2543/2589/1508 2544/2590/1522 2557/2603/1522
f 2557/2603/1522 2555/2601/1508 2543/2589/1508
f 2544/2590/1561 2545/2591/1537 2559/2605/1537
f 2559/2605/1537 2557/2603/1561 2544/2590/1561
f 2545/2591/1535 2546/2592/1562 2561/2607/1562
f 2561/2607/1562 2559/2605/1535 2545/2591/1535
f 2546/2592/1526 2547/2593/1486 2563/2609/1527
f 2563/2609/1527 2561/2607/1526 2546/2592/1526
f 2547/2593/1563 2548/2594/1489 2565/2611/1489
f 2565/2611/1489 2563/2609/1563 2547/2593/1563
f 2548/2594/1530 2549/2595/1530 2567/2613/1530
f 2567/2613/1530 2565/2611/1530 2548/2594/1530
f 2549/2595/1496 2550/2596/1564 2569/2615/1564
f 2569/2615/1564 2567/2613/1496 2549/2595/1496
f 2550/2596/1533 2542/2588/1499 2551/2597/1499
f 2551/2597/1499 2569/2615/1533 2550/2596/1533
f 2572/2618/1542 2571/2617/1541 2554/2600/1526
f 2554/2600/1526 2553/2599/1542 2572/2618/1542
f 2571/2617/1524 2589/2635/1515 2570/2616/1565
f 2570/2616/1565 2554/2600/1566 2571/2617/1524
f 2589/2635/1554 2587/2633/1553 2568/2614/1567
f 2568/2614/1567 2570/2616/1568 2589/2635/1554
f 2587/2633/1508 2585/2631/1552 2566/2612/1508
f 2566/2612/1508 2568/2614/1508 2587/2633/1508
f 2585/2631/1520 2583/2629/1551 2564/2610/1569
f 2564/2610/1569 2566/2612/1570 2585/2631/1520
f 2583/2629/1518 2581/2627/1550 2562/2608/1538
f 2562/2608/1538 2564/2610/1571 2583/2629/1518
f 2581/2627/1533 2579/2625/1498 2560/2606/1539
f 2560/2606/1539 2562/2608/1572 2581/2627/1533
f 2579/2625/1549 2577/2623/1548 2558/2604/1573
f 2558/2604/1573 2560/2606/1573 2579/2625/1549
f 2577/2623/1493 2575/2621/1547 2556/2602/1530
f 2556/2602/1530 2558/2604/1493 2577/2623/1493
f 2575/2621/1545 2572/2618/1544 2553/2599/1574
f 2553/2599/1574 2556/2602/1545 2575/2621/1545
f 2591/2637/1575 2592/2638/1576 2593/2639/1577
f 2594/2640/1578 2591/2637/1575 2593/2639/1577
f 2595/2641/1578 2594/2640/1578 2593/2639/1577
f 2596/2642/1579 2597/2643/3 2598/2644/3
f 2598/2644/3 2599/2645/1579 2596/2642/1579
f 2600/2646/137 2601/2647/137 2602/2648/137
f 2602/2648/137 2603/2649/137 2600/2646/137
f 2591/2637/138 2604/2650/138 2605/2651/138
f 2605/2651/138 2592/2638/138 2591/2637/138
f 2595/2641/139 2593/2639/139 2606/2652/139
f 2606/2652/139 2607/2653/139 2595/2641/139
f 2608/2654/31 2609/2655/31 2610/2656/31
f 2610/2656/31 2611/2657/31 2608/2654/31
f 2591/2637/138 2612/2658/138 2613/2659/138
f 2613/2659/138 2604/2650/138 2591/2637/138
f 2614/2660/28 2602/2648/28 2601/2647/28
f 2601/2647/28 2615/2661/28 2614/2660/28
f 2597/2662/3 2616/2663/3 2617/2664/3
f 2617/2664/1580 2618/2665/1580 2598/2666/1581
f 2597/2662/3 2617/2664/3 2598/2666/3
f 2609/2655/1582 2608/2654/1582 2619/2667/1582
f 2619/2667/1583 2591/2637/1583 2594/2640/1583
f 2609/2655/1584 2619/2667/1584 2594/2640/1584
f 2620/2668/1585 2609/2655/1585 2594/2640/1585
f 2621/2669/1586 2620/2668/1586 2594/2640/1586
f 2591/2637/138 2619/2667/138 2622/2670/138
f 2622/2670/138 2612/2658/138 2591/2637/138
f 2623/2671/3 2620/2668/3 2621/2669/3
f 2623/2671/3 2621/2669/3 2618/2665/3
f 2617/2664/1580 2623/2671/1580 2618/2665/1580
f 2594/2640/1587 2598/2666/1587 2618/2665/1587
f 2618/2665/1588 2621/2669/1588 2594/2640/1588
f 2595/2641/1589 2599/2672/1589 2598/2666/1589
f 2598/2666/1590 2594/2640/1590 2595/2641/1590
f 2599/2645/1591 2595/2673/1591 2607/2674/1591
f 2607/2674/1592 2596/2642/1592 2599/2645/1592
f 2605/2651/143 2606/2652/143 2593/2639/143
f 2593/2639/143 2592/2638/143 2605/2651/143
f 2611/2657/1593 2622/2670/1593 2619/2667/1593
f 2619/2667/1593 2608/2654/1593 2611/2657/1593
f 2609/2655/41 2620/2668/41 2623/2671/41
f 2623/2671/41 2610/2656/41 2609/2655/41
f 2607/2653/1594 2624/2675/1595 2625/2676/1594
f 2625/2676/1594 2596/2677/1594 2607/2653/1594
f 2596/2677/1596 2625/2676/1596 2615/2661/1596
f 2615/2661/1596 2597/2662/1596 2596/2677/1596
f 2597/2662/1596 2615/2661/1596 2601/2647/1596
f 2601/2647/1596 2616/2663/1596 2597/2662/1596
f 2616/2663/1597 2601/2647/1598 2600/2646/1597
f 2600/2646/1597 2617/2664/1599 2616/2663/1597
f 2617/2664/1599 2600/2646/1597 2626/2678/1599
f 2626/2678/1599 2623/2671/1599 2617/2664/1599
f 2623/2671/1600 2626/2678/1600 2627/2679/1601
f 2627/2679/1601 2610/2656/1601 2623/2671/1600
f 2610/2656/1602 2627/2679/1602 2628/2680/1602
f 2628/2680/1602 2611/2657/1602 2610/2656/1602
f 2611/2657/1603 2628/2680/1603 2629/2681/1603
f 2629/2681/1603 2622/2670/1603 2611/2657/1603
f 2622/2670/1604 2629/2681/1604 2603/2649/1604
f 2603/2649/1604 2612/2658/1604 2622/2670/1604
f 2612/2658/1604 2603/2649/1604 2602/2648/1605
f 2602/2648/1605 2613/2659/1605 2612/2658/1604
f 2613/2659/1606 2602/2648/1606 2614/2660/1606
f 2614/2660/1606 2604/2650/1606 2613/2659/1606
f 2604/2650/1606 2614/2660/1606 2630/2682/1606
f 2630/2682/1606 2605/2651/1606 2604/2650/1606
f 2605/2651/1607 2630/2682/1607 2631/2683/1608
f 2631/2683/1608 2606/2652/1607 2605/2651/1607
f 2606/2652/1609 2631/2683/1609 2624/2675/1609
f 2624/2675/1609 2607/2653/1609 2606/2652/1609
f 2615/2661/1610 2632/2684/1610 2633/2685/1610
f 2633/2685/1611 2614/2660/1611 2615/2661/1611
f 2614/2660/1612 2633/2685/1612 2634/2686/1612
f 2634/2686/1612 2630/2682/1612 2614/2660/1612
f 2630/2682/1613 2634/2686/1613 2635/2687/1613
f 2635/2687/1613 2631/2683/1613 2630/2682/1613
f 2631/2683/1614 2635/2687/1614 2636/2688/1614
f 2636/2688/1615 2624/2675/1615 2631/2683/1615
f 2624/2675/1616 2636/2688/1616 2637/2689/1616
f 2637/2689/1617 2625/2676/1617 2624/2675/1617
f 2625/2676/1618 2637/2689/1618 2632/2684/1618
f 2632/2684/1618 2615/2661/1618 2625/2676/1618
f 2603/2649/1619 2638/2690/1620 2639/2691/1619
f 2639/2691/1619 2600/2646/1619 2603/2649/1619
f 2600/2646/1621 2639/2691/1621 2640/2692/1621
f 2640/2692/1622 2626/2678/1622 2600/2646/1622
f 2626/2678/1623 2640/2692/1623 2641/2693/1623
f 2641/2693/1624 2627/2679/1624 2626/2678/1624
f 2627/2679/1625 2641/2693/1625 2642/2694/1625
f 2642/2694/1625 2628/2680/1625 2627/2679/1625
f 2628/2680/1626 2642/2694/1626 2643/2695/1626
f 2643/2695/1627 2629/2681/1627 2628/2680/1627
f 2629/2681/1628 2643/2695/1628 2638/2690/1628
f 2638/2690/1628 2603/2649/1628 2629/2681/1628
f 2644/2696/1629 2645/2697/1630 2646/2698/1631
f 2644/2696/1629 2646/2698/1631 2647/2699/1632
f 2648/2700/1632 2644/2696/1629 2647/2699/1632
f 2649/2701/3 2650/2702/3 2651/2703/3
f 2651/2703/3 2652/2704/3 2649/2701/3
f 2653/2705/139 2654/2706/139 2655/2707/139
f 2655/2707/139 2656/2708/139 2653/2705/139
f 2646/2709/138 2645/2710/138 2657/2711/138
f 2657/2711/138 2658/2712/138 2646/2709/138
f 2648/2700/137 2659/2713/137 2660/2714/137
f 2660/2714/137 2644/2715/137 2648/2700/137
f 2661/2716/31 2662/2717/31 2663/2718/31
f 2663/2718/31 2664/2719/31 2661/2716/31
f 2646/2709/138 2658/2712/138 2665/2720/138
f 2665/2720/138 2666/2721/138 2646/2709/138
f 2667/2722/28 2668/2723/28 2656/2708/28
f 2656/2708/28 2655/2707/28 2667/2722/28
f 2651/2703/1633 2669/2724/1580 2670/2725/1580
f 2652/2704/3 2651/2703/3 2670/2725/3
f 2652/2704/3 2670/2725/3 2671/2726/3
f 2647/2699/1634 2646/2709/1634 2672/2727/1634
f 2672/2727/1635 2661/2716/1635 2664/2719/1635
f 2647/2699/1636 2672/2727/1636 2664/2719/1636
f 2647/2699/1637 2664/2719/1637 2673/2728/1637
f 2674/2729/1638 2647/2699/1638 2673/2728/1638
f 2646/2709/138 2666/2721/138 2675/2730/138
f 2675/2730/138 2672/2727/138 2646/2709/138
f 2674/2729/3 2673/2728/3 2676/2731/3
f 2669/2724/3 2674/2729/3 2676/2731/3
f 2670/2725/1580 2669/2724/1580 2676/2731/1580
f 2647/2699/1639 2674/2729/1639 2669/2724/1639
f 2669/2724/1640 2651/2703/1640 2647/2699/1640
f 2648/2700/1641 2647/2699/1641 2651/2703/1641
f 2651/2703/1642 2650/2702/1642 2648/2700/1642
f 2650/2702/1643 2649/2701/1643 2659/2713/1643
f 2659/2713/1644 2648/2700/1644 2650/2702/1644
f 2657/2711/209 2645/2710/209 2644/2715/209
f 2644/2715/209 2660/2714/209 2657/2711/209
f 2662/2717/1593 2661/2716/1593 2672/2727/1593
f 2672/2727/1593 2675/2730/1593 2662/2717/1593
f 2664/2719/41 2663/2718/41 2676/2731/41
f 2676/2731/41 2673/2728/41 2664/2719/41
f 2659/2713/1645 2649/2701/1646 2677/2732/1645
f 2677/2732/1645 2678/2733/1645 2659/2713/1645
f 2649/2701/1596 2652/2704/1596 2668/2723/1596
f 2668/2723/1596 2677/2732/1596 2649/2701/1596
f 2652/2704/1596 2671/2726/1596 2656/2708/1596
f 2656/2708/1596 2668/2723/1596 2652/2704/1596
f 2671/2726/1647 2670/2725/1647 2653/2705/1647
f 2653/2705/1647 2656/2708/1647 2671/2726/1647
f 2670/2725/1647 2676/2731/1647 2679/2734/1647
f 2679/2734/1647 2653/2705/1647 2670/2725/1647
f 2676/2731/1648 2663/2718/1648 2680/2735/1648
f 2680/2735/1648 2679/2734/1648 2676/2731/1648
f 2663/2718/1649 2662/2717/1649 2681/2736/1649
f 2681/2736/1649 2680/2735/1649 2663/2718/1649
f 2662/2717/1650 2675/2730/1650 2682/2737/1650
f 2682/2737/1650 2681/2736/1650 2662/2717/1650
f 2675/2730/1651 2666/2721/1651 2654/2706/1651
f 2654/2706/1651 2682/2737/1651 2675/2730/1651
f 2666/2721/1651 2665/2720/1651 2655/2707/1651
f 2655/2707/1651 2654/2706/1651 2666/2721/1651
f 2665/2720/1606 2658/2712/1606 2667/2722/1606
f 2667/2722/1606 2655/2707/1606 2665/2720/1606
f 2658/2712/1606 2657/2711/1606 2683/2738/1606
f 2683/2738/1606 2667/2722/1606 2658/2712/1606
f 2657/2711/1652 2660/2714/1653 2684/2739/1653
f 2684/2739/1653 2683/2738/1652 2657/2711/1652
f 2660/2714/1654 2659/2713/1654 2678/2733/1654
f 2678/2733/1654 2684/2739/1654 2660/2714/1654
f 2668/2723/1614 2667/2722/1615 2685/2740/1615
f 2685/2740/1615 2686/2741/1614 2668/2723/1614
f 2667/2722/1612 2683/2738/1612 2687/2742/1612
f 2687/2742/1612 2685/2740/1612 2667/2722/1612
f 2683/2738/1655 2684/2739/1655 2688/2743/1655
f 2688/2743/1655 2687/2742/1656 2683/2738/1655
f 2684/2739/1610 2678/2733/1611 2689/2744/1611
f 2689/2744/1611 2688/2743/1610 2684/2739/1610
f 2678/2733/1657 2677/2732/1657 2690/2745/1657
f 2690/2745/1657 2689/2744/1658 2678/2733/1657
f 2677/2732/1618 2668/2723/1618 2686/2741/1618
f 2686/2741/1618 2690/2745/1618 2677/2732/1618
f 2654/2706/1659 2653/2705/1659 2691/2746/1659
f 2691/2746/1659 2692/2747/1659 2654/2706/1659
f 2653/2705/1660 2679/2734/1661 2693/2748/1660
f 2693/2748/1660 2691/2746/1660 2653/2705/1660
f 2679/2734/1662 2680/2735/1662 2694/2749/1662
f 2694/2749/1662 2693/2748/1662 2679/2734/1662
f 2680/2735/1663 2681/2736/1663 2695/2750/1663
f 2695/2750/1663 2694/2749/1663 2680/2735/1663
f 2681/2736/1664 2682/2737/1664 2696/2751/1664
f 2696/2751/1664 2695/2750/1664 2681/2736/1664
f 2682/2737/1665 2654/2706/1665 2692/2747/1665
f 2692/2747/1665 2696/2751/1665 2682/2737/1665
f 2697/2752/1666 2698/2753/1667 2699/2754/1668
f 2699/2754/1668 2700/2755/1669 2697/2752/1666
f 2701/2756/139 2702/2757/139 2703/2758/139
f 2704/2759/139 2701/2756/139 2703/2758/139
f 2705/2760/139 2704/2759/139 2703/2758/139
f 2706/2761/1670 2707/2762/1671 2708/2763/1672
f 2708/2763/1672 2697/2752/1673 2706/2761/1670
f 2709/2764/1674 2710/2765/1675 2711/2766/1674
f 2711/2766/1674 2712/2767/1676 2709/2764/1674
f 2710/2765/1675 2713/2768/1677 2714/2769/1678
f 2714/2769/1678 2711/2766/1674 2710/2765/1675
f 2713/2768/1677 2715/2770/1677 2716/2771/1677
f 2716/2771/1677 2714/2769/1678 2713/2768/1677
f 2717/2772/1679 2709/2764/1680 2712/2767/1681
f 2712/2767/1681 2718/2773/1682 2717/2772/1679
f 2712/2767/1683 2711/2766/1684 2719/2774/1685
f 2719/2774/1685 2720/2775/1686 2712/2767/1683
f 2711/2766/1684 2714/2769/1687 2721/2776/1687
f 2721/2776/1687 2719/2774/1685 2711/2766/1684
f 2714/2769/1688 2716/2771/1689 2722/2777/1690
f 2722/2777/1690 2721/2776/1691 2714/2769/1688
f 2718/2773/1692 2712/2767/1692 2720/2775/1692
f 2720/2775/1693 2723/2778/1693 2718/2773/1693
f 2724/2779/1694 2725/2780/1694 2726/2781/1694
f 2726/2781/1695 2727/2782/1696 2728/2783/1697
f 2724/2779/1698 2726/2781/1695 2728/2783/1697
f 2724/2779/1698 2728/2783/1697 2729/2784/1699
f 2730/2785/1700 2715/2770/1700 2731/2786/1700
f 2731/2786/1701 2732/2787/1701 2730/2785/1701
f 2715/2770/1702 2713/2768/1703 2733/2788/1704
f 2733/2788/1704 2731/2786/1705 2715/2770/1702
f 2713/2768/1703 2710/2765/1706 2734/2789/1707
f 2734/2789/1707 2733/2788/1704 2713/2768/1703
f 2710/2765/1708 2735/2790/1708 2736/2791/1708
f 2736/2791/1709 2734/2789/1709 2710/2765/1709
f 2735/2790/1710 2737/2792/1710 2738/2793/1710
f 2738/2793/1711 2736/2791/1711 2735/2790/1711
f 2737/2792/1712 2739/2794/1713 2740/2795/1714
f 2740/2795/1714 2738/2793/1715 2737/2792/1712
f 2739/2794/1716 2730/2785/1716 2732/2787/1716
f 2732/2787/1717 2740/2795/1717 2739/2794/1717
f 2741/2796/1718 2742/2797/1719 2733/2788/1720
f 2740/2795/1721 2741/2796/1718 2733/2788/1720
f 2740/2795/1721 2733/2788/1720 2743/2798/1722
f 2740/2795/1723 2743/2798/1723 2744/2799/1723
f 2733/2788/1724 2734/2789/1725 2745/2800/1726
f 2745/2800/1726 2743/2798/1727 2733/2788/1724
f 2734/2789/1728 2736/2791/1728 2746/2801/1728
f 2746/2801/1729 2745/2800/1729 2734/2789/1729
f 2736/2791/1730 2738/2793/1730 2747/2802/1730
f 2747/2802/1731 2746/2801/1731 2736/2791/1731
f 2738/2793/1732 2740/2795/1732 2744/2799/1732
f 2744/2799/1733 2747/2802/1733 2738/2793/1733
f 2740/2795/1734 2732/2787/1734 2748/2803/1734
f 2748/2803/1735 2741/2796/1735 2740/2795/1735
f 2732/2787/1736 2731/2786/1736 2749/2804/1736
f 2749/2804/1737 2748/2803/1737 2732/2787/1737
f 2731/2786/1738 2733/2788/1738 2742/2797/1738
f 2742/2797/1739 2749/2804/1739 2731/2786/1739
f 2744/2799/1740 2743/2798/1741 2750/2805/1742
f 2750/2805/1742 2751/2806/1743 2744/2799/1740
f 2743/2798/1744 2745/2800/1744 2752/2807/1744
f 2752/2807/1744 2750/2805/1744 2743/2798/1744
f 2745/2800/1745 2746/2801/1746 2753/2808/1747
f 2753/2808/1747 2752/2807/1748 2745/2800/1745
f 2746/2801/1749 2747/2802/1749 2754/2809/1749
f 2754/2809/1750 2753/2808/1750 2746/2801/1750
f 2747/2802/1751 2744/2799/1752 2751/2806/1753
f 2751/2806/1753 2754/2809/1754 2747/2802/1751
f 2741/2796/1755 2748/2803/1756 2755/2810/1757
f 2755/2810/1757 2756/2811/1758 2741/2796/1755
f 2748/2803/1759 2749/2804/1760 2757/2812/1761
f 2757/2812/1761 2755/2810/1762 2748/2803/1759
f 2749/2804/1763 2742/2797/1764 2758/2813/1765
f 2758/2813/1765 2757/2812/1766 2749/2804/1763
f 2742/2797/1767 2741/2796/1768 2756/2811/1769
f 2756/2811/1769 2758/2813/1770 2742/2797/1767
f 2739/2794/1771 2759/2814/1771 2704/2759/1771
f 2704/2759/1772 2705/2760/1772 2739/2794/1772
f 2759/2814/1773 2760/2815/1773 2701/2756/1773
f 2701/2756/1773 2704/2759/1773 2759/2814/1773
f 2760/2815/1774 2761/2816/1774 2702/2757/1774
f 2702/2757/1775 2701/2756/1775 2760/2815/1775
f 2761/2816/1776 2730/2785/1777 2703/2758/1777
f 2703/2758/1777 2702/2757/1776 2761/2816/1776
f 2730/2785/1778 2739/2794/1778 2705/2760/1778
f 2705/2760/1778 2703/2758/1778 2730/2785/1778
f 2737/2792/1779 2735/2790/1779 2725/2780/1779
f 2725/2780/1780 2724/2779/1780 2737/2792/1780
f 2735/2790/1781 2762/2817/1781 2726/2781/1781
f 2726/2781/1782 2725/2780/1782 2735/2790/1782
f 2762/2817/1783 2763/2818/1783 2727/2782/1783
f 2727/2782/1784 2726/2781/1784 2762/2817/1784
f 2763/2818/1785 2759/2814/1785 2728/2783/1785
f 2728/2783/1786 2727/2782/1786 2763/2818/1786
f 2759/2814/1787 2739/2794/1787 2729/2784/1787
f 2729/2784/1788 2728/2783/1788 2759/2814/1788
f 2739/2794/1789 2737/2792/1790 2724/2779/1791
f 2724/2779/1791 2729/2784/1792 2739/2794/1789
f 2764/2819/1793 2765/2820/1793 2766/2821/1793
f 2766/2821/1793 2767/2822/1793 2764/2819/1793
f 2761/2816/1794 2760/2815/1795 2768/2823/1796
f 2768/2823/1796 2769/2824/1797 2761/2816/1794
f 2760/2815/1798 2770/2825/1798 2771/2826/1798
f 2771/2826/1798 2768/2823/1798 2760/2815/1798
f 2770/2825/1799 2772/2827/1799 2773/2828/1799
f 2773/2828/1800 2771/2826/1800 2770/2825/1800
f 2772/2827/1801 2774/2829/1801 2775/2830/1801
f 2775/2830/1801 2773/2828/1801 2772/2827/1801
f 2774/2829/1802 2776/2831/1802 2777/2832/1802
f 2777/2832/1802 2775/2830/1802 2774/2829/1802
f 2776/2831/1803 2778/2833/1803 2779/2834/1803
f 2779/2834/1803 2777/2832/1803 2776/2831/1803
f 2778/2833/1804 2780/2835/1804 2781/2836/1804
f 2781/2836/1804 2779/2834/1804 2778/2833/1804
f 2780/2835/1805 2782/2837/1806 2783/2838/1805
f 2783/2838/1805 2781/2836/1805 2780/2835/1805
f 2782/2837/1807 2784/2839/1807 2785/2840/1807
f 2785/2840/1807 2783/2838/1807 2782/2837/1807
f 2784/2839/1808 2786/2841/1808 2787/2842/1808
f 2787/2842/1808 2785/2840/1808 2784/2839/1808
f 2786/2841/1809 2788/2843/1809 2789/2844/1809
f 2789/2844/1809 2787/2842/1809 2786/2841/1809
f 2788/2843/1810 2790/2845/1811 2791/2846/1812
f 2791/2846/1804 2789/2844/1804 2788/2843/1804
f 2792/2847/1813 2793/2848/1813 2794/2849/1813
f 2792/2847/1814 2794/2849/1814 2791/2846/1814
f 2792/2847/1814 2791/2846/1814 2790/2845/1814
f 2793/2848/1815 2730/2785/1815 2795/2850/1815
f 2795/2850/1816 2794/2849/1816 2793/2848/1816
f 2730/2785/1817 2761/2816/1818 2769/2824/1819
f 2769/2824/1819 2795/2850/1820 2730/2785/1817
f 2794/2849/139 2795/2850/139 2769/2824/139
f 2769/2824/139 2768/2823/139 2771/2826/139
f 2769/2824/139 2771/2826/139 2773/2828/139
f 2769/2824/139 2773/2828/139 2775/2830/139
f 2769/2824/139 2775/2830/139 2777/2832/139
f 2794/2849/139 2769/2824/139 2777/2832/139
f 2794/2849/139 2777/2832/139 2779/2834/139
f 2794/2849/139 2779/2834/139 2781/2836/139
f 2794/2849/139 2781/2836/139 2783/2838/139
f 2787/2842/139 2789/2844/139 2791/2846/139
f 2785/2840/609 2787/2842/139 2791/2846/139
f 2783/2838/139 2785/2840/609 2791/2846/139
f 2794/2849/139 2783/2838/139 2791/2846/139
f 2730/2785/138 2793/2848/138 2796/2851/138
f 2796/2851/138 2797/2852/138 2730/2785/138
f 2798/2853/138 2799/2854/138 2796/2851/138
f 2796/2851/138 2793/2848/138 2798/2853/138
f 2797/2852/1821 2796/2851/1821 2800/2855/1821
f 2800/2855/1821 2801/2856/1821 2797/2852/1821
f 2801/2856/1822 2800/2855/1822 2802/2857/1822
f 2802/2857/1822 2803/2858/1822 2801/2856/1822
f 2800/2855/1823 2804/2859/1823 2805/2860/1823
f 2800/2855/1823 2805/2860/1823 2806/2861/1823
f 2800/2855/1823 2806/2861/1823 2807/2862/1823
f 2800/2855/1823 2807/2862/1823 2808/2863/1823
f 2800/2855/1823 2808/2863/1823 2809/2864/1823
f 2800/2855/1823 2809/2864/1823 2802/2857/1823
f 2715/2770/1824 2730/2785/1825 2810/2865/1826
f 2810/2865/1826 2811/2866/1827 2715/2770/1824
f 2730/2785/1825 2812/2867/1828 2813/2868/1826
f 2730/2785/1825 2813/2868/1826 2814/2869/1829
f 2730/2785/1825 2814/2869/1829 2810/2865/1826
f 2811/2866/1830 2810/2865/1831 2815/2870/1831
f 2815/2870/1831 2816/2871/1830 2811/2866/1830
f 2814/2869/1832 2817/2872/1832 2815/2870/1832
f 2815/2870/1833 2810/2865/1833 2814/2869/1833
f 2818/2873/1834 2819/2874/1834 2698/2753/1834
f 2698/2753/1835 2697/2752/1835 2818/2873/1835
f 2819/2874/1836 2820/2875/1837 2699/2754/1837
f 2699/2754/1837 2698/2753/1836 2819/2874/1836
f 2820/2875/1838 2821/2876/1838 2822/2877/1838
f 2822/2877/1838 2699/2754/1838 2820/2875/1838
f 2821/2876/1839 2823/2878/1839 2824/2879/1839
f 2824/2879/1839 2822/2877/1839 2821/2876/1839
f 2823/2878/1840 2825/2880/1840 2826/2881/1840
f 2826/2881/1840 2824/2879/1840 2823/2878/1840
f 2825/2880/1841 2827/2882/1841 2828/2883/1841
f 2828/2883/1841 2826/2881/1841 2825/2880/1841
f 2827/2882/1842 2829/2884/1843 2830/2885/1842
f 2830/2885/1842 2828/2883/1842 2827/2882/1842
f 2829/2884/1844 2831/2886/1844 2832/2887/1844
f 2832/2887/1844 2830/2885/1844 2829/2884/1844
f 2831/2886/1839 2833/2888/1839 2834/2889/1839
f 2834/2889/1839 2832/2887/1839 2831/2886/1839
f 2833/2888/1845 2835/2890/1845 2836/2891/1845
f 2836/2891/1845 2834/2889/1845 2833/2888/1845
f 2835/2890/1846 2837/2892/1846 2838/2893/1846
f 2838/2893/1846 2836/2891/1846 2835/2890/1846
f 2837/2892/1847 2839/2894/1847 2840/2895/1847
f 2840/2895/1847 2838/2893/1847 2837/2892/1847
f 2839/2894/1848 2841/2896/1848 2842/2897/1848
f 2842/2897/1848 2840/2895/1848 2839/2894/1848
f 2841/2896/1839 2763/2818/1839 2843/2898/1839
f 2843/2898/1839 2842/2897/1839 2841/2896/1839
f 2763/2818/1849 2762/2817/1849 2706/2761/1849
f 2706/2761/1850 2843/2898/1850 2763/2818/1850
f 2762/2817/1851 2735/2790/1851 2707/2762/1851
f 2707/2762/1852 2706/2761/1852 2762/2817/1852
f 2710/2765/1853 2709/2764/1853 2844/2899/1853
f 2844/2899/1854 2845/2900/1854 2710/2765/1854
f 2709/2764/1855 2717/2772/1855 2846/2901/1855
f 2846/2901/1856 2844/2899/1856 2709/2764/1856
f 2717/2772/1857 2847/2902/1858 2848/2903/1859
f 2848/2903/1859 2846/2901/1860 2717/2772/1857
f 2818/2873/1861 2697/2752/1861 2708/2763/1861
f 2708/2763/1862 2848/2903/1862 2847/2902/1862
f 2818/2873/1863 2708/2763/1863 2847/2902/1863
f 2699/2754/1668 2822/2877/139 2824/2879/139
f 2699/2754/1668 2824/2879/139 2826/2881/139
f 2699/2754/1668 2826/2881/139 2828/2883/139
f 2699/2754/1668 2828/2883/139 2830/2885/1864
f 2700/2755/1669 2699/2754/1668 2830/2885/1864
f 2700/2755/1669 2830/2885/1864 2832/2887/1865
f 2700/2755/1669 2832/2887/1865 2834/2889/1866
f 2700/2755/1669 2834/2889/1866 2836/2891/1867
f 2700/2755/1669 2836/2891/1867 2838/2893/1868
f 2838/2893/139 2840/2895/139 2842/2897/139
f 2700/2755/1869 2838/2893/1869 2842/2897/1869
f 2700/2755/1669 2842/2897/1870 2843/2898/1871
f 2700/2755/1669 2843/2898/1871 2706/2761/1872
f 2700/2755/1669 2706/2761/1872 2697/2752/1666
f 2735/2790/1873 2710/2765/1873 2845/2900/1873
f 2845/2900/1874 2707/2762/1874 2735/2790/1874
f 2845/2900/1875 2844/2899/1875 2846/2901/1875
f 2845/2900/1876 2846/2901/1877 2848/2903/1878
f 2845/2900/1876 2848/2903/1878 2708/2763/1879
f 2707/2762/1880 2845/2900/1880 2708/2763/1880
f 2849/2904/1881 2850/2905/1881 2851/2906/1881
f 2851/2906/1881 2852/2907/1881 2849/2904/1881
f 2850/2905/1882 2853/2908/1882 2854/2909/1882
f 2854/2909/1882 2851/2906/1882 2850/2905/1882
f 2855/2910/1883 2856/2911/1883 2854/2909/1883
f 2854/2909/1883 2853/2908/1883 2855/2910/1883
f 2857/2912/1884 2855/2910/1885 2853/2908/1886
f 2853/2908/1886 2847/2902/1887 2857/2912/1884
f 2858/2913/138 2859/2914/138 2860/2915/138
f 2860/2915/138 2861/2916/138 2858/2913/138
f 2862/2917/137 2863/2918/137 2864/2919/137
f 2864/2919/137 2865/2920/137 2862/2917/137
f 2819/2874/1888 2818/2873/1889 2859/2914/1889
f 2859/2914/1889 2858/2913/1888 2819/2874/1888
f 2863/2918/1890 2862/2917/1890 2861/2916/1890
f 2861/2916/1890 2860/2915/1890 2863/2918/1890
f 2866/2921/1891 2867/2922/1891 2820/2875/1891
f 2866/2921/1891 2820/2875/1891 2819/2874/1891
f 2866/2921/1891 2819/2874/1891 2868/2923/1891
f 2869/2924/1892 2870/2925/1892 2871/2926/1891
f 2871/2926/1891 2872/2927/1891 2869/2924/1892
f 2873/2928/1893 2874/2929/1893 2875/2930/1893
f 2875/2930/1893 2876/2931/1893 2873/2928/1893
f 2877/2932/1894 2867/2922/1894 2874/2929/1894
f 2874/2929/1895 2873/2928/1895 2877/2932/1895
f 2867/2922/1896 2866/2921/1896 2878/2933/1896
f 2878/2933/1897 2874/2929/1897 2867/2922/1897
f 2866/2921/1898 2868/2923/1899 2879/2934/1899
f 2879/2934/1899 2878/2933/1898 2866/2921/1898
f 2868/2923/1900 2880/2935/1900 2881/2936/1900
f 2881/2936/1900 2879/2934/1900 2868/2923/1900
f 2880/2935/1901 2882/2937/1902 2883/2938/1902
f 2883/2938/1902 2881/2936/1901 2880/2935/1901
f 2884/2939/1900 2885/2940/1900 2883/2938/1900
f 2883/2938/1900 2882/2937/1900 2884/2939/1900
f 2882/2937/1903 2880/2935/1904 2886/2941/1904
f 2886/2941/1904 2887/2942/1903 2882/2937/1903
f 2887/2942/1905 2886/2941/1906 2870/2925/1906
f 2870/2925/1906 2869/2924/1907 2887/2942/1905
f 2865/2920/138 2864/2919/138 2888/2943/138
f 2888/2943/138 2889/2944/138 2865/2920/138
f 2823/2878/1908 2890/2945/1908 2891/2946/1908
f 2891/2946/1908 2825/2880/1908 2823/2878/1908
f 2827/2882/1909 2825/2880/1909 2891/2946/1909
f 2891/2946/1909 2892/2947/1909 2827/2882/1909
f 2829/2884/1910 2893/2948/1910 2894/2949/1910
f 2894/2949/1910 2831/2886/1910 2829/2884/1910
f 2833/2888/3 2831/2886/3 2894/2949/3
f 2894/2949/3 2895/2950/3 2833/2888/3
f 2835/2890/1911 2833/2888/1911 2895/2950/1911
f 2895/2950/1911 2896/2951/1911 2835/2890/1911
f 2897/2952/31 2898/2953/31 2899/2954/1912
f 2900/2955/31 2897/2952/31 2899/2954/1912
f 2901/2956/31 2900/2955/31 2899/2954/1912
f 2841/2896/3 2901/2956/3 2899/2954/3
f 2763/2818/3 2841/2896/3 2899/2954/3
f 2759/2814/3 2763/2818/3 2899/2954/3
f 2760/2815/3 2759/2814/3 2899/2954/3
f 2770/2825/3 2760/2815/3 2899/2954/3
f 2772/2827/1913 2770/2825/1913 2899/2954/1913
f 2899/2954/1913 2902/2957/1913 2772/2827/1913
f 2717/2772/1914 2903/2958/1914 2857/2912/1914
f 2857/2912/1914 2847/2902/1914 2717/2772/1914
f 2801/2856/1915 2803/2858/1915 2904/2959/1915
f 2801/2856/1915 2904/2959/1915 2905/2960/1915
f 2801/2856/1915 2905/2960/1915 2906/2961/1915
f 2801/2856/1915 2906/2961/1915 2907/2962/1915
f 2801/2856/1915 2907/2962/1915 2908/2963/1915
f 2801/2856/1915 2908/2963/1915 2909/2964/1915
f 2910/2965/1916 2811/2866/1917 2816/2871/1917
f 2816/2871/1917 2911/2966/1916 2910/2965/1916
f 2862/2917/31 2865/2920/31 2889/2944/31
f 2889/2944/31 2912/2967/31 2862/2917/31
f 2868/2923/1918 2819/2874/1919 2858/2913/1919
f 2880/2935/1919 2868/2923/1918 2858/2913/1919
f 2880/2935/1919 2858/2913/1919 2913/2968/1919
f 2913/2968/1919 2914/2969/1919 2915/2970/1920
f 2913/2968/1919 2915/2970/1920 2916/2971/1919
f 2880/2935/1919 2913/2968/1919 2916/2971/1919
f 2863/2918/1921 2860/2915/1921 2917/2972/1921
f 2917/2972/1921 2918/2973/1921 2863/2918/1921
f 2820/2875/28 2867/2922/28 2877/2932/28
f 2919/2974/28 2920/2975/28 2921/2976/28
f 2919/2974/28 2921/2976/28 2922/2977/28
f 2877/2932/28 2919/2974/28 2922/2977/28
f 2820/2875/28 2877/2932/28 2922/2977/28
f 2821/2876/28 2820/2875/28 2922/2977/28
f 2873/2928/1922 2876/2931/1923 2919/2974/1922
f 2919/2974/1922 2877/2932/1922 2873/2928/1922
f 2882/2937/1924 2887/2942/1924 2923/2978/1925
f 2923/2978/1925 2884/2939/1925 2882/2937/1924
f 2924/2979/1926 2925/2980/1927 2926/2981/1928
f 2926/2981/1928 2927/2982/1929 2924/2979/1926
f 2928/2983/137 2929/2984/137 2930/2985/137
f 2928/2983/137 2930/2985/137 2931/2986/137
f 2932/2987/137 2928/2983/137 2931/2986/137
f 2933/2988/1930 2924/2979/1931 2934/2989/1932
f 2934/2989/1932 2935/2990/1933 2933/2988/1930
f 2936/2991/1934 2937/2992/1934 2723/2778/1934
f 2723/2778/1934 2720/2775/1934 2938/2993/1934
f 2938/2993/138 2939/2994/138 2940/2995/138
f 2723/2778/1934 2938/2993/1934 2940/2995/1934
f 2940/2995/1935 2941/2996/1936 2942/2997/138
f 2940/2995/1935 2942/2997/138 2943/2998/138
f 2723/2778/1934 2940/2995/1934 2943/2998/1934
f 2943/2998/1937 2944/2999/1938 2945/3000/1939
f 2723/2778/1934 2943/2998/1934 2945/3000/1934
f 2936/2991/1934 2723/2778/1934 2945/3000/1934
f 2946/3001/1940 2947/3002/1941 2948/3003/1942
f 2948/3003/1942 2949/3004/1943 2946/3001/1940
f 2949/3004/1943 2948/3003/1942 2950/3005/1943
f 2950/3005/1943 2951/3006/1944 2949/3004/1943
f 2951/3006/1944 2950/3005/1943 2952/3007/1944
f 2952/3007/1944 2953/3008/1944 2951/3006/1944
f 2952/3007/1945 2716/2771/1945 2715/2770/1945
f 2715/2770/1945 2953/3008/1945 2952/3007/1945
f 2903/2958/1946 2954/3009/1947 2947/3002/1948
f 2947/3002/1948 2946/3001/1949 2903/2958/1946
f 2947/3002/1950 2936/2991/1951 2955/3010/1952
f 2955/3010/1952 2948/3003/1953 2947/3002/1950
f 2948/3003/1953 2955/3010/1952 2956/3011/1953
f 2956/3011/1953 2950/3005/1953 2948/3003/1953
f 2950/3005/1954 2956/3011/1955 2957/3012/1956
f 2957/3012/1956 2952/3007/1957 2950/3005/1954
f 2952/3007/1958 2957/3012/1958 2958/3013/1958
f 2958/3013/1959 2959/3014/1960 2960/3015/1961
f 2952/3007/1958 2958/3013/1958 2960/3015/1958
f 2960/3015/1962 2961/3016/1960 2962/3017/138
f 2960/3015/1962 2962/3017/138 2963/3018/138
f 2952/3007/1958 2960/3015/1958 2963/3018/1958
f 2963/3018/3 2964/3019/3 2965/3020/3
f 2952/3007/1958 2963/3018/1958 2965/3020/1958
f 2952/3007/1958 2965/3020/1958 2722/2777/1958
f 2952/3007/1958 2722/2777/1958 2716/2771/1958
f 2954/3009/1963 2937/2992/1963 2936/2991/1963
f 2936/2991/1964 2947/3002/1964 2954/3009/1964
f 2966/3021/1965 2967/3022/1966 2968/3023/1967
f 2968/3023/1967 2969/3024/1968 2970/3025/1969
f 2966/3021/1965 2968/3023/1967 2970/3025/1969
f 2966/3021/1970 2970/3025/1970 2971/3026/1970
f 2812/2867/1971 2972/3027/1971 2973/3028/1971
f 2973/3028/1972 2953/3008/1972 2812/2867/1972
f 2953/3008/1973 2973/3028/1974 2974/3029/1975
f 2974/3029/1975 2951/3006/1976 2953/3008/1973
f 2951/3006/1976 2974/3029/1975 2975/3030/1977
f 2975/3030/1977 2949/3004/1978 2951/3006/1976
f 2949/3004/1979 2975/3030/1979 2976/3031/1979
f 2976/3031/1980 2977/3032/1980 2949/3004/1980
f 2977/3032/1981 2976/3031/1981 2978/3033/1981
f 2978/3033/1982 2979/3034/1982 2977/3032/1982
f 2979/3034/1983 2978/3033/1984 2980/3035/1985
f 2980/3035/1985 2981/3036/1986 2979/3034/1983
f 2981/3036/1987 2980/3035/1987 2972/3027/1987
f 2972/3027/1988 2812/2867/1988 2981/3036/1988
f 2980/3035/1989 2982/3037/1989 2983/3038/1989
f 2980/3035/1990 2983/3038/1991 2974/3029/1992
f 2974/3029/1992 2984/3039/1993 2985/3040/1994
f 2980/3035/1990 2974/3029/1992 2985/3040/1994
f 2974/3029/1995 2983/3038/1996 2986/3041/1997
f 2986/3041/1997 2975/3030/1998 2974/3029/1995
f 2975/3030/1999 2986/3041/1999 2987/3042/1999
f 2987/3042/2000 2976/3031/2000 2975/3030/2000
f 2976/3031/2001 2987/3042/2001 2988/3043/2001
f 2988/3043/2002 2978/3033/2002 2976/3031/2002
f 2978/3033/2003 2988/3043/2003 2982/3037/2003
f 2982/3037/2004 2980/3035/2004 2978/3033/2004
f 2980/3035/2005 2985/3040/2005 2989/3044/2005
f 2989/3044/2006 2972/3027/2006 2980/3035/2006
f 2972/3027/2007 2989/3044/2007 2990/3045/2007
f 2990/3045/2008 2973/3028/2008 2972/3027/2008
f 2973/3028/2009 2990/3045/2009 2984/3039/2009
f 2984/3039/2010 2974/3029/2010 2973/3028/2010
f 2982/3037/2011 2991/3046/2011 2992/3047/2011
f 2992/3047/2012 2983/3038/2012 2982/3037/2012
f 2983/3038/2013 2992/3047/2013 2993/3048/2013
f 2993/3048/2013 2986/3041/2013 2983/3038/2013
f 2986/3041/2014 2993/3048/2014 2994/3049/2014
f 2994/3049/2015 2987/3042/2015 2986/3041/2015
f 2987/3042/2016 2994/3049/2016 2995/3050/2016
f 2995/3050/2017 2988/3043/2017 2987/3042/2017
f 2988/3043/2018 2995/3050/2018 2991/3046/2018
f 2991/3046/2019 2982/3037/2019 2988/3043/2019
f 2985/3040/2020 2996/3051/2020 2997/3052/2020
f 2997/3052/2021 2989/3044/2021 2985/3040/2021
f 2989/3044/2022 2997/3052/2022 2998/3053/2022
f 2998/3053/2023 2990/3045/2023 2989/3044/2023
f 2990/3045/2024 2998/3053/2024 2999/3054/2024
f 2999/3054/2025 2984/3039/2025 2990/3045/2025
f 2984/3039/2026 2999/3054/2026 2996/3051/2026
f 2996/3051/2027 2985/3040/2027 2984/3039/2027
f 2981/3036/2028 2932/2987/2028 2931/2986/2028
f 2931/2986/2029 2897/2952/2029 2981/3036/2029
f 2897/2952/2030 2931/2986/2030 2930/2985/2030
f 2930/2985/2030 2898/2953/2030 2897/2952/2030
f 2898/2953/2031 2930/2985/2031 2929/2984/2031
f 2929/2984/2032 3000/3055/2032 2898/2953/2032
f 3000/3055/2033 2929/2984/2033 2928/2983/2034
f 2928/2983/2034 2812/2867/2034 3000/3055/2033
f 2812/2867/2035 2928/2983/2035 2932/2987/2035
f 2932/2987/2035 2981/3036/2035 2812/2867/2035
f 2979/3034/2036 2966/3021/2036 2971/3026/2036
f 2971/3026/2037 2977/3032/2037 2979/3034/2037
f 2977/3032/2038 2971/3026/2038 2970/3025/2038
f 2970/3025/2039 3001/3056/2039 2977/3032/2039
f 3001/3056/2040 2970/3025/2040 2969/3024/2040
f 2969/3024/2041 2900/2955/2041 3001/3056/2041
f 2900/2955/2042 2969/3024/2042 2968/3023/2042
f 2968/3023/2043 2897/2952/2043 2900/2955/2043
f 2897/2952/2044 2968/3023/2044 2967/3022/2044
f 2967/3022/2045 2981/3036/2045 2897/2952/2045
f 2981/3036/2046 2967/3022/2047 2966/3021/2048
f 2966/3021/2048 2979/3034/2049 2981/3036/2046
f 3000/3055/2050 3002/3057/2051 3003/3058/2052
f 3003/3058/2052 2898/2953/2053 3000/3055/2050
f 2898/2953/2054 3003/3058/2054 3004/3059/2054
f 3004/3059/2054 2899/2954/2054 2898/2953/2054
f 2899/2954/2055 3004/3059/2055 3005/3060/2055
f 3005/3060/2056 2902/2957/2056 2899/2954/2056
f 2902/2957/2057 3005/3060/2057 3006/3061/2057
f 3006/3061/2057 3007/3062/2057 2902/2957/2057
f 3007/3062/2058 3006/3061/2058 3008/3063/2058
f 3008/3063/2058 3009/3064/2058 3007/3062/2058
f 3009/3064/2059 3008/3063/2059 3010/3065/2059
f 3010/3065/2059 3011/3066/2059 3009/3064/2059
f 3011/3066/2060 3010/3065/2060 3012/3067/2060
f 3012/3067/2060 3013/3068/2060 3011/3066/2060
f 3013/3068/2061 3012/3067/2062 3014/3069/2061
f 3014/3069/2061 3015/3070/2061 3013/3068/2061
f 3015/3070/2063 3014/3069/2063 3016/3071/2063
f 3016/3071/2063 3017/3072/2063 3015/3070/2063
f 3017/3072/2064 3016/3071/2064 3018/3073/2064
f 3018/3073/2064 3019/3074/2064 3017/3072/2064
f 3019/3074/2065 3018/3073/2065 3020/3075/2065
f 3020/3075/2065 3021/3076/2065 3019/3074/2065
f 3021/3076/2060 3020/3075/2060 3022/3077/2060
f 3022/3077/2066 3023/3078/2067 3021/3076/2068
f 3024/3079/2069 3023/3078/2069 3022/3077/2069
f 3024/3079/2069 3022/3077/2069 3025/3080/2069
f 3024/3079/2070 3025/3080/2070 2798/2853/2070
f 2798/2853/2071 3025/3080/2071 3026/3081/2071
f 3026/3081/2072 2812/2867/2072 2798/2853/2072
f 2812/2867/2073 3026/3081/2074 3002/3057/2075
f 3002/3057/2075 3000/3055/2076 2812/2867/2073
f 3022/3077/137 3020/3075/137 3018/3073/137
f 3022/3077/137 3018/3073/137 3016/3071/1279
f 3022/3077/137 3016/3071/1279 3014/3069/137
f 3025/3080/137 3022/3077/137 3014/3069/137
f 3025/3080/137 3014/3069/137 3012/3067/137
f 3025/3080/137 3012/3067/137 3010/3065/137
f 3025/3080/137 3010/3065/137 3008/3063/137
f 3004/3059/137 3003/3058/137 3002/3057/137
f 3005/3060/137 3004/3059/137 3002/3057/137
f 3006/3061/137 3005/3060/137 3002/3057/137
f 3008/3063/137 3006/3061/137 3002/3057/137
f 3025/3080/137 3008/3063/137 3002/3057/137
f 3025/3080/137 3002/3057/137 3026/3081/137
f 2812/2867/138 3027/3082/138 2799/2854/138
f 2799/2854/138 2798/2853/138 2812/2867/138
f 3027/3082/2077 2909/2964/2077 2804/2859/2078
f 2804/2859/2078 2799/2854/2078 3027/3082/2077
f 2799/2854/2079 2804/2859/2079 2800/2855/2080
f 2800/2855/2080 2796/2851/2080 2799/2854/2079
f 2909/2964/2081 2908/2963/2081 2805/2860/2081
f 2805/2860/2081 2804/2859/2081 2909/2964/2081
f 2953/3008/1829 3028/3083/2082 2813/2868/1826
f 2813/2868/1826 2812/2867/1828 2953/3008/1829
f 3028/3083/2083 3029/3084/2083 3030/3085/2083
f 3030/3085/2084 2813/2868/2084 3028/3083/2084
f 2814/2869/1832 2813/2868/1833 3030/3085/1833
f 3030/3085/1833 3031/3086/1832 2814/2869/1832
f 3032/3087/2085 2924/2979/2085 2927/2982/2085
f 2927/2982/2086 2914/2969/2086 3032/3087/2086
f 2914/2969/2087 2927/2982/2087 2926/2981/2088
f 2926/2981/2088 2921/2976/2088 2914/2969/2087
f 2921/2976/2089 2926/2981/2089 3033/3088/2089
f 3033/3088/2089 2922/2977/2089 2921/2976/2089
f 2922/2977/2090 3033/3088/2090 3034/3089/2090
f 3034/3089/2090 2890/2945/2090 2922/2977/2090
f 2890/2945/2091 3034/3089/2091 3035/3090/2091
f 3035/3090/2091 2891/2946/2091 2890/2945/2091
f 2891/2946/2092 3035/3090/2092 3036/3091/2092
f 3036/3091/2092 2892/2947/2092 2891/2946/2092
f 2892/2947/2093 3036/3091/2093 3037/3092/2093
f 3037/3092/2093 2893/2948/2093 2892/2947/2093
f 2893/2948/2094 3037/3092/2094 3038/3093/2094
f 3038/3093/2094 2894/2949/2094 2893/2948/2094
f 2894/2949/2090 3038/3093/2090 3039/3094/2090
f 3039/3094/2090 2895/2950/2090 2894/2949/2090
f 2895/2950/2095 3039/3094/2095 3040/3095/2095
f 3040/3095/2095 2896/2951/2095 2895/2950/2095
f 2896/2951/2096 3040/3095/2096 3041/3096/2096
f 3041/3096/2096 3042/3097/2096 2896/2951/2096
f 3042/3097/2097 3041/3096/2097 3043/3098/2097
f 3043/3098/2097 3044/3099/2097 3042/3097/2097
f 3044/3099/2098 3043/3098/2098 3045/3100/2098
f 3045/3100/2098 2901/2956/2098 3044/3099/2098
f 2901/2956/2090 3045/3100/2090 3046/3101/2090
f 3046/3101/2090 2900/2955/2090 2901/2956/2090
f 2900/2955/2099 3046/3101/2099 2933/2988/2099
f 2933/2988/2100 3001/3056/2100 2900/2955/2100
f 3001/3056/2101 2933/2988/2101 2935/2990/2101
f 2935/2990/2102 2977/3032/2102 3001/3056/2102
f 2949/3004/2103 3047/3102/2103 3048/3103/2103
f 3048/3103/2104 2946/3001/2104 2949/3004/2104
f 2946/3001/2105 3048/3103/2105 3049/3104/2105
f 3049/3104/2106 2903/2958/2106 2946/3001/2106
f 2903/2958/2107 3049/3104/2108 3050/3105/2109
f 3050/3105/2109 2857/2912/2110 2903/2958/2107
f 2857/2912/2111 3050/3105/2111 2934/2989/2111
f 3032/3087/2112 2857/2912/2112 2934/2989/2112
f 3032/3087/2113 2934/2989/2113 2924/2979/2113
f 2925/2980/1927 3039/3094/2114 3038/3093/2115
f 2925/2980/1927 3038/3093/2115 3037/3092/2116
f 3034/3089/137 3033/3088/137 2926/2981/1928
f 3035/3090/137 3034/3089/137 2926/2981/1928
f 3036/3091/137 3035/3090/137 2926/2981/1928
f 3037/3092/2116 3036/3091/137 2926/2981/1928
f 2925/2980/1927 3037/3092/2116 2926/2981/1928
f 2925/2980/1927 2924/2979/1926 2933/2988/2117
f 2925/2980/1927 2933/2988/2117 3046/3101/2118
f 2925/2980/1927 3046/3101/2118 3045/3100/2119
f 3045/3100/137 3043/3098/137 3041/3096/137
f 2925/2980/2120 3045/3100/2120 3041/3096/2120
f 2925/2980/1927 3041/3096/2121 3040/3095/2122
f 2925/2980/1927 3040/3095/2122 3039/3094/2114
f 2977/3032/2123 2935/2990/2123 3047/3102/2123
f 3047/3102/2124 2949/3004/2124 2977/3032/2124
f 3049/3104/2125 3048/3103/2125 3047/3102/2125
f 3050/3105/2126 3049/3104/2127 3047/3102/2128
f 2934/2989/2129 3050/3105/2126 3047/3102/2128
f 2935/2990/2130 2934/2989/2130 3047/3102/2130
f 3051/3106/2131 3052/3107/2131 3053/3108/2131
f 3053/3108/2131 3054/3109/2131 3051/3106/2131
f 3054/3109/2132 3053/3108/2132 2856/2911/2132
f 2856/2911/2132 2855/2910/2132 3054/3109/2132
f 2913/2968/138 3055/3110/138 2917/2972/138
f 2917/2972/138 3056/3111/138 2913/2968/138
f 2917/2972/138 2860/2915/138 2859/2914/138
f 2859/2914/138 3056/3111/138 2917/2972/138
f 2912/2967/139 2889/2944/139 2888/2943/139
f 2888/2943/139 2918/2973/139 2912/2967/139
f 2888/2943/28 2864/2919/28 2863/2918/28
f 2863/2918/28 2918/2973/28 2888/2943/28
f 2914/2969/1890 2913/2968/1890 3056/3111/1890
f 3056/3111/1890 3032/3087/1890 2914/2969/1890
f 3056/3111/2133 2859/2914/2133 2818/2873/2133
f 2818/2873/2133 3032/3087/2133 3056/3111/2133
f 2918/2973/1889 2917/2972/1889 3055/3110/1888
f 3055/3110/1888 2912/2967/1888 2918/2973/1889
f 2912/2967/2133 3055/3110/2133 2861/2916/2134
f 2861/2916/2134 2862/2917/2134 2912/2967/2133
f 3057/3112/1891 2915/2970/1891 2914/2969/1891
f 3057/3112/1891 2914/2969/1891 2921/2976/1891
f 3057/3112/1891 2921/2976/1891 2920/2975/1891
f 2875/2930/2135 2874/2929/2136 2878/2933/2137
f 2878/2933/2137 2879/2934/1891 2881/2936/1891
f 2878/2933/2137 2881/2936/1891 2883/2938/2138
f 2875/2930/2135 2878/2933/2137 2883/2938/2138
f 2875/2930/2135 2883/2938/2138 2885/2940/2139
f 3058/3113/2140 2875/2930/2135 2885/2940/2139
f 3058/3113/2140 2885/2940/2139 3059/3114/1891
f 3058/3113/2140 3059/3114/1891 3060/3115/1891
f 2919/2974/2141 2876/2931/2141 2875/2930/2141
f 2875/2930/2142 2920/2975/2142 2919/2974/2142
f 2920/2975/2143 2875/2930/2143 3058/3113/2143
f 3058/3113/2144 3057/3112/2144 2920/2975/2144
f 3057/3112/2145 3058/3113/2145 3060/3115/2146
f 3060/3115/2146 2915/2970/2147 3057/3112/2145
f 2915/2970/1900 3060/3115/1900 3059/3114/1900
f 3059/3114/1900 2916/2971/1900 2915/2970/1900
f 2916/2971/2148 3059/3114/2148 2885/2940/2149
f 2885/2940/2149 2884/2939/2150 2916/2971/2148
f 3061/3116/2151 2886/2941/2152 2880/2935/2152
f 2880/2935/2152 2916/2971/2151 3061/3116/2151
f 2884/2939/2153 2923/2978/2154 3061/3116/2153
f 3061/3116/2153 2916/2971/2153 2884/2939/2153
f 2871/2926/2155 2870/2925/2155 2886/2941/2155
f 2886/2941/2155 3061/3116/2155 2871/2926/2155
f 2923/2978/2156 2872/2927/2156 2871/2926/2157
f 2871/2926/2157 3061/3116/2157 2923/2978/2156
f 2823/2878/3 2821/2876/3 2922/2977/3
f 2922/2977/3 2890/2945/3 2823/2878/3
f 2829/2884/2158 2827/2882/2158 2892/2947/2158
f 2892/2947/2158 2893/2948/2158 2829/2884/2158
f 2837/2892/2159 2835/2890/2159 2896/2951/2159
f 2896/2951/2159 3042/3097/2159 2837/2892/2159
f 2837/2892/2160 3042/3097/2160 3044/3099/2160
f 3044/3099/2160 2839/2894/2160 2837/2892/2160
f 2839/2894/2161 3044/3099/2161 2901/2956/2161
f 2901/2956/2161 2841/2896/2161 2839/2894/2161
f 2774/2829/2162 2772/2827/2162 2902/2957/2162
f 2902/2957/2162 3007/3062/2162 2774/2829/2162
f 2774/2829/2163 3007/3062/2163 3009/3064/2163
f 3009/3064/2163 2776/2831/2163 2774/2829/2163
f 2776/2831/2164 3009/3064/2164 3011/3066/2164
f 3011/3066/2164 2778/2833/2164 2776/2831/2164
f 2778/2833/3 3011/3066/3 3013/3068/3
f 3013/3068/3 2780/2835/3 2778/2833/3
f 2780/2835/2165 3013/3068/2165 3015/3070/2165
f 3015/3070/2165 2782/2837/2165 2780/2835/2165
f 2782/2837/2166 3015/3070/2166 3017/3072/2166
f 3017/3072/2166 2784/2839/2166 2782/2837/2166
f 2784/2839/2167 3017/3072/2167 3019/3074/2167
f 3019/3074/2167 2786/2841/2167 2784/2839/2167
f 2786/2841/2168 3019/3074/2168 3021/3076/2168
f 3021/3076/2168 2788/2843/2168 2786/2841/2168
f 2790/2845/1811 2788/2843/1810 3021/3076/2068
f 3021/3076/2068 3023/3078/2067 2790/2845/1811
f 2790/2845/31 3023/3078/31 3024/3079/31
f 3024/3079/31 2792/2847/31 2790/2845/31
f 2792/2847/2169 3024/3079/2169 2798/2853/2169
f 2798/2853/2169 2793/2848/2169 2792/2847/2169
f 2718/2773/2170 2954/3009/2170 2903/2958/2170
f 2903/2958/2170 2717/2772/2170 2718/2773/2170
f 2718/2773/2171 2723/2778/2171 2937/2992/2171
f 2937/2992/2171 2954/3009/2171 2718/2773/2171
f 2730/2785/138 2797/2852/138 3027/3082/138
f 3027/3082/138 2812/2867/138 2730/2785/138
f 2801/2856/2172 2909/2964/2172 3027/3082/2172
f 3027/3082/2172 2797/2852/2172 2801/2856/2172
f 2715/2770/1824 2811/2866/1827 2910/2965/2173
f 2715/2770/1824 2910/2965/2173 3028/3083/2082
f 2715/2770/1824 3028/3083/2082 2953/3008/1829
f 2910/2965/2174 3062/3117/2174 3029/3084/2174
f 3029/3084/2175 3028/3083/2175 2910/2965/2175
f 2847/2902/1887 2853/2908/1886 2850/2905/2176
f 2818/2873/2177 2847/2902/1887 2850/2905/2176
f 2818/2873/2177 2850/2905/2176 2849/2904/2178
f 2818/2873/2177 2849/2904/2178 3051/3106/2179
f 3054/3109/2180 2855/2910/1885 2857/2912/1884
f 3054/3109/2180 2857/2912/1884 3032/3087/2181
f 3051/3106/2179 3054/3109/2180 3032/3087/2181
f 2818/2873/2177 3051/3106/2179 3032/3087/2181
f 2849/2904/2182 2852/2907/2182 3052/3107/2182
f 3052/3107/2182 3051/3106/2182 2849/2904/2182
f 2861/2916/138 3055/3110/138 2913/2968/138
f 2913/2968/138 2858/2913/138 2861/2916/138
f 2869/2924/2183 2872/2927/2183 2923/2978/2183
f 2923/2978/2183 2887/2942/2183 2869/2924/2183
f 2961/3016/2184 2942/2997/2184 2941/2996/2184
f 2941/2996/2184 2962/3017/2184 2961/3016/2184
f 3063/3118/138 3064/3119/138 3065/3120/138
f 3065/3120/138 3066/3121/138 3063/3118/138
f 2907/2962/138 2906/2961/138 3067/3122/138
f 2806/2861/138 2907/2962/138 3067/3122/138
f 2806/2861/138 3067/3122/138 3068/3123/138
f 2807/2862/138 2806/2861/138 3068/3123/138
f 3069/3124/138 3070/3125/138 3071/3126/138
f 3071/3126/138 3072/3127/138 3069/3124/138
f 2809/2864/138 2808/2863/138 3073/3128/138
f 2904/2959/138 2809/2864/138 3073/3128/138
f 2904/2959/138 3073/3128/138 3074/3129/138
f 2905/2960/138 2904/2959/138 3074/3129/138
f 2908/2963/985 2907/2962/985 3065/3120/985
f 3065/3120/985 3064/3119/985 2908/2963/985
f 2907/2962/2185 2806/2861/2185 3066/3121/2185
f 3066/3121/2185 3065/3120/2185 2907/2962/2185
f 2806/2861/2186 2805/2860/2186 3063/3118/2186
f 3063/3118/2186 3066/3121/2186 2806/2861/2186
f 2805/2860/2187 2908/2963/2187 3064/3119/2187
f 3064/3119/2187 3063/3118/2187 2805/2860/2187
f 2803/2858/2188 2802/2857/2188 3071/3126/2188
f 3071/3126/2188 3070/3125/2188 2803/2858/2188
f 2802/2857/2186 2809/2864/2186 3072/3127/2186
f 3072/3127/2186 3071/3126/2186 2802/2857/2186
f 2809/2864/2189 2904/2959/2189 3069/3124/2189
f 3069/3124/2189 3072/3127/2189 2809/2864/2189
f 2904/2959/985 2803/2858/985 3070/3125/985
f 3070/3125/985 3069/3124/985 2904/2959/985
f 3075/3130/2190 3076/3131/2190 2765/2820/2190
f 2765/2820/2190 2764/2819/2190 3075/3130/2190
f 2808/2863/138 2807/2862/138 3068/3123/138
f 3068/3123/138 3073/3128/138 2808/2863/138
f 2906/2961/28 2905/2960/28 3077/3132/28
f 3077/3132/28 3078/3133/28 2906/2961/28
f 2905/2960/2191 3074/3129/2191 3079/3134/2191
f 3079/3134/2192 3077/3132/2192 2905/2960/2192
f 3074/3129/2193 3073/3128/2193 3080/3135/2193
f 3080/3135/2194 3079/3134/2194 3074/3129/2194
f 3081/3136/31 3082/3137/31 3083/3138/31
f 3083/3138/31 3084/3139/31 3081/3136/31
f 3068/3123/2195 3067/3122/2195 3085/3140/2195
f 3085/3140/2196 3086/3141/2196 3068/3123/2196
f 3067/3122/2197 2906/2961/2197 3078/3133/2197
f 3078/3133/2198 3085/3140/2198 3067/3122/2198
f 3073/3128/31 3068/3123/31 3087/3142/31
f 3087/3142/31 3088/3143/31 3073/3128/31
f 3068/3123/31 3086/3141/31 3089/3144/31
f 3089/3144/31 3087/3142/31 3068/3123/31
f 3086/3141/31 3080/3135/31 3090/3145/31
f 3090/3145/31 3089/3144/31 3086/3141/31
f 3080/3135/31 3073/3128/31 3088/3143/31
f 3088/3143/31 3090/3145/31 3080/3135/31
f 3088/3143/138 3087/3142/138 3082/3137/138
f 3082/3137/138 3081/3136/138 3088/3143/138
f 3087/3142/2199 3089/3144/2199 3083/3138/2199
f 3083/3138/2199 3082/3137/2199 3087/3142/2199
f 3089/3144/3 3090/3145/3 3084/3139/3
f 3084/3139/3 3083/3138/3 3089/3144/3
f 3090/3145/2200 3088/3143/2200 3081/3136/2200
f 3081/3136/2200 3084/3139/2200 3090/3145/2200
f 3078/3133/2201 3077/3132/2201 3076/3131/2201
f 3076/3131/2201 3075/3130/2201 3078/3133/2201
f 3077/3132/2202 3079/3134/2203 2765/2820/2204
f 2765/2820/2204 3076/3131/2205 3077/3132/2202
f 3079/3134/2206 3080/3135/2207 2766/2821/2208
f 2766/2821/2208 2765/2820/2209 3079/3134/2206
f 3080/3135/2210 3086/3141/2210 2767/2822/2210
f 2767/2822/2210 2766/2821/2210 3080/3135/2210
f 3086/3141/2211 3085/3140/2212 2764/2819/2213
f 2764/2819/2213 2767/2822/2214 3086/3141/2211
f 3085/3140/2215 3078/3133/2216 3075/3130/2217
f 3075/3130/2217 2764/2819/2215 3085/3140/2215
f 2958/3013/2218 2957/3012/2218 2956/3011/2218
f 2958/3013/2219 2956/3011/2219 2955/3010/2219
f 2958/3013/2220 2955/3010/2221 2936/2991/2222
f 2958/3013/2220 2936/2991/2222 2945/3000/2184
f 2959/3014/2184 2944/2999/2184 2943/2998/2184
f 2943/2998/2184 2960/3015/2184 2959/3014/2184
f 2938/2993/2223 2720/2775/2224 2719/2774/2225
f 2719/2774/139 2721/2776/139 2722/2777/139
f 2938/2993/2223 2719/2774/2225 2722/2777/2226
f 2938/2993/2223 2722/2777/2226 2965/3020/2184
f 2939/2994/2184 2964/3019/2184 2963/3018/2184
f 2963/3018/2184 2940/2995/2184 2939/2994/2184
f 2938/2993/2227 3091/3146/2227 2939/2994/2227
f 2940/2995/2227 3092/3147/2227 2941/2996/2227
f 2942/2997/2227 3093/3148/2227 2943/2998/2227
f 2944/2999/2227 3094/3149/2227 2945/3000/2227
f 2958/3013/2228 3095/3150/2228 2959/3014/2228
f 2960/3015/2228 3096/3151/2228 2961/3016/2228
f 2962/3017/2228 3097/3152/2228 2963/3018/2228
f 2964/3019/2228 3098/3153/2228 2965/3020/2228
f 3093/3148/2229 2942/2997/2229 2961/3016/2229
f 2961/3016/2229 3096/3151/2229 3093/3148/2229
f 2941/2996/2230 3092/3147/2230 3097/3152/2230
f 3097/3152/2230 2962/3017/2230 2941/2996/2230
f 3095/3150/2231 2958/3013/2231 2945/3000/2231
f 2945/3000/2231 3094/3149/2231 3095/3150/2231
f 3094/3149/2232 2944/2999/2232 2959/3014/2232
f 2959/3014/2232 3095/3150/2232 3094/3149/2232
f 2943/2998/2230 3093/3148/2230 3096/3151/2230
f 3096/3151/2230 2960/3015/2230 2943/2998/2230
f 3091/3146/2233 2938/2993/2233 2965/3020/2233
f 2965/3020/2233 3098/3153/2233 3091/3146/2233
f 3098/3153/2234 2964/3019/2234 2939/2994/2234
f 2939/2994/2234 3091/3146/2234 3098/3153/2234
f 2963/3018/2229 3097/3152/2229 3092/3147/2229
f 3092/3147/2229 2940/2995/2229 2963/3018/2229
f 3099/3154/28 3100/3155/28 3101/3156/28
f 3101/3156/28 3102/3157/28 3103/3158/28
f 3103/3158/28 3104/3159/28 3105/3160/28
f 3101/3156/28 3103/3158/28 3105/3160/28
f 3099/3154/28 3101/3156/28 3105/3160/28
f 3106/3161/28 3099/3154/28 3105/3160/28
f 3107/3162/28 3108/3163/28 3109/3164/28
f 3109/3164/28 3110/3165/28 3111/3166/28
f 3107/3162/28 3109/3164/28 3111/3166/28
f 3111/3166/28 3112/3167/28 3113/3168/28
f 3107/3162/28 3111/3166/28 3113/3168/28
f 3114/3169/28 3107/3162/28 3113/3168/28
f 3115/3170/2235 3116/3171/2235 3117/3172/2235
f 3115/3170/2235 3117/3172/2235 3118/3173/2235
f 3118/3173/2235 3119/3174/2235 3120/3175/2235
f 3115/3170/2235 3118/3173/2235 3120/3175/2235
f 3121/3176/2236 3122/3177/2236 3123/3178/2236
f 3124/3179/2237 3125/3180/2237 3126/3181/2237
f 3126/3181/2238 3127/3182/2238 3124/3179/2238
f 3128/3183/2239 3129/3184/2239 3130/3185/2239
f 3130/3185/2240 3131/3186/2240 3128/3183/2240
f 3132/3187/2241 3133/3188/2241 3134/3189/2241
f 3134/3189/2242 3135/3190/2242 3132/3187/2242
f 3136/3191/2243 3137/3192/2243 3138/3193/2243
f 3138/3193/2243 3139/3194/2243 3136/3191/2243
f 3123/3178/2244 3140/3195/2244 3141/3196/2244
f 3141/3196/2245 3121/3176/2245 3123/3178/2245
f 3130/3185/2246 3142/3197/2246 3131/3186/2246
f 3143/3198/3 3144/3199/3 3145/3200/3
f 3145/3200/3 3146/3201/3 3143/3198/3
f 3147/3202/139 3148/3203/139 3149/3204/139
f 3149/3204/139 3150/3205/139 3147/3202/139
f 3151/3206/138 3152/3207/138 3153/3208/138
f 3153/3208/138 3154/3209/138 3151/3206/138
f 3155/3210/137 3156/3211/137 3157/3212/137
f 3157/3212/137 3158/3213/137 3155/3210/137
f 3144/3199/141 3143/3198/141 3150/3214/141
f 3150/3214/141 3149/3215/141 3144/3199/141
f 3146/3201/207 3145/3200/207 3156/3216/207
f 3156/3216/207 3155/3217/207 3146/3201/207
f 3148/3203/143 3147/3202/143 3154/3218/143
f 3154/3218/143 3153/3219/143 3148/3203/143
f 3152/3207/209 3151/3206/209 3158/3220/209
f 3158/3220/209 3157/3221/209 3152/3207/209
f 3159/3222/28 3160/3223/28 3161/3224/28
f 3161/3224/28 3162/3225/28 3159/3222/28
f 3160/3223/28 3163/3226/28 3164/3227/28
f 3164/3227/28 3161/3224/28 3160/3223/28
f 3163/3226/28 3165/3228/28 3166/3229/28
f 3166/3229/28 3164/3227/28 3163/3226/28
f 3165/3228/28 3167/3230/28 3168/3231/28
f 3168/3231/28 3166/3229/28 3165/3228/28
f 3167/3230/28 3169/3232/28 3170/3233/28
f 3170/3233/28 3168/3231/28 3167/3230/28
f 3169/3232/28 3171/3234/28 3172/3235/28
f 3172/3235/28 3170/3233/28 3169/3232/28
f 3171/3234/28 3173/3236/28 3174/3237/28
f 3174/3237/28 3172/3235/28 3171/3234/28
f 3173/3236/28 3159/3222/28 3162/3225/28
f 3162/3225/28 3174/3237/28 3173/3236/28
f 3175/3238/143 3176/3239/143 3177/3240/143
f 3177/3240/143 3178/3241/143 3175/3238/143
f 3176/3239/138 3179/3242/138 3180/3243/138
f 3180/3243/138 3177/3240/138 3176/3239/138
f 3179/3242/209 3181/3244/209 3182/3245/209
f 3182/3245/209 3180/3243/209 3179/3242/209
f 3181/3244/137 3183/3246/137 3184/3247/137
f 3184/3247/137 3182/3245/137 3181/3244/137
f 3183/3246/207 3185/3248/207 3186/3249/207
f 3186/3249/207 3184/3247/207 3183/3246/207
f 3185/3248/3 3187/3250/3 3188/3251/3
f 3188/3251/3 3186/3249/3 3185/3248/3
f 3187/3250/141 3189/3252/141 3190/3253/141
f 3190/3253/141 3188/3251/141 3187/3250/141
f 3189/3252/139 3175/3238/139 3178/3241/139
f 3178/3241/139 3190/3253/139 3189/3252/139
f 3146/3254/31 3155/3255/31 3191/3256/31
f 3191/3256/31 3192/3257/31 3146/3254/31
f 3155/3255/31 3158/3258/31 3193/3259/31
f 3193/3259/31 3191/3256/31 3155/3255/31
f 3158/3258/31 3151/3260/31 3194/3261/31
f 3194/3261/31 3193/3259/31 3158/3258/31
f 3151/3260/31 3154/3262/31 3195/3263/31
f 3195/3263/31 3194/3261/31 3151/3260/31
f 3154/3262/31 3147/3264/31 3196/3265/31
f 3196/3265/31 3195/3263/31 3154/3262/31
f 3147/3264/31 3150/3266/31 3197/3267/31
f 3197/3267/31 3196/3265/31 3147/3264/31
f 3150/3266/31 3143/3268/31 3198/3269/31
f 3198/3269/31 3197/3267/31 3150/3266/31
f 3143/3268/31 3146/3254/31 3192/3257/31
f 3192/3257/31 3198/3269/31 3143/3268/31
f 3192/3257/207 3191/3256/207 3199/3270/207
f 3199/3270/207 3200/3271/207 3192/3257/207
f 3191/3256/137 3193/3259/137 3201/3272/137
f 3201/3272/137 3199/3270/137 3191/3256/137
f 3193/3259/209 3194/3261/209 3202/3273/209
f 3202/3273/209 3201/3272/209 3193/3259/209
f 3194/3261/138 3195/3263/138 3203/3274/138
f 3203/3274/138 3202/3273/138 3194/3261/138
f 3195/3263/143 3196/3265/143 3204/3275/143
f 3204/3275/143 3203/3274/143 3195/3263/143
f 3196/3265/139 3197/3267/139 3205/3276/139
f 3205/3276/139 3204/3275/139 3196/3265/139
f 3197/3267/141 3198/3269/141 3206/3277/141
f 3206/3277/141 3205/3276/141 3197/3267/141
f 3198/3269/3 3192/3257/3 3200/3271/3
f 3200/3271/3 3206/3277/3 3198/3269/3
f 3178/3241/28 3177/3240/28 3207/3278/28
f 3207/3278/28 3208/3279/28 3178/3241/28
f 3177/3240/28 3180/3243/28 3209/3280/28
f 3209/3280/28 3207/3278/28 3177/3240/28
f 3180/3243/28 3182/3245/28 3210/3281/28
f 3210/3281/28 3209/3280/28 3180/3243/28
f 3182/3245/28 3184/3247/28 3211/3282/28
f 3211/3282/28 3210/3281/28 3182/3245/28
f 3184/3247/28 3186/3249/28 3212/3283/28
f 3212/3283/28 3211/3282/28 3184/3247/28
f 3186/3249/28 3188/3251/28 3213/3284/28
f 3213/3284/28 3212/3283/28 3186/3249/28
f 3188/3251/28 3190/3253/28 3214/3285/28
f 3214/3285/28 3213/3284/28 3188/3251/28
f 3190/3253/28 3178/3241/28 3208/3279/28
f 3208/3279/28 3214/3285/28 3190/3253/28
f 3215/3286/31 3200/3271/31 3199/3270/31
f 3199/3270/31 3216/3287/31 3215/3286/31
f 3217/3288/31 3206/3277/31 3200/3271/31
f 3200/3271/31 3215/3286/31 3217/3288/31
f 3218/3289/31 3205/3276/31 3206/3277/31
f 3206/3277/31 3217/3288/31 3218/3289/31
f 3219/3290/31 3204/3275/31 3205/3276/31
f 3205/3276/31 3218/3289/31 3219/3290/31
f 3220/3291/31 3203/3274/31 3204/3275/31
f 3204/3275/31 3219/3290/31 3220/3291/31
f 3221/3292/31 3202/3273/31 3203/3274/31
f 3203/3274/31 3220/3291/31 3221/3292/31
f 3222/3293/31 3201/3272/31 3202/3273/31
f 3202/3273/31 3221/3292/31 3222/3293/31
f 3216/3287/31 3199/3270/31 3201/3272/31
f 3201/3272/31 3222/3293/31 3216/3287/31
f 3216/3294/143 3208/3279/143 3207/3278/143
f 3207/3278/143 3215/3295/143 3216/3294/143
f 3215/3295/138 3207/3278/138 3209/3280/138
f 3209/3280/138 3217/3296/138 3215/3295/138
f 3217/3296/209 3209/3280/656 3210/3281/656
f 3210/3281/656 3218/3297/209 3217/3296/209
f 3218/3297/137 3210/3281/137 3211/3282/137
f 3211/3282/137 3219/3298/137 3218/3297/137
f 3219/3298/207 3211/3282/207 3212/3283/207
f 3212/3283/207 3220/3299/207 3219/3298/207
f 3220/3299/3 3212/3283/3 3213/3284/3
f 3213/3284/3 3221/3300/3 3220/3299/3
f 3221/3300/141 3213/3284/2247 3214/3285/2247
f 3214/3285/2247 3222/3301/141 3221/3300/141
f 3222/3301/139 3214/3285/139 3208/3279/139
f 3208/3279/139 3216/3294/139 3222/3301/139
f 3156/3302/2248 3145/3303/2249 3160/3223/2250
f 3160/3223/2250 3159/3222/2248 3156/3302/2248
f 3145/3303/2251 3144/3304/2251 3163/3226/2251
f 3163/3226/2251 3160/3223/2251 3145/3303/2251
f 3144/3304/2252 3149/3305/2253 3165/3228/2253
f 3165/3228/2253 3163/3226/2252 3144/3304/2252
f 3149/3305/2254 3148/3306/2255 3167/3230/2255
f 3167/3230/2255 3165/3228/2256 3149/3305/2254
f 3148/3306/2257 3153/3307/2258 3169/3232/2258
f 3169/3232/2258 3167/3230/2257 3148/3306/2257
f 3153/3307/2259 3152/3308/2259 3171/3234/2259
f 3171/3234/2259 3169/3232/2259 3153/3307/2259
f 3152/3308/2260 3157/3309/2261 3173/3236/2262
f 3173/3236/2262 3171/3234/2260 3152/3308/2260
f 3157/3309/2263 3156/3302/2264 3159/3222/2264
f 3159/3222/2264 3173/3236/2263 3157/3309/2263
f 3176/3239/2258 3175/3238/2258 3162/3225/2258
f 3162/3225/2258 3161/3224/2258 3176/3239/2258
f 3175/3238/2265 3189/3252/2255 3174/3237/2255
f 3174/3237/2255 3162/3225/2256 3175/3238/2265
f 3189/3252/2266 3187/3250/2253 3172/3235/2253
f 3172/3235/2253 3174/3237/2266 3189/3252/2266
f 3187/3250/2251 3185/3248/2251 3170/3233/2251
f 3170/3233/2251 3172/3235/2251 3187/3250/2251
f 3185/3248/2248 3183/3246/2267 3168/3231/2268
f 3168/3231/2268 3170/3233/2248 3185/3248/2248
f 3183/3246/2263 3181/3244/2264 3166/3229/2264
f 3166/3229/2264 3168/3231/2263 3183/3246/2263
f 3181/3244/2269 3179/3242/2270 3164/3227/2262
f 3164/3227/2262 3166/3229/2269 3181/3244/2269
f 3179/3242/2259 3176/3239/2259 3161/3224/2259
f 3161/3224/2259 3164/3227/2259 3179/3242/2259
f 3223/3310/139 3224/3311/139 3225/3312/139
f 3225/3312/139 3226/3313/139 3223/3310/139
f 3227/3314/138 3228/3315/138 3229/3316/138
f 3229/3316/138 3230/3317/138 3227/3314/138
f 3231/3318/141 3232/3319/141 3226/3320/141
f 3226/3320/141 3225/3321/141 3231/3318/141
f 3224/3311/143 3223/3310/143 3230/3322/143
f 3230/3322/143 3229/3323/143 3224/3311/143
f 3233/3324/28 3234/3325/252 3235/3326/252
f 3235/3326/252 3236/3327/28 3233/3324/28
f 3234/3325/252 3237/3328/28 3238/3329/28
f 3238/3329/28 3235/3326/252 3234/3325/252
f 3237/3328/28 3239/3330/28 3240/3331/28
f 3240/3331/28 3238/3329/28 3237/3328/28
f 3241/3332/28 3242/3333/28 3240/3331/28
f 3240/3331/28 3239/3330/28 3241/3332/28
f 3243/3334/209 3244/3335/209 3245/3336/209
f 3245/3336/209 3246/3337/209 3243/3334/209
f 3244/3335/137 3247/3338/137 3248/3339/137
f 3248/3339/137 3245/3336/137 3244/3335/137
f 3247/3338/207 3249/3340/207 3250/3341/207
f 3250/3341/207 3248/3339/207 3247/3338/207
f 3249/3340/3 3251/3342/3 3252/3343/3
f 3249/3340/3 3252/3343/3 3253/3344/3
f 3249/3340/3 3253/3344/3 3250/3341/3
f 3230/3345/31 3223/3346/31 3254/3347/31
f 3254/3347/31 3255/3348/31 3230/3345/31
f 3223/3346/31 3226/3349/31 3256/3350/31
f 3256/3350/31 3254/3347/31 3223/3346/31
f 3226/3349/31 3232/3351/31 3257/3352/31
f 3257/3352/31 3256/3350/31 3226/3349/31
f 3258/3353/31 3259/3354/31 3257/3352/31
f 3257/3352/31 3232/3351/31 3258/3353/31
f 3255/3348/143 3254/3347/143 3260/3355/143
f 3260/3355/143 3261/3356/143 3255/3348/143
f 3254/3347/139 3256/3350/139 3262/3357/139
f 3262/3357/139 3260/3355/139 3254/3347/139
f 3256/3350/141 3257/3352/141 3263/3358/141
f 3263/3358/141 3262/3357/141 3256/3350/141
f 3259/3354/3 3264/3359/3 3263/3358/3
f 3263/3358/3 3257/3352/3 3259/3354/3
f 3265/3360/31 3262/3357/31 3263/3358/31
f 3263/3358/31 3266/3361/31 3265/3360/31
f 3267/3362/31 3260/3355/31 3262/3357/31
f 3262/3357/31 3265/3360/31 3267/3362/31
f 3268/3363/31 3261/3356/31 3260/3355/31
f 3260/3355/31 3267/3362/31 3268/3363/31
f 3268/3363/31 3269/3364/31 3270/3365/31
f 3270/3365/31 3261/3356/31 3268/3363/31
f 3231/3366/2253 3225/3367/2271 3234/3325/2271
f 3234/3325/2271 3233/3324/2253 3231/3366/2253
f 3225/3367/2272 3224/3368/2273 3237/3328/2274
f 3237/3328/2274 3234/3325/2272 3225/3367/2272
f 3224/3368/2275 3229/3369/2258 3239/3330/2258
f 3239/3330/2258 3237/3328/2275 3224/3368/2275
f 3228/3370/2259 3241/3332/2259 3239/3330/2259
f 3239/3330/2259 3229/3369/2259 3228/3370/2259
f 3249/3340/2250 3247/3338/2267 3238/3329/2276
f 3238/3329/2276 3240/3331/2250 3249/3340/2250
f 3247/3338/2277 3244/3335/2278 3235/3326/2279
f 3235/3326/2279 3238/3329/2263 3247/3338/2277
f 3244/3335/2262 3243/3334/2262 3236/3327/2262
f 3236/3327/2262 3235/3326/2262 3244/3335/2262
f 3243/3334/2259 3271/3371/2259 3272/3372/2259
f 3272/3372/2259 3236/3327/2259 3243/3334/2259
f 3246/3337/28 3245/3336/28 3248/3339/28
f 3246/3337/28 3248/3339/28 3250/3341/28
f 3246/3337/28 3250/3341/28 3253/3344/28
f 3273/3373/28 3246/3337/28 3253/3344/28
f 3273/3373/139 3253/3344/139 3274/3374/139
f 3274/3374/139 3275/3375/139 3273/3373/139
f 3252/3343/138 3276/3376/138 3274/3374/138
f 3274/3374/138 3253/3344/138 3252/3343/138
f 3277/3377/193 3278/3378/252 3279/3379/252
f 3279/3379/252 3280/3380/193 3277/3377/193
f 3281/3381/28 3282/3382/28 3279/3379/252
f 3279/3379/252 3278/3378/252 3281/3381/28
f 3275/3375/2280 3274/3374/2281 3278/3378/2282
f 3278/3378/2282 3277/3377/2283 3275/3375/2280
f 3276/3376/2284 3281/3381/2284 3278/3378/2285
f 3278/3378/2285 3274/3374/2286 3276/3376/2284
f 3283/3383/2284 3284/3384/2286 3285/3385/2284
f 3285/3385/2284 3280/3380/2284 3283/3383/2284
f 3286/3386/2287 3283/3383/2288 3280/3380/2289
f 3280/3380/2289 3279/3379/2287 3286/3386/2287
f 3232/3319/3 3231/3318/3 3287/3387/3
f 3287/3387/3 3258/3388/3 3232/3319/3
f 3288/3389/28 3233/3324/28 3236/3327/28
f 3236/3327/28 3272/3372/28 3288/3389/28
f 3271/3371/138 3243/3334/138 3246/3337/138
f 3271/3371/138 3246/3337/138 3273/3373/138
f 3271/3371/138 3273/3373/138 3289/3390/138
f 3227/3391/31 3230/3345/31 3255/3348/31
f 3255/3348/31 3290/3392/31 3227/3391/31
f 3255/3348/138 3261/3356/138 3270/3365/138
f 3270/3365/138 3290/3392/138 3255/3348/138
f 3266/3361/31 3263/3358/31 3264/3359/31
f 3264/3359/31 3291/3393/31 3266/3361/31
f 3287/3394/2251 3231/3366/2251 3233/3324/2251
f 3233/3324/2251 3288/3389/2251 3287/3394/2251
f 3249/3340/2251 3240/3331/2251 3242/3333/2251
f 3242/3333/2251 3251/3342/2251 3249/3340/2251
f 3273/3373/3 3275/3375/3 3292/3395/3
f 3292/3395/3 3289/3390/3 3273/3373/3
f 3293/3396/28 3277/3377/193 3280/3380/193
f 3280/3380/193 3285/3385/28 3293/3396/28
f 3292/3395/2290 3275/3375/2291 3277/3377/2292
f 3277/3377/2292 3293/3396/2293 3292/3395/2290
f 3286/3386/2290 3279/3379/2293 3282/3382/2293
f 3282/3382/2290 3294/3397/2290 3286/3386/2290
f 3295/3398/28 3296/3399/28 3297/3400/28
f 3297/3400/28 3298/3401/28 3295/3398/28
f 3299/3402/3 3300/3403/3 3301/3404/3
f 3301/3404/3 3302/3405/3 3299/3402/3
f 3303/3406/137 3304/3407/137 3305/3408/137
f 3305/3408/137 3306/3409/137 3303/3406/137
f 3307/3410/138 3308/3411/138 3309/3412/138
f 3309/3412/138 3310/3413/138 3307/3410/138
f 3311/3414/139 3312/3415/139 3313/3416/139
f 3313/3416/139 3314/3417/139 3311/3414/139
f 3302/3405/207 3305/3418/207 3304/3419/207
f 3304/3419/207 3299/3402/207 3302/3405/207
f 3300/3403/141 3311/3420/141 3314/3421/141
f 3314/3421/141 3301/3404/141 3300/3403/141
f 3306/3409/209 3309/3422/209 3308/3423/209
f 3308/3423/209 3303/3406/209 3306/3409/209
f 3310/3413/143 3313/3424/143 3312/3425/143
f 3312/3425/143 3307/3410/143 3310/3413/143
f 3315/3426/28 3316/3427/28 3317/3428/28
f 3317/3428/28 3318/3429/28 3315/3426/28
f 3318/3429/28 3317/3428/28 3319/3430/28
f 3319/3430/28 3320/3431/28 3318/3429/28
f 3320/3431/28 3319/3430/28 3321/3432/28
f 3321/3432/28 3322/3433/28 3320/3431/28
f 3322/3433/28 3321/3432/28 3323/3434/28
f 3323/3434/28 3324/3435/28 3322/3433/28
f 3324/3435/28 3323/3434/28 3325/3436/28
f 3325/3436/28 3326/3437/28 3324/3435/28
f 3326/3437/28 3325/3436/28 3327/3438/28
f 3327/3438/28 3328/3439/28 3326/3437/28
f 3328/3439/28 3327/3438/28 3329/3440/28
f 3329/3440/28 3330/3441/28 3328/3439/28
f 3330/3441/28 3329/3440/28 3316/3427/28
f 3316/3427/28 3315/3426/28 3330/3441/28
f 3331/3442/209 3332/3443/209 3333/3444/209
f 3333/3444/209 3334/3445/209 3331/3442/209
f 3334/3445/138 3333/3444/138 3335/3446/138
f 3335/3446/138 3336/3447/138 3334/3445/138
f 3336/3447/143 3335/3446/143 3337/3448/143
f 3337/3448/143 3338/3449/143 3336/3447/143
f 3338/3449/139 3337/3448/139 3339/3450/139
f 3339/3450/139 3340/3451/139 3338/3449/139
f 3340/3451/141 3339/3450/141 3341/3452/141
f 3341/3452/141 3342/3453/141 3340/3451/141
f 3342/3453/3 3341/3452/3 3343/3454/3
f 3343/3454/3 3344/3455/3 3342/3453/3
f 3344/3455/207 3343/3454/207 3345/3456/207
f 3345/3456/207 3346/3457/207 3344/3455/207
f 3346/3457/137 3345/3456/137 3332/3443/137
f 3332/3443/137 3331/3442/137 3346/3457/137
f 3300/3458/31 3347/3459/31 3348/3460/31
f 3348/3460/31 3311/3461/31 3300/3458/31
f 3311/3461/31 3348/3460/31 3349/3462/31
f 3349/3462/31 3312/3463/31 3311/3461/31
f 3312/3463/31 3349/3462/31 3350/3464/31
f 3350/3464/31 3307/3465/31 3312/3463/31
f 3307/3465/31 3350/3464/31 3351/3466/31
f 3351/3466/31 3308/3467/31 3307/3465/31
f 3308/3467/31 3351/3466/31 3352/3468/31
f 3352/3468/31 3303/3469/31 3308/3467/31
f 3303/3469/31 3352/3468/31 3353/3470/31
f 3353/3470/31 3304/3471/31 3303/3469/31
f 3304/3471/31 3353/3470/31 3354/3472/31
f 3354/3472/31 3299/3473/31 3304/3471/31
f 3299/3473/31 3354/3472/31 3347/3459/31
f 3347/3459/31 3300/3458/31 3299/3473/31
f 3347/3459/141 3355/3474/141 3356/3475/141
f 3356/3475/141 3348/3460/141 3347/3459/141
f 3348/3460/139 3356/3475/139 3357/3476/139
f 3357/3476/139 3349/3462/139 3348/3460/139
f 3349/3462/143 3357/3476/143 3358/3477/143
f 3358/3477/143 3350/3464/143 3349/3462/143
f 3350/3464/138 3358/3477/138 3359/3478/138
f 3359/3478/138 3351/3466/138 3350/3464/138
f 3351/3466/209 3359/3478/209 3360/3479/209
f 3360/3479/209 3352/3468/209 3351/3466/209
f 3352/3468/137 3360/3479/137 3361/3480/137
f 3361/3480/137 3353/3470/137 3352/3468/137
f 3353/3470/207 3361/3480/207 3362/3481/207
f 3362/3481/207 3354/3472/207 3353/3470/207
f 3354/3472/3 3362/3481/3 3355/3474/3
f 3355/3474/3 3347/3459/3 3354/3472/3
f 3332/3443/28 3363/3482/28 3364/3483/28
f 3364/3483/28 3333/3444/28 3332/3443/28
f 3333/3444/28 3364/3483/28 3365/3484/28
f 3365/3484/28 3335/3446/28 3333/3444/28
f 3335/3446/28 3365/3484/28 3366/3485/28
f 3366/3485/28 3337/3448/28 3335/3446/28
f 3337/3448/28 3366/3485/28 3367/3486/28
f 3367/3486/28 3339/3450/28 3337/3448/28
f 3339/3450/28 3367/3486/28 3368/3487/28
f 3368/3487/28 3341/3452/28 3339/3450/28
f 3341/3452/28 3368/3487/28 3369/3488/28
f 3369/3488/28 3343/3454/28 3341/3452/28
f 3343/3454/28 3369/3488/28 3370/3489/28
f 3370/3489/28 3345/3456/28 3343/3454/28
f 3345/3456/28 3370/3489/28 3363/3482/28
f 3363/3482/28 3332/3443/28 3345/3456/28
f 3371/3490/31 3372/3491/31 3356/3475/31
f 3356/3475/31 3355/3474/31 3371/3490/31
f 3373/3492/172 3371/3490/31 3355/3474/31
f 3355/3474/31 3362/3481/31 3373/3492/172
f 3374/3493/31 3373/3492/172 3362/3481/31
f 3362/3481/31 3361/3480/31 3374/3493/31
f 3375/3494/31 3374/3493/31 3361/3480/31
f 3361/3480/31 3360/3479/31 3375/3494/31
f 3376/3495/31 3375/3494/31 3360/3479/31
f 3360/3479/31 3359/3478/31 3376/3495/31
f 3377/3496/153 3376/3495/31 3359/3478/31
f 3359/3478/31 3358/3477/31 3377/3496/153
f 3378/3497/31 3377/3496/153 3358/3477/31
f 3358/3477/31 3357/3476/31 3378/3497/31
f 3372/3491/31 3378/3497/31 3357/3476/31
f 3357/3476/31 3356/3475/31 3372/3491/31
f 3372/3498/209 3371/3499/209 3364/3483/209
f 3364/3483/209 3363/3482/209 3372/3498/209
f 3371/3499/138 3373/3500/138 3365/3484/138
f 3365/3484/138 3364/3483/138 3371/3499/138
f 3373/3500/143 3374/3501/143 3366/3485/2294
f 3366/3485/2294 3365/3484/2294 3373/3500/143
f 3374/3501/139 3375/3502/139 3367/3486/139
f 3367/3486/139 3366/3485/139 3374/3501/139
f 3375/3502/2295 3376/3503/2295 3368/3487/141
f 3368/3487/141 3367/3486/141 3375/3502/2295
f 3376/3503/3 3377/3504/3 3369/3488/3
f 3369/3488/3 3368/3487/3 3376/3503/3
f 3377/3504/207 3378/3505/207 3370/3489/207
f 3370/3489/207 3369/3488/207 3377/3504/207
f 3378/3505/137 3372/3498/137 3363/3482/137
f 3363/3482/137 3370/3489/137 3378/3505/137
f 3314/3506/2296 3315/3426/2252 3318/3429/2253
f 3318/3429/2253 3301/3507/2253 3314/3506/2296
f 3301/3507/2251 3318/3429/2251 3320/3431/2251
f 3320/3431/2251 3302/3508/2251 3301/3507/2251
f 3302/3508/2297 3320/3431/2297 3322/3433/2250
f 3322/3433/2250 3305/3509/2250 3302/3508/2297
f 3305/3509/2264 3322/3433/2264 3324/3435/2279
f 3324/3435/2279 3306/3510/2279 3305/3509/2264
f 3306/3510/2262 3324/3435/2262 3326/3437/2262
f 3326/3437/2262 3309/3511/2262 3306/3510/2262
f 3309/3511/2259 3326/3437/2259 3328/3439/2259
f 3328/3439/2259 3310/3512/2259 3309/3511/2259
f 3310/3512/2298 3328/3439/2298 3330/3441/2258
f 3330/3441/2258 3313/3513/2258 3310/3512/2298
f 3313/3513/2254 3330/3441/2256 3315/3426/2255
f 3315/3426/2255 3314/3506/2255 3313/3513/2254
f 3334/3445/2299 3317/3428/2300 3316/3427/2262
f 3316/3427/2262 3331/3442/2301 3334/3445/2299
f 3331/3442/2264 3316/3427/2264 3329/3440/2279
f 3329/3440/2279 3346/3457/2279 3331/3442/2264
f 3346/3457/2302 3329/3440/2250 3327/3438/2250
f 3327/3438/2250 3344/3455/2250 3346/3457/2302
f 3344/3455/2251 3327/3438/2251 3325/3436/2251
f 3325/3436/2251 3342/3453/2251 3344/3455/2251
f 3342/3453/2253 3325/3436/2253 3323/3434/2253
f 3323/3434/2253 3340/3451/2271 3342/3453/2253
f 3340/3451/2255 3323/3434/2255 3321/3432/2303
f 3321/3432/2303 3338/3449/2303 3340/3451/2255
f 3338/3449/2258 3321/3432/2258 3319/3430/2258
f 3319/3430/2258 3336/3447/2258 3338/3449/2258
f 3336/3447/2259 3319/3430/2259 3317/3428/2259
f 3317/3428/2259 3334/3445/2259 3336/3447/2259
f 3379/3514/137 3380/3515/137 3381/3516/137
f 3381/3516/137 3382/3517/137 3379/3514/137
f 3227/3314/138 3383/3518/138 3384/3519/138
f 3384/3519/138 3228/3315/138 3227/3314/138
f 3385/3520/207 3381/3521/207 3380/3522/207
f 3380/3522/207 3386/3523/207 3385/3520/207
f 3382/3517/209 3384/3524/209 3383/3525/209
f 3383/3525/209 3379/3514/209 3382/3517/209
f 3387/3526/28 3388/3527/28 3389/3528/193
f 3389/3528/193 3390/3529/193 3387/3526/28
f 3390/3529/193 3389/3528/193 3391/3530/28
f 3391/3530/28 3392/3531/28 3390/3529/193
f 3392/3531/28 3391/3530/28 3393/3532/28
f 3393/3532/28 3394/3533/28 3392/3531/28
f 3241/3332/28 3394/3533/28 3393/3532/28
f 3393/3532/28 3242/3333/28 3241/3332/28
f 3395/3534/143 3396/3535/143 3397/3536/143
f 3397/3536/143 3398/3537/143 3395/3534/143
f 3398/3537/139 3397/3536/139 3399/3538/139
f 3399/3538/139 3400/3539/139 3398/3537/139
f 3400/3539/141 3399/3538/141 3401/3540/141
f 3401/3540/141 3402/3541/141 3400/3539/141
f 3402/3541/3 3401/3540/3 3403/3542/3
f 3402/3541/3 3403/3542/3 3252/3343/3
f 3402/3541/3 3252/3343/3 3251/3342/3
f 3383/3543/31 3404/3544/31 3405/3545/31
f 3405/3545/31 3379/3546/31 3383/3543/31
f 3379/3546/31 3405/3545/31 3406/3547/31
f 3406/3547/31 3380/3548/31 3379/3546/31
f 3380/3548/31 3406/3547/31 3407/3549/31
f 3407/3549/31 3386/3550/31 3380/3548/31
f 3258/3353/31 3386/3550/31 3407/3549/31
f 3407/3549/31 3259/3354/31 3258/3353/31
f 3404/3544/209 3408/3551/209 3409/3552/209
f 3409/3552/209 3405/3545/209 3404/3544/209
f 3405/3545/137 3409/3552/137 3410/3553/137
f 3410/3553/137 3406/3547/137 3405/3545/137
f 3406/3547/207 3410/3553/207 3411/3554/207
f 3411/3554/207 3407/3549/207 3406/3547/207
f 3259/3354/3 3407/3549/3 3411/3554/3
f 3411/3554/3 3264/3359/3 3259/3354/3
f 3412/3555/31 3413/3556/31 3411/3554/31
f 3411/3554/31 3410/3553/31 3412/3555/31
f 3414/3557/31 3412/3555/31 3410/3553/31
f 3410/3553/31 3409/3552/31 3414/3557/31
f 3415/3558/31 3414/3557/31 3409/3552/31
f 3409/3552/31 3408/3551/31 3415/3558/31
f 3415/3558/31 3408/3551/31 3270/3365/31
f 3270/3365/31 3269/3364/31 3415/3558/31
f 3385/3559/2250 3387/3526/2250 3390/3529/2250
f 3390/3529/2250 3381/3560/2250 3385/3559/2250
f 3381/3560/2264 3390/3529/2264 3392/3531/2277
f 3392/3531/2277 3382/3561/2277 3381/3560/2264
f 3382/3561/2261 3392/3531/2304 3394/3533/2262
f 3394/3533/2262 3384/3562/2305 3382/3561/2261
f 3228/3370/2259 3384/3562/2259 3394/3533/2259
f 3394/3533/2259 3241/3332/2259 3228/3370/2259
f 3402/3541/2306 3393/3532/2306 3391/3530/2307
f 3391/3530/2307 3400/3539/2307 3402/3541/2306
f 3400/3539/2254 3391/3530/2256 3389/3528/2303
f 3389/3528/2303 3398/3537/2303 3400/3539/2254
f 3398/3537/2308 3389/3528/2308 3388/3527/2309
f 3388/3527/2309 3395/3534/2309 3398/3537/2308
f 3395/3534/2259 3388/3527/2259 3272/3372/2259
f 3272/3372/2259 3271/3371/2259 3395/3534/2259
f 3399/3538/28 3397/3536/28 3396/3535/28
f 3401/3540/28 3399/3538/28 3396/3535/28
f 3403/3542/28 3401/3540/28 3396/3535/28
f 3416/3563/28 3403/3542/28 3396/3535/28
f 3416/3563/137 3417/3564/137 3418/3565/137
f 3418/3565/137 3403/3542/137 3416/3563/137
f 3252/3343/138 3403/3542/138 3418/3565/138
f 3418/3565/138 3276/3376/138 3252/3343/138
f 3419/3566/2310 3420/3567/2310 3421/3568/28
f 3421/3568/28 3422/3569/28 3419/3566/2310
f 3281/3381/28 3422/3569/28 3421/3568/28
f 3421/3568/28 3282/3382/28 3281/3381/28
f 3417/3564/2311 3419/3566/2312 3422/3569/2313
f 3422/3569/2313 3418/3565/2314 3417/3564/2311
f 3276/3376/2284 3418/3565/2284 3422/3569/2286
f 3422/3569/2286 3281/3381/2284 3276/3376/2284
f 3423/3570/2315 3420/3567/2316 3285/3385/2316
f 3285/3385/2284 3284/3384/2286 3423/3570/2284
f 3424/3571/2317 3421/3568/2318 3420/3567/2317
f 3420/3567/2282 3423/3570/2282 3424/3571/2282
f 3386/3523/3 3258/3388/3 3287/3387/3
f 3287/3387/3 3385/3520/3 3386/3523/3
f 3288/3389/28 3272/3372/28 3388/3527/28
f 3388/3527/28 3387/3526/28 3288/3389/28
f 3271/3371/138 3289/3390/138 3416/3563/138
f 3271/3371/138 3416/3563/138 3396/3535/138
f 3271/3371/138 3396/3535/138 3395/3534/138
f 3227/3391/31 3290/3392/31 3404/3544/31
f 3404/3544/31 3383/3543/31 3227/3391/31
f 3404/3544/138 3290/3392/138 3270/3365/138
f 3270/3365/138 3408/3551/138 3404/3544/138
f 3413/3556/31 3291/3393/31 3264/3359/31
f 3264/3359/31 3411/3554/31 3413/3556/31
f 3287/3394/2251 3288/3389/2251 3387/3526/2251
f 3387/3526/2251 3385/3559/2251 3287/3394/2251
f 3402/3541/2251 3251/3342/2251 3242/3333/2251
f 3242/3333/2251 3393/3532/2251 3402/3541/2251
f 3416/3563/3 3289/3390/3 3292/3395/3
f 3292/3395/3 3417/3564/3 3416/3563/3
f 3293/3396/28 3285/3385/28 3420/3567/2310
f 3420/3567/2310 3419/3566/2310 3293/3396/28
f 3292/3395/2290 3293/3396/2293 3419/3566/2319
f 3419/3566/2319 3417/3564/2291 3292/3395/2290
f 3424/3571/2291 3425/3572/2290 3282/3382/2290
f 3282/3382/2290 3421/3568/2320 3424/3571/2291
f 3426/3573/28 3427/3574/28 3428/3575/28
f 3428/3575/28 3429/3576/28 3426/3573/28
f 3430/3577/28 3431/3578/28 3432/3579/28
f 3432/3579/28 3433/3580/28 3430/3577/28
f 3434/3581/31 3435/3582/31 3436/3583/31
f 3436/3583/31 3437/3584/31 3434/3581/31
f 3430/3577/3 3433/3585/3 3438/3586/3
f 3438/3586/3 3439/3587/3 3430/3577/3
f 3433/3580/137 3432/3588/137 3440/3589/137
f 3440/3589/137 3438/3586/137 3433/3580/137
f 3432/3579/138 3431/3590/138 3441/3591/138
f 3441/3591/138 3440/3592/138 3432/3579/138
f 3431/3590/139 3430/3593/139 3439/3594/139
f 3439/3594/139 3441/3591/139 3431/3590/139
f 3442/3595/31 3443/3596/31 3444/3597/31
f 3444/3597/31 3445/3598/31 3442/3595/31
f 3443/3596/31 3446/3599/31 3447/3600/31
f 3447/3600/31 3444/3597/31 3443/3596/31
f 3446/3599/31 3448/3601/31 3449/3602/31
f 3449/3602/31 3447/3600/31 3446/3599/31
f 3448/3601/31 3442/3595/31 3445/3598/31
f 3445/3598/31 3449/3602/31 3448/3601/31
f 3450/3603/138 3451/3604/138 3435/3582/138
f 3435/3582/138 3434/3581/138 3450/3603/138
f 3451/3604/139 3452/3605/139 3436/3583/139
f 3436/3583/139 3435/3582/139 3451/3604/139
f 3452/3605/3 3453/3606/3 3437/3584/3
f 3437/3584/3 3436/3583/3 3452/3605/3
f 3453/3606/137 3450/3603/137 3434/3581/137
f 3434/3581/137 3437/3584/137 3453/3606/137
f 3439/3587/2321 3438/3607/2321 3443/3596/2321
f 3443/3596/2321 3442/3595/2321 3439/3587/2321
f 3438/3607/2322 3440/3592/2322 3446/3599/2322
f 3446/3599/2322 3443/3596/2322 3438/3607/2322
f 3440/3592/2323 3441/3608/2323 3448/3601/2323
f 3448/3601/2323 3446/3599/2323 3440/3592/2323
f 3441/3608/2324 3439/3587/2325 3442/3595/2325
f 3442/3595/2325 3448/3601/2324 3441/3608/2324
f 3451/3604/2323 3450/3603/2323 3445/3598/2323
f 3445/3598/2323 3444/3597/2323 3451/3604/2323
f 3450/3603/2326 3453/3606/2327 3449/3602/2327
f 3449/3602/2327 3445/3598/2328 3450/3603/2326
f 3453/3606/2321 3452/3605/2321 3447/3600/2321
f 3447/3600/2321 3449/3602/2321 3453/3606/2321
f 3452/3605/2325 3451/3604/2329 3444/3597/2329
f 3444/3597/2329 3447/3600/2325 3452/3605/2325
f 3454/3609/28 3455/3610/28 3456/3611/28
f 3456/3611/28 3457/3612/28 3454/3609/28
f 3458/3613/31 3459/3614/31 3460/3615/31
f 3460/3615/31 3461/3616/31 3458/3613/31
f 3456/3611/137 3462/3617/137 3463/3618/137
f 3463/3618/137 3457/3619/137 3456/3611/137
f 3454/3620/139 3464/3621/139 3465/3622/139
f 3465/3622/139 3455/3610/139 3454/3620/139
f 3459/3614/2330 3458/3613/2330 3463/3623/2330
f 3463/3623/2331 3462/3624/2331 3459/3614/2331
f 3461/3616/2332 3460/3615/2332 3465/3625/2332
f 3465/3625/2332 3464/3626/2332 3461/3616/2333
f 3466/3627/28 3467/3628/28 3468/3629/28
f 3468/3629/28 3469/3630/28 3466/3627/28
f 3470/3631/31 3471/3632/31 3472/3633/31
f 3472/3633/31 3473/3634/31 3470/3631/31
f 3468/3635/137 3474/3636/137 3475/3637/137
f 3475/3637/137 3469/3638/137 3468/3635/137
f 3466/3639/139 3476/3640/139 3477/3641/139
f 3477/3641/139 3467/3642/139 3466/3639/139
f 3471/3632/2330 3470/3631/2330 3475/3643/2330
f 3475/3643/2331 3474/3644/2331 3471/3632/2331
f 3473/3634/2334 3472/3633/2334 3477/3645/2334
f 3477/3645/2334 3476/3646/2334 3473/3634/2334
f 3478/3647/28 3479/3648/28 3480/3649/28
f 3480/3649/28 3481/3650/28 3478/3647/28
f 3482/3651/31 3483/3652/31 3484/3653/31
f 3484/3653/31 3485/3654/31 3482/3651/31
f 3480/3649/137 3486/3655/137 3487/3656/137
f 3487/3656/137 3481/3657/137 3480/3649/137
f 3478/3658/139 3488/3659/139 3489/3660/139
f 3489/3660/139 3479/3648/139 3478/3658/139
f 3483/3652/2330 3482/3651/2330 3487/3661/2330
f 3487/3661/2330 3486/3662/2330 3483/3652/2330
f 3485/3654/2334 3484/3653/2334 3489/3663/2334
f 3489/3663/2335 3488/3664/2335 3485/3654/2335
f 3490/3665/28 3491/3666/28 3492/3667/28
f 3492/3667/28 3493/3668/28 3490/3665/28
f 3494/3669/31 3495/3670/31 3496/3671/31
f 3496/3671/31 3497/3672/31 3494/3669/31
f 3492/3673/137 3498/3674/137 3499/3675/137
f 3499/3675/137 3493/3676/137 3492/3673/137
f 3490/3677/139 3500/3678/139 3501/3679/139
f 3501/3679/139 3491/3680/139 3490/3677/139
f 3495/3670/694 3494/3669/694 3499/3681/694
f 3499/3681/694 3498/3682/694 3495/3670/694
f 3497/3672/2334 3496/3671/2334 3501/3683/2334
f 3501/3683/2334 3500/3684/2334 3497/3672/2334
f 3502/3685/28 3503/3686/28 3504/3687/28
f 3504/3687/28 3505/3688/28 3502/3685/28
f 3506/3689/31 3507/3690/31 3508/3691/31
f 3508/3691/31 3509/3692/31 3506/3689/31
f 3504/3693/137 3510/3694/137 3511/3695/137
f 3511/3695/137 3505/3696/137 3504/3693/137
f 3502/3697/139 3512/3698/139 3513/3699/139
f 3513/3699/139 3503/3700/139 3502/3697/139
f 3507/3690/694 3506/3689/694 3511/3701/694
f 3511/3701/2336 3510/3702/2337 3507/3690/2336
f 3509/3692/2334 3508/3691/2334 3513/3703/2334
f 3513/3703/2335 3512/3704/2335 3509/3692/2335
f 3514/3705/28 3515/3706/28 3516/3707/28
f 3516/3707/28 3517/3708/28 3514/3705/28
f 3518/3709/31 3519/3710/31 3520/3711/31
f 3520/3711/31 3521/3712/31 3518/3709/31
f 3516/3707/137 3522/3713/137 3523/3714/137
f 3523/3714/137 3517/3708/137 3516/3707/137
f 3514/3705/139 3524/3715/139 3525/3716/139
f 3525/3716/139 3515/3706/139 3514/3705/139
f 3519/3710/694 3518/3709/694 3523/3717/694
f 3523/3717/2336 3522/3718/2337 3519/3710/2336
f 3521/3712/2334 3520/3711/2334 3525/3719/2334
f 3525/3719/2335 3524/3720/2335 3521/3712/2335
f 3526/3721/28 3527/3722/28 3528/3723/28
f 3528/3723/28 3529/3724/28 3526/3721/28
f 3530/3725/31 3531/3726/31 3532/3727/31
f 3532/3727/31 3533/3728/31 3530/3725/31
f 3528/3729/137 3534/3730/137 3535/3731/137
f 3535/3731/137 3529/3732/137 3528/3729/137
f 3526/3733/139 3536/3734/139 3537/3735/139
f 3537/3735/139 3527/3722/139 3526/3733/139
f 3531/3726/2330 3530/3725/2330 3535/3736/2330
f 3535/3736/2331 3534/3737/2331 3531/3726/2331
f 3533/3728/2333 3532/3727/2338 3537/3738/2333
f 3537/3738/2332 3536/3739/2332 3533/3728/2332
f 3538/3740/28 3539/3741/28 3540/3742/28
f 3540/3742/28 3541/3743/28 3538/3740/28
f 3542/3744/31 3543/3745/31 3544/3746/31
f 3544/3746/31 3545/3747/31 3542/3744/31
f 3540/3742/137 3546/3748/137 3547/3749/137
f 3547/3749/137 3541/3743/137 3540/3742/137
f 3538/3740/139 3548/3750/139 3549/3751/139
f 3549/3751/139 3539/3741/139 3538/3740/139
f 3543/3745/2330 3542/3744/2330 3547/3749/2330
f 3547/3749/2331 3546/3748/2331 3543/3745/2331
f 3545/3747/2332 3544/3746/2332 3549/3751/2332
f 3549/3751/2332 3548/3750/2332 3545/3747/2332
f 3550/3752/139 3551/3753/139 3552/3754/139
f 3550/3752/139 3552/3754/139 3553/3755/139
f 3554/3756/139 3550/3752/139 3553/3755/139
f 3554/3756/139 3553/3755/139 3555/3757/139
f 3556/3758/139 3554/3756/139 3555/3757/139
f 3556/3758/139 3555/3757/139 3557/3759/139
f 3558/3760/139 3556/3758/139 3557/3759/139
f 3558/3760/139 3557/3759/139 3559/3761/139
f 3560/3762/139 3558/3760/139 3559/3761/139
f 3560/3762/139 3559/3761/139 3561/3763/139
f 3562/3764/139 3560/3762/139 3561/3763/139
f 3562/3764/139 3561/3763/139 3563/3765/139
f 3564/3766/139 3562/3764/139 3563/3765/139
f 3564/3766/139 3563/3765/139 3565/3767/139
f 3566/3768/139 3564/3766/139 3565/3767/139
f 3566/3768/139 3565/3767/139 3567/3769/139
f 3568/3770/139 3566/3768/139 3567/3769/139
f 3568/3770/139 3567/3769/139 3569/3771/139
f 3570/3772/139 3568/3770/139 3569/3771/139
f 3570/3772/139 3569/3771/139 3571/3773/139
f 3572/3774/139 3570/3772/139 3571/3773/139
f 3572/3774/139 3571/3773/139 3573/3775/139
f 3574/3776/139 3572/3774/139 3573/3775/139
f 3574/3776/139 3573/3775/139 3575/3777/139
f 3576/3778/139 3574/3776/139 3575/3777/139
f 3576/3778/139 3575/3777/139 3577/3779/139
f 3578/3780/139 3576/3778/139 3577/3779/139
f 3578/3780/139 3577/3779/139 3579/3781/139
f 3580/3782/139 3578/3780/139 3579/3781/139
f 3580/3782/139 3579/3781/139 3581/3783/139
f 3582/3784/139 3580/3782/139 3581/3783/139
f 3582/3784/139 3581/3783/139 3583/3785/139
f 3584/3786/139 3582/3784/139 3583/3785/139
f 3584/3786/139 3583/3785/139 3585/3787/139
f 3551/3753/139 3584/3786/139 3585/3787/139
f 3551/3753/139 3585/3787/139 3552/3754/139
f 3586/3788/2339 3587/3789/2339 3588/3790/2339
f 3588/3790/2339 3589/3791/2339 3586/3788/2339
f 3590/3792/2340 3591/3793/2340 3588/3790/2340
f 3588/3790/2340 3587/3789/2340 3590/3792/2340
f 3592/3794/2341 3593/3795/2341 3594/3796/2341
f 3594/3796/2341 3595/3797/2341 3592/3794/2341
f 3593/3795/2342 3596/3798/2342 3597/3799/2342
f 3597/3799/2342 3594/3796/2342 3593/3795/2342
f 3598/3800/2343 3599/3801/2343 3600/3802/2343
f 3600/3802/2343 3601/3803/2343 3598/3800/2343
f 3602/3804/2344 3603/3805/2344 3600/3802/2344
f 3600/3802/2344 3599/3801/2344 3602/3804/2344
f 3604/3806/2345 3605/3807/2345 3606/3808/2345
f 3606/3808/2345 3607/3809/2345 3604/3806/2345
f 3608/3810/2346 3609/3811/2346 3610/3812/2346
f 3610/3812/2346 3611/3813/2346 3608/3810/2346
f 3612/3814/2347 3613/3815/2347 3614/3816/2347
f 3614/3816/2347 3615/3817/2347 3612/3814/2347
f 3616/3818/2348 3617/3819/2348 3618/3820/2348
f 3618/3820/2348 3619/3821/2348 3616/3818/2348
f 3620/3822/2349 3621/3823/2349 3618/3820/2349
f 3618/3820/2349 3617/3819/2349 3620/3822/2349
f 3622/3824/2350 3623/3825/2350 3624/3826/2350
f 3624/3826/2350 3625/3827/2350 3622/3824/2350
f 3626/3828/2351 3627/3829/2351 3628/3830/2351
f 3628/3830/2351 3629/3831/2351 3626/3828/2351
f 3627/3829/2352 3630/3832/2352 3631/3833/2352
f 3631/3833/2352 3628/3830/2352 3627/3829/2352
f 3626/3828/2353 3587/3789/2353 3556/3758/2353
f 3556/3758/2353 3558/3760/2353 3626/3828/2353
f 3587/3789/2354 3586/3788/2354 3554/3756/2354
f 3554/3756/2354 3556/3758/2354 3587/3789/2354
f 3586/3788/2355 3593/3795/2356 3550/3752/2356
f 3550/3752/2356 3554/3756/2355 3586/3788/2355
f 3593/3795/2357 3592/3794/2357 3551/3753/2357
f 3551/3753/2357 3550/3752/2357 3593/3795/2357
f 3592/3794/2358 3599/3801/2358 3584/3786/2358
f 3584/3786/2358 3551/3753/2358 3592/3794/2358
f 3599/3801/2359 3598/3800/2359 3582/3784/2359
f 3582/3784/2359 3584/3786/2359 3599/3801/2359
f 3598/3800/2360 3605/3807/2361 3580/3782/2361
f 3580/3782/2361 3582/3784/2360 3598/3800/2360
f 3605/3807/2362 3604/3806/2362 3578/3780/2362
f 3578/3780/2362 3580/3782/2362 3605/3807/2362
f 3604/3806/2363 3609/3811/2363 3576/3778/2363
f 3576/3778/2363 3578/3780/2363 3604/3806/2363
f 3609/3811/2364 3608/3810/2364 3574/3776/2364
f 3574/3776/2364 3576/3778/2364 3609/3811/2364
f 3608/3810/2365 3613/3815/2365 3572/3774/2365
f 3572/3774/2365 3574/3776/2365 3608/3810/2365
f 3613/3815/2366 3612/3814/2367 3570/3772/2367
f 3570/3772/2367 3572/3774/2366 3613/3815/2366
f 3612/3814/2368 3617/3819/2368 3568/3770/2368
f 3568/3770/2368 3570/3772/2368 3612/3814/2368
f 3617/3819/2369 3616/3818/2369 3566/3768/2369
f 3566/3768/2369 3568/3770/2369 3617/3819/2369
f 3616/3818/2370 3623/3825/2370 3564/3766/2370
f 3564/3766/2370 3566/3768/2370 3616/3818/2370
f 3623/3825/2371 3622/3824/2371 3562/3764/2371
f 3562/3764/2371 3564/3766/2371 3623/3825/2371
f 3622/3824/2372 3627/3829/2372 3560/3762/2372
f 3560/3762/2372 3562/3764/2372 3622/3824/2372
f 3627/3829/2373 3626/3828/2373 3558/3760/2373
f 3558/3760/2373 3560/3762/2373 3627/3829/2373
f 3632/3834/2364 3633/3835/2364 3559/3761/2364
f 3559/3761/2364 3557/3759/2364 3632/3834/2364
f 3633/3835/2363 3634/3836/2363 3561/3763/2363
f 3561/3763/2363 3559/3761/2363 3633/3835/2363
f 3634/3836/2362 3635/3837/2362 3563/3765/2362
f 3563/3765/2362 3561/3763/2362 3634/3836/2362
f 3635/3837/2361 3636/3838/2361 3565/3767/2361
f 3565/3767/2361 3563/3765/2361 3635/3837/2361
f 3636/3838/2359 3637/3839/2359 3567/3769/2359
f 3567/3769/2359 3565/3767/2359 3636/3838/2359
f 3637/3839/2358 3638/3840/2358 3569/3771/2358
f 3569/3771/2358 3567/3769/2358 3637/3839/2358
f 3638/3840/2357 3639/3841/2357 3571/3773/2357
f 3571/3773/2357 3569/3771/2357 3638/3840/2357
f 3639/3841/2355 3640/3842/2355 3573/3775/2355
f 3573/3775/2355 3571/3773/2355 3639/3841/2355
f 3640/3842/2354 3641/3843/2354 3575/3777/2354
f 3575/3777/2354 3573/3775/2354 3640/3842/2354
f 3641/3843/2353 3642/3844/2353 3577/3779/2353
f 3577/3779/2353 3575/3777/2353 3641/3843/2353
f 3642/3844/2373 3643/3845/2373 3579/3781/2373
f 3579/3781/2373 3577/3779/2373 3642/3844/2373
f 3643/3845/2372 3644/3846/2372 3581/3783/2372
f 3581/3783/2372 3579/3781/2372 3643/3845/2372
f 3644/3846/2371 3645/3847/2371 3583/3785/2371
f 3583/3785/2371 3581/3783/2374 3644/3846/2371
f 3645/3847/2370 3646/3848/2370 3585/3787/2370
f 3585/3787/2370 3583/3785/2370 3645/3847/2370
f 3646/3848/2369 3647/3849/2369 3552/3754/2369
f 3552/3754/2369 3585/3787/2369 3646/3848/2369
f 3647/3849/2368 3648/3850/2368 3553/3755/2368
f 3553/3755/2368 3552/3754/2368 3647/3849/2368
f 3648/3850/2366 3649/3851/2366 3555/3757/2366
f 3555/3757/2366 3553/3755/2367 3648/3850/2366
f 3649/3851/2365 3632/3834/2365 3557/3759/2365
f 3557/3759/2365 3555/3757/2365 3649/3851/2365
f 3626/3828/768 3650/3852/768 3590/3792/768
f 3590/3792/768 3587/3789/768 3626/3828/768
f 3593/3795/763 3586/3788/763 3651/3853/763
f 3651/3853/763 3596/3798/763 3593/3795/763
f 3595/3797/764 3594/3796/764 3597/3799/764
f 3597/3799/764 3652/3854/764 3595/3797/764
f 3609/3811/767 3604/3806/767 3653/3855/767
f 3653/3855/767 3654/3856/986 3609/3811/767
f 3613/3815/739 3608/3810/739 3655/3857/739
f 3655/3857/739 3656/3858/739 3613/3815/739
f 3612/3814/758 3657/3859/758 3620/3822/758
f 3620/3822/758 3617/3819/758 3612/3814/758
f 3598/3800/2375 3601/3803/2375 3658/3860/2375
f 3658/3860/2375 3659/3861/2375 3598/3800/2375
f 3607/3809/2376 3660/3862/2376 3653/3855/2376
f 3653/3855/2376 3604/3806/2376 3607/3809/2376
f 3611/3813/2377 3661/3863/2377 3655/3857/2377
f 3655/3857/2377 3608/3810/2377 3611/3813/2377
f 3619/3821/2378 3662/3864/2378 3663/3865/2378
f 3663/3865/2378 3616/3818/2378 3619/3821/2378
f 3625/3827/2379 3664/3866/2379 3665/3867/2379
f 3665/3867/2379 3622/3824/2379 3625/3827/2379
f 3666/3868/137 3667/3869/137 3668/3870/137
f 3667/3869/137 3666/3868/137 3669/3871/137
f 3670/3872/137 3667/3869/137 3669/3871/137
f 3670/3872/137 3669/3871/137 3671/3873/137
f 3672/3874/137 3670/3872/137 3671/3873/137
f 3672/3874/137 3671/3873/137 3673/3875/137
f 3674/3876/137 3672/3874/137 3673/3875/137
f 3674/3876/137 3673/3875/137 3675/3877/137
f 3676/3878/137 3674/3876/137 3675/3877/137
f 3676/3878/137 3675/3877/137 3677/3879/137
f 3678/3880/137 3676/3878/137 3677/3879/137
f 3678/3880/137 3677/3879/137 3679/3881/137
f 3680/3882/137 3678/3880/137 3679/3881/137
f 3680/3882/137 3679/3881/137 3681/3883/137
f 3682/3884/137 3680/3882/137 3681/3883/137
f 3682/3884/137 3681/3883/137 3683/3885/137
f 3684/3886/137 3682/3884/137 3683/3885/137
f 3684/3886/137 3683/3885/137 3685/3887/137
f 3686/3888/137 3684/3886/137 3685/3887/137
f 3686/3888/137 3685/3887/137 3687/3889/137
f 3688/3890/137 3686/3888/137 3687/3889/137
f 3688/3890/137 3687/3889/137 3689/3891/137
f 3690/3892/137 3688/3890/137 3689/3891/137
f 3690/3892/137 3689/3891/137 3691/3893/137
f 3692/3894/137 3690/3892/137 3691/3893/137
f 3692/3894/137 3691/3893/137 3693/3895/137
f 3694/3896/137 3692/3894/137 3693/3895/137
f 3694/3896/137 3693/3895/137 3695/3897/137
f 3696/3898/137 3694/3896/137 3695/3897/137
f 3696/3898/137 3695/3897/137 3697/3899/137
f 3698/3900/137 3696/3898/137 3697/3899/137
f 3698/3900/137 3697/3899/137 3699/3901/137
f 3700/3902/137 3698/3900/137 3699/3901/137
f 3700/3902/137 3699/3901/137 3701/3903/137
f 3668/3870/137 3700/3902/137 3701/3903/137
f 3666/3868/137 3668/3870/137 3701/3903/137
f 3651/3853/2380 3702/3904/2380 3591/3793/2380
f 3591/3793/2380 3590/3792/2380 3651/3853/2380
f 3703/3905/2381 3652/3854/2381 3597/3799/2381
f 3597/3799/2381 3596/3798/2381 3703/3905/2381
f 3659/3861/2382 3658/3860/2382 3603/3805/2382
f 3603/3805/2382 3602/3804/2382 3659/3861/2382
f 3653/3855/2383 3660/3862/2383 3704/3906/2383
f 3704/3906/2383 3705/3907/2383 3653/3855/2383
f 3704/3906/2384 3606/3808/2384 3605/3807/2384
f 3605/3807/2384 3705/3907/2384 3704/3906/2384
f 3655/3857/2385 3661/3863/2385 3706/3908/2386
f 3706/3908/2386 3654/3856/2386 3655/3857/2385
f 3706/3908/2387 3610/3812/2387 3609/3811/2387
f 3609/3811/2387 3654/3856/2388 3706/3908/2387
f 3657/3859/2389 3707/3909/2389 3708/3910/2389
f 3708/3910/2389 3656/3858/2389 3657/3859/2389
f 3708/3910/2390 3614/3816/2390 3613/3815/2390
f 3613/3815/2390 3656/3858/2390 3708/3910/2390
f 3663/3865/2391 3662/3864/2391 3621/3823/2391
f 3621/3823/2391 3620/3822/2391 3663/3865/2391
f 3665/3867/2392 3664/3866/2392 3709/3911/2392
f 3709/3911/2392 3710/3912/2392 3665/3867/2392
f 3709/3911/2393 3624/3826/2393 3623/3825/2393
f 3623/3825/2393 3710/3912/2393 3709/3911/2393
f 3650/3852/2394 3711/3913/2394 3631/3833/2394
f 3631/3833/2394 3630/3832/2394 3650/3852/2394
f 3650/3852/2395 3675/3877/2395 3673/3875/2395
f 3673/3875/2395 3590/3792/2395 3650/3852/2395
f 3590/3792/2396 3673/3875/2396 3671/3873/2397
f 3671/3873/2397 3651/3853/2397 3590/3792/2396
f 3651/3853/2398 3671/3873/2398 3669/3871/2399
f 3669/3871/2399 3596/3798/2399 3651/3853/2398
f 3596/3798/2400 3669/3871/2400 3666/3868/2400
f 3666/3868/2400 3703/3905/2400 3596/3798/2400
f 3703/3905/2401 3666/3868/2401 3701/3903/2402
f 3701/3903/2402 3602/3804/2402 3703/3905/2401
f 3602/3804/2403 3701/3903/2403 3699/3901/2403
f 3699/3901/2403 3659/3861/2403 3602/3804/2403
f 3659/3861/2404 3699/3901/2404 3697/3899/2404
f 3697/3899/2404 3705/3907/2404 3659/3861/2404
f 3705/3907/2405 3697/3899/2405 3695/3897/2406
f 3695/3897/2406 3653/3855/2406 3705/3907/2405
f 3653/3855/2407 3695/3897/2407 3693/3895/2407
f 3693/3895/2407 3654/3856/2407 3653/3855/2407
f 3654/3856/2408 3693/3895/2408 3691/3893/2408
f 3691/3893/2408 3655/3857/2408 3654/3856/2408
f 3655/3857/2409 3691/3893/2409 3689/3891/2409
f 3689/3891/2409 3656/3858/2410 3655/3857/2409
f 3656/3858/2411 3689/3891/2411 3687/3889/2411
f 3687/3889/2411 3657/3859/2411 3656/3858/2411
f 3657/3859/2412 3687/3889/2412 3685/3887/2412
f 3685/3887/2412 3620/3822/2412 3657/3859/2412
f 3620/3822/2413 3685/3887/2413 3683/3885/2413
f 3683/3885/2413 3663/3865/2413 3620/3822/2413
f 3663/3865/2414 3683/3885/2414 3681/3883/2414
f 3681/3883/2414 3710/3912/2414 3663/3865/2414
f 3710/3912/2415 3681/3883/2415 3679/3881/2415
f 3679/3881/2415 3665/3867/2415 3710/3912/2415
f 3665/3867/2416 3679/3881/2416 3677/3879/2416
f 3677/3879/2416 3630/3832/2416 3665/3867/2416
f 3630/3832/2417 3677/3879/2417 3675/3877/2417
f 3675/3877/2417 3650/3852/2417 3630/3832/2417
f 3712/3914/2408 3674/3876/2408 3676/3878/2408
f 3676/3878/2408 3713/3915/2408 3712/3914/2408
f 3713/3915/2407 3676/3878/2407 3678/3880/2407
f 3678/3880/2418 3714/3916/2418 3713/3915/2418
f 3714/3916/2405 3678/3880/2405 3680/3882/2405
f 3680/3882/2406 3715/3917/2406 3714/3916/2406
f 3715/3917/2404 3680/3882/2404 3682/3884/2404
f 3682/3884/2404 3716/3918/2404 3715/3917/2404
f 3716/3918/2403 3682/3884/2403 3684/3886/2403
f 3684/3886/2403 3717/3919/2403 3716/3918/2403
f 3717/3919/2402 3684/3886/2402 3686/3888/2402
f 3686/3888/2401 3718/3920/2401 3717/3919/2401
f 3718/3920/2400 3686/3888/2400 3688/3890/2400
f 3688/3890/2400 3719/3921/2400 3718/3920/2400
f 3719/3921/2399 3688/3890/2399 3690/3892/2399
f 3690/3892/2399 3720/3922/2399 3719/3921/2399
f 3720/3922/2396 3690/3892/2396 3692/3894/2396
f 3692/3894/2396 3721/3923/2396 3720/3922/2396
f 3721/3923/2419 3692/3894/2419 3694/3896/2419
f 3694/3896/2395 3722/3924/2395 3721/3923/2395
f 3722/3924/2417 3694/3896/2417 3696/3898/2417
f 3696/3898/2420 3723/3925/2420 3722/3924/2420
f 3723/3925/2416 3696/3898/2416 3698/3900/2416
f 3698/3900/2421 3724/3926/2421 3723/3925/2421
f 3724/3926/2415 3698/3900/2415 3700/3902/2415
f 3700/3902/2422 3725/3927/2422 3724/3926/2422
f 3725/3927/2414 3700/3902/2414 3668/3870/2414
f 3668/3870/2414 3726/3928/2414 3725/3927/2414
f 3726/3928/2423 3668/3870/2423 3667/3869/2423
f 3667/3869/2413 3727/3929/2413 3726/3928/2413
f 3727/3929/2412 3667/3869/2412 3670/3872/2412
f 3670/3872/2412 3728/3930/2412 3727/3929/2412
f 3728/3930/2424 3670/3872/2424 3672/3874/2424
f 3672/3874/2411 3729/3931/2411 3728/3930/2411
f 3729/3931/2410 3672/3874/2410 3674/3876/2410
f 3674/3876/2409 3712/3914/2409 3729/3931/2409
f 3589/3791/737 3588/3790/737 3591/3793/737
f 3591/3793/737 3702/3904/737 3589/3791/737
f 3592/3794/138 3703/3905/138 3602/3804/138
f 3602/3804/138 3599/3801/138 3592/3794/138
f 3600/3802/765 3603/3805/765 3658/3860/765
f 3658/3860/765 3601/3803/765 3600/3802/765
f 3598/3800/766 3659/3861/766 3705/3907/766
f 3705/3907/766 3605/3807/766 3598/3800/766
f 3606/3808/738 3704/3906/738 3660/3862/738
f 3660/3862/738 3607/3809/738 3606/3808/738
f 3610/3812/756 3706/3908/756 3661/3863/756
f 3661/3863/756 3611/3813/756 3610/3812/756
f 3615/3817/757 3614/3816/757 3708/3910/757
f 3708/3910/757 3707/3909/757 3615/3817/757
f 3618/3820/3 3621/3823/3 3662/3864/3
f 3662/3864/3 3619/3821/3 3618/3820/3
f 3623/3825/759 3616/3818/759 3663/3865/759
f 3663/3865/759 3710/3912/759 3623/3825/759
f 3624/3826/760 3709/3911/760 3664/3866/760
f 3664/3866/760 3625/3827/760 3624/3826/760
f 3627/3829/740 3622/3824/740 3665/3867/740
f 3665/3867/740 3630/3832/740 3627/3829/740
f 3629/3831/769 3628/3830/769 3631/3833/769
f 3631/3833/769 3711/3913/769 3629/3831/769
f 3589/3791/2425 3702/3904/2425 3651/3853/2425
f 3651/3853/2425 3586/3788/2425 3589/3791/2425
f 3592/3794/2426 3595/3797/2426 3652/3854/2426
f 3652/3854/2426 3703/3905/2426 3592/3794/2426
f 3612/3814/2427 3615/3817/2427 3707/3909/2427
f 3707/3909/2427 3657/3859/2427 3612/3814/2427
f 3626/3828/2428 3629/3831/2428 3711/3913/2428
f 3711/3913/2428 3650/3852/2428 3626/3828/2428
f 3730/3932/137 3731/3933/137 3732/3934/137
f 3731/3933/137 3730/3932/137 3733/3935/137
f 3734/3936/137 3731/3933/137 3733/3935/137
f 3734/3936/137 3733/3935/137 3735/3937/137
f 3736/3938/137 3734/3936/137 3735/3937/137
f 3736/3938/137 3735/3937/137 3737/3939/137
f 3738/3940/137 3736/3938/137 3737/3939/137
f 3738/3940/137 3737/3939/137 3739/3941/137
f 3740/3942/137 3738/3940/137 3739/3941/137
f 3740/3942/137 3739/3941/137 3741/3943/137
f 3742/3944/137 3740/3942/137 3741/3943/137
f 3742/3944/137 3741/3943/137 3743/3945/137
f 3744/3946/137 3742/3944/137 3743/3945/137
f 3744/3946/137 3743/3945/137 3745/3947/137
f 3746/3948/137 3744/3946/137 3745/3947/137
f 3746/3948/137 3745/3947/137 3747/3949/137
f 3748/3950/137 3746/3948/137 3747/3949/137
f 3748/3950/137 3747/3949/137 3749/3951/137
f 3750/3952/137 3748/3950/137 3749/3951/137
f 3750/3952/137 3749/3951/137 3751/3953/137
f 3752/3954/137 3750/3952/137 3751/3953/137
f 3752/3954/137 3751/3953/137 3753/3955/137
f 3754/3956/137 3752/3954/137 3753/3955/137
f 3754/3956/137 3753/3955/137 3755/3957/137
f 3756/3958/137 3754/3956/137 3755/3957/137
f 3756/3958/137 3755/3957/137 3757/3959/137
f 3758/3960/137 3756/3958/137 3757/3959/137
f 3758/3960/137 3757/3959/137 3759/3961/137
f 3760/3962/137 3758/3960/137 3759/3961/137
f 3760/3962/137 3759/3961/137 3761/3963/137
f 3762/3964/137 3760/3962/137 3761/3963/137
f 3762/3964/137 3761/3963/137 3763/3965/137
f 3764/3966/137 3762/3964/137 3763/3965/137
f 3764/3966/137 3763/3965/137 3765/3967/137
f 3732/3934/137 3764/3966/137 3765/3967/137
f 3730/3932/137 3732/3934/137 3765/3967/137
f 3766/3968/2380 3767/3969/2380 3768/3970/2380
f 3768/3970/2380 3769/3971/2380 3766/3968/2380
f 3770/3972/2340 3769/3971/2340 3768/3970/2340
f 3768/3970/2340 3771/3973/2340 3770/3972/2340
f 3772/3974/2381 3773/3975/2381 3774/3976/2381
f 3774/3976/2381 3775/3977/2381 3772/3974/2381
f 3775/3977/2342 3774/3976/2342 3776/3978/2342
f 3776/3978/2342 3777/3979/2342 3775/3977/2342
f 3778/3980/2382 3779/3981/2382 3780/3982/2382
f 3780/3982/2382 3781/3983/2382 3778/3980/2382
f 3782/3984/2344 3781/3983/2344 3780/3982/2344
f 3780/3982/2344 3783/3985/2344 3782/3984/2344
f 3784/3986/2383 3785/3987/2383 3786/3988/2383
f 3786/3988/2383 3787/3989/2383 3784/3986/2383
f 3788/3990/2386 3789/3991/2386 3790/3992/2386
f 3790/3992/2386 3791/3993/2386 3788/3990/2386
f 3792/3994/2389 3793/3995/2389 3794/3996/2389
f 3794/3996/2389 3795/3997/2389 3792/3994/2389
f 3796/3998/2391 3797/3999/2391 3798/4000/2391
f 3798/4000/2391 3799/4001/2391 3796/3998/2391
f 3800/4002/2349 3799/4001/2349 3798/4000/2349
f 3798/4000/2349 3801/4003/2349 3800/4002/2349
f 3802/4004/2392 3803/4005/2392 3804/4006/2392
f 3804/4006/2392 3805/4007/2392 3802/4004/2392
f 3806/4008/2429 3807/4009/2429 3808/4010/2394
f 3808/4010/2394 3809/4011/2394 3806/4008/2429
f 3809/4011/2352 3808/4010/2352 3810/4012/2352
f 3810/4012/2352 3811/4013/2352 3809/4011/2352
f 3806/4008/2395 3739/3941/2395 3737/3939/2395
f 3737/3939/2395 3769/3971/2395 3806/4008/2395
f 3769/3971/2396 3737/3939/2396 3735/3937/2397
f 3735/3937/2397 3766/3968/2397 3769/3971/2396
f 3766/3968/2399 3735/3937/2399 3733/3935/2399
f 3733/3935/2399 3775/3977/2399 3766/3968/2399
f 3775/3977/2400 3733/3935/2400 3730/3932/2400
f 3730/3932/2400 3772/3974/2400 3775/3977/2400
f 3772/3974/2401 3730/3932/2401 3765/3967/2401
f 3765/3967/2401 3781/3983/2401 3772/3974/2401
f 3781/3983/2403 3765/3967/2403 3763/3965/2403
f 3763/3965/2403 3778/3980/2403 3781/3983/2403
f 3778/3980/2404 3763/3965/2404 3761/3963/2404
f 3761/3963/2404 3787/3989/2404 3778/3980/2404
f 3787/3989/2405 3761/3963/2405 3759/3961/2405
f 3759/3961/2405 3784/3986/2405 3787/3989/2405
f 3784/3986/2407 3759/3961/2407 3757/3959/2407
f 3757/3959/2407 3791/3993/2407 3784/3986/2407
f 3791/3993/2408 3757/3959/2408 3755/3957/2408
f 3755/3957/2408 3788/3990/2408 3791/3993/2408
f 3788/3990/2409 3755/3957/2409 3753/3955/2409
f 3753/3955/2409 3795/3997/2409 3788/3990/2409
f 3795/3997/2430 3753/3955/2411 3751/3953/2430
f 3751/3953/2430 3792/3994/2430 3795/3997/2430
f 3792/3994/2412 3751/3953/2412 3749/3951/2412
f 3749/3951/2412 3799/4001/2412 3792/3994/2412
f 3799/4001/2413 3749/3951/2413 3747/3949/2413
f 3747/3949/2413 3796/3998/2413 3799/4001/2413
f 3796/3998/2414 3747/3949/2414 3745/3947/2414
f 3745/3947/2414 3805/4007/2414 3796/3998/2414
f 3805/4007/2431 3745/3947/2431 3743/3945/2415
f 3743/3945/2415 3802/4004/2415 3805/4007/2431
f 3802/4004/2416 3743/3945/2416 3741/3943/2416
f 3741/3943/2416 3809/4011/2421 3802/4004/2416
f 3809/4011/2417 3741/3943/2417 3739/3941/2417
f 3739/3941/2417 3806/4008/2417 3809/4011/2417
f 3812/4014/2408 3738/3940/2408 3740/3942/2408
f 3740/3942/2408 3813/4015/2408 3812/4014/2408
f 3813/4015/2407 3740/3942/2407 3742/3944/2407
f 3742/3944/2407 3814/4016/2407 3813/4015/2407
f 3814/4016/2405 3742/3944/2405 3744/3946/2405
f 3744/3946/2406 3815/4017/2406 3814/4016/2406
f 3815/4017/2404 3744/3946/2404 3746/3948/2404
f 3746/3948/2432 3816/4018/2432 3815/4017/2432
f 3816/4018/2403 3746/3948/2403 3748/3950/2403
f 3748/3950/2403 3817/4019/2403 3816/4018/2403
f 3817/4019/2401 3748/3950/2401 3750/3952/2401
f 3750/3952/2401 3818/4020/2401 3817/4019/2401
f 3818/4020/2400 3750/3952/2400 3752/3954/2400
f 3752/3954/2400 3819/4021/2400 3818/4020/2400
f 3819/4021/2399 3752/3954/2399 3754/3956/2399
f 3754/3956/2399 3820/4022/2399 3819/4021/2399
f 3820/4022/2396 3754/3956/2396 3756/3958/2396
f 3756/3958/2396 3821/4023/2396 3820/4022/2396
f 3821/4023/2419 3756/3958/2419 3758/3960/2419
f 3758/3960/2395 3822/4024/2395 3821/4023/2395
f 3822/4024/2417 3758/3960/2417 3760/3962/2417
f 3760/3962/2420 3823/4025/2420 3822/4024/2420
f 3823/4025/2416 3760/3962/2416 3762/3964/2416
f 3762/3964/2416 3824/4026/2416 3823/4025/2416
f 3824/4026/2415 3762/3964/2415 3764/3966/2415
f 3764/3966/2422 3825/4027/2422 3824/4026/2422
f 3825/4027/2414 3764/3966/2414 3732/3934/2414
f 3732/3934/2414 3826/4028/2414 3825/4027/2414
f 3826/4028/2413 3732/3934/2413 3731/3933/2413
f 3731/3933/2423 3827/4029/2423 3826/4028/2423
f 3827/4029/2412 3731/3933/2412 3734/3936/2412
f 3734/3936/2412 3828/4030/2412 3827/4029/2412
f 3828/4030/2430 3734/3936/2430 3736/3938/2430
f 3736/3938/2411 3829/4031/2411 3828/4030/2411
f 3829/4031/2410 3736/3938/2410 3738/3940/2410
f 3738/3940/2409 3812/4014/2409 3829/4031/2409
f 3806/4008/768 3769/3971/768 3770/3972/768
f 3770/3972/768 3830/4032/762 3806/4008/768
f 3775/3977/763 3777/3979/763 3831/4033/763
f 3831/4033/763 3766/3968/763 3775/3977/763
f 3773/3975/764 3832/4034/764 3776/3978/764
f 3776/3978/764 3774/3976/764 3773/3975/764
f 3791/3993/767 3833/4035/767 3834/4036/767
f 3834/4036/767 3784/3986/986 3791/3993/767
f 3795/3997/739 3835/4037/739 3836/4038/739
f 3836/4038/739 3788/3990/739 3795/3997/739
f 3792/3994/758 3799/4001/758 3800/4002/758
f 3800/4002/758 3837/4039/758 3792/3994/758
f 3778/3980/2375 3838/4040/2375 3839/4041/2375
f 3839/4041/2375 3779/3981/2375 3778/3980/2375
f 3785/3987/2376 3784/3986/2376 3834/4036/2376
f 3834/4036/2376 3840/4042/2376 3785/3987/2376
f 3789/3991/2377 3788/3990/2377 3836/4038/2377
f 3836/4038/2377 3841/4043/2377 3789/3991/2377
f 3797/3999/2378 3796/3998/2378 3842/4044/2378
f 3842/4044/2378 3843/4045/2378 3797/3999/2378
f 3803/4005/2433 3802/4004/2433 3844/4046/2379
f 3844/4046/2379 3845/4047/2379 3803/4005/2433
f 3846/4048/139 3847/4049/139 3848/4050/139
f 3846/4048/139 3848/4050/139 3849/4051/139
f 3850/4052/139 3846/4048/139 3849/4051/139
f 3850/4052/139 3849/4051/139 3851/4053/139
f 3852/4054/139 3850/4052/139 3851/4053/139
f 3852/4054/139 3851/4053/139 3853/4055/139
f 3854/4056/139 3852/4054/139 3853/4055/139
f 3854/4056/139 3853/4055/139 3855/4057/139
f 3856/4058/139 3854/4056/139 3855/4057/139
f 3856/4058/139 3855/4057/139 3857/4059/139
f 3858/4060/139 3856/4058/139 3857/4059/139
f 3858/4060/139 3857/4059/139 3859/4061/139
f 3860/4062/139 3858/4060/139 3859/4061/139
f 3860/4062/139 3859/4061/139 3861/4063/139
f 3862/4064/139 3860/4062/139 3861/4063/139
f 3862/4064/139 3861/4063/139 3863/4065/139
f 3864/4066/139 3862/4064/139 3863/4065/139
f 3864/4066/139 3863/4065/139 3865/4067/139
f 3866/4068/139 3864/4066/139 3865/4067/139
f 3866/4068/139 3865/4067/139 3867/4069/139
f 3868/4070/139 3866/4068/139 3867/4069/139
f 3868/4070/139 3867/4069/139 3869/4071/139
f 3870/4072/139 3868/4070/139 3869/4071/139
f 3870/4072/139 3869/4071/139 3871/4073/139
f 3872/4074/139 3870/4072/139 3871/4073/139
f 3872/4074/139 3871/4073/139 3873/4075/139
f 3874/4076/139 3872/4074/139 3873/4075/139
f 3874/4076/139 3873/4075/139 3875/4077/139
f 3876/4078/139 3874/4076/139 3875/4077/139
f 3876/4078/139 3875/4077/139 3877/4079/139
f 3878/4080/139 3876/4078/139 3877/4079/139
f 3878/4080/139 3877/4079/139 3879/4081/139
f 3880/4082/139 3878/4080/139 3879/4081/139
f 3880/4082/139 3879/4081/139 3881/4083/139
f 3847/4049/139 3880/4082/139 3881/4083/139
f 3847/4049/139 3881/4083/139 3848/4050/139
f 3831/4033/2434 3770/3972/2339 3771/3973/2339
f 3771/3973/2339 3882/4084/2434 3831/4033/2434
f 3883/4085/2341 3777/3979/2341 3776/3978/2341
f 3776/3978/2341 3832/4034/2341 3883/4085/2341
f 3838/4040/2343 3782/3984/2343 3783/3985/2343
f 3783/3985/2343 3839/4041/2343 3838/4040/2343
f 3834/4036/2345 3884/4086/2345 3885/4087/2345
f 3885/4087/2345 3840/4042/2345 3834/4036/2345
f 3885/4087/2384 3884/4086/2384 3787/3989/2384
f 3787/3989/2384 3786/3988/2384 3885/4087/2384
f 3836/4038/2435 3833/4035/2435 3886/4088/2435
f 3886/4088/2435 3841/4043/2435 3836/4038/2435
f 3886/4088/2387 3833/4035/2387 3791/3993/2388
f 3791/3993/2388 3790/3992/2388 3886/4088/2387
f 3837/4039/2347 3835/4037/2347 3887/4089/2347
f 3887/4089/2347 3888/4090/2347 3837/4039/2347
f 3887/4089/2390 3835/4037/2390 3795/3997/2390
f 3795/3997/2390 3794/3996/2390 3887/4089/2390
f 3842/4044/2348 3800/4002/2348 3801/4003/2348
f 3801/4003/2348 3843/4045/2348 3842/4044/2348
f 3844/4046/2350 3889/4091/2350 3890/4092/2350
f 3890/4092/2350 3845/4047/2350 3844/4046/2350
f 3890/4092/2393 3889/4091/2393 3805/4007/2393
f 3805/4007/2393 3804/4006/2393 3890/4092/2393
f 3830/4032/2436 3811/4013/2351 3810/4012/2351
f 3810/4012/2351 3891/4093/2436 3830/4032/2436
f 3830/4032/2353 3770/3972/2353 3852/4054/2353
f 3852/4054/2353 3854/4056/2353 3830/4032/2353
f 3770/3972/2354 3831/4033/2354 3850/4052/2354
f 3850/4052/2354 3852/4054/2354 3770/3972/2354
f 3831/4033/2355 3777/3979/2356 3846/4048/2356
f 3846/4048/2356 3850/4052/2355 3831/4033/2355
f 3777/3979/2357 3883/4085/2357 3847/4049/2357
f 3847/4049/2357 3846/4048/2357 3777/3979/2357
f 3883/4085/2358 3782/3984/2358 3880/4082/2358
f 3880/4082/2358 3847/4049/2358 3883/4085/2358
f 3782/3984/2359 3838/4040/2359 3878/4080/2359
f 3878/4080/2359 3880/4082/2359 3782/3984/2359
f 3838/4040/2361 3884/4086/2361 3876/4078/2361
f 3876/4078/2361 3878/4080/2361 3838/4040/2361
f 3884/4086/2362 3834/4036/2437 3874/4076/2437
f 3874/4076/2437 3876/4078/2362 3884/4086/2362
f 3834/4036/2363 3833/4035/2363 3872/4074/2363
f 3872/4074/2363 3874/4076/2363 3834/4036/2363
f 3833/4035/2364 3836/4038/2364 3870/4072/2364
f 3870/4072/2364 3872/4074/2364 3833/4035/2364
f 3836/4038/2365 3835/4037/2438 3868/4070/2438
f 3868/4070/2438 3870/4072/2365 3836/4038/2365
f 3835/4037/2366 3837/4039/2367 3866/4068/2366
f 3866/4068/2366 3868/4070/2366 3835/4037/2366
f 3837/4039/2368 3800/4002/2368 3864/4066/2368
f 3864/4066/2368 3866/4068/2368 3837/4039/2368
f 3800/4002/2439 3842/4044/2439 3862/4064/2439
f 3862/4064/2439 3864/4066/2439 3800/4002/2439
f 3842/4044/2370 3889/4091/2370 3860/4062/2370
f 3860/4062/2370 3862/4064/2370 3842/4044/2370
f 3889/4091/2371 3844/4046/2371 3858/4060/2371
f 3858/4060/2371 3860/4062/2371 3889/4091/2371
f 3844/4046/2372 3811/4013/2372 3856/4058/2372
f 3856/4058/2372 3858/4060/2372 3844/4046/2372
f 3811/4013/2373 3830/4032/2373 3854/4056/2373
f 3854/4056/2373 3856/4058/2373 3811/4013/2373
f 3892/4094/2364 3893/4095/2364 3855/4057/2364
f 3855/4057/2364 3853/4055/2364 3892/4094/2364
f 3893/4095/2363 3894/4096/2440 3857/4059/2363
f 3857/4059/2363 3855/4057/2363 3893/4095/2363
f 3894/4096/2362 3895/4097/2437 3859/4061/2362
f 3859/4061/2362 3857/4059/2362 3894/4096/2362
f 3895/4097/2361 3896/4098/2441 3861/4063/2441
f 3861/4063/2441 3859/4061/2361 3895/4097/2361
f 3896/4098/2359 3897/4099/2359 3863/4065/2359
f 3863/4065/2359 3861/4063/2359 3896/4098/2359
f 3897/4099/2442 3898/4100/2442 3865/4067/2442
f 3865/4067/2442 3863/4065/2442 3897/4099/2442
f 3898/4100/2357 3899/4101/2357 3867/4069/2357
f 3867/4069/2357 3865/4067/2357 3898/4100/2357
f 3899/4101/2355 3900/4102/2355 3869/4071/2355
f 3869/4071/2355 3867/4069/2355 3899/4101/2355
f 3900/4102/2354 3901/4103/2354 3871/4073/2354
f 3871/4073/2354 3869/4071/2354 3900/4102/2354
f 3901/4103/2353 3902/4104/2353 3873/4075/2353
f 3873/4075/2353 3871/4073/2443 3901/4103/2353
f 3902/4104/2373 3903/4105/2373 3875/4077/2373
f 3875/4077/2373 3873/4075/2373 3902/4104/2373
f 3903/4105/2372 3904/4106/2372 3877/4079/2372
f 3877/4079/2372 3875/4077/2372 3903/4105/2372
f 3904/4106/2374 3905/4107/2371 3879/4081/2371
f 3879/4081/2371 3877/4079/2374 3904/4106/2374
f 3905/4107/2370 3906/4108/2370 3881/4083/2370
f 3881/4083/2370 3879/4081/2370 3905/4107/2370
f 3906/4108/2439 3907/4109/2369 3848/4050/2369
f 3848/4050/2369 3881/4083/2439 3906/4108/2439
f 3907/4109/2368 3908/4110/2368 3849/4051/2368
f 3849/4051/2368 3848/4050/2368 3907/4109/2368
f 3908/4110/2366 3909/4111/2366 3851/4053/2366
f 3851/4053/2366 3849/4051/2366 3908/4110/2366
f 3909/4111/2438 3892/4094/2365 3853/4055/2365
f 3853/4055/2365 3851/4053/2438 3909/4111/2438
f 3767/3969/737 3882/4084/737 3771/3973/737
f 3771/3973/737 3768/3970/737 3767/3969/737
f 3772/3974/138 3781/3983/138 3782/3984/138
f 3782/3984/138 3883/4085/138 3772/3974/138
f 3780/3982/765 3779/3981/765 3839/4041/765
f 3839/4041/765 3783/3985/765 3780/3982/765
f 3778/3980/766 3787/3989/766 3884/4086/766
f 3884/4086/766 3838/4040/766 3778/3980/766
f 3786/3988/738 3785/3987/738 3840/4042/738
f 3840/4042/738 3885/4087/738 3786/3988/738
f 3790/3992/756 3789/3991/756 3841/4043/756
f 3841/4043/756 3886/4088/756 3790/3992/756
f 3793/3995/757 3888/4090/757 3887/4089/757
f 3887/4089/757 3794/3996/757 3793/3995/757
f 3798/4000/3 3797/3999/3 3843/4045/3
f 3843/4045/3 3801/4003/3 3798/4000/3
f 3805/4007/759 3889/4091/759 3842/4044/759
f 3842/4044/759 3796/3998/759 3805/4007/759
f 3804/4006/760 3803/4005/760 3845/4047/760
f 3845/4047/760 3890/4092/760 3804/4006/760
f 3809/4011/740 3811/4013/740 3844/4046/740
f 3844/4046/740 3802/4004/740 3809/4011/740
f 3807/4009/769 3891/4093/769 3810/4012/769
f 3810/4012/769 3808/4010/769 3807/4009/769
f 3767/3969/2425 3766/3968/2425 3831/4033/2425
f 3831/4033/2425 3882/4084/2425 3767/3969/2425
f 3772/3974/2426 3883/4085/2426 3832/4034/2426
f 3832/4034/2426 3773/3975/2426 3772/3974/2426
f 3792/3994/2427 3837/4039/2427 3888/4090/2427
f 3888/4090/2427 3793/3995/2427 3792/3994/2427
f 3806/4008/2428 3830/4032/2428 3891/4093/2428
f 3891/4093/2428 3807/4009/2428 3806/4008/2428
f 3910/4112/139 3911/4113/139 3912/4114/139
f 3910/4112/139 3912/4114/139 3913/4115/139
f 3914/4116/139 3910/4112/139 3913/4115/139
f 3914/4116/139 3913/4115/139 3915/4117/139
f 3916/4118/139 3914/4116/139 3915/4117/139
f 3916/4118/139 3915/4117/139 3917/4119/139
f 3918/4120/139 3916/4118/139 3917/4119/139
f 3918/4120/139 3917/4119/139 3919/4121/139
f 3920/4122/139 3918/4120/139 3919/4121/139
f 3920/4122/139 3919/4121/139 3921/4123/139
f 3922/4124/139 3920/4122/139 3921/4123/139
f 3922/4124/139 3921/4123/139 3923/4125/139
f 3924/4126/139 3922/4124/139 3923/4125/139
f 3924/4126/139 3923/4125/139 3925/4127/139
f 3926/4128/139 3924/4126/139 3925/4127/139
f 3926/4128/139 3925/4127/139 3927/4129/139
f 3928/4130/139 3926/4128/139 3927/4129/139
f 3928/4130/139 3927/4129/139 3929/4131/139
f 3930/4132/139 3928/4130/139 3929/4131/139
f 3930/4132/139 3929/4131/139 3931/4133/139
f 3932/4134/139 3930/4132/139 3931/4133/139
f 3932/4134/139 3931/4133/139 3933/4135/139
f 3934/4136/139 3932/4134/139 3933/4135/139
f 3934/4136/139 3933/4135/139 3935/4137/139
f 3936/4138/139 3934/4136/139 3935/4137/139
f 3936/4138/139 3935/4137/139 3937/4139/139
f 3938/4140/139 3936/4138/139 3937/4139/139
f 3938/4140/139 3937/4139/139 3939/4141/139
f 3940/4142/139 3938/4140/139 3939/4141/139
f 3940/4142/139 3939/4141/139 3941/4143/139
f 3942/4144/139 3940/4142/139 3941/4143/139
f 3942/4144/139 3941/4143/139 3943/4145/139
f 3944/4146/139 3942/4144/139 3943/4145/139
f 3944/4146/139 3943/4145/139 3945/4147/139
f 3911/4113/139 3944/4146/139 3945/4147/139
f 3911/4113/139 3945/4147/139 3912/4114/139
f 3946/4148/2339 3947/4149/2339 3948/4150/2339
f 3948/4150/2339 3949/4151/2434 3946/4148/2339
f 3950/4152/2340 3951/4153/2340 3948/4150/2340
f 3948/4150/2340 3947/4149/2340 3950/4152/2340
f 3952/4154/2341 3953/4155/2341 3954/4156/2341
f 3954/4156/2341 3955/4157/2341 3952/4154/2341
f 3953/4155/2342 3956/4158/2342 3957/4159/2342
f 3957/4159/2342 3954/4156/2342 3953/4155/2342
f 3958/4160/2343 3959/4161/2343 3960/4162/2343
f 3960/4162/2343 3961/4163/2343 3958/4160/2343
f 3962/4164/2344 3963/4165/2344 3960/4162/2344
f 3960/4162/2344 3959/4161/2344 3962/4164/2344
f 3964/4166/2345 3965/4167/2444 3966/4168/2444
f 3966/4168/2444 3967/4169/2345 3964/4166/2345
f 3968/4170/2346 3969/4171/2346 3970/4172/2346
f 3970/4172/2346 3971/4173/2346 3968/4170/2346
f 3972/4174/2347 3973/4175/2347 3974/4176/2347
f 3974/4176/2347 3975/4177/2347 3972/4174/2347
f 3976/4178/2348 3977/4179/2348 3978/4180/2348
f 3978/4180/2348 3979/4181/2348 3976/4178/2348
f 3980/4182/2349 3981/4183/2349 3978/4180/2349
f 3978/4180/2349 3977/4179/2349 3980/4182/2349
f 3982/4184/2350 3983/4185/2350 3984/4186/2350
f 3984/4186/2350 3985/4187/2350 3982/4184/2350
f 3986/4188/2351 3987/4189/2436 3988/4190/2436
f 3988/4190/2436 3989/4191/2351 3986/4188/2351
f 3987/4189/2352 3990/4192/2352 3991/4193/2352
f 3991/4193/2352 3988/4190/2352 3987/4189/2352
f 3986/4188/2353 3947/4149/2353 3916/4118/2353
f 3916/4118/2353 3918/4120/2353 3986/4188/2353
f 3947/4149/2354 3946/4148/2354 3914/4116/2354
f 3914/4116/2354 3916/4118/2354 3947/4149/2354
f 3946/4148/2355 3953/4155/2355 3910/4112/2355
f 3910/4112/2355 3914/4116/2355 3946/4148/2355
f 3953/4155/2357 3952/4154/2357 3911/4113/2357
f 3911/4113/2357 3910/4112/2357 3953/4155/2357
f 3952/4154/2358 3959/4161/2358 3944/4146/2358
f 3944/4146/2358 3911/4113/2358 3952/4154/2358
f 3959/4161/2359 3958/4160/2359 3942/4144/2359
f 3942/4144/2359 3944/4146/2359 3959/4161/2359
f 3958/4160/2360 3965/4167/2361 3940/4142/2361
f 3940/4142/2361 3942/4144/2360 3958/4160/2360
f 3965/4167/2362 3964/4166/2362 3938/4140/2362
f 3938/4140/2362 3940/4142/2437 3965/4167/2362
f 3964/4166/2363 3969/4171/2363 3936/4138/2363
f 3936/4138/2363 3938/4140/2363 3964/4166/2363
f 3969/4171/2364 3968/4170/2364 3934/4136/2364
f 3934/4136/2364 3936/4138/2364 3969/4171/2364
f 3968/4170/2438 3973/4175/2365 3932/4134/2365
f 3932/4134/2365 3934/4136/2438 3968/4170/2438
f 3973/4175/2366 3972/4174/2366 3930/4132/2366
f 3930/4132/2366 3932/4134/2366 3973/4175/2366
f 3972/4174/2368 3977/4179/2368 3928/4130/2368
f 3928/4130/2368 3930/4132/2368 3972/4174/2368
f 3977/4179/2369 3976/4178/2369 3926/4128/2369
f 3926/4128/2369 3928/4130/2369 3977/4179/2369
f 3976/4178/2370 3983/4185/2370 3924/4126/2370
f 3924/4126/2370 3926/4128/2370 3976/4178/2370
f 3983/4185/2374 3982/4184/2374 3922/4124/2374
f 3922/4124/2374 3924/4126/2374 3983/4185/2374
f 3982/4184/2372 3987/4189/2372 3920/4122/2372
f 3920/4122/2372 3922/4124/2372 3982/4184/2372
f 3987/4189/2445 3986/4188/2373 3918/4120/2373
f 3918/4120/2373 3920/4122/2445 3987/4189/2445
f 3992/4194/2446 3993/4195/2364 3919/4121/2364
f 3919/4121/2364 3917/4119/2446 3992/4194/2446
f 3993/4195/2363 3994/4196/2363 3921/4123/2363
f 3921/4123/2363 3919/4121/2363 3993/4195/2363
f 3994/4196/2362 3995/4197/2362 3923/4125/2362
f 3923/4125/2362 3921/4123/2362 3994/4196/2362
f 3995/4197/2360 3996/4198/2361 3925/4127/2361
f 3925/4127/2361 3923/4125/2360 3995/4197/2360
f 3996/4198/2359 3997/4199/2359 3927/4129/2359
f 3927/4129/2359 3925/4127/2359 3996/4198/2359
f 3997/4199/2358 3998/4200/2358 3929/4131/2358
f 3929/4131/2358 3927/4129/2358 3997/4199/2358
f 3998/4200/2357 3999/4201/2357 3931/4133/2357
f 3931/4133/2357 3929/4131/2357 3998/4200/2357
f 3999/4201/2355 4000/4202/2355 3933/4135/2355
f 3933/4135/2355 3931/4133/2355 3999/4201/2355
f 4000/4202/2354 4001/4203/2354 3935/4137/2354
f 3935/4137/2354 3933/4135/2354 4000/4202/2354
f 4001/4203/2443 4002/4204/2353 3937/4139/2353
f 3937/4139/2353 3935/4137/2447 4001/4203/2443
f 4002/4204/2448 4003/4205/2373 3939/4141/2373
f 3939/4141/2373 3937/4139/2448 4002/4204/2448
f 4003/4205/2372 4004/4206/2372 3941/4143/2372
f 3941/4143/2372 3939/4141/2372 4003/4205/2372
f 4004/4206/2371 4005/4207/2371 3943/4145/2371
f 3943/4145/2371 3941/4143/2371 4004/4206/2371
f 4005/4207/2370 4006/4208/2370 3945/4147/2370
f 3945/4147/2370 3943/4145/2370 4005/4207/2370
f 4006/4208/2369 4007/4209/2369 3912/4114/2369
f 3912/4114/2369 3945/4147/2369 4006/4208/2369
f 4007/4209/2368 4008/4210/2368 3913/4115/2368
f 3913/4115/2368 3912/4114/2368 4007/4209/2368
f 4008/4210/2367 4009/4211/2366 3915/4117/2366
f 3915/4117/2366 3913/4115/2367 4008/4210/2367
f 4009/4211/2365 3992/4194/2365 3917/4119/2365
f 3917/4119/2365 3915/4117/2365 4009/4211/2365
f 3986/4188/762 4010/4212/762 3950/4152/762
f 3950/4152/762 3947/4149/762 3986/4188/762
f 3953/4155/763 3946/4148/763 4011/4213/763
f 4011/4213/763 3956/4158/763 3953/4155/763
f 3955/4157/764 3954/4156/764 3957/4159/764
f 3957/4159/764 4012/4214/764 3955/4157/764
f 3969/4171/986 3964/4166/986 4013/4215/986
f 4013/4215/986 4014/4216/986 3969/4171/986
f 3973/4175/739 3968/4170/739 4015/4217/739
f 4015/4217/739 4016/4218/739 3973/4175/739
f 3972/4174/758 4017/4219/758 3980/4182/758
f 3980/4182/758 3977/4179/758 3972/4174/758
f 3958/4160/2449 3961/4163/2449 4018/4220/2449
f 4018/4220/2449 4019/4221/2449 3958/4160/2449
f 3967/4169/2376 4020/4222/2376 4013/4215/2376
f 4013/4215/2376 3964/4166/2376 3967/4169/2376
f 3971/4173/2377 4021/4223/2377 4015/4217/2377
f 4015/4217/2377 3968/4170/2377 3971/4173/2377
f 3979/4181/2378 4022/4224/2378 4023/4225/2378
f 4023/4225/2378 3976/4178/2378 3979/4181/2378
f 3985/4187/2379 4024/4226/2379 4025/4227/2379
f 4025/4227/2379 3982/4184/2379 3985/4187/2379
f 4026/4228/137 4027/4229/137 4028/4230/137
f 4027/4229/137 4026/4228/137 4029/4231/137
f 4030/4232/137 4027/4229/137 4029/4231/137
f 4030/4232/137 4029/4231/137 4031/4233/137
f 4032/4234/137 4030/4232/137 4031/4233/137
f 4032/4234/137 4031/4233/137 4033/4235/137
f 4034/4236/137 4032/4234/137 4033/4235/137
f 4034/4236/137 4033/4235/137 4035/4237/137
f 4036/4238/137 4034/4236/137 4035/4237/137
f 4036/4238/137 4035/4237/137 4037/4239/137
f 4038/4240/137 4036/4238/137 4037/4239/137
f 4038/4240/137 4037/4239/137 4039/4241/137
f 4040/4242/137 4038/4240/137 4039/4241/137
f 4040/4242/137 4039/4241/137 4041/4243/137
f 4042/4244/137 4040/4242/137 4041/4243/137
f 4042/4244/137 4041/4243/137 4043/4245/137
f 4044/4246/137 4042/4244/137 4043/4245/137
f 4044/4246/137 4043/4245/137 4045/4247/137
f 4046/4248/137 4044/4246/137 4045/4247/137
f 4046/4248/137 4045/4247/137 4047/4249/137
f 4048/4250/137 4046/4248/137 4047/4249/137
f 4048/4250/137 4047/4249/137 4049/4251/137
f 4050/4252/137 4048/4250/137 4049/4251/137
f 4050/4252/137 4049/4251/137 4051/4253/137
f 4052/4254/137 4050/4252/137 4051/4253/137
f 4052/4254/137 4051/4253/137 4053/4255/137
f 4054/4256/137 4052/4254/137 4053/4255/137
f 4054/4256/137 4053/4255/137 4055/4257/137
f 4056/4258/137 4054/4256/137 4055/4257/137
f 4056/4258/137 4055/4257/137 4057/4259/137
f 4058/4260/137 4056/4258/137 4057/4259/137
f 4058/4260/137 4057/4259/137 4059/4261/137
f 4060/4262/137 4058/4260/137 4059/4261/137
f 4060/4262/137 4059/4261/137 4061/4263/137
f 4028/4230/137 4060/4262/137 4061/4263/137
f 4026/4228/137 4028/4230/137 4061/4263/137
f 4011/4213/2380 4062/4264/2380 3951/4153/2380
f 3951/4153/2380 3950/4152/2380 4011/4213/2380
f 4063/4265/2450 4012/4214/2450 3957/4159/2450
f 3957/4159/2450 3956/4158/2450 4063/4265/2450
f 4019/4221/2451 4018/4220/2451 3963/4165/2451
f 3963/4165/2451 3962/4164/2451 4019/4221/2451
f 4013/4215/2452 4020/4222/2452 4064/4266/2452
f 4064/4266/2452 4065/4267/2452 4013/4215/2452
f 4064/4266/2384 3966/4168/2384 3965/4167/2384
f 3965/4167/2384 4065/4267/2384 4064/4266/2384
f 4015/4217/2386 4021/4223/2386 4066/4268/2386
f 4066/4268/2386 4014/4216/2386 4015/4217/2386
f 4066/4268/2387 3970/4172/2387 3969/4171/2387
f 3969/4171/2387 4014/4216/2387 4066/4268/2387
f 4017/4219/2389 4067/4269/2389 4068/4270/2389
f 4068/4270/2389 4016/4218/2389 4017/4219/2389
f 4068/4270/2390 3974/4176/2453 3973/4175/2453
f 3973/4175/2453 4016/4218/2390 4068/4270/2390
f 4023/4225/2391 4022/4224/2391 3981/4183/2391
f 3981/4183/2391 3980/4182/2391 4023/4225/2391
f 4025/4227/2392 4024/4226/2392 4069/4271/2392
f 4069/4271/2392 4070/4272/2392 4025/4227/2392
f 4069/4271/2393 3984/4186/2393 3983/4185/2393
f 3983/4185/2393 4070/4272/2393 4069/4271/2393
f 4010/4212/2429 4071/4273/2429 3991/4193/2394
f 3991/4193/2394 3990/4192/2394 4010/4212/2429
f 4010/4212/2395 4035/4237/2395 4033/4235/2395
f 4033/4235/2395 3950/4152/2395 4010/4212/2395
f 3950/4152/2396 4033/4235/2396 4031/4233/2396
f 4031/4233/2396 4011/4213/2396 3950/4152/2396
f 4011/4213/2399 4031/4233/2399 4029/4231/2399
f 4029/4231/2399 3956/4158/2399 4011/4213/2399
f 3956/4158/2400 4029/4231/2400 4026/4228/2400
f 4026/4228/2400 4063/4265/2400 3956/4158/2400
f 4063/4265/2401 4026/4228/2401 4061/4263/2401
f 4061/4263/2401 3962/4164/2401 4063/4265/2401
f 3962/4164/2403 4061/4263/2403 4059/4261/2403
f 4059/4261/2403 4019/4221/2403 3962/4164/2403
f 4019/4221/2432 4059/4261/2432 4057/4259/2404
f 4057/4259/2404 4065/4267/2404 4019/4221/2432
f 4065/4267/2406 4057/4259/2406 4055/4257/2405
f 4055/4257/2405 4013/4215/2405 4065/4267/2406
f 4013/4215/2407 4055/4257/2418 4053/4255/2407
f 4053/4255/2407 4014/4216/2407 4013/4215/2407
f 4014/4216/2408 4053/4255/2408 4051/4253/2408
f 4051/4253/2408 4015/4217/2408 4014/4216/2408
f 4015/4217/2409 4051/4253/2410 4049/4251/2409
f 4049/4251/2409 4016/4218/2409 4015/4217/2409
f 4016/4218/2430 4049/4251/2430 4047/4249/2411
f 4047/4249/2411 4017/4219/2411 4016/4218/2430
f 4017/4219/2412 4047/4249/2412 4045/4247/2412
f 4045/4247/2412 3980/4182/2412 4017/4219/2412
f 3980/4182/2413 4045/4247/2413 4043/4245/2413
f 4043/4245/2413 4023/4225/2413 3980/4182/2413
f 4023/4225/2414 4043/4245/2414 4041/4243/2414
f 4041/4243/2414 4070/4272/2414 4023/4225/2414
f 4070/4272/2415 4041/4243/2415 4039/4241/2431
f 4039/4241/2431 4025/4227/2431 4070/4272/2415
f 4025/4227/2416 4039/4241/2416 4037/4239/2416
f 4037/4239/2416 3990/4192/2416 4025/4227/2416
f 3990/4192/2417 4037/4239/2417 4035/4237/2420
f 4035/4237/2420 4010/4212/2420 3990/4192/2417
f 4072/4274/2408 4034/4236/2408 4036/4238/2408
f 4036/4238/2408 4073/4275/2408 4072/4274/2408
f 4073/4275/2407 4036/4238/2407 4038/4240/2407
f 4038/4240/2407 4074/4276/2407 4073/4275/2407
f 4074/4276/2405 4038/4240/2405 4040/4242/2405
f 4040/4242/2405 4075/4277/2405 4074/4276/2405
f 4075/4277/2432 4040/4242/2432 4042/4244/2432
f 4042/4244/2404 4076/4278/2404 4075/4277/2404
f 4076/4278/2403 4042/4244/2403 4044/4246/2403
f 4044/4246/2403 4077/4279/2403 4076/4278/2403
f 4077/4279/2401 4044/4246/2401 4046/4248/2401
f 4046/4248/2401 4078/4280/2401 4077/4279/2401
f 4078/4280/2400 4046/4248/2400 4048/4250/2400
f 4048/4250/2400 4079/4281/2400 4078/4280/2400
f 4079/4281/2454 4048/4250/2454 4050/4252/2454
f 4050/4252/2399 4080/4282/2399 4079/4281/2399
f 4080/4282/2396 4050/4252/2396 4052/4254/2396
f 4052/4254/2396 4081/4283/2396 4080/4282/2396
f 4081/4283/2455 4052/4254/2455 4054/4256/2455
f 4054/4256/2395 4082/4284/2395 4081/4283/2395
f 4082/4284/2420 4054/4256/2420 4056/4258/2420
f 4056/4258/2417 4083/4285/2417 4082/4284/2417
f 4083/4285/2416 4056/4258/2416 4058/4260/2416
f 4058/4260/2416 4084/4286/2416 4083/4285/2416
f 4084/4286/2431 4058/4260/2431 4060/4262/2431
f 4060/4262/2415 4085/4287/2415 4084/4286/2415
f 4085/4287/2414 4060/4262/2414 4028/4230/2414
f 4028/4230/2414 4086/4288/2414 4085/4287/2414
f 4086/4288/2413 4028/4230/2413 4027/4229/2413
f 4027/4229/2413 4087/4289/2413 4086/4288/2413
f 4087/4289/2412 4027/4229/2412 4030/4232/2412
f 4030/4232/2412 4088/4290/2412 4087/4289/2412
f 4088/4290/2430 4030/4232/2430 4032/4234/2430
f 4032/4234/2411 4089/4291/2411 4088/4290/2411
f 4089/4291/2409 4032/4234/2409 4034/4236/2409
f 4034/4236/2410 4072/4274/2410 4089/4291/2410
f 3949/4151/737 3948/4150/737 3951/4153/737
f 3951/4153/737 4062/4264/737 3949/4151/737
f 3952/4154/138 4063/4265/138 3962/4164/138
f 3962/4164/138 3959/4161/138 3952/4154/138
f 3960/4162/765 3963/4165/765 4018/4220/765
f 4018/4220/765 3961/4163/765 3960/4162/765
f 3958/4160/766 4019/4221/766 4065/4267/766
f 4065/4267/766 3965/4167/766 3958/4160/766
f 3966/4168/738 4064/4266/738 4020/4222/738
f 4020/4222/738 3967/4169/738 3966/4168/738
f 3970/4172/987 4066/4268/987 4021/4223/987
f 4021/4223/987 3971/4173/987 3970/4172/987
f 3975/4177/757 3974/4176/757 4068/4270/757
f 4068/4270/757 4067/4269/757 3975/4177/757
f 3978/4180/3 3981/4183/3 4022/4224/3
f 4022/4224/3 3979/4181/3 3978/4180/3
f 3983/4185/759 3976/4178/759 4023/4225/759
f 4023/4225/759 4070/4272/759 3983/4185/759
f 3984/4186/760 4069/4271/760 4024/4226/760
f 4024/4226/760 3985/4187/760 3984/4186/760
f 3987/4189/740 3982/4184/740 4025/4227/740
f 4025/4227/740 3990/4192/740 3987/4189/740
f 3989/4191/761 3988/4190/761 3991/4193/761
f 3991/4193/761 4071/4273/761 3989/4191/761
f 3949/4151/2425 4062/4264/2425 4011/4213/2425
f 4011/4213/2425 3946/4148/2425 3949/4151/2425
f 3952/4154/2426 3955/4157/2426 4012/4214/2426
f 4012/4214/2426 4063/4265/2426 3952/4154/2426
f 3972/4174/2427 3975/4177/2427 4067/4269/2427
f 4067/4269/2427 4017/4219/2427 3972/4174/2427
f 3986/4188/2428 3989/4191/2428 4071/4273/2428
f 4071/4273/2428 4010/4212/2428 3986/4188/2428
f 4090/4292/137 4091/4293/137 4092/4294/137
f 4091/4293/137 4090/4292/137 4093/4295/137
f 4094/4296/137 4091/4293/137 4093/4295/137
f 4094/4296/137 4093/4295/137 4095/4297/137
f 4096/4298/137 4094/4296/137 4095/4297/137
f 4096/4298/137 4095/4297/137 4097/4299/137
f 4098/4300/137 4096/4298/137 4097/4299/137
f 4098/4300/137 4097/4299/137 4099/4301/137
f 4100/4302/137 4098/4300/137 4099/4301/137
f 4100/4302/137 4099/4301/137 4101/4303/137
f 4102/4304/137 4100/4302/137 4101/4303/137
f 4102/4304/137 4101/4303/137 4103/4305/137
f 4104/4306/137 4102/4304/137 4103/4305/137
f 4104/4306/137 4103/4305/137 4105/4307/137
f 4106/4308/137 4104/4306/137 4105/4307/137
f 4106/4308/137 4105/4307/137 4107/4309/137
f 4108/4310/137 4106/4308/137 4107/4309/137
f 4108/4310/137 4107/4309/137 4109/4311/137
f 4110/4312/137 4108/4310/137 4109/4311/137
f 4110/4312/137 4109/4311/137 4111/4313/137
f 4112/4314/137 4110/4312/137 4111/4313/137
f 4112/4314/137 4111/4313/137 4113/4315/137
f 4114/4316/137 4112/4314/137 4113/4315/137
f 4114/4316/137 4113/4315/137 4115/4317/137
f 4116/4318/137 4114/4316/137 4115/4317/137
f 4116/4318/137 4115/4317/137 4117/4319/137
f 4118/4320/137 4116/4318/137 4117/4319/137
f 4118/4320/137 4117/4319/137 4119/4321/137
f 4120/4322/137 4118/4320/137 4119/4321/137
f 4120/4322/137 4119/4321/137 4121/4323/137
f 4122/4324/137 4120/4322/137 4121/4323/137
f 4122/4324/137 4121/4323/137 4123/4325/137
f 4124/4326/137 4122/4324/137 4123/4325/137
f 4124/4326/137 4123/4325/137 4125/4327/137
f 4092/4294/137 4124/4326/137 4125/4327/137
f 4090/4292/137 4092/4294/137 4125/4327/137
f 4126/4328/2380 4127/4329/2380 4128/4330/2380
f 4128/4330/2380 4129/4331/2380 4126/4328/2380
f 4130/4332/2340 4129/4331/2340 4128/4330/2340
f 4128/4330/2340 4131/4333/2340 4130/4332/2340
f 4132/4334/2450 4133/4335/2450 4134/4336/2450
f 4134/4336/2450 4135/4337/2450 4132/4334/2450
f 4135/4337/2342 4134/4336/2342 4136/4338/2342
f 4136/4338/2342 4137/4339/2342 4135/4337/2342
f 4138/4340/2451 4139/4341/2451 4140/4342/2451
f 4140/4342/2451 4141/4343/2451 4138/4340/2451
f 4142/4344/2344 4141/4343/2344 4140/4342/2344
f 4140/4342/2344 4143/4345/2344 4142/4344/2344
f 4144/4346/2383 4145/4347/2383 4146/4348/2452
f 4146/4348/2452 4147/4349/2452 4144/4346/2383
f 4148/4350/2386 4149/4351/2386 4150/4352/2386
f 4150/4352/2386 4151/4353/2386 4148/4350/2386
f 4152/4354/2389 4153/4355/2389 4154/4356/2389
f 4154/4356/2389 4155/4357/2389 4152/4354/2389
f 4156/4358/2391 4157/4359/2391 4158/4360/2391
f 4158/4360/2391 4159/4361/2391 4156/4358/2391
f 4160/4362/2349 4159/4361/2349 4158/4360/2349
f 4158/4360/2349 4161/4363/2349 4160/4362/2349
f 4162/4364/2392 4163/4365/2392 4164/4366/2392
f 4164/4366/2392 4165/4367/2392 4162/4364/2392
f 4166/4368/2429 4167/4369/2429 4168/4370/2394
f 4168/4370/2394 4169/4371/2394 4166/4368/2429
f 4169/4371/2352 4168/4370/2352 4170/4372/2352
f 4170/4372/2352 4171/4373/2352 4169/4371/2352
f 4166/4368/2395 4099/4301/2395 4097/4299/2419
f 4097/4299/2419 4129/4331/2419 4166/4368/2395
f 4129/4331/2396 4097/4299/2396 4095/4297/2396
f 4095/4297/2396 4126/4328/2396 4129/4331/2396
f 4126/4328/2399 4095/4297/2399 4093/4295/2454
f 4093/4295/2454 4135/4337/2454 4126/4328/2399
f 4135/4337/2400 4093/4295/2400 4090/4292/2400
f 4090/4292/2400 4132/4334/2400 4135/4337/2400
f 4132/4334/2401 4090/4292/2401 4125/4327/2401
f 4125/4327/2401 4141/4343/2401 4132/4334/2401
f 4141/4343/2403 4125/4327/2403 4123/4325/2403
f 4123/4325/2403 4138/4340/2403 4141/4343/2403
f 4138/4340/2404 4123/4325/2404 4121/4323/2404
f 4121/4323/2404 4147/4349/2404 4138/4340/2404
f 4147/4349/2406 4121/4323/2406 4119/4321/2405
f 4119/4321/2405 4144/4346/2405 4147/4349/2406
f 4144/4346/2418 4119/4321/2418 4117/4319/2407
f 4117/4319/2407 4151/4353/2407 4144/4346/2418
f 4151/4353/2408 4117/4319/2408 4115/4317/2408
f 4115/4317/2408 4148/4350/2408 4151/4353/2408
f 4148/4350/2409 4115/4317/2409 4113/4315/2409
f 4113/4315/2409 4155/4357/2409 4148/4350/2409
f 4155/4357/2430 4113/4315/2430 4111/4313/2411
f 4111/4313/2411 4152/4354/2411 4155/4357/2430
f 4152/4354/2412 4111/4313/2412 4109/4311/2412
f 4109/4311/2412 4159/4361/2412 4152/4354/2412
f 4159/4361/2413 4109/4311/2413 4107/4309/2413
f 4107/4309/2413 4156/4358/2413 4159/4361/2413
f 4156/4358/2414 4107/4309/2414 4105/4307/2414
f 4105/4307/2414 4165/4367/2414 4156/4358/2414
f 4165/4367/2431 4105/4307/2415 4103/4305/2431
f 4103/4305/2431 4162/4364/2431 4165/4367/2431
f 4162/4364/2416 4103/4305/2416 4101/4303/2416
f 4101/4303/2416 4169/4371/2416 4162/4364/2416
f 4169/4371/2420 4101/4303/2420 4099/4301/2417
f 4099/4301/2417 4166/4368/2417 4169/4371/2420
f 4172/4374/2408 4098/4300/2408 4100/4302/2408
f 4100/4302/2408 4173/4375/2408 4172/4374/2408
f 4173/4375/2407 4100/4302/2407 4102/4304/2407
f 4102/4304/2407 4174/4376/2407 4173/4375/2407
f 4174/4376/2405 4102/4304/2405 4104/4306/2405
f 4104/4306/2405 4175/4377/2405 4174/4376/2405
f 4175/4377/2432 4104/4306/2432 4106/4308/2432
f 4106/4308/2432 4176/4378/2432 4175/4377/2432
f 4176/4378/2403 4106/4308/2403 4108/4310/2403
f 4108/4310/2403 4177/4379/2403 4176/4378/2403
f 4177/4379/2401 4108/4310/2401 4110/4312/2401
f 4110/4312/2401 4178/4380/2401 4177/4379/2401
f 4178/4380/2400 4110/4312/2400 4112/4314/2400
f 4112/4314/2400 4179/4381/2400 4178/4380/2400
f 4179/4381/2399 4112/4314/2399 4114/4316/2399
f 4114/4316/2399 4180/4382/2399 4179/4381/2399
f 4180/4382/2396 4114/4316/2396 4116/4318/2396
f 4116/4318/2396 4181/4383/2396 4180/4382/2396
f 4181/4383/2419 4116/4318/2419 4118/4320/2419
f 4118/4320/2395 4182/4384/2395 4181/4383/2395
f 4182/4384/2420 4118/4320/2420 4120/4322/2420
f 4120/4322/2417 4183/4385/2417 4182/4384/2417
f 4183/4385/2416 4120/4322/2416 4122/4324/2416
f 4122/4324/2416 4184/4386/2416 4183/4385/2416
f 4184/4386/2422 4122/4324/2422 4124/4326/2422
f 4124/4326/2431 4185/4387/2431 4184/4386/2431
f 4185/4387/2414 4124/4326/2414 4092/4294/2414
f 4092/4294/2414 4186/4388/2414 4185/4387/2414
f 4186/4388/2413 4092/4294/2413 4091/4293/2413
f 4091/4293/2413 4187/4389/2413 4186/4388/2413
f 4187/4389/2412 4091/4293/2412 4094/4296/2412
f 4094/4296/2412 4188/4390/2412 4187/4389/2412
f 4188/4390/2430 4094/4296/2430 4096/4298/2430
f 4096/4298/2411 4189/4391/2411 4188/4390/2411
f 4189/4391/2409 4096/4298/2409 4098/4300/2409
f 4098/4300/2409 4172/4374/2409 4189/4391/2409
f 4166/4368/768 4129/4331/768 4130/4332/768
f 4130/4332/768 4190/4392/768 4166/4368/768
f 4135/4337/763 4137/4339/763 4191/4393/763
f 4191/4393/763 4126/4328/763 4135/4337/763
f 4133/4335/764 4192/4394/764 4136/4338/764
f 4136/4338/764 4134/4336/764 4133/4335/764
f 4151/4353/986 4193/4395/986 4194/4396/986
f 4194/4396/986 4144/4346/986 4151/4353/986
f 4155/4357/739 4195/4397/739 4196/4398/739
f 4196/4398/739 4148/4350/739 4155/4357/739
f 4152/4354/758 4159/4361/758 4160/4362/758
f 4160/4362/758 4197/4399/758 4152/4354/758
f 4138/4340/2449 4198/4400/2449 4199/4401/2449
f 4199/4401/2449 4139/4341/2449 4138/4340/2449
f 4145/4347/2376 4144/4346/2376 4194/4396/2376
f 4194/4396/2376 4200/4402/2376 4145/4347/2376
f 4149/4351/2377 4148/4350/2377 4196/4398/2377
f 4196/4398/2377 4201/4403/2377 4149/4351/2377
f 4157/4359/2378 4156/4358/2378 4202/4404/2378
f 4202/4404/2378 4203/4405/2378 4157/4359/2378
f 4163/4365/2379 4162/4364/2379 4204/4406/2379
f 4204/4406/2379 4205/4407/2379 4163/4365/2379
f 4206/4408/139 4207/4409/139 4208/4410/139
f 4206/4408/139 4208/4410/139 4209/4411/139
f 4210/4412/139 4206/4408/139 4209/4411/139
f 4210/4412/139 4209/4411/139 4211/4413/139
f 4212/4414/139 4210/4412/139 4211/4413/139
f 4212/4414/139 4211/4413/139 4213/4415/139
f 4214/4416/139 4212/4414/139 4213/4415/139
f 4214/4416/139 4213/4415/139 4215/4417/139
f 4216/4418/139 4214/4416/139 4215/4417/139
f 4216/4418/139 4215/4417/139 4217/4419/139
f 4218/4420/139 4216/4418/139 4217/4419/139
f 4218/4420/139 4217/4419/139 4219/4421/139
f 4220/4422/139 4218/4420/139 4219/4421/139
f 4220/4422/139 4219/4421/139 4221/4423/139
f 4222/4424/139 4220/4422/139 4221/4423/139
f 4222/4424/139 4221/4423/139 4223/4425/139
f 4224/4426/139 4222/4424/139 4223/4425/139
f 4224/4426/139 4223/4425/139 4225/4427/139
f 4226/4428/139 4224/4426/139 4225/4427/139
f 4226/4428/139 4225/4427/139 4227/4429/139
f 4228/4430/139 4226/4428/139 4227/4429/139
f 4228/4430/139 4227/4429/139 4229/4431/139
f 4230/4432/139 4228/4430/139 4229/4431/139
f 4230/4432/139 4229/4431/139 4231/4433/139
f 4232/4434/139 4230/4432/139 4231/4433/139
f 4232/4434/139 4231/4433/139 4233/4435/139
f 4234/4436/139 4232/4434/139 4233/4435/139
f 4234/4436/139 4233/4435/139 4235/4437/139
f 4236/4438/139 4234/4436/139 4235/4437/139
f 4236/4438/139 4235/4437/139 4237/4439/139
f 4238/4440/139 4236/4438/139 4237/4439/139
f 4238/4440/139 4237/4439/139 4239/4441/139
f 4240/4442/139 4238/4440/139 4239/4441/139
f 4240/4442/139 4239/4441/139 4241/4443/139
f 4207/4409/139 4240/4442/139 4241/4443/139
f 4207/4409/139 4241/4443/139 4208/4410/139
f 4191/4393/2339 4130/4332/2339 4131/4333/2339
f 4131/4333/2339 4242/4444/2339 4191/4393/2339
f 4243/4445/2456 4137/4339/2456 4136/4338/2456
f 4136/4338/2456 4192/4394/2456 4243/4445/2456
f 4198/4400/2457 4142/4344/2457 4143/4345/2457
f 4143/4345/2457 4199/4401/2457 4198/4400/2457
f 4194/4396/2345 4244/4446/2345 4245/4447/2345
f 4245/4447/2345 4200/4402/2345 4194/4396/2345
f 4245/4447/2384 4244/4446/2384 4147/4349/2384
f 4147/4349/2384 4146/4348/2384 4245/4447/2384
f 4196/4398/2346 4193/4395/2346 4246/4448/2346
f 4246/4448/2346 4201/4403/2435 4196/4398/2346
f 4246/4448/2387 4193/4395/2387 4151/4353/2387
f 4151/4353/2387 4150/4352/2387 4246/4448/2387
f 4197/4399/2347 4195/4397/2347 4247/4449/2347
f 4247/4449/2347 4248/4450/2347 4197/4399/2347
f 4247/4449/2390 4195/4397/2390 4155/4357/2390
f 4155/4357/2390 4154/4356/2390 4247/4449/2390
f 4202/4404/2348 4160/4362/2348 4161/4363/2348
f 4161/4363/2348 4203/4405/2348 4202/4404/2348
f 4204/4406/2350 4249/4451/2350 4250/4452/2350
f 4250/4452/2350 4205/4407/2350 4204/4406/2350
f 4250/4452/2393 4249/4451/2393 4165/4367/2393
f 4165/4367/2393 4164/4366/2393 4250/4452/2393
f 4190/4392/2436 4171/4373/2436 4170/4372/2436
f 4170/4372/2436 4251/4453/2436 4190/4392/2436
f 4190/4392/2353 4130/4332/2443 4212/4414/2443
f 4212/4414/2443 4214/4416/2353 4190/4392/2353
f 4130/4332/2354 4191/4393/2354 4210/4412/2354
f 4210/4412/2354 4212/4414/2354 4130/4332/2354
f 4191/4393/2355 4137/4339/2355 4206/4408/2355
f 4206/4408/2355 4210/4412/2355 4191/4393/2355
f 4137/4339/2357 4243/4445/2357 4207/4409/2357
f 4207/4409/2357 4206/4408/2357 4137/4339/2357
f 4243/4445/2358 4142/4344/2442 4240/4442/2442
f 4240/4442/2442 4207/4409/2358 4243/4445/2358
f 4142/4344/2359 4198/4400/2359 4238/4440/2359
f 4238/4440/2359 4240/4442/2359 4142/4344/2359
f 4198/4400/2361 4244/4446/2441 4236/4438/2441
f 4236/4438/2441 4238/4440/2361 4198/4400/2361
f 4244/4446/2437 4194/4396/2362 4234/4436/2362
f 4234/4436/2362 4236/4438/2437 4244/4446/2437
f 4194/4396/2458 4193/4395/2363 4232/4434/2363
f 4232/4434/2363 4234/4436/2458 4194/4396/2458
f 4193/4395/2446 4196/4398/2364 4230/4432/2364
f 4230/4432/2364 4232/4434/2446 4193/4395/2446
f 4196/4398/2438 4195/4397/2365 4228/4430/2365
f 4228/4430/2365 4230/4432/2438 4196/4398/2438
f 4195/4397/2367 4197/4399/2366 4226/4428/2366
f 4226/4428/2366 4228/4430/2367 4195/4397/2367
f 4197/4399/2368 4160/4362/2368 4224/4426/2368
f 4224/4426/2368 4226/4428/2368 4197/4399/2368
f 4160/4362/2369 4202/4404/2369 4222/4424/2369
f 4222/4424/2369 4224/4426/2369 4160/4362/2369
f 4202/4404/2370 4249/4451/2370 4220/4422/2370
f 4220/4422/2370 4222/4424/2370 4202/4404/2370
f 4249/4451/2371 4204/4406/2371 4218/4420/2371
f 4218/4420/2371 4220/4422/2371 4249/4451/2371
f 4204/4406/2372 4171/4373/2372 4216/4418/2372
f 4216/4418/2372 4218/4420/2372 4204/4406/2372
f 4171/4373/2445 4190/4392/2373 4214/4416/2373
f 4214/4416/2373 4216/4418/2445 4171/4373/2445
f 4252/4454/2459 4253/4455/2364 4215/4417/2364
f 4215/4417/2364 4213/4415/2459 4252/4454/2459
f 4253/4455/2440 4254/4456/2363 4217/4419/2363
f 4217/4419/2363 4215/4417/2440 4253/4455/2440
f 4254/4456/2362 4255/4457/2362 4219/4421/2362
f 4219/4421/2362 4217/4419/2362 4254/4456/2362
f 4255/4457/2361 4256/4458/2360 4221/4423/2360
f 4221/4423/2360 4219/4421/2361 4255/4457/2361
f 4256/4458/2359 4257/4459/2359 4223/4425/2359
f 4223/4425/2359 4221/4423/2359 4256/4458/2359
f 4257/4459/2358 4258/4460/2358 4225/4427/2358
f 4225/4427/2358 4223/4425/2358 4257/4459/2358
f 4258/4460/2357 4259/4461/2357 4227/4429/2357
f 4227/4429/2357 4225/4427/2357 4258/4460/2357
f 4259/4461/2356 4260/4462/2355 4229/4431/2356
f 4229/4431/2356 4227/4429/2356 4259/4461/2356
f 4260/4462/2354 4261/4463/2354 4231/4433/2354
f 4231/4433/2354 4229/4431/2460 4260/4462/2354
f 4261/4463/2443 4262/4464/2353 4233/4435/2353
f 4233/4435/2353 4231/4433/2443 4261/4463/2443
f 4262/4464/2448 4263/4465/2373 4235/4437/2373
f 4235/4437/2373 4233/4435/2448 4262/4464/2448
f 4263/4465/2461 4264/4466/2372 4237/4439/2372
f 4237/4439/2372 4235/4437/2461 4263/4465/2461
f 4264/4466/2374 4265/4467/2374 4239/4441/2374
f 4239/4441/2374 4237/4439/2374 4264/4466/2374
f 4265/4467/2370 4266/4468/2370 4241/4443/2370
f 4241/4443/2370 4239/4441/2370 4265/4467/2370
f 4266/4468/2439 4267/4469/2369 4208/4410/2369
f 4208/4410/2369 4241/4443/2439 4266/4468/2439
f 4267/4469/2368 4268/4470/2462 4209/4411/2368
f 4209/4411/2368 4208/4410/2368 4267/4469/2368
f 4268/4470/2366 4269/4471/2366 4211/4413/2366
f 4211/4413/2366 4209/4411/2366 4268/4470/2366
f 4269/4471/2438 4252/4454/2438 4213/4415/2438
f 4213/4415/2438 4211/4413/2438 4269/4471/2438
f 4127/4329/737 4242/4444/737 4131/4333/737
f 4131/4333/737 4128/4330/737 4127/4329/737
f 4132/4334/138 4141/4343/138 4142/4344/138
f 4142/4344/138 4243/4445/138 4132/4334/138
f 4140/4342/765 4139/4341/765 4199/4401/765
f 4199/4401/765 4143/4345/765 4140/4342/765
f 4138/4340/766 4147/4349/766 4244/4446/766
f 4244/4446/766 4198/4400/766 4138/4340/766
f 4146/4348/738 4145/4347/738 4200/4402/738
f 4200/4402/738 4245/4447/738 4146/4348/738
f 4150/4352/987 4149/4351/987 4201/4403/987
f 4201/4403/987 4246/4448/987 4150/4352/987
f 4153/4355/757 4248/4450/757 4247/4449/757
f 4247/4449/757 4154/4356/757 4153/4355/757
f 4158/4360/3 4157/4359/3 4203/4405/3
f 4203/4405/3 4161/4363/3 4158/4360/3
f 4165/4367/759 4249/4451/759 4202/4404/759
f 4202/4404/759 4156/4358/759 4165/4367/759
f 4164/4366/760 4163/4365/760 4205/4407/760
f 4205/4407/760 4250/4452/760 4164/4366/760
f 4169/4371/740 4171/4373/740 4204/4406/740
f 4204/4406/740 4162/4364/740 4169/4371/740
f 4167/4369/769 4251/4453/769 4170/4372/769
f 4170/4372/769 4168/4370/769 4167/4369/769
f 4127/4329/2425 4126/4328/2425 4191/4393/2425
f 4191/4393/2425 4242/4444/2425 4127/4329/2425
f 4132/4334/2426 4243/4445/2426 4192/4394/2426
f 4192/4394/2426 4133/4335/2426 4132/4334/2426
f 4152/4354/2427 4197/4399/2427 4248/4450/2427
f 4248/4450/2427 4153/4355/2427 4152/4354/2427
f 4166/4368/2428 4190/4392/2428 4251/4453/2428
f 4251/4453/2428 4167/4369/2428 4166/4368/2428
f 4270/4472/137 4271/4473/137 4272/4474/137
f 4272/4474/137 4273/4475/137 4270/4472/137
f 4274/4476/2463 4270/4472/2463 4273/4475/2463
f 4273/4475/2463 4275/4477/2463 4274/4476/2463
f 4276/4478/28 4274/4476/28 4275/4477/28
f 4275/4477/28 4277/4479/28 4276/4478/28
f 4278/4480/2464 4276/4478/2464 4277/4479/2465
f 4277/4479/2465 4279/4481/2465 4278/4480/2464
f 4280/4482/139 4278/4480/139 4279/4481/139
f 4279/4481/139 4281/4483/139 4280/4482/139
f 4282/4484/2466 4280/4482/2466 4281/4483/2466
f 4281/4483/2466 4283/4485/2466 4282/4484/2466
f 4284/4486/31 4282/4484/31 4283/4485/31
f 4283/4485/31 4285/4487/31 4284/4486/31
f 4286/4488/137 4284/4486/137 4285/4487/137
f 4285/4487/137 4287/4489/137 4286/4488/137
f 4271/4473/31 4286/4488/31 4287/4489/31
f 4287/4489/31 4272/4474/31 4271/4473/31
f 4275/4477/3 4273/4475/3 4272/4474/3
f 4275/4477/3 4272/4474/3 4287/4489/3
f 4277/4479/3 4275/4477/3 4287/4489/3
f 4279/4481/3 4277/4479/3 4287/4489/3
f 4281/4483/3 4279/4481/3 4287/4489/3
f 4283/4485/3 4281/4483/3 4287/4489/3
f 4283/4485/3 4287/4489/3 4285/4487/3
f 4288/4490/138 4289/4491/138 4290/4492/138
f 4291/4493/138 4292/4494/138 4293/4495/138
f 4290/4492/138 4291/4493/138 4293/4495/138
f 4290/4492/138 4293/4495/138 4294/4496/138
f 4290/4492/138 4294/4496/138 4295/4497/138
f 4290/4492/138 4295/4497/138 4296/4498/138
f 4288/4490/138 4290/4492/138 4296/4498/138
f 4271/4473/137 4270/4472/137 4297/4499/137
f 4297/4499/137 4298/4500/137 4271/4473/137
f 4270/4472/2467 4274/4476/2467 4299/4501/2467
f 4299/4501/2467 4297/4499/2467 4270/4472/2467
f 4274/4476/2468 4276/4478/2468 4300/4502/2468
f 4300/4502/2468 4299/4501/2468 4274/4476/2468
f 4276/4478/2469 4278/4480/2469 4301/4503/2470
f 4301/4503/2470 4300/4502/2470 4276/4478/2469
f 4278/4480/2471 4280/4482/2471 4302/4504/2471
f 4302/4504/2471 4301/4503/2471 4278/4480/2471
f 4280/4482/2472 4282/4484/2472 4303/4505/2472
f 4303/4505/2472 4302/4504/2472 4280/4482/2472
f 4282/4484/31 4284/4486/31 4304/4506/31
f 4304/4506/31 4303/4505/31 4282/4484/31
f 4284/4486/137 4286/4488/137 4305/4507/137
f 4305/4507/137 4304/4506/137 4284/4486/137
f 4286/4488/31 4271/4473/31 4298/4500/31
f 4298/4500/31 4305/4507/31 4286/4488/31
f 4298/4500/2473 4297/4499/2473 4292/4494/2473
f 4292/4494/2473 4291/4493/2473 4298/4500/2473
f 4297/4499/2474 4299/4501/2474 4293/4495/2474
f 4293/4495/2475 4292/4494/2475 4297/4499/2475
f 4299/4501/2476 4300/4502/2476 4294/4496/2476
f 4294/4496/2476 4293/4495/2476 4299/4501/2476
f 4300/4502/2477 4301/4503/2477 4295/4497/2477
f 4295/4497/2478 4294/4496/2478 4300/4502/2478
f 4301/4503/2479 4302/4504/2479 4296/4498/2479
f 4296/4498/2479 4295/4497/2479 4301/4503/2479
f 4302/4504/2480 4303/4505/2480 4288/4490/2480
f 4288/4490/2481 4296/4498/2481 4302/4504/2481
f 4303/4505/2482 4304/4506/2482 4289/4491/2482
f 4289/4491/2482 4288/4490/2482 4303/4505/2482
f 4304/4506/2483 4305/4507/2483 4290/4492/2483
f 4290/4492/2483 4289/4491/2483 4304/4506/2483
f 4305/4507/2482 4298/4500/2482 4291/4493/2482
f 4291/4493/2482 4290/4492/2482 4305/4507/2482
f 4306/4508/139 4307/4509/139 4308/4510/139
f 4308/4510/139 4309/4511/139 4306/4508/139
f 4310/4512/2484 4311/4513/2484 4307/4509/2484
f 4307/4509/2484 4306/4508/2484 4310/4512/2484
f 4312/4514/28 4313/4515/28 4311/4513/28
f 4311/4513/28 4310/4512/28 4312/4514/28
f 4314/4516/2485 4315/4517/2486 4313/4515/2486
f 4313/4515/2486 4312/4514/2485 4314/4516/2485
f 4316/4518/137 4317/4519/137 4315/4517/137
f 4315/4517/137 4314/4516/137 4316/4518/137
f 4318/4520/2487 4319/4521/2487 4317/4519/2487
f 4317/4519/2487 4316/4518/2487 4318/4520/2487
f 4320/4522/31 4321/4523/31 4319/4521/31
f 4319/4521/31 4318/4520/31 4320/4522/31
f 4322/4524/139 4323/4525/139 4321/4523/139
f 4321/4523/139 4320/4522/139 4322/4524/139
f 4309/4511/31 4308/4510/31 4323/4525/31
f 4323/4525/31 4322/4524/31 4309/4511/31
f 4319/4521/3 4321/4523/3 4323/4525/3
f 4308/4510/3 4307/4509/3 4311/4513/3
f 4323/4525/3 4308/4510/3 4311/4513/3
f 4323/4525/3 4311/4513/3 4313/4515/3
f 4323/4525/3 4313/4515/3 4315/4517/3
f 4323/4525/3 4315/4517/3 4317/4519/3
f 4319/4521/3 4323/4525/3 4317/4519/3
f 4324/4526/138 4325/4527/138 4326/4528/138
f 4324/4526/138 4326/4528/138 4327/4529/138
f 4328/4530/138 4324/4526/138 4327/4529/138
f 4329/4531/138 4328/4530/138 4327/4529/138
f 4330/4532/138 4329/4531/138 4327/4529/138
f 4331/4533/138 4330/4532/138 4327/4529/138
f 4331/4533/138 4327/4529/138 4332/4534/138
f 4309/4511/139 4333/4535/139 4334/4536/139
f 4334/4536/139 4306/4508/139 4309/4511/139
f 4306/4508/2488 4334/4536/2488 4335/4537/2488
f 4335/4537/2488 4310/4512/2488 4306/4508/2488
f 4310/4512/2468 4335/4537/2468 4336/4538/2468
f 4336/4538/2468 4312/4514/2468 4310/4512/2468
f 4312/4514/2489 4336/4538/2490 4337/4539/2490
f 4337/4539/2490 4314/4516/2489 4312/4514/2489
f 4314/4516/2491 4337/4539/2491 4338/4540/2491
f 4338/4540/2491 4316/4518/2491 4314/4516/2491
f 4316/4518/2492 4338/4540/2492 4339/4541/2492
f 4339/4541/2492 4318/4520/2493 4316/4518/2492
f 4318/4520/31 4339/4541/31 4340/4542/31
f 4340/4542/31 4320/4522/31 4318/4520/31
f 4320/4522/139 4340/4542/139 4341/4543/139
f 4341/4543/139 4322/4524/139 4320/4522/139
f 4322/4524/31 4341/4543/31 4333/4535/31
f 4333/4535/31 4309/4511/31 4322/4524/31
f 4333/4535/2494 4326/4528/2494 4325/4527/2494
f 4325/4527/2494 4334/4536/2494 4333/4535/2494
f 4334/4536/2495 4325/4527/2495 4324/4526/2495
f 4324/4526/2496 4335/4537/2496 4334/4536/2496
f 4335/4537/2476 4324/4526/2476 4328/4530/2476
f 4328/4530/2476 4336/4538/2476 4335/4537/2476
f 4336/4538/2497 4328/4530/2497 4329/4531/2497
f 4329/4531/2498 4337/4539/2498 4336/4538/2498
f 4337/4539/2499 4329/4531/2500 4330/4532/2499
f 4330/4532/2499 4338/4540/2499 4337/4539/2499
f 4338/4540/2501 4330/4532/2501 4331/4533/2501
f 4331/4533/2502 4339/4541/2502 4338/4540/2502
f 4339/4541/2482 4331/4533/2482 4332/4534/2482
f 4332/4534/2482 4340/4542/2482 4339/4541/2482
f 4340/4542/2503 4332/4534/2503 4327/4529/2503
f 4327/4529/2503 4341/4543/2503 4340/4542/2503
f 4341/4543/2504 4327/4529/2504 4326/4528/2504
f 4326/4528/2504 4333/4535/2504 4341/4543/2504
