# pickup_01 from LowPoly_Cars_01 (cluster 20); origin=ground center, front=+Z, meters
v -0.1456 2.0945 0.7046
v 0.1435 2.0945 0.7046
v 0.1435 2.0945 -0.0574
v -0.1456 2.0945 -0.0574
v -0.9462 1.2410 -2.4068
v 0.9441 1.2410 -2.4068
v 0.9441 0.5281 -2.4068
v -0.9462 0.5281 -2.4068
v -0.1493 0.8714 -0.2981
v 0.1472 0.8714 -0.2981
v 0.1472 0.8714 -2.0895
v -0.1493 0.8714 -2.0895
v -0.9146 1.2948 2.5445
v -0.0327 1.2948 2.5445
v -0.0327 1.2948 1.1661
v -0.9146 1.2948 1.1661
v 0.8583 1.2410 -2.3210
v -0.8604 1.2410 -2.3210
v -0.8604 0.8714 -2.3210
v 0.8583 0.8714 -2.3210
v 0.8583 1.2410 -0.1765
v 0.8583 0.8714 -0.1765
v -0.8604 0.8714 -0.1765
v -0.8604 1.2410 -0.1765
v -0.9365 1.2505 -2.3971
v 0.9343 1.2505 -2.3971
v -0.9462 1.2410 -0.0907
v -0.9365 1.2505 -0.1004
v 0.9441 1.2410 -0.0907
v 0.9343 1.2505 -0.1004
v 0.8680 1.2505 -2.3307
v -0.8701 1.2505 -2.3307
v 0.8680 1.2505 -0.1668
v -0.8701 1.2505 -0.1668
v 0.7550 2.0414 0.7379
v 0.7550 2.0414 -0.0907
v 0.7218 2.0945 -0.0574
v 0.7218 2.0945 0.7046
v -0.7572 2.0414 0.7379
v -0.7239 2.0945 0.7046
v -0.7239 2.0945 -0.0574
v -0.7572 2.0414 -0.0907
v -0.9343 1.2916 1.0517
v -0.9462 1.2410 1.1345
v -0.9343 1.2916 -0.0387
v -0.7691 1.9908 -0.0387
v -0.7691 1.9908 0.7052
v 0.9321 1.2916 -0.0387
v 0.8969 1.3175 -0.0054
v 0.8969 1.3175 0.9987
v 0.9321 1.2916 1.0517
v 0.7670 1.9908 -0.0387
v 0.7470 1.9519 -0.0054
v 0.7670 1.9908 0.7052
v 0.7470 1.9519 0.6843
v -0.8990 1.3175 0.9987
v -0.8990 1.3175 -0.0054
v -0.7492 1.9519 0.6843
v -0.7492 1.9519 -0.0054
v -0.8821 1.2876 1.1114
v 0.8799 1.2876 1.1114
v 0.8389 1.3048 1.0712
v -0.8410 1.3048 1.0712
v 0.7129 1.9948 0.7609
v 0.6859 1.9524 0.7503
v -0.7151 1.9948 0.7609
v -0.6881 1.9524 0.7503
v 0.5960 1.6944 -0.0907
v -0.5981 1.6944 -0.0907
v -0.5649 1.7277 -0.0623
v 0.5627 1.7277 -0.0623
v -0.5981 1.9536 -0.0907
v -0.5649 1.9204 -0.0623
v 0.5960 1.9536 -0.0907
v 0.5627 1.9204 -0.0623
v 0.9124 1.2948 1.1661
v 0.0306 1.2948 1.1661
v 0.0306 1.2948 2.5445
v 0.9124 1.2948 2.5445
v -0.9462 1.2410 2.5761
v -0.0011 1.2410 2.5761
v -0.0011 1.2410 1.1345
v 0.9441 1.2410 2.5761
v 0.9441 1.2410 1.1345
v -0.4348 2.0945 0.7046
v -0.4348 2.0945 -0.0574
v 0.4326 2.0945 -0.0574
v 0.4326 2.0945 0.7046
v 0.4909 0.8714 -2.0895
v 0.1944 0.8714 -2.0895
v 0.1944 0.8714 -0.2981
v 0.4909 0.8714 -0.2981
v -0.1729 0.8950 -0.2981
v -0.1729 0.8950 -2.0895
v 0.1708 0.8950 -0.2981
v 0.1708 0.8950 -2.0895
v -0.5403 0.8714 -2.0895
v -0.5167 0.8950 -2.0895
v -0.4931 0.8714 -2.0895
v -0.1966 0.8714 -2.0895
v 0.5145 0.8950 -2.0895
v 0.5382 0.8714 -2.0895
v 0.5382 0.8714 -0.2981
v 0.5145 0.8950 -0.2981
v -0.1966 0.8714 -0.2981
v -0.4931 0.8714 -0.2981
v -0.5167 0.8950 -0.2981
v -0.5403 0.8714 -0.2981
v 0.7456 0.5281 2.1734
v 0.7456 0.6204 2.1571
v 0.9441 0.6204 2.1571
v 0.9441 0.5281 2.1734
v 0.9441 0.6204 1.2527
v 0.7456 0.6204 1.2527
v 0.7456 0.5281 1.2364
v 0.9441 0.5281 1.2364
v 0.9441 0.7652 1.3362
v 0.7456 0.7652 1.3362
v 0.9441 0.8726 1.4643
v 0.7456 0.8726 1.4643
v 0.9441 0.9298 1.6213
v 0.7456 0.9298 1.6213
v 0.9441 0.9298 1.7884
v 0.7456 0.9298 1.7884
v 0.9441 0.8726 1.9455
v 0.7456 0.8726 1.9455
v 0.9441 0.7652 2.0735
v 0.7456 0.7652 2.0735
v -0.9311 0.5281 2.1734
v -0.9311 0.6204 2.1571
v -0.7248 0.6204 2.1571
v -0.7248 0.5281 2.1734
v -0.7248 0.6204 1.2527
v -0.9311 0.6204 1.2527
v -0.9311 0.5281 1.2364
v -0.7248 0.5281 1.2364
v -0.7248 0.7652 1.3362
v -0.7248 0.8726 1.4643
v -0.9311 0.8726 1.4643
v -0.9311 0.7652 1.3362
v -0.7248 0.9298 1.6213
v -0.9311 0.9298 1.6213
v -0.7248 0.9298 1.7884
v -0.9311 0.9298 1.7884
v -0.7248 0.8726 1.9455
v -0.9311 0.8726 1.9455
v -0.7248 0.7652 2.0735
v -0.9311 0.7652 2.0735
v -0.9311 0.8726 -1.7557
v -0.8604 0.8726 -1.7557
v -0.8604 0.9298 -1.5986
v -0.9311 0.9298 -1.5986
v -0.8604 0.9298 -1.4315
v -0.9311 0.9298 -1.4315
v -0.7248 0.6204 -1.9673
v -0.9311 0.6204 -1.9673
v -0.9311 0.5281 -1.9835
v -0.7248 0.5281 -1.9835
v -0.7248 0.7652 -1.8837
v -0.9311 0.7652 -1.8837
v -0.9311 0.5281 -1.0466
v -0.9311 0.6204 -1.0628
v -0.7248 0.6204 -1.0628
v -0.7248 0.5281 -1.0466
v -0.9311 0.7652 -1.1464
v -0.7248 0.7652 -1.1464
v -0.8604 0.8726 -1.2744
v -0.9311 0.8726 -1.2744
v 0.8583 0.8726 -1.2744
v 0.8583 0.9298 -1.4315
v 0.9441 0.9298 -1.4315
v 0.9441 0.8726 -1.2744
v 0.8583 0.9298 -1.5986
v 0.9441 0.9298 -1.5986
v 0.8583 0.8726 -1.7557
v 0.9441 0.8726 -1.7557
v 0.7456 0.7652 -1.1464
v 0.9441 0.7652 -1.1464
v 0.9441 0.6204 -1.0628
v 0.7456 0.6204 -1.0628
v 0.7456 0.5281 -1.0466
v 0.9441 0.5281 -1.0466
v 0.9441 0.6204 -1.9673
v 0.7456 0.6204 -1.9673
v 0.7456 0.5281 -1.9835
v 0.9441 0.5281 -1.9835
v 0.9441 0.7652 -1.8837
v 0.7456 0.7652 -1.8837
v -0.9462 0.5281 2.5761
v 0.9441 0.5281 2.5761
v -0.8604 0.8714 -1.2730
v -0.8604 0.8714 -1.7571
v -0.7248 0.8714 -1.7571
v -0.7248 0.8714 -1.2730
v -0.1966 0.8714 -2.0895
v 0.1944 0.8714 -2.0895
v 0.8583 0.8714 -1.2730
v 0.7456 0.8714 -1.2730
v 0.7456 0.8714 -1.7571
v 0.8583 0.8714 -1.7571
v -0.8573 0.8346 2.5927
v -0.8573 1.1640 2.5927
v -0.6623 1.1640 2.5927
v -0.6623 1.0542 2.5927
v -0.6623 0.9444 2.5927
v -0.6623 0.8346 2.5927
v -0.6623 0.8346 2.6400
v -0.8573 0.8346 2.6400
v -0.8573 1.1640 2.6400
v -0.6623 1.1640 2.6400
v -0.6762 0.8485 2.6540
v -0.8435 0.8485 2.6540
v -0.6762 1.1501 2.6540
v -0.6623 0.9444 2.6400
v -0.6623 1.0542 2.6400
v -0.8435 1.1501 2.6540
v -0.6856 0.8579 2.6540
v -0.8340 0.8579 2.6540
v -0.6856 1.1407 2.6540
v -0.8340 1.1407 2.6540
v 0.8618 1.1640 2.5927
v 0.8618 0.8346 2.5927
v 0.6668 0.8346 2.5927
v 0.6668 0.9444 2.5927
v 0.6668 1.0542 2.5927
v 0.6668 1.1640 2.5927
v 0.8618 0.8346 2.6400
v 0.6668 0.8346 2.6400
v 0.8618 1.1640 2.6400
v 0.6668 1.1640 2.6400
v 0.8479 0.8485 2.6540
v 0.6806 0.8485 2.6540
v 0.8479 1.1501 2.6540
v 0.6806 1.1501 2.6540
v 0.6668 1.0542 2.6400
v 0.6668 0.9444 2.6400
v 0.8385 0.8579 2.6540
v 0.6901 0.8579 2.6540
v 0.8385 1.1407 2.6540
v 0.6901 1.1407 2.6540
v -0.6481 1.0400 2.6353
v -0.6481 0.9586 2.6353
v 0.6526 0.9586 2.6353
v 0.6526 1.0400 2.6353
v -0.6528 0.9539 2.6400
v -0.6528 1.0448 2.6400
v 0.6573 0.9539 2.6400
v 0.6573 1.0448 2.6400
v -0.6903 0.8627 2.6492
v -0.8293 0.8627 2.6492
v -0.6903 1.1360 2.6492
v -0.8293 1.1360 2.6492
v 0.8338 0.8627 2.6492
v 0.6948 0.8627 2.6492
v 0.8338 1.1360 2.6492
v 0.6948 1.1360 2.6492
v -0.9413 0.7766 2.5738
v -0.9413 1.2186 2.5738
v 0.9358 1.2186 2.5738
v 0.9358 0.7766 2.5738
v 0.9128 0.8053 2.6165
v -0.9133 0.8053 2.6165
v 0.9128 1.1953 2.6165
v -0.9133 1.1953 2.6165
v 0.8945 0.8236 2.6165
v -0.8950 0.8236 2.6165
v 0.8945 1.1770 2.6165
v -0.8950 1.1770 2.6165
v 0.8854 0.8328 2.6072
v -0.8858 0.8328 2.6072
v 0.8854 1.1678 2.6072
v -0.8858 1.1678 2.6072
v 0.6757 0.8511 2.6072
v -0.6724 0.8511 2.6072
v 0.6757 1.1495 2.6072
v -0.6724 1.1495 2.6072
v 0.9464 0.7743 2.5714
v 0.9464 0.5173 2.5714
v -0.9449 0.5173 2.5714
v -0.9449 0.7743 2.5714
v 0.9464 0.5173 2.4638
v 0.9464 0.7743 2.4638
v 0.9834 0.7743 2.4638
v 0.9834 0.5173 2.4638
v -0.9449 0.7743 2.4638
v -0.9449 0.5173 2.4638
v -0.9819 0.5173 2.4638
v -0.9819 0.7743 2.4638
v 0.9928 0.7661 2.6408
v -0.9913 0.7661 2.6408
v -0.9913 0.5255 2.6408
v 0.9928 0.5255 2.6408
v 0.9928 0.5255 2.4719
v 0.9928 0.7661 2.4719
v 0.9834 0.5173 2.6314
v -0.9819 0.5173 2.6314
v -0.9913 0.7661 2.4719
v -0.9913 0.5255 2.4719
v 0.9834 0.7743 2.6314
v -0.9819 0.7743 2.6314
v 0.7427 0.6352 1.2120
v 0.7427 0.7930 1.3031
v 1.0775 0.7930 1.3031
v 1.0775 0.6352 1.2120
v 0.7427 0.9101 1.4426
v 1.0775 0.9101 1.4426
v 0.7427 0.9724 1.6138
v 1.0775 0.9724 1.6138
v 0.7427 0.9724 1.7959
v 1.0775 0.9724 1.7959
v 0.7427 0.9101 1.9671
v 1.0775 0.9101 1.9671
v 0.7427 0.7930 2.1067
v 1.0775 0.7930 2.1067
v 0.7427 0.6352 2.1978
v 1.0775 0.6352 2.1978
v 0.7427 0.5249 2.2143
v 1.0775 0.5249 2.2143
v 0.7312 0.5119 1.2409
v 1.0891 0.5119 1.2409
v 1.0891 0.6189 1.2569
v 0.7312 0.6189 1.2569
v 0.7312 0.6189 2.1528
v 0.7312 0.7622 2.0700
v 1.0891 0.7622 2.0700
v 1.0891 0.6189 2.1528
v 0.7312 0.8686 1.9432
v 1.0891 0.8686 1.9432
v 0.7312 0.9253 1.7876
v 1.0891 0.9253 1.7876
v 0.7312 0.9253 1.6221
v 1.0891 0.9253 1.6221
v 0.7312 0.8686 1.4665
v 1.0891 0.8686 1.4665
v 0.7312 0.7622 1.3397
v 1.0891 0.7622 1.3397
v 0.7155 0.5119 1.2027
v 0.7155 0.5119 1.2409
v 0.7155 0.6189 1.2569
v 0.7155 0.6319 1.2210
v 0.7155 0.7868 1.3104
v 0.7155 0.7622 1.3397
v 0.7155 0.9018 1.4474
v 0.7155 0.8686 1.4665
v 0.7155 0.9629 1.6154
v 0.7155 0.8686 1.9432
v 0.7155 0.9629 1.7943
v 0.7155 0.9018 1.9623
v 0.7155 0.7868 2.0993
v 0.7155 0.7622 2.0700
v 0.7155 0.6319 2.1887
v 0.7155 0.6189 2.1528
v 0.7155 0.5119 2.1688
v 0.7155 0.5119 2.2070
v 1.0891 0.5119 2.2070
v 1.0891 0.5119 2.1688
v 1.0891 0.6319 2.1887
v 1.0891 0.7868 2.0993
v 1.0891 0.9018 1.9623
v 1.0891 0.9629 1.7943
v 1.0891 0.9629 1.6154
v 1.0891 0.9018 1.4474
v 1.0891 0.7868 1.3104
v 1.0891 0.6319 1.2210
v 1.0891 0.5119 1.2027
v 0.7312 0.5119 2.1688
v 0.7312 0.5119 1.2027
v 0.7312 0.5119 2.2070
v 0.7312 0.6319 1.2210
v 0.7427 0.5249 1.1954
v 0.7312 0.7868 1.3104
v 0.7312 0.9018 1.4474
v 0.7312 0.9629 1.6154
v 0.7312 0.9629 1.7943
v 0.7312 0.9018 1.9623
v 0.7312 0.7868 2.0993
v 0.7312 0.6319 2.1887
v 1.0775 0.5249 1.1954
v 0.7312 0.8648 1.9432
v 0.7155 0.8648 1.9432
v 0.7155 0.8648 1.4665
v 0.7312 0.8648 1.4665
v -0.7243 0.6352 1.2120
v -1.0590 0.6352 1.2120
v -1.0590 0.7930 1.3031
v -0.7243 0.7930 1.3031
v -1.0590 0.9101 1.4426
v -0.7243 0.9101 1.4426
v -1.0590 0.9724 1.6138
v -0.7243 0.9724 1.6138
v -1.0590 0.9724 1.7959
v -0.7243 0.9724 1.7959
v -1.0590 0.9101 1.9671
v -0.7243 0.9101 1.9671
v -1.0590 0.7930 2.1067
v -0.7243 0.7930 2.1067
v -1.0590 0.6352 2.1978
v -0.7243 0.6352 2.1978
v -0.7243 0.5249 2.2143
v -1.0590 0.5249 2.2143
v -0.7127 0.5119 1.2409
v -0.7127 0.6189 1.2569
v -1.0706 0.6189 1.2569
v -1.0706 0.5119 1.2409
v -0.7127 0.6189 2.1528
v -1.0706 0.6189 2.1528
v -1.0706 0.7622 2.0700
v -0.7127 0.7622 2.0700
v -1.0706 0.8686 1.9432
v -0.7127 0.8686 1.9432
v -1.0706 0.9253 1.7876
v -0.7127 0.9253 1.7876
v -1.0706 0.9253 1.6221
v -0.7127 0.9253 1.6221
v -1.0706 0.8686 1.4665
v -0.7127 0.8686 1.4665
v -1.0706 0.7622 1.3397
v -0.7127 0.7622 1.3397
v -0.6971 0.6189 1.2569
v -0.6971 0.5119 1.2409
v -0.6971 0.5119 1.2027
v -0.6971 0.6319 1.2210
v -0.6971 0.7868 1.3104
v -0.6971 0.7622 1.3397
v -0.6971 0.9018 1.4474
v -0.6971 0.8686 1.4665
v -0.6971 0.9629 1.6154
v -0.6971 0.8686 1.9432
v -0.6971 0.9629 1.7943
v -0.6971 0.9018 1.9623
v -0.6971 0.7868 2.0993
v -0.6971 0.7622 2.0700
v -0.6971 0.6319 2.1887
v -0.6971 0.6189 2.1528
v -0.6971 0.5119 2.1688
v -0.6971 0.5119 2.2070
v -1.0706 0.5119 2.1688
v -1.0706 0.5119 2.2070
v -1.0706 0.6319 2.1887
v -1.0706 0.7868 2.0993
v -1.0706 0.9018 1.9623
v -1.0706 0.9629 1.7943
v -1.0706 0.9629 1.6154
v -1.0706 0.9018 1.4474
v -1.0706 0.7868 1.3104
v -1.0706 0.6319 1.2210
v -1.0706 0.5119 1.2027
v -0.7127 0.5119 2.1688
v -0.7127 0.5119 1.2027
v -0.7127 0.5119 2.2070
v -0.7243 0.5249 1.1954
v -0.7127 0.6319 1.2210
v -0.7127 0.7868 1.3104
v -0.7127 0.9018 1.4474
v -0.7127 0.9629 1.6154
v -0.7127 0.9629 1.7943
v -0.7127 0.9018 1.9623
v -0.7127 0.7868 2.0993
v -0.7127 0.6319 2.1887
v -1.0590 0.5249 1.1954
v -0.7127 0.8648 1.9432
v -0.7127 0.8648 1.4665
v -0.6971 0.8648 1.4665
v -0.6971 0.8648 1.9432
v 0.7427 0.6352 -2.0079
v 0.7427 0.7930 -1.9169
v 1.0775 0.7930 -1.9169
v 1.0775 0.6352 -2.0079
v 0.7427 0.9101 -1.7773
v 1.0775 0.9101 -1.7773
v 0.7427 0.9724 -1.6061
v 1.0775 0.9724 -1.6061
v 0.7427 0.9724 -1.4240
v 1.0775 0.9724 -1.4240
v 0.7427 0.9101 -1.2528
v 1.0775 0.9101 -1.2528
v 0.7427 0.7930 -1.1133
v 1.0775 0.7930 -1.1133
v 0.7427 0.6352 -1.0222
v 1.0775 0.6352 -1.0222
v 0.7312 0.5119 -1.9790
v 1.0891 0.5119 -1.9790
v 1.0891 0.6189 -1.9630
v 0.7312 0.6189 -1.9630
v 0.7312 0.6189 -1.0671
v 0.7312 0.7622 -1.1499
v 1.0891 0.7622 -1.1499
v 1.0891 0.6189 -1.0671
v 0.7312 0.8686 -1.2767
v 1.0891 0.8686 -1.2767
v 0.7312 0.9253 -1.4323
v 1.0891 0.9253 -1.4323
v 0.7312 0.9253 -1.5978
v 1.0891 0.9253 -1.5978
v 0.7312 0.8686 -1.7534
v 1.0891 0.8686 -1.7534
v 0.7312 0.7622 -1.8802
v 1.0891 0.7622 -1.8802
v 1.0775 0.5249 -2.0245
v 0.7427 0.5249 -2.0245
v 0.7155 0.5119 -2.0172
v 0.7155 0.5119 -1.9790
v 0.7155 0.6189 -1.9630
v 0.7155 0.6319 -1.9989
v 0.7155 0.7868 -1.9095
v 0.7155 0.7622 -1.8802
v 0.7155 0.9018 -1.7725
v 0.7155 0.8686 -1.7534
v 0.7155 0.9629 -1.6045
v 0.7155 0.8686 -1.2767
v 0.7155 0.9629 -1.4256
v 0.7155 0.9018 -1.2576
v 0.7155 0.7868 -1.1206
v 0.7155 0.7622 -1.1499
v 0.7155 0.6319 -1.0312
v 0.7155 0.6189 -1.0671
v 0.7155 0.5119 -1.0511
v 0.7155 0.5119 -1.0129
v 1.0891 0.5119 -1.0129
v 1.0891 0.5119 -1.0511
v 1.0891 0.6319 -1.0312
v 1.0891 0.7868 -1.1206
v 1.0891 0.9018 -1.2576
v 1.0891 0.9629 -1.4256
v 1.0891 0.9629 -1.6045
v 1.0891 0.9018 -1.7725
v 1.0891 0.7868 -1.9095
v 1.0891 0.6319 -1.9989
v 1.0891 0.5119 -2.0172
v 0.7312 0.5119 -1.0511
v 0.7312 0.5119 -2.0172
v 0.7312 0.5119 -1.0129
v 0.7312 0.6319 -1.9989
v 0.7312 0.7868 -1.9095
v 0.7312 0.9018 -1.7725
v 0.7312 0.9629 -1.6045
v 0.7312 0.9629 -1.4256
v 0.7312 0.9018 -1.2576
v 0.7312 0.7868 -1.1206
v 0.7312 0.6319 -1.0312
v 0.7427 0.5249 -1.0056
v 1.0775 0.5249 -1.0056
v 0.7312 0.8648 -1.2767
v 0.7155 0.8648 -1.2767
v 0.7155 0.8648 -1.7534
v 0.7312 0.8648 -1.7534
v -0.7243 0.6352 -2.0079
v -1.0590 0.6352 -2.0079
v -1.0590 0.7930 -1.9169
v -0.7243 0.7930 -1.9169
v -1.0590 0.9101 -1.7773
v -0.7243 0.9101 -1.7773
v -1.0590 0.9724 -1.6061
v -0.7243 0.9724 -1.6061
v -1.0590 0.9724 -1.4240
v -0.7243 0.9724 -1.4240
v -1.0590 0.9101 -1.2528
v -0.7243 0.9101 -1.2528
v -1.0590 0.7930 -1.1133
v -0.7243 0.7930 -1.1133
v -1.0590 0.6352 -1.0222
v -0.7243 0.6352 -1.0222
v -0.7127 0.5119 -1.9790
v -0.7127 0.6189 -1.9630
v -1.0706 0.6189 -1.9630
v -1.0706 0.5119 -1.9790
v -0.7127 0.6189 -1.0671
v -1.0706 0.6189 -1.0671
v -1.0706 0.7622 -1.1499
v -0.7127 0.7622 -1.1499
v -1.0706 0.8686 -1.2767
v -0.7127 0.8686 -1.2767
v -1.0706 0.9253 -1.4323
v -0.7127 0.9253 -1.4323
v -1.0706 0.9253 -1.5978
v -0.7127 0.9253 -1.5978
v -1.0706 0.8686 -1.7534
v -0.7127 0.8686 -1.7534
v -1.0706 0.7622 -1.8802
v -0.7127 0.7622 -1.8802
v -0.7243 0.5249 -2.0245
v -1.0590 0.5249 -2.0245
v -0.6971 0.6189 -1.9630
v -0.6971 0.5119 -1.9790
v -0.6971 0.5119 -2.0172
v -0.6971 0.6319 -1.9989
v -0.6971 0.7868 -1.9095
v -0.6971 0.7622 -1.8802
v -0.6971 0.9018 -1.7725
v -0.6971 0.8686 -1.7534
v -0.6971 0.9629 -1.6045
v -0.6971 0.8686 -1.2767
v -0.6971 0.9629 -1.4256
v -0.6971 0.9018 -1.2576
v -0.6971 0.7868 -1.1206
v -0.6971 0.7622 -1.1499
v -0.6971 0.6319 -1.0312
v -0.6971 0.6189 -1.0671
v -0.6971 0.5119 -1.0511
v -0.6971 0.5119 -1.0129
v -1.0706 0.5119 -1.0511
v -1.0706 0.5119 -1.0129
v -1.0706 0.6319 -1.0312
v -1.0706 0.7868 -1.1206
v -1.0706 0.9018 -1.2576
v -1.0706 0.9629 -1.4256
v -1.0706 0.9629 -1.6045
v -1.0706 0.9018 -1.7725
v -1.0706 0.7868 -1.9095
v -1.0706 0.6319 -1.9989
v -1.0706 0.5119 -2.0172
v -0.7127 0.5119 -1.0511
v -0.7127 0.5119 -2.0172
v -0.7127 0.5119 -1.0129
v -0.7127 0.6319 -1.9989
v -0.7127 0.7868 -1.9095
v -0.7127 0.9018 -1.7725
v -0.7127 0.9629 -1.6045
v -0.7127 0.9629 -1.4256
v -0.7127 0.9018 -1.2576
v -0.7127 0.7868 -1.1206
v -0.7127 0.6319 -1.0312
v -0.7243 0.5249 -1.0056
v -1.0590 0.5249 -1.0056
v -0.7127 0.8648 -1.2767
v -0.7127 0.8648 -1.7534
v -0.6971 0.8648 -1.7534
v -0.6971 0.8648 -1.2767
v 1.0869 0.6237 1.1982
v 1.0869 0.5365 1.1857
v 1.0869 0.5365 -0.9959
v 1.0869 0.6237 -1.0084
v -1.0685 0.5365 1.1857
v -1.0685 0.6237 1.1982
v -1.0685 0.6237 -1.0084
v -1.0685 0.5365 -0.9959
v -0.9426 1.0029 2.2593
v -0.9426 1.0029 -1.9084
v -0.9426 1.0798 -1.9084
v -0.9426 1.0798 2.2593
v -0.9584 1.0029 2.2593
v -0.9584 1.0029 -1.9084
v -0.9584 1.0798 -1.9084
v -0.9584 1.0798 2.2593
v -0.9672 1.0129 2.2493
v -0.9673 1.0129 -1.8984
v -0.9673 1.0698 -1.8984
v -0.9672 1.0698 2.2493
v 0.9404 1.0029 2.2593
v 0.9404 1.0798 2.2593
v 0.9404 1.0798 -1.9084
v 0.9404 1.0029 -1.9084
v 0.9563 1.0029 -1.9084
v 0.9563 1.0029 2.2593
v 0.9563 1.0798 -1.9084
v 0.9563 1.0798 2.2593
v 0.9651 1.0129 -1.8984
v 0.9651 1.0129 2.2493
v 0.9651 1.0698 -1.8984
v 0.9651 1.0698 2.2493
v -0.9672 1.0251 2.2371
v -0.9673 1.0251 -1.8862
v -0.9673 1.0576 -1.8862
v -0.9672 1.0576 2.2371
v 0.9651 1.0251 -1.8862
v 0.9651 1.0251 2.2371
v 0.9651 1.0576 2.2371
v 0.9651 1.0576 -1.8862
v -0.9578 1.0251 2.2371
v -0.9578 1.0251 -1.8862
v -0.9578 1.0576 -1.8862
v -0.9578 1.0576 2.2371
v 0.9556 1.0251 -1.8862
v 0.9556 1.0251 2.2371
v 0.9556 1.0576 2.2371
v 0.9556 1.0576 -1.8862
v -0.9578 1.0251 2.2371
v -0.9578 1.0576 2.2371
v -0.9578 1.0576 -1.8862
v -0.9578 1.0251 -1.8862
v 0.9556 1.0251 2.2371
v 0.9556 1.0251 -1.8862
v 0.9556 1.0576 -1.8862
v 0.9556 1.0576 2.2371
v 0.9464 0.7287 -2.3994
v -0.9449 0.7287 -2.3994
v -0.9449 0.4678 -2.3994
v 0.9464 0.4678 -2.3994
v 0.9464 0.4678 -2.2453
v 0.9834 0.4678 -2.2453
v 0.9834 0.7287 -2.2453
v 0.9464 0.7287 -2.2453
v -0.9449 0.7287 -2.2453
v -0.9819 0.7287 -2.2453
v -0.9819 0.4678 -2.2453
v -0.9449 0.4678 -2.2453
v 0.9928 0.7205 -2.4688
v 0.9928 0.4760 -2.4688
v -0.9913 0.4760 -2.4688
v -0.9913 0.7205 -2.4688
v 0.9928 0.7205 -2.2535
v 0.9928 0.4760 -2.2535
v -0.9819 0.4678 -2.4594
v 0.9834 0.4678 -2.4594
v -0.9913 0.4760 -2.2535
v -0.9913 0.7205 -2.2535
v -0.9819 0.7287 -2.4594
v 0.9834 0.7287 -2.4594
v -0.1339 1.1147 -2.4021
v 0.1318 1.1147 -2.4021
v 0.1318 1.1887 -2.4021
v -0.1339 1.1887 -2.4021
v -0.1239 1.1247 -2.4304
v -0.1239 1.1787 -2.4304
v 0.1218 1.1787 -2.4304
v 0.1218 1.1247 -2.4304
v -0.1339 1.1147 -2.4216
v 0.1318 1.1147 -2.4216
v 0.1318 1.1887 -2.4216
v -0.1339 1.1887 -2.4216
v -0.0459 0.3948 -2.6830
v -0.0925 0.3948 -2.6023
v -0.0925 0.4386 -2.6023
v -0.0459 0.4386 -2.6830
v -0.0490 0.3948 -2.5270
v -0.0459 0.4010 -2.5216
v -0.0459 0.4323 -2.5216
v -0.0490 0.4386 -2.5270
v -0.0372 0.3745 -2.2728
v 0.0386 0.3745 -2.2728
v 0.0415 0.3773 -2.2728
v 0.0415 0.4299 -2.2728
v 0.0386 0.4328 -2.2728
v -0.0372 0.4328 -2.2728
v -0.0400 0.4299 -2.2728
v -0.0400 0.3773 -2.2728
v 0.0505 0.3948 -2.5270
v 0.0939 0.3948 -2.6023
v 0.0939 0.4386 -2.6023
v 0.0505 0.4386 -2.5270
v 0.0473 0.4323 -2.5216
v 0.0473 0.4010 -2.5216
v 0.0473 0.3948 -2.6830
v 0.0473 0.4386 -2.6830
v -0.0429 0.3891 -2.6779
v -0.0866 0.3891 -2.6023
v -0.0429 0.3891 -2.5267
v -0.0436 0.3904 -2.5255
v 0.0444 0.3891 -2.5267
v 0.0451 0.3904 -2.5255
v 0.0411 0.3948 -2.5216
v -0.0396 0.3948 -2.5216
v 0.0880 0.3891 -2.6023
v 0.0444 0.3891 -2.6779
v -0.0866 0.4442 -2.6023
v -0.0429 0.4442 -2.6779
v 0.0444 0.4442 -2.6779
v 0.0880 0.4442 -2.6023
v 0.0444 0.4442 -2.5267
v 0.0451 0.4429 -2.5255
v -0.0429 0.4442 -2.5267
v -0.0436 0.4429 -2.5255
v -0.0396 0.4386 -2.5216
v 0.0411 0.4386 -2.5216
v -0.0459 0.3749 -2.3716
v -0.0459 0.4323 -2.3716
v 0.0411 0.3686 -2.3716
v -0.0396 0.3686 -2.3716
v 0.0473 0.4323 -2.3716
v 0.0473 0.3749 -2.3716
v -0.0396 0.4386 -2.3716
v 0.0411 0.4386 -2.3716
v -0.0396 0.3686 -2.2835
v -0.0459 0.3749 -2.2835
v 0.0411 0.3686 -2.2835
v 0.0473 0.3749 -2.2835
v 0.0473 0.4323 -2.2835
v 0.0411 0.4386 -2.2835
v 0.0411 0.5302 -2.3716
v -0.0396 0.5302 -2.3716
v -0.0396 0.5302 -2.2835
v 0.0411 0.5302 -2.2835
v -0.0459 0.4323 -2.2835
v -0.0396 0.4386 -2.2835
v 0.0548 0.3891 -2.6023
v 0.0278 0.3891 -2.6492
v 0.0278 0.3891 -2.5555
v -0.0263 0.3891 -2.5555
v -0.0534 0.3891 -2.6023
v -0.0263 0.3891 -2.6492
v -0.0263 0.4442 -2.6492
v 0.0278 0.4442 -2.6492
v -0.0534 0.4442 -2.6023
v -0.0263 0.4442 -2.5555
v 0.0278 0.4442 -2.5555
v 0.0548 0.4442 -2.6023
v -0.9426 1.0068 -2.1197
v -0.9426 1.0068 -2.2640
v -0.9426 1.0702 -2.2640
v -0.9426 1.0702 -2.1197
v -0.9673 1.0168 -2.1297
v -0.9673 1.0602 -2.1297
v -0.9673 1.0602 -2.2541
v -0.9673 1.0168 -2.2541
v -0.9584 1.0068 -2.1197
v -0.9584 1.0068 -2.2640
v -0.9584 1.0702 -2.2640
v -0.9584 1.0702 -2.1197
v 0.9404 1.0068 -2.1197
v 0.9404 1.0702 -2.1197
v 0.9404 1.0702 -2.2640
v 0.9404 1.0068 -2.2640
v 0.9651 1.0168 -2.1297
v 0.9651 1.0168 -2.2541
v 0.9651 1.0602 -2.2541
v 0.9651 1.0602 -2.1297
v 0.9563 1.0068 -2.2640
v 0.9563 1.0068 -2.1197
v 0.9563 1.0702 -2.2640
v 0.9563 1.0702 -2.1197
v -0.9426 1.0068 2.5234
v -0.9426 1.0068 2.3790
v -0.9426 1.0702 2.3790
v -0.9426 1.0702 2.5234
v -0.9672 1.0168 2.5134
v -0.9672 1.0602 2.5134
v -0.9672 1.0602 2.3890
v -0.9672 1.0168 2.3890
v -0.9584 1.0068 2.5234
v -0.9584 1.0068 2.3790
v -0.9584 1.0702 2.3790
v -0.9584 1.0702 2.5234
v 0.9404 1.0068 2.5234
v 0.9404 1.0702 2.5234
v 0.9404 1.0702 2.3790
v 0.9404 1.0068 2.3790
v 0.9651 1.0168 2.5134
v 0.9651 1.0168 2.3890
v 0.9651 1.0602 2.3890
v 0.9651 1.0602 2.5134
v 0.9563 1.0068 2.3790
v 0.9563 1.0068 2.5234
v 0.9563 1.0702 2.3790
v 0.9563 1.0702 2.5234
v -0.9426 1.1212 0.2603
v -0.9426 1.1212 0.0038
v -0.9426 1.1760 0.0038
v -0.9426 1.1760 0.2603
v -0.9777 1.1312 0.2503
v -0.9777 1.1660 0.2503
v -0.9777 1.1660 0.0138
v -0.9777 1.1312 0.0138
v -0.9689 1.1212 0.2603
v -0.9689 1.1212 0.0038
v -0.9689 1.1760 0.0038
v -0.9689 1.1760 0.2603
v 0.9404 1.1212 0.2603
v 0.9404 1.1760 0.2603
v 0.9404 1.1760 0.0038
v 0.9404 1.1212 0.0038
v 0.9755 1.1312 0.2503
v 0.9755 1.1312 0.0138
v 0.9755 1.1660 0.0138
v 0.9755 1.1660 0.2503
v 0.9667 1.1212 0.0038
v 0.9667 1.1212 0.2603
v 0.9667 1.1760 0.0038
v 0.9667 1.1760 0.2603
v -1.0416 1.2827 1.0684
v -0.9709 1.3111 1.0684
v -1.0416 1.3111 1.0684
v -0.9675 1.2827 1.0684
v -0.9562 1.2649 1.0203
v -1.1365 1.2649 1.0337
v -1.1365 1.2649 1.0203
v -0.9562 1.2649 1.0337
v -1.1365 1.3668 1.0337
v -1.1365 1.3668 1.0203
v -0.9562 1.3668 1.0337
v -0.9562 1.3668 1.0203
v -1.1235 1.2780 1.0522
v -1.0464 1.2780 1.0522
v -0.9692 1.2780 1.0522
v -1.1235 1.3538 1.0522
v -0.9692 1.3538 1.0522
v -0.9692 1.3159 1.0522
v -1.0464 1.3159 1.0522
v -1.0464 1.2780 1.0637
v -0.9692 1.2780 1.0637
v -1.0464 1.3159 1.0637
v -0.9692 1.3159 1.0637
v -0.8990 1.2576 1.0522
v -0.8990 1.2197 1.0637
v -0.8990 1.2197 1.0522
v -0.8990 1.2576 1.0637
v -0.9037 1.2554 1.0684
v -0.9037 1.2298 1.0684
v -0.9687 1.3543 1.0203
v -0.9687 1.2775 1.0203
v -1.1240 1.3543 1.0203
v -1.1240 1.2775 1.0203
v 1.0416 1.2827 1.0684
v 0.9709 1.3111 1.0684
v 0.9675 1.2827 1.0684
v 1.0416 1.3111 1.0684
v 0.9562 1.2649 1.0203
v 1.1365 1.2649 1.0337
v 0.9562 1.2649 1.0337
v 1.1365 1.2649 1.0203
v 1.1365 1.3668 1.0337
v 1.1365 1.3668 1.0203
v 0.9562 1.3668 1.0337
v 0.9562 1.3668 1.0203
v 1.0464 1.2780 1.0522
v 0.9692 1.2780 1.0522
v 1.1235 1.2780 1.0522
v 1.1235 1.3538 1.0522
v 0.9692 1.3538 1.0522
v 0.9692 1.3159 1.0522
v 1.0464 1.3159 1.0522
v 1.0464 1.2780 1.0637
v 0.9692 1.2780 1.0637
v 1.0464 1.3159 1.0637
v 0.9692 1.3159 1.0637
v 0.8990 1.2576 1.0522
v 0.8990 1.2197 1.0637
v 0.8990 1.2576 1.0637
v 0.8990 1.2197 1.0522
v 0.9037 1.2554 1.0684
v 0.9037 1.2298 1.0684
v 0.9687 1.3543 1.0203
v 0.9687 1.2775 1.0203
v 1.1240 1.3543 1.0203
v 1.1240 1.2775 1.0203
v 0.1092 1.4773 1.0105
v 0.5376 1.4462 0.9966
v 0.1089 1.4574 0.9929
v 0.5379 1.4661 1.0143
v 0.1085 1.4521 1.0189
v 0.5372 1.4409 1.0227
v 0.3816 1.4628 1.0077
v 0.4766 1.2859 1.0743
v 0.3720 1.4494 0.9931
v 0.4862 1.2993 1.0890
v 0.3625 1.4529 1.0126
v 0.4671 1.2895 1.0938
v -0.6103 1.4773 1.0105
v -0.1820 1.4462 0.9966
v -0.6107 1.4574 0.9929
v -0.1816 1.4661 1.0143
v -0.6110 1.4521 1.0189
v -0.1823 1.4409 1.0227
v -0.3379 1.4628 1.0077
v -0.2429 1.2859 1.0743
v -0.3475 1.4494 0.9931
v -0.2333 1.2993 1.0890
v -0.3570 1.4529 1.0126
v -0.2524 1.2895 1.0938
v -0.2672 0.4445 -2.4576
v 0.2687 0.4445 -2.4576
v 0.2687 0.6548 -2.4576
v -0.2672 0.6548 -2.4576
v -0.2572 0.4545 -2.5067
v -0.2572 0.6448 -2.5067
v 0.2587 0.6448 -2.5067
v 0.2587 0.4545 -2.5067
v -0.2672 0.4445 -2.4979
v 0.2687 0.4445 -2.4979
v 0.2687 0.6548 -2.4979
v -0.2672 0.6548 -2.4979
v -0.2672 0.5449 2.6339
v -0.2672 0.7552 2.6339
v 0.2687 0.7552 2.6339
v 0.2687 0.5449 2.6339
v -0.2572 0.5548 2.6830
v 0.2587 0.5548 2.6830
v 0.2587 0.7452 2.6830
v -0.2572 0.7452 2.6830
v 0.2687 0.5449 2.6742
v -0.2672 0.5449 2.6742
v 0.2687 0.7552 2.6742
v -0.2672 0.7552 2.6742
v -0.7110 1.1971 -2.4043
v -0.8870 1.1971 -2.4043
v -0.8870 0.8838 -2.4043
v -0.7110 0.8838 -2.4043
v -0.8723 1.1824 -2.4337
v -0.7257 1.1824 -2.4337
v -0.7257 1.0156 -2.4337
v -0.8723 1.0156 -2.4337
v -0.7110 0.8838 -2.4202
v -0.7110 1.1971 -2.4202
v -0.8870 0.8838 -2.4202
v -0.8870 1.1971 -2.4202
v -0.7210 0.8938 -2.4290
v -0.7210 1.0109 -2.4290
v -0.7210 1.1871 -2.4290
v -0.8770 0.8938 -2.4290
v -0.8770 1.1871 -2.4290
v -0.8770 1.0109 -2.4290
v -0.8723 0.8985 -2.4337
v -0.8723 1.0061 -2.4337
v -0.7257 1.0061 -2.4337
v -0.7257 0.8985 -2.4337
v 0.8799 1.1971 -2.4043
v 0.7039 1.1971 -2.4043
v 0.7039 0.8838 -2.4043
v 0.8799 0.8838 -2.4043
v 0.7186 1.1824 -2.4337
v 0.8652 1.1824 -2.4337
v 0.8652 1.0156 -2.4337
v 0.7186 1.0156 -2.4337
v 0.8799 0.8838 -2.4202
v 0.8799 1.1971 -2.4202
v 0.7039 0.8838 -2.4202
v 0.7039 1.1971 -2.4202
v 0.8699 0.8938 -2.4290
v 0.8699 1.0109 -2.4290
v 0.8699 1.1871 -2.4290
v 0.7139 0.8938 -2.4290
v 0.7139 1.1871 -2.4290
v 0.7139 1.0109 -2.4290
v 0.7186 0.8985 -2.4337
v 0.7186 1.0061 -2.4337
v 0.8652 1.0061 -2.4337
v 0.8652 0.8985 -2.4337
v 0.8799 0.8497 -2.4043
v 0.7039 0.8497 -2.4043
v 0.7039 0.7669 -2.4043
v 0.8799 0.7669 -2.4043
v 0.8699 0.8397 -2.4290
v 0.8699 0.7769 -2.4290
v 0.7139 0.7769 -2.4290
v 0.7139 0.8397 -2.4290
v 0.8799 0.7669 -2.4202
v 0.8799 0.8497 -2.4202
v 0.7039 0.7669 -2.4202
v 0.7039 0.8497 -2.4202
v -0.7110 0.8497 -2.4043
v -0.8870 0.8497 -2.4043
v -0.8870 0.7669 -2.4043
v -0.7110 0.7669 -2.4043
v -0.7210 0.8397 -2.4290
v -0.7210 0.7769 -2.4290
v -0.8770 0.7769 -2.4290
v -0.8770 0.8397 -2.4290
v -0.7110 0.7669 -2.4202
v -0.7110 0.8497 -2.4202
v -0.8870 0.7669 -2.4202
v -0.8870 0.8497 -2.4202
v -0.1466 1.0815 -1.3618
v -0.4654 1.0815 -1.4472
v -0.2996 1.0815 -2.0660
v 0.0192 1.0815 -1.9806
v -0.3083 1.2728 -1.4084
v -0.1441 1.2728 -2.0211
v -0.1911 1.2728 -2.0337
v -0.3553 1.2728 -1.4210
v -0.3035 1.1788 -2.0638
v -0.4677 1.1788 -1.4511
v -0.4677 1.2195 -1.4511
v -0.3035 1.2195 -2.0638
v -0.1505 1.1724 -1.3596
v -0.4632 1.1724 -1.4434
v -0.4632 1.1317 -1.4434
v -0.1505 1.1317 -1.3596
v -0.1427 1.1788 -1.3641
v 0.0214 1.1788 -1.9767
v 0.0214 1.2195 -1.9767
v -0.1427 1.2195 -1.3641
v -0.2957 1.1724 -2.0683
v 0.0169 1.1724 -1.9845
v 0.0169 1.1317 -1.9845
v -0.2957 1.1317 -2.0683
v -0.1489 1.2728 -1.3657
v 0.0153 1.2728 -1.9784
v -0.0317 1.2728 -1.9910
v -0.1959 1.2728 -1.3783
v -0.2020 1.2728 -1.3799
v -0.0378 1.2728 -1.9926
v -0.0848 1.2728 -2.0052
v -0.2490 1.2728 -1.3925
v -0.2551 1.2728 -1.3942
v -0.0910 1.2728 -2.0068
v -0.1380 1.2728 -2.0194
v -0.3021 1.2728 -1.4068
v -0.2974 1.2728 -2.0622
v -0.4615 1.2728 -1.4495
v -0.4145 1.2728 -1.4369
v -0.2504 1.2728 -2.0496
v -0.2442 1.2728 -2.0479
v -0.4084 1.2728 -1.4352
v -0.3614 1.2728 -1.4227
v -0.1972 1.2728 -2.0353
v -0.3035 1.0847 -2.0638
v -0.4677 1.0847 -1.4511
v -0.4677 1.1254 -1.4511
v -0.3035 1.1254 -2.0638
v -0.3035 1.1317 -2.0638
v -0.4677 1.1317 -1.4511
v -0.4677 1.1724 -1.4511
v -0.3035 1.1724 -2.0638
v -0.4677 1.2665 -1.4511
v -0.3035 1.2665 -2.0638
v -0.3035 1.2258 -2.0638
v -0.4677 1.2258 -1.4511
v -0.1505 1.2258 -1.3596
v -0.1505 1.2665 -1.3596
v -0.2006 1.2665 -1.3730
v -0.2537 1.2665 -1.3872
v -0.3068 1.2665 -1.4015
v -0.3600 1.2665 -1.4157
v -0.4131 1.2665 -1.4299
v -0.4632 1.2665 -1.4434
v -0.4632 1.2258 -1.4434
v -0.1505 1.2195 -1.3596
v -0.4632 1.2195 -1.4434
v -0.4632 1.1788 -1.4434
v -0.1505 1.1788 -1.3596
v -0.4632 1.0847 -1.4434
v -0.1505 1.0847 -1.3596
v -0.1505 1.1254 -1.3596
v -0.4632 1.1254 -1.4434
v -0.1427 1.0847 -1.3641
v 0.0214 1.0847 -1.9767
v 0.0214 1.1254 -1.9767
v -0.1427 1.1254 -1.3641
v -0.1427 1.1317 -1.3641
v 0.0214 1.1317 -1.9767
v 0.0214 1.1724 -1.9767
v -0.1427 1.1724 -1.3641
v 0.0214 1.2665 -1.9767
v -0.1427 1.2665 -1.3641
v -0.1427 1.2258 -1.3641
v 0.0214 1.2258 -1.9767
v -0.2957 1.2258 -2.0683
v -0.2957 1.2665 -2.0683
v -0.2457 1.2665 -2.0549
v -0.1925 1.2665 -2.0406
v -0.1394 1.2665 -2.0264
v -0.0863 1.2665 -2.0121
v -0.0331 1.2665 -1.9979
v 0.0169 1.2665 -1.9845
v 0.0169 1.2258 -1.9845
v -0.2957 1.2195 -2.0683
v 0.0169 1.2195 -1.9845
v 0.0169 1.1788 -1.9845
v -0.2957 1.1788 -2.0683
v 0.0169 1.0847 -1.9845
v -0.2957 1.0847 -2.0683
v -0.2957 1.1254 -2.0683
v 0.0169 1.1254 -1.9845
v -0.3592 1.2697 -1.4188
v -0.3060 1.2697 -1.4045
v -0.1402 1.2697 -2.0233
v -0.1934 1.2697 -2.0376
v -0.2996 1.2226 -2.0660
v -0.2996 1.1756 -2.0660
v -0.4654 1.1756 -1.4472
v -0.4654 1.2226 -1.4472
v -0.1466 1.1286 -1.3618
v -0.1466 1.1756 -1.3618
v -0.4654 1.1286 -1.4472
v -0.1466 1.2226 -1.3618
v 0.0192 1.1756 -1.9806
v 0.0192 1.2226 -1.9806
v -0.2996 1.1286 -2.0660
v 0.0192 1.1286 -1.9806
v -0.1998 1.2697 -1.3761
v -0.1466 1.2697 -1.3618
v 0.0192 1.2697 -1.9806
v -0.0339 1.2697 -1.9948
v -0.2529 1.2697 -1.3903
v -0.0871 1.2697 -2.0091
v -0.2465 1.2697 -2.0518
v -0.2996 1.2697 -2.0660
v -0.4654 1.2697 -1.4472
v -0.4123 1.2697 -1.4330
v 0.0042 1.0812 -1.9014
v -0.0095 1.0812 -1.8501
v -0.3407 1.0812 -1.9388
v -0.3269 1.0812 -1.9901
v -0.3407 1.2811 -1.9388
v -0.0095 1.2811 -1.8501
v 0.0042 1.2811 -1.9014
v -0.3269 1.2811 -1.9901
v -0.3443 1.0849 -1.9398
v -0.3443 1.2774 -1.9398
v -0.3305 1.2774 -1.9911
v -0.3305 1.0849 -1.9911
v -0.0105 1.0849 -1.8465
v -0.0105 1.2774 -1.8465
v -0.3416 1.2774 -1.9352
v -0.3416 1.0849 -1.9352
v 0.0078 1.0849 -1.9004
v 0.0078 1.2774 -1.9004
v -0.0059 1.2774 -1.8491
v -0.0059 1.0849 -1.8491
v -0.3260 1.0849 -1.9937
v -0.3260 1.2774 -1.9937
v 0.0052 1.2774 -1.9050
v 0.0052 1.0849 -1.9050
v -0.1101 1.0812 -1.4746
v -0.1238 1.0812 -1.4234
v -0.4550 1.0812 -1.5121
v -0.4413 1.0812 -1.5634
v -0.4550 1.2811 -1.5121
v -0.1238 1.2811 -1.4234
v -0.1101 1.2811 -1.4746
v -0.4413 1.2811 -1.5634
v -0.4586 1.0849 -1.5131
v -0.4586 1.2774 -1.5131
v -0.4449 1.2774 -1.5643
v -0.4449 1.0849 -1.5643
v -0.1248 1.0849 -1.4198
v -0.1248 1.2774 -1.4198
v -0.4560 1.2774 -1.5085
v -0.4560 1.0849 -1.5085
v -0.1065 1.0849 -1.4737
v -0.1065 1.2774 -1.4737
v -0.1202 1.2774 -1.4224
v -0.1202 1.0849 -1.4224
v -0.4403 1.0849 -1.5670
v -0.4403 1.2774 -1.5670
v -0.1091 1.2774 -1.4782
v -0.1091 1.0849 -1.4782
v -0.0307 0.8912 -1.6962
v -0.0836 0.8912 -1.7008
v -0.0537 0.8912 -2.0423
v -0.0008 0.8912 -2.0377
v -0.0537 1.0912 -2.0423
v -0.0836 1.0912 -1.7008
v -0.0307 1.0912 -1.6962
v -0.0008 1.0912 -2.0377
v -0.0534 0.8950 -2.0460
v -0.0534 1.0875 -2.0460
v -0.0005 1.0875 -2.0414
v -0.0005 0.8950 -2.0414
v -0.0873 0.8950 -1.7011
v -0.0873 1.0875 -1.7011
v -0.0574 1.0875 -2.0427
v -0.0574 0.8950 -2.0427
v -0.0310 0.8950 -1.6924
v -0.0310 1.0875 -1.6924
v -0.0839 1.0875 -1.6971
v -0.0839 0.8950 -1.6971
v 0.0029 0.8950 -2.0374
v 0.0029 1.0875 -2.0374
v -0.0270 1.0875 -1.6958
v -0.0270 0.8950 -1.6958
v -0.4708 0.8912 -1.7347
v -0.5237 0.8912 -1.7393
v -0.4938 0.8912 -2.0808
v -0.4410 0.8912 -2.0762
v -0.4938 1.0912 -2.0808
v -0.5237 1.0912 -1.7393
v -0.4708 1.0912 -1.7347
v -0.4410 1.0912 -2.0762
v -0.4935 0.8950 -2.0845
v -0.4935 1.0875 -2.0845
v -0.4406 1.0875 -2.0799
v -0.4406 0.8950 -2.0799
v -0.5274 0.8950 -1.7396
v -0.5274 1.0875 -1.7396
v -0.4975 1.0875 -2.0812
v -0.4975 0.8950 -2.0812
v -0.4712 0.8950 -1.7309
v -0.4712 1.0875 -1.7309
v -0.5240 1.0875 -1.7356
v -0.5240 0.8950 -1.7356
v -0.4372 0.8950 -2.0759
v -0.4372 1.0875 -2.0759
v -0.4671 1.0875 -1.7343
v -0.4671 0.8950 -1.7343
v -0.5883 0.8916 -1.7510
v -0.5595 0.8916 -2.0798
v 0.0787 0.8916 -2.0240
v 0.0499 0.8916 -1.6952
v -0.5704 1.0829 -1.9183
v 0.0614 1.0829 -1.8630
v 0.0657 1.0829 -1.9115
v -0.5662 1.0829 -1.9668
v 0.0758 0.9888 -2.0274
v -0.5561 0.9888 -2.0827
v -0.5561 1.0295 -2.0827
v 0.0758 1.0295 -2.0274
v -0.5911 0.9825 -1.7545
v -0.5629 0.9825 -2.0770
v -0.5629 0.9418 -2.0770
v -0.5911 0.9418 -1.7545
v -0.5854 0.9888 -1.7476
v 0.0465 0.9888 -1.6923
v 0.0465 1.0295 -1.6923
v -0.5854 1.0295 -1.7476
v 0.0816 0.9825 -2.0206
v 0.0534 0.9825 -1.6981
v 0.0534 0.9418 -1.6981
v 0.0816 0.9418 -2.0206
v -0.5848 1.0829 -1.7539
v 0.0470 1.0829 -1.6986
v 0.0513 1.0829 -1.7471
v -0.5806 1.0829 -1.8024
v -0.5800 1.0829 -1.8087
v 0.0518 1.0829 -1.7534
v 0.0561 1.0829 -1.8019
v -0.5758 1.0829 -1.8572
v -0.5752 1.0829 -1.8635
v 0.0566 1.0829 -1.8082
v 0.0609 1.0829 -1.8567
v -0.5710 1.0829 -1.9120
v 0.0753 1.0829 -2.0211
v -0.5566 1.0829 -2.0764
v -0.5608 1.0829 -2.0279
v 0.0710 1.0829 -1.9726
v 0.0705 1.0829 -1.9663
v -0.5614 1.0829 -2.0216
v -0.5656 1.0829 -1.9731
v 0.0662 1.0829 -1.9178
v 0.0758 0.8948 -2.0274
v -0.5561 0.8948 -2.0827
v -0.5561 0.9355 -2.0827
v 0.0758 0.9355 -2.0274
v 0.0758 0.9418 -2.0274
v -0.5561 0.9418 -2.0827
v -0.5561 0.9825 -2.0827
v 0.0758 0.9825 -2.0274
v -0.5561 1.0766 -2.0827
v 0.0758 1.0766 -2.0274
v 0.0758 1.0359 -2.0274
v -0.5561 1.0359 -2.0827
v -0.5911 1.0359 -1.7545
v -0.5911 1.0766 -1.7545
v -0.5866 1.0766 -1.8061
v -0.5818 1.0766 -1.8609
v -0.5770 1.0766 -1.9157
v -0.5722 1.0766 -1.9705
v -0.5674 1.0766 -2.0253
v -0.5629 1.0766 -2.0770
v -0.5629 1.0359 -2.0770
v -0.5911 1.0295 -1.7545
v -0.5629 1.0295 -2.0770
v -0.5629 0.9888 -2.0770
v -0.5911 0.9888 -1.7545
v -0.5629 0.8948 -2.0770
v -0.5911 0.8948 -1.7545
v -0.5911 0.9355 -1.7545
v -0.5629 0.9355 -2.0770
v -0.5854 0.8948 -1.7476
v 0.0465 0.8948 -1.6923
v 0.0465 0.9355 -1.6923
v -0.5854 0.9355 -1.7476
v -0.5854 0.9418 -1.7476
v 0.0465 0.9418 -1.6923
v 0.0465 0.9825 -1.6923
v -0.5854 0.9825 -1.7476
v 0.0465 1.0766 -1.6923
v -0.5854 1.0766 -1.7476
v -0.5854 1.0359 -1.7476
v 0.0465 1.0359 -1.6923
v 0.0816 1.0359 -2.0206
v 0.0816 1.0766 -2.0206
v 0.0771 1.0766 -1.9689
v 0.0723 1.0766 -1.9141
v 0.0675 1.0766 -1.8593
v 0.0627 1.0766 -1.8045
v 0.0579 1.0766 -1.7497
v 0.0534 1.0766 -1.6981
v 0.0534 1.0359 -1.6981
v 0.0816 1.0295 -2.0206
v 0.0534 1.0295 -1.6981
v 0.0534 0.9888 -1.6981
v 0.0816 0.9888 -2.0206
v 0.0534 0.8948 -1.6981
v 0.0816 0.8948 -2.0206
v 0.0816 0.9355 -2.0206
v 0.0534 0.9355 -1.6981
v -0.5691 1.0797 -1.9702
v -0.5739 1.0797 -1.9154
v 0.0643 1.0797 -1.8596
v 0.0691 1.0797 -1.9144
v 0.0787 1.0327 -2.0240
v 0.0787 0.9857 -2.0240
v -0.5595 0.9857 -2.0798
v -0.5595 1.0327 -2.0798
v -0.5883 0.9386 -1.7510
v -0.5883 0.9857 -1.7510
v -0.5595 0.9386 -2.0798
v -0.5883 1.0327 -1.7510
v 0.0499 0.9857 -1.6952
v 0.0499 1.0327 -1.6952
v 0.0787 0.9386 -2.0240
v 0.0499 0.9386 -1.6952
v -0.5835 1.0797 -1.8058
v -0.5883 1.0797 -1.7510
v 0.0499 1.0797 -1.6952
v 0.0547 1.0797 -1.7500
v -0.5787 1.0797 -1.8606
v 0.0595 1.0797 -1.8048
v 0.0739 1.0797 -1.9692
v 0.0787 1.0797 -2.0240
v -0.5595 1.0797 -2.0798
v -0.5643 1.0797 -2.0250
v 0.0112 0.8912 -1.2571
v -0.0411 0.8912 -1.2478
v -0.1006 0.8912 -1.5855
v -0.0484 0.8912 -1.5947
v -0.1006 1.0912 -1.5855
v -0.0411 1.0912 -1.2478
v 0.0112 1.0912 -1.2571
v -0.0484 1.0912 -1.5947
v -0.1013 0.8950 -1.5892
v -0.1013 1.0875 -1.5892
v -0.0490 1.0875 -1.5984
v -0.0490 0.8950 -1.5984
v -0.0447 0.8950 -1.2472
v -0.0447 1.0875 -1.2472
v -0.1043 1.0875 -1.5848
v -0.1043 0.8950 -1.5848
v 0.0118 0.8950 -1.2534
v 0.0118 1.0875 -1.2534
v -0.0404 1.0875 -1.2442
v -0.0404 0.8950 -1.2442
v -0.0447 0.8950 -1.5954
v -0.0447 1.0875 -1.5954
v 0.0149 1.0875 -1.2577
v 0.0149 0.8950 -1.2577
v -0.4239 0.8912 -1.1803
v -0.4762 0.8912 -1.1711
v -0.5357 0.8912 -1.5088
v -0.4834 0.8912 -1.5180
v -0.5357 1.0912 -1.5088
v -0.4762 1.0912 -1.1711
v -0.4239 1.0912 -1.1803
v -0.4834 1.0912 -1.5180
v -0.5363 0.8950 -1.5124
v -0.5363 1.0875 -1.5124
v -0.4841 1.0875 -1.5217
v -0.4841 0.8950 -1.5217
v -0.4798 0.8950 -1.1705
v -0.4798 1.0875 -1.1705
v -0.5394 1.0875 -1.5081
v -0.5394 0.8950 -1.5081
v -0.4232 0.8950 -1.1767
v -0.4232 1.0875 -1.1767
v -0.4755 1.0875 -1.1675
v -0.4755 0.8950 -1.1675
v -0.4798 0.8950 -1.5186
v -0.4798 1.0875 -1.5186
v -0.4202 1.0875 -1.1810
v -0.4202 0.8950 -1.1810
v -0.5415 0.8916 -1.1657
v -0.5989 0.8916 -1.4908
v 0.0320 0.8916 -1.6020
v 0.0893 0.8916 -1.2770
v -0.5676 1.0829 -1.3319
v 0.0570 1.0829 -1.4421
v 0.0486 1.0829 -1.4900
v -0.5761 1.0829 -1.3799
v 0.0284 0.9888 -1.6046
v -0.5963 0.9888 -1.4945
v -0.5963 1.0295 -1.4945
v 0.0284 1.0295 -1.6046
v -0.5452 0.9825 -1.1683
v -0.6014 0.9825 -1.4871
v -0.6014 0.9418 -1.4871
v -0.5452 0.9418 -1.1683
v -0.5379 0.9888 -1.1632
v 0.0868 0.9888 -1.2733
v 0.0868 1.0295 -1.2733
v -0.5379 1.0295 -1.1632
v 0.0357 0.9825 -1.5995
v 0.0919 0.9825 -1.2807
v 0.0919 0.9418 -1.2807
v 0.0357 0.9418 -1.5995
v -0.5390 1.0829 -1.1694
v 0.0857 1.0829 -1.2796
v 0.0772 1.0829 -1.3275
v -0.5474 1.0829 -1.2174
v -0.5485 1.0829 -1.2236
v 0.0761 1.0829 -1.3337
v 0.0677 1.0829 -1.3817
v -0.5570 1.0829 -1.2715
v -0.5581 1.0829 -1.2778
v 0.0666 1.0829 -1.3879
v 0.0581 1.0829 -1.4358
v -0.5665 1.0829 -1.3257
v 0.0295 1.0829 -1.5984
v -0.5952 1.0829 -1.4882
v -0.5867 1.0829 -1.4403
v 0.0379 1.0829 -1.5504
v 0.0390 1.0829 -1.5442
v -0.5856 1.0829 -1.4341
v -0.5772 1.0829 -1.3861
v 0.0475 1.0829 -1.4963
v 0.0284 0.8948 -1.6046
v -0.5963 0.8948 -1.4945
v -0.5963 0.9355 -1.4945
v 0.0284 0.9355 -1.6046
v 0.0284 0.9418 -1.6046
v -0.5963 0.9418 -1.4945
v -0.5963 0.9825 -1.4945
v 0.0284 0.9825 -1.6046
v -0.5963 1.0766 -1.4945
v 0.0284 1.0766 -1.6046
v 0.0284 1.0359 -1.6046
v -0.5963 1.0359 -1.4945
v -0.5452 1.0359 -1.1683
v -0.5452 1.0766 -1.1683
v -0.5542 1.0766 -1.2194
v -0.5638 1.0766 -1.2735
v -0.5733 1.0766 -1.3277
v -0.5829 1.0766 -1.3819
v -0.5924 1.0766 -1.4361
v -0.6014 1.0766 -1.4871
v -0.6014 1.0359 -1.4871
v -0.5452 1.0295 -1.1683
v -0.6014 1.0295 -1.4871
v -0.6014 0.9888 -1.4871
v -0.5452 0.9888 -1.1683
v -0.6014 0.8948 -1.4871
v -0.5452 0.8948 -1.1683
v -0.5452 0.9355 -1.1683
v -0.6014 0.9355 -1.4871
v -0.5379 0.8948 -1.1632
v 0.0868 0.8948 -1.2733
v 0.0868 0.9355 -1.2733
v -0.5379 0.9355 -1.1632
v -0.5379 0.9418 -1.1632
v 0.0868 0.9418 -1.2733
v 0.0868 0.9825 -1.2733
v -0.5379 0.9825 -1.1632
v 0.0868 1.0766 -1.2733
v -0.5379 1.0766 -1.1632
v -0.5379 1.0359 -1.1632
v 0.0868 1.0359 -1.2733
v 0.0357 1.0359 -1.5995
v 0.0357 1.0766 -1.5995
v 0.0447 1.0766 -1.5484
v 0.0543 1.0766 -1.4942
v 0.0638 1.0766 -1.4401
v 0.0734 1.0766 -1.3859
v 0.0829 1.0766 -1.3317
v 0.0919 1.0766 -1.2807
v 0.0919 1.0359 -1.2807
v 0.0357 1.0295 -1.5995
v 0.0919 1.0295 -1.2807
v 0.0919 0.9888 -1.2807
v 0.0357 0.9888 -1.5995
v 0.0919 0.8948 -1.2807
v 0.0357 0.8948 -1.5995
v 0.0357 0.9355 -1.5995
v 0.0919 0.9355 -1.2807
v -0.5798 1.0797 -1.3824
v -0.5702 1.0797 -1.3283
v 0.0607 1.0797 -1.4395
v 0.0511 1.0797 -1.4937
v 0.0320 1.0327 -1.6020
v 0.0320 0.9857 -1.6020
v -0.5989 0.9857 -1.4908
v -0.5989 1.0327 -1.4908
v -0.5415 0.9386 -1.1657
v -0.5415 0.9857 -1.1657
v -0.5989 0.9386 -1.4908
v -0.5415 1.0327 -1.1657
v 0.0893 0.9857 -1.2770
v 0.0893 1.0327 -1.2770
v 0.0320 0.9386 -1.6020
v 0.0893 0.9386 -1.2770
v -0.5511 1.0797 -1.2199
v -0.5415 1.0797 -1.1657
v 0.0893 1.0797 -1.2770
v 0.0798 1.0797 -1.3312
v -0.5606 1.0797 -1.2741
v 0.0702 1.0797 -1.3853
v 0.0416 1.0797 -1.5479
v 0.0320 1.0797 -1.6020
v -0.5989 1.0797 -1.4908
v -0.5893 1.0797 -1.4366
v 0.5481 0.8961 -0.6195
v 0.3344 0.8961 -0.9247
v 0.4045 0.8961 -0.9738
v 0.6182 0.8961 -0.6686
v 0.4045 1.2692 -0.9738
v 0.3344 1.2692 -0.9247
v 0.5481 1.2692 -0.6195
v 0.6182 1.2692 -0.6686
v 0.4439 0.9442 -1.0014
v 0.4439 1.0298 -1.0014
v 0.6576 1.0298 -0.6962
v 0.6576 0.9442 -0.6962
v 0.0718 0.9442 -0.7995
v 0.0718 1.0298 -0.7995
v 0.3770 1.0298 -1.0132
v 0.3770 0.9442 -1.0132
v 0.2737 0.9442 -0.4274
v 0.2737 1.0298 -0.4274
v 0.0600 1.0298 -0.7326
v 0.0600 0.9442 -0.7326
v 0.6458 0.9442 -0.6293
v 0.6458 1.0298 -0.6293
v 0.3406 1.0298 -0.4156
v 0.3406 0.9442 -0.4156
v 0.6848 0.8866 -0.6569
v 0.3013 0.8866 -0.3883
v 0.3106 0.8866 -0.4410
v 0.6322 0.8866 -0.6662
v 0.0328 0.8866 -0.7719
v 0.0854 0.8866 -0.7626
v 0.4163 0.8866 -1.0404
v 0.4070 0.8866 -0.9878
v 0.6848 1.2787 -0.6569
v 0.4163 1.2787 -1.0404
v 0.4070 1.2787 -0.9878
v 0.6322 1.2787 -0.6662
v 0.0328 1.2787 -0.7719
v 0.0854 1.2787 -0.7626
v 0.3013 1.2787 -0.3883
v 0.3106 1.2787 -0.4410
v 0.6929 0.8964 -0.6625
v 0.4243 0.8964 -1.0460
v 0.4460 0.9342 -1.0151
v 0.6712 0.9342 -0.6935
v 0.4243 1.2689 -1.0460
v 0.4460 1.2312 -1.0151
v 0.6929 1.2689 -0.6625
v 0.6712 1.2312 -0.6935
v 0.4107 0.8964 -1.0484
v 0.0271 0.8964 -0.7799
v 0.0581 0.9342 -0.8016
v 0.3797 0.9342 -1.0268
v 0.0271 1.2689 -0.7799
v 0.0581 1.2312 -0.8016
v 0.4107 1.2689 -1.0484
v 0.3797 1.2312 -1.0268
v 0.0247 0.8964 -0.7662
v 0.2933 0.8964 -0.3827
v 0.2716 0.9342 -0.4137
v 0.0464 0.9342 -0.7353
v 0.2933 1.2689 -0.3827
v 0.2716 1.2312 -0.4137
v 0.0247 1.2689 -0.7662
v 0.0464 1.2312 -0.7353
v 0.3069 0.8964 -0.3803
v 0.6905 0.8964 -0.6489
v 0.6595 0.9342 -0.6272
v 0.3379 0.9342 -0.4020
v 0.6905 1.2689 -0.6489
v 0.6595 1.2312 -0.6272
v 0.3069 1.2689 -0.3803
v 0.3379 1.2312 -0.4020
v 0.6252 0.8914 -0.6674
v 0.3118 0.8914 -0.4480
v 0.3118 0.9009 -0.4480
v 0.3902 0.9009 -0.5028
v 0.4685 0.9009 -0.5577
v 0.5469 0.9009 -0.6125
v 0.6252 0.9009 -0.6674
v 0.0924 0.8914 -0.7614
v 0.0924 0.9009 -0.7614
v 0.4058 0.8914 -0.9808
v 0.4058 0.9009 -0.9808
v 0.3274 0.9009 -0.9259
v 0.2491 0.9009 -0.8711
v 0.1707 0.9009 -0.8162
v 0.6252 1.2740 -0.6674
v 0.4058 1.2740 -0.9808
v 0.4058 1.2644 -0.9808
v 0.6252 1.2644 -0.6674
v 0.0924 1.2740 -0.7614
v 0.0924 1.2644 -0.7614
v 0.1707 1.2644 -0.8162
v 0.2491 1.2644 -0.8711
v 0.3274 1.2644 -0.9259
v 0.3118 1.2740 -0.4480
v 0.3118 1.2644 -0.4480
v 0.5469 1.2644 -0.6125
v 0.4685 1.2644 -0.5577
v 0.3902 1.2644 -0.5028
v 0.6644 0.9392 -0.6948
v 0.4450 0.9392 -1.0082
v 0.4371 0.9392 -1.0027
v 0.6566 0.9392 -0.6893
v 0.4450 1.2261 -1.0082
v 0.4371 1.2261 -1.0027
v 0.4371 1.1305 -1.0027
v 0.4371 1.0348 -1.0027
v 0.6644 1.2261 -0.6948
v 0.6566 1.2261 -0.6893
v 0.6566 1.0348 -0.6893
v 0.6566 1.1305 -0.6893
v 0.3783 0.9392 -1.0200
v 0.0649 0.9392 -0.8005
v 0.0704 0.9392 -0.7927
v 0.3838 0.9392 -1.0121
v 0.0649 1.2261 -0.8005
v 0.0704 1.2261 -0.7927
v 0.0704 1.1305 -0.7927
v 0.0704 1.0348 -0.7927
v 0.3783 1.2261 -1.0200
v 0.3838 1.2261 -1.0121
v 0.3838 1.0348 -1.0121
v 0.3838 1.1305 -1.0121
v 0.0532 0.9392 -0.7339
v 0.2726 0.9392 -0.4205
v 0.2805 0.9392 -0.4260
v 0.0610 0.9392 -0.7394
v 0.2726 1.2261 -0.4205
v 0.2805 1.2261 -0.4260
v 0.2805 1.1305 -0.4260
v 0.2805 1.0348 -0.4260
v 0.0532 1.2261 -0.7339
v 0.0610 1.2261 -0.7394
v 0.0610 1.0348 -0.7394
v 0.0610 1.1305 -0.7394
v 0.3393 0.9392 -0.4088
v 0.6527 0.9392 -0.6282
v 0.6472 0.9392 -0.6361
v 0.3338 0.9392 -0.4166
v 0.6527 1.2261 -0.6282
v 0.6472 1.2261 -0.6361
v 0.6472 1.1305 -0.6361
v 0.6472 1.0348 -0.6361
v 0.3393 1.2261 -0.4088
v 0.3338 1.2261 -0.4166
v 0.3338 1.0348 -0.4166
v 0.3338 1.1305 -0.4166
v 0.4439 1.2211 -1.0014
v 0.6576 1.2211 -0.6962
v 0.6576 1.1355 -0.6962
v 0.4439 1.1355 -1.0014
v 0.0718 1.2211 -0.7995
v 0.3770 1.2211 -1.0132
v 0.3770 1.1355 -1.0132
v 0.0718 1.1355 -0.7995
v 0.2737 1.2211 -0.4274
v 0.0600 1.2211 -0.7326
v 0.0600 1.1355 -0.7326
v 0.2737 1.1355 -0.4274
v 0.6458 1.2211 -0.6293
v 0.3406 1.2211 -0.4156
v 0.3406 1.1355 -0.4156
v 0.6458 1.1355 -0.6293
v 0.4439 1.1255 -1.0014
v 0.6576 1.1255 -0.6962
v 0.6576 1.0399 -0.6962
v 0.4439 1.0399 -1.0014
v 0.0718 1.1255 -0.7995
v 0.3770 1.1255 -1.0132
v 0.3770 1.0399 -1.0132
v 0.0718 1.0399 -0.7995
v 0.2737 1.1255 -0.4274
v 0.0600 1.1255 -0.7326
v 0.0600 1.0399 -0.7326
v 0.2737 1.0399 -0.4274
v 0.6458 1.1255 -0.6293
v 0.3406 1.1255 -0.4156
v 0.3406 1.0399 -0.4156
v 0.6458 1.0399 -0.6293
v 0.3131 0.8961 -0.4550
v 0.0994 0.8961 -0.7601
v 0.1695 0.8961 -0.8092
v 0.3832 0.8961 -0.5041
v 0.0994 1.2692 -0.7601
v 0.3131 1.2692 -0.4550
v 0.3832 1.2692 -0.5041
v 0.1695 1.2692 -0.8092
v 0.3914 0.8961 -0.5098
v 0.1777 0.8961 -0.8150
v 0.2478 0.8961 -0.8641
v 0.4615 0.8961 -0.5589
v 0.1777 1.2692 -0.8150
v 0.3914 1.2692 -0.5098
v 0.4615 1.2692 -0.5589
v 0.2478 1.2692 -0.8641
v 0.4698 0.8961 -0.5647
v 0.2561 0.8961 -0.8698
v 0.3262 0.8961 -0.9189
v 0.5399 0.8961 -0.6138
v 0.2561 1.2692 -0.8698
v 0.4698 1.2692 -0.5647
v 0.5399 1.2692 -0.6138
v 0.3262 1.2692 -0.9189
v 0.6918 0.8914 -0.6557
v 0.3001 0.8914 -0.3814
v 0.0258 0.8914 -0.7731
v 0.4175 0.8914 -1.0474
v 0.6918 1.2740 -0.6557
v 0.4175 1.2740 -1.0474
v 0.0258 1.2740 -0.7731
v 0.3001 1.2740 -0.3814
v -0.6724 0.8511 2.6071
v 0.6757 0.8511 2.6071
v 0.6757 1.1495 2.6071
v -0.6724 1.1495 2.6071
v -0.8293 0.8627 2.6492
v -0.6903 0.8627 2.6492
v -0.6903 1.1360 2.6492
v -0.8293 1.1360 2.6492
v 0.6948 0.8627 2.6492
v 0.8338 0.8627 2.6492
v 0.8338 1.1360 2.6492
v 0.6948 1.1360 2.6492
v -0.4235 2.1082 -0.0461
v -0.4235 2.1082 0.6933
v -0.1569 2.1082 0.6933
v -0.1569 2.1082 -0.0461
v 0.4213 2.1082 0.6933
v 0.4213 2.1082 -0.0461
v 0.1548 2.1082 -0.0461
v 0.1548 2.1082 0.6933
v -0.1456 2.0945 -0.0574
v -0.4348 2.0945 -0.0574
v -0.4348 2.0945 0.7046
v -0.1456 2.0945 0.7046
v 0.1435 2.0945 0.7046
v 0.4326 2.0945 0.7046
v 0.4326 2.0945 -0.0574
v 0.1435 2.0945 -0.0574
v 0.8070 0.2327 1.3184
v 0.8070 0.1403 1.3893
v 0.8070 0.0694 1.4818
v 0.8070 0.0248 1.5894
v 0.8070 0.0096 1.7049
v 0.8070 0.0248 1.8204
v 0.8070 0.0694 1.9280
v 0.8070 0.1403 2.0204
v 0.8070 0.2327 2.0913
v 0.8070 0.3403 2.1359
v 0.8070 0.4558 2.1511
v 0.8070 0.5713 2.1359
v 0.8070 0.6789 2.0913
v 0.8070 0.7714 2.0204
v 0.8070 0.8423 1.9280
v 0.8070 0.8868 1.8204
v 0.8070 0.9020 1.7049
v 0.8070 0.8868 1.5894
v 0.8070 0.8423 1.4818
v 0.8070 0.7714 1.3893
v 0.8070 0.6789 1.3184
v 0.8070 0.5713 1.2738
v 0.8070 0.4558 1.2586
v 0.8070 0.3403 1.2738
v 0.8255 0.4758 1.2490
v 0.8255 0.5545 1.2594
v 1.0128 0.5545 1.2594
v 1.0128 0.4758 1.2490
v 1.0314 0.6789 1.3184
v 1.0314 0.5713 1.2738
v 0.8255 0.7011 1.3201
v 0.8255 0.7640 1.3684
v 1.0128 0.7640 1.3684
v 1.0128 0.7011 1.3201
v 1.0314 0.8423 1.4818
v 1.0314 0.7714 1.3893
v 0.8255 0.8606 1.4943
v 0.8255 0.8909 1.5676
v 1.0128 0.8909 1.5676
v 1.0128 0.8606 1.4943
v 1.0314 0.9020 1.7049
v 1.0314 0.8868 1.5894
v 0.8255 0.9117 1.7249
v 0.8255 0.9013 1.8035
v 1.0128 0.9013 1.8035
v 1.0128 0.9117 1.7249
v 1.0314 0.8423 1.9280
v 1.0314 0.8868 1.8204
v 0.8255 0.8406 1.9501
v 0.8255 0.7923 2.0130
v 1.0128 0.7923 2.0130
v 1.0128 0.8406 1.9501
v 1.0314 0.6789 2.0913
v 1.0314 0.7714 2.0204
v 0.8255 0.6664 2.1096
v 0.8255 0.5931 2.1400
v 1.0128 0.5931 2.1400
v 1.0128 0.6664 2.1096
v 1.0314 0.4558 2.1511
v 1.0314 0.5713 2.1359
v 0.8255 0.4358 2.1607
v 0.8255 0.3572 2.1503
v 1.0128 0.3572 2.1503
v 1.0128 0.4358 2.1607
v 1.0314 0.2327 2.0913
v 1.0314 0.3403 2.1359
v 0.8255 0.2106 2.0896
v 0.8255 0.1476 2.0413
v 1.0128 0.1476 2.0413
v 1.0128 0.2106 2.0896
v 1.0314 0.0694 1.9280
v 1.0314 0.1403 2.0204
v 0.8255 0.0511 1.9155
v 0.8255 0.0207 1.8422
v 1.0128 0.0207 1.8422
v 1.0128 0.0511 1.9155
v 1.0314 0.0096 1.7049
v 1.0314 0.0248 1.8204
v 0.8255 0.0000 1.6849
v 0.8255 0.0104 1.6062
v 1.0128 0.0104 1.6062
v 1.0128 0.0000 1.6849
v 1.0314 0.0694 1.4818
v 1.0314 0.0248 1.5894
v 0.8255 0.0711 1.4596
v 0.8255 0.1194 1.3967
v 1.0128 0.1194 1.3967
v 1.0128 0.0711 1.4596
v 1.0314 0.2327 1.3184
v 1.0314 0.1403 1.3893
v 0.8255 0.2452 1.3001
v 0.8255 0.3185 1.2697
v 1.0128 0.3185 1.2697
v 1.0128 0.2452 1.3001
v 1.0314 0.4558 1.2586
v 1.0314 0.3403 1.2738
v 1.0758 0.5629 1.3054
v 1.0758 0.4558 1.2913
v 1.0758 0.6626 1.3467
v 1.0758 0.7482 1.4125
v 1.0758 0.8139 1.4981
v 1.0758 0.8553 1.5978
v 1.0758 0.8693 1.7049
v 1.0758 0.8553 1.8119
v 1.0758 0.8139 1.9116
v 1.0758 0.7482 1.9973
v 1.0758 0.6626 2.0630
v 1.0758 0.5629 2.1043
v 1.0758 0.4558 2.1184
v 1.0758 0.3488 2.1043
v 1.0758 0.2491 2.0630
v 1.0758 0.1634 1.9973
v 1.0758 0.0977 1.9116
v 1.0758 0.0564 1.8119
v 1.0758 0.0423 1.7049
v 1.0758 0.0564 1.5978
v 1.0758 0.0977 1.4981
v 1.0758 0.1634 1.4125
v 1.0758 0.2491 1.3467
v 1.0758 0.3488 1.3054
v 1.0758 0.6585 1.5879
v 1.0758 0.6213 1.5394
v 1.0758 0.5728 1.5022
v 1.0758 0.5164 1.4789
v 1.0758 0.4558 1.4709
v 1.0758 0.3953 1.4789
v 1.0758 0.3388 1.5022
v 1.0758 0.2904 1.5394
v 1.0758 0.2532 1.5879
v 1.0758 0.2298 1.6443
v 1.0758 0.2218 1.7049
v 1.0758 0.2298 1.7654
v 1.0758 0.2532 1.8219
v 1.0758 0.2904 1.8703
v 1.0758 0.3388 1.9075
v 1.0758 0.3953 1.9309
v 1.0758 0.4558 1.9388
v 1.0758 0.5164 1.9309
v 1.0758 0.5728 1.9075
v 1.0758 0.6213 1.8703
v 1.0758 0.6585 1.8219
v 1.0758 0.6818 1.7654
v 1.0758 0.6898 1.7049
v 1.0758 0.6818 1.6443
v 1.0223 0.5079 1.5104
v 1.0223 0.4558 1.5036
v 1.0223 0.5565 1.5305
v 1.0223 0.5982 1.5625
v 1.0223 0.6301 1.6042
v 1.0223 0.6503 1.6528
v 1.0223 0.6571 1.7049
v 1.0223 0.6503 1.7570
v 1.0223 0.6301 1.8055
v 1.0223 0.5982 1.8472
v 1.0223 0.5565 1.8792
v 1.0223 0.5079 1.8993
v 1.0223 0.4558 1.9061
v 1.0223 0.4037 1.8993
v 1.0223 0.3552 1.8792
v 1.0223 0.3135 1.8472
v 1.0223 0.2815 1.8055
v 1.0223 0.2614 1.7570
v 1.0223 0.2545 1.7049
v 1.0223 0.2614 1.6528
v 1.0223 0.2815 1.6042
v 1.0223 0.3135 1.5625
v 1.0223 0.3552 1.5305
v 1.0223 0.4037 1.5104
v 0.8100 0.4576 1.5965
v 0.8100 0.5354 1.6287
v 0.8100 0.5677 1.7065
v 0.8100 0.5354 1.7844
v 0.8100 0.4576 1.8166
v 0.8100 0.3798 1.7844
v 0.8100 0.3476 1.7065
v 0.8100 0.3798 1.6287
v 0.7702 0.4576 1.6202
v 0.7702 0.5186 1.6455
v 0.7702 0.5354 1.6287
v 0.7702 0.4576 1.5965
v 0.7702 0.5439 1.7065
v 0.7702 0.5677 1.7065
v 0.7702 0.5186 1.7676
v 0.7702 0.5354 1.7844
v 0.7702 0.4576 1.7929
v 0.7702 0.4576 1.8166
v 0.7702 0.3966 1.7676
v 0.7702 0.3798 1.7844
v 0.7702 0.3713 1.7065
v 0.7702 0.3476 1.7065
v 0.7702 0.3966 1.6455
v 0.7702 0.3798 1.6287
v -0.7654 0.4576 1.6202
v -0.7654 0.5186 1.6455
v -0.7654 0.5439 1.7065
v -0.7654 0.5186 1.7676
v -0.7654 0.4576 1.7929
v -0.7654 0.3966 1.7676
v -0.7654 0.3713 1.7065
v -0.7654 0.3966 1.6455
v -0.8022 0.4558 1.2586
v -0.8022 0.5713 1.2738
v -0.8022 0.6789 1.3184
v -0.8022 0.7714 1.3893
v -0.8022 0.8423 1.4818
v -0.8022 0.8868 1.5894
v -0.8022 0.9020 1.7049
v -0.8022 0.8868 1.8204
v -0.8022 0.8423 1.9280
v -0.8022 0.7714 2.0204
v -0.8022 0.6789 2.0913
v -0.8022 0.5713 2.1359
v -0.8022 0.4558 2.1511
v -0.8022 0.3403 2.1359
v -0.8022 0.2327 2.0913
v -0.8022 0.1403 2.0204
v -0.8022 0.0694 1.9280
v -0.8022 0.0248 1.8204
v -0.8022 0.0096 1.7049
v -0.8022 0.0248 1.5894
v -0.8022 0.0694 1.4818
v -0.8022 0.1403 1.3893
v -0.8022 0.2327 1.3184
v -0.8022 0.3403 1.2738
v -0.8208 0.4758 1.2490
v -1.0174 0.4758 1.2490
v -1.0174 0.5545 1.2594
v -0.8208 0.5545 1.2594
v -1.0359 0.5713 1.2738
v -1.0359 0.6789 1.3184
v -0.8208 0.7011 1.3201
v -1.0174 0.7011 1.3201
v -1.0174 0.7640 1.3684
v -0.8208 0.7640 1.3684
v -1.0359 0.7714 1.3893
v -1.0359 0.8423 1.4818
v -0.8208 0.8606 1.4943
v -1.0174 0.8606 1.4943
v -1.0174 0.8909 1.5676
v -0.8208 0.8909 1.5676
v -1.0359 0.8868 1.5894
v -1.0359 0.9020 1.7049
v -0.8208 0.9117 1.7249
v -1.0174 0.9117 1.7249
v -1.0174 0.9013 1.8035
v -0.8208 0.9013 1.8035
v -1.0359 0.8868 1.8204
v -1.0359 0.8423 1.9280
v -0.8208 0.8406 1.9501
v -1.0174 0.8406 1.9501
v -1.0174 0.7923 2.0130
v -0.8208 0.7923 2.0130
v -1.0359 0.7714 2.0204
v -1.0359 0.6789 2.0913
v -0.8208 0.6664 2.1096
v -1.0174 0.6664 2.1096
v -1.0174 0.5931 2.1400
v -0.8208 0.5931 2.1400
v -1.0359 0.5713 2.1359
v -1.0359 0.4558 2.1511
v -0.8208 0.4358 2.1607
v -1.0174 0.4358 2.1607
v -1.0174 0.3572 2.1503
v -0.8208 0.3572 2.1503
v -1.0359 0.3403 2.1359
v -1.0359 0.2327 2.0913
v -0.8208 0.2106 2.0896
v -1.0174 0.2106 2.0896
v -1.0174 0.1476 2.0413
v -0.8208 0.1476 2.0413
v -1.0359 0.1403 2.0204
v -1.0359 0.0694 1.9280
v -0.8208 0.0511 1.9155
v -1.0174 0.0511 1.9155
v -1.0174 0.0207 1.8422
v -0.8208 0.0207 1.8422
v -1.0359 0.0248 1.8204
v -1.0359 0.0096 1.7049
v -0.8208 0.0000 1.6849
v -1.0174 0.0000 1.6849
v -1.0174 0.0104 1.6062
v -0.8208 0.0104 1.6062
v -1.0359 0.0248 1.5894
v -1.0359 0.0694 1.4818
v -0.8208 0.0711 1.4596
v -1.0174 0.0711 1.4596
v -1.0174 0.1194 1.3967
v -0.8208 0.1194 1.3967
v -1.0359 0.1403 1.3893
v -1.0359 0.2327 1.3184
v -0.8208 0.2452 1.3001
v -1.0174 0.2452 1.3001
v -1.0174 0.3185 1.2697
v -0.8208 0.3185 1.2697
v -1.0359 0.3403 1.2738
v -1.0359 0.4558 1.2586
v -1.0803 0.4558 1.2913
v -1.0803 0.5629 1.3054
v -1.0803 0.6626 1.3467
v -1.0803 0.7482 1.4125
v -1.0803 0.8139 1.4981
v -1.0803 0.8553 1.5978
v -1.0803 0.8693 1.7049
v -1.0803 0.8553 1.8119
v -1.0803 0.8139 1.9116
v -1.0803 0.7482 1.9973
v -1.0803 0.6626 2.0630
v -1.0803 0.5629 2.1043
v -1.0803 0.4558 2.1184
v -1.0803 0.3488 2.1043
v -1.0803 0.2491 2.0630
v -1.0803 0.1634 1.9973
v -1.0803 0.0977 1.9116
v -1.0803 0.0564 1.8119
v -1.0803 0.0423 1.7049
v -1.0803 0.0564 1.5978
v -1.0803 0.0977 1.4981
v -1.0803 0.1634 1.4125
v -1.0803 0.2491 1.3467
v -1.0803 0.3488 1.3054
v -1.0803 0.6585 1.5879
v -1.0803 0.6818 1.6443
v -1.0803 0.6213 1.5394
v -1.0803 0.5728 1.5022
v -1.0803 0.5164 1.4789
v -1.0803 0.4558 1.4709
v -1.0803 0.3953 1.4789
v -1.0803 0.3388 1.5022
v -1.0803 0.2904 1.5394
v -1.0803 0.2532 1.5879
v -1.0803 0.2298 1.6443
v -1.0803 0.2218 1.7049
v -1.0803 0.2298 1.7654
v -1.0803 0.2532 1.8219
v -1.0803 0.2904 1.8703
v -1.0803 0.3388 1.9075
v -1.0803 0.3953 1.9309
v -1.0803 0.4558 1.9388
v -1.0803 0.5164 1.9309
v -1.0803 0.5728 1.9075
v -1.0803 0.6213 1.8703
v -1.0803 0.6585 1.8219
v -1.0803 0.6818 1.7654
v -1.0803 0.6898 1.7049
v -1.0269 0.4558 1.5036
v -1.0269 0.5079 1.5104
v -1.0269 0.5565 1.5305
v -1.0269 0.5982 1.5625
v -1.0269 0.6301 1.6042
v -1.0269 0.6503 1.6528
v -1.0269 0.6571 1.7049
v -1.0269 0.6503 1.7570
v -1.0269 0.6301 1.8055
v -1.0269 0.5982 1.8472
v -1.0269 0.5565 1.8792
v -1.0269 0.5079 1.8993
v -1.0269 0.4558 1.9061
v -1.0269 0.4037 1.8993
v -1.0269 0.3552 1.8792
v -1.0269 0.3135 1.8472
v -1.0269 0.2815 1.8055
v -1.0269 0.2614 1.7570
v -1.0269 0.2545 1.7049
v -1.0269 0.2614 1.6528
v -1.0269 0.2815 1.6042
v -1.0269 0.3135 1.5625
v -1.0269 0.3552 1.5305
v -1.0269 0.4037 1.5104
v -0.8053 0.3476 1.7065
v -0.8053 0.3798 1.7844
v -0.8053 0.4576 1.8166
v -0.8053 0.5354 1.7844
v -0.8053 0.5677 1.7065
v -0.8053 0.5354 1.6287
v -0.8053 0.4576 1.5965
v -0.8053 0.3798 1.6287
v -0.7654 0.4576 1.5965
v -0.7654 0.5354 1.6287
v -0.7654 0.5677 1.7065
v -0.7654 0.5354 1.7844
v -0.7654 0.4576 1.8166
v -0.7654 0.3798 1.7844
v -0.7654 0.3476 1.7065
v -0.7654 0.3798 1.6287
v 0.8070 0.2327 -1.9015
v 0.8070 0.1403 -1.8306
v 0.8070 0.0694 -1.7382
v 0.8070 0.0248 -1.6306
v 0.8070 0.0096 -1.5151
v 0.8070 0.0248 -1.3996
v 0.8070 0.0694 -1.2920
v 0.8070 0.1403 -1.1995
v 0.8070 0.2327 -1.1286
v 0.8070 0.3403 -1.0840
v 0.8070 0.4558 -1.0688
v 0.8070 0.5713 -1.0840
v 0.8070 0.6789 -1.1286
v 0.8070 0.7714 -1.1995
v 0.8070 0.8423 -1.2920
v 0.8070 0.8868 -1.3996
v 0.8070 0.9020 -1.5151
v 0.8070 0.8868 -1.6306
v 0.8070 0.8423 -1.7382
v 0.8070 0.7714 -1.8306
v 0.8070 0.6789 -1.9015
v 0.8070 0.5713 -1.9461
v 0.8070 0.4558 -1.9613
v 0.8070 0.3403 -1.9461
v 0.8255 0.4758 -1.9709
v 0.8255 0.5545 -1.9605
v 1.0128 0.5545 -1.9605
v 1.0128 0.4758 -1.9709
v 1.0314 0.6789 -1.9015
v 1.0314 0.5713 -1.9461
v 0.8255 0.7011 -1.8998
v 0.8255 0.7640 -1.8515
v 1.0128 0.7640 -1.8515
v 1.0128 0.7011 -1.8998
v 1.0314 0.8423 -1.7382
v 1.0314 0.7714 -1.8306
v 0.8255 0.8606 -1.7257
v 0.8255 0.8909 -1.6524
v 1.0128 0.8909 -1.6524
v 1.0128 0.8606 -1.7257
v 1.0314 0.9020 -1.5151
v 1.0314 0.8868 -1.6306
v 0.8255 0.9117 -1.4951
v 0.8255 0.9013 -1.4164
v 1.0128 0.9013 -1.4164
v 1.0128 0.9117 -1.4951
v 1.0314 0.8423 -1.2920
v 1.0314 0.8868 -1.3996
v 0.8255 0.8406 -1.2698
v 0.8255 0.7923 -1.2069
v 1.0128 0.7923 -1.2069
v 1.0128 0.8406 -1.2698
v 1.0314 0.6789 -1.1286
v 1.0314 0.7714 -1.1995
v 0.8255 0.6664 -1.1103
v 0.8255 0.5931 -1.0799
v 1.0128 0.5931 -1.0799
v 1.0128 0.6664 -1.1103
v 1.0314 0.4558 -1.0688
v 1.0314 0.5713 -1.0840
v 0.8255 0.4358 -1.0592
v 0.8255 0.3572 -1.0696
v 1.0128 0.3572 -1.0696
v 1.0128 0.4358 -1.0592
v 1.0314 0.2327 -1.1286
v 1.0314 0.3403 -1.0840
v 0.8255 0.2106 -1.1303
v 0.8255 0.1476 -1.1786
v 1.0128 0.1476 -1.1786
v 1.0128 0.2106 -1.1303
v 1.0314 0.0694 -1.2920
v 1.0314 0.1403 -1.1995
v 0.8255 0.0511 -1.3045
v 0.8255 0.0207 -1.3778
v 1.0128 0.0207 -1.3778
v 1.0128 0.0511 -1.3045
v 1.0314 0.0096 -1.5151
v 1.0314 0.0248 -1.3996
v 0.8255 0.0000 -1.5351
v 0.8255 0.0104 -1.6137
v 1.0128 0.0104 -1.6137
v 1.0128 0.0000 -1.5351
v 1.0314 0.0694 -1.7382
v 1.0314 0.0248 -1.6306
v 0.8255 0.0711 -1.7603
v 0.8255 0.1194 -1.8232
v 1.0128 0.1194 -1.8232
v 1.0128 0.0711 -1.7603
v 1.0314 0.2327 -1.9015
v 1.0314 0.1403 -1.8306
v 0.8255 0.2452 -1.9198
v 0.8255 0.3185 -1.9502
v 1.0128 0.3185 -1.9502
v 1.0128 0.2452 -1.9198
v 1.0314 0.4558 -1.9613
v 1.0314 0.3403 -1.9461
v 1.0758 0.5629 -1.9145
v 1.0758 0.4558 -1.9286
v 1.0758 0.6626 -1.8732
v 1.0758 0.7482 -1.8075
v 1.0758 0.8139 -1.7218
v 1.0758 0.8553 -1.6221
v 1.0758 0.8693 -1.5151
v 1.0758 0.8553 -1.4080
v 1.0758 0.8139 -1.3083
v 1.0758 0.7482 -1.2227
v 1.0758 0.6626 -1.1569
v 1.0758 0.5629 -1.1156
v 1.0758 0.4558 -1.1015
v 1.0758 0.3488 -1.1156
v 1.0758 0.2491 -1.1569
v 1.0758 0.1634 -1.2227
v 1.0758 0.0977 -1.3083
v 1.0758 0.0564 -1.4080
v 1.0758 0.0423 -1.5151
v 1.0758 0.0564 -1.6221
v 1.0758 0.0977 -1.7218
v 1.0758 0.1634 -1.8075
v 1.0758 0.2491 -1.8732
v 1.0758 0.3488 -1.9145
v 1.0758 0.6585 -1.6321
v 1.0758 0.6213 -1.6805
v 1.0758 0.5728 -1.7177
v 1.0758 0.5164 -1.7411
v 1.0758 0.4558 -1.7490
v 1.0758 0.3953 -1.7411
v 1.0758 0.3388 -1.7177
v 1.0758 0.2904 -1.6805
v 1.0758 0.2532 -1.6321
v 1.0758 0.2298 -1.5756
v 1.0758 0.2218 -1.5151
v 1.0758 0.2298 -1.4545
v 1.0758 0.2532 -1.3981
v 1.0758 0.2904 -1.3496
v 1.0758 0.3388 -1.3124
v 1.0758 0.3953 -1.2891
v 1.0758 0.4558 -1.2811
v 1.0758 0.5164 -1.2891
v 1.0758 0.5728 -1.3124
v 1.0758 0.6213 -1.3496
v 1.0758 0.6585 -1.3981
v 1.0758 0.6818 -1.4545
v 1.0758 0.6898 -1.5151
v 1.0758 0.6818 -1.5756
v 1.0223 0.5079 -1.7095
v 1.0223 0.4558 -1.7163
v 1.0223 0.5565 -1.6894
v 1.0223 0.5982 -1.6574
v 1.0223 0.6301 -1.6157
v 1.0223 0.6503 -1.5672
v 1.0223 0.6571 -1.5151
v 1.0223 0.6503 -1.4630
v 1.0223 0.6301 -1.4144
v 1.0223 0.5982 -1.3727
v 1.0223 0.5565 -1.3407
v 1.0223 0.5079 -1.3206
v 1.0223 0.4558 -1.3138
v 1.0223 0.4037 -1.3206
v 1.0223 0.3552 -1.3407
v 1.0223 0.3135 -1.3727
v 1.0223 0.2815 -1.4144
v 1.0223 0.2614 -1.4630
v 1.0223 0.2545 -1.5151
v 1.0223 0.2614 -1.5672
v 1.0223 0.2815 -1.6157
v 1.0223 0.3135 -1.6574
v 1.0223 0.3552 -1.6894
v 1.0223 0.4037 -1.7095
v 0.8100 0.4576 -1.6234
v 0.8100 0.5354 -1.5912
v 0.8100 0.5677 -1.5134
v 0.8100 0.5354 -1.4356
v 0.8100 0.4576 -1.4033
v 0.8100 0.3798 -1.4356
v 0.8100 0.3476 -1.5134
v 0.8100 0.3798 -1.5912
v 0.7702 0.4576 -1.5997
v 0.7702 0.5186 -1.5744
v 0.7702 0.5354 -1.5912
v 0.7702 0.4576 -1.6234
v 0.7702 0.5439 -1.5134
v 0.7702 0.5677 -1.5134
v 0.7702 0.5186 -1.4524
v 0.7702 0.5354 -1.4356
v 0.7702 0.4576 -1.4271
v 0.7702 0.4576 -1.4033
v 0.7702 0.3966 -1.4524
v 0.7702 0.3798 -1.4356
v 0.7702 0.3713 -1.5134
v 0.7702 0.3476 -1.5134
v 0.7702 0.3966 -1.5744
v 0.7702 0.3798 -1.5912
v -0.7654 0.4576 -1.5997
v -0.7654 0.5186 -1.5744
v -0.7654 0.5439 -1.5134
v -0.7654 0.5186 -1.4524
v -0.7654 0.4576 -1.4271
v -0.7654 0.3966 -1.4524
v -0.7654 0.3713 -1.5134
v -0.7654 0.3966 -1.5744
v -0.8022 0.4558 -1.9613
v -0.8022 0.5713 -1.9461
v -0.8022 0.6789 -1.9015
v -0.8022 0.7714 -1.8306
v -0.8022 0.8423 -1.7382
v -0.8022 0.8868 -1.6306
v -0.8022 0.9020 -1.5151
v -0.8022 0.8868 -1.3996
v -0.8022 0.8423 -1.2920
v -0.8022 0.7714 -1.1995
v -0.8022 0.6789 -1.1286
v -0.8022 0.5713 -1.0840
v -0.8022 0.4558 -1.0688
v -0.8022 0.3403 -1.0840
v -0.8022 0.2327 -1.1286
v -0.8022 0.1403 -1.1995
v -0.8022 0.0694 -1.2920
v -0.8022 0.0248 -1.3996
v -0.8022 0.0096 -1.5151
v -0.8022 0.0248 -1.6306
v -0.8022 0.0694 -1.7382
v -0.8022 0.1403 -1.8306
v -0.8022 0.2327 -1.9015
v -0.8022 0.3403 -1.9461
v -0.8208 0.4758 -1.9709
v -1.0174 0.4758 -1.9709
v -1.0174 0.5545 -1.9605
v -0.8208 0.5545 -1.9605
v -1.0359 0.5713 -1.9461
v -1.0359 0.6789 -1.9015
v -0.8208 0.7011 -1.8998
v -1.0174 0.7011 -1.8998
v -1.0174 0.7640 -1.8515
v -0.8208 0.7640 -1.8515
v -1.0359 0.7714 -1.8306
v -1.0359 0.8423 -1.7382
v -0.8208 0.8606 -1.7257
v -1.0174 0.8606 -1.7257
v -1.0174 0.8909 -1.6524
v -0.8208 0.8909 -1.6524
v -1.0359 0.8868 -1.6306
v -1.0359 0.9020 -1.5151
v -0.8208 0.9117 -1.4951
v -1.0174 0.9117 -1.4951
v -1.0174 0.9013 -1.4164
v -0.8208 0.9013 -1.4164
v -1.0359 0.8868 -1.3996
v -1.0359 0.8423 -1.2920
v -0.8208 0.8406 -1.2698
v -1.0174 0.8406 -1.2698
v -1.0174 0.7923 -1.2069
v -0.8208 0.7923 -1.2069
v -1.0359 0.7714 -1.1995
v -1.0359 0.6789 -1.1286
v -0.8208 0.6664 -1.1103
v -1.0174 0.6664 -1.1103
v -1.0174 0.5931 -1.0799
v -0.8208 0.5931 -1.0799
v -1.0359 0.5713 -1.0840
v -1.0359 0.4558 -1.0688
v -0.8208 0.4358 -1.0592
v -1.0174 0.4358 -1.0592
v -1.0174 0.3572 -1.0696
v -0.8208 0.3572 -1.0696
v -1.0359 0.3403 -1.0840
v -1.0359 0.2327 -1.1286
v -0.8208 0.2106 -1.1303
v -1.0174 0.2106 -1.1303
v -1.0174 0.1476 -1.1786
v -0.8208 0.1476 -1.1786
v -1.0359 0.1403 -1.1995
v -1.0359 0.0694 -1.2920
v -0.8208 0.0511 -1.3045
v -1.0174 0.0511 -1.3045
v -1.0174 0.0207 -1.3778
v -0.8208 0.0207 -1.3778
v -1.0359 0.0248 -1.3996
v -1.0359 0.0096 -1.5151
v -0.8208 0.0000 -1.5351
v -1.0174 0.0000 -1.5351
v -1.0174 0.0104 -1.6137
v -0.8208 0.0104 -1.6137
v -1.0359 0.0248 -1.6306
v -1.0359 0.0694 -1.7382
v -0.8208 0.0711 -1.7603
v -1.0174 0.0711 -1.7603
v -1.0174 0.1194 -1.8232
v -0.8208 0.1194 -1.8232
v -1.0359 0.1403 -1.8306
v -1.0359 0.2327 -1.9015
v -0.8208 0.2452 -1.9198
v -1.0174 0.2452 -1.9198
v -1.0174 0.3185 -1.9502
v -0.8208 0.3185 -1.9502
v -1.0359 0.3403 -1.9461
v -1.0359 0.4558 -1.9613
v -1.0803 0.4558 -1.9286
v -1.0803 0.5629 -1.9145
v -1.0803 0.6626 -1.8732
v -1.0803 0.7482 -1.8075
v -1.0803 0.8139 -1.7218
v -1.0803 0.8553 -1.6221
v -1.0803 0.8693 -1.5151
v -1.0803 0.8553 -1.4080
v -1.0803 0.8139 -1.3083
v -1.0803 0.7482 -1.2227
v -1.0803 0.6626 -1.1569
v -1.0803 0.5629 -1.1156
v -1.0803 0.4558 -1.1015
v -1.0803 0.3488 -1.1156
v -1.0803 0.2491 -1.1569
v -1.0803 0.1634 -1.2227
v -1.0803 0.0977 -1.3083
v -1.0803 0.0564 -1.4080
v -1.0803 0.0423 -1.5151
v -1.0803 0.0564 -1.6221
v -1.0803 0.0977 -1.7218
v -1.0803 0.1634 -1.8075
v -1.0803 0.2491 -1.8732
v -1.0803 0.3488 -1.9145
v -1.0803 0.6585 -1.6321
v -1.0803 0.6818 -1.5756
v -1.0803 0.6213 -1.6805
v -1.0803 0.5728 -1.7177
v -1.0803 0.5164 -1.7411
v -1.0803 0.4558 -1.7490
v -1.0803 0.3953 -1.7411
v -1.0803 0.3388 -1.7177
v -1.0803 0.2904 -1.6805
v -1.0803 0.2532 -1.6321
v -1.0803 0.2298 -1.5756
v -1.0803 0.2218 -1.5151
v -1.0803 0.2298 -1.4545
v -1.0803 0.2532 -1.3981
v -1.0803 0.2904 -1.3496
v -1.0803 0.3388 -1.3124
v -1.0803 0.3953 -1.2891
v -1.0803 0.4558 -1.2811
v -1.0803 0.5164 -1.2891
v -1.0803 0.5728 -1.3124
v -1.0803 0.6213 -1.3496
v -1.0803 0.6585 -1.3981
v -1.0803 0.6818 -1.4545
v -1.0803 0.6898 -1.5151
v -1.0269 0.4558 -1.7163
v -1.0269 0.5079 -1.7095
v -1.0269 0.5565 -1.6894
v -1.0269 0.5982 -1.6574
v -1.0269 0.6301 -1.6157
v -1.0269 0.6503 -1.5672
v -1.0269 0.6571 -1.5151
v -1.0269 0.6503 -1.4630
v -1.0269 0.6301 -1.4144
v -1.0269 0.5982 -1.3727
v -1.0269 0.5565 -1.3407
v -1.0269 0.5079 -1.3206
v -1.0269 0.4558 -1.3138
v -1.0269 0.4037 -1.3206
v -1.0269 0.3552 -1.3407
v -1.0269 0.3135 -1.3727
v -1.0269 0.2815 -1.4144
v -1.0269 0.2614 -1.4630
v -1.0269 0.2545 -1.5151
v -1.0269 0.2614 -1.5672
v -1.0269 0.2815 -1.6157
v -1.0269 0.3135 -1.6574
v -1.0269 0.3552 -1.6894
v -1.0269 0.4037 -1.7095
v -0.8053 0.3476 -1.5134
v -0.8053 0.3798 -1.4356
v -0.8053 0.4576 -1.4033
v -0.8053 0.5354 -1.4356
v -0.8053 0.5677 -1.5134
v -0.8053 0.5354 -1.5912
v -0.8053 0.4576 -1.6234
v -0.8053 0.3798 -1.5912
v -0.7654 0.4576 -1.6234
v -0.7654 0.5354 -1.5912
v -0.7654 0.5677 -1.5134
v -0.7654 0.5354 -1.4356
v -0.7654 0.4576 -1.4033
v -0.7654 0.3798 -1.4356
v -0.7654 0.3476 -1.5134
v -0.7654 0.3798 -1.5912
v 1.0311 0.4558 1.6154
v 1.0311 0.4790 1.6184
v 1.0311 0.5006 1.6274
v 1.0311 0.5191 1.6416
v 1.0311 0.5333 1.6601
v 1.0311 0.5423 1.6817
v 1.0311 0.5453 1.7049
v 1.0311 0.5423 1.7280
v 1.0311 0.5333 1.7496
v 1.0311 0.5191 1.7681
v 1.0311 0.5006 1.7824
v 1.0311 0.4790 1.7913
v 1.0311 0.4558 1.7943
v 1.0311 0.4327 1.7913
v 1.0311 0.4111 1.7824
v 1.0311 0.3926 1.7681
v 1.0311 0.3783 1.7496
v 1.0311 0.3694 1.7280
v 1.0311 0.3663 1.7049
v 1.0311 0.3694 1.6817
v 1.0311 0.3783 1.6601
v 1.0311 0.3926 1.6416
v 1.0311 0.4111 1.6274
v 1.0311 0.4327 1.6184
v 1.0223 0.4037 1.5104
v 1.0223 0.4558 1.5036
v 1.0223 0.4558 1.5217
v 1.0223 0.4084 1.5279
v 1.0223 0.5079 1.5104
v 1.0223 0.5032 1.5279
v 1.0223 0.5565 1.5305
v 1.0223 0.5474 1.5462
v 1.0223 0.5982 1.5625
v 1.0223 0.5853 1.5753
v 1.0223 0.6301 1.6042
v 1.0223 0.6145 1.6133
v 1.0223 0.6503 1.6528
v 1.0223 0.6328 1.6575
v 1.0223 0.6571 1.7049
v 1.0223 0.6390 1.7049
v 1.0223 0.6503 1.7570
v 1.0223 0.6328 1.7523
v 1.0223 0.6301 1.8055
v 1.0223 0.6145 1.7965
v 1.0223 0.5982 1.8472
v 1.0223 0.5853 1.8344
v 1.0223 0.5565 1.8792
v 1.0223 0.5474 1.8635
v 1.0223 0.5079 1.8993
v 1.0223 0.5032 1.8818
v 1.0223 0.4558 1.9061
v 1.0223 0.4558 1.8880
v 1.0223 0.4037 1.8993
v 1.0223 0.4084 1.8818
v 1.0223 0.3552 1.8792
v 1.0223 0.3642 1.8635
v 1.0223 0.3135 1.8472
v 1.0223 0.3263 1.8344
v 1.0223 0.2815 1.8055
v 1.0223 0.2972 1.7965
v 1.0223 0.2614 1.7570
v 1.0223 0.2789 1.7523
v 1.0223 0.2545 1.7049
v 1.0223 0.2727 1.7049
v 1.0223 0.2614 1.6528
v 1.0223 0.2789 1.6575
v 1.0223 0.2815 1.6042
v 1.0223 0.2972 1.6133
v 1.0223 0.3135 1.5625
v 1.0223 0.3263 1.5753
v 1.0223 0.3552 1.5305
v 1.0223 0.3642 1.5462
v 1.0017 0.4558 1.5217
v 1.0017 0.4084 1.5279
v 1.0017 0.5032 1.5279
v 1.0017 0.5474 1.5462
v 1.0017 0.5853 1.5753
v 1.0017 0.6145 1.6133
v 1.0017 0.6328 1.6575
v 1.0017 0.6390 1.7049
v 1.0017 0.6328 1.7523
v 1.0017 0.6145 1.7965
v 1.0017 0.5853 1.8344
v 1.0017 0.5474 1.8635
v 1.0017 0.5032 1.8818
v 1.0017 0.4558 1.8880
v 1.0017 0.4084 1.8818
v 1.0017 0.3642 1.8635
v 1.0017 0.3263 1.8344
v 1.0017 0.2972 1.7965
v 1.0017 0.2789 1.7523
v 1.0017 0.2727 1.7049
v 1.0017 0.2789 1.6575
v 1.0017 0.2972 1.6133
v 1.0017 0.3263 1.5753
v 1.0017 0.3642 1.5462
v 1.0017 0.5534 1.7310
v 1.0017 0.5568 1.7049
v 1.0017 0.5534 1.6787
v 1.0017 0.5433 1.6544
v 1.0017 0.5272 1.6335
v 1.0017 0.5063 1.6174
v 1.0017 0.4820 1.6073
v 1.0017 0.4558 1.6039
v 1.0017 0.4297 1.6073
v 1.0017 0.4053 1.6174
v 1.0017 0.3844 1.6335
v 1.0017 0.3684 1.6544
v 1.0017 0.3583 1.6787
v 1.0017 0.3548 1.7049
v 1.0017 0.3583 1.7310
v 1.0017 0.3684 1.7554
v 1.0017 0.3844 1.7763
v 1.0017 0.4053 1.7923
v 1.0017 0.4297 1.8024
v 1.0017 0.4558 1.8058
v 1.0017 0.4820 1.8024
v 1.0017 0.5063 1.7923
v 1.0017 0.5272 1.7763
v 1.0017 0.5433 1.7554
v 1.0197 0.4558 1.6039
v 1.0197 0.4297 1.6073
v 1.0197 0.4820 1.6073
v 1.0197 0.5063 1.6174
v 1.0197 0.5272 1.6335
v 1.0197 0.5433 1.6544
v 1.0197 0.5534 1.6787
v 1.0197 0.5568 1.7049
v 1.0197 0.5534 1.7310
v 1.0197 0.5433 1.7554
v 1.0197 0.5272 1.7763
v 1.0197 0.5063 1.7923
v 1.0197 0.4820 1.8024
v 1.0197 0.4558 1.8058
v 1.0197 0.4297 1.8024
v 1.0197 0.4053 1.7923
v 1.0197 0.3844 1.7763
v 1.0197 0.3684 1.7554
v 1.0197 0.3583 1.7310
v 1.0197 0.3548 1.7049
v 1.0197 0.3583 1.6787
v 1.0197 0.3684 1.6544
v 1.0197 0.3844 1.6335
v 1.0197 0.4053 1.6174
v -1.0357 0.4111 1.6274
v -1.0357 0.3926 1.6416
v -1.0357 0.3783 1.6601
v -1.0357 0.3694 1.6817
v -1.0357 0.3663 1.7049
v -1.0357 0.3694 1.7280
v -1.0357 0.3783 1.7496
v -1.0357 0.3926 1.7681
v -1.0357 0.4111 1.7824
v -1.0357 0.4327 1.7913
v -1.0357 0.4558 1.7943
v -1.0357 0.4790 1.7913
v -1.0357 0.5006 1.7824
v -1.0357 0.5191 1.7681
v -1.0357 0.5333 1.7496
v -1.0357 0.5423 1.7280
v -1.0357 0.5453 1.7049
v -1.0357 0.5423 1.6817
v -1.0357 0.5333 1.6601
v -1.0357 0.5191 1.6416
v -1.0357 0.5006 1.6274
v -1.0357 0.4790 1.6184
v -1.0357 0.4558 1.6154
v -1.0357 0.4327 1.6184
v -1.0269 0.4037 1.5104
v -1.0269 0.4084 1.5279
v -1.0269 0.4558 1.5217
v -1.0269 0.4558 1.5036
v -1.0269 0.5032 1.5279
v -1.0269 0.5079 1.5104
v -1.0269 0.5474 1.5462
v -1.0269 0.5565 1.5305
v -1.0269 0.5853 1.5753
v -1.0269 0.5982 1.5625
v -1.0269 0.6145 1.6133
v -1.0269 0.6301 1.6042
v -1.0269 0.6328 1.6575
v -1.0269 0.6503 1.6528
v -1.0269 0.6390 1.7049
v -1.0269 0.6571 1.7049
v -1.0269 0.6328 1.7523
v -1.0269 0.6503 1.7570
v -1.0269 0.6145 1.7965
v -1.0269 0.6301 1.8055
v -1.0269 0.5853 1.8344
v -1.0269 0.5982 1.8472
v -1.0269 0.5474 1.8635
v -1.0269 0.5565 1.8792
v -1.0269 0.5032 1.8818
v -1.0269 0.5079 1.8993
v -1.0269 0.4558 1.8880
v -1.0269 0.4558 1.9061
v -1.0269 0.4084 1.8818
v -1.0269 0.4037 1.8993
v -1.0269 0.3642 1.8635
v -1.0269 0.3552 1.8792
v -1.0269 0.3263 1.8344
v -1.0269 0.3135 1.8472
v -1.0269 0.2972 1.7965
v -1.0269 0.2815 1.8055
v -1.0269 0.2789 1.7523
v -1.0269 0.2614 1.7570
v -1.0269 0.2727 1.7049
v -1.0269 0.2545 1.7049
v -1.0269 0.2789 1.6575
v -1.0269 0.2614 1.6528
v -1.0269 0.2972 1.6133
v -1.0269 0.2815 1.6042
v -1.0269 0.3263 1.5753
v -1.0269 0.3135 1.5625
v -1.0269 0.3642 1.5462
v -1.0269 0.3552 1.5305
v -1.0063 0.4084 1.5279
v -1.0063 0.4558 1.5217
v -1.0063 0.5032 1.5279
v -1.0063 0.5474 1.5462
v -1.0063 0.5853 1.5753
v -1.0063 0.6145 1.6133
v -1.0063 0.6328 1.6575
v -1.0063 0.6390 1.7049
v -1.0063 0.6328 1.7523
v -1.0063 0.6145 1.7965
v -1.0063 0.5853 1.8344
v -1.0063 0.5474 1.8635
v -1.0063 0.5032 1.8818
v -1.0063 0.4558 1.8880
v -1.0063 0.4084 1.8818
v -1.0063 0.3642 1.8635
v -1.0063 0.3263 1.8344
v -1.0063 0.2972 1.7965
v -1.0063 0.2789 1.7523
v -1.0063 0.2727 1.7049
v -1.0063 0.2789 1.6575
v -1.0063 0.2972 1.6133
v -1.0063 0.3263 1.5753
v -1.0063 0.3642 1.5462
v -1.0063 0.5534 1.7310
v -1.0063 0.5433 1.7554
v -1.0063 0.5568 1.7049
v -1.0063 0.5534 1.6787
v -1.0063 0.5433 1.6544
v -1.0063 0.5272 1.6335
v -1.0063 0.5063 1.6174
v -1.0063 0.4820 1.6073
v -1.0063 0.4558 1.6039
v -1.0063 0.4297 1.6073
v -1.0063 0.4053 1.6174
v -1.0063 0.3844 1.6335
v -1.0063 0.3684 1.6544
v -1.0063 0.3583 1.6787
v -1.0063 0.3548 1.7049
v -1.0063 0.3583 1.7310
v -1.0063 0.3684 1.7554
v -1.0063 0.3844 1.7763
v -1.0063 0.4053 1.7923
v -1.0063 0.4297 1.8024
v -1.0063 0.4558 1.8058
v -1.0063 0.4820 1.8024
v -1.0063 0.5063 1.7923
v -1.0063 0.5272 1.7763
v -1.0243 0.4297 1.6073
v -1.0243 0.4558 1.6039
v -1.0243 0.4820 1.6073
v -1.0243 0.5063 1.6174
v -1.0243 0.5272 1.6335
v -1.0243 0.5433 1.6544
v -1.0243 0.5534 1.6787
v -1.0243 0.5568 1.7049
v -1.0243 0.5534 1.7310
v -1.0243 0.5433 1.7554
v -1.0243 0.5272 1.7763
v -1.0243 0.5063 1.7923
v -1.0243 0.4820 1.8024
v -1.0243 0.4558 1.8058
v -1.0243 0.4297 1.8024
v -1.0243 0.4053 1.7923
v -1.0243 0.3844 1.7763
v -1.0243 0.3684 1.7554
v -1.0243 0.3583 1.7310
v -1.0243 0.3548 1.7049
v -1.0243 0.3583 1.6787
v -1.0243 0.3684 1.6544
v -1.0243 0.3844 1.6335
v -1.0243 0.4053 1.6174
v 1.0311 0.4558 -1.6045
v 1.0311 0.4790 -1.6015
v 1.0311 0.5006 -1.5926
v 1.0311 0.5191 -1.5783
v 1.0311 0.5333 -1.5598
v 1.0311 0.5423 -1.5382
v 1.0311 0.5453 -1.5151
v 1.0311 0.5423 -1.4919
v 1.0311 0.5333 -1.4703
v 1.0311 0.5191 -1.4518
v 1.0311 0.5006 -1.4376
v 1.0311 0.4790 -1.4286
v 1.0311 0.4558 -1.4256
v 1.0311 0.4327 -1.4286
v 1.0311 0.4111 -1.4376
v 1.0311 0.3926 -1.4518
v 1.0311 0.3783 -1.4703
v 1.0311 0.3694 -1.4919
v 1.0311 0.3663 -1.5151
v 1.0311 0.3694 -1.5382
v 1.0311 0.3783 -1.5598
v 1.0311 0.3926 -1.5783
v 1.0311 0.4111 -1.5926
v 1.0311 0.4327 -1.6015
v 1.0223 0.4037 -1.7095
v 1.0223 0.4558 -1.7163
v 1.0223 0.4558 -1.6982
v 1.0223 0.4084 -1.6920
v 1.0223 0.5079 -1.7095
v 1.0223 0.5032 -1.6920
v 1.0223 0.5565 -1.6894
v 1.0223 0.5474 -1.6737
v 1.0223 0.5982 -1.6574
v 1.0223 0.5853 -1.6446
v 1.0223 0.6301 -1.6157
v 1.0223 0.6145 -1.6066
v 1.0223 0.6503 -1.5672
v 1.0223 0.6328 -1.5625
v 1.0223 0.6571 -1.5151
v 1.0223 0.6390 -1.5151
v 1.0223 0.6503 -1.4630
v 1.0223 0.6328 -1.4677
v 1.0223 0.6301 -1.4144
v 1.0223 0.6145 -1.4235
v 1.0223 0.5982 -1.3727
v 1.0223 0.5853 -1.3855
v 1.0223 0.5565 -1.3407
v 1.0223 0.5474 -1.3564
v 1.0223 0.5079 -1.3206
v 1.0223 0.5032 -1.3381
v 1.0223 0.4558 -1.3138
v 1.0223 0.4558 -1.3319
v 1.0223 0.4037 -1.3206
v 1.0223 0.4084 -1.3381
v 1.0223 0.3552 -1.3407
v 1.0223 0.3642 -1.3564
v 1.0223 0.3135 -1.3727
v 1.0223 0.3263 -1.3855
v 1.0223 0.2815 -1.4144
v 1.0223 0.2972 -1.4235
v 1.0223 0.2614 -1.4630
v 1.0223 0.2789 -1.4677
v 1.0223 0.2545 -1.5151
v 1.0223 0.2727 -1.5151
v 1.0223 0.2614 -1.5672
v 1.0223 0.2789 -1.5625
v 1.0223 0.2815 -1.6157
v 1.0223 0.2972 -1.6066
v 1.0223 0.3135 -1.6574
v 1.0223 0.3263 -1.6446
v 1.0223 0.3552 -1.6894
v 1.0223 0.3642 -1.6737
v 1.0017 0.4558 -1.6982
v 1.0017 0.4084 -1.6920
v 1.0017 0.5032 -1.6920
v 1.0017 0.5474 -1.6737
v 1.0017 0.5853 -1.6446
v 1.0017 0.6145 -1.6066
v 1.0017 0.6328 -1.5625
v 1.0017 0.6390 -1.5151
v 1.0017 0.6328 -1.4677
v 1.0017 0.6145 -1.4235
v 1.0017 0.5853 -1.3855
v 1.0017 0.5474 -1.3564
v 1.0017 0.5032 -1.3381
v 1.0017 0.4558 -1.3319
v 1.0017 0.4084 -1.3381
v 1.0017 0.3642 -1.3564
v 1.0017 0.3263 -1.3855
v 1.0017 0.2972 -1.4235
v 1.0017 0.2789 -1.4677
v 1.0017 0.2727 -1.5151
v 1.0017 0.2789 -1.5625
v 1.0017 0.2972 -1.6066
v 1.0017 0.3263 -1.6446
v 1.0017 0.3642 -1.6737
v 1.0017 0.5534 -1.4889
v 1.0017 0.5568 -1.5151
v 1.0017 0.5534 -1.5412
v 1.0017 0.5433 -1.5656
v 1.0017 0.5272 -1.5865
v 1.0017 0.5063 -1.6025
v 1.0017 0.4820 -1.6126
v 1.0017 0.4558 -1.6160
v 1.0017 0.4297 -1.6126
v 1.0017 0.4053 -1.6025
v 1.0017 0.3844 -1.5865
v 1.0017 0.3684 -1.5656
v 1.0017 0.3583 -1.5412
v 1.0017 0.3548 -1.5151
v 1.0017 0.3583 -1.4889
v 1.0017 0.3684 -1.4646
v 1.0017 0.3844 -1.4437
v 1.0017 0.4053 -1.4276
v 1.0017 0.4297 -1.4175
v 1.0017 0.4558 -1.4141
v 1.0017 0.4820 -1.4175
v 1.0017 0.5063 -1.4276
v 1.0017 0.5272 -1.4437
v 1.0017 0.5433 -1.4646
v 1.0197 0.4558 -1.6160
v 1.0197 0.4297 -1.6126
v 1.0197 0.4820 -1.6126
v 1.0197 0.5063 -1.6025
v 1.0197 0.5272 -1.5865
v 1.0197 0.5433 -1.5656
v 1.0197 0.5534 -1.5412
v 1.0197 0.5568 -1.5151
v 1.0197 0.5534 -1.4889
v 1.0197 0.5433 -1.4646
v 1.0197 0.5272 -1.4437
v 1.0197 0.5063 -1.4276
v 1.0197 0.4820 -1.4175
v 1.0197 0.4558 -1.4141
v 1.0197 0.4297 -1.4175
v 1.0197 0.4053 -1.4276
v 1.0197 0.3844 -1.4437
v 1.0197 0.3684 -1.4646
v 1.0197 0.3583 -1.4889
v 1.0197 0.3548 -1.5151
v 1.0197 0.3583 -1.5412
v 1.0197 0.3684 -1.5656
v 1.0197 0.3844 -1.5865
v 1.0197 0.4053 -1.6025
v -1.0357 0.4111 -1.5926
v -1.0357 0.3926 -1.5783
v -1.0357 0.3783 -1.5598
v -1.0357 0.3694 -1.5382
v -1.0357 0.3663 -1.5151
v -1.0357 0.3694 -1.4919
v -1.0357 0.3783 -1.4703
v -1.0357 0.3926 -1.4518
v -1.0357 0.4111 -1.4376
v -1.0357 0.4327 -1.4286
v -1.0357 0.4558 -1.4256
v -1.0357 0.4790 -1.4286
v -1.0357 0.5006 -1.4376
v -1.0357 0.5191 -1.4518
v -1.0357 0.5333 -1.4703
v -1.0357 0.5423 -1.4919
v -1.0357 0.5453 -1.5151
v -1.0357 0.5423 -1.5382
v -1.0357 0.5333 -1.5598
v -1.0357 0.5191 -1.5783
v -1.0357 0.5006 -1.5926
v -1.0357 0.4790 -1.6015
v -1.0357 0.4558 -1.6045
v -1.0357 0.4327 -1.6015
v -1.0269 0.4037 -1.7095
v -1.0269 0.4084 -1.6920
v -1.0269 0.4558 -1.6982
v -1.0269 0.4558 -1.7163
v -1.0269 0.5032 -1.6920
v -1.0269 0.5079 -1.7095
v -1.0269 0.5474 -1.6737
v -1.0269 0.5565 -1.6894
v -1.0269 0.5853 -1.6446
v -1.0269 0.5982 -1.6574
v -1.0269 0.6145 -1.6066
v -1.0269 0.6301 -1.6157
v -1.0269 0.6328 -1.5625
v -1.0269 0.6503 -1.5672
v -1.0269 0.6390 -1.5151
v -1.0269 0.6571 -1.5151
v -1.0269 0.6328 -1.4677
v -1.0269 0.6503 -1.4630
v -1.0269 0.6145 -1.4235
v -1.0269 0.6301 -1.4144
v -1.0269 0.5853 -1.3855
v -1.0269 0.5982 -1.3727
v -1.0269 0.5474 -1.3564
v -1.0269 0.5565 -1.3407
v -1.0269 0.5032 -1.3381
v -1.0269 0.5079 -1.3206
v -1.0269 0.4558 -1.3319
v -1.0269 0.4558 -1.3138
v -1.0269 0.4084 -1.3381
v -1.0269 0.4037 -1.3206
v -1.0269 0.3642 -1.3564
v -1.0269 0.3552 -1.3407
v -1.0269 0.3263 -1.3855
v -1.0269 0.3135 -1.3727
v -1.0269 0.2972 -1.4235
v -1.0269 0.2815 -1.4144
v -1.0269 0.2789 -1.4677
v -1.0269 0.2614 -1.4630
v -1.0269 0.2727 -1.5151
v -1.0269 0.2545 -1.5151
v -1.0269 0.2789 -1.5625
v -1.0269 0.2614 -1.5672
v -1.0269 0.2972 -1.6066
v -1.0269 0.2815 -1.6157
v -1.0269 0.3263 -1.6446
v -1.0269 0.3135 -1.6574
v -1.0269 0.3642 -1.6737
v -1.0269 0.3552 -1.6894
v -1.0063 0.4084 -1.6920
v -1.0063 0.4558 -1.6982
v -1.0063 0.5032 -1.6920
v -1.0063 0.5474 -1.6737
v -1.0063 0.5853 -1.6446
v -1.0063 0.6145 -1.6066
v -1.0063 0.6328 -1.5625
v -1.0063 0.6390 -1.5151
v -1.0063 0.6328 -1.4677
v -1.0063 0.6145 -1.4235
v -1.0063 0.5853 -1.3855
v -1.0063 0.5474 -1.3564
v -1.0063 0.5032 -1.3381
v -1.0063 0.4558 -1.3319
v -1.0063 0.4084 -1.3381
v -1.0063 0.3642 -1.3564
v -1.0063 0.3263 -1.3855
v -1.0063 0.2972 -1.4235
v -1.0063 0.2789 -1.4677
v -1.0063 0.2727 -1.5151
v -1.0063 0.2789 -1.5625
v -1.0063 0.2972 -1.6066
v -1.0063 0.3263 -1.6446
v -1.0063 0.3642 -1.6737
v -1.0063 0.5534 -1.4889
v -1.0063 0.5433 -1.4646
v -1.0063 0.5568 -1.5151
v -1.0063 0.5534 -1.5412
v -1.0063 0.5433 -1.5656
v -1.0063 0.5272 -1.5865
v -1.0063 0.5063 -1.6025
v -1.0063 0.4820 -1.6126
v -1.0063 0.4558 -1.6160
v -1.0063 0.4297 -1.6126
v -1.0063 0.4053 -1.6025
v -1.0063 0.3844 -1.5865
v -1.0063 0.3684 -1.5656
v -1.0063 0.3583 -1.5412
v -1.0063 0.3548 -1.5151
v -1.0063 0.3583 -1.4889
v -1.0063 0.3684 -1.4646
v -1.0063 0.3844 -1.4437
v -1.0063 0.4053 -1.4276
v -1.0063 0.4297 -1.4175
v -1.0063 0.4558 -1.4141
v -1.0063 0.4820 -1.4175
v -1.0063 0.5063 -1.4276
v -1.0063 0.5272 -1.4437
v -1.0243 0.4297 -1.6126
v -1.0243 0.4558 -1.6160
v -1.0243 0.4820 -1.6126
v -1.0243 0.5063 -1.6025
v -1.0243 0.5272 -1.5865
v -1.0243 0.5433 -1.5656
v -1.0243 0.5534 -1.5412
v -1.0243 0.5568 -1.5151
v -1.0243 0.5534 -1.4889
v -1.0243 0.5433 -1.4646
v -1.0243 0.5272 -1.4437
v -1.0243 0.5063 -1.4276
v -1.0243 0.4820 -1.4175
v -1.0243 0.4558 -1.4141
v -1.0243 0.4297 -1.4175
v -1.0243 0.4053 -1.4276
v -1.0243 0.3844 -1.4437
v -1.0243 0.3684 -1.4646
v -1.0243 0.3583 -1.4889
v -1.0243 0.3548 -1.5151
v -1.0243 0.3583 -1.5412
v -1.0243 0.3684 -1.5656
v -1.0243 0.3844 -1.5865
v -1.0243 0.4053 -1.6025
v 0.8969 1.3175 0.9987
v 0.8969 1.3175 -0.0055
v 0.7470 1.9519 -0.0055
v 0.7470 1.9519 0.6843
v -0.8990 1.3175 -0.0055
v -0.8990 1.3175 0.9987
v -0.7492 1.9519 0.6843
v -0.7492 1.9519 -0.0055
v -0.8410 1.3048 1.0712
v 0.8389 1.3048 1.0712
v 0.6859 1.9524 0.7503
v -0.6881 1.9524 0.7503
v 0.5627 1.7277 -0.0623
v -0.5649 1.7277 -0.0623
v -0.5649 1.9204 -0.0623
v 0.5627 1.9204 -0.0623
v 0.9687 1.2775 1.0203
v 0.9687 1.3543 1.0203
v 1.1240 1.3543 1.0203
v 1.1240 1.2775 1.0203
v -0.9687 1.2775 1.0203
v -1.1240 1.2775 1.0203
v -1.1240 1.3543 1.0203
v -0.9687 1.3543 1.0203
vt 0.75722 0.98432
vt 0.75722 0.98432
vt 0.75722 0.98432
vt 0.75722 0.98432
vt 0.75722 0.98432
vt 0.75722 0.98432
vt 0.75722 0.98432
vt 0.75722 0.98432
vt 0.75722 0.98432
vt 0.75722 0.98432
vt 0.75722 0.98432
vt 0.75722 0.98432
vt 0.75722 0.98432
vt 0.75722 0.98432
vt 0.75722 0.98432
vt 0.75722 0.98432
vt 0.75722 0.98432
vt 0.75722 0.98432
vt 0.75722 0.98432
vt 0.75722 0.98432
vt 0.75722 0.98432
vt 0.75722 0.98432
vt 0.75722 0.98432
vt 0.75722 0.98432
vt 0.75722 0.98432
vt 0.75722 0.98432
vt 0.75722 0.98432
vt 0.75722 0.98432
vt 0.75722 0.98432
vt 0.75722 0.98432
vt 0.75722 0.98432
vt 0.75722 0.98432
vt 0.75722 0.98432
vt 0.75722 0.98432
vt 0.75722 0.98432
vt 0.75722 0.98432
vt 0.75722 0.98432
vt 0.75722 0.98432
vt 0.75722 0.98432
vt 0.75722 0.98432
vt 0.75722 0.98432
vt 0.75722 0.98432
vt 0.75722 0.98432
vt 0.75722 0.98432
vt 0.75722 0.98432
vt 0.75722 0.98432
vt 0.75722 0.98432
vt 0.75722 0.98432
vt 0.75722 0.98432
vt 0.75722 0.98432
vt 0.75722 0.98432
vt 0.75722 0.98432
vt 0.75722 0.98432
vt 0.75722 0.98432
vt 0.75722 0.98432
vt 0.75722 0.98432
vt 0.75722 0.98432
vt 0.75722 0.98432
vt 0.75722 0.98432
vt 0.75722 0.98432
vt 0.75722 0.98432
vt 0.75722 0.98432
vt 0.75722 0.98432
vt 0.75722 0.98432
vt 0.75722 0.98432
vt 0.75722 0.98432
vt 0.75722 0.98432
vt 0.75722 0.98432
vt 0.75722 0.98432
vt 0.75722 0.98432
vt 0.75722 0.98432
vt 0.75722 0.98432
vt 0.75722 0.98432
vt 0.75722 0.98432
vt 0.75722 0.98432
vt 0.75722 0.98432
vt 0.75722 0.98432
vt 0.75722 0.98432
vt 0.75722 0.98432
vt 0.75722 0.98432
vt 0.75722 0.98432
vt 0.75722 0.98432
vt 0.75722 0.98432
vt 0.75722 0.98432
vt 0.75722 0.98432
vt 0.75722 0.98432
vt 0.75722 0.98432
vt 0.75722 0.98432
vt 0.75722 0.98432
vt 0.75722 0.98432
vt 0.75722 0.98432
vt 0.75722 0.98432
vt 0.75722 0.98432
vt 0.75722 0.98432
vt 0.75722 0.98432
vt 0.75722 0.98432
vt 0.75722 0.98432
vt 0.75722 0.98432
vt 0.75722 0.98432
vt 0.75722 0.98432
vt 0.75722 0.98432
vt 0.75722 0.98432
vt 0.75722 0.98432
vt 0.75722 0.98432
vt 0.75722 0.98432
vt 0.75722 0.98432
vt 0.75722 0.98432
vt 0.75722 0.98432
vt 0.75722 0.98432
vt 0.75722 0.98432
vt 0.75722 0.98432
vt 0.75722 0.98432
vt 0.75722 0.98432
vt 0.75722 0.98432
vt 0.75722 0.98432
vt 0.75722 0.98432
vt 0.75722 0.98432
vt 0.75722 0.98432
vt 0.75722 0.98432
vt 0.75722 0.98432
vt 0.75722 0.98432
vt 0.75722 0.98432
vt 0.75722 0.98432
vt 0.75722 0.98432
vt 0.75722 0.98432
vt 0.75722 0.98432
vt 0.75722 0.98432
vt 0.75722 0.98432
vt 0.75722 0.98432
vt 0.75722 0.98432
vt 0.75722 0.98432
vt 0.75722 0.98432
vt 0.75722 0.98432
vt 0.75722 0.98432
vt 0.75722 0.98432
vt 0.75722 0.98432
vt 0.75722 0.98432
vt 0.75722 0.98432
vt 0.75722 0.98432
vt 0.75722 0.98432
vt 0.75722 0.98432
vt 0.75722 0.98432
vt 0.75722 0.98432
vt 0.75722 0.98432
vt 0.75722 0.98432
vt 0.75722 0.98432
vt 0.75722 0.98432
vt 0.75722 0.98432
vt 0.75722 0.98432
vt 0.75722 0.98432
vt 0.75722 0.98432
vt 0.75722 0.98432
vt 0.75722 0.98432
vt 0.75722 0.98432
vt 0.75722 0.98432
vt 0.75722 0.98432
vt 0.75722 0.98432
vt 0.75722 0.98432
vt 0.75722 0.98432
vt 0.75722 0.98432
vt 0.75722 0.98432
vt 0.75722 0.98432
vt 0.75722 0.98432
vt 0.75722 0.98432
vt 0.75722 0.98432
vt 0.75722 0.98432
vt 0.75722 0.98432
vt 0.75722 0.98432
vt 0.75722 0.98432
vt 0.75722 0.98432
vt 0.75722 0.98432
vt 0.75722 0.98432
vt 0.75722 0.98432
vt 0.75722 0.98432
vt 0.75722 0.98432
vt 0.75722 0.98432
vt 0.75722 0.98432
vt 0.75722 0.98432
vt 0.75722 0.98432
vt 0.75722 0.98432
vt 0.75722 0.98432
vt 0.75722 0.98432
vt 0.75722 0.98432
vt 0.75722 0.98432
vt 0.75722 0.98432
vt 0.75722 0.98432
vt 0.75722 0.98432
vt 0.75722 0.98432
vt 0.75722 0.98432
vt 0.75722 0.98432
vt 0.75722 0.98432
vt 0.75722 0.98432
vt 0.75722 0.98432
vt 0.75722 0.98432
vt 0.75722 0.98432
vt 0.75722 0.98432
vt 0.75722 0.98432
vt 0.75722 0.98432
vt 0.75722 0.98432
vt 0.75722 0.98432
vt 0.65494 0.06105
vt 0.65494 0.06105
vt 0.65494 0.06105
vt 0.65494 0.06105
vt 0.65494 0.06105
vt 0.65494 0.06105
vt 0.65494 0.06105
vt 0.65494 0.06105
vt 0.65494 0.06105
vt 0.65494 0.06105
vt 0.65494 0.06105
vt 0.65494 0.06105
vt 0.65494 0.06105
vt 0.65494 0.06105
vt 0.65494 0.06105
vt 0.65494 0.06105
vt 0.65494 0.06105
vt 0.65494 0.06105
vt 0.65494 0.06105
vt 0.65494 0.06105
vt 0.65494 0.06105
vt 0.65494 0.06105
vt 0.65494 0.06105
vt 0.65494 0.06105
vt 0.65494 0.06105
vt 0.65494 0.06105
vt 0.65494 0.06105
vt 0.65494 0.06105
vt 0.65494 0.06105
vt 0.65494 0.06105
vt 0.65494 0.06105
vt 0.65494 0.06105
vt 0.65494 0.06105
vt 0.65494 0.06105
vt 0.65494 0.06105
vt 0.65494 0.06105
vt 0.65494 0.06105
vt 0.65494 0.06105
vt 0.65494 0.06105
vt 0.65494 0.06105
vt 0.65494 0.06105
vt 0.65494 0.06105
vt 0.65494 0.06105
vt 0.65494 0.06105
vt 0.65494 0.06105
vt 0.65494 0.06105
vt 0.65494 0.06105
vt 0.65494 0.06105
vt 0.65494 0.06105
vt 0.65494 0.06105
vt 0.65494 0.06105
vt 0.65494 0.06105
vt 0.65494 0.06105
vt 0.65494 0.06105
vt 0.65494 0.06105
vt 0.65494 0.06105
vt 0.65494 0.06105
vt 0.65494 0.06105
vt 0.65494 0.06105
vt 0.65494 0.06105
vt 0.65494 0.06105
vt 0.65494 0.06105
vt 0.65494 0.06105
vt 0.65494 0.06105
vt 0.65494 0.06105
vt 0.65494 0.06105
vt 0.65494 0.06105
vt 0.65494 0.06105
vt 0.65494 0.06105
vt 0.65494 0.06105
vt 0.65494 0.06105
vt 0.65494 0.06105
vt 0.65494 0.06105
vt 0.65494 0.06105
vt 0.65494 0.06105
vt 0.65494 0.06105
vt 0.75196 0.06105
vt 0.75196 0.06105
vt 0.75196 0.06105
vt 0.75196 0.06105
vt 0.75196 0.06105
vt 0.75196 0.06105
vt 0.75196 0.06105
vt 0.75196 0.06105
vt 0.75196 0.06105
vt 0.75196 0.06105
vt 0.75196 0.06105
vt 0.75196 0.06105
vt 0.75196 0.06105
vt 0.75196 0.06105
vt 0.75196 0.06105
vt 0.75196 0.06105
vt 0.75196 0.06105
vt 0.75196 0.06105
vt 0.75196 0.06105
vt 0.75196 0.06105
vt 0.75196 0.06105
vt 0.75196 0.06105
vt 0.75196 0.06105
vt 0.75196 0.06105
vt 0.75710 0.07548
vt 0.75710 0.07548
vt 0.75710 0.07548
vt 0.75710 0.07548
vt 0.75710 0.07548
vt 0.75710 0.07548
vt 0.75710 0.07548
vt 0.75710 0.07548
vt 0.75710 0.07548
vt 0.75710 0.07548
vt 0.75710 0.07548
vt 0.75710 0.07548
vt 0.75710 0.07548
vt 0.75710 0.07548
vt 0.75710 0.07548
vt 0.75710 0.07548
vt 0.75710 0.07548
vt 0.75710 0.07548
vt 0.75710 0.07548
vt 0.75710 0.07548
vt 0.75710 0.07548
vt 0.75710 0.07548
vt 0.75710 0.07548
vt 0.75710 0.07548
vt 0.75710 0.07548
vt 0.75710 0.07548
vt 0.75710 0.07548
vt 0.75710 0.07548
vt 0.75710 0.07548
vt 0.75710 0.07548
vt 0.75710 0.07548
vt 0.75710 0.07548
vt 0.75710 0.07548
vt 0.75710 0.07548
vt 0.75710 0.07548
vt 0.75710 0.07548
vt 0.75710 0.07548
vt 0.75710 0.07548
vt 0.75710 0.07548
vt 0.75710 0.07548
vt 0.75710 0.07548
vt 0.75710 0.07548
vt 0.75710 0.07548
vt 0.75710 0.07548
vt 0.75710 0.07548
vt 0.75710 0.07548
vt 0.75710 0.07548
vt 0.75710 0.07548
vt 0.75710 0.07548
vt 0.75710 0.07548
vt 0.75710 0.07548
vt 0.75710 0.07548
vt 0.75710 0.07548
vt 0.75710 0.07548
vt 0.75710 0.07548
vt 0.75710 0.07548
vt 0.75710 0.07548
vt 0.75710 0.07548
vt 0.75710 0.07548
vt 0.75710 0.07548
vt 0.75710 0.07548
vt 0.75710 0.07548
vt 0.75710 0.07548
vt 0.75710 0.07548
vt 0.75710 0.07548
vt 0.75710 0.07548
vt 0.75710 0.07548
vt 0.75710 0.07548
vt 0.75710 0.07548
vt 0.75710 0.07548
vt 0.75710 0.07548
vt 0.75710 0.07548
vt 0.75710 0.07548
vt 0.75710 0.07548
vt 0.75710 0.07548
vt 0.75710 0.07548
vt 0.75710 0.07548
vt 0.75710 0.07548
vt 0.75710 0.07548
vt 0.75710 0.07548
vt 0.75710 0.07548
vt 0.75710 0.07548
vt 0.75710 0.07548
vt 0.75710 0.07548
vt 0.75710 0.07548
vt 0.75710 0.07548
vt 0.75710 0.07548
vt 0.75710 0.07548
vt 0.75710 0.07548
vt 0.75710 0.07548
vt 0.75710 0.07548
vt 0.75710 0.07548
vt 0.75710 0.07548
vt 0.75710 0.07548
vt 0.75710 0.07548
vt 0.75710 0.07548
vt 0.75710 0.07548
vt 0.75710 0.07548
vt 0.75710 0.07548
vt 0.75710 0.07548
vt 0.75710 0.07548
vt 0.75710 0.07548
vt 0.75710 0.07548
vt 0.75710 0.07548
vt 0.75710 0.07548
vt 0.75710 0.07548
vt 0.75710 0.07548
vt 0.75710 0.07548
vt 0.75710 0.07548
vt 0.75710 0.07548
vt 0.75710 0.07548
vt 0.75710 0.07548
vt 0.75710 0.07548
vt 0.75710 0.07548
vt 0.75710 0.07548
vt 0.75710 0.07548
vt 0.75710 0.07548
vt 0.75710 0.07548
vt 0.75710 0.07548
vt 0.75710 0.07548
vt 0.75710 0.07548
vt 0.75710 0.07548
vt 0.75710 0.07548
vt 0.75710 0.07548
vt 0.75710 0.07548
vt 0.75710 0.07548
vt 0.75710 0.07548
vt 0.75710 0.07548
vt 0.75710 0.07548
vt 0.75710 0.07548
vt 0.75710 0.07548
vt 0.75710 0.07548
vt 0.75710 0.07548
vt 0.75710 0.07548
vt 0.75710 0.07548
vt 0.75710 0.07548
vt 0.75710 0.07548
vt 0.75710 0.07548
vt 0.75710 0.07548
vt 0.75710 0.07548
vt 0.75710 0.07548
vt 0.75710 0.07548
vt 0.75710 0.07548
vt 0.75710 0.07548
vt 0.75710 0.07548
vt 0.75710 0.07548
vt 0.75710 0.07548
vt 0.75710 0.07548
vt 0.75710 0.07548
vt 0.75710 0.07548
vt 0.75710 0.07548
vt 0.75710 0.07548
vt 0.75710 0.07548
vt 0.75710 0.07548
vt 0.75710 0.07548
vt 0.75710 0.07548
vt 0.75710 0.07548
vt 0.75710 0.07548
vt 0.75710 0.07548
vt 0.75710 0.07548
vt 0.75710 0.07548
vt 0.75710 0.07548
vt 0.75710 0.07548
vt 0.75710 0.07548
vt 0.75710 0.07548
vt 0.75710 0.07548
vt 0.75710 0.07548
vt 0.75710 0.07548
vt 0.75710 0.07548
vt 0.75710 0.07548
vt 0.75710 0.07548
vt 0.75710 0.07548
vt 0.75710 0.07548
vt 0.75710 0.07548
vt 0.75710 0.07548
vt 0.75710 0.07548
vt 0.75710 0.07548
vt 0.75710 0.07548
vt 0.75710 0.07548
vt 0.75710 0.07548
vt 0.75710 0.07548
vt 0.75710 0.07548
vt 0.75710 0.07548
vt 0.75710 0.07548
vt 0.75710 0.07548
vt 0.75710 0.07548
vt 0.75710 0.07548
vt 0.75710 0.07548
vt 0.75710 0.07548
vt 0.75710 0.07548
vt 0.75710 0.07548
vt 0.75710 0.07548
vt 0.75710 0.07548
vt 0.75710 0.07548
vt 0.75710 0.07548
vt 0.75710 0.07548
vt 0.75710 0.07548
vt 0.75710 0.07548
vt 0.75710 0.07548
vt 0.75710 0.07548
vt 0.75710 0.07548
vt 0.75710 0.07548
vt 0.75710 0.07548
vt 0.75710 0.07548
vt 0.75710 0.07548
vt 0.75710 0.07548
vt 0.75710 0.07548
vt 0.75710 0.07548
vt 0.75710 0.07548
vt 0.75710 0.07548
vt 0.75710 0.07548
vt 0.75710 0.07548
vt 0.75710 0.07548
vt 0.75710 0.07548
vt 0.75710 0.07548
vt 0.75710 0.07548
vt 0.75710 0.07548
vt 0.75710 0.07548
vt 0.75710 0.07548
vt 0.75710 0.07548
vt 0.75710 0.07548
vt 0.75710 0.07548
vt 0.75710 0.07548
vt 0.75710 0.07548
vt 0.75710 0.07548
vt 0.75710 0.07548
vt 0.75710 0.07548
vt 0.75710 0.07548
vt 0.75710 0.07548
vt 0.75710 0.07548
vt 0.75710 0.07548
vt 0.75710 0.07548
vt 0.75710 0.07548
vt 0.75710 0.07548
vt 0.75710 0.07548
vt 0.75710 0.07548
vt 0.75710 0.07548
vt 0.75710 0.07548
vt 0.75710 0.07548
vt 0.75710 0.07548
vt 0.75710 0.07548
vt 0.75710 0.07548
vt 0.75710 0.07548
vt 0.75710 0.07548
vt 0.75710 0.07548
vt 0.75710 0.07548
vt 0.75710 0.07548
vt 0.75710 0.07548
vt 0.75710 0.07548
vt 0.75710 0.07548
vt 0.75710 0.07548
vt 0.75710 0.07548
vt 0.75710 0.07548
vt 0.75710 0.07548
vt 0.75710 0.07548
vt 0.75710 0.07548
vt 0.75710 0.07548
vt 0.75710 0.07548
vt 0.75710 0.07548
vt 0.75710 0.07548
vt 0.75710 0.07548
vt 0.75710 0.07548
vt 0.75710 0.07548
vt 0.75710 0.07548
vt 0.75710 0.07548
vt 0.75710 0.07548
vt 0.75710 0.07548
vt 0.75710 0.07548
vt 0.75710 0.07548
vt 0.75710 0.07548
vt 0.75710 0.07548
vt 0.75710 0.07548
vt 0.75710 0.07548
vt 0.75710 0.07548
vt 0.75710 0.07548
vt 0.75710 0.07548
vt 0.75710 0.07548
vt 0.75710 0.07548
vt 0.75710 0.07548
vt 0.75710 0.07548
vt 0.75710 0.07548
vt 0.75710 0.07548
vt 0.75710 0.07548
vt 0.75710 0.07548
vt 0.75710 0.07548
vt 0.75710 0.07548
vt 0.75710 0.07548
vt 0.75710 0.07548
vt 0.75710 0.07548
vt 0.75710 0.07548
vt 0.75710 0.07548
vt 0.75710 0.07548
vt 0.75710 0.07548
vt 0.75710 0.07548
vt 0.75710 0.07548
vt 0.75710 0.07548
vt 0.75710 0.07548
vt 0.75710 0.07548
vt 0.75710 0.07548
vt 0.75710 0.07548
vt 0.75710 0.07548
vt 0.75710 0.07548
vt 0.75710 0.07548
vt 0.75710 0.07548
vt 0.75710 0.07548
vt 0.75710 0.07548
vt 0.75710 0.07548
vt 0.75710 0.07548
vt 0.75710 0.07548
vt 0.75710 0.07548
vt 0.75710 0.07548
vt 0.75710 0.07548
vt 0.75710 0.07548
vt 0.75710 0.07548
vt 0.75710 0.07548
vt 0.75710 0.07548
vt 0.75710 0.07548
vt 0.75710 0.07548
vt 0.75710 0.07548
vt 0.75710 0.07548
vt 0.75710 0.07548
vt 0.75710 0.07548
vt 0.75710 0.07548
vt 0.75710 0.07548
vt 0.75710 0.07548
vt 0.75710 0.07548
vt 0.75710 0.07548
vt 0.75710 0.07548
vt 0.75710 0.07548
vt 0.75710 0.07548
vt 0.75710 0.07548
vt 0.75710 0.07548
vt 0.75710 0.07548
vt 0.75710 0.07548
vt 0.75710 0.07548
vt 0.75710 0.07548
vt 0.67105 0.10039
vt 0.67105 0.10039
vt 0.67105 0.10039
vt 0.67105 0.10039
vt 0.67105 0.10039
vt 0.67105 0.10039
vt 0.67105 0.10039
vt 0.67105 0.10039
vt 0.67105 0.10039
vt 0.67105 0.10039
vt 0.67105 0.10039
vt 0.67105 0.10039
vt 0.67105 0.10039
vt 0.67105 0.10039
vt 0.67105 0.10039
vt 0.67105 0.10039
vt 0.67105 0.10039
vt 0.67105 0.10039
vt 0.67105 0.10039
vt 0.67105 0.10039
vt 0.67105 0.10039
vt 0.67105 0.10039
vt 0.67105 0.10039
vt 0.67105 0.10039
vt 0.67105 0.10039
vt 0.67105 0.10039
vt 0.67105 0.10039
vt 0.67105 0.10039
vt 0.67105 0.10039
vt 0.67105 0.10039
vt 0.67105 0.10039
vt 0.67105 0.10039
vt 0.67105 0.10039
vt 0.67105 0.10039
vt 0.67105 0.10039
vt 0.67105 0.10039
vt 0.67105 0.10039
vt 0.67105 0.10039
vt 0.67105 0.10039
vt 0.67105 0.10039
vt 0.59159 0.08785
vt 0.59159 0.08785
vt 0.59161 0.08784
vt 0.59161 0.08784
vt 0.59161 0.08786
vt 0.59162 0.08785
vt 0.59162 0.08785
vt 0.59161 0.08786
vt 0.75776 0.10050
vt 0.75780 0.10053
vt 0.75781 0.10052
vt 0.75777 0.10049
vt 0.75777 0.10048
vt 0.75777 0.10048
vt 0.75778 0.10048
vt 0.75778 0.10048
vt 0.75779 0.10046
vt 0.75779 0.10046
vt 0.75780 0.10046
vt 0.75780 0.10046
vt 0.75776 0.10049
vt 0.75775 0.10049
vt 0.75771 0.10052
vt 0.75771 0.10053
vt 0.75778 0.10048
vt 0.75777 0.10048
vt 0.75774 0.10053
vt 0.75774 0.10053
vt 0.75774 0.10053
vt 0.75774 0.10054
vt 0.75779 0.10053
vt 0.75780 0.10046
vt 0.75780 0.10046
vt 0.75779 0.10046
vt 0.75779 0.10046
vt 0.75776 0.10046
vt 0.75771 0.10044
vt 0.75771 0.10044
vt 0.75771 0.10044
vt 0.75771 0.10044
vt 0.75778 0.10049
vt 0.75771 0.10053
vt 0.75780 0.10046
vt 0.81068 0.07548
vt 0.81068 0.07548
vt 0.81068 0.07548
vt 0.81068 0.07548
vt 0.81068 0.07548
vt 0.81068 0.07548
vt 0.81068 0.07548
vt 0.81068 0.07548
vt 0.81068 0.07548
vt 0.81068 0.07548
vt 0.81068 0.07548
vt 0.81068 0.07548
vt 0.80917 0.09805
vt 0.80917 0.09806
vt 0.80917 0.09806
vt 0.80917 0.09806
vt 0.80910 0.09805
vt 0.80910 0.09805
vt 0.80910 0.09806
vt 0.80910 0.09806
vt 0.80907 0.09807
vt 0.80907 0.09806
vt 0.80911 0.09806
vt 0.80911 0.09806
vt 0.80911 0.09806
vt 0.80911 0.09806
vt 0.80911 0.09806
vt 0.80911 0.09806
vt 0.80911 0.09806
vt 0.80911 0.09806
vt 0.80911 0.09805
vt 0.80914 0.09805
vt 0.80914 0.09806
vt 0.80911 0.09806
vt 0.80911 0.09806
vt 0.80911 0.09805
vt 0.80916 0.09805
vt 0.80916 0.09806
vt 0.80917 0.09805
vt 0.80917 0.09806
vt 0.80910 0.09805
vt 0.80910 0.09805
vt 0.80907 0.09806
vt 0.80911 0.09805
vt 0.80911 0.09805
vt 0.80911 0.09805
vt 0.80910 0.09805
vt 0.80914 0.09805
vt 0.80916 0.09805
vt 0.80917 0.09806
vt 0.80917 0.09806
vt 0.80916 0.09806
vt 0.80914 0.09806
vt 0.80911 0.09806
vt 0.80911 0.09806
vt 0.80910 0.09806
vt 0.80910 0.09806
vt 0.80910 0.09806
vt 0.80911 0.09806
vt 0.80908 0.09807
vt 0.80910 0.09806
vt 0.80910 0.09806
vt 0.80911 0.09806
vt 0.80910 0.09806
vt 0.80911 0.09806
vt 0.80911 0.09806
vt 0.80910 0.09806
vt 0.80911 0.09806
vt 0.80911 0.09806
vt 0.80911 0.09806
vt 0.80911 0.09806
vt 0.80911 0.09806
vt 0.80911 0.09806
vt 0.80911 0.09806
vt 0.80911 0.09806
vt 0.80911 0.09806
vt 0.80911 0.09806
vt 0.80911 0.09806
vt 0.80911 0.09806
vt 0.80911 0.09806
vt 0.80917 0.09806
vt 0.80917 0.09806
vt 0.80917 0.09806
vt 0.80917 0.09806
vt 0.80917 0.09806
vt 0.80917 0.09806
vt 0.80917 0.09805
vt 0.80917 0.09806
vt 0.80917 0.09806
vt 0.80917 0.09806
vt 0.80917 0.09806
vt 0.80916 0.09806
vt 0.80917 0.09806
vt 0.80917 0.09806
vt 0.80917 0.09806
vt 0.80917 0.09806
vt 0.80917 0.09806
vt 0.80917 0.09806
vt 0.80917 0.09806
vt 0.54742 0.98841
vt 0.54741 0.98840
vt 0.54741 0.98841
vt 0.54741 0.98841
vt 0.54738 0.98840
vt 0.54738 0.98840
vt 0.54739 0.98840
vt 0.54739 0.98840
vt 0.54740 0.98840
vt 0.54740 0.98840
vt 0.54739 0.98841
vt 0.54741 0.98840
vt 0.54741 0.98843
vt 0.54741 0.98842
vt 0.54741 0.98842
vt 0.54741 0.98842
vt 0.54738 0.98842
vt 0.54738 0.98842
vt 0.54739 0.98842
vt 0.54738 0.98842
vt 0.54741 0.98841
vt 0.54740 0.98842
vt 0.54739 0.98841
vt 0.54741 0.98839
vt 0.54742 0.98842
vt 0.54741 0.98841
vt 0.54741 0.98842
vt 0.54741 0.98842
vt 0.54741 0.98840
vt 0.54741 0.98840
vt 0.54741 0.98840
vt 0.54742 0.98840
vt 0.54740 0.98840
vt 0.54741 0.98840
vt 0.54739 0.98841
vt 0.54741 0.98841
vt 0.54741 0.98843
vt 0.54742 0.98842
vt 0.54741 0.98842
vt 0.54741 0.98842
vt 0.54739 0.98842
vt 0.54739 0.98842
vt 0.54739 0.98842
vt 0.54739 0.98842
vt 0.54739 0.98840
vt 0.54739 0.98841
vt 0.54740 0.98841
vt 0.54741 0.98839
vt 0.81068 0.07548
vt 0.81068 0.07548
vt 0.81068 0.07548
vt 0.81068 0.07548
vt 0.81068 0.07548
vt 0.81068 0.07548
vt 0.81068 0.07548
vt 0.81068 0.07548
vt 0.81068 0.07548
vt 0.81068 0.07548
vt 0.81068 0.07548
vt 0.81068 0.07548
vt 0.81068 0.07548
vt 0.81068 0.07548
vt 0.81068 0.07548
vt 0.81068 0.07548
vt 0.81068 0.07548
vt 0.81068 0.07548
vt 0.81068 0.07548
vt 0.81068 0.07548
vt 0.81068 0.07548
vt 0.81068 0.07548
vt 0.81068 0.07548
vt 0.81068 0.07548
vt 0.81068 0.07548
vt 0.81068 0.07548
vt 0.81068 0.07548
vt 0.81068 0.07548
vt 0.81068 0.07548
vt 0.81068 0.07548
vt 0.81068 0.07548
vt 0.81068 0.07548
vt 0.81068 0.07548
vt 0.81068 0.07548
vt 0.81068 0.07548
vt 0.81068 0.07548
vt 0.81068 0.07548
vt 0.81068 0.07548
vt 0.81068 0.07548
vt 0.81068 0.07548
vt 0.81068 0.07548
vt 0.81068 0.07548
vt 0.81068 0.07548
vt 0.81068 0.07548
vt 0.81068 0.07548
vt 0.81068 0.07548
vt 0.81068 0.07548
vt 0.81068 0.07548
vt 0.81068 0.07548
vt 0.81068 0.07548
vt 0.81068 0.07548
vt 0.81068 0.07548
vt 0.81068 0.07548
vt 0.81068 0.07548
vt 0.81068 0.07548
vt 0.81068 0.07548
vt 0.81068 0.07548
vt 0.81068 0.07548
vt 0.81068 0.07548
vt 0.81068 0.07548
vt 0.81068 0.07548
vt 0.81068 0.07548
vt 0.81068 0.07548
vt 0.81068 0.07548
vt 0.81068 0.07548
vt 0.81068 0.07548
vt 0.81068 0.07548
vt 0.81068 0.07548
vt 0.81068 0.07548
vt 0.81068 0.07548
vt 0.81068 0.07548
vt 0.81068 0.07548
vt 0.81068 0.07548
vt 0.81068 0.07548
vt 0.81068 0.07548
vt 0.81068 0.07548
vt 0.81068 0.07548
vt 0.81068 0.07548
vt 0.81068 0.07548
vt 0.81068 0.07548
vt 0.81068 0.07548
vt 0.81068 0.07548
vt 0.81068 0.07548
vt 0.81068 0.07548
vt 0.81068 0.07548
vt 0.81068 0.07548
vt 0.81068 0.07548
vt 0.81068 0.07548
vt 0.81068 0.07548
vt 0.81068 0.07548
vt 0.81068 0.07548
vt 0.81068 0.07548
vt 0.81068 0.07548
vt 0.81068 0.07548
vt 0.81068 0.07548
vt 0.81068 0.07548
vt 0.81068 0.07548
vt 0.81068 0.07548
vt 0.81068 0.07548
vt 0.81068 0.07548
vt 0.81068 0.07548
vt 0.81068 0.07548
vt 0.81068 0.07548
vt 0.81068 0.07548
vt 0.81068 0.07548
vt 0.81068 0.07548
vt 0.81068 0.07548
vt 0.81068 0.07548
vt 0.81068 0.07548
vt 0.81068 0.07548
vt 0.81068 0.07548
vt 0.81068 0.07548
vt 0.81068 0.07548
vt 0.81068 0.07548
vt 0.32737 0.09818
vt 0.32732 0.09816
vt 0.32732 0.09817
vt 0.32736 0.09819
vt 0.32737 0.09816
vt 0.32737 0.09817
vt 0.32742 0.09817
vt 0.32742 0.09816
vt 0.32738 0.09814
vt 0.32738 0.09814
vt 0.32741 0.09811
vt 0.32741 0.09811
vt 0.32732 0.09820
vt 0.32734 0.09818
vt 0.32737 0.09814
vt 0.32738 0.09814
vt 0.32741 0.09811
vt 0.32741 0.09810
vt 0.32737 0.09815
vt 0.32742 0.09815
vt 0.32742 0.09817
vt 0.32737 0.09817
vt 0.36399 0.06474
vt 0.36398 0.06474
vt 0.36396 0.06474
vt 0.36397 0.06473
vt 0.36399 0.06473
vt 0.36401 0.06473
vt 0.36401 0.06474
vt 0.36399 0.06474
vt 0.36399 0.06475
vt 0.36401 0.06474
vt 0.36399 0.06475
vt 0.36398 0.06474
vt 0.36399 0.06475
vt 0.36401 0.06474
vt 0.36399 0.06475
vt 0.36398 0.06475
vt 0.36397 0.06475
vt 0.08577 0.93253
vt 0.08579 0.93252
vt 0.08578 0.93249
vt 0.08577 0.93250
vt 0.08576 0.93243
vt 0.08575 0.93243
vt 0.08575 0.93245
vt 0.08577 0.93244
vt 0.08580 0.93246
vt 0.08579 0.93248
vt 0.08582 0.93247
vt 0.08580 0.93246
vt 0.08575 0.93243
vt 0.08576 0.93246
vt 0.08575 0.93245
vt 0.08575 0.93243
vt 0.08577 0.93246
vt 0.08576 0.93243
vt 0.08576 0.93243
vt 0.08577 0.93244
vt 0.08577 0.93246
vt 0.08577 0.93244
vt 0.08575 0.93245
vt 0.08576 0.93246
vt 0.08576 0.93253
vt 0.08577 0.93252
vt 0.08576 0.93249
vt 0.08575 0.93250
vt 0.08575 0.93243
vt 0.08573 0.93243
vt 0.08574 0.93245
vt 0.08575 0.93244
vt 0.08580 0.93246
vt 0.08580 0.93246
vt 0.08578 0.93248
vt 0.08582 0.93247
vt 0.08580 0.93246
vt 0.08573 0.93243
vt 0.08574 0.93246
vt 0.08574 0.93246
vt 0.08574 0.93245
vt 0.08573 0.93243
vt 0.08575 0.93246
vt 0.08575 0.93243
vt 0.08575 0.93243
vt 0.08575 0.93244
vt 0.08575 0.93246
vt 0.08575 0.93245
vt 0.08574 0.93245
vt 0.08574 0.93246
vt 0.09758 0.97603
vt 0.09758 0.97606
vt 0.09756 0.97606
vt 0.09756 0.97603
vt 0.09758 0.97604
vt 0.09760 0.97604
vt 0.09760 0.97606
vt 0.09758 0.97606
vt 0.09759 0.97608
vt 0.09760 0.97608
vt 0.09760 0.97609
vt 0.09759 0.97609
vt 0.09766 0.97601
vt 0.09766 0.97603
vt 0.09764 0.97603
vt 0.09762 0.97608
vt 0.09761 0.97608
vt 0.09762 0.97604
vt 0.09758 0.97604
vt 0.09758 0.97606
vt 0.09758 0.97608
vt 0.09756 0.97608
vt 0.09756 0.97606
vt 0.09760 0.97601
vt 0.09762 0.97601
vt 0.09762 0.97604
vt 0.09760 0.97604
vt 0.09763 0.97608
vt 0.09762 0.97608
vt 0.09763 0.97607
vt 0.09763 0.97608
vt 0.09760 0.97601
vt 0.09762 0.97601
vt 0.09762 0.97604
vt 0.09760 0.97604
vt 0.25853 0.93900
vt 0.25853 0.93898
vt 0.25855 0.93898
vt 0.25855 0.93900
vt 0.25855 0.93897
vt 0.25853 0.93897
vt 0.25853 0.93896
vt 0.25855 0.93896
vt 0.25858 0.93893
vt 0.25861 0.93893
vt 0.25861 0.93894
vt 0.25858 0.93894
vt 0.25859 0.93899
vt 0.25858 0.93899
vt 0.25858 0.93899
vt 0.25859 0.93899
vt 0.25861 0.93891
vt 0.25863 0.93891
vt 0.25863 0.93892
vt 0.25861 0.93892
vt 0.25860 0.93897
vt 0.25858 0.93897
vt 0.25858 0.93896
vt 0.25860 0.93896
vt 0.25855 0.93898
vt 0.25853 0.93898
vt 0.25853 0.93897
vt 0.25855 0.93897
vt 0.25855 0.93897
vt 0.25853 0.93897
vt 0.25853 0.93897
vt 0.25855 0.93897
vt 0.25855 0.93897
vt 0.25853 0.93897
vt 0.25853 0.93897
vt 0.25855 0.93897
vt 0.25853 0.93895
vt 0.25855 0.93895
vt 0.25855 0.93896
vt 0.25853 0.93896
vt 0.25853 0.93896
vt 0.25855 0.93896
vt 0.25855 0.93896
vt 0.25853 0.93896
vt 0.25858 0.93892
vt 0.25861 0.93892
vt 0.25861 0.93893
vt 0.25858 0.93893
vt 0.25858 0.93893
vt 0.25861 0.93893
vt 0.25861 0.93893
vt 0.25858 0.93893
vt 0.25861 0.93895
vt 0.25858 0.93895
vt 0.25858 0.93894
vt 0.25861 0.93894
vt 0.25859 0.93900
vt 0.25859 0.93900
vt 0.25859 0.93900
vt 0.25859 0.93900
vt 0.25858 0.93900
vt 0.25858 0.93900
vt 0.25858 0.93900
vt 0.25858 0.93900
vt 0.25858 0.93900
vt 0.25859 0.93900
vt 0.25858 0.93900
vt 0.25858 0.93899
vt 0.25859 0.93899
vt 0.25858 0.93899
vt 0.25859 0.93899
vt 0.25859 0.93899
vt 0.25858 0.93899
vt 0.25861 0.93890
vt 0.25863 0.93890
vt 0.25863 0.93890
vt 0.25861 0.93890
vt 0.25861 0.93890
vt 0.25863 0.93890
vt 0.25863 0.93891
vt 0.25861 0.93891
vt 0.25863 0.93892
vt 0.25861 0.93892
vt 0.25861 0.93892
vt 0.25863 0.93892
vt 0.25860 0.93897
vt 0.25860 0.93897
vt 0.25859 0.93897
vt 0.25859 0.93897
vt 0.25859 0.93897
vt 0.25859 0.93897
vt 0.25859 0.93897
vt 0.25858 0.93897
vt 0.25858 0.93897
vt 0.25860 0.93897
vt 0.25858 0.93897
vt 0.25858 0.93897
vt 0.25860 0.93897
vt 0.25858 0.93896
vt 0.25860 0.93896
vt 0.25860 0.93896
vt 0.25858 0.93896
vt 0.25855 0.93896
vt 0.25855 0.93897
vt 0.25853 0.93897
vt 0.25853 0.93896
vt 0.25858 0.93894
vt 0.25858 0.93893
vt 0.25861 0.93893
vt 0.25861 0.93894
vt 0.25859 0.93899
vt 0.25859 0.93899
vt 0.25858 0.93899
vt 0.25858 0.93899
vt 0.25861 0.93892
vt 0.25861 0.93891
vt 0.25863 0.93891
vt 0.25863 0.93892
vt 0.25860 0.93896
vt 0.25860 0.93897
vt 0.25858 0.93897
vt 0.25858 0.93896
vt 0.25855 0.93897
vt 0.25855 0.93898
vt 0.25853 0.93898
vt 0.25853 0.93897
vt 0.25855 0.93897
vt 0.25853 0.93897
vt 0.25853 0.93896
vt 0.25853 0.93895
vt 0.25855 0.93895
vt 0.25855 0.93896
vt 0.25858 0.93893
vt 0.25858 0.93892
vt 0.25861 0.93892
vt 0.25861 0.93893
vt 0.25861 0.93895
vt 0.25858 0.93895
vt 0.25859 0.93900
vt 0.25858 0.93900
vt 0.25858 0.93899
vt 0.25859 0.93899
vt 0.25861 0.93890
vt 0.25861 0.93890
vt 0.25863 0.93890
vt 0.25863 0.93890
vt 0.25863 0.93892
vt 0.25861 0.93892
vt 0.25860 0.93897
vt 0.25860 0.93897
vt 0.25859 0.93897
vt 0.25859 0.93897
vt 0.25859 0.93897
vt 0.25859 0.93897
vt 0.25859 0.93897
vt 0.25858 0.93897
vt 0.25858 0.93897
vt 0.25686 0.87527
vt 0.25685 0.87527
vt 0.25685 0.87526
vt 0.25686 0.87526
vt 0.25686 0.87527
vt 0.25686 0.87528
vt 0.25685 0.87528
vt 0.25685 0.87527
vt 0.25678 0.87529
vt 0.25678 0.87530
vt 0.25678 0.87530
vt 0.25678 0.87529
vt 0.25688 0.87522
vt 0.25688 0.87523
vt 0.25686 0.87523
vt 0.25686 0.87522
vt 0.25687 0.87526
vt 0.25687 0.87527
vt 0.25686 0.87527
vt 0.25686 0.87526
vt 0.25685 0.87526
vt 0.25685 0.87527
vt 0.25683 0.87527
vt 0.25683 0.87526
vt 0.25686 0.87526
vt 0.25685 0.87527
vt 0.25679 0.87530
vt 0.25678 0.87530
vt 0.25686 0.87522
vt 0.25686 0.87522
vt 0.25688 0.87523
vt 0.25688 0.87523
vt 0.25686 0.87526
vt 0.25687 0.87527
vt 0.25687 0.87527
vt 0.25683 0.87526
vt 0.25683 0.87526
vt 0.25686 0.87527
vt 0.25685 0.87526
vt 0.25685 0.87526
vt 0.25686 0.87527
vt 0.25686 0.87527
vt 0.25686 0.87528
vt 0.25685 0.87528
vt 0.25679 0.87529
vt 0.25678 0.87529
vt 0.25688 0.87522
vt 0.25687 0.87529
vt 0.25686 0.87529
vt 0.25686 0.87528
vt 0.25687 0.87528
vt 0.25687 0.87524
vt 0.25687 0.87525
vt 0.25686 0.87525
vt 0.25686 0.87524
vt 0.25680 0.87529
vt 0.25680 0.87530
vt 0.25679 0.87530
vt 0.25679 0.87529
vt 0.25688 0.87521
vt 0.25688 0.87522
vt 0.25686 0.87522
vt 0.25686 0.87521
vt 0.25687 0.87525
vt 0.25687 0.87526
vt 0.25686 0.87526
vt 0.25686 0.87525
vt 0.25685 0.87527
vt 0.25685 0.87529
vt 0.25683 0.87529
vt 0.25683 0.87527
vt 0.25687 0.87528
vt 0.25687 0.87528
vt 0.25686 0.87524
vt 0.25686 0.87524
vt 0.25680 0.87530
vt 0.25680 0.87530
vt 0.25686 0.87521
vt 0.25686 0.87521
vt 0.25688 0.87522
vt 0.25686 0.87525
vt 0.25687 0.87526
vt 0.25687 0.87526
vt 0.25683 0.87527
vt 0.25683 0.87527
vt 0.25687 0.87529
vt 0.25687 0.87529
vt 0.25686 0.87529
vt 0.25686 0.87529
vt 0.25686 0.87528
vt 0.25686 0.87528
vt 0.25687 0.87524
vt 0.25686 0.87525
vt 0.25686 0.87525
vt 0.25680 0.87529
vt 0.25687 0.87525
vt 0.25863 0.93895
vt 0.25862 0.93895
vt 0.25862 0.93894
vt 0.25863 0.93894
vt 0.25863 0.93896
vt 0.25863 0.93897
vt 0.25862 0.93897
vt 0.25862 0.93896
vt 0.25862 0.93898
vt 0.25862 0.93898
vt 0.25861 0.93898
vt 0.25861 0.93898
vt 0.25863 0.93899
vt 0.25863 0.93900
vt 0.25861 0.93900
vt 0.25861 0.93899
vt 0.25860 0.93897
vt 0.25860 0.93898
vt 0.25860 0.93898
vt 0.25860 0.93897
vt 0.25856 0.93899
vt 0.25856 0.93900
vt 0.25855 0.93900
vt 0.25855 0.93899
vt 0.25863 0.93894
vt 0.25863 0.93894
vt 0.25861 0.93899
vt 0.25860 0.93897
vt 0.25855 0.93899
vt 0.25863 0.93895
vt 0.25863 0.93895
vt 0.25862 0.93895
vt 0.25862 0.93895
vt 0.25862 0.93894
vt 0.25862 0.93894
vt 0.25862 0.93897
vt 0.25861 0.93897
vt 0.25861 0.93896
vt 0.25862 0.93896
vt 0.25863 0.93895
vt 0.25863 0.93896
vt 0.25862 0.93896
vt 0.25862 0.93895
vt 0.25863 0.93898
vt 0.25863 0.93898
vt 0.25862 0.93898
vt 0.25862 0.93898
vt 0.25861 0.93895
vt 0.25861 0.93896
vt 0.25860 0.93896
vt 0.25860 0.93895
vt 0.25859 0.93897
vt 0.25859 0.93898
vt 0.25859 0.93898
vt 0.25859 0.93897
vt 0.25858 0.93899
vt 0.25858 0.93900
vt 0.25856 0.93900
vt 0.25856 0.93899
vt 0.25862 0.93895
vt 0.25862 0.93895
vt 0.25863 0.93898
vt 0.25860 0.93895
vt 0.25860 0.93895
vt 0.25859 0.93897
vt 0.25861 0.93896
vt 0.25863 0.93895
vt 0.25863 0.93895
vt 0.25861 0.93895
vt 0.25683 0.87526
vt 0.25683 0.87523
vt 0.25686 0.87523
vt 0.25686 0.87526
vt 0.25681 0.87522
vt 0.25678 0.87522
vt 0.25678 0.87521
vt 0.25681 0.87521
vt 0.25681 0.87522
vt 0.25683 0.87522
vt 0.25683 0.87523
vt 0.25681 0.87523
vt 0.25682 0.87529
vt 0.25681 0.87529
vt 0.25681 0.87529
vt 0.25682 0.87529
vt 0.25678 0.87528
vt 0.25680 0.87528
vt 0.25680 0.87529
vt 0.25678 0.87529
vt 0.25684 0.87530
vt 0.25682 0.87530
vt 0.25682 0.87529
vt 0.25684 0.87529
vt 0.25681 0.87523
vt 0.25678 0.87523
vt 0.25678 0.87523
vt 0.25681 0.87523
vt 0.25681 0.87523
vt 0.25678 0.87523
vt 0.25678 0.87523
vt 0.25681 0.87523
vt 0.25681 0.87523
vt 0.25678 0.87523
vt 0.25678 0.87522
vt 0.25681 0.87522
vt 0.25678 0.87521
vt 0.25681 0.87521
vt 0.25681 0.87521
vt 0.25678 0.87521
vt 0.25678 0.87521
vt 0.25681 0.87521
vt 0.25681 0.87521
vt 0.25678 0.87521
vt 0.25681 0.87521
vt 0.25683 0.87521
vt 0.25683 0.87521
vt 0.25681 0.87521
vt 0.25681 0.87521
vt 0.25683 0.87521
vt 0.25683 0.87522
vt 0.25681 0.87522
vt 0.25683 0.87523
vt 0.25681 0.87523
vt 0.25681 0.87523
vt 0.25683 0.87523
vt 0.25682 0.87530
vt 0.25682 0.87530
vt 0.25682 0.87530
vt 0.25682 0.87530
vt 0.25681 0.87530
vt 0.25681 0.87530
vt 0.25681 0.87530
vt 0.25681 0.87530
vt 0.25681 0.87530
vt 0.25682 0.87530
vt 0.25681 0.87530
vt 0.25681 0.87529
vt 0.25682 0.87529
vt 0.25681 0.87528
vt 0.25682 0.87528
vt 0.25682 0.87529
vt 0.25681 0.87529
vt 0.25678 0.87526
vt 0.25680 0.87526
vt 0.25680 0.87527
vt 0.25678 0.87527
vt 0.25678 0.87527
vt 0.25680 0.87527
vt 0.25680 0.87528
vt 0.25678 0.87528
vt 0.25680 0.87529
vt 0.25678 0.87529
vt 0.25678 0.87529
vt 0.25680 0.87529
vt 0.25684 0.87530
vt 0.25684 0.87530
vt 0.25684 0.87530
vt 0.25683 0.87530
vt 0.25683 0.87530
vt 0.25683 0.87530
vt 0.25683 0.87530
vt 0.25682 0.87530
vt 0.25682 0.87530
vt 0.25684 0.87530
vt 0.25682 0.87530
vt 0.25682 0.87530
vt 0.25684 0.87530
vt 0.25682 0.87529
vt 0.25684 0.87529
vt 0.25684 0.87529
vt 0.25682 0.87529
vt 0.25681 0.87521
vt 0.25681 0.87522
vt 0.25678 0.87522
vt 0.25678 0.87521
vt 0.25681 0.87523
vt 0.25681 0.87522
vt 0.25683 0.87522
vt 0.25683 0.87523
vt 0.25682 0.87529
vt 0.25682 0.87529
vt 0.25681 0.87529
vt 0.25681 0.87529
vt 0.25678 0.87529
vt 0.25680 0.87528
vt 0.25680 0.87529
vt 0.25684 0.87529
vt 0.25684 0.87530
vt 0.25682 0.87529
vt 0.25681 0.87523
vt 0.25681 0.87523
vt 0.25678 0.87523
vt 0.25678 0.87523
vt 0.25681 0.87523
vt 0.25678 0.87523
vt 0.25678 0.87521
vt 0.25678 0.87521
vt 0.25681 0.87521
vt 0.25681 0.87521
vt 0.25681 0.87521
vt 0.25681 0.87521
vt 0.25683 0.87521
vt 0.25682 0.87530
vt 0.25682 0.87530
vt 0.25682 0.87530
vt 0.25681 0.87530
vt 0.25681 0.87530
vt 0.25681 0.87530
vt 0.25681 0.87530
vt 0.25681 0.87530
vt 0.25681 0.87528
vt 0.25680 0.87526
vt 0.25680 0.87529
vt 0.25684 0.87530
vt 0.25684 0.87530
vt 0.25684 0.87530
vt 0.25683 0.87530
vt 0.25683 0.87530
vt 0.25683 0.87530
vt 0.25683 0.87530
vt 0.25684 0.87529
vt 0.25863 0.93893
vt 0.25862 0.93893
vt 0.25862 0.93892
vt 0.25863 0.93892
vt 0.25862 0.93895
vt 0.25862 0.93896
vt 0.25861 0.93896
vt 0.25861 0.93895
vt 0.25862 0.93897
vt 0.25862 0.93898
vt 0.25861 0.93898
vt 0.25861 0.93897
vt 0.25860 0.93899
vt 0.25860 0.93900
vt 0.25859 0.93900
vt 0.25859 0.93899
vt 0.25861 0.93898
vt 0.25861 0.93898
vt 0.25860 0.93898
vt 0.25860 0.93898
vt 0.25862 0.93892
vt 0.25862 0.93894
vt 0.25861 0.93894
vt 0.25861 0.93892
vt 0.25863 0.93892
vt 0.25861 0.93895
vt 0.25862 0.93898
vt 0.25859 0.93899
vt 0.25860 0.93898
vt 0.25861 0.93898
vt 0.25861 0.93892
vt 0.25862 0.93893
vt 0.25862 0.93893
vt 0.25862 0.93892
vt 0.25862 0.93892
vt 0.25862 0.93895
vt 0.25862 0.93895
vt 0.25861 0.93898
vt 0.25861 0.93897
vt 0.25861 0.93898
vt 0.25862 0.93895
vt 0.25861 0.93895
vt 0.25861 0.93894
vt 0.25862 0.93894
vt 0.25861 0.93896
vt 0.25861 0.93897
vt 0.25860 0.93897
vt 0.25860 0.93896
vt 0.25863 0.93897
vt 0.25863 0.93898
vt 0.25862 0.93898
vt 0.25862 0.93897
vt 0.25861 0.93899
vt 0.25861 0.93900
vt 0.25860 0.93900
vt 0.25860 0.93899
vt 0.25861 0.93897
vt 0.25861 0.93898
vt 0.25860 0.93898
vt 0.25860 0.93897
vt 0.25860 0.93895
vt 0.25860 0.93896
vt 0.25858 0.93896
vt 0.25858 0.93895
vt 0.25862 0.93894
vt 0.25860 0.93899
vt 0.25860 0.93897
vt 0.25858 0.93895
vt 0.25861 0.93895
vt 0.25861 0.93895
vt 0.25861 0.93894
vt 0.25861 0.93894
vt 0.25862 0.93897
vt 0.25861 0.93897
vt 0.25681 0.87528
vt 0.25681 0.87526
vt 0.25683 0.87526
vt 0.25683 0.87528
vt 0.25681 0.87525
vt 0.25678 0.87525
vt 0.25678 0.87525
vt 0.25681 0.87525
vt 0.25681 0.87525
vt 0.25683 0.87525
vt 0.25683 0.87525
vt 0.25681 0.87525
vt 0.25685 0.87530
vt 0.25684 0.87530
vt 0.25684 0.87529
vt 0.25685 0.87529
vt 0.25683 0.87522
vt 0.25686 0.87522
vt 0.25686 0.87523
vt 0.25683 0.87523
vt 0.25687 0.87530
vt 0.25685 0.87530
vt 0.25685 0.87529
vt 0.25687 0.87529
vt 0.25681 0.87526
vt 0.25678 0.87526
vt 0.25678 0.87526
vt 0.25681 0.87526
vt 0.25681 0.87526
vt 0.25678 0.87526
vt 0.25678 0.87526
vt 0.25681 0.87526
vt 0.25681 0.87526
vt 0.25678 0.87526
vt 0.25678 0.87525
vt 0.25681 0.87525
vt 0.25678 0.87523
vt 0.25681 0.87523
vt 0.25681 0.87524
vt 0.25678 0.87524
vt 0.25678 0.87524
vt 0.25681 0.87524
vt 0.25681 0.87525
vt 0.25678 0.87525
vt 0.25681 0.87523
vt 0.25683 0.87523
vt 0.25683 0.87524
vt 0.25681 0.87524
vt 0.25681 0.87524
vt 0.25683 0.87524
vt 0.25683 0.87525
vt 0.25681 0.87525
vt 0.25683 0.87526
vt 0.25681 0.87526
vt 0.25681 0.87525
vt 0.25683 0.87525
vt 0.25685 0.87530
vt 0.25685 0.87530
vt 0.25685 0.87530
vt 0.25685 0.87530
vt 0.25685 0.87530
vt 0.25684 0.87530
vt 0.25684 0.87530
vt 0.25684 0.87530
vt 0.25684 0.87530
vt 0.25685 0.87530
vt 0.25684 0.87530
vt 0.25684 0.87530
vt 0.25685 0.87530
vt 0.25684 0.87529
vt 0.25685 0.87529
vt 0.25685 0.87529
vt 0.25684 0.87529
vt 0.25683 0.87521
vt 0.25686 0.87521
vt 0.25686 0.87521
vt 0.25683 0.87521
vt 0.25683 0.87521
vt 0.25686 0.87521
vt 0.25686 0.87522
vt 0.25683 0.87522
vt 0.25686 0.87523
vt 0.25683 0.87523
vt 0.25683 0.87523
vt 0.25686 0.87523
vt 0.25687 0.87530
vt 0.25687 0.87530
vt 0.25687 0.87530
vt 0.25687 0.87530
vt 0.25686 0.87530
vt 0.25686 0.87530
vt 0.25686 0.87530
vt 0.25685 0.87530
vt 0.25685 0.87530
vt 0.25687 0.87530
vt 0.25685 0.87530
vt 0.25685 0.87530
vt 0.25687 0.87530
vt 0.25685 0.87529
vt 0.25687 0.87529
vt 0.25687 0.87529
vt 0.25685 0.87529
vt 0.25681 0.87525
vt 0.25681 0.87525
vt 0.25678 0.87525
vt 0.25678 0.87525
vt 0.25681 0.87525
vt 0.25681 0.87525
vt 0.25683 0.87525
vt 0.25683 0.87525
vt 0.25685 0.87529
vt 0.25685 0.87530
vt 0.25684 0.87530
vt 0.25684 0.87529
vt 0.25683 0.87523
vt 0.25683 0.87522
vt 0.25686 0.87522
vt 0.25686 0.87523
vt 0.25687 0.87529
vt 0.25687 0.87530
vt 0.25685 0.87530
vt 0.25685 0.87529
vt 0.25681 0.87526
vt 0.25681 0.87526
vt 0.25678 0.87526
vt 0.25678 0.87526
vt 0.25681 0.87526
vt 0.25678 0.87526
vt 0.25678 0.87524
vt 0.25678 0.87523
vt 0.25681 0.87523
vt 0.25681 0.87524
vt 0.25681 0.87524
vt 0.25681 0.87523
vt 0.25683 0.87523
vt 0.25683 0.87524
vt 0.25683 0.87526
vt 0.25681 0.87526
vt 0.25685 0.87530
vt 0.25685 0.87530
vt 0.25685 0.87530
vt 0.25684 0.87530
vt 0.25684 0.87530
vt 0.25685 0.87529
vt 0.25683 0.87521
vt 0.25683 0.87521
vt 0.25686 0.87521
vt 0.25686 0.87521
vt 0.25686 0.87523
vt 0.25683 0.87523
vt 0.25687 0.87530
vt 0.25687 0.87530
vt 0.25687 0.87530
vt 0.25687 0.87530
vt 0.25686 0.87530
vt 0.25686 0.87530
vt 0.25686 0.87530
vt 0.25685 0.87530
vt 0.25685 0.87530
vt 0.25685 0.87529
vt 0.25687 0.87529
vt 0.25856 0.93893
vt 0.25853 0.93893
vt 0.25853 0.93893
vt 0.25856 0.93893
vt 0.25856 0.93890
vt 0.25856 0.93891
vt 0.25853 0.93891
vt 0.25853 0.93890
vt 0.25858 0.93890
vt 0.25858 0.93891
vt 0.25856 0.93891
vt 0.25856 0.93890
vt 0.25861 0.93890
vt 0.25861 0.93891
vt 0.25858 0.93891
vt 0.25858 0.93890
vt 0.25858 0.93895
vt 0.25858 0.93896
vt 0.25856 0.93896
vt 0.25856 0.93895
vt 0.25858 0.93892
vt 0.25858 0.93893
vt 0.25856 0.93893
vt 0.25856 0.93892
vt 0.25856 0.93893
vt 0.25856 0.93895
vt 0.25856 0.93895
vt 0.25856 0.93893
vt 0.25853 0.93895
vt 0.25853 0.93895
vt 0.25853 0.93893
vt 0.25853 0.93893
vt 0.25853 0.93890
vt 0.25856 0.93890
vt 0.25856 0.93890
vt 0.25853 0.93890
vt 0.25856 0.93893
vt 0.25856 0.93893
vt 0.25853 0.93893
vt 0.25853 0.93893
vt 0.25856 0.93890
vt 0.25858 0.93890
vt 0.25858 0.93890
vt 0.25856 0.93890
vt 0.25858 0.93892
vt 0.25858 0.93892
vt 0.25856 0.93892
vt 0.25856 0.93892
vt 0.25858 0.93890
vt 0.25861 0.93890
vt 0.25861 0.93890
vt 0.25858 0.93890
vt 0.25861 0.93892
vt 0.25861 0.93892
vt 0.25858 0.93892
vt 0.25858 0.93892
vt 0.25856 0.93895
vt 0.25858 0.93895
vt 0.25858 0.93895
vt 0.25856 0.93895
vt 0.25858 0.93897
vt 0.25858 0.93897
vt 0.25856 0.93897
vt 0.25856 0.93897
vt 0.25856 0.93892
vt 0.25858 0.93892
vt 0.25858 0.93892
vt 0.25856 0.93892
vt 0.25858 0.93895
vt 0.25858 0.93895
vt 0.25856 0.93895
vt 0.25856 0.93895
vt 0.25856 0.93893
vt 0.25856 0.93895
vt 0.25856 0.93895
vt 0.25856 0.93895
vt 0.25856 0.93894
vt 0.25856 0.93893
vt 0.25856 0.93893
vt 0.25853 0.93895
vt 0.25853 0.93895
vt 0.25853 0.93893
vt 0.25853 0.93893
vt 0.25853 0.93893
vt 0.25853 0.93894
vt 0.25853 0.93895
vt 0.25853 0.93890
vt 0.25856 0.93890
vt 0.25856 0.93890
vt 0.25853 0.93890
vt 0.25856 0.93893
vt 0.25856 0.93893
vt 0.25856 0.93892
vt 0.25856 0.93891
vt 0.25856 0.93891
vt 0.25853 0.93893
vt 0.25853 0.93893
vt 0.25853 0.93891
vt 0.25853 0.93891
vt 0.25853 0.93892
vt 0.25856 0.93890
vt 0.25858 0.93890
vt 0.25858 0.93890
vt 0.25856 0.93890
vt 0.25858 0.93892
vt 0.25858 0.93892
vt 0.25858 0.93892
vt 0.25858 0.93891
vt 0.25856 0.93892
vt 0.25856 0.93892
vt 0.25856 0.93891
vt 0.25856 0.93892
vt 0.25858 0.93890
vt 0.25861 0.93890
vt 0.25861 0.93890
vt 0.25858 0.93890
vt 0.25861 0.93892
vt 0.25861 0.93892
vt 0.25861 0.93892
vt 0.25861 0.93891
vt 0.25858 0.93892
vt 0.25858 0.93892
vt 0.25858 0.93891
vt 0.25858 0.93892
vt 0.25856 0.93895
vt 0.25858 0.93895
vt 0.25858 0.93895
vt 0.25856 0.93895
vt 0.25858 0.93897
vt 0.25858 0.93897
vt 0.25858 0.93897
vt 0.25858 0.93896
vt 0.25856 0.93897
vt 0.25856 0.93897
vt 0.25856 0.93896
vt 0.25856 0.93897
vt 0.25856 0.93892
vt 0.25858 0.93892
vt 0.25858 0.93892
vt 0.25856 0.93892
vt 0.25858 0.93895
vt 0.25858 0.93895
vt 0.25858 0.93894
vt 0.25858 0.93893
vt 0.25856 0.93895
vt 0.25856 0.93895
vt 0.25856 0.93893
vt 0.25856 0.93894
vt 0.25858 0.93892
vt 0.25856 0.93892
vt 0.25856 0.93892
vt 0.25858 0.93892
vt 0.25861 0.93892
vt 0.25858 0.93892
vt 0.25858 0.93892
vt 0.25861 0.93892
vt 0.25858 0.93897
vt 0.25856 0.93897
vt 0.25856 0.93897
vt 0.25858 0.93897
vt 0.25858 0.93895
vt 0.25856 0.93895
vt 0.25856 0.93894
vt 0.25858 0.93894
vt 0.25858 0.93892
vt 0.25856 0.93892
vt 0.25856 0.93891
vt 0.25858 0.93891
vt 0.25861 0.93892
vt 0.25858 0.93892
vt 0.25858 0.93891
vt 0.25861 0.93891
vt 0.25858 0.93897
vt 0.25856 0.93897
vt 0.25856 0.93896
vt 0.25858 0.93896
vt 0.25858 0.93894
vt 0.25856 0.93894
vt 0.25856 0.93893
vt 0.25858 0.93893
vt 0.25856 0.93895
vt 0.25853 0.93895
vt 0.25853 0.93895
vt 0.25856 0.93895
vt 0.25856 0.93893
vt 0.25853 0.93893
vt 0.25853 0.93892
vt 0.25856 0.93892
vt 0.25856 0.93895
vt 0.25853 0.93895
vt 0.25853 0.93894
vt 0.25856 0.93894
vt 0.25856 0.93892
vt 0.25853 0.93892
vt 0.25853 0.93891
vt 0.25856 0.93891
vt 0.25856 0.93894
vt 0.25853 0.93894
vt 0.25853 0.93893
vt 0.25856 0.93893
vt 0.25856 0.93891
vt 0.25853 0.93891
vt 0.25853 0.93891
vt 0.25856 0.93891
vt 0.25856 0.93893
vt 0.25856 0.93895
vt 0.25853 0.93895
vt 0.25853 0.93893
vt 0.25853 0.93890
vt 0.25856 0.93890
vt 0.25856 0.93893
vt 0.25853 0.93893
vt 0.25858 0.93890
vt 0.25861 0.93890
vt 0.25856 0.93892
vt 0.25858 0.93895
vt 0.25858 0.93897
vt 0.25856 0.93897
vt 0.25856 0.93895
vt 0.81068 0.07548
vt 0.81068 0.07548
vt 0.81068 0.07548
vt 0.81068 0.07548
vt 0.94303 0.98486
vt 0.94305 0.98486
vt 0.94304 0.98490
vt 0.94302 0.98489
vt 0.94310 0.98486
vt 0.94312 0.98486
vt 0.94311 0.98490
vt 0.94309 0.98489
vt 0.66934 0.10642
vt 0.66931 0.10642
vt 0.66931 0.10640
vt 0.66934 0.10641
vt 0.66927 0.10640
vt 0.66930 0.10641
vt 0.66930 0.10642
vt 0.66927 0.10642
vt 0.66934 0.10641
vt 0.66934 0.10643
vt 0.66931 0.10642
vt 0.66931 0.10640
vt 0.66927 0.10642
vt 0.66927 0.10640
vt 0.66931 0.10641
vt 0.66930 0.10643
vt 0.86270 0.05127
vt 0.86270 0.05127
vt 0.86270 0.05127
vt 0.86270 0.05127
vt 0.86270 0.05127
vt 0.86270 0.05127
vt 0.86270 0.05127
vt 0.86270 0.05127
vt 0.86270 0.05127
vt 0.86270 0.05127
vt 0.86270 0.05127
vt 0.86270 0.05127
vt 0.86270 0.05127
vt 0.86270 0.05127
vt 0.86270 0.05127
vt 0.86270 0.05127
vt 0.86270 0.05127
vt 0.86270 0.05127
vt 0.86270 0.05127
vt 0.86270 0.05127
vt 0.86270 0.05127
vt 0.86270 0.05127
vt 0.86270 0.05127
vt 0.86270 0.05127
vt 0.86270 0.05127
vt 0.86270 0.05127
vt 0.86270 0.05127
vt 0.86270 0.05127
vt 0.86270 0.05127
vt 0.86270 0.05127
vt 0.86270 0.05127
vt 0.86270 0.05127
vt 0.86270 0.05127
vt 0.86270 0.05127
vt 0.86270 0.05127
vt 0.86270 0.05127
vt 0.86270 0.05127
vt 0.86270 0.05127
vt 0.86270 0.05127
vt 0.86270 0.05127
vt 0.86270 0.05127
vt 0.86270 0.05127
vt 0.86270 0.05127
vt 0.86270 0.05127
vt 0.86270 0.05127
vt 0.86270 0.05127
vt 0.86270 0.05127
vt 0.86270 0.05127
vt 0.86270 0.05127
vt 0.86270 0.05127
vt 0.86270 0.05127
vt 0.86270 0.05127
vt 0.86270 0.05127
vt 0.86270 0.05127
vt 0.86270 0.05127
vt 0.86270 0.05127
vt 0.86270 0.05127
vt 0.86270 0.05127
vt 0.86270 0.05127
vt 0.86270 0.05127
vt 0.86270 0.05127
vt 0.86270 0.05127
vt 0.86270 0.05127
vt 0.86270 0.05127
vt 0.86270 0.05127
vt 0.86270 0.05127
vt 0.86270 0.05127
vt 0.86270 0.05127
vt 0.86270 0.05127
vt 0.86270 0.05127
vt 0.86270 0.05127
vt 0.86270 0.05127
vt 0.86270 0.05127
vt 0.86270 0.05127
vt 0.86270 0.05127
vt 0.86270 0.05127
vt 0.86270 0.05127
vt 0.86270 0.05127
vt 0.86270 0.05127
vt 0.86270 0.05127
vt 0.86270 0.05127
vt 0.86270 0.05127
vt 0.86270 0.05127
vt 0.86270 0.05127
vt 0.86270 0.05127
vt 0.86270 0.05127
vt 0.86270 0.05127
vt 0.86270 0.05127
vt 0.86270 0.05127
vt 0.86270 0.05127
vt 0.86270 0.05127
vt 0.86270 0.05127
vt 0.86270 0.05127
vt 0.86270 0.05127
vt 0.86270 0.05127
vt 0.86270 0.05127
vt 0.86270 0.05127
vt 0.86270 0.05127
vt 0.86270 0.05127
vt 0.86270 0.05127
vt 0.86270 0.05127
vt 0.86270 0.05127
vt 0.86270 0.05127
vt 0.86270 0.05127
vt 0.86270 0.05127
vt 0.86270 0.05127
vt 0.86270 0.05127
vt 0.86270 0.05127
vt 0.86270 0.05127
vt 0.86270 0.05127
vt 0.86270 0.05127
vt 0.86270 0.05127
vt 0.86270 0.05127
vt 0.86270 0.05127
vt 0.86270 0.05127
vt 0.86270 0.05127
vt 0.86270 0.05127
vt 0.86270 0.05127
vt 0.86270 0.05127
vt 0.86270 0.05127
vt 0.86270 0.05127
vt 0.86270 0.05127
vt 0.86270 0.05127
vt 0.86270 0.05127
vt 0.86270 0.05127
vt 0.86270 0.05127
vt 0.86270 0.05127
vt 0.86270 0.05127
vt 0.86270 0.05127
vt 0.86270 0.05127
vt 0.86270 0.05127
vt 0.86270 0.05127
vt 0.86270 0.05127
vt 0.86270 0.05127
vt 0.86270 0.05127
vt 0.86270 0.05127
vt 0.86270 0.05127
vt 0.86270 0.05127
vt 0.86270 0.05127
vt 0.86270 0.05127
vt 0.86270 0.05127
vt 0.86270 0.05127
vt 0.86270 0.05127
vt 0.86270 0.05127
vt 0.86270 0.05127
vt 0.86270 0.05127
vt 0.86270 0.05127
vt 0.86270 0.05127
vt 0.86270 0.05127
vt 0.86270 0.05127
vt 0.86270 0.05127
vt 0.86270 0.05127
vt 0.86270 0.05127
vt 0.86270 0.05127
vt 0.86270 0.05127
vt 0.86270 0.05127
vt 0.86270 0.05127
vt 0.86270 0.05127
vt 0.86270 0.05127
vt 0.86270 0.05127
vt 0.86270 0.05127
vt 0.86270 0.05127
vt 0.86270 0.05127
vt 0.86270 0.05127
vt 0.86270 0.05127
vt 0.86270 0.05127
vt 0.86270 0.05127
vt 0.86270 0.05127
vt 0.86270 0.05127
vt 0.86270 0.05127
vt 0.86270 0.05127
vt 0.86270 0.05127
vt 0.86270 0.05127
vt 0.86270 0.05127
vt 0.86270 0.05127
vt 0.86270 0.05127
vt 0.86270 0.05127
vt 0.86270 0.05127
vt 0.86270 0.05127
vt 0.86270 0.05127
vt 0.86270 0.05127
vt 0.86270 0.05127
vt 0.86270 0.05127
vt 0.86270 0.05127
vt 0.86270 0.05127
vt 0.86270 0.05127
vt 0.86270 0.05127
vt 0.86270 0.05127
vt 0.86270 0.05127
vt 0.86270 0.05127
vt 0.86270 0.05127
vt 0.86270 0.05127
vt 0.86270 0.05127
vt 0.86270 0.05127
vt 0.86270 0.05127
vt 0.86270 0.05127
vt 0.86270 0.05127
vt 0.86270 0.05127
vt 0.86270 0.05127
vt 0.86270 0.05127
vt 0.86270 0.05127
vt 0.86270 0.05127
vt 0.86270 0.05127
vt 0.86270 0.05127
vt 0.86270 0.05127
vt 0.86270 0.05127
vt 0.86270 0.05127
vt 0.86270 0.05127
vt 0.86270 0.05127
vt 0.86270 0.05127
vt 0.86270 0.05127
vt 0.86270 0.05127
vt 0.86270 0.05127
vt 0.86270 0.05127
vt 0.86270 0.05127
vt 0.86270 0.05127
vt 0.86270 0.05127
vt 0.86270 0.05127
vt 0.86270 0.05127
vt 0.86270 0.05127
vt 0.86270 0.05127
vt 0.86270 0.05127
vt 0.86270 0.05127
vt 0.86270 0.05127
vt 0.86270 0.05127
vt 0.86270 0.05127
vt 0.86270 0.05127
vt 0.86270 0.05127
vt 0.86270 0.05127
vt 0.86270 0.05127
vt 0.86270 0.05127
vt 0.86270 0.05127
vt 0.86270 0.05127
vt 0.86270 0.05127
vt 0.86270 0.05127
vt 0.86270 0.05127
vt 0.86270 0.05127
vt 0.86270 0.05127
vt 0.86270 0.05127
vt 0.86270 0.05127
vt 0.86270 0.05127
vt 0.86270 0.05127
vt 0.86270 0.05127
vt 0.86270 0.05127
vt 0.86270 0.05127
vt 0.86270 0.05127
vt 0.86270 0.05127
vt 0.86270 0.05127
vt 0.86270 0.05127
vt 0.86270 0.05127
vt 0.86270 0.05127
vt 0.86270 0.05127
vt 0.86270 0.05127
vt 0.86270 0.05127
vt 0.86270 0.05127
vt 0.86270 0.05127
vt 0.86270 0.05127
vt 0.86270 0.05127
vt 0.86270 0.05127
vt 0.86270 0.05127
vt 0.86270 0.05127
vt 0.86270 0.05127
vt 0.86270 0.05127
vt 0.86270 0.05127
vt 0.86270 0.05127
vt 0.86270 0.05127
vt 0.86270 0.05127
vt 0.86270 0.05127
vt 0.86270 0.05127
vt 0.86270 0.05127
vt 0.86270 0.05127
vt 0.86270 0.05127
vt 0.86270 0.05127
vt 0.86270 0.05127
vt 0.86270 0.05127
vt 0.86270 0.05127
vt 0.86270 0.05127
vt 0.86270 0.05127
vt 0.86270 0.05127
vt 0.86270 0.05127
vt 0.86270 0.05127
vt 0.86270 0.05127
vt 0.86270 0.05127
vt 0.86270 0.05127
vt 0.86270 0.05127
vt 0.86270 0.05127
vt 0.86270 0.05127
vt 0.86270 0.05127
vt 0.86270 0.05127
vt 0.86270 0.05127
vt 0.86270 0.05127
vt 0.86270 0.05127
vt 0.86270 0.05127
vt 0.86270 0.05127
vt 0.86270 0.05127
vt 0.86270 0.05127
vt 0.86270 0.05127
vt 0.86270 0.05127
vt 0.86270 0.05127
vt 0.86270 0.05127
vt 0.86270 0.05127
vt 0.86270 0.05127
vt 0.86270 0.05127
vt 0.86270 0.05127
vt 0.86270 0.05127
vt 0.86270 0.05127
vt 0.86270 0.05127
vt 0.86270 0.05127
vt 0.86270 0.05127
vt 0.86270 0.05127
vt 0.86270 0.05127
vt 0.86270 0.05127
vt 0.86270 0.05127
vt 0.86270 0.05127
vt 0.86270 0.05127
vt 0.86270 0.05127
vt 0.86270 0.05127
vt 0.86270 0.05127
vt 0.86270 0.05127
vt 0.86270 0.05127
vt 0.86270 0.05127
vt 0.86270 0.05127
vt 0.86270 0.05127
vt 0.86270 0.05127
vt 0.86270 0.05127
vt 0.86270 0.05127
vt 0.86270 0.05127
vt 0.86270 0.05127
vt 0.86270 0.05127
vt 0.86270 0.05127
vt 0.86270 0.05127
vt 0.86270 0.05127
vt 0.86270 0.05127
vt 0.86270 0.05127
vt 0.86270 0.05127
vt 0.86270 0.05127
vt 0.86270 0.05127
vt 0.86270 0.05127
vt 0.86270 0.05127
vt 0.86270 0.05127
vt 0.86270 0.05127
vt 0.86270 0.05127
vt 0.86270 0.05127
vt 0.86270 0.05127
vt 0.86270 0.05127
vt 0.86270 0.05127
vt 0.86270 0.05127
vt 0.86270 0.05127
vt 0.86270 0.05127
vt 0.86270 0.05127
vt 0.86270 0.05127
vt 0.86270 0.05127
vt 0.86270 0.05127
vt 0.86270 0.05127
vt 0.86270 0.05127
vt 0.86270 0.05127
vt 0.86270 0.05127
vt 0.86270 0.05127
vt 0.86270 0.05127
vt 0.86270 0.05127
vt 0.86270 0.05127
vt 0.86270 0.05127
vt 0.86270 0.05127
vt 0.86270 0.05127
vt 0.86270 0.05127
vt 0.86270 0.05127
vt 0.86270 0.05127
vt 0.86270 0.05127
vt 0.86270 0.05127
vt 0.86270 0.05127
vt 0.86270 0.05127
vt 0.86270 0.05127
vt 0.86270 0.05127
vt 0.86270 0.05127
vt 0.86270 0.05127
vt 0.86270 0.05127
vt 0.86270 0.05127
vt 0.86270 0.05127
vt 0.86270 0.05127
vt 0.86270 0.05127
vt 0.86270 0.05127
vt 0.86270 0.05127
vt 0.86270 0.05127
vt 0.86270 0.05127
vt 0.86270 0.05127
vt 0.86270 0.05127
vt 0.86270 0.05127
vt 0.86270 0.05127
vt 0.86270 0.05127
vt 0.86270 0.05127
vt 0.86270 0.05127
vt 0.86270 0.05127
vt 0.86270 0.05127
vt 0.86270 0.05127
vt 0.86270 0.05127
vt 0.86270 0.05127
vt 0.86270 0.05127
vt 0.86270 0.05127
vt 0.86270 0.05127
vt 0.86270 0.05127
vt 0.86270 0.05127
vt 0.86270 0.05127
vt 0.86270 0.05127
vt 0.86270 0.05127
vt 0.86270 0.05127
vt 0.86270 0.05127
vt 0.86270 0.05127
vt 0.86270 0.05127
vt 0.86270 0.05127
vt 0.86270 0.05127
vt 0.86270 0.05127
vt 0.86270 0.05127
vt 0.86270 0.05127
vt 0.86270 0.05127
vt 0.86270 0.05127
vt 0.86270 0.05127
vt 0.86270 0.05127
vt 0.86270 0.05127
vt 0.86270 0.05127
vt 0.86270 0.05127
vt 0.86270 0.05127
vt 0.86270 0.05127
vt 0.86270 0.05127
vt 0.86270 0.05127
vt 0.86270 0.05127
vt 0.86270 0.05127
vt 0.86270 0.05127
vt 0.86270 0.05127
vt 0.86270 0.05127
vt 0.86270 0.05127
vt 0.86270 0.05127
vt 0.86270 0.05127
vt 0.86270 0.05127
vt 0.86270 0.05127
vt 0.86270 0.05127
vt 0.86270 0.05127
vt 0.86270 0.05127
vt 0.86270 0.05127
vt 0.86270 0.05127
vt 0.86270 0.05127
vt 0.86270 0.05127
vt 0.86270 0.05127
vt 0.86270 0.05127
vt 0.86270 0.05127
vt 0.86270 0.05127
vt 0.86270 0.05127
vt 0.86270 0.05127
vt 0.86270 0.05127
vt 0.86270 0.05127
vt 0.86270 0.05127
vt 0.86270 0.05127
vt 0.86270 0.05127
vt 0.86270 0.05127
vt 0.86270 0.05127
vt 0.86270 0.05127
vt 0.86270 0.05127
vt 0.86270 0.05127
vt 0.86270 0.05127
vt 0.86270 0.05127
vt 0.86270 0.05127
vt 0.86270 0.05127
vt 0.86270 0.05127
vt 0.86270 0.05127
vt 0.86270 0.05127
vt 0.86270 0.05127
vt 0.86270 0.05127
vt 0.86270 0.05127
vt 0.86270 0.05127
vt 0.86270 0.05127
vt 0.86270 0.05127
vt 0.86270 0.05127
vt 0.86270 0.05127
vt 0.86270 0.05127
vt 0.86270 0.05127
vt 0.86270 0.05127
vt 0.86270 0.05127
vt 0.86270 0.05127
vt 0.86270 0.05127
vt 0.86270 0.05127
vt 0.86270 0.05127
vt 0.86270 0.05127
vt 0.86270 0.05127
vt 0.86270 0.05127
vt 0.86270 0.05127
vt 0.86270 0.05127
vt 0.86270 0.05127
vt 0.86270 0.05127
vt 0.86270 0.05127
vt 0.86270 0.05127
vt 0.86270 0.05127
vt 0.86270 0.05127
vt 0.86270 0.05127
vt 0.86270 0.05127
vt 0.86270 0.05127
vt 0.86270 0.05127
vt 0.86270 0.05127
vt 0.86270 0.05127
vt 0.86270 0.05127
vt 0.86270 0.05127
vt 0.86270 0.05127
vt 0.86270 0.05127
vt 0.86270 0.05127
vt 0.86270 0.05127
vt 0.86270 0.05127
vt 0.86270 0.05127
vt 0.86270 0.05127
vt 0.86270 0.05127
vt 0.86270 0.05127
vt 0.86270 0.05127
vt 0.86270 0.05127
vt 0.86270 0.05127
vt 0.86270 0.05127
vt 0.86270 0.05127
vt 0.86270 0.05127
vt 0.86270 0.05127
vt 0.86270 0.05127
vt 0.86270 0.05127
vt 0.86270 0.05127
vt 0.86270 0.05127
vt 0.86270 0.05127
vt 0.86270 0.05127
vt 0.86270 0.05127
vt 0.86270 0.05127
vt 0.86270 0.05127
vt 0.86270 0.05127
vt 0.86270 0.05127
vt 0.86270 0.05127
vt 0.86270 0.05127
vt 0.86270 0.05127
vt 0.86270 0.05127
vt 0.86270 0.05127
vt 0.86270 0.05127
vt 0.86270 0.05127
vt 0.86270 0.05127
vt 0.86270 0.05127
vt 0.86270 0.05127
vt 0.86270 0.05127
vt 0.86270 0.05127
vt 0.86270 0.05127
vt 0.86270 0.05127
vt 0.86270 0.05127
vt 0.86270 0.05127
vt 0.86270 0.05127
vt 0.86270 0.05127
vt 0.86270 0.05127
vt 0.86270 0.05127
vt 0.86270 0.05127
vt 0.86270 0.05127
vt 0.86270 0.05127
vt 0.86270 0.05127
vt 0.86270 0.05127
vt 0.86270 0.05127
vt 0.86270 0.05127
vt 0.86270 0.05127
vt 0.86270 0.05127
vt 0.86270 0.05127
vt 0.86270 0.05127
vt 0.86270 0.05127
vt 0.86270 0.05127
vt 0.86270 0.05127
vt 0.86270 0.05127
vt 0.86270 0.05127
vt 0.86270 0.05127
vt 0.86270 0.05127
vt 0.86270 0.05127
vt 0.86270 0.05127
vt 0.86270 0.05127
vt 0.86270 0.05127
vt 0.86270 0.05127
vt 0.86270 0.05127
vt 0.86270 0.05127
vt 0.86270 0.05127
vt 0.86270 0.05127
vt 0.86270 0.05127
vt 0.86270 0.05127
vt 0.86270 0.05127
vt 0.86270 0.05127
vt 0.86270 0.05127
vt 0.86270 0.05127
vt 0.86270 0.05127
vt 0.86270 0.05127
vt 0.86270 0.05127
vt 0.86270 0.05127
vt 0.86270 0.05127
vt 0.86270 0.05127
vt 0.86270 0.05127
vt 0.86270 0.05127
vt 0.86270 0.05127
vt 0.86270 0.05127
vt 0.86270 0.05127
vt 0.86270 0.05127
vt 0.86270 0.05127
vt 0.86270 0.05127
vt 0.86270 0.05127
vt 0.86270 0.05127
vt 0.86270 0.05127
vt 0.86270 0.05127
vt 0.86270 0.05127
vt 0.86270 0.05127
vt 0.86270 0.05127
vt 0.86270 0.05127
vt 0.86270 0.05127
vt 0.86270 0.05127
vt 0.86270 0.05127
vt 0.86270 0.05127
vt 0.86270 0.05127
vt 0.86270 0.05127
vt 0.86270 0.05127
vt 0.86270 0.05127
vt 0.86270 0.05127
vt 0.86270 0.05127
vt 0.86270 0.05127
vt 0.86270 0.05127
vt 0.86270 0.05127
vt 0.86270 0.05127
vt 0.86270 0.05127
vt 0.86270 0.05127
vt 0.86270 0.05127
vt 0.86270 0.05127
vt 0.86270 0.05127
vt 0.86270 0.05127
vt 0.86270 0.05127
vt 0.86270 0.05127
vt 0.86270 0.05127
vt 0.86270 0.05127
vt 0.86270 0.05127
vt 0.86270 0.05127
vt 0.86270 0.05127
vt 0.86270 0.05127
vt 0.86270 0.05127
vt 0.86270 0.05127
vt 0.86270 0.05127
vt 0.86270 0.05127
vt 0.86270 0.05127
vt 0.86270 0.05127
vt 0.86270 0.05127
vt 0.86270 0.05127
vt 0.86270 0.05127
vt 0.86270 0.05127
vt 0.86270 0.05127
vt 0.86270 0.05127
vt 0.86270 0.05127
vt 0.86270 0.05127
vt 0.86270 0.05127
vt 0.86270 0.05127
vt 0.86270 0.05127
vt 0.86270 0.05127
vt 0.86270 0.05127
vt 0.86270 0.05127
vt 0.86270 0.05127
vt 0.86270 0.05127
vt 0.86270 0.05127
vt 0.86270 0.05127
vt 0.86270 0.05127
vt 0.86270 0.05127
vt 0.86270 0.05127
vt 0.86270 0.05127
vt 0.86270 0.05127
vt 0.86270 0.05127
vt 0.86270 0.05127
vt 0.86270 0.05127
vt 0.86270 0.05127
vt 0.86270 0.05127
vt 0.86270 0.05127
vt 0.86270 0.05127
vt 0.86270 0.05127
vt 0.86270 0.05127
vt 0.86270 0.05127
vt 0.86270 0.05127
vt 0.86270 0.05127
vt 0.86270 0.05127
vt 0.86270 0.05127
vt 0.86270 0.05127
vt 0.86270 0.05127
vt 0.86270 0.05127
vt 0.86270 0.05127
vt 0.86270 0.05127
vt 0.86270 0.05127
vt 0.86270 0.05127
vt 0.86270 0.05127
vt 0.86270 0.05127
vt 0.86270 0.05127
vt 0.86270 0.05127
vt 0.86270 0.05127
vt 0.86270 0.05127
vt 0.86270 0.05127
vt 0.86270 0.05127
vt 0.86270 0.05127
vt 0.86270 0.05127
vt 0.86270 0.05127
vt 0.86270 0.05127
vt 0.86270 0.05127
vt 0.86270 0.05127
vt 0.86270 0.05127
vt 0.86270 0.05127
vt 0.86270 0.05127
vt 0.86270 0.05127
vt 0.86270 0.05127
vt 0.86270 0.05127
vt 0.86270 0.05127
vt 0.86270 0.05127
vt 0.86270 0.05127
vt 0.86270 0.05127
vt 0.86270 0.05127
vt 0.86270 0.05127
vt 0.86270 0.05127
vt 0.86270 0.05127
vt 0.86270 0.05127
vt 0.86270 0.05127
vt 0.86270 0.05127
vt 0.86270 0.05127
vt 0.86270 0.05127
vt 0.86270 0.05127
vt 0.86270 0.05127
vt 0.86270 0.05127
vt 0.86270 0.05127
vt 0.86270 0.05127
vt 0.86270 0.05127
vt 0.86270 0.05127
vt 0.86270 0.05127
vt 0.86270 0.05127
vt 0.86270 0.05127
vt 0.86270 0.05127
vt 0.86270 0.05127
vt 0.86270 0.05127
vt 0.86270 0.05127
vt 0.86270 0.05127
vt 0.86270 0.05127
vt 0.86270 0.05127
vt 0.86270 0.05127
vt 0.86270 0.05127
vt 0.86270 0.05127
vt 0.86270 0.05127
vt 0.86270 0.05127
vt 0.86270 0.05127
vt 0.86270 0.05127
vt 0.86270 0.05127
vt 0.86270 0.05127
vt 0.86270 0.05127
vt 0.86270 0.05127
vt 0.86270 0.05127
vt 0.86270 0.05127
vt 0.86270 0.05127
vt 0.86270 0.05127
vt 0.86270 0.05127
vt 0.86270 0.05127
vt 0.86270 0.05127
vt 0.86270 0.05127
vt 0.86270 0.05127
vt 0.86270 0.05127
vt 0.86270 0.05127
vt 0.86270 0.05127
vt 0.86270 0.05127
vt 0.86270 0.05127
vt 0.86270 0.05127
vt 0.86270 0.05127
vt 0.86270 0.05127
vt 0.86270 0.05127
vt 0.86270 0.05127
vt 0.86270 0.05127
vt 0.86270 0.05127
vt 0.86270 0.05127
vt 0.86270 0.05127
vt 0.86270 0.05127
vt 0.86270 0.05127
vt 0.86270 0.05127
vt 0.86270 0.05127
vt 0.86270 0.05127
vt 0.63601 0.07864
vt 0.63601 0.07864
vt 0.63601 0.07864
vt 0.63601 0.07864
vt 0.63601 0.07864
vt 0.63601 0.07864
vt 0.63601 0.07864
vt 0.63601 0.07864
vt 0.63601 0.07864
vt 0.63601 0.07864
vt 0.63601 0.07864
vt 0.63601 0.07864
vt 0.63601 0.07864
vt 0.63601 0.07864
vt 0.63601 0.07864
vt 0.63601 0.07864
vt 0.63601 0.07864
vt 0.63601 0.07864
vt 0.63601 0.07864
vt 0.63601 0.07864
vt 0.63601 0.07864
vt 0.63601 0.07864
vt 0.63601 0.07864
vt 0.63601 0.07864
vt 0.63601 0.07864
vt 0.63601 0.07864
vt 0.63601 0.07864
vt 0.63601 0.07864
vt 0.63601 0.07864
vt 0.63601 0.07864
vt 0.63601 0.07864
vt 0.63601 0.07864
vt 0.63601 0.07864
vt 0.63601 0.07864
vt 0.63601 0.07864
vt 0.63601 0.07864
vt 0.63601 0.07864
vt 0.63601 0.07864
vt 0.63601 0.07864
vt 0.63601 0.07864
vt 0.63601 0.07864
vt 0.63601 0.07864
vt 0.63601 0.07864
vt 0.63601 0.07864
vt 0.63601 0.07864
vt 0.63601 0.07864
vt 0.63601 0.07864
vt 0.63601 0.07864
vt 0.63601 0.07864
vt 0.63601 0.07864
vt 0.63601 0.07864
vt 0.63601 0.07864
vt 0.63601 0.07864
vt 0.63601 0.07864
vt 0.63601 0.07864
vt 0.63601 0.07864
vt 0.63601 0.07864
vt 0.63601 0.07864
vt 0.63601 0.07864
vt 0.63601 0.07864
vt 0.63601 0.07864
vt 0.63601 0.07864
vt 0.63601 0.07864
vt 0.63601 0.07864
vt 0.63601 0.07864
vt 0.63601 0.07864
vt 0.63601 0.07864
vt 0.63601 0.07864
vt 0.63601 0.07864
vt 0.63601 0.07864
vt 0.63601 0.07864
vt 0.63601 0.07864
vt 0.63601 0.07864
vt 0.63601 0.07864
vt 0.63601 0.07864
vt 0.63601 0.07864
vt 0.63601 0.07864
vt 0.63601 0.07864
vt 0.63601 0.07864
vt 0.63601 0.07864
vt 0.63601 0.07864
vt 0.63601 0.07864
vt 0.63601 0.07864
vt 0.63601 0.07864
vt 0.63601 0.07864
vt 0.63601 0.07864
vt 0.63601 0.07864
vt 0.63601 0.07864
vt 0.63601 0.07864
vt 0.63601 0.07864
vt 0.63601 0.07864
vt 0.63601 0.07864
vt 0.63601 0.07864
vt 0.63601 0.07864
vt 0.63601 0.07864
vt 0.63601 0.07864
vt 0.63601 0.07864
vt 0.63601 0.07864
vt 0.63601 0.07864
vt 0.63601 0.07864
vt 0.63601 0.07864
vt 0.63601 0.07864
vt 0.63601 0.07864
vt 0.63601 0.07864
vt 0.63601 0.07864
vt 0.63601 0.07864
vt 0.63601 0.07864
vt 0.63601 0.07864
vt 0.63601 0.07864
vt 0.63601 0.07864
vt 0.63601 0.07864
vt 0.63601 0.07864
vt 0.63601 0.07864
vt 0.63601 0.07864
vt 0.63601 0.07864
vt 0.63601 0.07864
vt 0.63601 0.07864
vt 0.63601 0.07864
vt 0.63601 0.07864
vt 0.63601 0.07864
vt 0.63601 0.07864
vt 0.63601 0.07864
vt 0.63601 0.07864
vt 0.63601 0.07864
vt 0.63601 0.07864
vt 0.63601 0.07864
vt 0.63601 0.07864
vt 0.63601 0.07864
vt 0.63601 0.07864
vt 0.63601 0.07864
vt 0.63601 0.07864
vt 0.63601 0.07864
vt 0.63601 0.07864
vt 0.63601 0.07864
vt 0.63601 0.07864
vt 0.63601 0.07864
vt 0.63601 0.07864
vt 0.63601 0.07864
vt 0.63601 0.07864
vt 0.63601 0.07864
vt 0.63601 0.07864
vt 0.63601 0.07864
vt 0.63601 0.07864
vt 0.63601 0.07864
vt 0.63601 0.07864
vt 0.63601 0.07864
vt 0.63601 0.07864
vt 0.63601 0.07864
vt 0.63601 0.07864
vt 0.63601 0.07864
vt 0.63601 0.07864
vt 0.63601 0.07864
vt 0.63601 0.07864
vt 0.63601 0.07864
vt 0.63601 0.07864
vt 0.63601 0.07864
vt 0.63601 0.07864
vt 0.63601 0.07864
vt 0.63601 0.07864
vt 0.63601 0.07864
vt 0.63601 0.07864
vt 0.63601 0.07864
vt 0.63601 0.07864
vt 0.63601 0.07864
vt 0.63601 0.07864
vt 0.63601 0.07864
vt 0.63601 0.07864
vt 0.63601 0.07864
vt 0.63601 0.07864
vt 0.63601 0.07864
vt 0.63601 0.07864
vt 0.63601 0.07864
vt 0.63601 0.07864
vt 0.63601 0.07864
vt 0.63601 0.07864
vt 0.63601 0.07864
vt 0.63601 0.07864
vt 0.63601 0.07864
vt 0.63601 0.07864
vt 0.63601 0.07864
vt 0.63601 0.07864
vt 0.63601 0.07864
vt 0.63601 0.07864
vt 0.63601 0.07864
vt 0.63601 0.07864
vt 0.63601 0.07864
vt 0.63601 0.07864
vt 0.63601 0.07864
vt 0.63601 0.07864
vt 0.63601 0.07864
vt 0.63601 0.07864
vt 0.63601 0.07864
vt 0.63601 0.07864
vt 0.63601 0.07864
vt 0.63601 0.07864
vt 0.63601 0.07864
vt 0.63601 0.07864
vt 0.63601 0.07864
vt 0.63601 0.07864
vt 0.63601 0.07864
vt 0.63601 0.07864
vt 0.63601 0.07864
vt 0.63601 0.07864
vt 0.63601 0.07864
vt 0.63601 0.07864
vt 0.63601 0.07864
vt 0.63601 0.07864
vt 0.63601 0.07864
vt 0.63601 0.07864
vt 0.63601 0.07864
vt 0.63601 0.07864
vt 0.63601 0.07864
vt 0.63601 0.07864
vt 0.63601 0.07864
vt 0.63601 0.07864
vt 0.63601 0.07864
vt 0.63601 0.07864
vt 0.63601 0.07864
vt 0.63601 0.07864
vt 0.63601 0.07864
vt 0.63601 0.07864
vt 0.63601 0.07864
vt 0.63601 0.07864
vt 0.63601 0.07864
vt 0.63601 0.07864
vt 0.63601 0.07864
vt 0.63601 0.07864
vt 0.63601 0.07864
vt 0.63601 0.07864
vt 0.63601 0.07864
vt 0.63601 0.07864
vt 0.63601 0.07864
vt 0.63601 0.07864
vt 0.63601 0.07864
vt 0.63601 0.07864
vt 0.63601 0.07864
vt 0.63601 0.07864
vt 0.63601 0.07864
vt 0.63601 0.07864
vt 0.63601 0.07864
vt 0.63601 0.07864
vt 0.63601 0.07864
vt 0.63601 0.07864
vt 0.63601 0.07864
vt 0.63601 0.07864
vt 0.63601 0.07864
vt 0.63601 0.07864
vt 0.63601 0.07864
vt 0.63601 0.07864
vt 0.63601 0.07864
vt 0.63601 0.07864
vt 0.63601 0.07864
vt 0.63601 0.07864
vt 0.63601 0.07864
vt 0.63601 0.07864
vt 0.63601 0.07864
vt 0.63601 0.07864
vt 0.63601 0.07864
vt 0.63601 0.07864
vt 0.63601 0.07864
vt 0.63601 0.07864
vt 0.63601 0.07864
vt 0.63601 0.07864
vt 0.63601 0.07864
vt 0.63601 0.07864
vt 0.63601 0.07864
vt 0.63601 0.07864
vt 0.63601 0.07864
vt 0.63601 0.07864
vt 0.63601 0.07864
vt 0.63601 0.07864
vt 0.63601 0.07864
vt 0.63601 0.07864
vt 0.63601 0.07864
vt 0.63601 0.07864
vt 0.63601 0.07864
vt 0.63601 0.07864
vt 0.63601 0.07864
vt 0.63601 0.07864
vt 0.63601 0.07864
vt 0.63601 0.07864
vt 0.63601 0.07864
vt 0.63601 0.07864
vt 0.63601 0.07864
vt 0.63601 0.07864
vt 0.63601 0.07864
vt 0.63601 0.07864
vt 0.63601 0.07864
vt 0.63601 0.07864
vt 0.63601 0.07864
vt 0.63601 0.07864
vt 0.63601 0.07864
vt 0.63601 0.07864
vt 0.63601 0.07864
vt 0.63601 0.07864
vt 0.63601 0.07864
vt 0.63601 0.07864
vt 0.63601 0.07864
vt 0.63601 0.07864
vt 0.63601 0.07864
vt 0.63601 0.07864
vt 0.63601 0.07864
vt 0.63601 0.07864
vt 0.63601 0.07864
vt 0.63601 0.07864
vt 0.63601 0.07864
vt 0.63601 0.07864
vt 0.63601 0.07864
vt 0.63601 0.07864
vt 0.63601 0.07864
vt 0.63601 0.07864
vt 0.63601 0.07864
vt 0.63601 0.07864
vt 0.63601 0.07864
vt 0.63601 0.07864
vt 0.63601 0.07864
vt 0.63601 0.07864
vt 0.63601 0.07864
vt 0.63601 0.07864
vt 0.63601 0.07864
vt 0.63601 0.07864
vt 0.63601 0.07864
vt 0.63601 0.07864
vt 0.63601 0.07864
vt 0.63601 0.07864
vt 0.63601 0.07864
vt 0.63601 0.07864
vt 0.63601 0.07864
vt 0.63601 0.07864
vt 0.63601 0.07864
vt 0.63601 0.07864
vt 0.63601 0.07864
vt 0.63601 0.07864
vt 0.63601 0.07864
vt 0.63601 0.07864
vt 0.63601 0.07864
vt 0.63601 0.07864
vt 0.63601 0.07864
vt 0.63601 0.07864
vt 0.63601 0.07864
vt 0.63601 0.07864
vt 0.63601 0.07864
vt 0.63601 0.07864
vt 0.63601 0.07864
vt 0.63601 0.07864
vt 0.63601 0.07864
vt 0.63601 0.07864
vt 0.63601 0.07864
vt 0.63601 0.07864
vt 0.63601 0.07864
vt 0.63601 0.07864
vt 0.63601 0.07864
vt 0.63601 0.07864
vt 0.63601 0.07864
vt 0.63601 0.07864
vt 0.63601 0.07864
vt 0.63601 0.07864
vt 0.63601 0.07864
vt 0.63601 0.07864
vt 0.63601 0.07864
vt 0.63601 0.07864
vt 0.63601 0.07864
vt 0.63601 0.07864
vt 0.63601 0.07864
vt 0.63601 0.07864
vt 0.63601 0.07864
vt 0.63601 0.07864
vt 0.63601 0.07864
vt 0.63601 0.07864
vt 0.63601 0.07864
vt 0.63601 0.07864
vt 0.63601 0.07864
vt 0.63601 0.07864
vt 0.63601 0.07864
vt 0.63601 0.07864
vt 0.63601 0.07864
vt 0.63601 0.07864
vt 0.63601 0.07864
vt 0.63601 0.07864
vt 0.63601 0.07864
vt 0.63601 0.07864
vt 0.63601 0.07864
vt 0.63601 0.07864
vt 0.63601 0.07864
vt 0.63601 0.07864
vt 0.63601 0.07864
vt 0.63601 0.07864
vt 0.63601 0.07864
vt 0.63601 0.07864
vt 0.63601 0.07864
vt 0.63601 0.07864
vt 0.63601 0.07864
vt 0.63601 0.07864
vt 0.63601 0.07864
vt 0.63601 0.07864
vt 0.63601 0.07864
vt 0.63601 0.07864
vt 0.63601 0.07864
vt 0.63601 0.07864
vt 0.63601 0.07864
vt 0.63601 0.07864
vt 0.63601 0.07864
vt 0.63601 0.07864
vt 0.63601 0.07864
vt 0.63601 0.07864
vt 0.63601 0.07864
vt 0.63601 0.07864
vt 0.63601 0.07864
vt 0.63601 0.07864
vt 0.63601 0.07864
vt 0.63601 0.07864
vt 0.63601 0.07864
vt 0.63601 0.07864
vt 0.63601 0.07864
vt 0.63601 0.07864
vt 0.63601 0.07864
vt 0.63601 0.07864
vt 0.63601 0.07864
vt 0.63601 0.07864
vt 0.63601 0.07864
vt 0.63601 0.07864
vt 0.63601 0.07864
vt 0.63601 0.07864
vt 0.63601 0.07864
vt 0.63601 0.07864
vt 0.63601 0.07864
vt 0.63601 0.07864
vt 0.63601 0.07864
vt 0.63601 0.07864
vt 0.63601 0.07864
vt 0.63601 0.07864
vt 0.63601 0.07864
vt 0.63601 0.07864
vt 0.63601 0.07864
vt 0.63601 0.07864
vt 0.63601 0.07864
vt 0.63601 0.07864
vt 0.63601 0.07864
vt 0.63601 0.07864
vt 0.63601 0.07864
vt 0.63601 0.07864
vt 0.63601 0.07864
vt 0.63601 0.07864
vt 0.63601 0.07864
vt 0.63601 0.07864
vt 0.63601 0.07864
vt 0.63601 0.07864
vt 0.63601 0.07864
vt 0.63601 0.07864
vt 0.63601 0.07864
vt 0.63601 0.07864
vt 0.63601 0.07864
vt 0.63601 0.07864
vt 0.63601 0.07864
vt 0.63601 0.07864
vt 0.63601 0.07864
vt 0.63601 0.07864
vt 0.63601 0.07864
vt 0.63601 0.07864
vt 0.63601 0.07864
vt 0.63601 0.07864
vt 0.63601 0.07864
vt 0.63601 0.07864
vt 0.63601 0.07864
vt 0.63601 0.07864
vt 0.63601 0.07864
vt 0.63601 0.07864
vt 0.63601 0.07864
vt 0.63601 0.07864
vt 0.63601 0.07864
vt 0.63601 0.07864
vt 0.63601 0.07864
vt 0.63601 0.07864
vt 0.63601 0.07864
vt 0.63601 0.07864
vt 0.63601 0.07864
vt 0.63601 0.07864
vt 0.63601 0.07864
vt 0.63601 0.07864
vt 0.63601 0.07864
vt 0.63601 0.07864
vt 0.63601 0.07864
vt 0.63601 0.07864
vt 0.63601 0.07864
vt 0.63601 0.07864
vt 0.63601 0.07864
vt 0.63601 0.07864
vt 0.63601 0.07864
vt 0.63601 0.07864
vt 0.63601 0.07864
vt 0.63601 0.07864
vt 0.63601 0.07864
vt 0.63601 0.07864
vt 0.63601 0.07864
vt 0.63601 0.07864
vt 0.63601 0.07864
vt 0.63601 0.07864
vt 0.63601 0.07864
vt 0.63601 0.07864
vt 0.63601 0.07864
vt 0.63601 0.07864
vt 0.63601 0.07864
vt 0.63601 0.07864
vt 0.63601 0.07864
vt 0.63601 0.07864
vt 0.63601 0.07864
vt 0.63601 0.07864
vt 0.63601 0.07864
vt 0.63601 0.07864
vt 0.63601 0.07864
vt 0.63601 0.07864
vt 0.63601 0.07864
vt 0.63601 0.07864
vt 0.63601 0.07864
vt 0.63601 0.07864
vt 0.63601 0.07864
vt 0.63601 0.07864
vt 0.63601 0.07864
vt 0.63601 0.07864
vt 0.63601 0.07864
vt 0.63601 0.07864
vt 0.63601 0.07864
vt 0.63601 0.07864
vt 0.63601 0.07864
vt 0.63601 0.07864
vt 0.63601 0.07864
vt 0.63601 0.07864
vt 0.63601 0.07864
vt 0.63601 0.07864
vt 0.63601 0.07864
vt 0.63601 0.07864
vt 0.63601 0.07864
vt 0.63601 0.07864
vt 0.63601 0.07864
vt 0.63601 0.07864
vt 0.63601 0.07864
vt 0.63601 0.07864
vt 0.63601 0.07864
vt 0.63601 0.07864
vt 0.63601 0.07864
vt 0.63601 0.07864
vt 0.63601 0.07864
vt 0.63601 0.07864
vt 0.63601 0.07864
vt 0.63601 0.07864
vt 0.63601 0.07864
vt 0.63601 0.07864
vt 0.63601 0.07864
vt 0.63601 0.07864
vt 0.63601 0.07864
vt 0.63601 0.07864
vt 0.63601 0.07864
vt 0.63601 0.07864
vt 0.63601 0.07864
vt 0.63601 0.07864
vt 0.63601 0.07864
vt 0.63601 0.07864
vt 0.63601 0.07864
vt 0.63601 0.07864
vt 0.63601 0.07864
vt 0.63601 0.07864
vt 0.63601 0.07864
vt 0.63601 0.07864
vt 0.63601 0.07864
vt 0.63601 0.07864
vt 0.63601 0.07864
vt 0.63601 0.07864
vt 0.63601 0.07864
vt 0.63601 0.07864
vt 0.63601 0.07864
vt 0.63601 0.07864
vt 0.63601 0.07864
vt 0.63601 0.07864
vt 0.63601 0.07864
vt 0.63601 0.07864
vt 0.63601 0.07864
vt 0.73321 0.13701
vt 0.73321 0.13701
vt 0.73321 0.13701
vt 0.73321 0.13701
vt 0.73321 0.13701
vt 0.73321 0.13701
vt 0.73321 0.13701
vt 0.73321 0.13701
vt 0.73321 0.13701
vt 0.73321 0.13701
vt 0.73321 0.13701
vt 0.73321 0.13701
vt 0.73321 0.13701
vt 0.73321 0.13701
vt 0.73321 0.13701
vt 0.73321 0.13701
vt 0.73321 0.13701
vt 0.73321 0.13701
vt 0.73321 0.13701
vt 0.73321 0.13701
vt 0.73321 0.13701
vt 0.73321 0.13701
vt 0.73321 0.13701
vt 0.73321 0.13701
vn 0.000 1.000 0.000
vn -0.000 0.000 -1.000
vn 0.000 0.000 1.000
vn -0.000 0.717 -0.697
vn -0.697 0.717 0.000
vn -0.697 0.717 0.000
vn 0.000 0.717 0.697
vn 0.697 0.717 -0.000
vn 0.000 0.717 0.697
vn 0.848 0.531 0.000
vn -0.848 0.531 0.000
vn -0.973 0.230 0.000
vn 0.592 0.806 -0.000
vn 0.741 0.175 0.649
vn 0.890 -0.456 -0.000
vn 0.805 -0.099 -0.584
vn -0.592 0.806 0.000
vn -0.805 -0.099 -0.584
vn -0.890 -0.456 0.000
vn -0.741 0.175 0.649
vn 0.000 0.919 0.394
vn -0.635 0.218 0.742
vn 0.000 -0.243 0.970
vn 0.635 0.218 0.742
vn 0.000 0.649 -0.761
vn 0.649 -0.000 -0.761
vn -0.000 -0.649 -0.761
vn -0.649 -0.000 -0.761
vn -0.862 0.507 0.000
vn 0.000 0.507 0.862
vn 0.862 0.507 -0.000
vn 0.000 0.507 -0.862
vn 0.707 0.707 -0.000
vn -0.707 0.707 0.000
vn -0.000 -0.174 -0.985
vn 0.000 -0.174 0.985
vn 0.000 -0.500 0.866
vn 0.000 -0.766 0.643
vn 0.000 -0.940 0.342
vn 0.000 -1.000 0.000
vn -0.000 -0.940 -0.342
vn -0.000 -0.766 -0.643
vn 0.000 -0.500 -0.866
vn -1.000 0.000 0.000
vn 0.000 0.531 -0.848
vn 0.000 0.531 0.848
vn 0.973 0.230 0.000
vn 0.000 0.444 0.896
vn 1.000 0.000 0.000
vn 0.000 -0.766 0.643
vn 0.000 -0.766 0.643
vn -1.000 -0.000 0.000
vn -0.000 0.000 -1.000
vn 0.000 -1.000 0.000
vn 0.000 1.000 0.000
vn -1.000 0.000 0.000
vn 0.000 -0.709 0.705
vn 0.709 -0.000 0.705
vn 0.000 0.709 0.705
vn -0.709 -0.000 0.705
vn 0.000 -0.000 1.000
vn 1.000 0.000 0.000
vn 0.707 0.000 0.707
vn 0.000 0.707 0.707
vn -0.707 0.000 0.707
vn 0.000 -0.707 0.707
vn 0.707 0.000 0.707
vn 0.000 -0.830 0.558
vn 0.881 0.000 0.474
vn 0.000 0.877 0.479
vn -0.836 0.000 0.549
vn 0.000 0.716 0.699
vn -0.716 0.000 0.699
vn 0.000 -0.716 0.699
vn 0.716 0.000 0.699
vn 0.000 0.000 -1.000
vn 0.000 0.000 1.000
vn -1.000 0.000 0.000
vn 1.000 0.000 0.000
vn 0.000 -1.000 0.000
vn 0.000 1.000 0.000
vn 0.000 -0.757 0.653
vn 0.653 -0.757 -0.000
vn 0.653 0.000 -0.757
vn 0.653 0.757 0.000
vn 0.000 0.757 0.653
vn -0.653 0.757 0.000
vn -0.653 0.000 -0.757
vn -0.653 -0.757 0.000
vn 0.000 0.500 -0.866
vn 0.000 0.766 -0.643
vn 0.000 0.940 -0.342
vn 0.000 0.940 0.342
vn 0.000 0.766 0.643
vn 0.000 0.500 0.866
vn 0.000 0.149 0.989
vn 0.000 -0.148 0.989
vn -0.000 -0.500 -0.866
vn -0.000 -0.766 -0.643
vn -0.000 -0.940 -0.342
vn 0.000 -0.940 0.342
vn 0.000 -0.766 0.643
vn 0.000 -0.500 0.866
vn 0.000 -0.148 -0.989
vn -0.629 0.117 -0.769
vn -0.631 0.117 -0.767
vn -0.624 0.117 -0.773
vn -0.621 0.117 -0.775
vn -0.633 0.387 -0.670
vn -0.633 0.593 -0.498
vn -0.633 0.728 -0.265
vn -0.633 0.728 -0.265
vn -0.633 0.774 0.000
vn -0.633 0.774 0.000
vn -0.633 0.728 0.265
vn -0.633 0.728 0.265
vn -0.633 0.593 0.498
vn -0.633 0.387 0.670
vn -0.633 0.387 0.670
vn -0.624 0.117 0.772
vn -0.622 0.118 0.774
vn -0.628 0.116 0.769
vn -0.631 0.115 0.767
vn 0.000 -0.489 0.872
vn 0.629 0.117 0.769
vn 0.631 0.117 0.767
vn 0.624 0.117 0.773
vn 0.621 0.117 0.775
vn 0.633 0.387 0.670
vn 0.633 0.387 0.670
vn 0.633 0.593 0.498
vn 0.633 0.728 0.265
vn 0.633 0.774 0.000
vn 0.633 0.728 -0.265
vn 0.633 0.728 -0.265
vn 0.633 0.593 -0.498
vn 0.633 0.387 -0.670
vn 0.624 0.117 -0.772
vn 0.622 0.118 -0.774
vn 0.628 0.116 -0.769
vn 0.631 0.115 -0.767
vn 0.000 -0.489 -0.872
vn 0.000 0.151 -0.989
vn 0.000 0.151 0.989
vn 0.629 0.117 -0.769
vn 0.621 0.117 -0.775
vn 0.624 0.117 -0.773
vn 0.631 0.117 -0.767
vn 0.633 0.387 -0.670
vn 0.633 0.774 0.000
vn 0.633 0.728 0.265
vn 0.633 0.593 0.498
vn 0.624 0.117 0.772
vn 0.631 0.115 0.767
vn 0.628 0.116 0.769
vn 0.622 0.118 0.774
vn -0.629 0.117 0.769
vn -0.621 0.117 0.775
vn -0.624 0.117 0.773
vn -0.631 0.117 0.767
vn -0.633 0.593 0.498
vn -0.633 0.593 -0.498
vn -0.624 0.117 -0.772
vn -0.631 0.115 -0.767
vn -0.628 0.116 -0.769
vn -0.622 0.118 -0.774
vn 0.000 0.149 -0.989
vn -0.629 0.117 -0.769
vn 0.633 0.593 -0.498
vn 0.631 0.115 -0.767
vn 0.631 0.117 -0.767
vn 0.633 0.387 -0.671
vn 0.631 0.115 0.767
vn -0.633 0.387 -0.670
vn -0.624 0.117 -0.772
vn 0.000 -0.766 0.643
vn 0.767 -0.095 0.634
vn 0.785 -0.088 0.613
vn 0.774 -0.633 -0.000
vn 0.783 -0.092 -0.615
vn 0.766 -0.091 -0.637
vn 0.774 0.633 -0.000
vn -0.783 -0.092 0.615
vn -0.766 -0.091 0.637
vn -0.774 0.633 0.000
vn -0.767 -0.095 -0.634
vn -0.785 -0.088 -0.613
vn -0.774 -0.633 0.000
vn -0.774 -0.633 0.000
vn -0.750 -0.661 0.000
vn -0.750 0.000 -0.661
vn -0.750 0.661 0.000
vn -0.750 0.000 0.661
vn 0.750 -0.661 -0.000
vn 0.750 0.000 -0.661
vn 0.750 0.661 -0.000
vn 0.750 0.000 0.661
vn 0.000 -0.757 -0.653
vn 0.653 0.000 0.757
vn 0.000 0.757 -0.653
vn -0.653 0.000 0.757
vn -0.653 -0.757 0.000
vn 0.000 -0.661 -0.750
vn 0.661 0.000 -0.750
vn 0.000 0.661 -0.750
vn -0.661 0.000 -0.750
vn -0.866 -0.000 -0.500
vn -0.866 0.000 0.500
vn 0.866 -0.000 0.500
vn 0.866 0.000 -0.500
vn -0.642 -0.671 -0.371
vn -0.642 -0.671 -0.371
vn -0.642 -0.671 0.371
vn -0.642 -0.671 0.371
vn 0.000 -0.671 0.742
vn 0.000 -0.671 0.742
vn 0.000 -0.671 0.742
vn 0.642 -0.671 0.371
vn 0.642 -0.671 0.371
vn 0.642 -0.671 -0.371
vn 0.642 -0.671 -0.371
vn 0.000 -0.671 -0.742
vn -0.642 0.671 -0.371
vn 0.000 0.671 -0.742
vn 0.642 0.671 -0.371
vn 0.642 0.671 -0.371
vn 0.642 0.671 0.371
vn 0.642 0.671 0.371
vn 0.000 0.671 0.742
vn 0.000 0.671 0.742
vn -0.642 0.671 0.371
vn 0.000 -0.985 -0.172
vn -0.476 -0.306 0.825
vn -0.447 -0.447 0.775
vn 0.476 0.306 0.825
vn 0.447 0.447 0.775
vn 0.476 -0.306 0.825
vn 0.447 -0.447 0.775
vn -0.476 0.306 0.825
vn -0.447 0.447 0.775
vn -0.702 -0.702 -0.122
vn 0.702 -0.702 -0.122
vn 0.707 0.707 -0.000
vn -0.707 0.707 0.000
vn -0.707 -0.707 0.000
vn 0.707 -0.707 0.000
vn -0.620 -0.620 0.481
vn -0.620 -0.620 0.481
vn 0.000 -0.877 0.481
vn 0.620 -0.620 0.481
vn 0.620 -0.620 0.481
vn 0.877 0.000 0.481
vn 0.620 0.620 0.481
vn 0.620 0.620 0.481
vn 0.000 0.877 0.481
vn -0.620 0.620 0.481
vn -0.620 0.620 0.481
vn -0.877 0.000 0.481
vn 1.000 0.000 0.000
vn -1.000 0.000 0.000
vn 0.000 -1.000 0.000
vn 0.000 0.000 -1.000
vn 0.000 1.000 0.000
vn 0.000 0.000 1.000
vn -0.750 -0.661 0.000
vn -0.750 0.000 -0.661
vn -0.750 0.661 0.000
vn -0.750 0.000 0.661
vn 0.750 -0.661 -0.000
vn 0.750 0.000 -0.661
vn 0.750 0.661 0.000
vn 0.750 0.000 0.661
vn 1.000 0.000 -0.000
vn -1.000 -0.000 0.000
vn 0.000 -1.000 0.000
vn -0.000 -0.000 -1.000
vn 0.000 1.000 0.000
vn 0.000 0.000 1.000
vn -0.750 -0.661 0.000
vn -0.750 0.000 -0.661
vn -0.750 0.661 0.000
vn -0.750 0.000 0.661
vn 0.750 -0.661 0.000
vn 0.750 -0.000 -0.661
vn 0.750 0.661 -0.000
vn 0.750 0.000 0.661
vn 0.000 0.000 1.000
vn 0.000 -1.000 0.000
vn -1.000 0.000 0.000
vn 0.000 1.000 0.000
vn 1.000 -0.000 0.000
vn 0.000 -0.818 0.576
vn -0.818 0.000 0.576
vn 0.000 0.818 0.576
vn 0.818 0.000 0.576
vn 0.611 0.791 -0.000
vn -0.611 -0.791 0.000
vn 0.000 -0.000 -1.000
vn -0.638 -0.770 0.000
vn 0.638 0.770 0.000
vn 0.000 -0.707 0.707
vn -0.707 0.000 0.707
vn 0.000 0.707 0.707
vn 0.451 0.544 0.707
vn 0.707 0.000 0.707
vn -0.451 -0.544 0.707
vn 0.611 -0.791 -0.000
vn -0.611 0.791 0.000
vn 0.638 -0.770 0.000
vn -0.638 0.770 0.000
vn -0.451 0.544 0.707
vn 0.451 -0.544 0.707
vn 0.024 0.663 -0.748
vn 0.000 0.316 0.949
vn -0.024 -0.979 -0.200
vn 1.000 -0.026 0.009
vn -1.000 0.026 -0.009
vn 0.751 0.163 -0.639
vn 0.000 0.445 0.895
vn -0.751 -0.608 -0.256
vn 0.497 -0.777 0.386
vn -0.497 0.777 -0.386
vn 1.000 -0.026 0.009
vn -1.000 0.026 -0.009
vn 0.000 0.000 1.000
vn 0.000 0.000 -1.000
vn 0.000 -1.000 0.000
vn 1.000 0.000 0.000
vn 0.000 1.000 0.000
vn -1.000 0.000 0.000
vn 0.000 -0.661 -0.750
vn 0.661 0.000 -0.750
vn 0.000 0.661 -0.750
vn -0.661 0.000 -0.750
vn 0.000 -0.661 0.750
vn 0.661 -0.000 0.750
vn 0.000 0.661 0.750
vn -0.661 0.000 0.750
vn 0.000 0.000 1.000
vn 0.000 -0.000 -1.000
vn 1.000 0.000 0.000
vn 0.000 -1.000 0.000
vn -1.000 0.000 0.000
vn 0.000 1.000 0.000
vn 0.661 -0.000 -0.750
vn 0.000 -0.661 -0.750
vn -0.661 -0.000 -0.750
vn 0.000 0.661 -0.750
vn 0.000 0.707 -0.707
vn -0.707 -0.000 -0.707
vn 0.000 -0.707 -0.707
vn 0.707 -0.000 -0.707
vn 0.000 -1.000 0.000
vn 0.000 1.000 0.000
vn -0.966 0.000 -0.259
vn -0.259 0.000 0.966
vn 0.966 0.000 0.259
vn 0.259 0.000 -0.966
vn -0.183 0.707 0.683
vn 0.683 0.707 0.183
vn 0.183 0.707 -0.683
vn -0.683 0.707 -0.183
vn -0.500 0.000 -0.866
vn -0.683 -0.707 -0.183
vn -0.866 0.000 0.500
vn 0.500 0.000 0.866
vn -0.183 -0.707 0.683
vn 0.683 -0.707 0.183
vn 0.866 0.000 -0.500
vn 0.183 -0.707 -0.683
vn -0.408 -0.577 -0.707
vn -0.408 0.577 -0.707
vn -0.707 0.577 0.408
vn -0.707 -0.577 0.408
vn 0.408 0.577 0.707
vn 0.408 -0.577 0.707
vn 0.707 0.577 -0.408
vn 0.707 -0.577 -0.408
vn -0.408 -0.577 -0.707
vn -0.408 0.577 -0.707
vn -0.707 0.577 0.408
vn -0.707 -0.577 0.408
vn 0.408 0.577 0.707
vn 0.408 -0.577 0.707
vn 0.707 0.577 -0.408
vn 0.707 -0.577 -0.408
vn -0.683 -0.707 -0.183
vn -0.683 0.707 -0.183
vn 0.087 0.000 -0.996
vn -0.996 0.000 -0.087
vn -0.087 0.000 0.996
vn 0.996 0.000 0.087
vn 0.625 -0.577 -0.525
vn 0.625 0.577 -0.525
vn -0.525 0.577 -0.625
vn -0.525 -0.577 -0.625
vn -0.625 0.577 0.525
vn -0.625 -0.577 0.525
vn 0.525 0.577 0.625
vn 0.525 -0.577 0.625
vn 0.704 -0.707 0.062
vn -0.062 -0.707 0.704
vn -0.704 -0.707 -0.062
vn 0.062 -0.707 -0.704
vn 0.062 0.707 -0.704
vn -0.704 0.707 -0.062
vn -0.062 0.707 0.704
vn 0.704 0.707 0.062
vn -0.643 0.000 -0.766
vn 0.766 0.000 -0.643
vn -0.766 0.000 0.643
vn 0.643 0.000 0.766
vn 0.625 -0.577 -0.525
vn -0.525 0.577 -0.625
vn -0.525 -0.577 -0.625
vn -0.625 0.577 0.525
vn -0.625 -0.577 0.525
vn 0.525 0.577 0.625
vn 0.766 0.000 -0.643
vn -0.766 0.000 0.643
vn 0.643 0.000 0.766
vn -0.643 0.000 -0.766
vn -0.174 0.000 -0.985
vn -0.985 0.000 0.174
vn 0.174 0.000 0.985
vn 0.985 0.000 -0.174
vn 0.468 -0.577 -0.669
vn 0.468 0.577 -0.669
vn -0.669 0.577 -0.468
vn -0.669 -0.577 -0.468
vn -0.468 0.577 0.669
vn -0.468 -0.577 0.669
vn 0.669 0.577 0.468
vn 0.669 -0.577 0.468
vn 0.696 -0.707 -0.123
vn 0.123 -0.707 0.696
vn -0.696 -0.707 0.123
vn -0.123 -0.707 -0.696
vn -0.123 0.707 -0.696
vn -0.696 0.707 0.123
vn 0.123 0.707 0.696
vn 0.696 0.707 -0.123
vn -0.819 0.000 -0.574
vn 0.574 0.000 -0.819
vn -0.574 0.000 0.819
vn 0.819 0.000 0.574
vn 0.468 -0.577 -0.669
vn 0.468 0.577 -0.669
vn -0.669 0.577 -0.468
vn -0.669 -0.577 -0.468
vn -0.468 -0.577 0.669
vn -0.696 0.707 0.123
vn 0.574 0.000 -0.819
vn 0.819 0.000 0.574
vn 0.696 0.707 -0.123
vn -0.819 0.000 -0.574
vn -0.574 0.000 0.819
vn 0.819 0.000 -0.574
vn -0.574 0.000 -0.819
vn -0.819 0.000 0.574
vn 0.574 0.000 0.819
vn 0.819 0.000 -0.574
vn -0.574 0.000 -0.819
vn 0.395 -0.724 0.565
vn -0.565 -0.724 0.395
vn -0.395 -0.724 -0.565
vn 0.565 -0.724 -0.395
vn 0.565 0.724 -0.395
vn -0.396 0.724 -0.565
vn -0.565 0.724 0.396
vn 0.395 0.724 0.565
vn 0.593 -0.689 -0.415
vn 0.198 0.000 -0.980
vn 0.593 0.689 -0.415
vn 0.989 0.000 0.149
vn -0.415 -0.689 -0.593
vn -0.980 0.000 -0.198
vn -0.415 0.689 -0.593
vn 0.149 0.000 -0.989
vn -0.593 -0.689 0.415
vn -0.198 0.000 0.980
vn -0.593 0.689 0.415
vn -0.989 0.000 -0.149
vn 0.415 -0.689 0.593
vn 0.980 0.000 0.198
vn 0.415 0.689 0.593
vn -0.149 0.000 0.989
vn 0.593 -0.689 -0.415
vn -0.415 -0.689 -0.593
vn -0.565 -0.724 0.395
vn -0.395 0.724 -0.565
vn -0.565 0.724 0.395
vn 0.396 0.724 0.565
vn 0.565 0.724 -0.396
vn 0.395 -0.724 0.565
vn -0.396 -0.724 -0.565
vn -0.395 -0.724 -0.565
vn -0.565 -0.724 0.396
vn 0.396 -0.724 0.565
vn 0.565 -0.724 -0.396
vn -0.565 0.724 0.395
vn 0.395 0.724 0.565
vn -0.593 0.689 0.415
vn -0.593 -0.689 0.415
vn 0.000 0.000 1.000
vn 0.000 -0.000 1.000
vn 0.000 1.000 -0.000
vn 0.000 0.637 -0.771
vn -0.771 0.637 0.000
vn 0.000 0.637 0.771
vn 0.771 0.637 0.000
vn -1.000 0.000 0.000
vn -0.000 0.131 -0.991
vn 0.000 0.383 -0.924
vn 0.000 0.609 -0.793
vn 0.000 0.793 -0.609
vn -0.000 0.924 -0.383
vn 0.000 0.991 -0.131
vn 0.000 0.991 0.131
vn 0.000 0.924 0.383
vn 0.000 0.793 0.609
vn 0.000 0.609 0.793
vn 0.000 0.383 0.924
vn 0.000 0.131 0.991
vn 0.000 -0.131 0.991
vn 0.000 -0.383 0.924
vn 0.000 -0.609 0.793
vn 0.000 -0.793 0.609
vn 0.000 -0.924 0.383
vn 0.000 -0.991 0.131
vn 0.000 -0.991 -0.131
vn 0.000 -0.924 -0.383
vn 0.000 -0.793 -0.609
vn 0.000 -0.609 -0.793
vn -0.000 -0.383 -0.924
vn 0.000 -0.131 -0.991
vn 0.590 0.105 -0.801
vn 0.590 0.309 -0.746
vn 0.590 0.492 -0.641
vn 0.590 0.641 -0.492
vn 0.590 0.746 -0.309
vn 0.590 0.801 -0.105
vn 0.590 0.801 0.105
vn 0.590 0.746 0.309
vn 0.590 0.641 0.492
vn 0.590 0.492 0.641
vn 0.590 0.309 0.746
vn 0.590 0.105 0.801
vn 0.590 -0.105 0.801
vn 0.590 -0.309 0.746
vn 0.590 -0.492 0.641
vn 0.590 -0.641 0.492
vn 0.590 -0.746 0.309
vn 0.590 -0.801 0.105
vn 0.590 -0.801 -0.105
vn 0.590 -0.746 -0.309
vn 0.590 -0.641 -0.492
vn 0.590 -0.492 -0.641
vn 0.590 -0.309 -0.746
vn 0.590 -0.105 -0.801
vn 1.000 -0.000 0.000
vn 0.519 -0.112 0.848
vn 0.519 -0.327 0.790
vn 0.519 -0.520 0.678
vn 0.519 -0.678 0.520
vn 0.519 -0.790 0.327
vn 0.519 -0.848 0.112
vn 0.519 -0.848 -0.112
vn 0.519 -0.790 -0.327
vn 0.519 -0.678 -0.520
vn 0.519 -0.520 -0.678
vn 0.519 -0.327 -0.790
vn 0.519 -0.112 -0.848
vn 0.519 0.112 -0.848
vn 0.519 0.327 -0.790
vn 0.519 0.520 -0.678
vn 0.519 0.678 -0.520
vn 0.519 0.790 -0.327
vn 0.519 0.848 -0.112
vn 0.519 0.848 0.112
vn 0.519 0.790 0.327
vn 0.519 0.678 0.520
vn 0.519 0.520 0.678
vn 0.519 0.327 0.790
vn 0.519 0.112 0.848
vn -0.547 0.109 -0.830
vn 0.000 0.652 -0.758
vn 0.547 0.109 -0.830
vn 0.000 -0.433 -0.901
vn -0.547 0.510 -0.664
vn -0.547 0.510 -0.664
vn 0.000 0.944 -0.331
vn 0.547 0.510 -0.664
vn 0.000 0.076 -0.997
vn -0.547 0.773 -0.320
vn 0.000 0.983 0.185
vn 0.547 0.773 -0.320
vn 0.547 0.773 -0.320
vn 0.000 0.564 -0.826
vn -0.547 0.830 0.109
vn -0.547 0.830 0.109
vn 0.000 0.758 0.652
vn 0.547 0.830 0.109
vn 0.547 0.830 0.109
vn 0.000 0.901 -0.433
vn -0.547 0.664 0.510
vn 0.000 0.331 0.944
vn 0.547 0.664 0.510
vn 0.000 0.997 0.076
vn -0.547 0.320 0.773
vn -0.547 0.320 0.773
vn 0.000 -0.185 0.983
vn 0.547 0.320 0.773
vn 0.547 0.320 0.773
vn 0.000 0.826 0.564
vn 0.000 0.826 0.564
vn -0.547 -0.109 0.830
vn 0.000 -0.652 0.758
vn 0.547 -0.109 0.830
vn 0.000 0.433 0.901
vn -0.547 -0.510 0.664
vn 0.000 -0.944 0.331
vn 0.547 -0.510 0.664
vn 0.547 -0.510 0.664
vn 0.000 -0.076 0.997
vn -0.547 -0.773 0.320
vn -0.547 -0.773 0.320
vn 0.000 -0.983 -0.185
vn 0.547 -0.773 0.320
vn 0.000 -0.564 0.826
vn -0.547 -0.830 -0.109
vn 0.000 -0.758 -0.652
vn 0.547 -0.830 -0.109
vn 0.000 -0.901 0.433
vn -0.547 -0.664 -0.510
vn -0.547 -0.664 -0.510
vn 0.000 -0.331 -0.944
vn 0.547 -0.664 -0.510
vn 0.000 -0.997 -0.076
vn -0.547 -0.320 -0.773
vn -0.547 -0.320 -0.773
vn 0.000 0.185 -0.983
vn 0.547 -0.320 -0.773
vn 0.547 -0.320 -0.773
vn 0.000 -0.826 -0.564
vn 0.000 -0.826 -0.564
vn -0.590 0.105 -0.801
vn -0.590 0.309 -0.746
vn -0.590 0.492 -0.641
vn -0.590 0.641 -0.492
vn -0.590 0.746 -0.309
vn -0.590 0.801 -0.105
vn -0.590 0.801 0.105
vn -0.590 0.746 0.309
vn -0.590 0.641 0.492
vn -0.590 0.641 0.491
vn -0.590 0.492 0.641
vn -0.590 0.309 0.746
vn -0.590 0.105 0.801
vn -0.590 -0.105 0.801
vn -0.590 -0.309 0.746
vn -0.590 -0.492 0.641
vn -0.590 -0.641 0.492
vn -0.590 -0.746 0.309
vn -0.590 -0.801 0.105
vn -0.590 -0.801 -0.105
vn -0.590 -0.746 -0.309
vn -0.590 -0.641 -0.492
vn -0.590 -0.492 -0.641
vn -0.590 -0.309 -0.746
vn -0.590 -0.105 -0.801
vn -0.519 -0.112 0.848
vn -0.519 -0.327 0.790
vn -0.519 -0.520 0.678
vn -0.519 -0.678 0.520
vn -0.519 -0.790 0.327
vn -0.519 -0.848 0.112
vn -0.519 -0.848 -0.112
vn -0.519 -0.790 -0.327
vn -0.519 -0.678 -0.520
vn -0.519 -0.520 -0.678
vn -0.519 -0.327 -0.790
vn -0.519 -0.112 -0.848
vn -0.519 0.112 -0.848
vn -0.519 0.327 -0.790
vn -0.519 0.520 -0.678
vn -0.519 0.678 -0.520
vn -0.519 0.790 -0.327
vn -0.519 0.848 -0.112
vn -0.519 0.848 0.112
vn -0.519 0.790 0.327
vn -0.519 0.678 0.520
vn -0.519 0.520 0.678
vn -0.519 0.327 0.790
vn -0.519 0.112 0.848
vn 0.547 0.510 -0.664
vn -0.547 0.773 -0.320
vn 0.000 0.564 -0.826
vn 0.547 0.664 0.510
vn 0.547 -0.109 0.830
vn 0.547 -0.773 0.320
vn 0.000 -0.564 0.826
vn 0.547 -0.830 -0.109
vn -0.547 -0.830 -0.109
vn 0.547 -0.664 -0.510
vn 0.547 -0.320 -0.773
vn 0.547 0.109 -0.830
vn -0.590 0.491 -0.641
vn -0.547 0.109 -0.830
vn -0.547 0.664 0.510
vn -0.547 0.320 0.773
vn -0.547 -0.510 0.664
vn -0.547 -0.320 -0.773
vn -0.547 -0.320 -0.773
vn 0.000 0.793 0.609
vn 0.000 0.609 0.793
vn 0.000 -0.609 -0.793
vn 0.707 -0.092 -0.701
vn 0.707 0.092 -0.701
vn 0.707 0.271 -0.653
vn 0.707 0.430 -0.561
vn 0.707 0.561 -0.430
vn 0.707 0.653 -0.271
vn 0.707 0.701 -0.092
vn 0.707 0.701 0.092
vn 0.707 0.653 0.271
vn 0.707 0.561 0.430
vn 0.707 0.430 0.561
vn 0.707 0.430 0.561
vn 0.707 0.271 0.653
vn 0.707 0.092 0.701
vn 0.707 0.092 0.701
vn 0.707 -0.092 0.701
vn 0.707 -0.271 0.653
vn 0.707 -0.430 0.561
vn 0.707 -0.561 0.430
vn 0.707 -0.653 0.271
vn 0.707 -0.701 0.092
vn 0.707 -0.701 -0.092
vn 0.707 -0.653 -0.271
vn 0.707 -0.561 -0.430
vn 0.707 -0.430 -0.561
vn 0.707 -0.271 -0.653
vn -1.000 -0.000 0.000
vn -1.000 0.000 0.000
vn 0.000 -0.609 0.793
vn 0.000 0.793 -0.609
vn 0.000 -0.793 0.609
vn 0.000 -0.793 -0.609
vn -0.707 -0.092 -0.701
vn -0.707 0.092 -0.701
vn -0.707 0.092 -0.701
vn -0.707 0.271 -0.653
vn -0.707 0.430 -0.561
vn -0.707 0.430 -0.561
vn -0.707 0.561 -0.430
vn -0.707 0.653 -0.271
vn -0.707 0.701 -0.092
vn -0.707 0.701 -0.092
vn -0.707 0.701 0.092
vn -0.707 0.701 0.092
vn -0.707 0.653 0.271
vn -0.707 0.561 0.430
vn -0.707 0.430 0.561
vn -0.707 0.430 0.561
vn -0.707 0.271 0.653
vn -0.707 0.092 0.701
vn -0.707 0.092 0.701
vn -0.707 -0.092 0.701
vn -0.707 -0.092 0.701
vn -0.707 -0.271 0.653
vn -0.707 -0.430 0.561
vn -0.707 -0.561 0.430
vn -0.707 -0.653 0.271
vn -0.707 -0.701 0.092
vn -0.707 -0.701 0.092
vn -0.707 -0.701 -0.092
vn -0.707 -0.653 -0.271
vn -0.707 -0.561 -0.430
vn -0.707 -0.430 -0.561
vn -0.707 -0.430 -0.561
vn -0.707 -0.271 -0.653
vn 0.707 -0.092 -0.701
vn -1.000 0.000 0.000
vn 0.000 0.609 -0.793
vn -0.707 -0.092 -0.701
vn -0.707 -0.430 0.561
vn -0.707 -0.561 -0.430
vn 0.973 0.230 -0.000
vn -0.973 0.230 0.000
vn 0.000 0.444 0.896
vn -0.000 -0.000 -1.000
f 1/1/1 2/2/1 3/3/1
f 3/3/1 4/4/1 1/1/1
f 5/5/2 6/6/2 7/7/2
f 7/7/2 8/8/2 5/5/2
f 9/9/1 10/10/1 11/11/1
f 11/11/1 12/12/1 9/9/1
f 13/13/1 14/14/1 15/15/1
f 15/15/1 16/16/1 13/13/1
f 17/17/3 18/18/3 19/19/3
f 19/19/3 20/20/3 17/17/3
f 21/21/2 22/22/2 23/23/2
f 23/23/2 24/24/2 21/21/2
f 6/6/4 5/5/4 25/25/4
f 25/25/4 26/26/4 6/6/4
f 27/27/5 28/28/5 25/25/6
f 25/25/6 5/5/6 27/27/5
f 27/27/7 29/29/7 30/30/7
f 30/30/7 28/28/7 27/27/7
f 29/29/8 6/6/8 26/26/8
f 26/26/8 30/30/8 29/29/8
f 18/18/9 17/17/7 31/31/7
f 31/31/7 32/32/9 18/18/9
f 17/17/5 21/21/5 33/33/5
f 33/33/5 31/31/5 17/17/5
f 21/21/4 24/24/4 34/34/4
f 34/34/4 33/33/4 21/21/4
f 18/18/8 32/32/8 34/34/8
f 34/34/8 24/24/8 18/18/8
f 35/35/10 36/36/10 37/37/10
f 37/37/10 38/38/10 35/35/10
f 39/39/11 40/40/11 41/41/11
f 41/41/11 42/42/11 39/39/11
f 43/43/12 44/44/12 39/39/12
f 44/44/12 43/43/12 45/45/12
f 27/27/12 44/44/12 45/45/12
f 27/27/12 45/45/12 46/46/12
f 42/42/12 27/27/12 46/46/12
f 42/42/12 46/46/12 47/47/12
f 39/39/12 42/42/12 47/47/12
f 43/43/12 39/39/12 47/47/12
f 48/48/13 49/49/13 50/50/13
f 50/50/13 51/51/13 48/48/13
f 48/48/14 52/52/14 53/53/14
f 53/53/14 49/49/14 48/48/14
f 54/54/15 55/55/15 53/53/15
f 53/53/15 52/52/15 54/54/15
f 54/54/16 51/51/16 50/50/16
f 50/50/16 55/55/16 54/54/16
f 45/45/17 43/43/17 56/56/17
f 56/56/17 57/57/17 45/45/17
f 47/47/18 58/58/18 56/56/18
f 56/56/18 43/43/18 47/47/18
f 47/47/19 46/46/19 59/59/19
f 59/59/19 58/58/19 47/47/19
f 46/46/20 45/45/20 57/57/20
f 57/57/20 59/59/20 46/46/20
f 60/60/21 61/61/21 62/62/21
f 62/62/21 63/63/21 60/60/21
f 64/64/22 65/65/22 62/62/22
f 62/62/22 61/61/22 64/64/22
f 64/64/23 66/66/23 67/67/23
f 67/67/23 65/65/23 64/64/23
f 66/66/24 60/60/24 63/63/24
f 63/63/24 67/67/24 66/66/24
f 68/68/25 69/69/25 70/70/25
f 70/70/25 71/71/25 68/68/25
f 72/72/26 73/73/26 70/70/26
f 70/70/26 69/69/26 72/72/26
f 72/72/27 74/74/27 75/75/27
f 75/75/27 73/73/27 72/72/27
f 74/74/28 68/68/28 71/71/28
f 71/71/28 75/75/28 74/74/28
f 76/76/1 77/77/1 78/78/1
f 78/78/1 79/79/1 76/76/1
f 80/80/29 13/13/29 16/16/29
f 16/16/29 44/44/29 80/80/29
f 81/81/30 14/14/30 13/13/30
f 13/13/30 80/80/30 81/81/30
f 82/82/31 15/15/31 14/14/31
f 14/14/31 81/81/31 82/82/31
f 44/44/32 16/16/32 15/15/32
f 15/15/32 82/82/32 44/44/32
f 81/81/30 83/83/30 79/79/30
f 79/79/30 78/78/30 81/81/30
f 83/83/31 84/84/31 76/76/31
f 76/76/31 79/79/31 83/83/31
f 82/82/32 77/77/32 76/76/32
f 76/76/32 84/84/32 82/82/32
f 81/81/29 78/78/29 77/77/29
f 77/77/29 82/82/29 81/81/29
f 40/40/1 85/85/1 86/86/1
f 86/86/1 41/41/1 40/40/1
f 37/37/1 87/87/1 88/88/1
f 88/88/1 38/38/1 37/37/1
f 89/89/1 90/90/1 91/91/1
f 91/91/1 92/92/1 89/89/1
f 93/93/33 9/9/33 12/12/33
f 12/12/33 94/94/33 93/93/33
f 10/10/34 95/95/34 96/96/34
f 96/96/34 11/11/34 10/10/34
f 97/97/2 98/98/2 99/99/2
f 100/100/2 94/94/2 12/12/2
f 11/11/2 96/96/2 90/90/2
f 89/89/2 101/101/2 102/102/2
f 103/103/3 104/104/3 92/92/3
f 91/91/3 95/95/3 10/10/3
f 9/9/3 93/93/3 105/105/3
f 106/106/3 107/107/3 108/108/3
f 98/98/34 97/97/34 108/108/34
f 108/108/34 107/107/34 98/98/34
f 107/107/33 106/106/33 99/99/33
f 99/99/33 98/98/33 107/107/33
f 105/105/34 93/93/34 94/94/34
f 94/94/34 100/100/34 105/105/34
f 104/104/33 103/103/33 102/102/33
f 102/102/33 101/101/33 104/104/33
f 101/101/34 89/89/34 92/92/34
f 92/92/34 104/104/34 101/101/34
f 90/90/33 96/96/33 95/95/33
f 95/95/33 91/91/33 90/90/33
f 109/109/35 110/110/35 111/111/35
f 111/111/35 112/112/35 109/109/35
f 113/113/36 114/114/36 115/115/36
f 115/115/36 116/116/36 113/113/36
f 113/113/37 117/117/37 118/118/37
f 118/118/37 114/114/37 113/113/37
f 118/118/38 117/117/38 119/119/38
f 119/119/38 120/120/38 118/118/38
f 120/120/39 119/119/39 121/121/39
f 121/121/39 122/122/39 120/120/39
f 121/121/40 123/123/40 124/124/40
f 124/124/40 122/122/40 121/121/40
f 123/123/41 125/125/41 126/126/41
f 126/126/41 124/124/41 123/123/41
f 125/125/42 127/127/42 128/128/42
f 128/128/42 126/126/42 125/125/42
f 128/128/43 127/127/43 111/111/43
f 111/111/43 110/110/43 128/128/43
f 129/129/35 130/130/35 131/131/35
f 131/131/35 132/132/35 129/129/35
f 133/133/36 134/134/36 135/135/36
f 135/135/36 136/136/36 133/133/36
f 137/137/38 138/138/38 139/139/38
f 139/139/38 140/140/38 137/137/38
f 139/139/39 138/138/39 141/141/39
f 141/141/39 142/142/39 139/139/39
f 141/141/40 143/143/40 144/144/40
f 144/144/40 142/142/40 141/141/40
f 143/143/41 145/145/41 146/146/41
f 146/146/41 144/144/41 143/143/41
f 146/146/42 145/145/42 147/147/42
f 147/147/42 148/148/42 146/146/42
f 147/147/43 131/131/43 130/130/43
f 130/130/43 148/148/43 147/147/43
f 137/137/37 140/140/37 134/134/37
f 134/134/37 133/133/37 137/137/37
f 149/149/39 150/150/39 151/151/39
f 151/151/39 152/152/39 149/149/39
f 151/151/40 153/153/40 154/154/40
f 154/154/40 152/152/40 151/151/40
f 155/155/36 156/156/36 157/157/36
f 157/157/36 158/158/36 155/155/36
f 156/156/37 155/155/37 159/159/37
f 159/159/37 160/160/37 156/156/37
f 161/161/35 162/162/35 163/163/35
f 163/163/35 164/164/35 161/161/35
f 162/162/43 165/165/43 166/166/43
f 166/166/43 163/163/43 162/162/43
f 153/153/41 167/167/41 168/168/41
f 168/168/41 154/154/41 153/153/41
f 169/169/41 170/170/41 171/171/41
f 171/171/41 172/172/41 169/169/41
f 170/170/40 173/173/40 174/174/40
f 174/174/40 171/171/40 170/170/40
f 174/174/39 173/173/39 175/175/39
f 175/175/39 176/176/39 174/174/39
f 177/177/43 178/178/43 179/179/43
f 179/179/43 180/180/43 177/177/43
f 181/181/35 180/180/35 179/179/35
f 179/179/35 182/182/35 181/181/35
f 183/183/36 184/184/36 185/185/36
f 185/185/36 186/186/36 183/183/36
f 183/183/37 187/187/37 188/188/37
f 188/188/37 184/184/37 183/183/37
f 27/27/44 5/5/44 8/8/44
f 44/44/44 27/27/44 8/8/44
f 44/44/44 8/8/44 189/189/44
f 44/44/44 189/189/44 80/80/44
f 190/190/3 83/83/3 81/81/3
f 189/189/3 190/190/3 81/81/3
f 189/189/3 81/81/3 80/80/3
f 33/33/1 30/30/1 26/26/1
f 31/31/1 33/33/1 26/26/1
f 32/32/1 31/31/1 26/26/1
f 32/32/1 26/26/1 25/25/1
f 32/32/1 25/25/1 28/28/1
f 30/30/1 33/33/1 34/34/1
f 28/28/1 30/30/1 34/34/1
f 32/32/1 28/28/1 34/34/1
f 87/87/45 37/37/45 36/36/45
f 3/3/45 87/87/45 36/36/45
f 4/4/45 3/3/45 36/36/45
f 86/86/45 4/4/45 36/36/45
f 41/41/45 86/86/45 36/36/45
f 41/41/45 36/36/45 42/42/45
f 85/85/46 40/40/46 39/39/46
f 1/1/46 85/85/46 39/39/46
f 2/2/46 1/1/46 39/39/46
f 88/88/46 2/2/46 39/39/46
f 38/38/46 88/88/46 39/39/46
f 38/38/46 39/39/46 35/35/46
f 48/48/47 84/84/47 29/29/47
f 52/52/47 48/48/47 29/29/47
f 52/52/47 29/29/47 36/36/47
f 54/54/47 52/52/47 36/36/47
f 54/54/47 36/36/47 35/35/47
f 84/84/47 48/48/47 51/51/47
f 35/35/47 84/84/47 51/51/47
f 54/54/47 35/35/47 51/51/47
f 84/84/48 35/35/48 61/61/48
f 82/82/48 84/84/48 61/61/48
f 82/82/48 61/61/48 60/60/48
f 44/44/48 82/82/48 60/60/48
f 44/44/48 60/60/48 66/66/48
f 64/64/48 61/61/48 35/35/48
f 66/66/48 64/64/48 35/35/48
f 66/66/48 35/35/48 39/39/48
f 44/44/48 66/66/48 39/39/48
f 36/36/2 29/29/2 68/68/2
f 36/36/2 68/68/2 74/74/2
f 42/42/2 36/36/2 74/74/2
f 42/42/2 74/74/2 72/72/2
f 27/27/2 42/42/2 72/72/2
f 27/27/2 72/72/2 69/69/2
f 27/27/2 69/69/2 68/68/2
f 27/27/2 68/68/2 29/29/2
f 114/114/49 118/118/49 120/120/49
f 115/115/49 114/114/49 120/120/49
f 115/115/49 120/120/49 122/122/49
f 115/115/49 122/122/49 124/124/49
f 115/115/49 124/124/49 126/126/49
f 115/115/49 126/126/49 128/128/49
f 115/115/49 128/128/49 110/110/49
f 115/115/49 110/110/49 109/109/49
f 131/131/44 147/147/44 145/145/44
f 138/138/44 137/137/44 133/133/44
f 138/138/44 133/133/44 136/136/44
f 141/141/44 138/138/44 136/136/44
f 143/143/44 141/141/44 136/136/44
f 145/145/44 143/143/44 136/136/44
f 131/131/44 145/145/44 136/136/44
f 131/131/44 136/136/44 132/132/44
f 134/134/49 140/140/49 139/139/49
f 135/135/49 134/134/49 139/139/49
f 135/135/49 139/139/49 142/142/49
f 135/135/49 142/142/49 144/144/49
f 135/135/49 144/144/49 146/146/49
f 146/146/49 148/148/49 130/130/49
f 135/135/49 146/146/49 130/130/49
f 135/135/49 130/130/49 129/129/49
f 24/24/49 23/23/49 191/191/49
f 24/24/49 191/191/49 167/167/49
f 24/24/49 167/167/49 153/153/49
f 24/24/49 153/153/49 151/151/49
f 18/18/49 24/24/49 151/151/49
f 18/18/49 151/151/49 150/150/49
f 18/18/49 150/150/49 192/192/49
f 18/18/49 192/192/49 19/19/49
f 193/193/44 159/159/44 155/155/44
f 193/193/44 155/155/44 158/158/44
f 194/194/44 193/193/44 158/158/44
f 166/166/44 194/194/44 158/158/44
f 163/163/44 166/166/44 158/158/44
f 163/163/44 158/158/44 164/164/44
f 192/192/50 150/150/51 149/149/38
f 192/192/50 149/149/38 160/160/38
f 192/192/50 160/160/38 159/159/38
f 192/192/50 159/159/38 193/193/38
f 156/156/49 160/160/49 149/149/49
f 157/157/49 156/156/49 149/149/49
f 157/157/49 149/149/49 152/152/49
f 157/157/49 152/152/49 154/154/49
f 157/157/49 154/154/49 168/168/49
f 168/168/49 165/165/49 162/162/49
f 157/157/49 168/168/49 162/162/49
f 157/157/49 162/162/49 161/161/49
f 168/168/42 167/167/42 191/191/42
f 165/165/42 168/168/42 191/191/42
f 166/166/42 165/165/42 191/191/42
f 166/166/42 191/191/42 194/194/42
f 195/195/1 196/196/1 20/20/1
f 97/97/1 195/195/1 20/20/1
f 97/97/1 20/20/1 19/19/1
f 19/19/1 192/192/1 193/193/1
f 97/97/1 19/19/1 193/193/1
f 97/97/1 193/193/1 194/194/1
f 108/108/1 97/97/1 194/194/1
f 108/108/1 194/194/1 191/191/1
f 108/108/1 191/191/1 23/23/1
f 108/108/1 23/23/1 22/22/1
f 106/106/1 108/108/1 22/22/1
f 22/22/1 197/197/1 198/198/1
f 199/199/1 200/200/1 20/20/1
f 20/20/1 196/196/1 102/102/1
f 199/199/1 20/20/1 102/102/1
f 198/198/1 199/199/1 102/102/1
f 198/198/1 102/102/1 103/103/1
f 22/22/1 198/198/1 103/103/1
f 103/103/40 92/92/40 91/91/40
f 22/22/1 103/103/1 91/91/1
f 22/22/1 91/91/1 105/105/1
f 106/106/1 22/22/1 105/105/1
f 106/106/1 105/105/1 100/100/1
f 106/106/1 100/100/1 99/99/1
f 197/197/52 22/22/44 21/21/44
f 169/169/44 197/197/52 21/21/44
f 170/170/44 169/169/44 21/21/44
f 173/173/44 170/170/44 21/21/44
f 173/173/44 21/21/44 17/17/44
f 175/175/44 173/173/44 17/17/44
f 200/200/44 175/175/44 17/17/44
f 200/200/44 17/17/44 20/20/44
f 109/109/40 112/112/40 190/190/40
f 7/7/40 186/186/40 185/185/40
f 136/136/40 135/135/40 161/161/40
f 136/136/40 161/161/40 164/164/40
f 181/181/40 136/136/40 164/164/40
f 181/181/40 164/164/40 158/158/40
f 185/185/40 181/181/40 158/158/40
f 7/7/40 185/185/40 158/158/40
f 7/7/40 158/158/40 157/157/40
f 8/8/40 7/7/40 157/157/40
f 189/189/40 8/8/40 157/157/40
f 189/189/40 157/157/40 161/161/40
f 189/189/40 161/161/40 135/135/40
f 189/189/40 135/135/40 129/129/40
f 190/190/40 189/189/40 129/129/40
f 190/190/40 129/129/40 132/132/40
f 109/109/40 190/190/40 132/132/40
f 115/115/40 109/109/40 132/132/40
f 115/115/40 132/132/40 136/136/40
f 115/115/40 136/136/40 181/181/40
f 115/115/40 181/181/40 182/182/40
f 115/115/40 182/182/40 116/116/40
f 83/83/49 190/190/49 112/112/49
f 83/83/49 112/112/49 111/111/49
f 83/83/49 111/111/49 127/127/49
f 83/83/49 127/127/49 125/125/49
f 84/84/49 83/83/49 125/125/49
f 84/84/49 125/125/49 123/123/49
f 84/84/49 123/123/49 121/121/49
f 84/84/49 121/121/49 119/119/49
f 84/84/49 119/119/49 117/117/49
f 29/29/49 84/84/49 117/117/49
f 29/29/49 117/117/49 113/113/49
f 113/113/49 116/116/49 182/182/49
f 113/113/49 182/182/49 179/179/49
f 29/29/49 113/113/49 179/179/49
f 29/29/49 179/179/49 178/178/49
f 29/29/49 178/178/49 172/172/49
f 29/29/49 172/172/49 171/171/49
f 29/29/49 171/171/49 174/174/49
f 6/6/49 29/29/49 174/174/49
f 6/6/49 174/174/49 176/176/49
f 6/6/49 176/176/49 187/187/49
f 6/6/49 187/187/49 183/183/49
f 6/6/49 183/183/49 186/186/49
f 6/6/49 186/186/49 7/7/49
f 200/200/38 199/199/38 188/188/38
f 200/200/38 188/188/38 187/187/38
f 200/200/38 187/187/38 176/176/38
f 200/200/38 176/176/38 175/175/50
f 184/184/49 188/188/49 199/199/49
f 185/185/49 184/184/49 199/199/49
f 185/185/49 199/199/49 198/198/49
f 185/185/49 198/198/49 177/177/49
f 185/185/49 177/177/49 180/180/49
f 185/185/49 180/180/49 181/181/49
f 177/177/42 198/198/42 197/197/42
f 178/178/42 177/177/42 197/197/42
f 172/172/42 178/178/42 197/197/42
f 172/172/42 197/197/42 169/169/42
f 201/201/53 202/202/53 203/203/53 204/204/53 205/205/53 206/206/53
f 201/201/54 206/206/54 207/207/54 208/208/54
f 203/203/55 202/202/55 209/209/55 210/210/55
f 202/202/56 201/201/56 208/208/56 209/209/56
f 208/208/57 207/207/57 211/211/57 212/212/57
f 213/213/58 211/211/58 207/207/58 214/214/58 215/215/58 210/210/58
f 210/210/59 209/209/59 216/216/59 213/213/59
f 209/209/60 208/208/60 212/212/60 216/216/60
f 212/212/61 211/211/61 217/217/61 218/218/61
f 211/211/61 213/213/61 219/219/61 217/217/61
f 213/213/61 216/216/61 220/220/61 219/219/61
f 216/216/61 212/212/61 218/218/61 220/220/61
f 221/221/53 222/222/53 223/223/53 224/224/53 225/225/53 226/226/53
f 223/223/54 222/222/54 227/227/54 228/228/54
f 222/222/62 221/221/62 229/229/62 227/227/62
f 221/221/55 226/226/55 230/230/55 229/229/55
f 228/228/57 227/227/57 231/231/57 232/232/57
f 227/227/58 229/229/58 233/233/58 231/231/58
f 229/229/59 230/230/59 234/234/59 233/233/59
f 232/232/60 234/234/60 230/230/60 235/235/60 236/236/60 228/228/60
f 232/232/61 231/231/61 237/237/61 238/238/61
f 231/231/61 233/233/61 239/239/61 237/237/61
f 233/233/61 234/234/61 240/240/61 239/239/61
f 234/234/61 232/232/61 238/238/61 240/240/61
f 203/203/62 210/210/62 215/215/62 204/204/62
f 207/207/62 206/206/62 205/205/62 214/214/62
f 223/223/56 228/228/56 236/236/56 224/224/56
f 230/230/56 226/226/56 225/225/56 235/235/56
f 204/204/55 215/215/55 235/235/55 225/225/55
f 241/241/61 242/242/61 243/243/61 244/244/61
f 214/214/54 205/205/54 224/224/54 236/236/54
f 205/205/53 204/204/53 225/225/53 224/224/53
f 215/215/61 214/214/61 245/245/61 246/246/61
f 214/214/61 236/236/61 247/247/61 245/245/61
f 236/236/61 235/235/61 248/248/61 247/247/61
f 235/235/61 215/215/61 246/246/61 248/248/61
f 246/246/63 245/245/63 242/242/63 241/241/63
f 245/245/64 247/247/64 243/243/64 242/242/64
f 247/247/65 248/248/65 244/244/65 243/243/65
f 248/248/66 246/246/66 241/241/66 244/244/66
f 218/218/64 217/217/64 249/249/64 250/250/64
f 217/217/65 219/219/65 251/251/65 249/249/65
f 219/219/66 220/220/66 252/252/66 251/251/66
f 220/220/67 218/218/67 250/250/67 252/252/67
f 238/238/64 237/237/64 253/253/64 254/254/64
f 237/237/65 239/239/65 255/255/65 253/253/65
f 239/239/66 240/240/66 256/256/66 255/255/66
f 240/240/67 238/238/67 254/254/67 256/256/67
f 257/257/53 258/258/53 259/259/53 260/260/53
f 257/257/68 260/260/68 261/261/68 262/262/68
f 260/260/69 259/259/69 263/263/69 261/261/69
f 259/259/70 258/258/70 264/264/70 263/263/70
f 258/258/71 257/257/71 262/262/71 264/264/71
f 262/262/61 261/261/61 265/265/61 266/266/61
f 261/261/61 263/263/61 267/267/61 265/265/61
f 263/263/61 264/264/61 268/268/61 267/267/61
f 264/264/61 262/262/61 266/266/61 268/268/61
f 266/266/72 265/265/72 269/269/72 270/270/72
f 265/265/73 267/267/73 271/271/73 269/269/73
f 267/267/74 268/268/74 272/272/74 271/271/74
f 268/268/75 266/266/75 270/270/75 272/272/75
f 270/270/61 269/269/61 273/273/61 274/274/61
f 269/269/61 271/271/61 275/275/61 273/273/61
f 271/271/61 272/272/61 276/276/61 275/275/61
f 272/272/61 270/270/61 274/274/61 276/276/61
f 277/277/76 278/278/76 279/279/76
f 279/279/76 280/280/76 277/277/76
f 281/281/76 282/282/76 283/283/76
f 283/283/76 284/284/76 281/281/76
f 285/285/76 286/286/76 287/287/76
f 287/287/76 288/288/76 285/285/76
f 289/289/77 290/290/77 291/291/77
f 291/291/77 292/292/77 289/289/77
f 278/278/78 277/277/78 282/282/78
f 282/282/78 281/281/78 278/278/78
f 289/289/79 292/292/79 293/293/79
f 293/293/79 294/294/79 289/289/79
f 280/280/79 279/279/79 286/286/79
f 286/286/79 285/285/79 280/280/79
f 278/278/80 281/281/80 284/284/80
f 278/278/80 284/284/80 295/295/80
f 279/279/80 278/278/80 295/295/80
f 279/279/80 295/295/80 296/296/80
f 279/279/80 296/296/80 287/287/80
f 279/279/80 287/287/80 286/286/80
f 291/291/78 290/290/78 297/297/78
f 297/297/78 298/298/78 291/291/78
f 283/283/81 282/282/81 277/277/81
f 299/299/81 283/283/81 277/277/81
f 300/300/81 299/299/81 277/277/81
f 300/300/81 277/277/81 280/280/81
f 280/280/81 285/285/81 288/288/81
f 300/300/81 280/280/81 288/288/81
f 296/296/82 295/295/82 292/292/82
f 292/292/82 291/291/82 296/296/82
f 295/295/83 284/284/83 293/293/83
f 293/293/83 292/292/83 295/295/83
f 284/284/84 283/283/84 294/294/84
f 294/294/84 293/293/84 284/284/84
f 283/283/85 299/299/85 289/289/85
f 289/289/85 294/294/85 283/283/85
f 299/299/86 300/300/86 290/290/86
f 290/290/86 289/289/86 299/299/86
f 300/300/87 288/288/87 297/297/87
f 297/297/87 290/290/87 300/300/87
f 288/288/88 287/287/88 298/298/88
f 298/298/88 297/297/88 288/288/88
f 287/287/89 296/296/89 291/291/89
f 291/291/89 298/298/89 287/287/89
f 301/301/90 302/302/90 303/303/90
f 303/303/90 304/304/90 301/301/90
f 302/302/91 305/305/91 306/306/91
f 306/306/91 303/303/91 302/302/91
f 305/305/92 307/307/92 308/308/92
f 308/308/92 306/306/92 305/305/92
f 307/307/81 309/309/81 310/310/81
f 310/310/81 308/308/81 307/307/81
f 309/309/93 311/311/93 312/312/93
f 312/312/93 310/310/93 309/309/93
f 311/311/94 313/313/94 314/314/94
f 314/314/94 312/312/94 311/311/94
f 313/313/95 315/315/95 316/316/95
f 316/316/95 314/314/95 313/313/95
f 317/317/96 318/318/96 316/316/96
f 316/316/96 315/315/96 317/317/96
f 319/319/97 320/320/97 321/321/97
f 321/321/97 322/322/97 319/319/97
f 323/323/98 324/324/98 325/325/98
f 325/325/98 326/326/98 323/323/98
f 324/324/99 327/327/99 328/328/99
f 328/328/99 325/325/99 324/324/99
f 327/327/100 329/329/100 330/330/100
f 330/330/100 328/328/100 327/327/100
f 329/329/80 331/331/80 332/332/80
f 332/332/80 330/330/80 329/329/80
f 331/331/101 333/333/101 334/334/101
f 334/334/101 332/332/101 331/331/101
f 333/333/102 335/335/102 336/336/102
f 336/336/102 334/334/102 333/333/102
f 335/335/103 322/322/103 321/321/103
f 321/321/103 336/336/103 335/335/103
f 337/337/78 338/338/78 339/339/78
f 340/340/78 337/337/78 339/339/78
f 341/341/78 340/340/78 339/339/78
f 341/341/78 339/339/78 342/342/78
f 343/343/78 341/341/78 342/342/78
f 343/343/78 342/342/78 344/344/78
f 345/345/78 343/343/78 344/344/78
f 345/345/78 344/344/78 346/346/78
f 347/347/78 345/345/78 346/346/78
f 348/348/78 347/347/78 346/346/78
f 349/349/78 348/348/78 346/346/78
f 349/349/78 346/346/78 350/350/78
f 351/351/78 349/349/78 350/350/78
f 351/351/78 350/350/78 352/352/78
f 351/351/78 352/352/78 353/353/78
f 354/354/78 351/351/78 353/353/78
f 355/355/79 356/356/79 326/326/79
f 357/357/79 355/355/79 326/326/79
f 358/358/79 357/357/79 326/326/79
f 358/358/79 326/326/79 325/325/79
f 359/359/79 358/358/79 325/325/79
f 359/359/79 325/325/79 328/328/79
f 360/360/79 359/359/79 328/328/79
f 360/360/79 328/328/79 330/330/79
f 361/361/79 360/360/79 330/330/79
f 361/361/79 330/330/79 332/332/79
f 362/362/79 361/361/79 332/332/79
f 362/362/79 332/332/79 334/334/79
f 363/363/79 362/362/79 334/334/79
f 363/363/79 334/334/79 336/336/79
f 364/364/79 363/363/79 336/336/79
f 364/364/79 336/336/79 321/321/79
f 364/364/79 321/321/79 320/320/79
f 365/365/79 364/364/79 320/320/79
f 323/323/104 326/326/104 356/356/104
f 356/356/104 366/366/104 323/323/104
f 320/320/80 319/319/80 367/367/80
f 367/367/80 365/365/80 320/320/80
f 366/366/80 356/356/80 355/355/80
f 355/355/80 368/368/80 366/366/80
f 367/367/105 369/369/106 301/301/107
f 301/301/107 370/370/108 367/367/105
f 369/369/109 371/371/109 302/302/109
f 302/302/109 301/301/109 369/369/109
f 371/371/110 372/372/110 305/305/110
f 305/305/110 302/302/110 371/371/110
f 372/372/111 373/373/112 307/307/112
f 307/307/112 305/305/111 372/372/111
f 373/373/113 374/374/114 309/309/114
f 309/309/114 307/307/113 373/373/113
f 374/374/115 375/375/116 311/311/116
f 311/311/116 309/309/115 374/374/115
f 375/375/117 376/376/117 313/313/117
f 313/313/117 311/311/117 375/375/117
f 376/376/118 377/377/119 315/315/119
f 315/315/119 313/313/118 376/376/118
f 377/377/120 368/368/121 317/317/122
f 317/317/122 315/315/123 377/377/120
f 368/368/124 355/355/124 318/318/124
f 318/318/124 317/317/124 368/368/124
f 355/355/125 357/357/126 316/316/127
f 316/316/127 318/318/128 355/355/125
f 357/357/129 358/358/130 314/314/130
f 314/314/130 316/316/129 357/357/129
f 358/358/131 359/359/131 312/312/131
f 312/312/131 314/314/131 358/358/131
f 359/359/132 360/360/132 310/310/132
f 310/310/132 312/312/132 359/359/132
f 360/360/133 361/361/133 308/308/133
f 308/308/133 310/310/133 360/360/133
f 361/361/134 362/362/135 306/306/135
f 306/306/135 308/308/134 361/361/134
f 362/362/136 363/363/136 303/303/136
f 303/303/136 306/306/136 362/362/136
f 363/363/137 364/364/137 304/304/137
f 304/304/137 303/303/137 363/363/137
f 364/364/138 365/365/139 378/378/140
f 378/378/140 304/304/141 364/364/138
f 365/365/142 367/367/142 370/370/142
f 370/370/142 378/378/142 365/365/142
f 369/369/143 367/367/143 337/337/143
f 337/337/143 340/340/143 369/369/143
f 367/367/80 319/319/80 338/338/80
f 338/338/80 337/337/80 367/367/80
f 319/319/97 322/322/97 339/339/97
f 339/339/97 338/338/97 319/319/97
f 322/322/103 335/335/103 342/342/103
f 342/342/103 339/339/103 322/322/103
f 335/335/102 333/333/102 344/344/102
f 344/344/102 342/342/102 335/335/102
f 379/379/80 380/380/80 381/381/80
f 381/381/80 382/382/80 379/379/80
f 327/327/99 324/324/99 350/350/99
f 350/350/99 346/346/99 327/327/99
f 324/324/98 323/323/98 352/352/98
f 352/352/98 350/350/98 324/324/98
f 323/323/104 366/366/104 353/353/104
f 353/353/104 352/352/104 323/323/104
f 366/366/80 368/368/80 354/354/80
f 354/354/80 353/353/80 366/366/80
f 368/368/144 377/377/144 351/351/144
f 351/351/144 354/354/144 368/368/144
f 377/377/95 376/376/95 349/349/95
f 349/349/95 351/351/95 377/377/95
f 376/376/94 375/375/94 348/348/94
f 348/348/94 349/349/94 376/376/94
f 375/375/93 374/374/93 347/347/93
f 347/347/93 348/348/93 375/375/93
f 374/374/81 373/373/81 345/345/81
f 345/345/81 347/347/81 374/374/81
f 373/373/92 372/372/92 343/343/92
f 343/343/92 345/345/92 373/373/92
f 372/372/91 371/371/91 341/341/91
f 341/341/91 343/343/91 372/372/91
f 371/371/90 369/369/90 340/340/90
f 340/340/90 341/341/90 371/371/90
f 327/327/77 346/346/77 380/380/77
f 380/380/77 379/379/77 327/327/77
f 346/346/78 344/344/78 381/381/78
f 381/381/78 380/380/78 346/346/78
f 344/344/76 333/333/76 382/382/76
f 382/382/76 381/381/76 344/344/76
f 329/329/79 327/327/79 379/379/79
f 331/331/79 329/329/79 379/379/79
f 333/333/79 331/331/79 379/379/79
f 333/333/79 379/379/79 382/382/79
f 383/383/90 384/384/90 385/385/90
f 385/385/90 386/386/90 383/383/90
f 386/386/91 385/385/91 387/387/91
f 387/387/91 388/388/91 386/386/91
f 388/388/92 387/387/92 389/389/92
f 389/389/92 390/390/92 388/388/92
f 390/390/81 389/389/81 391/391/81
f 391/391/81 392/392/81 390/390/81
f 392/392/93 391/391/93 393/393/93
f 393/393/93 394/394/93 392/392/93
f 394/394/94 393/393/94 395/395/94
f 395/395/94 396/396/94 394/394/94
f 396/396/95 395/395/95 397/397/95
f 397/397/95 398/398/95 396/396/95
f 399/399/96 398/398/96 397/397/96
f 397/397/96 400/400/96 399/399/96
f 401/401/97 402/402/97 403/403/97
f 403/403/97 404/404/97 401/401/97
f 405/405/98 406/406/98 407/407/98
f 407/407/98 408/408/98 405/405/98
f 408/408/99 407/407/99 409/409/99
f 409/409/99 410/410/99 408/408/99
f 410/410/100 409/409/100 411/411/100
f 411/411/100 412/412/100 410/410/100
f 412/412/80 411/411/80 413/413/80
f 413/413/80 414/414/80 412/412/80
f 414/414/101 413/413/101 415/415/101
f 415/415/101 416/416/101 414/414/101
f 416/416/102 415/415/102 417/417/102
f 417/417/102 418/418/102 416/416/102
f 418/418/103 417/417/103 403/403/103
f 403/403/103 402/402/103 418/418/103
f 419/419/79 420/420/79 421/421/79
f 419/419/79 421/421/79 422/422/79
f 419/419/79 422/422/79 423/423/79
f 424/424/79 419/419/79 423/423/79
f 424/424/79 423/423/79 425/425/79
f 426/426/79 424/424/79 425/425/79
f 426/426/79 425/425/79 427/427/79
f 428/428/79 426/426/79 427/427/79
f 428/428/79 427/427/79 429/429/79
f 428/428/79 429/429/79 430/430/79
f 428/428/79 430/430/79 431/431/79
f 432/432/79 428/428/79 431/431/79
f 432/432/79 431/431/79 433/433/79
f 434/434/79 432/432/79 433/433/79
f 435/435/79 434/434/79 433/433/79
f 436/436/79 435/435/79 433/433/79
f 406/406/78 437/437/78 438/438/78
f 406/406/78 438/438/78 439/439/78
f 406/406/78 439/439/78 440/440/78
f 407/407/78 406/406/78 440/440/78
f 407/407/78 440/440/78 441/441/78
f 409/409/78 407/407/78 441/441/78
f 409/409/78 441/441/78 442/442/78
f 411/411/78 409/409/78 442/442/78
f 411/411/78 442/442/78 443/443/78
f 413/413/78 411/411/78 443/443/78
f 413/413/78 443/443/78 444/444/78
f 415/415/78 413/413/78 444/444/78
f 415/415/78 444/444/78 445/445/78
f 417/417/78 415/415/78 445/445/78
f 417/417/78 445/445/78 446/446/78
f 403/403/78 417/417/78 446/446/78
f 404/404/78 403/403/78 446/446/78
f 447/447/78 404/404/78 446/446/78
f 405/405/104 448/448/104 437/437/104
f 437/437/104 406/406/104 405/405/104
f 404/404/80 447/447/80 449/449/80
f 449/449/80 401/401/80 404/404/80
f 448/448/80 450/450/80 438/438/80
f 438/438/80 437/437/80 448/448/80
f 449/449/145 451/451/146 383/383/147
f 383/383/147 452/452/148 449/449/145
f 452/452/137 383/383/137 386/386/149
f 386/386/149 453/453/149 452/452/137
f 453/453/136 386/386/136 388/388/136
f 388/388/136 454/454/136 453/453/136
f 454/454/135 388/388/135 390/390/135
f 390/390/135 455/455/135 454/454/135
f 455/455/133 390/390/133 392/392/150
f 392/392/150 456/456/150 455/455/133
f 456/456/151 392/392/151 394/394/132
f 394/394/132 457/457/132 456/456/151
f 457/457/131 394/394/131 396/396/152
f 396/396/152 458/458/152 457/457/131
f 458/458/129 396/396/129 398/398/129
f 398/398/129 459/459/129 458/458/129
f 459/459/153 398/398/154 399/399/155
f 399/399/155 450/450/156 459/459/153
f 450/450/124 399/399/124 400/400/124
f 400/400/124 438/438/124 450/450/124
f 438/438/157 400/400/158 397/397/159
f 397/397/159 439/439/160 438/438/157
f 439/439/118 397/397/118 395/395/118
f 395/395/118 440/440/118 439/439/118
f 440/440/117 395/395/117 393/393/161
f 393/393/161 441/441/161 440/440/117
f 441/441/115 393/393/115 391/391/115
f 391/391/115 442/442/115 441/441/115
f 442/442/113 391/391/113 389/389/113
f 389/389/113 443/443/113 442/442/113
f 443/443/111 389/389/111 387/387/111
f 387/387/111 444/444/111 443/443/111
f 444/444/110 387/387/110 385/385/162
f 385/385/162 445/445/162 444/444/110
f 445/445/109 385/385/109 384/384/109
f 384/384/109 446/446/109 445/445/109
f 446/446/163 384/384/164 460/460/165
f 460/460/165 447/447/166 446/446/163
f 447/447/142 460/460/142 451/451/142
f 451/451/142 449/449/142 447/447/142
f 452/452/143 422/422/143 421/421/143
f 421/421/143 449/449/143 452/452/143
f 449/449/80 421/421/80 420/420/80
f 420/420/80 401/401/80 449/449/80
f 401/401/97 420/420/97 419/419/97
f 419/419/97 402/402/97 401/401/97
f 402/402/103 419/419/103 424/424/103
f 424/424/103 418/418/103 402/402/103
f 418/418/102 424/424/102 426/426/102
f 426/426/102 416/416/102 418/418/102
f 461/461/80 462/462/80 463/463/80
f 463/463/80 464/464/80 461/461/80
f 410/410/99 428/428/99 432/432/99
f 432/432/99 408/408/99 410/410/99
f 408/408/98 432/432/98 434/434/98
f 434/434/98 405/405/98 408/408/98
f 405/405/104 434/434/104 435/435/104
f 435/435/104 448/448/104 405/405/104
f 448/448/80 435/435/80 436/436/80
f 436/436/80 450/450/80 448/448/80
f 450/450/144 436/436/144 433/433/144
f 433/433/144 459/459/144 450/450/144
f 459/459/95 433/433/95 431/431/95
f 431/431/95 458/458/95 459/459/95
f 458/458/94 431/431/94 430/430/94
f 430/430/94 457/457/94 458/458/94
f 457/457/93 430/430/93 429/429/93
f 429/429/93 456/456/93 457/457/93
f 456/456/81 429/429/81 427/427/81
f 427/427/81 455/455/81 456/456/81
f 455/455/92 427/427/92 425/425/92
f 425/425/92 454/454/92 455/455/92
f 454/454/91 425/425/91 423/423/91
f 423/423/91 453/453/91 454/454/91
f 453/453/90 423/423/90 422/422/90
f 422/422/90 452/452/90 453/453/90
f 410/410/77 461/461/77 464/464/77
f 464/464/77 428/428/77 410/410/77
f 428/428/79 464/464/79 463/463/79
f 463/463/79 426/426/79 428/428/79
f 426/426/76 463/463/76 462/462/76
f 462/462/76 416/416/76 426/426/76
f 416/416/78 462/462/78 461/461/78
f 461/461/78 410/410/78 412/412/78
f 461/461/78 412/412/78 414/414/78
f 416/416/78 461/461/78 414/414/78
f 465/465/90 466/466/90 467/467/90
f 467/467/90 468/468/90 465/465/90
f 466/466/91 469/469/91 470/470/91
f 470/470/91 467/467/91 466/466/91
f 469/469/92 471/471/92 472/472/92
f 472/472/92 470/470/92 469/469/92
f 471/471/81 473/473/81 474/474/81
f 474/474/81 472/472/81 471/471/81
f 473/473/93 475/475/93 476/476/93
f 476/476/93 474/474/93 473/473/93
f 475/475/94 477/477/94 478/478/94
f 478/478/94 476/476/94 475/475/94
f 477/477/95 479/479/95 480/480/95
f 480/480/95 478/478/95 477/477/95
f 481/481/97 482/482/97 483/483/97
f 483/483/97 484/484/97 481/481/97
f 485/485/98 486/486/98 487/487/98
f 487/487/98 488/488/98 485/485/98
f 486/486/99 489/489/99 490/490/99
f 490/490/99 487/487/99 486/486/99
f 489/489/100 491/491/100 492/492/100
f 492/492/100 490/490/100 489/489/100
f 491/491/80 493/493/80 494/494/80
f 494/494/80 492/492/80 491/491/80
f 493/493/101 495/495/101 496/496/101
f 496/496/101 494/494/101 493/493/101
f 495/495/102 497/497/102 498/498/102
f 498/498/102 496/496/102 495/495/102
f 497/497/103 484/484/103 483/483/103
f 483/483/103 498/498/103 497/497/103
f 465/465/167 468/468/167 499/499/167
f 499/499/167 500/500/167 465/465/167
f 501/501/78 502/502/78 503/503/78
f 504/504/78 501/501/78 503/503/78
f 505/505/78 504/504/78 503/503/78
f 505/505/78 503/503/78 506/506/78
f 507/507/78 505/505/78 506/506/78
f 507/507/78 506/506/78 508/508/78
f 509/509/78 507/507/78 508/508/78
f 509/509/78 508/508/78 510/510/78
f 511/511/78 509/509/78 510/510/78
f 512/512/78 511/511/78 510/510/78
f 513/513/78 512/512/78 510/510/78
f 513/513/78 510/510/78 514/514/78
f 515/515/78 513/513/78 514/514/78
f 515/515/78 514/514/78 516/516/78
f 515/515/78 516/516/78 517/517/78
f 518/518/78 515/515/78 517/517/78
f 519/519/79 520/520/79 488/488/79
f 521/521/79 519/519/79 488/488/79
f 522/522/79 521/521/79 488/488/79
f 522/522/79 488/488/79 487/487/79
f 523/523/79 522/522/79 487/487/79
f 523/523/79 487/487/79 490/490/79
f 524/524/79 523/523/79 490/490/79
f 524/524/79 490/490/79 492/492/79
f 525/525/79 524/524/79 492/492/79
f 525/525/79 492/492/79 494/494/79
f 526/526/79 525/525/79 494/494/79
f 526/526/79 494/494/79 496/496/79
f 527/527/79 526/526/79 496/496/79
f 527/527/79 496/496/79 498/498/79
f 528/528/79 527/527/79 498/498/79
f 528/528/79 498/498/79 483/483/79
f 528/528/79 483/483/79 482/482/79
f 529/529/79 528/528/79 482/482/79
f 485/485/104 488/488/104 520/520/104
f 520/520/104 530/530/104 485/485/104
f 482/482/80 481/481/80 531/531/80
f 531/531/80 529/529/80 482/482/80
f 530/530/80 520/520/80 519/519/80
f 519/519/80 532/532/80 530/530/80
f 531/531/168 533/533/106 465/465/107
f 465/465/107 500/500/108 531/531/168
f 533/533/109 534/534/109 466/466/109
f 466/466/109 465/465/109 533/533/109
f 534/534/110 535/535/162 469/469/162
f 469/469/162 466/466/110 534/534/110
f 535/535/111 536/536/111 471/471/111
f 471/471/111 469/469/111 535/535/111
f 536/536/114 537/537/113 473/473/113
f 473/473/113 471/471/114 536/536/114
f 537/537/116 538/538/116 475/475/116
f 475/475/116 473/473/116 537/537/116
f 538/538/117 539/539/117 477/477/117
f 477/477/117 475/475/117 538/538/117
f 539/539/118 540/540/118 479/479/118
f 479/479/118 477/477/118 539/539/118
f 540/540/120 532/532/121 541/541/122
f 541/541/122 479/479/123 540/540/120
f 532/532/124 519/519/124 542/542/124
f 542/542/124 541/541/124 532/532/124
f 519/519/125 521/521/126 480/480/127
f 480/480/127 542/542/128 519/519/125
f 521/521/130 522/522/129 478/478/129
f 478/478/129 480/480/130 521/521/130
f 522/522/131 523/523/152 476/476/152
f 476/476/152 478/478/131 522/522/131
f 523/523/151 524/524/132 474/474/132
f 474/474/132 476/476/151 523/523/151
f 524/524/133 525/525/133 472/472/133
f 472/472/133 474/474/133 524/524/133
f 525/525/135 526/526/135 470/470/135
f 470/470/135 472/472/135 525/525/135
f 526/526/136 527/527/169 467/467/169
f 467/467/169 470/470/136 526/526/136
f 527/527/149 528/528/137 468/468/137
f 468/468/137 467/467/149 527/527/149
f 528/528/138 529/529/139 499/499/140
f 499/499/140 468/468/170 528/528/138
f 529/529/142 531/531/142 500/500/142
f 500/500/142 499/499/142 529/529/142
f 533/533/143 531/531/143 501/501/143
f 501/501/143 504/504/143 533/533/143
f 531/531/80 481/481/80 502/502/80
f 502/502/80 501/501/80 531/531/80
f 481/481/97 484/484/97 503/503/97
f 503/503/97 502/502/97 481/481/97
f 484/484/103 497/497/103 506/506/103
f 506/506/103 503/503/103 484/484/103
f 497/497/102 495/495/102 508/508/102
f 508/508/102 506/506/102 497/497/102
f 543/543/80 544/544/80 545/545/80
f 545/545/80 546/546/80 543/543/80
f 489/489/99 486/486/99 514/514/99
f 514/514/99 510/510/99 489/489/99
f 486/486/98 485/485/98 516/516/98
f 516/516/98 514/514/98 486/486/98
f 485/485/104 530/530/104 517/517/104
f 517/517/104 516/516/104 485/485/104
f 530/530/80 532/532/80 518/518/80
f 518/518/80 517/517/80 530/530/80
f 532/532/144 540/540/144 515/515/144
f 515/515/144 518/518/144 532/532/144
f 540/540/95 539/539/95 513/513/95
f 513/513/95 515/515/95 540/540/95
f 539/539/94 538/538/94 512/512/94
f 512/512/94 513/513/94 539/539/94
f 538/538/93 537/537/93 511/511/93
f 511/511/93 512/512/93 538/538/93
f 537/537/81 536/536/81 509/509/81
f 509/509/81 511/511/81 537/537/81
f 536/536/92 535/535/92 507/507/92
f 507/507/92 509/509/92 536/536/92
f 535/535/91 534/534/91 505/505/91
f 505/505/91 507/507/91 535/535/91
f 534/534/90 533/533/90 504/504/90
f 504/504/90 505/505/90 534/534/90
f 489/489/77 510/510/77 544/544/77
f 544/544/77 543/543/77 489/489/77
f 510/510/78 508/508/78 545/545/78
f 545/545/78 544/544/78 510/510/78
f 508/508/76 495/495/76 546/546/76
f 546/546/76 545/545/76 508/508/76
f 491/491/79 489/489/79 543/543/79
f 493/493/79 491/491/79 543/543/79
f 495/495/79 493/493/79 543/543/79
f 495/495/79 543/543/79 546/546/79
f 547/547/90 548/548/90 549/549/90
f 549/549/90 550/550/90 547/547/90
f 550/550/91 549/549/91 551/551/91
f 551/551/91 552/552/91 550/550/91
f 552/552/92 551/551/92 553/553/92
f 553/553/92 554/554/92 552/552/92
f 554/554/81 553/553/81 555/555/81
f 555/555/81 556/556/81 554/554/81
f 556/556/93 555/555/93 557/557/93
f 557/557/93 558/558/93 556/556/93
f 558/558/94 557/557/94 559/559/94
f 559/559/94 560/560/94 558/558/94
f 560/560/95 559/559/95 561/561/95
f 561/561/95 562/562/95 560/560/95
f 563/563/97 564/564/97 565/565/97
f 565/565/97 566/566/97 563/563/97
f 567/567/98 568/568/98 569/569/98
f 569/569/98 570/570/98 567/567/98
f 570/570/99 569/569/99 571/571/99
f 571/571/99 572/572/99 570/570/99
f 572/572/100 571/571/100 573/573/100
f 573/573/100 574/574/100 572/572/100
f 574/574/80 573/573/80 575/575/80
f 575/575/80 576/576/80 574/574/80
f 576/576/101 575/575/101 577/577/101
f 577/577/101 578/578/101 576/576/101
f 578/578/102 577/577/102 579/579/102
f 579/579/102 580/580/102 578/578/102
f 580/580/103 579/579/103 565/565/103
f 565/565/103 564/564/103 580/580/103
f 547/547/167 581/581/167 582/582/167
f 582/582/167 548/548/167 547/547/167
f 583/583/79 584/584/79 585/585/79
f 583/583/79 585/585/79 586/586/79
f 583/583/79 586/586/79 587/587/79
f 588/588/79 583/583/79 587/587/79
f 588/588/79 587/587/79 589/589/79
f 590/590/79 588/588/79 589/589/79
f 590/590/79 589/589/79 591/591/79
f 592/592/79 590/590/79 591/591/79
f 592/592/79 591/591/79 593/593/79
f 592/592/79 593/593/79 594/594/79
f 592/592/79 594/594/79 595/595/79
f 596/596/79 592/592/79 595/595/79
f 596/596/79 595/595/79 597/597/79
f 598/598/79 596/596/79 597/597/79
f 599/599/79 598/598/79 597/597/79
f 600/600/79 599/599/79 597/597/79
f 568/568/78 601/601/78 602/602/78
f 568/568/78 602/602/78 603/603/78
f 568/568/78 603/603/78 604/604/78
f 569/569/78 568/568/78 604/604/78
f 569/569/78 604/604/78 605/605/78
f 571/571/78 569/569/78 605/605/78
f 571/571/78 605/605/78 606/606/78
f 573/573/78 571/571/78 606/606/78
f 573/573/78 606/606/78 607/607/78
f 575/575/78 573/573/78 607/607/78
f 575/575/78 607/607/78 608/608/78
f 577/577/78 575/575/78 608/608/78
f 577/577/78 608/608/78 609/609/78
f 579/579/78 577/577/78 609/609/78
f 579/579/78 609/609/78 610/610/78
f 565/565/78 579/579/78 610/610/78
f 566/566/78 565/565/78 610/610/78
f 611/611/78 566/566/78 610/610/78
f 567/567/104 612/612/104 601/601/104
f 601/601/104 568/568/104 567/567/104
f 566/566/80 611/611/80 613/613/80
f 613/613/80 563/563/80 566/566/80
f 612/612/80 614/614/80 602/602/80
f 602/602/80 601/601/80 612/612/80
f 613/613/145 581/581/146 547/547/147
f 547/547/147 615/615/171 613/613/145
f 615/615/172 547/547/172 550/550/172
f 550/550/172 616/616/172 615/615/172
f 616/616/136 550/550/136 552/552/169
f 552/552/169 617/617/169 616/616/136
f 617/617/135 552/552/135 554/554/135
f 554/554/135 618/618/135 617/617/135
f 618/618/133 554/554/133 556/556/133
f 556/556/133 619/619/133 618/618/133
f 619/619/132 556/556/132 558/558/132
f 558/558/132 620/620/132 619/619/132
f 620/620/131 558/558/131 560/560/152
f 560/560/152 621/621/152 620/620/131
f 621/621/129 560/560/129 562/562/129
f 562/562/129 622/622/129 621/621/129
f 622/622/153 562/562/173 623/623/155
f 623/623/155 614/614/156 622/622/153
f 614/614/124 623/623/124 624/624/124
f 624/624/124 602/602/124 614/614/124
f 602/602/157 624/624/158 561/561/159
f 561/561/159 603/603/160 602/602/157
f 603/603/118 561/561/118 559/559/118
f 559/559/118 604/604/118 603/603/118
f 604/604/117 559/559/117 557/557/117
f 557/557/117 605/605/117 604/604/117
f 605/605/116 557/557/116 555/555/116
f 555/555/116 606/606/116 605/605/116
f 606/606/114 555/555/114 553/553/113
f 553/553/113 607/607/113 606/606/114
f 607/607/111 553/553/111 551/551/111
f 551/551/111 608/608/111 607/607/111
f 608/608/110 551/551/110 549/549/162
f 549/549/162 609/609/162 608/608/110
f 609/609/174 549/549/174 548/548/174
f 548/548/174 610/610/174 609/609/174
f 610/610/175 548/548/164 582/582/165
f 582/582/165 611/611/166 610/610/175
f 611/611/142 582/582/142 581/581/142
f 581/581/142 613/613/142 611/611/142
f 615/615/143 586/586/143 585/585/143
f 585/585/143 613/613/143 615/615/143
f 613/613/80 585/585/80 584/584/80
f 584/584/80 563/563/80 613/613/80
f 563/563/97 584/584/97 583/583/97
f 583/583/97 564/564/97 563/563/97
f 564/564/103 583/583/103 588/588/103
f 588/588/103 580/580/103 564/564/103
f 580/580/102 588/588/102 590/590/176
f 590/590/176 578/578/102 580/580/102
f 625/625/80 626/626/80 627/627/80
f 627/627/80 628/628/80 625/625/80
f 572/572/99 592/592/99 596/596/99
f 596/596/99 570/570/99 572/572/99
f 570/570/98 596/596/98 598/598/98
f 598/598/98 567/567/98 570/570/98
f 567/567/104 598/598/104 599/599/104
f 599/599/104 612/612/104 567/567/104
f 612/612/80 599/599/80 600/600/80
f 600/600/80 614/614/80 612/612/80
f 614/614/144 600/600/144 597/597/144
f 597/597/144 622/622/144 614/614/144
f 622/622/95 597/597/95 595/595/95
f 595/595/95 621/621/95 622/622/95
f 621/621/94 595/595/94 594/594/94
f 594/594/94 620/620/94 621/621/94
f 620/620/93 594/594/93 593/593/93
f 593/593/93 619/619/93 620/620/93
f 619/619/81 593/593/81 591/591/81
f 591/591/81 618/618/81 619/619/81
f 618/618/92 591/591/92 589/589/92
f 589/589/92 617/617/92 618/618/92
f 617/617/91 589/589/91 587/587/91
f 587/587/91 616/616/91 617/617/91
f 616/616/90 587/587/90 586/586/90
f 586/586/90 615/615/90 616/616/90
f 572/572/77 625/625/77 628/628/77
f 628/628/77 592/592/77 572/572/77
f 592/592/79 628/628/79 627/627/79
f 627/627/79 590/590/79 592/592/79
f 590/590/76 627/627/76 626/626/76
f 626/626/76 578/578/76 590/590/76
f 578/578/78 626/626/78 625/625/78
f 625/625/78 572/572/78 574/574/78
f 625/625/78 574/574/78 576/576/78
f 578/578/78 625/625/78 576/576/78
f 629/629/79 630/630/79 631/631/79
f 631/631/79 632/632/79 629/629/79
f 378/378/80 370/370/80 541/541/80
f 541/541/80 542/542/80 378/378/80
f 370/370/78 301/301/78 479/479/78
f 479/479/78 541/541/78 370/370/78
f 301/301/81 304/304/81 480/480/81
f 480/480/81 479/479/81 301/301/81
f 383/383/79 451/451/79 623/623/79
f 623/623/79 562/562/79 383/383/79
f 451/451/80 460/460/80 624/624/80
f 624/624/80 623/623/80 451/451/80
f 633/633/78 634/634/78 635/635/78
f 635/635/78 636/636/78 633/633/78
f 384/384/81 383/383/81 562/562/81
f 562/562/81 561/561/81 384/384/81
f 304/304/177 378/378/177 630/630/177
f 630/630/178 629/629/178 304/304/178
f 378/378/179 542/542/179 631/631/179
f 631/631/179 630/630/179 378/378/179
f 542/542/180 480/480/180 632/632/180
f 632/632/181 631/631/181 542/542/181
f 480/480/182 304/304/182 629/629/182
f 629/629/182 632/632/182 480/480/182
f 460/460/183 384/384/183 634/634/183
f 634/634/184 633/633/184 460/460/184
f 384/384/185 561/561/185 635/635/185
f 635/635/185 634/634/185 384/384/185
f 561/561/186 624/624/186 636/636/186
f 636/636/187 635/635/187 561/561/187
f 624/624/188 460/460/189 633/633/189
f 633/633/189 636/636/188 624/624/188
f 637/637/79 638/638/79 639/639/79
f 639/639/79 640/640/79 637/637/79
f 637/637/80 641/641/80 642/642/80
f 642/642/80 638/638/80 637/637/80
f 638/638/76 642/642/76 643/643/76
f 643/643/76 639/639/76 638/638/76
f 639/639/81 643/643/81 644/644/81
f 644/644/81 640/640/81 639/639/81
f 640/640/77 644/644/77 641/641/77
f 641/641/77 637/637/77 640/640/77
f 641/641/190 645/645/190 646/646/190
f 646/646/190 642/642/190 641/641/190
f 642/642/191 646/646/191 647/647/191
f 647/647/191 643/643/191 642/642/191
f 643/643/192 647/647/192 648/648/192
f 648/648/192 644/644/192 643/643/192
f 644/644/193 648/648/193 645/645/193
f 645/645/193 641/641/193 644/644/193
f 649/649/78 650/650/78 651/651/78
f 651/651/78 652/652/78 649/649/78
f 649/649/80 652/652/80 653/653/80
f 653/653/80 654/654/80 649/649/80
f 652/652/76 651/651/76 655/655/76
f 655/655/76 653/653/76 652/652/76
f 651/651/81 650/650/81 656/656/81
f 656/656/81 655/655/81 651/651/81
f 650/650/77 649/649/77 654/654/77
f 654/654/77 656/656/77 650/650/77
f 654/654/194 653/653/194 657/657/194
f 657/657/194 658/658/194 654/654/194
f 653/653/195 655/655/195 659/659/195
f 659/659/195 657/657/195 653/653/195
f 655/655/196 656/656/196 660/660/196
f 660/660/196 659/659/196 655/655/196
f 656/656/197 654/654/197 658/658/197
f 658/658/197 660/660/197 656/656/197
f 645/645/78 661/661/78 662/662/78
f 662/662/78 646/646/78 645/645/78
f 646/646/78 662/662/78 663/663/78
f 663/663/78 647/647/78 646/646/78
f 647/647/78 663/663/78 664/664/78
f 664/664/78 648/648/78 647/647/78
f 648/648/78 664/664/78 661/661/78
f 661/661/78 645/645/78 648/648/78
f 657/657/79 665/665/79 666/666/79
f 666/666/79 658/658/79 657/657/79
f 658/658/79 666/666/79 667/667/79
f 667/667/79 660/660/79 658/658/79
f 660/660/79 667/667/79 668/668/79
f 668/668/79 659/659/79 660/660/79
f 659/659/79 668/668/79 665/665/79
f 665/665/79 657/657/79 659/659/79
f 661/661/81 669/669/81 670/670/81
f 670/670/81 662/662/81 661/661/81
f 662/662/77 670/670/77 671/671/77
f 671/671/77 663/663/77 662/662/77
f 663/663/80 671/671/80 672/672/80
f 672/672/80 664/664/80 663/663/80
f 664/664/76 672/672/76 669/669/76
f 669/669/76 661/661/76 664/664/76
f 665/665/81 673/673/81 674/674/81
f 674/674/81 666/666/81 665/665/81
f 666/666/76 674/674/76 675/675/76
f 675/675/76 667/667/76 666/666/76
f 667/667/80 675/675/80 676/676/80
f 676/676/80 668/668/80 667/667/80
f 668/668/77 676/676/77 673/673/77
f 673/673/77 665/665/77 668/668/77
f 677/677/78 678/678/78 679/679/78
f 679/679/78 680/680/78 677/677/78
f 681/681/79 682/682/79 683/683/79
f 683/683/79 684/684/79 681/681/79
f 685/685/77 686/686/77 687/687/77
f 687/687/77 688/688/77 685/685/77
f 689/689/77 690/690/77 691/691/77
f 691/691/77 692/692/77 689/689/77
f 693/693/77 694/694/77 695/695/77
f 695/695/77 696/696/77 693/693/77
f 697/697/76 698/698/76 699/699/76
f 699/699/76 700/700/76 697/697/76
f 688/688/78 689/689/78 692/692/78
f 692/692/78 685/685/78 688/688/78
f 697/697/79 701/701/79 702/702/79
f 702/702/79 698/698/79 697/697/79
f 686/686/79 693/693/79 696/696/79
f 696/696/79 687/687/79 686/686/79
f 687/703/80 696/704/80 695/705/80
f 687/703/80 695/705/80 703/706/80
f 687/703/80 703/706/80 704/707/80
f 690/690/80 689/689/80 688/688/80
f 704/707/80 690/690/80 688/688/80
f 687/703/80 704/707/80 688/688/80
f 699/708/78 705/709/78 706/710/78
f 706/710/78 700/711/78 699/708/78
f 694/694/81 693/693/81 686/686/81
f 707/712/81 694/694/81 686/686/81
f 707/712/81 686/686/81 685/713/81
f 685/713/81 692/714/81 691/715/81
f 685/713/81 691/715/81 708/716/81
f 707/712/81 685/713/81 708/716/81
f 703/706/198 699/699/198 698/698/198
f 698/698/198 704/707/198 703/706/198
f 704/707/83 698/698/83 702/702/83
f 702/702/83 690/690/83 704/707/83
f 690/690/199 702/702/199 701/701/199
f 701/701/199 691/691/199 690/690/199
f 691/691/85 701/701/85 697/697/85
f 697/697/85 708/717/85 691/691/85
f 708/717/200 697/697/200 700/700/200
f 700/700/200 707/718/200 708/717/200
f 707/712/87 700/711/87 706/710/87
f 706/710/87 694/694/87 707/712/87
f 694/694/201 706/710/201 705/709/201
f 705/709/201 695/695/201 694/694/201
f 695/695/89 705/709/202 699/708/89
f 699/708/89 703/719/89 695/695/89
f 709/720/77 710/721/77 711/722/77
f 711/722/77 712/723/77 709/720/77
f 713/724/76 714/725/76 715/726/76
f 715/726/76 716/727/76 713/724/76
f 709/720/80 717/728/80 718/729/80
f 718/729/80 710/721/80 709/720/80
f 710/721/79 718/729/79 719/730/79
f 719/730/79 711/722/79 710/721/79
f 711/722/81 719/730/81 720/731/81
f 720/731/81 712/723/81 711/722/81
f 712/723/78 720/731/78 717/728/78
f 717/728/78 709/720/78 712/723/78
f 717/728/203 713/724/203 716/727/203
f 716/727/203 718/729/203 717/728/203
f 718/729/204 716/727/204 715/726/204
f 715/726/204 719/730/204 718/729/204
f 719/730/205 715/726/205 714/725/205
f 714/725/205 720/731/205 719/730/205
f 720/731/206 714/725/206 713/724/206
f 713/724/206 717/728/206 720/731/206
f 721/732/207 722/733/207 723/734/207
f 723/734/207 724/735/207 721/732/207
f 725/736/208 726/737/208 727/738/208
f 725/736/208 727/738/208 728/739/208
f 725/736/208 728/739/208 723/740/208
f 722/741/208 725/736/208 723/740/208
f 729/742/77 730/743/77 731/744/77
f 731/744/77 732/745/77 733/746/77
f 729/742/77 731/744/77 733/746/77
f 733/746/77 734/747/77 735/748/77
f 729/742/77 733/746/77 735/748/77
f 736/749/77 729/742/77 735/748/77
f 737/750/209 738/751/209 739/752/209
f 737/750/209 739/752/209 740/753/209
f 737/750/209 740/753/209 741/754/209
f 742/755/209 737/750/209 741/754/209
f 738/751/210 743/756/210 744/757/210
f 744/757/210 739/752/210 738/751/210
f 743/756/76 721/732/76 724/735/76
f 724/735/76 744/757/76 743/756/76
f 745/758/211 746/759/212 722/733/211
f 722/733/211 721/732/211 745/758/211
f 747/760/213 748/761/213 725/736/213
f 747/760/213 725/736/213 722/741/214
f 746/762/214 747/760/213 722/741/214
f 749/763/215 750/764/216 751/765/215
f 749/763/215 751/765/215 752/766/215
f 749/763/215 752/766/215 748/761/215
f 747/760/217 749/763/215 748/761/215
f 753/767/218 738/751/218 737/750/219
f 753/767/218 737/750/219 750/764/218
f 749/763/218 753/767/218 750/764/218
f 753/767/220 754/768/221 743/756/221
f 743/756/221 738/751/220 753/767/220
f 754/768/222 745/758/222 721/732/222
f 721/732/222 743/756/222 754/768/222
f 755/769/223 756/770/223 724/735/223
f 724/735/223 723/734/223 755/769/223
f 756/770/224 757/771/224 744/757/224
f 744/757/224 724/735/224 756/770/224
f 757/771/225 758/772/226 739/752/226
f 739/752/226 744/757/225 757/771/225
f 759/773/227 760/774/227 740/753/228
f 759/773/227 740/753/228 739/752/227
f 758/772/227 759/773/227 739/752/227
f 761/775/229 762/776/229 763/777/229
f 761/775/229 763/777/229 764/778/230
f 761/775/229 764/778/230 760/774/229
f 759/773/229 761/775/229 760/774/229
f 755/779/231 723/740/231 728/739/231
f 755/779/231 728/739/231 762/776/231
f 761/775/231 755/779/231 762/776/231
f 726/737/78 765/780/78 766/781/78
f 766/781/78 727/738/78 726/737/78
f 751/765/232 767/782/232 768/783/232
f 768/783/232 752/766/232 751/765/232
f 741/754/79 769/784/79 770/785/79
f 770/785/79 742/755/79 741/754/79
f 763/777/81 771/786/81 772/787/81
f 772/787/81 764/778/81 763/777/81
f 725/736/233 748/761/233 752/766/233
f 752/766/234 726/737/234 725/736/234
f 740/753/235 760/774/235 764/778/235
f 764/778/236 741/754/236 740/753/236
f 751/765/237 750/764/237 737/750/237
f 737/750/238 742/755/238 751/765/238
f 763/777/239 762/776/239 728/739/239
f 728/739/240 727/738/240 763/777/240
f 765/780/241 726/737/241 752/766/241
f 752/766/241 768/783/241 765/780/241
f 767/782/242 751/765/242 742/755/242
f 742/755/242 770/785/242 767/782/242
f 769/784/243 741/754/243 764/778/243
f 764/778/243 772/787/243 769/784/243
f 771/786/244 763/777/244 727/738/244
f 727/738/244 766/781/244 771/786/244
f 765/780/245 768/783/245 773/788/245
f 773/788/245 774/789/245 765/780/245
f 768/783/80 767/782/80 775/790/80
f 775/790/80 773/788/80 768/783/80
f 767/782/246 770/785/246 776/791/246
f 776/791/246 775/790/246 767/782/246
f 770/785/79 769/784/79 777/792/79
f 777/792/79 776/791/79 770/785/79
f 769/784/243 772/787/243 778/793/243
f 778/793/243 777/792/243 769/784/243
f 779/794/81 780/795/81 781/796/81
f 781/796/81 782/797/81 779/794/81
f 771/786/244 766/781/244 783/798/244
f 783/798/244 784/799/244 771/786/244
f 766/781/78 765/780/78 774/789/78
f 774/789/78 783/798/78 766/781/78
f 772/787/76 771/786/76 780/795/76
f 780/795/76 779/794/76 772/787/76
f 771/786/78 784/799/78 781/796/78
f 781/796/78 780/795/78 771/786/78
f 784/799/77 778/793/77 782/797/77
f 782/797/77 781/796/77 784/799/77
f 778/793/79 772/787/79 779/794/79
f 779/794/79 782/797/79 778/793/79
f 774/789/247 773/788/247 729/742/248
f 729/742/248 736/749/248 774/789/247
f 773/788/249 775/790/249 730/743/249
f 730/743/249 729/742/249 773/788/249
f 775/790/250 776/791/250 731/744/251
f 731/744/251 730/743/251 775/790/250
f 776/791/252 777/792/252 732/745/252
f 732/745/252 731/744/252 776/791/252
f 777/792/253 778/793/254 733/746/253
f 733/746/253 732/745/253 777/792/253
f 778/793/255 784/799/255 734/747/255
f 734/747/255 733/746/255 778/793/255
f 784/799/256 783/798/257 735/748/256
f 735/748/256 734/747/256 784/799/256
f 783/798/258 774/789/258 736/749/258
f 736/749/258 735/748/258 783/798/258
f 754/800/80 753/801/80 785/802/80
f 785/802/80 786/803/80 754/800/80
f 753/801/80 749/804/80 787/805/80
f 787/805/80 785/802/80 753/801/80
f 749/804/80 747/806/80 788/807/80
f 788/807/80 787/805/80 749/804/80
f 747/806/80 746/759/80 789/808/80
f 789/808/80 788/807/80 747/806/80
f 746/759/80 745/758/80 790/809/80
f 790/809/80 789/808/80 746/759/80
f 745/758/80 754/800/80 786/803/80
f 786/803/80 790/809/80 745/758/80
f 757/771/81 756/770/81 791/810/81
f 791/810/81 792/811/81 757/771/81
f 756/770/81 755/769/81 793/812/81
f 793/812/81 791/810/81 756/770/81
f 755/769/81 761/813/81 794/814/81
f 794/814/81 793/812/81 755/769/81
f 761/813/81 759/815/81 795/816/81
f 795/816/81 794/814/81 761/813/81
f 759/815/81 758/817/81 796/818/81
f 796/818/81 795/816/81 759/815/81
f 758/817/81 757/771/81 792/811/81
f 792/811/81 796/818/81 758/817/81
f 786/803/208 785/802/208 796/818/208
f 796/818/208 792/811/208 786/803/208
f 785/802/207 787/805/207 795/816/207
f 795/816/207 796/818/207 785/802/207
f 787/805/76 788/807/76 794/814/76
f 794/814/76 795/816/76 787/805/76
f 788/807/210 789/808/210 793/812/210
f 793/812/210 794/814/210 788/807/210
f 789/808/209 790/809/209 791/810/209
f 791/810/209 793/812/209 789/808/209
f 790/809/77 786/803/77 792/811/77
f 792/811/77 791/810/77 790/809/77
f 797/819/259 798/820/259 799/821/259 800/822/259
f 801/823/260 802/824/260 803/825/260 804/826/260
f 797/819/261 805/827/261 806/828/261 798/820/261
f 798/820/262 806/828/262 807/829/262 799/821/262
f 799/821/263 807/829/263 808/830/263 800/822/263
f 800/822/264 808/830/264 805/827/264 797/819/264
f 805/827/265 801/823/265 804/826/265 806/828/265
f 806/828/266 804/826/266 803/825/266 807/829/266
f 807/829/267 803/825/267 802/824/267 808/830/267
f 808/830/268 802/824/268 801/823/268 805/827/268
f 809/831/260 810/832/260 811/833/260 812/834/260
f 813/835/259 814/836/259 815/837/259 816/838/259
f 809/831/261 812/834/261 817/839/261 818/840/261
f 812/834/262 811/833/262 819/841/262 817/839/262
f 811/833/263 810/832/263 820/842/263 819/841/263
f 810/832/264 809/831/264 818/840/264 820/842/264
f 818/840/269 817/839/269 814/836/269 813/835/269
f 817/839/270 819/841/270 815/837/270 814/836/270
f 819/841/271 820/842/271 816/838/271 815/837/271
f 820/842/272 818/840/272 813/835/272 816/838/272
f 821/843/259 822/844/259 823/845/259 824/846/259
f 825/847/260 826/848/260 827/849/260 828/850/260
f 821/843/261 829/851/261 830/852/261 822/844/261
f 822/844/262 830/852/262 831/853/262 823/845/262
f 823/845/263 831/853/263 832/854/263 824/846/263
f 824/846/264 832/854/264 829/851/264 821/843/264
f 829/851/265 825/847/265 828/850/265 830/852/265
f 830/852/266 828/850/266 827/849/266 831/853/266
f 831/853/267 827/849/267 826/848/267 832/854/267
f 832/854/268 826/848/268 825/847/268 829/851/268
f 833/855/260 834/856/260 835/857/260 836/858/260
f 837/859/259 838/860/259 839/861/259 840/862/259
f 833/855/261 836/858/261 841/863/261 842/864/261
f 836/858/262 835/857/262 843/865/262 841/863/262
f 835/857/263 834/856/263 844/866/263 843/865/263
f 834/856/264 833/855/264 842/864/264 844/866/264
f 842/864/269 841/863/269 838/860/269 837/859/269
f 841/863/270 843/865/270 839/861/270 838/860/270
f 843/865/271 844/866/271 840/862/271 839/861/271
f 844/866/272 842/864/272 837/859/272 840/862/272
f 845/867/273 846/868/273 847/869/273 848/870/273
f 849/871/274 850/872/274 851/873/274 852/874/274
f 845/867/275 853/875/275 854/876/275 846/868/275
f 846/868/276 854/876/276 855/877/276 847/869/276
f 847/869/277 855/877/277 856/878/277 848/870/277
f 848/870/278 856/878/278 853/875/278 845/867/278
f 853/875/279 849/871/279 852/874/279 854/876/279
f 854/876/280 852/874/280 851/873/280 855/877/280
f 855/877/281 851/873/281 850/872/281 856/878/281
f 856/878/282 850/872/282 849/871/282 853/875/282
f 857/879/274 858/880/274 859/881/274 860/882/274
f 861/883/273 862/884/273 863/885/273 864/886/273
f 857/879/275 860/882/275 865/887/275 866/888/275
f 860/882/276 859/881/276 867/889/276 865/887/276
f 859/881/277 858/880/277 868/890/277 867/889/277
f 858/880/278 857/879/278 866/888/278 868/890/278
f 866/888/283 865/887/283 862/884/283 861/883/283
f 865/887/284 867/889/284 863/885/284 862/884/284
f 867/889/285 868/890/285 864/886/285 863/885/285
f 868/890/286 866/888/286 861/883/286 864/886/286
f 869/891/287 870/892/287 871/893/287
f 870/892/287 869/891/287 872/894/287
f 873/895/288 874/896/288 875/897/288
f 874/896/288 873/895/288 876/898/288
f 875/897/289 877/899/289 878/900/289
f 877/899/289 875/897/289 874/896/289
f 878/900/290 879/901/290 880/902/290
f 879/901/290 878/900/290 877/899/290
f 880/902/291 876/898/291 873/895/291
f 876/898/291 880/902/291 879/901/291
f 876/898/292 881/903/292 874/896/292
f 876/898/292 882/904/292 881/903/292
f 876/898/292 883/905/292 882/904/292
f 874/896/293 884/906/293 877/899/293
f 884/906/293 874/896/293 881/903/293
f 877/899/294 885/907/294 879/901/294
f 885/907/294 877/899/294 884/906/294
f 879/901/295 883/905/295 876/898/295
f 879/901/295 886/908/295 883/905/295
f 879/901/295 885/907/295 886/908/295
f 887/909/287 881/903/287 882/904/287
f 881/903/287 885/907/287 884/906/287
f 887/909/296 885/907/297 881/903/297
f 887/909/287 886/908/287 885/907/287
f 883/905/288 888/910/288 882/904/288
f 888/910/288 883/905/288 889/911/288
f 882/904/289 890/912/289 887/909/289
f 890/912/289 882/904/289 888/910/289
f 887/909/290 891/913/290 886/908/290
f 891/913/290 887/909/290 890/912/290
f 892/914/291 893/915/291 894/916/291
f 893/915/291 892/914/291 895/917/291
f 886/908/298 894/916/298 883/905/298
f 894/916/298 886/908/298 892/914/298
f 883/905/299 893/915/299 889/911/299
f 893/915/299 883/905/299 894/916/299
f 872/894/287 896/918/287 870/892/287
f 896/918/287 872/894/287 897/919/287
f 891/913/300 892/914/300 886/908/300
f 892/914/300 891/913/300 895/917/300
f 889/911/301 869/891/301 888/910/301
f 869/891/301 889/911/301 872/894/301
f 888/910/302 871/893/302 890/912/302
f 871/893/302 888/910/302 869/891/302
f 890/912/303 870/892/303 891/913/303
f 870/892/303 890/912/303 871/893/303
f 891/913/304 896/918/304 895/917/304
f 896/918/304 891/913/304 870/892/304
f 895/917/305 897/919/305 893/915/305
f 897/919/305 895/917/305 896/918/305
f 893/915/306 872/894/306 889/911/306
f 872/894/306 893/915/306 897/919/306
f 873/895/298 898/920/298 880/902/298
f 898/920/298 873/895/298 899/921/298
f 880/902/298 900/922/298 878/900/298
f 900/922/298 880/902/298 898/920/298
f 878/900/298 901/923/298 875/897/298
f 901/923/298 878/900/298 900/922/298
f 875/897/298 899/921/298 873/895/298
f 899/921/298 875/897/298 901/923/298
f 902/924/287 903/925/287 904/926/287
f 903/925/287 902/924/287 905/927/287
f 906/928/288 907/929/288 908/930/288
f 907/929/288 906/928/288 909/931/288
f 909/931/291 910/932/291 907/929/291
f 910/932/291 909/931/291 911/933/291
f 911/933/290 912/934/290 910/932/290
f 912/934/290 911/933/290 913/935/290
f 913/935/289 908/930/289 912/934/289
f 908/930/289 913/935/289 906/928/289
f 908/930/292 914/936/292 915/937/292
f 908/930/292 916/938/292 914/936/292
f 908/930/292 907/929/292 916/938/292
f 907/929/295 917/939/295 916/938/295
f 917/939/295 907/929/295 910/932/295
f 910/932/294 918/940/294 917/939/294
f 918/940/294 910/932/294 912/934/294
f 912/934/293 919/941/293 918/940/293
f 912/934/293 915/937/293 919/941/293
f 912/934/293 908/930/293 915/937/293
f 920/942/287 918/940/287 919/941/287
f 918/940/287 916/938/287 917/939/287
f 920/942/307 916/938/308 918/940/308
f 920/942/287 914/936/287 916/938/287
f 915/937/288 921/943/288 922/944/288
f 921/943/288 915/937/288 914/936/288
f 914/936/291 923/945/291 921/943/291
f 923/945/291 914/936/291 920/942/291
f 920/942/290 924/946/290 923/945/290
f 924/946/290 920/942/290 919/941/290
f 925/947/289 926/948/289 927/949/289
f 926/948/289 925/947/289 928/950/289
f 919/941/298 928/950/298 925/947/298
f 928/950/298 919/941/298 915/937/298
f 915/937/309 926/948/309 928/950/309
f 926/948/309 915/937/309 922/944/309
f 904/926/287 929/951/287 930/952/287
f 929/951/287 904/926/287 903/925/287
f 924/946/310 925/947/310 927/949/310
f 925/947/310 924/946/310 919/941/310
f 922/944/301 902/924/301 904/926/301
f 902/924/301 922/944/301 921/943/301
f 921/943/305 905/927/305 902/924/305
f 905/927/305 921/943/305 923/945/305
f 923/945/303 903/925/303 905/927/303
f 903/925/303 923/945/303 924/946/303
f 924/946/311 929/951/311 903/925/311
f 929/951/311 924/946/311 927/949/311
f 927/949/302 930/952/302 929/951/302
f 930/952/302 927/949/302 926/948/302
f 926/948/312 904/926/312 930/952/312
f 904/926/312 926/948/312 922/944/312
f 906/928/298 931/953/298 932/954/298
f 931/953/298 906/928/298 913/935/298
f 913/935/298 933/955/298 931/953/298
f 933/955/298 913/935/298 911/933/298
f 911/933/298 934/956/298 933/955/298
f 934/956/298 911/933/298 909/931/298
f 909/931/298 932/954/298 934/956/298
f 932/954/298 909/931/298 906/928/298
f 935/957/313 936/958/313 937/959/313
f 936/958/313 935/957/313 938/960/313
f 939/961/314 938/960/314 935/957/314
f 938/960/314 939/961/314 940/962/314
f 937/959/315 940/962/315 939/961/315
f 940/962/315 937/959/315 936/958/315
f 938/960/316 940/962/316 936/958/316
f 939/961/317 935/957/317 937/959/317
f 941/963/318 942/964/318 943/965/318
f 942/964/318 941/963/318 944/966/318
f 945/967/319 944/966/319 941/963/319
f 944/966/319 945/967/319 946/968/319
f 943/965/320 946/968/320 945/967/320
f 946/968/320 943/965/320 942/964/320
f 944/966/321 946/968/321 942/964/321
f 945/967/322 941/963/322 943/965/322
f 947/969/313 948/970/313 949/971/313
f 948/970/313 947/969/313 950/972/313
f 951/973/314 950/972/314 947/969/314
f 950/972/314 951/973/314 952/974/314
f 949/971/315 952/974/315 951/973/315
f 952/974/315 949/971/315 948/970/315
f 950/972/323 952/974/323 948/970/323
f 951/973/324 947/969/324 949/971/324
f 953/975/318 954/976/318 955/977/318
f 954/976/318 953/975/318 956/978/318
f 957/979/319 956/978/319 953/975/319
f 956/978/319 957/979/319 958/980/319
f 955/977/320 958/980/320 957/979/320
f 958/980/320 955/977/320 954/976/320
f 956/978/321 958/980/321 954/976/321
f 957/979/322 953/975/322 955/977/322
f 959/981/325 960/982/325 961/983/325 962/984/325
f 963/985/326 964/986/326 965/987/326 966/988/326
f 959/989/327 967/990/327 968/991/327 960/992/327
f 960/982/328 968/993/328 969/994/328 961/983/328
f 961/995/329 969/996/329 970/997/329 962/998/329
f 962/998/330 970/997/330 967/990/330 959/989/330
f 967/999/331 963/985/331 966/988/331 968/1000/331
f 968/1000/332 966/988/332 965/987/332 969/1001/332
f 969/1001/333 965/987/333 964/986/333 970/1002/333
f 970/1002/334 964/986/334 963/985/334 967/999/334
f 971/1003/326 972/1004/326 973/1005/326 974/1006/326
f 975/1007/325 976/1008/325 977/1009/325 978/1010/325
f 971/1011/327 974/1006/327 979/1012/327 980/1013/327
f 974/1006/328 973/1005/328 981/1014/328 979/1012/328
f 973/1015/329 972/1004/329 982/1016/329 981/1017/329
f 972/1004/330 971/1003/330 980/1018/330 982/1019/330
f 980/1018/335 979/1012/335 976/1008/335 975/1007/335
f 979/1012/336 981/1014/336 977/1009/336 976/1008/336
f 981/1014/337 982/1016/337 978/1010/337 977/1009/337
f 982/1016/338 980/1018/338 975/1007/338 978/1010/338
f 983/1020/339 984/1021/339 985/1022/339 986/1023/339
f 987/1024/340 988/1025/340 989/1026/340 990/1027/340
f 983/1020/341 986/1023/341 991/1028/341 992/1029/341
f 986/1023/342 985/1022/342 993/1030/342 991/1028/342
f 985/1022/343 984/1021/343 994/1031/343 993/1030/343
f 984/1021/344 983/1020/344 992/1029/344 994/1031/344
f 992/1032/345 991/1028/345 995/1033/345 996/1034/345 997/1035/345
f 991/1028/346 993/1030/346 998/1036/346 995/1033/346
f 993/1030/347 994/1037/347 999/1038/347 1000/1039/347 998/1036/347
f 994/1037/348 992/1032/348 997/1035/348 999/1038/348
f 1001/1040/340 1002/1041/340 1003/1042/340 1004/1043/340
f 997/1035/349 988/1025/349 987/1024/349 999/1038/349
f 999/1038/350 987/1024/350 990/1027/350 1000/1039/350
f 1000/1039/351 990/1027/351 989/1026/351 996/1034/351
f 996/1034/352 989/1026/352 988/1025/352 997/1035/352
f 1000/1039/350 1002/1041/350 1001/1040/350 998/1036/350
f 998/1036/351 1001/1040/351 1004/1043/351 995/1033/351
f 995/1033/352 1004/1043/352 1003/1042/352 996/1034/352
f 996/1034/349 1003/1042/349 1002/1041/349 1000/1039/349
f 1005/1044/339 1006/1045/339 1007/1046/339 1008/1047/339
f 1009/1048/340 1010/1049/340 1011/1050/340 1012/1051/340
f 1005/1044/341 1008/1052/341 1013/1053/341 1014/1054/341
f 1008/1052/342 1007/1046/342 1015/1055/342 1013/1053/342
f 1007/1046/343 1006/1045/343 1016/1056/343 1015/1055/343
f 1006/1045/344 1005/1044/344 1014/1054/344 1016/1056/344
f 1014/1057/345 1013/1058/345 1017/1059/345 1018/1060/345 1019/1061/345
f 1013/1058/346 1015/1055/346 1020/1062/346 1017/1059/346
f 1015/1055/347 1016/1063/347 1021/1064/347 1022/1065/347 1020/1062/347
f 1016/1063/348 1014/1057/348 1019/1061/348 1021/1064/348
f 1023/1066/340 1024/1067/340 1025/1068/340 1026/1069/340
f 1019/1061/349 1010/1049/349 1009/1048/349 1021/1064/349
f 1021/1064/350 1009/1048/350 1012/1051/350 1022/1065/350
f 1022/1065/351 1012/1051/351 1011/1050/351 1018/1060/351
f 1018/1060/352 1011/1050/352 1010/1049/352 1019/1061/352
f 1022/1065/350 1024/1067/350 1023/1066/350 1020/1062/350
f 1020/1062/351 1023/1066/351 1026/1069/351 1017/1059/351
f 1017/1059/352 1026/1069/352 1025/1068/352 1018/1060/352
f 1018/1060/349 1025/1068/349 1024/1067/349 1022/1065/349
f 1027/1070/339 1028/1071/339 1029/1072/339 1030/1073/339
f 1031/1074/340 1032/1075/340 1033/1076/340 1034/1077/340
f 1027/1078/341 1030/1079/341 1035/1080/341 1036/1081/341
f 1030/1073/342 1029/1082/342 1037/1083/342 1035/1084/342
f 1029/1072/343 1028/1071/343 1038/1085/343 1037/1086/343
f 1028/1087/344 1027/1070/344 1036/1081/344 1038/1085/344
f 1036/1088/345 1035/1084/345 1032/1075/345 1031/1074/345
f 1035/1084/346 1037/1086/346 1033/1076/346 1032/1075/346
f 1037/1086/347 1038/1085/347 1034/1077/347 1033/1076/347
f 1038/1085/348 1036/1088/348 1031/1074/348 1034/1077/348
f 1039/1089/339 1040/1090/339 1041/1091/339 1042/1092/339
f 1043/1093/340 1044/1094/340 1045/1095/340 1046/1096/340
f 1039/1089/341 1042/1092/341 1047/1097/341 1048/1098/341
f 1042/1092/342 1041/1091/342 1049/1099/342 1047/1097/342
f 1041/1091/343 1040/1090/343 1050/1100/343 1049/1099/343
f 1040/1090/344 1039/1089/344 1048/1098/344 1050/1100/344
f 1048/1101/345 1047/1102/345 1044/1094/345 1043/1093/345
f 1047/1102/346 1049/1103/346 1045/1095/346 1044/1094/346
f 1049/1103/347 1050/1104/347 1046/1096/347 1045/1095/347
f 1050/1104/348 1048/1101/348 1043/1093/348 1046/1096/348
f 1051/1105/353 1052/1106/353 1053/1107/353 1054/1108/353
f 1055/1109/354 1056/1110/354 1057/1111/354 1058/1112/354
f 1059/1113/355 1060/1114/355 1061/1115/355 1062/1116/355
f 1063/1117/356 1064/1118/356 1065/1119/356 1066/1120/356
f 1067/1121/357 1068/1122/357 1069/1123/357 1070/1124/357
f 1071/1125/358 1072/1126/358 1073/1127/358 1074/1128/358
f 1075/1129/354 1076/1130/354 1077/1131/354 1078/1132/354
f 1079/1133/354 1080/1134/354 1081/1135/354 1082/1136/354
f 1083/1137/354 1084/1138/354 1085/1139/354 1086/1140/354
f 1087/1141/354 1088/1142/354 1089/1143/354 1090/1144/354
f 1091/1145/354 1092/1146/354 1093/1147/354 1094/1148/354
f 1095/1149/355 1096/1150/355 1097/1151/355 1098/1152/355
f 1099/1153/355 1100/1154/355 1101/1155/355 1102/1156/355
f 1103/1157/355 1104/1158/355 1105/1159/355 1106/1160/355
f 1107/1161/356 1108/1162/356 1109/1163/356 1110/1164/356 1111/1165/356 1112/1166/356 1113/1167/356 1114/1168/356 1115/1169/356
f 1116/1170/356 1117/1171/356 1118/1172/356 1119/1173/356
f 1120/1174/356 1121/1175/356 1122/1176/356 1123/1177/356
f 1124/1178/357 1125/1179/357 1126/1180/357 1127/1181/357
f 1128/1182/357 1129/1183/357 1130/1184/357 1131/1185/357
f 1132/1186/357 1133/1187/357 1134/1188/357 1135/1189/357
f 1136/1190/358 1137/1191/358 1138/1192/358 1139/1193/358 1140/1194/358 1141/1195/358 1142/1196/358 1143/1197/358 1144/1198/358
f 1145/1199/358 1146/1200/358 1147/1201/358 1148/1202/358
f 1149/1203/358 1150/1204/358 1151/1205/358 1152/1206/358
f 1153/1207/359 1154/1208/359 1055/1109/359 1058/1112/359
f 1154/1208/360 1155/1209/360 1056/1110/360 1055/1109/360
f 1155/1209/361 1156/1210/361 1057/1111/361 1056/1110/361
f 1156/1210/362 1153/1207/362 1058/1112/362 1057/1111/362
f 1157/1211/363 1158/1212/363 1059/1113/363 1062/1116/363
f 1158/1212/364 1159/1213/364 1060/1114/364 1059/1113/364
f 1159/1213/365 1160/1214/365 1061/1115/365 1060/1114/365
f 1160/1214/362 1157/1211/362 1062/1116/362 1061/1115/362
f 1161/1215/366 1162/1216/366 1063/1117/366 1066/1120/366
f 1162/1216/359 1159/1217/359 1064/1118/359 1063/1117/359
f 1159/1217/365 1163/1218/365 1065/1119/365 1064/1118/365
f 1163/1218/367 1161/1215/367 1066/1120/367 1065/1119/367
f 1164/1219/366 1162/1220/366 1067/1121/366 1070/1124/366
f 1162/1220/368 1165/1221/368 1068/1122/368 1067/1121/368
f 1165/1221/369 1166/1222/369 1069/1123/369 1068/1122/369
f 1166/1222/360 1164/1219/360 1070/1124/360 1069/1123/360
f 1167/1223/363 1158/1224/363 1071/1125/363 1074/1128/363
f 1158/1224/361 1165/1225/361 1072/1126/361 1071/1125/361
f 1165/1225/369 1168/1226/369 1073/1127/369 1072/1126/369
f 1168/1226/370 1167/1223/370 1074/1128/370 1073/1127/370
f 1169/1227/359 1170/1228/359 1075/1129/359 1078/1132/359
f 1170/1228/360 1171/1229/360 1076/1130/360 1075/1129/360
f 1171/1229/361 1172/1230/361 1077/1131/361 1076/1130/361
f 1172/1230/362 1169/1227/362 1078/1132/362 1077/1131/362
f 1173/1231/359 1169/1227/359 1079/1133/359 1082/1136/359
f 1169/1227/360 1172/1230/360 1080/1134/360 1079/1133/360
f 1172/1230/361 1174/1232/361 1081/1135/361 1080/1134/361
f 1174/1232/362 1173/1231/362 1082/1136/362 1081/1135/362
f 1154/1208/359 1173/1231/359 1083/1137/359 1086/1140/359
f 1173/1231/360 1174/1232/360 1084/1138/360 1083/1137/360
f 1174/1232/361 1155/1209/361 1085/1139/361 1084/1138/361
f 1155/1209/362 1154/1208/362 1086/1140/362 1085/1139/362
f 1175/1233/361 1176/1234/361 1087/1141/361 1090/1144/361
f 1176/1234/362 1177/1235/362 1088/1142/362 1087/1141/362
f 1177/1235/359 1178/1236/359 1089/1143/359 1088/1142/359
f 1178/1236/360 1175/1233/360 1090/1144/360 1089/1143/360
f 1156/1210/361 1175/1233/361 1091/1145/361 1094/1148/361
f 1175/1233/362 1178/1236/362 1092/1146/362 1091/1145/362
f 1178/1236/359 1153/1207/359 1093/1147/359 1092/1146/359
f 1153/1207/360 1156/1210/360 1094/1148/360 1093/1147/360
f 1167/1237/363 1053/1238/363 1095/1149/363 1098/1152/363
f 1053/1238/364 1052/1239/364 1096/1150/364 1095/1149/364
f 1052/1239/365 1163/1240/365 1097/1151/365 1096/1150/365
f 1163/1240/362 1167/1237/362 1098/1152/362 1097/1151/362
f 1158/1212/363 1167/1237/363 1099/1153/363 1102/1156/363
f 1167/1237/364 1163/1240/364 1100/1154/364 1099/1153/364
f 1163/1240/365 1159/1213/365 1101/1155/365 1100/1154/365
f 1159/1213/362 1158/1212/362 1102/1156/362 1101/1155/362
f 1160/1214/365 1177/1241/365 1103/1157/365 1106/1160/365
f 1177/1241/362 1176/1242/362 1104/1158/362 1103/1157/362
f 1176/1242/363 1157/1211/363 1105/1159/363 1104/1158/363
f 1157/1211/364 1160/1214/364 1106/1160/364 1105/1159/364
f 1164/1243/366 1170/1228/366 1108/1162/366 1107/1161/366
f 1170/1228/359 1169/1227/359 1109/1163/359 1108/1162/359
f 1169/1227/359 1173/1231/359 1110/1164/359 1109/1163/359
f 1173/1231/359 1154/1208/359 1111/1165/359 1110/1164/359
f 1154/1208/359 1153/1207/359 1112/1166/359 1111/1165/359
f 1153/1207/359 1178/1236/359 1113/1167/359 1112/1166/359
f 1178/1236/359 1177/1235/359 1114/1168/359 1113/1167/359
f 1177/1235/365 1160/1244/365 1115/1169/365 1114/1168/365
f 1160/1244/367 1164/1243/367 1107/1161/367 1115/1169/367
f 1162/1216/366 1164/1243/366 1116/1170/366 1119/1173/366
f 1164/1243/359 1160/1244/359 1117/1171/359 1116/1170/359
f 1160/1244/365 1159/1217/365 1118/1172/365 1117/1171/365
f 1159/1217/367 1162/1216/367 1119/1173/367 1118/1172/367
f 1163/1218/365 1052/1245/365 1120/1174/365 1123/1177/365
f 1052/1245/367 1051/1246/367 1121/1175/367 1120/1174/367
f 1051/1246/366 1161/1215/366 1122/1176/366 1121/1175/366
f 1161/1215/359 1163/1218/359 1123/1177/359 1122/1176/359
f 1161/1247/366 1051/1248/366 1124/1178/366 1127/1181/366
f 1051/1248/368 1054/1249/368 1125/1179/368 1124/1178/368
f 1054/1249/369 1168/1250/369 1126/1180/369 1125/1179/369
f 1168/1250/360 1161/1247/360 1127/1181/360 1126/1180/360
f 1162/1220/366 1161/1247/366 1128/1182/366 1131/1185/366
f 1161/1247/368 1168/1250/368 1129/1183/368 1128/1182/368
f 1168/1250/369 1165/1221/369 1130/1184/369 1129/1183/369
f 1165/1221/360 1162/1220/360 1131/1185/360 1130/1184/360
f 1166/1222/369 1171/1251/369 1132/1186/369 1135/1189/369
f 1171/1251/360 1170/1252/360 1133/1187/360 1132/1186/360
f 1170/1252/366 1164/1219/366 1134/1188/366 1133/1187/366
f 1164/1219/368 1166/1222/368 1135/1189/368 1134/1188/368
f 1157/1253/363 1176/1254/363 1137/1191/363 1136/1190/363
f 1176/1254/361 1175/1255/361 1138/1192/361 1137/1191/361
f 1175/1255/361 1156/1256/361 1139/1193/361 1138/1192/361
f 1156/1256/361 1155/1257/361 1140/1194/361 1139/1193/361
f 1155/1257/361 1174/1258/361 1141/1195/361 1140/1194/361
f 1174/1258/361 1172/1259/361 1142/1196/361 1141/1195/361
f 1172/1259/361 1171/1260/361 1143/1197/361 1142/1196/361
f 1171/1260/369 1166/1261/369 1144/1198/369 1143/1197/369
f 1166/1261/370 1157/1253/370 1136/1190/370 1144/1198/370
f 1158/1224/363 1157/1253/363 1145/1199/363 1148/1202/363
f 1157/1253/361 1166/1261/361 1146/1200/361 1145/1199/361
f 1166/1261/369 1165/1225/369 1147/1201/369 1146/1200/369
f 1165/1225/370 1158/1224/370 1148/1202/370 1147/1201/370
f 1168/1226/369 1054/1108/369 1149/1203/369 1152/1206/369
f 1054/1108/370 1053/1107/370 1150/1204/370 1149/1203/370
f 1053/1107/363 1167/1223/363 1151/1205/363 1150/1204/363
f 1167/1223/361 1168/1226/361 1152/1206/361 1151/1205/361
f 1179/1262/353 1180/1263/353 1181/1264/353 1182/1265/353
f 1183/1266/354 1184/1267/354 1185/1268/354 1186/1269/354
f 1187/1270/355 1188/1271/355 1189/1272/355 1190/1273/355
f 1191/1274/356 1192/1275/356 1193/1276/356 1194/1277/356
f 1195/1278/357 1196/1279/357 1197/1280/357 1198/1281/357
f 1199/1282/358 1200/1283/358 1201/1284/358 1202/1285/358
f 1182/1265/371 1190/1286/371 1199/1282/371
f 1186/1269/372 1200/1287/372 1189/1272/372
f 1188/1271/373 1193/1288/373 1183/1289/373
f 1194/1277/374 1187/1290/374 1181/1291/374
f 1192/1275/375 1197/1292/375 1184/1293/375
f 1198/1281/376 1191/1294/376 1180/1263/376
f 1196/1279/377 1201/1295/377 1185/1296/377
f 1202/1285/378 1195/1297/378 1179/1298/378
f 1179/1262/370 1182/1265/370 1199/1282/370 1202/1299/370
f 1180/1263/368 1179/1262/368 1195/1278/368 1198/1281/368
f 1181/1264/367 1180/1263/367 1191/1294/367 1194/1300/367
f 1182/1265/364 1181/1264/364 1187/1301/364 1190/1286/364
f 1183/1266/362 1186/1269/362 1189/1272/362 1188/1302/362
f 1184/1267/359 1183/1266/359 1193/1303/359 1192/1304/359
f 1185/1268/360 1184/1267/360 1197/1280/360 1196/1305/360
f 1186/1269/361 1185/1268/361 1201/1284/361 1200/1287/361
f 1188/1271/365 1187/1270/365 1194/1306/365 1193/1288/365
f 1190/1273/363 1189/1272/363 1200/1287/363 1199/1307/363
f 1192/1275/366 1191/1274/366 1198/1308/366 1197/1292/366
f 1196/1279/369 1195/1278/369 1202/1299/369 1201/1295/369
f 1203/1309/353 1204/1310/353 1205/1311/353 1206/1312/353
f 1207/1313/354 1208/1314/354 1209/1315/354 1210/1316/354
f 1211/1317/355 1212/1318/355 1213/1319/355 1214/1320/355
f 1215/1321/356 1216/1322/356 1217/1323/356 1218/1324/356
f 1219/1325/357 1220/1326/357 1221/1327/357 1222/1328/357
f 1223/1329/358 1224/1330/358 1225/1331/358 1226/1332/358
f 1206/1312/379 1214/1333/379 1223/1334/379
f 1210/1316/380 1224/1335/380 1213/1336/380
f 1212/1318/381 1217/1337/381 1207/1338/381
f 1218/1324/382 1211/1339/382 1205/1340/382
f 1216/1322/383 1221/1341/383 1208/1314/383
f 1222/1328/384 1215/1321/384 1204/1342/384
f 1220/1326/385 1225/1343/385 1209/1344/385
f 1226/1332/386 1219/1345/386 1203/1346/386
f 1203/1309/370 1206/1312/370 1223/1334/370 1226/1347/370
f 1204/1310/368 1203/1309/368 1219/1348/368 1222/1349/368
f 1205/1311/367 1204/1310/367 1215/1350/367 1218/1351/367
f 1206/1312/387 1205/1311/387 1211/1352/387 1214/1333/387
f 1207/1313/388 1210/1316/388 1213/1336/388 1212/1353/388
f 1208/1314/359 1207/1313/359 1217/1323/359 1216/1322/359
f 1209/1315/360 1208/1314/360 1221/1341/360 1220/1354/360
f 1210/1316/361 1209/1315/361 1225/1355/361 1224/1335/361
f 1212/1318/365 1211/1317/365 1218/1356/365 1217/1337/365
f 1214/1320/363 1213/1319/363 1224/1330/363 1223/1329/363
f 1216/1322/366 1215/1321/366 1222/1328/366 1221/1341/366
f 1220/1326/369 1219/1325/369 1226/1357/369 1225/1343/369
f 1227/1358/353 1228/1359/353 1229/1360/353 1230/1361/353
f 1231/1362/354 1232/1363/354 1233/1364/354 1234/1365/354
f 1235/1366/389 1236/1367/389 1237/1368/389 1238/1369/389
f 1239/1370/390 1240/1371/390 1241/1372/390 1242/1373/390
f 1243/1374/391 1244/1375/391 1245/1376/391 1246/1377/391
f 1247/1378/392 1248/1379/392 1249/1380/392 1250/1381/392
f 1230/1361/393 1238/1382/393 1247/1383/393
f 1234/1365/394 1248/1379/394 1237/1368/394
f 1236/1367/395 1241/1372/395 1231/1362/395
f 1242/1373/396 1235/1366/396 1229/1384/396
f 1240/1371/397 1245/1376/397 1232/1363/397
f 1246/1377/398 1239/1370/398 1228/1385/398
f 1244/1375/399 1249/1380/399 1233/1364/399
f 1250/1381/400 1243/1374/400 1227/1386/400
f 1227/1358/401 1230/1361/401 1247/1383/401 1250/1387/401
f 1228/1359/402 1227/1358/402 1243/1388/402 1246/1389/402
f 1229/1360/403 1228/1359/403 1239/1390/403 1242/1391/403
f 1230/1361/404 1229/1360/404 1235/1392/404 1238/1382/404
f 1231/1362/405 1234/1365/405 1237/1368/405 1236/1367/405
f 1232/1363/406 1231/1362/406 1241/1372/406 1240/1371/406
f 1233/1364/407 1232/1363/407 1245/1376/407 1244/1375/407
f 1234/1365/408 1233/1364/408 1249/1380/408 1248/1379/408
f 1236/1367/409 1235/1366/409 1242/1373/409 1241/1372/409
f 1238/1369/410 1237/1368/410 1248/1379/410 1247/1378/410
f 1240/1371/411 1239/1370/411 1246/1377/411 1245/1376/411
f 1244/1375/412 1243/1374/412 1250/1381/412 1249/1380/412
f 1251/1393/353 1252/1394/353 1253/1395/353 1254/1396/353
f 1255/1397/354 1256/1398/354 1257/1399/354 1258/1400/354
f 1259/1401/389 1260/1402/389 1261/1403/389 1262/1404/389
f 1263/1405/390 1264/1406/390 1265/1407/390 1266/1408/390
f 1267/1409/391 1268/1410/391 1269/1411/391 1270/1412/391
f 1271/1413/392 1272/1414/392 1273/1415/392 1274/1416/392
f 1254/1396/413 1262/1404/413 1271/1413/413
f 1258/1400/394 1272/1417/394 1261/1418/394
f 1260/1402/414 1265/1407/414 1255/1419/414
f 1266/1408/415 1259/1420/415 1253/1421/415
f 1264/1406/416 1269/1411/416 1256/1398/416
f 1270/1412/417 1263/1422/417 1252/1394/417
f 1268/1410/418 1273/1415/418 1257/1399/418
f 1274/1416/400 1267/1409/400 1251/1393/400
f 1251/1393/401 1254/1396/401 1271/1413/401 1274/1416/401
f 1252/1394/402 1251/1393/402 1267/1409/402 1270/1412/402
f 1253/1395/403 1252/1394/403 1263/1422/403 1266/1423/403
f 1254/1396/404 1253/1395/404 1259/1401/404 1262/1404/404
f 1255/1397/405 1258/1400/405 1261/1418/405 1260/1424/405
f 1256/1398/406 1255/1397/406 1265/1425/406 1264/1406/406
f 1257/1399/407 1256/1398/407 1269/1411/407 1268/1410/407
f 1258/1400/408 1257/1399/408 1273/1415/408 1272/1417/408
f 1260/1402/409 1259/1401/409 1266/1423/409 1265/1407/409
f 1262/1404/419 1261/1403/419 1272/1414/419 1271/1413/419
f 1264/1406/420 1263/1405/420 1270/1426/420 1269/1411/420
f 1268/1410/421 1267/1409/421 1274/1416/421 1273/1415/421
f 1275/1427/353 1276/1428/353 1277/1429/353 1278/1430/353
f 1279/1431/354 1280/1432/354 1281/1433/354 1282/1434/354
f 1283/1435/389 1284/1436/389 1285/1437/389 1286/1438/389
f 1287/1439/390 1288/1440/390 1289/1441/390 1290/1442/390
f 1291/1443/391 1292/1444/391 1293/1445/391 1294/1446/391
f 1295/1447/392 1296/1448/392 1297/1449/392 1298/1450/392
f 1299/1451/354 1300/1452/354 1301/1453/354 1302/1454/354
f 1303/1455/354 1304/1456/354 1305/1457/354 1306/1458/354
f 1307/1459/354 1308/1460/354 1309/1461/354 1310/1462/354
f 1311/1463/354 1312/1464/354 1313/1465/354 1314/1466/354
f 1315/1467/354 1316/1468/354 1317/1469/354 1318/1470/354
f 1319/1471/389 1320/1472/389 1321/1473/389 1322/1474/389
f 1323/1475/389 1324/1476/389 1325/1477/389 1326/1478/389
f 1327/1479/389 1328/1480/389 1329/1481/389 1330/1482/389
f 1331/1483/390 1332/1484/390 1333/1485/390 1334/1486/390 1335/1487/390 1336/1488/390 1337/1489/390 1338/1490/390 1339/1491/390
f 1340/1492/390 1341/1493/390 1342/1494/390 1343/1495/390
f 1344/1496/390 1345/1497/390 1346/1498/390 1347/1499/390
f 1348/1500/391 1349/1501/391 1350/1502/391 1351/1503/391
f 1352/1504/391 1353/1505/391 1354/1506/391 1355/1507/391
f 1356/1508/391 1357/1509/391 1358/1510/391 1359/1511/391
f 1360/1512/392 1361/1513/392 1362/1514/392 1363/1515/392 1364/1516/392 1365/1517/392 1366/1518/392 1367/1519/392 1368/1520/392
f 1369/1521/392 1370/1522/392 1371/1523/392 1372/1524/392
f 1373/1525/392 1374/1526/392 1375/1527/392 1376/1528/392
f 1377/1529/406 1378/1530/406 1279/1431/406 1282/1434/406
f 1378/1530/407 1379/1531/407 1280/1432/407 1279/1431/407
f 1379/1531/408 1380/1532/408 1281/1433/408 1280/1432/408
f 1380/1532/405 1377/1529/405 1282/1434/405 1281/1433/405
f 1381/1533/419 1382/1534/419 1283/1435/410 1286/1438/410
f 1382/1534/404 1383/1535/404 1284/1436/404 1283/1435/404
f 1383/1535/422 1384/1536/422 1285/1437/409 1284/1436/409
f 1384/1536/405 1381/1533/405 1286/1438/405 1285/1437/405
f 1385/1537/420 1386/1538/420 1287/1439/411 1290/1442/411
f 1386/1538/406 1383/1539/406 1288/1440/406 1287/1439/406
f 1383/1539/422 1387/1540/422 1289/1441/422 1288/1440/422
f 1387/1540/403 1385/1537/403 1290/1442/403 1289/1441/403
f 1388/1541/420 1386/1538/420 1291/1443/420 1294/1446/420
f 1386/1538/402 1389/1542/402 1292/1444/402 1291/1443/402
f 1389/1542/412 1390/1543/412 1293/1445/421 1292/1444/421
f 1390/1543/407 1388/1541/407 1294/1446/407 1293/1445/407
f 1391/1544/410 1382/1545/410 1295/1447/410 1298/1450/410
f 1382/1545/408 1389/1542/408 1296/1448/408 1295/1447/408
f 1389/1542/412 1392/1546/412 1297/1449/412 1296/1448/412
f 1392/1546/401 1391/1544/401 1298/1450/401 1297/1449/401
f 1393/1547/406 1394/1548/406 1299/1451/406 1302/1454/406
f 1394/1548/407 1395/1549/407 1300/1452/407 1299/1451/407
f 1395/1549/408 1396/1550/408 1301/1453/408 1300/1452/408
f 1396/1550/405 1393/1547/405 1302/1454/405 1301/1453/405
f 1397/1551/406 1393/1547/406 1303/1455/406 1306/1458/406
f 1393/1547/407 1396/1550/407 1304/1456/407 1303/1455/407
f 1396/1550/408 1398/1552/408 1305/1457/408 1304/1456/408
f 1398/1552/405 1397/1551/405 1306/1458/405 1305/1457/405
f 1378/1530/406 1397/1551/406 1307/1459/406 1310/1462/406
f 1397/1551/407 1398/1552/407 1308/1460/407 1307/1459/407
f 1398/1552/408 1379/1531/408 1309/1461/408 1308/1460/408
f 1379/1531/405 1378/1530/405 1310/1462/405 1309/1461/405
f 1399/1553/408 1400/1554/408 1311/1463/408 1314/1466/408
f 1400/1554/405 1401/1555/405 1312/1464/405 1311/1463/405
f 1401/1555/406 1402/1556/406 1313/1465/406 1312/1464/406
f 1402/1556/407 1399/1553/407 1314/1466/407 1313/1465/407
f 1380/1532/408 1399/1553/408 1315/1467/408 1318/1470/408
f 1399/1553/405 1402/1556/405 1316/1468/405 1315/1467/405
f 1402/1556/406 1377/1529/406 1317/1469/406 1316/1468/406
f 1377/1529/407 1380/1532/407 1318/1470/407 1317/1469/407
f 1391/1557/410 1277/1558/410 1319/1471/410 1322/1474/410
f 1277/1558/404 1276/1428/404 1320/1472/404 1319/1471/404
f 1276/1428/422 1387/1559/422 1321/1473/409 1320/1472/409
f 1387/1559/405 1391/1557/405 1322/1474/405 1321/1473/405
f 1382/1534/410 1391/1557/410 1323/1475/410 1326/1478/410
f 1391/1557/404 1387/1559/404 1324/1476/404 1323/1475/404
f 1387/1559/422 1383/1535/422 1325/1477/409 1324/1476/409
f 1383/1535/405 1382/1534/405 1326/1478/405 1325/1477/405
f 1384/1536/422 1401/1555/422 1327/1479/409 1330/1482/409
f 1401/1555/405 1400/1554/405 1328/1480/405 1327/1479/405
f 1400/1554/419 1381/1533/419 1329/1481/410 1328/1480/410
f 1381/1533/404 1384/1536/404 1330/1482/404 1329/1481/404
f 1388/1541/420 1394/1560/420 1332/1484/420 1331/1483/420
f 1394/1560/406 1393/1561/406 1333/1485/406 1332/1484/406
f 1393/1561/406 1397/1562/406 1334/1486/406 1333/1485/406
f 1397/1562/406 1378/1563/406 1335/1487/406 1334/1486/406
f 1378/1563/406 1377/1564/406 1336/1488/406 1335/1487/406
f 1377/1564/406 1402/1565/406 1337/1489/406 1336/1488/406
f 1402/1565/406 1401/1566/406 1338/1490/406 1337/1489/406
f 1401/1566/422 1384/1567/422 1339/1491/422 1338/1490/422
f 1384/1567/403 1388/1541/403 1331/1483/403 1339/1491/403
f 1386/1538/420 1388/1541/420 1340/1492/411 1343/1495/411
f 1388/1541/406 1384/1567/406 1341/1493/406 1340/1492/406
f 1384/1567/422 1383/1539/422 1342/1494/422 1341/1493/422
f 1383/1539/403 1386/1538/403 1343/1495/403 1342/1494/403
f 1387/1540/422 1276/1568/422 1344/1496/422 1347/1499/422
f 1276/1568/403 1275/1427/403 1345/1497/403 1344/1496/403
f 1275/1427/420 1385/1537/420 1346/1498/411 1345/1497/411
f 1385/1537/406 1387/1540/406 1347/1499/406 1346/1498/406
f 1385/1537/420 1275/1427/420 1348/1500/420 1351/1503/420
f 1275/1427/402 1278/1569/402 1349/1501/402 1348/1500/402
f 1278/1569/412 1392/1546/412 1350/1502/421 1349/1501/421
f 1392/1546/407 1385/1537/407 1351/1503/407 1350/1502/407
f 1386/1538/420 1385/1537/420 1352/1504/420 1355/1507/420
f 1385/1537/402 1392/1546/402 1353/1505/402 1352/1504/402
f 1392/1546/412 1389/1542/412 1354/1506/421 1353/1505/421
f 1389/1542/407 1386/1538/407 1355/1507/407 1354/1506/407
f 1390/1543/412 1395/1570/412 1356/1508/421 1359/1511/421
f 1395/1570/407 1394/1560/407 1357/1509/407 1356/1508/407
f 1394/1560/420 1388/1541/420 1358/1510/420 1357/1509/420
f 1388/1541/402 1390/1543/402 1359/1511/402 1358/1510/402
f 1381/1571/419 1400/1572/419 1361/1513/419 1360/1512/419
f 1400/1572/408 1399/1573/408 1362/1514/408 1361/1513/408
f 1399/1573/408 1380/1574/408 1363/1515/408 1362/1514/408
f 1380/1574/408 1379/1575/408 1364/1516/408 1363/1515/408
f 1379/1575/408 1398/1576/408 1365/1517/408 1364/1516/408
f 1398/1576/408 1396/1577/408 1366/1518/408 1365/1517/408
f 1396/1577/408 1395/1570/408 1367/1519/408 1366/1518/408
f 1395/1570/412 1390/1543/412 1368/1520/412 1367/1519/412
f 1390/1543/401 1381/1571/401 1360/1512/401 1368/1520/401
f 1382/1545/419 1381/1571/419 1369/1521/419 1372/1524/419
f 1381/1571/408 1390/1543/408 1370/1522/408 1369/1521/408
f 1390/1543/412 1389/1542/412 1371/1523/412 1370/1522/412
f 1389/1542/401 1382/1545/401 1372/1524/401 1371/1523/401
f 1392/1546/412 1278/1569/412 1373/1525/412 1376/1528/412
f 1278/1569/401 1277/1578/401 1374/1526/401 1373/1525/401
f 1277/1578/410 1391/1544/410 1375/1527/410 1374/1526/410
f 1391/1544/408 1392/1546/408 1376/1528/408 1375/1527/408
f 1403/1579/353 1404/1580/353 1405/1581/353 1406/1582/353
f 1407/1583/354 1408/1584/354 1409/1585/354 1410/1586/354
f 1411/1587/423 1412/1588/423 1413/1589/423 1414/1590/423
f 1415/1591/424 1416/1592/424 1417/1593/424 1418/1594/424
f 1419/1595/425 1420/1596/425 1421/1597/425 1422/1598/425
f 1423/1599/426 1424/1600/426 1425/1601/426 1426/1602/426
f 1406/1582/427 1414/1603/427 1423/1599/427
f 1410/1586/428 1424/1600/428 1413/1604/428
f 1412/1588/429 1417/1593/429 1407/1605/429
f 1418/1594/430 1411/1587/430 1405/1606/430
f 1416/1592/431 1421/1597/431 1408/1584/431
f 1422/1598/432 1415/1591/432 1404/1607/432
f 1420/1596/433 1425/1608/433 1409/1585/433
f 1426/1602/434 1419/1609/434 1403/1579/434
f 1403/1579/435 1406/1582/435 1423/1599/435 1426/1602/435
f 1404/1580/436 1403/1579/436 1419/1609/436 1422/1610/436
f 1405/1581/437 1404/1580/437 1415/1611/437 1418/1612/437
f 1406/1582/438 1405/1581/438 1411/1613/438 1414/1603/438
f 1407/1583/439 1410/1586/439 1413/1604/439 1412/1614/439
f 1408/1584/440 1407/1583/440 1417/1615/440 1416/1592/440
f 1409/1585/441 1408/1584/441 1421/1597/441 1420/1596/441
f 1410/1586/442 1409/1585/442 1425/1608/442 1424/1600/442
f 1412/1588/443 1411/1587/443 1418/1594/443 1417/1593/443
f 1414/1590/444 1413/1589/444 1424/1616/444 1423/1617/444
f 1416/1592/445 1415/1591/445 1422/1598/445 1421/1597/445
f 1420/1596/446 1419/1595/446 1426/1618/446 1425/1608/446
f 1427/1619/353 1428/1620/353 1429/1621/353 1430/1622/353
f 1431/1623/354 1432/1624/354 1433/1625/354 1434/1626/354
f 1435/1627/423 1436/1628/423 1437/1629/423 1438/1630/423
f 1439/1631/424 1440/1632/424 1441/1633/424 1442/1634/424
f 1443/1635/425 1444/1636/425 1445/1637/425 1446/1638/425
f 1447/1639/426 1448/1640/426 1449/1641/426 1450/1642/426
f 1430/1622/447 1438/1643/447 1447/1639/447
f 1434/1626/448 1448/1640/448 1437/1629/448
f 1436/1628/449 1441/1633/449 1431/1623/449
f 1442/1634/450 1435/1627/450 1429/1644/450
f 1440/1632/431 1445/1637/431 1432/1624/431
f 1446/1638/451 1439/1631/451 1428/1645/451
f 1444/1636/433 1449/1641/433 1433/1625/433
f 1450/1642/434 1443/1646/434 1427/1619/434
f 1427/1619/435 1430/1622/435 1447/1639/435 1450/1642/435
f 1428/1620/436 1427/1619/436 1443/1646/436 1446/1647/436
f 1429/1621/437 1428/1620/437 1439/1648/437 1442/1649/437
f 1430/1622/438 1429/1621/438 1435/1650/438 1438/1643/438
f 1431/1623/439 1434/1626/439 1437/1629/439 1436/1628/439
f 1432/1624/452 1431/1623/452 1441/1633/452 1440/1632/452
f 1433/1625/441 1432/1624/441 1445/1637/441 1444/1636/441
f 1434/1626/442 1433/1625/442 1449/1641/442 1448/1640/442
f 1436/1628/443 1435/1627/443 1442/1634/443 1441/1633/443
f 1438/1630/453 1437/1629/453 1448/1640/453 1447/1651/453
f 1440/1632/445 1439/1631/445 1446/1638/445 1445/1637/445
f 1444/1636/454 1443/1635/454 1450/1652/454 1449/1641/454
f 1451/1653/353 1452/1654/353 1453/1655/353 1454/1656/353
f 1455/1657/354 1456/1658/354 1457/1659/354 1458/1660/354
f 1459/1661/423 1460/1662/423 1461/1663/423 1462/1664/423
f 1463/1665/424 1464/1666/424 1465/1667/424 1466/1668/424
f 1467/1669/425 1468/1670/425 1469/1671/425 1470/1672/425
f 1471/1673/426 1472/1674/426 1473/1675/426 1474/1676/426
f 1475/1677/354 1476/1678/354 1477/1679/354 1478/1680/354
f 1479/1681/354 1480/1682/354 1481/1683/354 1482/1684/354
f 1483/1685/354 1484/1686/354 1485/1687/354 1486/1688/354
f 1487/1689/354 1488/1690/354 1489/1691/354 1490/1692/354
f 1491/1693/354 1492/1694/354 1493/1695/354 1494/1696/354
f 1495/1697/423 1496/1698/423 1497/1699/423 1498/1700/423
f 1499/1701/423 1500/1702/423 1501/1703/423 1502/1704/423
f 1503/1705/423 1504/1706/423 1505/1707/423 1506/1708/423
f 1507/1709/424 1508/1710/424 1509/1711/424 1510/1712/424 1511/1713/424 1512/1714/424 1513/1715/424 1514/1716/424 1515/1717/424
f 1516/1718/424 1517/1719/424 1518/1720/424 1519/1721/424
f 1520/1722/424 1521/1723/424 1522/1724/424 1523/1725/424
f 1524/1726/425 1525/1727/425 1526/1728/425 1527/1729/425
f 1528/1730/425 1529/1731/425 1530/1732/425 1531/1733/425
f 1532/1734/425 1533/1735/425 1534/1736/425 1535/1737/425
f 1536/1738/426 1537/1739/426 1538/1740/426 1539/1741/426 1540/1742/426 1541/1743/426 1542/1744/426 1543/1745/426 1544/1746/426
f 1545/1747/426 1546/1748/426 1547/1749/426 1548/1750/426
f 1549/1751/426 1550/1752/426 1551/1753/426 1552/1754/426
f 1553/1755/452 1554/1756/452 1455/1657/452 1458/1660/452
f 1554/1756/441 1555/1757/441 1456/1658/441 1455/1657/441
f 1555/1757/442 1556/1758/442 1457/1659/455 1456/1658/455
f 1556/1758/439 1553/1755/439 1458/1660/439 1457/1659/439
f 1557/1759/444 1558/1760/444 1459/1661/444 1462/1664/444
f 1558/1760/438 1559/1761/438 1460/1662/438 1459/1661/438
f 1559/1761/456 1560/1762/456 1461/1663/456 1460/1662/456
f 1560/1762/439 1557/1759/439 1462/1664/439 1461/1663/439
f 1561/1763/457 1562/1764/457 1463/1665/445 1466/1668/445
f 1562/1764/452 1559/1765/452 1464/1666/452 1463/1665/452
f 1559/1765/456 1563/1766/456 1465/1667/456 1464/1666/456
f 1563/1766/437 1561/1763/437 1466/1668/437 1465/1667/437
f 1564/1767/457 1562/1768/457 1467/1669/457 1470/1672/457
f 1562/1768/436 1565/1769/436 1468/1670/436 1467/1669/436
f 1565/1769/446 1566/1770/446 1469/1671/446 1468/1670/446
f 1566/1770/441 1564/1767/441 1470/1672/441 1469/1671/441
f 1567/1771/444 1558/1772/444 1471/1673/453 1474/1676/453
f 1558/1772/442 1565/1773/442 1472/1674/442 1471/1673/442
f 1565/1773/446 1568/1774/446 1473/1675/454 1472/1674/454
f 1568/1774/435 1567/1771/435 1474/1676/435 1473/1675/435
f 1569/1775/452 1570/1776/452 1475/1677/452 1478/1680/452
f 1570/1776/441 1571/1777/441 1476/1678/441 1475/1677/441
f 1571/1777/442 1572/1778/442 1477/1679/455 1476/1678/455
f 1572/1778/439 1569/1775/439 1478/1680/439 1477/1679/439
f 1573/1779/452 1569/1775/452 1479/1681/452 1482/1684/452
f 1569/1775/441 1572/1778/441 1480/1682/441 1479/1681/441
f 1572/1778/442 1574/1780/442 1481/1683/442 1480/1682/442
f 1574/1780/439 1573/1779/439 1482/1684/439 1481/1683/439
f 1554/1756/452 1573/1779/452 1483/1685/440 1486/1688/440
f 1573/1779/441 1574/1780/441 1484/1686/441 1483/1685/441
f 1574/1780/442 1555/1757/442 1485/1687/455 1484/1686/455
f 1555/1757/439 1554/1756/439 1486/1688/439 1485/1687/439
f 1575/1781/442 1576/1782/442 1487/1689/442 1490/1692/442
f 1576/1782/439 1577/1783/439 1488/1690/439 1487/1689/439
f 1577/1783/452 1578/1784/452 1489/1691/452 1488/1690/452
f 1578/1784/441 1575/1781/441 1490/1692/441 1489/1691/441
f 1556/1758/442 1575/1781/442 1491/1693/442 1494/1696/442
f 1575/1781/439 1578/1784/439 1492/1694/439 1491/1693/439
f 1578/1784/452 1553/1755/452 1493/1695/452 1492/1694/452
f 1553/1755/441 1556/1758/441 1494/1696/441 1493/1695/441
f 1567/1785/444 1453/1786/444 1495/1697/444 1498/1700/444
f 1453/1786/438 1452/1787/438 1496/1698/438 1495/1697/438
f 1452/1787/456 1563/1788/456 1497/1699/443 1496/1698/443
f 1563/1788/439 1567/1785/439 1498/1700/439 1497/1699/439
f 1558/1760/444 1567/1785/444 1499/1701/444 1502/1704/444
f 1567/1785/438 1563/1788/438 1500/1702/438 1499/1701/438
f 1563/1788/456 1559/1761/456 1501/1703/443 1500/1702/443
f 1559/1761/439 1558/1760/439 1502/1704/439 1501/1703/439
f 1560/1762/456 1577/1789/456 1503/1705/456 1506/1708/456
f 1577/1789/439 1576/1790/439 1504/1706/439 1503/1705/439
f 1576/1790/444 1557/1759/444 1505/1707/444 1504/1706/444
f 1557/1759/438 1560/1762/438 1506/1708/438 1505/1707/438
f 1564/1791/457 1570/1792/457 1508/1710/445 1507/1709/445
f 1570/1792/452 1569/1793/452 1509/1711/452 1508/1710/452
f 1569/1793/452 1573/1779/452 1510/1712/452 1509/1711/452
f 1573/1779/452 1554/1756/452 1511/1713/452 1510/1712/452
f 1554/1756/452 1553/1794/452 1512/1714/452 1511/1713/452
f 1553/1794/452 1578/1795/452 1513/1715/452 1512/1714/452
f 1578/1795/452 1577/1789/452 1514/1716/452 1513/1715/452
f 1577/1789/456 1560/1762/456 1515/1717/456 1514/1716/456
f 1560/1762/437 1564/1791/437 1507/1709/437 1515/1717/437
f 1562/1764/457 1564/1791/457 1516/1718/445 1519/1721/445
f 1564/1791/452 1560/1762/452 1517/1719/452 1516/1718/452
f 1560/1762/456 1559/1765/456 1518/1720/456 1517/1719/456
f 1559/1765/437 1562/1764/437 1519/1721/437 1518/1720/437
f 1563/1766/456 1452/1654/456 1520/1722/456 1523/1725/456
f 1452/1654/437 1451/1796/437 1521/1723/437 1520/1722/437
f 1451/1796/457 1561/1763/457 1522/1724/445 1521/1723/445
f 1561/1763/452 1563/1766/452 1523/1725/452 1522/1724/452
f 1561/1797/457 1451/1798/457 1524/1726/457 1527/1729/457
f 1451/1798/436 1454/1799/436 1525/1727/436 1524/1726/436
f 1454/1799/446 1568/1800/446 1526/1728/446 1525/1727/446
f 1568/1800/441 1561/1797/441 1527/1729/441 1526/1728/441
f 1562/1768/457 1561/1797/457 1528/1730/457 1531/1733/457
f 1561/1797/436 1568/1800/436 1529/1731/436 1528/1730/436
f 1568/1800/446 1565/1769/446 1530/1732/446 1529/1731/446
f 1565/1769/441 1562/1768/441 1531/1733/441 1530/1732/441
f 1566/1770/446 1571/1801/446 1532/1734/446 1535/1737/446
f 1571/1801/441 1570/1802/441 1533/1735/441 1532/1734/441
f 1570/1802/457 1564/1767/457 1534/1736/457 1533/1735/457
f 1564/1767/436 1566/1770/436 1535/1737/436 1534/1736/436
f 1557/1803/444 1576/1804/444 1537/1739/453 1536/1738/453
f 1576/1804/442 1575/1805/442 1538/1740/442 1537/1739/442
f 1575/1805/442 1556/1806/442 1539/1741/442 1538/1740/442
f 1556/1806/442 1555/1807/442 1540/1742/442 1539/1741/442
f 1555/1807/442 1574/1808/442 1541/1743/442 1540/1742/442
f 1574/1808/442 1572/1809/442 1542/1744/442 1541/1743/442
f 1572/1809/442 1571/1810/442 1543/1745/442 1542/1744/442
f 1571/1810/446 1566/1811/446 1544/1746/454 1543/1745/454
f 1566/1811/435 1557/1803/435 1536/1738/435 1544/1746/435
f 1558/1772/444 1557/1803/444 1545/1747/453 1548/1750/453
f 1557/1803/442 1566/1811/442 1546/1748/442 1545/1747/442
f 1566/1811/446 1565/1773/446 1547/1749/446 1546/1748/446
f 1565/1773/435 1558/1772/435 1548/1750/435 1547/1749/435
f 1568/1774/446 1454/1812/446 1549/1751/454 1552/1754/454
f 1454/1812/435 1453/1813/435 1550/1752/435 1549/1751/435
f 1453/1813/444 1567/1771/444 1551/1753/453 1550/1752/453
f 1567/1771/442 1568/1774/442 1552/1754/442 1551/1753/442
f 1579/1814/353 1580/1815/353 1581/1816/353 1582/1817/353
f 1583/1818/354 1584/1819/354 1585/1820/354 1586/1821/354
f 1587/1822/458 1588/1823/458 1589/1824/458 1590/1825/458
f 1591/1826/459 1592/1827/459 1593/1828/459 1594/1829/459
f 1595/1830/460 1596/1831/460 1597/1832/460 1598/1833/460
f 1599/1834/461 1600/1835/461 1601/1836/461 1602/1837/461
f 1603/1838/353 1604/1839/353 1605/1840/353 1606/1841/353
f 1604/1839/353 1607/1842/353 1608/1843/353 1605/1840/353
f 1607/1842/353 1609/1844/353 1610/1845/353 1608/1843/353
f 1609/1844/353 1603/1838/353 1606/1841/353 1610/1845/353
f 1611/1846/354 1612/1847/354 1613/1848/354 1614/1849/354
f 1612/1847/354 1615/1850/354 1616/1851/354 1613/1848/354
f 1615/1850/354 1617/1852/354 1618/1853/354 1616/1851/354
f 1617/1852/354 1611/1846/354 1614/1849/354 1618/1853/354
f 1619/1854/458 1620/1855/458 1621/1856/458 1622/1857/458
f 1620/1855/458 1623/1858/458 1624/1859/458 1621/1856/458
f 1623/1858/458 1625/1860/458 1626/1861/458 1624/1859/458
f 1625/1860/458 1619/1854/458 1622/1857/458 1626/1861/458
f 1627/1862/459 1628/1863/459 1629/1864/459 1630/1865/459
f 1628/1863/459 1631/1866/459 1632/1867/459 1629/1864/459
f 1631/1866/459 1633/1868/459 1634/1869/459 1632/1867/459
f 1633/1868/459 1627/1862/459 1630/1865/459 1634/1869/459
f 1635/1870/460 1636/1871/460 1637/1872/460 1638/1873/460
f 1636/1871/460 1639/1874/460 1640/1875/460 1637/1872/460
f 1639/1874/460 1641/1876/460 1642/1877/460 1640/1875/460
f 1641/1876/460 1635/1870/460 1638/1873/460 1642/1877/460
f 1643/1878/461 1644/1879/461 1645/1880/461 1646/1881/461
f 1644/1879/461 1647/1882/461 1648/1883/461 1645/1880/461
f 1647/1882/461 1649/1884/461 1650/1885/461 1648/1883/461
f 1649/1884/461 1643/1878/461 1646/1881/461 1650/1885/461
f 1651/1886/459 1652/1887/459 1653/1888/459 1654/1889/459 1655/1890/459 1656/1891/459 1657/1892/459
f 1652/1887/458 1658/1893/458 1659/1894/458 1653/1888/458
f 1658/1893/461 1660/1895/461 1661/1896/461 1662/1897/461 1663/1898/461 1664/1899/461 1659/1894/461
f 1660/1895/460 1651/1886/460 1657/1892/460 1661/1896/460
f 1665/1900/460 1666/1901/460 1667/1902/460 1668/1903/460
f 1666/1901/461 1669/1904/461 1670/1905/461 1671/1906/461 1672/1907/461 1673/1908/461 1667/1902/461
f 1669/1904/458 1674/1909/458 1675/1910/458 1670/1905/458
f 1674/1909/459 1665/1900/459 1668/1903/459 1676/1911/459 1677/1912/459 1678/1913/459 1675/1910/459
f 1679/1914/354 1680/1915/354 1681/1916/354 1682/1917/354
f 1680/1915/461 1683/1918/461 1684/1919/461 1685/1920/461 1686/1921/461 1681/1916/461
f 1683/1918/353 1687/1922/353 1688/1923/353 1684/1919/353
f 1687/1922/459 1679/1914/459 1682/1917/459 1689/1924/459 1690/1925/459 1688/1923/459
f 1691/1926/354 1692/1927/354 1693/1928/354 1694/1929/354
f 1692/1927/462 1695/1930/462 1696/1931/462 1697/1932/462 1698/1933/462 1693/1928/462
f 1695/1930/353 1699/1934/353 1700/1935/353 1696/1931/353
f 1699/1934/460 1691/1926/460 1694/1929/460 1701/1936/460 1702/1937/460 1700/1935/460
f 1703/1938/354 1704/1939/354 1705/1940/354 1706/1941/354
f 1704/1939/463 1707/1942/463 1708/1943/463 1709/1944/463 1710/1945/463 1705/1940/463
f 1707/1942/353 1711/1946/353 1712/1947/353 1708/1943/353
f 1711/1946/461 1703/1938/461 1706/1941/461 1713/1948/461 1714/1949/461 1712/1947/461
f 1715/1950/354 1716/1951/354 1717/1952/354 1718/1953/354
f 1716/1951/460 1719/1954/460 1720/1955/460 1721/1956/460 1722/1957/460 1717/1952/460
f 1719/1954/353 1723/1958/353 1724/1959/353 1720/1955/353
f 1723/1958/462 1715/1950/462 1718/1953/462 1725/1960/462 1726/1961/462 1724/1959/462
f 1727/1962/458 1728/1963/458 1729/1964/458 1730/1965/458
f 1731/1966/459 1732/1967/459 1733/1968/459 1734/1969/459
f 1735/1970/460 1736/1971/460 1737/1972/460 1738/1973/460
f 1739/1974/461 1740/1975/461 1741/1976/461 1742/1977/461
f 1743/1978/458 1744/1979/458 1745/1980/458 1746/1981/458
f 1747/1982/459 1748/1983/459 1749/1984/459 1750/1985/459
f 1751/1986/460 1752/1987/460 1753/1988/460 1754/1989/460
f 1755/1990/461 1756/1991/461 1757/1992/461 1758/1993/461
f 1759/1994/353 1760/1995/353 1761/1996/353 1762/1997/353
f 1763/1998/354 1764/1999/354 1765/2000/354 1766/2001/354
f 1767/2002/353 1768/2003/353 1769/2004/353 1770/2005/353
f 1771/2006/354 1772/2007/354 1773/2008/354 1774/2009/354
f 1775/2010/353 1776/2011/353 1777/2012/353 1778/2013/353
f 1779/2014/354 1780/2015/354 1781/2016/354 1782/2017/354
f 1657/1892/464 1656/1891/464 1579/1814/464 1582/1817/464
f 1656/1891/465 1662/1897/465 1580/1815/465 1579/1814/465
f 1662/1897/466 1661/1896/466 1581/1816/466 1580/1815/466
f 1661/1896/467 1657/1892/467 1582/1817/467 1581/1816/467
f 1668/1903/468 1667/1902/468 1583/1818/468 1586/1821/468
f 1667/1902/469 1673/1908/469 1584/1819/469 1583/1818/469
f 1673/1908/470 1676/1911/470 1585/1820/470 1584/1819/470
f 1676/1911/471 1668/1903/471 1586/1821/471 1585/1820/471
f 1682/1917/472 1681/1916/472 1587/1822/472 1590/1825/472
f 1681/1916/473 1686/1921/473 1588/1823/473 1587/1822/473
f 1686/1921/474 1689/1924/474 1589/1824/474 1588/1823/474
f 1689/1924/475 1682/1917/475 1590/1825/475 1589/1824/475
f 1694/1929/476 1693/1928/476 1591/1826/476 1594/1829/476
f 1693/1928/477 1698/1933/477 1592/1827/477 1591/1826/477
f 1698/1933/478 1701/1936/478 1593/1828/478 1592/1827/478
f 1701/1936/479 1694/1929/479 1594/1829/479 1593/1828/479
f 1706/1941/480 1705/1940/480 1595/1830/480 1598/1833/480
f 1705/1940/481 1710/1945/481 1596/1831/481 1595/1830/481
f 1710/1945/482 1713/1948/482 1597/1832/482 1596/1831/482
f 1713/1948/483 1706/1941/483 1598/1833/483 1597/1832/483
f 1718/1953/484 1717/1952/484 1599/1834/484 1602/1837/484
f 1717/1952/485 1722/1957/485 1600/1835/485 1599/1834/485
f 1722/1957/486 1725/1960/486 1601/1836/486 1600/1835/486
f 1725/1960/487 1718/1953/487 1602/1837/487 1601/1836/487
f 1685/1920/473 1684/1919/473 1727/1962/473 1730/1965/473
f 1684/1919/474 1688/1923/474 1728/1963/474 1727/1962/474
f 1688/1923/475 1690/1925/475 1729/1964/475 1728/1963/475
f 1690/1925/488 1685/1920/488 1730/1965/488 1729/1964/488
f 1697/1932/477 1696/1931/477 1731/1966/477 1734/1969/477
f 1696/1931/478 1700/1935/478 1732/1967/478 1731/1966/478
f 1700/1935/479 1702/1937/479 1733/1968/479 1732/1967/479
f 1702/1937/489 1697/1932/489 1734/1969/489 1733/1968/489
f 1709/1944/481 1708/1943/481 1735/1970/481 1738/1973/481
f 1708/1943/482 1712/1947/482 1736/1971/482 1735/1970/482
f 1712/1947/483 1714/1949/483 1737/1972/483 1736/1971/483
f 1714/1949/480 1709/1944/480 1738/1973/480 1737/1972/480
f 1721/1956/485 1720/1955/485 1739/1974/485 1742/1977/485
f 1720/1955/486 1724/1959/486 1740/1975/486 1739/1974/486
f 1724/1959/487 1726/1961/487 1741/1976/487 1740/1975/487
f 1726/1961/484 1721/1956/484 1742/1977/484 1741/1976/484
f 1686/1921/473 1685/1920/473 1743/1978/473 1746/1981/473
f 1685/1920/474 1690/1925/474 1744/1979/474 1743/1978/474
f 1690/1925/475 1689/1924/475 1745/1980/475 1744/1979/475
f 1689/1924/472 1686/1921/472 1746/1981/472 1745/1980/472
f 1698/1933/477 1697/1932/477 1747/1982/477 1750/1985/477
f 1697/1932/478 1702/1937/478 1748/1983/478 1747/1982/478
f 1702/1937/479 1701/1936/479 1749/1984/479 1748/1983/479
f 1701/1936/476 1698/1933/476 1750/1985/476 1749/1984/476
f 1710/1945/481 1709/1944/481 1751/1986/481 1754/1989/481
f 1709/1944/482 1714/1949/482 1752/1987/482 1751/1986/482
f 1714/1949/483 1713/1948/483 1753/1988/483 1752/1987/483
f 1713/1948/480 1710/1945/480 1754/1989/480 1753/1988/480
f 1722/1957/485 1721/1956/485 1755/1990/485 1758/1993/485
f 1721/1956/486 1726/1961/486 1756/1991/486 1755/1990/486
f 1726/1961/487 1725/1960/487 1757/1992/487 1756/1991/487
f 1725/1960/484 1722/1957/484 1758/1993/484 1757/1992/484
f 1654/1889/464 1653/1888/464 1759/1994/464 1762/1997/464
f 1653/1888/490 1659/1894/490 1760/1995/490 1759/1994/490
f 1659/1894/466 1664/1899/466 1761/1996/466 1760/1995/466
f 1664/1899/467 1654/1889/467 1762/1997/467 1761/1996/467
f 1671/1906/491 1670/1905/491 1763/1998/491 1766/2001/491
f 1670/1905/492 1675/1910/492 1764/1999/492 1763/1998/492
f 1675/1910/493 1678/1913/493 1765/2000/493 1764/1999/493
f 1678/1913/494 1671/1906/494 1766/2001/494 1765/2000/494
f 1655/1890/495 1654/1889/495 1767/2002/495 1770/2005/495
f 1654/1889/465 1664/1899/465 1768/2003/465 1767/2002/465
f 1664/1899/496 1663/1898/496 1769/2004/496 1768/2003/496
f 1663/1898/467 1655/1890/467 1770/2005/467 1769/2004/467
f 1672/1907/469 1671/1906/469 1771/2006/469 1774/2009/469
f 1671/1906/470 1678/1913/470 1772/2007/470 1771/2006/470
f 1678/1913/471 1677/1912/471 1773/2008/471 1772/2007/471
f 1677/1912/468 1672/1907/468 1774/2009/468 1773/2008/468
f 1656/1891/464 1655/1890/464 1775/2010/464 1778/2013/464
f 1655/1890/465 1663/1898/465 1776/2011/465 1775/2010/465
f 1663/1898/497 1662/1897/497 1777/2012/497 1776/2011/497
f 1662/1897/467 1656/1891/467 1778/2013/467 1777/2012/467
f 1673/1908/491 1672/1907/491 1779/2014/491 1782/2017/491
f 1672/1907/470 1677/1912/470 1780/2015/470 1779/2014/470
f 1677/1912/471 1676/1911/471 1781/2016/471 1780/2015/471
f 1676/1911/494 1673/1908/494 1782/2017/494 1781/2016/494
f 1783/2018/464 1784/2019/464 1604/1839/464 1603/1838/464
f 1784/2019/498 1785/2020/498 1607/1842/498 1604/1839/498
f 1785/2020/496 1786/2021/496 1609/1844/496 1607/1842/496
f 1786/2021/467 1783/2018/467 1603/1838/467 1609/1844/467
f 1652/1887/496 1651/1886/496 1606/1841/496 1605/1840/496
f 1651/1886/498 1660/1895/498 1610/1845/498 1606/1841/498
f 1660/1895/499 1658/1893/499 1608/1843/499 1610/1845/499
f 1658/1893/500 1652/1887/500 1605/1840/500 1608/1843/500
f 1787/2022/468 1788/2023/468 1612/1847/468 1611/1846/468
f 1788/2023/469 1789/2024/469 1615/1850/469 1612/1847/469
f 1789/2024/501 1790/2025/501 1617/1852/501 1615/1850/501
f 1790/2025/502 1787/2022/502 1611/1846/502 1617/1852/502
f 1666/1901/470 1665/1900/470 1614/1849/470 1613/1848/470
f 1665/1900/491 1674/1909/491 1618/1853/491 1614/1849/491
f 1674/1909/494 1669/1904/494 1616/1851/494 1618/1853/494
f 1669/1904/471 1666/1901/471 1613/1848/471 1616/1851/471
f 1786/2026/476 1785/2027/476 1628/1863/476 1627/1862/476
f 1785/2027/477 1789/2024/477 1631/1866/477 1628/1863/477
f 1789/2024/478 1788/2023/478 1633/1868/478 1631/1866/478
f 1788/2023/479 1786/2026/479 1627/1862/479 1633/1868/479
f 1692/1927/478 1691/1926/478 1630/1865/478 1629/1864/478
f 1691/1926/477 1699/1934/477 1634/1869/477 1630/1865/477
f 1699/1934/476 1695/1930/476 1632/1867/476 1634/1869/476
f 1695/1930/479 1692/1927/479 1629/1864/479 1632/1867/479
f 1783/2018/488 1786/2026/488 1620/1855/488 1619/1854/488
f 1786/2026/473 1788/2023/473 1623/1858/473 1620/1855/473
f 1788/2023/474 1787/2028/474 1625/1860/474 1623/1858/474
f 1787/2028/475 1783/2018/475 1619/1854/475 1625/1860/475
f 1680/1915/474 1679/1914/474 1622/1857/474 1621/1856/474
f 1679/1914/473 1687/1922/473 1626/1861/473 1622/1857/473
f 1687/1922/488 1683/1918/488 1624/1859/488 1626/1861/488
f 1683/1918/475 1680/1915/475 1621/1856/475 1624/1859/475
f 1785/2027/480 1784/2029/480 1636/1871/480 1635/1870/480
f 1784/2029/481 1790/2030/481 1639/1874/481 1636/1871/481
f 1790/2030/482 1789/2031/482 1641/1876/482 1639/1874/482
f 1789/2031/483 1785/2027/483 1635/1870/483 1641/1876/483
f 1704/1939/503 1703/1938/503 1638/1873/503 1637/1872/503
f 1703/1938/481 1711/1946/481 1642/1877/481 1638/1873/481
f 1711/1946/504 1707/1942/504 1640/1875/504 1642/1877/504
f 1707/1942/483 1704/1939/483 1637/1872/483 1640/1875/483
f 1784/2029/484 1783/2018/484 1644/1879/484 1643/1878/484
f 1783/2018/485 1787/2028/485 1647/1882/485 1644/1879/485
f 1787/2028/486 1790/2032/486 1649/1884/486 1647/1882/486
f 1790/2032/487 1784/2029/487 1643/1878/487 1649/1884/487
f 1716/1951/486 1715/1950/486 1646/1881/486 1645/1880/486
f 1715/1950/485 1723/1958/485 1650/1885/485 1646/1881/485
f 1723/1958/484 1719/1954/484 1648/1883/484 1650/1885/484
f 1719/1954/487 1716/1951/487 1645/1880/487 1648/1883/487
f 1791/2033/505 1792/2034/505 1793/2035/505 1794/2036/505
f 1795/2037/506 1796/2038/506 1797/2039/506 1798/2040/506
f 1799/2041/506 1800/2042/506 1801/2043/506 1802/2044/506
f 1803/2045/507 1804/2046/507 1805/2047/507 1806/2048/507
f 1807/2049/507 1808/2050/507 1809/2051/507 1810/2052/507
f 1811/2053/508 1812/2054/508 1803/2045/508 1806/2048/508
f 1812/2054/509 1813/2055/509 1804/2046/509 1803/2045/509
f 1813/2055/510 1814/2056/510 1805/2047/510 1804/2046/510
f 1814/2056/511 1811/2053/511 1806/2048/511 1805/2047/511
f 1815/2057/510 1816/2058/510 1807/2049/510 1810/2052/510
f 1816/2058/511 1817/2059/511 1808/2050/511 1807/2049/511
f 1817/2059/508 1818/2060/508 1809/2051/508 1808/2050/508
f 1818/2060/509 1815/2057/509 1810/2052/509 1809/2051/509
f 1819/2061/512 1820/2062/512 1821/2063/512
f 1821/2063/512 1822/2064/512 1823/2065/512
f 1823/2065/512 1824/2066/512 1825/2067/512
f 1821/2063/512 1823/2065/512 1825/2067/512
f 1825/2067/512 1826/2068/512 1827/2069/512
f 1827/2069/512 1828/2070/512 1829/2071/512
f 1825/2067/512 1827/2069/512 1829/2071/512
f 1829/2071/512 1830/2072/512 1831/2073/512
f 1831/2073/512 1832/2074/512 1833/2075/512
f 1829/2071/512 1831/2073/512 1833/2075/512
f 1825/2067/512 1829/2071/512 1833/2075/512
f 1833/2075/512 1834/2076/512 1835/2077/512
f 1835/2077/512 1836/2078/512 1837/2079/512
f 1833/2075/512 1835/2077/512 1837/2079/512
f 1837/2079/512 1838/2080/512 1839/2081/512
f 1839/2081/512 1840/2082/512 1841/2083/512
f 1837/2079/512 1839/2081/512 1841/2083/512
f 1833/2075/512 1837/2079/512 1841/2083/512
f 1825/2067/512 1833/2075/512 1841/2083/512
f 1821/2063/512 1825/2067/512 1841/2083/512
f 1819/2061/512 1821/2063/512 1841/2083/512
f 1842/2084/512 1819/2061/512 1841/2083/512
f 1843/2085/513 1844/2086/513 1845/2087/513
f 1845/2087/513 1846/2088/513 1843/2085/513
f 1840/2082/514 1839/2081/514 1847/2089/514
f 1847/2089/514 1848/2090/514 1840/2082/514
f 1849/2091/515 1850/2092/515 1851/2093/515
f 1851/2093/515 1852/2094/515 1849/2091/515
f 1838/2080/516 1837/2079/516 1853/2095/516
f 1853/2095/516 1854/2096/516 1838/2080/516
f 1855/2097/517 1856/2098/517 1857/2099/517
f 1857/2099/517 1858/2100/517 1855/2097/517
f 1836/2078/518 1835/2077/518 1859/2101/518
f 1859/2101/518 1860/2102/518 1836/2078/518
f 1861/2103/519 1862/2104/519 1863/2105/519
f 1863/2105/519 1864/2106/519 1861/2103/519
f 1834/2076/520 1833/2075/520 1865/2107/520
f 1865/2107/520 1866/2108/520 1834/2076/520
f 1867/2109/521 1868/2110/521 1869/2111/521
f 1869/2111/521 1870/2112/521 1867/2109/521
f 1832/2074/522 1831/2073/522 1871/2113/522
f 1871/2113/522 1872/2114/522 1832/2074/522
f 1873/2115/523 1874/2116/523 1875/2117/523
f 1875/2117/523 1876/2118/523 1873/2115/523
f 1830/2072/524 1829/2071/524 1877/2119/524
f 1877/2119/524 1878/2120/524 1830/2072/524
f 1879/2121/525 1880/2122/525 1881/2123/525
f 1881/2123/525 1882/2124/525 1879/2121/525
f 1828/2070/526 1827/2069/526 1883/2125/526
f 1883/2125/526 1884/2126/526 1828/2070/526
f 1885/2127/527 1886/2128/527 1887/2129/527
f 1887/2129/527 1888/2130/527 1885/2127/527
f 1826/2068/528 1825/2067/528 1889/2131/528
f 1889/2131/528 1890/2132/528 1826/2068/528
f 1891/2133/529 1892/2134/529 1893/2135/529
f 1893/2135/529 1894/2136/529 1891/2133/529
f 1824/2066/530 1823/2065/530 1895/2137/530
f 1895/2137/530 1896/2138/530 1824/2066/530
f 1897/2139/531 1898/2140/531 1899/2141/531
f 1899/2141/531 1900/2142/531 1897/2139/531
f 1822/2064/532 1821/2063/532 1901/2143/532
f 1901/2143/532 1902/2144/532 1822/2064/532
f 1903/2145/533 1904/2146/533 1905/2147/533
f 1905/2147/533 1906/2148/533 1903/2145/533
f 1820/2062/534 1819/2061/534 1907/2149/534
f 1907/2149/534 1908/2150/534 1820/2062/534
f 1909/2151/535 1910/2152/535 1911/2153/535
f 1911/2153/535 1912/2154/535 1909/2151/535
f 1842/2084/536 1841/2083/536 1913/2155/536
f 1913/2155/536 1914/2156/536 1842/2084/536
f 1913/2155/537 1848/2090/537 1915/2157/537
f 1915/2157/537 1916/2158/537 1913/2155/537
f 1848/2090/538 1847/2089/538 1917/2159/538
f 1917/2159/538 1915/2157/538 1848/2090/538
f 1847/2089/539 1854/2096/539 1918/2160/539
f 1918/2160/539 1917/2159/539 1847/2089/539
f 1854/2096/540 1853/2095/540 1919/2161/540
f 1919/2161/540 1918/2160/540 1854/2096/540
f 1853/2095/541 1860/2102/541 1920/2162/541
f 1920/2162/541 1919/2161/541 1853/2095/541
f 1860/2102/542 1859/2101/542 1921/2163/542
f 1921/2163/542 1920/2162/542 1860/2102/542
f 1859/2101/543 1866/2108/543 1922/2164/543
f 1922/2164/543 1921/2163/543 1859/2101/543
f 1866/2108/544 1865/2107/544 1923/2165/544
f 1923/2165/544 1922/2164/544 1866/2108/544
f 1865/2107/545 1872/2114/545 1924/2166/545
f 1924/2166/545 1923/2165/545 1865/2107/545
f 1872/2114/546 1871/2113/546 1925/2167/546
f 1925/2167/546 1924/2166/546 1872/2114/546
f 1871/2113/547 1878/2120/547 1926/2168/547
f 1926/2168/547 1925/2167/547 1871/2113/547
f 1878/2120/548 1877/2119/548 1927/2169/548
f 1927/2169/548 1926/2168/548 1878/2120/548
f 1877/2119/549 1884/2126/549 1928/2170/549
f 1928/2170/549 1927/2169/549 1877/2119/549
f 1884/2126/550 1883/2125/550 1929/2171/550
f 1929/2171/550 1928/2170/550 1884/2126/550
f 1883/2125/551 1890/2132/551 1930/2172/551
f 1930/2172/551 1929/2171/551 1883/2125/551
f 1890/2132/552 1889/2131/552 1931/2173/552
f 1931/2173/552 1930/2172/552 1890/2132/552
f 1889/2131/553 1896/2138/553 1932/2174/553
f 1932/2174/553 1931/2173/553 1889/2131/553
f 1896/2138/554 1895/2137/554 1933/2175/554
f 1933/2175/554 1932/2174/554 1896/2138/554
f 1895/2137/555 1902/2144/555 1934/2176/555
f 1934/2176/555 1933/2175/555 1895/2137/555
f 1902/2144/556 1901/2143/556 1935/2177/556
f 1935/2177/556 1934/2176/556 1902/2144/556
f 1901/2143/557 1908/2150/557 1936/2178/557
f 1936/2178/557 1935/2177/557 1901/2143/557
f 1908/2150/558 1907/2149/558 1937/2179/558
f 1937/2179/558 1936/2178/558 1908/2150/558
f 1907/2149/559 1914/2156/559 1938/2180/559
f 1938/2180/559 1937/2179/559 1907/2149/559
f 1914/2156/560 1913/2155/560 1916/2158/560
f 1916/2158/560 1938/2180/560 1914/2156/560
f 1918/2160/561 1919/2161/561 1939/2181/561
f 1918/2160/561 1939/2181/561 1940/2182/561
f 1917/2159/561 1918/2160/561 1940/2182/561
f 1917/2159/561 1940/2182/561 1941/2183/561
f 1915/2157/561 1917/2159/561 1941/2183/561
f 1915/2157/561 1941/2183/561 1942/2184/561
f 1916/2158/561 1915/2157/561 1942/2184/561
f 1916/2158/561 1942/2184/561 1943/2185/561
f 1938/2180/561 1916/2158/561 1943/2185/561
f 1938/2180/561 1943/2185/561 1944/2186/561
f 1937/2179/561 1938/2180/561 1944/2186/561
f 1937/2179/561 1944/2186/561 1945/2187/561
f 1936/2178/561 1937/2179/561 1945/2187/561
f 1936/2178/561 1945/2187/561 1946/2188/561
f 1935/2177/561 1936/2178/561 1946/2188/561
f 1935/2177/561 1946/2188/561 1947/2189/561
f 1934/2176/561 1935/2177/561 1947/2189/561
f 1934/2176/561 1947/2189/561 1948/2190/561
f 1933/2175/561 1934/2176/561 1948/2190/561
f 1933/2175/561 1948/2190/561 1949/2191/561
f 1932/2174/561 1933/2175/561 1949/2191/561
f 1932/2174/561 1949/2191/561 1950/2192/561
f 1931/2173/561 1932/2174/561 1950/2192/561
f 1931/2173/561 1950/2192/561 1951/2193/561
f 1930/2172/561 1931/2173/561 1951/2193/561
f 1930/2172/561 1951/2193/561 1952/2194/561
f 1929/2171/561 1930/2172/561 1952/2194/561
f 1929/2171/561 1952/2194/561 1953/2195/561
f 1928/2170/561 1929/2171/561 1953/2195/561
f 1928/2170/561 1953/2195/561 1954/2196/561
f 1927/2169/561 1928/2170/561 1954/2196/561
f 1927/2169/561 1954/2196/561 1955/2197/561
f 1926/2168/561 1927/2169/561 1955/2197/561
f 1926/2168/561 1955/2197/561 1956/2198/561
f 1925/2167/561 1926/2168/561 1956/2198/561
f 1925/2167/561 1956/2198/561 1957/2199/561
f 1924/2166/561 1925/2167/561 1957/2199/561
f 1924/2166/561 1957/2199/561 1958/2200/561
f 1923/2165/561 1924/2166/561 1958/2200/561
f 1923/2165/561 1958/2200/561 1959/2201/561
f 1922/2164/561 1923/2165/561 1959/2201/561
f 1922/2164/561 1959/2201/561 1960/2202/561
f 1921/2163/561 1922/2164/561 1960/2202/561
f 1921/2163/561 1960/2202/561 1961/2203/561
f 1920/2162/561 1921/2163/561 1961/2203/561
f 1920/2162/561 1961/2203/561 1962/2204/561
f 1919/2161/561 1920/2162/561 1962/2204/561
f 1919/2161/561 1962/2204/561 1939/2181/561
f 1943/2185/562 1942/2184/562 1963/2205/562
f 1963/2205/562 1964/2206/562 1943/2185/562
f 1942/2184/563 1941/2183/563 1965/2207/563
f 1965/2207/563 1963/2205/563 1942/2184/563
f 1941/2183/564 1940/2182/564 1966/2208/564
f 1966/2208/564 1965/2207/564 1941/2183/564
f 1940/2182/565 1939/2181/565 1967/2209/565
f 1967/2209/565 1966/2208/565 1940/2182/565
f 1939/2181/566 1962/2204/566 1968/2210/566
f 1968/2210/566 1967/2209/566 1939/2181/566
f 1962/2204/567 1961/2203/567 1969/2211/567
f 1969/2211/567 1968/2210/567 1962/2204/567
f 1961/2203/568 1960/2202/568 1970/2212/568
f 1970/2212/568 1969/2211/568 1961/2203/568
f 1960/2202/569 1959/2201/569 1971/2213/569
f 1971/2213/569 1970/2212/569 1960/2202/569
f 1959/2201/570 1958/2200/570 1972/2214/570
f 1972/2214/570 1971/2213/570 1959/2201/570
f 1958/2200/571 1957/2199/571 1973/2215/571
f 1973/2215/571 1972/2214/571 1958/2200/571
f 1957/2199/572 1956/2198/572 1974/2216/572
f 1974/2216/572 1973/2215/572 1957/2199/572
f 1956/2198/573 1955/2197/573 1975/2217/573
f 1975/2217/573 1974/2216/573 1956/2198/573
f 1955/2197/574 1954/2196/574 1976/2218/574
f 1976/2218/574 1975/2217/574 1955/2197/574
f 1954/2196/575 1953/2195/575 1977/2219/575
f 1977/2219/575 1976/2218/575 1954/2196/575
f 1953/2195/576 1952/2194/576 1978/2220/576
f 1978/2220/576 1977/2219/576 1953/2195/576
f 1952/2194/577 1951/2193/577 1979/2221/577
f 1979/2221/577 1978/2220/577 1952/2194/577
f 1951/2193/578 1950/2192/578 1980/2222/578
f 1980/2222/578 1979/2221/578 1951/2193/578
f 1950/2192/579 1949/2191/579 1981/2223/579
f 1981/2223/579 1980/2222/579 1950/2192/579
f 1949/2191/580 1948/2190/580 1982/2224/580
f 1982/2224/580 1981/2223/580 1949/2191/580
f 1948/2190/581 1947/2189/581 1983/2225/581
f 1983/2225/581 1982/2224/581 1948/2190/581
f 1947/2189/582 1946/2188/582 1984/2226/582
f 1984/2226/582 1983/2225/582 1947/2189/582
f 1946/2188/583 1945/2187/583 1985/2227/583
f 1985/2227/583 1984/2226/583 1946/2188/583
f 1945/2187/584 1944/2186/584 1986/2228/584
f 1986/2228/584 1985/2227/584 1945/2187/584
f 1944/2186/585 1943/2185/585 1964/2206/585
f 1964/2206/585 1986/2228/585 1944/2186/585
f 1841/2083/586 1840/2082/586 1844/2086/586
f 1844/2086/586 1843/2085/586 1841/2083/586
f 1840/2082/587 1848/2090/587 1845/2087/587
f 1845/2087/587 1844/2086/587 1840/2082/587
f 1848/2090/588 1913/2155/588 1846/2088/588
f 1846/2088/588 1845/2087/588 1848/2090/588
f 1913/2155/589 1841/2083/589 1843/2085/589
f 1843/2085/589 1846/2088/589 1913/2155/589
f 1839/2081/590 1838/2080/591 1850/2092/591
f 1850/2092/591 1849/2091/590 1839/2081/590
f 1838/2080/592 1854/2096/592 1851/2093/592
f 1851/2093/592 1850/2092/592 1838/2080/592
f 1854/2096/593 1847/2089/593 1852/2094/593
f 1852/2094/593 1851/2093/593 1854/2096/593
f 1847/2089/594 1839/2081/594 1849/2091/594
f 1849/2091/594 1852/2094/594 1847/2089/594
f 1837/2079/595 1836/2078/595 1856/2098/595
f 1856/2098/595 1855/2097/595 1837/2079/595
f 1836/2078/596 1860/2102/596 1857/2099/596
f 1857/2099/596 1856/2098/596 1836/2078/596
f 1860/2102/597 1853/2095/598 1858/2100/597
f 1858/2100/597 1857/2099/597 1860/2102/597
f 1853/2095/599 1837/2079/599 1855/2097/599
f 1855/2097/599 1858/2100/599 1853/2095/599
f 1835/2077/600 1834/2076/600 1862/2104/600
f 1862/2104/600 1861/2103/601 1835/2077/600
f 1834/2076/602 1866/2108/602 1863/2105/602
f 1863/2105/602 1862/2104/602 1834/2076/602
f 1866/2108/603 1859/2101/604 1864/2106/604
f 1864/2106/604 1863/2105/603 1866/2108/603
f 1859/2101/605 1835/2077/605 1861/2103/605
f 1861/2103/605 1864/2106/605 1859/2101/605
f 1833/2075/606 1832/2074/606 1868/2110/606
f 1868/2110/606 1867/2109/606 1833/2075/606
f 1832/2074/607 1872/2114/607 1869/2111/607
f 1869/2111/607 1868/2110/607 1832/2074/607
f 1872/2114/608 1865/2107/608 1870/2112/608
f 1870/2112/608 1869/2111/608 1872/2114/608
f 1865/2107/609 1833/2075/609 1867/2109/609
f 1867/2109/609 1870/2112/609 1865/2107/609
f 1831/2073/610 1830/2072/611 1874/2116/611
f 1874/2116/611 1873/2115/610 1831/2073/610
f 1830/2072/612 1878/2120/612 1875/2117/612
f 1875/2117/612 1874/2116/612 1830/2072/612
f 1878/2120/613 1871/2113/614 1876/2118/613
f 1876/2118/613 1875/2117/613 1878/2120/613
f 1871/2113/615 1831/2073/616 1873/2115/616
f 1873/2115/616 1876/2118/615 1871/2113/615
f 1829/2071/617 1828/2070/617 1880/2122/617
f 1880/2122/617 1879/2121/617 1829/2071/617
f 1828/2070/618 1884/2126/618 1881/2123/618
f 1881/2123/618 1880/2122/618 1828/2070/618
f 1884/2126/619 1877/2119/619 1882/2124/619
f 1882/2124/619 1881/2123/619 1884/2126/619
f 1877/2119/620 1829/2071/620 1879/2121/620
f 1879/2121/620 1882/2124/620 1877/2119/620
f 1827/2069/621 1826/2068/621 1886/2128/621
f 1886/2128/621 1885/2127/621 1827/2069/621
f 1826/2068/622 1890/2132/622 1887/2129/622
f 1887/2129/622 1886/2128/622 1826/2068/622
f 1890/2132/623 1883/2125/624 1888/2130/624
f 1888/2130/624 1887/2129/623 1890/2132/623
f 1883/2125/625 1827/2069/625 1885/2127/625
f 1885/2127/625 1888/2130/625 1883/2125/625
f 1825/2067/626 1824/2066/627 1892/2134/627
f 1892/2134/627 1891/2133/626 1825/2067/626
f 1824/2066/628 1896/2138/628 1893/2135/628
f 1893/2135/628 1892/2134/628 1824/2066/628
f 1896/2138/629 1889/2131/629 1894/2136/629
f 1894/2136/629 1893/2135/629 1896/2138/629
f 1889/2131/630 1825/2067/630 1891/2133/630
f 1891/2133/630 1894/2136/630 1889/2131/630
f 1823/2065/631 1822/2064/631 1898/2140/631
f 1898/2140/631 1897/2139/631 1823/2065/631
f 1822/2064/632 1902/2144/632 1899/2141/632
f 1899/2141/632 1898/2140/632 1822/2064/632
f 1902/2144/633 1895/2137/633 1900/2142/633
f 1900/2142/633 1899/2141/633 1902/2144/633
f 1895/2137/634 1823/2065/634 1897/2139/634
f 1897/2139/634 1900/2142/634 1895/2137/634
f 1821/2063/635 1820/2062/635 1904/2146/635
f 1904/2146/635 1903/2145/636 1821/2063/635
f 1820/2062/637 1908/2150/637 1905/2147/637
f 1905/2147/637 1904/2146/637 1820/2062/637
f 1908/2150/638 1901/2143/638 1906/2148/638
f 1906/2148/638 1905/2147/638 1908/2150/638
f 1901/2143/639 1821/2063/639 1903/2145/639
f 1903/2145/639 1906/2148/639 1901/2143/639
f 1819/2061/640 1842/2084/641 1910/2152/641
f 1910/2152/641 1909/2151/640 1819/2061/640
f 1842/2084/642 1914/2156/642 1911/2153/642
f 1911/2153/642 1910/2152/642 1842/2084/642
f 1914/2156/643 1907/2149/644 1912/2154/644
f 1912/2154/644 1911/2153/643 1914/2156/643
f 1907/2149/645 1819/2061/645 1909/2151/645
f 1909/2151/645 1912/2154/646 1907/2149/645
f 1987/2229/561 1988/2230/561 1989/2231/561
f 1989/2231/561 1990/2232/561 1991/2233/561
f 1991/2233/561 1992/2234/561 1993/2235/561
f 1989/2231/561 1991/2233/561 1993/2235/561
f 1987/2229/561 1989/2231/561 1993/2235/561
f 1994/2236/561 1987/2229/561 1993/2235/561
f 1995/2237/512 1996/2238/512 1997/2239/512
f 1997/2239/512 1998/2240/512 1995/2237/512
f 1996/2238/512 1999/2241/512 2000/2242/512
f 2000/2242/512 1997/2239/512 1996/2238/512
f 1999/2241/512 2001/2243/512 2002/2244/512
f 2002/2244/512 2000/2242/512 1999/2241/512
f 2001/2243/512 2003/2245/512 2004/2246/512
f 2004/2246/512 2002/2244/512 2001/2243/512
f 2003/2245/512 2005/2247/512 2006/2248/512
f 2006/2248/512 2004/2246/512 2003/2245/512
f 2005/2247/512 2007/2249/512 2008/2250/512
f 2008/2250/512 2006/2248/512 2005/2247/512
f 2007/2249/512 2009/2251/512 2010/2252/512
f 2010/2252/512 2008/2250/512 2007/2249/512
f 2009/2251/512 1995/2237/512 1998/2240/512
f 1998/2240/512 2010/2252/512 2009/2251/512
f 1998/2240/514 1997/2239/514 1988/2230/514
f 1988/2230/514 1987/2229/514 1998/2240/514
f 1997/2239/517 2000/2242/517 1989/2231/517
f 1989/2231/517 1988/2230/517 1997/2239/517
f 2000/2242/520 2002/2244/520 1990/2232/520
f 1990/2232/520 1989/2231/520 2000/2242/520
f 2002/2244/523 2004/2246/523 1991/2233/523
f 1991/2233/523 1990/2232/523 2002/2244/523
f 2004/2246/526 2006/2248/526 1992/2234/526
f 1992/2234/526 1991/2233/526 2004/2246/526
f 2006/2248/529 2008/2250/529 1993/2235/529
f 1993/2235/529 1992/2234/529 2006/2248/529
f 2008/2250/532 2010/2252/532 1994/2236/532
f 1994/2236/532 1993/2235/532 2008/2250/532
f 2010/2252/535 1998/2240/535 1987/2229/535
f 1987/2229/535 1994/2236/535 2010/2252/535
f 1996/2238/514 1995/2237/514 2011/2253/514
f 2011/2253/514 2012/2254/514 1996/2238/514
f 1999/2241/517 1996/2238/517 2012/2254/517
f 2012/2254/517 2013/2255/517 1999/2241/517
f 2001/2243/520 1999/2241/520 2013/2255/520
f 2013/2255/520 2014/2256/520 2001/2243/520
f 2003/2245/523 2001/2243/523 2014/2256/523
f 2014/2256/523 2015/2257/523 2003/2245/523
f 2005/2247/526 2003/2245/526 2015/2257/526
f 2015/2257/526 2016/2258/526 2005/2247/526
f 2007/2249/529 2005/2247/529 2016/2258/529
f 2016/2258/529 2017/2259/529 2007/2249/529
f 2009/2251/535 2018/2260/535 2011/2253/535
f 2011/2253/535 1995/2237/535 2009/2251/535
f 2019/2261/561 2020/2262/561 2021/2263/561
f 2021/2263/561 2022/2264/561 2023/2265/561
f 2019/2261/561 2021/2263/561 2023/2265/561
f 2023/2265/561 2024/2266/561 2025/2267/561
f 2025/2267/561 2026/2268/561 2027/2269/561
f 2023/2265/561 2025/2267/561 2027/2269/561
f 2019/2261/561 2023/2265/561 2027/2269/561
f 2027/2269/561 2028/2270/561 2029/2271/561
f 2029/2271/561 2030/2272/561 2031/2273/561
f 2027/2269/561 2029/2271/561 2031/2273/561
f 2031/2273/561 2032/2274/561 2033/2275/561
f 2033/2275/561 2034/2276/561 2035/2277/561
f 2031/2273/561 2033/2275/561 2035/2277/561
f 2027/2269/561 2031/2273/561 2035/2277/561
f 2019/2261/561 2027/2269/561 2035/2277/561
f 2035/2277/561 2036/2278/561 2037/2279/561
f 2037/2279/561 2038/2280/561 2039/2281/561
f 2035/2277/561 2037/2279/561 2039/2281/561
f 2019/2261/561 2035/2277/561 2039/2281/561
f 2039/2281/561 2040/2282/561 2041/2283/561
f 2019/2261/561 2039/2281/561 2041/2283/561
f 2042/2284/561 2019/2261/561 2041/2283/561
f 2043/2285/513 2044/2286/513 2045/2287/513
f 2045/2287/513 2046/2288/513 2043/2285/513
f 2020/2262/514 2047/2289/514 2048/2290/514
f 2048/2290/514 2021/2263/514 2020/2262/514
f 2049/2291/515 2050/2292/515 2051/2293/515
f 2051/2293/515 2052/2294/515 2049/2291/515
f 2022/2264/516 2053/2295/516 2054/2296/516
f 2054/2296/516 2023/2265/516 2022/2264/516
f 2055/2297/517 2056/2298/517 2057/2299/517
f 2057/2299/517 2058/2300/517 2055/2297/517
f 2024/2266/518 2059/2301/518 2060/2302/518
f 2060/2302/518 2025/2267/518 2024/2266/518
f 2061/2303/519 2062/2304/519 2063/2305/519
f 2063/2305/519 2064/2306/519 2061/2303/519
f 2026/2268/520 2065/2307/520 2066/2308/520
f 2066/2308/520 2027/2269/520 2026/2268/520
f 2067/2309/521 2068/2310/521 2069/2311/521
f 2069/2311/521 2070/2312/521 2067/2309/521
f 2028/2270/522 2071/2313/522 2072/2314/522
f 2072/2314/522 2029/2271/522 2028/2270/522
f 2073/2315/523 2074/2316/523 2075/2317/523
f 2075/2317/523 2076/2318/523 2073/2315/523
f 2030/2272/524 2077/2319/524 2078/2320/524
f 2078/2320/524 2031/2273/524 2030/2272/524
f 2079/2321/525 2080/2322/525 2081/2323/525
f 2081/2323/525 2082/2324/525 2079/2321/525
f 2032/2274/526 2083/2325/526 2084/2326/526
f 2084/2326/526 2033/2275/526 2032/2274/526
f 2085/2327/527 2086/2328/527 2087/2329/527
f 2087/2329/527 2088/2330/527 2085/2327/527
f 2034/2276/528 2089/2331/528 2090/2332/528
f 2090/2332/528 2035/2277/528 2034/2276/528
f 2091/2333/529 2092/2334/529 2093/2335/529
f 2093/2335/529 2094/2336/529 2091/2333/529
f 2036/2278/530 2095/2337/530 2096/2338/530
f 2096/2338/530 2037/2279/530 2036/2278/530
f 2097/2339/531 2098/2340/531 2099/2341/531
f 2099/2341/531 2100/2342/531 2097/2339/531
f 2038/2280/532 2101/2343/532 2102/2344/532
f 2102/2344/532 2039/2281/532 2038/2280/532
f 2103/2345/533 2104/2346/533 2105/2347/533
f 2105/2347/533 2106/2348/533 2103/2345/533
f 2040/2282/534 2107/2349/534 2108/2350/534
f 2108/2350/534 2041/2283/534 2040/2282/534
f 2109/2351/535 2110/2352/535 2111/2353/535
f 2111/2353/535 2112/2354/535 2109/2351/535
f 2042/2284/536 2113/2355/536 2114/2356/536
f 2114/2356/536 2019/2261/536 2042/2284/536
f 2114/2356/647 2115/2357/647 2116/2358/647
f 2116/2358/647 2047/2289/647 2114/2356/647
f 2047/2289/648 2116/2358/648 2117/2359/648
f 2117/2359/648 2048/2290/648 2047/2289/648
f 2048/2290/649 2117/2359/649 2118/2360/649
f 2118/2360/649 2053/2295/649 2048/2290/649
f 2053/2295/650 2118/2360/650 2119/2361/650
f 2119/2361/650 2054/2296/650 2053/2295/650
f 2054/2296/651 2119/2361/651 2120/2362/651
f 2120/2362/651 2059/2301/651 2054/2296/651
f 2059/2301/652 2120/2362/652 2121/2363/652
f 2121/2363/652 2060/2302/652 2059/2301/652
f 2060/2302/653 2121/2363/653 2122/2364/653
f 2122/2364/653 2065/2307/653 2060/2302/653
f 2065/2307/654 2122/2364/654 2123/2365/654
f 2123/2365/654 2066/2308/654 2065/2307/654
f 2066/2308/655 2123/2365/655 2124/2366/655
f 2124/2366/655 2071/2313/656 2066/2308/655
f 2071/2313/657 2124/2366/657 2125/2367/657
f 2125/2367/657 2072/2314/657 2071/2313/657
f 2072/2314/658 2125/2367/658 2126/2368/658
f 2126/2368/658 2077/2319/658 2072/2314/658
f 2077/2319/659 2126/2368/659 2127/2369/659
f 2127/2369/659 2078/2320/659 2077/2319/659
f 2078/2320/660 2127/2369/660 2128/2370/660
f 2128/2370/660 2083/2325/660 2078/2320/660
f 2083/2325/661 2128/2370/661 2129/2371/661
f 2129/2371/661 2084/2326/661 2083/2325/661
f 2084/2326/662 2129/2371/662 2130/2372/662
f 2130/2372/662 2089/2331/662 2084/2326/662
f 2089/2331/663 2130/2372/663 2131/2373/663
f 2131/2373/663 2090/2332/663 2089/2331/663
f 2090/2332/664 2131/2373/664 2132/2374/664
f 2132/2374/664 2095/2337/664 2090/2332/664
f 2095/2337/665 2132/2374/665 2133/2375/665
f 2133/2375/665 2096/2338/665 2095/2337/665
f 2096/2338/666 2133/2375/666 2134/2376/666
f 2134/2376/666 2101/2343/666 2096/2338/666
f 2101/2343/667 2134/2376/667 2135/2377/667
f 2135/2377/667 2102/2344/667 2101/2343/667
f 2102/2344/668 2135/2377/668 2136/2378/668
f 2136/2378/668 2107/2349/668 2102/2344/668
f 2107/2349/669 2136/2378/669 2137/2379/669
f 2137/2379/669 2108/2350/669 2107/2349/669
f 2108/2350/670 2137/2379/670 2138/2380/670
f 2138/2380/670 2113/2355/670 2108/2350/670
f 2113/2355/671 2138/2380/671 2115/2357/671
f 2115/2357/671 2114/2356/671 2113/2355/671
f 2119/2361/512 2139/2381/512 2140/2382/512
f 2139/2381/512 2119/2361/512 2118/2360/512
f 2141/2383/512 2139/2381/512 2118/2360/512
f 2141/2383/512 2118/2360/512 2117/2359/512
f 2142/2384/512 2141/2383/512 2117/2359/512
f 2142/2384/512 2117/2359/512 2116/2358/512
f 2143/2385/512 2142/2384/512 2116/2358/512
f 2143/2385/512 2116/2358/512 2115/2357/512
f 2144/2386/512 2143/2385/512 2115/2357/512
f 2144/2386/512 2115/2357/512 2138/2380/512
f 2145/2387/512 2144/2386/512 2138/2380/512
f 2145/2387/512 2138/2380/512 2137/2379/512
f 2146/2388/512 2145/2387/512 2137/2379/512
f 2146/2388/512 2137/2379/512 2136/2378/512
f 2147/2389/512 2146/2388/512 2136/2378/512
f 2147/2389/512 2136/2378/512 2135/2377/512
f 2148/2390/512 2147/2389/512 2135/2377/512
f 2148/2390/512 2135/2377/512 2134/2376/512
f 2149/2391/512 2148/2390/512 2134/2376/512
f 2149/2391/512 2134/2376/512 2133/2375/512
f 2150/2392/512 2149/2391/512 2133/2375/512
f 2150/2392/512 2133/2375/512 2132/2374/512
f 2151/2393/512 2150/2392/512 2132/2374/512
f 2151/2393/512 2132/2374/512 2131/2373/512
f 2152/2394/512 2151/2393/512 2131/2373/512
f 2152/2394/512 2131/2373/512 2130/2372/512
f 2153/2395/512 2152/2394/512 2130/2372/512
f 2153/2395/512 2130/2372/512 2129/2371/512
f 2154/2396/512 2153/2395/512 2129/2371/512
f 2154/2396/512 2129/2371/512 2128/2370/512
f 2155/2397/512 2154/2396/512 2128/2370/512
f 2155/2397/512 2128/2370/512 2127/2369/512
f 2156/2398/512 2155/2397/512 2127/2369/512
f 2156/2398/512 2127/2369/512 2126/2368/512
f 2157/2399/512 2156/2398/512 2126/2368/512
f 2157/2399/512 2126/2368/512 2125/2367/512
f 2158/2400/512 2157/2399/512 2125/2367/512
f 2158/2400/512 2125/2367/512 2124/2366/512
f 2159/2401/512 2158/2400/512 2124/2366/512
f 2159/2401/512 2124/2366/512 2123/2365/512
f 2160/2402/512 2159/2401/512 2123/2365/512
f 2160/2402/512 2123/2365/512 2122/2364/512
f 2161/2403/512 2160/2402/512 2122/2364/512
f 2161/2403/512 2122/2364/512 2121/2363/512
f 2162/2404/512 2161/2403/512 2121/2363/512
f 2162/2404/512 2121/2363/512 2120/2362/512
f 2140/2382/512 2162/2404/512 2120/2362/512
f 2119/2361/512 2140/2382/512 2120/2362/512
f 2144/2386/672 2163/2405/672 2164/2406/672
f 2164/2406/672 2143/2385/672 2144/2386/672
f 2143/2385/673 2164/2406/673 2165/2407/673
f 2165/2407/673 2142/2384/673 2143/2385/673
f 2142/2384/674 2165/2407/674 2166/2408/674
f 2166/2408/674 2141/2383/674 2142/2384/674
f 2141/2383/675 2166/2408/675 2167/2409/675
f 2167/2409/675 2139/2381/675 2141/2383/675
f 2139/2381/676 2167/2409/676 2168/2410/676
f 2168/2410/676 2140/2382/676 2139/2381/676
f 2140/2382/677 2168/2410/677 2169/2411/677
f 2169/2411/677 2162/2404/677 2140/2382/677
f 2162/2404/678 2169/2411/678 2170/2412/678
f 2170/2412/678 2161/2403/678 2162/2404/678
f 2161/2403/679 2170/2412/679 2171/2413/679
f 2171/2413/679 2160/2402/679 2161/2403/679
f 2160/2402/680 2171/2413/680 2172/2414/680
f 2172/2414/680 2159/2401/680 2160/2402/680
f 2159/2401/681 2172/2414/681 2173/2415/681
f 2173/2415/681 2158/2400/681 2159/2401/681
f 2158/2400/682 2173/2415/682 2174/2416/682
f 2174/2416/682 2157/2399/682 2158/2400/682
f 2157/2399/683 2174/2416/683 2175/2417/683
f 2175/2417/683 2156/2398/683 2157/2399/683
f 2156/2398/684 2175/2417/684 2176/2418/684
f 2176/2418/684 2155/2397/684 2156/2398/684
f 2155/2397/685 2176/2418/685 2177/2419/685
f 2177/2419/685 2154/2396/685 2155/2397/685
f 2154/2396/686 2177/2419/686 2178/2420/686
f 2178/2420/686 2153/2395/686 2154/2396/686
f 2153/2395/687 2178/2420/687 2179/2421/687
f 2179/2421/687 2152/2394/687 2153/2395/687
f 2152/2394/688 2179/2421/688 2180/2422/688
f 2180/2422/688 2151/2393/688 2152/2394/688
f 2151/2393/689 2180/2422/689 2181/2423/689
f 2181/2423/689 2150/2392/689 2151/2393/689
f 2150/2392/690 2181/2423/690 2182/2424/690
f 2182/2424/690 2149/2391/690 2150/2392/690
f 2149/2391/691 2182/2424/691 2183/2425/691
f 2183/2425/691 2148/2390/691 2149/2391/691
f 2148/2390/692 2183/2425/692 2184/2426/692
f 2184/2426/692 2147/2389/692 2148/2390/692
f 2147/2389/693 2184/2426/693 2185/2427/693
f 2185/2427/693 2146/2388/693 2147/2389/693
f 2146/2388/694 2185/2427/694 2186/2428/694
f 2186/2428/694 2145/2387/694 2146/2388/694
f 2145/2387/695 2186/2428/695 2163/2405/695
f 2163/2405/695 2144/2386/695 2145/2387/695
f 2019/2261/588 2043/2285/588 2046/2288/588
f 2046/2288/588 2020/2262/588 2019/2261/588
f 2020/2262/587 2046/2288/587 2045/2287/587
f 2045/2287/587 2047/2289/587 2020/2262/587
f 2047/2289/586 2045/2287/586 2044/2286/586
f 2044/2286/586 2114/2356/586 2047/2289/586
f 2114/2356/589 2044/2286/589 2043/2285/589
f 2043/2285/589 2019/2261/589 2114/2356/589
f 2021/2263/696 2049/2291/696 2052/2294/696
f 2052/2294/696 2022/2264/696 2021/2263/696
f 2022/2264/592 2052/2294/592 2051/2293/592
f 2051/2293/592 2053/2295/592 2022/2264/592
f 2053/2295/591 2051/2293/591 2050/2292/590
f 2050/2292/590 2048/2290/590 2053/2295/591
f 2048/2290/594 2050/2292/594 2049/2291/594
f 2049/2291/594 2021/2263/594 2048/2290/594
f 2023/2265/597 2055/2297/597 2058/2300/597
f 2058/2300/597 2024/2266/597 2023/2265/597
f 2024/2266/596 2058/2300/596 2057/2299/596
f 2057/2299/596 2059/2301/596 2024/2266/596
f 2059/2301/595 2057/2299/595 2056/2298/697
f 2056/2298/697 2054/2296/697 2059/2301/595
f 2054/2296/599 2056/2298/599 2055/2297/698
f 2055/2297/698 2023/2265/698 2054/2296/599
f 2025/2267/603 2061/2303/603 2064/2306/603
f 2064/2306/603 2026/2268/603 2025/2267/603
f 2026/2268/602 2064/2306/602 2063/2305/602
f 2063/2305/602 2065/2307/602 2026/2268/602
f 2065/2307/600 2063/2305/600 2062/2304/601
f 2062/2304/601 2060/2302/601 2065/2307/600
f 2060/2302/605 2062/2304/605 2061/2303/605
f 2061/2303/605 2025/2267/605 2060/2302/605
f 2027/2269/699 2067/2309/699 2070/2312/699
f 2070/2312/699 2028/2270/699 2027/2269/699
f 2028/2270/607 2070/2312/607 2069/2311/607
f 2069/2311/607 2071/2313/607 2028/2270/607
f 2071/2313/606 2069/2311/606 2068/2310/606
f 2068/2310/606 2066/2308/606 2071/2313/606
f 2066/2308/609 2068/2310/609 2067/2309/609
f 2067/2309/609 2027/2269/609 2066/2308/609
f 2029/2271/614 2073/2315/614 2076/2318/614
f 2076/2318/614 2030/2272/614 2029/2271/614
f 2030/2272/612 2076/2318/612 2075/2317/612
f 2075/2317/612 2077/2319/612 2030/2272/612
f 2077/2319/610 2075/2317/610 2074/2316/611
f 2074/2316/611 2072/2314/611 2077/2319/610
f 2072/2314/616 2074/2316/616 2073/2315/616
f 2073/2315/616 2029/2271/616 2072/2314/616
f 2031/2273/700 2079/2321/700 2082/2324/700
f 2082/2324/700 2032/2274/700 2031/2273/700
f 2032/2274/618 2082/2324/618 2081/2323/618
f 2081/2323/618 2083/2325/618 2032/2274/618
f 2083/2325/617 2081/2323/617 2080/2322/617
f 2080/2322/617 2078/2320/617 2083/2325/617
f 2078/2320/620 2080/2322/620 2079/2321/620
f 2079/2321/620 2031/2273/620 2078/2320/620
f 2033/2275/624 2085/2327/624 2088/2330/623
f 2088/2330/623 2034/2276/623 2033/2275/624
f 2034/2276/622 2088/2330/622 2087/2329/622
f 2087/2329/622 2089/2331/622 2034/2276/622
f 2089/2331/621 2087/2329/621 2086/2328/621
f 2086/2328/621 2084/2326/621 2089/2331/621
f 2084/2326/625 2086/2328/625 2085/2327/625
f 2085/2327/625 2033/2275/625 2084/2326/625
f 2035/2277/629 2091/2333/629 2094/2336/701
f 2094/2336/701 2036/2278/701 2035/2277/629
f 2036/2278/628 2094/2336/628 2093/2335/628
f 2093/2335/628 2095/2337/628 2036/2278/628
f 2095/2337/627 2093/2335/627 2092/2334/626
f 2092/2334/626 2090/2332/626 2095/2337/627
f 2090/2332/702 2092/2334/702 2091/2333/702
f 2091/2333/702 2035/2277/702 2090/2332/702
f 2037/2279/633 2097/2339/633 2100/2342/703
f 2100/2342/703 2038/2280/703 2037/2279/633
f 2038/2280/632 2100/2342/632 2099/2341/632
f 2099/2341/632 2101/2343/632 2038/2280/632
f 2101/2343/704 2099/2341/704 2098/2340/704
f 2098/2340/704 2096/2338/631 2101/2343/704
f 2096/2338/634 2098/2340/634 2097/2339/634
f 2097/2339/634 2037/2279/634 2096/2338/634
f 2039/2281/705 2103/2345/705 2106/2348/705
f 2106/2348/705 2040/2282/705 2039/2281/705
f 2040/2282/637 2106/2348/637 2105/2347/637
f 2105/2347/637 2107/2349/637 2040/2282/637
f 2107/2349/635 2105/2347/635 2104/2346/635
f 2104/2346/635 2102/2344/635 2107/2349/635
f 2102/2344/639 2104/2346/639 2103/2345/639
f 2103/2345/639 2039/2281/639 2102/2344/639
f 2041/2283/643 2109/2351/706 2112/2354/644
f 2112/2354/644 2042/2284/644 2041/2283/643
f 2042/2284/642 2112/2354/642 2111/2353/642
f 2111/2353/642 2113/2355/642 2042/2284/642
f 2113/2355/641 2111/2353/641 2110/2352/641
f 2110/2352/641 2108/2350/641 2113/2355/641
f 2108/2350/645 2110/2352/645 2109/2351/645
f 2109/2351/645 2041/2283/645 2108/2350/645
f 2187/2429/512 2188/2430/512 2189/2431/512
f 2189/2431/512 2190/2432/512 2191/2433/512
f 2187/2429/512 2189/2431/512 2191/2433/512
f 2191/2433/512 2192/2434/512 2193/2435/512
f 2187/2429/512 2191/2433/512 2193/2435/512
f 2194/2436/512 2187/2429/512 2193/2435/512
f 2011/2253/561 2195/2437/561 2196/2438/561
f 2196/2438/561 2012/2254/561 2011/2253/561
f 2012/2254/561 2196/2438/561 2197/2439/561
f 2197/2439/561 2013/2255/561 2012/2254/561
f 2013/2255/561 2197/2439/561 2198/2440/561
f 2198/2440/561 2014/2256/561 2013/2255/561
f 2014/2256/561 2198/2440/561 2199/2441/561
f 2199/2441/561 2015/2257/561 2014/2256/561
f 2015/2257/561 2199/2441/561 2200/2442/561
f 2200/2442/561 2016/2258/561 2015/2257/561
f 2016/2258/561 2200/2442/561 2201/2443/561
f 2201/2443/561 2017/2259/561 2016/2258/561
f 2017/2259/561 2201/2443/561 2202/2444/561
f 2202/2444/561 2018/2260/561 2017/2259/561
f 2018/2260/561 2202/2444/561 2195/2437/561
f 2195/2437/561 2011/2253/561 2018/2260/561
f 2195/2437/514 2193/2435/514 2192/2434/514
f 2192/2434/514 2196/2438/514 2195/2437/514
f 2196/2438/517 2192/2434/517 2191/2433/517
f 2191/2433/517 2197/2439/517 2196/2438/517
f 2197/2439/520 2191/2433/520 2190/2432/520
f 2190/2432/520 2198/2440/520 2197/2439/520
f 2198/2440/523 2190/2432/523 2189/2431/523
f 2189/2431/523 2199/2441/523 2198/2440/523
f 2199/2441/526 2189/2431/526 2188/2430/526
f 2188/2430/526 2200/2442/526 2199/2441/526
f 2200/2442/529 2188/2430/529 2187/2429/529
f 2187/2429/529 2201/2443/529 2200/2442/529
f 2201/2443/532 2187/2429/532 2194/2436/532
f 2194/2436/532 2202/2444/532 2201/2443/532
f 2202/2444/535 2194/2436/535 2193/2435/535
f 2193/2435/535 2195/2437/535 2202/2444/535
f 2009/2251/532 2007/2249/532 2017/2259/532
f 2017/2259/532 2018/2260/532 2009/2251/532
f 2203/2445/512 2204/2446/512 2205/2447/512
f 2205/2447/512 2206/2448/512 2207/2449/512
f 2207/2449/512 2208/2450/512 2209/2451/512
f 2205/2447/512 2207/2449/512 2209/2451/512
f 2209/2451/512 2210/2452/512 2211/2453/512
f 2211/2453/512 2212/2454/512 2213/2455/512
f 2209/2451/512 2211/2453/512 2213/2455/512
f 2213/2455/512 2214/2456/512 2215/2457/512
f 2215/2457/512 2216/2458/512 2217/2459/512
f 2213/2455/512 2215/2457/512 2217/2459/512
f 2209/2451/512 2213/2455/512 2217/2459/512
f 2217/2459/512 2218/2460/512 2219/2461/512
f 2219/2461/512 2220/2462/512 2221/2463/512
f 2217/2459/512 2219/2461/512 2221/2463/512
f 2221/2463/512 2222/2464/512 2223/2465/512
f 2223/2465/512 2224/2466/512 2225/2467/512
f 2221/2463/512 2223/2465/512 2225/2467/512
f 2217/2459/512 2221/2463/512 2225/2467/512
f 2209/2451/512 2217/2459/512 2225/2467/512
f 2205/2447/512 2209/2451/512 2225/2467/512
f 2203/2445/512 2205/2447/512 2225/2467/512
f 2226/2468/512 2203/2445/512 2225/2467/512
f 2227/2469/513 2228/2470/513 2229/2471/513
f 2229/2471/513 2230/2472/513 2227/2469/513
f 2224/2466/514 2223/2465/514 2231/2473/514
f 2231/2473/514 2232/2474/514 2224/2466/514
f 2233/2475/515 2234/2476/515 2235/2477/515
f 2235/2477/515 2236/2478/515 2233/2475/515
f 2222/2464/516 2221/2463/516 2237/2479/516
f 2237/2479/516 2238/2480/516 2222/2464/516
f 2239/2481/517 2240/2482/517 2241/2483/517
f 2241/2483/517 2242/2484/517 2239/2481/517
f 2220/2462/518 2219/2461/518 2243/2485/518
f 2243/2485/518 2244/2486/518 2220/2462/518
f 2245/2487/519 2246/2488/519 2247/2489/519
f 2247/2489/519 2248/2490/519 2245/2487/519
f 2218/2460/520 2217/2459/520 2249/2491/520
f 2249/2491/520 2250/2492/520 2218/2460/520
f 2251/2493/521 2252/2494/521 2253/2495/521
f 2253/2495/521 2254/2496/521 2251/2493/521
f 2216/2458/522 2215/2457/522 2255/2497/522
f 2255/2497/522 2256/2498/522 2216/2458/522
f 2257/2499/523 2258/2500/523 2259/2501/523
f 2259/2501/523 2260/2502/523 2257/2499/523
f 2214/2456/524 2213/2455/524 2261/2503/524
f 2261/2503/524 2262/2504/524 2214/2456/524
f 2263/2505/525 2264/2506/525 2265/2507/525
f 2265/2507/525 2266/2508/525 2263/2505/525
f 2212/2454/526 2211/2453/526 2267/2509/526
f 2267/2509/526 2268/2510/526 2212/2454/526
f 2269/2511/527 2270/2512/527 2271/2513/527
f 2271/2513/527 2272/2514/527 2269/2511/527
f 2210/2452/528 2209/2451/528 2273/2515/528
f 2273/2515/528 2274/2516/528 2210/2452/528
f 2275/2517/529 2276/2518/529 2277/2519/529
f 2277/2519/529 2278/2520/529 2275/2517/529
f 2208/2450/530 2207/2449/530 2279/2521/530
f 2279/2521/530 2280/2522/530 2208/2450/530
f 2281/2523/531 2282/2524/531 2283/2525/531
f 2283/2525/531 2284/2526/531 2281/2523/531
f 2206/2448/532 2205/2447/532 2285/2527/532
f 2285/2527/532 2286/2528/532 2206/2448/532
f 2287/2529/533 2288/2530/533 2289/2531/533
f 2289/2531/533 2290/2532/533 2287/2529/533
f 2204/2446/534 2203/2445/534 2291/2533/534
f 2291/2533/534 2292/2534/534 2204/2446/534
f 2293/2535/535 2294/2536/535 2295/2537/535
f 2295/2537/535 2296/2538/535 2293/2535/535
f 2226/2468/536 2225/2467/536 2297/2539/536
f 2297/2539/536 2298/2540/536 2226/2468/536
f 2297/2539/537 2232/2474/537 2299/2541/537
f 2299/2541/537 2300/2542/537 2297/2539/537
f 2232/2474/538 2231/2473/538 2301/2543/538
f 2301/2543/538 2299/2541/538 2232/2474/538
f 2231/2473/539 2238/2480/539 2302/2544/539
f 2302/2544/539 2301/2543/539 2231/2473/539
f 2238/2480/540 2237/2479/540 2303/2545/540
f 2303/2545/540 2302/2544/540 2238/2480/540
f 2237/2479/541 2244/2486/541 2304/2546/541
f 2304/2546/541 2303/2545/541 2237/2479/541
f 2244/2486/542 2243/2485/542 2305/2547/542
f 2305/2547/542 2304/2546/542 2244/2486/542
f 2243/2485/543 2250/2492/543 2306/2548/543
f 2306/2548/543 2305/2547/543 2243/2485/543
f 2250/2492/544 2249/2491/544 2307/2549/544
f 2307/2549/544 2306/2548/544 2250/2492/544
f 2249/2491/545 2256/2498/545 2308/2550/545
f 2308/2550/545 2307/2549/545 2249/2491/545
f 2256/2498/546 2255/2497/546 2309/2551/546
f 2309/2551/546 2308/2550/546 2256/2498/546
f 2255/2497/547 2262/2504/547 2310/2552/547
f 2310/2552/547 2309/2551/547 2255/2497/547
f 2262/2504/548 2261/2503/548 2311/2553/548
f 2311/2553/548 2310/2552/548 2262/2504/548
f 2261/2503/549 2268/2510/549 2312/2554/549
f 2312/2554/549 2311/2553/549 2261/2503/549
f 2268/2510/550 2267/2509/550 2313/2555/550
f 2313/2555/550 2312/2554/550 2268/2510/550
f 2267/2509/551 2274/2516/551 2314/2556/551
f 2314/2556/551 2313/2555/551 2267/2509/551
f 2274/2516/552 2273/2515/552 2315/2557/552
f 2315/2557/552 2314/2556/552 2274/2516/552
f 2273/2515/553 2280/2522/553 2316/2558/553
f 2316/2558/553 2315/2557/553 2273/2515/553
f 2280/2522/554 2279/2521/554 2317/2559/554
f 2317/2559/554 2316/2558/554 2280/2522/554
f 2279/2521/555 2286/2528/555 2318/2560/555
f 2318/2560/555 2317/2559/555 2279/2521/555
f 2286/2528/556 2285/2527/556 2319/2561/556
f 2319/2561/556 2318/2560/556 2286/2528/556
f 2285/2527/557 2292/2534/557 2320/2562/557
f 2320/2562/557 2319/2561/557 2285/2527/557
f 2292/2534/558 2291/2533/558 2321/2563/558
f 2321/2563/558 2320/2562/558 2292/2534/558
f 2291/2533/559 2298/2540/559 2322/2564/559
f 2322/2564/559 2321/2563/559 2291/2533/559
f 2298/2540/560 2297/2539/560 2300/2542/560
f 2300/2542/560 2322/2564/560 2298/2540/560
f 2302/2544/561 2303/2545/561 2323/2565/561
f 2302/2544/561 2323/2565/561 2324/2566/561
f 2301/2543/561 2302/2544/561 2324/2566/561
f 2301/2543/561 2324/2566/561 2325/2567/561
f 2299/2541/561 2301/2543/561 2325/2567/561
f 2299/2541/561 2325/2567/561 2326/2568/561
f 2300/2542/561 2299/2541/561 2326/2568/561
f 2300/2542/561 2326/2568/561 2327/2569/561
f 2322/2564/561 2300/2542/561 2327/2569/561
f 2322/2564/561 2327/2569/561 2328/2570/561
f 2321/2563/561 2322/2564/561 2328/2570/561
f 2321/2563/561 2328/2570/561 2329/2571/561
f 2320/2562/561 2321/2563/561 2329/2571/561
f 2320/2562/561 2329/2571/561 2330/2572/561
f 2319/2561/561 2320/2562/561 2330/2572/561
f 2319/2561/561 2330/2572/561 2331/2573/561
f 2318/2560/561 2319/2561/561 2331/2573/561
f 2318/2560/561 2331/2573/561 2332/2574/561
f 2317/2559/561 2318/2560/561 2332/2574/561
f 2317/2559/561 2332/2574/561 2333/2575/561
f 2316/2558/561 2317/2559/561 2333/2575/561
f 2316/2558/561 2333/2575/561 2334/2576/561
f 2315/2557/561 2316/2558/561 2334/2576/561
f 2315/2557/561 2334/2576/561 2335/2577/561
f 2314/2556/561 2315/2557/561 2335/2577/561
f 2314/2556/561 2335/2577/561 2336/2578/561
f 2313/2555/561 2314/2556/561 2336/2578/561
f 2313/2555/561 2336/2578/561 2337/2579/561
f 2312/2554/561 2313/2555/561 2337/2579/561
f 2312/2554/561 2337/2579/561 2338/2580/561
f 2311/2553/561 2312/2554/561 2338/2580/561
f 2311/2553/561 2338/2580/561 2339/2581/561
f 2310/2552/561 2311/2553/561 2339/2581/561
f 2310/2552/561 2339/2581/561 2340/2582/561
f 2309/2551/561 2310/2552/561 2340/2582/561
f 2309/2551/561 2340/2582/561 2341/2583/561
f 2308/2550/561 2309/2551/561 2341/2583/561
f 2308/2550/561 2341/2583/561 2342/2584/561
f 2307/2549/561 2308/2550/561 2342/2584/561
f 2307/2549/561 2342/2584/561 2343/2585/561
f 2306/2548/561 2307/2549/561 2343/2585/561
f 2306/2548/561 2343/2585/561 2344/2586/561
f 2305/2547/561 2306/2548/561 2344/2586/561
f 2305/2547/561 2344/2586/561 2345/2587/561
f 2304/2546/561 2305/2547/561 2345/2587/561
f 2304/2546/561 2345/2587/561 2346/2588/561
f 2303/2545/561 2304/2546/561 2346/2588/561
f 2303/2545/561 2346/2588/561 2323/2565/561
f 2327/2569/562 2326/2568/562 2347/2589/562
f 2347/2589/562 2348/2590/562 2327/2569/562
f 2326/2568/563 2325/2567/563 2349/2591/563
f 2349/2591/563 2347/2589/563 2326/2568/563
f 2325/2567/564 2324/2566/564 2350/2592/564
f 2350/2592/564 2349/2591/564 2325/2567/564
f 2324/2566/565 2323/2565/565 2351/2593/565
f 2351/2593/565 2350/2592/565 2324/2566/565
f 2323/2565/566 2346/2588/566 2352/2594/566
f 2352/2594/566 2351/2593/566 2323/2565/566
f 2346/2588/567 2345/2587/567 2353/2595/567
f 2353/2595/567 2352/2594/567 2346/2588/567
f 2345/2587/568 2344/2586/568 2354/2596/568
f 2354/2596/568 2353/2595/568 2345/2587/568
f 2344/2586/569 2343/2585/569 2355/2597/569
f 2355/2597/569 2354/2596/569 2344/2586/569
f 2343/2585/570 2342/2584/570 2356/2598/570
f 2356/2598/570 2355/2597/570 2343/2585/570
f 2342/2584/571 2341/2583/571 2357/2599/571
f 2357/2599/571 2356/2598/571 2342/2584/571
f 2341/2583/572 2340/2582/572 2358/2600/572
f 2358/2600/572 2357/2599/572 2341/2583/572
f 2340/2582/573 2339/2581/573 2359/2601/573
f 2359/2601/573 2358/2600/573 2340/2582/573
f 2339/2581/574 2338/2580/574 2360/2602/574
f 2360/2602/574 2359/2601/574 2339/2581/574
f 2338/2580/575 2337/2579/575 2361/2603/575
f 2361/2603/575 2360/2602/575 2338/2580/575
f 2337/2579/576 2336/2578/576 2362/2604/576
f 2362/2604/576 2361/2603/576 2337/2579/576
f 2336/2578/577 2335/2577/577 2363/2605/577
f 2363/2605/577 2362/2604/577 2336/2578/577
f 2335/2577/578 2334/2576/578 2364/2606/578
f 2364/2606/578 2363/2605/578 2335/2577/578
f 2334/2576/579 2333/2575/579 2365/2607/579
f 2365/2607/579 2364/2606/579 2334/2576/579
f 2333/2575/580 2332/2574/580 2366/2608/580
f 2366/2608/580 2365/2607/580 2333/2575/580
f 2332/2574/581 2331/2573/581 2367/2609/581
f 2367/2609/581 2366/2608/581 2332/2574/581
f 2331/2573/582 2330/2572/582 2368/2610/582
f 2368/2610/582 2367/2609/582 2331/2573/582
f 2330/2572/583 2329/2571/583 2369/2611/583
f 2369/2611/583 2368/2610/583 2330/2572/583
f 2329/2571/584 2328/2570/584 2370/2612/584
f 2370/2612/584 2369/2611/584 2329/2571/584
f 2328/2570/585 2327/2569/585 2348/2590/585
f 2348/2590/585 2370/2612/585 2328/2570/585
f 2225/2467/586 2224/2466/586 2228/2470/586
f 2228/2470/586 2227/2469/586 2225/2467/586
f 2224/2466/587 2232/2474/587 2229/2471/587
f 2229/2471/587 2228/2470/587 2224/2466/587
f 2232/2474/707 2297/2539/707 2230/2472/707
f 2230/2472/707 2229/2471/707 2232/2474/707
f 2297/2539/589 2225/2467/589 2227/2469/589
f 2227/2469/589 2230/2472/589 2297/2539/589
f 2223/2465/591 2222/2464/591 2234/2476/591
f 2234/2476/591 2233/2475/591 2223/2465/591
f 2222/2464/592 2238/2480/592 2235/2477/592
f 2235/2477/592 2234/2476/592 2222/2464/592
f 2238/2480/593 2231/2473/593 2236/2478/593
f 2236/2478/593 2235/2477/593 2238/2480/593
f 2231/2473/594 2223/2465/594 2233/2475/594
f 2233/2475/594 2236/2478/594 2231/2473/594
f 2221/2463/595 2220/2462/595 2240/2482/595
f 2240/2482/595 2239/2481/595 2221/2463/595
f 2220/2462/596 2244/2486/596 2241/2483/596
f 2241/2483/596 2240/2482/596 2220/2462/596
f 2244/2486/597 2237/2479/598 2242/2484/597
f 2242/2484/597 2241/2483/597 2244/2486/597
f 2237/2479/698 2221/2463/698 2239/2481/698
f 2239/2481/698 2242/2484/698 2237/2479/698
f 2219/2461/600 2218/2460/600 2246/2488/600
f 2246/2488/600 2245/2487/600 2219/2461/600
f 2218/2460/602 2250/2492/602 2247/2489/602
f 2247/2489/602 2246/2488/602 2218/2460/602
f 2250/2492/604 2243/2485/604 2248/2490/604
f 2248/2490/604 2247/2489/604 2250/2492/604
f 2243/2485/605 2219/2461/605 2245/2487/605
f 2245/2487/605 2248/2490/605 2243/2485/605
f 2217/2459/606 2216/2458/606 2252/2494/606
f 2252/2494/606 2251/2493/606 2217/2459/606
f 2216/2458/607 2256/2498/607 2253/2495/607
f 2253/2495/607 2252/2494/607 2216/2458/607
f 2256/2498/608 2249/2491/608 2254/2496/608
f 2254/2496/608 2253/2495/608 2256/2498/608
f 2249/2491/609 2217/2459/609 2251/2493/609
f 2251/2493/609 2254/2496/609 2249/2491/609
f 2215/2457/611 2214/2456/610 2258/2500/610
f 2258/2500/610 2257/2499/611 2215/2457/611
f 2214/2456/612 2262/2504/612 2259/2501/612
f 2259/2501/612 2258/2500/612 2214/2456/612
f 2262/2504/613 2255/2497/613 2260/2502/613
f 2260/2502/613 2259/2501/613 2262/2504/613
f 2255/2497/616 2215/2457/616 2257/2499/616
f 2257/2499/616 2260/2502/616 2255/2497/616
f 2213/2455/617 2212/2454/617 2264/2506/617
f 2264/2506/617 2263/2505/617 2213/2455/617
f 2212/2454/618 2268/2510/618 2265/2507/618
f 2265/2507/618 2264/2506/618 2212/2454/618
f 2268/2510/619 2261/2503/700 2266/2508/700
f 2266/2508/700 2265/2507/619 2268/2510/619
f 2261/2503/620 2213/2455/620 2263/2505/620
f 2263/2505/620 2266/2508/620 2261/2503/620
f 2211/2453/621 2210/2452/621 2270/2512/621
f 2270/2512/621 2269/2511/621 2211/2453/621
f 2210/2452/622 2274/2516/622 2271/2513/622
f 2271/2513/622 2270/2512/622 2210/2452/622
f 2274/2516/623 2267/2509/623 2272/2514/623
f 2272/2514/623 2271/2513/624 2274/2516/623
f 2267/2509/625 2211/2453/625 2269/2511/625
f 2269/2511/625 2272/2514/625 2267/2509/625
f 2209/2451/626 2208/2450/626 2276/2518/626
f 2276/2518/626 2275/2517/626 2209/2451/626
f 2208/2450/628 2280/2522/628 2277/2519/628
f 2277/2519/628 2276/2518/628 2208/2450/628
f 2280/2522/629 2273/2515/629 2278/2520/629
f 2278/2520/629 2277/2519/629 2280/2522/629
f 2273/2515/630 2209/2451/630 2275/2517/630
f 2275/2517/630 2278/2520/630 2273/2515/630
f 2207/2449/631 2206/2448/631 2282/2524/631
f 2282/2524/631 2281/2523/631 2207/2449/631
f 2206/2448/632 2286/2528/632 2283/2525/632
f 2283/2525/632 2282/2524/632 2206/2448/632
f 2286/2528/633 2279/2521/633 2284/2526/633
f 2284/2526/633 2283/2525/633 2286/2528/633
f 2279/2521/634 2207/2449/634 2281/2523/634
f 2281/2523/634 2284/2526/634 2279/2521/634
f 2205/2447/635 2204/2446/635 2288/2530/635
f 2288/2530/635 2287/2529/635 2205/2447/635
f 2204/2446/637 2292/2534/637 2289/2531/637
f 2289/2531/637 2288/2530/637 2204/2446/637
f 2292/2534/705 2285/2527/705 2290/2532/705
f 2290/2532/705 2289/2531/705 2292/2534/705
f 2285/2527/639 2205/2447/639 2287/2529/639
f 2287/2529/639 2290/2532/639 2285/2527/639
f 2203/2445/641 2226/2468/641 2294/2536/641
f 2294/2536/641 2293/2535/641 2203/2445/641
f 2226/2468/642 2298/2540/642 2295/2537/642
f 2295/2537/642 2294/2536/642 2226/2468/642
f 2298/2540/643 2291/2533/643 2296/2538/643
f 2296/2538/643 2295/2537/643 2298/2540/643
f 2291/2533/645 2203/2445/645 2293/2535/645
f 2293/2535/645 2296/2538/646 2291/2533/645
f 2371/2613/561 2372/2614/561 2373/2615/561
f 2373/2615/561 2374/2616/561 2375/2617/561
f 2375/2617/561 2376/2618/561 2377/2619/561
f 2373/2615/561 2375/2617/561 2377/2619/561
f 2371/2613/561 2373/2615/561 2377/2619/561
f 2378/2620/561 2371/2613/561 2377/2619/561
f 2379/2621/512 2380/2622/512 2381/2623/512
f 2381/2623/512 2382/2624/512 2379/2621/512
f 2380/2622/512 2383/2625/512 2384/2626/512
f 2384/2626/512 2381/2623/512 2380/2622/512
f 2383/2625/512 2385/2627/512 2386/2628/512
f 2386/2628/512 2384/2626/512 2383/2625/512
f 2385/2627/512 2387/2629/512 2388/2630/512
f 2388/2630/512 2386/2628/512 2385/2627/512
f 2387/2629/512 2389/2631/512 2390/2632/512
f 2390/2632/512 2388/2630/512 2387/2629/512
f 2389/2631/512 2391/2633/512 2392/2634/512
f 2392/2634/512 2390/2632/512 2389/2631/512
f 2391/2633/512 2393/2635/512 2394/2636/512
f 2394/2636/512 2392/2634/512 2391/2633/512
f 2393/2635/512 2379/2621/512 2382/2624/512
f 2382/2624/512 2394/2636/512 2393/2635/512
f 2382/2624/514 2381/2623/514 2372/2614/514
f 2372/2614/514 2371/2613/514 2382/2624/514
f 2381/2623/517 2384/2626/517 2373/2615/517
f 2373/2615/517 2372/2614/517 2381/2623/517
f 2384/2626/520 2386/2628/520 2374/2616/520
f 2374/2616/520 2373/2615/520 2384/2626/520
f 2386/2628/523 2388/2630/523 2375/2617/523
f 2375/2617/523 2374/2616/523 2386/2628/523
f 2388/2630/526 2390/2632/526 2376/2618/526
f 2376/2618/526 2375/2617/526 2388/2630/526
f 2390/2632/529 2392/2634/529 2377/2619/529
f 2377/2619/529 2376/2618/529 2390/2632/529
f 2392/2634/532 2394/2636/532 2378/2620/532
f 2378/2620/532 2377/2619/532 2392/2634/532
f 2394/2636/535 2382/2624/535 2371/2613/535
f 2371/2613/535 2378/2620/535 2394/2636/535
f 2380/2622/514 2379/2621/514 2395/2637/514
f 2395/2637/514 2396/2638/514 2380/2622/514
f 2383/2625/517 2380/2622/517 2396/2638/517
f 2396/2638/517 2397/2639/517 2383/2625/517
f 2385/2627/520 2383/2625/520 2397/2639/520
f 2397/2639/520 2398/2640/520 2385/2627/520
f 2387/2629/523 2385/2627/523 2398/2640/523
f 2398/2640/523 2399/2641/523 2387/2629/523
f 2389/2631/526 2387/2629/526 2399/2641/526
f 2399/2641/526 2400/2642/526 2389/2631/526
f 2391/2633/529 2389/2631/529 2400/2642/529
f 2400/2642/529 2401/2643/529 2391/2633/529
f 2393/2635/535 2402/2644/535 2395/2637/535
f 2395/2637/535 2379/2621/535 2393/2635/535
f 2403/2645/561 2404/2646/561 2405/2647/561
f 2405/2647/561 2406/2648/561 2407/2649/561
f 2403/2645/561 2405/2647/561 2407/2649/561
f 2407/2649/561 2408/2650/561 2409/2651/561
f 2409/2651/561 2410/2652/561 2411/2653/561
f 2407/2649/561 2409/2651/561 2411/2653/561
f 2403/2645/561 2407/2649/561 2411/2653/561
f 2411/2653/561 2412/2654/561 2413/2655/561
f 2413/2655/561 2414/2656/561 2415/2657/561
f 2411/2653/561 2413/2655/561 2415/2657/561
f 2415/2657/561 2416/2658/561 2417/2659/561
f 2417/2659/561 2418/2660/561 2419/2661/561
f 2415/2657/561 2417/2659/561 2419/2661/561
f 2411/2653/561 2415/2657/561 2419/2661/561
f 2403/2645/561 2411/2653/561 2419/2661/561
f 2419/2661/561 2420/2662/561 2421/2663/561
f 2421/2663/561 2422/2664/561 2423/2665/561
f 2419/2661/561 2421/2663/561 2423/2665/561
f 2403/2645/561 2419/2661/561 2423/2665/561
f 2423/2665/561 2424/2666/561 2425/2667/561
f 2403/2645/561 2423/2665/561 2425/2667/561
f 2426/2668/561 2403/2645/561 2425/2667/561
f 2427/2669/513 2428/2670/513 2429/2671/513
f 2429/2671/513 2430/2672/513 2427/2669/513
f 2404/2646/514 2431/2673/514 2432/2674/514
f 2432/2674/514 2405/2647/514 2404/2646/514
f 2433/2675/515 2434/2676/515 2435/2677/515
f 2435/2677/515 2436/2678/515 2433/2675/515
f 2406/2648/516 2437/2679/516 2438/2680/516
f 2438/2680/516 2407/2649/516 2406/2648/516
f 2439/2681/517 2440/2682/517 2441/2683/517
f 2441/2683/517 2442/2684/517 2439/2681/517
f 2408/2650/518 2443/2685/518 2444/2686/518
f 2444/2686/518 2409/2651/518 2408/2650/518
f 2445/2687/519 2446/2688/519 2447/2689/519
f 2447/2689/519 2448/2690/519 2445/2687/519
f 2410/2652/520 2449/2691/520 2450/2692/520
f 2450/2692/520 2411/2653/520 2410/2652/520
f 2451/2693/521 2452/2694/521 2453/2695/521
f 2453/2695/521 2454/2696/521 2451/2693/521
f 2412/2654/522 2455/2697/522 2456/2698/522
f 2456/2698/522 2413/2655/522 2412/2654/522
f 2457/2699/523 2458/2700/523 2459/2701/523
f 2459/2701/523 2460/2702/523 2457/2699/523
f 2414/2656/524 2461/2703/524 2462/2704/524
f 2462/2704/524 2415/2657/524 2414/2656/524
f 2463/2705/525 2464/2706/525 2465/2707/525
f 2465/2707/525 2466/2708/525 2463/2705/525
f 2416/2658/526 2467/2709/526 2468/2710/526
f 2468/2710/526 2417/2659/526 2416/2658/526
f 2469/2711/527 2470/2712/527 2471/2713/527
f 2471/2713/527 2472/2714/527 2469/2711/527
f 2418/2660/528 2473/2715/528 2474/2716/528
f 2474/2716/528 2419/2661/528 2418/2660/528
f 2475/2717/529 2476/2718/529 2477/2719/529
f 2477/2719/529 2478/2720/529 2475/2717/529
f 2420/2662/530 2479/2721/530 2480/2722/530
f 2480/2722/530 2421/2663/530 2420/2662/530
f 2481/2723/531 2482/2724/531 2483/2725/531
f 2483/2725/531 2484/2726/531 2481/2723/531
f 2422/2664/532 2485/2727/532 2486/2728/532
f 2486/2728/532 2423/2665/532 2422/2664/532
f 2487/2729/533 2488/2730/533 2489/2731/533
f 2489/2731/533 2490/2732/533 2487/2729/533
f 2424/2666/534 2491/2733/534 2492/2734/534
f 2492/2734/534 2425/2667/534 2424/2666/534
f 2493/2735/535 2494/2736/535 2495/2737/535
f 2495/2737/535 2496/2738/535 2493/2735/535
f 2426/2668/536 2497/2739/536 2498/2740/536
f 2498/2740/536 2403/2645/536 2426/2668/536
f 2498/2740/647 2499/2741/647 2500/2742/647
f 2500/2742/647 2431/2673/647 2498/2740/647
f 2431/2673/648 2500/2742/648 2501/2743/648
f 2501/2743/648 2432/2674/648 2431/2673/648
f 2432/2674/649 2501/2743/708 2502/2744/649
f 2502/2744/649 2437/2679/649 2432/2674/649
f 2437/2679/650 2502/2744/650 2503/2745/650
f 2503/2745/650 2438/2680/650 2437/2679/650
f 2438/2680/651 2503/2745/651 2504/2746/651
f 2504/2746/651 2443/2685/651 2438/2680/651
f 2443/2685/652 2504/2746/652 2505/2747/652
f 2505/2747/652 2444/2686/652 2443/2685/652
f 2444/2686/653 2505/2747/653 2506/2748/653
f 2506/2748/653 2449/2691/653 2444/2686/653
f 2449/2691/654 2506/2748/654 2507/2749/654
f 2507/2749/654 2450/2692/654 2449/2691/654
f 2450/2692/655 2507/2749/655 2508/2750/655
f 2508/2750/655 2455/2697/655 2450/2692/655
f 2455/2697/657 2508/2750/657 2509/2751/657
f 2509/2751/657 2456/2698/657 2455/2697/657
f 2456/2698/658 2509/2751/658 2510/2752/658
f 2510/2752/658 2461/2703/658 2456/2698/658
f 2461/2703/659 2510/2752/659 2511/2753/659
f 2511/2753/659 2462/2704/659 2461/2703/659
f 2462/2704/660 2511/2753/660 2512/2754/660
f 2512/2754/660 2467/2709/660 2462/2704/660
f 2467/2709/661 2512/2754/661 2513/2755/661
f 2513/2755/661 2468/2710/661 2467/2709/661
f 2468/2710/662 2513/2755/662 2514/2756/662
f 2514/2756/662 2473/2715/662 2468/2710/662
f 2473/2715/663 2514/2756/663 2515/2757/663
f 2515/2757/663 2474/2716/663 2473/2715/663
f 2474/2716/664 2515/2757/664 2516/2758/664
f 2516/2758/664 2479/2721/664 2474/2716/664
f 2479/2721/665 2516/2758/665 2517/2759/665
f 2517/2759/665 2480/2722/665 2479/2721/665
f 2480/2722/666 2517/2759/666 2518/2760/666
f 2518/2760/666 2485/2727/666 2480/2722/666
f 2485/2727/667 2518/2760/667 2519/2761/667
f 2519/2761/667 2486/2728/667 2485/2727/667
f 2486/2728/668 2519/2761/668 2520/2762/668
f 2520/2762/668 2491/2733/668 2486/2728/668
f 2491/2733/669 2520/2762/669 2521/2763/669
f 2521/2763/669 2492/2734/669 2491/2733/669
f 2492/2734/670 2521/2763/670 2522/2764/670
f 2522/2764/670 2497/2739/670 2492/2734/670
f 2497/2739/671 2522/2764/671 2499/2741/671
f 2499/2741/671 2498/2740/671 2497/2739/671
f 2503/2745/512 2523/2765/512 2524/2766/512
f 2523/2765/512 2503/2745/512 2502/2744/512
f 2525/2767/512 2523/2765/512 2502/2744/512
f 2525/2767/512 2502/2744/512 2501/2743/512
f 2526/2768/512 2525/2767/512 2501/2743/512
f 2526/2768/512 2501/2743/512 2500/2742/512
f 2527/2769/512 2526/2768/512 2500/2742/512
f 2527/2769/512 2500/2742/512 2499/2741/512
f 2528/2770/512 2527/2769/512 2499/2741/512
f 2528/2770/512 2499/2741/512 2522/2764/512
f 2529/2771/512 2528/2770/512 2522/2764/512
f 2529/2771/512 2522/2764/512 2521/2763/512
f 2530/2772/512 2529/2771/512 2521/2763/512
f 2530/2772/512 2521/2763/512 2520/2762/512
f 2531/2773/512 2530/2772/512 2520/2762/512
f 2531/2773/512 2520/2762/512 2519/2761/512
f 2532/2774/512 2531/2773/512 2519/2761/512
f 2532/2774/512 2519/2761/512 2518/2760/512
f 2533/2775/512 2532/2774/512 2518/2760/512
f 2533/2775/512 2518/2760/512 2517/2759/512
f 2534/2776/512 2533/2775/512 2517/2759/512
f 2534/2776/512 2517/2759/512 2516/2758/512
f 2535/2777/512 2534/2776/512 2516/2758/512
f 2535/2777/512 2516/2758/512 2515/2757/512
f 2536/2778/512 2535/2777/512 2515/2757/512
f 2536/2778/512 2515/2757/512 2514/2756/512
f 2537/2779/512 2536/2778/512 2514/2756/512
f 2537/2779/512 2514/2756/512 2513/2755/512
f 2538/2780/512 2537/2779/512 2513/2755/512
f 2538/2780/512 2513/2755/512 2512/2754/512
f 2539/2781/512 2538/2780/512 2512/2754/512
f 2539/2781/512 2512/2754/512 2511/2753/512
f 2540/2782/512 2539/2781/512 2511/2753/512
f 2540/2782/512 2511/2753/512 2510/2752/512
f 2541/2783/512 2540/2782/512 2510/2752/512
f 2541/2783/512 2510/2752/512 2509/2751/512
f 2542/2784/512 2541/2783/512 2509/2751/512
f 2542/2784/512 2509/2751/512 2508/2750/512
f 2543/2785/512 2542/2784/512 2508/2750/512
f 2543/2785/512 2508/2750/512 2507/2749/512
f 2544/2786/512 2543/2785/512 2507/2749/512
f 2544/2786/512 2507/2749/512 2506/2748/512
f 2545/2787/512 2544/2786/512 2506/2748/512
f 2545/2787/512 2506/2748/512 2505/2747/512
f 2546/2788/512 2545/2787/512 2505/2747/512
f 2546/2788/512 2505/2747/512 2504/2746/512
f 2524/2766/512 2546/2788/512 2504/2746/512
f 2503/2745/512 2524/2766/512 2504/2746/512
f 2528/2770/672 2547/2789/672 2548/2790/672
f 2548/2790/672 2527/2769/672 2528/2770/672
f 2527/2769/673 2548/2790/673 2549/2791/673
f 2549/2791/673 2526/2768/673 2527/2769/673
f 2526/2768/674 2549/2791/674 2550/2792/674
f 2550/2792/674 2525/2767/674 2526/2768/674
f 2525/2767/675 2550/2792/675 2551/2793/675
f 2551/2793/675 2523/2765/675 2525/2767/675
f 2523/2765/676 2551/2793/676 2552/2794/676
f 2552/2794/676 2524/2766/676 2523/2765/676
f 2524/2766/677 2552/2794/677 2553/2795/677
f 2553/2795/677 2546/2788/677 2524/2766/677
f 2546/2788/678 2553/2795/678 2554/2796/678
f 2554/2796/678 2545/2787/678 2546/2788/678
f 2545/2787/679 2554/2796/679 2555/2797/679
f 2555/2797/679 2544/2786/679 2545/2787/679
f 2544/2786/680 2555/2797/680 2556/2798/680
f 2556/2798/680 2543/2785/680 2544/2786/680
f 2543/2785/681 2556/2798/681 2557/2799/681
f 2557/2799/681 2542/2784/681 2543/2785/681
f 2542/2784/682 2557/2799/682 2558/2800/682
f 2558/2800/682 2541/2783/682 2542/2784/682
f 2541/2783/683 2558/2800/683 2559/2801/683
f 2559/2801/683 2540/2782/683 2541/2783/683
f 2540/2782/684 2559/2801/684 2560/2802/684
f 2560/2802/684 2539/2781/684 2540/2782/684
f 2539/2781/685 2560/2802/685 2561/2803/685
f 2561/2803/685 2538/2780/685 2539/2781/685
f 2538/2780/686 2561/2803/686 2562/2804/686
f 2562/2804/686 2537/2779/686 2538/2780/686
f 2537/2779/687 2562/2804/687 2563/2805/687
f 2563/2805/687 2536/2778/687 2537/2779/687
f 2536/2778/688 2563/2805/688 2564/2806/688
f 2564/2806/688 2535/2777/688 2536/2778/688
f 2535/2777/689 2564/2806/689 2565/2807/689
f 2565/2807/689 2534/2776/689 2535/2777/689
f 2534/2776/690 2565/2807/690 2566/2808/690
f 2566/2808/690 2533/2775/690 2534/2776/690
f 2533/2775/691 2566/2808/691 2567/2809/691
f 2567/2809/691 2532/2774/691 2533/2775/691
f 2532/2774/692 2567/2809/692 2568/2810/692
f 2568/2810/692 2531/2773/692 2532/2774/692
f 2531/2773/693 2568/2810/693 2569/2811/693
f 2569/2811/693 2530/2772/693 2531/2773/693
f 2530/2772/694 2569/2811/694 2570/2812/694
f 2570/2812/694 2529/2771/694 2530/2772/694
f 2529/2771/695 2570/2812/695 2547/2789/695
f 2547/2789/695 2528/2770/695 2529/2771/695
f 2403/2645/707 2427/2669/707 2430/2672/707
f 2430/2672/707 2404/2646/588 2403/2645/707
f 2404/2646/587 2430/2672/587 2429/2671/587
f 2429/2671/587 2431/2673/587 2404/2646/587
f 2431/2673/709 2429/2671/709 2428/2670/586
f 2428/2670/586 2498/2740/586 2431/2673/709
f 2498/2740/589 2428/2670/589 2427/2669/589
f 2427/2669/589 2403/2645/589 2498/2740/589
f 2405/2647/593 2433/2675/593 2436/2678/593
f 2436/2678/593 2406/2648/593 2405/2647/593
f 2406/2648/592 2436/2678/592 2435/2677/592
f 2435/2677/592 2437/2679/592 2406/2648/592
f 2437/2679/591 2435/2677/591 2434/2676/591
f 2434/2676/591 2432/2674/591 2437/2679/591
f 2432/2674/594 2434/2676/594 2433/2675/594
f 2433/2675/594 2405/2647/594 2432/2674/594
f 2407/2649/598 2439/2681/598 2442/2684/598
f 2442/2684/598 2408/2650/598 2407/2649/598
f 2408/2650/596 2442/2684/596 2441/2683/596
f 2441/2683/596 2443/2685/596 2408/2650/596
f 2443/2685/595 2441/2683/595 2440/2682/595
f 2440/2682/595 2438/2680/595 2443/2685/595
f 2438/2680/698 2440/2682/698 2439/2681/599
f 2439/2681/599 2407/2649/599 2438/2680/698
f 2409/2651/603 2445/2687/603 2448/2690/603
f 2448/2690/603 2410/2652/604 2409/2651/603
f 2410/2652/602 2448/2690/602 2447/2689/602
f 2447/2689/602 2449/2691/602 2410/2652/602
f 2449/2691/600 2447/2689/600 2446/2688/601
f 2446/2688/601 2444/2686/601 2449/2691/600
f 2444/2686/605 2446/2688/605 2445/2687/605
f 2445/2687/605 2409/2651/605 2444/2686/605
f 2411/2653/699 2451/2693/699 2454/2696/699
f 2454/2696/699 2412/2654/699 2411/2653/699
f 2412/2654/607 2454/2696/607 2453/2695/607
f 2453/2695/607 2455/2697/607 2412/2654/607
f 2455/2697/710 2453/2695/710 2452/2694/606
f 2452/2694/606 2450/2692/606 2455/2697/710
f 2450/2692/609 2452/2694/609 2451/2693/609
f 2451/2693/609 2411/2653/609 2450/2692/609
f 2413/2655/614 2457/2699/614 2460/2702/613
f 2460/2702/613 2414/2656/613 2413/2655/614
f 2414/2656/612 2460/2702/612 2459/2701/612
f 2459/2701/612 2461/2703/612 2414/2656/612
f 2461/2703/610 2459/2701/711 2458/2700/610
f 2458/2700/610 2456/2698/610 2461/2703/610
f 2456/2698/616 2458/2700/616 2457/2699/616
f 2457/2699/616 2413/2655/616 2456/2698/616
f 2415/2657/700 2463/2705/619 2466/2708/700
f 2466/2708/700 2416/2658/700 2415/2657/700
f 2416/2658/618 2466/2708/618 2465/2707/618
f 2465/2707/618 2467/2709/618 2416/2658/618
f 2467/2709/617 2465/2707/617 2464/2706/617
f 2464/2706/617 2462/2704/617 2467/2709/617
f 2462/2704/620 2464/2706/620 2463/2705/620
f 2463/2705/620 2415/2657/620 2462/2704/620
f 2417/2659/624 2469/2711/624 2472/2714/623
f 2472/2714/623 2418/2660/623 2417/2659/624
f 2418/2660/622 2472/2714/622 2471/2713/622
f 2471/2713/622 2473/2715/622 2418/2660/622
f 2473/2715/621 2471/2713/621 2470/2712/621
f 2470/2712/621 2468/2710/712 2473/2715/621
f 2468/2710/625 2470/2712/625 2469/2711/625
f 2469/2711/625 2417/2659/625 2468/2710/625
f 2419/2661/629 2475/2717/629 2478/2720/629
f 2478/2720/629 2420/2662/701 2419/2661/629
f 2420/2662/628 2478/2720/628 2477/2719/628
f 2477/2719/628 2479/2721/628 2420/2662/628
f 2479/2721/626 2477/2719/626 2476/2718/626
f 2476/2718/626 2474/2716/626 2479/2721/626
f 2474/2716/630 2476/2718/630 2475/2717/630
f 2475/2717/630 2419/2661/630 2474/2716/630
f 2421/2663/703 2481/2723/703 2484/2726/633
f 2484/2726/633 2422/2664/633 2421/2663/703
f 2422/2664/632 2484/2726/632 2483/2725/632
f 2483/2725/632 2485/2727/632 2422/2664/632
f 2485/2727/631 2483/2725/631 2482/2724/631
f 2482/2724/631 2480/2722/704 2485/2727/631
f 2480/2722/634 2482/2724/634 2481/2723/634
f 2481/2723/634 2421/2663/634 2480/2722/634
f 2423/2665/705 2487/2729/705 2490/2732/705
f 2490/2732/705 2424/2666/705 2423/2665/705
f 2424/2666/637 2490/2732/637 2489/2731/637
f 2489/2731/637 2491/2733/637 2424/2666/637
f 2491/2733/635 2489/2731/635 2488/2730/635
f 2488/2730/635 2486/2728/635 2491/2733/635
f 2486/2728/639 2488/2730/639 2487/2729/639
f 2487/2729/639 2423/2665/639 2486/2728/639
f 2425/2667/643 2493/2735/643 2496/2738/643
f 2496/2738/643 2426/2668/643 2425/2667/643
f 2426/2668/642 2496/2738/642 2495/2737/642
f 2495/2737/642 2497/2739/642 2426/2668/642
f 2497/2739/713 2495/2737/714 2494/2736/641
f 2494/2736/641 2492/2734/641 2497/2739/713
f 2492/2734/646 2494/2736/646 2493/2735/645
f 2493/2735/645 2425/2667/645 2492/2734/646
f 2571/2813/512 2572/2814/512 2573/2815/512
f 2573/2815/512 2574/2816/512 2575/2817/512
f 2571/2813/512 2573/2815/512 2575/2817/512
f 2575/2817/512 2576/2818/512 2577/2819/512
f 2571/2813/512 2575/2817/512 2577/2819/512
f 2578/2820/512 2571/2813/512 2577/2819/512
f 2395/2637/561 2579/2821/561 2580/2822/561
f 2580/2822/561 2396/2638/561 2395/2637/561
f 2396/2638/561 2580/2822/561 2581/2823/561
f 2581/2823/561 2397/2639/561 2396/2638/561
f 2397/2639/561 2581/2823/561 2582/2824/561
f 2582/2824/561 2398/2640/561 2397/2639/561
f 2398/2640/561 2582/2824/561 2583/2825/561
f 2583/2825/561 2399/2641/561 2398/2640/561
f 2399/2641/561 2583/2825/561 2584/2826/561
f 2584/2826/561 2400/2642/561 2399/2641/561
f 2400/2642/561 2584/2826/561 2585/2827/561
f 2585/2827/561 2401/2643/561 2400/2642/561
f 2401/2643/561 2585/2827/561 2586/2828/561
f 2586/2828/561 2402/2644/561 2401/2643/561
f 2402/2644/561 2586/2828/561 2579/2821/561
f 2579/2821/561 2395/2637/561 2402/2644/561
f 2579/2821/514 2577/2819/514 2576/2818/514
f 2576/2818/514 2580/2822/514 2579/2821/514
f 2580/2822/517 2576/2818/517 2575/2817/517
f 2575/2817/517 2581/2823/517 2580/2822/517
f 2581/2823/520 2575/2817/520 2574/2816/520
f 2574/2816/520 2582/2824/520 2581/2823/520
f 2582/2824/523 2574/2816/523 2573/2815/523
f 2573/2815/523 2583/2825/523 2582/2824/523
f 2583/2825/526 2573/2815/526 2572/2814/526
f 2572/2814/526 2584/2826/526 2583/2825/526
f 2584/2826/529 2572/2814/529 2571/2813/529
f 2571/2813/529 2585/2827/529 2584/2826/529
f 2585/2827/532 2571/2813/532 2578/2820/532
f 2578/2820/532 2586/2828/532 2585/2827/532
f 2586/2828/535 2578/2820/535 2577/2819/535
f 2577/2819/535 2579/2821/535 2586/2828/535
f 2393/2635/532 2391/2633/532 2401/2643/532
f 2401/2643/532 2402/2644/532 2393/2635/532
f 2587/2829/561 2588/2830/561 2589/2831/561
f 2589/2831/561 2590/2832/561 2591/2833/561
f 2591/2833/561 2592/2834/561 2593/2835/561
f 2589/2831/561 2591/2833/561 2593/2835/561
f 2593/2835/561 2594/2836/561 2595/2837/561
f 2595/2837/561 2596/2838/561 2597/2839/561
f 2593/2835/561 2595/2837/561 2597/2839/561
f 2597/2839/561 2598/2840/561 2599/2841/561
f 2599/2841/561 2600/2842/561 2601/2843/561
f 2597/2839/561 2599/2841/561 2601/2843/561
f 2593/2835/561 2597/2839/561 2601/2843/561
f 2601/2843/561 2602/2844/561 2603/2845/561
f 2603/2845/561 2604/2846/561 2605/2847/561
f 2601/2843/561 2603/2845/561 2605/2847/561
f 2605/2847/561 2606/2848/561 2607/2849/561
f 2607/2849/561 2608/2850/561 2609/2851/561
f 2605/2847/561 2607/2849/561 2609/2851/561
f 2601/2843/561 2605/2847/561 2609/2851/561
f 2593/2835/561 2601/2843/561 2609/2851/561
f 2589/2831/561 2593/2835/561 2609/2851/561
f 2587/2829/561 2589/2831/561 2609/2851/561
f 2610/2852/561 2587/2829/561 2609/2851/561
f 2611/2853/561 2612/2854/561 2613/2855/561
f 2613/2855/561 2614/2856/561 2611/2853/561
f 2612/2854/561 2615/2857/561 2616/2858/561
f 2616/2858/561 2613/2855/561 2612/2854/561
f 2615/2857/561 2617/2859/561 2618/2860/561
f 2618/2860/561 2616/2858/561 2615/2857/561
f 2617/2859/561 2619/2861/561 2620/2862/561
f 2620/2862/561 2618/2860/561 2617/2859/561
f 2619/2861/561 2621/2863/561 2622/2864/561
f 2622/2864/561 2620/2862/561 2619/2861/561
f 2621/2863/561 2623/2865/561 2624/2866/561
f 2624/2866/561 2622/2864/561 2621/2863/561
f 2623/2865/561 2625/2867/561 2626/2868/561
f 2626/2868/561 2624/2866/561 2623/2865/561
f 2625/2867/561 2627/2869/561 2628/2870/561
f 2628/2870/561 2626/2868/561 2625/2867/561
f 2627/2869/561 2629/2871/561 2630/2872/561
f 2630/2872/561 2628/2870/561 2627/2869/561
f 2629/2871/561 2631/2873/561 2632/2874/561
f 2632/2874/561 2630/2872/561 2629/2871/561
f 2631/2873/561 2633/2875/561 2634/2876/561
f 2634/2876/561 2632/2874/561 2631/2873/561
f 2633/2875/561 2635/2877/561 2636/2878/561
f 2636/2878/561 2634/2876/561 2633/2875/561
f 2635/2877/561 2637/2879/561 2638/2880/561
f 2638/2880/561 2636/2878/561 2635/2877/561
f 2637/2879/561 2639/2881/561 2640/2882/561
f 2640/2882/561 2638/2880/561 2637/2879/561
f 2639/2881/561 2641/2883/561 2642/2884/561
f 2642/2884/561 2640/2882/561 2639/2881/561
f 2641/2883/561 2643/2885/561 2644/2886/561
f 2644/2886/561 2642/2884/561 2641/2883/561
f 2643/2885/561 2645/2887/561 2646/2888/561
f 2646/2888/561 2644/2886/561 2643/2885/561
f 2645/2887/561 2647/2889/561 2648/2890/561
f 2648/2890/561 2646/2888/561 2645/2887/561
f 2647/2889/561 2649/2891/561 2650/2892/561
f 2650/2892/561 2648/2890/561 2647/2889/561
f 2649/2891/561 2651/2893/561 2652/2894/561
f 2652/2894/561 2650/2892/561 2649/2891/561
f 2651/2893/561 2653/2895/561 2654/2896/561
f 2654/2896/561 2652/2894/561 2651/2893/561
f 2653/2895/561 2655/2897/561 2656/2898/561
f 2656/2898/561 2654/2896/561 2653/2895/561
f 2655/2897/561 2657/2899/561 2658/2900/561
f 2658/2900/561 2656/2898/561 2655/2897/561
f 2657/2899/561 2611/2853/561 2614/2856/561
f 2614/2856/561 2658/2900/561 2657/2899/561
f 2614/2856/524 2613/2855/524 2659/2901/524
f 2659/2901/524 2660/2902/524 2614/2856/524
f 2613/2855/525 2616/2858/525 2661/2903/525
f 2661/2903/525 2659/2901/525 2613/2855/525
f 2616/2858/526 2618/2860/526 2662/2904/526
f 2662/2904/526 2661/2903/526 2616/2858/526
f 2618/2860/527 2620/2862/527 2663/2905/527
f 2663/2905/527 2662/2904/527 2618/2860/527
f 2620/2862/528 2622/2864/528 2664/2906/528
f 2664/2906/528 2663/2905/528 2620/2862/528
f 2622/2864/529 2624/2866/529 2665/2907/529
f 2665/2907/529 2664/2906/529 2622/2864/529
f 2624/2866/530 2626/2868/530 2666/2908/530
f 2666/2908/530 2665/2907/530 2624/2866/530
f 2626/2868/531 2628/2870/531 2667/2909/531
f 2667/2909/531 2666/2908/531 2626/2868/531
f 2628/2870/532 2630/2872/532 2668/2910/532
f 2668/2910/532 2667/2909/532 2628/2870/532
f 2630/2872/533 2632/2874/533 2669/2911/533
f 2669/2911/533 2668/2910/533 2630/2872/533
f 2632/2874/534 2634/2876/534 2670/2912/534
f 2670/2912/534 2669/2911/534 2632/2874/534
f 2634/2876/535 2636/2878/535 2671/2913/535
f 2671/2913/535 2670/2912/535 2634/2876/535
f 2636/2878/536 2638/2880/536 2672/2914/536
f 2672/2914/536 2671/2913/536 2636/2878/536
f 2638/2880/513 2640/2882/513 2673/2915/513
f 2673/2915/513 2672/2914/513 2638/2880/513
f 2640/2882/514 2642/2884/514 2674/2916/514
f 2674/2916/514 2673/2915/514 2640/2882/514
f 2642/2884/515 2644/2886/515 2675/2917/515
f 2675/2917/515 2674/2916/515 2642/2884/515
f 2644/2886/516 2646/2888/516 2676/2918/516
f 2676/2918/516 2675/2917/516 2644/2886/516
f 2646/2888/517 2648/2890/517 2677/2919/517
f 2677/2919/517 2676/2918/517 2646/2888/517
f 2648/2890/518 2650/2892/518 2678/2920/518
f 2678/2920/518 2677/2919/518 2648/2890/518
f 2650/2892/519 2652/2894/519 2679/2921/519
f 2679/2921/519 2678/2920/519 2650/2892/519
f 2652/2894/520 2654/2896/520 2680/2922/520
f 2680/2922/520 2679/2921/520 2652/2894/520
f 2654/2896/521 2656/2898/521 2681/2923/521
f 2681/2923/521 2680/2922/521 2654/2896/521
f 2656/2898/522 2658/2900/522 2682/2924/522
f 2682/2924/522 2681/2923/522 2656/2898/522
f 2658/2900/523 2614/2856/523 2660/2902/523
f 2660/2902/523 2682/2924/523 2658/2900/523
f 2666/2908/561 2667/2909/561 2683/2925/561
f 2666/2908/561 2683/2925/561 2684/2926/561
f 2665/2907/561 2666/2908/561 2684/2926/561
f 2665/2907/561 2684/2926/561 2685/2927/561
f 2664/2906/561 2665/2907/561 2685/2927/561
f 2664/2906/561 2685/2927/561 2686/2928/561
f 2663/2905/561 2664/2906/561 2686/2928/561
f 2663/2905/561 2686/2928/561 2687/2929/561
f 2662/2904/561 2663/2905/561 2687/2929/561
f 2662/2904/561 2687/2929/561 2688/2930/561
f 2661/2903/561 2662/2904/561 2688/2930/561
f 2661/2903/561 2688/2930/561 2689/2931/561
f 2659/2901/561 2661/2903/561 2689/2931/561
f 2659/2901/561 2689/2931/561 2690/2932/561
f 2660/2902/561 2659/2901/561 2690/2932/561
f 2660/2902/561 2690/2932/561 2691/2933/561
f 2682/2924/561 2660/2902/561 2691/2933/561
f 2682/2924/561 2691/2933/561 2692/2934/561
f 2681/2923/561 2682/2924/561 2692/2934/561
f 2681/2923/561 2692/2934/561 2693/2935/561
f 2680/2922/561 2681/2923/561 2693/2935/561
f 2680/2922/561 2693/2935/561 2694/2936/561
f 2679/2921/561 2680/2922/561 2694/2936/561
f 2679/2921/561 2694/2936/561 2695/2937/561
f 2678/2920/561 2679/2921/561 2695/2937/561
f 2678/2920/561 2695/2937/561 2696/2938/561
f 2677/2919/561 2678/2920/561 2696/2938/561
f 2677/2919/561 2696/2938/561 2697/2939/561
f 2676/2918/561 2677/2919/561 2697/2939/561
f 2676/2918/561 2697/2939/561 2698/2940/561
f 2675/2917/561 2676/2918/561 2698/2940/561
f 2675/2917/561 2698/2940/561 2699/2941/561
f 2674/2916/561 2675/2917/561 2699/2941/561
f 2674/2916/561 2699/2941/561 2700/2942/561
f 2673/2915/561 2674/2916/561 2700/2942/561
f 2673/2915/561 2700/2942/561 2701/2943/561
f 2672/2914/561 2673/2915/561 2701/2943/561
f 2672/2914/561 2701/2943/561 2702/2944/561
f 2671/2913/561 2672/2914/561 2702/2944/561
f 2671/2913/561 2702/2944/561 2703/2945/561
f 2670/2912/561 2671/2913/561 2703/2945/561
f 2670/2912/561 2703/2945/561 2704/2946/561
f 2669/2911/561 2670/2912/561 2704/2946/561
f 2669/2911/561 2704/2946/561 2705/2947/561
f 2668/2910/561 2669/2911/561 2705/2947/561
f 2668/2910/561 2705/2947/561 2706/2948/561
f 2667/2909/561 2668/2910/561 2706/2948/561
f 2667/2909/561 2706/2948/561 2683/2925/561
f 2691/2933/536 2690/2932/536 2707/2949/536
f 2707/2949/536 2708/2950/536 2691/2933/536
f 2690/2932/513 2689/2931/513 2709/2951/513
f 2709/2951/513 2707/2949/513 2690/2932/513
f 2689/2931/514 2688/2930/514 2710/2952/514
f 2710/2952/514 2709/2951/514 2689/2931/514
f 2688/2930/515 2687/2929/515 2711/2953/515
f 2711/2953/515 2710/2952/515 2688/2930/515
f 2687/2929/516 2686/2928/516 2712/2954/516
f 2712/2954/516 2711/2953/516 2687/2929/516
f 2686/2928/517 2685/2927/517 2713/2955/517
f 2713/2955/517 2712/2954/517 2686/2928/517
f 2685/2927/518 2684/2926/518 2714/2956/518
f 2714/2956/518 2713/2955/518 2685/2927/518
f 2684/2926/519 2683/2925/519 2715/2957/519
f 2715/2957/519 2714/2956/519 2684/2926/519
f 2683/2925/520 2706/2948/520 2716/2958/520
f 2716/2958/520 2715/2957/520 2683/2925/520
f 2706/2948/521 2705/2947/715 2717/2959/521
f 2717/2959/521 2716/2958/521 2706/2948/521
f 2705/2947/716 2704/2946/716 2718/2960/716
f 2718/2960/716 2717/2959/716 2705/2947/716
f 2704/2946/523 2703/2945/523 2719/2961/523
f 2719/2961/523 2718/2960/523 2704/2946/523
f 2703/2945/524 2702/2944/524 2720/2962/524
f 2720/2962/524 2719/2961/524 2703/2945/524
f 2702/2944/525 2701/2943/525 2721/2963/525
f 2721/2963/525 2720/2962/525 2702/2944/525
f 2701/2943/526 2700/2942/526 2722/2964/526
f 2722/2964/526 2721/2963/526 2701/2943/526
f 2700/2942/527 2699/2941/527 2723/2965/527
f 2723/2965/527 2722/2964/527 2700/2942/527
f 2699/2941/528 2698/2940/528 2724/2966/528
f 2724/2966/528 2723/2965/528 2699/2941/528
f 2698/2940/529 2697/2939/529 2725/2967/529
f 2725/2967/529 2724/2966/529 2698/2940/529
f 2697/2939/530 2696/2938/530 2726/2968/530
f 2726/2968/530 2725/2967/530 2697/2939/530
f 2696/2938/531 2695/2937/531 2727/2969/531
f 2727/2969/531 2726/2968/531 2696/2938/531
f 2695/2937/532 2694/2936/532 2728/2970/532
f 2728/2970/532 2727/2969/532 2695/2937/532
f 2694/2936/533 2693/2935/533 2729/2971/533
f 2729/2971/533 2728/2970/533 2694/2936/533
f 2693/2935/534 2692/2934/534 2730/2972/534
f 2730/2972/534 2729/2971/717 2693/2935/534
f 2692/2934/535 2691/2933/535 2708/2950/535
f 2708/2950/535 2730/2972/535 2692/2934/535
f 2708/2950/718 2707/2949/718 2587/2829/718
f 2587/2829/718 2610/2852/718 2708/2950/718
f 2707/2949/719 2709/2951/719 2588/2830/719
f 2588/2830/719 2587/2829/719 2707/2949/719
f 2709/2951/720 2710/2952/720 2589/2831/720
f 2589/2831/720 2588/2830/720 2709/2951/720
f 2710/2952/721 2711/2953/721 2590/2832/721
f 2590/2832/721 2589/2831/721 2710/2952/721
f 2711/2953/722 2712/2954/722 2591/2833/722
f 2591/2833/722 2590/2832/722 2711/2953/722
f 2712/2954/723 2713/2955/723 2592/2834/723
f 2592/2834/723 2591/2833/723 2712/2954/723
f 2713/2955/724 2714/2956/724 2593/2835/724
f 2593/2835/724 2592/2834/724 2713/2955/724
f 2714/2956/725 2715/2957/725 2594/2836/725
f 2594/2836/725 2593/2835/725 2714/2956/725
f 2715/2957/726 2716/2958/726 2595/2837/726
f 2595/2837/726 2594/2836/726 2715/2957/726
f 2716/2958/727 2717/2959/727 2596/2838/727
f 2596/2838/727 2595/2837/727 2716/2958/727
f 2717/2959/728 2718/2960/728 2597/2839/728
f 2597/2839/728 2596/2838/729 2717/2959/728
f 2718/2960/730 2719/2961/730 2598/2840/730
f 2598/2840/730 2597/2839/730 2718/2960/730
f 2719/2961/731 2720/2962/732 2599/2841/731
f 2599/2841/731 2598/2840/731 2719/2961/731
f 2720/2962/733 2721/2963/733 2600/2842/733
f 2600/2842/733 2599/2841/733 2720/2962/733
f 2721/2963/734 2722/2964/734 2601/2843/734
f 2601/2843/734 2600/2842/734 2721/2963/734
f 2722/2964/735 2723/2965/735 2602/2844/735
f 2602/2844/735 2601/2843/735 2722/2964/735
f 2723/2965/736 2724/2966/736 2603/2845/736
f 2603/2845/736 2602/2844/736 2723/2965/736
f 2724/2966/737 2725/2967/737 2604/2846/737
f 2604/2846/737 2603/2845/737 2724/2966/737
f 2725/2967/738 2726/2968/738 2605/2847/738
f 2605/2847/738 2604/2846/738 2725/2967/738
f 2726/2968/739 2727/2969/739 2606/2848/739
f 2606/2848/739 2605/2847/739 2726/2968/739
f 2727/2969/740 2728/2970/740 2607/2849/740
f 2607/2849/740 2606/2848/740 2727/2969/740
f 2728/2970/741 2729/2971/741 2608/2850/741
f 2608/2850/741 2607/2849/741 2728/2970/741
f 2729/2971/742 2730/2972/742 2609/2851/742
f 2609/2851/742 2608/2850/742 2729/2971/742
f 2730/2972/743 2708/2950/743 2610/2852/743
f 2610/2852/743 2609/2851/743 2730/2972/743
f 2731/2973/512 2732/2974/744 2733/2975/512
f 2733/2975/512 2734/2976/512 2735/2977/512
f 2731/2973/512 2733/2975/512 2735/2977/512
f 2735/2977/512 2736/2978/744 2737/2979/512
f 2737/2979/512 2738/2980/512 2739/2981/512
f 2735/2977/512 2737/2979/512 2739/2981/512
f 2731/2973/512 2735/2977/512 2739/2981/512
f 2739/2981/512 2740/2982/512 2741/2983/512
f 2741/2983/512 2742/2984/512 2743/2985/512
f 2739/2981/512 2741/2983/512 2743/2985/512
f 2743/2985/512 2744/2986/512 2745/2987/512
f 2745/2987/512 2746/2988/512 2747/2989/512
f 2743/2985/512 2745/2987/512 2747/2989/512
f 2739/2981/512 2743/2985/512 2747/2989/512
f 2731/2973/512 2739/2981/512 2747/2989/512
f 2747/2989/512 2748/2990/745 2749/2991/512
f 2749/2991/512 2750/2992/512 2751/2993/512
f 2747/2989/512 2749/2991/512 2751/2993/512
f 2731/2973/512 2747/2989/512 2751/2993/512
f 2751/2993/512 2752/2994/512 2753/2995/512
f 2731/2973/512 2751/2993/512 2753/2995/512
f 2754/2996/512 2731/2973/512 2753/2995/512
f 2755/2997/512 2756/2998/512 2757/2999/512
f 2757/2999/512 2758/3000/512 2755/2997/512
f 2758/3000/512 2757/2999/512 2759/3001/512
f 2759/3001/512 2760/3002/512 2758/3000/512
f 2760/3002/512 2759/3001/512 2761/3003/512
f 2761/3003/512 2762/3004/512 2760/3002/512
f 2762/3004/512 2761/3003/512 2763/3005/512
f 2763/3005/512 2764/3006/512 2762/3004/512
f 2764/3006/512 2763/3005/512 2765/3007/512
f 2765/3007/512 2766/3008/512 2764/3006/512
f 2766/3008/512 2765/3007/512 2767/3009/512
f 2767/3009/512 2768/3010/512 2766/3008/512
f 2768/3010/512 2767/3009/512 2769/3011/512
f 2769/3011/512 2770/3012/512 2768/3010/512
f 2770/3012/512 2769/3011/512 2771/3013/512
f 2771/3013/512 2772/3014/512 2770/3012/512
f 2772/3014/512 2771/3013/512 2773/3015/512
f 2773/3015/512 2774/3016/512 2772/3014/512
f 2774/3016/512 2773/3015/512 2775/3017/512
f 2775/3017/512 2776/3018/512 2774/3016/512
f 2776/3018/512 2775/3017/512 2777/3019/512
f 2777/3019/512 2778/3020/512 2776/3018/512
f 2778/3020/512 2777/3019/512 2779/3021/512
f 2779/3021/512 2780/3022/512 2778/3020/512
f 2780/3022/512 2779/3021/512 2781/3023/512
f 2781/3023/512 2782/3024/512 2780/3022/512
f 2782/3024/512 2781/3023/512 2783/3025/512
f 2783/3025/512 2784/3026/512 2782/3024/512
f 2784/3026/512 2783/3025/512 2785/3027/512
f 2785/3027/512 2786/3028/512 2784/3026/512
f 2786/3028/512 2785/3027/512 2787/3029/512
f 2787/3029/512 2788/3030/512 2786/3028/512
f 2788/3030/512 2787/3029/512 2789/3031/512
f 2789/3031/512 2790/3032/512 2788/3030/512
f 2790/3032/512 2789/3031/512 2791/3033/512
f 2791/3033/512 2792/3034/512 2790/3032/512
f 2792/3034/512 2791/3033/512 2793/3035/512
f 2793/3035/512 2794/3036/512 2792/3034/512
f 2794/3036/512 2793/3035/512 2795/3037/512
f 2795/3037/512 2796/3038/512 2794/3036/512
f 2796/3038/512 2795/3037/512 2797/3039/512
f 2797/3039/512 2798/3040/512 2796/3038/512
f 2798/3040/512 2797/3039/512 2799/3041/512
f 2799/3041/512 2800/3042/512 2798/3040/512
f 2800/3042/512 2799/3041/512 2801/3043/512
f 2801/3043/512 2802/3044/512 2800/3042/512
f 2802/3044/512 2801/3043/512 2756/2998/512
f 2756/2998/512 2755/2997/512 2802/3044/512
f 2756/2998/524 2803/3045/524 2804/3046/524
f 2804/3046/524 2757/2999/524 2756/2998/524
f 2757/2999/525 2804/3046/525 2805/3047/525
f 2805/3047/525 2759/3001/525 2757/2999/525
f 2759/3001/526 2805/3047/526 2806/3048/526
f 2806/3048/526 2761/3003/526 2759/3001/526
f 2761/3003/527 2806/3048/746 2807/3049/527
f 2807/3049/527 2763/3005/527 2761/3003/527
f 2763/3005/528 2807/3049/528 2808/3050/528
f 2808/3050/528 2765/3007/528 2763/3005/528
f 2765/3007/529 2808/3050/529 2809/3051/529
f 2809/3051/529 2767/3009/529 2765/3007/529
f 2767/3009/530 2809/3051/530 2810/3052/530
f 2810/3052/530 2769/3011/530 2767/3009/530
f 2769/3011/531 2810/3052/531 2811/3053/531
f 2811/3053/531 2771/3013/531 2769/3011/531
f 2771/3013/532 2811/3053/532 2812/3054/532
f 2812/3054/532 2773/3015/532 2771/3013/532
f 2773/3015/533 2812/3054/533 2813/3055/533
f 2813/3055/533 2775/3017/533 2773/3015/533
f 2775/3017/534 2813/3055/534 2814/3056/534
f 2814/3056/534 2777/3019/534 2775/3017/534
f 2777/3019/535 2814/3056/535 2815/3057/535
f 2815/3057/535 2779/3021/535 2777/3019/535
f 2779/3021/536 2815/3057/536 2816/3058/536
f 2816/3058/536 2781/3023/536 2779/3021/536
f 2781/3023/513 2816/3058/513 2817/3059/513
f 2817/3059/513 2783/3025/513 2781/3023/513
f 2783/3025/514 2817/3059/514 2818/3060/514
f 2818/3060/514 2785/3027/514 2783/3025/514
f 2785/3027/515 2818/3060/515 2819/3061/515
f 2819/3061/515 2787/3029/515 2785/3027/515
f 2787/3029/747 2819/3061/747 2820/3062/516
f 2820/3062/516 2789/3031/516 2787/3029/747
f 2789/3031/517 2820/3062/517 2821/3063/517
f 2821/3063/517 2791/3033/517 2789/3031/517
f 2791/3033/518 2821/3063/518 2822/3064/518
f 2822/3064/518 2793/3035/518 2791/3033/518
f 2793/3035/519 2822/3064/519 2823/3065/519
f 2823/3065/519 2795/3037/519 2793/3035/519
f 2795/3037/520 2823/3065/520 2824/3066/520
f 2824/3066/520 2797/3039/520 2795/3037/520
f 2797/3039/521 2824/3066/521 2825/3067/521
f 2825/3067/521 2799/3041/521 2797/3039/521
f 2799/3041/522 2825/3067/522 2826/3068/522
f 2826/3068/522 2801/3043/522 2799/3041/522
f 2801/3043/523 2826/3068/523 2803/3045/523
f 2803/3045/523 2756/2998/523 2801/3043/523
f 2811/3053/512 2827/3069/512 2828/3070/512
f 2827/3069/512 2811/3053/512 2810/3052/512
f 2829/3071/512 2827/3069/512 2810/3052/512
f 2829/3071/512 2810/3052/512 2809/3051/512
f 2830/3072/512 2829/3071/512 2809/3051/512
f 2830/3072/512 2809/3051/512 2808/3050/512
f 2831/3073/512 2830/3072/512 2808/3050/512
f 2831/3073/512 2808/3050/512 2807/3049/512
f 2832/3074/512 2831/3073/512 2807/3049/512
f 2832/3074/512 2807/3049/512 2806/3048/512
f 2833/3075/512 2832/3074/512 2806/3048/512
f 2833/3075/512 2806/3048/512 2805/3047/512
f 2834/3076/512 2833/3075/512 2805/3047/512
f 2834/3076/512 2805/3047/512 2804/3046/512
f 2835/3077/512 2834/3076/512 2804/3046/512
f 2835/3077/512 2804/3046/512 2803/3045/512
f 2836/3078/512 2835/3077/512 2803/3045/512
f 2836/3078/512 2803/3045/512 2826/3068/512
f 2837/3079/512 2836/3078/512 2826/3068/512
f 2837/3079/512 2826/3068/512 2825/3067/512
f 2838/3080/512 2837/3079/512 2825/3067/512
f 2838/3080/512 2825/3067/512 2824/3066/512
f 2839/3081/512 2838/3080/512 2824/3066/512
f 2839/3081/512 2824/3066/512 2823/3065/512
f 2840/3082/512 2839/3081/512 2823/3065/512
f 2840/3082/512 2823/3065/512 2822/3064/512
f 2841/3083/512 2840/3082/512 2822/3064/512
f 2841/3083/512 2822/3064/512 2821/3063/512
f 2842/3084/512 2841/3083/512 2821/3063/512
f 2842/3084/512 2821/3063/512 2820/3062/512
f 2843/3085/512 2842/3084/512 2820/3062/512
f 2843/3085/512 2820/3062/512 2819/3061/512
f 2844/3086/512 2843/3085/512 2819/3061/512
f 2844/3086/512 2819/3061/512 2818/3060/512
f 2845/3087/512 2844/3086/512 2818/3060/512
f 2845/3087/512 2818/3060/512 2817/3059/512
f 2846/3088/512 2845/3087/512 2817/3059/512
f 2846/3088/512 2817/3059/512 2816/3058/512
f 2847/3089/512 2846/3088/512 2816/3058/512
f 2847/3089/512 2816/3058/512 2815/3057/512
f 2848/3090/512 2847/3089/512 2815/3057/512
f 2848/3090/512 2815/3057/512 2814/3056/512
f 2849/3091/512 2848/3090/512 2814/3056/512
f 2849/3091/512 2814/3056/512 2813/3055/512
f 2850/3092/512 2849/3091/512 2813/3055/512
f 2850/3092/512 2813/3055/512 2812/3054/512
f 2828/3070/512 2850/3092/512 2812/3054/512
f 2811/3053/512 2828/3070/512 2812/3054/512
f 2836/3078/536 2851/3093/536 2852/3094/536
f 2852/3094/536 2835/3077/536 2836/3078/536
f 2835/3077/513 2852/3094/513 2853/3095/513
f 2853/3095/513 2834/3076/513 2835/3077/513
f 2834/3076/514 2853/3095/514 2854/3096/514
f 2854/3096/514 2833/3075/514 2834/3076/514
f 2833/3075/515 2854/3096/515 2855/3097/515
f 2855/3097/515 2832/3074/515 2833/3075/515
f 2832/3074/516 2855/3097/516 2856/3098/516
f 2856/3098/516 2831/3073/516 2832/3074/516
f 2831/3073/517 2856/3098/517 2857/3099/517
f 2857/3099/517 2830/3072/517 2831/3073/517
f 2830/3072/518 2857/3099/518 2858/3100/518
f 2858/3100/518 2829/3071/518 2830/3072/518
f 2829/3071/519 2858/3100/519 2859/3101/519
f 2859/3101/519 2827/3069/519 2829/3071/519
f 2827/3069/520 2859/3101/520 2860/3102/520
f 2860/3102/520 2828/3070/520 2827/3069/520
f 2828/3070/715 2860/3102/521 2861/3103/715
f 2861/3103/715 2850/3092/715 2828/3070/715
f 2850/3092/716 2861/3103/716 2862/3104/522
f 2862/3104/522 2849/3091/522 2850/3092/716
f 2849/3091/523 2862/3104/523 2863/3105/523
f 2863/3105/523 2848/3090/523 2849/3091/523
f 2848/3090/524 2863/3105/524 2864/3106/524
f 2864/3106/524 2847/3089/524 2848/3090/524
f 2847/3089/525 2864/3106/525 2865/3107/525
f 2865/3107/525 2846/3088/525 2847/3089/525
f 2846/3088/526 2865/3107/526 2866/3108/526
f 2866/3108/526 2845/3087/526 2846/3088/526
f 2845/3087/527 2866/3108/527 2867/3109/527
f 2867/3109/527 2844/3086/527 2845/3087/527
f 2844/3086/528 2867/3109/528 2868/3110/748
f 2868/3110/748 2843/3085/748 2844/3086/528
f 2843/3085/529 2868/3110/529 2869/3111/529
f 2869/3111/529 2842/3084/529 2843/3085/529
f 2842/3084/530 2869/3111/530 2870/3112/530
f 2870/3112/530 2841/3083/530 2842/3084/530
f 2841/3083/531 2870/3112/531 2871/3113/531
f 2871/3113/531 2840/3082/531 2841/3083/531
f 2840/3082/532 2871/3113/532 2872/3114/532
f 2872/3114/532 2839/3081/532 2840/3082/532
f 2839/3081/533 2872/3114/533 2873/3115/533
f 2873/3115/533 2838/3080/749 2839/3081/533
f 2838/3080/534 2873/3115/534 2874/3116/534
f 2874/3116/534 2837/3079/534 2838/3080/534
f 2837/3079/535 2874/3116/535 2851/3093/535
f 2851/3093/535 2836/3078/535 2837/3079/535
f 2851/3093/750 2754/2996/750 2753/2995/750
f 2753/2995/750 2852/3094/750 2851/3093/750
f 2852/3094/751 2753/2995/751 2752/2994/752
f 2752/2994/752 2853/3095/752 2852/3094/751
f 2853/3095/753 2752/2994/753 2751/2993/753
f 2751/2993/753 2854/3096/753 2853/3095/753
f 2854/3096/754 2751/2993/754 2750/2992/754
f 2750/2992/754 2855/3097/755 2854/3096/754
f 2855/3097/756 2750/2992/756 2749/2991/756
f 2749/2991/756 2856/3098/756 2855/3097/756
f 2856/3098/757 2749/2991/757 2748/2990/757
f 2748/2990/757 2857/3099/757 2856/3098/757
f 2857/3099/758 2748/2990/758 2747/2989/759
f 2747/2989/759 2858/3100/759 2857/3099/758
f 2858/3100/760 2747/2989/760 2746/2988/761
f 2746/2988/761 2859/3101/761 2858/3100/760
f 2859/3101/762 2746/2988/762 2745/2987/762
f 2745/2987/762 2860/3102/762 2859/3101/762
f 2860/3102/763 2745/2987/763 2744/2986/763
f 2744/2986/763 2861/3103/763 2860/3102/763
f 2861/3103/764 2744/2986/764 2743/2985/764
f 2743/2985/764 2862/3104/765 2861/3103/764
f 2862/3104/766 2743/2985/766 2742/2984/766
f 2742/2984/766 2863/3105/766 2862/3104/766
f 2863/3105/767 2742/2984/767 2741/2983/768
f 2741/2983/768 2864/3106/768 2863/3105/767
f 2864/3106/769 2741/2983/769 2740/2982/770
f 2740/2982/770 2865/3107/770 2864/3106/769
f 2865/3107/771 2740/2982/771 2739/2981/771
f 2739/2981/771 2866/3108/771 2865/3107/771
f 2866/3108/772 2739/2981/772 2738/2980/772
f 2738/2980/772 2867/3109/772 2866/3108/772
f 2867/3109/773 2738/2980/773 2737/2979/773
f 2737/2979/773 2868/3110/773 2867/3109/773
f 2868/3110/774 2737/2979/774 2736/2978/774
f 2736/2978/774 2869/3111/774 2868/3110/774
f 2869/3111/775 2736/2978/776 2735/2977/775
f 2735/2977/775 2870/3112/775 2869/3111/775
f 2870/3112/777 2735/2977/777 2734/2976/777
f 2734/2976/777 2871/3113/777 2870/3112/777
f 2871/3113/778 2734/2976/778 2733/2975/778
f 2733/2975/778 2872/3114/778 2871/3113/778
f 2872/3114/779 2733/2975/779 2732/2974/779
f 2732/2974/779 2873/3115/779 2872/3114/779
f 2873/3115/780 2732/2974/780 2731/2973/780
f 2731/2973/780 2874/3116/781 2873/3115/780
f 2874/3116/782 2731/2973/782 2754/2996/782
f 2754/2996/782 2851/3093/782 2874/3116/782
f 2875/3117/561 2876/3118/561 2877/3119/561
f 2877/3119/561 2878/3120/561 2879/3121/561
f 2879/3121/561 2880/3122/561 2881/3123/561
f 2877/3119/561 2879/3121/561 2881/3123/561
f 2881/3123/561 2882/3124/561 2883/3125/561
f 2883/3125/561 2884/3126/561 2885/3127/561
f 2881/3123/561 2883/3125/561 2885/3127/561
f 2885/3127/561 2886/3128/561 2887/3129/561
f 2887/3129/561 2888/3130/561 2889/3131/561
f 2885/3127/561 2887/3129/561 2889/3131/561
f 2881/3123/561 2885/3127/561 2889/3131/561
f 2889/3131/561 2890/3132/561 2891/3133/561
f 2891/3133/561 2892/3134/561 2893/3135/561
f 2889/3131/561 2891/3133/561 2893/3135/561
f 2893/3135/561 2894/3136/561 2895/3137/561
f 2895/3137/561 2896/3138/561 2897/3139/561
f 2893/3135/561 2895/3137/561 2897/3139/561
f 2889/3131/561 2893/3135/561 2897/3139/561
f 2881/3123/561 2889/3131/561 2897/3139/561
f 2877/3119/561 2881/3123/561 2897/3139/561
f 2875/3117/561 2877/3119/561 2897/3139/561
f 2898/3140/561 2875/3117/561 2897/3139/561
f 2899/3141/561 2900/3142/561 2901/3143/561
f 2901/3143/561 2902/3144/561 2899/3141/561
f 2900/3142/561 2903/3145/561 2904/3146/561
f 2904/3146/561 2901/3143/561 2900/3142/561
f 2903/3145/561 2905/3147/561 2906/3148/561
f 2906/3148/561 2904/3146/561 2903/3145/561
f 2905/3147/561 2907/3149/561 2908/3150/561
f 2908/3150/561 2906/3148/561 2905/3147/561
f 2907/3149/561 2909/3151/561 2910/3152/561
f 2910/3152/561 2908/3150/561 2907/3149/561
f 2909/3151/561 2911/3153/561 2912/3154/561
f 2912/3154/561 2910/3152/561 2909/3151/561
f 2911/3153/561 2913/3155/561 2914/3156/561
f 2914/3156/561 2912/3154/561 2911/3153/561
f 2913/3155/561 2915/3157/561 2916/3158/561
f 2916/3158/561 2914/3156/561 2913/3155/561
f 2915/3157/561 2917/3159/561 2918/3160/561
f 2918/3160/561 2916/3158/561 2915/3157/561
f 2917/3159/561 2919/3161/561 2920/3162/561
f 2920/3162/561 2918/3160/561 2917/3159/561
f 2919/3161/561 2921/3163/561 2922/3164/561
f 2922/3164/561 2920/3162/561 2919/3161/561
f 2921/3163/561 2923/3165/561 2924/3166/561
f 2924/3166/561 2922/3164/561 2921/3163/561
f 2923/3165/561 2925/3167/561 2926/3168/561
f 2926/3168/561 2924/3166/561 2923/3165/561
f 2925/3167/561 2927/3169/561 2928/3170/561
f 2928/3170/561 2926/3168/561 2925/3167/561
f 2927/3169/561 2929/3171/561 2930/3172/561
f 2930/3172/561 2928/3170/561 2927/3169/561
f 2929/3171/561 2931/3173/561 2932/3174/561
f 2932/3174/561 2930/3172/561 2929/3171/561
f 2931/3173/561 2933/3175/561 2934/3176/561
f 2934/3176/561 2932/3174/561 2931/3173/561
f 2933/3175/561 2935/3177/561 2936/3178/561
f 2936/3178/561 2934/3176/561 2933/3175/561
f 2935/3177/561 2937/3179/561 2938/3180/561
f 2938/3180/561 2936/3178/561 2935/3177/561
f 2937/3179/561 2939/3181/561 2940/3182/561
f 2940/3182/561 2938/3180/561 2937/3179/561
f 2939/3181/561 2941/3183/561 2942/3184/561
f 2942/3184/561 2940/3182/561 2939/3181/561
f 2941/3183/561 2943/3185/561 2944/3186/561
f 2944/3186/561 2942/3184/561 2941/3183/561
f 2943/3185/561 2945/3187/561 2946/3188/561
f 2946/3188/561 2944/3186/561 2943/3185/561
f 2945/3187/561 2899/3141/561 2902/3144/561
f 2902/3144/561 2946/3188/561 2945/3187/561
f 2902/3144/524 2901/3143/524 2947/3189/524
f 2947/3189/524 2948/3190/524 2902/3144/524
f 2901/3143/525 2904/3146/525 2949/3191/525
f 2949/3191/525 2947/3189/525 2901/3143/525
f 2904/3146/526 2906/3148/526 2950/3192/526
f 2950/3192/526 2949/3191/526 2904/3146/526
f 2906/3148/527 2908/3150/527 2951/3193/527
f 2951/3193/527 2950/3192/527 2906/3148/527
f 2908/3150/528 2910/3152/528 2952/3194/528
f 2952/3194/528 2951/3193/528 2908/3150/528
f 2910/3152/529 2912/3154/529 2953/3195/529
f 2953/3195/529 2952/3194/529 2910/3152/529
f 2912/3154/530 2914/3156/530 2954/3196/530
f 2954/3196/530 2953/3195/530 2912/3154/530
f 2914/3156/531 2916/3158/531 2955/3197/531
f 2955/3197/531 2954/3196/531 2914/3156/531
f 2916/3158/532 2918/3160/532 2956/3198/532
f 2956/3198/532 2955/3197/532 2916/3158/532
f 2918/3160/533 2920/3162/533 2957/3199/533
f 2957/3199/533 2956/3198/533 2918/3160/533
f 2920/3162/534 2922/3164/534 2958/3200/534
f 2958/3200/534 2957/3199/534 2920/3162/534
f 2922/3164/535 2924/3166/535 2959/3201/535
f 2959/3201/535 2958/3200/535 2922/3164/535
f 2924/3166/536 2926/3168/536 2960/3202/536
f 2960/3202/536 2959/3201/536 2924/3166/536
f 2926/3168/513 2928/3170/513 2961/3203/513
f 2961/3203/513 2960/3202/513 2926/3168/513
f 2928/3170/514 2930/3172/514 2962/3204/514
f 2962/3204/514 2961/3203/514 2928/3170/514
f 2930/3172/515 2932/3174/515 2963/3205/515
f 2963/3205/515 2962/3204/515 2930/3172/515
f 2932/3174/516 2934/3176/516 2964/3206/516
f 2964/3206/516 2963/3205/516 2932/3174/516
f 2934/3176/517 2936/3178/517 2965/3207/517
f 2965/3207/517 2964/3206/517 2934/3176/517
f 2936/3178/518 2938/3180/518 2966/3208/518
f 2966/3208/518 2965/3207/518 2936/3178/518
f 2938/3180/519 2940/3182/519 2967/3209/519
f 2967/3209/519 2966/3208/519 2938/3180/519
f 2940/3182/520 2942/3184/520 2968/3210/520
f 2968/3210/520 2967/3209/520 2940/3182/520
f 2942/3184/521 2944/3186/521 2969/3211/521
f 2969/3211/521 2968/3210/521 2942/3184/521
f 2944/3186/522 2946/3188/522 2970/3212/522
f 2970/3212/522 2969/3211/522 2944/3186/522
f 2946/3188/523 2902/3144/523 2948/3190/523
f 2948/3190/523 2970/3212/523 2946/3188/523
f 2954/3196/561 2955/3197/561 2971/3213/561
f 2954/3196/561 2971/3213/561 2972/3214/561
f 2953/3195/561 2954/3196/561 2972/3214/561
f 2953/3195/561 2972/3214/561 2973/3215/561
f 2952/3194/561 2953/3195/561 2973/3215/561
f 2952/3194/561 2973/3215/561 2974/3216/561
f 2951/3193/561 2952/3194/561 2974/3216/561
f 2951/3193/561 2974/3216/561 2975/3217/561
f 2950/3192/561 2951/3193/561 2975/3217/561
f 2950/3192/561 2975/3217/561 2976/3218/561
f 2949/3191/561 2950/3192/561 2976/3218/561
f 2949/3191/561 2976/3218/561 2977/3219/561
f 2947/3189/561 2949/3191/561 2977/3219/561
f 2947/3189/561 2977/3219/561 2978/3220/561
f 2948/3190/561 2947/3189/561 2978/3220/561
f 2948/3190/561 2978/3220/561 2979/3221/561
f 2970/3212/561 2948/3190/561 2979/3221/561
f 2970/3212/561 2979/3221/561 2980/3222/561
f 2969/3211/561 2970/3212/561 2980/3222/561
f 2969/3211/561 2980/3222/561 2981/3223/561
f 2968/3210/561 2969/3211/561 2981/3223/561
f 2968/3210/561 2981/3223/561 2982/3224/561
f 2967/3209/561 2968/3210/561 2982/3224/561
f 2967/3209/561 2982/3224/561 2983/3225/561
f 2966/3208/561 2967/3209/561 2983/3225/561
f 2966/3208/561 2983/3225/561 2984/3226/561
f 2965/3207/561 2966/3208/561 2984/3226/561
f 2965/3207/561 2984/3226/561 2985/3227/561
f 2964/3206/561 2965/3207/561 2985/3227/561
f 2964/3206/561 2985/3227/561 2986/3228/561
f 2963/3205/561 2964/3206/561 2986/3228/561
f 2963/3205/561 2986/3228/561 2987/3229/561
f 2962/3204/561 2963/3205/561 2987/3229/561
f 2962/3204/561 2987/3229/561 2988/3230/561
f 2961/3203/561 2962/3204/561 2988/3230/561
f 2961/3203/561 2988/3230/561 2989/3231/561
f 2960/3202/561 2961/3203/561 2989/3231/561
f 2960/3202/561 2989/3231/561 2990/3232/561
f 2959/3201/561 2960/3202/561 2990/3232/561
f 2959/3201/561 2990/3232/561 2991/3233/561
f 2958/3200/561 2959/3201/561 2991/3233/561
f 2958/3200/561 2991/3233/561 2992/3234/561
f 2957/3199/561 2958/3200/561 2992/3234/561
f 2957/3199/561 2992/3234/561 2993/3235/561
f 2956/3198/561 2957/3199/561 2993/3235/561
f 2956/3198/561 2993/3235/561 2994/3236/561
f 2955/3197/561 2956/3198/561 2994/3236/561
f 2955/3197/561 2994/3236/561 2971/3213/561
f 2979/3221/536 2978/3220/536 2995/3237/536
f 2995/3237/536 2996/3238/536 2979/3221/536
f 2978/3220/513 2977/3219/513 2997/3239/513
f 2997/3239/513 2995/3237/513 2978/3220/513
f 2977/3219/514 2976/3218/514 2998/3240/514
f 2998/3240/514 2997/3239/514 2977/3219/514
f 2976/3218/515 2975/3217/515 2999/3241/515
f 2999/3241/515 2998/3240/515 2976/3218/515
f 2975/3217/516 2974/3216/516 3000/3242/516
f 3000/3242/516 2999/3241/516 2975/3217/516
f 2974/3216/517 2973/3215/517 3001/3243/517
f 3001/3243/517 3000/3242/517 2974/3216/517
f 2973/3215/518 2972/3214/518 3002/3244/518
f 3002/3244/518 3001/3243/518 2973/3215/518
f 2972/3214/519 2971/3213/519 3003/3245/519
f 3003/3245/519 3002/3244/519 2972/3214/519
f 2971/3213/520 2994/3236/520 3004/3246/520
f 3004/3246/520 3003/3245/520 2971/3213/520
f 2994/3236/521 2993/3235/521 3005/3247/521
f 3005/3247/521 3004/3246/521 2994/3236/521
f 2993/3235/522 2992/3234/522 3006/3248/522
f 3006/3248/522 3005/3247/522 2993/3235/522
f 2992/3234/523 2991/3233/523 3007/3249/523
f 3007/3249/523 3006/3248/523 2992/3234/523
f 2991/3233/524 2990/3232/524 3008/3250/524
f 3008/3250/524 3007/3249/524 2991/3233/524
f 2990/3232/525 2989/3231/525 3009/3251/525
f 3009/3251/525 3008/3250/525 2990/3232/525
f 2989/3231/526 2988/3230/526 3010/3252/526
f 3010/3252/526 3009/3251/526 2989/3231/526
f 2988/3230/527 2987/3229/527 3011/3253/527
f 3011/3253/527 3010/3252/527 2988/3230/527
f 2987/3229/528 2986/3228/528 3012/3254/528
f 3012/3254/528 3011/3253/528 2987/3229/528
f 2986/3228/529 2985/3227/529 3013/3255/529
f 3013/3255/529 3012/3254/529 2986/3228/529
f 2985/3227/530 2984/3226/530 3014/3256/530
f 3014/3256/530 3013/3255/530 2985/3227/530
f 2984/3226/531 2983/3225/531 3015/3257/531
f 3015/3257/531 3014/3256/531 2984/3226/531
f 2983/3225/532 2982/3224/532 3016/3258/532
f 3016/3258/532 3015/3257/532 2983/3225/532
f 2982/3224/533 2981/3223/533 3017/3259/533
f 3017/3259/533 3016/3258/533 2982/3224/533
f 2981/3223/534 2980/3222/534 3018/3260/534
f 3018/3260/534 3017/3259/717 2981/3223/534
f 2980/3222/535 2979/3221/535 2996/3238/535
f 2996/3238/535 3018/3260/535 2980/3222/535
f 2996/3238/718 2995/3237/783 2875/3117/783
f 2875/3117/783 2898/3140/718 2996/3238/718
f 2995/3237/719 2997/3239/719 2876/3118/719
f 2876/3118/719 2875/3117/719 2995/3237/719
f 2997/3239/720 2998/3240/720 2877/3119/720
f 2877/3119/720 2876/3118/720 2997/3239/720
f 2998/3240/721 2999/3241/721 2878/3120/721
f 2878/3120/721 2877/3119/721 2998/3240/721
f 2999/3241/722 3000/3242/722 2879/3121/722
f 2879/3121/722 2878/3120/722 2999/3241/722
f 3000/3242/723 3001/3243/723 2880/3122/723
f 2880/3122/723 2879/3121/723 3000/3242/723
f 3001/3243/724 3002/3244/724 2881/3123/724
f 2881/3123/724 2880/3122/724 3001/3243/724
f 3002/3244/725 3003/3245/725 2882/3124/725
f 2882/3124/725 2881/3123/725 3002/3244/725
f 3003/3245/726 3004/3246/726 2883/3125/726
f 2883/3125/726 2882/3124/726 3003/3245/726
f 3004/3246/727 3005/3247/727 2884/3126/727
f 2884/3126/727 2883/3125/727 3004/3246/727
f 3005/3247/728 3006/3248/728 2885/3127/728
f 2885/3127/728 2884/3126/728 3005/3247/728
f 3006/3248/730 3007/3249/730 2886/3128/730
f 2886/3128/730 2885/3127/730 3006/3248/730
f 3007/3249/731 3008/3250/731 2887/3129/731
f 2887/3129/731 2886/3128/731 3007/3249/731
f 3008/3250/733 3009/3251/733 2888/3130/733
f 2888/3130/733 2887/3129/733 3008/3250/733
f 3009/3251/734 3010/3252/734 2889/3131/734
f 2889/3131/734 2888/3130/734 3009/3251/734
f 3010/3252/735 3011/3253/735 2890/3132/735
f 2890/3132/735 2889/3131/735 3010/3252/735
f 3011/3253/736 3012/3254/736 2891/3133/736
f 2891/3133/736 2890/3132/736 3011/3253/736
f 3012/3254/737 3013/3255/737 2892/3134/737
f 2892/3134/737 2891/3133/737 3012/3254/737
f 3013/3255/738 3014/3256/738 2893/3135/738
f 2893/3135/738 2892/3134/738 3013/3255/738
f 3014/3256/739 3015/3257/739 2894/3136/739
f 2894/3136/739 2893/3135/739 3014/3256/739
f 3015/3257/740 3016/3258/740 2895/3137/740
f 2895/3137/740 2894/3136/740 3015/3257/740
f 3016/3258/741 3017/3259/741 2896/3138/741
f 2896/3138/741 2895/3137/741 3016/3258/741
f 3017/3259/742 3018/3260/742 2897/3139/742
f 2897/3139/742 2896/3138/742 3017/3259/742
f 3018/3260/743 2996/3238/743 2898/3140/743
f 2898/3140/743 2897/3139/743 3018/3260/743
f 3019/3261/512 3020/3262/512 3021/3263/512
f 3021/3263/512 3022/3264/512 3023/3265/512
f 3019/3261/512 3021/3263/512 3023/3265/512
f 3023/3265/512 3024/3266/784 3025/3267/512
f 3025/3267/512 3026/3268/744 3027/3269/512
f 3023/3265/512 3025/3267/512 3027/3269/512
f 3019/3261/512 3023/3265/512 3027/3269/512
f 3027/3269/512 3028/3270/512 3029/3271/512
f 3029/3271/512 3030/3272/512 3031/3273/512
f 3027/3269/512 3029/3271/512 3031/3273/512
f 3031/3273/512 3032/3274/745 3033/3275/512
f 3033/3275/512 3034/3276/744 3035/3277/512
f 3031/3273/512 3033/3275/512 3035/3277/512
f 3027/3269/512 3031/3273/512 3035/3277/512
f 3019/3261/512 3027/3269/512 3035/3277/512
f 3035/3277/512 3036/3278/512 3037/3279/512
f 3037/3279/512 3038/3280/512 3039/3281/512
f 3035/3277/512 3037/3279/512 3039/3281/512
f 3019/3261/512 3035/3277/512 3039/3281/512
f 3039/3281/512 3040/3282/512 3041/3283/512
f 3019/3261/512 3039/3281/512 3041/3283/512
f 3042/3284/512 3019/3261/512 3041/3283/512
f 3043/3285/512 3044/3286/512 3045/3287/512
f 3045/3287/512 3046/3288/512 3043/3285/512
f 3046/3288/512 3045/3287/512 3047/3289/512
f 3047/3289/512 3048/3290/512 3046/3288/512
f 3048/3290/512 3047/3289/512 3049/3291/512
f 3049/3291/512 3050/3292/512 3048/3290/512
f 3050/3292/512 3049/3291/512 3051/3293/512
f 3051/3293/512 3052/3294/512 3050/3292/512
f 3052/3294/512 3051/3293/512 3053/3295/512
f 3053/3295/512 3054/3296/512 3052/3294/512
f 3054/3296/512 3053/3295/512 3055/3297/512
f 3055/3297/512 3056/3298/512 3054/3296/512
f 3056/3298/512 3055/3297/512 3057/3299/512
f 3057/3299/512 3058/3300/512 3056/3298/512
f 3058/3300/512 3057/3299/512 3059/3301/512
f 3059/3301/512 3060/3302/512 3058/3300/512
f 3060/3302/512 3059/3301/512 3061/3303/512
f 3061/3303/512 3062/3304/512 3060/3302/512
f 3062/3304/512 3061/3303/512 3063/3305/512
f 3063/3305/512 3064/3306/512 3062/3304/512
f 3064/3306/512 3063/3305/512 3065/3307/512
f 3065/3307/512 3066/3308/512 3064/3306/512
f 3066/3308/512 3065/3307/512 3067/3309/512
f 3067/3309/512 3068/3310/512 3066/3308/512
f 3068/3310/512 3067/3309/512 3069/3311/512
f 3069/3311/512 3070/3312/512 3068/3310/512
f 3070/3312/512 3069/3311/512 3071/3313/512
f 3071/3313/512 3072/3314/512 3070/3312/512
f 3072/3314/512 3071/3313/512 3073/3315/512
f 3073/3315/512 3074/3316/512 3072/3314/512
f 3074/3316/512 3073/3315/512 3075/3317/512
f 3075/3317/512 3076/3318/512 3074/3316/512
f 3076/3318/512 3075/3317/512 3077/3319/512
f 3077/3319/512 3078/3320/512 3076/3318/512
f 3078/3320/512 3077/3319/512 3079/3321/512
f 3079/3321/512 3080/3322/512 3078/3320/512
f 3080/3322/512 3079/3321/512 3081/3323/512
f 3081/3323/512 3082/3324/512 3080/3322/512
f 3082/3324/512 3081/3323/512 3083/3325/512
f 3083/3325/512 3084/3326/512 3082/3324/512
f 3084/3326/512 3083/3325/512 3085/3327/512
f 3085/3327/512 3086/3328/512 3084/3326/512
f 3086/3328/512 3085/3327/512 3087/3329/512
f 3087/3329/512 3088/3330/512 3086/3328/512
f 3088/3330/512 3087/3329/512 3089/3331/512
f 3089/3331/512 3090/3332/512 3088/3330/512
f 3090/3332/512 3089/3331/512 3044/3286/512
f 3044/3286/512 3043/3285/512 3090/3332/512
f 3044/3286/524 3091/3333/524 3092/3334/524
f 3092/3334/524 3045/3287/524 3044/3286/524
f 3045/3287/525 3092/3334/525 3093/3335/525
f 3093/3335/525 3047/3289/525 3045/3287/525
f 3047/3289/526 3093/3335/526 3094/3336/526
f 3094/3336/526 3049/3291/526 3047/3289/526
f 3049/3291/527 3094/3336/527 3095/3337/527
f 3095/3337/527 3051/3293/746 3049/3291/527
f 3051/3293/748 3095/3337/748 3096/3338/528
f 3096/3338/528 3053/3295/528 3051/3293/748
f 3053/3295/529 3096/3338/529 3097/3339/529
f 3097/3339/529 3055/3297/529 3053/3295/529
f 3055/3297/530 3097/3339/530 3098/3340/530
f 3098/3340/530 3057/3299/530 3055/3297/530
f 3057/3299/531 3098/3340/531 3099/3341/531
f 3099/3341/531 3059/3301/531 3057/3299/531
f 3059/3301/532 3099/3341/532 3100/3342/532
f 3100/3342/532 3061/3303/532 3059/3301/532
f 3061/3303/533 3100/3342/533 3101/3343/533
f 3101/3343/533 3063/3305/533 3061/3303/533
f 3063/3305/534 3101/3343/534 3102/3344/534
f 3102/3344/534 3065/3307/717 3063/3305/534
f 3065/3307/535 3102/3344/535 3103/3345/535
f 3103/3345/535 3067/3309/535 3065/3307/535
f 3067/3309/536 3103/3345/536 3104/3346/536
f 3104/3346/536 3069/3311/536 3067/3309/536
f 3069/3311/513 3104/3346/513 3105/3347/513
f 3105/3347/513 3071/3313/513 3069/3311/513
f 3071/3313/514 3105/3347/514 3106/3348/514
f 3106/3348/514 3073/3315/514 3071/3313/514
f 3073/3315/515 3106/3348/515 3107/3349/785
f 3107/3349/785 3075/3317/785 3073/3315/515
f 3075/3317/516 3107/3349/516 3108/3350/516
f 3108/3350/516 3077/3319/516 3075/3317/516
f 3077/3319/517 3108/3350/517 3109/3351/517
f 3109/3351/517 3079/3321/517 3077/3319/517
f 3079/3321/518 3109/3351/518 3110/3352/518
f 3110/3352/518 3081/3323/518 3079/3321/518
f 3081/3323/519 3110/3352/519 3111/3353/519
f 3111/3353/519 3083/3325/519 3081/3323/519
f 3083/3325/520 3111/3353/520 3112/3354/520
f 3112/3354/520 3085/3327/520 3083/3325/520
f 3085/3327/521 3112/3354/715 3113/3355/521
f 3113/3355/521 3087/3329/521 3085/3327/521
f 3087/3329/522 3113/3355/522 3114/3356/522
f 3114/3356/522 3089/3331/716 3087/3329/522
f 3089/3331/523 3114/3356/523 3091/3333/523
f 3091/3333/523 3044/3286/523 3089/3331/523
f 3099/3341/512 3115/3357/512 3116/3358/512
f 3115/3357/512 3099/3341/512 3098/3340/512
f 3117/3359/512 3115/3357/512 3098/3340/512
f 3117/3359/512 3098/3340/512 3097/3339/512
f 3118/3360/512 3117/3359/512 3097/3339/512
f 3118/3360/512 3097/3339/512 3096/3338/512
f 3119/3361/512 3118/3360/512 3096/3338/512
f 3119/3361/512 3096/3338/512 3095/3337/512
f 3120/3362/512 3119/3361/512 3095/3337/512
f 3120/3362/512 3095/3337/512 3094/3336/512
f 3121/3363/512 3120/3362/512 3094/3336/512
f 3121/3363/512 3094/3336/512 3093/3335/512
f 3122/3364/512 3121/3363/512 3093/3335/512
f 3122/3364/512 3093/3335/512 3092/3334/512
f 3123/3365/512 3122/3364/512 3092/3334/512
f 3123/3365/512 3092/3334/512 3091/3333/512
f 3124/3366/512 3123/3365/512 3091/3333/512
f 3124/3366/512 3091/3333/512 3114/3356/512
f 3125/3367/512 3124/3366/512 3114/3356/512
f 3125/3367/512 3114/3356/512 3113/3355/512
f 3126/3368/512 3125/3367/512 3113/3355/512
f 3126/3368/512 3113/3355/512 3112/3354/512
f 3127/3369/512 3126/3368/512 3112/3354/512
f 3127/3369/512 3112/3354/512 3111/3353/512
f 3128/3370/512 3127/3369/512 3111/3353/512
f 3128/3370/512 3111/3353/512 3110/3352/512
f 3129/3371/512 3128/3370/512 3110/3352/512
f 3129/3371/512 3110/3352/512 3109/3351/512
f 3130/3372/512 3129/3371/512 3109/3351/512
f 3130/3372/512 3109/3351/512 3108/3350/512
f 3131/3373/512 3130/3372/512 3108/3350/512
f 3131/3373/512 3108/3350/512 3107/3349/512
f 3132/3374/512 3131/3373/512 3107/3349/512
f 3132/3374/512 3107/3349/512 3106/3348/512
f 3133/3375/512 3132/3374/512 3106/3348/512
f 3133/3375/512 3106/3348/512 3105/3347/512
f 3134/3376/512 3133/3375/512 3105/3347/512
f 3134/3376/512 3105/3347/512 3104/3346/512
f 3135/3377/512 3134/3376/512 3104/3346/512
f 3135/3377/512 3104/3346/512 3103/3345/512
f 3136/3378/512 3135/3377/512 3103/3345/512
f 3136/3378/512 3103/3345/512 3102/3344/512
f 3137/3379/512 3136/3378/512 3102/3344/512
f 3137/3379/512 3102/3344/512 3101/3343/512
f 3138/3380/512 3137/3379/512 3101/3343/512
f 3138/3380/512 3101/3343/512 3100/3342/512
f 3116/3358/512 3138/3380/512 3100/3342/512
f 3099/3341/512 3116/3358/512 3100/3342/512
f 3124/3366/536 3139/3381/536 3140/3382/536
f 3140/3382/536 3123/3365/536 3124/3366/536
f 3123/3365/513 3140/3382/513 3141/3383/513
f 3141/3383/513 3122/3364/513 3123/3365/513
f 3122/3364/514 3141/3383/514 3142/3384/514
f 3142/3384/514 3121/3363/514 3122/3364/514
f 3121/3363/515 3142/3384/515 3143/3385/515
f 3143/3385/515 3120/3362/515 3121/3363/515
f 3120/3362/516 3143/3385/516 3144/3386/747
f 3144/3386/747 3119/3361/747 3120/3362/516
f 3119/3361/517 3144/3386/517 3145/3387/517
f 3145/3387/517 3118/3360/517 3119/3361/517
f 3118/3360/518 3145/3387/518 3146/3388/518
f 3146/3388/518 3117/3359/518 3118/3360/518
f 3117/3359/519 3146/3388/519 3147/3389/519
f 3147/3389/519 3115/3357/519 3117/3359/519
f 3115/3357/520 3147/3389/520 3148/3390/520
f 3148/3390/520 3116/3358/520 3115/3357/520
f 3116/3358/521 3148/3390/521 3149/3391/521
f 3149/3391/521 3138/3380/521 3116/3358/521
f 3138/3380/522 3149/3391/522 3150/3392/522
f 3150/3392/522 3137/3379/522 3138/3380/522
f 3137/3379/523 3150/3392/523 3151/3393/523
f 3151/3393/523 3136/3378/523 3137/3379/523
f 3136/3378/524 3151/3393/524 3152/3394/524
f 3152/3394/524 3135/3377/524 3136/3378/524
f 3135/3377/525 3152/3394/525 3153/3395/525
f 3153/3395/525 3134/3376/525 3135/3377/525
f 3134/3376/526 3153/3395/526 3154/3396/526
f 3154/3396/526 3133/3375/526 3134/3376/526
f 3133/3375/527 3154/3396/527 3155/3397/527
f 3155/3397/527 3132/3374/527 3133/3375/527
f 3132/3374/528 3155/3397/528 3156/3398/748
f 3156/3398/748 3131/3373/748 3132/3374/528
f 3131/3373/529 3156/3398/529 3157/3399/529
f 3157/3399/529 3130/3372/529 3131/3373/529
f 3130/3372/530 3157/3399/530 3158/3400/530
f 3158/3400/530 3129/3371/530 3130/3372/530
f 3129/3371/531 3158/3400/531 3159/3401/531
f 3159/3401/531 3128/3370/531 3129/3371/531
f 3128/3370/532 3159/3401/532 3160/3402/532
f 3160/3402/532 3127/3369/532 3128/3370/532
f 3127/3369/533 3160/3402/533 3161/3403/749
f 3161/3403/749 3126/3368/749 3127/3369/533
f 3126/3368/534 3161/3403/534 3162/3404/534
f 3162/3404/534 3125/3367/534 3126/3368/534
f 3125/3367/535 3162/3404/535 3139/3381/535
f 3139/3381/535 3124/3366/535 3125/3367/535
f 3139/3381/750 3042/3284/786 3041/3283/750
f 3041/3283/750 3140/3382/750 3139/3381/750
f 3140/3382/751 3041/3283/751 3040/3282/752
f 3040/3282/752 3141/3383/752 3140/3382/751
f 3141/3383/753 3040/3282/753 3039/3281/753
f 3039/3281/753 3142/3384/753 3141/3383/753
f 3142/3384/754 3039/3281/754 3038/3280/754
f 3038/3280/754 3143/3385/754 3142/3384/754
f 3143/3385/756 3038/3280/756 3037/3279/756
f 3037/3279/756 3144/3386/756 3143/3385/756
f 3144/3386/757 3037/3279/757 3036/3278/757
f 3036/3278/757 3145/3387/757 3144/3386/757
f 3145/3387/758 3036/3278/758 3035/3277/758
f 3035/3277/758 3146/3388/758 3145/3387/758
f 3146/3388/760 3035/3277/760 3034/3276/761
f 3034/3276/761 3147/3389/761 3146/3388/760
f 3147/3389/762 3034/3276/762 3033/3275/762
f 3033/3275/762 3148/3390/762 3147/3389/762
f 3148/3390/763 3033/3275/763 3032/3274/763
f 3032/3274/763 3149/3391/763 3148/3390/763
f 3149/3391/764 3032/3274/764 3031/3273/764
f 3031/3273/764 3150/3392/764 3149/3391/764
f 3150/3392/766 3031/3273/766 3030/3272/766
f 3030/3272/766 3151/3393/766 3150/3392/766
f 3151/3393/768 3030/3272/767 3029/3271/768
f 3029/3271/768 3152/3394/768 3151/3393/768
f 3152/3394/769 3029/3271/770 3028/3270/769
f 3028/3270/769 3153/3395/769 3152/3394/769
f 3153/3395/771 3028/3270/771 3027/3269/771
f 3027/3269/771 3154/3396/771 3153/3395/771
f 3154/3396/772 3027/3269/772 3026/3268/772
f 3026/3268/772 3155/3397/787 3154/3396/772
f 3155/3397/773 3026/3268/773 3025/3267/773
f 3025/3267/773 3156/3398/773 3155/3397/773
f 3156/3398/774 3025/3267/774 3024/3266/774
f 3024/3266/774 3157/3399/774 3156/3398/774
f 3157/3399/775 3024/3266/775 3023/3265/775
f 3023/3265/775 3158/3400/775 3157/3399/775
f 3158/3400/777 3023/3265/777 3022/3264/777
f 3022/3264/777 3159/3401/777 3158/3400/777
f 3159/3401/778 3022/3264/778 3021/3263/778
f 3021/3263/778 3160/3402/778 3159/3401/778
f 3160/3402/779 3021/3263/779 3020/3262/779
f 3020/3262/779 3161/3403/788 3160/3402/779
f 3161/3403/780 3020/3262/780 3019/3261/780
f 3019/3261/780 3162/3404/780 3161/3403/780
f 3162/3404/782 3019/3261/782 3042/3284/782
f 3042/3284/782 3139/3381/782 3162/3404/782
f 3163/3405/789 3164/3406/789 3165/3407/789 3166/3408/789
f 3167/3409/790 3168/3410/790 3169/3411/790 3170/3412/790
f 3171/3413/791 3172/3414/791 3173/3415/791 3174/3416/791
f 3175/3417/792 3176/3418/792 3177/3419/792 3178/3420/792
f 3179/3421/792 3180/3422/792 3181/3423/792 3182/3424/792
f 3183/3425/792 3184/3426/792 3185/3427/792 3186/3428/792
