# sedan_09 from LowPoly_Cars_01 (cluster 35); origin=ground center, front=+Z, meters
v -0.6144 1.3516 0.4204
v 0.0000 1.3516 0.4204
v 0.0000 1.3588 0.4248
v -0.6191 1.3588 0.4248
v -0.6058 1.3366 -1.0455
v 0.0000 1.3366 -1.0455
v 0.0000 1.2968 -1.0580
v -0.6191 1.2968 -1.0580
v -0.6058 1.3767 0.4108
v 0.6039 1.3414 -1.0438
v 0.6058 1.3366 -1.0455
v 0.2657 1.3414 -1.0438
v -0.2657 1.3414 -1.0438
v -0.6039 1.3414 -1.0438
v -0.6039 1.3813 0.4087
v -0.7099 1.1251 -0.9379
v -0.6782 1.1978 -0.9117
v -0.6780 1.1928 -1.0868
v -0.7099 1.1219 -1.1317
v -0.7742 0.9544 -0.9933
v -0.7745 0.9545 -1.2403
v -0.7758 0.9294 -1.2808
v -0.7758 0.9294 -0.9763
v -0.6144 1.2988 -0.8427
v -0.6323 1.2797 -0.8756
v -0.6678 1.1984 -0.9050
v -0.7032 1.1170 -0.9345
v -0.7387 1.0357 -0.9639
v -0.6318 1.2727 -1.0392
v -0.6144 1.2900 -1.0530
v -0.7119 1.0721 -1.1907
v -0.6445 1.2227 -1.0955
v -0.7389 1.0341 -1.1900
v -0.7032 1.1136 -1.1397
v -0.6675 1.1932 -1.0895
v -0.6222 1.3316 0.4117
v -0.7678 0.9489 0.8028
v -0.7758 0.9294 0.8521
v -0.6223 1.3035 -0.2625
v -0.6144 1.3230 -0.2633
v -0.6225 1.2800 -0.8272
v -0.7677 0.9489 -0.9471
v -0.7678 0.9489 -0.2579
v -0.7758 0.9294 -0.2579
v -0.7758 0.9294 0.7892
v -0.7758 0.9294 0.7284
v -0.7591 0.9741 -0.2849
v -0.7594 0.9743 -0.9102
v -0.7684 0.9528 -0.9426
v -0.7684 0.9527 -0.2613
v -0.6349 1.2788 -0.2888
v -0.6256 1.3012 -0.2657
v -0.6346 1.2570 -0.8078
v -0.6256 1.2779 -0.8249
v -0.7599 0.9744 0.7406
v -0.7602 0.9746 -0.2317
v -0.7685 0.9528 -0.2547
v -0.7684 0.9527 0.7951
v -0.6339 1.3071 0.4007
v -0.6253 1.3292 0.4103
v -0.6337 1.2805 -0.2356
v -0.6254 1.3013 -0.2592
v -0.7385 0.9840 -0.3021
v -0.7391 0.9843 -0.8864
v -0.7563 0.9765 -0.9057
v -0.7559 0.9764 -0.2882
v -0.6279 1.2565 -0.3056
v -0.6343 1.2749 -0.2920
v -0.6274 1.2358 -0.7951
v -0.6340 1.2533 -0.8054
v -0.7392 0.9847 0.7006
v -0.7400 0.9850 -0.2146
v -0.7571 0.9768 -0.2284
v -0.7565 0.9766 0.7329
v -0.6262 1.2854 0.3938
v -0.6332 1.3033 0.3994
v -0.6258 1.2597 -0.2182
v -0.6330 1.2768 -0.2323
v -0.7809 0.9624 -0.9967
v -0.7492 1.0352 -0.9704
v -0.7493 1.0336 -1.1873
v -0.7812 0.9626 -1.2322
v -0.7454 1.0438 -0.9673
v -0.7137 1.1165 -0.9410
v -0.7137 1.1132 -1.1371
v -0.7455 1.0422 -1.1819
v -0.6423 1.2724 -1.0366
v -0.6742 1.2015 -1.0814
v -0.6743 1.2064 -0.9086
v -0.6427 1.2790 -0.8823
v -0.5891 1.3306 0.4460
v -0.7329 0.9545 0.8305
v -0.7020 0.9711 0.8136
v -0.5708 1.3140 0.4629
v 0.0000 0.9712 0.8094
v 0.0000 0.9652 0.7880
v -0.6835 0.9652 0.7880
v -0.6980 0.9712 0.8094
v -0.5685 1.3098 0.4631
v -0.5599 1.2883 0.4576
v 0.0000 1.3306 0.4460
v 0.0000 1.3307 0.4418
v -0.5914 1.3307 0.4418
v -0.7369 0.9503 0.8307
v 0.0000 0.9711 0.8136
v -0.4370 0.8146 2.3906
v -0.2952 0.8786 2.3432
v -0.7758 0.8786 2.2844
v -0.8682 0.8146 2.3161
v -0.5971 0.7412 1.0199
v -0.8628 0.7412 1.0199
v -0.8522 0.5957 0.8197
v -0.5971 0.5957 0.8197
v -0.8369 0.3874 0.7520
v -0.5971 0.3874 0.7520
v -0.8369 0.3874 1.5353
v -0.8522 0.5957 1.4676
v -0.5971 0.5957 1.4676
v -0.5971 0.3874 1.5353
v -0.8628 0.7412 1.2674
v -0.5971 0.7412 1.2674
v -0.5971 0.5957 -1.7250
v -0.8522 0.5957 -1.7250
v -0.8369 0.3874 -1.7927
v -0.5971 0.3874 -1.7927
v -0.8369 0.3874 -1.0094
v -0.8522 0.5957 -1.0771
v -0.5971 0.5957 -1.0771
v -0.5971 0.3874 -1.0094
v -0.8628 0.7412 -1.2773
v -0.5971 0.7412 -1.2773
v -0.8628 0.7412 -1.5248
v -0.5971 0.7412 -1.5248
v -0.2889 0.9294 0.8521
v -0.7758 0.9294 -2.3368
v -0.8682 0.8146 -2.3926
v -0.8682 0.8146 -1.0129
v -0.8369 0.3874 -2.2370
v -0.8369 0.3874 -0.8753
v 0.0000 1.2900 -1.0530
v 0.0000 1.2227 -1.0955
v -0.3061 1.2227 -1.0955
v -0.3385 1.0721 -1.1907
v 0.0000 1.2236 -1.1005
v 0.0000 1.2109 -1.1085
v -0.2920 1.2109 -1.1085
v -0.3045 1.2236 -1.1005
v -0.3362 1.0762 -1.1936
v -0.3183 1.0888 -1.1856
v 0.0000 1.2068 -1.1056
v 0.0000 1.1913 -1.1002
v -0.2818 1.1913 -1.1002
v -0.2904 1.2068 -1.1056
v -0.3160 1.0879 -1.1807
v -0.3037 1.0898 -1.1643
v 0.0000 1.0879 -1.1807
v 0.0000 1.0888 -1.1856
v -0.7453 0.9294 -1.2906
v -0.7453 0.9294 -2.3063
v 0.0000 0.9294 -1.2808
v 0.0000 0.9294 -1.2906
v -0.7497 0.9349 -1.2861
v -0.7497 0.9349 -2.3107
v 0.0000 0.9349 -1.2861
v -0.7433 0.9562 -1.3113
v -0.7433 0.9562 -2.2733
v -0.8369 0.3874 2.1722
v -0.8682 0.8146 0.7243
v -0.8369 0.3874 0.5908
v -0.8467 0.3931 0.5861
v -0.8778 0.8190 0.7179
v -0.8778 0.8179 -0.2536
v -0.8467 0.3931 -0.2141
v -0.7871 0.9303 0.7218
v -0.7871 0.9303 -0.2516
v -0.7871 0.9303 -0.9713
v -0.8784 0.8180 -1.0063
v -0.8777 0.8172 -0.2664
v -0.7871 0.9303 -0.2644
v -0.8467 0.3931 -0.8707
v -0.8467 0.3931 -0.2270
v -0.8369 0.3874 -0.2199
v -0.8682 0.8146 -0.2600
v -0.8379 0.7749 2.3361
v -0.4381 0.7746 2.4049
v -0.8113 0.4095 2.2131
v -0.4838 0.3874 2.2323
v -0.4871 0.4091 2.2685
v 0.0000 0.3874 2.2323
v 0.0000 0.4087 2.2688
v -0.8094 0.7493 2.3321
v -0.4373 0.7491 2.3958
v -0.7865 0.4351 2.2263
v -0.4878 0.4346 2.2775
v 0.0000 0.4341 2.2782
v -0.8029 0.7625 2.2944
v -0.4344 0.7629 2.3577
v -0.7800 0.4482 2.1886
v -0.4842 0.4483 2.2395
v 0.0000 0.4482 2.2403
v 0.0000 0.9247 -2.3443
v 0.0000 0.8855 -2.3633
v -0.7497 0.8855 -2.3633
v -0.7720 0.9248 -2.3443
v -0.8309 0.3909 -2.2463
v -0.8616 0.8126 -2.3997
v -0.8165 0.8018 -2.4049
v -0.7893 0.4347 -2.2702
v 0.0000 0.8767 -2.3624
v 0.0000 0.8585 -2.3278
v -0.7458 0.8585 -2.3278
v -0.7459 0.8767 -2.3624
v -0.7822 0.4425 -2.2711
v -0.8086 0.7993 -2.4018
v -0.7956 0.7990 -2.3600
v -0.7692 0.4560 -2.2345
v 0.0000 0.9294 -2.3368
v 0.0000 0.4425 -2.2711
v 0.0000 0.4336 -2.2711
v 0.0000 0.9294 0.8521
v 0.0000 0.9503 0.8307
v 0.0000 0.7965 -2.3618
v 0.0000 0.4560 -2.2345
v 0.0000 0.8146 2.3906
v 0.0000 0.8786 2.3432
v 0.0000 1.3767 0.4108
v 0.6058 1.3767 0.4108
v 0.6039 1.3813 0.4087
v 0.2657 1.3813 0.4087
v -0.2657 1.3813 0.4087
v 0.0000 0.9545 0.8305
v 0.0000 1.3140 0.4629
v 0.0000 1.3098 0.4631
v 0.0000 1.2883 0.4576
v 0.0000 1.0721 -1.1907
v 0.0000 1.0762 -1.1936
v 0.0000 1.0898 -1.1643
v 0.0000 0.9294 -2.3063
v 0.0000 0.9349 -2.3107
v 0.0000 0.7746 2.4044
v 0.0000 0.7492 2.3950
v 0.0000 0.7634 2.3570
v 0.0000 0.3913 -2.2449
v 0.0000 0.3874 -2.2370
v 0.6144 1.3516 0.4204
v 0.6191 1.3588 0.4248
v 0.6191 1.2968 -1.0580
v 0.7099 1.1251 -0.9379
v 0.7099 1.1219 -1.1317
v 0.6780 1.1928 -1.0868
v 0.6782 1.1978 -0.9117
v 0.7742 0.9544 -0.9933
v 0.7758 0.9294 -0.9763
v 0.7758 0.9294 -1.2808
v 0.7745 0.9545 -1.2403
v 0.7387 1.0357 -0.9639
v 0.7032 1.1170 -0.9345
v 0.6678 1.1984 -0.9050
v 0.6323 1.2797 -0.8756
v 0.6144 1.2988 -0.8427
v 0.6318 1.2727 -1.0392
v 0.6144 1.2900 -1.0530
v 0.6675 1.1932 -1.0895
v 0.7032 1.1136 -1.1397
v 0.7389 1.0341 -1.1900
v 0.7119 1.0721 -1.1907
v 0.6445 1.2227 -1.0955
v 0.6222 1.3316 0.4117
v 0.7758 0.9294 0.8521
v 0.7678 0.9489 0.8028
v 0.6223 1.3035 -0.2625
v 0.6144 1.3230 -0.2633
v 0.6225 1.2800 -0.8272
v 0.7677 0.9489 -0.9471
v 0.7678 0.9489 -0.2579
v 0.7758 0.9294 -0.2579
v 0.7758 0.9294 0.7892
v 0.7758 0.9294 0.7284
v 0.7591 0.9741 -0.2849
v 0.7684 0.9527 -0.2613
v 0.7684 0.9528 -0.9426
v 0.7594 0.9743 -0.9102
v 0.6349 1.2788 -0.2888
v 0.6256 1.3012 -0.2657
v 0.6346 1.2570 -0.8078
v 0.6257 1.2779 -0.8249
v 0.7599 0.9744 0.7406
v 0.7684 0.9527 0.7951
v 0.7685 0.9528 -0.2547
v 0.7602 0.9746 -0.2317
v 0.6339 1.3071 0.4007
v 0.6253 1.3292 0.4103
v 0.6337 1.2805 -0.2356
v 0.6254 1.3013 -0.2592
v 0.7385 0.9840 -0.3021
v 0.7559 0.9764 -0.2882
v 0.7563 0.9765 -0.9057
v 0.7391 0.9843 -0.8864
v 0.6279 1.2565 -0.3056
v 0.6343 1.2749 -0.2920
v 0.6274 1.2358 -0.7951
v 0.6340 1.2533 -0.8054
v 0.7392 0.9847 0.7006
v 0.7565 0.9766 0.7329
v 0.7571 0.9768 -0.2284
v 0.7400 0.9850 -0.2146
v 0.6262 1.2854 0.3938
v 0.6332 1.3033 0.3994
v 0.6258 1.2597 -0.2182
v 0.6330 1.2768 -0.2323
v 0.7809 0.9624 -0.9967
v 0.7812 0.9626 -1.2322
v 0.7493 1.0336 -1.1873
v 0.7492 1.0352 -0.9704
v 0.7454 1.0438 -0.9673
v 0.7455 1.0422 -1.1819
v 0.7137 1.1132 -1.1371
v 0.7137 1.1165 -0.9410
v 0.6423 1.2724 -1.0366
v 0.6427 1.2790 -0.8823
v 0.6743 1.2064 -0.9086
v 0.6742 1.2015 -1.0814
v 0.5891 1.3306 0.4460
v 0.5708 1.3140 0.4629
v 0.7020 0.9711 0.8136
v 0.7329 0.9545 0.8305
v 0.6980 0.9712 0.8094
v 0.6835 0.9652 0.7880
v 0.5685 1.3098 0.4631
v 0.5599 1.2883 0.4576
v 0.5914 1.3307 0.4418
v 0.7369 0.9503 0.8307
v 0.4370 0.8146 2.3906
v 0.8682 0.8146 2.3161
v 0.7758 0.8786 2.2844
v 0.2947 0.8786 2.3432
v 0.5971 0.7412 1.0199
v 0.5971 0.5957 0.8197
v 0.8522 0.5957 0.8197
v 0.8628 0.7412 1.0199
v 0.5971 0.3874 0.7520
v 0.8369 0.3874 0.7520
v 0.8369 0.3874 1.5353
v 0.5971 0.3874 1.5353
v 0.5971 0.5957 1.4676
v 0.8522 0.5957 1.4676
v 0.5971 0.7412 1.2674
v 0.8628 0.7412 1.2674
v 0.5971 0.5957 -1.7250
v 0.5971 0.3874 -1.7927
v 0.8369 0.3874 -1.7927
v 0.8522 0.5957 -1.7250
v 0.8369 0.3874 -1.0094
v 0.5971 0.3874 -1.0094
v 0.5971 0.5957 -1.0771
v 0.8522 0.5957 -1.0771
v 0.5971 0.7412 -1.2773
v 0.8628 0.7412 -1.2773
v 0.5971 0.7412 -1.5248
v 0.8628 0.7412 -1.5248
v 0.2884 0.9294 0.8521
v 0.8682 0.8146 -1.0129
v 0.8682 0.8146 -2.3926
v 0.7758 0.9294 -2.3368
v 0.8369 0.3874 -0.8753
v 0.8369 0.3874 -2.2370
v 0.3061 1.2227 -1.0955
v 0.3385 1.0721 -1.1907
v 0.3045 1.2236 -1.1005
v 0.2920 1.2109 -1.1085
v 0.3362 1.0762 -1.1936
v 0.3183 1.0888 -1.1856
v 0.2904 1.2068 -1.1056
v 0.2818 1.1913 -1.1002
v 0.3160 1.0879 -1.1807
v 0.3037 1.0898 -1.1643
v 0.7453 0.9294 -2.3063
v 0.7453 0.9294 -1.2906
v 0.7497 0.9349 -2.3107
v 0.7497 0.9349 -1.2861
v 0.7433 0.9562 -2.2733
v 0.7433 0.9562 -1.3113
v -0.3271 0.9562 -1.3113
v 0.3271 0.9562 -1.3113
v 0.8369 0.3874 2.1722
v 0.8682 0.8146 0.7243
v 0.8369 0.3874 0.5908
v 0.8467 0.3931 0.5861
v 0.8467 0.3931 -0.2141
v 0.8778 0.8179 -0.2536
v 0.8778 0.8190 0.7179
v 0.7871 0.9303 -0.2516
v 0.7871 0.9303 0.7218
v 0.7871 0.9303 -0.9713
v 0.7871 0.9303 -0.2644
v 0.8777 0.8172 -0.2664
v 0.8784 0.8180 -1.0063
v 0.8467 0.3931 -0.2270
v 0.8467 0.3931 -0.8707
v 0.8369 0.3874 -0.2199
v 0.8682 0.8146 -0.2600
v 0.4381 0.7746 2.4049
v 0.8379 0.7749 2.3361
v 0.8113 0.4095 2.2131
v 0.4871 0.4091 2.2685
v 0.4838 0.3874 2.2323
v 0.4373 0.7491 2.3958
v 0.8094 0.7493 2.3321
v 0.7865 0.4351 2.2263
v 0.4878 0.4346 2.2775
v 0.4344 0.7629 2.3577
v 0.8029 0.7625 2.2944
v 0.7800 0.4482 2.1886
v 0.4842 0.4483 2.2395
v 0.7720 0.9248 -2.3443
v 0.7497 0.8855 -2.3633
v 0.8309 0.3909 -2.2463
v 0.7893 0.4347 -2.2702
v 0.8165 0.8018 -2.4049
v 0.8616 0.8126 -2.3997
v 0.7459 0.8767 -2.3624
v 0.7458 0.8585 -2.3278
v 0.7822 0.4425 -2.2711
v 0.7692 0.4560 -2.2345
v 0.7956 0.7990 -2.3600
v 0.8086 0.7993 -2.4018
v -0.3271 0.9562 -2.2733
v 0.3271 0.9562 -2.2733
v -0.8785 0.6555 1.3152
v -0.8785 0.6956 1.2052
v -0.8785 0.5879 1.1862
v -0.8785 0.5608 1.2605
v -0.8785 0.5802 1.4050
v -0.8785 0.5100 1.3212
v -0.8785 0.4788 1.4635
v -0.8785 0.4414 1.3608
v -0.8785 0.3635 1.4839
v -0.8785 0.3635 1.3745
v -0.8785 0.2481 1.4635
v -0.8785 0.2855 1.3608
v -0.8785 0.1467 1.4050
v -0.8785 0.2169 1.3212
v -0.8785 0.0714 1.3152
v -0.8785 0.1661 1.2605
v -0.8785 0.0313 1.2052
v -0.8785 0.1390 1.1862
v -0.8785 0.0313 1.0880
v -0.8785 0.1390 1.1070
v -0.8785 0.0714 0.9780
v -0.8785 0.1661 1.0326
v -0.8785 0.1467 0.8882
v -0.8785 0.2169 0.9720
v -0.8785 0.2481 0.8297
v -0.8785 0.2855 0.9324
v -0.8785 0.3635 0.8093
v -0.8785 0.3635 0.9187
v -0.8785 0.4788 0.8297
v -0.8785 0.4414 0.9324
v -0.8785 0.5802 0.8882
v -0.8785 0.5100 0.9720
v -0.8785 0.6555 0.9780
v -0.8785 0.5608 1.0326
v -0.8785 0.6956 1.0880
v -0.8785 0.5879 1.1070
v -0.8550 0.5889 1.4153
v -0.8550 0.4834 1.4762
v -0.8417 0.5039 1.4852
v -0.8417 0.5864 1.4375
v -0.6593 0.4834 1.4762
v -0.6726 0.5039 1.4852
v -0.8550 0.7089 1.2075
v -0.8550 0.6672 1.3220
v -0.8417 0.6887 1.3156
v -0.8417 0.7213 1.2262
v -0.6593 0.6672 1.3220
v -0.6726 0.6887 1.3156
v -0.8550 0.6672 0.9712
v -0.8550 0.7089 1.0857
v -0.8417 0.7213 1.0670
v -0.8417 0.6887 0.9775
v -0.6593 0.7089 1.0857
v -0.6726 0.7213 1.0670
v -0.8550 0.4834 0.8170
v -0.8550 0.5889 0.8779
v -0.8417 0.5864 0.8556
v -0.8417 0.5039 0.8080
v -0.8550 0.2435 0.8170
v -0.8550 0.3635 0.7958
v -0.8417 0.3472 0.7804
v -0.8417 0.2534 0.7969
v -0.8550 0.0597 0.9712
v -0.8550 0.1380 0.8779
v -0.8417 0.1156 0.8765
v -0.8417 0.0544 0.9494
v -0.8550 0.0180 1.2075
v -0.8550 0.0180 1.0857
v -0.8417 0.0000 1.0990
v -0.8417 0.0000 1.1942
v -0.6593 0.0180 1.0857
v -0.6726 0.0000 1.0990
v -0.8550 0.1380 1.4153
v -0.8550 0.0597 1.3220
v -0.8417 0.0544 1.3437
v -0.8417 0.1156 1.4167
v -0.8550 0.3635 1.4974
v -0.8550 0.2435 1.4762
v -0.8417 0.2534 1.4963
v -0.8417 0.3472 1.5128
v -0.6593 0.2435 1.4762
v -0.6726 0.2534 1.4963
v -0.8550 0.4368 1.3481
v -0.8550 0.3635 1.3610
v -0.8550 0.2901 1.3481
v -0.8550 0.2256 1.3108
v -0.8550 0.1778 1.2538
v -0.8550 0.1523 1.1838
v -0.8550 0.1523 1.1094
v -0.8550 0.1778 1.0394
v -0.8550 0.2256 0.9823
v -0.8550 0.2901 0.9451
v -0.8550 0.3635 0.9322
v -0.8550 0.4368 0.9451
v -0.8550 0.5013 0.9823
v -0.8550 0.5491 1.0394
v -0.8550 0.5746 1.1094
v -0.8550 0.5746 1.1838
v -0.8550 0.5491 1.2538
v -0.8550 0.5013 1.3108
v -0.6593 0.3635 1.4974
v -0.6593 0.5889 1.4153
v -0.6726 0.7213 1.2262
v -0.6593 0.4834 0.8170
v -0.6593 0.3635 0.7958
v -0.6593 0.2435 0.8170
v -0.6593 0.1380 0.8779
v -0.6593 0.0597 0.9712
v -0.6726 0.6887 0.9775
v -0.6593 0.6672 0.9712
v -0.6726 0.5039 0.8080
v -0.6726 0.2534 0.7969
v -0.6726 0.0000 1.1942
v -0.6593 0.0180 1.2075
v -0.6726 0.1156 1.4167
v -0.6593 0.1380 1.4153
v -0.6358 0.6956 1.2052
v -0.6358 0.5879 1.1862
v -0.6358 0.5879 1.1070
v -0.6358 0.6555 1.3152
v -0.6358 0.5608 1.2605
v -0.6358 0.5802 1.4050
v -0.6358 0.5100 1.3212
v -0.6358 0.4788 1.4635
v -0.6358 0.4414 1.3608
v -0.6358 0.3635 1.4839
v -0.6358 0.3635 1.3745
v -0.6358 0.2481 1.4635
v -0.6358 0.2855 1.3608
v -0.6358 0.1467 1.4050
v -0.6358 0.2169 1.3212
v -0.6358 0.0714 1.3152
v -0.6358 0.1661 1.2605
v -0.6358 0.0313 1.2052
v -0.6358 0.1390 1.1862
v -0.6358 0.0313 1.0880
v -0.6358 0.1390 1.1070
v -0.6358 0.0714 0.9780
v -0.6358 0.1661 1.0326
v -0.6358 0.1467 0.8882
v -0.6358 0.2169 0.9720
v -0.6358 0.2481 0.8297
v -0.6358 0.2855 0.9324
v -0.6358 0.3635 0.8093
v -0.6358 0.3635 0.9187
v -0.6358 0.4788 0.8297
v -0.6358 0.4414 0.9324
v -0.6358 0.5802 0.8882
v -0.6358 0.5100 0.9720
v -0.6358 0.6555 0.9780
v -0.6358 0.5608 1.0326
v -0.6358 0.6956 1.0880
v -0.6726 0.5864 1.4375
v -0.6593 0.7089 1.2075
v -0.6726 0.5864 0.8556
v -0.6593 0.5889 0.8779
v -0.6726 0.3472 0.7804
v -0.6726 0.0544 0.9494
v -0.6726 0.1156 0.8765
v -0.6726 0.0544 1.3437
v -0.6593 0.0597 1.3220
v -0.6726 0.3472 1.5128
v -0.6593 0.4368 1.3481
v -0.6593 0.3635 1.3610
v -0.6593 0.2901 1.3481
v -0.6593 0.2256 1.3108
v -0.6593 0.1778 1.2538
v -0.6593 0.1523 1.1838
v -0.6593 0.1523 1.1094
v -0.6593 0.1778 1.0394
v -0.6593 0.2256 0.9823
v -0.6593 0.2901 0.9451
v -0.6593 0.3635 0.9322
v -0.6593 0.4368 0.9451
v -0.6593 0.5013 0.9823
v -0.6593 0.5491 1.0394
v -0.6593 0.5746 1.1094
v -0.6593 0.5746 1.1838
v -0.6593 0.5491 1.2538
v -0.6593 0.5013 1.3108
v -0.7590 0.3274 1.1274
v -0.7590 0.3606 1.1083
v -0.7590 0.3938 1.1274
v -0.7590 0.3938 1.1658
v -0.7590 0.3606 1.1849
v -0.7590 0.3274 1.1658
v -0.8038 0.4049 1.1721
v -0.8038 0.3606 1.1977
v -0.8038 0.4049 1.1210
v -0.8038 0.3606 1.0955
v -0.8038 0.3164 1.1210
v -0.8038 0.3164 1.1721
v -0.8100 0.3606 1.1849
v -0.8100 0.3938 1.1657
v -0.8100 0.3938 1.1274
v -0.8100 0.3606 1.1083
v -0.8100 0.3275 1.1274
v -0.8100 0.3275 1.1657
v -0.8130 0.4004 1.1696
v -0.8130 0.3606 1.1925
v -0.8130 0.4004 1.1236
v -0.8130 0.3606 1.1007
v -0.8130 0.3209 1.1236
v -0.8130 0.3209 1.1696
v -0.7822 0.3635 1.3554
v -0.7822 0.4349 1.3428
v -0.7822 0.4977 1.3065
v -0.7822 0.5443 1.2510
v -0.7822 0.5691 1.1828
v -0.7822 0.5691 1.1103
v -0.7822 0.5443 1.0422
v -0.7822 0.4977 0.9866
v -0.7822 0.4349 0.9504
v -0.7822 0.3635 0.9378
v -0.7822 0.2920 0.9504
v -0.7822 0.2292 0.9866
v -0.7822 0.1826 1.0422
v -0.7822 0.1578 1.1103
v -0.7822 0.1578 1.1828
v -0.7822 0.1826 1.2510
v -0.7822 0.2292 1.3065
v -0.7822 0.2920 1.3428
v -0.8639 0.5746 1.1838
v -0.8639 0.5746 1.1094
v -0.8639 0.5691 1.1103
v -0.8639 0.5691 1.1828
v -0.8639 0.5491 1.2538
v -0.8639 0.5443 1.2510
v -0.8639 0.5013 1.3108
v -0.8639 0.4977 1.3065
v -0.8639 0.4368 1.3481
v -0.8639 0.4349 1.3428
v -0.8639 0.3635 1.3610
v -0.8639 0.3635 1.3554
v -0.8639 0.2901 1.3481
v -0.8639 0.2920 1.3428
v -0.8639 0.2256 1.3108
v -0.8639 0.2292 1.3065
v -0.8639 0.1778 1.2538
v -0.8639 0.1826 1.2510
v -0.8639 0.1523 1.1838
v -0.8639 0.1578 1.1828
v -0.8639 0.1523 1.1094
v -0.8639 0.1578 1.1103
v -0.8639 0.1778 1.0394
v -0.8639 0.1826 1.0422
v -0.8639 0.2256 0.9823
v -0.8639 0.2292 0.9866
v -0.8639 0.2901 0.9451
v -0.8639 0.2920 0.9504
v -0.8639 0.3635 0.9322
v -0.8639 0.3635 0.9378
v -0.8639 0.4368 0.9451
v -0.8639 0.4349 0.9504
v -0.8639 0.5013 0.9823
v -0.8639 0.4977 0.9866
v -0.8639 0.5491 1.0394
v -0.8639 0.5443 1.0422
v -0.6593 0.2901 1.3481
v -0.6593 0.2256 1.3108
v -0.6593 0.1778 1.2538
v -0.6593 0.1523 1.1838
v -0.6593 0.1523 1.1094
v -0.6593 0.1778 1.0394
v -0.6593 0.2256 0.9823
v -0.6593 0.2901 0.9451
v -0.6593 0.3635 0.9322
v -0.6593 0.4368 0.9451
v -0.6593 0.5013 0.9823
v -0.6593 0.5491 1.0394
v -0.6593 0.5746 1.1094
v -0.6593 0.5746 1.1838
v -0.6593 0.5491 1.2538
v -0.6593 0.5013 1.3108
v -0.6593 0.4368 1.3481
v -0.6593 0.3635 1.3610
v -0.8550 0.3635 1.3610
v -0.8550 0.4368 1.3481
v -0.8550 0.5013 1.3108
v -0.8550 0.5491 1.2538
v -0.8550 0.5746 1.1838
v -0.8550 0.5746 1.1094
v -0.8550 0.5491 1.0394
v -0.8550 0.5013 0.9823
v -0.8550 0.4368 0.9451
v -0.8550 0.3635 0.9322
v -0.8550 0.2901 0.9451
v -0.8550 0.2256 0.9823
v -0.8550 0.1778 1.0394
v -0.8550 0.1523 1.1094
v -0.8550 0.1523 1.1838
v -0.8550 0.1778 1.2538
v -0.8550 0.2256 1.3108
v -0.8550 0.2901 1.3481
v -0.7926 0.3775 1.0868
v -0.7926 0.3599 1.1034
v -0.7926 0.3984 1.1256
v -0.7926 0.4040 1.1021
v -0.7802 0.3775 1.0868
v -0.7802 0.3599 1.1034
v -0.7802 0.4040 1.1021
v -0.7802 0.3984 1.1256
v -0.8488 0.3778 1.0461
v -0.7973 0.3829 1.0849
v -0.7973 0.4029 1.0965
v -0.8488 0.4391 1.0814
v -0.8316 0.3721 1.0416
v -0.8440 0.3714 1.0428
v -0.8316 0.4458 1.0842
v -0.8440 0.4451 1.0854
v -0.8127 0.3781 0.9132
v -0.8127 0.5540 1.0148
v -0.7971 0.3720 0.9004
v -0.8093 0.3707 0.9027
v -0.7971 0.5682 1.0136
v -0.8093 0.5669 1.0159
v -0.7926 0.4208 1.1313
v -0.7926 0.3976 1.1244
v -0.7926 0.3976 1.1688
v -0.7926 0.4208 1.1619
v -0.7802 0.4208 1.1313
v -0.7802 0.3976 1.1244
v -0.7802 0.4208 1.1619
v -0.7802 0.3976 1.1688
v -0.8488 0.4563 1.1112
v -0.7973 0.4252 1.1350
v -0.7973 0.4252 1.1582
v -0.8488 0.4563 1.1820
v -0.8316 0.4572 1.1040
v -0.8440 0.4559 1.1040
v -0.8316 0.4572 1.1892
v -0.8440 0.4559 1.1892
v -0.8127 0.5715 1.0450
v -0.8127 0.5715 1.2482
v -0.7971 0.5796 1.0333
v -0.8093 0.5769 1.0333
v -0.7971 0.5796 1.2599
v -0.8093 0.5769 1.2599
v -0.7926 0.3173 1.1021
v -0.7926 0.3229 1.1256
v -0.7926 0.3614 1.1034
v -0.7926 0.3438 1.0868
v -0.7802 0.3173 1.1021
v -0.7802 0.3229 1.1256
v -0.7802 0.3438 1.0868
v -0.7802 0.3614 1.1034
v -0.8488 0.2822 1.0814
v -0.7973 0.3183 1.0965
v -0.7973 0.3384 1.0849
v -0.8488 0.3434 1.0461
v -0.8316 0.2755 1.0842
v -0.8440 0.2761 1.0854
v -0.8316 0.3492 1.0416
v -0.8440 0.3499 1.0428
v -0.8127 0.1672 1.0148
v -0.8127 0.3432 0.9132
v -0.7971 0.1531 1.0136
v -0.8093 0.1544 1.0159
v -0.7971 0.3493 0.9004
v -0.8093 0.3506 0.9027
v -0.7926 0.3005 1.1619
v -0.7926 0.3236 1.1688
v -0.7926 0.3236 1.1244
v -0.7926 0.3005 1.1313
v -0.7802 0.3005 1.1619
v -0.7802 0.3236 1.1688
v -0.7802 0.3005 1.1313
v -0.7802 0.3236 1.1244
v -0.8488 0.2650 1.1820
v -0.7973 0.2961 1.1582
v -0.7973 0.2961 1.1350
v -0.8488 0.2650 1.1112
v -0.8316 0.2640 1.1892
v -0.8440 0.2654 1.1892
v -0.8316 0.2640 1.1040
v -0.8440 0.2654 1.1040
v -0.8127 0.1498 1.2482
v -0.8127 0.1498 1.0450
v -0.7971 0.1417 1.2599
v -0.8093 0.1444 1.2599
v -0.7971 0.1417 1.0333
v -0.8093 0.1444 1.0333
v -0.7926 0.3438 1.2063
v -0.7926 0.3614 1.1897
v -0.7926 0.3229 1.1675
v -0.7926 0.3173 1.1911
v -0.7802 0.3438 1.2063
v -0.7802 0.3614 1.1897
v -0.7802 0.3173 1.1911
v -0.7802 0.3229 1.1675
v -0.8488 0.3434 1.2471
v -0.7973 0.3384 1.2083
v -0.7973 0.3183 1.1967
v -0.8488 0.2822 1.2118
v -0.8316 0.3492 1.2515
v -0.8440 0.3499 1.2504
v -0.8316 0.2755 1.2090
v -0.8440 0.2761 1.2078
v -0.8127 0.3432 1.3800
v -0.8127 0.1672 1.2784
v -0.7971 0.3493 1.3928
v -0.8093 0.3506 1.3905
v -0.7971 0.1531 1.2796
v -0.8093 0.1544 1.2773
v -0.7926 0.4040 1.1911
v -0.7926 0.3984 1.1675
v -0.7926 0.3599 1.1897
v -0.7926 0.3775 1.2063
v -0.7802 0.4040 1.1911
v -0.7802 0.3984 1.1675
v -0.7802 0.3775 1.2063
v -0.7802 0.3599 1.1897
v -0.8488 0.4391 1.2118
v -0.7973 0.4029 1.1967
v -0.7973 0.3829 1.2083
v -0.8488 0.3778 1.2471
v -0.8316 0.4458 1.2090
v -0.8440 0.4451 1.2078
v -0.8316 0.3721 1.2515
v -0.8440 0.3714 1.2504
v -0.8127 0.5540 1.2784
v -0.8127 0.3781 1.3800
v -0.7971 0.5682 1.2796
v -0.8093 0.5669 1.2773
v -0.7971 0.3720 1.3928
v -0.8093 0.3707 1.3905
v -0.8785 0.6555 -1.2324
v -0.8785 0.6956 -1.3425
v -0.8785 0.5879 -1.3615
v -0.8785 0.5608 -1.2871
v -0.8785 0.5802 -1.1427
v -0.8785 0.5100 -1.2264
v -0.8785 0.4788 -1.0841
v -0.8785 0.4414 -1.1869
v -0.8785 0.3635 -1.0638
v -0.8785 0.3635 -1.1731
v -0.8785 0.2481 -1.0841
v -0.8785 0.2855 -1.1869
v -0.8785 0.1467 -1.1427
v -0.8785 0.2169 -1.2264
v -0.8785 0.0714 -1.2324
v -0.8785 0.1661 -1.2871
v -0.8785 0.0313 -1.3425
v -0.8785 0.1390 -1.3615
v -0.8785 0.0313 -1.4596
v -0.8785 0.1390 -1.4406
v -0.8785 0.0714 -1.5697
v -0.8785 0.1661 -1.5150
v -0.8785 0.1467 -1.6594
v -0.8785 0.2169 -1.5756
v -0.8785 0.2481 -1.7180
v -0.8785 0.2855 -1.6152
v -0.8785 0.3635 -1.7383
v -0.8785 0.3635 -1.6290
v -0.8785 0.4788 -1.7180
v -0.8785 0.4414 -1.6152
v -0.8785 0.5802 -1.6594
v -0.8785 0.5100 -1.5756
v -0.8785 0.6555 -1.5697
v -0.8785 0.5608 -1.5150
v -0.8785 0.6956 -1.4596
v -0.8785 0.5879 -1.4406
v -0.8550 0.5889 -1.1323
v -0.8550 0.4834 -1.0714
v -0.8417 0.5039 -1.0625
v -0.8417 0.5864 -1.1101
v -0.6593 0.4834 -1.0714
v -0.6726 0.5039 -1.0625
v -0.8550 0.7089 -1.3401
v -0.8550 0.6672 -1.2257
v -0.8417 0.6887 -1.2320
v -0.8417 0.7213 -1.3215
v -0.6593 0.6672 -1.2257
v -0.6726 0.6887 -1.2320
v -0.8550 0.6672 -1.5764
v -0.8550 0.7089 -1.4620
v -0.8417 0.7213 -1.4806
v -0.8417 0.6887 -1.5701
v -0.6593 0.7089 -1.4620
v -0.6726 0.7213 -1.4806
v -0.8550 0.4834 -1.7307
v -0.8550 0.5889 -1.6697
v -0.8417 0.5864 -1.6920
v -0.8417 0.5039 -1.7396
v -0.8550 0.2435 -1.7307
v -0.8550 0.3635 -1.7518
v -0.8417 0.3472 -1.7672
v -0.8417 0.2534 -1.7507
v -0.8550 0.0597 -1.5764
v -0.8550 0.1380 -1.6697
v -0.8417 0.1156 -1.6711
v -0.8417 0.0544 -1.5982
v -0.8550 0.0180 -1.3401
v -0.8550 0.0180 -1.4620
v -0.8417 0.0000 -1.4487
v -0.8417 0.0000 -1.3534
v -0.6593 0.0180 -1.4620
v -0.6726 0.0000 -1.4487
v -0.8550 0.1380 -1.1323
v -0.8550 0.0597 -1.2257
v -0.8417 0.0544 -1.2039
v -0.8417 0.1156 -1.1309
v -0.8550 0.3635 -1.0503
v -0.8550 0.2435 -1.0714
v -0.8417 0.2534 -1.0514
v -0.8417 0.3472 -1.0348
v -0.6593 0.2435 -1.0714
v -0.6726 0.2534 -1.0514
v -0.8550 0.4368 -1.1996
v -0.8550 0.3635 -1.1866
v -0.8550 0.2901 -1.1996
v -0.8550 0.2256 -1.2368
v -0.8550 0.1778 -1.2938
v -0.8550 0.1523 -1.3638
v -0.8550 0.1523 -1.4383
v -0.8550 0.1778 -1.5082
v -0.8550 0.2256 -1.5653
v -0.8550 0.2901 -1.6025
v -0.8550 0.3635 -1.6155
v -0.8550 0.4368 -1.6025
v -0.8550 0.5013 -1.5653
v -0.8550 0.5491 -1.5082
v -0.8550 0.5746 -1.4383
v -0.8550 0.5746 -1.3638
v -0.8550 0.5491 -1.2938
v -0.8550 0.5013 -1.2368
v -0.6593 0.3635 -1.0503
v -0.6593 0.5889 -1.1323
v -0.6726 0.7213 -1.3215
v -0.6593 0.4834 -1.7307
v -0.6593 0.3635 -1.7518
v -0.6593 0.2435 -1.7307
v -0.6593 0.1380 -1.6698
v -0.6593 0.0597 -1.5764
v -0.6726 0.6887 -1.5701
v -0.6593 0.6672 -1.5764
v -0.6726 0.5039 -1.7396
v -0.6726 0.2534 -1.7507
v -0.6726 0.0000 -1.3534
v -0.6593 0.0180 -1.3401
v -0.6726 0.1156 -1.1309
v -0.6593 0.1380 -1.1323
v -0.6358 0.6956 -1.3425
v -0.6358 0.5879 -1.3615
v -0.6358 0.5879 -1.4406
v -0.6358 0.6555 -1.2324
v -0.6358 0.5608 -1.2871
v -0.6358 0.5802 -1.1427
v -0.6358 0.5100 -1.2264
v -0.6358 0.4788 -1.0841
v -0.6358 0.4414 -1.1869
v -0.6358 0.3635 -1.0638
v -0.6358 0.3635 -1.1731
v -0.6358 0.2481 -1.0841
v -0.6358 0.2855 -1.1869
v -0.6358 0.1467 -1.1427
v -0.6358 0.2169 -1.2264
v -0.6358 0.0714 -1.2324
v -0.6358 0.1661 -1.2871
v -0.6358 0.0313 -1.3425
v -0.6358 0.1390 -1.3615
v -0.6358 0.0313 -1.4596
v -0.6358 0.1390 -1.4406
v -0.6358 0.0714 -1.5697
v -0.6358 0.1661 -1.5150
v -0.6358 0.1467 -1.6594
v -0.6358 0.2169 -1.5756
v -0.6358 0.2481 -1.7180
v -0.6358 0.2855 -1.6152
v -0.6358 0.3635 -1.7383
v -0.6358 0.3635 -1.6290
v -0.6358 0.4788 -1.7180
v -0.6358 0.4414 -1.6152
v -0.6358 0.5802 -1.6594
v -0.6358 0.5100 -1.5756
v -0.6358 0.6555 -1.5697
v -0.6358 0.5608 -1.5150
v -0.6358 0.6956 -1.4596
v -0.6726 0.5864 -1.1101
v -0.6593 0.7089 -1.3401
v -0.6726 0.5864 -1.6920
v -0.6593 0.5889 -1.6697
v -0.6726 0.3472 -1.7672
v -0.6726 0.0544 -1.5982
v -0.6726 0.1156 -1.6711
v -0.6726 0.0544 -1.2039
v -0.6593 0.0597 -1.2257
v -0.6726 0.3472 -1.0348
v -0.6593 0.4368 -1.1996
v -0.6593 0.3635 -1.1866
v -0.6593 0.2901 -1.1996
v -0.6593 0.2256 -1.2368
v -0.6593 0.1778 -1.2938
v -0.6593 0.1523 -1.3638
v -0.6593 0.1523 -1.4383
v -0.6593 0.1778 -1.5082
v -0.6593 0.2256 -1.5653
v -0.6593 0.2901 -1.6025
v -0.6593 0.3635 -1.6155
v -0.6593 0.4368 -1.6025
v -0.6593 0.5013 -1.5653
v -0.6593 0.5491 -1.5082
v -0.6593 0.5746 -1.4383
v -0.6593 0.5746 -1.3638
v -0.6593 0.5491 -1.2938
v -0.6593 0.5013 -1.2368
v -0.7590 0.3274 -1.4202
v -0.7590 0.3606 -1.4394
v -0.7590 0.3938 -1.4202
v -0.7590 0.3938 -1.3819
v -0.7590 0.3606 -1.3627
v -0.7590 0.3274 -1.3819
v -0.8038 0.4049 -1.3755
v -0.8038 0.3606 -1.3499
v -0.8038 0.4049 -1.4266
v -0.8038 0.3606 -1.4522
v -0.8038 0.3164 -1.4266
v -0.8038 0.3164 -1.3755
v -0.8100 0.3606 -1.3627
v -0.8100 0.3938 -1.3819
v -0.8100 0.3938 -1.4202
v -0.8100 0.3606 -1.4393
v -0.8100 0.3275 -1.4202
v -0.8100 0.3275 -1.3819
v -0.8130 0.4004 -1.3781
v -0.8130 0.3606 -1.3551
v -0.8130 0.4004 -1.4240
v -0.8130 0.3606 -1.4470
v -0.8130 0.3209 -1.4240
v -0.8130 0.3209 -1.3781
v -0.7822 0.3635 -1.1922
v -0.7822 0.4349 -1.2048
v -0.7822 0.4977 -1.2411
v -0.7822 0.5443 -1.2966
v -0.7822 0.5691 -1.3648
v -0.7822 0.5691 -1.4373
v -0.7822 0.5443 -1.5054
v -0.7822 0.4977 -1.5610
v -0.7822 0.4349 -1.5973
v -0.7822 0.3635 -1.6098
v -0.7822 0.2920 -1.5973
v -0.7822 0.2292 -1.5610
v -0.7822 0.1826 -1.5054
v -0.7822 0.1578 -1.4373
v -0.7822 0.1578 -1.3648
v -0.7822 0.1826 -1.2966
v -0.7822 0.2292 -1.2411
v -0.7822 0.2920 -1.2048
v -0.8639 0.5746 -1.3638
v -0.8639 0.5746 -1.4383
v -0.8639 0.5691 -1.4373
v -0.8639 0.5691 -1.3648
v -0.8639 0.5491 -1.2938
v -0.8639 0.5443 -1.2966
v -0.8639 0.5013 -1.2368
v -0.8639 0.4977 -1.2411
v -0.8639 0.4368 -1.1996
v -0.8639 0.4349 -1.2048
v -0.8639 0.3635 -1.1866
v -0.8639 0.3635 -1.1922
v -0.8639 0.2901 -1.1996
v -0.8639 0.2920 -1.2048
v -0.8639 0.2256 -1.2368
v -0.8639 0.2292 -1.2411
v -0.8639 0.1778 -1.2938
v -0.8639 0.1826 -1.2966
v -0.8639 0.1523 -1.3638
v -0.8639 0.1578 -1.3648
v -0.8639 0.1523 -1.4383
v -0.8639 0.1578 -1.4373
v -0.8639 0.1778 -1.5082
v -0.8639 0.1826 -1.5054
v -0.8639 0.2256 -1.5653
v -0.8639 0.2292 -1.5610
v -0.8639 0.2901 -1.6025
v -0.8639 0.2920 -1.5973
v -0.8639 0.3635 -1.6155
v -0.8639 0.3635 -1.6098
v -0.8639 0.4368 -1.6025
v -0.8639 0.4349 -1.5973
v -0.8639 0.5013 -1.5653
v -0.8639 0.4977 -1.5610
v -0.8639 0.5491 -1.5082
v -0.8639 0.5443 -1.5054
v -0.6593 0.2901 -1.1996
v -0.6593 0.2256 -1.2368
v -0.6593 0.1778 -1.2938
v -0.6593 0.1523 -1.3638
v -0.6593 0.1523 -1.4383
v -0.6593 0.1778 -1.5082
v -0.6593 0.2256 -1.5653
v -0.6593 0.2901 -1.6025
v -0.6593 0.3635 -1.6155
v -0.6593 0.4368 -1.6025
v -0.6593 0.5013 -1.5653
v -0.6593 0.5491 -1.5082
v -0.6593 0.5746 -1.4383
v -0.6593 0.5746 -1.3638
v -0.6593 0.5491 -1.2938
v -0.6593 0.5013 -1.2368
v -0.6593 0.4368 -1.1996
v -0.6593 0.3635 -1.1866
v -0.8550 0.3635 -1.1866
v -0.8550 0.4368 -1.1996
v -0.8550 0.5013 -1.2368
v -0.8550 0.5491 -1.2938
v -0.8550 0.5746 -1.3638
v -0.8550 0.5746 -1.4383
v -0.8550 0.5491 -1.5082
v -0.8550 0.5013 -1.5653
v -0.8550 0.4368 -1.6025
v -0.8550 0.3635 -1.6155
v -0.8550 0.2901 -1.6025
v -0.8550 0.2256 -1.5653
v -0.8550 0.1778 -1.5082
v -0.8550 0.1523 -1.4383
v -0.8550 0.1523 -1.3638
v -0.8550 0.1778 -1.2938
v -0.8550 0.2256 -1.2368
v -0.8550 0.2901 -1.1996
v -0.7926 0.3775 -1.4608
v -0.7926 0.3599 -1.4442
v -0.7926 0.3984 -1.4220
v -0.7926 0.4040 -1.4455
v -0.7802 0.3775 -1.4608
v -0.7802 0.3599 -1.4442
v -0.7802 0.4040 -1.4455
v -0.7802 0.3984 -1.4220
v -0.8488 0.3778 -1.5016
v -0.7973 0.3829 -1.4627
v -0.7973 0.4029 -1.4512
v -0.8488 0.4391 -1.4662
v -0.8316 0.3721 -1.5060
v -0.8440 0.3714 -1.5048
v -0.8316 0.4458 -1.4634
v -0.8440 0.4451 -1.4623
v -0.8127 0.3781 -1.6344
v -0.8127 0.5540 -1.5328
v -0.7971 0.3720 -1.6473
v -0.8093 0.3707 -1.6450
v -0.7971 0.5682 -1.5340
v -0.8093 0.5669 -1.5317
v -0.7926 0.4208 -1.4163
v -0.7926 0.3976 -1.4232
v -0.7926 0.3976 -1.3788
v -0.7926 0.4208 -1.3858
v -0.7802 0.4208 -1.4163
v -0.7802 0.3976 -1.4232
v -0.7802 0.4208 -1.3858
v -0.7802 0.3976 -1.3788
v -0.8488 0.4563 -1.4364
v -0.7973 0.4252 -1.4126
v -0.7973 0.4252 -1.3895
v -0.8488 0.4563 -1.3657
v -0.8316 0.4572 -1.4436
v -0.8440 0.4559 -1.4436
v -0.8316 0.4572 -1.3585
v -0.8440 0.4559 -1.3585
v -0.8127 0.5715 -1.5026
v -0.8127 0.5715 -1.2995
v -0.7971 0.5796 -1.5143
v -0.8093 0.5769 -1.5143
v -0.7971 0.5796 -1.2878
v -0.8093 0.5769 -1.2878
v -0.7926 0.3173 -1.4455
v -0.7926 0.3229 -1.4220
v -0.7926 0.3614 -1.4442
v -0.7926 0.3438 -1.4608
v -0.7802 0.3173 -1.4455
v -0.7802 0.3229 -1.4220
v -0.7802 0.3438 -1.4608
v -0.7802 0.3614 -1.4442
v -0.8488 0.2822 -1.4662
v -0.7973 0.3183 -1.4512
v -0.7973 0.3384 -1.4627
v -0.8488 0.3434 -1.5016
v -0.8316 0.2755 -1.4634
v -0.8440 0.2761 -1.4623
v -0.8316 0.3492 -1.5060
v -0.8440 0.3499 -1.5048
v -0.8127 0.1672 -1.5328
v -0.8127 0.3432 -1.6344
v -0.7971 0.1531 -1.5340
v -0.8093 0.1544 -1.5317
v -0.7971 0.3493 -1.6473
v -0.8093 0.3506 -1.6450
v -0.7926 0.3005 -1.3858
v -0.7926 0.3236 -1.3788
v -0.7926 0.3236 -1.4232
v -0.7926 0.3005 -1.4163
v -0.7802 0.3005 -1.3858
v -0.7802 0.3236 -1.3788
v -0.7802 0.3005 -1.4163
v -0.7802 0.3236 -1.4232
v -0.8488 0.2650 -1.3657
v -0.7973 0.2961 -1.3895
v -0.7973 0.2961 -1.4126
v -0.8488 0.2650 -1.4364
v -0.8316 0.2640 -1.3585
v -0.8440 0.2654 -1.3585
v -0.8316 0.2640 -1.4436
v -0.8440 0.2654 -1.4436
v -0.8127 0.1498 -1.2995
v -0.8127 0.1498 -1.5026
v -0.7971 0.1417 -1.2878
v -0.8093 0.1444 -1.2878
v -0.7971 0.1417 -1.5143
v -0.8093 0.1444 -1.5143
v -0.7926 0.3438 -1.3413
v -0.7926 0.3614 -1.3579
v -0.7926 0.3229 -1.3801
v -0.7926 0.3173 -1.3566
v -0.7802 0.3438 -1.3413
v -0.7802 0.3614 -1.3579
v -0.7802 0.3173 -1.3566
v -0.7802 0.3229 -1.3801
v -0.8488 0.3434 -1.3005
v -0.7973 0.3384 -1.3394
v -0.7973 0.3183 -1.3509
v -0.8488 0.2822 -1.3359
v -0.8316 0.3492 -1.2961
v -0.8440 0.3499 -1.2973
v -0.8316 0.2755 -1.3387
v -0.8440 0.2761 -1.3398
v -0.8127 0.3432 -1.1677
v -0.8127 0.1672 -1.2692
v -0.7971 0.3493 -1.1548
v -0.8093 0.3506 -1.1571
v -0.7971 0.1531 -1.2681
v -0.8093 0.1544 -1.2704
v -0.7926 0.4040 -1.3566
v -0.7926 0.3984 -1.3801
v -0.7926 0.3599 -1.3579
v -0.7926 0.3775 -1.3413
v -0.7802 0.4040 -1.3566
v -0.7802 0.3984 -1.3801
v -0.7802 0.3775 -1.3413
v -0.7802 0.3599 -1.3579
v -0.8488 0.4391 -1.3359
v -0.7973 0.4029 -1.3509
v -0.7973 0.3829 -1.3394
v -0.8488 0.3778 -1.3005
v -0.8316 0.4458 -1.3387
v -0.8440 0.4451 -1.3398
v -0.8316 0.3721 -1.2961
v -0.8440 0.3714 -1.2973
v -0.8127 0.5540 -1.2692
v -0.8127 0.3781 -1.1677
v -0.7971 0.5682 -1.2681
v -0.8093 0.5669 -1.2704
v -0.7971 0.3720 -1.1548
v -0.8093 0.3707 -1.1571
v 0.8785 0.6956 1.2052
v 0.8785 0.5879 1.1862
v 0.8785 0.5879 1.1070
v 0.8785 0.6555 1.3152
v 0.8785 0.5608 1.2605
v 0.8785 0.5802 1.4050
v 0.8785 0.5100 1.3212
v 0.8785 0.4788 1.4635
v 0.8785 0.4414 1.3608
v 0.8785 0.3635 1.4839
v 0.8785 0.3635 1.3745
v 0.8785 0.2481 1.4635
v 0.8785 0.2855 1.3608
v 0.8785 0.1467 1.4050
v 0.8785 0.2169 1.3212
v 0.8785 0.0714 1.3152
v 0.8785 0.1661 1.2605
v 0.8785 0.0313 1.2052
v 0.8785 0.1390 1.1862
v 0.8785 0.0313 1.0880
v 0.8785 0.1390 1.1070
v 0.8785 0.0714 0.9780
v 0.8785 0.1661 1.0326
v 0.8785 0.1467 0.8882
v 0.8785 0.2169 0.9720
v 0.8785 0.2481 0.8297
v 0.8785 0.2855 0.9324
v 0.8785 0.3635 0.8093
v 0.8785 0.3635 0.9187
v 0.8785 0.4788 0.8297
v 0.8785 0.4414 0.9324
v 0.8785 0.5802 0.8882
v 0.8785 0.5100 0.9720
v 0.8785 0.6555 0.9780
v 0.8785 0.5608 1.0326
v 0.8785 0.6956 1.0880
v 0.8550 0.5889 1.4153
v 0.8417 0.5864 1.4375
v 0.8417 0.5039 1.4852
v 0.8550 0.4834 1.4762
v 0.6593 0.4834 1.4762
v 0.6726 0.5039 1.4852
v 0.8550 0.7089 1.2075
v 0.8417 0.7213 1.2262
v 0.8417 0.6887 1.3156
v 0.8550 0.6672 1.3220
v 0.6726 0.6887 1.3156
v 0.6593 0.6672 1.3220
v 0.8550 0.6672 0.9712
v 0.8417 0.6887 0.9775
v 0.8417 0.7213 1.0670
v 0.8550 0.7089 1.0857
v 0.6593 0.7089 1.0857
v 0.6726 0.7213 1.0670
v 0.8550 0.4834 0.8170
v 0.8417 0.5039 0.8080
v 0.8417 0.5864 0.8556
v 0.8550 0.5889 0.8779
v 0.8550 0.2435 0.8170
v 0.8417 0.2534 0.7969
v 0.8417 0.3472 0.7804
v 0.8550 0.3635 0.7958
v 0.8550 0.0597 0.9712
v 0.8417 0.0544 0.9494
v 0.8417 0.1156 0.8765
v 0.8550 0.1380 0.8779
v 0.8550 0.0180 1.2075
v 0.8417 0.0000 1.1942
v 0.8417 0.0000 1.0990
v 0.8550 0.0180 1.0857
v 0.6593 0.0180 1.0857
v 0.6726 0.0000 1.0990
v 0.8550 0.1380 1.4153
v 0.8417 0.1156 1.4167
v 0.8417 0.0544 1.3437
v 0.8550 0.0597 1.3220
v 0.8550 0.3635 1.4974
v 0.8417 0.3472 1.5128
v 0.8417 0.2534 1.4963
v 0.8550 0.2435 1.4762
v 0.6726 0.2534 1.4963
v 0.6593 0.2435 1.4762
v 0.8550 0.4368 1.3481
v 0.8550 0.3635 1.3610
v 0.8550 0.2901 1.3481
v 0.8550 0.2256 1.3108
v 0.8550 0.1778 1.2538
v 0.8550 0.1523 1.1838
v 0.8550 0.1523 1.1094
v 0.8550 0.1778 1.0394
v 0.8550 0.2256 0.9823
v 0.8550 0.2901 0.9451
v 0.8550 0.3635 0.9322
v 0.8550 0.4368 0.9451
v 0.8550 0.5013 0.9823
v 0.8550 0.5491 1.0394
v 0.8550 0.5746 1.1094
v 0.8550 0.5746 1.1838
v 0.8550 0.5491 1.2538
v 0.8550 0.5013 1.3108
v 0.6593 0.3635 1.4974
v 0.6593 0.5889 1.4153
v 0.6726 0.7213 1.2262
v 0.6593 0.3635 0.7958
v 0.6593 0.4834 0.8170
v 0.6593 0.1380 0.8779
v 0.6593 0.2435 0.8170
v 0.6593 0.0597 0.9712
v 0.6593 0.6672 0.9712
v 0.6726 0.6887 0.9775
v 0.6726 0.5039 0.8080
v 0.6726 0.2534 0.7969
v 0.6593 0.0180 1.2075
v 0.6726 0.0000 1.1942
v 0.6593 0.1380 1.4153
v 0.6726 0.1156 1.4167
v 0.6358 0.6555 1.3152
v 0.6358 0.6956 1.2052
v 0.6358 0.5879 1.1862
v 0.6358 0.5608 1.2605
v 0.6358 0.5802 1.4050
v 0.6358 0.5100 1.3212
v 0.6358 0.4788 1.4635
v 0.6358 0.4414 1.3608
v 0.6358 0.3635 1.4839
v 0.6358 0.3635 1.3745
v 0.6358 0.2481 1.4635
v 0.6358 0.2855 1.3608
v 0.6358 0.1467 1.4050
v 0.6358 0.2169 1.3212
v 0.6358 0.0714 1.3152
v 0.6358 0.1661 1.2605
v 0.6358 0.0313 1.2052
v 0.6358 0.1390 1.1862
v 0.6358 0.0313 1.0880
v 0.6358 0.1390 1.1070
v 0.6358 0.0714 0.9780
v 0.6358 0.1661 1.0326
v 0.6358 0.1467 0.8882
v 0.6358 0.2169 0.9720
v 0.6358 0.2481 0.8297
v 0.6358 0.2855 0.9324
v 0.6358 0.3635 0.8093
v 0.6358 0.3635 0.9187
v 0.6358 0.4788 0.8297
v 0.6358 0.4414 0.9324
v 0.6358 0.5802 0.8882
v 0.6358 0.5100 0.9720
v 0.6358 0.6555 0.9780
v 0.6358 0.5608 1.0326
v 0.6358 0.6956 1.0880
v 0.6358 0.5879 1.1070
v 0.6726 0.5864 1.4375
v 0.6593 0.7089 1.2075
v 0.6593 0.5889 0.8779
v 0.6726 0.5864 0.8556
v 0.6726 0.3472 0.7804
v 0.6726 0.1156 0.8765
v 0.6726 0.0544 0.9494
v 0.6593 0.0597 1.3220
v 0.6726 0.0544 1.3437
v 0.6726 0.3472 1.5128
v 0.6593 0.4368 1.3481
v 0.6593 0.3635 1.3610
v 0.6593 0.2901 1.3481
v 0.6593 0.2256 1.3108
v 0.6593 0.1778 1.2538
v 0.6593 0.1523 1.1838
v 0.6593 0.1523 1.1094
v 0.6593 0.1778 1.0394
v 0.6593 0.2256 0.9823
v 0.6593 0.2901 0.9451
v 0.6593 0.3635 0.9322
v 0.6593 0.4368 0.9451
v 0.6593 0.5013 0.9823
v 0.6593 0.5491 1.0394
v 0.6593 0.5746 1.1094
v 0.6593 0.5746 1.1838
v 0.6593 0.5491 1.2538
v 0.6593 0.5013 1.3108
v 0.7590 0.3606 1.1849
v 0.7590 0.3938 1.1658
v 0.7590 0.3938 1.1274
v 0.7590 0.3606 1.1083
v 0.7590 0.3274 1.1274
v 0.7590 0.3274 1.1658
v 0.8038 0.3606 1.1977
v 0.8038 0.4049 1.1721
v 0.8038 0.4049 1.1210
v 0.8038 0.3606 1.0955
v 0.8038 0.3164 1.1210
v 0.8038 0.3164 1.1721
v 0.8100 0.3275 1.1274
v 0.8100 0.3606 1.1083
v 0.8100 0.3938 1.1274
v 0.8100 0.3938 1.1657
v 0.8100 0.3606 1.1849
v 0.8100 0.3275 1.1657
v 0.8130 0.3606 1.1925
v 0.8130 0.4004 1.1696
v 0.8130 0.4004 1.1236
v 0.8130 0.3606 1.1007
v 0.8130 0.3209 1.1236
v 0.8130 0.3209 1.1696
v 0.7822 0.2292 1.3065
v 0.7822 0.1826 1.2510
v 0.7822 0.1578 1.1828
v 0.7822 0.1578 1.1103
v 0.7822 0.1826 1.0422
v 0.7822 0.2292 0.9866
v 0.7822 0.2920 0.9504
v 0.7822 0.3635 0.9378
v 0.7822 0.4349 0.9504
v 0.7822 0.4977 0.9866
v 0.7822 0.5443 1.0422
v 0.7822 0.5691 1.1103
v 0.7822 0.5691 1.1828
v 0.7822 0.5443 1.2510
v 0.7822 0.4977 1.3065
v 0.7822 0.4349 1.3428
v 0.7822 0.3635 1.3554
v 0.7822 0.2920 1.3428
v 0.8639 0.5746 1.1094
v 0.8639 0.5691 1.1103
v 0.8639 0.5443 1.0422
v 0.8639 0.5746 1.1838
v 0.8639 0.5691 1.1828
v 0.8639 0.5491 1.2538
v 0.8639 0.5443 1.2510
v 0.8639 0.5013 1.3108
v 0.8639 0.4977 1.3065
v 0.8639 0.4368 1.3481
v 0.8639 0.4349 1.3428
v 0.8639 0.3635 1.3610
v 0.8639 0.3635 1.3554
v 0.8639 0.2901 1.3481
v 0.8639 0.2920 1.3428
v 0.8639 0.2256 1.3108
v 0.8639 0.2292 1.3065
v 0.8639 0.1778 1.2538
v 0.8639 0.1826 1.2510
v 0.8639 0.1523 1.1838
v 0.8639 0.1578 1.1828
v 0.8639 0.1523 1.1094
v 0.8639 0.1578 1.1103
v 0.8639 0.1778 1.0394
v 0.8639 0.1826 1.0422
v 0.8639 0.2256 0.9823
v 0.8639 0.2292 0.9866
v 0.8639 0.2901 0.9451
v 0.8639 0.2920 0.9504
v 0.8639 0.3635 0.9322
v 0.8639 0.3635 0.9378
v 0.8639 0.4368 0.9451
v 0.8639 0.4349 0.9504
v 0.8639 0.5013 0.9823
v 0.8639 0.4977 0.9866
v 0.8639 0.5491 1.0394
v 0.6593 0.4368 1.3481
v 0.6593 0.5013 1.3108
v 0.6593 0.5491 1.2538
v 0.6593 0.5746 1.1838
v 0.6593 0.5746 1.1094
v 0.6593 0.5491 1.0394
v 0.6593 0.5013 0.9823
v 0.6593 0.4368 0.9451
v 0.6593 0.3635 0.9322
v 0.6593 0.2901 0.9451
v 0.6593 0.2256 0.9823
v 0.6593 0.1778 1.0394
v 0.6593 0.1523 1.1094
v 0.6593 0.1523 1.1838
v 0.6593 0.1778 1.2538
v 0.6593 0.2256 1.3108
v 0.6593 0.2901 1.3481
v 0.6593 0.3635 1.3610
v 0.8550 0.3635 1.3610
v 0.8550 0.4368 1.3481
v 0.8550 0.5013 1.3108
v 0.8550 0.5491 1.2538
v 0.8550 0.5746 1.1838
v 0.8550 0.5746 1.1094
v 0.8550 0.5491 1.0394
v 0.8550 0.5013 0.9823
v 0.8550 0.4368 0.9451
v 0.8550 0.3635 0.9322
v 0.8550 0.2901 0.9451
v 0.8550 0.2256 0.9823
v 0.8550 0.1778 1.0394
v 0.8550 0.1523 1.1094
v 0.8550 0.1523 1.1838
v 0.8550 0.1778 1.2538
v 0.8550 0.2256 1.3108
v 0.8550 0.2901 1.3481
v 0.7926 0.3775 1.0868
v 0.7926 0.4040 1.1021
v 0.7926 0.3984 1.1256
v 0.7926 0.3599 1.1034
v 0.7802 0.3775 1.0868
v 0.7802 0.3599 1.1034
v 0.7802 0.4040 1.1021
v 0.7802 0.3984 1.1256
v 0.8488 0.3778 1.0461
v 0.8488 0.4391 1.0814
v 0.7973 0.4029 1.0965
v 0.7973 0.3829 1.0849
v 0.8316 0.3721 1.0416
v 0.8440 0.3714 1.0428
v 0.8316 0.4458 1.0842
v 0.8440 0.4451 1.0854
v 0.8127 0.3781 0.9132
v 0.8127 0.5540 1.0148
v 0.7971 0.3720 0.9004
v 0.8093 0.3707 0.9027
v 0.7971 0.5682 1.0136
v 0.8093 0.5669 1.0159
v 0.7926 0.4208 1.1313
v 0.7926 0.4208 1.1619
v 0.7926 0.3976 1.1688
v 0.7926 0.3976 1.1244
v 0.7802 0.4208 1.1313
v 0.7802 0.3976 1.1244
v 0.7802 0.4208 1.1619
v 0.7802 0.3976 1.1688
v 0.8488 0.4563 1.1112
v 0.8488 0.4563 1.1820
v 0.7973 0.4252 1.1582
v 0.7973 0.4252 1.1350
v 0.8316 0.4572 1.1040
v 0.8440 0.4559 1.1040
v 0.8316 0.4572 1.1892
v 0.8440 0.4559 1.1892
v 0.8127 0.5715 1.0450
v 0.8127 0.5715 1.2482
v 0.7971 0.5796 1.0333
v 0.8093 0.5769 1.0333
v 0.7971 0.5796 1.2599
v 0.8093 0.5769 1.2599
v 0.7926 0.3173 1.1021
v 0.7926 0.3438 1.0868
v 0.7926 0.3614 1.1034
v 0.7926 0.3229 1.1256
v 0.7802 0.3173 1.1021
v 0.7802 0.3229 1.1256
v 0.7802 0.3438 1.0868
v 0.7802 0.3614 1.1034
v 0.8488 0.2822 1.0814
v 0.8488 0.3434 1.0461
v 0.7973 0.3384 1.0849
v 0.7973 0.3183 1.0965
v 0.8316 0.2755 1.0842
v 0.8440 0.2761 1.0854
v 0.8316 0.3492 1.0416
v 0.8440 0.3499 1.0428
v 0.8127 0.1672 1.0148
v 0.8127 0.3432 0.9132
v 0.7971 0.1531 1.0136
v 0.8093 0.1544 1.0159
v 0.7971 0.3493 0.9004
v 0.8093 0.3506 0.9027
v 0.7926 0.3005 1.1619
v 0.7926 0.3005 1.1313
v 0.7926 0.3236 1.1244
v 0.7926 0.3236 1.1688
v 0.7802 0.3005 1.1619
v 0.7802 0.3236 1.1688
v 0.7802 0.3005 1.1313
v 0.7802 0.3236 1.1244
v 0.8488 0.2650 1.1820
v 0.8488 0.2650 1.1112
v 0.7973 0.2961 1.1350
v 0.7973 0.2961 1.1582
v 0.8316 0.2640 1.1892
v 0.8440 0.2654 1.1892
v 0.8316 0.2640 1.1040
v 0.8440 0.2654 1.1040
v 0.8127 0.1498 1.2482
v 0.8127 0.1498 1.0450
v 0.7971 0.1417 1.2599
v 0.8093 0.1444 1.2599
v 0.7971 0.1417 1.0333
v 0.8093 0.1444 1.0333
v 0.7926 0.3438 1.2063
v 0.7926 0.3173 1.1911
v 0.7926 0.3229 1.1675
v 0.7926 0.3614 1.1897
v 0.7802 0.3438 1.2063
v 0.7802 0.3614 1.1897
v 0.7802 0.3173 1.1911
v 0.7802 0.3229 1.1675
v 0.8488 0.3434 1.2471
v 0.8488 0.2822 1.2118
v 0.7973 0.3183 1.1967
v 0.7973 0.3384 1.2083
v 0.8316 0.3492 1.2515
v 0.8440 0.3499 1.2504
v 0.8316 0.2755 1.2090
v 0.8440 0.2761 1.2078
v 0.8127 0.3432 1.3800
v 0.8127 0.1672 1.2784
v 0.7971 0.3493 1.3928
v 0.8093 0.3506 1.3905
v 0.7971 0.1531 1.2796
v 0.8093 0.1544 1.2773
v 0.7926 0.4040 1.1911
v 0.7926 0.3775 1.2063
v 0.7926 0.3599 1.1897
v 0.7926 0.3984 1.1675
v 0.7802 0.4040 1.1911
v 0.7802 0.3984 1.1675
v 0.7802 0.3775 1.2063
v 0.7802 0.3599 1.1897
v 0.8488 0.4391 1.2118
v 0.8488 0.3778 1.2471
v 0.7973 0.3829 1.2083
v 0.7973 0.4029 1.1967
v 0.8316 0.4458 1.2090
v 0.8440 0.4451 1.2078
v 0.8316 0.3721 1.2515
v 0.8440 0.3714 1.2504
v 0.8127 0.5540 1.2784
v 0.8127 0.3781 1.3800
v 0.7971 0.5682 1.2796
v 0.8093 0.5669 1.2773
v 0.7971 0.3720 1.3928
v 0.8093 0.3707 1.3905
v 0.8785 0.6956 -1.3425
v 0.8785 0.5879 -1.3615
v 0.8785 0.5879 -1.4406
v 0.8785 0.6555 -1.2324
v 0.8785 0.5608 -1.2871
v 0.8785 0.5802 -1.1427
v 0.8785 0.5100 -1.2264
v 0.8785 0.4788 -1.0841
v 0.8785 0.4414 -1.1869
v 0.8785 0.3635 -1.0638
v 0.8785 0.3635 -1.1731
v 0.8785 0.2481 -1.0841
v 0.8785 0.2855 -1.1869
v 0.8785 0.1467 -1.1427
v 0.8785 0.2169 -1.2264
v 0.8785 0.0714 -1.2324
v 0.8785 0.1661 -1.2871
v 0.8785 0.0313 -1.3425
v 0.8785 0.1390 -1.3615
v 0.8785 0.0313 -1.4596
v 0.8785 0.1390 -1.4406
v 0.8785 0.0714 -1.5697
v 0.8785 0.1661 -1.5150
v 0.8785 0.1467 -1.6594
v 0.8785 0.2169 -1.5756
v 0.8785 0.2481 -1.7180
v 0.8785 0.2855 -1.6152
v 0.8785 0.3635 -1.7383
v 0.8785 0.3635 -1.6290
v 0.8785 0.4788 -1.7180
v 0.8785 0.4414 -1.6152
v 0.8785 0.5802 -1.6594
v 0.8785 0.5100 -1.5756
v 0.8785 0.6555 -1.5697
v 0.8785 0.5608 -1.5150
v 0.8785 0.6956 -1.4596
v 0.8550 0.5889 -1.1323
v 0.8417 0.5864 -1.1101
v 0.8417 0.5039 -1.0625
v 0.8550 0.4834 -1.0714
v 0.6593 0.4834 -1.0714
v 0.6726 0.5039 -1.0625
v 0.8550 0.7089 -1.3401
v 0.8417 0.7213 -1.3215
v 0.8417 0.6887 -1.2320
v 0.8550 0.6672 -1.2257
v 0.6726 0.6887 -1.2320
v 0.6593 0.6672 -1.2257
v 0.8550 0.6672 -1.5764
v 0.8417 0.6887 -1.5701
v 0.8417 0.7213 -1.4806
v 0.8550 0.7089 -1.4620
v 0.6593 0.7089 -1.4620
v 0.6726 0.7213 -1.4806
v 0.8550 0.4834 -1.7307
v 0.8417 0.5039 -1.7396
v 0.8417 0.5864 -1.6920
v 0.8550 0.5889 -1.6697
v 0.8550 0.2435 -1.7307
v 0.8417 0.2534 -1.7507
v 0.8417 0.3472 -1.7672
v 0.8550 0.3635 -1.7518
v 0.8550 0.0597 -1.5764
v 0.8417 0.0544 -1.5982
v 0.8417 0.1156 -1.6711
v 0.8550 0.1380 -1.6697
v 0.8550 0.0180 -1.3401
v 0.8417 0.0000 -1.3534
v 0.8417 0.0000 -1.4487
v 0.8550 0.0180 -1.4620
v 0.6593 0.0180 -1.4620
v 0.6726 0.0000 -1.4487
v 0.8550 0.1380 -1.1323
v 0.8417 0.1156 -1.1309
v 0.8417 0.0544 -1.2039
v 0.8550 0.0597 -1.2257
v 0.8550 0.3635 -1.0503
v 0.8417 0.3472 -1.0348
v 0.8417 0.2534 -1.0514
v 0.8550 0.2435 -1.0714
v 0.6726 0.2534 -1.0514
v 0.6593 0.2435 -1.0714
v 0.8550 0.4368 -1.1996
v 0.8550 0.3635 -1.1866
v 0.8550 0.2901 -1.1996
v 0.8550 0.2256 -1.2368
v 0.8550 0.1778 -1.2938
v 0.8550 0.1523 -1.3638
v 0.8550 0.1523 -1.4383
v 0.8550 0.1778 -1.5082
v 0.8550 0.2256 -1.5653
v 0.8550 0.2901 -1.6025
v 0.8550 0.3635 -1.6155
v 0.8550 0.4368 -1.6025
v 0.8550 0.5013 -1.5653
v 0.8550 0.5491 -1.5082
v 0.8550 0.5746 -1.4383
v 0.8550 0.5746 -1.3638
v 0.8550 0.5491 -1.2938
v 0.8550 0.5013 -1.2368
v 0.6593 0.3635 -1.0503
v 0.6593 0.5889 -1.1323
v 0.6726 0.7213 -1.3215
v 0.6593 0.3635 -1.7518
v 0.6593 0.4834 -1.7307
v 0.6593 0.1380 -1.6698
v 0.6593 0.2435 -1.7307
v 0.6593 0.0597 -1.5764
v 0.6593 0.6672 -1.5764
v 0.6726 0.6887 -1.5701
v 0.6726 0.5039 -1.7396
v 0.6726 0.2534 -1.7507
v 0.6593 0.0180 -1.3401
v 0.6726 0.0000 -1.3534
v 0.6593 0.1380 -1.1323
v 0.6726 0.1156 -1.1309
v 0.6358 0.6555 -1.2324
v 0.6358 0.6956 -1.3425
v 0.6358 0.5879 -1.3615
v 0.6358 0.5608 -1.2871
v 0.6358 0.5802 -1.1427
v 0.6358 0.5100 -1.2264
v 0.6358 0.4788 -1.0841
v 0.6358 0.4414 -1.1869
v 0.6358 0.3635 -1.0638
v 0.6358 0.3635 -1.1731
v 0.6358 0.2481 -1.0841
v 0.6358 0.2855 -1.1869
v 0.6358 0.1467 -1.1427
v 0.6358 0.2169 -1.2264
v 0.6358 0.0714 -1.2324
v 0.6358 0.1661 -1.2871
v 0.6358 0.0313 -1.3425
v 0.6358 0.1390 -1.3615
v 0.6358 0.0313 -1.4596
v 0.6358 0.1390 -1.4406
v 0.6358 0.0714 -1.5697
v 0.6358 0.1661 -1.5150
v 0.6358 0.1467 -1.6594
v 0.6358 0.2169 -1.5756
v 0.6358 0.2481 -1.7180
v 0.6358 0.2855 -1.6152
v 0.6358 0.3635 -1.7383
v 0.6358 0.3635 -1.6290
v 0.6358 0.4788 -1.7180
v 0.6358 0.4414 -1.6152
v 0.6358 0.5802 -1.6594
v 0.6358 0.5100 -1.5756
v 0.6358 0.6555 -1.5697
v 0.6358 0.5608 -1.5150
v 0.6358 0.6956 -1.4596
v 0.6358 0.5879 -1.4406
v 0.6726 0.5864 -1.1101
v 0.6593 0.7089 -1.3401
v 0.6593 0.5889 -1.6697
v 0.6726 0.5864 -1.6920
v 0.6726 0.3472 -1.7672
v 0.6726 0.1156 -1.6711
v 0.6726 0.0544 -1.5982
v 0.6593 0.0597 -1.2257
v 0.6726 0.0544 -1.2039
v 0.6726 0.3472 -1.0348
v 0.6593 0.4368 -1.1996
v 0.6593 0.3635 -1.1866
v 0.6593 0.2901 -1.1996
v 0.6593 0.2256 -1.2368
v 0.6593 0.1778 -1.2938
v 0.6593 0.1523 -1.3638
v 0.6593 0.1523 -1.4383
v 0.6593 0.1778 -1.5082
v 0.6593 0.2256 -1.5653
v 0.6593 0.2901 -1.6025
v 0.6593 0.3635 -1.6155
v 0.6593 0.4368 -1.6025
v 0.6593 0.5013 -1.5653
v 0.6593 0.5491 -1.5082
v 0.6593 0.5746 -1.4383
v 0.6593 0.5746 -1.3638
v 0.6593 0.5491 -1.2938
v 0.6593 0.5013 -1.2368
v 0.7590 0.3606 -1.3627
v 0.7590 0.3938 -1.3819
v 0.7590 0.3938 -1.4202
v 0.7590 0.3606 -1.4394
v 0.7590 0.3274 -1.4202
v 0.7590 0.3274 -1.3819
v 0.8038 0.3606 -1.3499
v 0.8038 0.4049 -1.3755
v 0.8038 0.4049 -1.4266
v 0.8038 0.3606 -1.4522
v 0.8038 0.3164 -1.4266
v 0.8038 0.3164 -1.3755
v 0.8100 0.3275 -1.4202
v 0.8100 0.3606 -1.4393
v 0.8100 0.3938 -1.4202
v 0.8100 0.3938 -1.3819
v 0.8100 0.3606 -1.3627
v 0.8100 0.3275 -1.3819
v 0.8130 0.3606 -1.3551
v 0.8130 0.4004 -1.3781
v 0.8130 0.4004 -1.4240
v 0.8130 0.3606 -1.4470
v 0.8130 0.3209 -1.4240
v 0.8130 0.3209 -1.3781
v 0.7822 0.2292 -1.2411
v 0.7822 0.1826 -1.2966
v 0.7822 0.1578 -1.3648
v 0.7822 0.1578 -1.4373
v 0.7822 0.1826 -1.5054
v 0.7822 0.2292 -1.5610
v 0.7822 0.2920 -1.5973
v 0.7822 0.3635 -1.6098
v 0.7822 0.4349 -1.5973
v 0.7822 0.4977 -1.5610
v 0.7822 0.5443 -1.5054
v 0.7822 0.5691 -1.4373
v 0.7822 0.5691 -1.3648
v 0.7822 0.5443 -1.2966
v 0.7822 0.4977 -1.2411
v 0.7822 0.4349 -1.2048
v 0.7822 0.3635 -1.1922
v 0.7822 0.2920 -1.2048
v 0.8639 0.5746 -1.4383
v 0.8639 0.5691 -1.4373
v 0.8639 0.5443 -1.5054
v 0.8639 0.5746 -1.3638
v 0.8639 0.5691 -1.3648
v 0.8639 0.5491 -1.2938
v 0.8639 0.5443 -1.2966
v 0.8639 0.5013 -1.2368
v 0.8639 0.4977 -1.2411
v 0.8639 0.4368 -1.1996
v 0.8639 0.4349 -1.2048
v 0.8639 0.3635 -1.1866
v 0.8639 0.3635 -1.1922
v 0.8639 0.2901 -1.1996
v 0.8639 0.2920 -1.2048
v 0.8639 0.2256 -1.2368
v 0.8639 0.2292 -1.2411
v 0.8639 0.1778 -1.2938
v 0.8639 0.1826 -1.2966
v 0.8639 0.1523 -1.3638
v 0.8639 0.1578 -1.3648
v 0.8639 0.1523 -1.4383
v 0.8639 0.1578 -1.4373
v 0.8639 0.1778 -1.5082
v 0.8639 0.1826 -1.5054
v 0.8639 0.2256 -1.5653
v 0.8639 0.2292 -1.5610
v 0.8639 0.2901 -1.6025
v 0.8639 0.2920 -1.5973
v 0.8639 0.3635 -1.6155
v 0.8639 0.3635 -1.6098
v 0.8639 0.4368 -1.6025
v 0.8639 0.4349 -1.5973
v 0.8639 0.5013 -1.5653
v 0.8639 0.4977 -1.5610
v 0.8639 0.5491 -1.5082
v 0.6593 0.4368 -1.1996
v 0.6593 0.5013 -1.2368
v 0.6593 0.5491 -1.2938
v 0.6593 0.5746 -1.3638
v 0.6593 0.5746 -1.4383
v 0.6593 0.5491 -1.5082
v 0.6593 0.5013 -1.5653
v 0.6593 0.4368 -1.6025
v 0.6593 0.3635 -1.6155
v 0.6593 0.2901 -1.6025
v 0.6593 0.2256 -1.5653
v 0.6593 0.1778 -1.5082
v 0.6593 0.1523 -1.4383
v 0.6593 0.1523 -1.3638
v 0.6593 0.1778 -1.2938
v 0.6593 0.2256 -1.2368
v 0.6593 0.2901 -1.1996
v 0.6593 0.3635 -1.1866
v 0.8550 0.3635 -1.1866
v 0.8550 0.4368 -1.1996
v 0.8550 0.5013 -1.2368
v 0.8550 0.5491 -1.2938
v 0.8550 0.5746 -1.3638
v 0.8550 0.5746 -1.4383
v 0.8550 0.5491 -1.5082
v 0.8550 0.5013 -1.5653
v 0.8550 0.4368 -1.6025
v 0.8550 0.3635 -1.6155
v 0.8550 0.2901 -1.6025
v 0.8550 0.2256 -1.5653
v 0.8550 0.1778 -1.5082
v 0.8550 0.1523 -1.4383
v 0.8550 0.1523 -1.3638
v 0.8550 0.1778 -1.2938
v 0.8550 0.2256 -1.2368
v 0.8550 0.2901 -1.1996
v 0.7926 0.3775 -1.4608
v 0.7926 0.4040 -1.4455
v 0.7926 0.3984 -1.4220
v 0.7926 0.3599 -1.4442
v 0.7802 0.3775 -1.4608
v 0.7802 0.3599 -1.4442
v 0.7802 0.4040 -1.4455
v 0.7802 0.3984 -1.4220
v 0.8488 0.3778 -1.5016
v 0.8488 0.4391 -1.4662
v 0.7973 0.4029 -1.4512
v 0.7973 0.3829 -1.4627
v 0.8316 0.3721 -1.5060
v 0.8440 0.3714 -1.5048
v 0.8316 0.4458 -1.4634
v 0.8440 0.4451 -1.4623
v 0.8127 0.3781 -1.6344
v 0.8127 0.5540 -1.5328
v 0.7971 0.3720 -1.6473
v 0.8093 0.3707 -1.6450
v 0.7971 0.5682 -1.5340
v 0.8093 0.5669 -1.5317
v 0.7926 0.4208 -1.4163
v 0.7926 0.4208 -1.3858
v 0.7926 0.3976 -1.3788
v 0.7926 0.3976 -1.4232
v 0.7802 0.4208 -1.4163
v 0.7802 0.3976 -1.4232
v 0.7802 0.4208 -1.3858
v 0.7802 0.3976 -1.3788
v 0.8488 0.4563 -1.4364
v 0.8488 0.4563 -1.3657
v 0.7973 0.4252 -1.3895
v 0.7973 0.4252 -1.4126
v 0.8316 0.4572 -1.4436
v 0.8440 0.4559 -1.4436
v 0.8316 0.4572 -1.3585
v 0.8440 0.4559 -1.3585
v 0.8127 0.5715 -1.5026
v 0.8127 0.5715 -1.2995
v 0.7971 0.5796 -1.5143
v 0.8093 0.5769 -1.5143
v 0.7971 0.5796 -1.2878
v 0.8093 0.5769 -1.2878
v 0.7926 0.3173 -1.4455
v 0.7926 0.3438 -1.4608
v 0.7926 0.3614 -1.4442
v 0.7926 0.3229 -1.4220
v 0.7802 0.3173 -1.4455
v 0.7802 0.3229 -1.4220
v 0.7802 0.3438 -1.4608
v 0.7802 0.3614 -1.4442
v 0.8488 0.2822 -1.4662
v 0.8488 0.3434 -1.5016
v 0.7973 0.3384 -1.4627
v 0.7973 0.3183 -1.4512
v 0.8316 0.2755 -1.4634
v 0.8440 0.2761 -1.4623
v 0.8316 0.3492 -1.5060
v 0.8440 0.3499 -1.5048
v 0.8127 0.1672 -1.5328
v 0.8127 0.3432 -1.6344
v 0.7971 0.1531 -1.5340
v 0.8093 0.1544 -1.5317
v 0.7971 0.3493 -1.6473
v 0.8093 0.3506 -1.6450
v 0.7926 0.3005 -1.3858
v 0.7926 0.3005 -1.4163
v 0.7926 0.3236 -1.4232
v 0.7926 0.3236 -1.3788
v 0.7802 0.3005 -1.3858
v 0.7802 0.3236 -1.3788
v 0.7802 0.3005 -1.4163
v 0.7802 0.3236 -1.4232
v 0.8488 0.2650 -1.3657
v 0.8488 0.2650 -1.4364
v 0.7973 0.2961 -1.4126
v 0.7973 0.2961 -1.3895
v 0.8316 0.2640 -1.3585
v 0.8440 0.2654 -1.3585
v 0.8316 0.2640 -1.4436
v 0.8440 0.2654 -1.4436
v 0.8127 0.1498 -1.2995
v 0.8127 0.1498 -1.5026
v 0.7971 0.1417 -1.2878
v 0.8093 0.1444 -1.2878
v 0.7971 0.1417 -1.5143
v 0.8093 0.1444 -1.5143
v 0.7926 0.3438 -1.3413
v 0.7926 0.3173 -1.3566
v 0.7926 0.3229 -1.3801
v 0.7926 0.3614 -1.3579
v 0.7802 0.3438 -1.3413
v 0.7802 0.3614 -1.3579
v 0.7802 0.3173 -1.3566
v 0.7802 0.3229 -1.3801
v 0.8488 0.3434 -1.3005
v 0.8488 0.2822 -1.3359
v 0.7973 0.3183 -1.3509
v 0.7973 0.3384 -1.3394
v 0.8316 0.3492 -1.2961
v 0.8440 0.3499 -1.2973
v 0.8316 0.2755 -1.3387
v 0.8440 0.2761 -1.3398
v 0.8127 0.3432 -1.1677
v 0.8127 0.1672 -1.2692
v 0.7971 0.3493 -1.1548
v 0.8093 0.3506 -1.1571
v 0.7971 0.1531 -1.2681
v 0.8093 0.1544 -1.2704
v 0.7926 0.4040 -1.3566
v 0.7926 0.3775 -1.3413
v 0.7926 0.3599 -1.3579
v 0.7926 0.3984 -1.3801
v 0.7802 0.4040 -1.3566
v 0.7802 0.3984 -1.3801
v 0.7802 0.3775 -1.3413
v 0.7802 0.3599 -1.3579
v 0.8488 0.4391 -1.3359
v 0.8488 0.3778 -1.3005
v 0.7973 0.3829 -1.3394
v 0.7973 0.4029 -1.3509
v 0.8316 0.4458 -1.3387
v 0.8440 0.4451 -1.3398
v 0.8316 0.3721 -1.2961
v 0.8440 0.3714 -1.2973
v 0.8127 0.5540 -1.2692
v 0.8127 0.3781 -1.1677
v 0.7971 0.5682 -1.2681
v 0.8093 0.5669 -1.2704
v 0.7971 0.3720 -1.1548
v 0.8093 0.3707 -1.1571
v -0.2818 1.1913 -1.1002
v 0.0000 1.1913 -1.1002
v 0.0000 1.0898 -1.1643
v -0.3037 1.0898 -1.1643
v 0.2818 1.1913 -1.1002
v 0.3037 1.0898 -1.1643
v -0.6279 1.2565 -0.3056
v -0.6274 1.2358 -0.7951
v -0.7391 0.9843 -0.8864
v -0.7385 0.9840 -0.3021
v -0.6262 1.2854 0.3938
v -0.6258 1.2597 -0.2182
v -0.7400 0.9850 -0.2146
v -0.7392 0.9847 0.7006
v -0.5599 1.2883 0.4576
v -0.6835 0.9652 0.7880
v 0.0000 0.9652 0.7880
v 0.0000 1.2883 0.4576
v 0.6279 1.2565 -0.3056
v 0.7385 0.9840 -0.3021
v 0.7391 0.9843 -0.8864
v 0.6274 1.2358 -0.7951
v 0.6262 1.2854 0.3938
v 0.7392 0.9847 0.7006
v 0.7400 0.9850 -0.2146
v 0.6258 1.2597 -0.2182
v 0.5599 1.2883 0.4576
v 0.6835 0.9652 0.7880
v -0.5971 0.3874 -1.7927
v -0.8369 0.3874 -1.7927
v -0.8369 0.3874 -2.2370
v 0.0000 0.3874 -2.2370
v -0.5971 0.3874 -1.0094
v 0.0000 0.3874 2.2323
v -0.4838 0.3874 2.2323
v -0.8369 0.3874 2.1722
v -0.8369 0.3874 1.5353
v -0.5971 0.3874 1.5353
v -0.5971 0.3874 0.7520
v -0.8369 0.3874 0.7520
v -0.8369 0.3874 0.5908
v -0.8369 0.3874 -0.2199
v -0.8369 0.3874 -0.8753
v -0.8369 0.3874 -1.0094
v -0.5843 0.3921 1.6272
v -0.5843 0.6496 1.5444
v -0.8817 0.6496 1.5444
v -0.8817 0.3921 1.6272
v -0.5843 0.8283 1.2985
v -0.8817 0.8283 1.2985
v -0.5843 0.8283 0.9946
v -0.8817 0.8283 0.9946
v -0.5843 0.6496 0.7488
v -0.8817 0.6496 0.7488
v -0.5843 0.3921 0.6650
v -0.8817 0.3921 0.6650
v -0.5843 0.3921 1.5295
v -0.5843 0.5922 1.4653
v -0.5843 0.5922 0.8279
v -0.5843 0.3921 0.7627
v -0.5843 0.7353 1.0249
v -0.5843 0.7353 1.2683
v -0.8930 0.3903 1.6160
v -0.8930 0.6427 1.5348
v -0.8930 0.5991 1.4749
v -0.8930 0.3939 1.5407
v -0.8930 0.8170 1.2949
v -0.8930 0.7466 1.2720
v -0.8930 0.8170 0.9983
v -0.8930 0.7466 1.0212
v -0.8930 0.6427 0.7584
v -0.8930 0.5992 0.8183
v -0.8930 0.3903 0.6763
v -0.8930 0.3939 0.7515
v -0.8817 0.5922 0.8279
v -0.8817 0.3921 0.7627
v -0.8817 0.7353 1.0249
v -0.8817 0.7353 1.2683
v -0.8817 0.5922 1.4653
v -0.8817 0.3921 1.5295
v -0.8817 0.3275 1.5295
v -0.5843 0.3275 1.5295
v -0.5843 0.3275 1.6272
v -0.8817 0.3275 1.6272
v -0.5843 0.3275 0.7627
v -0.8817 0.3275 0.7627
v -0.8817 0.3275 0.6650
v -0.5843 0.3275 0.6650
v -0.5843 0.3921 1.6764
v -0.8581 0.3921 1.6764
v -0.8581 0.3275 1.6764
v -0.5843 0.3275 1.6764
v -0.8930 0.3388 1.5407
v -0.8930 0.3388 1.6160
v -0.8930 0.3388 0.6763
v -0.8930 0.3388 0.7515
v -0.8817 0.3275 -0.9194
v -0.5843 0.3275 -0.9194
v -0.5843 0.3921 -1.8816
v -0.8817 0.3921 -1.8816
v -0.8817 0.6496 -1.7988
v -0.5843 0.6496 -1.7988
v -0.8817 0.8283 -1.5530
v -0.5843 0.8283 -1.5530
v -0.8817 0.8283 -1.2491
v -0.5843 0.8283 -1.2491
v -0.8817 0.6496 -1.0032
v -0.5843 0.6496 -1.0032
v -0.8817 0.3921 -0.9194
v -0.5843 0.3921 -0.9194
v -0.5843 0.5922 -1.7197
v -0.5843 0.3921 -1.7839
v -0.5843 0.3921 -1.0172
v -0.5843 0.5922 -1.0823
v -0.5843 0.7353 -1.2793
v -0.5843 0.7353 -1.5227
v -0.8930 0.3903 -1.8704
v -0.8930 0.3939 -1.7952
v -0.8930 0.5991 -1.7293
v -0.8930 0.6427 -1.7892
v -0.8930 0.7466 -1.5264
v -0.8930 0.8170 -1.5493
v -0.8930 0.7466 -1.2756
v -0.8930 0.8170 -1.2527
v -0.8930 0.5992 -1.0727
v -0.8930 0.6427 -1.0128
v -0.8930 0.3939 -1.0059
v -0.8930 0.3903 -0.9307
v -0.8817 0.3921 -1.0172
v -0.8817 0.5922 -1.0823
v -0.8817 0.7353 -1.2793
v -0.8817 0.7353 -1.5227
v -0.8817 0.5922 -1.7197
v -0.8817 0.3921 -1.7839
v -0.8817 0.3275 -1.7839
v -0.8817 0.3275 -1.8816
v -0.5843 0.3275 -1.8816
v -0.5843 0.3275 -1.7839
v -0.5843 0.3275 -1.0172
v -0.8817 0.3275 -1.0172
v -0.5843 0.3921 -1.9309
v -0.5843 0.3275 -1.9309
v -0.8817 0.3275 -1.9309
v -0.8817 0.3921 -1.9309
v -0.8930 0.3388 -1.8704
v -0.8930 0.3388 -1.7952
v -0.8930 0.3388 -1.0059
v -0.8930 0.3388 -0.9307
v -0.8930 0.3388 -0.9082
v -0.8930 0.3388 0.6537
v -0.8930 0.3808 0.6537
v -0.8930 0.3808 -0.9082
v -0.6751 0.3577 1.2390
v -0.6751 0.4370 1.1932
v -0.6751 0.4370 1.1016
v -0.6751 0.3577 1.0558
v -0.6751 0.2784 1.1016
v -0.6751 0.2784 1.1932
v -0.6751 0.3577 -1.3102
v -0.6751 0.4370 -1.3560
v -0.6751 0.4370 -1.4476
v -0.6751 0.3577 -1.4934
v -0.6751 0.2784 -1.4476
v -0.6751 0.2784 -1.3560
v -0.4935 0.3266 2.1562
v -0.4935 0.2275 2.1255
v -0.7491 0.2275 2.0534
v -0.7798 0.3266 2.0842
v -0.8171 0.2275 2.1228
v -0.4935 0.2275 2.1880
v -0.4935 0.3266 2.3118
v -0.8636 0.3266 2.2398
v -0.4935 0.3925 2.1720
v -0.7956 0.3925 2.1000
v -0.7798 0.3266 1.6253
v -0.7491 0.2275 1.6651
v -0.8171 0.2275 1.6651
v -0.8636 0.3266 1.6253
v -0.7956 0.3925 1.6253
v -0.8621 0.3925 1.6253
v -0.8621 0.3925 2.2383
v -0.8593 0.3784 1.6393
v -0.8601 0.3406 1.6393
v -0.8603 0.3405 2.2370
v -0.8592 0.3783 2.2359
v -0.4935 0.3925 2.3103
v -0.4931 0.3406 2.3083
v -0.4932 0.3784 2.3075
v 0.0000 0.3266 2.1562
v 0.0000 0.2275 2.1255
v 0.0000 0.2275 2.1880
v 0.0000 0.3266 2.3110
v 0.0000 0.3925 2.1720
v -0.8623 0.3865 1.6312
v -0.8622 0.3865 2.2384
v -0.8635 0.3326 1.6312
v -0.8635 0.3326 2.2397
v -0.4935 0.3326 2.3116
v 0.0000 0.3326 2.3109
v -0.4935 0.3865 2.3104
v 0.0000 0.3406 2.3076
v 0.0000 0.3577 1.2390
v 0.0000 0.4370 1.1932
v 0.0000 0.4370 1.1016
v 0.0000 0.3577 1.0558
v 0.0000 0.2784 1.1016
v 0.0000 0.2784 1.1932
v 0.0000 0.3577 -1.3102
v 0.0000 0.4370 -1.3560
v 0.0000 0.4370 -1.4476
v 0.0000 0.3577 -1.4934
v 0.0000 0.2784 -1.4476
v 0.0000 0.2784 -1.3560
v 0.0000 0.3925 2.3096
v 0.0000 0.3784 2.3068
v 0.0000 0.3865 2.3097
v 0.5971 0.3874 -1.0094
v 0.8369 0.3874 -1.0094
v 0.8369 0.3874 -0.8753
v 0.8369 0.3874 -0.2199
v 0.8369 0.3874 0.5908
v 0.8369 0.3874 0.7520
v 0.5971 0.3874 0.7520
v 0.5971 0.3874 1.5353
v 0.8369 0.3874 1.5353
v 0.8369 0.3874 2.1722
v 0.4838 0.3874 2.2323
v 0.8369 0.3874 -2.2370
v 0.8369 0.3874 -1.7927
v 0.5971 0.3874 -1.7927
v 0.5843 0.3921 1.6272
v 0.8817 0.3921 1.6272
v 0.8817 0.6496 1.5444
v 0.5843 0.6496 1.5444
v 0.8817 0.8283 1.2985
v 0.5843 0.8283 1.2985
v 0.8817 0.8283 0.9946
v 0.5843 0.8283 0.9946
v 0.8817 0.6496 0.7488
v 0.5843 0.6496 0.7488
v 0.8817 0.3921 0.6650
v 0.5843 0.3921 0.6650
v 0.5843 0.5922 1.4653
v 0.5843 0.3921 1.5295
v 0.5843 0.3921 0.7627
v 0.5843 0.5922 0.8279
v 0.5843 0.7353 1.0249
v 0.5843 0.7353 1.2683
v 0.8930 0.3903 1.6160
v 0.8930 0.3939 1.5407
v 0.8930 0.5991 1.4749
v 0.8930 0.6427 1.5348
v 0.8930 0.7466 1.2720
v 0.8930 0.8170 1.2949
v 0.8930 0.7466 1.0212
v 0.8930 0.8170 0.9983
v 0.8930 0.5992 0.8183
v 0.8930 0.6427 0.7584
v 0.8930 0.3939 0.7515
v 0.8930 0.3903 0.6763
v 0.8817 0.3921 0.7627
v 0.8817 0.5922 0.8279
v 0.8817 0.7353 1.0249
v 0.8817 0.7353 1.2683
v 0.8817 0.5922 1.4653
v 0.8817 0.3921 1.5295
v 0.8817 0.3275 1.5295
v 0.8817 0.3275 1.6272
v 0.5843 0.3275 1.6272
v 0.5843 0.3275 1.5295
v 0.5843 0.3275 0.7627
v 0.5843 0.3275 0.6650
v 0.8817 0.3275 0.6650
v 0.8817 0.3275 0.7627
v 0.5843 0.3921 1.6764
v 0.5843 0.3275 1.6764
v 0.8581 0.3275 1.6764
v 0.8581 0.3921 1.6764
v 0.8930 0.3388 1.6160
v 0.8930 0.3388 1.5407
v 0.8930 0.3388 0.7515
v 0.8930 0.3388 0.6763
v 0.5843 0.3275 -0.9194
v 0.8817 0.3275 -0.9194
v 0.5843 0.3921 -1.8816
v 0.5843 0.6496 -1.7988
v 0.8817 0.6496 -1.7988
v 0.8817 0.3921 -1.8816
v 0.5843 0.8283 -1.5530
v 0.8817 0.8283 -1.5530
v 0.5843 0.8283 -1.2491
v 0.8817 0.8283 -1.2491
v 0.5843 0.6496 -1.0032
v 0.8817 0.6496 -1.0032
v 0.5843 0.3921 -0.9194
v 0.8817 0.3921 -0.9194
v 0.5843 0.3921 -1.7839
v 0.5843 0.5922 -1.7197
v 0.5843 0.5922 -1.0823
v 0.5843 0.3921 -1.0172
v 0.5843 0.7353 -1.2793
v 0.5843 0.7353 -1.5227
v 0.8930 0.3903 -1.8704
v 0.8930 0.6427 -1.7892
v 0.8930 0.5991 -1.7293
v 0.8930 0.3939 -1.7952
v 0.8930 0.8170 -1.5493
v 0.8930 0.7466 -1.5264
v 0.8930 0.8170 -1.2527
v 0.8930 0.7466 -1.2756
v 0.8930 0.6427 -1.0128
v 0.8930 0.5992 -1.0727
v 0.8930 0.3903 -0.9307
v 0.8930 0.3939 -1.0059
v 0.8817 0.5922 -1.0823
v 0.8817 0.3921 -1.0172
v 0.8817 0.7353 -1.2793
v 0.8817 0.7353 -1.5227
v 0.8817 0.5922 -1.7197
v 0.8817 0.3921 -1.7839
v 0.8817 0.3275 -1.7839
v 0.5843 0.3275 -1.7839
v 0.5843 0.3275 -1.8816
v 0.8817 0.3275 -1.8816
v 0.5843 0.3275 -1.0172
v 0.8817 0.3275 -1.0172
v 0.5843 0.3921 -1.9309
v 0.8817 0.3921 -1.9309
v 0.8817 0.3275 -1.9309
v 0.5843 0.3275 -1.9309
v 0.8930 0.3388 -1.7952
v 0.8930 0.3388 -1.8704
v 0.8930 0.3388 -0.9307
v 0.8930 0.3388 -1.0059
v 0.8930 0.3388 -0.9082
v 0.8930 0.3808 -0.9082
v 0.8930 0.3808 0.6537
v 0.8930 0.3388 0.6537
v 0.6751 0.2784 1.1016
v 0.6751 0.3577 1.0558
v 0.6751 0.4370 1.1016
v 0.6751 0.4370 1.1932
v 0.6751 0.3577 1.2390
v 0.6751 0.2784 1.1932
v 0.6751 0.2784 -1.4476
v 0.6751 0.3577 -1.4934
v 0.6751 0.4370 -1.4476
v 0.6751 0.4370 -1.3560
v 0.6751 0.3577 -1.3102
v 0.6751 0.2784 -1.3560
v 0.4935 0.3266 2.1562
v 0.7798 0.3266 2.0842
v 0.7491 0.2275 2.0534
v 0.4935 0.2275 2.1255
v 0.8171 0.2275 2.1228
v 0.8636 0.3266 2.2398
v 0.4935 0.3266 2.3118
v 0.4935 0.2275 2.1880
v 0.4935 0.3925 2.1720
v 0.7956 0.3925 2.1000
v 0.7798 0.3266 1.6253
v 0.8636 0.3266 1.6253
v 0.8171 0.2275 1.6651
v 0.7491 0.2275 1.6651
v 0.8621 0.3925 2.2383
v 0.8621 0.3925 1.6253
v 0.7956 0.3925 1.6253
v 0.8593 0.3784 1.6393
v 0.8592 0.3783 2.2359
v 0.8603 0.3405 2.2370
v 0.8601 0.3406 1.6393
v 0.4935 0.3925 2.3103
v 0.4932 0.3784 2.3075
v 0.4931 0.3406 2.3083
v 0.8622 0.3865 2.2384
v 0.8623 0.3865 1.6312
v 0.8635 0.3326 1.6312
v 0.8635 0.3326 2.2397
v 0.4935 0.3326 2.3116
v 0.4935 0.3865 2.3104
v -0.0315 0.6735 2.3431
v -0.0901 0.6335 2.3285
v -0.0901 0.6273 2.3456
v -0.0315 0.6672 2.3602
v -0.1124 0.5688 2.3050
v -0.1124 0.5626 2.3221
v -0.0901 0.5041 2.2814
v -0.0901 0.4979 2.2985
v -0.0315 0.4641 2.2669
v -0.0315 0.4579 2.2840
v 0.0000 0.4641 2.2669
v 0.0000 0.4579 2.2840
v -0.0736 0.6160 2.3415
v -0.0252 0.6490 2.3535
v -0.0921 0.5626 2.3221
v -0.0736 0.5091 2.3026
v -0.0252 0.4761 2.2906
v 0.0000 0.4761 2.2906
v -0.0736 0.6145 2.3456
v -0.0252 0.6475 2.3576
v -0.0921 0.5611 2.3262
v -0.0736 0.5076 2.3067
v -0.0252 0.4746 2.2947
v 0.0000 0.4746 2.2947
v -0.0678 0.6090 2.3485
v -0.0230 0.6396 2.3597
v -0.0849 0.5595 2.3305
v -0.0678 0.5100 2.3125
v -0.0230 0.4794 2.3014
v 0.0000 0.4794 2.3014
v 0.0000 0.6735 2.3431
v 0.0000 0.6672 2.3602
v 0.0000 0.6396 2.3597
v 0.0000 0.6490 2.3535
v 0.0000 0.6475 2.3576
v 0.0315 0.6735 2.3431
v 0.0315 0.6672 2.3602
v 0.0901 0.6273 2.3456
v 0.0901 0.6335 2.3285
v 0.1124 0.5626 2.3221
v 0.1124 0.5688 2.3050
v 0.0901 0.4979 2.2985
v 0.0901 0.5041 2.2814
v 0.0315 0.4579 2.2840
v 0.0315 0.4641 2.2669
v 0.0252 0.6490 2.3535
v 0.0736 0.6160 2.3415
v 0.0921 0.5626 2.3221
v 0.0736 0.5091 2.3026
v 0.0252 0.4761 2.2906
v 0.0252 0.6475 2.3576
v 0.0736 0.6145 2.3456
v 0.0921 0.5611 2.3262
v 0.0736 0.5076 2.3067
v 0.0252 0.4746 2.2947
v 0.0230 0.6396 2.3597
v 0.0678 0.6090 2.3485
v 0.0849 0.5595 2.3305
v 0.0678 0.5100 2.3125
v 0.0230 0.4794 2.3014
v -0.6189 0.6898 2.3356
v -0.6489 0.7179 2.3458
v -0.6986 0.7179 2.3458
v -0.7285 0.6898 2.3356
v -0.7285 0.5006 2.2667
v -0.6986 0.4724 2.2565
v -0.6489 0.4724 2.2565
v -0.6189 0.5006 2.2667
v -0.4725 0.6596 2.3391
v -0.5025 0.6878 2.3493
v -0.5305 0.6878 2.3493
v -0.5605 0.6596 2.3391
v -0.5605 0.5160 2.2868
v -0.5305 0.4878 2.2765
v -0.5025 0.4878 2.2765
v -0.4725 0.5160 2.2868
v 0.6489 0.4724 2.2565
v 0.6986 0.4724 2.2565
v 0.7285 0.5006 2.2667
v 0.7285 0.6898 2.3356
v 0.6986 0.7179 2.3458
v 0.6489 0.7179 2.3458
v 0.6189 0.6898 2.3356
v 0.6189 0.5006 2.2667
v 0.5025 0.4878 2.2765
v 0.5305 0.4878 2.2765
v 0.5605 0.5160 2.2868
v 0.5605 0.6596 2.3391
v 0.5305 0.6878 2.3493
v 0.5025 0.6878 2.3493
v 0.4725 0.6596 2.3391
v 0.4725 0.5160 2.2868
v -0.7047 0.4809 2.1898
v -0.7434 0.5172 2.2030
v -0.7434 0.7180 2.2761
v -0.7047 0.7543 2.2893
v -0.6427 0.7543 2.2893
v -0.6041 0.7180 2.2761
v -0.6041 0.5172 2.2030
v -0.6427 0.4809 2.1898
v -0.6427 0.4585 2.2514
v -0.7047 0.4585 2.2514
v -0.7434 0.4948 2.2646
v -0.7434 0.6955 2.3377
v -0.7047 0.7319 2.3509
v -0.6427 0.7319 2.3509
v -0.6041 0.6955 2.3377
v -0.6041 0.4948 2.2646
v -0.6434 0.4580 2.2576
v -0.6482 0.4689 2.2615
v -0.6993 0.4689 2.2615
v -0.7040 0.4580 2.2576
v -0.7302 0.4979 2.2721
v -0.7417 0.4934 2.2705
v -0.7302 0.6884 2.3414
v -0.7417 0.6929 2.3431
v -0.6993 0.7174 2.3520
v -0.7040 0.7283 2.3560
v -0.6482 0.7174 2.3520
v -0.6434 0.7283 2.3560
v -0.6173 0.6884 2.3414
v -0.6057 0.6929 2.3431
v -0.6173 0.4979 2.2721
v -0.6057 0.4934 2.2705
v -0.6986 0.4724 2.2565
v -0.6489 0.4724 2.2565
v -0.6189 0.5006 2.2667
v -0.6189 0.6898 2.3356
v -0.6489 0.7179 2.3458
v -0.6986 0.7179 2.3458
v -0.7285 0.6898 2.3356
v -0.7285 0.5006 2.2667
v -0.5366 0.4906 2.2255
v -0.5753 0.5270 2.2387
v -0.5753 0.6821 2.2951
v -0.5366 0.7184 2.3084
v -0.4964 0.7184 2.3084
v -0.4577 0.6821 2.2951
v -0.4577 0.5270 2.2387
v -0.4964 0.4906 2.2255
v -0.4964 0.4739 2.2715
v -0.5366 0.4739 2.2715
v -0.5753 0.5102 2.2847
v -0.5753 0.6654 2.3412
v -0.5366 0.7017 2.3544
v -0.4964 0.7017 2.3544
v -0.4577 0.6654 2.3412
v -0.4577 0.5102 2.2847
v -0.4971 0.4741 2.2764
v -0.5017 0.4845 2.2802
v -0.5313 0.4845 2.2802
v -0.5358 0.4741 2.2764
v -0.5624 0.5137 2.2908
v -0.5734 0.5094 2.2892
v -0.5624 0.6588 2.3436
v -0.5734 0.6631 2.3452
v -0.5313 0.6880 2.3542
v -0.5358 0.6983 2.3580
v -0.5017 0.6880 2.3542
v -0.4971 0.6983 2.3580
v -0.4706 0.6588 2.3436
v -0.4596 0.6631 2.3452
v -0.4706 0.5137 2.2908
v -0.4596 0.5094 2.2892
v -0.5305 0.4878 2.2765
v -0.5025 0.4878 2.2765
v -0.4725 0.5160 2.2868
v -0.4725 0.6596 2.3391
v -0.5025 0.6878 2.3493
v -0.5305 0.6878 2.3493
v -0.5605 0.6596 2.3391
v -0.5605 0.5160 2.2868
v 0.6041 0.5172 2.2030
v 0.6041 0.7180 2.2761
v 0.6427 0.7543 2.2893
v 0.7047 0.7543 2.2893
v 0.7434 0.7180 2.2761
v 0.7434 0.5172 2.2030
v 0.7047 0.4809 2.1898
v 0.6427 0.4809 2.1898
v 0.7047 0.4585 2.2514
v 0.6427 0.4585 2.2514
v 0.7434 0.6955 2.3377
v 0.7434 0.4948 2.2646
v 0.6427 0.7319 2.3509
v 0.7047 0.7319 2.3509
v 0.6041 0.4948 2.2646
v 0.6041 0.6955 2.3377
v 0.6434 0.4580 2.2576
v 0.7040 0.4580 2.2576
v 0.6993 0.4689 2.2615
v 0.6482 0.4689 2.2615
v 0.7417 0.4934 2.2705
v 0.7302 0.4979 2.2721
v 0.7417 0.6929 2.3431
v 0.7302 0.6884 2.3414
v 0.7040 0.7283 2.3560
v 0.6993 0.7174 2.3520
v 0.6434 0.7283 2.3560
v 0.6482 0.7174 2.3520
v 0.6057 0.6929 2.3431
v 0.6173 0.6884 2.3414
v 0.6057 0.4934 2.2705
v 0.6173 0.4979 2.2721
v 0.6986 0.4724 2.2565
v 0.6489 0.4724 2.2565
v 0.6189 0.5006 2.2667
v 0.6189 0.6898 2.3356
v 0.6489 0.7179 2.3458
v 0.6986 0.7179 2.3458
v 0.7285 0.6898 2.3356
v 0.7285 0.5006 2.2667
v 0.4577 0.5270 2.2387
v 0.4577 0.6821 2.2951
v 0.4964 0.7184 2.3084
v 0.5366 0.7184 2.3084
v 0.5753 0.6821 2.2951
v 0.5753 0.5270 2.2387
v 0.5366 0.4906 2.2255
v 0.4964 0.4906 2.2255
v 0.5366 0.4739 2.2715
v 0.4964 0.4739 2.2715
v 0.5753 0.6654 2.3412
v 0.5753 0.5102 2.2847
v 0.4964 0.7017 2.3544
v 0.5366 0.7017 2.3544
v 0.4577 0.5102 2.2847
v 0.4577 0.6654 2.3412
v 0.4971 0.4741 2.2764
v 0.5358 0.4741 2.2764
v 0.5313 0.4845 2.2802
v 0.5017 0.4845 2.2802
v 0.5734 0.5094 2.2892
v 0.5624 0.5137 2.2908
v 0.5734 0.6631 2.3452
v 0.5624 0.6588 2.3436
v 0.5358 0.6983 2.3580
v 0.5313 0.6880 2.3542
v 0.4971 0.6983 2.3580
v 0.5017 0.6880 2.3542
v 0.4596 0.6631 2.3452
v 0.4706 0.6588 2.3436
v 0.4596 0.5094 2.2892
v 0.4706 0.5137 2.2908
v 0.5305 0.4878 2.2765
v 0.5025 0.4878 2.2765
v 0.4725 0.5160 2.2868
v 0.4725 0.6596 2.3391
v 0.5025 0.6878 2.3493
v 0.5305 0.6878 2.3493
v 0.5605 0.6596 2.3391
v 0.5605 0.5160 2.2868
v -0.3231 0.8114 -2.3492
v -0.7275 0.8114 -2.3492
v -0.7634 0.7795 -2.3376
v -0.3231 0.6635 -2.2954
v -0.7634 0.6954 -2.3070
v -0.7275 0.6635 -2.2954
v -0.6249 0.6608 -2.3369
v -0.6249 0.7868 -2.3828
v -0.4437 0.7868 -2.3828
v -0.4437 0.6608 -2.3369
v -0.7275 0.6521 -2.3269
v -0.6365 0.6521 -2.3269
v -0.4321 0.6521 -2.3269
v -0.3231 0.6521 -2.3269
v -0.7634 0.7662 -2.3684
v -0.7634 0.6857 -2.3391
v -0.3231 0.7999 -2.3807
v -0.4321 0.7999 -2.3807
v -0.6365 0.7999 -2.3807
v -0.7275 0.7999 -2.3807
v -0.7227 0.6608 -2.3369
v -0.7518 0.6880 -2.3468
v -0.7518 0.7595 -2.3729
v -0.7227 0.7868 -2.3828
v -0.6481 0.7868 -2.3828
v -0.6481 0.6608 -2.3369
v -0.3347 0.7868 -2.3828
v -0.3347 0.6608 -2.3369
v -0.4205 0.6608 -2.3369
v -0.4205 0.7868 -2.3828
v 0.7275 0.6635 -2.2954
v 0.7634 0.6954 -2.3070
v 0.7634 0.7795 -2.3376
v 0.3231 0.6635 -2.2954
v 0.7275 0.8114 -2.3492
v 0.3231 0.8114 -2.3492
v 0.6249 0.6608 -2.3369
v 0.4437 0.6608 -2.3369
v 0.4437 0.7868 -2.3828
v 0.6249 0.7868 -2.3828
v 0.3231 0.6521 -2.3269
v 0.4321 0.6521 -2.3269
v 0.6365 0.6521 -2.3269
v 0.7275 0.6521 -2.3269
v 0.7634 0.6857 -2.3391
v 0.7634 0.7662 -2.3684
v 0.7275 0.7999 -2.3807
v 0.6365 0.7999 -2.3807
v 0.4321 0.7999 -2.3807
v 0.3231 0.7999 -2.3807
v 0.7518 0.7595 -2.3729
v 0.7518 0.6880 -2.3468
v 0.7227 0.6608 -2.3369
v 0.7227 0.7868 -2.3828
v 0.6481 0.7868 -2.3828
v 0.6481 0.6608 -2.3369
v 0.3347 0.7868 -2.3828
v 0.4205 0.7868 -2.3828
v 0.4205 0.6608 -2.3369
v 0.3347 0.6608 -2.3369
v -0.3264 0.6267 -2.2882
v -0.7132 0.6267 -2.2882
v -0.7251 0.6155 -2.2841
v -0.3264 0.5689 -2.2672
v -0.7251 0.5801 -2.2713
v -0.7132 0.5689 -2.2672
v -0.3358 0.5689 -2.2946
v -0.7093 0.5689 -2.2946
v -0.7157 0.5750 -2.2968
v -0.7157 0.6030 -2.3070
v -0.7093 0.6090 -2.3092
v -0.3358 0.6090 -2.3092
v -0.7132 0.5569 -2.3002
v -0.3264 0.5569 -2.3002
v -0.7251 0.6034 -2.3172
v -0.7251 0.5681 -2.3043
v -0.3264 0.6146 -2.3213
v -0.7132 0.6146 -2.3213
v -0.7093 0.5657 -2.3035
v -0.3358 0.5657 -2.3035
v -0.7157 0.5718 -2.3057
v -0.7157 0.5998 -2.3158
v -0.7093 0.6058 -2.3180
v -0.3358 0.6058 -2.3180
v 0.7132 0.5689 -2.2672
v 0.7252 0.5801 -2.2713
v 0.7252 0.6155 -2.2841
v 0.3264 0.5689 -2.2672
v 0.7132 0.6267 -2.2882
v 0.3264 0.6267 -2.2882
v 0.3358 0.5689 -2.2946
v 0.3358 0.6090 -2.3092
v 0.7093 0.6090 -2.3092
v 0.7157 0.6030 -2.3070
v 0.7157 0.5750 -2.2968
v 0.7093 0.5689 -2.2946
v 0.3264 0.5569 -2.3002
v 0.7132 0.5569 -2.3002
v 0.7252 0.5681 -2.3043
v 0.7252 0.6034 -2.3172
v 0.7132 0.6146 -2.3213
v 0.3264 0.6146 -2.3213
v 0.3358 0.5657 -2.3035
v 0.7093 0.5657 -2.3035
v 0.7157 0.5718 -2.3057
v 0.7157 0.5998 -2.3158
v 0.7093 0.6058 -2.3180
v 0.3358 0.6058 -2.3180
v -0.2416 0.6001 -2.3044
v 0.0000 0.6001 -2.3044
v 0.0000 0.4909 -2.2647
v -0.2416 0.4909 -2.2647
v 0.0000 0.4731 -2.2391
v 0.0000 0.6302 -2.2963
v -0.2707 0.6302 -2.2963
v -0.2707 0.4731 -2.2391
v 0.0000 0.4647 -2.2621
v -0.2707 0.4647 -2.2621
v -0.2707 0.6218 -2.3193
v -0.2507 0.6053 -2.3133
v -0.2507 0.4811 -2.2681
v 0.0000 0.6218 -2.3193
v 0.0000 0.6053 -2.3133
v 0.0000 0.4811 -2.2681
v 0.2416 0.6001 -2.3044
v 0.2416 0.4909 -2.2647
v 0.2707 0.4731 -2.2391
v 0.2707 0.6302 -2.2963
v 0.2707 0.4647 -2.2621
v 0.2707 0.6218 -2.3193
v 0.2507 0.4811 -2.2681
v 0.2507 0.6053 -2.3133
v -0.8718 0.7727 -0.1791
v -0.8718 0.7996 -0.1791
v -0.8718 0.7996 0.0053
v -0.8718 0.7539 0.0053
v -0.8718 0.7539 -0.1603
v -0.8949 0.7705 0.0026
v -0.8960 0.7964 0.0026
v -0.8960 0.7964 -0.1763
v -0.8952 0.7748 -0.1763
v -0.8867 0.7539 0.0053
v -0.8867 0.7539 -0.1603
v -0.8892 0.7996 0.0053
v -0.8877 0.7682 0.0053
v -0.8892 0.7996 -0.1791
v -0.8880 0.7726 -0.1791
v -0.8933 0.7993 -0.1791
v -0.8933 0.7993 0.0053
v -0.8921 0.7723 -0.1791
v -0.8918 0.7679 0.0053
v -0.8718 0.7727 -0.9266
v -0.8718 0.7996 -0.9266
v -0.8718 0.7996 -0.7421
v -0.8718 0.7539 -0.7421
v -0.8718 0.7539 -0.9078
v -0.8949 0.7705 -0.7449
v -0.8960 0.7964 -0.7449
v -0.8960 0.7964 -0.9238
v -0.8952 0.7748 -0.9238
v -0.8867 0.7539 -0.7421
v -0.8867 0.7539 -0.9078
v -0.8892 0.7996 -0.7421
v -0.8877 0.7682 -0.7421
v -0.8892 0.7996 -0.9266
v -0.8880 0.7726 -0.9266
v -0.8933 0.7993 -0.9266
v -0.8933 0.7993 -0.7421
v -0.8921 0.7723 -0.9266
v -0.8918 0.7679 -0.7421
v 0.8718 0.7996 0.0053
v 0.8718 0.7996 -0.1791
v 0.8718 0.7727 -0.1791
v 0.8718 0.7539 0.0053
v 0.8718 0.7539 -0.1603
v 0.8949 0.7705 0.0026
v 0.8952 0.7748 -0.1763
v 0.8960 0.7964 -0.1763
v 0.8960 0.7964 0.0026
v 0.8867 0.7539 -0.1603
v 0.8867 0.7539 0.0053
v 0.8877 0.7682 0.0053
v 0.8892 0.7996 0.0053
v 0.8892 0.7996 -0.1791
v 0.8880 0.7726 -0.1791
v 0.8933 0.7993 0.0053
v 0.8933 0.7993 -0.1791
v 0.8921 0.7723 -0.1791
v 0.8918 0.7679 0.0053
v 0.8718 0.7996 -0.7421
v 0.8718 0.7996 -0.9266
v 0.8718 0.7727 -0.9266
v 0.8718 0.7539 -0.7421
v 0.8718 0.7539 -0.9078
v 0.8949 0.7705 -0.7449
v 0.8952 0.7748 -0.9238
v 0.8960 0.7964 -0.9238
v 0.8960 0.7964 -0.7449
v 0.8867 0.7539 -0.9078
v 0.8867 0.7539 -0.7421
v 0.8877 0.7682 -0.7421
v 0.8892 0.7996 -0.7421
v 0.8892 0.7996 -0.9266
v 0.8880 0.7726 -0.9266
v 0.8933 0.7993 -0.7421
v 0.8933 0.7993 -0.9266
v 0.8921 0.7723 -0.9266
v 0.8918 0.7679 -0.7421
v -0.8597 0.7311 2.0554
v -0.8597 0.7755 2.0554
v -0.8597 0.7755 2.2128
v -0.8597 0.7311 2.2128
v -0.8754 0.7365 2.0607
v -0.8754 0.7365 2.2074
v -0.8754 0.7701 2.2074
v -0.8754 0.7701 2.0607
v -0.8698 0.7311 2.2128
v -0.8698 0.7311 2.0554
v -0.8698 0.7755 2.2128
v -0.8698 0.7755 2.0554
v -0.8597 0.7311 -2.0934
v -0.8597 0.7755 -2.0934
v -0.8597 0.7755 -1.9360
v -0.8597 0.7311 -1.9360
v -0.8754 0.7365 -2.0880
v -0.8754 0.7365 -1.9413
v -0.8754 0.7701 -1.9413
v -0.8754 0.7701 -2.0880
v -0.8698 0.7311 -1.9360
v -0.8698 0.7311 -2.0934
v -0.8698 0.7755 -1.9360
v -0.8698 0.7755 -2.0934
v 0.8597 0.7311 2.0554
v 0.8597 0.7311 2.2128
v 0.8597 0.7755 2.2128
v 0.8597 0.7755 2.0554
v 0.8754 0.7365 2.0607
v 0.8754 0.7701 2.0607
v 0.8754 0.7701 2.2074
v 0.8754 0.7365 2.2074
v 0.8698 0.7311 2.0554
v 0.8698 0.7311 2.2128
v 0.8698 0.7755 2.2128
v 0.8698 0.7755 2.0554
v 0.8597 0.7311 -2.0934
v 0.8597 0.7311 -1.9360
v 0.8597 0.7755 -1.9360
v 0.8597 0.7755 -2.0934
v 0.8754 0.7365 -2.0880
v 0.8754 0.7701 -2.0880
v 0.8754 0.7701 -1.9413
v 0.8754 0.7365 -1.9413
v 0.8698 0.7311 -2.0934
v 0.8698 0.7311 -1.9360
v 0.8698 0.7755 -1.9360
v 0.8698 0.7755 -2.0934
v -0.0462 0.4354 2.2311
v -0.0462 0.7705 2.3530
v -0.0131 0.7705 2.3530
v -0.0131 0.4354 2.2311
v -0.0415 0.4312 2.2565
v -0.0178 0.4312 2.2565
v -0.0178 0.7574 2.3752
v -0.0415 0.7574 2.3752
v -0.0131 0.4290 2.2487
v -0.0462 0.4290 2.2487
v -0.0131 0.7640 2.3707
v -0.0462 0.7640 2.3707
v -0.1164 0.4354 2.2311
v -0.1164 0.7705 2.3530
v -0.0833 0.7705 2.3530
v -0.0833 0.4354 2.2311
v -0.1117 0.4312 2.2565
v -0.0881 0.4312 2.2565
v -0.0881 0.7574 2.3752
v -0.1117 0.7574 2.3752
v -0.0833 0.4290 2.2487
v -0.1164 0.4290 2.2487
v -0.0833 0.7640 2.3707
v -0.1164 0.7640 2.3707
v -0.1867 0.4354 2.2311
v -0.1867 0.7705 2.3530
v -0.1536 0.7705 2.3530
v -0.1536 0.4354 2.2311
v -0.1819 0.4312 2.2565
v -0.1583 0.4312 2.2565
v -0.1583 0.7574 2.3752
v -0.1819 0.7574 2.3752
v -0.1536 0.4290 2.2487
v -0.1867 0.4290 2.2487
v -0.1536 0.7640 2.3707
v -0.1867 0.7640 2.3707
v -0.2569 0.4354 2.2311
v -0.2569 0.7705 2.3530
v -0.2238 0.7705 2.3530
v -0.2238 0.4354 2.2311
v -0.2522 0.4312 2.2565
v -0.2286 0.4312 2.2565
v -0.2286 0.7574 2.3752
v -0.2522 0.7574 2.3752
v -0.2238 0.4290 2.2487
v -0.2569 0.4290 2.2487
v -0.2238 0.7640 2.3707
v -0.2569 0.7640 2.3707
v -0.3272 0.4354 2.2311
v -0.3272 0.7705 2.3530
v -0.2941 0.7705 2.3530
v -0.2941 0.4354 2.2311
v -0.3224 0.4312 2.2565
v -0.2988 0.4312 2.2565
v -0.2988 0.7574 2.3752
v -0.3224 0.7574 2.3752
v -0.2941 0.4290 2.2487
v -0.3272 0.4290 2.2487
v -0.2941 0.7640 2.3707
v -0.3272 0.7640 2.3707
v -0.3974 0.4354 2.2311
v -0.3974 0.7705 2.3530
v -0.3643 0.7705 2.3530
v -0.3643 0.4354 2.2311
v -0.3927 0.4312 2.2565
v -0.3691 0.4312 2.2565
v -0.3691 0.7574 2.3752
v -0.3927 0.7574 2.3752
v -0.3643 0.4290 2.2487
v -0.3974 0.4290 2.2487
v -0.3643 0.7640 2.3707
v -0.3974 0.7640 2.3707
v 0.0462 0.4354 2.2311
v 0.0131 0.4354 2.2311
v 0.0131 0.7705 2.3530
v 0.0462 0.7705 2.3530
v 0.0415 0.4312 2.2565
v 0.0415 0.7574 2.3752
v 0.0178 0.7574 2.3752
v 0.0178 0.4312 2.2565
v 0.0462 0.4290 2.2487
v 0.0131 0.4290 2.2487
v 0.0131 0.7640 2.3707
v 0.0462 0.7640 2.3707
v 0.1164 0.4354 2.2311
v 0.0833 0.4354 2.2311
v 0.0833 0.7705 2.3530
v 0.1164 0.7705 2.3530
v 0.1117 0.4312 2.2565
v 0.1117 0.7574 2.3752
v 0.0881 0.7574 2.3752
v 0.0881 0.4312 2.2565
v 0.1164 0.4290 2.2487
v 0.0833 0.4290 2.2487
v 0.0833 0.7640 2.3707
v 0.1164 0.7640 2.3707
v 0.1867 0.4354 2.2311
v 0.1536 0.4354 2.2311
v 0.1536 0.7705 2.3530
v 0.1867 0.7705 2.3530
v 0.1819 0.4312 2.2565
v 0.1819 0.7574 2.3752
v 0.1583 0.7574 2.3752
v 0.1583 0.4312 2.2565
v 0.1867 0.4290 2.2487
v 0.1536 0.4290 2.2487
v 0.1536 0.7640 2.3707
v 0.1867 0.7640 2.3707
v 0.2569 0.4354 2.2311
v 0.2238 0.4354 2.2311
v 0.2238 0.7705 2.3530
v 0.2569 0.7705 2.3530
v 0.2522 0.4312 2.2565
v 0.2522 0.7574 2.3752
v 0.2286 0.7574 2.3752
v 0.2286 0.4312 2.2565
v 0.2569 0.4290 2.2487
v 0.2238 0.4290 2.2487
v 0.2238 0.7640 2.3707
v 0.2569 0.7640 2.3707
v 0.3272 0.4354 2.2311
v 0.2941 0.4354 2.2311
v 0.2941 0.7705 2.3530
v 0.3272 0.7705 2.3530
v 0.3224 0.4312 2.2565
v 0.3224 0.7574 2.3752
v 0.2988 0.7574 2.3752
v 0.2988 0.4312 2.2565
v 0.3272 0.4290 2.2487
v 0.2941 0.4290 2.2487
v 0.2941 0.7640 2.3707
v 0.3272 0.7640 2.3707
v 0.3974 0.4354 2.2311
v 0.3643 0.4354 2.2311
v 0.3643 0.7705 2.3530
v 0.3974 0.7705 2.3530
v 0.3927 0.4312 2.2565
v 0.3927 0.7574 2.3752
v 0.3691 0.7574 2.3752
v 0.3691 0.4312 2.2565
v 0.3974 0.4290 2.2487
v 0.3643 0.4290 2.2487
v 0.3643 0.7640 2.3707
v 0.3974 0.7640 2.3707
v -0.4344 0.7629 2.3577
v -0.4842 0.4483 2.2395
v 0.0000 0.4482 2.2403
v 0.0000 0.7634 2.3570
v -0.7800 0.4482 2.1886
v -0.8029 0.7625 2.2944
v 0.4344 0.7629 2.3577
v 0.4842 0.4483 2.2395
v 0.7800 0.4482 2.1886
v 0.8029 0.7625 2.2944
v -0.8235 0.9570 -2.2375
v -0.8235 0.9570 -2.1592
v -0.8293 0.9669 -2.1592
v -0.8293 0.9669 -2.2375
v -0.6511 1.0785 -2.3609
v -0.6511 1.0785 -2.1604
v -0.7645 1.0131 -2.1604
v -0.7645 1.0131 -2.3085
v -0.6511 1.1147 -2.1604
v -0.7777 1.0292 -2.1604
v -0.6511 1.1147 -2.3609
v -0.7777 1.0292 -2.3085
v 0.6511 1.0785 -2.1604
v 0.6511 1.0785 -2.3609
v 0.6511 1.1147 -2.3609
v 0.6511 1.1147 -2.1604
v 0.8251 0.9570 -2.2375
v 0.8293 0.9669 -2.2375
v 0.8293 0.9669 -2.1592
v 0.8251 0.9570 -2.1592
v 0.7645 1.0131 -2.3085
v 0.7645 1.0131 -2.1604
v 0.7777 1.0292 -2.1604
v 0.7777 1.0292 -2.3085
v -0.6005 0.9043 -2.2196
v -0.6179 0.9043 -2.2393
v -0.6005 0.9043 -2.2590
v -0.5287 0.9043 -2.2590
v -0.5113 0.9043 -2.2393
v -0.5287 0.9043 -2.2196
v -0.5258 1.0828 -2.2590
v -0.5054 1.0828 -2.2393
v -0.6034 1.0828 -2.2590
v -0.6238 1.0828 -2.2393
v -0.6034 1.0828 -2.2196
v -0.5258 1.0828 -2.2196
v 0.5379 0.9043 -2.2196
v 0.5205 0.9043 -2.2393
v 0.5379 0.9043 -2.2590
v 0.6068 0.9043 -2.2590
v 0.6242 0.9043 -2.2393
v 0.6068 0.9043 -2.2196
v 0.6097 1.0828 -2.2590
v 0.6301 1.0828 -2.2393
v 0.5350 1.0828 -2.2590
v 0.5147 1.0828 -2.2393
v 0.5350 1.0828 -2.2196
v 0.6097 1.0828 -2.2196
v 0.2496 1.4140 0.3920
v 0.2496 1.3750 -1.0282
v -0.2496 1.3750 -1.0282
v -0.2496 1.4140 0.3920
v -0.2596 0.9099 2.3084
v 0.0000 0.9099 2.3084
v 0.0000 0.9607 0.8856
v -0.2617 0.9607 0.8856
v -0.2889 0.9294 0.8521
v -0.2952 0.8786 2.3432
v 0.0000 0.8786 2.3432
v 0.0000 0.9294 0.8521
v -0.3109 0.9840 -2.2571
v -0.3109 0.9840 -1.3274
v 0.3109 0.9840 -1.3274
v 0.3109 0.9840 -2.2571
v 0.2591 0.9099 2.3084
v 0.2611 0.9607 0.8856
v 0.2884 0.9294 0.8521
v 0.2947 0.8786 2.3432
v -0.2657 1.3813 0.4087
v 0.2657 1.3813 0.4087
v 0.2657 1.3414 -1.0438
v -0.2657 1.3414 -1.0438
v -0.3271 0.9562 -1.3113
v 0.3271 0.9562 -1.3113
v 0.3271 0.9562 -2.2733
v -0.3271 0.9562 -2.2733
vt 0.53503 0.46478
vt 0.53503 0.46478
vt 0.53503 0.46478
vt 0.53503 0.46478
vt 0.53503 0.46478
vt 0.53503 0.46478
vt 0.53503 0.46478
vt 0.53503 0.46478
vt 0.53503 0.46478
vt 0.53503 0.46478
vt 0.53503 0.46478
vt 0.53503 0.46478
vt 0.53503 0.46478
vt 0.53503 0.46478
vt 0.53503 0.46478
vt 0.53503 0.46478
vt 0.53503 0.46478
vt 0.53503 0.46478
vt 0.53503 0.46478
vt 0.53503 0.46478
vt 0.53503 0.46478
vt 0.53503 0.46478
vt 0.53503 0.46478
vt 0.53503 0.46478
vt 0.53503 0.46478
vt 0.53503 0.46478
vt 0.53503 0.46478
vt 0.53503 0.46478
vt 0.53503 0.46478
vt 0.53503 0.46478
vt 0.53503 0.46478
vt 0.53503 0.46478
vt 0.53503 0.46478
vt 0.53503 0.46478
vt 0.53503 0.46478
vt 0.53503 0.46478
vt 0.53503 0.46478
vt 0.53503 0.46478
vt 0.53503 0.46478
vt 0.53503 0.46478
vt 0.53503 0.46478
vt 0.53503 0.46478
vt 0.53503 0.46478
vt 0.53503 0.46478
vt 0.53503 0.46478
vt 0.53503 0.46478
vt 0.53503 0.46478
vt 0.53503 0.46478
vt 0.53503 0.46478
vt 0.53503 0.46478
vt 0.53503 0.46478
vt 0.53503 0.46478
vt 0.53503 0.46478
vt 0.53503 0.46478
vt 0.53503 0.46478
vt 0.53503 0.46478
vt 0.53503 0.46478
vt 0.53503 0.46478
vt 0.53503 0.46478
vt 0.53503 0.46478
vt 0.53503 0.46478
vt 0.53503 0.46478
vt 0.53503 0.46478
vt 0.53503 0.46478
vt 0.53503 0.46478
vt 0.53503 0.46478
vt 0.53503 0.46478
vt 0.53503 0.46478
vt 0.53503 0.46478
vt 0.53503 0.46478
vt 0.53503 0.46478
vt 0.53503 0.46478
vt 0.53503 0.46478
vt 0.53503 0.46478
vt 0.53503 0.46478
vt 0.53503 0.46478
vt 0.53503 0.46478
vt 0.53503 0.46478
vt 0.53503 0.46478
vt 0.53503 0.46478
vt 0.53503 0.46478
vt 0.53503 0.46478
vt 0.53503 0.46478
vt 0.53503 0.46478
vt 0.53503 0.46478
vt 0.53503 0.46478
vt 0.53503 0.46478
vt 0.53503 0.46478
vt 0.53503 0.46478
vt 0.53503 0.46478
vt 0.53503 0.46478
vt 0.53503 0.46478
vt 0.53503 0.46478
vt 0.53503 0.46478
vt 0.53503 0.46478
vt 0.53503 0.46478
vt 0.53503 0.46478
vt 0.53503 0.46478
vt 0.53503 0.46478
vt 0.53503 0.46478
vt 0.53503 0.46478
vt 0.53503 0.46478
vt 0.53503 0.46478
vt 0.53503 0.46478
vt 0.53503 0.46478
vt 0.53503 0.46478
vt 0.53503 0.46478
vt 0.53503 0.46478
vt 0.53503 0.46478
vt 0.53503 0.46478
vt 0.53503 0.46478
vt 0.53503 0.46478
vt 0.53503 0.46478
vt 0.53503 0.46478
vt 0.53503 0.46478
vt 0.53503 0.46478
vt 0.53503 0.46478
vt 0.53503 0.46478
vt 0.53503 0.46478
vt 0.53503 0.46478
vt 0.53503 0.46478
vt 0.53503 0.46478
vt 0.53503 0.46478
vt 0.53503 0.46478
vt 0.53503 0.46478
vt 0.53503 0.46478
vt 0.53503 0.46478
vt 0.53503 0.46478
vt 0.53503 0.46478
vt 0.53503 0.46478
vt 0.53503 0.46478
vt 0.53503 0.46478
vt 0.53503 0.46478
vt 0.53503 0.46478
vt 0.53503 0.46478
vt 0.53503 0.46478
vt 0.53503 0.46478
vt 0.53503 0.46478
vt 0.53503 0.46478
vt 0.53503 0.46478
vt 0.53503 0.46478
vt 0.53503 0.46478
vt 0.53503 0.46478
vt 0.53503 0.46478
vt 0.53503 0.46478
vt 0.53503 0.46478
vt 0.53503 0.46478
vt 0.53503 0.46478
vt 0.53503 0.46478
vt 0.53503 0.46478
vt 0.53503 0.46478
vt 0.53503 0.46478
vt 0.53503 0.46478
vt 0.53503 0.46478
vt 0.53503 0.46478
vt 0.53503 0.46478
vt 0.53503 0.46478
vt 0.53503 0.46478
vt 0.53503 0.46478
vt 0.53503 0.46478
vt 0.53503 0.46478
vt 0.53503 0.46478
vt 0.53503 0.46478
vt 0.53503 0.46478
vt 0.53503 0.46478
vt 0.53503 0.46478
vt 0.53503 0.46478
vt 0.53503 0.46478
vt 0.53503 0.46478
vt 0.53503 0.46478
vt 0.53503 0.46478
vt 0.53503 0.46478
vt 0.53503 0.46478
vt 0.53503 0.46478
vt 0.53503 0.46478
vt 0.53503 0.46478
vt 0.53503 0.46478
vt 0.53503 0.46478
vt 0.53503 0.46478
vt 0.53503 0.46478
vt 0.53503 0.46478
vt 0.53503 0.46478
vt 0.53503 0.46478
vt 0.53503 0.46478
vt 0.53503 0.46478
vt 0.53503 0.46478
vt 0.53503 0.46478
vt 0.53503 0.46478
vt 0.53503 0.46478
vt 0.53503 0.46478
vt 0.53503 0.46478
vt 0.53503 0.46478
vt 0.53503 0.46478
vt 0.53503 0.46478
vt 0.53503 0.46478
vt 0.53503 0.46478
vt 0.53503 0.46478
vt 0.53503 0.46478
vt 0.53503 0.46478
vt 0.53503 0.46478
vt 0.53503 0.46478
vt 0.53503 0.46478
vt 0.53503 0.46478
vt 0.53503 0.46478
vt 0.53503 0.46478
vt 0.53503 0.46478
vt 0.53503 0.46478
vt 0.53503 0.46478
vt 0.53503 0.46478
vt 0.53503 0.46478
vt 0.53503 0.46478
vt 0.53503 0.46478
vt 0.53503 0.46478
vt 0.53503 0.46478
vt 0.53503 0.46478
vt 0.53503 0.46478
vt 0.53503 0.46478
vt 0.53503 0.46478
vt 0.53503 0.46478
vt 0.53503 0.46478
vt 0.53503 0.46478
vt 0.53503 0.46478
vt 0.53503 0.46478
vt 0.53503 0.46478
vt 0.53503 0.46478
vt 0.53503 0.46478
vt 0.53503 0.46478
vt 0.53503 0.46478
vt 0.53503 0.46478
vt 0.53503 0.46478
vt 0.53503 0.46478
vt 0.53503 0.46478
vt 0.53503 0.46478
vt 0.53503 0.46478
vt 0.53503 0.46478
vt 0.53503 0.46478
vt 0.53503 0.46478
vt 0.53503 0.46478
vt 0.53503 0.46478
vt 0.53503 0.46478
vt 0.53503 0.46478
vt 0.53503 0.46478
vt 0.53503 0.46478
vt 0.53503 0.46478
vt 0.53503 0.46478
vt 0.53503 0.46478
vt 0.53503 0.46478
vt 0.53503 0.46478
vt 0.53503 0.46478
vt 0.53503 0.46478
vt 0.53503 0.46478
vt 0.53503 0.46478
vt 0.53503 0.46478
vt 0.53503 0.46478
vt 0.53503 0.46478
vt 0.53503 0.46478
vt 0.53503 0.46478
vt 0.53503 0.46478
vt 0.53503 0.46478
vt 0.53503 0.46478
vt 0.53503 0.46478
vt 0.53503 0.46478
vt 0.53503 0.46478
vt 0.53503 0.46478
vt 0.53503 0.46478
vt 0.53503 0.46478
vt 0.53503 0.46478
vt 0.53503 0.46478
vt 0.53503 0.46478
vt 0.53503 0.46478
vt 0.53503 0.46478
vt 0.53503 0.46478
vt 0.53503 0.46478
vt 0.53503 0.46478
vt 0.53503 0.46478
vt 0.53503 0.46478
vt 0.53503 0.46478
vt 0.53503 0.46478
vt 0.53503 0.46478
vt 0.53503 0.46478
vt 0.53503 0.46478
vt 0.53503 0.46478
vt 0.53503 0.46478
vt 0.53503 0.46478
vt 0.53503 0.46478
vt 0.53503 0.46478
vt 0.53503 0.46478
vt 0.53503 0.46478
vt 0.53503 0.46478
vt 0.53503 0.46478
vt 0.53503 0.46478
vt 0.53503 0.46478
vt 0.53503 0.46478
vt 0.53503 0.46478
vt 0.53503 0.46478
vt 0.53503 0.46478
vt 0.53503 0.46478
vt 0.53503 0.46478
vt 0.53503 0.46478
vt 0.53503 0.46478
vt 0.53503 0.46478
vt 0.53503 0.46478
vt 0.53503 0.46478
vt 0.53503 0.46478
vt 0.53503 0.46478
vt 0.53503 0.46478
vt 0.53503 0.46478
vt 0.53503 0.46478
vt 0.53503 0.46478
vt 0.53503 0.46478
vt 0.53503 0.46478
vt 0.53503 0.46478
vt 0.53503 0.46478
vt 0.53503 0.46478
vt 0.53503 0.46478
vt 0.53503 0.46478
vt 0.53503 0.46478
vt 0.53503 0.46478
vt 0.53503 0.46478
vt 0.53503 0.46478
vt 0.53503 0.46478
vt 0.53503 0.46478
vt 0.53503 0.46478
vt 0.53503 0.46478
vt 0.53503 0.46478
vt 0.53503 0.46478
vt 0.53503 0.46478
vt 0.53503 0.46478
vt 0.53503 0.46478
vt 0.53503 0.46478
vt 0.53503 0.46478
vt 0.53503 0.46478
vt 0.53503 0.46478
vt 0.53503 0.46478
vt 0.53503 0.46478
vt 0.53503 0.46478
vt 0.53503 0.46478
vt 0.53503 0.46478
vt 0.53503 0.46478
vt 0.53503 0.46478
vt 0.53503 0.46478
vt 0.53503 0.46478
vt 0.53503 0.46478
vt 0.53503 0.46478
vt 0.53503 0.46478
vt 0.53503 0.46478
vt 0.53503 0.46478
vt 0.53503 0.46478
vt 0.53503 0.46478
vt 0.53503 0.46478
vt 0.53503 0.46478
vt 0.53503 0.46478
vt 0.53503 0.46478
vt 0.53503 0.46478
vt 0.53503 0.46478
vt 0.53503 0.46478
vt 0.53503 0.46478
vt 0.53503 0.46478
vt 0.53503 0.46478
vt 0.53503 0.46478
vt 0.53503 0.46478
vt 0.53503 0.46478
vt 0.53503 0.46478
vt 0.53503 0.46478
vt 0.53503 0.46478
vt 0.53503 0.46478
vt 0.53503 0.46478
vt 0.53503 0.46478
vt 0.53503 0.46478
vt 0.53503 0.46478
vt 0.53503 0.46478
vt 0.53503 0.46478
vt 0.53503 0.46478
vt 0.53503 0.46478
vt 0.53503 0.46478
vt 0.53503 0.46478
vt 0.53503 0.46478
vt 0.53503 0.46478
vt 0.53503 0.46478
vt 0.53503 0.46478
vt 0.53503 0.46478
vt 0.53503 0.46478
vt 0.53503 0.46478
vt 0.53503 0.46478
vt 0.53503 0.46478
vt 0.53503 0.46478
vt 0.53503 0.46478
vt 0.53503 0.46478
vt 0.53503 0.46478
vt 0.53503 0.46478
vt 0.53503 0.46478
vt 0.53503 0.46478
vt 0.53503 0.46478
vt 0.53503 0.46478
vt 0.53503 0.46478
vt 0.53503 0.46478
vt 0.53503 0.46478
vt 0.53503 0.46478
vt 0.53503 0.46478
vt 0.53503 0.46478
vt 0.53503 0.46478
vt 0.53503 0.46478
vt 0.53503 0.46478
vt 0.53503 0.46478
vt 0.53503 0.46478
vt 0.53503 0.46478
vt 0.53503 0.46478
vt 0.53503 0.46478
vt 0.53503 0.46478
vt 0.53503 0.46478
vt 0.53503 0.46478
vt 0.53503 0.46478
vt 0.53503 0.46478
vt 0.53503 0.46478
vt 0.53503 0.46478
vt 0.53503 0.46478
vt 0.53503 0.46478
vt 0.53503 0.46478
vt 0.53503 0.46478
vt 0.53503 0.46478
vt 0.53503 0.46478
vt 0.53503 0.46478
vt 0.53503 0.46478
vt 0.53503 0.46478
vt 0.53503 0.46478
vt 0.53503 0.46478
vt 0.53503 0.46478
vt 0.53503 0.46478
vt 0.81535 0.09070
vt 0.81535 0.09070
vt 0.81533 0.09069
vt 0.81533 0.09069
vt 0.81535 0.09070
vt 0.81533 0.09069
vt 0.81534 0.09070
vt 0.81533 0.09069
vt 0.81534 0.09070
vt 0.81533 0.09069
vt 0.81534 0.09070
vt 0.81533 0.09069
vt 0.81534 0.09070
vt 0.81533 0.09069
vt 0.81534 0.09070
vt 0.81533 0.09069
vt 0.81534 0.09071
vt 0.81533 0.09069
vt 0.81534 0.09071
vt 0.81533 0.09069
vt 0.81534 0.09071
vt 0.81533 0.09069
vt 0.81534 0.09071
vt 0.81533 0.09069
vt 0.81535 0.09071
vt 0.81533 0.09069
vt 0.81535 0.09071
vt 0.81533 0.09069
vt 0.81535 0.09071
vt 0.81533 0.09069
vt 0.81535 0.09071
vt 0.81533 0.09069
vt 0.81535 0.09070
vt 0.81533 0.09069
vt 0.81535 0.09070
vt 0.81533 0.09069
vt 0.81535 0.09070
vt 0.81534 0.09070
vt 0.81534 0.09070
vt 0.81535 0.09070
vt 0.81534 0.09070
vt 0.81534 0.09070
vt 0.81535 0.09070
vt 0.81535 0.09070
vt 0.81535 0.09070
vt 0.81535 0.09070
vt 0.81535 0.09070
vt 0.81535 0.09070
vt 0.81532 0.09070
vt 0.81532 0.09070
vt 0.81532 0.09070
vt 0.81532 0.09070
vt 0.81532 0.09070
vt 0.81532 0.09070
vt 0.81532 0.09070
vt 0.81532 0.09070
vt 0.81532 0.09070
vt 0.81532 0.09070
vt 0.81533 0.09070
vt 0.81532 0.09070
vt 0.81532 0.09070
vt 0.81533 0.09070
vt 0.81533 0.09070
vt 0.81533 0.09070
vt 0.81533 0.09070
vt 0.81533 0.09070
vt 0.81534 0.09070
vt 0.81533 0.09070
vt 0.81533 0.09070
vt 0.81534 0.09070
vt 0.81533 0.09070
vt 0.81533 0.09070
vt 0.81534 0.09070
vt 0.81534 0.09070
vt 0.81534 0.09070
vt 0.81534 0.09070
vt 0.81534 0.09070
vt 0.81534 0.09070
vt 0.81534 0.09070
vt 0.81534 0.09070
vt 0.81534 0.09070
vt 0.81534 0.09070
vt 0.81535 0.09070
vt 0.81535 0.09071
vt 0.81535 0.09071
vt 0.81533 0.09069
vt 0.81533 0.09069
vt 0.81533 0.09069
vt 0.81533 0.09069
vt 0.81533 0.09069
vt 0.81533 0.09069
vt 0.81533 0.09069
vt 0.81533 0.09069
vt 0.81533 0.09069
vt 0.81533 0.09069
vt 0.81533 0.09069
vt 0.81533 0.09069
vt 0.81533 0.09069
vt 0.81533 0.09069
vt 0.81533 0.09069
vt 0.81533 0.09069
vt 0.81533 0.09069
vt 0.81533 0.09069
vt 0.81534 0.09070
vt 0.81535 0.09070
vt 0.81535 0.09070
vt 0.81532 0.09070
vt 0.81532 0.09070
vt 0.81533 0.09070
vt 0.81533 0.09070
vt 0.81533 0.09070
vt 0.81532 0.09070
vt 0.81532 0.09070
vt 0.81532 0.09070
vt 0.81533 0.09070
vt 0.81534 0.09070
vt 0.81534 0.09070
vt 0.81534 0.09070
vt 0.81534 0.09070
vt 0.81535 0.09070
vt 0.81533 0.09069
vt 0.81533 0.09069
vt 0.81535 0.09070
vt 0.81533 0.09069
vt 0.81535 0.09070
vt 0.81533 0.09069
vt 0.81534 0.09070
vt 0.81533 0.09069
vt 0.81534 0.09070
vt 0.81533 0.09069
vt 0.81534 0.09070
vt 0.81533 0.09069
vt 0.81534 0.09070
vt 0.81533 0.09069
vt 0.81534 0.09070
vt 0.81533 0.09069
vt 0.81534 0.09070
vt 0.81533 0.09069
vt 0.81534 0.09070
vt 0.81533 0.09069
vt 0.81534 0.09069
vt 0.81533 0.09069
vt 0.81534 0.09069
vt 0.81533 0.09069
vt 0.81535 0.09069
vt 0.81533 0.09069
vt 0.81535 0.09070
vt 0.81533 0.09069
vt 0.81535 0.09070
vt 0.81533 0.09069
vt 0.81535 0.09070
vt 0.81533 0.09069
vt 0.81535 0.09070
vt 0.81533 0.09069
vt 0.81535 0.09070
vt 0.81535 0.09070
vt 0.81535 0.09070
vt 0.81532 0.09070
vt 0.81532 0.09070
vt 0.81532 0.09070
vt 0.81533 0.09070
vt 0.81533 0.09070
vt 0.81534 0.09070
vt 0.81534 0.09070
vt 0.81534 0.09070
vt 0.81535 0.09070
vt 0.81535 0.09070
vt 0.81535 0.09070
vt 0.81533 0.09069
vt 0.81533 0.09069
vt 0.81533 0.09069
vt 0.81533 0.09069
vt 0.81533 0.09069
vt 0.81533 0.09069
vt 0.81533 0.09069
vt 0.81533 0.09069
vt 0.81533 0.09069
vt 0.81533 0.09069
vt 0.81533 0.09069
vt 0.81533 0.09069
vt 0.81533 0.09069
vt 0.81533 0.09069
vt 0.81533 0.09069
vt 0.81533 0.09069
vt 0.81533 0.09069
vt 0.81533 0.09069
vt 0.51784 0.09153
vt 0.51784 0.09153
vt 0.51784 0.09153
vt 0.51784 0.09153
vt 0.51784 0.09153
vt 0.51784 0.09153
vt 0.51784 0.09153
vt 0.51784 0.09153
vt 0.51784 0.09153
vt 0.51784 0.09153
vt 0.51784 0.09153
vt 0.51784 0.09153
vt 0.51784 0.09153
vt 0.51784 0.09153
vt 0.51784 0.09153
vt 0.51784 0.09153
vt 0.51784 0.09153
vt 0.51784 0.09153
vt 0.51784 0.09153
vt 0.51784 0.09153
vt 0.51784 0.09153
vt 0.51784 0.09153
vt 0.51784 0.09153
vt 0.51784 0.09153
vt 0.51784 0.09153
vt 0.51784 0.09153
vt 0.51784 0.09153
vt 0.51784 0.09153
vt 0.51784 0.09153
vt 0.51784 0.09153
vt 0.51784 0.09153
vt 0.51784 0.09153
vt 0.51784 0.09153
vt 0.51784 0.09153
vt 0.51784 0.09153
vt 0.51784 0.09153
vt 0.51784 0.09153
vt 0.51784 0.09153
vt 0.51784 0.09153
vt 0.51784 0.09153
vt 0.51784 0.09153
vt 0.51784 0.09153
vt 0.51784 0.09153
vt 0.51784 0.09153
vt 0.51784 0.09153
vt 0.51784 0.09153
vt 0.51784 0.09153
vt 0.51784 0.09153
vt 0.51784 0.09153
vt 0.51784 0.09153
vt 0.51784 0.09153
vt 0.51784 0.09153
vt 0.51784 0.09153
vt 0.51784 0.09153
vt 0.51784 0.09153
vt 0.51784 0.09153
vt 0.51784 0.09153
vt 0.51784 0.09153
vt 0.51784 0.09153
vt 0.51784 0.09153
vt 0.51784 0.09153
vt 0.51784 0.09153
vt 0.51784 0.09153
vt 0.51784 0.09153
vt 0.51784 0.09153
vt 0.51784 0.09153
vt 0.51784 0.09153
vt 0.51784 0.09153
vt 0.51784 0.09153
vt 0.51784 0.09153
vt 0.51784 0.09153
vt 0.51784 0.09153
vt 0.51784 0.09153
vt 0.51784 0.09153
vt 0.51784 0.09153
vt 0.51784 0.09153
vt 0.51784 0.09153
vt 0.51784 0.09153
vt 0.51784 0.09153
vt 0.51784 0.09153
vt 0.51784 0.09153
vt 0.51784 0.09153
vt 0.51784 0.09153
vt 0.51784 0.09153
vt 0.51784 0.09153
vt 0.51784 0.09153
vt 0.51784 0.09153
vt 0.51784 0.09153
vt 0.51784 0.09153
vt 0.51784 0.09153
vt 0.51784 0.09153
vt 0.51784 0.09153
vt 0.51784 0.09153
vt 0.51784 0.09153
vt 0.51784 0.09153
vt 0.51784 0.09153
vt 0.51784 0.09153
vt 0.51784 0.09153
vt 0.51784 0.09153
vt 0.51784 0.09153
vt 0.51784 0.09153
vt 0.51784 0.09153
vt 0.51784 0.09153
vt 0.51784 0.09153
vt 0.51784 0.09153
vt 0.51784 0.09153
vt 0.51784 0.09153
vt 0.51784 0.09153
vt 0.51784 0.09153
vt 0.51784 0.09153
vt 0.51784 0.09153
vt 0.51784 0.09153
vt 0.51784 0.09153
vt 0.51784 0.09153
vt 0.51784 0.09153
vt 0.51784 0.09153
vt 0.51784 0.09153
vt 0.51784 0.09153
vt 0.51784 0.09153
vt 0.51784 0.09153
vt 0.51784 0.09153
vt 0.51784 0.09153
vt 0.51784 0.09153
vt 0.51784 0.09153
vt 0.51784 0.09153
vt 0.51784 0.09153
vt 0.51784 0.09153
vt 0.51784 0.09153
vt 0.51784 0.09153
vt 0.51784 0.09153
vt 0.51784 0.09153
vt 0.51784 0.09153
vt 0.51784 0.09153
vt 0.51784 0.09153
vt 0.51784 0.09153
vt 0.51784 0.09153
vt 0.51784 0.09153
vt 0.51784 0.09153
vt 0.51784 0.09153
vt 0.51784 0.09153
vt 0.51784 0.09153
vt 0.51784 0.09153
vt 0.51784 0.09153
vt 0.51784 0.09153
vt 0.51784 0.09153
vt 0.51784 0.09153
vt 0.51784 0.09153
vt 0.51784 0.09153
vt 0.51784 0.09153
vt 0.51784 0.09153
vt 0.51784 0.09153
vt 0.51784 0.09153
vt 0.51784 0.09153
vt 0.51784 0.09153
vt 0.51784 0.09153
vt 0.51784 0.09153
vt 0.51784 0.09153
vt 0.51784 0.09153
vt 0.51784 0.09153
vt 0.51784 0.09153
vt 0.51784 0.09153
vt 0.51784 0.09153
vt 0.51784 0.09153
vt 0.51784 0.09153
vt 0.51784 0.09153
vt 0.51784 0.09153
vt 0.51784 0.09153
vt 0.51784 0.09153
vt 0.51784 0.09153
vt 0.51784 0.09153
vt 0.51784 0.09153
vt 0.51784 0.09153
vt 0.51784 0.09153
vt 0.51784 0.09153
vt 0.51784 0.09153
vt 0.51784 0.09153
vt 0.51784 0.09153
vt 0.51784 0.09153
vt 0.51784 0.09153
vt 0.51784 0.09153
vt 0.51784 0.09153
vt 0.51784 0.09153
vt 0.51784 0.09153
vt 0.51784 0.09153
vt 0.51784 0.09153
vt 0.51784 0.09153
vt 0.51784 0.09153
vt 0.51784 0.09153
vt 0.51784 0.09153
vt 0.51784 0.09153
vt 0.51784 0.09153
vt 0.51784 0.09153
vt 0.51784 0.09153
vt 0.51784 0.09153
vt 0.51784 0.09153
vt 0.51784 0.09153
vt 0.51784 0.09153
vt 0.51784 0.09153
vt 0.51784 0.09153
vt 0.51784 0.09153
vt 0.51784 0.09153
vt 0.51784 0.09153
vt 0.51784 0.09153
vt 0.51784 0.09153
vt 0.51784 0.09153
vt 0.51784 0.09153
vt 0.51784 0.09153
vt 0.51784 0.09153
vt 0.51784 0.09153
vt 0.51784 0.09153
vt 0.51784 0.09153
vt 0.51784 0.09153
vt 0.51784 0.09153
vt 0.51784 0.09153
vt 0.51784 0.09153
vt 0.51784 0.09153
vt 0.51784 0.09153
vt 0.51784 0.09153
vt 0.51784 0.09153
vt 0.51784 0.09153
vt 0.51784 0.09153
vt 0.51784 0.09153
vt 0.51784 0.09153
vt 0.51784 0.09153
vt 0.51784 0.09153
vt 0.51784 0.09153
vt 0.51784 0.09153
vt 0.51784 0.09153
vt 0.51784 0.09153
vt 0.51784 0.09153
vt 0.51784 0.09153
vt 0.51784 0.09153
vt 0.51784 0.09153
vt 0.51784 0.09153
vt 0.51784 0.09153
vt 0.51784 0.09153
vt 0.51784 0.09153
vt 0.51784 0.09153
vt 0.51784 0.09153
vt 0.51784 0.09153
vt 0.51784 0.09153
vt 0.51784 0.09153
vt 0.51784 0.09153
vt 0.51784 0.09153
vt 0.51784 0.09153
vt 0.51784 0.09153
vt 0.81535 0.09070
vt 0.81535 0.09070
vt 0.81533 0.09069
vt 0.81533 0.09069
vt 0.81535 0.09070
vt 0.81533 0.09069
vt 0.81534 0.09070
vt 0.81533 0.09069
vt 0.81534 0.09070
vt 0.81533 0.09069
vt 0.81534 0.09070
vt 0.81533 0.09069
vt 0.81534 0.09070
vt 0.81533 0.09069
vt 0.81534 0.09070
vt 0.81533 0.09069
vt 0.81534 0.09071
vt 0.81533 0.09069
vt 0.81534 0.09071
vt 0.81533 0.09069
vt 0.81534 0.09071
vt 0.81533 0.09069
vt 0.81534 0.09071
vt 0.81533 0.09069
vt 0.81535 0.09071
vt 0.81533 0.09069
vt 0.81535 0.09071
vt 0.81533 0.09069
vt 0.81535 0.09071
vt 0.81533 0.09069
vt 0.81535 0.09071
vt 0.81533 0.09069
vt 0.81535 0.09070
vt 0.81533 0.09069
vt 0.81535 0.09070
vt 0.81533 0.09069
vt 0.81535 0.09070
vt 0.81534 0.09070
vt 0.81534 0.09070
vt 0.81535 0.09070
vt 0.81534 0.09070
vt 0.81534 0.09070
vt 0.81535 0.09070
vt 0.81535 0.09070
vt 0.81535 0.09070
vt 0.81535 0.09070
vt 0.81535 0.09070
vt 0.81535 0.09070
vt 0.81532 0.09070
vt 0.81532 0.09070
vt 0.81532 0.09070
vt 0.81532 0.09070
vt 0.81532 0.09070
vt 0.81532 0.09070
vt 0.81532 0.09070
vt 0.81532 0.09070
vt 0.81532 0.09070
vt 0.81532 0.09070
vt 0.81533 0.09070
vt 0.81532 0.09070
vt 0.81532 0.09070
vt 0.81533 0.09070
vt 0.81533 0.09070
vt 0.81533 0.09070
vt 0.81533 0.09070
vt 0.81533 0.09070
vt 0.81534 0.09070
vt 0.81533 0.09070
vt 0.81533 0.09070
vt 0.81534 0.09070
vt 0.81533 0.09070
vt 0.81533 0.09070
vt 0.81534 0.09070
vt 0.81534 0.09070
vt 0.81534 0.09070
vt 0.81534 0.09070
vt 0.81534 0.09070
vt 0.81534 0.09070
vt 0.81534 0.09070
vt 0.81534 0.09070
vt 0.81534 0.09070
vt 0.81534 0.09070
vt 0.81535 0.09070
vt 0.81535 0.09071
vt 0.81535 0.09071
vt 0.81533 0.09069
vt 0.81533 0.09069
vt 0.81533 0.09069
vt 0.81533 0.09069
vt 0.81533 0.09069
vt 0.81533 0.09069
vt 0.81533 0.09069
vt 0.81533 0.09069
vt 0.81533 0.09069
vt 0.81533 0.09069
vt 0.81533 0.09069
vt 0.81533 0.09069
vt 0.81533 0.09069
vt 0.81533 0.09069
vt 0.81533 0.09069
vt 0.81533 0.09069
vt 0.81533 0.09069
vt 0.81533 0.09069
vt 0.81534 0.09070
vt 0.81535 0.09070
vt 0.81535 0.09070
vt 0.81532 0.09070
vt 0.81532 0.09070
vt 0.81533 0.09070
vt 0.81533 0.09070
vt 0.81533 0.09070
vt 0.81532 0.09070
vt 0.81532 0.09070
vt 0.81532 0.09070
vt 0.81533 0.09070
vt 0.81534 0.09070
vt 0.81534 0.09070
vt 0.81534 0.09070
vt 0.81534 0.09070
vt 0.81535 0.09070
vt 0.81533 0.09069
vt 0.81533 0.09069
vt 0.81535 0.09070
vt 0.81533 0.09069
vt 0.81535 0.09070
vt 0.81533 0.09069
vt 0.81534 0.09070
vt 0.81533 0.09069
vt 0.81534 0.09070
vt 0.81533 0.09069
vt 0.81534 0.09070
vt 0.81533 0.09069
vt 0.81534 0.09070
vt 0.81533 0.09069
vt 0.81534 0.09070
vt 0.81533 0.09069
vt 0.81534 0.09070
vt 0.81533 0.09069
vt 0.81534 0.09070
vt 0.81533 0.09069
vt 0.81534 0.09069
vt 0.81533 0.09069
vt 0.81534 0.09069
vt 0.81533 0.09069
vt 0.81535 0.09069
vt 0.81533 0.09069
vt 0.81535 0.09070
vt 0.81533 0.09069
vt 0.81535 0.09070
vt 0.81533 0.09069
vt 0.81535 0.09070
vt 0.81533 0.09069
vt 0.81535 0.09070
vt 0.81533 0.09069
vt 0.81535 0.09070
vt 0.81535 0.09070
vt 0.81535 0.09070
vt 0.81532 0.09070
vt 0.81532 0.09070
vt 0.81532 0.09070
vt 0.81533 0.09070
vt 0.81533 0.09070
vt 0.81534 0.09070
vt 0.81534 0.09070
vt 0.81534 0.09070
vt 0.81535 0.09070
vt 0.81535 0.09070
vt 0.81535 0.09070
vt 0.81533 0.09069
vt 0.81533 0.09069
vt 0.81533 0.09069
vt 0.81533 0.09069
vt 0.81533 0.09069
vt 0.81533 0.09069
vt 0.81533 0.09069
vt 0.81533 0.09069
vt 0.81533 0.09069
vt 0.81533 0.09069
vt 0.81533 0.09069
vt 0.81533 0.09069
vt 0.81533 0.09069
vt 0.81533 0.09069
vt 0.81533 0.09069
vt 0.81533 0.09069
vt 0.81533 0.09069
vt 0.81533 0.09069
vt 0.51784 0.09153
vt 0.51784 0.09153
vt 0.51784 0.09153
vt 0.51784 0.09153
vt 0.51784 0.09153
vt 0.51784 0.09153
vt 0.51784 0.09153
vt 0.51784 0.09153
vt 0.51784 0.09153
vt 0.51784 0.09153
vt 0.51784 0.09153
vt 0.51784 0.09153
vt 0.51784 0.09153
vt 0.51784 0.09153
vt 0.51784 0.09153
vt 0.51784 0.09153
vt 0.51784 0.09153
vt 0.51784 0.09153
vt 0.51784 0.09153
vt 0.51784 0.09153
vt 0.51784 0.09153
vt 0.51784 0.09153
vt 0.51784 0.09153
vt 0.51784 0.09153
vt 0.51784 0.09153
vt 0.51784 0.09153
vt 0.51784 0.09153
vt 0.51784 0.09153
vt 0.51784 0.09153
vt 0.51784 0.09153
vt 0.51784 0.09153
vt 0.51784 0.09153
vt 0.51784 0.09153
vt 0.51784 0.09153
vt 0.51784 0.09153
vt 0.51784 0.09153
vt 0.51784 0.09153
vt 0.51784 0.09153
vt 0.51784 0.09153
vt 0.51784 0.09153
vt 0.51784 0.09153
vt 0.51784 0.09153
vt 0.51784 0.09153
vt 0.51784 0.09153
vt 0.51784 0.09153
vt 0.51784 0.09153
vt 0.51784 0.09153
vt 0.51784 0.09153
vt 0.51784 0.09153
vt 0.51784 0.09153
vt 0.51784 0.09153
vt 0.51784 0.09153
vt 0.51784 0.09153
vt 0.51784 0.09153
vt 0.51784 0.09153
vt 0.51784 0.09153
vt 0.51784 0.09153
vt 0.51784 0.09153
vt 0.51784 0.09153
vt 0.51784 0.09153
vt 0.51784 0.09153
vt 0.51784 0.09153
vt 0.51784 0.09153
vt 0.51784 0.09153
vt 0.51784 0.09153
vt 0.51784 0.09153
vt 0.51784 0.09153
vt 0.51784 0.09153
vt 0.51784 0.09153
vt 0.51784 0.09153
vt 0.51784 0.09153
vt 0.51784 0.09153
vt 0.51784 0.09153
vt 0.51784 0.09153
vt 0.51784 0.09153
vt 0.51784 0.09153
vt 0.51784 0.09153
vt 0.51784 0.09153
vt 0.51784 0.09153
vt 0.51784 0.09153
vt 0.51784 0.09153
vt 0.51784 0.09153
vt 0.51784 0.09153
vt 0.51784 0.09153
vt 0.51784 0.09153
vt 0.51784 0.09153
vt 0.51784 0.09153
vt 0.51784 0.09153
vt 0.51784 0.09153
vt 0.51784 0.09153
vt 0.51784 0.09153
vt 0.51784 0.09153
vt 0.51784 0.09153
vt 0.51784 0.09153
vt 0.51784 0.09153
vt 0.51784 0.09153
vt 0.51784 0.09153
vt 0.51784 0.09153
vt 0.51784 0.09153
vt 0.51784 0.09153
vt 0.51784 0.09153
vt 0.51784 0.09153
vt 0.51784 0.09153
vt 0.51784 0.09153
vt 0.51784 0.09153
vt 0.51784 0.09153
vt 0.51784 0.09153
vt 0.51784 0.09153
vt 0.51784 0.09153
vt 0.51784 0.09153
vt 0.51784 0.09153
vt 0.51784 0.09153
vt 0.51784 0.09153
vt 0.51784 0.09153
vt 0.51784 0.09153
vt 0.51784 0.09153
vt 0.51784 0.09153
vt 0.51784 0.09153
vt 0.51784 0.09153
vt 0.51784 0.09153
vt 0.51784 0.09153
vt 0.51784 0.09153
vt 0.51784 0.09153
vt 0.51784 0.09153
vt 0.51784 0.09153
vt 0.51784 0.09153
vt 0.51784 0.09153
vt 0.51784 0.09153
vt 0.51784 0.09153
vt 0.51784 0.09153
vt 0.51784 0.09153
vt 0.51784 0.09153
vt 0.51784 0.09153
vt 0.51784 0.09153
vt 0.51784 0.09153
vt 0.51784 0.09153
vt 0.51784 0.09153
vt 0.51784 0.09153
vt 0.51784 0.09153
vt 0.51784 0.09153
vt 0.51784 0.09153
vt 0.51784 0.09153
vt 0.51784 0.09153
vt 0.51784 0.09153
vt 0.51784 0.09153
vt 0.51784 0.09153
vt 0.51784 0.09153
vt 0.51784 0.09153
vt 0.51784 0.09153
vt 0.51784 0.09153
vt 0.51784 0.09153
vt 0.51784 0.09153
vt 0.51784 0.09153
vt 0.51784 0.09153
vt 0.51784 0.09153
vt 0.51784 0.09153
vt 0.51784 0.09153
vt 0.51784 0.09153
vt 0.51784 0.09153
vt 0.51784 0.09153
vt 0.51784 0.09153
vt 0.51784 0.09153
vt 0.51784 0.09153
vt 0.51784 0.09153
vt 0.51784 0.09153
vt 0.51784 0.09153
vt 0.51784 0.09153
vt 0.51784 0.09153
vt 0.51784 0.09153
vt 0.51784 0.09153
vt 0.51784 0.09153
vt 0.51784 0.09153
vt 0.51784 0.09153
vt 0.51784 0.09153
vt 0.51784 0.09153
vt 0.51784 0.09153
vt 0.51784 0.09153
vt 0.51784 0.09153
vt 0.51784 0.09153
vt 0.51784 0.09153
vt 0.51784 0.09153
vt 0.51784 0.09153
vt 0.51784 0.09153
vt 0.51784 0.09153
vt 0.51784 0.09153
vt 0.51784 0.09153
vt 0.51784 0.09153
vt 0.51784 0.09153
vt 0.51784 0.09153
vt 0.51784 0.09153
vt 0.51784 0.09153
vt 0.51784 0.09153
vt 0.51784 0.09153
vt 0.51784 0.09153
vt 0.51784 0.09153
vt 0.51784 0.09153
vt 0.51784 0.09153
vt 0.51784 0.09153
vt 0.51784 0.09153
vt 0.51784 0.09153
vt 0.51784 0.09153
vt 0.51784 0.09153
vt 0.51784 0.09153
vt 0.51784 0.09153
vt 0.51784 0.09153
vt 0.51784 0.09153
vt 0.51784 0.09153
vt 0.51784 0.09153
vt 0.51784 0.09153
vt 0.51784 0.09153
vt 0.51784 0.09153
vt 0.51784 0.09153
vt 0.51784 0.09153
vt 0.51784 0.09153
vt 0.51784 0.09153
vt 0.51784 0.09153
vt 0.51784 0.09153
vt 0.51784 0.09153
vt 0.51784 0.09153
vt 0.51784 0.09153
vt 0.51784 0.09153
vt 0.51784 0.09153
vt 0.51784 0.09153
vt 0.51784 0.09153
vt 0.51784 0.09153
vt 0.51784 0.09153
vt 0.51784 0.09153
vt 0.51784 0.09153
vt 0.51784 0.09153
vt 0.51784 0.09153
vt 0.51784 0.09153
vt 0.51784 0.09153
vt 0.51784 0.09153
vt 0.51784 0.09153
vt 0.51784 0.09153
vt 0.51784 0.09153
vt 0.51784 0.09153
vt 0.51784 0.09153
vt 0.51784 0.09153
vt 0.51784 0.09153
vt 0.51784 0.09153
vt 0.51784 0.09153
vt 0.51784 0.09153
vt 0.51784 0.09153
vt 0.51784 0.09153
vt 0.51784 0.09153
vt 0.81535 0.09070
vt 0.81533 0.09069
vt 0.81533 0.09069
vt 0.81535 0.09070
vt 0.81533 0.09069
vt 0.81535 0.09070
vt 0.81533 0.09069
vt 0.81534 0.09070
vt 0.81533 0.09069
vt 0.81534 0.09070
vt 0.81533 0.09069
vt 0.81534 0.09070
vt 0.81533 0.09069
vt 0.81534 0.09070
vt 0.81533 0.09069
vt 0.81534 0.09070
vt 0.81533 0.09069
vt 0.81534 0.09071
vt 0.81533 0.09069
vt 0.81534 0.09071
vt 0.81533 0.09069
vt 0.81534 0.09071
vt 0.81533 0.09069
vt 0.81534 0.09071
vt 0.81533 0.09069
vt 0.81535 0.09071
vt 0.81533 0.09069
vt 0.81535 0.09071
vt 0.81533 0.09069
vt 0.81535 0.09071
vt 0.81533 0.09069
vt 0.81535 0.09071
vt 0.81533 0.09069
vt 0.81535 0.09070
vt 0.81533 0.09069
vt 0.81535 0.09070
vt 0.81535 0.09070
vt 0.81535 0.09070
vt 0.81534 0.09070
vt 0.81534 0.09070
vt 0.81534 0.09070
vt 0.81534 0.09070
vt 0.81535 0.09070
vt 0.81535 0.09070
vt 0.81535 0.09070
vt 0.81535 0.09070
vt 0.81535 0.09070
vt 0.81535 0.09070
vt 0.81532 0.09070
vt 0.81532 0.09070
vt 0.81532 0.09070
vt 0.81532 0.09070
vt 0.81532 0.09070
vt 0.81532 0.09070
vt 0.81532 0.09070
vt 0.81532 0.09070
vt 0.81532 0.09070
vt 0.81532 0.09070
vt 0.81533 0.09070
vt 0.81533 0.09070
vt 0.81532 0.09070
vt 0.81532 0.09070
vt 0.81533 0.09070
vt 0.81533 0.09070
vt 0.81533 0.09070
vt 0.81533 0.09070
vt 0.81534 0.09070
vt 0.81534 0.09070
vt 0.81533 0.09070
vt 0.81533 0.09070
vt 0.81533 0.09070
vt 0.81533 0.09070
vt 0.81534 0.09070
vt 0.81534 0.09070
vt 0.81534 0.09070
vt 0.81534 0.09070
vt 0.81534 0.09070
vt 0.81534 0.09070
vt 0.81534 0.09070
vt 0.81534 0.09070
vt 0.81534 0.09070
vt 0.81534 0.09070
vt 0.81535 0.09070
vt 0.81535 0.09071
vt 0.81535 0.09071
vt 0.81533 0.09069
vt 0.81533 0.09069
vt 0.81533 0.09069
vt 0.81533 0.09069
vt 0.81533 0.09069
vt 0.81533 0.09069
vt 0.81533 0.09069
vt 0.81533 0.09069
vt 0.81533 0.09069
vt 0.81533 0.09069
vt 0.81533 0.09069
vt 0.81533 0.09069
vt 0.81533 0.09069
vt 0.81533 0.09069
vt 0.81533 0.09069
vt 0.81533 0.09069
vt 0.81533 0.09069
vt 0.81533 0.09069
vt 0.81534 0.09070
vt 0.81535 0.09070
vt 0.81535 0.09070
vt 0.81532 0.09070
vt 0.81532 0.09070
vt 0.81533 0.09070
vt 0.81533 0.09070
vt 0.81533 0.09070
vt 0.81532 0.09070
vt 0.81532 0.09070
vt 0.81532 0.09070
vt 0.81533 0.09070
vt 0.81534 0.09070
vt 0.81534 0.09070
vt 0.81534 0.09070
vt 0.81534 0.09070
vt 0.81535 0.09070
vt 0.81535 0.09070
vt 0.81533 0.09069
vt 0.81533 0.09069
vt 0.81535 0.09070
vt 0.81533 0.09069
vt 0.81534 0.09070
vt 0.81533 0.09069
vt 0.81534 0.09070
vt 0.81533 0.09069
vt 0.81534 0.09070
vt 0.81533 0.09069
vt 0.81534 0.09070
vt 0.81533 0.09069
vt 0.81534 0.09070
vt 0.81533 0.09069
vt 0.81534 0.09070
vt 0.81533 0.09069
vt 0.81534 0.09070
vt 0.81533 0.09069
vt 0.81534 0.09069
vt 0.81533 0.09069
vt 0.81534 0.09069
vt 0.81533 0.09069
vt 0.81535 0.09069
vt 0.81533 0.09069
vt 0.81535 0.09070
vt 0.81533 0.09069
vt 0.81535 0.09070
vt 0.81533 0.09069
vt 0.81535 0.09070
vt 0.81533 0.09069
vt 0.81535 0.09070
vt 0.81533 0.09069
vt 0.81535 0.09070
vt 0.81533 0.09069
vt 0.81535 0.09070
vt 0.81535 0.09070
vt 0.81532 0.09070
vt 0.81532 0.09070
vt 0.81532 0.09070
vt 0.81533 0.09070
vt 0.81533 0.09070
vt 0.81534 0.09070
vt 0.81534 0.09070
vt 0.81534 0.09070
vt 0.81535 0.09070
vt 0.81535 0.09070
vt 0.81535 0.09070
vt 0.81533 0.09069
vt 0.81533 0.09069
vt 0.81533 0.09069
vt 0.81533 0.09069
vt 0.81533 0.09069
vt 0.81533 0.09069
vt 0.81533 0.09069
vt 0.81533 0.09069
vt 0.81533 0.09069
vt 0.81533 0.09069
vt 0.81533 0.09069
vt 0.81533 0.09069
vt 0.81533 0.09069
vt 0.81533 0.09069
vt 0.81533 0.09069
vt 0.81533 0.09069
vt 0.81533 0.09069
vt 0.81533 0.09069
vt 0.51784 0.09153
vt 0.51784 0.09153
vt 0.51784 0.09153
vt 0.51784 0.09153
vt 0.51784 0.09153
vt 0.51784 0.09153
vt 0.51784 0.09153
vt 0.51784 0.09153
vt 0.51784 0.09153
vt 0.51784 0.09153
vt 0.51784 0.09153
vt 0.51784 0.09153
vt 0.51784 0.09153
vt 0.51784 0.09153
vt 0.51784 0.09153
vt 0.51784 0.09153
vt 0.51784 0.09153
vt 0.51784 0.09153
vt 0.51784 0.09153
vt 0.51784 0.09153
vt 0.51784 0.09153
vt 0.51784 0.09153
vt 0.51784 0.09153
vt 0.51784 0.09153
vt 0.51784 0.09153
vt 0.51784 0.09153
vt 0.51784 0.09153
vt 0.51784 0.09153
vt 0.51784 0.09153
vt 0.51784 0.09153
vt 0.51784 0.09153
vt 0.51784 0.09153
vt 0.51784 0.09153
vt 0.51784 0.09153
vt 0.51784 0.09153
vt 0.51784 0.09153
vt 0.51784 0.09153
vt 0.51784 0.09153
vt 0.51784 0.09153
vt 0.51784 0.09153
vt 0.51784 0.09153
vt 0.51784 0.09153
vt 0.51784 0.09153
vt 0.51784 0.09153
vt 0.51784 0.09153
vt 0.51784 0.09153
vt 0.51784 0.09153
vt 0.51784 0.09153
vt 0.51784 0.09153
vt 0.51784 0.09153
vt 0.51784 0.09153
vt 0.51784 0.09153
vt 0.51784 0.09153
vt 0.51784 0.09153
vt 0.51784 0.09153
vt 0.51784 0.09153
vt 0.51784 0.09153
vt 0.51784 0.09153
vt 0.51784 0.09153
vt 0.51784 0.09153
vt 0.51784 0.09153
vt 0.51784 0.09153
vt 0.51784 0.09153
vt 0.51784 0.09153
vt 0.51784 0.09153
vt 0.51784 0.09153
vt 0.51784 0.09153
vt 0.51784 0.09153
vt 0.51784 0.09153
vt 0.51784 0.09153
vt 0.51784 0.09153
vt 0.51784 0.09153
vt 0.51784 0.09153
vt 0.51784 0.09153
vt 0.51784 0.09153
vt 0.51784 0.09153
vt 0.51784 0.09153
vt 0.51784 0.09153
vt 0.51784 0.09153
vt 0.51784 0.09153
vt 0.51784 0.09153
vt 0.51784 0.09153
vt 0.51784 0.09153
vt 0.51784 0.09153
vt 0.51784 0.09153
vt 0.51784 0.09153
vt 0.51784 0.09153
vt 0.51784 0.09153
vt 0.51784 0.09153
vt 0.51784 0.09153
vt 0.51784 0.09153
vt 0.51784 0.09153
vt 0.51784 0.09153
vt 0.51784 0.09153
vt 0.51784 0.09153
vt 0.51784 0.09153
vt 0.51784 0.09153
vt 0.51784 0.09153
vt 0.51784 0.09153
vt 0.51784 0.09153
vt 0.51784 0.09153
vt 0.51784 0.09153
vt 0.51784 0.09153
vt 0.51784 0.09153
vt 0.51784 0.09153
vt 0.51784 0.09153
vt 0.51784 0.09153
vt 0.51784 0.09153
vt 0.51784 0.09153
vt 0.51784 0.09153
vt 0.51784 0.09153
vt 0.51784 0.09153
vt 0.51784 0.09153
vt 0.51784 0.09153
vt 0.51784 0.09153
vt 0.51784 0.09153
vt 0.51784 0.09153
vt 0.51784 0.09153
vt 0.51784 0.09153
vt 0.51784 0.09153
vt 0.51784 0.09153
vt 0.51784 0.09153
vt 0.51784 0.09153
vt 0.51784 0.09153
vt 0.51784 0.09153
vt 0.51784 0.09153
vt 0.51784 0.09153
vt 0.51784 0.09153
vt 0.51784 0.09153
vt 0.51784 0.09153
vt 0.51784 0.09153
vt 0.51784 0.09153
vt 0.51784 0.09153
vt 0.51784 0.09153
vt 0.51784 0.09153
vt 0.51784 0.09153
vt 0.51784 0.09153
vt 0.51784 0.09153
vt 0.51784 0.09153
vt 0.51784 0.09153
vt 0.51784 0.09153
vt 0.51784 0.09153
vt 0.51784 0.09153
vt 0.51784 0.09153
vt 0.51784 0.09153
vt 0.51784 0.09153
vt 0.51784 0.09153
vt 0.51784 0.09153
vt 0.51784 0.09153
vt 0.51784 0.09153
vt 0.51784 0.09153
vt 0.51784 0.09153
vt 0.51784 0.09153
vt 0.51784 0.09153
vt 0.51784 0.09153
vt 0.51784 0.09153
vt 0.51784 0.09153
vt 0.51784 0.09153
vt 0.51784 0.09153
vt 0.51784 0.09153
vt 0.51784 0.09153
vt 0.51784 0.09153
vt 0.51784 0.09153
vt 0.51784 0.09153
vt 0.51784 0.09153
vt 0.51784 0.09153
vt 0.51784 0.09153
vt 0.51784 0.09153
vt 0.51784 0.09153
vt 0.51784 0.09153
vt 0.51784 0.09153
vt 0.51784 0.09153
vt 0.51784 0.09153
vt 0.51784 0.09153
vt 0.51784 0.09153
vt 0.51784 0.09153
vt 0.51784 0.09153
vt 0.51784 0.09153
vt 0.51784 0.09153
vt 0.51784 0.09153
vt 0.51784 0.09153
vt 0.51784 0.09153
vt 0.51784 0.09153
vt 0.51784 0.09153
vt 0.51784 0.09153
vt 0.51784 0.09153
vt 0.51784 0.09153
vt 0.51784 0.09153
vt 0.51784 0.09153
vt 0.51784 0.09153
vt 0.51784 0.09153
vt 0.51784 0.09153
vt 0.51784 0.09153
vt 0.51784 0.09153
vt 0.51784 0.09153
vt 0.51784 0.09153
vt 0.51784 0.09153
vt 0.51784 0.09153
vt 0.51784 0.09153
vt 0.51784 0.09153
vt 0.51784 0.09153
vt 0.51784 0.09153
vt 0.51784 0.09153
vt 0.51784 0.09153
vt 0.51784 0.09153
vt 0.51784 0.09153
vt 0.51784 0.09153
vt 0.51784 0.09153
vt 0.51784 0.09153
vt 0.51784 0.09153
vt 0.51784 0.09153
vt 0.51784 0.09153
vt 0.51784 0.09153
vt 0.51784 0.09153
vt 0.51784 0.09153
vt 0.51784 0.09153
vt 0.51784 0.09153
vt 0.51784 0.09153
vt 0.51784 0.09153
vt 0.51784 0.09153
vt 0.51784 0.09153
vt 0.51784 0.09153
vt 0.51784 0.09153
vt 0.51784 0.09153
vt 0.51784 0.09153
vt 0.51784 0.09153
vt 0.51784 0.09153
vt 0.51784 0.09153
vt 0.51784 0.09153
vt 0.51784 0.09153
vt 0.51784 0.09153
vt 0.51784 0.09153
vt 0.51784 0.09153
vt 0.51784 0.09153
vt 0.51784 0.09153
vt 0.51784 0.09153
vt 0.51784 0.09153
vt 0.51784 0.09153
vt 0.51784 0.09153
vt 0.51784 0.09153
vt 0.51784 0.09153
vt 0.51784 0.09153
vt 0.51784 0.09153
vt 0.51784 0.09153
vt 0.51784 0.09153
vt 0.51784 0.09153
vt 0.81535 0.09070
vt 0.81533 0.09069
vt 0.81533 0.09069
vt 0.81535 0.09070
vt 0.81533 0.09069
vt 0.81535 0.09070
vt 0.81533 0.09069
vt 0.81534 0.09070
vt 0.81533 0.09069
vt 0.81534 0.09070
vt 0.81533 0.09069
vt 0.81534 0.09070
vt 0.81533 0.09069
vt 0.81534 0.09070
vt 0.81533 0.09069
vt 0.81534 0.09070
vt 0.81533 0.09069
vt 0.81534 0.09071
vt 0.81533 0.09069
vt 0.81534 0.09071
vt 0.81533 0.09069
vt 0.81534 0.09071
vt 0.81533 0.09069
vt 0.81534 0.09071
vt 0.81533 0.09069
vt 0.81535 0.09071
vt 0.81533 0.09069
vt 0.81535 0.09071
vt 0.81533 0.09069
vt 0.81535 0.09071
vt 0.81533 0.09069
vt 0.81535 0.09071
vt 0.81533 0.09069
vt 0.81535 0.09070
vt 0.81533 0.09069
vt 0.81535 0.09070
vt 0.81535 0.09070
vt 0.81535 0.09070
vt 0.81534 0.09070
vt 0.81534 0.09070
vt 0.81534 0.09070
vt 0.81534 0.09070
vt 0.81535 0.09070
vt 0.81535 0.09070
vt 0.81535 0.09070
vt 0.81535 0.09070
vt 0.81535 0.09070
vt 0.81535 0.09070
vt 0.81532 0.09070
vt 0.81532 0.09070
vt 0.81532 0.09070
vt 0.81532 0.09070
vt 0.81532 0.09070
vt 0.81532 0.09070
vt 0.81532 0.09070
vt 0.81532 0.09070
vt 0.81532 0.09070
vt 0.81532 0.09070
vt 0.81533 0.09070
vt 0.81533 0.09070
vt 0.81532 0.09070
vt 0.81532 0.09070
vt 0.81533 0.09070
vt 0.81533 0.09070
vt 0.81533 0.09070
vt 0.81533 0.09070
vt 0.81534 0.09070
vt 0.81534 0.09070
vt 0.81533 0.09070
vt 0.81533 0.09070
vt 0.81533 0.09070
vt 0.81533 0.09070
vt 0.81534 0.09070
vt 0.81534 0.09070
vt 0.81534 0.09070
vt 0.81534 0.09070
vt 0.81534 0.09070
vt 0.81534 0.09070
vt 0.81534 0.09070
vt 0.81534 0.09070
vt 0.81534 0.09070
vt 0.81534 0.09070
vt 0.81535 0.09070
vt 0.81535 0.09071
vt 0.81535 0.09071
vt 0.81533 0.09069
vt 0.81533 0.09069
vt 0.81533 0.09069
vt 0.81533 0.09069
vt 0.81533 0.09069
vt 0.81533 0.09069
vt 0.81533 0.09069
vt 0.81533 0.09069
vt 0.81533 0.09069
vt 0.81533 0.09069
vt 0.81533 0.09069
vt 0.81533 0.09069
vt 0.81533 0.09069
vt 0.81533 0.09069
vt 0.81533 0.09069
vt 0.81533 0.09069
vt 0.81533 0.09069
vt 0.81533 0.09069
vt 0.81534 0.09070
vt 0.81535 0.09070
vt 0.81535 0.09070
vt 0.81532 0.09070
vt 0.81532 0.09070
vt 0.81533 0.09070
vt 0.81533 0.09070
vt 0.81533 0.09070
vt 0.81532 0.09070
vt 0.81532 0.09070
vt 0.81532 0.09070
vt 0.81533 0.09070
vt 0.81534 0.09070
vt 0.81534 0.09070
vt 0.81534 0.09070
vt 0.81534 0.09070
vt 0.81535 0.09070
vt 0.81535 0.09070
vt 0.81533 0.09069
vt 0.81533 0.09069
vt 0.81535 0.09070
vt 0.81533 0.09069
vt 0.81534 0.09070
vt 0.81533 0.09069
vt 0.81534 0.09070
vt 0.81533 0.09069
vt 0.81534 0.09070
vt 0.81533 0.09069
vt 0.81534 0.09070
vt 0.81533 0.09069
vt 0.81534 0.09070
vt 0.81533 0.09069
vt 0.81534 0.09070
vt 0.81533 0.09069
vt 0.81534 0.09070
vt 0.81533 0.09069
vt 0.81534 0.09069
vt 0.81533 0.09069
vt 0.81534 0.09069
vt 0.81533 0.09069
vt 0.81535 0.09069
vt 0.81533 0.09069
vt 0.81535 0.09070
vt 0.81533 0.09069
vt 0.81535 0.09070
vt 0.81533 0.09069
vt 0.81535 0.09070
vt 0.81533 0.09069
vt 0.81535 0.09070
vt 0.81533 0.09069
vt 0.81535 0.09070
vt 0.81533 0.09069
vt 0.81535 0.09070
vt 0.81535 0.09070
vt 0.81532 0.09070
vt 0.81532 0.09070
vt 0.81532 0.09070
vt 0.81533 0.09070
vt 0.81533 0.09070
vt 0.81534 0.09070
vt 0.81534 0.09070
vt 0.81534 0.09070
vt 0.81535 0.09070
vt 0.81535 0.09070
vt 0.81535 0.09070
vt 0.81533 0.09069
vt 0.81533 0.09069
vt 0.81533 0.09069
vt 0.81533 0.09069
vt 0.81533 0.09069
vt 0.81533 0.09069
vt 0.81533 0.09069
vt 0.81533 0.09069
vt 0.81533 0.09069
vt 0.81533 0.09069
vt 0.81533 0.09069
vt 0.81533 0.09069
vt 0.81533 0.09069
vt 0.81533 0.09069
vt 0.81533 0.09069
vt 0.81533 0.09069
vt 0.81533 0.09069
vt 0.81533 0.09069
vt 0.51784 0.09153
vt 0.51784 0.09153
vt 0.51784 0.09153
vt 0.51784 0.09153
vt 0.51784 0.09153
vt 0.51784 0.09153
vt 0.51784 0.09153
vt 0.51784 0.09153
vt 0.51784 0.09153
vt 0.51784 0.09153
vt 0.51784 0.09153
vt 0.51784 0.09153
vt 0.51784 0.09153
vt 0.51784 0.09153
vt 0.51784 0.09153
vt 0.51784 0.09153
vt 0.51784 0.09153
vt 0.51784 0.09153
vt 0.51784 0.09153
vt 0.51784 0.09153
vt 0.51784 0.09153
vt 0.51784 0.09153
vt 0.51784 0.09153
vt 0.51784 0.09153
vt 0.51784 0.09153
vt 0.51784 0.09153
vt 0.51784 0.09153
vt 0.51784 0.09153
vt 0.51784 0.09153
vt 0.51784 0.09153
vt 0.51784 0.09153
vt 0.51784 0.09153
vt 0.51784 0.09153
vt 0.51784 0.09153
vt 0.51784 0.09153
vt 0.51784 0.09153
vt 0.51784 0.09153
vt 0.51784 0.09153
vt 0.51784 0.09153
vt 0.51784 0.09153
vt 0.51784 0.09153
vt 0.51784 0.09153
vt 0.51784 0.09153
vt 0.51784 0.09153
vt 0.51784 0.09153
vt 0.51784 0.09153
vt 0.51784 0.09153
vt 0.51784 0.09153
vt 0.51784 0.09153
vt 0.51784 0.09153
vt 0.51784 0.09153
vt 0.51784 0.09153
vt 0.51784 0.09153
vt 0.51784 0.09153
vt 0.51784 0.09153
vt 0.51784 0.09153
vt 0.51784 0.09153
vt 0.51784 0.09153
vt 0.51784 0.09153
vt 0.51784 0.09153
vt 0.51784 0.09153
vt 0.51784 0.09153
vt 0.51784 0.09153
vt 0.51784 0.09153
vt 0.51784 0.09153
vt 0.51784 0.09153
vt 0.51784 0.09153
vt 0.51784 0.09153
vt 0.51784 0.09153
vt 0.51784 0.09153
vt 0.51784 0.09153
vt 0.51784 0.09153
vt 0.51784 0.09153
vt 0.51784 0.09153
vt 0.51784 0.09153
vt 0.51784 0.09153
vt 0.51784 0.09153
vt 0.51784 0.09153
vt 0.51784 0.09153
vt 0.51784 0.09153
vt 0.51784 0.09153
vt 0.51784 0.09153
vt 0.51784 0.09153
vt 0.51784 0.09153
vt 0.51784 0.09153
vt 0.51784 0.09153
vt 0.51784 0.09153
vt 0.51784 0.09153
vt 0.51784 0.09153
vt 0.51784 0.09153
vt 0.51784 0.09153
vt 0.51784 0.09153
vt 0.51784 0.09153
vt 0.51784 0.09153
vt 0.51784 0.09153
vt 0.51784 0.09153
vt 0.51784 0.09153
vt 0.51784 0.09153
vt 0.51784 0.09153
vt 0.51784 0.09153
vt 0.51784 0.09153
vt 0.51784 0.09153
vt 0.51784 0.09153
vt 0.51784 0.09153
vt 0.51784 0.09153
vt 0.51784 0.09153
vt 0.51784 0.09153
vt 0.51784 0.09153
vt 0.51784 0.09153
vt 0.51784 0.09153
vt 0.51784 0.09153
vt 0.51784 0.09153
vt 0.51784 0.09153
vt 0.51784 0.09153
vt 0.51784 0.09153
vt 0.51784 0.09153
vt 0.51784 0.09153
vt 0.51784 0.09153
vt 0.51784 0.09153
vt 0.51784 0.09153
vt 0.51784 0.09153
vt 0.51784 0.09153
vt 0.51784 0.09153
vt 0.51784 0.09153
vt 0.51784 0.09153
vt 0.51784 0.09153
vt 0.51784 0.09153
vt 0.51784 0.09153
vt 0.51784 0.09153
vt 0.51784 0.09153
vt 0.51784 0.09153
vt 0.51784 0.09153
vt 0.51784 0.09153
vt 0.51784 0.09153
vt 0.51784 0.09153
vt 0.51784 0.09153
vt 0.51784 0.09153
vt 0.51784 0.09153
vt 0.51784 0.09153
vt 0.51784 0.09153
vt 0.51784 0.09153
vt 0.51784 0.09153
vt 0.51784 0.09153
vt 0.51784 0.09153
vt 0.51784 0.09153
vt 0.51784 0.09153
vt 0.51784 0.09153
vt 0.51784 0.09153
vt 0.51784 0.09153
vt 0.51784 0.09153
vt 0.51784 0.09153
vt 0.51784 0.09153
vt 0.51784 0.09153
vt 0.51784 0.09153
vt 0.51784 0.09153
vt 0.51784 0.09153
vt 0.51784 0.09153
vt 0.51784 0.09153
vt 0.51784 0.09153
vt 0.51784 0.09153
vt 0.51784 0.09153
vt 0.51784 0.09153
vt 0.51784 0.09153
vt 0.51784 0.09153
vt 0.51784 0.09153
vt 0.51784 0.09153
vt 0.51784 0.09153
vt 0.51784 0.09153
vt 0.51784 0.09153
vt 0.51784 0.09153
vt 0.51784 0.09153
vt 0.51784 0.09153
vt 0.51784 0.09153
vt 0.51784 0.09153
vt 0.51784 0.09153
vt 0.51784 0.09153
vt 0.51784 0.09153
vt 0.51784 0.09153
vt 0.51784 0.09153
vt 0.51784 0.09153
vt 0.51784 0.09153
vt 0.51784 0.09153
vt 0.51784 0.09153
vt 0.51784 0.09153
vt 0.51784 0.09153
vt 0.51784 0.09153
vt 0.51784 0.09153
vt 0.51784 0.09153
vt 0.51784 0.09153
vt 0.51784 0.09153
vt 0.51784 0.09153
vt 0.51784 0.09153
vt 0.51784 0.09153
vt 0.51784 0.09153
vt 0.51784 0.09153
vt 0.51784 0.09153
vt 0.51784 0.09153
vt 0.51784 0.09153
vt 0.51784 0.09153
vt 0.51784 0.09153
vt 0.51784 0.09153
vt 0.51784 0.09153
vt 0.51784 0.09153
vt 0.51784 0.09153
vt 0.51784 0.09153
vt 0.51784 0.09153
vt 0.51784 0.09153
vt 0.51784 0.09153
vt 0.51784 0.09153
vt 0.51784 0.09153
vt 0.51784 0.09153
vt 0.51784 0.09153
vt 0.51784 0.09153
vt 0.51784 0.09153
vt 0.51784 0.09153
vt 0.51784 0.09153
vt 0.51784 0.09153
vt 0.51784 0.09153
vt 0.51784 0.09153
vt 0.51784 0.09153
vt 0.51784 0.09153
vt 0.51784 0.09153
vt 0.51784 0.09153
vt 0.51784 0.09153
vt 0.51784 0.09153
vt 0.51784 0.09153
vt 0.51784 0.09153
vt 0.51784 0.09153
vt 0.51784 0.09153
vt 0.51784 0.09153
vt 0.51784 0.09153
vt 0.51784 0.09153
vt 0.51784 0.09153
vt 0.51784 0.09153
vt 0.51784 0.09153
vt 0.51784 0.09153
vt 0.51784 0.09153
vt 0.51784 0.09153
vt 0.51784 0.09153
vt 0.51784 0.09153
vt 0.51784 0.09153
vt 0.51784 0.09153
vt 0.51784 0.09153
vt 0.51784 0.09153
vt 0.51784 0.09153
vt 0.51784 0.09153
vt 0.72476 0.15848
vt 0.72476 0.15848
vt 0.72476 0.15848
vt 0.72476 0.15848
vt 0.72476 0.15848
vt 0.72476 0.15848
vt 0.72476 0.15848
vt 0.72476 0.15848
vt 0.72476 0.15848
vt 0.72476 0.15848
vt 0.72476 0.15848
vt 0.72476 0.15848
vt 0.72476 0.15848
vt 0.72476 0.15848
vt 0.72476 0.15848
vt 0.72476 0.15848
vt 0.72476 0.15848
vt 0.72476 0.15848
vt 0.72476 0.15848
vt 0.72476 0.15848
vt 0.72476 0.15848
vt 0.72476 0.15848
vt 0.72476 0.15848
vt 0.72476 0.15848
vt 0.72476 0.15848
vt 0.72476 0.15848
vt 0.72476 0.15848
vt 0.72476 0.15848
vt 0.74313 0.10960
vt 0.74313 0.10961
vt 0.74313 0.10961
vt 0.74312 0.10957
vt 0.74314 0.10960
vt 0.74319 0.10956
vt 0.74319 0.10959
vt 0.74319 0.10960
vt 0.74318 0.10960
vt 0.74318 0.10959
vt 0.74317 0.10959
vt 0.74317 0.10960
vt 0.74317 0.10960
vt 0.74316 0.10961
vt 0.74315 0.10961
vt 0.74314 0.10961
vt 0.74321 0.10957
vt 0.74321 0.10957
vt 0.74321 0.10959
vt 0.74321 0.10959
vt 0.74321 0.10957
vt 0.74321 0.10959
vt 0.74319 0.10957
vt 0.74319 0.10959
vt 0.74320 0.10957
vt 0.74320 0.10959
vt 0.74320 0.10957
vt 0.74320 0.10959
vt 0.74321 0.10957
vt 0.74321 0.10957
vt 0.74321 0.10957
vt 0.74320 0.10957
vt 0.74321 0.10957
vt 0.74321 0.10957
vt 0.74321 0.10959
vt 0.74321 0.10959
vt 0.74321 0.10959
vt 0.74321 0.10959
vt 0.74321 0.10959
vt 0.74321 0.10959
vt 0.74321 0.10959
vt 0.74321 0.10959
vt 0.74321 0.10959
vt 0.74321 0.10959
vt 0.74320 0.10959
vt 0.74320 0.10959
vt 0.74321 0.10959
vt 0.74320 0.10959
vt 0.74321 0.10959
vt 0.74321 0.10959
vt 0.74321 0.10959
vt 0.74321 0.10959
vt 0.74321 0.10959
vt 0.74321 0.10957
vt 0.74321 0.10957
vt 0.74321 0.10959
vt 0.74320 0.10957
vt 0.74320 0.10959
vt 0.74320 0.10959
vt 0.74320 0.10957
vt 0.74321 0.10957
vt 0.74321 0.10959
vt 0.74321 0.10959
vt 0.74321 0.10957
vt 0.74321 0.10959
vt 0.74321 0.10959
vt 0.74320 0.10959
vt 0.74320 0.10959
vt 0.74320 0.10959
vt 0.74320 0.10957
vt 0.74321 0.10957
vt 0.74321 0.10959
vt 0.74321 0.10959
vt 0.74321 0.10957
vt 0.74321 0.10959
vt 0.74321 0.10957
vt 0.74319 0.10959
vt 0.74319 0.10957
vt 0.74320 0.10959
vt 0.74320 0.10957
vt 0.74320 0.10959
vt 0.74320 0.10957
vt 0.74321 0.10957
vt 0.74321 0.10957
vt 0.74320 0.10957
vt 0.74321 0.10957
vt 0.74321 0.10957
vt 0.74321 0.10957
vt 0.74321 0.10959
vt 0.74321 0.10959
vt 0.74321 0.10959
vt 0.74321 0.10959
vt 0.74321 0.10959
vt 0.74321 0.10959
vt 0.74321 0.10959
vt 0.74321 0.10959
vt 0.74321 0.10959
vt 0.74321 0.10959
vt 0.74320 0.10959
vt 0.74320 0.10959
vt 0.74320 0.10959
vt 0.74321 0.10959
vt 0.74321 0.10959
vt 0.74321 0.10959
vt 0.74321 0.10959
vt 0.74321 0.10959
vt 0.74321 0.10959
vt 0.74321 0.10959
vt 0.74321 0.10957
vt 0.74321 0.10957
vt 0.74320 0.10957
vt 0.74320 0.10959
vt 0.74321 0.10957
vt 0.74321 0.10957
vt 0.74321 0.10959
vt 0.74321 0.10959
vt 0.74321 0.10959
vt 0.74321 0.10959
vt 0.74320 0.10959
vt 0.74320 0.10959
vt 0.74320 0.10959
vt 0.74320 0.10959
vt 0.74320 0.10959
vt 0.74320 0.10959
vt 0.74318 0.10962
vt 0.74318 0.10962
vt 0.74318 0.10962
vt 0.74317 0.10962
vt 0.74317 0.10962
vt 0.74318 0.10962
vt 0.74316 0.10962
vt 0.74316 0.10962
vt 0.74316 0.10962
vt 0.74315 0.10962
vt 0.74315 0.10962
vt 0.74316 0.10962
vt 0.74322 0.10955
vt 0.74322 0.10954
vt 0.74322 0.10954
vt 0.74322 0.10955
vt 0.74319 0.10952
vt 0.74320 0.10952
vt 0.74320 0.10954
vt 0.74319 0.10954
vt 0.74317 0.10959
vt 0.74317 0.10959
vt 0.74317 0.10960
vt 0.74317 0.10960
vt 0.74322 0.10955
vt 0.74322 0.10955
vt 0.74314 0.10960
vt 0.74313 0.10960
vt 0.74313 0.10960
vt 0.74314 0.10960
vt 0.74321 0.10957
vt 0.74321 0.10957
vt 0.74322 0.10957
vt 0.74319 0.10962
vt 0.74319 0.10962
vt 0.74318 0.10962
vt 0.74318 0.10962
vt 0.74314 0.10960
vt 0.74314 0.10960
vt 0.74321 0.10962
vt 0.74322 0.10962
vt 0.74321 0.10961
vt 0.74318 0.10962
vt 0.74319 0.10962
vt 0.74319 0.10961
vt 0.74321 0.10962
vt 0.74319 0.10955
vt 0.74319 0.10954
vt 0.74320 0.10954
vt 0.74320 0.10955
vt 0.74322 0.10955
vt 0.74322 0.10954
vt 0.74320 0.10952
vt 0.74320 0.10954
vt 0.74318 0.10959
vt 0.74318 0.10960
vt 0.74322 0.10955
vt 0.74319 0.10962
vt 0.74318 0.10962
vt 0.74319 0.10962
vt 0.74318 0.10962
vt 0.74320 0.10954
vt 0.74319 0.10954
vt 0.74320 0.10954
vt 0.74320 0.10955
vt 0.74319 0.10955
vt 0.74319 0.10955
vt 0.74320 0.10955
vt 0.74320 0.10954
vt 0.74318 0.10961
vt 0.74318 0.10961
vt 0.74317 0.10961
vt 0.74317 0.10961
vt 0.74317 0.10961
vt 0.74318 0.10961
vt 0.74316 0.10961
vt 0.74316 0.10961
vt 0.74315 0.10962
vt 0.74314 0.10962
vt 0.74314 0.10961
vt 0.74315 0.10961
vt 0.74315 0.10961
vt 0.74315 0.10962
vt 0.74315 0.10961
vt 0.74316 0.10961
vt 0.74321 0.10962
vt 0.74320 0.10955
vt 0.74320 0.10955
vt 0.74320 0.10955
vt 0.74314 0.10956
vt 0.74314 0.10957
vt 0.74315 0.10957
vt 0.74316 0.10957
vt 0.74317 0.10956
vt 0.74317 0.10956
vt 0.74317 0.10955
vt 0.74318 0.10955
vt 0.74318 0.10956
vt 0.74319 0.10956
vt 0.74319 0.10955
vt 0.74319 0.10952
vt 0.74312 0.10953
vt 0.74313 0.10957
vt 0.74313 0.10957
vt 0.74313 0.10956
vt 0.74321 0.10955
vt 0.74321 0.10957
vt 0.74321 0.10957
vt 0.74321 0.10955
vt 0.74321 0.10957
vt 0.74321 0.10955
vt 0.74320 0.10957
vt 0.74320 0.10955
vt 0.74320 0.10957
vt 0.74320 0.10955
vt 0.74320 0.10957
vt 0.74320 0.10955
vt 0.74321 0.10955
vt 0.74321 0.10955
vt 0.74320 0.10955
vt 0.74321 0.10955
vt 0.74321 0.10955
vt 0.74321 0.10955
vt 0.74321 0.10957
vt 0.74321 0.10957
vt 0.74321 0.10957
vt 0.74321 0.10957
vt 0.74321 0.10957
vt 0.74321 0.10957
vt 0.74321 0.10957
vt 0.74321 0.10957
vt 0.74321 0.10957
vt 0.74321 0.10957
vt 0.74320 0.10957
vt 0.74320 0.10957
vt 0.74320 0.10957
vt 0.74321 0.10957
vt 0.74321 0.10957
vt 0.74321 0.10957
vt 0.74321 0.10957
vt 0.74321 0.10957
vt 0.74321 0.10957
vt 0.74321 0.10957
vt 0.74321 0.10955
vt 0.74321 0.10955
vt 0.74320 0.10955
vt 0.74320 0.10955
vt 0.74320 0.10957
vt 0.74320 0.10957
vt 0.74321 0.10955
vt 0.74321 0.10955
vt 0.74321 0.10957
vt 0.74321 0.10957
vt 0.74321 0.10957
vt 0.74321 0.10957
vt 0.74320 0.10957
vt 0.74320 0.10957
vt 0.74320 0.10955
vt 0.74320 0.10957
vt 0.74321 0.10955
vt 0.74321 0.10955
vt 0.74321 0.10957
vt 0.74321 0.10957
vt 0.74321 0.10955
vt 0.74321 0.10957
vt 0.74320 0.10955
vt 0.74320 0.10957
vt 0.74320 0.10955
vt 0.74320 0.10957
vt 0.74320 0.10955
vt 0.74320 0.10957
vt 0.74321 0.10955
vt 0.74321 0.10955
vt 0.74321 0.10955
vt 0.74320 0.10955
vt 0.74321 0.10955
vt 0.74321 0.10955
vt 0.74321 0.10957
vt 0.74321 0.10957
vt 0.74321 0.10957
vt 0.74321 0.10957
vt 0.74321 0.10957
vt 0.74321 0.10957
vt 0.74321 0.10957
vt 0.74321 0.10957
vt 0.74321 0.10957
vt 0.74321 0.10957
vt 0.74320 0.10957
vt 0.74320 0.10957
vt 0.74321 0.10957
vt 0.74320 0.10957
vt 0.74321 0.10957
vt 0.74321 0.10957
vt 0.74321 0.10957
vt 0.74321 0.10957
vt 0.74321 0.10957
vt 0.74321 0.10955
vt 0.74321 0.10955
vt 0.74321 0.10957
vt 0.74320 0.10955
vt 0.74320 0.10957
vt 0.74321 0.10955
vt 0.74321 0.10957
vt 0.74321 0.10957
vt 0.74321 0.10955
vt 0.74321 0.10957
vt 0.74321 0.10957
vt 0.74320 0.10957
vt 0.74320 0.10957
vt 0.74320 0.10957
vt 0.74320 0.10957
vt 0.74320 0.10957
vt 0.74320 0.10957
vt 0.74313 0.10962
vt 0.74313 0.10962
vt 0.74314 0.10962
vt 0.74314 0.10962
vt 0.74314 0.10962
vt 0.74314 0.10962
vt 0.74320 0.10960
vt 0.74320 0.10960
vt 0.74321 0.10960
vt 0.74321 0.10960
vt 0.74321 0.10960
vt 0.74320 0.10960
vt 0.74322 0.10953
vt 0.74322 0.10953
vt 0.74322 0.10952
vt 0.74322 0.10952
vt 0.74321 0.10952
vt 0.74320 0.10954
vt 0.74321 0.10954
vt 0.74321 0.10952
vt 0.74314 0.10960
vt 0.74314 0.10961
vt 0.74314 0.10961
vt 0.74314 0.10960
vt 0.74322 0.10954
vt 0.74322 0.10954
vt 0.74314 0.10960
vt 0.74314 0.10960
vt 0.74313 0.10960
vt 0.74313 0.10960
vt 0.74322 0.10958
vt 0.74322 0.10958
vt 0.74321 0.10958
vt 0.74321 0.10958
vt 0.74321 0.10962
vt 0.74319 0.10962
vt 0.74319 0.10962
vt 0.74321 0.10962
vt 0.74314 0.10960
vt 0.74314 0.10960
vt 0.74321 0.10956
vt 0.74321 0.10956
vt 0.74322 0.10956
vt 0.74322 0.10956
vt 0.74320 0.10961
vt 0.74321 0.10961
vt 0.74321 0.10962
vt 0.74319 0.10962
vt 0.74318 0.10959
vt 0.74318 0.10960
vt 0.74320 0.10955
vt 0.74321 0.10955
vt 0.74321 0.10954
vt 0.74320 0.10954
vt 0.74314 0.10960
vt 0.74314 0.10961
vt 0.74322 0.10954
vt 0.74319 0.10962
vt 0.74321 0.10962
vt 0.74321 0.10962
vt 0.74319 0.10962
vt 0.74320 0.10954
vt 0.74321 0.10954
vt 0.74321 0.10955
vt 0.74321 0.10955
vt 0.74320 0.10955
vt 0.74320 0.10955
vt 0.74314 0.10961
vt 0.74314 0.10961
vt 0.74313 0.10961
vt 0.74313 0.10961
vt 0.74314 0.10961
vt 0.74314 0.10961
vt 0.74320 0.10959
vt 0.69573 0.10845
vt 0.69573 0.10845
vt 0.69573 0.10845
vt 0.69573 0.10845
vt 0.69573 0.10845
vt 0.69573 0.10845
vt 0.69573 0.10845
vt 0.69573 0.10845
vt 0.69573 0.10845
vt 0.69573 0.10845
vt 0.69573 0.10845
vt 0.69573 0.10845
vt 0.69573 0.10845
vt 0.69573 0.10845
vt 0.69573 0.10845
vt 0.69573 0.10845
vt 0.69573 0.10845
vt 0.69573 0.10845
vt 0.69573 0.10845
vt 0.69573 0.10845
vt 0.69573 0.10845
vt 0.69573 0.10845
vt 0.69573 0.10845
vt 0.69573 0.10845
vt 0.69573 0.10845
vt 0.69573 0.10845
vt 0.69573 0.10845
vt 0.69573 0.10845
vt 0.69573 0.10845
vt 0.69573 0.10845
vt 0.69573 0.10845
vt 0.69573 0.10845
vt 0.69573 0.10845
vt 0.69573 0.10845
vt 0.69573 0.10845
vt 0.69573 0.10845
vt 0.69573 0.10845
vt 0.69573 0.10845
vt 0.69573 0.10845
vt 0.69573 0.10845
vt 0.69573 0.10845
vt 0.69573 0.10845
vt 0.69573 0.10845
vt 0.69573 0.10845
vt 0.69573 0.10845
vt 0.69573 0.10845
vt 0.69573 0.10845
vt 0.69573 0.10845
vt 0.69573 0.10845
vt 0.69573 0.10845
vt 0.69573 0.10845
vt 0.69573 0.10845
vt 0.69573 0.10845
vt 0.69573 0.10845
vt 0.69573 0.10845
vt 0.69573 0.10845
vt 0.69573 0.10845
vt 0.69573 0.10845
vt 0.69573 0.10845
vt 0.69573 0.10845
vt 0.09814 0.07337
vt 0.09815 0.07337
vt 0.09816 0.07337
vt 0.09817 0.07338
vt 0.09814 0.07342
vt 0.09813 0.07343
vt 0.09812 0.07342
vt 0.09812 0.07341
vt 0.09814 0.07342
vt 0.09815 0.07342
vt 0.09816 0.07343
vt 0.09816 0.07344
vt 0.09814 0.07346
vt 0.09813 0.07347
vt 0.09812 0.07346
vt 0.09812 0.07345
vt 0.09809 0.07337
vt 0.09810 0.07337
vt 0.09811 0.07337
vt 0.09812 0.07342
vt 0.09811 0.07343
vt 0.09810 0.07343
vt 0.09809 0.07343
vt 0.09809 0.07338
vt 0.09816 0.07340
vt 0.09817 0.07340
vt 0.09817 0.07340
vt 0.09818 0.07344
vt 0.09818 0.07344
vt 0.09817 0.07345
vt 0.09816 0.07344
vt 0.09815 0.07341
vt 0.56821 0.08578
vt 0.56820 0.08578
vt 0.56820 0.08581
vt 0.56821 0.08581
vt 0.56822 0.08581
vt 0.56823 0.08581
vt 0.56823 0.08578
vt 0.56822 0.08578
vt 0.56826 0.08575
vt 0.56826 0.08576
vt 0.56827 0.08576
vt 0.56827 0.08575
vt 0.56824 0.08583
vt 0.56825 0.08583
vt 0.56825 0.08581
vt 0.56827 0.08577
vt 0.56827 0.08578
vt 0.56828 0.08578
vt 0.56828 0.08577
vt 0.56821 0.08573
vt 0.56821 0.08575
vt 0.56822 0.08575
vt 0.56822 0.08573
vt 0.56822 0.08583
vt 0.56823 0.08575
vt 0.56823 0.08573
vt 0.56820 0.08573
vt 0.56820 0.08575
vt 0.56829 0.08579
vt 0.56829 0.08579
vt 0.56829 0.08579
vt 0.56829 0.08579
vt 0.56830 0.08579
vt 0.56830 0.08579
vt 0.56830 0.08580
vt 0.56830 0.08580
vt 0.56829 0.08580
vt 0.56829 0.08580
vt 0.56829 0.08580
vt 0.56829 0.08580
vt 0.56828 0.08580
vt 0.56828 0.08580
vt 0.56828 0.08579
vt 0.56828 0.08579
vt 0.56830 0.08579
vt 0.56828 0.08580
vt 0.56828 0.08579
vt 0.56829 0.08579
vt 0.56829 0.08579
vt 0.56828 0.08579
vt 0.56828 0.08580
vt 0.56829 0.08580
vt 0.56829 0.08580
vt 0.56830 0.08580
vt 0.56830 0.08579
vt 0.56824 0.08576
vt 0.56823 0.08576
vt 0.56823 0.08578
vt 0.56824 0.08579
vt 0.56825 0.08579
vt 0.56826 0.08578
vt 0.56826 0.08576
vt 0.56825 0.08576
vt 0.56825 0.08579
vt 0.56826 0.08579
vt 0.56826 0.08579
vt 0.56826 0.08582
vt 0.56826 0.08583
vt 0.56827 0.08583
vt 0.56827 0.08582
vt 0.56828 0.08580
vt 0.56828 0.08581
vt 0.56828 0.08581
vt 0.56824 0.08575
vt 0.56824 0.08576
vt 0.56825 0.08576
vt 0.56825 0.08575
vt 0.56826 0.08575
vt 0.56823 0.08575
vt 0.56823 0.08576
vt 0.56829 0.08577
vt 0.56829 0.08577
vt 0.56829 0.08577
vt 0.56829 0.08577
vt 0.56830 0.08577
vt 0.56830 0.08577
vt 0.56830 0.08578
vt 0.56830 0.08578
vt 0.56829 0.08579
vt 0.56829 0.08579
vt 0.56829 0.08579
vt 0.56829 0.08579
vt 0.56828 0.08578
vt 0.56828 0.08578
vt 0.56828 0.08577
vt 0.56828 0.08577
vt 0.56828 0.08578
vt 0.56828 0.08577
vt 0.56829 0.08577
vt 0.56829 0.08577
vt 0.56828 0.08577
vt 0.56828 0.08578
vt 0.56829 0.08579
vt 0.56829 0.08579
vt 0.56830 0.08578
vt 0.56830 0.08577
vt 0.56823 0.08575
vt 0.56823 0.08578
vt 0.56822 0.08578
vt 0.56821 0.08578
vt 0.56820 0.08578
vt 0.56820 0.08575
vt 0.56821 0.08575
vt 0.56822 0.08575
vt 0.56826 0.08576
vt 0.56827 0.08576
vt 0.56827 0.08577
vt 0.56826 0.08577
vt 0.56822 0.08583
vt 0.56821 0.08583
vt 0.56827 0.08578
vt 0.56828 0.08578
vt 0.56828 0.08580
vt 0.56827 0.08580
vt 0.56824 0.08573
vt 0.56826 0.08573
vt 0.56826 0.08575
vt 0.56824 0.08575
vt 0.56820 0.08581
vt 0.56820 0.08583
vt 0.56827 0.08575
vt 0.56827 0.08573
vt 0.56827 0.08578
vt 0.56827 0.08580
vt 0.56823 0.08573
vt 0.56823 0.08575
vt 0.56828 0.08582
vt 0.56828 0.08582
vt 0.56828 0.08582
vt 0.56828 0.08582
vt 0.56829 0.08582
vt 0.56829 0.08582
vt 0.56829 0.08583
vt 0.56829 0.08583
vt 0.56828 0.08583
vt 0.56828 0.08583
vt 0.56828 0.08583
vt 0.56828 0.08583
vt 0.56827 0.08583
vt 0.56827 0.08583
vt 0.56827 0.08582
vt 0.56827 0.08582
vt 0.56829 0.08582
vt 0.56827 0.08583
vt 0.56827 0.08582
vt 0.56828 0.08582
vt 0.56828 0.08582
vt 0.56827 0.08582
vt 0.56827 0.08583
vt 0.56828 0.08583
vt 0.56828 0.08583
vt 0.56829 0.08583
vt 0.56829 0.08582
vt 0.56829 0.08575
vt 0.56829 0.08577
vt 0.56829 0.08577
vt 0.56828 0.08577
vt 0.56827 0.08577
vt 0.56827 0.08575
vt 0.56828 0.08574
vt 0.56829 0.08574
vt 0.56824 0.08580
vt 0.56825 0.08580
vt 0.56825 0.08581
vt 0.56824 0.08581
vt 0.56824 0.08579
vt 0.56825 0.08580
vt 0.56824 0.08580
vt 0.56824 0.08580
vt 0.56824 0.08580
vt 0.56824 0.08581
vt 0.56824 0.08581
vt 0.56828 0.08573
vt 0.56829 0.08574
vt 0.56828 0.08574
vt 0.56830 0.08574
vt 0.56823 0.08580
vt 0.56823 0.08581
vt 0.56827 0.08573
vt 0.56827 0.08574
vt 0.56829 0.08580
vt 0.56829 0.08580
vt 0.56829 0.08580
vt 0.56829 0.08580
vt 0.56830 0.08580
vt 0.56830 0.08580
vt 0.56830 0.08581
vt 0.56830 0.08581
vt 0.56829 0.08581
vt 0.56829 0.08581
vt 0.56829 0.08581
vt 0.56829 0.08581
vt 0.56828 0.08581
vt 0.56828 0.08581
vt 0.56828 0.08580
vt 0.56828 0.08580
vt 0.56829 0.08580
vt 0.56829 0.08580
vt 0.56830 0.08580
vt 0.56829 0.08581
vt 0.56829 0.08581
vt 0.56828 0.08581
vt 0.56828 0.08580
vt 0.56829 0.08580
vt 0.56829 0.08580
vt 0.56828 0.08580
vt 0.56828 0.08581
vt 0.56829 0.08581
vt 0.56829 0.08581
vt 0.56830 0.08581
vt 0.56830 0.08580
vt 0.10332 0.95542
vt 0.10328 0.95542
vt 0.10328 0.95542
vt 0.10332 0.95539
vt 0.10328 0.95539
vt 0.10328 0.95539
vt 0.10327 0.95544
vt 0.10327 0.95547
vt 0.10325 0.95547
vt 0.10325 0.95544
vt 0.10322 0.95544
vt 0.10325 0.95544
vt 0.10325 0.95547
vt 0.10324 0.95547
vt 0.10323 0.95547
vt 0.10322 0.95547
vt 0.10327 0.95541
vt 0.10327 0.95541
vt 0.10326 0.95548
vt 0.10327 0.95548
vt 0.10327 0.95549
vt 0.10327 0.95549
vt 0.10326 0.95549
vt 0.10326 0.95549
vt 0.10327 0.95542
vt 0.10326 0.95542
vt 0.10326 0.95541
vt 0.10322 0.95547
vt 0.10322 0.95549
vt 0.10327 0.95544
vt 0.10328 0.95545
vt 0.10328 0.95547
vt 0.10327 0.95547
vt 0.10327 0.95547
vt 0.10327 0.95544
vt 0.10325 0.95547
vt 0.10325 0.95544
vt 0.10325 0.95544
vt 0.10325 0.95547
vt 0.10325 0.95544
vt 0.10327 0.95544
vt 0.10328 0.95545
vt 0.10328 0.95547
vt 0.10325 0.95547
vt 0.10325 0.95544
vt 0.10322 0.95540
vt 0.10322 0.95541
vt 0.10322 0.95543
vt 0.10326 0.95540
vt 0.10322 0.95544
vt 0.10326 0.95544
vt 0.10331 0.95546
vt 0.10330 0.95546
vt 0.10330 0.95549
vt 0.10331 0.95549
vt 0.10329 0.95546
vt 0.10330 0.95546
vt 0.10331 0.95546
vt 0.10332 0.95546
vt 0.10332 0.95543
vt 0.10328 0.95548
vt 0.10328 0.95548
vt 0.10329 0.95548
vt 0.10329 0.95548
vt 0.10326 0.95539
vt 0.10326 0.95540
vt 0.10326 0.95540
vt 0.10327 0.95540
vt 0.10327 0.95540
vt 0.10327 0.95543
vt 0.10327 0.95548
vt 0.10322 0.95540
vt 0.10332 0.95548
vt 0.10332 0.95546
vt 0.10332 0.95546
vt 0.10332 0.95549
vt 0.10331 0.95549
vt 0.10331 0.95546
vt 0.10329 0.95549
vt 0.10330 0.95549
vt 0.10330 0.95546
vt 0.10329 0.95546
vt 0.10331 0.95549
vt 0.10330 0.95549
vt 0.10332 0.95549
vt 0.10329 0.95549
vt 0.15789 0.07685
vt 0.15786 0.07685
vt 0.15786 0.07684
vt 0.15789 0.07682
vt 0.15786 0.07682
vt 0.15786 0.07682
vt 0.15789 0.07682
vt 0.15793 0.07682
vt 0.15793 0.07682
vt 0.15793 0.07684
vt 0.15793 0.07685
vt 0.15789 0.07685
vt 0.15796 0.07682
vt 0.15796 0.07685
vt 0.15793 0.07685
vt 0.15795 0.07676
vt 0.15795 0.07677
vt 0.15795 0.07677
vt 0.15791 0.07676
vt 0.15793 0.07676
vt 0.15793 0.07678
vt 0.15791 0.07678
vt 0.15794 0.07677
vt 0.15794 0.07677
vt 0.15789 0.07678
vt 0.15793 0.07682
vt 0.15789 0.07682
vt 0.15793 0.07682
vt 0.15793 0.07684
vt 0.15793 0.07685
vt 0.15793 0.07685
vt 0.15789 0.07685
vt 0.15789 0.07685
vt 0.15786 0.07678
vt 0.15786 0.07679
vt 0.15786 0.07681
vt 0.15789 0.07678
vt 0.15786 0.07682
vt 0.15789 0.07682
vt 0.15789 0.07678
vt 0.15789 0.07682
vt 0.15793 0.07682
vt 0.15793 0.07681
vt 0.15793 0.07679
vt 0.15793 0.07678
vt 0.15793 0.07682
vt 0.15796 0.07682
vt 0.15796 0.07679
vt 0.15795 0.07676
vt 0.15795 0.07677
vt 0.15796 0.07677
vt 0.15796 0.07676
vt 0.15788 0.07678
vt 0.15789 0.07678
vt 0.15786 0.07678
vt 0.15789 0.07678
vt 0.15793 0.07678
vt 0.15793 0.07678
vt 0.15793 0.07679
vt 0.15793 0.07679
vt 0.15793 0.07681
vt 0.15793 0.07682
vt 0.15789 0.07682
vt 0.57773 0.12700
vt 0.57770 0.12700
vt 0.57770 0.12695
vt 0.57773 0.12695
vt 0.57780 0.12700
vt 0.57780 0.12705
vt 0.57778 0.12705
vt 0.57778 0.12700
vt 0.57780 0.12695
vt 0.57778 0.12695
vt 0.57776 0.12701
vt 0.57778 0.12701
vt 0.57773 0.12695
vt 0.57773 0.12700
vt 0.57773 0.12700
vt 0.57773 0.12695
vt 0.57770 0.12700
vt 0.57770 0.12700
vt 0.57773 0.12704
vt 0.57770 0.12695
vt 0.57770 0.12695
vt 0.57776 0.12700
vt 0.57776 0.12695
vt 0.57778 0.12695
vt 0.57776 0.12695
vt 0.57776 0.12700
vt 0.57772 0.12700
vt 0.57770 0.12700
vt 0.57770 0.12704
vt 0.57772 0.12704
vt 0.57776 0.12700
vt 0.57778 0.12701
vt 0.57778 0.12700
vt 0.57776 0.12695
vt 0.57776 0.12695
vt 0.57776 0.12700
vt 0.57773 0.12700
vt 0.57773 0.12704
vt 0.63398 0.09816
vt 0.63398 0.09817
vt 0.63396 0.09817
vt 0.63396 0.09814
vt 0.63398 0.09814
vt 0.63396 0.09811
vt 0.63396 0.09812
vt 0.63393 0.09812
vt 0.63393 0.09811
vt 0.63400 0.09814
vt 0.63398 0.09814
vt 0.63395 0.09818
vt 0.63395 0.09819
vt 0.63395 0.09819
vt 0.63395 0.09819
vt 0.63390 0.09817
vt 0.63392 0.09817
vt 0.63392 0.09820
vt 0.63390 0.09820
vt 0.63395 0.09816
vt 0.63395 0.09817
vt 0.63396 0.09817
vt 0.63396 0.09816
vt 0.63393 0.09810
vt 0.63396 0.09811
vt 0.63393 0.09811
vt 0.63396 0.09812
vt 0.63393 0.09812
vt 0.63393 0.09812
vt 0.63396 0.09812
vt 0.63393 0.09811
vt 0.63396 0.09811
vt 0.63398 0.09813
vt 0.63398 0.09814
vt 0.63396 0.09814
vt 0.63396 0.09812
vt 0.63398 0.09812
vt 0.63396 0.09814
vt 0.63396 0.09815
vt 0.63393 0.09815
vt 0.63393 0.09814
vt 0.63398 0.09817
vt 0.63400 0.09817
vt 0.63400 0.09819
vt 0.63398 0.09819
vt 0.63395 0.09818
vt 0.63395 0.09818
vt 0.63395 0.09818
vt 0.63395 0.09818
vt 0.63395 0.09818
vt 0.63393 0.09817
vt 0.63395 0.09817
vt 0.63395 0.09819
vt 0.63393 0.09819
vt 0.63395 0.09815
vt 0.63395 0.09816
vt 0.63393 0.09813
vt 0.63396 0.09813
vt 0.63396 0.09814
vt 0.63393 0.09814
vt 0.63393 0.09815
vt 0.63396 0.09815
vt 0.63393 0.09814
vt 0.63396 0.09814
vt 0.63396 0.09812
vt 0.63398 0.09812
vt 0.63398 0.09811
vt 0.63396 0.09810
vt 0.63398 0.09810
vt 0.63393 0.09811
vt 0.63390 0.09811
vt 0.63390 0.09812
vt 0.63393 0.09812
vt 0.63398 0.09815
vt 0.63400 0.09815
vt 0.63397 0.09819
vt 0.63398 0.09819
vt 0.63398 0.09819
vt 0.63398 0.09819
vt 0.63398 0.09812
vt 0.63400 0.09812
vt 0.63395 0.09817
vt 0.63395 0.09817
vt 0.63395 0.09817
vt 0.63395 0.09817
vt 0.63396 0.09817
vt 0.63390 0.09810
vt 0.63390 0.09811
vt 0.63393 0.09811
vt 0.63393 0.09810
vt 0.63393 0.09812
vt 0.63393 0.09812
vt 0.63390 0.09812
vt 0.63390 0.09812
vt 0.63390 0.09811
vt 0.63393 0.09811
vt 0.63390 0.09817
vt 0.63392 0.09817
vt 0.63392 0.09816
vt 0.63390 0.09815
vt 0.63392 0.09815
vt 0.63393 0.09814
vt 0.63390 0.09814
vt 0.63390 0.09815
vt 0.63393 0.09815
vt 0.63398 0.09816
vt 0.63398 0.09817
vt 0.63400 0.09817
vt 0.63400 0.09816
vt 0.63395 0.09818
vt 0.63395 0.09818
vt 0.63395 0.09818
vt 0.63395 0.09817
vt 0.63393 0.09817
vt 0.63395 0.09817
vt 0.63395 0.09816
vt 0.63390 0.09812
vt 0.63390 0.09814
vt 0.63393 0.09814
vt 0.63393 0.09812
vt 0.63393 0.09815
vt 0.63390 0.09815
vt 0.63390 0.09814
vt 0.63393 0.09814
vt 0.35368 0.97457
vt 0.35368 0.97460
vt 0.35366 0.97460
vt 0.35366 0.97457
vt 0.35366 0.97460
vt 0.35368 0.97460
vt 0.35368 0.97462
vt 0.35366 0.97462
vt 0.35370 0.97464
vt 0.35368 0.97464
vt 0.35373 0.97465
vt 0.35372 0.97465
vt 0.35368 0.97467
vt 0.35372 0.97466
vt 0.35373 0.97466
vt 0.35373 0.97467
vt 0.35368 0.97462
vt 0.35366 0.97462
vt 0.35366 0.97457
vt 0.35366 0.97460
vt 0.35363 0.97460
vt 0.35363 0.97457
vt 0.35368 0.97457
vt 0.35371 0.97457
vt 0.35371 0.97460
vt 0.35368 0.97460
vt 0.35368 0.97462
vt 0.35368 0.97464
vt 0.35366 0.97464
vt 0.35373 0.97464
vt 0.35373 0.97464
vt 0.35365 0.97467
vt 0.35363 0.97467
vt 0.35372 0.97464
vt 0.35366 0.97460
vt 0.35363 0.97460
vt 0.35363 0.97462
vt 0.35366 0.97462
vt 0.35371 0.97457
vt 0.35371 0.97460
vt 0.35373 0.97460
vt 0.35373 0.97457
vt 0.35370 0.97464
vt 0.35372 0.97464
vt 0.35372 0.97462
vt 0.35373 0.97465
vt 0.35373 0.97466
vt 0.35373 0.97466
vt 0.35373 0.97465
vt 0.35370 0.97464
vt 0.35372 0.97467
vt 0.35372 0.97463
vt 0.35373 0.97460
vt 0.35366 0.97462
vt 0.35363 0.97462
vt 0.35363 0.97465
vt 0.35366 0.97465
vt 0.35368 0.97460
vt 0.35368 0.97462
vt 0.35371 0.97462
vt 0.35371 0.97460
vt 0.35368 0.97467
vt 0.35370 0.97467
vt 0.35370 0.97464
vt 0.35372 0.97465
vt 0.35373 0.97466
vt 0.35373 0.97465
vt 0.35371 0.97460
vt 0.35371 0.97462
vt 0.35373 0.97462
vt 0.35373 0.97466
vt 0.35373 0.97467
vt 0.35373 0.97466
vt 0.35368 0.97460
vt 0.35371 0.97460
vt 0.65248 0.09629
vt 0.65248 0.09631
vt 0.65246 0.09631
vt 0.65246 0.09629
vt 0.65248 0.09631
vt 0.65249 0.09631
vt 0.65249 0.09632
vt 0.65248 0.09632
vt 0.65255 0.09630
vt 0.65255 0.09630
vt 0.65252 0.09636
vt 0.65253 0.09636
vt 0.65253 0.09638
vt 0.65252 0.09638
vt 0.65245 0.09639
vt 0.65245 0.09639
vt 0.65245 0.09639
vt 0.65245 0.09639
vt 0.65254 0.09636
vt 0.65254 0.09637
vt 0.65249 0.09632
vt 0.65248 0.09632
vt 0.65246 0.09638
vt 0.65246 0.09639
vt 0.65245 0.09639
vt 0.65245 0.09638
vt 0.65253 0.09629
vt 0.65254 0.09629
vt 0.65254 0.09631
vt 0.65253 0.09631
vt 0.65255 0.09630
vt 0.65255 0.09630
vt 0.65255 0.09631
vt 0.65255 0.09631
vt 0.65255 0.09633
vt 0.65255 0.09635
vt 0.65254 0.09636
vt 0.65255 0.09636
vt 0.65254 0.09636
vt 0.65253 0.09639
vt 0.65253 0.09631
vt 0.65253 0.09629
vt 0.65253 0.09631
vt 0.65252 0.09631
vt 0.65252 0.09629
vt 0.65246 0.09631
vt 0.65248 0.09631
vt 0.65248 0.09632
vt 0.65246 0.09632
vt 0.65254 0.09636
vt 0.65254 0.09636
vt 0.65254 0.09637
vt 0.65254 0.09637
vt 0.65250 0.09638
vt 0.65250 0.09639
vt 0.65255 0.09636
vt 0.65255 0.09636
vt 0.65246 0.09631
vt 0.65248 0.09631
vt 0.65248 0.09632
vt 0.65246 0.09632
vt 0.65252 0.09629
vt 0.65252 0.09631
vt 0.65250 0.09631
vt 0.65250 0.09629
vt 0.65249 0.09631
vt 0.65251 0.09631
vt 0.65251 0.09632
vt 0.65249 0.09632
vt 0.65254 0.09635
vt 0.65255 0.09635
vt 0.65255 0.09635
vt 0.65254 0.09635
vt 0.65248 0.09638
vt 0.65248 0.09639
vt 0.65255 0.09635
vt 0.65254 0.09635
vt 0.65253 0.09636
vt 0.65249 0.09631
vt 0.65251 0.09631
vt 0.65250 0.09629
vt 0.65250 0.09631
vt 0.65249 0.09631
vt 0.65249 0.09629
vt 0.65248 0.09632
vt 0.65249 0.09632
vt 0.65249 0.09633
vt 0.65248 0.09633
vt 0.65255 0.09630
vt 0.65255 0.09630
vt 0.65255 0.09633
vt 0.65255 0.09630
vt 0.65251 0.09638
vt 0.65252 0.09638
vt 0.65252 0.09639
vt 0.65251 0.09639
vt 0.65249 0.09629
vt 0.65249 0.09631
vt 0.65248 0.09631
vt 0.65248 0.09629
vt 0.65246 0.09634
vt 0.65248 0.09634
vt 0.65248 0.09635
vt 0.65246 0.09635
vt 0.65255 0.09630
vt 0.65255 0.09630
vt 0.65255 0.09632
vt 0.65255 0.09630
vt 0.65253 0.09636
vt 0.65252 0.09636
vt 0.65246 0.09636
vt 0.65245 0.09636
vt 0.65245 0.09637
vt 0.65246 0.09637
vt 0.65249 0.09632
vt 0.65249 0.09633
vt 0.65250 0.09633
vt 0.65250 0.09632
vt 0.65255 0.09629
vt 0.65255 0.09629
vt 0.65255 0.09629
vt 0.65255 0.09629
vt 0.65248 0.09636
vt 0.65248 0.09638
vt 0.65249 0.09638
vt 0.65249 0.09636
vt 0.65246 0.09639
vt 0.65250 0.09635
vt 0.65251 0.09636
vt 0.65250 0.09633
vt 0.65249 0.09633
vt 0.65246 0.09635
vt 0.65245 0.09635
vt 0.65245 0.09636
vt 0.65246 0.09636
vt 0.65252 0.09631
vt 0.65252 0.09632
vt 0.65253 0.09632
vt 0.65253 0.09631
vt 0.65245 0.09639
vt 0.65245 0.09639
vt 0.65245 0.09639
vt 0.65245 0.09639
vt 0.65249 0.09635
vt 0.65250 0.09636
vt 0.65250 0.09635
vt 0.65254 0.09637
vt 0.65254 0.09637
vt 0.65249 0.09634
vt 0.65249 0.09635
vt 0.65250 0.09635
vt 0.65253 0.09631
vt 0.65253 0.09632
vt 0.65246 0.09633
vt 0.65245 0.09633
vt 0.65245 0.09635
vt 0.65246 0.09635
vt 0.65246 0.09637
vt 0.65246 0.09638
vt 0.65248 0.09638
vt 0.65248 0.09637
vt 0.65245 0.09639
vt 0.65245 0.09639
vt 0.65246 0.09639
vt 0.65246 0.09639
vt 0.65248 0.09634
vt 0.65248 0.09635
vt 0.65249 0.09635
vt 0.65249 0.09634
vt 0.65246 0.09639
vt 0.65246 0.09639
vt 0.65246 0.09639
vt 0.65246 0.09639
vt 0.65252 0.09635
vt 0.65253 0.09635
vt 0.65246 0.09632
vt 0.65245 0.09632
vt 0.65245 0.09633
vt 0.65246 0.09633
vt 0.65246 0.09632
vt 0.65246 0.09634
vt 0.65248 0.09634
vt 0.65248 0.09632
vt 0.65255 0.09630
vt 0.65255 0.09630
vt 0.65255 0.09630
vt 0.65252 0.09635
vt 0.65252 0.09633
vt 0.65255 0.09629
vt 0.65246 0.09631
vt 0.65245 0.09631
vt 0.65245 0.09632
vt 0.65246 0.09632
vt 0.65251 0.09631
vt 0.65251 0.09632
vt 0.65252 0.09632
vt 0.65252 0.09631
vt 0.65255 0.09631
vt 0.65255 0.09631
vt 0.65255 0.09630
vt 0.65252 0.09633
vt 0.65252 0.09632
vt 0.65254 0.09635
vt 0.65254 0.09635
vt 0.65255 0.09635
vt 0.65255 0.09635
vt 0.65249 0.09636
vt 0.65251 0.09632
vt 0.65246 0.09629
vt 0.65245 0.09629
vt 0.65245 0.09631
vt 0.65246 0.09631
vt 0.65246 0.09635
vt 0.65246 0.09636
vt 0.65248 0.09636
vt 0.65248 0.09635
vt 0.65254 0.09636
vt 0.65254 0.09636
vt 0.65254 0.09636
vt 0.65254 0.09636
vt 0.65250 0.09638
vt 0.65250 0.09636
vt 0.65254 0.09637
vt 0.65254 0.09637
vt 0.76943 0.11873
vt 0.76941 0.11876
vt 0.76938 0.11872
vt 0.76941 0.11870
vt 0.76935 0.11875
vt 0.76933 0.11872
vt 0.76938 0.11873
vt 0.76939 0.11878
vt 0.76935 0.11880
vt 0.76933 0.11877
vt 0.76938 0.11875
vt 0.76941 0.11876
vt 0.76943 0.11878
vt 0.51336 0.46084
vt 0.51337 0.46084
vt 0.51337 0.46085
vt 0.51336 0.46085
vt 0.51336 0.46084
vt 0.51337 0.46084
vt 0.51337 0.46084
vt 0.51336 0.46084
vt 0.51337 0.46085
vt 0.51337 0.46085
vt 0.51336 0.46085
vt 0.51336 0.46085
vt 0.51336 0.46084
vt 0.51336 0.46085
vt 0.51336 0.46085
vt 0.51336 0.46084
vt 0.51336 0.46084
vt 0.51336 0.46085
vt 0.51337 0.46085
vt 0.51337 0.46084
vt 0.51336 0.46084
vt 0.51337 0.46084
vt 0.51337 0.46085
vt 0.51336 0.46085
vt 0.51336 0.46084
vt 0.51336 0.46084
vt 0.51337 0.46084
vt 0.51337 0.46084
vt 0.51337 0.46084
vt 0.51336 0.46084
vt 0.51337 0.46085
vt 0.51337 0.46085
vt 0.51336 0.46085
vt 0.51336 0.46085
vt 0.51336 0.46085
vt 0.51337 0.46085
vt 0.51336 0.46084
vt 0.51336 0.46084
vt 0.51337 0.46084
vt 0.51337 0.46084
vt 0.51337 0.46084
vt 0.51336 0.46084
vt 0.51337 0.46085
vt 0.51337 0.46085
vt 0.51336 0.46085
vt 0.51336 0.46085
vt 0.51336 0.46085
vt 0.51337 0.46085
vt 0.44642 0.10827
vt 0.44642 0.10827
vt 0.44642 0.10827
vt 0.44642 0.10827
vt 0.44642 0.10827
vt 0.44642 0.10827
vt 0.44642 0.10827
vt 0.44642 0.10827
vt 0.44642 0.10827
vt 0.44642 0.10827
vt 0.44642 0.10827
vt 0.44642 0.10827
vt 0.44642 0.10827
vt 0.44642 0.10827
vt 0.44642 0.10827
vt 0.44642 0.10827
vt 0.44642 0.10827
vt 0.44642 0.10827
vt 0.44642 0.10827
vt 0.44642 0.10827
vt 0.44642 0.10827
vt 0.44642 0.10827
vt 0.44642 0.10827
vt 0.44642 0.10827
vt 0.44642 0.10827
vt 0.44642 0.10827
vt 0.44642 0.10827
vt 0.44642 0.10827
vn 0.000 -0.525 0.851
vn 0.000 -0.525 0.851
vn 0.000 0.300 -0.954
vn -0.811 0.584 -0.024
vn -0.947 0.320 -0.009
vn 0.000 0.332 -0.943
vn -0.928 0.372 -0.010
vn -0.928 0.373 -0.010
vn -0.929 0.370 -0.010
vn -0.929 0.370 -0.010
vn -0.911 0.411 -0.008
vn -0.915 0.403 -0.013
vn -0.914 0.405 -0.012
vn -0.910 0.414 -0.007
vn -0.999 0.047 0.002
vn -0.998 0.064 0.000
vn -0.904 0.276 0.327
vn -0.903 0.275 0.332
vn -0.904 0.277 0.325
vn -0.905 0.278 0.323
vn -0.905 0.278 0.323
vn -0.700 0.713 -0.033
vn -0.715 0.699 -0.029
vn -0.776 0.546 -0.315
vn -0.779 0.545 -0.311
vn -0.779 0.545 -0.311
vn -0.781 0.544 -0.307
vn -0.781 0.544 -0.307
vn -0.781 0.544 -0.307
vn -0.781 0.544 -0.307
vn -0.940 0.340 -0.017
vn -0.932 0.361 0.005
vn -0.928 0.372 -0.015
vn -0.929 0.369 -0.015
vn -0.927 0.375 -0.016
vn -0.924 0.382 -0.016
vn -0.925 0.380 -0.016
vn -0.923 0.385 -0.016
vn -0.916 0.400 0.006
vn -0.913 0.406 -0.020
vn -0.925 0.380 -0.000
vn -0.924 0.382 -0.000
vn -0.925 0.379 0.000
vn -0.926 0.378 0.000
vn -0.926 0.378 0.000
vn -0.926 0.378 0.000
vn -0.923 0.384 0.001
vn -0.917 0.399 0.000
vn -0.926 0.377 -0.023
vn -0.925 0.379 0.006
vn -0.916 0.400 -0.017
vn -0.923 0.384 -0.016
vn -0.916 0.401 0.009
vn -0.913 0.407 -0.018
vn -0.933 0.360 0.000
vn -0.934 0.358 0.000
vn -0.932 0.363 0.000
vn -0.931 0.365 0.000
vn -0.938 0.347 -0.008
vn -0.932 0.362 0.007
vn -0.929 0.370 -0.016
vn -0.934 0.356 -0.015
vn -0.924 0.382 0.011
vn -0.925 0.380 -0.023
vn -0.408 0.913 0.001
vn -0.411 0.912 0.001
vn -0.404 0.915 0.001
vn -0.401 0.916 0.001
vn -0.670 0.263 -0.694
vn -0.681 0.269 -0.682
vn -0.941 -0.339 0.013
vn -0.942 -0.337 0.013
vn -0.939 -0.343 0.014
vn -0.938 -0.345 0.014
vn -0.753 0.098 0.651
vn -0.763 0.106 0.638
vn -0.432 0.902 0.001
vn -0.435 0.901 0.001
vn -0.427 0.904 0.001
vn -0.424 0.905 0.000
vn -0.844 -0.193 -0.500
vn -0.854 -0.178 -0.490
vn -0.929 -0.369 0.015
vn -0.930 -0.367 0.015
vn -0.928 -0.372 0.015
vn -0.927 -0.374 0.015
vn -0.669 0.287 0.686
vn -0.682 0.291 0.671
vn -0.913 0.407 0.001
vn -0.917 0.400 -0.002
vn -0.916 0.402 -0.001
vn -0.913 0.409 0.002
vn -0.912 0.409 -0.003
vn -0.916 0.401 -0.007
vn -0.915 0.403 -0.006
vn -0.912 0.411 -0.002
vn -0.909 0.417 -0.013
vn -0.914 0.405 -0.020
vn -0.218 0.590 -0.778
vn -0.218 0.590 -0.777
vn -0.217 0.589 -0.778
vn -0.216 0.589 -0.779
vn -0.773 -0.634 0.011
vn -0.773 -0.634 0.011
vn -0.774 -0.634 0.011
vn -0.774 -0.633 0.011
vn -0.532 -0.073 0.844
vn -0.532 -0.073 0.843
vn -0.531 -0.074 0.844
vn -0.530 -0.074 0.845
vn -0.042 0.999 -0.028
vn -0.042 0.999 -0.028
vn -0.043 0.999 -0.028
vn -0.043 0.999 -0.028
vn -0.227 0.591 -0.774
vn -0.228 0.591 -0.774
vn -0.227 0.591 -0.774
vn -0.226 0.591 -0.774
vn -0.771 -0.637 0.001
vn -0.770 -0.638 0.001
vn -0.771 -0.637 0.001
vn -0.771 -0.637 0.001
vn -0.524 -0.078 0.848
vn -0.525 -0.078 0.848
vn -0.523 -0.079 0.849
vn -0.523 -0.079 0.849
vn -0.047 0.999 -0.007
vn -0.047 0.999 -0.007
vn -0.047 0.999 -0.007
vn -0.047 0.999 -0.007
vn -0.223 0.590 -0.776
vn -0.224 0.591 -0.775
vn -0.222 0.590 -0.776
vn -0.221 0.590 -0.776
vn -0.772 -0.636 0.005
vn -0.772 -0.636 0.005
vn -0.772 -0.636 0.005
vn -0.772 -0.635 0.005
vn -0.528 -0.076 0.846
vn -0.528 -0.076 0.846
vn -0.527 -0.076 0.847
vn -0.526 -0.077 0.847
vn -0.045 0.999 -0.017
vn -0.044 0.999 -0.017
vn -0.045 0.999 -0.017
vn -0.045 0.999 -0.017
vn -0.537 -0.070 0.841
vn -0.538 -0.070 0.840
vn -0.536 -0.070 0.841
vn -0.536 -0.071 0.842
vn -0.039 0.998 -0.043
vn -0.038 0.998 -0.043
vn -0.040 0.998 -0.043
vn -0.040 0.998 -0.043
vn -0.211 0.588 -0.780
vn -0.212 0.589 -0.780
vn -0.210 0.588 -0.781
vn -0.209 0.588 -0.781
vn -0.775 -0.632 0.017
vn -0.775 -0.632 0.017
vn -0.776 -0.631 0.017
vn -0.776 -0.631 0.017
vn -0.788 0.317 -0.528
vn -0.778 0.312 -0.545
vn -0.983 -0.186 0.000
vn -0.990 -0.145 0.000
vn -0.697 0.625 0.352
vn -0.662 0.644 0.384
vn -0.598 0.801 -0.033
vn -0.598 0.801 -0.033
vn -0.599 0.800 -0.033
vn -0.559 0.829 0.000
vn -0.592 0.806 0.001
vn -0.787 0.332 0.520
vn -0.776 0.328 0.539
vn -0.981 -0.193 0.008
vn -0.981 -0.194 0.008
vn -0.981 -0.193 0.008
vn -0.921 -0.046 -0.386
vn -0.905 -0.083 -0.416
vn -0.788 0.330 0.521
vn -0.779 0.327 0.535
vn -0.566 0.824 -0.034
vn -0.565 0.824 -0.034
vn -0.568 0.822 -0.034
vn -0.569 0.822 -0.034
vn -0.706 0.494 -0.507
vn -0.694 0.494 -0.524
vn -0.986 -0.167 0.000
vn -0.985 -0.172 0.000
vn -0.987 -0.162 -0.000
vn -0.988 -0.157 -0.000
vn -0.568 0.823 0.001
vn -0.580 0.814 0.001
vn -0.851 0.199 0.486
vn -0.842 0.189 0.506
vn -0.988 -0.157 0.006
vn -0.987 -0.159 0.006
vn -0.988 -0.155 0.006
vn -0.988 -0.153 0.006
vn -0.788 0.314 -0.530
vn -0.778 0.310 -0.547
vn 0.000 0.715 0.699
vn -0.000 0.963 -0.268
vn 0.836 0.202 0.510
vn 0.000 1.000 0.023
vn -0.659 0.646 0.385
vn -0.659 0.646 0.385
vn 0.659 0.399 0.637
vn 0.659 0.399 0.637
vn -0.086 0.709 0.700
vn -0.137 0.591 0.795
vn 0.000 -0.809 0.588
vn 0.000 -0.309 0.951
vn 0.000 -0.309 -0.951
vn 0.000 -0.809 -0.588
vn 0.000 -1.000 0.000
vn -0.003 0.999 0.035
vn -0.004 0.999 0.035
vn -0.001 0.999 0.034
vn 0.000 0.999 0.034
vn -0.828 -0.560 0.023
vn -0.828 -0.560 0.023
vn -0.828 -0.560 0.023
vn -0.828 -0.560 0.023
vn -0.779 0.627 0.000
vn -1.000 0.000 0.000
vn -0.997 -0.073 0.000
vn -0.000 0.534 -0.845
vn -0.000 -0.324 -0.946
vn 0.766 0.217 -0.605
vn 0.766 0.217 -0.605
vn 0.000 0.983 0.182
vn -0.913 0.339 -0.225
vn -0.914 0.339 -0.225
vn 0.913 0.058 -0.403
vn 0.913 0.058 -0.403
vn 0.913 0.058 -0.403
vn 0.000 1.000 0.000
vn -0.776 -0.630 0.000
vn -0.776 -0.630 0.000
vn 0.000 -0.630 0.776
vn -0.957 0.289 0.000
vn -0.997 -0.073 0.000
vn -0.570 0.822 0.000
vn -1.000 0.000 0.000
vn -0.785 0.619 0.021
vn -0.997 -0.073 0.000
vn -0.777 0.629 -0.001
vn -0.775 0.632 0.000
vn -0.776 0.631 -0.000
vn -0.778 0.628 -0.001
vn -0.779 0.626 0.000
vn -0.776 0.630 0.001
vn -0.777 0.629 0.001
vn -0.780 0.625 0.000
vn -0.997 -0.074 0.001
vn -0.997 -0.074 0.001
vn -0.997 -0.073 0.000
vn -0.997 -0.073 0.000
vn 0.077 0.997 0.000
vn -0.332 0.519 -0.788
vn -0.316 0.507 -0.802
vn -0.545 -0.293 -0.786
vn -0.586 -0.286 -0.758
vn -0.503 -0.864 0.000
vn -0.503 -0.864 0.000
vn -0.550 0.038 0.834
vn -0.569 0.035 0.822
vn -0.449 0.346 0.824
vn -0.447 0.345 0.825
vn -0.452 0.348 0.821
vn -0.454 0.350 0.819
vn -0.616 -0.276 0.738
vn -0.545 -0.284 0.789
vn -0.455 0.336 0.825
vn -0.420 0.313 0.852
vn 0.077 0.997 0.000
vn -0.428 0.359 -0.829
vn -0.427 0.358 -0.831
vn -0.431 0.362 -0.827
vn -0.433 0.364 -0.825
vn -0.558 -0.118 -0.822
vn -0.577 -0.117 -0.808
vn -0.160 0.343 0.926
vn -0.160 0.346 0.924
vn -0.160 0.339 0.927
vn -0.159 0.336 0.928
vn -0.748 -0.260 0.610
vn -0.749 -0.260 0.610
vn -0.748 -0.260 0.611
vn -0.748 -0.260 0.611
vn -0.087 -0.856 0.510
vn -0.086 -0.857 0.507
vn -0.088 -0.853 0.514
vn -0.089 -0.852 0.516
vn -0.000 -0.862 0.508
vn 0.000 -0.863 0.505
vn -0.001 -0.860 0.511
vn -0.001 -0.857 0.515
vn -0.160 -0.329 0.931
vn -0.160 -0.325 0.932
vn -0.160 -0.331 0.930
vn -0.159 -0.335 0.929
vn -0.160 -0.331 0.930
vn -0.160 -0.325 0.932
vn -0.159 -0.335 0.929
vn -0.160 -0.328 0.931
vn -0.001 -0.339 0.941
vn -0.002 -0.348 0.937
vn -0.001 -0.345 0.939
vn -0.001 -0.335 0.942
vn 0.054 -0.946 -0.321
vn 0.059 -0.940 -0.336
vn 0.985 0.013 0.174
vn 0.985 0.013 0.174
vn -0.056 0.942 0.330
vn -0.056 0.941 0.333
vn -0.056 0.945 0.324
vn -0.055 0.946 0.320
vn -0.000 0.939 0.343
vn 0.000 0.937 0.349
vn -0.001 0.937 0.349
vn 0.001 0.941 0.338
vn 0.000 0.435 -0.900
vn 0.000 0.437 -0.900
vn 0.001 0.441 -0.898
vn 0.004 0.436 -0.900
vn -0.189 -0.348 -0.918
vn -0.161 -0.350 -0.923
vn 0.007 0.439 -0.899
vn 0.003 0.444 -0.896
vn -0.000 -0.885 -0.466
vn 0.000 -0.885 -0.466
vn 0.954 -0.038 -0.297
vn 0.947 -0.044 -0.320
vn 0.810 -0.518 -0.274
vn 0.805 -0.536 -0.255
vn -0.000 0.850 -0.527
vn -0.000 0.847 -0.532
vn 0.000 0.848 -0.530
vn -0.000 0.851 -0.525
vn -0.743 -0.276 -0.610
vn -0.758 -0.271 -0.593
vn -0.434 0.651 -0.622
vn -0.455 0.659 -0.599
vn 0.402 0.135 -0.906
vn 0.432 0.101 -0.896
vn 0.228 -0.320 -0.919
vn 0.260 -0.316 -0.913
vn 0.000 0.002 -1.000
vn -0.001 -0.116 -0.993
vn -0.001 -0.349 -0.937
vn -0.003 -0.344 -0.939
vn 0.000 -0.344 -0.939
vn 0.000 -0.350 -0.937
vn 0.000 0.477 -0.879
vn -0.001 0.475 -0.880
vn -0.000 0.479 -0.878
vn -0.000 0.481 -0.877
vn 0.000 0.595 0.803
vn -0.000 -0.595 -0.804
vn 0.000 0.618 0.786
vn 0.000 0.410 0.912
vn 0.000 0.410 0.912
vn 0.000 0.410 0.912
vn 0.000 -0.246 0.969
vn 0.000 0.045 0.999
vn 0.000 0.045 0.999
vn -0.000 0.994 -0.114
vn -0.000 0.994 -0.114
vn 0.000 -0.587 -0.810
vn 0.000 -0.630 -0.776
vn 0.000 0.329 0.944
vn 0.001 0.336 0.942
vn 0.000 0.334 0.943
vn 0.000 0.326 0.945
vn 0.002 -0.335 0.942
vn 0.000 -0.348 0.937
vn 0.001 -0.348 0.937
vn -0.000 -0.939 -0.344
vn -0.001 -0.940 -0.341
vn 0.000 -0.938 -0.347
vn 0.000 -0.937 -0.350
vn 0.002 -0.480 -0.877
vn -0.002 -0.527 -0.850
vn 0.000 -0.527 -0.850
vn -0.000 0.938 -0.347
vn 0.000 -0.935 -0.355
vn 0.001 -0.897 -0.442
vn 0.000 -0.897 -0.442
vn -0.000 -0.103 -0.995
vn -0.000 -0.098 -0.995
vn -0.000 -0.100 -0.995
vn -0.000 -0.105 -0.994
vn 0.947 0.320 -0.009
vn 0.811 0.584 -0.024
vn 0.928 0.372 -0.010
vn 0.929 0.370 -0.010
vn 0.929 0.370 -0.010
vn 0.928 0.373 -0.010
vn 0.911 0.411 -0.008
vn 0.910 0.414 -0.007
vn 0.914 0.405 -0.012
vn 0.915 0.403 -0.013
vn 0.998 0.064 0.000
vn 0.999 0.047 0.002
vn 0.904 0.276 0.327
vn 0.905 0.278 0.323
vn 0.905 0.278 0.323
vn 0.904 0.277 0.325
vn 0.903 0.274 0.332
vn 0.715 0.699 -0.029
vn 0.700 0.713 -0.033
vn 0.779 0.545 -0.311
vn 0.781 0.544 -0.307
vn 0.781 0.544 -0.307
vn 0.781 0.544 -0.307
vn 0.779 0.545 -0.311
vn 0.776 0.546 -0.315
vn 0.776 0.546 -0.315
vn 0.776 0.546 -0.315
vn 0.932 0.361 0.005
vn 0.940 0.340 -0.017
vn 0.928 0.372 -0.015
vn 0.924 0.382 -0.016
vn 0.927 0.375 -0.016
vn 0.929 0.369 -0.015
vn 0.925 0.380 -0.016
vn 0.923 0.385 -0.016
vn 0.913 0.406 -0.020
vn 0.916 0.400 0.006
vn 0.925 0.380 -0.000
vn 0.926 0.378 -0.000
vn 0.925 0.379 -0.000
vn 0.924 0.382 -0.000
vn 0.926 0.378 -0.000
vn 0.926 0.378 0.000
vn 0.917 0.399 0.000
vn 0.923 0.384 0.001
vn 0.925 0.380 0.006
vn 0.926 0.377 -0.023
vn 0.923 0.384 -0.016
vn 0.916 0.400 -0.017
vn 0.913 0.407 -0.018
vn 0.916 0.401 0.009
vn 0.933 0.360 0.000
vn 0.931 0.365 0.000
vn 0.932 0.363 0.000
vn 0.934 0.358 0.000
vn 0.932 0.362 0.007
vn 0.938 0.347 -0.008
vn 0.934 0.356 -0.015
vn 0.929 0.370 -0.016
vn 0.925 0.380 -0.023
vn 0.924 0.382 0.011
vn 0.401 0.916 0.001
vn 0.411 0.912 0.001
vn 0.681 0.269 -0.682
vn 0.670 0.263 -0.694
vn 0.938 -0.345 0.014
vn 0.942 -0.337 0.013
vn 0.763 0.106 0.638
vn 0.753 0.098 0.651
vn 0.424 0.905 0.000
vn 0.435 0.901 0.001
vn 0.854 -0.178 -0.490
vn 0.844 -0.193 -0.500
vn 0.927 -0.374 0.015
vn 0.930 -0.367 0.015
vn 0.682 0.291 0.671
vn 0.669 0.287 0.686
vn 0.913 0.407 0.001
vn 0.913 0.409 0.002
vn 0.916 0.402 -0.001
vn 0.916 0.400 -0.002
vn 0.912 0.409 -0.003
vn 0.912 0.411 -0.002
vn 0.915 0.403 -0.006
vn 0.916 0.401 -0.007
vn 0.914 0.405 -0.020
vn 0.909 0.417 -0.013
vn 0.218 0.589 -0.778
vn 0.216 0.589 -0.779
vn 0.217 0.589 -0.778
vn 0.218 0.590 -0.778
vn 0.773 -0.634 0.011
vn 0.774 -0.633 0.011
vn 0.774 -0.634 0.011
vn 0.773 -0.634 0.011
vn 0.532 -0.073 0.844
vn 0.530 -0.074 0.845
vn 0.531 -0.074 0.844
vn 0.533 -0.073 0.843
vn 0.042 0.999 -0.028
vn 0.043 0.999 -0.028
vn 0.043 0.999 -0.028
vn 0.042 0.999 -0.028
vn 0.227 0.591 -0.774
vn 0.226 0.591 -0.775
vn 0.227 0.591 -0.774
vn 0.228 0.591 -0.774
vn 0.770 -0.637 0.001
vn 0.771 -0.637 0.001
vn 0.771 -0.637 0.001
vn 0.770 -0.637 0.001
vn 0.524 -0.078 0.848
vn 0.523 -0.079 0.849
vn 0.523 -0.079 0.849
vn 0.524 -0.078 0.848
vn 0.047 0.999 -0.007
vn 0.047 0.999 -0.007
vn 0.047 0.999 -0.007
vn 0.046 0.999 -0.007
vn 0.223 0.591 -0.776
vn 0.222 0.590 -0.776
vn 0.222 0.590 -0.776
vn 0.224 0.591 -0.775
vn 0.772 -0.636 0.005
vn 0.772 -0.635 0.005
vn 0.772 -0.636 0.005
vn 0.771 -0.636 0.005
vn 0.528 -0.076 0.846
vn 0.526 -0.077 0.847
vn 0.527 -0.076 0.847
vn 0.528 -0.076 0.846
vn 0.045 0.999 -0.017
vn 0.045 0.999 -0.017
vn 0.044 0.999 -0.017
vn 0.537 -0.070 0.841
vn 0.536 -0.071 0.842
vn 0.536 -0.070 0.841
vn 0.538 -0.070 0.840
vn 0.039 0.998 -0.043
vn 0.040 0.998 -0.043
vn 0.040 0.998 -0.043
vn 0.038 0.998 -0.043
vn 0.211 0.588 -0.780
vn 0.209 0.588 -0.781
vn 0.210 0.588 -0.781
vn 0.212 0.589 -0.780
vn 0.775 -0.632 0.017
vn 0.776 -0.631 0.017
vn 0.776 -0.631 0.017
vn 0.775 -0.632 0.017
vn 0.778 0.312 -0.544
vn 0.788 0.317 -0.528
vn 0.990 -0.145 -0.000
vn 0.983 -0.186 0.000
vn 0.662 0.644 0.384
vn 0.697 0.625 0.352
vn 0.598 0.800 -0.033
vn 0.598 0.801 -0.033
vn 0.592 0.806 0.001
vn 0.559 0.829 0.000
vn 0.776 0.328 0.539
vn 0.787 0.332 0.520
vn 0.981 -0.194 0.008
vn 0.981 -0.193 0.008
vn 0.981 -0.194 0.008
vn 0.981 -0.194 0.008
vn 0.905 -0.083 -0.416
vn 0.921 -0.046 -0.386
vn 0.779 0.327 0.535
vn 0.787 0.330 0.521
vn 0.566 0.824 -0.034
vn 0.569 0.822 -0.034
vn 0.568 0.823 -0.034
vn 0.565 0.824 -0.034
vn 0.694 0.494 -0.524
vn 0.706 0.494 -0.508
vn 0.986 -0.168 -0.000
vn 0.987 -0.158 -0.000
vn 0.987 -0.161 -0.000
vn 0.985 -0.171 -0.000
vn 0.580 0.815 0.001
vn 0.568 0.823 0.001
vn 0.842 0.189 0.506
vn 0.851 0.199 0.486
vn 0.988 -0.157 0.006
vn 0.988 -0.153 0.006
vn 0.988 -0.154 0.006
vn 0.987 -0.158 0.006
vn 0.778 0.310 -0.546
vn 0.788 0.314 -0.529
vn -0.836 0.202 0.510
vn -0.836 0.202 0.510
vn 0.660 0.646 0.385
vn 0.660 0.646 0.385
vn -0.659 0.399 0.637
vn -0.659 0.399 0.637
vn 0.137 0.591 0.795
vn 0.086 0.709 0.700
vn 0.004 0.999 0.035
vn 0.828 -0.560 0.023
vn 0.828 -0.560 0.023
vn 0.828 -0.560 0.023
vn 0.829 -0.559 0.023
vn 0.779 0.627 0.000
vn 0.779 0.627 0.000
vn 1.000 0.000 0.000
vn 0.997 -0.073 0.000
vn -0.766 0.217 -0.605
vn 0.913 0.339 -0.225
vn 0.913 0.339 -0.225
vn -0.913 0.058 -0.403
vn -0.913 0.058 -0.403
vn 0.776 -0.630 0.000
vn 0.776 -0.630 0.000
vn 0.957 0.289 0.000
vn 0.957 0.289 0.000
vn 0.000 0.764 0.645
vn 0.785 0.619 0.021
vn 0.570 0.822 0.000
vn 0.997 -0.073 0.000
vn 0.997 -0.073 0.000
vn 0.777 0.629 -0.001
vn 0.778 0.628 -0.001
vn 0.776 0.631 -0.000
vn 0.775 0.632 0.000
vn 0.779 0.626 0.000
vn 0.780 0.625 0.000
vn 0.777 0.629 0.001
vn 0.776 0.630 0.001
vn 0.997 -0.074 0.001
vn 0.997 -0.073 0.000
vn 0.997 -0.073 0.000
vn 0.997 -0.074 0.001
vn -0.077 0.997 0.000
vn 0.316 0.507 -0.802
vn 0.332 0.518 -0.788
vn 0.586 -0.286 -0.758
vn 0.545 -0.293 -0.786
vn 0.503 -0.864 0.000
vn 0.503 -0.864 -0.000
vn 0.569 0.035 0.822
vn 0.550 0.038 0.834
vn 0.449 0.346 0.824
vn 0.454 0.350 0.819
vn 0.452 0.348 0.821
vn 0.447 0.345 0.825
vn 0.503 -0.864 0.000
vn 0.545 -0.284 0.789
vn 0.616 -0.276 0.738
vn 0.420 0.313 0.852
vn 0.455 0.336 0.825
vn 0.428 0.359 -0.829
vn 0.433 0.364 -0.825
vn 0.431 0.362 -0.826
vn 0.427 0.358 -0.831
vn 0.577 -0.117 -0.808
vn 0.558 -0.118 -0.822
vn 0.160 0.343 0.925
vn 0.159 0.336 0.928
vn 0.160 0.339 0.927
vn 0.160 0.346 0.924
vn 0.748 -0.260 0.610
vn 0.748 -0.260 0.611
vn 0.748 -0.260 0.611
vn 0.748 -0.260 0.610
vn 0.089 -0.852 0.516
vn 0.086 -0.857 0.507
vn 0.001 -0.857 0.515
vn 0.160 -0.329 0.931
vn 0.159 -0.335 0.929
vn 0.160 -0.331 0.930
vn 0.160 -0.325 0.932
vn 0.160 -0.325 0.932
vn 0.160 -0.331 0.930
vn 0.160 -0.328 0.931
vn 0.159 -0.335 0.929
vn 0.001 -0.339 0.941
vn 0.001 -0.335 0.942
vn 0.001 -0.345 0.939
vn 0.002 -0.348 0.937
vn -0.059 -0.940 -0.336
vn -0.054 -0.946 -0.321
vn -0.985 0.013 0.174
vn -0.985 0.013 0.174
vn 0.055 0.946 0.320
vn 0.056 0.941 0.333
vn -0.001 0.941 0.338
vn 0.000 0.938 0.346
vn -0.004 0.436 -0.900
vn -0.001 0.441 -0.898
vn 0.161 -0.350 -0.923
vn 0.189 -0.348 -0.918
vn -0.007 0.439 -0.899
vn -0.003 0.444 -0.896
vn -0.947 -0.044 -0.320
vn -0.954 -0.038 -0.297
vn -0.805 -0.536 -0.255
vn -0.810 -0.518 -0.274
vn 0.000 0.851 -0.525
vn -0.000 0.848 -0.530
vn 0.758 -0.271 -0.593
vn 0.743 -0.276 -0.609
vn 0.455 0.659 -0.599
vn 0.434 0.651 -0.622
vn -0.432 0.101 -0.896
vn -0.402 0.135 -0.906
vn -0.260 -0.316 -0.913
vn -0.228 -0.320 -0.920
vn 0.001 -0.116 -0.993
vn 0.000 0.715 0.699
vn 0.001 -0.349 -0.937
vn 0.003 -0.344 -0.939
vn 0.000 0.479 -0.878
vn 0.001 0.475 -0.880
vn -0.000 0.870 -0.493
vn 0.000 0.870 -0.493
vn -0.000 0.329 0.944
vn -0.001 0.336 0.942
vn -0.001 -0.348 0.937
vn -0.002 -0.335 0.942
vn -0.000 -0.937 -0.350
vn 0.001 -0.940 -0.341
vn 0.002 -0.527 -0.850
vn -0.002 -0.480 -0.877
vn -0.001 -0.897 -0.442
vn 0.000 -0.935 -0.355
vn 0.000 -0.098 -0.995
vn -0.000 1.000 -0.028
vn -0.804 0.297 0.514
vn -0.804 0.297 0.514
vn 0.000 -0.400 0.917
vn -0.804 0.558 0.203
vn -0.804 0.558 0.203
vn 0.000 0.283 0.959
vn -0.804 0.558 -0.203
vn -0.804 0.558 -0.203
vn 0.000 0.833 0.553
vn -0.804 0.297 -0.514
vn -0.804 -0.103 -0.585
vn -0.804 -0.103 -0.585
vn -0.804 -0.455 -0.382
vn -0.804 -0.594 0.000
vn 0.000 -0.594 -0.804
vn -0.804 -0.455 0.382
vn -0.804 -0.103 0.585
vn -0.804 -0.103 0.585
vn -0.804 -0.103 0.585
vn 0.000 -0.895 0.445
vn -0.493 0.151 0.857
vn -0.493 0.435 0.753
vn -0.493 0.666 0.559
vn -0.493 0.666 0.559
vn -0.493 0.818 0.298
vn -0.493 0.818 0.298
vn -0.493 0.870 0.000
vn -0.493 0.870 0.000
vn -0.493 0.818 -0.298
vn -0.493 0.666 -0.559
vn -0.493 0.666 -0.559
vn -0.493 0.435 -0.753
vn -0.493 0.435 -0.753
vn -0.493 0.151 -0.857
vn -0.493 -0.151 -0.857
vn -0.493 -0.151 -0.857
vn -0.493 -0.435 -0.753
vn -0.493 -0.666 -0.559
vn -0.493 -0.666 -0.559
vn -0.493 -0.818 -0.298
vn -0.493 -0.870 0.000
vn -0.493 -0.870 0.000
vn -0.493 -0.818 0.298
vn -0.493 -0.818 0.298
vn -0.493 -0.666 0.559
vn -0.493 -0.666 0.559
vn -0.493 -0.435 0.753
vn -0.493 -0.435 0.753
vn -0.493 -0.151 0.857
vn -0.493 0.435 -0.753
vn -0.493 0.151 0.857
vn -0.493 -0.151 0.857
vn -0.493 -0.666 0.559
vn -0.493 -0.870 0.000
vn -0.493 -0.666 -0.559
vn 0.000 0.174 0.985
vn 0.000 0.766 0.643
vn 0.000 0.940 0.342
vn -0.000 0.174 -0.985
vn 0.000 -0.500 -0.866
vn 0.000 -0.940 -0.342
vn -0.000 0.283 -0.959
vn 0.000 -0.400 -0.917
vn -0.000 -0.895 -0.445
vn -0.000 -0.895 -0.445
vn 0.000 -0.594 0.804
vn 0.000 0.062 0.998
vn 0.000 0.062 0.998
vn 0.804 0.297 0.514
vn 0.804 0.297 0.514
vn 0.804 0.558 0.203
vn 0.804 0.558 0.203
vn 0.804 0.558 -0.203
vn 0.804 0.297 -0.514
vn 0.804 0.297 -0.514
vn -0.000 0.994 -0.112
vn 0.804 -0.103 -0.585
vn 0.804 -0.103 -0.585
vn 0.000 0.689 -0.725
vn 0.804 -0.455 -0.382
vn -0.000 0.062 -0.998
vn -0.000 0.062 -0.998
vn 0.804 -0.594 0.000
vn 0.804 -0.455 0.382
vn 0.000 -0.972 -0.234
vn 0.000 -0.972 -0.234
vn 0.804 -0.103 0.585
vn 0.493 0.151 0.857
vn 0.493 0.151 0.857
vn 0.493 0.435 0.753
vn 0.493 0.666 0.559
vn 0.493 0.666 0.559
vn 0.493 0.818 0.298
vn 0.493 0.870 0.000
vn 0.493 0.870 0.000
vn 0.493 0.870 0.000
vn 0.493 0.818 -0.298
vn 0.493 0.818 -0.298
vn 0.493 0.666 -0.559
vn 0.493 0.666 -0.559
vn 0.493 0.435 -0.753
vn 0.493 0.151 -0.857
vn 0.493 0.151 -0.857
vn 0.493 -0.151 -0.857
vn 0.493 -0.435 -0.753
vn 0.493 -0.666 -0.559
vn 0.493 -0.666 -0.559
vn 0.493 -0.666 -0.559
vn 0.493 -0.818 -0.298
vn 0.493 -0.818 -0.298
vn 0.493 -0.870 0.000
vn 0.493 -0.870 0.000
vn 0.493 -0.818 0.298
vn 0.493 -0.666 0.559
vn 0.493 -0.666 0.559
vn 0.493 -0.435 0.753
vn 0.493 -0.435 0.753
vn 0.493 -0.151 0.857
vn 0.493 -0.151 -0.857
vn 0.493 0.435 -0.753
vn 0.493 0.435 0.753
vn 0.493 0.151 0.857
vn 0.493 0.151 0.857
vn 0.493 -0.151 0.857
vn 0.493 -0.151 0.857
vn 0.493 -0.435 0.753
vn 0.493 -0.870 0.000
vn 0.493 -0.435 -0.753
vn 0.000 0.500 0.866
vn 0.000 0.940 -0.342
vn 0.000 0.766 -0.643
vn 0.000 0.500 -0.866
vn -0.000 -0.174 -0.985
vn 0.000 -0.174 -0.985
vn 0.000 -0.766 -0.643
vn 0.000 -0.940 0.342
vn 0.000 -0.766 0.643
vn 0.000 -0.500 0.866
vn 0.000 -0.174 0.985
vn 0.000 -0.174 0.985
vn 0.000 0.994 0.112
vn 0.000 0.833 -0.553
vn 0.000 -0.972 0.234
vn 0.000 0.689 0.725
vn 1.000 0.000 0.000
vn 1.000 -0.000 0.000
vn 0.239 0.485 0.841
vn 0.239 0.485 0.841
vn 0.239 0.485 0.841
vn 0.239 0.971 0.000
vn 0.239 0.485 -0.841
vn 0.239 0.485 -0.841
vn 0.239 -0.485 -0.841
vn 0.239 -0.971 0.000
vn 0.239 -0.971 0.000
vn 0.239 -0.485 0.841
vn -0.441 0.449 0.777
vn -0.441 0.449 0.777
vn -0.441 0.449 0.777
vn -0.441 0.449 0.777
vn -0.441 0.897 0.000
vn -0.441 0.897 0.000
vn -0.441 0.449 -0.777
vn -0.441 0.449 -0.777
vn -0.441 0.449 -0.777
vn -0.441 -0.449 -0.777
vn -0.441 -0.449 -0.777
vn -0.441 -0.897 0.000
vn -0.441 -0.897 0.000
vn -0.441 -0.449 0.777
vn -0.441 -0.449 0.777
vn -0.441 -0.449 0.777
vn -0.913 -0.204 -0.353
vn -0.913 -0.204 -0.353
vn -0.913 -0.204 -0.353
vn -0.913 -0.408 0.000
vn -0.913 -0.408 0.000
vn -0.913 -0.408 0.000
vn -0.913 -0.408 0.000
vn -0.913 -0.204 0.353
vn -0.913 -0.204 0.353
vn -0.913 -0.204 0.353
vn -0.913 0.204 0.353
vn -0.913 0.204 0.353
vn -0.913 0.408 0.000
vn -0.913 0.408 0.000
vn -0.913 0.408 0.000
vn -0.913 0.204 -0.353
vn -0.913 0.204 -0.353
vn -0.913 0.204 -0.353
vn -1.000 0.000 0.000
vn -1.000 -0.000 0.000
vn -1.000 -0.000 0.000
vn 0.000 0.174 0.985
vn 0.000 0.766 0.643
vn 0.000 0.766 -0.643
vn 0.000 0.174 -0.985
vn 0.000 -0.766 -0.643
vn 0.000 -0.766 0.643
vn 0.000 -0.686 -0.727
vn 0.000 -0.686 -0.727
vn 0.000 -0.686 -0.727
vn 0.000 0.973 0.231
vn 0.000 0.973 0.231
vn -0.517 -0.428 0.741
vn -0.517 -0.428 0.741
vn 0.000 -0.993 0.119
vn 0.060 -0.996 0.067
vn 0.578 0.408 -0.707
vn 0.578 0.408 -0.707
vn 0.000 0.377 0.926
vn 0.059 0.453 0.889
vn -0.954 0.150 -0.259
vn 0.055 -0.998 0.014
vn 0.115 -0.993 0.034
vn 0.963 -0.136 0.235
vn 0.056 0.483 0.874
vn 0.114 0.472 0.874
vn 0.000 -0.500 0.866
vn -0.214 0.488 -0.846
vn -0.214 0.488 -0.846
vn -0.678 -0.367 0.636
vn -0.678 -0.367 0.636
vn -0.678 -0.367 0.636
vn -0.450 -0.209 0.868
vn -0.573 -0.573 0.586
vn -0.965 0.262 -0.024
vn -0.831 0.450 0.326
vn -0.844 0.268 -0.465
vn -0.844 0.268 -0.465
vn -0.830 -0.519 -0.203
vn -0.962 -0.076 -0.262
vn -0.608 -0.266 0.748
vn -0.422 -0.640 0.643
vn 0.000 0.286 -0.958
vn 0.000 0.286 0.958
vn -0.000 0.286 0.958
vn -0.517 -0.856 0.000
vn 0.000 -0.599 -0.800
vn 0.060 -0.556 -0.829
vn 0.578 0.816 -0.000
vn 0.578 0.816 -0.000
vn 0.000 -0.614 0.789
vn 0.059 -0.544 0.837
vn -0.954 0.299 0.000
vn 0.055 -0.511 -0.858
vn 0.115 -0.525 -0.843
vn 0.963 -0.271 0.000
vn 0.056 -0.516 0.855
vn 0.114 -0.521 0.846
vn -0.214 0.977 0.000
vn -0.678 -0.735 0.000
vn -0.678 -0.735 0.000
vn -0.678 -0.735 0.000
vn -0.450 -0.857 0.253
vn -0.573 -0.794 -0.203
vn -0.965 0.151 0.215
vn -0.831 -0.058 0.553
vn -0.844 0.536 0.000
vn -0.830 -0.084 -0.551
vn -0.962 0.188 -0.197
vn -0.608 -0.781 0.143
vn -0.422 -0.876 -0.233
vn 0.000 -0.973 0.231
vn 0.000 -0.973 0.231
vn 0.000 0.686 -0.727
vn 0.000 0.686 -0.727
vn 0.000 0.686 -0.727
vn -0.517 0.428 0.741
vn 0.000 -0.394 0.919
vn 0.060 -0.440 0.896
vn 0.578 -0.408 -0.707
vn 0.578 -0.408 -0.707
vn 0.000 0.991 0.137
vn 0.059 0.997 0.052
vn -0.954 -0.150 -0.259
vn 0.055 -0.487 0.872
vn 0.115 -0.467 0.877
vn 0.963 0.136 0.235
vn 0.056 0.998 0.019
vn 0.114 0.993 0.028
vn 0.000 0.500 0.866
vn -0.214 -0.488 -0.846
vn -0.678 0.367 0.636
vn -0.678 0.367 0.636
vn -0.678 0.367 0.636
vn -0.678 0.367 0.636
vn -0.450 0.647 0.616
vn -0.573 0.221 0.789
vn -0.965 0.110 -0.239
vn -0.831 0.508 -0.227
vn -0.844 -0.268 -0.465
vn -0.844 -0.268 -0.465
vn -0.830 -0.435 0.348
vn -0.962 -0.265 -0.065
vn -0.608 0.515 0.604
vn -0.422 0.237 0.875
vn 0.000 -0.286 0.958
vn -0.000 -0.286 0.958
vn 0.000 -0.286 -0.958
vn -0.517 0.856 0.000
vn -0.000 0.599 0.800
vn 0.060 0.556 0.829
vn 0.578 -0.816 0.000
vn 0.578 -0.816 0.000
vn 0.578 -0.816 0.000
vn 0.000 0.614 -0.789
vn 0.059 0.544 -0.837
vn -0.954 -0.299 0.000
vn 0.055 0.511 0.858
vn 0.115 0.525 0.843
vn 0.963 0.271 0.000
vn 0.056 0.516 -0.855
vn 0.114 0.521 -0.846
vn -0.214 -0.977 0.000
vn -0.678 0.735 0.000
vn -0.678 0.735 0.000
vn -0.450 0.857 -0.253
vn -0.573 0.794 0.203
vn -0.965 -0.151 -0.215
vn -0.831 0.057 -0.553
vn -0.844 -0.536 0.000
vn -0.830 0.084 0.551
vn -0.962 -0.188 0.197
vn -0.608 0.781 -0.143
vn -0.422 0.876 0.233
vn 0.000 0.686 0.727
vn 0.000 0.686 0.727
vn 0.000 0.686 0.727
vn 0.000 -0.973 -0.231
vn 0.000 -0.973 -0.231
vn -0.517 0.428 -0.741
vn -0.517 0.428 -0.741
vn 0.000 0.993 -0.119
vn 0.060 0.996 -0.067
vn 0.578 -0.408 0.707
vn 0.578 -0.408 0.707
vn 0.000 -0.377 -0.926
vn 0.059 -0.453 -0.889
vn -0.954 -0.150 0.259
vn 0.055 0.998 -0.014
vn 0.115 0.993 -0.034
vn 0.963 0.136 -0.235
vn 0.056 -0.483 -0.874
vn 0.114 -0.472 -0.874
vn 0.000 0.500 -0.866
vn -0.214 -0.488 0.846
vn -0.214 -0.488 0.846
vn -0.678 0.367 -0.636
vn -0.678 0.367 -0.636
vn -0.450 0.209 -0.868
vn -0.573 0.573 -0.586
vn -0.965 -0.262 0.024
vn -0.831 -0.450 -0.326
vn -0.844 -0.268 0.465
vn -0.844 -0.268 0.465
vn -0.844 -0.268 0.465
vn -0.830 0.519 0.203
vn -0.962 0.076 0.262
vn -0.608 0.266 -0.748
vn -0.422 0.640 -0.643
vn 0.000 0.973 -0.231
vn 0.000 0.973 -0.231
vn 0.000 -0.686 0.727
vn 0.000 -0.686 0.727
vn 0.000 -0.686 0.727
vn -0.517 -0.428 -0.741
vn -0.517 -0.428 -0.741
vn 0.000 0.394 -0.919
vn 0.060 0.440 -0.896
vn 0.578 0.408 0.707
vn 0.578 0.408 0.707
vn 0.000 -0.991 -0.137
vn 0.059 -0.997 -0.052
vn -0.954 0.150 0.259
vn 0.055 0.487 -0.872
vn 0.115 0.467 -0.877
vn 0.963 -0.136 -0.235
vn 0.056 -0.998 -0.019
vn 0.114 -0.993 -0.028
vn 0.000 -0.500 -0.866
vn -0.214 0.488 0.846
vn -0.214 0.488 0.846
vn -0.678 -0.367 -0.636
vn -0.678 -0.367 -0.636
vn -0.678 -0.367 -0.636
vn -0.450 -0.647 -0.615
vn -0.573 -0.221 -0.789
vn -0.965 -0.110 0.239
vn -0.831 -0.508 0.227
vn -0.844 0.268 0.465
vn -0.844 0.268 0.465
vn -0.830 0.435 -0.348
vn -0.962 0.265 0.065
vn -0.608 -0.514 -0.604
vn -0.422 -0.237 -0.875
vn 0.000 -0.400 0.917
vn 0.000 0.283 0.959
vn -0.804 -0.103 -0.585
vn -0.804 -0.594 0.000
vn -0.804 -0.103 0.585
vn -0.493 0.151 -0.857
vn -0.493 0.151 -0.857
vn -0.493 -0.151 -0.857
vn -0.493 -0.435 -0.753
vn -0.493 -0.151 0.857
vn -0.000 0.283 -0.959
vn 0.804 0.558 -0.203
vn 0.804 -0.455 -0.382
vn 0.804 -0.594 0.000
vn 0.804 -0.103 0.585
vn 0.804 -0.103 0.585
vn 0.493 0.151 -0.857
vn 0.493 -0.151 -0.857
vn 0.493 -0.666 0.559
vn 0.493 0.666 -0.559
vn 0.493 -0.435 -0.753
vn 0.239 0.485 -0.841
vn 0.239 -0.485 -0.841
vn 0.239 -0.485 -0.841
vn 0.239 -0.485 0.841
vn -0.441 0.449 0.777
vn -0.441 0.449 0.777
vn -0.441 0.449 0.777
vn -0.441 0.449 0.777
vn -0.441 0.449 -0.777
vn -0.441 -0.449 -0.777
vn -0.441 -0.449 -0.777
vn -0.441 -0.449 0.777
vn -0.913 -0.204 -0.353
vn -0.913 -0.204 0.353
vn -0.913 0.204 0.353
vn -0.913 0.204 -0.353
vn -0.913 0.204 -0.353
vn 0.000 0.500 0.866
vn 0.000 0.766 0.643
vn 0.000 -0.940 0.342
vn 0.000 -0.766 0.643
vn 0.000 0.377 0.926
vn 0.059 0.453 0.889
vn 0.055 -0.998 0.014
vn 0.056 0.483 0.874
vn -0.678 -0.367 0.636
vn -0.450 -0.209 0.868
vn -0.573 -0.573 0.586
vn -0.831 0.450 0.326
vn -0.844 0.268 -0.465
vn -0.830 -0.519 -0.203
vn -0.962 -0.076 -0.262
vn -0.608 -0.266 0.748
vn -0.422 -0.640 0.643
vn 0.060 -0.556 -0.829
vn 0.059 -0.544 0.837
vn 0.055 -0.511 -0.858
vn 0.115 -0.525 -0.843
vn 0.056 -0.516 0.855
vn -0.678 -0.735 0.000
vn -0.573 -0.794 -0.204
vn -0.831 -0.058 0.553
vn -0.830 -0.084 -0.551
vn -0.608 -0.781 0.143
vn -0.517 0.428 0.741
vn 0.060 -0.440 0.896
vn 0.059 0.997 0.052
vn 0.115 -0.467 0.877
vn 0.114 0.993 0.028
vn -0.678 0.367 0.636
vn -0.573 0.221 0.789
vn -0.965 0.111 -0.239
vn -0.831 0.508 -0.227
vn -0.844 -0.268 -0.465
vn -0.962 -0.265 -0.065
vn -0.422 0.237 0.875
vn 0.000 0.599 0.800
vn 0.059 0.544 -0.837
vn 0.055 0.511 0.858
vn 0.115 0.525 0.843
vn 0.056 0.516 -0.855
vn -0.678 0.735 0.000
vn -0.573 0.794 0.204
vn -0.965 -0.151 -0.215
vn -0.831 0.058 -0.553
vn -0.830 0.084 0.551
vn -0.962 -0.188 0.197
vn -0.608 0.781 -0.143
vn 0.000 0.686 0.727
vn 0.115 0.993 -0.034
vn 0.056 -0.483 -0.874
vn 0.114 -0.472 -0.874
vn -0.214 -0.488 0.846
vn -0.678 0.367 -0.636
vn -0.678 0.367 -0.636
vn -0.450 0.209 -0.868
vn -0.573 0.573 -0.586
vn -0.965 -0.262 0.024
vn -0.844 -0.268 0.465
vn -0.962 0.076 0.262
vn -0.608 0.266 -0.748
vn -0.422 0.640 -0.643
vn 0.059 -0.997 -0.052
vn 0.055 0.487 -0.872
vn 0.115 0.467 -0.877
vn 0.114 -0.993 -0.028
vn -0.678 -0.367 -0.636
vn -0.678 -0.367 -0.636
vn -0.678 -0.367 -0.636
vn -0.573 -0.221 -0.789
vn -0.965 -0.111 0.239
vn -0.831 -0.508 0.227
vn -0.844 0.268 0.465
vn -0.962 0.265 0.065
vn -0.608 -0.515 -0.604
vn -0.422 -0.237 -0.875
vn 0.804 -0.455 -0.382
vn 0.804 -0.455 0.382
vn 0.804 -0.455 0.382
vn 0.804 -0.455 0.382
vn 0.804 -0.103 0.585
vn 0.493 0.666 0.559
vn 0.493 0.818 0.298
vn 0.493 -0.435 -0.753
vn 0.493 -0.818 0.298
vn 0.493 0.435 -0.753
vn 0.493 0.666 -0.559
vn 0.493 0.818 0.297
vn 0.493 -0.818 0.297
vn -0.804 0.558 0.203
vn -0.804 -0.455 -0.382
vn -0.493 0.151 0.857
vn -0.493 0.435 0.753
vn -0.493 0.870 0.000
vn -0.493 -0.818 -0.298
vn -0.493 -0.435 0.753
vn -0.493 0.666 -0.559
vn -0.493 0.818 -0.298
vn -0.493 0.666 0.559
vn -0.493 0.435 0.753
vn -0.493 -0.666 -0.559
vn -0.493 -0.435 -0.753
vn -0.239 0.485 0.841
vn -0.239 0.485 0.841
vn -0.239 0.485 0.841
vn -0.239 0.971 0.000
vn -0.239 0.971 0.000
vn -0.239 0.485 -0.841
vn -0.239 0.485 -0.841
vn -0.239 -0.485 -0.841
vn -0.239 -0.485 -0.841
vn -0.239 -0.971 0.000
vn -0.239 -0.971 0.000
vn -0.239 -0.485 0.841
vn -0.239 -0.485 0.841
vn 0.441 0.449 0.777
vn 0.441 0.449 0.777
vn 0.441 0.449 0.777
vn 0.441 0.449 0.777
vn 0.441 0.897 0.000
vn 0.441 0.897 0.000
vn 0.441 0.897 0.000
vn 0.441 0.449 -0.777
vn 0.441 0.449 -0.777
vn 0.441 0.449 -0.777
vn 0.441 -0.449 -0.777
vn 0.441 -0.449 -0.777
vn 0.441 -0.897 0.000
vn 0.441 -0.897 0.000
vn 0.441 -0.449 0.777
vn 0.441 -0.449 0.777
vn 0.913 -0.204 -0.353
vn 0.913 -0.204 -0.353
vn 0.913 -0.204 -0.353
vn 0.913 -0.408 0.000
vn 0.913 -0.408 0.000
vn 0.913 -0.204 0.353
vn 0.913 -0.204 0.353
vn 0.913 0.204 0.353
vn 0.913 0.204 0.353
vn 0.913 0.408 0.000
vn 0.913 0.408 0.000
vn 0.913 0.408 0.000
vn 0.913 0.204 -0.353
vn 0.913 0.204 -0.353
vn 0.913 0.204 -0.353
vn 0.000 0.766 0.643
vn 0.000 -0.766 0.643
vn 0.517 -0.428 0.741
vn 0.517 -0.428 0.741
vn -0.060 -0.996 0.067
vn -0.578 0.408 -0.707
vn -0.578 0.408 -0.707
vn -0.059 0.453 0.889
vn 0.954 0.150 -0.259
vn -0.115 -0.993 0.034
vn -0.055 -0.998 0.014
vn -0.963 -0.136 0.235
vn -0.114 0.472 0.874
vn -0.056 0.483 0.874
vn 0.214 0.488 -0.846
vn 0.214 0.488 -0.846
vn 0.678 -0.367 0.636
vn 0.678 -0.367 0.636
vn 0.678 -0.367 0.636
vn 0.573 -0.573 0.586
vn 0.450 -0.209 0.868
vn 0.831 0.450 0.326
vn 0.965 0.262 -0.024
vn 0.844 0.268 -0.464
vn 0.844 0.268 -0.464
vn 0.844 0.268 -0.465
vn 0.962 -0.076 -0.262
vn 0.830 -0.519 -0.203
vn 0.422 -0.640 0.643
vn 0.608 -0.266 0.748
vn 0.517 -0.856 0.000
vn 0.517 -0.856 0.000
vn -0.060 -0.556 -0.829
vn 0.000 -0.599 -0.800
vn -0.578 0.816 0.000
vn -0.578 0.816 0.000
vn -0.578 0.816 0.000
vn -0.059 -0.544 0.837
vn 0.000 -0.614 0.789
vn 0.954 0.299 0.000
vn -0.115 -0.526 -0.843
vn -0.055 -0.511 -0.858
vn -0.963 -0.271 0.000
vn -0.114 -0.521 0.846
vn -0.056 -0.516 0.855
vn 0.214 0.977 0.000
vn 0.678 -0.735 0.000
vn 0.678 -0.735 0.000
vn 0.573 -0.794 -0.203
vn 0.450 -0.857 0.253
vn 0.831 -0.058 0.553
vn 0.965 0.152 0.215
vn 0.844 0.536 0.000
vn 0.844 0.536 0.000
vn 0.962 0.188 -0.197
vn 0.830 -0.084 -0.551
vn 0.422 -0.876 -0.233
vn 0.608 -0.781 0.143
vn 0.517 0.428 0.741
vn -0.060 -0.440 0.896
vn -0.578 -0.408 -0.707
vn -0.059 0.997 0.052
vn 0.954 -0.150 -0.259
vn -0.115 -0.467 0.877
vn -0.055 -0.487 0.872
vn -0.963 0.136 0.235
vn -0.114 0.993 0.028
vn -0.056 0.998 0.019
vn 0.214 -0.488 -0.846
vn 0.214 -0.488 -0.846
vn 0.678 0.367 0.636
vn 0.678 0.367 0.636
vn 0.678 0.367 0.636
vn 0.573 0.221 0.789
vn 0.450 0.647 0.615
vn 0.831 0.508 -0.227
vn 0.965 0.110 -0.239
vn 0.844 -0.268 -0.465
vn 0.844 -0.268 -0.465
vn 0.962 -0.265 -0.065
vn 0.830 -0.435 0.348
vn 0.422 0.237 0.875
vn 0.608 0.515 0.604
vn 0.517 0.856 0.000
vn 0.517 0.856 0.000
vn -0.060 0.556 0.829
vn -0.578 -0.816 0.000
vn -0.578 -0.816 0.000
vn -0.059 0.544 -0.837
vn 0.000 0.614 -0.789
vn 0.954 -0.299 0.000
vn -0.115 0.526 0.843
vn -0.055 0.511 0.858
vn -0.963 0.271 0.000
vn -0.114 0.521 -0.846
vn -0.056 0.516 -0.855
vn 0.214 -0.977 0.000
vn 0.678 0.735 0.000
vn 0.678 0.735 0.000
vn 0.573 0.794 0.203
vn 0.450 0.857 -0.253
vn 0.831 0.058 -0.553
vn 0.965 -0.151 -0.215
vn 0.844 -0.536 0.000
vn 0.844 -0.536 0.000
vn 0.962 -0.188 0.197
vn 0.830 0.083 0.551
vn 0.422 0.876 0.233
vn 0.608 0.781 -0.143
vn 0.517 0.428 -0.741
vn 0.517 0.428 -0.741
vn -0.060 0.996 -0.067
vn -0.578 -0.408 0.707
vn -0.578 -0.408 0.707
vn -0.059 -0.453 -0.889
vn 0.954 -0.150 0.259
vn -0.115 0.993 -0.034
vn -0.055 0.998 -0.014
vn -0.963 0.136 -0.235
vn -0.114 -0.472 -0.874
vn -0.056 -0.483 -0.874
vn 0.214 -0.488 0.846
vn 0.214 -0.488 0.846
vn 0.678 0.367 -0.636
vn 0.678 0.367 -0.636
vn 0.678 0.367 -0.636
vn 0.573 0.573 -0.586
vn 0.450 0.209 -0.868
vn 0.831 -0.450 -0.326
vn 0.965 -0.262 0.024
vn 0.844 -0.268 0.465
vn 0.844 -0.268 0.464
vn 0.962 0.076 0.262
vn 0.830 0.519 0.203
vn 0.422 0.640 -0.643
vn 0.608 0.266 -0.748
vn 0.517 -0.428 -0.741
vn 0.517 -0.428 -0.741
vn -0.060 0.440 -0.896
vn 0.000 0.394 -0.919
vn -0.578 0.408 0.707
vn -0.578 0.408 0.707
vn -0.059 -0.997 -0.052
vn 0.954 0.150 0.259
vn -0.115 0.467 -0.877
vn -0.055 0.487 -0.872
vn -0.963 -0.136 -0.235
vn -0.114 -0.993 -0.028
vn -0.056 -0.998 -0.019
vn 0.214 0.488 0.846
vn 0.214 0.488 0.846
vn 0.678 -0.367 -0.636
vn 0.678 -0.367 -0.636
vn 0.573 -0.221 -0.789
vn 0.450 -0.647 -0.615
vn 0.831 -0.508 0.227
vn 0.965 -0.111 0.239
vn 0.844 0.268 0.465
vn 0.844 0.268 0.465
vn 0.962 0.265 0.065
vn 0.830 0.435 -0.348
vn 0.422 -0.237 -0.875
vn 0.608 -0.514 -0.604
vn 0.804 -0.103 -0.585
vn 0.804 -0.594 -0.000
vn 0.493 -0.435 -0.753
vn 0.493 0.666 0.559
vn -0.804 -0.103 -0.585
vn -0.493 0.151 0.857
vn -0.239 0.485 0.841
vn -0.239 0.485 -0.841
vn -0.239 -0.485 -0.841
vn 0.441 0.449 0.777
vn 0.441 0.449 0.777
vn 0.441 0.897 0.000
vn 0.441 0.449 -0.777
vn 0.441 0.449 -0.777
vn 0.441 -0.449 -0.777
vn 0.441 -0.449 -0.777
vn 0.441 -0.897 0.000
vn 0.441 -0.449 0.777
vn 0.913 -0.408 0.000
vn 0.913 -0.408 0.000
vn 0.913 -0.408 0.000
vn 0.913 -0.204 0.353
vn 0.913 -0.204 0.353
vn 0.913 -0.204 0.353
vn 0.913 0.204 -0.353
vn 0.913 0.204 -0.353
vn 0.000 0.500 0.866
vn 0.000 0.940 0.342
vn 0.000 0.766 -0.643
vn 0.000 -0.766 -0.643
vn 0.000 -0.500 0.866
vn 0.000 -0.687 -0.727
vn -0.059 0.453 0.889
vn -0.055 -0.998 0.014
vn -0.114 0.472 0.874
vn -0.056 0.483 0.874
vn 0.214 0.488 -0.846
vn 0.214 0.488 -0.846
vn 0.678 -0.367 0.636
vn 0.573 -0.573 0.586
vn 0.450 -0.209 0.868
vn 0.831 0.450 0.326
vn 0.965 0.262 -0.024
vn 0.844 0.268 -0.465
vn 0.844 0.268 -0.465
vn 0.422 -0.639 0.643
vn 0.608 -0.266 0.748
vn -0.060 -0.556 -0.829
vn 0.000 -0.599 -0.801
vn -0.055 -0.511 -0.858
vn -0.114 -0.521 0.846
vn -0.056 -0.516 0.855
vn 0.678 -0.735 0.000
vn 0.573 -0.794 -0.204
vn 0.450 -0.857 0.253
vn 0.965 0.151 0.215
vn 0.844 0.536 0.000
vn 0.962 0.188 -0.197
vn 0.830 -0.084 -0.551
vn 0.422 -0.876 -0.233
vn 0.608 -0.781 0.143
vn 0.000 0.687 -0.727
vn 0.517 0.428 0.741
vn 0.000 -0.394 0.919
vn -0.115 -0.467 0.877
vn -0.055 -0.487 0.872
vn 0.678 0.367 0.636
vn 0.678 0.367 0.636
vn 0.678 0.367 0.636
vn 0.678 0.367 0.636
vn 0.573 0.221 0.789
vn 0.450 0.647 0.615
vn 0.844 -0.268 -0.465
vn 0.844 -0.268 -0.465
vn 0.962 -0.265 -0.065
vn 0.830 -0.436 0.348
vn 0.422 0.237 0.875
vn 0.608 0.515 0.604
vn -0.060 0.556 0.829
vn 0.000 0.599 0.800
vn -0.578 -0.816 0.000
vn -0.059 0.544 -0.837
vn -0.056 0.516 -0.855
vn 0.678 0.735 0.000
vn 0.573 0.794 0.204
vn 0.450 0.857 -0.253
vn 0.831 0.058 -0.553
vn 0.965 -0.151 -0.215
vn 0.844 -0.536 0.000
vn 0.844 -0.536 0.000
vn 0.962 -0.188 0.197
vn 0.830 0.084 0.551
vn 0.608 0.781 -0.143
vn 0.000 0.687 0.727
vn -0.059 -0.453 -0.889
vn -0.115 0.993 -0.034
vn -0.055 0.998 -0.014
vn -0.114 -0.472 -0.874
vn -0.056 -0.483 -0.874
vn 0.214 -0.488 0.846
vn 0.214 -0.488 0.846
vn 0.678 0.367 -0.636
vn 0.678 0.367 -0.636
vn 0.573 0.573 -0.586
vn 0.450 0.209 -0.868
vn 0.831 -0.450 -0.326
vn 0.965 -0.262 0.024
vn 0.844 -0.268 0.465
vn 0.844 -0.268 0.465
vn 0.000 -0.687 0.727
vn -0.060 0.440 -0.896
vn -0.059 -0.997 -0.052
vn -0.115 0.467 -0.877
vn -0.056 0.487 -0.872
vn 0.214 0.488 0.846
vn 0.214 0.488 0.846
vn 0.678 -0.367 -0.636
vn 0.678 -0.367 -0.636
vn 0.831 -0.508 0.227
vn 0.844 0.268 0.465
vn 0.844 0.268 0.465
vn 0.962 0.265 0.065
vn 0.830 0.435 -0.348
vn 0.422 -0.237 -0.875
vn 0.608 -0.515 -0.604
vn -0.911 0.411 -0.018
vn -0.927 0.376 0.001
vn -0.923 0.384 -0.017
vn -0.936 0.353 0.001
vn 0.927 0.376 0.001
vn 0.911 0.411 -0.018
vn 0.936 0.353 0.001
vn 0.923 0.384 -0.017
vn -0.028 -1.000 0.000
vn 0.000 0.306 0.952
vn 0.000 0.809 0.588
vn -0.000 0.809 -0.588
vn 0.000 0.309 -0.951
vn 0.000 -0.309 0.951
vn 0.000 -0.588 0.809
vn 0.000 -0.951 0.309
vn 0.000 -0.951 -0.309
vn 0.000 -0.586 -0.810
vn 0.000 -0.305 -0.952
vn 0.000 0.000 1.000
vn 0.000 0.000 -1.000
vn -0.902 0.000 0.432
vn 0.000 0.306 -0.952
vn 0.000 0.309 0.951
vn 0.000 -0.309 -0.951
vn 0.000 -0.588 -0.809
vn 0.000 -0.586 0.810
vn 0.000 -0.305 0.952
vn -0.706 0.217 0.674
vn -0.706 0.573 0.416
vn -0.706 0.573 0.416
vn -0.706 0.708 0.000
vn -0.706 0.708 0.000
vn -0.706 0.573 -0.416
vn -0.706 0.219 -0.673
vn -0.706 0.000 -0.708
vn -0.706 0.000 -0.708
vn -0.706 -0.708 0.000
vn -0.706 0.000 0.708
vn -0.706 0.000 0.708
vn -0.706 -0.219 0.673
vn -0.706 -0.219 0.673
vn -0.706 -0.573 0.416
vn -0.706 -0.708 0.000
vn -0.706 -0.708 0.000
vn -0.706 -0.573 -0.416
vn -0.706 -0.573 -0.416
vn -0.706 -0.216 -0.674
vn -0.706 -0.216 -0.674
vn -0.706 -0.000 -0.708
vn -0.706 0.000 0.708
vn -0.706 0.217 -0.674
vn -0.706 -0.216 0.674
vn -0.706 -0.216 0.674
vn -0.706 -0.573 0.416
vn -0.706 -0.573 -0.416
vn -0.706 -0.219 -0.673
vn -0.706 -0.219 -0.673
vn -0.706 0.219 0.673
vn -0.706 0.573 0.416
vn -0.706 0.708 0.000
vn 0.260 0.286 -0.922
vn 0.228 0.352 -0.908
vn -0.124 -0.776 0.619
vn -0.125 -0.774 0.620
vn -0.120 -0.779 0.615
vn -0.119 -0.781 0.614
vn 0.237 0.226 -0.945
vn 0.223 0.277 -0.935
vn -0.000 -0.373 -0.928
vn -1.000 0.027 0.000
vn -1.000 0.022 -0.000
vn -1.000 0.024 -0.000
vn -1.000 0.029 0.000
vn 0.955 0.296 -0.000
vn -0.905 -0.425 0.000
vn 0.973 0.233 0.000
vn -0.192 0.025 0.981
vn -0.191 0.034 0.981
vn -0.191 0.031 0.981
vn -0.192 0.021 0.981
vn -0.000 0.296 -0.955
vn 0.000 -0.780 0.625
vn 0.000 -0.779 0.627
vn 0.001 -0.779 0.627
vn 0.000 -0.781 0.625
vn -0.000 0.233 -0.973
vn -1.000 0.020 0.000
vn -1.000 0.022 0.000
vn -1.000 0.017 0.000
vn -1.000 0.013 0.000
vn -1.000 0.013 0.000
vn -1.000 0.020 -0.000
vn -0.191 0.020 0.981
vn -0.191 0.023 0.981
vn -0.191 0.017 0.982
vn -0.191 0.014 0.982
vn 0.000 0.024 1.000
vn 0.000 0.022 1.000
vn 0.002 0.022 1.000
vn 0.002 0.023 1.000
vn -0.192 0.017 0.981
vn -0.192 0.014 0.981
vn -0.192 0.020 0.981
vn -0.192 0.023 0.981
vn -0.940 -0.341 0.000
vn -0.941 -0.340 0.000
vn -0.939 -0.344 0.000
vn -0.939 -0.345 0.000
vn -0.932 0.021 0.362
vn -0.932 0.021 0.362
vn -0.932 0.021 0.361
vn -0.933 0.020 0.360
vn -0.925 0.379 -0.000
vn -0.926 0.378 -0.000
vn -0.924 0.382 -0.000
vn -0.924 0.383 -0.000
vn -0.176 0.382 0.907
vn -0.176 0.383 0.907
vn -0.176 0.380 0.908
vn -0.176 0.379 0.908
vn 0.000 0.384 0.924
vn 0.000 0.382 0.924
vn 0.001 0.383 0.924
vn 0.001 0.383 0.924
vn -0.180 -0.342 0.922
vn -0.180 -0.344 0.922
vn -0.180 -0.341 0.923
vn -0.181 -0.339 0.923
vn 0.002 0.022 1.000
vn 0.001 0.022 1.000
vn 0.000 0.021 1.000
vn 0.002 0.022 1.000
vn 0.002 0.023 1.000
vn 0.001 -0.340 0.940
vn 0.001 -0.339 0.941
vn 0.000 -0.339 0.941
vn 0.000 -0.341 0.940
vn -1.000 -0.004 0.000
vn -1.000 -0.004 0.000
vn 0.902 0.000 0.432
vn 0.706 0.217 0.674
vn 0.706 0.573 0.416
vn 0.706 0.573 0.416
vn 0.706 0.708 0.000
vn 0.706 0.573 -0.416
vn 0.706 0.573 -0.416
vn 0.706 0.219 -0.673
vn 0.706 0.219 -0.673
vn 0.706 0.000 -0.708
vn 0.706 0.000 -0.708
vn 0.706 -0.708 0.000
vn 0.706 -0.708 0.000
vn 0.706 -0.000 0.708
vn 0.706 -0.219 0.673
vn 0.706 -0.219 0.673
vn 0.706 -0.573 0.416
vn 0.706 -0.573 0.416
vn 0.706 -0.708 0.000
vn 0.706 -0.573 -0.416
vn 0.706 -0.216 -0.674
vn 0.706 -0.216 -0.674
vn 0.706 0.217 -0.674
vn 0.706 0.000 0.708
vn 0.706 0.000 0.708
vn 0.706 -0.216 0.674
vn 0.706 -0.216 0.674
vn 0.706 -0.573 -0.416
vn 0.706 -0.219 -0.673
vn 0.706 0.219 0.673
vn 0.706 0.219 0.673
vn 0.706 0.573 0.416
vn 0.706 0.708 0.000
vn 0.706 0.573 -0.416
vn 0.706 0.708 0.000
vn -0.228 0.352 -0.908
vn -0.260 0.286 -0.922
vn 0.124 -0.776 0.619
vn 0.119 -0.781 0.614
vn 0.120 -0.779 0.615
vn 0.125 -0.774 0.620
vn -0.223 0.277 -0.935
vn -0.237 0.226 -0.945
vn 1.000 0.027 0.000
vn 1.000 0.029 0.000
vn 1.000 0.024 -0.000
vn 1.000 0.022 -0.000
vn -0.955 0.296 0.000
vn 0.905 -0.425 -0.000
vn -0.973 0.233 0.000
vn 0.192 0.025 0.981
vn 0.192 0.021 0.981
vn 0.191 0.031 0.981
vn 0.191 0.034 0.981
vn -0.001 -0.779 0.627
vn 1.000 0.020 0.000
vn 1.000 0.013 0.000
vn 1.000 0.017 0.000
vn 1.000 0.022 0.000
vn 1.000 0.017 -0.000
vn 1.000 0.020 -0.000
vn 1.000 0.013 -0.000
vn 0.191 0.021 0.981
vn 0.191 0.014 0.982
vn 0.191 0.017 0.982
vn 0.191 0.023 0.981
vn -0.002 0.023 1.000
vn -0.002 0.022 1.000
vn 0.192 0.017 0.981
vn 0.192 0.023 0.981
vn 0.192 0.020 0.981
vn 0.192 0.014 0.981
vn 0.940 -0.341 0.000
vn 0.939 -0.345 0.000
vn 0.939 -0.344 0.000
vn 0.941 -0.340 0.000
vn 0.932 0.021 0.362
vn 0.933 0.020 0.360
vn 0.932 0.021 0.361
vn 0.932 0.021 0.362
vn 0.925 0.379 -0.000
vn 0.924 0.383 -0.000
vn 0.924 0.382 -0.000
vn 0.926 0.378 -0.000
vn 0.176 0.382 0.907
vn 0.176 0.379 0.908
vn 0.176 0.380 0.908
vn 0.176 0.383 0.907
vn -0.001 0.383 0.924
vn -0.001 0.383 0.924
vn 0.180 -0.342 0.922
vn 0.181 -0.339 0.923
vn 0.180 -0.341 0.923
vn 0.180 -0.344 0.922
vn -0.002 0.022 1.000
vn -0.001 0.022 1.000
vn -0.002 0.023 1.000
vn -0.002 0.023 1.000
vn -0.001 -0.340 0.940
vn -0.001 -0.339 0.941
vn -0.588 0.760 0.277
vn -0.951 0.290 0.106
vn -0.951 -0.290 -0.106
vn -0.588 -0.760 -0.277
vn 0.000 -0.342 0.940
vn -0.000 -0.342 0.940
vn 0.000 -0.342 0.940
vn -0.588 0.760 0.277
vn -0.951 0.290 0.106
vn -0.951 0.290 0.106
vn -0.951 0.290 0.106
vn -0.951 -0.290 -0.106
vn -0.588 -0.760 -0.277
vn -0.588 -0.760 -0.277
vn -0.332 0.146 0.932
vn -0.332 0.146 0.932
vn -0.332 0.146 0.932
vn -0.537 -0.119 0.836
vn -0.536 -0.118 0.836
vn -0.537 -0.446 0.716
vn -0.536 -0.446 0.716
vn -0.332 -0.711 0.620
vn 0.000 -0.812 0.583
vn 0.000 0.342 -0.940
vn 0.000 0.248 0.969
vn 0.588 0.760 0.277
vn 0.951 0.290 0.106
vn 0.951 -0.290 -0.106
vn 0.588 -0.760 -0.277
vn 0.000 -0.342 0.940
vn 0.588 0.760 0.277
vn 0.588 0.760 0.277
vn 0.951 0.290 0.106
vn 0.951 0.290 0.106
vn 0.951 -0.291 -0.106
vn 0.588 -0.760 -0.277
vn 0.588 -0.760 -0.277
vn 0.588 -0.760 -0.277
vn 0.332 0.146 0.932
vn 0.332 0.146 0.932
vn 0.536 -0.119 0.836
vn 0.537 -0.118 0.835
vn 0.537 -0.446 0.716
vn 0.332 -0.711 0.620
vn 0.000 0.342 -0.940
vn -0.000 0.342 -0.940
vn -0.707 -0.664 -0.242
vn -0.707 -0.664 -0.242
vn 0.707 -0.664 -0.242
vn -0.707 0.664 0.242
vn 0.707 0.664 0.242
vn 0.707 0.664 0.242
vn 0.000 -0.997 -0.084
vn 0.000 -0.997 -0.083
vn -0.682 -0.731 0.013
vn -0.682 -0.731 0.013
vn -0.965 -0.090 0.247
vn -0.965 -0.090 0.247
vn -0.682 0.551 0.480
vn -0.682 0.551 0.480
vn 0.000 0.817 0.577
vn 0.682 0.551 0.480
vn 0.682 0.551 0.480
vn 0.682 0.551 0.480
vn 0.965 -0.090 0.246
vn 0.965 -0.090 0.246
vn 0.682 -0.731 0.013
vn 0.682 -0.731 0.013
vn 0.682 -0.731 0.013
vn 0.682 -0.731 0.013
vn 0.000 0.817 0.577
vn -0.682 0.551 0.480
vn -0.682 0.551 0.480
vn -0.965 -0.090 0.247
vn -0.682 -0.731 0.013
vn -0.682 -0.731 0.013
vn 0.682 -0.731 0.013
vn 0.682 -0.731 0.013
vn 0.965 -0.090 0.246
vn 0.965 -0.090 0.247
vn 0.682 0.551 0.480
vn 0.682 0.551 0.480
vn -0.707 0.664 0.242
vn 0.000 -0.999 0.048
vn -0.652 -0.745 0.140
vn -0.652 -0.745 0.140
vn -0.652 -0.745 0.140
vn -0.922 -0.132 0.363
vn -0.922 -0.132 0.363
vn -0.652 0.481 0.586
vn -0.652 0.481 0.586
vn 0.000 0.735 0.679
vn 0.000 0.735 0.678
vn 0.652 0.481 0.586
vn 0.652 0.481 0.586
vn 0.652 0.481 0.586
vn 0.922 -0.132 0.363
vn 0.922 -0.132 0.363
vn 0.652 -0.745 0.140
vn 0.652 -0.745 0.140
vn -0.652 0.481 0.586
vn -0.652 0.481 0.586
vn -0.922 -0.132 0.363
vn -0.652 -0.745 0.140
vn -0.652 -0.745 0.140
vn 0.652 -0.745 0.140
vn 0.652 0.481 0.586
vn 0.652 0.481 0.586
vn 0.707 -0.664 -0.242
vn -0.707 0.664 0.242
vn 0.682 -0.731 0.013
vn 0.682 -0.731 0.013
vn 0.965 -0.090 0.247
vn 0.682 0.552 0.480
vn -0.682 0.551 0.480
vn -0.682 0.551 0.480
vn -0.682 -0.731 0.013
vn 0.682 0.551 0.480
vn 0.682 -0.731 0.013
vn -0.682 -0.731 0.013
vn -0.682 -0.731 0.013
vn -0.682 -0.731 0.013
vn -0.965 -0.090 0.247
vn -0.682 0.551 0.480
vn -0.682 0.551 0.480
vn -0.682 0.551 0.480
vn 0.707 -0.664 -0.242
vn 0.652 -0.745 0.140
vn 0.922 -0.132 0.363
vn 0.652 0.481 0.586
vn 0.000 0.735 0.679
vn -0.652 0.481 0.586
vn -0.652 0.481 0.586
vn -0.922 -0.132 0.363
vn -0.922 -0.132 0.363
vn -0.652 -0.745 0.140
vn 0.652 0.481 0.586
vn 0.922 -0.132 0.363
vn 0.000 -0.999 0.048
vn 0.000 0.342 0.940
vn -0.000 -0.342 -0.940
vn -0.700 -0.676 0.230
vn -0.687 -0.696 0.209
vn -0.695 -0.684 0.222
vn -0.707 -0.664 0.242
vn -0.700 0.662 -0.268
vn -0.687 0.683 -0.248
vn -0.695 0.670 -0.261
vn -0.707 0.650 -0.280
vn 0.000 -0.756 -0.655
vn -0.486 -0.299 -0.821
vn 0.000 0.158 -0.987
vn 0.486 -0.299 -0.821
vn -0.344 -0.622 -0.703
vn -0.344 0.025 -0.939
vn -0.344 0.024 -0.939
vn -0.487 -0.299 -0.821
vn 0.700 -0.676 0.230
vn 0.707 -0.664 0.242
vn 0.695 -0.684 0.222
vn 0.687 -0.696 0.209
vn 0.700 0.662 -0.268
vn 0.707 0.650 -0.280
vn 0.695 0.670 -0.261
vn 0.687 0.683 -0.248
vn 0.487 -0.299 -0.821
vn 0.344 -0.622 -0.703
vn 0.344 0.024 -0.939
vn 0.344 0.025 -0.939
vn -0.486 -0.299 -0.821
vn 0.486 -0.299 -0.821
vn -0.000 -0.342 -0.940
vn -0.707 -0.664 0.242
vn -0.707 -0.664 0.242
vn -0.707 -0.665 0.242
vn -0.707 0.664 -0.242
vn -0.707 0.665 -0.242
vn -0.707 0.664 -0.242
vn -0.707 0.664 -0.242
vn 0.000 -0.342 -0.940
vn 0.707 0.664 -0.242
vn 0.707 0.664 -0.242
vn 0.707 -0.664 0.242
vn 0.707 -0.665 0.242
vn 0.707 -0.664 0.242
vn 0.000 -0.342 -0.940
vn 0.707 -0.664 0.242
vn 0.707 -0.664 0.242
vn 0.707 0.664 -0.242
vn 0.707 0.664 -0.242
vn 0.000 -0.342 -0.940
vn -0.707 0.664 -0.242
vn -0.707 0.664 -0.242
vn -0.707 0.665 -0.242
vn 0.588 -0.277 -0.760
vn 0.588 -0.277 -0.760
vn 0.000 -0.862 -0.506
vn -0.000 0.335 -0.942
vn -0.588 -0.277 -0.760
vn -0.999 -0.041 0.000
vn -0.999 -0.041 0.000
vn -0.999 -0.036 0.001
vn -0.999 -0.036 0.001
vn 0.001 -0.707 -0.707
vn 0.002 -0.708 -0.706
vn 0.001 -0.708 -0.707
vn 0.000 -0.707 -0.707
vn -0.998 -0.070 0.000
vn -0.070 0.998 0.000
vn -0.000 0.000 -1.000
vn 0.070 -0.997 -0.024
vn 0.070 -0.997 -0.024
vn 0.000 0.000 1.000
vn -0.735 0.678 0.000
vn -0.736 0.677 0.000
vn -0.677 -0.029 -0.735
vn -0.698 -0.025 -0.716
vn -0.635 -0.773 -0.017
vn -0.634 -0.773 -0.017
vn -0.694 -0.032 0.719
vn -0.676 -0.028 0.736
vn -0.999 -0.036 0.001
vn -0.999 -0.036 0.001
vn 0.000 0.000 -1.000
vn 0.001 -0.708 -0.707
vn -0.998 -0.070 0.000
vn 0.000 0.000 -1.000
vn -0.735 0.678 0.000
vn -0.736 0.677 0.000
vn -0.735 0.678 0.000
vn -0.677 -0.029 -0.735
vn -0.698 -0.025 -0.716
vn -0.634 -0.773 -0.017
vn -0.634 -0.773 -0.017
vn -0.694 -0.032 0.719
vn -0.676 -0.028 0.736
vn 0.999 -0.041 0.000
vn 0.999 -0.036 0.001
vn 0.999 -0.036 0.001
vn 0.999 -0.041 0.000
vn -0.001 -0.707 -0.707
vn -0.001 -0.708 -0.707
vn -0.002 -0.708 -0.706
vn 0.998 -0.070 -0.000
vn 0.998 -0.070 -0.000
vn 0.070 0.998 0.000
vn 0.000 0.000 -1.000
vn -0.000 0.000 -1.000
vn -0.070 -0.997 -0.024
vn -0.070 -0.997 -0.024
vn 0.736 0.677 0.000
vn 0.736 0.677 0.000
vn 0.698 -0.025 -0.715
vn 0.677 -0.029 -0.735
vn 0.634 -0.773 -0.017
vn 0.635 -0.773 -0.017
vn 0.676 -0.028 0.736
vn 0.694 -0.032 0.719
vn -0.002 -0.708 -0.706
vn 0.998 -0.070 0.000
vn 0.698 -0.025 -0.716
vn 0.676 -0.028 0.736
vn 0.694 -0.032 0.719
vn -0.690 -0.724 0.000
vn -0.690 -0.724 0.000
vn -0.690 0.000 0.724
vn -0.690 0.000 0.724
vn -0.690 0.724 0.000
vn -0.690 0.724 0.000
vn -0.690 0.000 -0.724
vn -0.690 0.000 -0.724
vn -0.690 0.000 -0.724
vn -0.690 0.000 -0.724
vn -0.690 -0.724 0.000
vn -0.690 0.000 0.724
vn -0.690 0.724 0.000
vn -0.000 0.000 1.000
vn 0.690 -0.724 0.000
vn 0.690 -0.724 0.000
vn 0.690 0.000 0.724
vn 0.690 0.000 0.724
vn 0.690 0.000 0.724
vn 0.690 0.724 0.000
vn 0.690 0.724 0.000
vn 0.690 0.000 -0.724
vn 0.690 0.000 -0.724
vn 0.690 0.000 -0.724
vn 0.690 -0.724 0.000
vn 0.690 0.724 0.000
vn 0.690 0.000 -0.724
vn 0.000 -0.961 0.275
vn 0.000 -0.961 0.276
vn 0.809 -0.201 0.552
vn 0.809 -0.201 0.552
vn 0.000 0.559 0.829
vn 0.000 0.559 0.829
vn -0.809 -0.201 0.552
vn 0.809 -0.201 0.552
vn -0.809 -0.201 0.552
vn -0.809 -0.201 0.552
vn 0.809 -0.201 0.552
vn -0.809 -0.201 0.552
vn -0.809 -0.201 0.552
vn -0.809 -0.201 0.552
vn -0.809 -0.201 0.552
vn -0.809 -0.201 0.552
vn 0.809 -0.201 0.552
vn -0.809 -0.201 0.552
vn -0.809 -0.201 0.552
vn 0.809 -0.201 0.552
vn 0.809 -0.201 0.552
vn -0.809 -0.201 0.552
vn -0.002 -0.352 0.936
vn 0.001 -0.351 0.936
vn 0.000 -0.347 0.938
vn 0.002 -0.347 0.938
vn -0.160 -0.325 0.932
vn -0.160 -0.325 0.932
vn -0.160 -0.325 0.932
vn -0.002 -0.348 0.938
vn 0.002 -0.352 0.936
vn 0.160 -0.325 0.932
vn -0.864 -0.503 0.000
vn -0.864 -0.503 0.000
vn -0.864 -0.503 0.000
vn 0.500 -0.866 0.000
vn -0.560 0.829 0.000
vn -0.420 0.000 -0.908
vn -0.253 -0.206 -0.945
vn 0.689 -0.724 0.000
vn 0.012 0.008 1.000
vn 0.011 0.009 1.000
vn 0.011 0.008 1.000
vn 0.012 0.007 1.000
vn -0.770 0.638 0.000
vn -0.510 -0.415 -0.753
vn -0.590 -0.343 -0.731
vn 0.921 -0.389 0.000
vn 0.921 -0.389 0.000
vn -0.500 -0.866 0.000
vn 0.560 0.829 0.000
vn 0.253 -0.206 -0.945
vn 0.420 0.000 -0.908
vn -0.680 -0.734 0.000
vn -0.013 0.006 1.000
vn -0.013 0.006 1.000
vn -0.012 0.008 1.000
vn -0.011 0.009 1.000
vn 0.770 0.638 0.000
vn 0.770 0.638 0.000
vn 0.647 -0.274 -0.712
vn 0.506 -0.412 -0.758
vn 0.749 -0.012 -0.663
vn 0.695 -0.023 -0.718
vn -0.749 -0.025 -0.662
vn -0.695 -0.011 -0.719
vn -0.749 -0.012 0.663
vn -0.695 -0.023 0.718
vn 0.749 -0.025 0.662
vn 0.695 -0.011 0.719
vn 0.749 -0.012 -0.663
vn -0.749 -0.012 0.663
vn 0.749 -0.025 0.662
vn 0.000 0.999 0.036
vn -0.648 0.761 0.023
vn -0.767 0.641 0.024
vn 0.000 0.743 0.669
vn 0.000 0.731 -0.682
vn 0.767 0.641 0.024
vn 0.648 0.761 0.023
vn 0.000 0.454 0.891
vn 0.899 0.438 -0.012
vn -0.000 0.421 -0.907
vn -0.899 0.438 -0.012
vn 0.000 0.502 0.865
vn 0.865 0.502 0.000
vn 0.000 0.502 -0.865
vn -0.865 0.502 0.000
vn -0.865 0.502 0.000
f 1/1/1 2/2/2 3/3/2
f 3/3/2 4/4/1 1/1/1
f 5/5/3 6/6/3 7/7/3
f 7/7/3 8/8/3 5/5/3
f 8/8/4 4/4/4 9/9/4
f 9/9/5 5/5/5 8/8/5
f 10/10/6 11/11/6 6/6/6
f 12/12/6 10/10/6 6/6/6
f 13/13/6 12/12/6 6/6/6
f 14/14/6 13/13/6 6/6/6
f 5/5/6 14/14/6 6/6/6
f 5/5/7 9/9/8 15/15/9
f 15/15/9 14/14/10 5/5/7
f 16/16/11 17/17/12 18/18/13
f 18/18/13 19/19/14 16/16/11
f 20/20/15 21/21/15 22/22/15
f 22/22/16 23/23/16 20/20/16
f 23/23/17 24/24/18 25/25/19
f 23/23/17 25/25/19 26/26/20
f 23/23/17 26/26/20 27/27/21
f 23/23/17 27/27/21 28/28/20
f 23/23/17 28/28/20 20/20/21
f 29/29/22 25/25/22 24/24/22
f 24/24/23 30/30/23 29/29/23
f 31/31/24 22/22/24 21/21/25
f 32/32/24 31/31/24 21/21/25
f 30/30/26 32/32/24 21/21/25
f 30/30/26 21/21/25 33/33/27
f 30/30/26 33/33/27 34/34/28
f 30/30/26 34/34/28 35/35/29
f 30/30/26 35/35/29 29/29/30
f 36/36/31 37/37/31 38/38/31
f 38/38/32 1/1/32 36/36/32
f 39/39/33 36/36/34 1/1/35
f 1/1/35 40/40/36 39/39/33
f 41/41/37 39/39/33 40/40/36
f 40/40/36 24/24/38 41/41/37
f 42/42/39 41/41/39 24/24/39
f 24/24/40 23/23/40 42/42/40
f 43/43/41 42/42/42 23/23/43
f 23/23/43 44/44/44 43/43/41
f 45/45/45 38/38/45 37/37/45
f 46/46/46 45/45/45 37/37/45
f 44/44/44 46/46/46 37/37/45
f 44/44/44 37/37/45 43/43/41
f 47/47/47 48/48/47 49/49/47
f 49/49/48 50/50/48 47/47/48
f 51/51/49 47/47/49 50/50/49
f 50/50/50 52/52/50 51/51/50
f 53/53/51 51/51/51 52/52/51
f 52/52/52 54/54/52 53/53/52
f 48/48/53 53/53/53 54/54/53
f 54/54/54 49/49/54 48/48/54
f 55/55/55 56/56/56 57/57/57
f 57/57/57 58/58/58 55/55/55
f 59/59/59 55/55/59 58/58/59
f 58/58/60 60/60/60 59/59/60
f 61/61/61 59/59/61 60/60/61
f 60/60/62 62/62/62 61/61/62
f 56/56/63 61/61/63 62/62/63
f 62/62/64 57/57/64 56/56/64
f 63/63/65 64/64/66 65/65/67
f 65/65/67 66/66/68 63/63/65
f 67/67/69 63/63/69 66/66/69
f 66/66/70 68/68/70 67/67/70
f 69/69/71 67/67/72 68/68/73
f 68/68/73 70/70/74 69/69/71
f 64/64/75 69/69/75 70/70/75
f 70/70/76 65/65/76 64/64/76
f 71/71/77 72/72/78 73/73/79
f 73/73/79 74/74/80 71/71/77
f 75/75/81 71/71/81 74/74/81
f 74/74/82 76/76/82 75/75/82
f 77/77/83 75/75/84 76/76/85
f 76/76/85 78/78/86 77/77/83
f 72/72/87 77/77/87 78/78/87
f 78/78/88 73/73/88 72/72/88
f 79/79/89 80/80/90 81/81/91
f 81/81/91 82/82/92 79/79/89
f 83/83/93 84/84/94 85/85/95
f 85/85/95 86/86/96 83/83/93
f 87/87/97 88/88/97 89/89/97
f 89/89/98 90/90/98 87/87/98
f 19/19/99 18/18/100 35/35/101
f 35/35/101 34/34/102 19/19/99
f 16/16/103 19/19/104 34/34/105
f 34/34/105 27/27/106 16/16/103
f 17/17/107 16/16/108 27/27/109
f 27/27/109 26/26/110 17/17/107
f 18/18/111 17/17/112 26/26/113
f 26/26/113 35/35/114 18/18/111
f 82/82/115 81/81/116 33/33/117
f 33/33/117 21/21/118 82/82/115
f 79/79/119 82/82/120 21/21/121
f 21/21/121 20/20/122 79/79/119
f 80/80/123 79/79/124 20/20/125
f 20/20/125 28/28/126 80/80/123
f 81/81/127 80/80/128 28/28/129
f 28/28/129 33/33/130 81/81/127
f 86/86/131 85/85/132 34/34/133
f 34/34/133 33/33/134 86/86/131
f 83/83/135 86/86/136 33/33/137
f 33/33/137 28/28/138 83/83/135
f 84/84/139 83/83/140 28/28/141
f 28/28/141 27/27/142 84/84/139
f 85/85/143 84/84/144 27/27/145
f 27/27/145 34/34/146 85/85/143
f 90/90/147 89/89/148 26/26/149
f 26/26/149 25/25/150 90/90/147
f 87/87/151 90/90/152 25/25/153
f 25/25/153 29/29/154 87/87/151
f 88/88/155 87/87/156 29/29/157
f 29/29/157 35/35/158 88/88/155
f 89/89/159 88/88/160 35/35/161
f 35/35/161 26/26/162 89/89/159
f 57/57/163 62/62/163 39/39/163
f 39/39/164 43/43/164 57/57/164
f 58/58/165 57/57/165 43/43/165
f 43/43/166 37/37/166 58/58/166
f 60/60/167 58/58/167 37/37/167
f 37/37/168 36/36/168 60/60/168
f 62/62/169 60/60/170 36/36/171
f 36/36/171 39/39/169 62/62/169
f 56/56/172 55/55/172 74/74/172
f 74/74/173 73/73/173 56/56/173
f 61/61/174 56/56/174 73/73/174
f 73/73/175 78/78/175 61/61/175
f 59/59/176 61/61/177 78/78/176
f 78/78/176 76/76/178 59/59/176
f 55/55/179 59/59/179 76/76/179
f 76/76/180 74/74/180 55/55/180
f 52/52/181 50/50/181 43/43/181
f 43/43/182 39/39/182 52/52/182
f 54/54/183 52/52/184 39/39/185
f 39/39/185 41/41/186 54/54/183
f 49/49/187 54/54/187 41/41/187
f 41/41/188 42/42/188 49/49/188
f 50/50/189 49/49/190 42/42/191
f 42/42/191 43/43/192 50/50/189
f 48/48/193 47/47/193 66/66/193
f 66/66/194 65/65/194 48/48/194
f 53/53/195 48/48/195 65/65/195
f 65/65/196 70/70/196 53/53/196
f 51/51/197 53/53/198 70/70/199
f 70/70/199 68/68/200 51/51/197
f 47/47/201 51/51/201 68/68/201
f 68/68/202 66/66/202 47/47/202
f 91/91/203 92/92/203 93/93/203
f 93/93/203 94/94/203 91/91/203
f 95/95/204 96/96/204 97/97/204
f 97/97/204 98/98/204 95/95/204
f 99/99/205 98/98/205 97/97/205
f 97/97/205 100/100/205 99/99/205
f 91/91/206 101/101/206 102/102/206
f 102/102/206 103/103/206 91/91/206
f 103/103/207 104/104/208 92/92/208
f 92/92/208 91/91/207 103/103/207
f 98/98/206 93/93/206 105/105/206
f 105/105/206 95/95/206 98/98/206
f 98/98/209 99/99/210 94/94/210
f 94/94/210 93/93/209 98/98/209
f 106/106/211 107/107/211 108/108/211
f 108/108/212 109/109/212 106/106/212
f 110/110/213 111/111/213 112/112/213
f 112/112/213 113/113/213 110/110/213
f 113/113/214 112/112/214 114/114/214
f 114/114/214 115/115/214 113/113/214
f 116/116/215 117/117/215 118/118/215
f 118/118/215 119/119/215 116/116/215
f 117/117/216 120/120/216 121/121/216
f 121/121/216 118/118/216 117/117/216
f 121/121/217 120/120/217 111/111/217
f 111/111/217 110/110/217 121/121/217
f 122/122/214 123/123/214 124/124/214
f 124/124/214 125/125/214 122/122/214
f 126/126/215 127/127/215 128/128/215
f 128/128/215 129/129/215 126/126/215
f 127/127/216 130/130/216 131/131/216
f 131/131/216 128/128/216 127/127/216
f 131/131/217 130/130/217 132/132/217
f 132/132/217 133/133/217 131/131/217
f 133/133/213 132/132/213 123/123/213
f 123/123/213 122/122/213 133/133/213
f 38/38/218 108/108/219 107/107/220
f 107/107/220 134/134/221 38/38/218
f 40/40/222 1/1/223 4/4/223
f 24/24/224 40/40/222 4/4/223
f 30/30/225 24/24/224 4/4/223
f 30/30/225 4/4/223 8/8/225
f 22/22/226 135/135/226 136/136/226
f 23/23/226 22/22/226 136/136/226
f 23/23/226 136/136/226 137/137/226
f 121/121/227 110/110/227 113/113/227
f 121/121/227 113/113/227 115/115/227
f 118/118/227 121/121/227 115/115/227
f 118/118/227 115/115/227 119/119/227
f 136/136/228 138/138/228 124/124/228
f 136/136/228 124/124/228 123/123/228
f 136/136/228 123/123/228 132/132/228
f 137/137/228 136/136/228 132/132/228
f 137/137/228 132/132/228 130/130/228
f 137/137/228 130/130/228 127/127/228
f 137/137/228 127/127/228 126/126/228
f 137/137/228 126/126/228 139/139/228
f 128/128/227 131/131/227 133/133/227
f 129/129/227 128/128/227 133/133/227
f 129/129/227 133/133/227 122/122/227
f 129/129/227 122/122/227 125/125/227
f 140/140/229 141/141/229 142/142/229
f 30/30/229 140/140/229 142/142/229
f 32/32/229 30/30/229 142/142/229
f 143/143/229 31/31/229 32/32/229
f 32/32/229 142/142/229 143/143/229
f 144/144/229 145/145/229 146/146/229
f 146/146/229 147/147/229 144/144/229
f 148/148/229 147/147/229 146/146/229
f 146/146/229 149/149/229 148/148/229
f 150/150/230 151/151/230 152/152/230
f 152/152/230 153/153/230 150/150/230
f 154/154/231 153/153/232 152/152/232
f 152/152/232 155/155/231 154/154/231
f 141/141/233 144/144/233 147/147/233
f 147/147/233 142/142/233 141/141/233
f 143/143/234 142/142/235 147/147/235
f 147/147/235 148/148/234 143/143/234
f 153/153/236 154/154/237 149/149/238
f 149/149/238 146/146/236 153/153/236
f 154/154/233 156/156/233 157/157/233
f 157/157/233 149/149/233 154/154/233
f 135/135/239 22/22/239 158/158/239
f 158/158/239 159/159/239 135/135/239
f 160/160/239 161/161/239 158/158/239
f 158/158/239 22/22/239 160/160/239
f 159/159/240 158/158/241 162/162/241
f 162/162/241 163/163/240 159/159/240
f 158/158/242 161/161/242 164/164/242
f 164/164/242 162/162/242 158/158/242
f 163/163/243 162/162/243 165/165/243
f 165/165/243 166/166/243 163/163/243
f 117/117/228 116/116/228 167/167/228
f 120/120/244 117/117/228 167/167/228
f 120/120/244 167/167/228 109/109/228
f 111/111/228 120/120/244 109/109/228
f 111/111/228 109/109/228 168/168/228
f 112/112/228 111/111/228 168/168/228
f 114/114/228 112/112/228 168/168/228
f 169/169/228 114/114/228 168/168/228
f 168/168/245 109/109/245 108/108/245
f 108/108/246 38/38/246 45/45/246
f 168/168/247 108/108/247 45/45/247
f 168/168/226 45/45/226 46/46/226
f 170/170/248 171/171/248 172/172/228
f 172/172/228 173/173/244 170/170/248
f 171/171/249 174/174/250 175/175/251
f 175/175/251 172/172/252 171/171/249
f 176/176/253 177/177/254 178/178/255
f 178/178/255 179/179/256 176/176/253
f 178/178/257 177/177/258 180/180/259
f 180/180/259 181/181/260 178/178/257
f 44/44/261 23/23/261 176/176/261
f 176/176/261 179/179/261 44/44/261
f 23/23/262 137/137/262 177/177/262
f 177/177/263 176/176/263 23/23/263
f 137/137/264 139/139/264 180/180/264
f 180/180/265 177/177/265 137/137/265
f 139/139/266 182/182/267 181/181/267
f 181/181/267 180/180/266 139/139/266
f 182/182/268 183/183/268 178/178/268
f 178/178/269 181/181/269 182/182/269
f 183/183/270 44/44/271 179/179/272
f 179/179/272 178/178/273 183/183/270
f 182/182/266 169/169/266 170/170/266
f 170/170/266 173/173/266 182/182/266
f 169/169/274 168/168/274 171/171/274
f 171/171/275 170/170/275 169/169/275
f 168/168/276 46/46/276 174/174/276
f 174/174/277 171/171/277 168/168/277
f 46/46/261 44/44/278 175/175/278
f 175/175/278 174/174/261 46/46/261
f 44/44/279 183/183/280 172/172/281
f 172/172/281 175/175/282 44/44/279
f 183/183/283 182/182/283 173/173/283
f 173/173/284 172/172/284 183/183/284
f 106/106/285 109/109/286 184/184/287
f 184/184/287 185/185/288 106/106/285
f 109/109/289 167/167/290 186/186/291
f 186/186/291 184/184/292 109/109/289
f 167/167/293 187/187/294 188/188/295
f 188/188/295 186/186/296 167/167/293
f 187/187/297 189/189/298 190/190/299
f 190/190/299 188/188/300 187/187/297
f 185/185/301 184/184/302 191/191/303
f 191/191/303 192/192/304 185/185/301
f 184/184/302 186/186/305 193/193/306
f 193/193/306 191/191/303 184/184/302
f 186/186/305 188/188/307 194/194/308
f 194/194/308 193/193/306 186/186/305
f 190/190/309 195/195/310 194/194/311
f 194/194/311 188/188/312 190/190/309
f 192/192/313 191/191/313 196/196/313
f 196/196/314 197/197/314 192/192/314
f 191/191/315 193/193/316 198/198/316
f 198/198/316 196/196/315 191/191/315
f 193/193/317 194/194/318 199/199/319
f 199/199/319 198/198/320 193/193/317
f 195/195/321 200/200/322 199/199/323
f 199/199/324 194/194/324 195/195/324
f 201/201/325 202/202/326 203/203/327
f 203/203/327 204/204/328 201/201/325
f 205/205/329 206/206/329 207/207/329
f 207/207/330 208/208/330 205/205/330
f 206/206/331 204/204/328 203/203/327
f 203/203/327 207/207/332 206/206/331
f 209/209/333 210/210/333 211/211/334
f 211/211/334 212/212/334 209/209/333
f 213/213/335 214/214/335 215/215/335
f 215/215/336 216/216/336 213/213/336
f 214/214/337 212/212/337 211/211/337
f 211/211/338 215/215/338 214/214/338
f 217/217/339 201/201/340 204/204/341
f 204/204/341 135/135/342 217/217/339
f 138/138/343 136/136/343 206/206/343
f 206/206/344 205/205/344 138/138/344
f 136/136/345 135/135/345 204/204/345
f 204/204/346 206/206/346 136/136/346
f 212/212/347 214/214/347 207/207/347
f 207/207/348 203/203/348 212/212/348
f 214/214/349 213/213/349 208/208/349
f 208/208/350 207/207/350 214/214/350
f 213/213/351 218/218/351 219/219/351
f 219/219/352 208/208/352 213/213/352
f 104/104/203 38/38/203 134/134/203
f 104/104/203 134/134/203 220/220/203
f 221/221/203 104/104/203 220/220/203
f 216/216/353 215/215/354 222/222/355
f 222/222/355 223/223/356 216/216/353
f 222/222/357 215/215/358 211/211/359
f 211/211/359 210/210/360 222/222/357
f 107/107/361 106/106/361 224/224/361
f 224/224/361 225/225/361 107/107/361
f 30/30/362 8/8/362 7/7/362
f 7/7/362 140/140/362 30/30/362
f 9/9/363 4/4/363 3/3/363
f 3/3/363 226/226/363 9/9/363
f 15/15/364 9/9/364 226/226/365
f 226/226/364 227/227/364 228/228/364
f 226/226/364 228/228/364 229/229/366
f 226/226/364 229/229/366 230/230/364
f 15/15/364 226/226/365 230/230/366
f 1/1/203 38/38/203 104/104/203
f 1/1/203 104/104/203 103/103/203
f 2/2/203 1/1/203 103/103/203
f 2/2/203 103/103/203 102/102/203
f 93/93/203 92/92/203 231/231/203
f 231/231/203 105/105/203 93/93/203
f 101/101/203 91/91/203 94/94/203
f 94/94/203 232/232/203 101/101/203
f 233/233/367 99/99/367 100/100/367
f 100/100/367 234/234/367 233/233/367
f 92/92/368 104/104/368 221/221/368
f 221/221/368 231/231/368 92/92/368
f 94/94/369 99/99/369 233/233/369
f 233/233/369 232/232/369 94/94/369
f 160/160/229 22/22/229 31/31/229
f 160/160/229 31/31/229 143/143/229
f 160/160/229 143/143/229 235/235/229
f 236/236/229 148/148/229 149/149/229
f 149/149/229 157/157/229 236/236/229
f 156/156/370 154/154/371 155/155/371
f 155/155/371 237/237/370 156/156/370
f 235/235/372 143/143/372 148/148/372
f 148/148/372 236/236/372 235/235/372
f 153/153/372 146/146/372 145/145/372
f 145/145/372 150/150/372 153/153/372
f 217/217/239 135/135/239 159/159/239
f 159/159/239 238/238/239 217/217/239
f 159/159/373 163/163/373 239/239/373
f 239/239/373 238/238/373 159/159/373
f 106/106/374 185/185/375 240/240/376
f 240/240/376 224/224/377 106/106/374
f 185/185/378 192/192/378 241/241/378
f 241/241/379 240/240/379 185/185/380
f 241/241/381 192/192/382 197/197/383
f 197/197/383 242/242/384 241/241/381
f 243/243/385 205/205/385 208/208/385
f 208/208/386 219/219/387 243/243/387
f 218/218/388 213/213/388 216/216/388
f 216/216/388 223/223/388 218/218/388
f 244/244/389 138/138/389 205/205/389
f 205/205/390 243/243/391 244/244/391
f 212/212/392 203/203/393 202/202/394
f 202/202/394 209/209/395 212/212/392
f 245/245/2 246/246/2 3/3/2
f 3/3/2 2/2/2 245/245/2
f 11/11/3 247/247/3 7/7/3
f 7/7/3 6/6/3 11/11/3
f 247/247/396 11/11/396 227/227/396
f 227/227/397 246/246/397 247/247/397
f 11/11/398 10/10/399 228/228/400
f 228/228/400 227/227/401 11/11/398
f 248/248/402 249/249/403 250/250/404
f 250/250/404 251/251/405 248/248/402
f 252/252/406 253/253/406 254/254/406
f 254/254/407 255/255/407 252/252/407
f 253/253/408 252/252/409 256/256/409
f 253/253/408 256/256/409 257/257/410
f 253/253/408 257/257/410 258/258/409
f 253/253/408 258/258/409 259/259/411
f 253/253/408 259/259/411 260/260/412
f 261/261/413 262/262/413 260/260/413
f 260/260/414 259/259/414 261/261/414
f 262/262/415 261/261/416 263/263/417
f 262/262/415 263/263/417 264/264/418
f 262/262/415 264/264/418 265/265/416
f 262/262/415 265/265/416 255/255/419
f 255/255/419 254/254/420 266/266/421
f 255/255/419 266/266/421 267/267/422
f 262/262/415 255/255/419 267/267/422
f 268/268/423 245/245/423 269/269/423
f 269/269/424 270/270/424 268/268/424
f 271/271/425 272/272/426 245/245/427
f 245/245/427 268/268/428 271/271/425
f 273/273/429 260/260/430 272/272/426
f 272/272/426 271/271/425 273/273/429
f 274/274/431 253/253/431 260/260/431
f 260/260/432 273/273/432 274/274/432
f 275/275/433 276/276/434 253/253/435
f 253/253/435 274/274/436 275/275/433
f 276/276/434 275/275/433 270/270/437
f 270/270/437 269/269/437 277/277/438
f 270/270/437 277/277/438 278/278/437
f 276/276/434 270/270/437 278/278/437
f 279/279/439 280/280/439 281/281/439
f 281/281/440 282/282/440 279/279/440
f 283/283/441 284/284/441 280/280/441
f 280/280/442 279/279/442 283/283/442
f 285/285/443 286/286/443 284/284/443
f 284/284/444 283/283/444 285/285/444
f 282/282/445 281/281/445 286/286/445
f 286/286/446 285/285/446 282/282/446
f 287/287/447 288/288/448 289/289/449
f 289/289/449 290/290/450 287/287/447
f 291/291/451 292/292/451 288/288/451
f 288/288/452 287/287/452 291/291/452
f 293/293/453 294/294/453 292/292/453
f 292/292/454 291/291/454 293/293/454
f 290/290/455 289/289/455 294/294/455
f 294/294/456 293/293/456 290/290/456
f 295/295/457 296/296/457 297/297/457
f 297/297/458 298/298/458 295/295/458
f 299/299/459 300/300/459 296/296/459
f 296/296/460 295/295/460 299/299/460
f 301/301/461 302/302/461 300/300/461
f 300/300/462 299/299/462 301/301/462
f 298/298/463 297/297/463 302/302/463
f 302/302/464 301/301/464 298/298/464
f 303/303/465 304/304/465 305/305/465
f 305/305/466 306/306/466 303/303/466
f 307/307/467 308/308/467 304/304/467
f 304/304/468 303/303/468 307/307/468
f 309/309/469 310/310/469 308/308/469
f 308/308/470 307/307/470 309/309/470
f 306/306/471 305/305/471 310/310/471
f 310/310/472 309/309/472 306/306/472
f 311/311/473 312/312/474 313/313/475
f 313/313/475 314/314/476 311/311/473
f 315/315/477 316/316/478 317/317/479
f 317/317/479 318/318/480 315/315/477
f 319/319/481 320/320/481 321/321/481
f 321/321/482 322/322/482 319/319/482
f 249/249/483 264/264/484 263/263/485
f 263/263/485 250/250/486 249/249/483
f 248/248/487 257/257/488 264/264/489
f 264/264/489 249/249/490 248/248/487
f 251/251/491 258/258/492 257/257/493
f 257/257/493 248/248/494 251/251/491
f 250/250/495 263/263/496 258/258/497
f 258/258/497 251/251/498 250/250/495
f 312/312/499 255/255/500 265/265/501
f 265/265/501 313/313/502 312/312/499
f 311/311/503 252/252/504 255/255/505
f 255/255/505 312/312/506 311/311/503
f 314/314/507 256/256/508 252/252/509
f 252/252/509 311/311/510 314/314/507
f 313/313/511 265/265/512 256/256/513
f 256/256/513 314/314/514 313/313/511
f 316/316/515 265/265/516 264/264/517
f 264/264/517 317/317/518 316/316/515
f 315/315/519 256/256/520 265/265/521
f 265/265/521 316/316/522 315/315/519
f 318/318/523 257/257/524 256/256/525
f 256/256/525 315/315/526 318/318/523
f 317/317/527 264/264/528 257/257/527
f 257/257/527 318/318/529 317/317/527
f 320/320/530 259/259/531 258/258/532
f 258/258/532 321/321/533 320/320/530
f 319/319/534 261/261/535 259/259/536
f 259/259/536 320/320/537 319/319/534
f 322/322/538 263/263/539 261/261/540
f 261/261/540 319/319/541 322/322/538
f 321/321/542 258/258/543 263/263/544
f 263/263/544 322/322/545 321/321/542
f 289/289/546 275/275/546 271/271/546
f 271/271/547 294/294/547 289/289/547
f 288/288/548 270/270/548 275/275/548
f 275/275/549 289/289/549 288/288/549
f 292/292/550 268/268/550 270/270/550
f 270/270/551 288/288/551 292/292/551
f 294/294/552 271/271/552 268/268/553
f 268/268/553 292/292/553 294/294/552
f 290/290/554 305/305/554 304/304/554
f 304/304/555 287/287/555 290/290/555
f 293/293/556 310/310/556 305/305/556
f 305/305/557 290/290/557 293/293/557
f 291/291/558 308/308/559 310/310/560
f 310/310/560 293/293/561 291/291/558
f 287/287/562 304/304/562 308/308/562
f 308/308/563 291/291/563 287/287/563
f 284/284/564 271/271/564 275/275/564
f 275/275/565 280/280/565 284/284/565
f 286/286/566 273/273/567 271/271/568
f 271/271/568 284/284/569 286/286/566
f 281/281/570 274/274/570 273/273/570
f 273/273/571 286/286/571 281/281/571
f 280/280/572 275/275/573 274/274/574
f 274/274/574 281/281/575 280/280/572
f 282/282/576 297/297/576 296/296/576
f 296/296/577 279/279/577 282/282/577
f 285/285/578 302/302/578 297/297/578
f 297/297/579 282/282/579 285/285/579
f 283/283/580 300/300/581 302/302/582
f 302/302/582 285/285/583 283/283/580
f 279/279/584 296/296/584 300/300/584
f 300/300/585 283/283/585 279/279/585
f 323/323/203 324/324/203 325/325/203
f 325/325/203 326/326/203 323/323/203
f 95/95/204 327/327/204 328/328/204
f 328/328/204 96/96/204 95/95/204
f 329/329/586 330/330/586 328/328/586
f 328/328/587 327/327/587 329/329/587
f 323/323/206 331/331/206 102/102/206
f 102/102/206 101/101/206 323/323/206
f 331/331/588 323/323/588 326/326/589
f 326/326/589 332/332/589 331/331/588
f 327/327/206 95/95/206 105/105/206
f 105/105/206 325/325/206 327/327/206
f 327/327/590 325/325/590 324/324/591
f 324/324/591 329/329/591 327/327/590
f 333/333/592 334/334/592 335/335/592
f 335/335/593 336/336/593 333/333/593
f 337/337/213 338/338/213 339/339/213
f 339/339/213 340/340/213 337/337/213
f 338/338/214 341/341/214 342/342/214
f 342/342/214 339/339/214 338/338/214
f 343/343/215 344/344/215 345/345/215
f 345/345/215 346/346/215 343/343/215
f 346/346/216 345/345/216 347/347/216
f 347/347/216 348/348/216 346/346/216
f 347/347/217 337/337/217 340/340/217
f 340/340/217 348/348/217 347/347/217
f 349/349/214 350/350/214 351/351/214
f 351/351/214 352/352/214 349/349/214
f 353/353/215 354/354/215 355/355/215
f 355/355/215 356/356/215 353/353/215
f 356/356/216 355/355/216 357/357/216
f 357/357/216 358/358/216 356/356/216
f 357/357/217 359/359/217 360/360/217
f 360/360/217 358/358/217 357/357/217
f 359/359/213 349/349/213 352/352/213
f 352/352/213 360/360/213 359/359/213
f 269/269/221 361/361/221 336/336/221
f 336/336/594 335/335/594 269/269/594
f 262/262/595 247/247/595 246/246/596
f 246/246/596 245/245/596 272/272/597
f 246/246/596 272/272/597 260/260/598
f 262/262/595 246/246/596 260/260/598
f 253/253/599 362/362/599 363/363/599
f 363/363/599 364/364/599 254/254/600
f 253/253/599 363/363/599 254/254/600
f 345/345/601 344/344/601 341/341/601
f 338/338/601 337/337/601 347/347/601
f 341/341/601 338/338/601 347/347/601
f 345/345/601 341/341/601 347/347/601
f 362/362/602 365/365/602 353/353/602
f 362/362/602 353/353/602 356/356/602
f 362/362/602 356/356/602 358/358/602
f 362/362/602 358/358/602 360/360/602
f 351/351/602 366/366/602 363/363/602
f 352/352/602 351/351/602 363/363/602
f 360/360/602 352/352/602 363/363/602
f 362/362/602 360/360/602 363/363/602
f 354/354/601 350/350/601 349/349/601
f 354/354/601 349/349/601 359/359/601
f 359/359/601 357/357/601 355/355/601
f 354/354/601 359/359/601 355/355/601
f 367/367/229 141/141/229 140/140/229
f 367/367/229 140/140/229 262/262/229
f 267/267/229 367/367/229 262/262/229
f 368/368/229 367/367/229 267/267/229
f 267/267/229 266/266/229 368/368/229
f 144/144/229 369/369/229 370/370/229
f 370/370/229 145/145/229 144/144/229
f 371/371/229 372/372/229 370/370/229
f 370/370/229 369/369/229 371/371/229
f 150/150/230 373/373/230 374/374/230
f 374/374/230 151/151/230 150/150/230
f 375/375/603 376/376/603 374/374/603
f 374/374/603 373/373/603 375/375/603
f 141/141/233 367/367/233 369/369/233
f 369/369/233 144/144/233 141/141/233
f 368/368/604 371/371/604 369/369/605
f 369/369/605 367/367/605 368/368/604
f 373/373/606 370/370/606 372/372/607
f 372/372/607 375/375/607 373/373/606
f 375/375/233 372/372/233 157/157/233
f 157/157/233 156/156/233 375/375/233
f 364/364/239 377/377/239 378/378/239
f 378/378/239 254/254/239 364/364/239
f 160/160/239 254/254/239 378/378/239
f 378/378/239 161/161/239 160/160/239
f 377/377/608 379/379/608 380/380/609
f 380/380/609 378/378/609 377/377/608
f 378/378/242 380/380/242 164/164/242
f 164/164/242 161/161/242 378/378/242
f 379/379/610 381/381/610 382/382/611
f 382/382/611 380/380/611 379/379/610
f 165/165/612 162/162/612 164/164/612
f 383/383/612 165/165/612 164/164/612
f 384/384/612 383/383/612 164/164/612
f 382/382/612 384/384/612 164/164/612
f 380/380/612 382/382/612 164/164/612
f 385/385/602 343/343/602 346/346/602
f 385/385/602 346/346/602 348/348/602
f 334/334/602 385/385/602 348/348/602
f 334/334/602 348/348/602 340/340/602
f 386/386/602 334/334/602 340/340/602
f 386/386/602 340/340/602 339/339/602
f 386/386/602 339/339/602 342/342/602
f 387/387/602 386/386/602 342/342/602
f 386/386/599 278/278/599 277/277/599
f 277/277/601 269/269/601 335/335/601
f 386/386/613 277/277/613 335/335/613
f 386/386/614 335/335/614 334/334/614
f 388/388/615 389/389/616 390/390/602
f 390/390/602 391/391/615 388/388/615
f 391/391/617 390/390/618 392/392/619
f 392/392/619 393/393/620 391/391/617
f 394/394/621 395/395/622 396/396/623
f 396/396/623 397/397/624 394/394/621
f 396/396/625 398/398/626 399/399/627
f 399/399/627 397/397/628 396/396/625
f 276/276/629 395/395/629 394/394/629
f 394/394/629 253/253/629 276/276/629
f 253/253/630 394/394/630 397/397/630
f 397/397/631 362/362/631 253/253/631
f 362/362/632 397/397/632 399/399/632
f 399/399/633 365/365/633 362/362/633
f 365/365/634 399/399/634 398/398/634
f 398/398/635 400/400/635 365/365/635
f 400/400/636 398/398/636 396/396/636
f 396/396/637 401/401/637 400/400/637
f 401/401/638 396/396/639 395/395/640
f 395/395/640 276/276/641 401/401/638
f 400/400/635 389/389/635 388/388/642
f 388/388/642 387/387/642 400/400/635
f 387/387/643 388/388/643 391/391/643
f 391/391/644 386/386/644 387/387/644
f 386/386/645 391/391/645 393/393/645
f 393/393/646 278/278/646 386/386/646
f 278/278/629 393/393/629 392/392/629
f 392/392/629 276/276/629 278/278/629
f 276/276/647 392/392/648 390/390/649
f 390/390/649 401/401/650 276/276/647
f 401/401/651 390/390/651 389/389/651
f 389/389/652 400/400/652 401/401/652
f 333/333/653 402/402/654 403/403/655
f 403/403/655 334/334/656 333/333/653
f 334/334/657 403/403/658 404/404/659
f 404/404/659 385/385/660 334/334/657
f 385/385/661 404/404/661 405/405/661
f 405/405/662 406/406/662 385/385/662
f 406/406/663 405/405/663 190/190/663
f 190/190/299 189/189/298 406/406/298
f 402/402/664 407/407/665 408/408/666
f 408/408/666 403/403/667 402/402/664
f 403/403/667 408/408/666 409/409/668
f 409/409/668 404/404/669 403/403/667
f 404/404/669 409/409/668 410/410/670
f 410/410/670 405/405/671 404/404/669
f 190/190/672 405/405/673 410/410/674
f 410/410/674 195/195/675 190/190/672
f 407/407/676 411/411/676 412/412/676
f 412/412/677 408/408/677 407/407/677
f 408/408/678 412/412/678 413/413/678
f 413/413/679 409/409/679 408/408/679
f 409/409/680 413/413/680 414/414/680
f 414/414/681 410/410/681 409/409/681
f 195/195/321 410/410/682 414/414/683
f 414/414/683 200/200/322 195/195/321
f 201/201/325 415/415/684 416/416/685
f 416/416/685 202/202/326 201/201/325
f 417/417/686 418/418/686 419/419/686
f 419/419/687 420/420/687 417/417/687
f 420/420/688 419/419/689 416/416/685
f 416/416/685 415/415/684 420/420/688
f 209/209/333 421/421/333 422/422/333
f 422/422/333 210/210/333 209/209/333
f 423/423/690 424/424/690 425/425/690
f 425/425/691 426/426/691 423/423/691
f 426/426/692 425/425/692 422/422/692
f 422/422/693 421/421/693 426/426/693
f 217/217/339 364/364/694 415/415/695
f 415/415/695 201/201/340 217/217/339
f 366/366/696 417/417/696 420/420/696
f 420/420/697 363/363/697 366/366/697
f 363/363/698 420/420/698 415/415/698
f 415/415/699 364/364/699 363/363/699
f 421/421/700 416/416/700 419/419/700
f 419/419/701 426/426/701 421/421/701
f 426/426/702 419/419/702 418/418/702
f 418/418/703 423/423/703 426/426/703
f 423/423/704 418/418/704 219/219/704
f 219/219/351 218/218/351 423/423/351
f 361/361/203 269/269/203 332/332/203
f 220/220/203 361/361/705 332/332/203
f 221/221/203 220/220/203 332/332/203
f 424/424/706 223/223/356 222/222/355
f 222/222/355 425/425/707 424/424/706
f 222/222/357 210/210/360 422/422/708
f 422/422/708 425/425/709 222/222/357
f 336/336/361 225/225/361 224/224/361
f 224/224/361 333/333/361 336/336/361
f 262/262/362 140/140/362 7/7/362
f 7/7/362 247/247/362 262/262/362
f 227/227/363 226/226/363 3/3/363
f 3/3/363 246/246/363 227/227/363
f 2/2/203 102/102/203 331/331/203
f 332/332/203 269/269/203 245/245/203
f 331/331/203 332/332/203 245/245/203
f 2/2/203 331/331/203 245/245/203
f 325/325/203 105/105/203 231/231/203
f 231/231/203 326/326/203 325/325/203
f 101/101/203 232/232/203 324/324/203
f 324/324/203 323/323/203 101/101/203
f 233/233/367 234/234/367 330/330/367
f 330/330/367 329/329/367 233/233/367
f 326/326/369 231/231/368 221/221/368
f 221/221/368 332/332/369 326/326/369
f 324/324/368 232/232/369 233/233/369
f 233/233/369 329/329/368 324/324/368
f 160/160/229 235/235/229 368/368/229
f 160/160/229 368/368/229 266/266/229
f 160/160/229 266/266/229 254/254/229
f 236/236/229 157/157/229 372/372/229
f 372/372/229 371/371/229 236/236/229
f 156/156/370 237/237/370 376/376/370
f 376/376/370 375/375/370 156/156/370
f 235/235/372 236/236/372 371/371/372
f 371/371/372 368/368/372 235/235/372
f 373/373/372 150/150/372 145/145/372
f 145/145/372 370/370/372 373/373/372
f 217/217/239 238/238/239 377/377/239
f 377/377/239 364/364/239 217/217/239
f 377/377/373 238/238/373 239/239/373
f 239/239/373 379/379/373 377/377/373
f 239/239/710 163/163/711 166/166/711
f 239/239/710 166/166/711 427/427/711
f 239/239/710 427/427/711 428/428/710
f 239/239/711 428/428/711 381/381/711
f 239/239/711 381/381/711 379/379/711
f 333/333/712 224/224/377 240/240/376
f 240/240/376 402/402/713 333/333/712
f 402/402/714 240/240/379 241/241/379
f 241/241/715 407/407/715 402/402/715
f 241/241/381 242/242/384 411/411/716
f 411/411/717 407/407/717 241/241/717
f 243/243/387 219/219/387 418/418/718
f 418/418/719 417/417/719 243/243/719
f 218/218/388 223/223/388 424/424/388
f 424/424/388 423/423/388 218/218/388
f 244/244/391 243/243/391 417/417/720
f 417/417/721 366/366/721 244/244/721
f 421/421/392 209/209/395 202/202/394
f 202/202/394 416/416/722 421/421/392
f 228/228/723 10/10/723 12/12/723
f 12/12/723 229/229/723 228/228/723
f 14/14/723 15/15/723 230/230/723
f 230/230/723 13/13/723 14/14/723
f 166/166/239 165/165/239 383/383/239
f 383/383/239 427/427/239 166/166/239
f 382/382/239 381/381/239 428/428/239
f 428/428/239 384/384/239 382/382/239
f 429/429/227 430/430/227 431/431/227
f 429/429/227 431/431/227 432/432/227
f 433/433/227 429/429/227 432/432/227
f 433/433/227 432/432/227 434/434/227
f 435/435/227 433/433/227 434/434/227
f 435/435/227 434/434/227 436/436/227
f 437/437/227 435/435/227 436/436/227
f 437/437/227 436/436/227 438/438/227
f 439/439/227 437/437/227 438/438/227
f 439/439/227 438/438/227 440/440/227
f 441/441/227 439/439/227 440/440/227
f 441/441/227 440/440/227 442/442/227
f 443/443/227 441/441/227 442/442/227
f 443/443/227 442/442/227 444/444/227
f 445/445/227 443/443/227 444/444/227
f 445/445/227 444/444/227 446/446/227
f 447/447/227 445/445/227 446/446/227
f 447/447/227 446/446/227 448/448/227
f 449/449/227 447/447/227 448/448/227
f 449/449/227 448/448/227 450/450/227
f 451/451/227 449/449/227 450/450/227
f 451/451/227 450/450/227 452/452/227
f 453/453/227 451/451/227 452/452/227
f 453/453/227 452/452/227 454/454/227
f 455/455/227 453/453/227 454/454/227
f 455/455/227 454/454/227 456/456/227
f 457/457/227 455/455/227 456/456/227
f 457/457/227 456/456/227 458/458/227
f 459/459/227 457/457/227 458/458/227
f 459/459/227 458/458/227 460/460/227
f 461/461/227 459/459/227 460/460/227
f 461/461/227 460/460/227 462/462/227
f 463/463/227 461/461/227 462/462/227
f 463/463/227 462/462/227 464/464/227
f 430/430/227 463/463/227 464/464/227
f 430/430/227 464/464/227 431/431/227
f 465/465/724 466/466/725 467/467/725
f 467/467/725 468/468/724 465/465/724
f 469/469/726 470/470/726 467/467/726
f 467/467/726 466/466/726 469/469/726
f 471/471/727 472/472/728 473/473/728
f 473/473/728 474/474/727 471/471/727
f 472/472/729 475/475/729 476/476/729
f 476/476/729 473/473/729 472/472/729
f 477/477/730 478/478/731 479/479/731
f 479/479/731 480/480/730 477/477/730
f 481/481/732 482/482/732 479/479/732
f 479/479/732 478/478/732 481/481/732
f 483/483/733 484/484/733 485/485/733
f 485/485/733 486/486/733 483/483/733
f 487/487/734 488/488/735 489/489/735
f 489/489/735 490/490/734 487/487/734
f 491/491/736 492/492/736 493/493/736
f 493/493/736 494/494/736 491/491/736
f 495/495/737 496/496/737 497/497/737
f 497/497/737 498/498/737 495/495/737
f 499/499/738 500/500/738 497/497/738
f 497/497/738 496/496/738 499/499/738
f 501/501/739 502/502/739 503/503/739
f 503/503/739 504/504/739 501/501/739
f 505/505/740 506/506/741 507/507/742
f 507/507/742 508/508/740 505/505/740
f 506/506/743 509/509/743 510/510/743
f 510/510/743 507/507/743 506/506/743
f 505/505/744 466/466/744 435/435/744
f 435/435/744 437/437/744 505/505/744
f 466/466/745 465/465/745 433/433/745
f 433/433/745 435/435/745 466/466/745
f 465/465/746 472/472/747 429/429/747
f 429/429/747 433/433/746 465/465/746
f 472/472/748 471/471/749 430/430/749
f 430/430/749 429/429/748 472/472/748
f 471/471/750 478/511/751 463/463/751
f 463/463/751 430/430/750 471/471/750
f 478/511/752 477/512/752 461/461/752
f 461/461/752 463/463/752 478/511/752
f 477/512/753 484/513/754 459/459/754
f 459/459/754 461/461/753 477/512/753
f 484/513/755 483/483/755 457/457/755
f 457/457/755 459/459/756 484/513/755
f 483/483/757 488/488/757 455/455/757
f 455/455/757 457/457/757 483/483/757
f 488/488/758 487/487/759 453/453/758
f 453/453/758 455/455/758 488/488/758
f 487/487/760 492/492/760 451/451/760
f 451/451/760 453/453/760 487/487/760
f 492/492/761 491/491/762 449/449/762
f 449/449/762 451/451/761 492/492/761
f 491/491/763 496/496/763 447/447/763
f 447/447/763 449/449/763 491/491/763
f 496/496/764 495/495/765 445/445/764
f 445/445/764 447/447/764 496/496/764
f 495/495/766 502/502/767 443/443/767
f 443/443/767 445/445/766 495/495/766
f 502/502/768 501/501/769 441/441/769
f 441/441/769 443/443/768 502/502/768
f 501/501/770 506/506/771 439/439/771
f 439/439/771 441/441/770 501/501/770
f 506/506/772 505/505/772 437/437/772
f 437/437/772 439/439/772 506/506/772
f 511/514/758 512/515/758 438/438/758
f 438/438/758 436/436/758 511/514/758
f 512/515/757 513/516/757 440/440/757
f 440/440/757 438/438/757 512/515/757
f 513/516/755 514/517/773 442/442/755
f 442/442/755 440/440/755 513/516/755
f 514/517/754 515/518/754 444/444/754
f 444/444/754 442/442/754 514/517/754
f 515/518/752 516/519/752 446/446/752
f 446/446/752 444/444/752 515/518/752
f 516/519/750 517/520/750 448/448/750
f 448/448/750 446/446/750 516/519/750
f 517/520/748 518/521/748 450/450/748
f 450/450/748 448/448/748 517/520/748
f 518/521/747 519/522/747 452/452/747
f 452/452/747 450/450/746 518/521/747
f 519/522/745 520/523/745 454/454/745
f 454/454/745 452/452/745 519/522/745
f 520/523/744 521/524/774 456/456/774
f 456/456/774 454/454/744 520/523/744
f 521/524/775 522/525/772 458/458/772
f 458/458/772 456/456/775 521/524/775
f 522/525/770 523/526/771 460/460/771
f 460/460/771 458/458/770 522/525/770
f 523/526/776 524/527/769 462/462/769
f 462/462/769 460/460/776 523/526/776
f 524/527/767 525/528/767 464/464/767
f 464/464/767 462/462/767 524/527/767
f 525/528/764 526/529/777 431/431/777
f 431/431/777 464/464/764 525/528/764
f 526/529/763 527/530/763 432/432/763
f 432/432/763 431/431/763 526/529/763
f 527/530/778 528/531/761 434/434/761
f 434/434/761 432/432/778 527/530/778
f 528/531/760 511/514/760 436/436/760
f 436/436/760 434/434/760 528/531/760
f 505/505/779 529/532/779 469/469/779
f 469/469/779 466/466/779 505/505/779
f 472/472/780 465/465/780 530/533/780
f 530/533/780 475/475/780 472/472/780
f 474/474/781 473/473/781 476/476/781
f 476/476/781 531/534/781 474/474/781
f 488/488/782 483/483/782 532/535/782
f 532/535/782 533/536/782 488/488/782
f 492/492/783 487/487/783 534/537/783
f 534/537/783 535/538/783 492/492/783
f 491/491/784 536/539/784 499/499/784
f 499/499/784 496/496/784 491/491/784
f 477/477/785 480/480/785 537/540/785
f 537/540/785 538/541/785 477/477/785
f 486/486/786 539/542/786 532/535/786
f 532/535/786 483/483/786 486/486/786
f 490/490/787 540/543/788 534/537/788
f 534/537/788 487/487/787 490/490/787
f 498/498/789 541/544/789 542/545/789
f 542/545/789 495/495/789 498/498/789
f 504/504/790 543/546/791 544/547/790
f 544/547/790 501/501/790 504/504/790
f 545/548/601 546/549/601 547/550/601
f 546/549/601 545/548/601 548/551/601
f 549/552/601 546/549/601 548/551/601
f 549/552/601 548/551/601 550/553/601
f 551/554/601 549/552/601 550/553/601
f 551/554/601 550/553/601 552/555/601
f 553/556/601 551/554/601 552/555/601
f 553/556/601 552/555/601 554/557/601
f 555/558/601 553/556/601 554/557/601
f 555/558/601 554/557/601 556/559/601
f 557/560/601 555/558/601 556/559/601
f 557/560/601 556/559/601 558/561/601
f 559/562/601 557/560/601 558/561/601
f 559/562/601 558/561/601 560/563/601
f 561/564/601 559/562/601 560/563/601
f 561/564/601 560/563/601 562/565/601
f 563/566/601 561/564/601 562/565/601
f 563/566/601 562/565/601 564/567/601
f 565/568/601 563/566/601 564/567/601
f 565/568/601 564/567/601 566/569/601
f 567/570/601 565/568/601 566/569/601
f 567/570/601 566/569/601 568/571/601
f 569/572/601 567/570/601 568/571/601
f 569/572/601 568/571/601 570/573/601
f 571/574/601 569/572/601 570/573/601
f 571/574/601 570/573/601 572/575/601
f 573/576/601 571/574/601 572/575/601
f 573/576/601 572/575/601 574/577/601
f 575/578/601 573/576/601 574/577/601
f 575/578/601 574/577/601 576/579/601
f 577/580/601 575/578/601 576/579/601
f 577/580/601 576/579/601 578/581/601
f 579/582/601 577/580/601 578/581/601
f 579/582/601 578/581/601 580/583/601
f 547/550/601 579/582/601 580/583/601
f 545/548/601 547/550/601 580/583/601
f 530/533/792 581/584/792 470/470/793
f 470/470/793 469/469/793 530/533/792
f 582/585/794 531/534/794 476/476/795
f 476/476/795 475/475/795 582/585/794
f 538/541/796 537/540/796 482/482/796
f 482/482/796 481/481/796 538/541/796
f 532/535/797 539/542/797 583/586/798
f 583/586/798 584/587/798 532/535/797
f 583/586/799 485/485/799 484/484/799
f 484/484/799 584/587/799 583/586/799
f 534/537/800 540/543/800 585/588/800
f 585/588/800 533/536/801 534/537/800
f 585/588/802 489/489/802 488/488/802
f 488/488/802 533/536/802 585/588/802
f 536/539/803 586/589/803 587/590/803
f 587/590/803 535/538/803 536/539/803
f 587/590/804 493/493/805 492/492/805
f 492/492/805 535/538/804 587/590/804
f 542/545/806 541/544/806 500/500/806
f 500/500/806 499/499/806 542/545/806
f 544/547/807 543/546/807 588/591/807
f 588/591/807 589/592/807 544/547/807
f 588/591/808 503/503/808 502/502/808
f 502/502/808 589/592/809 588/591/808
f 529/532/810 590/593/810 510/510/810
f 510/510/810 509/509/810 529/532/810
f 529/532/811 554/557/811 552/555/812
f 552/555/812 469/469/812 529/532/811
f 469/469/813 552/555/813 550/553/813
f 550/553/813 530/533/813 469/469/813
f 530/533/814 550/553/814 548/551/814
f 548/551/814 475/475/815 530/533/814
f 475/475/816 548/551/816 545/548/816
f 545/548/816 582/585/816 475/475/816
f 582/585/817 545/548/817 580/583/818
f 580/583/818 481/594/819 582/585/817
f 481/594/820 580/583/820 578/581/821
f 578/581/821 538/595/821 481/594/820
f 538/595/822 578/581/822 576/579/823
f 576/579/823 584/596/823 538/595/822
f 584/596/824 576/579/824 574/577/824
f 574/577/824 532/535/824 584/596/824
f 532/535/825 574/577/825 572/575/826
f 572/575/826 533/536/826 532/535/825
f 533/536/827 572/575/827 570/573/827
f 570/573/827 534/537/827 533/536/827
f 534/537/828 570/573/828 568/571/828
f 568/571/828 535/538/828 534/537/828
f 535/538/829 568/571/829 566/569/830
f 566/569/830 536/539/831 535/538/829
f 536/539/832 566/569/833 564/567/832
f 564/567/832 499/499/832 536/539/832
f 499/499/834 564/567/834 562/565/835
f 562/565/835 542/545/835 499/499/834
f 542/545/836 562/565/836 560/563/836
f 560/563/836 589/592/836 542/545/836
f 589/592/837 560/563/837 558/561/838
f 558/561/838 544/547/838 589/592/837
f 544/547/839 558/561/839 556/559/840
f 556/559/840 509/509/840 544/547/839
f 509/509/841 556/559/841 554/557/841
f 554/557/841 529/532/841 509/509/841
f 591/597/827 553/556/827 555/558/827
f 555/558/842 592/598/842 591/597/842
f 592/598/826 555/558/826 557/560/826
f 557/560/825 593/599/825 592/598/825
f 593/599/843 557/560/843 559/562/843
f 559/562/824 594/600/824 593/599/824
f 594/600/822 559/562/822 561/564/822
f 561/564/823 595/601/823 594/600/823
f 595/601/821 561/564/821 563/566/821
f 563/566/820 596/602/820 595/601/820
f 596/602/817 563/566/817 565/568/817
f 565/568/819 597/603/819 596/602/819
f 597/603/816 565/568/816 567/570/816
f 567/570/816 598/604/816 597/603/816
f 598/604/814 567/570/814 569/572/814
f 569/572/815 599/605/815 598/604/815
f 599/605/844 569/572/844 571/574/844
f 571/574/844 600/606/844 599/605/844
f 600/606/845 571/574/845 573/576/845
f 573/576/846 601/607/846 600/606/846
f 601/607/847 573/576/847 575/578/847
f 575/578/848 602/608/848 601/607/848
f 602/608/849 575/578/849 577/580/849
f 577/580/849 603/609/849 602/608/849
f 603/609/837 577/580/837 579/582/837
f 579/582/838 604/610/838 603/609/838
f 604/610/836 579/582/836 547/550/836
f 547/550/836 605/611/836 604/610/836
f 605/611/834 547/550/834 546/549/834
f 546/549/850 606/612/850 605/611/850
f 606/612/833 546/549/833 549/552/833
f 549/552/833 607/613/833 606/612/833
f 607/613/830 549/552/830 551/554/830
f 551/554/829 608/614/829 607/613/829
f 608/614/828 551/554/828 553/556/828
f 553/556/851 591/597/851 608/614/851
f 468/468/852 467/467/852 470/470/852
f 470/470/852 581/584/852 468/468/852
f 471/471/239 582/585/239 481/481/239
f 481/481/239 478/478/239 471/471/239
f 479/479/853 482/482/853 537/540/853
f 537/540/853 480/480/853 479/479/853
f 477/477/854 538/541/854 584/587/854
f 584/587/854 484/484/854 477/477/854
f 485/485/855 583/586/855 539/542/855
f 539/542/855 486/486/855 485/485/855
f 489/489/856 585/588/857 540/543/857
f 540/543/857 490/490/856 489/489/856
f 494/494/858 493/493/858 587/590/858
f 587/590/858 586/589/858 494/494/858
f 497/497/217 500/500/217 541/544/217
f 541/544/217 498/498/217 497/497/217
f 502/502/859 495/495/859 542/545/859
f 542/545/859 589/592/859 502/502/859
f 503/503/860 588/591/860 543/546/860
f 543/546/860 504/504/860 503/503/860
f 506/506/861 501/501/861 544/547/861
f 544/547/861 509/509/861 506/506/861
f 508/508/862 507/507/862 510/510/862
f 510/510/862 590/593/863 508/508/862
f 468/468/864 581/584/864 530/533/864
f 530/533/864 465/465/864 468/468/864
f 471/471/865 474/474/865 531/534/865
f 531/534/865 582/585/865 471/471/865
f 491/491/866 494/494/866 586/589/866
f 586/589/866 536/539/866 491/491/866
f 505/505/867 508/508/867 590/593/867
f 590/593/867 529/532/867 505/505/867
f 609/615/601 610/616/601 611/617/601
f 611/617/601 612/618/868 613/619/601
f 609/615/601 611/617/601 613/619/601
f 614/620/869 609/615/601 613/619/601
f 613/619/870 612/618/871 615/621/870
f 615/621/870 616/622/872 613/619/870
f 612/618/873 611/617/873 617/623/873
f 617/623/873 615/621/873 612/618/873
f 611/617/874 610/616/874 618/624/874
f 618/624/874 617/623/875 611/617/874
f 610/616/876 609/615/876 619/625/876
f 619/625/876 618/624/876 610/616/876
f 609/615/877 614/620/877 620/626/877
f 620/626/877 619/625/878 609/615/877
f 614/620/879 613/619/879 616/622/879
f 616/622/879 620/626/879 614/620/879
f 621/627/227 622/628/227 623/629/227
f 623/629/227 624/630/227 625/631/227
f 621/627/227 623/629/227 625/631/227
f 626/632/227 621/627/227 625/631/227
f 616/622/880 615/621/881 627/633/882
f 627/633/882 628/634/883 616/622/880
f 615/621/884 617/623/885 629/635/885
f 629/635/885 627/633/884 615/621/884
f 617/623/886 618/624/887 630/636/887
f 630/636/887 629/635/888 617/623/886
f 618/624/889 619/625/890 631/637/890
f 631/637/890 630/636/889 618/624/889
f 619/625/891 620/626/892 632/638/892
f 632/638/892 631/637/891 619/625/891
f 620/626/893 616/622/894 628/634/894
f 628/634/894 632/638/895 620/626/893
f 628/634/896 627/633/897 622/628/897
f 622/628/897 621/627/898 628/634/896
f 627/633/899 629/635/900 623/629/901
f 623/629/901 622/628/902 627/633/899
f 629/635/903 630/636/904 624/630/904
f 624/630/904 623/629/905 629/635/903
f 630/636/906 631/637/907 625/631/907
f 625/631/907 624/630/906 630/636/906
f 631/637/908 632/638/909 626/632/909
f 626/632/909 625/631/910 631/637/908
f 632/638/911 628/634/912 621/627/912
f 621/627/912 626/632/913 632/638/911
f 633/639/227 634/640/227 635/641/227
f 635/641/227 636/642/227 637/643/227
f 637/643/227 638/644/227 639/645/227
f 635/641/227 637/643/227 639/645/227
f 639/645/227 640/646/227 641/647/227
f 641/647/227 642/648/227 643/649/227
f 639/645/227 641/647/227 643/649/227
f 643/649/227 644/650/227 645/651/227
f 645/651/227 646/652/227 647/653/227
f 643/649/227 645/651/227 647/653/227
f 639/645/227 643/649/227 647/653/227
f 635/641/227 639/645/227 647/653/227
f 647/653/227 648/654/227 649/655/227
f 635/641/227 647/653/227 649/655/227
f 633/639/227 635/641/227 649/655/227
f 650/656/227 633/639/227 649/655/227
f 651/657/227 652/658/914 653/659/914
f 651/657/227 653/659/914 654/660/915
f 655/661/227 651/657/227 654/660/915
f 655/661/227 654/660/915 656/662/227
f 657/663/915 655/661/227 656/662/227
f 657/663/915 656/662/227 658/664/915
f 659/665/227 657/663/915 658/664/915
f 659/665/227 658/664/915 660/666/227
f 661/667/227 659/665/227 660/666/227
f 661/667/227 660/666/227 662/668/227
f 663/669/246 661/667/227 662/668/227
f 663/669/246 662/668/227 664/670/227
f 665/671/227 663/669/246 664/670/227
f 665/671/227 664/670/227 666/672/227
f 667/673/227 665/671/227 666/672/227
f 667/673/227 666/672/227 668/674/227
f 669/675/916 667/673/227 668/674/227
f 669/675/916 668/674/227 670/676/916
f 671/677/227 669/675/916 670/676/916
f 671/677/227 670/676/916 672/678/246
f 673/679/227 671/677/227 672/678/246
f 673/679/227 672/678/246 674/680/227
f 675/681/227 673/679/227 674/680/227
f 675/681/227 674/680/227 676/682/227
f 677/683/227 675/681/227 676/682/227
f 677/683/227 676/682/227 678/684/227
f 679/685/227 677/683/227 678/684/227
f 679/685/227 678/684/227 680/686/227
f 681/687/915 679/685/227 680/686/227
f 681/687/915 680/686/227 682/688/915
f 683/689/227 681/687/915 682/688/915
f 683/689/227 682/688/915 684/690/227
f 685/691/227 683/689/227 684/690/227
f 685/691/227 684/690/227 686/692/227
f 652/658/914 685/691/227 686/692/227
f 652/658/914 686/692/227 653/659/914
f 662/668/857 660/666/857 634/640/857
f 634/640/857 633/639/857 662/668/857
f 660/666/783 658/664/783 635/641/783
f 635/641/783 634/640/783 660/666/783
f 658/664/858 656/662/858 636/642/858
f 636/642/858 635/641/858 658/664/858
f 656/662/784 654/660/784 637/643/784
f 637/643/784 636/642/784 656/662/784
f 654/660/217 653/659/217 638/644/217
f 638/644/217 637/643/217 654/660/217
f 653/659/859 686/692/859 639/645/859
f 639/645/859 638/644/859 653/659/859
f 686/692/860 684/690/860 640/646/860
f 640/646/860 639/645/860 686/692/860
f 684/690/861 682/688/861 641/647/861
f 641/647/861 640/646/861 684/690/861
f 682/688/862 680/686/862 642/648/862
f 642/648/862 641/647/862 682/688/862
f 680/686/779 678/684/779 643/649/779
f 643/649/779 642/648/779 680/686/779
f 678/684/852 676/682/852 644/650/852
f 644/650/852 643/649/852 678/684/852
f 676/682/780 674/680/780 645/651/780
f 645/651/780 644/650/780 676/682/780
f 674/680/781 672/678/781 646/652/781
f 646/652/781 645/651/781 674/680/781
f 672/678/239 670/676/239 647/653/239
f 647/653/239 646/652/239 672/678/239
f 670/676/853 668/674/853 648/654/853
f 648/654/853 647/653/853 670/676/853
f 668/674/854 666/672/854 649/655/854
f 649/655/854 648/654/854 668/674/854
f 666/672/855 664/670/855 650/656/855
f 650/656/855 649/655/855 666/672/855
f 664/670/782 662/668/782 633/639/782
f 633/639/782 650/656/782 664/670/782
f 687/693/601 688/694/601 689/695/601
f 689/695/601 690/696/869 691/697/601
f 691/697/601 692/698/601 693/699/601
f 689/695/601 691/697/601 693/699/601
f 693/699/601 694/700/601 695/701/601
f 695/701/601 696/702/601 697/703/601
f 693/699/601 695/701/601 697/703/601
f 697/703/601 698/704/601 699/705/601
f 699/705/601 700/706/869 701/707/601
f 697/703/601 699/705/601 701/707/601
f 693/699/601 697/703/601 701/707/601
f 689/695/601 693/699/601 701/707/601
f 701/707/601 702/708/601 703/709/601
f 689/695/601 701/707/601 703/709/601
f 687/693/601 689/695/601 703/709/601
f 704/710/601 687/693/601 703/709/601
f 705/711/917 706/712/917 659/665/917
f 659/665/917 661/667/917 705/711/917
f 706/712/852 707/713/852 657/663/852
f 657/663/852 659/665/852 706/712/852
f 707/713/918 708/714/918 655/661/918
f 655/661/918 657/663/918 707/713/918
f 708/714/781 709/715/781 651/657/781
f 651/657/781 655/661/781 708/714/781
f 709/715/239 710/716/239 652/658/239
f 652/658/239 651/657/239 709/715/239
f 710/716/853 711/717/853 685/691/853
f 685/691/853 652/658/853 710/716/853
f 711/717/919 712/718/919 683/689/919
f 683/689/919 685/691/919 711/717/919
f 712/718/855 713/719/855 681/687/855
f 681/687/855 683/689/855 712/718/855
f 713/719/782 714/720/920 679/685/920
f 679/685/920 681/687/782 713/719/782
f 714/720/857 715/721/856 677/683/856
f 677/683/856 679/685/857 714/720/857
f 715/721/783 716/722/783 675/681/783
f 675/681/783 677/683/783 715/721/783
f 716/722/921 717/723/921 673/679/921
f 673/679/921 675/681/921 716/722/921
f 717/723/784 718/724/784 671/677/784
f 671/677/784 673/679/784 717/723/784
f 718/724/217 719/725/217 669/675/217
f 669/675/217 671/677/217 718/724/217
f 719/725/859 720/726/859 667/673/859
f 667/673/859 669/675/859 719/725/859
f 720/726/922 721/727/922 665/671/922
f 665/671/922 667/673/922 720/726/922
f 721/727/861 722/728/861 663/669/861
f 663/669/861 665/671/861 721/727/861
f 722/728/863 705/711/863 661/667/863
f 661/667/863 663/669/863 722/728/863
f 723/729/227 724/730/227 725/731/227
f 725/731/227 726/732/227 723/729/227
f 727/733/923 728/734/924 724/730/924
f 724/730/924 723/729/925 727/733/923
f 729/735/601 730/736/601 728/734/601
f 728/734/601 727/733/601 729/735/601
f 726/732/926 725/731/927 730/736/927
f 730/736/927 729/735/926 726/732/926
f 731/737/928 732/738/929 733/739/928
f 733/739/928 734/740/928 731/737/928
f 735/741/930 727/733/930 723/729/930
f 723/729/931 736/742/931 735/741/931
f 737/743/932 729/735/933 727/733/932
f 727/733/932 735/741/932 737/743/932
f 738/744/934 726/732/934 729/735/934
f 729/735/935 737/743/935 738/744/935
f 739/745/936 731/737/936 734/740/936
f 734/740/936 740/746/936 739/745/936
f 741/747/937 735/741/937 736/742/937
f 736/742/938 742/748/938 741/747/938
f 743/749/939 737/743/939 735/741/939
f 735/741/939 741/747/939 743/749/939
f 744/750/940 738/744/940 737/743/940
f 737/743/941 743/749/941 744/750/941
f 728/734/861 730/736/861 725/731/861
f 725/731/861 724/730/942 728/734/861
f 744/750/943 743/749/943 741/747/944
f 741/747/944 742/748/944 744/750/943
f 723/729/945 726/732/946 733/739/946
f 733/739/946 732/738/947 723/729/945
f 726/732/948 738/744/948 734/740/948
f 734/740/949 733/739/949 726/732/949
f 738/744/950 744/750/950 740/746/950
f 740/746/951 734/740/951 738/744/951
f 744/750/952 742/748/953 739/745/953
f 739/745/953 740/746/952 744/750/952
f 742/748/954 736/742/954 731/737/954
f 731/737/955 739/745/955 742/748/955
f 736/742/956 723/729/956 732/738/956
f 732/738/957 731/737/957 736/742/957
f 745/751/227 746/752/227 747/753/227
f 747/753/227 748/754/227 745/751/227
f 749/755/958 750/756/958 746/752/958
f 746/752/958 745/751/958 749/755/958
f 751/757/601 752/758/869 750/756/601
f 750/756/601 749/755/601 751/757/601
f 748/754/959 747/753/960 752/758/959
f 752/758/959 751/757/959 748/754/959
f 753/759/961 754/760/961 755/761/961
f 755/761/961 756/762/961 753/759/961
f 757/763/962 749/755/962 745/751/962
f 745/751/963 758/764/963 757/763/963
f 759/765/964 751/757/965 749/755/965
f 749/755/965 757/763/964 759/765/964
f 760/766/966 748/754/966 751/757/966
f 751/757/967 759/765/967 760/766/967
f 761/767/968 753/759/968 756/762/968
f 756/762/968 762/768/968 761/767/968
f 763/769/969 757/763/969 758/764/969
f 758/764/970 764/770/970 763/769/970
f 765/771/971 759/765/971 757/763/971
f 757/763/971 763/769/971 765/771/971
f 766/772/972 760/766/972 759/765/972
f 759/765/973 765/771/973 766/772/973
f 750/756/217 752/758/217 747/753/217
f 747/753/217 746/752/217 750/756/217
f 766/772/974 765/771/974 763/769/974
f 763/769/974 764/770/974 766/772/974
f 745/751/975 748/754/976 755/761/977
f 755/761/977 754/760/975 745/751/975
f 748/754/978 760/766/978 756/762/978
f 756/762/979 755/761/979 748/754/979
f 760/766/980 766/772/980 762/768/980
f 762/768/981 756/762/981 760/766/981
f 766/772/982 764/770/982 761/767/982
f 761/767/982 762/768/982 766/772/982
f 764/770/983 758/764/983 753/759/983
f 753/759/984 761/767/984 764/770/984
f 758/764/985 745/751/985 754/760/985
f 754/760/986 753/759/986 758/764/986
f 767/773/227 768/774/227 769/775/227
f 769/775/227 770/776/227 767/773/227
f 771/777/987 772/778/987 768/774/987
f 768/774/987 767/773/988 771/777/987
f 773/779/601 774/780/601 772/778/601
f 772/778/601 771/777/601 773/779/601
f 770/776/989 769/775/990 774/780/991
f 774/780/991 773/779/989 770/776/989
f 775/781/992 776/782/992 777/783/992
f 777/783/992 778/784/992 775/781/992
f 779/785/993 771/777/993 767/773/993
f 767/773/994 780/786/994 779/785/994
f 781/787/995 773/779/996 771/777/995
f 771/777/995 779/785/995 781/787/995
f 782/788/997 770/776/997 773/779/997
f 773/779/998 781/787/998 782/788/998
f 783/789/999 775/781/999 778/784/999
f 778/784/999 784/790/999 783/789/999
f 785/791/1000 779/785/1000 780/786/1000
f 780/786/1001 786/792/1001 785/791/1001
f 787/793/1002 781/787/1002 779/785/1002
f 779/785/1002 785/791/1002 787/793/1002
f 788/794/1003 782/788/1003 781/787/1003
f 781/787/1004 787/793/1004 788/794/1004
f 772/778/852 774/780/852 769/775/852
f 769/775/852 768/774/1005 772/778/852
f 788/794/1006 787/793/1006 785/791/1006
f 785/791/1006 786/792/1006 788/794/1006
f 767/773/1007 770/776/1008 777/783/1009
f 777/783/1009 776/782/1010 767/773/1007
f 770/776/1011 782/788/1011 778/784/1011
f 778/784/1012 777/783/1012 770/776/1012
f 782/788/1013 788/794/1013 784/790/1013
f 784/790/1014 778/784/1014 782/788/1014
f 788/794/1015 786/792/1016 783/789/1016
f 783/789/1016 784/790/1015 788/794/1015
f 786/792/1017 780/786/1017 775/781/1017
f 775/781/1018 783/789/1018 786/792/1018
f 780/786/1019 767/773/1019 776/782/1019
f 776/782/1020 775/781/1020 780/786/1020
f 789/795/227 790/796/227 791/797/227
f 791/797/227 792/798/227 789/795/227
f 793/799/1021 794/800/1021 790/796/1021
f 790/796/1021 789/795/1022 793/799/1021
f 795/801/601 796/802/601 794/800/601
f 794/800/601 793/799/601 795/801/601
f 792/798/1023 791/797/1023 796/802/1023
f 796/802/1023 795/801/1023 792/798/1023
f 797/803/1024 798/804/1024 799/805/1024
f 799/805/1024 800/806/1024 797/803/1024
f 801/807/1025 793/799/1025 789/795/1025
f 789/795/1026 802/808/1026 801/807/1026
f 803/809/1027 795/801/1028 793/799/1027
f 793/799/1027 801/807/1029 803/809/1027
f 804/810/1030 792/798/1030 795/801/1030
f 795/801/1031 803/809/1031 804/810/1031
f 805/811/1032 797/803/1032 800/806/1032
f 800/806/1032 806/812/1032 805/811/1032
f 807/813/1033 801/807/1033 802/808/1033
f 802/808/1034 808/814/1034 807/813/1034
f 809/815/1035 803/809/1035 801/807/1035
f 801/807/1035 807/813/1035 809/815/1035
f 810/816/1036 804/810/1036 803/809/1036
f 803/809/1037 809/815/1037 810/816/1037
f 794/800/239 796/802/239 791/797/239
f 791/797/239 790/796/239 794/800/239
f 810/816/1038 809/815/1038 807/813/1038
f 807/813/1038 808/814/1038 810/816/1038
f 789/795/1039 792/798/1040 799/805/1040
f 799/805/1040 798/804/1039 789/795/1039
f 792/798/1041 804/810/1041 800/806/1041
f 800/806/1042 799/805/1042 792/798/1042
f 804/810/1043 810/816/1043 806/812/1043
f 806/812/1044 800/806/1044 804/810/1044
f 810/816/1045 808/814/1045 805/811/1045
f 805/811/1045 806/812/1045 810/816/1045
f 808/814/1046 802/808/1046 797/803/1046
f 797/803/1047 805/811/1047 808/814/1047
f 802/808/1048 789/795/1048 798/804/1048
f 798/804/1049 797/803/1049 802/808/1049
f 811/817/227 812/818/227 813/819/227
f 813/819/227 814/820/227 811/817/227
f 815/821/1050 816/822/1051 812/818/1051
f 812/818/1051 811/817/1052 815/821/1050
f 817/823/601 818/824/601 816/822/601
f 816/822/601 815/821/601 817/823/601
f 814/820/1053 813/819/1054 818/824/1053
f 818/824/1053 817/823/1053 814/820/1053
f 819/825/1055 820/826/1056 821/827/1056
f 821/827/1056 822/828/1055 819/825/1055
f 823/829/1057 815/821/1057 811/817/1057
f 811/817/1058 824/830/1058 823/829/1058
f 825/831/1059 817/823/1060 815/821/1059
f 815/821/1059 823/829/1059 825/831/1059
f 826/832/1061 814/820/1061 817/823/1061
f 817/823/1062 825/831/1062 826/832/1062
f 827/833/1063 819/825/1063 822/828/1063
f 822/828/1063 828/834/1063 827/833/1063
f 829/835/1064 823/829/1064 824/830/1064
f 824/830/1065 830/836/1065 829/835/1065
f 831/837/1066 825/831/1066 823/829/1066
f 823/829/1066 829/835/1066 831/837/1066
f 832/838/1067 826/832/1067 825/831/1067
f 825/831/1068 831/837/1068 832/838/1068
f 816/822/855 818/824/855 813/819/855
f 813/819/855 812/818/1069 816/822/855
f 832/838/1070 831/837/1070 829/835/1071
f 829/835/1071 830/836/1071 832/838/1070
f 811/817/1072 814/820/1073 821/827/1073
f 821/827/1073 820/826/1072 811/817/1072
f 814/820/1074 826/832/1074 822/828/1074
f 822/828/1075 821/827/1075 814/820/1075
f 826/832/1076 832/838/1076 828/834/1076
f 828/834/1077 822/828/1077 826/832/1077
f 832/838/1078 830/836/1079 827/833/1079
f 827/833/1079 828/834/1080 832/838/1078
f 830/836/1081 824/830/1081 819/825/1081
f 819/825/1082 827/833/1082 830/836/1082
f 824/830/1083 811/817/1083 820/826/1083
f 820/826/1084 819/825/1084 824/830/1084
f 833/839/227 834/840/227 835/841/227
f 835/841/227 836/842/227 833/839/227
f 837/843/1085 838/844/1086 834/840/1086
f 834/840/1086 833/839/1085 837/843/1085
f 839/845/601 840/846/601 838/844/601
f 838/844/601 837/843/601 839/845/601
f 836/842/1087 835/841/1088 840/846/1089
f 840/846/1089 839/845/1087 836/842/1087
f 841/847/1090 842/848/1091 843/849/1090
f 843/849/1090 844/850/1090 841/847/1090
f 845/851/1092 837/843/1092 833/839/1092
f 833/839/1093 846/852/1093 845/851/1093
f 847/853/1094 839/845/1095 837/843/1095
f 837/843/1095 845/851/1094 847/853/1094
f 848/854/1096 836/842/1096 839/845/1096
f 839/845/1097 847/853/1097 848/854/1097
f 849/855/1098 841/847/1098 844/850/1098
f 844/850/1098 850/856/1098 849/855/1098
f 851/857/1099 845/851/1099 846/852/1099
f 846/852/1100 852/858/1100 851/857/1100
f 853/859/1101 847/853/1101 845/851/1101
f 845/851/1101 851/857/1101 853/859/1101
f 854/860/1102 848/854/1102 847/853/1102
f 847/853/1103 853/859/1103 854/860/1103
f 838/844/783 840/846/1104 835/841/783
f 835/841/783 834/840/783 838/844/783
f 854/860/1105 853/859/1105 851/857/1106
f 851/857/1106 852/858/1106 854/860/1105
f 833/839/1107 836/842/1108 843/849/1108
f 843/849/1108 842/848/1109 833/839/1107
f 836/842/1110 848/854/1110 844/850/1110
f 844/850/1111 843/849/1111 836/842/1111
f 848/854/1112 854/860/1112 850/856/1112
f 850/856/1113 844/850/1113 848/854/1113
f 854/860/1114 852/858/1115 849/855/1115
f 849/855/1115 850/856/1114 854/860/1114
f 852/858/1116 846/852/1116 841/847/1116
f 841/847/1117 849/855/1117 852/858/1117
f 846/852/1118 833/839/1118 842/848/1118
f 842/848/1119 841/847/1119 846/852/1119
f 855/861/227 856/862/227 857/863/227
f 855/861/227 857/863/227 858/864/227
f 859/865/227 855/861/227 858/864/227
f 859/865/227 858/864/227 860/866/227
f 861/867/227 859/865/227 860/866/227
f 861/867/227 860/866/227 862/868/227
f 863/869/227 861/867/227 862/868/227
f 863/869/227 862/868/227 864/870/227
f 865/871/227 863/869/227 864/870/227
f 865/871/227 864/870/227 866/872/227
f 867/873/227 865/871/227 866/872/227
f 867/873/227 866/872/227 868/874/227
f 869/875/227 867/873/227 868/874/227
f 869/875/227 868/874/227 870/876/227
f 871/877/227 869/875/227 870/876/227
f 871/877/227 870/876/227 872/878/227
f 873/879/227 871/877/227 872/878/227
f 873/879/227 872/878/227 874/880/227
f 875/881/227 873/879/227 874/880/227
f 875/881/227 874/880/227 876/882/227
f 877/883/227 875/881/227 876/882/227
f 877/883/227 876/882/227 878/884/227
f 879/885/227 877/883/227 878/884/227
f 879/885/227 878/884/227 880/886/227
f 881/887/227 879/885/227 880/886/227
f 881/887/227 880/886/227 882/888/227
f 883/889/227 881/887/227 882/888/227
f 883/889/227 882/888/227 884/890/227
f 885/891/227 883/889/227 884/890/227
f 885/891/227 884/890/227 886/892/227
f 887/893/227 885/891/227 886/892/227
f 887/893/227 886/892/227 888/894/227
f 889/895/227 887/893/227 888/894/227
f 889/895/227 888/894/227 890/896/227
f 856/862/227 889/895/227 890/896/227
f 856/862/227 890/896/227 857/863/227
f 891/897/725 892/898/725 893/899/725
f 893/899/725 894/900/724 891/897/725
f 895/901/1120 896/902/1120 893/899/1120
f 893/899/1120 892/898/1120 895/901/1120
f 897/903/728 898/904/728 899/905/728
f 899/905/728 900/906/727 897/903/728
f 898/904/1121 901/907/1121 902/908/1121
f 902/908/1121 899/905/1121 898/904/1121
f 903/909/730 904/910/731 905/911/731
f 905/911/731 906/912/730 903/909/730
f 907/913/732 908/914/732 905/911/732
f 905/911/732 904/910/732 907/913/732
f 909/915/733 910/916/733 911/917/733
f 911/917/733 912/918/733 909/915/733
f 913/919/734 914/920/1122 915/921/1122
f 915/921/1122 916/922/734 913/919/734
f 917/923/736 918/924/736 919/925/736
f 919/925/736 920/926/736 917/923/736
f 921/927/737 922/928/1123 923/929/1123
f 923/929/1123 924/930/737 921/927/737
f 925/931/738 926/932/738 923/929/738
f 923/929/738 922/928/738 925/931/738
f 927/933/739 928/934/739 929/935/739
f 929/935/739 930/936/739 927/933/739
f 931/937/740 932/938/1124 933/939/1124
f 933/939/1124 934/940/740 931/937/740
f 932/938/743 935/941/743 936/942/743
f 936/942/743 933/939/743 932/938/743
f 931/937/744 892/898/744 861/867/744
f 861/867/744 863/869/744 931/937/744
f 892/898/745 891/897/745 859/865/745
f 859/865/745 861/867/745 892/898/745
f 891/897/746 898/904/747 855/861/747
f 855/861/747 859/865/746 891/897/746
f 898/904/748 897/903/748 856/862/748
f 856/862/748 855/861/748 898/904/748
f 897/903/750 904/943/750 889/895/750
f 889/895/750 856/862/750 897/903/750
f 904/943/752 903/944/752 887/893/752
f 887/893/752 889/895/752 904/943/752
f 903/944/754 910/945/754 885/891/754
f 885/891/754 887/893/754 903/944/754
f 910/945/755 909/915/755 883/889/755
f 883/889/755 885/891/755 910/945/755
f 909/915/1125 914/920/1126 881/887/1126
f 881/887/1126 883/889/1125 909/915/1125
f 914/920/1127 913/919/758 879/885/758
f 879/885/758 881/887/1127 914/920/1127
f 913/919/760 918/924/760 877/883/760
f 877/883/760 879/885/1128 913/919/760
f 918/924/761 917/923/762 875/881/762
f 875/881/762 877/883/761 918/924/761
f 917/923/763 922/928/763 873/879/763
f 873/879/763 875/881/763 917/923/763
f 922/928/764 921/927/765 871/877/764
f 871/877/764 873/879/764 922/928/764
f 921/927/767 928/934/767 869/875/767
f 869/875/767 871/877/767 921/927/767
f 928/934/776 927/933/776 867/873/776
f 867/873/776 869/875/776 928/934/776
f 927/933/771 932/938/771 865/871/771
f 865/871/771 867/873/771 927/933/771
f 932/938/772 931/937/772 863/869/772
f 863/869/772 865/871/772 932/938/772
f 937/946/759 938/947/758 864/870/758
f 864/870/758 862/868/759 937/946/759
f 938/947/757 939/948/1125 866/872/1125
f 866/872/1125 864/870/757 938/947/757
f 939/948/755 940/949/755 868/874/755
f 868/874/755 866/872/755 939/948/755
f 940/949/753 941/950/754 870/876/754
f 870/876/754 868/874/753 940/949/753
f 941/950/752 942/951/752 872/878/752
f 872/878/752 870/876/752 941/950/752
f 942/951/750 943/952/750 874/880/750
f 874/880/750 872/878/750 942/951/750
f 943/952/748 944/953/748 876/882/748
f 876/882/748 874/880/748 943/952/748
f 944/953/747 945/954/747 878/884/747
f 878/884/747 876/882/747 944/953/747
f 945/954/745 946/955/745 880/886/745
f 880/886/745 878/884/745 945/954/745
f 946/955/744 947/956/744 882/888/744
f 882/888/744 880/886/744 946/955/744
f 947/956/772 948/957/1129 884/890/772
f 884/890/772 882/888/772 947/956/772
f 948/957/771 949/958/771 886/892/771
f 886/892/771 884/890/771 948/957/771
f 949/958/776 950/959/769 888/894/776
f 888/894/776 886/892/776 949/958/776
f 950/959/767 951/960/767 890/896/767
f 890/896/767 888/894/767 950/959/767
f 951/960/764 952/961/764 857/863/764
f 857/863/764 890/896/764 951/960/764
f 952/961/763 953/962/763 858/864/763
f 858/864/763 857/863/763 952/961/763
f 953/962/761 954/963/761 860/866/761
f 860/866/761 858/864/761 953/962/761
f 954/963/760 937/946/760 862/868/760
f 862/868/760 860/866/760 954/963/760
f 931/937/779 955/964/779 895/901/779
f 895/901/779 892/898/779 931/937/779
f 898/904/780 891/897/780 956/965/780
f 956/965/780 901/907/780 898/904/780
f 900/906/781 899/905/781 902/908/781
f 902/908/781 957/966/781 900/906/781
f 914/920/782 909/915/782 958/967/782
f 958/967/782 959/968/782 914/920/782
f 918/924/783 913/919/783 960/969/783
f 960/969/783 961/970/783 918/924/783
f 917/923/784 962/971/784 925/931/784
f 925/931/784 922/928/784 917/923/784
f 903/909/1130 906/912/1130 963/972/1130
f 963/972/1130 964/973/1130 903/909/1130
f 912/918/786 965/974/786 958/967/786
f 958/967/786 909/915/786 912/918/786
f 916/922/787 966/975/788 960/969/787
f 960/969/787 913/919/787 916/922/787
f 924/930/789 967/976/789 968/977/789
f 968/977/789 921/927/789 924/930/789
f 930/936/790 969/978/791 970/979/790
f 970/979/790 927/933/790 930/936/790
f 971/980/601 972/981/601 973/982/601
f 972/981/601 971/980/601 974/983/601
f 975/984/601 972/981/601 974/983/601
f 975/984/601 974/983/601 976/985/601
f 977/986/601 975/984/601 976/985/601
f 977/986/601 976/985/601 978/987/601
f 979/988/601 977/986/601 978/987/601
f 979/988/601 978/987/601 980/989/601
f 981/990/601 979/988/601 980/989/601
f 981/990/601 980/989/601 982/991/601
f 983/992/601 981/990/601 982/991/601
f 983/992/601 982/991/601 984/993/601
f 985/994/601 983/992/601 984/993/601
f 985/994/601 984/993/601 986/995/601
f 987/996/601 985/994/601 986/995/601
f 987/996/601 986/995/601 988/997/601
f 989/998/601 987/996/601 988/997/601
f 989/998/601 988/997/601 990/999/601
f 991/1000/601 989/998/601 990/999/601
f 991/1000/601 990/999/601 992/1001/601
f 993/1002/601 991/1000/601 992/1001/601
f 993/1002/601 992/1001/601 994/1003/601
f 995/1004/601 993/1002/601 994/1003/601
f 995/1004/601 994/1003/601 996/1005/601
f 997/1006/601 995/1004/601 996/1005/601
f 997/1006/601 996/1005/601 998/1007/601
f 999/1008/601 997/1006/601 998/1007/601
f 999/1008/601 998/1007/601 1000/1009/601
f 1001/1010/601 999/1008/601 1000/1009/601
f 1001/1010/601 1000/1009/601 1002/1011/601
f 1003/1012/601 1001/1010/601 1002/1011/601
f 1003/1012/601 1002/1011/601 1004/1013/601
f 1005/1014/601 1003/1012/601 1004/1013/601
f 1005/1014/601 1004/1013/601 1006/1015/601
f 973/982/601 1005/1014/601 1006/1015/601
f 971/980/601 973/982/601 1006/1015/601
f 956/965/793 1007/1016/793 896/902/792
f 896/902/792 895/901/792 956/965/793
f 1008/1017/795 957/966/795 902/908/794
f 902/908/794 901/907/794 1008/1017/795
f 964/973/1131 963/972/1131 908/914/796
f 908/914/796 907/913/796 964/973/1131
f 958/967/798 965/974/798 1009/1018/797
f 1009/1018/797 1010/1019/797 958/967/798
f 1009/1018/799 911/917/799 910/916/799
f 910/916/799 1010/1019/799 1009/1018/799
f 960/969/801 966/975/801 1011/1020/801
f 1011/1020/801 959/968/801 960/969/801
f 1011/1020/802 915/921/802 914/920/802
f 914/920/802 959/968/802 1011/1020/802
f 962/971/803 1012/1021/803 1013/1022/803
f 1013/1022/803 961/970/1132 962/971/803
f 1013/1022/804 919/925/805 918/924/805
f 918/924/805 961/970/804 1013/1022/804
f 968/977/806 967/976/1133 926/932/806
f 926/932/806 925/931/806 968/977/806
f 970/979/807 969/978/807 1014/1023/807
f 1014/1023/807 1015/1024/807 970/979/807
f 1014/1023/809 929/935/809 928/934/809
f 928/934/809 1015/1024/809 1014/1023/809
f 955/964/1134 1016/1025/1135 936/942/810
f 936/942/810 935/941/810 955/964/1134
f 955/964/811 980/989/811 978/987/811
f 978/987/811 895/901/811 955/964/811
f 895/901/813 978/987/813 976/985/813
f 976/985/813 956/965/813 895/901/813
f 956/965/815 976/985/815 974/983/814
f 974/983/814 901/907/814 956/965/815
f 901/907/816 974/983/816 971/980/816
f 971/980/816 1008/1017/816 901/907/816
f 1008/1017/817 971/980/817 1006/1015/817
f 1006/1015/817 907/1026/817 1008/1017/817
f 907/1026/821 1006/1015/821 1004/1013/821
f 1004/1013/821 964/1027/821 907/1026/821
f 964/1027/822 1004/1013/822 1002/1011/822
f 1002/1011/822 1010/1028/822 964/1027/822
f 1010/1028/824 1002/1011/824 1000/1009/824
f 1000/1009/824 958/967/824 1010/1028/824
f 958/967/825 1000/1009/825 998/1007/1136
f 998/1007/1136 959/968/1136 958/967/825
f 959/968/1137 998/1007/1137 996/1005/842
f 996/1005/842 960/969/827 959/968/1137
f 960/969/828 996/1005/828 994/1003/828
f 994/1003/828 961/970/828 960/969/828
f 961/970/829 994/1003/829 992/1001/830
f 992/1001/830 962/971/830 961/970/829
f 962/971/832 992/1001/833 990/999/832
f 990/999/832 925/931/832 962/971/832
f 925/931/834 990/999/835 988/997/834
f 988/997/834 968/977/834 925/931/834
f 968/977/836 988/997/836 986/995/836
f 986/995/836 1015/1024/836 968/977/836
f 1015/1024/837 986/995/1138 984/993/838
f 984/993/838 970/979/838 1015/1024/837
f 970/979/839 984/993/839 982/991/839
f 982/991/839 935/941/839 970/979/839
f 935/941/841 982/991/841 980/989/841
f 980/989/841 955/964/841 935/941/841
f 1017/1029/827 979/988/827 981/990/827
f 981/990/827 1018/1030/827 1017/1029/827
f 1018/1030/825 981/990/825 983/992/825
f 983/992/825 1019/1031/825 1018/1030/825
f 1019/1031/824 983/992/824 985/994/824
f 985/994/824 1020/1032/824 1019/1031/824
f 1020/1032/822 985/994/822 987/996/822
f 987/996/1139 1021/1033/1139 1020/1032/1139
f 1021/1033/821 987/996/821 989/998/821
f 989/998/821 1022/1034/821 1021/1033/821
f 1022/1034/817 989/998/817 991/1000/817
f 991/1000/819 1023/1035/819 1022/1034/819
f 1023/1035/816 991/1000/816 993/1002/816
f 993/1002/816 1024/1036/816 1023/1035/816
f 1024/1036/814 993/1002/814 995/1004/814
f 995/1004/814 1025/1037/814 1024/1036/814
f 1025/1037/844 995/1004/844 997/1006/844
f 997/1006/813 1026/1038/813 1025/1037/813
f 1026/1038/811 997/1006/811 999/1008/811
f 999/1008/845 1027/1039/845 1026/1038/845
f 1027/1039/841 999/1008/841 1001/1010/841
f 1001/1010/848 1028/1040/848 1027/1039/848
f 1028/1040/839 1001/1010/839 1003/1012/839
f 1003/1012/839 1029/1041/839 1028/1040/839
f 1029/1041/838 1003/1012/838 1005/1014/838
f 1005/1014/837 1030/1042/837 1029/1041/837
f 1030/1042/836 1005/1014/836 973/982/836
f 973/982/836 1031/1043/836 1030/1042/836
f 1031/1043/834 973/982/834 972/981/834
f 972/981/850 1032/1044/850 1031/1043/850
f 1032/1044/832 972/981/832 975/984/832
f 975/984/832 1033/1045/832 1032/1044/832
f 1033/1045/830 975/984/830 977/986/830
f 977/986/830 1034/1046/830 1033/1045/830
f 1034/1046/1140 977/986/1140 979/988/1140
f 979/988/828 1017/1029/828 1034/1046/828
f 894/900/852 893/899/852 896/902/852
f 896/902/852 1007/1016/852 894/900/852
f 897/903/239 1008/1017/239 907/913/239
f 907/913/239 904/910/239 897/903/239
f 905/911/853 908/914/853 963/972/853
f 963/972/853 906/912/853 905/911/853
f 903/909/854 964/973/854 1010/1019/854
f 1010/1019/854 910/916/854 903/909/854
f 911/917/855 1009/1018/855 965/974/855
f 965/974/855 912/918/855 911/917/855
f 915/921/857 1011/1020/857 966/975/857
f 966/975/857 916/922/856 915/921/857
f 920/926/858 919/925/858 1013/1022/858
f 1013/1022/858 1012/1021/858 920/926/858
f 923/929/217 926/932/217 967/976/217
f 967/976/217 924/930/217 923/929/217
f 928/934/859 921/927/859 968/977/859
f 968/977/859 1015/1024/859 928/934/859
f 929/935/860 1014/1023/860 969/978/860
f 969/978/860 930/936/860 929/935/860
f 932/938/861 927/933/861 970/979/861
f 970/979/861 935/941/861 932/938/861
f 934/940/862 933/939/862 936/942/863
f 936/942/863 1016/1025/863 934/940/862
f 894/900/864 1007/1016/864 956/965/864
f 956/965/864 891/897/864 894/900/864
f 897/903/865 900/906/865 957/966/865
f 957/966/865 1008/1017/865 897/903/865
f 917/923/866 920/926/866 1012/1021/866
f 1012/1021/866 962/971/866 917/923/866
f 931/937/867 934/940/867 1016/1025/867
f 1016/1025/867 955/964/867 931/937/867
f 1035/1047/601 1036/1048/601 1037/1049/601
f 1037/1049/601 1038/1050/601 1039/1051/601
f 1035/1047/601 1037/1049/601 1039/1051/601
f 1040/1052/601 1035/1047/601 1039/1051/601
f 1039/1051/870 1038/1050/870 1041/1053/870
f 1041/1053/870 1042/1054/871 1039/1051/870
f 1038/1050/873 1037/1049/873 1043/1055/873
f 1043/1055/873 1041/1053/873 1038/1050/873
f 1037/1049/874 1036/1048/1141 1044/1056/874
f 1044/1056/874 1043/1055/875 1037/1049/874
f 1036/1048/876 1035/1047/1142 1045/1057/876
f 1045/1057/876 1044/1056/1143 1036/1048/876
f 1035/1047/877 1040/1052/877 1046/1058/877
f 1046/1058/877 1045/1057/878 1035/1047/877
f 1040/1052/879 1039/1051/1144 1042/1054/879
f 1042/1054/879 1046/1058/879 1040/1052/879
f 1047/1059/227 1048/1060/227 1049/1061/227
f 1049/1061/227 1050/1062/227 1051/1063/227
f 1047/1059/227 1049/1061/227 1051/1063/227
f 1052/1064/227 1047/1059/227 1051/1063/227
f 1042/1054/1145 1041/1053/1146 1053/1065/1147
f 1053/1065/1147 1054/1066/1148 1042/1054/1145
f 1041/1053/884 1043/1055/884 1055/1067/884
f 1055/1067/884 1053/1065/884 1041/1053/884
f 1043/1055/1149 1044/1056/887 1056/1068/887
f 1056/1068/887 1055/1067/1149 1043/1055/1149
f 1044/1056/1150 1045/1057/889 1057/1069/889
f 1057/1069/889 1056/1068/1151 1044/1056/1150
f 1045/1057/891 1046/1058/891 1058/1070/891
f 1058/1070/891 1057/1069/891 1045/1057/891
f 1046/1058/1152 1042/1054/1152 1054/1066/1152
f 1054/1066/1152 1058/1070/1152 1046/1058/1152
f 1054/1066/896 1053/1065/1153 1048/1060/897
f 1048/1060/897 1047/1059/898 1054/1066/896
f 1053/1065/899 1055/1067/901 1049/1061/901
f 1049/1061/901 1048/1060/902 1053/1065/899
f 1055/1067/904 1056/1068/1154 1050/1062/904
f 1050/1062/904 1049/1061/904 1055/1067/904
f 1056/1068/1155 1057/1069/1155 1051/1063/1155
f 1051/1063/1155 1050/1062/1155 1056/1068/1155
f 1057/1069/909 1058/1070/909 1052/1064/909
f 1052/1064/909 1051/1063/909 1057/1069/909
f 1058/1070/1156 1054/1066/1157 1047/1059/1157
f 1047/1059/1157 1052/1064/1156 1058/1070/1156
f 1059/1071/227 1060/1072/227 1061/1073/227
f 1061/1073/227 1062/1074/227 1063/1075/227
f 1063/1075/227 1064/1076/227 1065/1077/227
f 1061/1073/227 1063/1075/227 1065/1077/227
f 1065/1077/227 1066/1078/227 1067/1079/227
f 1067/1079/227 1068/1080/227 1069/1081/227
f 1065/1077/227 1067/1079/227 1069/1081/227
f 1069/1081/227 1070/1082/227 1071/1083/227
f 1071/1083/227 1072/1084/227 1073/1085/227
f 1069/1081/227 1071/1083/227 1073/1085/227
f 1065/1077/227 1069/1081/227 1073/1085/227
f 1061/1073/227 1065/1077/227 1073/1085/227
f 1073/1085/227 1074/1086/227 1075/1087/227
f 1061/1073/227 1073/1085/227 1075/1087/227
f 1059/1071/227 1061/1073/227 1075/1087/227
f 1076/1088/227 1059/1071/227 1075/1087/227
f 1077/1089/246 1078/1090/915 1079/1091/915
f 1077/1089/246 1079/1091/915 1080/1092/246
f 1081/1093/227 1077/1089/246 1080/1092/246
f 1081/1093/227 1080/1092/246 1082/1094/227
f 1083/1095/227 1081/1093/227 1082/1094/227
f 1083/1095/227 1082/1094/227 1084/1096/227
f 1085/1097/227 1083/1095/227 1084/1096/227
f 1085/1097/227 1084/1096/227 1086/1098/227
f 1087/1099/227 1085/1097/227 1086/1098/227
f 1087/1099/227 1086/1098/227 1088/1100/227
f 1089/1101/227 1087/1099/227 1088/1100/227
f 1089/1101/227 1088/1100/227 1090/1102/227
f 1091/1103/227 1089/1101/227 1090/1102/227
f 1091/1103/227 1090/1102/227 1092/1104/227
f 1093/1105/227 1091/1103/227 1092/1104/227
f 1093/1105/227 1092/1104/227 1094/1106/227
f 1095/1107/916 1093/1105/227 1094/1106/227
f 1095/1107/916 1094/1106/227 1096/1108/916
f 1097/1109/227 1095/1107/916 1096/1108/916
f 1097/1109/227 1096/1108/916 1098/1110/227
f 1099/1111/227 1097/1109/227 1098/1110/227
f 1099/1111/227 1098/1110/227 1100/1112/227
f 1101/1113/227 1099/1111/227 1100/1112/227
f 1101/1113/227 1100/1112/227 1102/1114/227
f 1103/1115/246 1101/1113/227 1102/1114/227
f 1103/1115/246 1102/1114/227 1104/1116/246
f 1105/1117/227 1103/1115/246 1104/1116/246
f 1105/1117/227 1104/1116/246 1106/1118/227
f 1107/1119/915 1105/1117/227 1106/1118/227
f 1107/1119/915 1106/1118/227 1108/1120/915
f 1109/1121/246 1107/1119/915 1108/1120/915
f 1109/1121/246 1108/1120/915 1110/1122/246
f 1111/1123/915 1109/1121/246 1110/1122/246
f 1111/1123/915 1110/1122/246 1112/1124/915
f 1078/1090/915 1111/1123/915 1112/1124/915
f 1078/1090/915 1112/1124/915 1079/1091/915
f 1088/1100/857 1086/1098/857 1060/1072/857
f 1060/1072/857 1059/1071/857 1088/1100/857
f 1086/1098/783 1084/1096/783 1061/1073/783
f 1061/1073/783 1060/1072/783 1086/1098/783
f 1084/1096/858 1082/1094/858 1062/1074/858
f 1062/1074/858 1061/1073/858 1084/1096/858
f 1082/1094/784 1080/1092/784 1063/1075/784
f 1063/1075/784 1062/1074/784 1082/1094/784
f 1080/1092/217 1079/1091/217 1064/1076/217
f 1064/1076/217 1063/1075/217 1080/1092/217
f 1079/1091/859 1112/1124/859 1065/1077/859
f 1065/1077/859 1064/1076/859 1079/1091/859
f 1112/1124/860 1110/1122/860 1066/1078/860
f 1066/1078/860 1065/1077/860 1112/1124/860
f 1110/1122/861 1108/1120/861 1067/1079/861
f 1067/1079/861 1066/1078/861 1110/1122/861
f 1108/1120/862 1106/1118/862 1068/1080/862
f 1068/1080/862 1067/1079/862 1108/1120/862
f 1106/1118/779 1104/1116/779 1069/1081/779
f 1069/1081/779 1068/1080/779 1106/1118/779
f 1104/1116/852 1102/1114/852 1070/1082/852
f 1070/1082/852 1069/1081/852 1104/1116/852
f 1102/1114/780 1100/1112/780 1071/1083/780
f 1071/1083/780 1070/1082/780 1102/1114/780
f 1100/1112/781 1098/1110/781 1072/1084/781
f 1072/1084/781 1071/1083/781 1100/1112/781
f 1098/1110/239 1096/1108/239 1073/1085/239
f 1073/1085/239 1072/1084/239 1098/1110/239
f 1096/1108/853 1094/1106/853 1074/1086/853
f 1074/1086/853 1073/1085/853 1096/1108/853
f 1094/1106/854 1092/1104/854 1075/1087/854
f 1075/1087/854 1074/1086/854 1094/1106/854
f 1092/1104/855 1090/1102/855 1076/1088/855
f 1076/1088/855 1075/1087/855 1092/1104/855
f 1090/1102/782 1088/1100/782 1059/1071/782
f 1059/1071/782 1076/1088/782 1090/1102/782
f 1113/1125/601 1114/1126/601 1115/1127/601
f 1115/1127/601 1116/1128/868 1117/1129/601
f 1117/1129/601 1118/1130/869 1119/1131/601
f 1115/1127/601 1117/1129/601 1119/1131/601
f 1119/1131/601 1120/1132/601 1121/1133/601
f 1121/1133/601 1122/1134/601 1123/1135/601
f 1119/1131/601 1121/1133/601 1123/1135/601
f 1123/1135/601 1124/1136/868 1125/1137/601
f 1125/1137/601 1126/1138/869 1127/1139/601
f 1123/1135/601 1125/1137/601 1127/1139/601
f 1119/1131/601 1123/1135/601 1127/1139/601
f 1115/1127/601 1119/1131/601 1127/1139/601
f 1127/1139/601 1128/1140/601 1129/1141/601
f 1115/1127/601 1127/1139/601 1129/1141/601
f 1113/1125/601 1115/1127/601 1129/1141/601
f 1130/1142/601 1113/1125/601 1129/1141/601
f 1131/1143/779 1132/1144/917 1085/1097/917
f 1085/1097/917 1087/1099/779 1131/1143/779
f 1132/1144/1158 1133/1145/852 1083/1095/852
f 1083/1095/852 1085/1097/1158 1132/1144/1158
f 1133/1145/780 1134/1146/1159 1081/1093/1159
f 1081/1093/1159 1083/1095/780 1133/1145/780
f 1134/1146/781 1135/1147/781 1077/1089/781
f 1077/1089/781 1081/1093/781 1134/1146/781
f 1135/1147/239 1136/1148/239 1078/1090/239
f 1078/1090/239 1077/1089/239 1135/1147/239
f 1136/1148/853 1137/1149/853 1111/1123/853
f 1111/1123/853 1078/1090/853 1136/1148/853
f 1137/1149/919 1138/1150/919 1109/1121/919
f 1109/1121/919 1111/1123/919 1137/1149/919
f 1138/1150/855 1139/1151/855 1107/1119/855
f 1107/1119/855 1109/1121/855 1138/1150/855
f 1139/1151/782 1140/1152/920 1105/1117/920
f 1105/1117/920 1107/1119/782 1139/1151/782
f 1140/1152/857 1141/1153/856 1103/1115/856
f 1103/1115/856 1105/1117/857 1140/1152/857
f 1141/1153/783 1142/1154/783 1101/1113/783
f 1101/1113/783 1103/1115/783 1141/1153/783
f 1142/1154/921 1143/1155/921 1099/1111/921
f 1099/1111/921 1101/1113/921 1142/1154/921
f 1143/1155/784 1144/1156/784 1097/1109/784
f 1097/1109/784 1099/1111/784 1143/1155/784
f 1144/1156/217 1145/1157/217 1095/1107/217
f 1095/1107/217 1097/1109/217 1144/1156/217
f 1145/1157/1160 1146/1158/859 1093/1105/859
f 1093/1105/859 1095/1107/1160 1145/1157/1160
f 1146/1158/860 1147/1159/1161 1091/1103/1161
f 1091/1103/1161 1093/1105/860 1146/1158/860
f 1147/1159/861 1148/1160/861 1089/1101/861
f 1089/1101/861 1091/1103/942 1147/1159/861
f 1148/1160/862 1131/1143/863 1087/1099/863
f 1087/1099/863 1089/1101/862 1148/1160/862
f 1149/1161/227 1150/1162/227 1151/1163/227
f 1151/1163/227 1152/1164/227 1149/1161/227
f 1153/1165/923 1154/1166/924 1150/1162/924
f 1150/1162/924 1149/1161/925 1153/1165/923
f 1155/1167/601 1156/1168/601 1154/1166/601
f 1154/1166/601 1153/1165/601 1155/1167/601
f 1152/1164/927 1151/1163/927 1156/1168/927
f 1156/1168/927 1155/1167/927 1152/1164/927
f 1157/1169/929 1158/1170/928 1159/1171/929
f 1159/1171/929 1160/1172/929 1157/1169/929
f 1161/1173/930 1153/1165/930 1149/1161/930
f 1149/1161/931 1162/1174/931 1161/1173/931
f 1163/1175/932 1155/1167/932 1153/1165/932
f 1153/1165/932 1161/1173/932 1163/1175/932
f 1164/1176/1162 1152/1164/1162 1155/1167/1162
f 1155/1167/1163 1163/1175/1163 1164/1176/1163
f 1165/1177/936 1157/1169/936 1160/1172/936
f 1160/1172/936 1166/1178/936 1165/1177/936
f 1167/1179/1164 1161/1173/1164 1162/1174/1164
f 1162/1174/938 1168/1180/938 1167/1179/938
f 1169/1181/939 1163/1175/939 1161/1173/939
f 1161/1173/939 1167/1179/939 1169/1181/939
f 1170/1182/1165 1164/1176/1165 1163/1175/1165
f 1163/1175/941 1169/1181/941 1170/1182/941
f 1154/1166/861 1156/1168/861 1151/1163/861
f 1151/1163/861 1150/1162/861 1154/1166/861
f 1170/1182/943 1169/1181/943 1167/1179/944
f 1167/1179/944 1168/1180/944 1170/1182/943
f 1149/1161/1166 1152/1164/947 1159/1171/947
f 1159/1171/947 1158/1170/1166 1149/1161/1166
f 1152/1164/1167 1164/1176/1167 1160/1172/1167
f 1160/1172/1168 1159/1171/1168 1152/1164/1168
f 1164/1176/950 1170/1182/950 1166/1178/950
f 1166/1178/1169 1160/1172/1169 1164/1176/1169
f 1170/1182/953 1168/1180/1170 1165/1177/1170
f 1165/1177/1170 1166/1178/953 1170/1182/953
f 1168/1180/1171 1162/1174/1171 1157/1169/1171
f 1157/1169/1172 1165/1177/1172 1168/1180/1172
f 1162/1174/1173 1149/1161/1173 1158/1170/1173
f 1158/1170/1174 1157/1169/1174 1162/1174/1174
f 1171/1183/227 1172/1184/915 1173/1185/227
f 1173/1185/227 1174/1186/227 1171/1183/227
f 1175/1187/958 1176/1188/958 1172/1184/958
f 1172/1184/958 1171/1183/958 1175/1187/958
f 1177/1189/601 1178/1190/601 1176/1188/601
f 1176/1188/601 1175/1187/601 1177/1189/601
f 1174/1186/959 1173/1185/959 1178/1190/959
f 1178/1190/959 1177/1189/959 1174/1186/959
f 1179/1191/961 1180/1192/961 1181/1193/961
f 1181/1193/961 1182/1194/961 1179/1191/961
f 1183/1195/962 1175/1187/962 1171/1183/962
f 1171/1183/1175 1184/1196/1175 1183/1195/1175
f 1185/1197/965 1177/1189/965 1175/1187/965
f 1175/1187/965 1183/1195/965 1185/1197/965
f 1186/1198/966 1174/1186/966 1177/1189/966
f 1177/1189/1176 1185/1197/1176 1186/1198/1176
f 1187/1199/968 1179/1191/968 1182/1194/968
f 1182/1194/968 1188/1200/968 1187/1199/968
f 1189/1201/1177 1183/1195/1177 1184/1196/1177
f 1184/1196/1178 1190/1202/1178 1189/1201/1178
f 1191/1203/971 1185/1197/971 1183/1195/971
f 1183/1195/971 1189/1201/971 1191/1203/971
f 1192/1204/1179 1186/1198/1179 1185/1197/1179
f 1185/1197/973 1191/1203/973 1192/1204/973
f 1176/1188/217 1178/1190/217 1173/1185/217
f 1173/1185/217 1172/1184/217 1176/1188/217
f 1192/1204/974 1191/1203/974 1189/1201/974
f 1189/1201/974 1190/1202/974 1192/1204/974
f 1171/1183/1180 1174/1186/1180 1181/1193/1180
f 1181/1193/1180 1180/1192/976 1171/1183/1180
f 1174/1186/978 1186/1198/978 1182/1194/978
f 1182/1194/1181 1181/1193/1181 1174/1186/1181
f 1186/1198/980 1192/1204/980 1188/1200/980
f 1188/1200/1182 1182/1194/1182 1186/1198/1182
f 1192/1204/982 1190/1202/982 1187/1199/982
f 1187/1199/982 1188/1200/982 1192/1204/982
f 1190/1202/1183 1184/1196/1183 1179/1191/1183
f 1179/1191/984 1187/1199/984 1190/1202/984
f 1184/1196/1184 1171/1183/1184 1180/1192/1184
f 1180/1192/986 1179/1191/986 1184/1196/986
f 1193/1205/227 1194/1206/227 1195/1207/227
f 1195/1207/227 1196/1208/227 1193/1205/227
f 1197/1209/987 1198/1210/987 1194/1206/987
f 1194/1206/987 1193/1205/987 1197/1209/987
f 1199/1211/601 1200/1212/601 1198/1210/601
f 1198/1210/601 1197/1209/601 1199/1211/601
f 1196/1208/989 1195/1207/990 1200/1212/991
f 1200/1212/991 1199/1211/989 1196/1208/989
f 1201/1213/1185 1202/1214/992 1203/1215/1185
f 1203/1215/1185 1204/1216/1185 1201/1213/1185
f 1205/1217/993 1197/1209/993 1193/1205/993
f 1193/1205/1186 1206/1218/1186 1205/1217/1186
f 1207/1219/995 1199/1211/995 1197/1209/995
f 1197/1209/995 1205/1217/995 1207/1219/995
f 1208/1220/997 1196/1208/997 1199/1211/997
f 1199/1211/1187 1207/1219/1187 1208/1220/1187
f 1209/1221/999 1201/1213/999 1204/1216/999
f 1204/1216/999 1210/1222/999 1209/1221/999
f 1211/1223/1000 1205/1217/1000 1206/1218/1000
f 1206/1218/1188 1212/1224/1188 1211/1223/1188
f 1213/1225/1002 1207/1219/1002 1205/1217/1002
f 1205/1217/1002 1211/1223/1002 1213/1225/1002
f 1214/1226/1003 1208/1220/1003 1207/1219/1003
f 1207/1219/1189 1213/1225/1189 1214/1226/1189
f 1198/1210/852 1200/1212/852 1195/1207/852
f 1195/1207/852 1194/1206/852 1198/1210/852
f 1214/1226/1006 1213/1225/1006 1211/1223/1006
f 1211/1223/1006 1212/1224/1006 1214/1226/1006
f 1193/1205/1190 1196/1208/1007 1203/1215/1007
f 1203/1215/1007 1202/1214/1190 1193/1205/1190
f 1196/1208/1011 1208/1220/1011 1204/1216/1011
f 1204/1216/1191 1203/1215/1191 1196/1208/1191
f 1208/1220/1192 1214/1226/1192 1210/1222/1192
f 1210/1222/1193 1204/1216/1193 1208/1220/1193
f 1214/1226/1015 1212/1224/1194 1209/1221/1194
f 1209/1221/1194 1210/1222/1015 1214/1226/1015
f 1212/1224/1017 1206/1218/1017 1201/1213/1017
f 1201/1213/1195 1209/1221/1195 1212/1224/1195
f 1206/1218/1019 1193/1205/1019 1202/1214/1019
f 1202/1214/1196 1201/1213/1196 1206/1218/1196
f 1215/1227/227 1216/1228/246 1217/1229/227
f 1217/1229/227 1218/1230/227 1215/1227/227
f 1219/1231/1021 1220/1232/1021 1216/1228/1021
f 1216/1228/1021 1215/1227/1021 1219/1231/1021
f 1221/1233/601 1222/1234/601 1220/1232/601
f 1220/1232/601 1219/1231/601 1221/1233/601
f 1218/1230/1023 1217/1229/1023 1222/1234/1023
f 1222/1234/1023 1221/1233/1023 1218/1230/1023
f 1223/1235/1024 1224/1236/1024 1225/1237/1024
f 1225/1237/1024 1226/1238/1024 1223/1235/1024
f 1227/1239/1197 1219/1231/1197 1215/1227/1197
f 1215/1227/1026 1228/1240/1026 1227/1239/1026
f 1229/1241/1029 1221/1233/1029 1219/1231/1029
f 1219/1231/1029 1227/1239/1029 1229/1241/1029
f 1230/1242/1030 1218/1230/1030 1221/1233/1030
f 1221/1233/1198 1229/1241/1198 1230/1242/1198
f 1231/1243/1032 1223/1235/1032 1226/1238/1032
f 1226/1238/1032 1232/1244/1032 1231/1243/1032
f 1233/1245/1199 1227/1239/1199 1228/1240/1199
f 1228/1240/1200 1234/1246/1200 1233/1245/1200
f 1235/1247/1035 1229/1241/1035 1227/1239/1035
f 1227/1239/1035 1233/1245/1035 1235/1247/1035
f 1236/1248/1201 1230/1242/1201 1229/1241/1201
f 1229/1241/1037 1235/1247/1037 1236/1248/1037
f 1220/1232/239 1222/1234/239 1217/1229/239
f 1217/1229/239 1216/1228/239 1220/1232/239
f 1236/1248/1038 1235/1247/1038 1233/1245/1038
f 1233/1245/1038 1234/1246/1038 1236/1248/1038
f 1215/1227/1202 1218/1230/1202 1225/1237/1202
f 1225/1237/1202 1224/1236/1202 1215/1227/1202
f 1218/1230/1041 1230/1242/1041 1226/1238/1041
f 1226/1238/1203 1225/1237/1203 1218/1230/1203
f 1230/1242/1204 1236/1248/1204 1232/1244/1204
f 1232/1244/1205 1226/1238/1205 1230/1242/1205
f 1236/1248/1045 1234/1246/1045 1231/1243/1045
f 1231/1243/1045 1232/1244/1045 1236/1248/1045
f 1234/1246/1206 1228/1240/1206 1223/1235/1206
f 1223/1235/1207 1231/1243/1207 1234/1246/1207
f 1228/1240/1208 1215/1227/1208 1224/1236/1208
f 1224/1236/1049 1223/1235/1049 1228/1240/1049
f 1237/1249/227 1238/1250/227 1239/1251/227
f 1239/1251/227 1240/1252/227 1237/1249/227
f 1241/1253/1050 1242/1254/1051 1238/1250/1051
f 1238/1250/1051 1237/1249/1209 1241/1253/1050
f 1243/1255/601 1244/1256/601 1242/1254/601
f 1242/1254/601 1241/1253/601 1243/1255/601
f 1240/1252/1053 1239/1251/1054 1244/1256/1053
f 1244/1256/1053 1243/1255/1053 1240/1252/1053
f 1245/1257/1055 1246/1258/1055 1247/1259/1055
f 1247/1259/1055 1248/1260/1056 1245/1257/1055
f 1249/1261/1057 1241/1253/1057 1237/1249/1057
f 1237/1249/1058 1250/1262/1058 1249/1261/1058
f 1251/1263/1059 1243/1255/1060 1241/1253/1059
f 1241/1253/1059 1249/1261/1059 1251/1263/1059
f 1252/1264/1061 1240/1252/1061 1243/1255/1061
f 1243/1255/1062 1251/1263/1062 1252/1264/1062
f 1253/1265/1063 1245/1257/1063 1248/1260/1063
f 1248/1260/1063 1254/1266/1063 1253/1265/1063
f 1255/1267/1064 1249/1261/1064 1250/1262/1064
f 1250/1262/1210 1256/1268/1210 1255/1267/1210
f 1257/1269/1066 1251/1263/1066 1249/1261/1066
f 1249/1261/1066 1255/1267/1066 1257/1269/1066
f 1258/1270/1211 1252/1264/1211 1251/1263/1211
f 1251/1263/1212 1257/1269/1212 1258/1270/1212
f 1242/1254/855 1244/1256/855 1239/1251/855
f 1239/1251/855 1238/1250/855 1242/1254/855
f 1258/1270/1213 1257/1269/1213 1255/1267/1213
f 1255/1267/1213 1256/1268/1213 1258/1270/1213
f 1237/1249/1072 1240/1252/1214 1247/1259/1214
f 1247/1259/1214 1246/1258/1215 1237/1249/1072
f 1240/1252/1216 1252/1264/1216 1248/1260/1216
f 1248/1260/1217 1247/1259/1217 1240/1252/1217
f 1252/1264/1218 1258/1270/1218 1254/1266/1218
f 1254/1266/1077 1248/1260/1077 1252/1264/1077
f 1258/1270/1078 1256/1268/1219 1253/1265/1219
f 1253/1265/1219 1254/1266/1078 1258/1270/1078
f 1256/1268/1081 1250/1262/1081 1245/1257/1081
f 1245/1257/1220 1253/1265/1220 1256/1268/1220
f 1250/1262/1221 1237/1249/1221 1246/1258/1221
f 1246/1258/1222 1245/1257/1222 1250/1262/1222
f 1259/1271/227 1260/1272/227 1261/1273/227
f 1261/1273/227 1262/1274/227 1259/1271/227
f 1263/1275/1086 1264/1276/1086 1260/1272/1086
f 1260/1272/1086 1259/1271/1085 1263/1275/1086
f 1265/1277/601 1266/1278/601 1264/1276/601
f 1264/1276/601 1263/1275/601 1265/1277/601
f 1262/1274/1087 1261/1273/1089 1266/1278/1089
f 1266/1278/1089 1265/1277/1087 1262/1274/1087
f 1267/1279/1091 1268/1280/1090 1269/1281/1090
f 1269/1281/1090 1270/1282/1091 1267/1279/1091
f 1271/1283/1092 1263/1275/1092 1259/1271/1092
f 1259/1271/1093 1272/1284/1093 1271/1283/1093
f 1273/1285/1095 1265/1277/1095 1263/1275/1095
f 1263/1275/1095 1271/1283/1095 1273/1285/1095
f 1274/1286/1096 1262/1274/1096 1265/1277/1096
f 1265/1277/1223 1273/1285/1223 1274/1286/1223
f 1275/1287/1098 1267/1279/1098 1270/1282/1098
f 1270/1282/1098 1276/1288/1098 1275/1287/1098
f 1277/1289/1224 1271/1283/1224 1272/1284/1224
f 1272/1284/1225 1278/1290/1225 1277/1289/1225
f 1279/1291/1101 1273/1285/1101 1271/1283/1101
f 1271/1283/1101 1277/1289/1101 1279/1291/1101
f 1280/1292/1102 1274/1286/1102 1273/1285/1102
f 1273/1285/1226 1279/1291/1226 1280/1292/1226
f 1264/1276/783 1266/1278/783 1261/1273/783
f 1261/1273/783 1260/1272/783 1264/1276/783
f 1280/1292/1106 1279/1291/1106 1277/1289/1106
f 1277/1289/1106 1278/1290/1106 1280/1292/1106
f 1259/1271/1227 1262/1274/1228 1269/1281/1229
f 1269/1281/1229 1268/1280/1227 1259/1271/1227
f 1262/1274/1110 1274/1286/1110 1270/1282/1110
f 1270/1282/1230 1269/1281/1230 1262/1274/1230
f 1274/1286/1231 1280/1292/1231 1276/1288/1231
f 1276/1288/1232 1270/1282/1232 1274/1286/1232
f 1280/1292/1233 1278/1290/1233 1275/1287/1233
f 1275/1287/1233 1276/1288/1233 1280/1292/1233
f 1278/1290/1116 1272/1284/1116 1267/1279/1116
f 1267/1279/1234 1275/1287/1234 1278/1290/1234
f 1272/1284/1235 1259/1271/1235 1268/1280/1235
f 1268/1280/1236 1267/1279/1236 1272/1284/1236
f 1281/1293/601 1282/1294/601 1283/1295/601
f 1282/1294/601 1281/1293/601 1284/1296/601
f 1285/1297/601 1282/1294/601 1284/1296/601
f 1285/1297/601 1284/1296/601 1286/1298/601
f 1287/1299/601 1285/1297/601 1286/1298/601
f 1287/1299/601 1286/1298/601 1288/1300/601
f 1289/1301/601 1287/1299/601 1288/1300/601
f 1289/1301/601 1288/1300/601 1290/1302/601
f 1291/1303/601 1289/1301/601 1290/1302/601
f 1291/1303/601 1290/1302/601 1292/1304/601
f 1293/1305/601 1291/1303/601 1292/1304/601
f 1293/1305/601 1292/1304/601 1294/1306/601
f 1295/1307/601 1293/1305/601 1294/1306/601
f 1295/1307/601 1294/1306/601 1296/1308/601
f 1297/1309/601 1295/1307/601 1296/1308/601
f 1297/1309/601 1296/1308/601 1298/1310/601
f 1299/1311/601 1297/1309/601 1298/1310/601
f 1299/1311/601 1298/1310/601 1300/1312/601
f 1301/1313/601 1299/1311/601 1300/1312/601
f 1301/1313/601 1300/1312/601 1302/1314/601
f 1303/1315/601 1301/1313/601 1302/1314/601
f 1303/1315/601 1302/1314/601 1304/1316/601
f 1305/1317/601 1303/1315/601 1304/1316/601
f 1305/1317/601 1304/1316/601 1306/1318/601
f 1307/1319/601 1305/1317/601 1306/1318/601
f 1307/1319/601 1306/1318/601 1308/1320/601
f 1309/1321/601 1307/1319/601 1308/1320/601
f 1309/1321/601 1308/1320/601 1310/1322/601
f 1311/1323/601 1309/1321/601 1310/1322/601
f 1311/1323/601 1310/1322/601 1312/1324/601
f 1313/1325/601 1311/1323/601 1312/1324/601
f 1313/1325/601 1312/1324/601 1314/1326/601
f 1315/1327/601 1313/1325/601 1314/1326/601
f 1315/1327/601 1314/1326/601 1316/1328/601
f 1283/1295/601 1315/1327/601 1316/1328/601
f 1281/1293/601 1283/1295/601 1316/1328/601
f 1317/1329/793 1318/1330/793 1319/1331/793
f 1319/1331/793 1320/1332/793 1317/1329/793
f 1321/1333/1120 1320/1332/1120 1319/1331/1120
f 1319/1331/1120 1322/1334/1120 1321/1333/1120
f 1323/1335/794 1324/1336/794 1325/1337/795
f 1325/1337/795 1326/1338/795 1323/1335/794
f 1326/1338/1121 1325/1337/1121 1327/1339/1121
f 1327/1339/1121 1328/1340/1121 1326/1338/1121
f 1329/1341/796 1330/1342/796 1331/1343/796
f 1331/1343/796 1332/1344/796 1329/1341/796
f 1333/1345/732 1332/1344/732 1331/1343/732
f 1331/1343/732 1334/1346/732 1333/1345/732
f 1335/1347/798 1336/1348/798 1337/1349/798
f 1337/1349/798 1338/1350/798 1335/1347/798
f 1339/1351/800 1340/1352/800 1341/1353/800
f 1341/1353/800 1342/1354/800 1339/1351/800
f 1343/1355/803 1344/1356/803 1345/1357/1237
f 1345/1357/1237 1346/1358/1237 1343/1355/803
f 1347/1359/806 1348/1360/806 1349/1361/806
f 1349/1361/806 1350/1362/806 1347/1359/806
f 1351/1363/738 1350/1362/738 1349/1361/738
f 1349/1361/738 1352/1364/738 1351/1363/738
f 1353/1365/1238 1354/1366/1239 1355/1367/807
f 1355/1367/807 1356/1368/1240 1353/1365/1238
f 1357/1369/1134 1358/1370/1134 1359/1371/810
f 1359/1371/810 1360/1372/1241 1357/1369/1134
f 1360/1372/743 1359/1371/743 1361/1373/743
f 1361/1373/743 1362/1374/743 1360/1372/743
f 1357/1369/811 1290/1302/811 1288/1300/811
f 1288/1300/811 1320/1332/811 1357/1369/811
f 1320/1332/813 1288/1300/813 1286/1298/813
f 1286/1298/813 1317/1329/813 1320/1332/813
f 1317/1329/815 1286/1298/815 1284/1296/1242
f 1284/1296/1242 1326/1338/1242 1317/1329/815
f 1326/1338/816 1284/1296/816 1281/1293/1243
f 1281/1293/1243 1323/1335/1243 1326/1338/816
f 1323/1335/817 1281/1293/817 1316/1328/818
f 1316/1328/818 1332/1375/819 1323/1335/817
f 1332/1375/821 1316/1328/821 1314/1326/821
f 1314/1326/821 1329/1376/821 1332/1375/821
f 1329/1376/1139 1314/1326/823 1312/1324/1139
f 1312/1324/1139 1338/1377/1139 1329/1376/1139
f 1338/1377/824 1312/1324/824 1310/1322/824
f 1310/1322/824 1335/1347/824 1338/1377/824
f 1335/1347/825 1310/1322/825 1308/1320/825
f 1308/1320/825 1342/1354/825 1335/1347/825
f 1342/1354/827 1308/1320/827 1306/1318/827
f 1306/1318/827 1339/1351/827 1342/1354/827
f 1339/1351/1244 1306/1318/1244 1304/1316/828
f 1304/1316/828 1346/1358/828 1339/1351/1244
f 1346/1358/830 1304/1316/831 1302/1314/830
f 1302/1314/830 1343/1355/830 1346/1358/830
f 1343/1355/833 1302/1314/833 1300/1312/832
f 1300/1312/832 1350/1362/832 1343/1355/833
f 1350/1362/834 1300/1312/834 1298/1310/834
f 1298/1310/834 1347/1359/834 1350/1362/834
f 1347/1359/836 1298/1310/1245 1296/1308/836
f 1296/1308/836 1356/1368/836 1347/1359/836
f 1356/1368/838 1296/1308/838 1294/1306/837
f 1294/1306/837 1353/1365/837 1356/1368/838
f 1353/1365/839 1294/1306/839 1292/1304/839
f 1292/1304/839 1360/1372/839 1353/1365/839
f 1360/1372/841 1292/1304/841 1290/1302/841
f 1290/1302/841 1357/1369/848 1360/1372/841
f 1363/1378/827 1289/1301/827 1291/1303/827
f 1291/1303/842 1364/1379/842 1363/1378/842
f 1364/1379/826 1291/1303/826 1293/1305/826
f 1293/1305/825 1365/1380/825 1364/1379/825
f 1365/1380/843 1293/1305/843 1295/1307/843
f 1295/1307/1246 1366/1381/1246 1365/1380/1246
f 1366/1381/1247 1295/1307/1247 1297/1309/1247
f 1297/1309/1139 1367/1382/1139 1366/1381/1139
f 1367/1382/820 1297/1309/820 1299/1311/820
f 1299/1311/820 1368/1383/820 1367/1382/820
f 1368/1383/817 1299/1311/817 1301/1313/817
f 1301/1313/819 1369/1384/819 1368/1383/819
f 1369/1384/816 1301/1313/816 1303/1315/816
f 1303/1315/1248 1370/1385/1248 1369/1384/1248
f 1370/1385/814 1303/1315/814 1305/1317/814
f 1305/1317/815 1371/1386/815 1370/1385/815
f 1371/1386/844 1305/1317/844 1307/1319/844
f 1307/1319/844 1372/1387/844 1371/1386/844
f 1372/1387/846 1307/1319/846 1309/1321/846
f 1309/1321/845 1373/1388/845 1372/1387/845
f 1373/1388/847 1309/1321/847 1311/1323/847
f 1311/1323/841 1374/1389/841 1373/1388/841
f 1374/1389/839 1311/1323/839 1313/1325/839
f 1313/1325/839 1375/1390/839 1374/1389/839
f 1375/1390/1138 1313/1325/1138 1315/1327/1138
f 1315/1327/837 1376/1391/837 1375/1390/837
f 1376/1391/836 1315/1327/836 1283/1295/836
f 1283/1295/1249 1377/1392/1249 1376/1391/1249
f 1377/1392/834 1283/1295/834 1282/1294/834
f 1282/1294/850 1378/1393/850 1377/1392/850
f 1378/1393/833 1282/1294/833 1285/1297/833
f 1285/1297/833 1379/1394/833 1378/1393/833
f 1379/1394/830 1285/1297/830 1287/1299/830
f 1287/1299/829 1380/1395/829 1379/1394/829
f 1380/1395/828 1287/1299/828 1289/1301/828
f 1289/1301/851 1363/1378/851 1380/1395/851
f 1357/1369/779 1320/1332/779 1321/1333/779
f 1321/1333/779 1381/1396/779 1357/1369/779
f 1326/1338/780 1328/1340/780 1382/1397/780
f 1382/1397/780 1317/1329/780 1326/1338/780
f 1324/1336/781 1383/1398/781 1327/1339/781
f 1327/1339/781 1325/1337/781 1324/1336/781
f 1342/1354/782 1384/1399/782 1385/1400/782
f 1385/1400/782 1335/1347/782 1342/1354/782
f 1346/1358/783 1386/1401/783 1387/1402/783
f 1387/1402/783 1339/1351/783 1346/1358/783
f 1343/1355/784 1350/1362/784 1351/1363/784
f 1351/1363/784 1388/1403/784 1343/1355/784
f 1329/1341/1130 1389/1404/1130 1390/1405/1130
f 1390/1405/1130 1330/1342/1130 1329/1341/1130
f 1336/1348/786 1335/1347/786 1385/1400/786
f 1385/1400/786 1391/1406/786 1336/1348/786
f 1340/1352/787 1339/1351/787 1387/1402/788
f 1387/1402/788 1392/1407/788 1340/1352/787
f 1348/1360/789 1347/1359/789 1393/1408/789
f 1393/1408/789 1394/1409/789 1348/1360/789
f 1354/1366/791 1353/1365/790 1395/1410/791
f 1395/1410/791 1396/1411/791 1354/1366/791
f 1397/1412/227 1398/1413/227 1399/1414/227
f 1397/1412/227 1399/1414/227 1400/1415/227
f 1401/1416/227 1397/1412/227 1400/1415/227
f 1401/1416/227 1400/1415/227 1402/1417/227
f 1403/1418/227 1401/1416/227 1402/1417/227
f 1403/1418/227 1402/1417/227 1404/1419/227
f 1405/1420/227 1403/1418/227 1404/1419/227
f 1405/1420/227 1404/1419/227 1406/1421/227
f 1407/1422/227 1405/1420/227 1406/1421/227
f 1407/1422/227 1406/1421/227 1408/1423/227
f 1409/1424/227 1407/1422/227 1408/1423/227
f 1409/1424/227 1408/1423/227 1410/1425/227
f 1411/1426/227 1409/1424/227 1410/1425/227
f 1411/1426/227 1410/1425/227 1412/1427/227
f 1413/1428/227 1411/1426/227 1412/1427/227
f 1413/1428/227 1412/1427/227 1414/1429/227
f 1415/1430/227 1413/1428/227 1414/1429/227
f 1415/1430/227 1414/1429/227 1416/1431/227
f 1417/1432/227 1415/1430/227 1416/1431/227
f 1417/1432/227 1416/1431/227 1418/1433/227
f 1419/1434/227 1417/1432/227 1418/1433/227
f 1419/1434/227 1418/1433/227 1420/1435/227
f 1421/1436/227 1419/1434/227 1420/1435/227
f 1421/1436/227 1420/1435/227 1422/1437/227
f 1423/1438/227 1421/1436/227 1422/1437/227
f 1423/1438/227 1422/1437/227 1424/1439/227
f 1425/1440/227 1423/1438/227 1424/1439/227
f 1425/1440/227 1424/1439/227 1426/1441/227
f 1427/1442/227 1425/1440/227 1426/1441/227
f 1427/1442/227 1426/1441/227 1428/1443/227
f 1429/1444/227 1427/1442/227 1428/1443/227
f 1429/1444/227 1428/1443/227 1430/1445/227
f 1431/1446/227 1429/1444/227 1430/1445/227
f 1431/1446/227 1430/1445/227 1432/1447/227
f 1398/1413/227 1431/1446/227 1432/1447/227
f 1398/1413/227 1432/1447/227 1399/1414/227
f 1382/1397/725 1321/1333/724 1322/1334/724
f 1322/1334/724 1433/1448/725 1382/1397/725
f 1434/1449/727 1328/1340/1250 1327/1339/1250
f 1327/1339/1250 1383/1398/727 1434/1449/727
f 1389/1404/730 1333/1345/731 1334/1346/731
f 1334/1346/731 1390/1405/730 1389/1404/730
f 1385/1400/733 1435/1450/733 1436/1451/733
f 1436/1451/733 1391/1406/733 1385/1400/733
f 1436/1451/799 1435/1450/799 1338/1350/799
f 1338/1350/799 1337/1349/799 1436/1451/799
f 1387/1402/735 1384/1399/734 1437/1452/734
f 1437/1452/734 1392/1407/735 1387/1402/735
f 1437/1452/802 1384/1399/802 1342/1354/802
f 1342/1354/802 1341/1353/802 1437/1452/802
f 1388/1403/736 1386/1401/1251 1438/1453/736
f 1438/1453/736 1439/1454/736 1388/1403/736
f 1438/1453/804 1386/1401/804 1346/1358/805
f 1346/1358/805 1345/1357/805 1438/1453/804
f 1393/1408/737 1351/1363/737 1352/1364/737
f 1352/1364/737 1394/1409/737 1393/1408/737
f 1395/1410/739 1440/1455/739 1441/1456/739
f 1441/1456/739 1396/1411/739 1395/1410/739
f 1441/1456/809 1440/1455/809 1356/1368/809
f 1356/1368/809 1355/1367/809 1441/1456/809
f 1381/1396/740 1362/1374/741 1361/1373/742
f 1361/1373/742 1442/1457/740 1381/1396/740
f 1381/1396/774 1321/1333/1252 1403/1418/1252
f 1403/1418/1252 1405/1420/774 1381/1396/774
f 1321/1333/1253 1382/1397/745 1401/1416/745
f 1401/1416/745 1403/1418/1253 1321/1333/1253
f 1382/1397/746 1328/1340/747 1397/1412/747
f 1397/1412/747 1401/1416/746 1382/1397/746
f 1328/1340/748 1434/1449/748 1398/1413/748
f 1398/1413/748 1397/1412/748 1328/1340/748
f 1434/1449/750 1333/1458/750 1431/1446/750
f 1431/1446/750 1398/1413/1254 1434/1449/750
f 1333/1458/752 1389/1459/752 1429/1444/752
f 1429/1444/752 1431/1446/752 1333/1458/752
f 1389/1459/754 1435/1460/754 1427/1442/754
f 1427/1442/754 1429/1444/754 1389/1459/754
f 1435/1460/755 1385/1400/755 1425/1440/755
f 1425/1440/755 1427/1442/755 1435/1460/755
f 1385/1400/757 1384/1399/757 1423/1438/757
f 1423/1438/757 1425/1440/757 1385/1400/757
f 1384/1399/758 1387/1402/758 1421/1436/758
f 1421/1436/758 1423/1438/758 1384/1399/758
f 1387/1402/760 1386/1401/760 1419/1434/760
f 1419/1434/760 1421/1436/760 1387/1402/760
f 1386/1401/762 1388/1403/778 1417/1432/778
f 1417/1432/778 1419/1434/762 1386/1401/762
f 1388/1403/1255 1351/1363/763 1415/1430/763
f 1415/1430/763 1417/1432/1255 1388/1403/1255
f 1351/1363/764 1393/1408/764 1413/1428/764
f 1413/1428/764 1415/1430/764 1351/1363/764
f 1393/1408/767 1440/1455/767 1411/1426/767
f 1411/1426/767 1413/1428/767 1393/1408/767
f 1440/1455/776 1395/1410/769 1409/1424/769
f 1409/1424/769 1411/1426/776 1440/1455/776
f 1395/1410/770 1362/1374/1256 1407/1422/771
f 1407/1422/771 1409/1424/770 1395/1410/770
f 1362/1374/772 1381/1396/772 1405/1420/772
f 1405/1420/772 1407/1422/772 1362/1374/772
f 1443/1461/758 1444/1462/758 1406/1421/758
f 1406/1421/758 1404/1419/758 1443/1461/758
f 1444/1462/757 1445/1463/757 1408/1423/757
f 1408/1423/757 1406/1421/757 1444/1462/757
f 1445/1463/755 1446/1464/755 1410/1425/755
f 1410/1425/755 1408/1423/755 1445/1463/755
f 1446/1464/753 1447/1465/1257 1412/1427/1257
f 1412/1427/1257 1410/1425/753 1446/1464/753
f 1447/1465/1258 1448/1466/752 1414/1429/752
f 1414/1429/752 1412/1427/1258 1447/1465/1258
f 1448/1466/750 1449/1467/750 1416/1431/750
f 1416/1431/750 1414/1429/750 1448/1466/750
f 1449/1467/748 1450/1468/748 1418/1433/748
f 1418/1433/748 1416/1431/748 1449/1467/748
f 1450/1468/1259 1451/1469/1259 1420/1435/1259
f 1420/1435/1259 1418/1433/1259 1450/1468/1259
f 1451/1469/1253 1452/1470/745 1422/1437/1253
f 1422/1437/1253 1420/1435/1260 1451/1469/1253
f 1452/1470/744 1453/1471/774 1424/1439/774
f 1424/1439/774 1422/1437/744 1452/1470/744
f 1453/1471/775 1454/1472/772 1426/1441/772
f 1426/1441/772 1424/1439/775 1453/1471/775
f 1454/1472/770 1455/1473/770 1428/1443/770
f 1428/1443/770 1426/1441/770 1454/1472/770
f 1455/1473/768 1456/1474/768 1430/1445/768
f 1430/1445/768 1428/1443/776 1455/1473/768
f 1456/1474/767 1457/1475/767 1432/1447/767
f 1432/1447/767 1430/1445/767 1456/1474/767
f 1457/1475/764 1458/1476/764 1399/1414/764
f 1399/1414/764 1432/1447/764 1457/1475/764
f 1458/1476/763 1459/1477/763 1400/1415/763
f 1400/1415/763 1399/1414/1255 1458/1476/763
f 1459/1477/762 1460/1478/761 1402/1417/761
f 1402/1417/761 1400/1415/1261 1459/1477/762
f 1460/1478/760 1443/1461/760 1404/1419/760
f 1404/1419/760 1402/1417/1262 1460/1478/760
f 1318/1330/852 1433/1448/852 1322/1334/852
f 1322/1334/852 1319/1331/852 1318/1330/852
f 1323/1335/239 1332/1344/239 1333/1345/239
f 1333/1345/239 1434/1449/239 1323/1335/239
f 1331/1343/853 1330/1342/853 1390/1405/853
f 1390/1405/853 1334/1346/853 1331/1343/853
f 1329/1341/854 1338/1350/854 1435/1450/854
f 1435/1450/854 1389/1404/854 1329/1341/854
f 1337/1349/855 1336/1348/855 1391/1406/855
f 1391/1406/855 1436/1451/855 1337/1349/855
f 1341/1353/857 1340/1352/857 1392/1407/857
f 1392/1407/857 1437/1452/857 1341/1353/857
f 1344/1356/858 1439/1454/858 1438/1453/858
f 1438/1453/858 1345/1357/858 1344/1356/858
f 1349/1361/217 1348/1360/217 1394/1409/217
f 1394/1409/217 1352/1364/217 1349/1361/217
f 1356/1368/859 1440/1455/859 1393/1408/859
f 1393/1408/859 1347/1359/859 1356/1368/859
f 1355/1367/860 1354/1366/860 1396/1411/860
f 1396/1411/860 1441/1456/860 1355/1367/860
f 1360/1372/861 1362/1374/861 1395/1410/861
f 1395/1410/861 1353/1365/861 1360/1372/861
f 1358/1370/862 1442/1457/863 1361/1373/862
f 1361/1373/862 1359/1371/862 1358/1370/862
f 1318/1330/864 1317/1329/864 1382/1397/864
f 1382/1397/864 1433/1448/864 1318/1330/864
f 1323/1335/865 1434/1449/865 1383/1398/865
f 1383/1398/865 1324/1336/865 1323/1335/865
f 1343/1355/866 1388/1403/866 1439/1454/866
f 1439/1454/866 1344/1356/866 1343/1355/866
f 1357/1369/867 1381/1396/867 1442/1457/867
f 1442/1457/867 1358/1370/867 1357/1369/867
f 1461/1479/227 1462/1480/227 1463/1481/227
f 1463/1481/227 1464/1482/227 1465/1483/227
f 1461/1479/227 1463/1481/227 1465/1483/227
f 1466/1484/227 1461/1479/227 1465/1483/227
f 1461/1479/1263 1467/1485/1264 1468/1486/1263
f 1468/1486/1263 1462/1480/1265 1461/1479/1263
f 1462/1480/1266 1468/1486/1267 1469/1487/1266
f 1469/1487/1266 1463/1481/1266 1462/1480/1266
f 1463/1481/1268 1469/1487/1268 1470/1488/1268
f 1470/1488/1268 1464/1482/1269 1463/1481/1268
f 1464/1482/1270 1470/1488/1270 1471/1489/1270
f 1471/1489/1270 1465/1483/1271 1464/1482/1270
f 1465/1483/1272 1471/1489/1272 1472/1490/1272
f 1472/1490/1272 1466/1484/1273 1465/1483/1272
f 1466/1484/1274 1472/1490/1274 1467/1485/1274
f 1467/1485/1274 1461/1479/1275 1466/1484/1274
f 1473/1491/601 1474/1492/601 1475/1493/601
f 1475/1493/601 1476/1494/601 1477/1495/601
f 1473/1491/601 1475/1493/601 1477/1495/601
f 1478/1496/601 1473/1491/601 1477/1495/601
f 1467/1485/1276 1479/1497/1277 1480/1498/1278
f 1480/1498/1278 1468/1486/1279 1467/1485/1276
f 1468/1486/1280 1480/1498/1281 1481/1499/1282
f 1481/1499/1282 1469/1487/1282 1468/1486/1280
f 1469/1487/1283 1481/1499/1283 1482/1500/1284
f 1482/1500/1284 1470/1488/1285 1469/1487/1283
f 1470/1488/1286 1482/1500/1286 1483/1501/1287
f 1483/1501/1287 1471/1489/1287 1470/1488/1286
f 1471/1489/1288 1483/1501/1288 1484/1502/1289
f 1484/1502/1289 1472/1490/1289 1471/1489/1288
f 1472/1490/1290 1484/1502/1290 1479/1497/1291
f 1479/1497/1291 1467/1485/1291 1472/1490/1290
f 1479/1497/1292 1477/1495/1293 1476/1494/1294
f 1476/1494/1294 1480/1498/1294 1479/1497/1292
f 1480/1498/1295 1476/1494/1295 1475/1493/1296
f 1475/1493/1296 1481/1499/1296 1480/1498/1295
f 1481/1499/1297 1475/1493/1297 1474/1492/1298
f 1474/1492/1298 1482/1500/1298 1481/1499/1297
f 1482/1500/1299 1474/1492/1299 1473/1491/1300
f 1473/1491/1300 1483/1501/1300 1482/1500/1299
f 1483/1501/1301 1473/1491/1302 1478/1496/1303
f 1478/1496/1303 1484/1502/1303 1483/1501/1301
f 1484/1502/1304 1478/1496/1305 1477/1495/1306
f 1477/1495/1306 1479/1497/1306 1484/1502/1304
f 1485/1503/601 1486/1504/601 1487/1505/601
f 1487/1505/601 1488/1506/601 1489/1507/601
f 1489/1507/601 1490/1508/601 1491/1509/601
f 1487/1505/601 1489/1507/601 1491/1509/601
f 1491/1509/601 1492/1510/601 1493/1511/601
f 1493/1511/601 1494/1512/869 1495/1513/601
f 1491/1509/601 1493/1511/601 1495/1513/601
f 1487/1505/601 1491/1509/601 1495/1513/601
f 1495/1513/601 1496/1514/601 1497/1515/601
f 1497/1515/601 1498/1516/601 1499/1517/601
f 1495/1513/601 1497/1515/601 1499/1517/601
f 1487/1505/601 1495/1513/601 1499/1517/601
f 1485/1503/601 1487/1505/601 1499/1517/601
f 1499/1517/601 1500/1518/601 1501/1519/601
f 1485/1503/601 1499/1517/601 1501/1519/601
f 1502/1520/601 1485/1503/601 1501/1519/601
f 1503/1521/869 1504/1522/869 1505/1523/601
f 1504/1522/869 1503/1521/869 1506/1524/601
f 1507/1525/601 1504/1522/869 1506/1524/601
f 1507/1525/601 1506/1524/601 1508/1526/601
f 1509/1527/601 1507/1525/601 1508/1526/601
f 1509/1527/601 1508/1526/601 1510/1528/868
f 1511/1529/868 1509/1527/601 1510/1528/868
f 1511/1529/868 1510/1528/868 1512/1530/601
f 1513/1531/601 1511/1529/868 1512/1530/601
f 1513/1531/601 1512/1530/601 1514/1532/601
f 1515/1533/601 1513/1531/601 1514/1532/601
f 1515/1533/601 1514/1532/601 1516/1534/868
f 1517/1535/868 1515/1533/601 1516/1534/868
f 1517/1535/868 1516/1534/868 1518/1536/869
f 1519/1537/869 1517/1535/868 1518/1536/869
f 1519/1537/869 1518/1536/869 1520/1538/601
f 1521/1539/601 1519/1537/869 1520/1538/601
f 1521/1539/601 1520/1538/601 1522/1540/868
f 1523/1541/868 1521/1539/601 1522/1540/868
f 1523/1541/868 1522/1540/868 1524/1542/601
f 1525/1543/601 1523/1541/868 1524/1542/601
f 1525/1543/601 1524/1542/601 1526/1544/868
f 1527/1545/868 1525/1543/601 1526/1544/868
f 1527/1545/868 1526/1544/868 1528/1546/869
f 1529/1547/869 1527/1545/868 1528/1546/869
f 1529/1547/869 1528/1546/869 1530/1548/601
f 1531/1549/601 1529/1547/869 1530/1548/601
f 1531/1549/601 1530/1548/601 1532/1550/601
f 1533/1551/601 1531/1549/601 1532/1550/601
f 1533/1551/601 1532/1550/601 1534/1552/869
f 1535/1553/869 1533/1551/601 1534/1552/869
f 1535/1553/869 1534/1552/869 1536/1554/601
f 1537/1555/601 1535/1553/869 1536/1554/601
f 1537/1555/601 1536/1554/601 1538/1556/601
f 1505/1523/601 1537/1555/601 1538/1556/601
f 1503/1521/869 1505/1523/601 1538/1556/601
f 1515/1533/857 1501/1519/857 1500/1518/857
f 1500/1518/857 1513/1531/857 1515/1533/857
f 1513/1531/783 1500/1518/783 1499/1517/783
f 1499/1517/783 1511/1529/783 1513/1531/783
f 1511/1529/858 1499/1517/858 1498/1516/858
f 1498/1516/858 1509/1527/858 1511/1529/858
f 1509/1527/784 1498/1516/784 1497/1515/784
f 1497/1515/784 1507/1525/784 1509/1527/784
f 1507/1525/217 1497/1515/217 1496/1514/217
f 1496/1514/217 1504/1522/217 1507/1525/217
f 1504/1522/859 1496/1514/859 1495/1513/859
f 1495/1513/859 1505/1523/859 1504/1522/859
f 1505/1523/860 1495/1513/860 1494/1512/860
f 1494/1512/860 1537/1555/860 1505/1523/860
f 1537/1555/861 1494/1512/861 1493/1511/861
f 1493/1511/861 1535/1553/861 1537/1555/861
f 1535/1553/862 1493/1511/862 1492/1510/862
f 1492/1510/862 1533/1551/862 1535/1553/862
f 1533/1551/779 1492/1510/779 1491/1509/779
f 1491/1509/779 1531/1549/779 1533/1551/779
f 1531/1549/852 1491/1509/852 1490/1508/852
f 1490/1508/852 1529/1547/852 1531/1549/852
f 1529/1547/780 1490/1508/780 1489/1507/780
f 1489/1507/780 1527/1545/780 1529/1547/780
f 1527/1545/781 1489/1507/781 1488/1506/781
f 1488/1506/781 1525/1543/781 1527/1545/781
f 1525/1543/239 1488/1506/239 1487/1505/239
f 1487/1505/239 1523/1541/239 1525/1543/239
f 1523/1541/853 1487/1505/853 1486/1504/853
f 1486/1504/853 1521/1539/853 1523/1541/853
f 1521/1539/854 1486/1504/854 1485/1503/854
f 1485/1503/854 1519/1537/854 1521/1539/854
f 1519/1537/855 1485/1503/855 1502/1520/855
f 1502/1520/855 1517/1535/855 1519/1537/855
f 1517/1535/782 1502/1520/782 1501/1519/782
f 1501/1519/782 1515/1533/782 1517/1535/782
f 1539/1557/227 1540/1558/227 1541/1559/227
f 1541/1559/227 1542/1560/227 1543/1561/227
f 1543/1561/227 1544/1562/227 1545/1563/227
f 1541/1559/227 1543/1561/227 1545/1563/227
f 1545/1563/227 1546/1564/227 1547/1565/227
f 1547/1565/227 1548/1566/227 1549/1567/227
f 1545/1563/227 1547/1565/227 1549/1567/227
f 1541/1559/227 1545/1563/227 1549/1567/227
f 1549/1567/227 1550/1568/227 1551/1569/227
f 1551/1569/227 1552/1570/227 1553/1571/227
f 1549/1567/227 1551/1569/227 1553/1571/227
f 1541/1559/227 1549/1567/227 1553/1571/227
f 1539/1557/227 1541/1559/227 1553/1571/227
f 1553/1571/227 1554/1572/227 1555/1573/227
f 1539/1557/227 1553/1571/227 1555/1573/227
f 1556/1574/227 1539/1557/227 1555/1573/227
f 1557/1575/917 1514/1532/917 1512/1530/917
f 1512/1530/917 1558/1576/917 1557/1575/917
f 1558/1576/852 1512/1530/852 1510/1528/852
f 1510/1528/852 1559/1577/852 1558/1576/852
f 1559/1577/1307 1510/1528/1307 1508/1526/1307
f 1508/1526/918 1560/1578/918 1559/1577/918
f 1560/1578/781 1508/1526/781 1506/1524/781
f 1506/1524/781 1561/1579/781 1560/1578/781
f 1561/1579/239 1506/1524/239 1503/1521/239
f 1503/1521/239 1562/1580/239 1561/1579/239
f 1562/1580/853 1503/1521/853 1538/1556/853
f 1538/1556/853 1563/1581/853 1562/1580/853
f 1563/1581/919 1538/1556/919 1536/1554/919
f 1536/1554/919 1564/1582/919 1563/1581/919
f 1564/1582/855 1536/1554/855 1534/1552/855
f 1534/1552/855 1565/1583/855 1564/1582/855
f 1565/1583/920 1534/1552/920 1532/1550/920
f 1532/1550/782 1566/1584/782 1565/1583/782
f 1566/1584/856 1532/1550/856 1530/1548/856
f 1530/1548/857 1567/1585/857 1566/1584/857
f 1567/1585/783 1530/1548/783 1528/1546/783
f 1528/1546/783 1568/1586/783 1567/1585/783
f 1568/1586/921 1528/1546/921 1526/1544/921
f 1526/1544/921 1569/1587/921 1568/1586/921
f 1569/1587/784 1526/1544/784 1524/1542/784
f 1524/1542/784 1570/1588/784 1569/1587/784
f 1570/1588/217 1524/1542/217 1522/1540/217
f 1522/1540/217 1571/1589/217 1570/1588/217
f 1571/1589/859 1522/1540/859 1520/1538/859
f 1520/1538/859 1572/1590/859 1571/1589/859
f 1572/1590/1308 1520/1538/1308 1518/1536/1308
f 1518/1536/922 1573/1591/922 1572/1590/922
f 1573/1591/861 1518/1536/861 1516/1534/861
f 1516/1534/861 1574/1592/861 1573/1591/861
f 1574/1592/863 1516/1534/863 1514/1532/863
f 1514/1532/863 1557/1575/863 1574/1592/863
f 1575/1593/601 1576/1594/601 1577/1595/601
f 1577/1595/601 1578/1596/601 1575/1593/601
f 1579/1597/923 1575/1593/923 1578/1596/923
f 1578/1596/923 1580/1598/923 1579/1597/923
f 1581/1599/227 1579/1597/227 1580/1598/227
f 1580/1598/227 1582/1600/227 1581/1599/227
f 1576/1594/927 1581/1599/927 1582/1600/927
f 1582/1600/927 1577/1595/927 1576/1594/927
f 1583/1601/1309 1584/1602/1309 1585/1603/1310
f 1585/1603/1310 1586/1604/1310 1583/1601/1309
f 1587/1605/1311 1588/1606/1311 1575/1593/1311
f 1575/1593/930 1579/1597/930 1587/1605/930
f 1589/1607/1312 1587/1605/1312 1579/1597/1312
f 1579/1597/1312 1581/1599/1313 1589/1607/1312
f 1590/1608/1314 1589/1607/1314 1581/1599/1314
f 1581/1599/934 1576/1594/934 1590/1608/934
f 1591/1609/1315 1592/1610/1315 1584/1602/1315
f 1584/1602/1315 1583/1601/1315 1591/1609/1315
f 1593/1611/1316 1594/1612/1316 1588/1606/1316
f 1588/1606/1317 1587/1605/1317 1593/1611/1317
f 1595/1613/1318 1593/1611/1318 1587/1605/1318
f 1587/1605/1318 1589/1607/1318 1595/1613/1318
f 1596/1614/1319 1595/1613/1319 1589/1607/1319
f 1589/1607/1320 1590/1608/1320 1596/1614/1320
f 1580/1598/861 1578/1596/861 1577/1595/861
f 1577/1595/861 1582/1600/861 1580/1598/861
f 1596/1614/1321 1594/1612/1322 1593/1611/1322
f 1593/1611/1322 1595/1613/1321 1596/1614/1321
f 1575/1593/1323 1586/1604/1324 1585/1603/1325
f 1585/1603/1325 1576/1594/1325 1575/1593/1323
f 1576/1594/1326 1585/1603/1326 1584/1602/1326
f 1584/1602/1327 1590/1608/1327 1576/1594/1327
f 1590/1608/1328 1584/1602/1328 1592/1610/1328
f 1592/1610/1329 1596/1614/1329 1590/1608/1329
f 1596/1614/1330 1592/1610/1331 1591/1609/1332
f 1591/1609/1332 1594/1612/1332 1596/1614/1330
f 1594/1612/1333 1591/1609/1333 1583/1601/1333
f 1583/1601/1334 1588/1606/1334 1594/1612/1334
f 1588/1606/1335 1583/1601/1335 1586/1604/1335
f 1586/1604/1336 1575/1593/1336 1588/1606/1336
f 1597/1615/601 1598/1616/601 1599/1617/601
f 1599/1617/601 1600/1618/601 1597/1615/601
f 1601/1619/958 1597/1615/958 1600/1618/958
f 1600/1618/958 1602/1620/958 1601/1619/958
f 1603/1621/227 1601/1619/227 1602/1620/227
f 1602/1620/227 1604/1622/246 1603/1621/227
f 1598/1616/959 1603/1621/959 1604/1622/959
f 1604/1622/959 1599/1617/959 1598/1616/959
f 1605/1623/1337 1606/1624/1337 1607/1625/1337
f 1607/1625/1337 1608/1626/1338 1605/1623/1337
f 1609/1627/1339 1610/1628/1339 1597/1615/1339
f 1597/1615/1340 1601/1619/1340 1609/1627/1340
f 1611/1629/1341 1609/1627/1342 1601/1619/1343
f 1601/1619/1343 1603/1621/1343 1611/1629/1341
f 1612/1630/1344 1611/1629/1344 1603/1621/1344
f 1603/1621/1345 1598/1616/1345 1612/1630/1345
f 1613/1631/1346 1614/1632/1346 1606/1624/1346
f 1606/1624/1346 1605/1623/1346 1613/1631/1346
f 1615/1633/1347 1616/1634/1347 1610/1628/1347
f 1610/1628/1348 1609/1627/1348 1615/1633/1348
f 1617/1635/1349 1615/1633/1349 1609/1627/1349
f 1609/1627/1349 1611/1629/1349 1617/1635/1349
f 1618/1636/1350 1617/1635/1350 1611/1629/1350
f 1611/1629/1351 1612/1630/1351 1618/1636/1351
f 1602/1620/217 1600/1618/217 1599/1617/217
f 1599/1617/217 1604/1622/217 1602/1620/217
f 1618/1636/1352 1616/1634/1352 1615/1633/1352
f 1615/1633/1352 1617/1635/1352 1618/1636/1352
f 1597/1615/1353 1608/1626/1353 1607/1625/1354
f 1607/1625/1354 1598/1616/1354 1597/1615/1353
f 1598/1616/1355 1607/1625/1355 1606/1624/1355
f 1606/1624/1356 1612/1630/1356 1598/1616/1356
f 1612/1630/1357 1606/1624/1357 1614/1632/1357
f 1614/1632/1358 1618/1636/1358 1612/1630/1358
f 1618/1636/1359 1614/1632/1359 1613/1631/1360
f 1613/1631/1360 1616/1634/1360 1618/1636/1359
f 1616/1634/1361 1613/1631/1361 1605/1623/1361
f 1605/1623/1362 1610/1628/1362 1616/1634/1362
f 1610/1628/1363 1605/1623/1363 1608/1626/1363
f 1608/1626/1364 1597/1615/1364 1610/1628/1364
f 1619/1637/601 1620/1638/601 1621/1639/601
f 1621/1639/601 1622/1640/601 1619/1637/601
f 1623/1641/987 1619/1637/987 1622/1640/987
f 1622/1640/987 1624/1642/987 1623/1641/987
f 1625/1643/227 1623/1641/227 1624/1642/227
f 1624/1642/227 1626/1644/227 1625/1643/227
f 1620/1638/991 1625/1643/991 1626/1644/991
f 1626/1644/991 1621/1639/991 1620/1638/991
f 1627/1645/1365 1628/1646/1365 1629/1647/1365
f 1629/1647/1365 1630/1648/1365 1627/1645/1365
f 1631/1649/1366 1632/1650/1366 1619/1637/1366
f 1619/1637/993 1623/1641/993 1631/1649/993
f 1633/1651/1367 1631/1649/1367 1623/1641/1367
f 1623/1641/1367 1625/1643/1367 1633/1651/1367
f 1634/1652/1368 1633/1651/1368 1625/1643/1368
f 1625/1643/997 1620/1638/997 1634/1652/997
f 1635/1653/1369 1636/1654/1369 1628/1646/1369
f 1628/1646/1369 1627/1645/1369 1635/1653/1369
f 1637/1655/1370 1638/1656/1370 1632/1650/1370
f 1632/1650/1371 1631/1649/1371 1637/1655/1371
f 1639/1657/1372 1637/1655/1372 1631/1649/1372
f 1631/1649/1372 1633/1651/1372 1639/1657/1372
f 1640/1658/1373 1639/1657/1373 1633/1651/1373
f 1633/1651/1374 1634/1652/1374 1640/1658/1374
f 1624/1642/852 1622/1640/852 1621/1639/852
f 1621/1639/852 1626/1644/852 1624/1642/852
f 1640/1658/1375 1638/1656/1376 1637/1655/1376
f 1637/1655/1376 1639/1657/1375 1640/1658/1375
f 1619/1637/1377 1630/1648/1378 1629/1647/1379
f 1629/1647/1379 1620/1638/1379 1619/1637/1377
f 1620/1638/1380 1629/1647/1380 1628/1646/1380
f 1628/1646/1381 1634/1652/1381 1620/1638/1381
f 1634/1652/1382 1628/1646/1382 1636/1654/1382
f 1636/1654/1383 1640/1658/1383 1634/1652/1383
f 1640/1658/1384 1636/1654/1384 1635/1653/1385
f 1635/1653/1385 1638/1656/1385 1640/1658/1384
f 1638/1656/1386 1635/1653/1386 1627/1645/1386
f 1627/1645/1387 1632/1650/1387 1638/1656/1387
f 1632/1650/1388 1627/1645/1388 1630/1648/1388
f 1630/1648/1389 1619/1637/1389 1632/1650/1389
f 1641/1659/601 1642/1660/601 1643/1661/601
f 1643/1661/601 1644/1662/601 1641/1659/601
f 1645/1663/1021 1641/1659/1021 1644/1662/1021
f 1644/1662/1021 1646/1664/1021 1645/1663/1021
f 1647/1665/227 1645/1663/227 1646/1664/227
f 1646/1664/227 1648/1666/915 1647/1665/227
f 1642/1660/1023 1647/1665/1023 1648/1666/1023
f 1648/1666/1023 1643/1661/1023 1642/1660/1023
f 1649/1667/1390 1650/1668/1390 1651/1669/1390
f 1651/1669/1390 1652/1670/1391 1649/1667/1390
f 1653/1671/1392 1654/1672/1392 1641/1659/1392
f 1641/1659/1025 1645/1663/1025 1653/1671/1025
f 1655/1673/1393 1653/1671/1394 1645/1663/1393
f 1645/1663/1393 1647/1665/1393 1655/1673/1393
f 1656/1674/1395 1655/1673/1395 1647/1665/1395
f 1647/1665/1396 1642/1660/1396 1656/1674/1396
f 1657/1675/1397 1658/1676/1397 1650/1668/1397
f 1650/1668/1397 1649/1667/1397 1657/1675/1397
f 1659/1677/1398 1660/1678/1398 1654/1672/1398
f 1654/1672/1399 1653/1671/1399 1659/1677/1399
f 1661/1679/1400 1659/1677/1400 1653/1671/1400
f 1653/1671/1400 1655/1673/1400 1661/1679/1400
f 1662/1680/1401 1661/1679/1401 1655/1673/1401
f 1655/1673/1402 1656/1674/1402 1662/1680/1402
f 1646/1664/239 1644/1662/239 1643/1661/239
f 1643/1661/239 1648/1666/239 1646/1664/239
f 1662/1680/1403 1660/1678/1403 1659/1677/1403
f 1659/1677/1403 1661/1679/1403 1662/1680/1403
f 1641/1659/1404 1652/1670/1404 1651/1669/1405
f 1651/1669/1405 1642/1660/1405 1641/1659/1404
f 1642/1660/1406 1651/1669/1406 1650/1668/1406
f 1650/1668/1407 1656/1674/1407 1642/1660/1407
f 1656/1674/1408 1650/1668/1408 1658/1676/1408
f 1658/1676/1409 1662/1680/1409 1656/1674/1409
f 1662/1680/1410 1658/1676/1410 1657/1675/1411
f 1657/1675/1411 1660/1678/1411 1662/1680/1410
f 1660/1678/1412 1657/1675/1412 1649/1667/1412
f 1649/1667/1413 1654/1672/1413 1660/1678/1413
f 1654/1672/1414 1649/1667/1414 1652/1670/1414
f 1652/1670/1415 1641/1659/1415 1654/1672/1415
f 1663/1681/601 1664/1682/601 1665/1683/601
f 1665/1683/601 1666/1684/601 1663/1681/601
f 1667/1685/1050 1663/1681/1050 1666/1684/1050
f 1666/1684/1050 1668/1686/1050 1667/1685/1050
f 1669/1687/227 1667/1685/227 1668/1686/227
f 1668/1686/227 1670/1688/227 1669/1687/227
f 1664/1682/1053 1669/1687/1053 1670/1688/1053
f 1670/1688/1053 1665/1683/1053 1664/1682/1053
f 1671/1689/1416 1672/1690/1416 1673/1691/1417
f 1673/1691/1417 1674/1692/1417 1671/1689/1416
f 1675/1693/1418 1676/1694/1418 1663/1681/1418
f 1663/1681/1057 1667/1685/1057 1675/1693/1057
f 1677/1695/1419 1675/1693/1419 1667/1685/1420
f 1667/1685/1420 1669/1687/1420 1677/1695/1419
f 1678/1696/1421 1677/1695/1421 1669/1687/1421
f 1669/1687/1061 1664/1682/1061 1678/1696/1061
f 1679/1697/1422 1680/1698/1422 1672/1690/1422
f 1672/1690/1422 1671/1689/1422 1679/1697/1422
f 1681/1699/1423 1682/1700/1423 1676/1694/1423
f 1676/1694/1424 1675/1693/1424 1681/1699/1424
f 1683/1701/1425 1681/1699/1425 1675/1693/1425
f 1675/1693/1425 1677/1695/1425 1683/1701/1425
f 1684/1702/1426 1683/1701/1426 1677/1695/1426
f 1677/1695/1427 1678/1696/1427 1684/1702/1427
f 1668/1686/855 1666/1684/855 1665/1683/855
f 1665/1683/855 1670/1688/855 1668/1686/855
f 1684/1702/1428 1682/1700/1429 1681/1699/1429
f 1681/1699/1429 1683/1701/1428 1684/1702/1428
f 1663/1681/1430 1674/1692/1431 1673/1691/1432
f 1673/1691/1432 1664/1682/1432 1663/1681/1430
f 1664/1682/1433 1673/1691/1433 1672/1690/1433
f 1672/1690/1434 1678/1696/1434 1664/1682/1434
f 1678/1696/1435 1672/1690/1435 1680/1698/1435
f 1680/1698/1436 1684/1702/1436 1678/1696/1436
f 1684/1702/1437 1680/1698/1437 1679/1697/1438
f 1679/1697/1438 1682/1700/1438 1684/1702/1437
f 1682/1700/1439 1679/1697/1439 1671/1689/1439
f 1671/1689/1440 1676/1694/1440 1682/1700/1440
f 1676/1694/1441 1671/1689/1441 1674/1692/1441
f 1674/1692/1442 1663/1681/1442 1676/1694/1442
f 1685/1703/601 1686/1704/601 1687/1705/601
f 1687/1705/601 1688/1706/601 1685/1703/601
f 1689/1707/1086 1685/1703/1086 1688/1706/1086
f 1688/1706/1086 1690/1708/1086 1689/1707/1086
f 1691/1709/227 1689/1707/227 1690/1708/227
f 1690/1708/227 1692/1710/227 1691/1709/227
f 1686/1704/1089 1691/1709/1089 1692/1710/1089
f 1692/1710/1089 1687/1705/1089 1686/1704/1089
f 1693/1711/1443 1694/1712/1443 1695/1713/1443
f 1695/1713/1443 1696/1714/1444 1693/1711/1443
f 1697/1715/1445 1698/1716/1445 1685/1703/1445
f 1685/1703/1446 1689/1707/1446 1697/1715/1446
f 1699/1717/1447 1697/1715/1447 1689/1707/1447
f 1689/1707/1447 1691/1709/1448 1699/1717/1447
f 1700/1718/1449 1699/1717/1449 1691/1709/1449
f 1691/1709/1096 1686/1704/1096 1700/1718/1096
f 1701/1719/1450 1702/1720/1450 1694/1712/1450
f 1694/1712/1450 1693/1711/1450 1701/1719/1450
f 1703/1721/1451 1704/1722/1451 1698/1716/1451
f 1698/1716/1452 1697/1715/1452 1703/1721/1452
f 1705/1723/1453 1703/1721/1453 1697/1715/1453
f 1697/1715/1453 1699/1717/1453 1705/1723/1453
f 1706/1724/1454 1705/1723/1454 1699/1717/1454
f 1699/1717/1455 1700/1718/1455 1706/1724/1455
f 1690/1708/783 1688/1706/783 1687/1705/783
f 1687/1705/783 1692/1710/783 1690/1708/783
f 1706/1724/1456 1704/1722/1457 1703/1721/1457
f 1703/1721/1457 1705/1723/1456 1706/1724/1456
f 1685/1703/1458 1696/1714/1458 1695/1713/1459
f 1695/1713/1459 1686/1704/1459 1685/1703/1458
f 1686/1704/1460 1695/1713/1460 1694/1712/1460
f 1694/1712/1461 1700/1718/1461 1686/1704/1461
f 1700/1718/1462 1694/1712/1462 1702/1720/1462
f 1702/1720/1463 1706/1724/1463 1700/1718/1463
f 1706/1724/1464 1702/1720/1464 1701/1719/1465
f 1701/1719/1465 1704/1722/1465 1706/1724/1464
f 1704/1722/1466 1701/1719/1466 1693/1711/1466
f 1693/1711/1467 1698/1716/1467 1704/1722/1467
f 1698/1716/1468 1693/1711/1468 1696/1714/1468
f 1696/1714/1469 1685/1703/1469 1698/1716/1469
f 1707/1725/601 1708/1726/601 1709/1727/601
f 1708/1726/601 1707/1725/601 1710/1728/601
f 1711/1729/601 1708/1726/601 1710/1728/601
f 1711/1729/601 1710/1728/601 1712/1730/601
f 1713/1731/601 1711/1729/601 1712/1730/601
f 1713/1731/601 1712/1730/601 1714/1732/601
f 1715/1733/601 1713/1731/601 1714/1732/601
f 1715/1733/601 1714/1732/601 1716/1734/601
f 1717/1735/601 1715/1733/601 1716/1734/601
f 1717/1735/601 1716/1734/601 1718/1736/601
f 1719/1737/601 1717/1735/601 1718/1736/601
f 1719/1737/601 1718/1736/601 1720/1738/601
f 1721/1739/601 1719/1737/601 1720/1738/601
f 1721/1739/601 1720/1738/601 1722/1740/601
f 1723/1741/601 1721/1739/601 1722/1740/601
f 1723/1741/601 1722/1740/601 1724/1742/601
f 1725/1743/601 1723/1741/601 1724/1742/601
f 1725/1743/601 1724/1742/601 1726/1744/601
f 1727/1745/601 1725/1743/601 1726/1744/601
f 1727/1745/601 1726/1744/601 1728/1746/601
f 1729/1747/601 1727/1745/601 1728/1746/601
f 1729/1747/601 1728/1746/601 1730/1748/601
f 1731/1749/601 1729/1747/601 1730/1748/601
f 1731/1749/601 1730/1748/601 1732/1750/601
f 1733/1751/601 1731/1749/601 1732/1750/601
f 1733/1751/601 1732/1750/601 1734/1752/601
f 1735/1753/601 1733/1751/601 1734/1752/601
f 1735/1753/601 1734/1752/601 1736/1754/601
f 1737/1755/601 1735/1753/601 1736/1754/601
f 1737/1755/601 1736/1754/601 1738/1756/601
f 1739/1757/601 1737/1755/601 1738/1756/601
f 1739/1757/601 1738/1756/601 1740/1758/601
f 1741/1759/601 1739/1757/601 1740/1758/601
f 1741/1759/601 1740/1758/601 1742/1760/601
f 1709/1727/601 1741/1759/601 1742/1760/601
f 1707/1725/601 1709/1727/601 1742/1760/601
f 1743/1761/793 1744/1762/793 1745/1763/792
f 1745/1763/792 1746/1764/792 1743/1761/793
f 1747/1765/1120 1746/1764/1120 1745/1763/1120
f 1745/1763/1120 1748/1766/1120 1747/1765/1120
f 1749/1767/795 1750/1768/795 1751/1769/794
f 1751/1769/794 1752/1770/794 1749/1767/795
f 1752/1770/1121 1751/1769/1121 1753/1771/1121
f 1753/1771/1121 1754/1772/1121 1752/1770/1121
f 1755/1773/1131 1756/1774/1131 1757/1775/796
f 1757/1775/796 1758/1776/796 1755/1773/1131
f 1759/1777/732 1758/1776/732 1757/1775/732
f 1757/1775/732 1760/1778/732 1759/1777/732
f 1761/1779/798 1762/1780/798 1763/1781/797
f 1763/1781/797 1764/1782/797 1761/1779/798
f 1765/1783/800 1766/1784/1470 1767/1785/801
f 1767/1785/801 1768/1786/801 1765/1783/800
f 1769/1787/803 1770/1788/803 1771/1789/803
f 1771/1789/803 1772/1790/803 1769/1787/803
f 1773/1791/1133 1774/1792/1471 1775/1793/806
f 1775/1793/806 1776/1794/806 1773/1791/1133
f 1777/1795/738 1776/1794/738 1775/1793/738
f 1775/1793/738 1778/1796/738 1777/1795/738
f 1779/1797/807 1780/1798/807 1781/1799/807
f 1781/1799/807 1782/1800/807 1779/1797/807
f 1783/1801/1135 1784/1802/1135 1785/1803/810
f 1785/1803/810 1786/1804/810 1783/1801/1135
f 1786/1804/743 1785/1803/743 1787/1805/743
f 1787/1805/743 1788/1806/743 1786/1804/743
f 1783/1801/811 1716/1734/811 1714/1732/811
f 1714/1732/811 1746/1764/811 1783/1801/811
f 1746/1764/813 1714/1732/813 1712/1730/813
f 1712/1730/813 1743/1761/813 1746/1764/813
f 1743/1761/814 1712/1730/1242 1710/1728/814
f 1710/1728/814 1752/1770/814 1743/1761/814
f 1752/1770/816 1710/1728/816 1707/1725/816
f 1707/1725/816 1749/1767/816 1752/1770/816
f 1749/1767/817 1707/1725/817 1742/1760/817
f 1742/1760/817 1758/1807/817 1749/1767/817
f 1758/1807/821 1742/1760/821 1740/1758/821
f 1740/1758/821 1755/1808/821 1758/1807/821
f 1755/1808/822 1740/1758/822 1738/1756/1139
f 1738/1756/1139 1764/1809/1139 1755/1808/822
f 1764/1809/824 1738/1756/824 1736/1754/824
f 1736/1754/824 1761/1779/824 1764/1809/824
f 1761/1779/825 1736/1754/825 1734/1752/825
f 1734/1752/825 1768/1786/825 1761/1779/825
f 1768/1786/827 1734/1752/827 1732/1750/827
f 1732/1750/827 1765/1783/827 1768/1786/827
f 1765/1783/1244 1732/1750/1472 1730/1748/828
f 1730/1748/828 1772/1790/828 1765/1783/1244
f 1772/1790/829 1730/1748/829 1728/1746/829
f 1728/1746/829 1769/1787/829 1772/1790/829
f 1769/1787/832 1728/1746/832 1726/1744/832
f 1726/1744/832 1776/1794/832 1769/1787/832
f 1776/1794/834 1726/1744/834 1724/1742/834
f 1724/1742/834 1773/1791/834 1776/1794/834
f 1773/1791/836 1724/1742/836 1722/1740/836
f 1722/1740/836 1782/1800/836 1773/1791/836
f 1782/1800/837 1722/1740/1138 1720/1738/837
f 1720/1738/837 1779/1797/837 1782/1800/837
f 1779/1797/839 1720/1738/839 1718/1736/839
f 1718/1736/839 1786/1804/839 1779/1797/839
f 1786/1804/841 1718/1736/841 1716/1734/841
f 1716/1734/841 1783/1801/841 1786/1804/841
f 1789/1810/827 1715/1733/827 1717/1735/827
f 1717/1735/827 1790/1811/827 1789/1810/827
f 1790/1811/825 1717/1735/825 1719/1737/825
f 1719/1737/825 1791/1812/825 1790/1811/825
f 1791/1812/824 1719/1737/824 1721/1739/824
f 1721/1739/824 1792/1813/824 1791/1812/824
f 1792/1813/822 1721/1739/822 1723/1741/822
f 1723/1741/1139 1793/1814/1139 1792/1813/1139
f 1793/1814/820 1723/1741/820 1725/1743/820
f 1725/1743/821 1794/1815/821 1793/1814/821
f 1794/1815/817 1725/1743/817 1727/1745/817
f 1727/1745/817 1795/1816/817 1794/1815/817
f 1795/1816/816 1727/1745/816 1729/1747/816
f 1729/1747/816 1796/1817/816 1795/1816/816
f 1796/1817/1473 1729/1747/1473 1731/1749/1473
f 1731/1749/814 1797/1818/814 1796/1817/814
f 1797/1818/813 1731/1749/813 1733/1751/813
f 1733/1751/813 1798/1819/813 1797/1818/813
f 1798/1819/811 1733/1751/811 1735/1753/811
f 1735/1753/811 1799/1820/811 1798/1819/811
f 1799/1820/841 1735/1753/841 1737/1755/841
f 1737/1755/841 1800/1821/841 1799/1820/841
f 1800/1821/839 1737/1755/839 1739/1757/839
f 1739/1757/839 1801/1822/839 1800/1821/839
f 1801/1822/837 1739/1757/837 1741/1759/837
f 1741/1759/837 1802/1823/837 1801/1822/837
f 1802/1823/836 1741/1759/836 1709/1727/836
f 1709/1727/836 1803/1824/836 1802/1823/836
f 1803/1824/834 1709/1727/834 1708/1726/834
f 1708/1726/834 1804/1825/834 1803/1824/834
f 1804/1825/832 1708/1726/832 1711/1729/832
f 1711/1729/832 1805/1826/832 1804/1825/832
f 1805/1826/830 1711/1729/830 1713/1731/830
f 1713/1731/830 1806/1827/830 1805/1826/830
f 1806/1827/828 1713/1731/828 1715/1733/828
f 1715/1733/828 1789/1810/828 1806/1827/828
f 1783/1801/779 1746/1764/779 1747/1765/779
f 1747/1765/779 1807/1828/779 1783/1801/779
f 1752/1770/780 1754/1772/780 1808/1829/780
f 1808/1829/780 1743/1761/780 1752/1770/780
f 1750/1768/781 1809/1830/781 1753/1771/781
f 1753/1771/781 1751/1769/781 1750/1768/781
f 1768/1786/782 1810/1831/782 1811/1832/782
f 1811/1832/782 1761/1779/782 1768/1786/782
f 1772/1790/783 1812/1833/783 1813/1834/783
f 1813/1834/783 1765/1783/783 1772/1790/783
f 1769/1787/784 1776/1794/784 1777/1795/784
f 1777/1795/784 1814/1835/784 1769/1787/784
f 1755/1773/1130 1815/1836/785 1816/1837/785
f 1816/1837/785 1756/1774/1130 1755/1773/1130
f 1762/1780/786 1761/1779/786 1811/1832/786
f 1811/1832/786 1817/1838/786 1762/1780/786
f 1766/1784/787 1765/1783/787 1813/1834/788
f 1813/1834/788 1818/1839/788 1766/1784/787
f 1774/1792/789 1773/1791/789 1819/1840/789
f 1819/1840/789 1820/1841/789 1774/1792/789
f 1780/1798/790 1779/1797/790 1821/1842/790
f 1821/1842/790 1822/1843/791 1780/1798/790
f 1823/1844/227 1824/1845/227 1825/1846/227
f 1823/1844/227 1825/1846/227 1826/1847/227
f 1827/1848/227 1823/1844/227 1826/1847/227
f 1827/1848/227 1826/1847/227 1828/1849/227
f 1829/1850/227 1827/1848/227 1828/1849/227
f 1829/1850/227 1828/1849/227 1830/1851/227
f 1831/1852/227 1829/1850/227 1830/1851/227
f 1831/1852/227 1830/1851/227 1832/1853/227
f 1833/1854/227 1831/1852/227 1832/1853/227
f 1833/1854/227 1832/1853/227 1834/1855/227
f 1835/1856/227 1833/1854/227 1834/1855/227
f 1835/1856/227 1834/1855/227 1836/1857/227
f 1837/1858/227 1835/1856/227 1836/1857/227
f 1837/1858/227 1836/1857/227 1838/1859/227
f 1839/1860/227 1837/1858/227 1838/1859/227
f 1839/1860/227 1838/1859/227 1840/1861/227
f 1841/1862/227 1839/1860/227 1840/1861/227
f 1841/1862/227 1840/1861/227 1842/1863/227
f 1843/1864/227 1841/1862/227 1842/1863/227
f 1843/1864/227 1842/1863/227 1844/1865/227
f 1845/1866/227 1843/1864/227 1844/1865/227
f 1845/1866/227 1844/1865/227 1846/1867/227
f 1847/1868/227 1845/1866/227 1846/1867/227
f 1847/1868/227 1846/1867/227 1848/1869/227
f 1849/1870/227 1847/1868/227 1848/1869/227
f 1849/1870/227 1848/1869/227 1850/1871/227
f 1851/1872/227 1849/1870/227 1850/1871/227
f 1851/1872/227 1850/1871/227 1852/1873/227
f 1853/1874/227 1851/1872/227 1852/1873/227
f 1853/1874/227 1852/1873/227 1854/1875/227
f 1855/1876/227 1853/1874/227 1854/1875/227
f 1855/1876/227 1854/1875/227 1856/1877/227
f 1857/1878/227 1855/1876/227 1856/1877/227
f 1857/1878/227 1856/1877/227 1858/1879/227
f 1824/1845/227 1857/1878/227 1858/1879/227
f 1824/1845/227 1858/1879/227 1825/1846/227
f 1808/1829/724 1747/1765/725 1748/1766/725
f 1748/1766/725 1859/1880/724 1808/1829/724
f 1860/1881/727 1754/1772/728 1753/1771/728
f 1753/1771/728 1809/1830/727 1860/1881/727
f 1815/1836/730 1759/1777/731 1760/1778/731
f 1760/1778/731 1816/1837/730 1815/1836/730
f 1811/1832/733 1861/1882/733 1862/1883/733
f 1862/1883/733 1817/1838/733 1811/1832/733
f 1862/1883/799 1861/1882/799 1764/1782/799
f 1764/1782/799 1763/1781/799 1862/1883/799
f 1813/1834/1474 1810/1831/1122 1863/1884/1122
f 1863/1884/1122 1818/1839/1474 1813/1834/1474
f 1863/1884/802 1810/1831/802 1768/1786/802
f 1768/1786/802 1767/1785/802 1863/1884/802
f 1814/1835/736 1812/1833/736 1864/1885/736
f 1864/1885/736 1865/1886/736 1814/1835/736
f 1864/1885/805 1812/1833/805 1772/1790/805
f 1772/1790/805 1771/1789/805 1864/1885/805
f 1819/1840/737 1777/1795/1123 1778/1796/737
f 1778/1796/737 1820/1841/737 1819/1840/737
f 1821/1842/739 1866/1887/739 1867/1888/739
f 1867/1888/739 1822/1843/739 1821/1842/739
f 1867/1888/809 1866/1887/809 1782/1800/809
f 1782/1800/809 1781/1799/809 1867/1888/809
f 1807/1828/740 1788/1806/741 1787/1805/741
f 1787/1805/741 1868/1889/740 1807/1828/740
f 1807/1828/744 1747/1765/744 1829/1850/744
f 1829/1850/744 1831/1852/744 1807/1828/744
f 1747/1765/745 1808/1829/745 1827/1848/745
f 1827/1848/745 1829/1850/745 1747/1765/745
f 1808/1829/747 1754/1772/1259 1823/1844/1259
f 1823/1844/1259 1827/1848/747 1808/1829/747
f 1754/1772/748 1860/1881/748 1824/1845/748
f 1824/1845/748 1823/1844/748 1754/1772/748
f 1860/1881/750 1759/1890/750 1857/1878/750
f 1857/1878/750 1824/1845/750 1860/1881/750
f 1759/1890/752 1815/1891/752 1855/1876/752
f 1855/1876/752 1857/1878/752 1759/1890/752
f 1815/1891/754 1861/1892/754 1853/1874/754
f 1853/1874/754 1855/1876/753 1815/1891/754
f 1861/1892/755 1811/1832/755 1851/1872/755
f 1851/1872/755 1853/1874/755 1861/1892/755
f 1811/1832/757 1810/1831/757 1849/1870/757
f 1849/1870/757 1851/1872/757 1811/1832/757
f 1810/1831/758 1813/1834/758 1847/1868/758
f 1847/1868/758 1849/1870/758 1810/1831/758
f 1813/1834/760 1812/1833/760 1845/1866/760
f 1845/1866/760 1847/1868/760 1813/1834/760
f 1812/1833/761 1814/1835/762 1843/1864/762
f 1843/1864/762 1845/1866/761 1812/1833/761
f 1814/1835/763 1777/1795/763 1841/1862/763
f 1841/1862/763 1843/1864/763 1814/1835/763
f 1777/1795/764 1819/1840/764 1839/1860/764
f 1839/1860/764 1841/1862/764 1777/1795/764
f 1819/1840/767 1866/1887/767 1837/1858/767
f 1837/1858/767 1839/1860/767 1819/1840/767
f 1866/1887/776 1821/1842/776 1835/1856/776
f 1835/1856/776 1837/1858/776 1866/1887/776
f 1821/1842/771 1788/1806/771 1833/1854/771
f 1833/1854/771 1835/1856/771 1821/1842/771
f 1788/1806/772 1807/1828/772 1831/1852/772
f 1831/1852/772 1833/1854/772 1788/1806/772
f 1869/1893/758 1870/1894/758 1832/1853/758
f 1832/1853/758 1830/1851/758 1869/1893/758
f 1870/1894/757 1871/1895/757 1834/1855/757
f 1834/1855/757 1832/1853/757 1870/1894/757
f 1871/1895/755 1872/1896/755 1836/1857/755
f 1836/1857/755 1834/1855/755 1871/1895/755
f 1872/1896/753 1873/1897/753 1838/1859/753
f 1838/1859/753 1836/1857/753 1872/1896/753
f 1873/1897/752 1874/1898/752 1840/1861/752
f 1840/1861/752 1838/1859/752 1873/1897/752
f 1874/1898/750 1875/1899/750 1842/1863/750
f 1842/1863/750 1840/1861/750 1874/1898/750
f 1875/1899/748 1876/1900/748 1844/1865/748
f 1844/1865/748 1842/1863/748 1875/1899/748
f 1876/1900/747 1877/1901/746 1846/1867/747
f 1846/1867/747 1844/1865/747 1876/1900/747
f 1877/1901/745 1878/1902/1253 1848/1869/745
f 1848/1869/745 1846/1867/745 1877/1901/745
f 1878/1902/1475 1879/1903/774 1850/1871/1475
f 1850/1871/1475 1848/1869/1475 1878/1902/1475
f 1879/1903/1129 1880/1904/775 1852/1873/1129
f 1852/1873/1129 1850/1871/1129 1879/1903/1129
f 1880/1904/770 1881/1905/771 1854/1875/771
f 1854/1875/771 1852/1873/770 1880/1904/770
f 1881/1905/776 1882/1906/776 1856/1877/776
f 1856/1877/776 1854/1875/776 1881/1905/776
f 1882/1906/767 1883/1907/767 1858/1879/767
f 1858/1879/767 1856/1877/767 1882/1906/767
f 1883/1907/764 1884/1908/764 1825/1846/764
f 1825/1846/764 1858/1879/764 1883/1907/764
f 1884/1908/1255 1885/1909/763 1826/1847/763
f 1826/1847/763 1825/1846/1255 1884/1908/1255
f 1885/1909/762 1886/1910/762 1828/1849/762
f 1828/1849/762 1826/1847/762 1885/1909/762
f 1886/1910/760 1869/1893/760 1830/1851/760
f 1830/1851/760 1828/1849/760 1886/1910/760
f 1744/1762/852 1859/1880/852 1748/1766/852
f 1748/1766/852 1745/1763/852 1744/1762/852
f 1749/1767/239 1758/1776/239 1759/1777/239
f 1759/1777/239 1860/1881/239 1749/1767/239
f 1757/1775/853 1756/1774/853 1816/1837/853
f 1816/1837/853 1760/1778/853 1757/1775/853
f 1755/1773/854 1764/1782/854 1861/1882/854
f 1861/1882/854 1815/1836/854 1755/1773/854
f 1763/1781/855 1762/1780/855 1817/1838/855
f 1817/1838/855 1862/1883/855 1763/1781/855
f 1767/1785/857 1766/1784/857 1818/1839/857
f 1818/1839/857 1863/1884/857 1767/1785/857
f 1770/1788/858 1865/1886/858 1864/1885/858
f 1864/1885/858 1771/1789/858 1770/1788/858
f 1775/1793/217 1774/1792/217 1820/1841/217
f 1820/1841/217 1778/1796/217 1775/1793/217
f 1782/1800/859 1866/1887/859 1819/1840/859
f 1819/1840/859 1773/1791/859 1782/1800/859
f 1781/1799/860 1780/1798/860 1822/1843/860
f 1822/1843/860 1867/1888/860 1781/1799/860
f 1786/1804/861 1788/1806/861 1821/1842/861
f 1821/1842/861 1779/1797/861 1786/1804/861
f 1784/1802/863 1868/1889/863 1787/1805/863
f 1787/1805/863 1785/1803/862 1784/1802/863
f 1744/1762/864 1743/1761/864 1808/1829/864
f 1808/1829/864 1859/1880/864 1744/1762/864
f 1749/1767/865 1860/1881/865 1809/1830/865
f 1809/1830/865 1750/1768/865 1749/1767/865
f 1769/1787/866 1814/1835/866 1865/1886/866
f 1865/1886/866 1770/1788/866 1769/1787/866
f 1783/1801/867 1807/1828/867 1868/1889/867
f 1868/1889/867 1784/1802/867 1783/1801/867
f 1887/1911/227 1888/1912/227 1889/1913/227
f 1889/1913/227 1890/1914/227 1891/1915/227
f 1887/1911/227 1889/1913/227 1891/1915/227
f 1892/1916/915 1887/1911/227 1891/1915/227
f 1887/1911/1265 1893/1917/1263 1894/1918/1265
f 1894/1918/1265 1888/1912/1476 1887/1911/1265
f 1888/1912/1267 1894/1918/1267 1895/1919/1267
f 1895/1919/1267 1889/1913/1267 1888/1912/1267
f 1889/1913/1268 1895/1919/1268 1896/1920/1268
f 1896/1920/1268 1890/1914/1477 1889/1913/1268
f 1890/1914/1270 1896/1920/1270 1897/1921/1270
f 1897/1921/1270 1891/1915/1478 1890/1914/1270
f 1891/1915/1273 1897/1921/1273 1898/1922/1273
f 1898/1922/1273 1892/1916/1273 1891/1915/1273
f 1892/1916/1274 1898/1922/1274 1893/1917/1274
f 1893/1917/1274 1887/1911/1275 1892/1916/1274
f 1899/1923/601 1900/1924/601 1901/1925/601
f 1901/1925/601 1902/1926/601 1903/1927/601
f 1899/1923/601 1901/1925/601 1903/1927/601
f 1904/1928/869 1899/1923/601 1903/1927/601
f 1893/1917/1479 1905/1929/1276 1906/1930/1480
f 1906/1930/1480 1894/1918/1480 1893/1917/1479
f 1894/1918/1280 1906/1930/1280 1907/1931/1481
f 1907/1931/1481 1895/1919/1481 1894/1918/1280
f 1895/1919/1482 1907/1931/1482 1908/1932/1483
f 1908/1932/1483 1896/1920/1483 1895/1919/1482
f 1896/1920/1484 1908/1932/1484 1909/1933/1287
f 1909/1933/1287 1897/1921/1485 1896/1920/1484
f 1897/1921/1288 1909/1933/1288 1910/1934/1486
f 1910/1934/1486 1898/1922/1486 1897/1921/1288
f 1898/1922/1487 1910/1934/1487 1905/1929/1487
f 1905/1929/1487 1893/1917/1487 1898/1922/1487
f 1905/1929/1292 1903/1927/1292 1902/1926/1292
f 1902/1926/1292 1906/1930/1292 1905/1929/1292
f 1906/1930/1488 1902/1926/1489 1901/1925/1295
f 1901/1925/1295 1907/1931/1490 1906/1930/1488
f 1907/1931/1491 1901/1925/1492 1900/1924/1493
f 1900/1924/1493 1908/1932/1493 1907/1931/1491
f 1908/1932/1299 1900/1924/1299 1899/1923/1299
f 1899/1923/1299 1909/1933/1299 1908/1932/1299
f 1909/1933/1303 1899/1923/1303 1904/1928/1301
f 1904/1928/1301 1910/1934/1301 1909/1933/1303
f 1910/1934/1306 1904/1928/1494 1903/1927/1495
f 1903/1927/1495 1905/1929/1495 1910/1934/1306
f 1911/1935/601 1912/1936/868 1913/1937/601
f 1913/1937/601 1914/1938/601 1915/1939/601
f 1915/1939/601 1916/1940/601 1917/1941/601
f 1913/1937/601 1915/1939/601 1917/1941/601
f 1917/1941/601 1918/1942/601 1919/1943/601
f 1919/1943/601 1920/1944/601 1921/1945/601
f 1917/1941/601 1919/1943/601 1921/1945/601
f 1913/1937/601 1917/1941/601 1921/1945/601
f 1921/1945/601 1922/1946/601 1923/1947/601
f 1923/1947/601 1924/1948/869 1925/1949/601
f 1921/1945/601 1923/1947/601 1925/1949/601
f 1913/1937/601 1921/1945/601 1925/1949/601
f 1911/1935/601 1913/1937/601 1925/1949/601
f 1925/1949/601 1926/1950/601 1927/1951/601
f 1911/1935/601 1925/1949/601 1927/1951/601
f 1928/1952/601 1911/1935/601 1927/1951/601
f 1929/1953/601 1930/1954/601 1931/1955/601
f 1930/1954/601 1929/1953/601 1932/1956/869
f 1933/1957/869 1930/1954/601 1932/1956/869
f 1933/1957/869 1932/1956/869 1934/1958/601
f 1935/1959/601 1933/1957/869 1934/1958/601
f 1935/1959/601 1934/1958/601 1936/1960/868
f 1937/1961/868 1935/1959/601 1936/1960/868
f 1937/1961/868 1936/1960/868 1938/1962/601
f 1939/1963/601 1937/1961/868 1938/1962/601
f 1939/1963/601 1938/1962/601 1940/1964/601
f 1941/1965/601 1939/1963/601 1940/1964/601
f 1941/1965/601 1940/1964/601 1942/1966/868
f 1943/1967/868 1941/1965/601 1942/1966/868
f 1943/1967/868 1942/1966/868 1944/1968/869
f 1945/1969/869 1943/1967/868 1944/1968/869
f 1945/1969/869 1944/1968/869 1946/1970/601
f 1947/1971/601 1945/1969/869 1946/1970/601
f 1947/1971/601 1946/1970/601 1948/1972/868
f 1949/1973/868 1947/1971/601 1948/1972/868
f 1949/1973/868 1948/1972/868 1950/1974/601
f 1951/1975/601 1949/1973/868 1950/1974/601
f 1951/1975/601 1950/1974/601 1952/1976/601
f 1953/1977/601 1951/1975/601 1952/1976/601
f 1953/1977/601 1952/1976/601 1954/1978/869
f 1955/1979/869 1953/1977/601 1954/1978/869
f 1955/1979/869 1954/1978/869 1956/1980/869
f 1957/1981/869 1955/1979/869 1956/1980/869
f 1957/1981/869 1956/1980/869 1958/1982/601
f 1959/1983/601 1957/1981/869 1958/1982/601
f 1959/1983/601 1958/1982/601 1960/1984/601
f 1961/1985/601 1959/1983/601 1960/1984/601
f 1961/1985/601 1960/1984/601 1962/1986/868
f 1963/1987/868 1961/1985/601 1962/1986/868
f 1963/1987/868 1962/1986/868 1964/1988/601
f 1931/1955/601 1963/1987/868 1964/1988/601
f 1929/1953/601 1931/1955/601 1964/1988/601
f 1941/1965/857 1927/1951/857 1926/1950/857
f 1926/1950/857 1939/1963/857 1941/1965/857
f 1939/1963/783 1926/1950/783 1925/1949/783
f 1925/1949/783 1937/1961/783 1939/1963/783
f 1937/1961/858 1925/1949/858 1924/1948/858
f 1924/1948/858 1935/1959/858 1937/1961/858
f 1935/1959/784 1924/1948/784 1923/1947/784
f 1923/1947/784 1933/1957/784 1935/1959/784
f 1933/1957/217 1923/1947/217 1922/1946/217
f 1922/1946/217 1930/1954/217 1933/1957/217
f 1930/1954/859 1922/1946/859 1921/1945/859
f 1921/1945/859 1931/1955/859 1930/1954/859
f 1931/1955/860 1921/1945/860 1920/1944/860
f 1920/1944/860 1963/1987/922 1931/1955/860
f 1963/1987/861 1920/1944/861 1919/1943/861
f 1919/1943/861 1961/1985/861 1963/1987/861
f 1961/1985/862 1919/1943/862 1918/1942/862
f 1918/1942/862 1959/1983/862 1961/1985/862
f 1959/1983/779 1918/1942/779 1917/1941/779
f 1917/1941/779 1957/1981/779 1959/1983/779
f 1957/1981/852 1917/1941/852 1916/1940/852
f 1916/1940/852 1955/1979/852 1957/1981/852
f 1955/1979/780 1916/1940/780 1915/1939/780
f 1915/1939/780 1953/1977/918 1955/1979/780
f 1953/1977/781 1915/1939/781 1914/1938/781
f 1914/1938/781 1951/1975/781 1953/1977/781
f 1951/1975/239 1914/1938/239 1913/1937/239
f 1913/1937/239 1949/1973/239 1951/1975/239
f 1949/1973/853 1913/1937/853 1912/1936/853
f 1912/1936/853 1947/1971/853 1949/1973/853
f 1947/1971/854 1912/1936/854 1911/1935/854
f 1911/1935/854 1945/1969/854 1947/1971/854
f 1945/1969/855 1911/1935/855 1928/1952/855
f 1928/1952/855 1943/1967/855 1945/1969/855
f 1943/1967/782 1928/1952/782 1927/1951/782
f 1927/1951/782 1941/1965/782 1943/1967/782
f 1965/1989/227 1966/1990/227 1967/1991/227
f 1967/1991/227 1968/1992/246 1969/1993/227
f 1969/1993/227 1970/1994/227 1971/1995/227
f 1967/1991/227 1969/1993/227 1971/1995/227
f 1971/1995/227 1972/1996/227 1973/1997/227
f 1973/1997/227 1974/1998/227 1975/1999/227
f 1971/1995/227 1973/1997/227 1975/1999/227
f 1967/1991/227 1971/1995/227 1975/1999/227
f 1975/1999/227 1976/2000/227 1977/2001/227
f 1977/2001/227 1978/2002/915 1979/2003/227
f 1975/1999/227 1977/2001/227 1979/2003/227
f 1967/1991/227 1975/1999/227 1979/2003/227
f 1965/1989/227 1967/1991/227 1979/2003/227
f 1979/2003/227 1980/2004/227 1981/2005/227
f 1965/1989/227 1979/2003/227 1981/2005/227
f 1982/2006/227 1965/1989/227 1981/2005/227
f 1983/2007/917 1940/1964/917 1938/1962/917
f 1938/1962/779 1984/2008/779 1983/2007/779
f 1984/2008/1496 1938/1962/1496 1936/1960/1496
f 1936/1960/1005 1985/2009/1005 1984/2008/1005
f 1985/2009/780 1936/1960/780 1934/1958/780
f 1934/1958/780 1986/2010/780 1985/2009/780
f 1986/2010/1497 1934/1958/1497 1932/1956/1497
f 1932/1956/781 1987/2011/781 1986/2010/781
f 1987/2011/239 1932/1956/239 1929/1953/239
f 1929/1953/239 1988/2012/239 1987/2011/239
f 1988/2012/853 1929/1953/853 1964/1988/853
f 1964/1988/853 1989/2013/853 1988/2012/853
f 1989/2013/1498 1964/1988/1498 1962/1986/1498
f 1962/1986/919 1990/2014/919 1989/2013/919
f 1990/2014/855 1962/1986/855 1960/1984/855
f 1960/1984/855 1991/2015/855 1990/2014/855
f 1991/2015/920 1960/1984/920 1958/1982/920
f 1958/1982/920 1992/2016/920 1991/2015/920
f 1992/2016/856 1958/1982/856 1956/1980/856
f 1956/1980/856 1993/2017/856 1992/2016/856
f 1993/2017/783 1956/1980/783 1954/1978/783
f 1954/1978/783 1994/2018/783 1993/2017/783
f 1994/2018/1499 1954/1978/1499 1952/1976/1499
f 1952/1976/921 1995/2019/921 1994/2018/921
f 1995/2019/784 1952/1976/784 1950/1974/784
f 1950/1974/784 1996/2020/784 1995/2019/784
f 1996/2020/217 1950/1974/217 1948/1972/217
f 1948/1972/217 1997/2021/217 1996/2020/217
f 1997/2021/859 1948/1972/859 1946/1970/859
f 1946/1970/859 1998/2022/859 1997/2021/859
f 1998/2022/860 1946/1970/860 1944/1968/860
f 1944/1968/860 1999/2023/860 1998/2022/860
f 1999/2023/1500 1944/1968/1500 1942/1966/1500
f 1942/1966/942 2000/2024/942 1999/2023/942
f 2000/2024/863 1942/1966/863 1940/1964/863
f 1940/1964/862 1983/2007/862 2000/2024/862
f 2001/2025/601 2002/2026/601 2003/2027/601
f 2003/2027/601 2004/2028/601 2001/2025/601
f 2005/2029/924 2001/2025/1501 2004/2028/924
f 2004/2028/924 2006/2030/925 2005/2029/924
f 2007/2031/227 2005/2029/227 2006/2030/227
f 2006/2030/227 2008/2032/227 2007/2031/227
f 2002/2026/927 2007/2031/926 2008/2032/927
f 2008/2032/927 2003/2027/927 2002/2026/927
f 2009/2033/1309 2010/2034/1310 2011/2035/1309
f 2011/2035/1309 2012/2036/1309 2009/2033/1309
f 2013/2037/1311 2014/2038/1311 2001/2025/1311
f 2001/2025/930 2005/2029/930 2013/2037/930
f 2015/2039/1312 2013/2037/1312 2005/2029/1312
f 2005/2029/1312 2007/2031/1313 2015/2039/1312
f 2016/2040/1502 2015/2039/1502 2007/2031/1502
f 2007/2031/1162 2002/2026/1162 2016/2040/1162
f 2017/2041/1315 2018/2042/1315 2010/2034/1315
f 2010/2034/1315 2009/2033/1315 2017/2041/1315
f 2019/2043/1316 2020/2044/1316 2014/2038/1316
f 2014/2038/1503 2013/2037/1503 2019/2043/1503
f 2021/2045/1318 2019/2043/1318 2013/2037/1318
f 2013/2037/1318 2015/2039/1318 2021/2045/1318
f 2022/2046/1504 2021/2045/1504 2015/2039/1504
f 2015/2039/1505 2016/2040/1505 2022/2046/1505
f 2006/2030/861 2004/2028/861 2003/2027/861
f 2003/2027/861 2008/2032/861 2006/2030/861
f 2022/2046/1506 2020/2044/1507 2019/2043/1507
f 2019/2043/1507 2021/2045/1506 2022/2046/1506
f 2001/2025/1508 2012/2036/1508 2011/2035/1508
f 2011/2035/1508 2002/2026/1508 2001/2025/1508
f 2002/2026/1509 2011/2035/1509 2010/2034/1509
f 2010/2034/1510 2016/2040/1510 2002/2026/1510
f 2016/2040/1511 2010/2034/1511 2018/2042/1511
f 2018/2042/1512 2022/2046/1512 2016/2040/1512
f 2022/2046/1513 2018/2042/1513 2017/2041/1514
f 2017/2041/1514 2020/2044/1514 2022/2046/1513
f 2020/2044/1333 2017/2041/1333 2009/2033/1333
f 2009/2033/1334 2014/2038/1334 2020/2044/1334
f 2014/2038/1515 2009/2033/1515 2012/2036/1515
f 2012/2036/1516 2001/2025/1516 2014/2038/1516
f 2023/2047/601 2024/2048/601 2025/2049/601
f 2025/2049/601 2026/2050/601 2023/2047/601
f 2027/2051/958 2023/2047/958 2026/2050/958
f 2026/2050/958 2028/2052/958 2027/2051/958
f 2029/2053/227 2027/2051/227 2028/2052/227
f 2028/2052/227 2030/2054/246 2029/2053/227
f 2024/2048/959 2029/2053/959 2030/2054/959
f 2030/2054/959 2025/2049/959 2024/2048/959
f 2031/2055/1337 2032/2056/1338 2033/2057/1337
f 2033/2057/1337 2034/2058/1337 2031/2055/1337
f 2035/2059/1517 2036/2060/1517 2023/2047/1517
f 2023/2047/1518 2027/2051/1518 2035/2059/1518
f 2037/2061/1341 2035/2059/1341 2027/2051/1343
f 2027/2051/1343 2029/2053/1343 2037/2061/1341
f 2038/2062/1344 2037/2061/1344 2029/2053/1344
f 2029/2053/1345 2024/2048/1345 2038/2062/1345
f 2039/2063/1346 2040/2064/1346 2032/2056/1346
f 2032/2056/1346 2031/2055/1346 2039/2063/1346
f 2041/2065/1347 2042/2066/1347 2036/2060/1347
f 2036/2060/1519 2035/2059/1519 2041/2065/1519
f 2043/2067/1349 2041/2065/1349 2035/2059/1349
f 2035/2059/1349 2037/2061/1349 2043/2067/1349
f 2044/2068/1520 2043/2067/1520 2037/2061/1520
f 2037/2061/1521 2038/2062/1521 2044/2068/1521
f 2028/2052/217 2026/2050/217 2025/2049/217
f 2025/2049/217 2030/2054/217 2028/2052/217
f 2044/2068/1352 2042/2066/1352 2041/2065/1352
f 2041/2065/1352 2043/2067/1352 2044/2068/1352
f 2023/2047/1522 2034/2058/1522 2033/2057/1354
f 2033/2057/1354 2024/2048/1354 2023/2047/1522
f 2024/2048/1523 2033/2057/1523 2032/2056/1523
f 2032/2056/1524 2038/2062/1524 2024/2048/1524
f 2038/2062/1357 2032/2056/1357 2040/2064/1357
f 2040/2064/1525 2044/2068/1525 2038/2062/1525
f 2044/2068/1359 2040/2064/1359 2039/2063/1526
f 2039/2063/1526 2042/2066/1526 2044/2068/1359
f 2042/2066/1527 2039/2063/1527 2031/2055/1527
f 2031/2055/1528 2036/2060/1528 2042/2066/1528
f 2036/2060/1529 2031/2055/1529 2034/2058/1529
f 2034/2058/1530 2023/2047/1530 2036/2060/1530
f 2045/2069/601 2046/2070/601 2047/2071/601
f 2047/2071/601 2048/2072/601 2045/2069/601
f 2049/2073/987 2045/2069/987 2048/2072/987
f 2048/2072/987 2050/2074/988 2049/2073/987
f 2051/2075/227 2049/2073/227 2050/2074/227
f 2050/2074/227 2052/2076/227 2051/2075/227
f 2046/2070/989 2051/2075/990 2052/2076/989
f 2052/2076/989 2047/2071/1531 2046/2070/989
f 2053/2077/1532 2054/2078/1532 2055/2079/1365
f 2055/2079/1365 2056/2080/1365 2053/2077/1532
f 2057/2081/1366 2058/2082/1366 2045/2069/1366
f 2045/2069/1533 2049/2073/1533 2057/2081/1533
f 2059/2083/1367 2057/2081/1367 2049/2073/1367
f 2049/2073/1367 2051/2075/1367 2059/2083/1367
f 2060/2084/1368 2059/2083/1368 2051/2075/1368
f 2051/2075/997 2046/2070/997 2060/2084/997
f 2061/2085/1369 2062/2086/1369 2054/2078/1369
f 2054/2078/1369 2053/2077/1369 2061/2085/1369
f 2063/2087/1534 2064/2088/1534 2058/2082/1534
f 2058/2082/1535 2057/2081/1535 2063/2087/1535
f 2065/2089/1372 2063/2087/1372 2057/2081/1372
f 2057/2081/1372 2059/2083/1372 2065/2089/1372
f 2066/2090/1373 2065/2089/1373 2059/2083/1373
f 2059/2083/1374 2060/2084/1374 2066/2090/1374
f 2050/2074/852 2048/2072/852 2047/2071/852
f 2047/2071/852 2052/2076/852 2050/2074/852
f 2066/2090/1375 2064/2088/1376 2063/2087/1376
f 2063/2087/1376 2065/2089/1375 2066/2090/1375
f 2045/2069/1536 2056/2080/1537 2055/2079/1538
f 2055/2079/1538 2046/2070/1539 2045/2069/1536
f 2046/2070/1540 2055/2079/1540 2054/2078/1540
f 2054/2078/1541 2060/2084/1541 2046/2070/1541
f 2060/2084/1382 2054/2078/1382 2062/2086/1382
f 2062/2086/1383 2066/2090/1383 2060/2084/1383
f 2066/2090/1542 2062/2086/1542 2061/2085/1543
f 2061/2085/1543 2064/2088/1543 2066/2090/1542
f 2064/2088/1544 2061/2085/1544 2053/2077/1544
f 2053/2077/1545 2058/2082/1545 2064/2088/1545
f 2058/2082/1546 2053/2077/1546 2056/2080/1546
f 2056/2080/1547 2045/2069/1547 2058/2082/1547
f 2067/2091/601 2068/2092/601 2069/2093/601
f 2069/2093/601 2070/2094/601 2067/2091/601
f 2071/2095/1021 2067/2091/1021 2070/2094/1021
f 2070/2094/1021 2072/2096/1021 2071/2095/1021
f 2073/2097/227 2071/2095/227 2072/2096/227
f 2072/2096/227 2074/2098/915 2073/2097/227
f 2068/2092/1023 2073/2097/1023 2074/2098/1023
f 2074/2098/1023 2069/2093/1023 2068/2092/1023
f 2075/2099/1390 2076/2100/1391 2077/2101/1390
f 2077/2101/1390 2078/2102/1390 2075/2099/1390
f 2079/2103/1548 2080/2104/1548 2067/2091/1548
f 2067/2091/1549 2071/2095/1549 2079/2103/1549
f 2081/2105/1550 2079/2103/1393 2071/2095/1550
f 2071/2095/1550 2073/2097/1550 2081/2105/1550
f 2082/2106/1551 2081/2105/1551 2073/2097/1551
f 2073/2097/1396 2068/2092/1396 2082/2106/1396
f 2083/2107/1397 2084/2108/1397 2076/2100/1397
f 2076/2100/1397 2075/2099/1397 2083/2107/1397
f 2085/2109/1398 2086/2110/1398 2080/2104/1398
f 2080/2104/1399 2079/2103/1399 2085/2109/1399
f 2087/2111/1400 2085/2109/1400 2079/2103/1400
f 2079/2103/1400 2081/2105/1400 2087/2111/1400
f 2088/2112/1401 2087/2111/1401 2081/2105/1401
f 2081/2105/1552 2082/2106/1552 2088/2112/1552
f 2072/2096/239 2070/2094/239 2069/2093/239
f 2069/2093/239 2074/2098/239 2072/2096/239
f 2088/2112/1403 2086/2110/1403 2085/2109/1403
f 2085/2109/1403 2087/2111/1403 2088/2112/1403
f 2067/2091/1553 2078/2102/1553 2077/2101/1405
f 2077/2101/1405 2068/2092/1405 2067/2091/1553
f 2068/2092/1554 2077/2101/1554 2076/2100/1554
f 2076/2100/1555 2082/2106/1555 2068/2092/1555
f 2082/2106/1556 2076/2100/1556 2084/2108/1556
f 2084/2108/1557 2088/2112/1557 2082/2106/1557
f 2088/2112/1558 2084/2108/1558 2083/2107/1559
f 2083/2107/1559 2086/2110/1559 2088/2112/1558
f 2086/2110/1560 2083/2107/1560 2075/2099/1560
f 2075/2099/1561 2080/2104/1561 2086/2110/1561
f 2080/2104/1414 2075/2099/1414 2078/2102/1414
f 2078/2102/1562 2067/2091/1562 2080/2104/1562
f 2089/2113/601 2090/2114/601 2091/2115/601
f 2091/2115/601 2092/2116/601 2089/2113/601
f 2093/2117/1051 2089/2113/1563 2092/2116/1051
f 2092/2116/1051 2094/2118/1209 2093/2117/1051
f 2095/2119/227 2093/2117/227 2094/2118/227
f 2094/2118/227 2096/2120/227 2095/2119/227
f 2090/2114/1053 2095/2119/1054 2096/2120/1053
f 2096/2120/1053 2091/2115/1053 2090/2114/1053
f 2097/2121/1417 2098/2122/1416 2099/2123/1417
f 2099/2123/1417 2100/2124/1417 2097/2121/1417
f 2101/2125/1418 2102/2126/1418 2089/2113/1418
f 2089/2113/1057 2093/2117/1057 2101/2125/1057
f 2103/2127/1419 2101/2125/1419 2093/2117/1420
f 2093/2117/1420 2095/2119/1420 2103/2127/1419
f 2104/2128/1564 2103/2127/1564 2095/2119/1564
f 2095/2119/1061 2090/2114/1061 2104/2128/1061
f 2105/2129/1422 2106/2130/1422 2098/2122/1422
f 2098/2122/1422 2097/2121/1422 2105/2129/1422
f 2107/2131/1565 2108/2132/1565 2102/2126/1565
f 2102/2126/1566 2101/2125/1566 2107/2131/1566
f 2109/2133/1425 2107/2131/1425 2101/2125/1425
f 2101/2125/1425 2103/2127/1425 2109/2133/1425
f 2110/2134/1567 2109/2133/1567 2103/2127/1567
f 2103/2127/1568 2104/2128/1568 2110/2134/1568
f 2094/2118/855 2092/2116/855 2091/2115/855
f 2091/2115/855 2096/2120/1069 2094/2118/855
f 2110/2134/1569 2108/2132/1429 2107/2131/1429
f 2107/2131/1429 2109/2133/1570 2110/2134/1569
f 2089/2113/1571 2100/2124/1571 2099/2123/1572
f 2099/2123/1572 2090/2114/1432 2089/2113/1571
f 2090/2114/1573 2099/2123/1573 2098/2122/1573
f 2098/2122/1574 2104/2128/1574 2090/2114/1574
f 2104/2128/1575 2098/2122/1575 2106/2130/1575
f 2106/2130/1576 2110/2134/1576 2104/2128/1576
f 2110/2134/1577 2106/2130/1577 2105/2129/1578
f 2105/2129/1578 2108/2132/1578 2110/2134/1577
f 2108/2132/1439 2105/2129/1439 2097/2121/1439
f 2097/2121/1440 2102/2126/1440 2108/2132/1440
f 2102/2126/1441 2097/2121/1441 2100/2124/1441
f 2100/2124/1442 2089/2113/1442 2102/2126/1442
f 2111/2135/601 2112/2136/601 2113/2137/601
f 2113/2137/601 2114/2138/601 2111/2135/601
f 2115/2139/1086 2111/2135/1086 2114/2138/1086
f 2114/2138/1086 2116/2140/1085 2115/2139/1086
f 2117/2141/227 2115/2139/227 2116/2140/227
f 2116/2140/227 2118/2142/227 2117/2141/227
f 2112/2136/1087 2117/2141/1089 2118/2142/1087
f 2118/2142/1087 2113/2137/1579 2112/2136/1087
f 2119/2143/1443 2120/2144/1444 2121/2145/1443
f 2121/2145/1443 2122/2146/1443 2119/2143/1443
f 2123/2147/1580 2124/2148/1580 2111/2135/1580
f 2111/2135/1446 2115/2139/1446 2123/2147/1446
f 2125/2149/1447 2123/2147/1447 2115/2139/1447
f 2115/2139/1447 2117/2141/1447 2125/2149/1447
f 2126/2150/1581 2125/2149/1581 2117/2141/1581
f 2117/2141/1096 2112/2136/1096 2126/2150/1096
f 2127/2151/1450 2128/2152/1450 2120/2144/1450
f 2120/2144/1450 2119/2143/1450 2127/2151/1450
f 2129/2153/1582 2130/2154/1582 2124/2148/1582
f 2124/2148/1583 2123/2147/1583 2129/2153/1583
f 2131/2155/1453 2129/2153/1453 2123/2147/1453
f 2123/2147/1453 2125/2149/1453 2131/2155/1453
f 2132/2156/1454 2131/2155/1454 2125/2149/1454
f 2125/2149/1455 2126/2150/1455 2132/2156/1455
f 2116/2140/783 2114/2138/783 2113/2137/783
f 2113/2137/783 2118/2142/1104 2116/2140/783
f 2132/2156/1584 2130/2154/1585 2129/2153/1585
f 2129/2153/1585 2131/2155/1584 2132/2156/1584
f 2111/2135/1459 2122/2146/1459 2121/2145/1586
f 2121/2145/1586 2112/2136/1587 2111/2135/1459
f 2112/2136/1460 2121/2145/1460 2120/2144/1460
f 2120/2144/1461 2126/2150/1461 2112/2136/1461
f 2126/2150/1588 2120/2144/1588 2128/2152/1588
f 2128/2152/1463 2132/2156/1463 2126/2150/1463
f 2132/2156/1589 2128/2152/1589 2127/2151/1590
f 2127/2151/1590 2130/2154/1590 2132/2156/1589
f 2130/2154/1591 2127/2151/1591 2119/2143/1591
f 2119/2143/1592 2124/2148/1592 2130/2154/1592
f 2124/2148/1593 2119/2143/1593 2122/2146/1593
f 2122/2146/1594 2111/2135/1594 2124/2148/1594
f 2133/2157/229 2134/2158/229 2135/2159/229
f 2135/2159/229 2136/2160/229 2133/2157/229
f 2137/2161/229 2138/2162/229 2135/2159/229
f 2135/2159/229 2134/2158/229 2137/2161/229
f 2139/2163/1595 2140/2164/1595 2141/2165/1595
f 2141/2165/1596 2142/2166/1596 2139/2163/1596
f 2143/2167/1597 2144/2168/1597 2145/2169/1597
f 2145/2169/1598 2146/2170/1598 2143/2167/1598
f 2147/2171/203 2148/2172/203 2149/2173/203
f 2149/2173/203 2150/2174/203 2147/2171/203
f 2151/2175/1599 2152/2176/1599 2153/2177/1599
f 2153/2177/1600 2154/2178/1600 2151/2175/1600
f 2155/2179/1601 2156/2180/1601 2157/2181/1601
f 2157/2181/1602 2158/2182/1602 2155/2179/1602
f 2159/2183/203 2150/2174/203 2149/2173/203
f 2149/2173/203 2160/2184/203 2159/2183/203
f 2161/2185/217 2162/2186/217 2163/2187/217
f 2161/2185/217 2163/2187/217 2164/2188/217
f 2165/2189/217 2161/2185/217 2164/2188/217
f 2164/2188/217 2166/2190/217 2167/2191/217
f 2167/2191/217 2168/2192/217 2169/2193/217
f 2167/2191/217 2169/2193/217 2170/2194/217
f 2164/2188/217 2167/2191/217 2170/2194/217
f 2165/2189/217 2164/2188/217 2170/2194/217
f 2165/2189/1603 2170/2194/1603 2171/2195/1603
f 2171/2195/217 2172/2196/217 2173/2197/217
f 2171/2195/217 2173/2197/217 2174/2198/217
f 2165/2189/217 2171/2195/217 2174/2198/217
f 2165/2189/217 2174/2198/217 2175/2199/217
f 2165/2189/217 2175/2199/217 2176/2200/217
f 2177/2201/1604 2178/2202/1604 2179/2203/1604
f 2179/2203/1604 2180/2204/1604 2177/2201/1604
f 2178/2202/1605 2181/2205/1605 2182/2206/1605
f 2182/2206/1605 2179/2203/1605 2178/2202/1605
f 2181/2205/239 2183/2207/239 2184/2208/239
f 2184/2208/239 2182/2206/239 2181/2205/239
f 2183/2207/1606 2185/2209/1606 2186/2210/1606
f 2186/2210/1606 2184/2208/1606 2183/2207/1606
f 2185/2209/1607 2187/2211/1607 2188/2212/1607
f 2188/2212/1607 2186/2210/1607 2185/2209/1607
f 2178/2202/601 2177/2201/601 2189/2213/601
f 2189/2213/601 2190/2214/601 2178/2202/601
f 2187/2211/601 2185/2209/601 2191/2215/601
f 2191/2215/601 2192/2216/601 2187/2211/601
f 2185/2209/601 2183/2207/601 2193/2217/601
f 2193/2217/601 2191/2215/601 2185/2209/601
f 2183/2207/601 2181/2205/601 2194/2218/601
f 2194/2218/601 2193/2217/601 2183/2207/601
f 2181/2205/601 2178/2202/601 2190/2214/601
f 2190/2214/601 2194/2218/601 2181/2205/601
f 2195/2219/227 2196/2220/227 2197/2221/227
f 2197/2221/227 2198/2222/227 2195/2219/227
f 2196/2220/227 2199/2223/227 2200/2224/227
f 2200/2224/227 2197/2221/227 2196/2220/227
f 2199/2223/227 2201/2225/227 2202/2226/227
f 2202/2226/227 2200/2224/227 2199/2223/227
f 2201/2225/227 2203/2227/227 2204/2228/227
f 2204/2228/227 2202/2226/227 2201/2225/227
f 2203/2227/227 2205/2229/227 2206/2230/227
f 2206/2230/227 2204/2228/227 2203/2227/227
f 2192/2216/1608 2191/2215/1609 2207/2231/1609
f 2207/2231/1609 2208/2232/1608 2192/2216/1608
f 2191/2215/1609 2193/2217/1610 2209/2233/1610
f 2209/2233/1610 2207/2231/1609 2191/2215/1609
f 2193/2217/1610 2194/2218/1611 2210/2234/1611
f 2210/2234/1611 2209/2233/1610 2193/2217/1610
f 2194/2218/1611 2190/2214/1612 2211/2235/1612
f 2211/2235/1612 2210/2234/1611 2194/2218/1611
f 2190/2214/1612 2189/2213/1613 2212/2236/1613
f 2212/2236/1613 2211/2235/1612 2190/2214/1612
f 2213/2237/217 2214/2238/217 2215/2239/217
f 2215/2239/217 2216/2240/217 2213/2237/217
f 2217/2241/217 2218/2242/217 2219/2243/217
f 2219/2243/217 2220/2244/217 2217/2241/217
f 2221/2245/1614 2222/2246/1614 2223/2247/1614
f 2223/2247/1614 2224/2248/1614 2221/2245/1614
f 2195/2219/227 2198/2222/227 2225/2249/227
f 2225/2249/227 2226/2250/227 2195/2219/227
f 2212/2236/1615 2189/2213/1615 2214/2238/1615
f 2214/2238/1615 2213/2237/1615 2212/2236/1615
f 2189/2213/601 2177/2201/601 2215/2239/601
f 2215/2239/601 2214/2238/601 2189/2213/601
f 2187/2211/601 2192/2216/601 2217/2241/601
f 2217/2241/601 2220/2244/601 2187/2211/601
f 2192/2216/1614 2208/2232/1614 2218/2242/1614
f 2218/2242/1614 2217/2241/1614 2192/2216/1614
f 2206/2230/227 2205/2229/227 2227/2251/227
f 2227/2251/227 2228/2252/227 2206/2230/227
f 2177/2201/239 2180/2204/239 2222/2246/239
f 2222/2246/239 2221/2245/239 2177/2201/239
f 2180/2204/1616 2216/2240/1616 2223/2247/1616
f 2223/2247/1616 2222/2246/1616 2180/2204/1616
f 2216/2240/217 2215/2239/217 2224/2248/217
f 2224/2248/217 2223/2247/217 2216/2240/217
f 2215/2239/601 2177/2201/601 2221/2245/601
f 2221/2245/601 2224/2248/601 2215/2239/601
f 2219/2243/217 2229/2253/217 2230/2254/217
f 2230/2254/217 2220/2244/217 2219/2243/217
f 2231/2255/1617 2232/2256/1617 2233/2257/1617
f 2233/2257/1617 2234/2258/1617 2231/2255/1617
f 2234/2258/1606 2233/2257/1606 2235/2259/1606
f 2235/2259/1606 2236/2260/1606 2234/2258/1606
f 2236/2260/239 2235/2259/239 2237/2261/239
f 2237/2261/239 2238/2262/239 2236/2260/239
f 2238/2262/1605 2237/2261/1605 2239/2263/1605
f 2239/2263/1605 2240/2264/1605 2238/2262/1605
f 2240/2264/1618 2239/2263/1618 2241/2265/1618
f 2241/2265/1618 2242/2266/1618 2240/2264/1618
f 2234/2258/601 2243/2267/601 2244/2268/601
f 2244/2268/601 2231/2255/601 2234/2258/601
f 2242/2266/601 2245/2269/601 2246/2270/601
f 2246/2270/601 2240/2264/601 2242/2266/601
f 2240/2264/601 2246/2270/601 2247/2271/601
f 2247/2271/601 2238/2262/601 2240/2264/601
f 2238/2262/601 2247/2271/601 2248/2272/601
f 2248/2272/601 2236/2260/601 2238/2262/601
f 2236/2260/601 2248/2272/601 2243/2267/601
f 2243/2267/601 2234/2258/601 2236/2260/601
f 2249/2273/227 2250/2274/227 2251/2275/227
f 2251/2275/227 2252/2276/227 2249/2273/227
f 2252/2276/227 2251/2275/227 2253/2277/227
f 2253/2277/227 2254/2278/227 2252/2276/227
f 2254/2278/227 2253/2277/227 2255/2279/227
f 2255/2279/227 2256/2280/227 2254/2278/227
f 2256/2280/227 2255/2279/227 2257/2281/227
f 2257/2281/227 2258/2282/227 2256/2280/227
f 2258/2282/227 2257/2281/227 2259/2283/227
f 2259/2283/227 2260/2284/227 2258/2282/227
f 2245/2269/1619 2261/2285/1619 2262/2286/1620
f 2262/2286/1620 2246/2270/1620 2245/2269/1619
f 2246/2270/1620 2262/2286/1620 2263/2287/1611
f 2263/2287/1611 2247/2271/1611 2246/2270/1620
f 2247/2271/1611 2263/2287/1611 2264/2288/1610
f 2264/2288/1610 2248/2272/1610 2247/2271/1611
f 2248/2272/1610 2264/2288/1610 2265/2289/1621
f 2265/2289/1621 2243/2267/1621 2248/2272/1610
f 2243/2267/1621 2265/2289/1621 2266/2290/1622
f 2266/2290/1622 2244/2268/1622 2243/2267/1621
f 2267/2291/217 2268/2292/217 2269/2293/217
f 2269/2293/217 2270/2294/217 2267/2291/217
f 2271/2295/217 2230/2254/217 2229/2253/217
f 2229/2253/217 2272/2296/217 2271/2295/217
f 2273/2297/1615 2274/2298/1615 2275/2299/1615
f 2275/2299/1615 2276/2300/1615 2273/2297/1615
f 2249/2273/227 2277/2301/227 2278/2302/227
f 2278/2302/227 2250/2274/227 2249/2273/227
f 2266/2290/1614 2267/2291/1614 2270/2294/1614
f 2270/2294/1614 2244/2268/1614 2266/2290/1614
f 2244/2268/601 2270/2294/601 2269/2293/601
f 2269/2293/601 2231/2255/601 2244/2268/601
f 2242/2266/601 2230/2254/601 2271/2295/601
f 2271/2295/601 2245/2269/601 2242/2266/601
f 2245/2269/1615 2271/2295/1615 2272/2296/1615
f 2272/2296/1615 2261/2285/1615 2245/2269/1615
f 2259/2283/227 2279/2303/227 2280/2304/227
f 2280/2304/227 2260/2284/227 2259/2283/227
f 2231/2255/239 2273/2297/239 2276/2300/239
f 2276/2300/239 2232/2256/239 2231/2255/239
f 2232/2256/227 2276/2300/227 2275/2299/227
f 2275/2299/227 2268/2292/227 2232/2256/227
f 2268/2292/217 2275/2299/217 2274/2298/217
f 2274/2298/217 2269/2293/217 2268/2292/217
f 2269/2293/601 2274/2298/601 2273/2297/601
f 2273/2297/601 2231/2255/601 2269/2293/601
f 2188/2212/239 2187/2211/239 2242/2266/239
f 2242/2266/239 2241/2265/239 2188/2212/239
f 2187/2211/601 2220/2244/601 2230/2254/601
f 2230/2254/601 2242/2266/601 2187/2211/601
f 2281/2305/227 2282/2306/227 2283/2307/227
f 2283/2307/227 2284/2308/227 2281/2305/227
f 2180/2204/1623 2179/2203/1623 2196/2220/1623
f 2196/2220/1623 2195/2219/1623 2180/2204/1623
f 2179/2203/1624 2182/2206/1625 2199/2223/1625
f 2199/2223/1625 2196/2220/1624 2179/2203/1624
f 2182/2206/1626 2184/2208/1627 2201/2225/1627
f 2201/2225/1627 2199/2223/1626 2182/2206/1626
f 2184/2208/1628 2186/2210/1628 2203/2227/1628
f 2203/2227/1628 2201/2225/1628 2184/2208/1628
f 2186/2210/1629 2188/2212/1629 2205/2229/1629
f 2205/2229/1629 2203/2227/1629 2186/2210/1629
f 2188/2212/1630 2219/2243/1631 2227/2251/1631
f 2227/2251/1631 2205/2229/1630 2188/2212/1630
f 2219/2243/1632 2218/2242/1632 2228/2252/1632
f 2228/2252/1632 2227/2251/1632 2219/2243/1632
f 2218/2242/1633 2208/2232/1634 2206/2230/1634
f 2206/2230/1634 2228/2252/1633 2218/2242/1633
f 2208/2232/1635 2207/2231/1636 2204/2228/1636
f 2204/2228/1636 2206/2230/1635 2208/2232/1635
f 2207/2231/1637 2209/2233/1637 2202/2226/1637
f 2202/2226/1637 2204/2228/1637 2207/2231/1637
f 2209/2233/1638 2210/2234/1639 2200/2224/1639
f 2200/2224/1639 2202/2226/1638 2209/2233/1638
f 2210/2234/1640 2211/2235/1641 2197/2221/1641
f 2197/2221/1641 2200/2224/1640 2210/2234/1640
f 2211/2235/1642 2212/2236/1643 2198/2222/1643
f 2198/2222/1643 2197/2221/1642 2211/2235/1642
f 2212/2236/1631 2213/2237/1630 2225/2249/1644
f 2225/2249/1644 2198/2222/1631 2212/2236/1631
f 2213/2237/1632 2216/2240/1639 2226/2250/1639
f 2226/2250/1639 2225/2249/1632 2213/2237/1632
f 2216/2240/1645 2180/2204/1633 2195/2219/1633
f 2195/2219/1633 2226/2250/1645 2216/2240/1645
f 2233/2257/1646 2232/2256/1646 2249/2273/1646
f 2249/2273/1646 2252/2276/1646 2233/2257/1646
f 2232/2256/1631 2268/2292/1630 2277/2301/1630
f 2277/2301/1630 2249/2273/1631 2232/2256/1631
f 2268/2292/1632 2267/2291/1632 2278/2302/1632
f 2278/2302/1632 2277/2301/1632 2268/2292/1632
f 2267/2291/1634 2266/2290/1634 2250/2274/1634
f 2250/2274/1634 2278/2302/1634 2267/2291/1634
f 2266/2290/1647 2265/2289/1648 2251/2275/1648
f 2251/2275/1648 2250/2274/1647 2266/2290/1647
f 2265/2289/1637 2264/2288/1649 2253/2277/1649
f 2253/2277/1649 2251/2275/1637 2265/2289/1637
f 2264/2288/1639 2263/2287/1632 2255/2279/1632
f 2255/2279/1632 2253/2277/1639 2264/2288/1639
f 2263/2287/1650 2262/2286/1650 2257/2281/1650
f 2257/2281/1650 2255/2279/1650 2263/2287/1650
f 2262/2286/1651 2261/2285/1652 2259/2283/1652
f 2259/2283/1652 2257/2281/1651 2262/2286/1651
f 2261/2285/1631 2272/2296/1630 2279/2303/1630
f 2279/2303/1630 2259/2283/1631 2261/2285/1631
f 2272/2296/1638 2229/2253/1632 2280/2304/1632
f 2280/2304/1632 2279/2303/1638 2272/2296/1638
f 2229/2253/1645 2241/2265/1645 2260/2284/1645
f 2260/2284/1645 2280/2304/1645 2229/2253/1645
f 2241/2265/1653 2239/2263/1653 2258/2282/1653
f 2258/2282/1653 2260/2284/1653 2241/2265/1653
f 2239/2263/1654 2237/2261/1625 2256/2280/1625
f 2256/2280/1625 2258/2282/1654 2239/2263/1654
f 2237/2261/1627 2235/2259/1655 2254/2278/1655
f 2254/2278/1655 2256/2280/1627 2237/2261/1627
f 2235/2259/1628 2233/2257/1628 2252/2276/1628
f 2252/2276/1628 2254/2278/1628 2235/2259/1628
f 2219/2243/1645 2188/2212/1633 2283/2307/1633
f 2283/2307/1633 2282/2306/1634 2219/2243/1645
f 2188/2212/1627 2241/2265/1655 2284/2308/1655
f 2284/2308/1655 2283/2307/1627 2188/2212/1627
f 2241/2265/1644 2229/2253/1631 2281/2305/1631
f 2281/2305/1631 2284/2308/1630 2241/2265/1644
f 2229/2253/1638 2219/2243/1632 2282/2306/1632
f 2282/2306/1632 2281/2305/1638 2229/2253/1638
f 2285/2309/227 2286/2310/227 2287/2311/227
f 2287/2311/227 2288/2312/227 2289/2313/227
f 2285/2309/227 2287/2311/227 2289/2313/227
f 2290/2314/227 2285/2309/227 2289/2313/227
f 2291/2315/227 2292/2316/227 2293/2317/227
f 2293/2317/227 2294/2318/227 2295/2319/227
f 2291/2315/227 2293/2317/227 2295/2319/227
f 2296/2320/227 2291/2315/227 2295/2319/227
f 2297/2321/1656 2298/2322/1656 2299/2323/1656
f 2299/2323/1657 2300/2324/1657 2297/2321/1657
f 2301/2325/1658 2302/2326/1659 2303/2327/1660
f 2303/2327/1660 2304/2328/1661 2301/2325/1658
f 2299/2329/217 2298/2330/217 2302/2331/217
f 2302/2331/217 2301/2332/217 2299/2329/217
f 2305/2333/1662 2297/2321/1662 2300/2324/1662
f 2300/2324/1663 2306/2334/1663 2305/2333/1663
f 2307/2335/1664 2308/2336/1664 2309/2337/1664
f 2309/2337/1664 2310/2338/1664 2307/2335/1664
f 2306/2334/239 2311/2339/239 2312/2340/239
f 2312/2340/239 2313/2341/239 2306/2334/239
f 2314/2342/1665 2315/2343/1666 2316/2344/1667
f 2316/2344/1667 2317/2345/1668 2314/2342/1665
f 2311/2346/1615 2307/2335/1615 2310/2338/1615
f 2310/2338/1615 2312/2347/1615 2311/2346/1615
f 2307/2348/1669 2300/2349/1669 2299/2329/1669
f 2299/2329/1669 2308/2350/1669 2307/2348/1669
f 2301/2332/1670 2304/2351/1670 2310/2352/1670
f 2310/2352/1670 2309/2353/1670 2301/2332/1670
f 2299/2329/217 2301/2332/217 2309/2353/217
f 2309/2353/217 2308/2350/217 2299/2329/217
f 2311/2339/1671 2306/2334/1671 2300/2349/1671
f 2300/2349/1671 2307/2348/1671 2311/2339/1671
f 2306/2334/239 2313/2341/239 2318/2354/239
f 2318/2354/239 2305/2333/239 2306/2334/239
f 2317/2355/1672 2316/2356/1673 2319/2357/1674
f 2319/2357/1674 2320/2358/1675 2317/2355/1672
f 2321/2359/1676 2322/2360/1676 2298/2322/1676
f 2298/2322/1676 2297/2321/1676 2321/2359/1676
f 2323/2361/1677 2324/2362/1678 2303/2327/1679
f 2303/2327/1679 2302/2326/1680 2323/2361/1677
f 2322/2363/217 2323/2364/217 2302/2331/217
f 2302/2331/217 2298/2330/217 2322/2363/217
f 2325/2365/1681 2321/2359/1681 2297/2321/1681
f 2297/2321/1681 2305/2333/1681 2325/2365/1681
f 2313/2341/1682 2312/2340/1683 2326/2366/1684
f 2326/2366/1684 2327/2367/1685 2313/2341/1682
f 2312/2340/1683 2310/2352/1684 2328/2368/1683
f 2328/2368/1683 2326/2366/1684 2312/2340/1683
f 2310/2352/1684 2304/2351/1686 2329/2369/1687
f 2329/2369/1687 2328/2368/1683 2310/2352/1684
f 2304/2328/1688 2303/2327/1689 2330/2370/1690
f 2330/2370/1690 2329/2371/1691 2304/2328/1688
f 2324/2362/1692 2331/2372/1693 2330/2370/1694
f 2330/2370/1694 2303/2327/1695 2324/2362/1692
f 2318/2373/1696 2313/2374/1697 2327/2375/1698
f 2327/2375/1698 2332/2376/1699 2318/2373/1696
f 2327/2367/1700 2326/2366/1701 2314/2342/1702
f 2314/2342/1702 2317/2345/1703 2327/2367/1700
f 2326/2366/1704 2328/2368/1705 2315/2343/1706
f 2315/2343/1706 2314/2342/1707 2326/2366/1704
f 2328/2368/1708 2329/2369/1709 2316/2344/1710
f 2316/2344/1710 2315/2343/1711 2328/2368/1708
f 2329/2371/1712 2330/2370/1713 2319/2357/1714
f 2319/2357/1714 2316/2356/1715 2329/2371/1712
f 2331/2372/1716 2333/2377/1717 2319/2357/1718
f 2319/2357/1718 2330/2370/1719 2331/2372/1716
f 2332/2376/1720 2327/2375/1721 2317/2355/1722
f 2317/2355/1722 2320/2358/1723 2332/2376/1720
f 2286/2310/852 2285/2309/852 2334/2378/852
f 2334/2378/852 2335/2379/852 2286/2310/852
f 2287/2311/239 2286/2310/239 2335/2379/239
f 2335/2379/239 2336/2380/239 2287/2311/239
f 2288/2312/855 2287/2311/855 2336/2380/855
f 2336/2380/855 2337/2381/855 2288/2312/855
f 2289/2313/783 2288/2312/783 2337/2381/783
f 2337/2381/783 2338/2382/783 2289/2313/783
f 2290/2314/217 2289/2313/217 2338/2382/217
f 2338/2382/217 2339/2383/217 2290/2314/217
f 2285/2309/861 2290/2314/861 2339/2383/861
f 2339/2383/861 2334/2378/861 2285/2309/861
f 2292/2316/852 2291/2315/852 2340/2384/852
f 2340/2384/852 2341/2385/852 2292/2316/852
f 2293/2386/239 2292/2387/239 2341/2388/239
f 2341/2388/239 2342/2389/239 2293/2386/239
f 2294/2318/855 2293/2386/855 2342/2389/855
f 2342/2389/855 2343/2390/855 2294/2318/855
f 2295/2391/783 2294/2318/783 2343/2390/783
f 2343/2390/783 2344/2392/783 2295/2391/783
f 2296/2320/217 2295/2391/217 2344/2392/217
f 2344/2392/217 2345/2393/217 2296/2320/217
f 2291/2315/861 2296/2320/861 2345/2393/861
f 2345/2393/861 2340/2384/861 2291/2315/861
f 2305/2333/239 2318/2354/239 2346/2394/239
f 2346/2394/239 2325/2365/239 2305/2333/239
f 2320/2358/1724 2319/2357/1725 2333/2377/1726
f 2333/2377/1726 2347/2395/1693 2320/2358/1724
f 2318/2373/1727 2332/2376/1728 2348/2396/1692
f 2348/2396/1692 2346/2397/1693 2318/2373/1727
f 2332/2376/1729 2320/2358/1730 2347/2395/1731
f 2347/2395/1731 2348/2396/1732 2332/2376/1729
f 2349/2398/217 2350/2399/217 2351/2400/217
f 2349/2398/217 2351/2400/217 2352/2401/217
f 2353/2402/217 2354/2403/217 2355/2404/217
f 2352/2401/217 2353/2402/217 2355/2404/217
f 2349/2398/217 2352/2401/217 2355/2404/217
f 2349/2398/1733 2355/2404/1734 2356/2405/1733
f 2357/2406/217 2358/2407/217 2359/2408/217
f 2356/2405/217 2357/2406/217 2359/2408/217
f 2359/2408/217 2166/2409/217 2164/2410/217
f 2356/2405/217 2359/2408/217 2164/2410/217
f 2349/2398/217 2356/2405/217 2164/2410/217
f 2360/2411/217 2361/2412/217 2362/2413/217
f 2164/2410/217 2360/2411/217 2362/2413/217
f 2349/2398/217 2164/2410/217 2362/2413/217
f 2363/2414/1604 2364/2415/1604 2365/2416/1604
f 2365/2416/1604 2366/2417/1604 2363/2414/1604
f 2366/2417/1605 2365/2416/1605 2367/2418/1605
f 2367/2418/1605 2368/2419/1605 2366/2417/1605
f 2368/2419/239 2367/2418/239 2369/2420/239
f 2369/2420/239 2370/2421/239 2368/2419/239
f 2370/2421/1606 2369/2420/1606 2371/2422/1606
f 2371/2422/1606 2372/2423/1606 2370/2421/1606
f 2372/2423/1607 2371/2422/1607 2373/2424/1607
f 2373/2424/1607 2374/2425/1607 2372/2423/1607
f 2366/2417/227 2375/2426/227 2376/2427/227
f 2376/2427/227 2363/2414/227 2366/2417/227
f 2374/2425/227 2377/2428/227 2378/2429/227
f 2378/2429/227 2372/2423/227 2374/2425/227
f 2372/2423/227 2378/2429/227 2379/2430/227
f 2379/2430/227 2370/2421/227 2372/2423/227
f 2370/2421/227 2379/2430/227 2380/2431/227
f 2380/2431/227 2368/2419/227 2370/2421/227
f 2368/2419/227 2380/2431/227 2375/2426/227
f 2375/2426/227 2366/2417/227 2368/2419/227
f 2381/2432/601 2382/2433/601 2383/2434/601
f 2383/2434/601 2384/2435/601 2381/2432/601
f 2384/2435/601 2383/2434/601 2385/2436/601
f 2385/2436/601 2386/2437/601 2384/2435/601
f 2386/2437/601 2385/2436/601 2387/2438/601
f 2387/2438/601 2388/2439/601 2386/2437/601
f 2388/2439/601 2387/2438/601 2389/2440/601
f 2389/2440/601 2390/2441/601 2388/2439/601
f 2390/2441/601 2389/2440/601 2391/2442/601
f 2391/2442/601 2392/2443/601 2390/2441/601
f 2377/2428/1608 2393/2444/1608 2394/2445/1609
f 2394/2445/1609 2378/2429/1609 2377/2428/1608
f 2378/2429/1609 2394/2445/1609 2395/2446/1610
f 2395/2446/1610 2379/2430/1610 2378/2429/1609
f 2379/2430/1610 2395/2446/1610 2396/2447/1611
f 2396/2447/1611 2380/2431/1611 2379/2430/1610
f 2380/2431/1611 2396/2447/1611 2397/2448/1612
f 2397/2448/1612 2375/2426/1612 2380/2431/1611
f 2375/2426/1612 2397/2448/1612 2398/2449/1613
f 2398/2449/1613 2376/2427/1613 2375/2426/1612
f 2399/2450/217 2400/2451/217 2401/2452/217
f 2401/2452/217 2402/2453/217 2399/2450/217
f 2403/2454/217 2404/2455/217 2405/2456/217
f 2405/2456/217 2406/2457/217 2403/2454/217
f 2407/2458/1614 2408/2459/1614 2409/2460/1614
f 2409/2460/1614 2410/2461/1614 2407/2458/1614
f 2381/2432/601 2411/2462/601 2412/2463/601
f 2412/2463/601 2382/2433/601 2381/2432/601
f 2398/2449/1615 2399/2450/1615 2402/2453/1615
f 2402/2453/1615 2376/2427/1615 2398/2449/1615
f 2376/2427/227 2402/2453/227 2401/2452/227
f 2401/2452/227 2363/2414/227 2376/2427/227
f 2374/2425/227 2404/2455/227 2403/2454/227
f 2403/2454/227 2377/2428/227 2374/2425/227
f 2377/2428/1614 2403/2454/1614 2406/2457/1614
f 2406/2457/1614 2393/2444/1614 2377/2428/1614
f 2391/2442/601 2413/2464/601 2414/2465/601
f 2414/2465/601 2392/2443/601 2391/2442/601
f 2363/2414/239 2407/2458/239 2410/2461/239
f 2410/2461/239 2364/2415/239 2363/2414/239
f 2364/2415/1735 2410/2461/1735 2409/2460/1735
f 2409/2460/1735 2400/2451/1735 2364/2415/1735
f 2400/2451/217 2409/2460/217 2408/2459/217
f 2408/2459/217 2401/2452/217 2400/2451/217
f 2401/2452/227 2408/2459/227 2407/2458/227
f 2407/2458/227 2363/2414/227 2401/2452/227
f 2405/2456/217 2404/2455/217 2415/2466/217
f 2415/2466/217 2416/2467/217 2405/2456/217
f 2417/2468/1617 2418/2469/1617 2419/2470/1617
f 2419/2470/1617 2420/2471/1617 2417/2468/1617
f 2418/2469/1606 2421/2472/1606 2422/2473/1606
f 2422/2473/1606 2419/2470/1606 2418/2469/1606
f 2421/2472/239 2423/2474/239 2424/2475/239
f 2424/2475/239 2422/2473/239 2421/2472/239
f 2423/2474/1605 2425/2476/1605 2426/2477/1605
f 2426/2477/1605 2424/2475/1605 2423/2474/1605
f 2425/2476/1618 2427/2478/1618 2428/2479/1618
f 2428/2479/1618 2426/2477/1618 2425/2476/1618
f 2418/2469/227 2417/2468/227 2429/2480/227
f 2429/2480/227 2430/2481/227 2418/2469/227
f 2427/2478/227 2425/2476/227 2431/2482/227
f 2431/2482/227 2432/2483/227 2427/2478/227
f 2425/2476/227 2423/2474/227 2433/2484/227
f 2433/2484/227 2431/2482/227 2425/2476/227
f 2423/2474/227 2421/2472/227 2434/2485/227
f 2434/2485/227 2433/2484/227 2423/2474/227
f 2421/2472/227 2418/2469/227 2430/2481/227
f 2430/2481/227 2434/2485/227 2421/2472/227
f 2435/2486/601 2436/2487/601 2437/2488/601
f 2437/2488/601 2438/2489/601 2435/2486/601
f 2436/2487/601 2439/2490/601 2440/2491/601
f 2440/2491/601 2437/2488/601 2436/2487/601
f 2439/2490/601 2441/2492/601 2442/2493/601
f 2442/2493/601 2440/2491/601 2439/2490/601
f 2441/2492/601 2443/2494/601 2444/2495/601
f 2444/2495/601 2442/2493/601 2441/2492/601
f 2443/2494/601 2445/2496/601 2446/2497/601
f 2446/2497/601 2444/2495/601 2443/2494/601
f 2432/2483/1619 2431/2482/1620 2447/2498/1620
f 2447/2498/1620 2448/2499/1619 2432/2483/1619
f 2431/2482/1620 2433/2484/1611 2449/2500/1611
f 2449/2500/1611 2447/2498/1620 2431/2482/1620
f 2433/2484/1611 2434/2485/1610 2450/2501/1610
f 2450/2501/1610 2449/2500/1611 2433/2484/1611
f 2434/2485/1610 2430/2481/1621 2451/2502/1621
f 2451/2502/1621 2450/2501/1610 2434/2485/1610
f 2430/2481/1621 2429/2480/1622 2452/2503/1622
f 2452/2503/1622 2451/2502/1621 2430/2481/1621
f 2453/2504/217 2454/2505/217 2455/2506/217
f 2455/2506/217 2456/2507/217 2453/2504/217
f 2457/2508/217 2458/2509/217 2416/2467/217
f 2416/2467/217 2415/2466/217 2457/2508/217
f 2459/2510/1615 2460/2511/1615 2461/2512/1615
f 2461/2512/1615 2462/2513/1615 2459/2510/1615
f 2435/2486/601 2438/2489/601 2463/2514/601
f 2463/2514/601 2464/2515/601 2435/2486/601
f 2452/2503/1614 2429/2480/1614 2454/2505/1614
f 2454/2505/1614 2453/2504/1614 2452/2503/1614
f 2429/2480/227 2417/2468/227 2455/2506/227
f 2455/2506/227 2454/2505/227 2429/2480/227
f 2427/2478/227 2432/2483/227 2457/2508/227
f 2457/2508/227 2415/2466/227 2427/2478/227
f 2432/2483/1615 2448/2499/1615 2458/2509/1615
f 2458/2509/1615 2457/2508/1615 2432/2483/1615
f 2446/2497/601 2445/2496/601 2465/2516/601
f 2465/2516/601 2466/2517/601 2446/2497/601
f 2417/2468/239 2420/2471/239 2460/2511/239
f 2460/2511/239 2459/2510/239 2417/2468/239
f 2420/2471/601 2456/2507/601 2461/2512/601
f 2461/2512/601 2460/2511/601 2420/2471/601
f 2456/2507/217 2455/2506/217 2462/2513/217
f 2462/2513/217 2461/2512/217 2456/2507/217
f 2455/2506/227 2417/2468/227 2459/2510/227
f 2459/2510/227 2462/2513/227 2455/2506/227
f 2373/2424/239 2428/2479/239 2427/2478/239
f 2427/2478/239 2374/2425/239 2373/2424/239
f 2374/2425/227 2427/2478/227 2415/2466/227
f 2415/2466/227 2404/2455/227 2374/2425/227
f 2467/2518/601 2468/2519/601 2469/2520/601
f 2469/2520/601 2470/2521/601 2467/2518/601
f 2364/2415/1736 2381/2432/1736 2384/2435/1736
f 2384/2435/1736 2365/2416/1736 2364/2415/1736
f 2365/2416/1737 2384/2435/1737 2386/2437/1738
f 2386/2437/1738 2367/2418/1738 2365/2416/1737
f 2367/2418/1739 2386/2437/1739 2388/2439/1739
f 2388/2439/1739 2369/2420/1739 2367/2418/1739
f 2369/2420/1740 2388/2439/1740 2390/2441/1741
f 2390/2441/1741 2371/2422/1741 2369/2420/1740
f 2371/2422/1742 2390/2441/1742 2392/2443/1743
f 2392/2443/1743 2373/2424/1743 2371/2422/1742
f 2373/2424/1744 2392/2443/1744 2414/2465/1745
f 2414/2465/1745 2405/2456/1745 2373/2424/1744
f 2405/2456/1746 2414/2465/1746 2413/2464/1747
f 2413/2464/1747 2406/2457/1747 2405/2456/1746
f 2406/2457/1748 2413/2464/1748 2391/2442/1748
f 2391/2442/1748 2393/2444/1748 2406/2457/1748
f 2393/2444/1749 2391/2442/1749 2389/2440/1750
f 2389/2440/1750 2394/2445/1750 2393/2444/1749
f 2394/2445/1751 2389/2440/1751 2387/2438/1752
f 2387/2438/1752 2395/2446/1752 2394/2445/1751
f 2395/2446/1747 2387/2438/1747 2385/2436/1753
f 2385/2436/1753 2396/2447/1753 2395/2446/1747
f 2396/2447/1754 2385/2436/1754 2383/2434/1754
f 2383/2434/1754 2397/2448/1754 2396/2447/1754
f 2397/2448/1755 2383/2434/1755 2382/2433/1756
f 2382/2433/1756 2398/2449/1756 2397/2448/1755
f 2398/2449/1744 2382/2433/1744 2412/2463/1745
f 2412/2463/1745 2399/2450/1745 2398/2449/1744
f 2399/2450/1753 2412/2463/1746 2411/2462/1753
f 2411/2462/1753 2400/2451/1753 2399/2450/1753
f 2400/2451/1748 2411/2462/1748 2381/2432/1748
f 2381/2432/1748 2364/2415/1748 2400/2451/1748
f 2419/2470/1757 2436/2487/1757 2435/2486/1757
f 2435/2486/1757 2420/2471/1757 2419/2470/1757
f 2420/2471/1744 2435/2486/1744 2464/2515/1745
f 2464/2515/1745 2456/2507/1745 2420/2471/1744
f 2456/2507/1747 2464/2515/1746 2463/2514/1747
f 2463/2514/1747 2453/2504/1747 2456/2507/1747
f 2453/2504/1758 2463/2514/1758 2438/2489/1758
f 2438/2489/1758 2452/2503/1759 2453/2504/1758
f 2452/2503/1760 2438/2489/1760 2437/2488/1761
f 2437/2488/1761 2451/2502/1761 2452/2503/1760
f 2451/2502/1751 2437/2488/1751 2440/2491/1752
f 2440/2491/1752 2450/2501/1752 2451/2502/1751
f 2450/2501/1747 2440/2491/1747 2442/2493/1753
f 2442/2493/1753 2449/2500/1753 2450/2501/1747
f 2449/2500/1762 2442/2493/1762 2444/2495/1754
f 2444/2495/1754 2447/2498/1754 2449/2500/1762
f 2447/2498/1763 2444/2495/1763 2446/2497/1763
f 2446/2497/1763 2448/2499/1763 2447/2498/1763
f 2448/2499/1744 2446/2497/1744 2466/2517/1745
f 2466/2517/1745 2458/2509/1745 2448/2499/1744
f 2458/2509/1753 2466/2517/1753 2465/2516/1747
f 2465/2516/1747 2416/2467/1747 2458/2509/1753
f 2416/2467/1758 2465/2516/1759 2445/2496/1758
f 2445/2496/1758 2428/2479/1758 2416/2467/1758
f 2428/2479/1764 2445/2496/1764 2443/2494/1765
f 2443/2494/1765 2426/2477/1765 2428/2479/1764
f 2426/2477/1766 2443/2494/1766 2441/2492/1766
f 2441/2492/1766 2424/2475/1766 2426/2477/1766
f 2424/2475/1767 2441/2492/1767 2439/2490/1767
f 2439/2490/1767 2422/2473/1767 2424/2475/1767
f 2422/2473/1740 2439/2490/1740 2436/2487/1768
f 2436/2487/1768 2419/2470/1768 2422/2473/1740
f 2405/2456/1748 2470/2521/1748 2469/2520/1748
f 2469/2520/1748 2373/2424/1759 2405/2456/1748
f 2373/2424/1739 2469/2520/1739 2468/2519/1769
f 2468/2519/1769 2428/2479/1769 2373/2424/1739
f 2428/2479/1744 2468/2519/1744 2467/2518/1744
f 2467/2518/1744 2416/2467/1744 2428/2479/1744
f 2416/2467/1753 2467/2518/1753 2470/2521/1746
f 2470/2521/1746 2405/2456/1746 2416/2467/1753
f 2471/2522/601 2472/2523/601 2473/2524/601
f 2473/2524/601 2474/2525/601 2475/2526/601
f 2471/2522/601 2473/2524/601 2475/2526/601
f 2476/2527/601 2471/2522/601 2475/2526/601
f 2477/2528/601 2478/2529/601 2479/2530/601
f 2479/2530/601 2480/2531/601 2481/2532/601
f 2477/2528/601 2479/2530/601 2481/2532/601
f 2482/2533/601 2477/2528/601 2481/2532/601
f 2483/2534/1770 2484/2535/1770 2485/2536/1770
f 2485/2536/1771 2486/2537/1771 2483/2534/1771
f 2487/2538/1772 2488/2539/1773 2489/2540/1774
f 2489/2540/1774 2490/2541/1775 2487/2538/1772
f 2485/2542/217 2487/2543/217 2490/2544/217
f 2490/2544/217 2486/2545/217 2485/2542/217
f 2491/2546/1776 2492/2547/1776 2484/2535/1776
f 2484/2535/1777 2483/2534/1777 2491/2546/1777
f 2493/2548/1664 2494/2549/1664 2495/2550/1664
f 2495/2550/1664 2496/2551/1664 2493/2548/1664
f 2492/2552/239 2497/2553/239 2498/2554/239
f 2498/2554/239 2499/2555/239 2492/2552/239
f 2500/2556/1778 2501/2557/1779 2502/2558/1780
f 2502/2558/1780 2503/2559/1781 2500/2556/1778
f 2499/2560/1615 2498/2561/1615 2494/2549/1615
f 2494/2549/1615 2493/2548/1615 2499/2560/1615
f 2493/2562/1782 2496/2563/1782 2485/2564/1782
f 2485/2564/1782 2484/2565/1782 2493/2562/1782
f 2487/2566/1783 2495/2567/1783 2494/2568/1783
f 2494/2568/1783 2488/2569/1783 2487/2566/1783
f 2485/2564/217 2496/2563/217 2495/2567/217
f 2495/2567/217 2487/2566/217 2485/2564/217
f 2499/2555/1784 2493/2562/1784 2484/2565/1784
f 2484/2565/1784 2492/2552/1784 2499/2555/1784
f 2492/2552/239 2491/2570/239 2504/2571/239
f 2504/2571/239 2497/2553/239 2492/2552/239
f 2501/2572/1785 2505/2573/1786 2506/2574/1787
f 2506/2574/1787 2502/2575/1788 2501/2572/1785
f 2321/2359/1676 2483/2534/1676 2486/2537/1676
f 2486/2537/1676 2322/2360/1676 2321/2359/1676
f 2323/2361/1677 2490/2541/1680 2489/2540/1789
f 2489/2540/1789 2324/2362/1678 2323/2361/1677
f 2322/2576/217 2486/2545/217 2490/2544/217
f 2490/2544/217 2323/2577/217 2322/2576/217
f 2325/2578/1681 2491/2546/1681 2483/2534/1681
f 2483/2534/1681 2321/2359/1681 2325/2578/1681
f 2497/2553/1790 2507/2579/1791 2508/2580/1792
f 2508/2580/1792 2498/2554/1793 2497/2553/1790
f 2498/2554/1793 2508/2580/1792 2509/2581/1793
f 2509/2581/1793 2494/2568/1794 2498/2554/1793
f 2494/2568/1794 2509/2581/1793 2510/2582/1795
f 2510/2582/1795 2488/2569/1796 2494/2568/1794
f 2488/2539/1797 2510/2583/1798 2511/2584/1799
f 2511/2584/1799 2489/2540/1800 2488/2539/1797
f 2324/2362/1692 2489/2540/1801 2511/2584/1802
f 2511/2584/1802 2331/2372/1693 2324/2362/1692
f 2504/2585/1803 2512/2586/1804 2507/2587/1805
f 2507/2587/1805 2497/2588/1806 2504/2585/1803
f 2507/2579/1807 2501/2557/1808 2500/2556/1809
f 2500/2556/1809 2508/2580/1810 2507/2579/1807
f 2508/2580/1811 2500/2556/1812 2503/2559/1813
f 2503/2559/1813 2509/2581/1814 2508/2580/1811
f 2509/2581/1815 2503/2559/1816 2502/2558/1817
f 2502/2558/1817 2510/2582/1818 2509/2581/1815
f 2510/2583/1819 2502/2575/1820 2506/2574/1821
f 2506/2574/1821 2511/2584/1822 2510/2583/1819
f 2331/2372/1716 2511/2584/1823 2506/2574/1824
f 2506/2574/1824 2333/2377/1717 2331/2372/1716
f 2512/2586/1825 2505/2573/1826 2501/2572/1827
f 2501/2572/1827 2507/2587/1828 2512/2586/1825
f 2474/2525/852 2335/2589/852 2334/2590/852
f 2334/2590/852 2475/2526/852 2474/2525/852
f 2473/2524/239 2336/2591/239 2335/2589/239
f 2335/2589/239 2474/2525/239 2473/2524/239
f 2472/2523/855 2337/2592/855 2336/2591/855
f 2336/2591/855 2473/2524/855 2472/2523/855
f 2471/2522/783 2338/2593/783 2337/2592/783
f 2337/2592/783 2472/2523/783 2471/2522/783
f 2476/2527/217 2339/2594/217 2338/2593/217
f 2338/2593/217 2471/2522/217 2476/2527/217
f 2475/2526/861 2334/2590/861 2339/2594/861
f 2339/2594/861 2476/2527/861 2475/2526/861
f 2480/2531/852 2341/2385/852 2340/2384/852
f 2340/2384/852 2481/2532/852 2480/2531/852
f 2479/2530/239 2342/2595/239 2341/2385/239
f 2341/2385/239 2480/2531/239 2479/2530/239
f 2478/2529/855 2343/2390/855 2342/2595/855
f 2342/2595/855 2479/2530/855 2478/2529/855
f 2477/2528/783 2344/2392/783 2343/2390/783
f 2343/2390/783 2478/2529/783 2477/2528/783
f 2482/2533/217 2345/2393/217 2344/2392/217
f 2344/2392/217 2477/2528/217 2482/2533/217
f 2481/2532/861 2340/2384/861 2345/2393/861
f 2345/2393/861 2482/2533/861 2481/2532/861
f 2491/2570/239 2325/2365/239 2346/2394/239
f 2346/2394/239 2504/2571/239 2491/2570/239
f 2505/2573/1829 2347/2395/1693 2333/2377/1726
f 2333/2377/1726 2506/2574/1830 2505/2573/1829
f 2504/2585/1831 2346/2397/1693 2348/2396/1692
f 2348/2396/1692 2512/2586/1832 2504/2585/1831
f 2512/2586/1833 2348/2396/1732 2347/2395/1731
f 2347/2395/1731 2505/2573/1834 2512/2586/1833
f 2513/2596/1835 2514/2597/1835 2515/2598/1835
f 2515/2598/1835 2516/2599/1835 2513/2596/1835
f 2514/2597/1836 2517/2600/1836 2518/2601/1836
f 2518/2601/1836 2515/2598/1836 2514/2597/1836
f 2517/2600/1837 2519/2602/1837 2520/2603/1837
f 2520/2603/1837 2518/2601/1837 2517/2600/1837
f 2519/2602/1838 2521/2604/1838 2522/2605/1838
f 2522/2605/1838 2520/2603/1838 2519/2602/1838
f 2523/2606/784 2524/2607/784 2522/2605/784
f 2522/2605/784 2521/2604/784 2523/2606/784
f 2516/2599/1839 2515/2598/1840 2525/2608/1840
f 2525/2608/1840 2526/2609/1841 2516/2599/1839
f 2515/2598/1840 2518/2601/1839 2527/2610/1839
f 2527/2610/1839 2525/2608/1840 2515/2598/1840
f 2518/2601/1839 2520/2603/1839 2528/2611/1839
f 2528/2611/1839 2527/2610/1839 2518/2601/1839
f 2520/2603/1839 2522/2605/1839 2529/2612/1839
f 2529/2612/1839 2528/2611/1839 2520/2603/1839
f 2524/2607/1839 2530/2613/1841 2529/2612/1839
f 2529/2612/1839 2522/2605/1839 2524/2607/1839
f 2526/2609/1842 2525/2608/1835 2531/2614/1835
f 2531/2614/1835 2532/2615/1842 2526/2609/1842
f 2525/2608/1843 2527/2610/1844 2533/2616/1844
f 2533/2616/1844 2531/2614/1845 2525/2608/1843
f 2527/2610/1846 2528/2611/1837 2534/2617/1837
f 2534/2617/1837 2533/2616/1846 2527/2610/1846
f 2528/2611/1847 2529/2612/1848 2535/2618/1848
f 2535/2618/1848 2534/2617/1847 2528/2611/1847
f 2530/2613/784 2536/2619/784 2535/2618/784
f 2535/2618/784 2529/2612/784 2530/2613/784
f 2532/2615/1849 2531/2614/1850 2537/2620/1851
f 2537/2620/1851 2538/2621/1849 2532/2615/1849
f 2531/2614/1852 2533/2616/1853 2539/2622/1853
f 2539/2622/1853 2537/2620/1852 2531/2614/1852
f 2533/2616/1854 2534/2617/1855 2540/2623/1855
f 2540/2623/1855 2539/2622/1854 2533/2616/1854
f 2534/2617/1856 2535/2618/1856 2541/2624/1856
f 2541/2624/1856 2540/2623/1856 2534/2617/1856
f 2536/2619/1857 2542/2625/1857 2541/2624/1857
f 2541/2624/1857 2535/2618/1857 2536/2619/1857
f 2521/2604/1858 2519/2602/1858 2517/2600/1858
f 2517/2600/1858 2514/2597/1858 2513/2596/1858
f 2517/2600/1858 2513/2596/1858 2543/2626/1858
f 2521/2604/1858 2517/2600/1858 2543/2626/1858
f 2523/2606/1858 2521/2604/1858 2543/2626/1858
f 2513/2596/781 2516/2599/781 2544/2627/781
f 2544/2627/781 2543/2626/781 2513/2596/781
f 2538/2621/1839 2537/2620/1839 2539/2622/1839
f 2539/2622/1839 2540/2623/1839 2541/2624/1839
f 2539/2622/1839 2541/2624/1839 2542/2625/1839
f 2538/2621/1839 2539/2622/1839 2542/2625/1839
f 2545/2628/1839 2538/2621/1839 2542/2625/1839
f 2544/2627/1839 2516/2599/1839 2526/2609/1841
f 2526/2609/1841 2546/2629/1841 2544/2627/1839
f 2526/2609/781 2532/2615/781 2547/2630/781
f 2547/2630/781 2546/2629/781 2526/2609/781
f 2547/2630/1859 2532/2615/1859 2538/2621/1859
f 2538/2621/1859 2545/2628/1859 2547/2630/1859
f 2548/2631/1860 2549/2632/1860 2550/2633/1860
f 2550/2633/1860 2551/2634/1860 2548/2631/1860
f 2551/2634/1861 2550/2633/1861 2552/2635/1861
f 2552/2635/1861 2553/2636/1861 2551/2634/1861
f 2553/2636/1862 2552/2635/1862 2554/2637/1862
f 2554/2637/1862 2555/2638/1862 2553/2636/1862
f 2555/2638/1863 2554/2637/1863 2556/2639/1863
f 2556/2639/1863 2557/2640/1863 2555/2638/1863
f 2523/2606/784 2557/2640/784 2556/2639/784
f 2556/2639/784 2524/2607/784 2523/2606/784
f 2549/2632/1839 2558/2641/1839 2559/2642/1864
f 2559/2642/1864 2550/2633/1864 2549/2632/1839
f 2550/2633/1864 2559/2642/1864 2560/2643/1839
f 2560/2643/1839 2552/2635/1839 2550/2633/1864
f 2552/2635/1839 2560/2643/1839 2561/2644/1841
f 2561/2644/1841 2554/2637/1841 2552/2635/1839
f 2554/2637/1841 2561/2644/1841 2562/2645/1839
f 2562/2645/1839 2556/2639/1839 2554/2637/1841
f 2524/2607/1839 2556/2639/1839 2562/2645/1839
f 2562/2645/1839 2530/2613/1841 2524/2607/1839
f 2558/2641/1865 2563/2646/1865 2564/2647/1866
f 2564/2647/1866 2559/2642/1866 2558/2641/1865
f 2559/2642/1867 2564/2647/1867 2565/2648/1868
f 2565/2648/1868 2560/2643/1868 2559/2642/1867
f 2560/2643/1869 2565/2648/1869 2566/2649/1862
f 2566/2649/1862 2561/2644/1862 2560/2643/1869
f 2561/2644/1870 2566/2649/1870 2567/2650/1871
f 2567/2650/1871 2562/2645/1872 2561/2644/1870
f 2530/2613/784 2562/2645/784 2567/2650/784
f 2567/2650/784 2536/2619/784 2530/2613/784
f 2563/2646/1873 2568/2651/1873 2569/2652/1874
f 2569/2652/1874 2564/2647/1874 2563/2646/1873
f 2564/2647/1875 2569/2652/1875 2570/2653/1876
f 2570/2653/1876 2565/2648/1876 2564/2647/1875
f 2565/2648/1877 2570/2653/1877 2571/2654/1877
f 2571/2654/1877 2566/2649/1877 2565/2648/1877
f 2566/2649/1878 2571/2654/1878 2572/2655/1878
f 2572/2655/1878 2567/2650/1878 2566/2649/1878
f 2536/2619/1857 2567/2650/1857 2572/2655/1857
f 2572/2655/1857 2542/2625/1857 2536/2619/1857
f 2548/2631/1858 2551/2634/1879 2553/2636/1858
f 2543/2626/1858 2548/2631/1858 2553/2636/1858
f 2553/2636/1858 2555/2638/1880 2557/2640/1858
f 2543/2626/1858 2553/2636/1858 2557/2640/1858
f 2523/2606/1858 2543/2626/1858 2557/2640/1858
f 2548/2631/781 2543/2626/781 2544/2627/781
f 2544/2627/781 2549/2632/781 2548/2631/781
f 2572/2655/1839 2571/2654/1839 2570/2653/1839
f 2542/2625/1839 2572/2655/1839 2570/2653/1839
f 2570/2653/1839 2569/2652/1839 2568/2651/1839
f 2542/2625/1839 2570/2653/1839 2568/2651/1839
f 2545/2628/1839 2542/2625/1839 2568/2651/1839
f 2544/2627/1839 2546/2629/1841 2558/2641/1839
f 2558/2641/1839 2549/2632/1839 2544/2627/1839
f 2558/2641/781 2546/2629/781 2547/2630/781
f 2547/2630/781 2563/2646/781 2558/2641/781
f 2547/2630/1859 2545/2628/1859 2568/2651/1859
f 2568/2651/1859 2563/2646/1859 2547/2630/1859
f 2573/2656/1839 2574/2657/1839 2575/2658/1839
f 2575/2658/1839 2576/2659/1839 2577/2660/1839
f 2577/2660/1839 2578/2661/1839 2579/2662/1839
f 2575/2658/1839 2577/2660/1839 2579/2662/1839
f 2573/2656/1839 2575/2658/1839 2579/2662/1839
f 2580/2663/1839 2573/2656/1839 2579/2662/1839
f 2581/2664/1839 2582/2665/1839 2583/2666/1839
f 2583/2666/1839 2584/2667/1840 2585/2668/1839
f 2585/2668/1839 2586/2669/1839 2587/2670/1839
f 2583/2666/1839 2585/2668/1839 2587/2670/1839
f 2581/2664/1839 2583/2666/1839 2587/2670/1839
f 2588/2671/1864 2581/2664/1839 2587/2670/1839
f 2589/2672/1839 2590/2673/1839 2591/2674/1839
f 2591/2674/1839 2592/2675/1839 2593/2676/1839
f 2589/2672/1839 2591/2674/1839 2593/2676/1839
f 2593/2676/1839 2594/2677/1839 2595/2678/1839
f 2589/2672/1839 2593/2676/1839 2595/2678/1839
f 2596/2679/1839 2589/2672/1839 2595/2678/1839
f 2597/2680/1839 2598/2681/1839 2599/2682/1839
f 2599/2682/1839 2600/2683/1864 2601/2684/1839
f 2597/2680/1839 2599/2682/1839 2601/2684/1839
f 2601/2684/1839 2602/2685/1839 2603/2686/1839
f 2597/2680/1839 2601/2684/1839 2603/2686/1839
f 2604/2687/1840 2597/2680/1839 2603/2686/1839
f 2605/2688/1858 2606/2689/1858 2607/2690/1858
f 2607/2690/1858 2608/2691/1858 2609/2692/1858
f 2609/2692/1858 2610/2693/1858 2611/2694/1858
f 2607/2690/1858 2609/2692/1858 2611/2694/1858
f 2605/2688/1858 2607/2690/1858 2611/2694/1858
f 2612/2695/1858 2605/2688/1858 2611/2694/1858
f 2612/2696/784 2613/2697/784 2614/2698/784
f 2614/2698/784 2605/2699/784 2612/2696/784
f 2606/2689/227 2615/2700/227 2616/2701/227
f 2616/2701/227 2607/2702/227 2606/2689/227
f 2608/2703/781 2617/2704/781 2618/2705/781
f 2618/2705/781 2609/2706/781 2608/2703/781
f 2610/2707/601 2619/2708/601 2620/2709/601
f 2620/2709/601 2611/2710/601 2610/2707/601
f 2605/2688/1881 2614/2711/1881 2615/2700/1881
f 2615/2700/1881 2606/2689/1882 2605/2688/1881
f 2613/2712/1883 2612/2713/1883 2611/2710/1883
f 2611/2710/1883 2620/2709/1883 2613/2712/1883
f 2607/2702/1884 2616/2701/1884 2617/2704/1884
f 2617/2704/1884 2608/2703/1884 2607/2702/1884
f 2609/2714/1885 2618/2715/1885 2619/2708/1885
f 2619/2708/1885 2610/2707/1886 2609/2714/1885
f 2621/2716/1839 2622/2717/1839 2623/2718/1839
f 2623/2718/1839 2624/2719/1839 2621/2716/1839
f 2624/2719/1839 2623/2718/1839 2625/2720/1840
f 2625/2720/1840 2626/2721/1840 2624/2719/1839
f 2626/2721/1840 2625/2720/1840 2627/2722/1839
f 2627/2722/1839 2628/2723/1839 2626/2721/1840
f 2628/2723/1839 2627/2722/1839 2629/2724/1839
f 2629/2724/1839 2630/2725/1839 2628/2723/1839
f 2630/2725/1839 2629/2724/1839 2631/2726/1839
f 2631/2726/1839 2632/2727/1839 2630/2725/1839
f 2632/2727/1839 2631/2726/1839 2633/2728/1864
f 2633/2728/1864 2634/2729/1864 2632/2727/1839
f 2634/2729/1864 2633/2728/1864 2635/2730/1839
f 2635/2730/1839 2636/2731/1839 2634/2729/1864
f 2636/2731/1839 2635/2730/1839 2622/2717/1839
f 2622/2717/1839 2621/2716/1839 2636/2731/1839
f 2613/2697/1887 2621/2716/1887 2624/2719/1888
f 2624/2719/1888 2614/2698/1888 2613/2697/1887
f 2614/2698/1889 2624/2719/1889 2626/2721/1890
f 2626/2721/1890 2615/2732/1890 2614/2698/1889
f 2615/2732/1891 2626/2721/1891 2628/2723/1892
f 2628/2723/1892 2616/2701/1892 2615/2732/1891
f 2616/2701/1893 2628/2723/1893 2630/2725/1894
f 2630/2725/1894 2617/2704/1894 2616/2701/1893
f 2617/2704/1895 2630/2725/1895 2632/2727/1895
f 2632/2727/1895 2618/2705/1895 2617/2704/1895
f 2618/2705/1896 2632/2727/1897 2634/2729/1898
f 2634/2729/1898 2619/2733/1898 2618/2705/1896
f 2619/2733/1899 2634/2729/1899 2636/2731/1900
f 2636/2731/1900 2620/2734/1900 2619/2733/1899
f 2620/2734/1901 2636/2731/1902 2621/2716/1903
f 2621/2716/1903 2613/2697/1904 2620/2734/1901
f 2637/2735/1905 2623/2718/1905 2622/2717/1905
f 2622/2717/1905 2638/2736/1905 2637/2735/1905
f 2638/2736/1906 2622/2717/1906 2635/2730/1906
f 2635/2730/1907 2639/2737/1907 2638/2736/1907
f 2639/2737/1892 2635/2730/1892 2633/2728/1892
f 2633/2728/1908 2640/2738/1908 2639/2737/1908
f 2640/2738/1909 2633/2728/1909 2631/2726/1909
f 2631/2726/1910 2641/2739/1910 2640/2738/1910
f 2641/2739/1888 2631/2726/1888 2629/2724/1888
f 2629/2724/1887 2642/2740/1887 2641/2739/1887
f 2642/2740/1911 2629/2724/1911 2627/2722/1911
f 2627/2722/1912 2643/2741/1912 2642/2740/1912
f 2643/2741/1913 2627/2722/1913 2625/2720/1913
f 2625/2720/1914 2644/2742/1914 2643/2741/1914
f 2644/2742/1915 2625/2720/1915 2623/2718/1915
f 2623/2718/1916 2637/2735/1916 2644/2742/1916
f 2645/2743/1858 2646/2744/1858 2647/2745/1858
f 2647/2745/1858 2648/2746/1858 2649/2747/1858
f 2649/2747/1858 2650/2748/1858 2651/2749/1858
f 2647/2745/1858 2649/2747/1858 2651/2749/1858
f 2645/2743/1858 2647/2745/1858 2651/2749/1858
f 2652/2750/1858 2645/2743/1858 2651/2749/1858
f 2652/2750/784 2653/2751/784 2654/2752/784
f 2654/2752/784 2645/2753/784 2652/2750/784
f 2646/2754/227 2655/2755/227 2656/2756/227
f 2656/2756/227 2647/2757/227 2646/2754/227
f 2648/2758/781 2657/2759/781 2658/2760/781
f 2658/2760/781 2649/2747/781 2648/2758/781
f 2650/2761/601 2659/2762/601 2660/2763/601
f 2660/2763/601 2651/2764/601 2650/2761/601
f 2645/2753/1881 2654/2752/1881 2655/2755/1881
f 2655/2755/1881 2646/2754/1882 2645/2753/1881
f 2653/2751/1883 2652/2765/1883 2651/2764/1883
f 2651/2764/1883 2660/2763/1883 2653/2751/1883
f 2647/2757/1884 2656/2756/1884 2657/2759/1884
f 2657/2759/1884 2648/2758/1917 2647/2757/1884
f 2649/2766/1885 2658/2767/1885 2659/2762/1885
f 2659/2762/1885 2650/2761/1886 2649/2766/1885
f 2661/2768/1840 2662/2769/1839 2663/2770/1839
f 2663/2770/1839 2664/2771/1839 2661/2768/1840
f 2664/2771/1839 2663/2770/1839 2665/2772/1839
f 2665/2772/1839 2666/2773/1864 2664/2771/1839
f 2666/2773/1864 2665/2772/1839 2667/2774/1839
f 2667/2774/1839 2668/2775/1839 2666/2773/1864
f 2668/2775/1839 2667/2774/1839 2669/2776/1839
f 2669/2776/1839 2670/2777/1864 2668/2775/1839
f 2670/2777/1864 2669/2776/1839 2671/2778/1840
f 2671/2778/1840 2672/2779/1839 2670/2777/1864
f 2672/2779/1839 2671/2778/1840 2673/2780/1864
f 2673/2780/1864 2674/2781/1864 2672/2779/1839
f 2674/2781/1864 2673/2780/1864 2675/2782/1840
f 2675/2782/1840 2676/2783/1840 2674/2781/1864
f 2676/2783/1840 2675/2782/1840 2662/2769/1839
f 2662/2769/1839 2661/2768/1840 2676/2783/1840
f 2653/2751/1918 2661/2768/1918 2664/2771/1918
f 2664/2771/1918 2654/2752/1918 2653/2751/1918
f 2654/2752/1919 2664/2771/1920 2666/2773/1921
f 2666/2773/1921 2655/2755/1921 2654/2752/1919
f 2655/2755/1922 2666/2773/1922 2668/2775/1923
f 2668/2775/1923 2656/2756/1923 2655/2755/1922
f 2656/2756/1924 2668/2775/1924 2670/2777/1925
f 2670/2777/1925 2657/2759/1925 2656/2756/1924
f 2657/2759/1926 2670/2777/1926 2672/2779/1927
f 2672/2779/1927 2658/2760/1927 2657/2759/1926
f 2658/2760/1928 2672/2779/1928 2674/2781/1929
f 2674/2781/1929 2659/2784/1930 2658/2760/1928
f 2659/2784/1931 2674/2781/1931 2676/2783/1932
f 2676/2783/1932 2660/2785/1932 2659/2784/1931
f 2660/2785/1933 2676/2783/1933 2661/2768/1934
f 2661/2768/1934 2653/2751/1934 2660/2785/1933
f 2677/2786/1927 2663/2770/1927 2662/2769/1927
f 2662/2769/1927 2678/2787/1927 2677/2786/1927
f 2678/2787/1935 2662/2769/1935 2675/2782/1935
f 2675/2782/1936 2679/2788/1936 2678/2787/1936
f 2679/2788/1937 2675/2782/1937 2673/2780/1937
f 2673/2780/1922 2680/2789/1922 2679/2788/1922
f 2680/2789/1938 2673/2780/1938 2671/2778/1938
f 2671/2778/1939 2681/2790/1939 2680/2789/1939
f 2681/2790/1918 2671/2778/1918 2669/2776/1918
f 2669/2776/1918 2682/2791/1918 2681/2790/1918
f 2682/2791/1933 2669/2776/1933 2667/2774/1933
f 2667/2774/1940 2683/2792/1940 2682/2791/1940
f 2683/2792/1932 2667/2774/1932 2665/2772/1932
f 2665/2772/1932 2684/2793/1932 2683/2792/1932
f 2684/2793/1941 2665/2772/1941 2663/2770/1941
f 2663/2770/1942 2677/2786/1942 2684/2793/1942
f 2685/2794/1858 2686/2795/1858 2687/2796/1858
f 2687/2796/1858 2688/2797/1858 2689/2798/1858
f 2685/2794/1858 2687/2796/1858 2689/2798/1858
f 2689/2798/1858 2690/2799/1858 2691/2800/1858
f 2685/2794/1858 2689/2798/1858 2691/2800/1858
f 2692/2801/1858 2685/2794/1858 2691/2800/1858
f 2692/2802/784 2691/2803/784 2693/2804/784
f 2693/2804/784 2694/2805/784 2692/2802/784
f 2690/2799/601 2689/2798/601 2695/2806/601
f 2695/2806/601 2696/2807/601 2690/2799/601
f 2688/2808/781 2687/2809/781 2697/2810/781
f 2697/2810/781 2698/2811/781 2688/2808/781
f 2686/2812/227 2685/2813/227 2699/2814/227
f 2699/2814/227 2700/2815/227 2686/2812/227
f 2691/2816/1883 2690/2799/1943 2696/2807/1883
f 2696/2807/1883 2693/2817/1883 2691/2816/1883
f 2694/2818/1881 2699/2814/1882 2685/2813/1881
f 2685/2813/1881 2692/2819/1881 2694/2818/1881
f 2689/2820/1885 2688/2808/1885 2698/2811/1885
f 2698/2811/1885 2695/2821/1885 2689/2820/1885
f 2687/2822/1884 2686/2812/1944 2700/2815/1884
f 2700/2815/1884 2697/2823/1884 2687/2822/1884
f 2701/2824/1839 2702/2825/1839 2703/2826/1864
f 2703/2826/1864 2704/2827/1839 2701/2824/1839
f 2702/2825/1839 2705/2828/1839 2706/2829/1839
f 2706/2829/1839 2703/2826/1864 2702/2825/1839
f 2705/2828/1839 2707/2830/1864 2708/2831/1864
f 2708/2831/1864 2706/2829/1839 2705/2828/1839
f 2707/2830/1864 2709/2832/1839 2710/2833/1839
f 2710/2833/1839 2708/2831/1864 2707/2830/1864
f 2709/2832/1839 2711/2834/1839 2712/2835/1839
f 2712/2835/1839 2710/2833/1839 2709/2832/1839
f 2711/2834/1839 2713/2836/1840 2714/2837/1840
f 2714/2837/1840 2712/2835/1839 2711/2834/1839
f 2713/2836/1840 2715/2838/1840 2716/2839/1840
f 2716/2839/1840 2714/2837/1840 2713/2836/1840
f 2715/2838/1840 2701/2824/1839 2704/2827/1839
f 2704/2827/1839 2716/2839/1840 2715/2838/1840
f 2694/2805/1888 2693/2804/1887 2702/2825/1887
f 2702/2825/1887 2701/2824/1888 2694/2805/1888
f 2693/2804/1945 2696/2840/1946 2705/2828/1946
f 2705/2828/1946 2702/2825/1945 2693/2804/1945
f 2696/2840/1899 2695/2821/1947 2707/2830/1947
f 2707/2830/1947 2705/2828/1899 2696/2840/1899
f 2695/2821/1916 2698/2811/1915 2709/2832/1915
f 2709/2832/1915 2707/2830/1948 2695/2821/1916
f 2698/2811/1895 2697/2810/1895 2711/2834/1895
f 2711/2834/1895 2709/2832/1895 2698/2811/1895
f 2697/2810/1949 2700/2841/1894 2713/2836/1894
f 2713/2836/1894 2711/2834/1950 2697/2810/1949
f 2700/2841/1892 2699/2842/1891 2715/2838/1891
f 2715/2838/1891 2713/2836/1892 2700/2841/1892
f 2699/2842/1951 2694/2805/1890 2701/2824/1890
f 2701/2824/1890 2715/2838/1951 2699/2842/1951
f 2717/2843/1905 2718/2844/1905 2704/2827/1905
f 2704/2827/1905 2703/2826/1905 2717/2843/1905
f 2718/2844/1952 2719/2845/1897 2716/2839/1897
f 2716/2839/1897 2704/2827/1952 2718/2844/1952
f 2719/2845/1900 2720/2846/1900 2714/2837/1900
f 2714/2837/1900 2716/2839/1900 2719/2845/1900
f 2720/2846/1953 2721/2847/1945 2712/2835/1945
f 2712/2835/1945 2714/2837/1953 2720/2846/1953
f 2721/2847/1887 2722/2848/1888 2710/2833/1888
f 2710/2833/1888 2712/2835/1887 2721/2847/1887
f 2722/2848/1954 2723/2849/1955 2708/2831/1956
f 2708/2831/1956 2710/2833/1954 2722/2848/1954
f 2723/2849/1892 2724/2850/1957 2706/2829/1957
f 2706/2829/1957 2708/2831/1892 2723/2849/1892
f 2724/2850/1958 2717/2843/1959 2703/2826/1960
f 2703/2826/1960 2706/2829/1958 2724/2850/1958
f 2725/2851/1858 2726/2852/1858 2727/2853/1858
f 2727/2853/1858 2728/2854/1858 2729/2855/1858
f 2725/2851/1858 2727/2853/1858 2729/2855/1858
f 2729/2855/1858 2730/2856/1858 2731/2857/1858
f 2725/2851/1858 2729/2855/1858 2731/2857/1858
f 2732/2858/1858 2725/2851/1858 2731/2857/1858
f 2732/2859/784 2731/2860/784 2733/2861/784
f 2733/2861/784 2734/2862/784 2732/2859/784
f 2730/2863/601 2729/2855/601 2735/2864/601
f 2735/2864/601 2736/2865/601 2730/2863/601
f 2728/2866/781 2727/2867/781 2737/2868/781
f 2737/2868/781 2738/2869/781 2728/2866/781
f 2726/2870/227 2725/2851/227 2739/2871/227
f 2739/2871/227 2740/2872/227 2726/2870/227
f 2731/2860/1883 2730/2863/1961 2736/2865/1883
f 2736/2865/1883 2733/2861/1883 2731/2860/1883
f 2734/2873/1881 2739/2871/1881 2725/2851/1881
f 2725/2851/1881 2732/2858/1881 2734/2873/1881
f 2729/2874/1885 2728/2866/1885 2738/2869/1885
f 2738/2869/1885 2735/2875/1886 2729/2874/1885
f 2727/2876/1884 2726/2870/1884 2740/2872/1884
f 2740/2872/1884 2737/2877/1884 2727/2876/1884
f 2741/2878/1864 2742/2879/1839 2743/2880/1839
f 2743/2880/1839 2744/2881/1864 2741/2878/1864
f 2742/2879/1839 2745/2882/1839 2746/2883/1839
f 2746/2883/1839 2743/2880/1839 2742/2879/1839
f 2745/2882/1839 2747/2884/1839 2748/2885/1839
f 2748/2885/1839 2746/2883/1839 2745/2882/1839
f 2747/2884/1839 2749/2886/1839 2750/2887/1839
f 2750/2887/1839 2748/2885/1839 2747/2884/1839
f 2749/2886/1839 2751/2888/1839 2752/2889/1839
f 2752/2889/1839 2750/2887/1839 2749/2886/1839
f 2751/2888/1839 2753/2890/1840 2754/2891/1840
f 2754/2891/1840 2752/2889/1839 2751/2888/1839
f 2753/2890/1840 2755/2892/1839 2756/2893/1839
f 2756/2893/1839 2754/2891/1840 2753/2890/1840
f 2755/2892/1839 2741/2878/1864 2744/2881/1864
f 2744/2881/1864 2756/2893/1839 2755/2892/1839
f 2734/2894/1918 2733/2895/1918 2742/2879/1918
f 2742/2879/1918 2741/2878/1918 2734/2894/1918
f 2733/2895/1933 2736/2896/1962 2745/2882/1962
f 2745/2882/1962 2742/2879/1933 2733/2895/1933
f 2736/2896/1963 2735/2864/1963 2747/2884/1963
f 2747/2884/1963 2745/2882/1963 2736/2896/1963
f 2735/2864/1964 2738/2897/1930 2749/2886/1930
f 2749/2886/1930 2747/2884/1928 2735/2864/1964
f 2738/2897/1965 2737/2898/1927 2751/2888/1927
f 2751/2888/1927 2749/2886/1926 2738/2897/1965
f 2737/2898/1966 2740/2899/1936 2753/2890/1967
f 2753/2890/1967 2751/2888/1966 2737/2898/1966
f 2740/2899/1922 2739/2900/1968 2755/2892/1969
f 2755/2892/1969 2753/2890/1922 2740/2899/1922
f 2739/2900/1921 2734/2894/1970 2741/2878/1970
f 2741/2878/1970 2755/2892/1921 2739/2900/1921
f 2757/2901/1965 2758/2902/1926 2744/2881/1926
f 2744/2881/1926 2743/2880/1927 2757/2901/1965
f 2758/2902/1942 2759/2903/1971 2756/2893/1971
f 2756/2893/1971 2744/2881/1942 2758/2902/1942
f 2759/2903/1963 2760/2904/1972 2754/2891/1972
f 2754/2891/1972 2756/2893/1963 2759/2903/1963
f 2760/2904/1933 2761/2905/1934 2752/2889/1934
f 2752/2889/1934 2754/2891/1933 2760/2904/1933
f 2761/2905/1918 2762/2906/1918 2750/2887/1918
f 2750/2887/1918 2752/2889/1973 2761/2905/1918
f 2762/2906/1938 2763/2907/1920 2748/2885/1920
f 2748/2885/1920 2750/2887/1938 2762/2906/1938
f 2763/2907/1922 2764/2908/1937 2746/2883/1937
f 2746/2883/1937 2748/2885/1922 2763/2907/1922
f 2764/2908/1935 2757/2901/1925 2743/2880/1925
f 2743/2880/1925 2746/2883/1935 2764/2908/1935
f 2765/2909/1974 2766/2910/1974 2767/2911/1974
f 2768/2912/1974 2765/2909/1974 2767/2911/1974
f 2767/2911/1974 2769/2913/1974 2770/2914/1974
f 2768/2912/1974 2767/2911/1974 2770/2914/1974
f 2771/2915/1975 2772/2916/1975 2773/2917/1975
f 2773/2917/1975 2774/2918/1975 2771/2915/1975
f 2768/2919/859 2770/2920/859 2775/2921/859
f 2768/2919/859 2775/2921/859 2776/2922/859
f 2768/2919/859 2776/2922/859 2777/2923/859
f 2768/2919/859 2777/2923/859 2778/2924/859
f 2769/2913/227 2767/2911/227 2779/2925/227
f 2779/2925/227 2780/2926/227 2769/2913/227
f 2766/2927/853 2765/2928/853 2781/2929/853
f 2766/2927/853 2781/2929/853 2782/2930/853
f 2766/2927/853 2782/2930/853 2783/2931/853
f 2766/2927/853 2783/2931/853 2784/2932/853
f 2765/2909/601 2768/2912/601 2778/2933/601
f 2778/2933/601 2781/2934/601 2765/2909/601
f 2770/2914/1976 2769/2913/1977 2780/2926/1978
f 2780/2926/1978 2775/2935/1979 2770/2914/1976
f 2767/2936/1980 2766/2927/1981 2784/2932/1982
f 2784/2932/1982 2779/2937/1983 2767/2936/1980
f 2785/2938/1975 2786/2939/1975 2787/2940/1975
f 2785/2938/1975 2787/2940/1975 2788/2941/1975
f 2785/2938/1975 2788/2941/1975 2789/2942/1975
f 2790/2943/1975 2785/2938/1975 2789/2942/1975
f 2791/2944/1975 2792/2945/1975 2793/2946/1975
f 2793/2946/1975 2794/2947/1975 2791/2944/1975
f 2777/2948/1984 2776/2949/1984 2771/2915/1984
f 2771/2915/1984 2774/2918/1984 2777/2948/1984
f 2776/2949/1985 2783/2931/1985 2772/2916/1985
f 2772/2916/1985 2771/2915/1985 2776/2949/1985
f 2783/2931/1986 2782/2930/1986 2773/2917/1986
f 2773/2917/1986 2772/2916/1986 2783/2931/1986
f 2782/2930/1987 2777/2948/1987 2774/2918/1987
f 2774/2918/1987 2773/2917/1987 2782/2930/1987
f 2776/2949/1984 2775/2935/1984 2785/2938/1984
f 2785/2938/1984 2790/2943/1984 2776/2949/1984
f 2775/2935/1988 2780/2950/1988 2786/2939/1988
f 2786/2939/1988 2785/2938/1988 2775/2935/1988
f 2780/2950/1985 2779/2951/1985 2787/2940/1985
f 2787/2940/1985 2786/2939/1985 2780/2950/1985
f 2779/2951/1989 2784/2932/1990 2788/2941/1990
f 2788/2941/1990 2787/2940/1989 2779/2951/1989
f 2784/2932/1986 2783/2931/1986 2789/2942/1986
f 2789/2942/1986 2788/2941/1986 2784/2932/1986
f 2783/2931/1987 2776/2949/1987 2790/2943/1987
f 2790/2943/1987 2789/2942/1987 2783/2931/1987
f 2782/2930/1986 2781/2952/1986 2791/2944/1986
f 2791/2944/1986 2794/2947/1986 2782/2930/1986
f 2781/2952/1987 2778/2953/1987 2792/2945/1987
f 2792/2945/1987 2791/2944/1987 2781/2952/1987
f 2778/2953/1984 2777/2948/1984 2793/2946/1984
f 2793/2946/1984 2792/2945/1984 2778/2953/1984
f 2777/2948/1991 2782/2930/1985 2794/2947/1985
f 2794/2947/1985 2793/2946/1991 2777/2948/1991
f 2795/2954/1974 2796/2955/1974 2797/2956/1974
f 2798/2957/1974 2795/2954/1974 2797/2956/1974
f 2797/2956/1974 2799/2958/1974 2800/2959/1974
f 2798/2957/1974 2797/2956/1974 2800/2959/1974
f 2801/2960/1975 2802/2961/1975 2803/2962/1975
f 2803/2962/1975 2804/2963/1975 2801/2960/1975
f 2798/2957/859 2805/2964/859 2806/2965/859
f 2798/2957/859 2806/2965/859 2807/2966/859
f 2798/2957/859 2807/2966/859 2808/2967/859
f 2798/2957/859 2808/2967/859 2795/2968/859
f 2796/2969/601 2809/2970/601 2810/2971/601
f 2810/2971/601 2797/2972/601 2796/2969/601
f 2799/2973/853 2811/2974/853 2812/2975/853
f 2799/2973/853 2812/2975/853 2813/2976/853
f 2799/2973/853 2813/2976/853 2814/2977/853
f 2799/2973/853 2814/2977/853 2800/2959/853
f 2800/2959/227 2814/2977/227 2805/2978/227
f 2805/2978/227 2798/2957/227 2800/2959/227
f 2795/2979/1992 2808/2967/1993 2809/2970/1994
f 2809/2970/1994 2796/2969/1995 2795/2979/1992
f 2797/2956/1996 2810/2980/1997 2811/2974/1998
f 2811/2974/1998 2799/2973/1999 2797/2956/1996
f 2815/2981/1975 2816/2982/1975 2817/2983/1975
f 2818/2984/1975 2815/2981/1975 2817/2983/1975
f 2819/2985/1975 2818/2984/1975 2817/2983/1975
f 2820/2986/1975 2819/2985/1975 2817/2983/1975
f 2821/2987/1975 2822/2988/1975 2823/2989/1975
f 2823/2989/1975 2824/2990/1975 2821/2987/1975
f 2806/2965/1984 2802/2961/1984 2801/2960/1984
f 2801/2960/1984 2807/2966/1984 2806/2965/1984
f 2807/2966/2000 2801/2960/2000 2804/2963/1987
f 2804/2963/1987 2812/2991/1987 2807/2966/2000
f 2812/2991/1986 2804/2963/1986 2803/2962/1986
f 2803/2962/1986 2813/2992/1986 2812/2991/1986
f 2813/2992/1985 2803/2962/1985 2802/2961/1985
f 2802/2961/1985 2806/2965/1985 2813/2992/1985
f 2807/2966/1984 2820/2986/1984 2817/2983/1984
f 2817/2983/1984 2808/2967/1984 2807/2966/1984
f 2808/2967/2001 2817/2983/2001 2816/2982/2001
f 2816/2982/2001 2809/2970/2001 2808/2967/2001
f 2809/2970/1987 2816/2982/1987 2815/2981/1987
f 2815/2981/1987 2810/2971/1987 2809/2970/1987
f 2810/2971/2002 2815/2981/2002 2818/2984/2003
f 2818/2984/2003 2811/2993/2003 2810/2971/2002
f 2811/2993/1986 2818/2984/1986 2819/2985/1986
f 2819/2985/1986 2812/2991/1986 2811/2993/1986
f 2812/2991/1985 2819/2985/1985 2820/2986/2004
f 2820/2986/2004 2807/2966/2004 2812/2991/1985
f 2813/2992/1986 2822/2988/1986 2821/2987/1986
f 2821/2987/1986 2814/2994/1986 2813/2992/1986
f 2814/2994/1985 2821/2987/1985 2824/2990/1985
f 2824/2990/1985 2805/2964/1985 2814/2994/1985
f 2805/2964/1984 2824/2990/1984 2823/2989/1984
f 2823/2989/1984 2806/2965/1984 2805/2964/1984
f 2806/2965/2000 2823/2989/2000 2822/2988/2005
f 2822/2988/2005 2813/2992/2005 2806/2965/2000
f 2825/2995/1974 2826/2996/1974 2827/2997/1974
f 2828/2998/1974 2825/2995/1974 2827/2997/1974
f 2827/2997/1974 2829/2999/1974 2830/3000/1974
f 2828/2998/1974 2827/2997/1974 2830/3000/1974
f 2831/3001/1975 2832/3002/1975 2833/3003/1975
f 2833/3003/1975 2834/3004/2006 2835/3005/1975
f 2831/3001/1975 2833/3003/1975 2835/3005/1975
f 2831/3001/1975 2835/3005/1975 2836/3006/1975
f 2828/2998/859 2830/3007/859 2837/3008/859
f 2837/3008/859 2838/3009/859 2828/2998/859
f 2829/2999/227 2827/3010/227 2839/3011/227
f 2839/3011/227 2840/3012/227 2829/2999/227
f 2826/3013/853 2825/3014/853 2841/3015/853
f 2841/3015/853 2842/3016/853 2826/3013/853
f 2825/3014/601 2828/2998/601 2838/3017/601
f 2838/3017/601 2841/3015/601 2825/3014/601
f 2830/3000/2007 2829/2999/2007 2840/3012/2008
f 2840/3012/2008 2837/3018/2009 2830/3000/2007
f 2827/2997/2010 2826/3013/2011 2842/3016/2012
f 2842/3016/2012 2839/3019/2013 2827/2997/2010
f 2838/3017/1975 2837/3018/1975 2843/3020/2006
f 2843/3020/2006 2844/3021/1975 2838/3017/1975
f 2837/3018/1975 2840/3012/1975 2845/3022/1975
f 2845/3022/1975 2843/3020/2006 2837/3018/1975
f 2840/3012/1975 2839/3019/1975 2846/3023/1975
f 2846/3023/1975 2845/3022/1975 2840/3012/1975
f 2839/3019/1975 2842/3024/1975 2847/3025/1975
f 2847/3025/1975 2846/3023/1975 2839/3019/1975
f 2842/3024/1975 2841/3026/2014 2848/3027/2014
f 2848/3027/2014 2847/3025/1975 2842/3024/1975
f 2841/3026/2014 2838/3017/1975 2844/3021/1975
f 2844/3021/1975 2848/3027/2014 2841/3026/2014
f 2844/3021/853 2843/3020/853 2832/3002/853
f 2832/3002/853 2831/3001/853 2844/3021/853
f 2843/3020/2015 2845/3022/2016 2833/3003/2015
f 2833/3003/2015 2832/3002/2015 2843/3020/2015
f 2845/3022/601 2846/3023/869 2834/3004/601
f 2834/3004/601 2833/3003/601 2845/3022/601
f 2846/3023/2017 2847/3025/2018 2835/3005/2017
f 2835/3005/2017 2834/3004/2019 2846/3023/2017
f 2847/3025/859 2848/3027/859 2836/3006/859
f 2836/3006/859 2835/3005/859 2847/3025/859
f 2848/3027/227 2844/3021/227 2831/3001/227
f 2831/3001/227 2836/3006/227 2848/3027/227
f 2849/3028/1974 2850/3029/1974 2851/3030/1974
f 2852/3031/1974 2849/3028/1974 2851/3030/1974
f 2851/3030/1974 2853/3032/1974 2854/3033/1974
f 2852/3031/1974 2851/3030/1974 2854/3033/1974
f 2855/3034/1975 2856/3035/1975 2857/3036/1975
f 2857/3036/1975 2858/3037/2020 2859/3038/1975
f 2855/3034/1975 2857/3036/1975 2859/3038/1975
f 2855/3034/1975 2859/3038/1975 2860/3039/1975
f 2852/3031/859 2861/3040/859 2862/3041/859
f 2862/3041/859 2849/3042/859 2852/3031/859
f 2850/3043/601 2863/3044/601 2864/3045/601
f 2864/3045/601 2851/3046/601 2850/3043/601
f 2853/3032/853 2865/3047/853 2866/3048/853
f 2866/3048/853 2854/3033/853 2853/3032/853
f 2854/3033/227 2866/3048/227 2861/3040/227
f 2861/3040/227 2852/3031/227 2854/3033/227
f 2849/3042/2021 2862/3041/2022 2863/3044/2022
f 2863/3044/2022 2850/3043/2021 2849/3042/2021
f 2851/3030/2023 2864/3049/2015 2865/3047/2015
f 2865/3047/2015 2853/3032/2024 2851/3030/2023
f 2861/3040/1975 2867/3050/1975 2868/3051/2025
f 2868/3051/2025 2862/3052/1975 2861/3040/1975
f 2862/3052/1975 2868/3051/2025 2869/3053/2014
f 2869/3053/2014 2863/3054/1975 2862/3052/1975
f 2863/3054/1975 2869/3053/2014 2870/3055/2020
f 2870/3055/2020 2864/3049/1975 2863/3054/1975
f 2864/3049/1975 2870/3055/2020 2871/3056/1975
f 2871/3056/1975 2865/3047/1975 2864/3049/1975
f 2865/3047/1975 2871/3056/1975 2872/3057/2006
f 2872/3057/2006 2866/3048/2006 2865/3047/1975
f 2866/3048/2006 2872/3057/2006 2867/3050/1975
f 2867/3050/1975 2861/3040/1975 2866/3048/2006
f 2867/3050/853 2855/3034/853 2860/3039/853
f 2860/3039/853 2868/3051/853 2867/3050/853
f 2868/3051/2026 2860/3039/2027 2859/3038/2026
f 2859/3038/2026 2869/3053/2028 2868/3051/2026
f 2869/3053/227 2859/3038/227 2858/3037/227
f 2858/3037/227 2870/3055/227 2869/3053/227
f 2870/3055/2007 2858/3037/1979 2857/3036/2007
f 2857/3036/2007 2871/3056/2007 2870/3055/2007
f 2871/3056/859 2857/3036/859 2856/3035/859
f 2856/3035/859 2872/3057/859 2871/3056/859
f 2872/3057/601 2856/3035/601 2855/3034/601
f 2855/3034/601 2867/3050/601 2872/3057/601
f 2873/3058/1975 2874/3059/1975 2875/3060/1975
f 2875/3060/1975 2876/3061/1975 2873/3058/1975
f 2877/3062/1974 2878/3063/1974 2879/3064/1974
f 2879/3064/1974 2880/3065/1974 2877/3062/1974
f 2881/3066/859 2877/3062/859 2880/3065/859
f 2880/3065/859 2882/3067/859 2881/3066/859
f 2883/3068/227 2882/3069/227 2880/3065/227
f 2880/3065/227 2879/3064/227 2883/3068/227
f 2882/3070/1975 2883/3071/1975 2884/3072/1975
f 2884/3072/1975 2885/3073/1975 2882/3070/1975
f 2886/3074/1975 2887/3075/1975 2884/3072/1975
f 2884/3072/1975 2883/3071/1975 2886/3074/1975
f 2885/3073/2029 2884/3072/2030 2873/3058/2030
f 2873/3058/2030 2876/3061/2029 2885/3073/2029
f 2887/3075/2031 2874/3059/2031 2873/3058/2031
f 2873/3058/2031 2884/3072/2031 2887/3075/2031
f 2883/3068/853 2879/3064/853 2878/3076/853
f 2878/3076/853 2886/3074/853 2883/3068/853
f 2881/3077/1975 2882/3070/1975 2885/3073/1975
f 2885/3073/1975 2888/3078/1975 2881/3077/1975
f 2888/3078/2032 2885/3073/2032 2876/3061/2032
f 2876/3061/2032 2875/3060/2032 2888/3078/2032
f 2889/3079/1975 2890/3080/1975 2875/3060/1975
f 2875/3060/1975 2874/3059/1975 2889/3079/1975
f 2877/3081/1974 2891/3082/1974 2892/3083/1974
f 2892/3083/1974 2878/3063/1974 2877/3081/1974
f 2881/3084/859 2893/3085/859 2891/3086/859
f 2891/3086/859 2877/3087/859 2881/3084/859
f 2894/3088/601 2892/3083/601 2891/3089/601
f 2891/3089/601 2893/3090/601 2894/3088/601
f 2893/3091/1975 2895/3092/1975 2896/3093/1975
f 2896/3093/1975 2894/3088/1975 2893/3091/1975
f 2886/3074/1975 2894/3088/1975 2896/3093/1975
f 2896/3093/1975 2887/3075/1975 2886/3074/1975
f 2895/3092/2033 2890/3080/2033 2889/3079/2033
f 2889/3079/2033 2896/3093/2033 2895/3092/2033
f 2887/3075/2031 2896/3093/2031 2889/3079/2031
f 2889/3079/2031 2874/3059/2031 2887/3075/2031
f 2894/3094/853 2886/3074/853 2878/3076/853
f 2878/3076/853 2892/3095/853 2894/3094/853
f 2881/3077/1975 2888/3078/1975 2895/3092/1975
f 2895/3092/1975 2893/3091/1975 2881/3077/1975
f 2888/3078/2032 2875/3060/2032 2890/3080/2032
f 2890/3080/2032 2895/3092/2032 2888/3078/2032
f 2897/3096/601 2898/3097/601 2899/3098/601
f 2897/3096/601 2899/3098/601 2900/3099/601
f 2901/3100/601 2897/3096/601 2900/3099/601
f 2902/3101/2034 2903/3102/2035 2904/3103/2036
f 2904/3103/2036 2905/3104/2037 2902/3101/2034
f 2901/3100/217 2900/3099/217 2906/3105/217
f 2906/3105/217 2907/3106/217 2901/3100/217
f 2900/3107/1614 2899/3098/1614 2908/3108/1614
f 2900/3107/1614 2908/3108/1614 2909/3109/1614
f 2900/3107/1614 2909/3109/1614 2906/3110/1614
f 2899/3111/239 2898/3112/239 2910/3113/239
f 2910/3113/239 2908/3114/239 2899/3111/239
f 2898/3112/1615 2897/3115/1615 2911/3116/1615
f 2911/3116/1615 2910/3113/1615 2898/3112/1615
f 2907/3117/2038 2911/3116/2039 2897/3115/2040
f 2897/3115/2040 2901/3118/2041 2907/3117/2038
f 2907/3119/2042 2906/3105/2042 2909/3120/2042
f 2909/3120/2042 2911/3121/2042 2907/3119/2042
f 2908/3122/2043 2910/3123/2043 2912/3124/2043
f 2912/3124/2043 2913/3125/2043 2908/3122/2043
f 2910/3123/1615 2911/3121/1615 2914/3126/2044
f 2914/3126/2044 2912/3124/1615 2910/3123/1615
f 2911/3121/2045 2909/3120/2046 2915/3127/2046
f 2915/3127/2046 2914/3126/2045 2911/3121/2045
f 2909/3120/1614 2908/3122/1614 2913/3125/2047
f 2913/3125/2047 2915/3127/2047 2909/3120/1614
f 2913/3125/2048 2912/3124/2049 2904/3103/2049
f 2904/3103/2049 2903/3102/2048 2913/3125/2048
f 2912/3124/2050 2914/3126/2050 2905/3104/2050
f 2905/3104/2051 2904/3103/2051 2912/3124/2051
f 2914/3126/2052 2915/3127/2053 2902/3101/2053
f 2902/3101/2053 2905/3104/2052 2914/3126/2052
f 2915/3127/2054 2913/3125/2054 2903/3102/2054
f 2903/3102/2055 2902/3101/2055 2915/3127/2055
f 2916/3128/601 2917/3129/601 2918/3130/601
f 2916/3128/601 2918/3130/601 2919/3131/601
f 2920/3132/601 2916/3128/601 2919/3131/601
f 2921/3133/2034 2922/3134/2035 2923/3135/2056
f 2923/3135/2056 2924/3136/2057 2921/3133/2034
f 2920/3137/217 2919/3138/217 2925/3139/217
f 2925/3139/217 2926/3140/217 2920/3137/217
f 2919/3141/1614 2918/3142/1614 2927/3143/2047
f 2919/3141/1614 2927/3143/2047 2928/3144/1614
f 2919/3141/1614 2928/3144/1614 2925/3145/1614
f 2918/3146/239 2917/3147/239 2929/3148/239
f 2929/3148/239 2927/3149/239 2918/3146/239
f 2917/3147/1615 2916/3150/1615 2930/3151/1615
f 2930/3151/1615 2929/3148/2058 2917/3147/1615
f 2926/3140/2038 2930/3151/2039 2916/3150/2059
f 2916/3150/2059 2920/3137/2041 2926/3140/2038
f 2926/3152/2042 2925/3153/2060 2928/3154/2060
f 2928/3154/2060 2930/3155/2042 2926/3152/2042
f 2927/3143/2043 2929/3148/2043 2931/3156/2043
f 2931/3156/2043 2932/3157/2043 2927/3143/2043
f 2929/3148/2058 2930/3155/1615 2933/3158/1615
f 2933/3158/1615 2931/3156/2061 2929/3148/2058
f 2930/3155/2045 2928/3154/2046 2934/3159/2046
f 2934/3159/2046 2933/3158/2045 2930/3155/2045
f 2928/3154/1614 2927/3143/2047 2932/3157/2047
f 2932/3157/2047 2934/3159/1614 2928/3154/1614
f 2932/3157/2062 2931/3156/2063 2923/3135/2063
f 2923/3135/2063 2922/3134/2064 2932/3157/2062
f 2931/3156/2065 2933/3158/2065 2924/3136/2065
f 2924/3136/2066 2923/3135/2066 2931/3156/2066
f 2933/3158/2067 2934/3159/2068 2921/3133/2068
f 2921/3133/2068 2924/3136/2067 2933/3158/2067
f 2934/3159/2069 2932/3157/2069 2922/3134/2069
f 2922/3134/2070 2921/3133/2070 2934/3159/2070
f 2935/3160/227 2936/3161/227 2937/3162/227
f 2938/3163/227 2935/3160/227 2937/3162/227
f 2939/3164/227 2938/3163/227 2937/3162/227
f 2940/3165/2071 2941/3166/2072 2942/3167/2073
f 2942/3167/2073 2943/3168/2074 2940/3165/2071
f 2939/3164/217 2944/3169/217 2945/3170/217
f 2945/3170/217 2938/3163/217 2939/3164/217
f 2938/3171/1614 2945/3170/1614 2946/3172/1614
f 2938/3171/1614 2946/3172/1614 2947/3173/1614
f 2938/3171/1614 2947/3173/1614 2935/3174/1614
f 2935/3160/239 2947/3175/239 2948/3176/239
f 2948/3176/239 2936/3161/239 2935/3160/239
f 2936/3177/1615 2948/3178/2058 2949/3179/2044
f 2949/3179/2044 2937/3180/2058 2936/3177/1615
f 2944/3169/2075 2939/3181/2041 2937/3180/2076
f 2937/3180/2076 2949/3179/2077 2944/3169/2075
f 2944/3182/2078 2949/3183/2078 2946/3184/2079
f 2946/3184/2079 2945/3185/2079 2944/3182/2078
f 2947/3186/2080 2950/3187/2080 2951/3188/2080
f 2951/3188/2080 2948/3189/2080 2947/3186/2080
f 2948/3189/2058 2951/3188/2081 2952/3190/2082
f 2952/3190/2082 2949/3183/2044 2948/3189/2058
f 2949/3183/2083 2952/3190/2083 2953/3191/2084
f 2953/3191/2084 2946/3184/2084 2949/3183/2083
f 2946/3184/1614 2953/3191/1614 2950/3187/1614
f 2950/3187/1614 2947/3186/1614 2946/3184/1614
f 2950/3187/2085 2943/3168/2085 2942/3167/2086
f 2942/3167/2086 2951/3188/2086 2950/3187/2085
f 2951/3188/2087 2942/3167/2087 2941/3166/2087
f 2941/3166/2088 2952/3190/2088 2951/3188/2088
f 2952/3190/2089 2941/3166/2089 2940/3165/2090
f 2940/3165/2090 2953/3191/2090 2952/3190/2089
f 2953/3191/2091 2940/3165/2091 2943/3168/2091
f 2943/3168/2092 2950/3187/2092 2953/3191/2092
f 2954/3192/227 2955/3193/227 2956/3194/227
f 2957/3195/227 2954/3192/227 2956/3194/227
f 2958/3196/227 2957/3195/227 2956/3194/227
f 2959/3197/2071 2960/3198/2072 2961/3199/2073
f 2961/3199/2073 2962/3200/2074 2959/3197/2071
f 2958/3201/217 2963/3202/217 2964/3203/217
f 2964/3203/217 2957/3204/217 2958/3201/217
f 2957/3195/1614 2964/3205/1614 2965/3206/1614
f 2957/3195/1614 2965/3206/1614 2966/3207/1614
f 2957/3195/1614 2966/3207/1614 2954/3208/1614
f 2954/3192/239 2966/3209/239 2967/3210/239
f 2967/3210/239 2955/3193/239 2954/3192/239
f 2955/3193/1615 2967/3210/2058 2968/3211/2044
f 2968/3211/2044 2956/3194/2058 2955/3193/1615
f 2963/3202/2075 2958/3201/2041 2956/3194/2076
f 2956/3194/2076 2968/3211/2093 2963/3202/2075
f 2963/3212/2094 2968/3213/2094 2965/3214/2079
f 2965/3214/2079 2964/3215/2079 2963/3212/2094
f 2966/3209/2080 2969/3216/2080 2970/3217/2080
f 2970/3217/2080 2967/3210/2080 2966/3209/2080
f 2967/3210/2058 2970/3217/2081 2971/3218/2082
f 2971/3218/2082 2968/3213/2044 2967/3210/2058
f 2968/3213/2084 2971/3218/2084 2972/3219/2084
f 2972/3219/2084 2965/3214/2084 2968/3213/2084
f 2965/3214/1614 2972/3219/1614 2969/3216/1614
f 2969/3216/1614 2966/3209/1614 2965/3214/1614
f 2969/3216/2085 2962/3200/2085 2961/3199/2086
f 2961/3199/2086 2970/3217/2086 2969/3216/2085
f 2970/3217/2095 2961/3199/2095 2960/3198/2095
f 2960/3198/2088 2971/3218/2088 2970/3217/2088
f 2971/3218/2089 2960/3198/2089 2959/3197/2090
f 2959/3197/2090 2972/3219/2090 2971/3218/2089
f 2972/3219/2096 2959/3197/2096 2962/3200/2096
f 2962/3200/2097 2969/3216/2097 2972/3219/2097
f 2973/3220/601 2974/3221/601 2975/3222/601
f 2975/3222/601 2976/3223/601 2973/3220/601
f 2977/3224/227 2978/3225/227 2979/3226/227
f 2979/3226/227 2980/3227/227 2977/3224/227
f 2973/3220/217 2976/3223/217 2981/3228/217
f 2981/3228/217 2982/3229/217 2973/3220/217
f 2976/3223/1614 2975/3222/1614 2983/3230/1614
f 2983/3230/1614 2981/3231/1614 2976/3223/1614
f 2975/3222/239 2974/3221/239 2984/3232/239
f 2984/3232/239 2983/3230/239 2975/3222/239
f 2974/3233/1615 2973/3234/1615 2982/3235/1615
f 2982/3235/1615 2984/3232/1615 2974/3233/1615
f 2982/3229/2098 2981/3228/2099 2978/3225/2099
f 2978/3225/2099 2977/3224/2098 2982/3229/2098
f 2981/3228/2100 2983/3236/2101 2979/3226/2101
f 2979/3226/2101 2978/3225/2100 2981/3228/2100
f 2983/3236/2102 2984/3237/2103 2980/3227/2103
f 2980/3227/2103 2979/3226/2102 2983/3236/2102
f 2984/3237/2104 2982/3229/2105 2977/3224/2106
f 2977/3224/2106 2980/3227/2107 2984/3237/2104
f 2985/3238/601 2986/3239/601 2987/3240/601
f 2987/3240/601 2988/3241/601 2985/3238/601
f 2989/3242/227 2990/3243/227 2991/3244/227
f 2991/3244/227 2992/3245/227 2989/3242/227
f 2985/3238/217 2988/3246/217 2993/3247/217
f 2993/3247/217 2994/3248/217 2985/3238/217
f 2988/3246/1614 2987/3249/1614 2995/3250/1614
f 2995/3250/1614 2993/3247/1614 2988/3246/1614
f 2987/3240/239 2986/3239/239 2996/3251/239
f 2996/3251/239 2995/3252/239 2987/3240/239
f 2986/3239/1615 2985/3238/1615 2994/3248/1615
f 2994/3248/1615 2996/3253/1615 2986/3239/1615
f 2994/3248/2099 2993/3247/2108 2990/3243/2108
f 2990/3243/2108 2989/3242/2099 2994/3248/2099
f 2993/3247/2109 2995/3250/2100 2991/3244/2101
f 2991/3244/2101 2990/3243/2109 2993/3247/2109
f 2995/3250/2103 2996/3253/2110 2992/3245/2110
f 2992/3245/2110 2991/3244/2103 2995/3250/2103
f 2996/3253/2104 2994/3248/2104 2989/3242/2104
f 2989/3242/2104 2992/3245/2107 2996/3253/2104
f 2997/3254/227 2998/3255/227 2999/3256/227
f 2999/3256/227 3000/3257/227 2997/3254/227
f 3001/3258/601 3002/3259/601 3003/3260/601
f 3003/3260/601 3004/3261/601 3001/3258/601
f 2997/3254/217 3005/3262/217 3006/3263/217
f 3006/3263/217 2998/3264/217 2997/3254/217
f 2998/3265/2111 3006/3266/2111 3007/3267/1614
f 3007/3267/1614 2999/3268/1614 2998/3265/2111
f 2999/3269/239 3007/3267/239 3008/3270/239
f 3008/3270/239 3000/3257/239 2999/3269/239
f 3000/3257/1615 3008/3271/1615 3005/3262/1615
f 3005/3262/1615 2997/3254/1615 3000/3257/1615
f 3005/3262/2112 3001/3258/2112 3004/3261/2113
f 3004/3261/2113 3006/3263/2113 3005/3262/2112
f 3006/3263/2114 3004/3261/2115 3003/3260/2116
f 3003/3260/2116 3007/3272/2116 3006/3263/2114
f 3007/3272/2117 3003/3260/2117 3002/3259/2118
f 3002/3259/2118 3008/3271/2118 3007/3272/2117
f 3008/3271/2119 3002/3259/2120 3001/3258/2121
f 3001/3258/2121 3005/3262/2121 3008/3271/2119
f 3009/3273/227 3010/3274/227 3011/3275/227
f 3011/3275/227 3012/3276/227 3009/3273/227
f 3013/3277/601 3014/3278/601 3015/3279/601
f 3015/3279/601 3016/3280/601 3013/3277/601
f 3009/3273/217 3017/3281/217 3018/3282/217
f 3018/3282/217 3010/3283/217 3009/3273/217
f 3010/3284/1614 3018/3282/1614 3019/3285/1614
f 3019/3285/1614 3011/3286/1614 3010/3284/1614
f 3011/3287/239 3019/3288/239 3020/3289/239
f 3020/3289/239 3012/3276/239 3011/3287/239
f 3012/3290/1615 3020/3291/1615 3017/3281/1615
f 3017/3281/1615 3009/3292/1615 3012/3290/1615
f 3017/3293/2112 3013/3277/2112 3016/3280/2122
f 3016/3280/2122 3018/3294/2122 3017/3293/2112
f 3018/3294/2116 3016/3280/2116 3015/3279/2116
f 3015/3279/2116 3019/3288/2116 3018/3294/2116
f 3019/3288/2117 3015/3279/2117 3014/3278/2123
f 3014/3278/2123 3020/3289/2123 3019/3288/2117
f 3020/3289/2120 3014/3278/2120 3013/3277/2124
f 3013/3277/2124 3017/3293/2124 3020/3289/2120
f 3021/3295/1858 3022/3296/1858 3023/3297/1858
f 3023/3297/1858 3024/3298/1858 3021/3295/1858
f 3025/3299/1839 3026/3300/1839 3027/3301/1839
f 3027/3301/1839 3028/3302/1839 3025/3299/1839
f 3021/3295/784 3024/3298/784 3029/3303/784
f 3029/3303/784 3030/3304/784 3021/3295/784
f 3024/3305/601 3023/3306/601 3031/3307/601
f 3031/3307/601 3029/3308/601 3024/3305/601
f 3023/3309/781 3022/3310/781 3032/3311/781
f 3032/3311/781 3031/3312/781 3023/3309/781
f 3022/3310/227 3021/3313/227 3030/3314/227
f 3030/3314/227 3032/3311/227 3022/3310/227
f 3030/3304/2125 3029/3303/2126 3026/3300/2126
f 3026/3300/2126 3025/3299/2125 3030/3304/2125
f 3029/3303/2127 3031/3315/2128 3027/3301/2128
f 3027/3301/2128 3026/3300/2127 3029/3303/2127
f 3031/3315/2129 3032/3316/2129 3028/3302/2129
f 3028/3302/2129 3027/3301/2130 3031/3315/2129
f 3032/3316/2131 3030/3304/2131 3025/3299/2131
f 3025/3299/2131 3028/3302/2131 3032/3316/2131
f 3033/3317/1858 3034/3318/1858 3035/3319/1858
f 3035/3319/1858 3036/3320/1858 3033/3317/1858
f 3037/3321/1839 3038/3322/1839 3039/3323/1839
f 3039/3323/1839 3040/3324/1839 3037/3321/1839
f 3033/3325/784 3036/3326/784 3041/3327/784
f 3041/3327/784 3042/3328/784 3033/3325/784
f 3036/3326/601 3035/3329/601 3043/3330/601
f 3043/3330/601 3041/3327/601 3036/3326/601
f 3035/3331/781 3034/3318/781 3044/3332/781
f 3044/3332/781 3043/3333/781 3035/3331/781
f 3034/3318/227 3033/3317/227 3042/3334/227
f 3042/3334/227 3044/3332/227 3034/3318/227
f 3042/3328/2126 3041/3327/2125 3038/3322/2125
f 3038/3322/2125 3037/3321/2126 3042/3328/2126
f 3041/3327/2132 3043/3330/2132 3039/3323/2132
f 3039/3323/2132 3038/3322/2132 3041/3327/2132
f 3043/3330/2129 3044/3335/2129 3040/3324/2129
f 3040/3324/2129 3039/3323/2129 3043/3330/2129
f 3044/3335/2133 3042/3328/2131 3037/3321/2131
f 3037/3321/2131 3040/3324/2133 3044/3335/2133
f 3045/3336/1858 3046/3337/1858 3047/3338/1858
f 3047/3338/1858 3048/3339/1858 3045/3336/1858
f 3049/3340/1839 3050/3341/1839 3051/3342/1839
f 3051/3342/1839 3052/3343/1839 3049/3340/1839
f 3045/3344/784 3048/3345/784 3053/3346/784
f 3053/3346/784 3054/3347/784 3045/3344/784
f 3048/3345/601 3047/3348/601 3055/3349/601
f 3055/3349/601 3053/3346/601 3048/3345/601
f 3047/3348/781 3046/3350/781 3056/3351/781
f 3056/3351/781 3055/3349/781 3047/3348/781
f 3046/3350/227 3045/3344/227 3054/3347/227
f 3054/3347/227 3056/3351/227 3046/3350/227
f 3054/3352/2125 3053/3353/2125 3050/3341/2125
f 3050/3341/2125 3049/3340/2125 3054/3352/2125
f 3053/3353/2132 3055/3354/2132 3051/3342/2132
f 3051/3342/2132 3050/3341/2132 3053/3353/2132
f 3055/3354/2129 3056/3355/2129 3052/3343/2129
f 3052/3343/2129 3051/3342/2129 3055/3354/2129
f 3056/3355/2133 3054/3352/2131 3049/3340/2131
f 3049/3340/2131 3052/3343/2133 3056/3355/2133
f 3057/3356/1858 3058/3357/1858 3059/3358/1858
f 3059/3358/1858 3060/3359/1858 3057/3356/1858
f 3061/3360/1839 3062/3361/1839 3063/3362/1839
f 3063/3362/1839 3064/3363/1839 3061/3360/1839
f 3057/3364/784 3060/3365/784 3065/3366/784
f 3065/3366/784 3066/3367/784 3057/3364/784
f 3060/3365/601 3059/3368/601 3067/3369/601
f 3067/3369/601 3065/3366/601 3060/3365/601
f 3059/3358/781 3058/3357/781 3068/3370/781
f 3068/3370/781 3067/3371/781 3059/3358/781
f 3058/3357/227 3057/3356/227 3066/3367/227
f 3066/3367/227 3068/3372/227 3058/3357/227
f 3066/3373/2126 3065/3374/2125 3062/3361/2126
f 3062/3361/2126 3061/3360/2126 3066/3373/2126
f 3065/3374/2127 3067/3371/2128 3063/3362/2128
f 3063/3362/2128 3062/3361/2127 3065/3374/2127
f 3067/3371/2129 3068/3370/2129 3064/3363/2129
f 3064/3363/2129 3063/3362/2129 3067/3371/2129
f 3068/3370/2134 3066/3373/2131 3061/3360/2131
f 3061/3360/2131 3064/3363/2134 3068/3370/2134
f 3069/3375/1858 3070/3376/1858 3071/3377/1858
f 3071/3377/1858 3072/3378/1858 3069/3375/1858
f 3073/3379/1839 3074/3380/1839 3075/3381/1839
f 3075/3381/1839 3076/3382/1839 3073/3379/1839
f 3069/3375/784 3072/3378/784 3077/3383/784
f 3077/3383/784 3078/3384/784 3069/3375/784
f 3072/3378/601 3071/3377/601 3079/3385/601
f 3079/3385/601 3077/3383/601 3072/3378/601
f 3071/3377/781 3070/3376/781 3080/3386/781
f 3080/3386/781 3079/3385/781 3071/3377/781
f 3070/3387/227 3069/3388/227 3078/3389/227
f 3078/3389/227 3080/3390/227 3070/3387/227
f 3078/3384/2125 3077/3383/2125 3074/3380/2125
f 3074/3380/2125 3073/3379/2125 3078/3384/2125
f 3077/3383/2127 3079/3385/2135 3075/3381/2135
f 3075/3381/2135 3074/3380/2127 3077/3383/2127
f 3079/3385/2129 3080/3386/2129 3076/3382/2129
f 3076/3382/2129 3075/3381/2130 3079/3385/2129
f 3080/3386/2131 3078/3384/2131 3073/3379/2131
f 3073/3379/2131 3076/3382/2133 3080/3386/2131
f 3081/3391/1858 3082/3392/1858 3083/3393/1858
f 3083/3393/1858 3084/3394/1858 3081/3391/1858
f 3085/3395/1864 3086/3396/1864 3087/3397/1839
f 3087/3397/1839 3088/3398/1839 3085/3395/1864
f 3081/3391/784 3084/3394/784 3089/3399/784
f 3089/3399/784 3090/3400/784 3081/3391/784
f 3084/3394/601 3083/3393/601 3091/3401/601
f 3091/3401/601 3089/3399/601 3084/3394/601
f 3083/3393/781 3082/3392/781 3092/3402/781
f 3092/3402/781 3091/3401/781 3083/3393/781
f 3082/3392/227 3081/3391/227 3090/3403/227
f 3090/3403/227 3092/3404/227 3082/3392/227
f 3090/3400/2125 3089/3399/2125 3086/3396/2125
f 3086/3396/2125 3085/3395/2126 3090/3400/2125
f 3089/3399/2127 3091/3401/2128 3087/3397/2128
f 3087/3397/2128 3086/3396/2127 3089/3399/2127
f 3091/3401/2129 3092/3402/2129 3088/3398/2129
f 3088/3398/2129 3087/3397/2129 3091/3401/2129
f 3092/3402/2134 3090/3400/2134 3085/3395/2134
f 3085/3395/2134 3088/3398/2134 3092/3402/2134
f 3093/3405/1858 3094/3406/1858 3095/3407/1858
f 3095/3407/1858 3096/3408/1858 3093/3405/1858
f 3097/3409/1839 3098/3410/1841 3099/3411/1839
f 3099/3411/1839 3100/3412/1839 3097/3409/1839
f 3093/3413/784 3101/3414/784 3102/3415/784
f 3102/3415/784 3094/3416/784 3093/3413/784
f 3094/3417/227 3102/3418/227 3103/3419/227
f 3103/3419/227 3095/3420/227 3094/3417/227
f 3095/3420/781 3103/3419/781 3104/3421/781
f 3104/3421/781 3096/3408/781 3095/3420/781
f 3096/3422/601 3104/3421/601 3101/3423/601
f 3101/3423/601 3093/3413/601 3096/3422/601
f 3101/3414/2125 3097/3409/2125 3100/3412/2125
f 3100/3412/2125 3102/3415/2126 3101/3414/2125
f 3102/3415/2136 3100/3412/2136 3099/3411/2137
f 3099/3411/2137 3103/3424/2137 3102/3415/2136
f 3103/3424/2129 3099/3411/2129 3098/3410/2129
f 3098/3410/2129 3104/3425/2129 3103/3424/2129
f 3104/3425/2128 3098/3410/2128 3097/3409/2132
f 3097/3409/2132 3101/3414/2132 3104/3425/2128
f 3105/3426/1858 3106/3427/1858 3107/3428/1858
f 3107/3428/1858 3108/3429/1858 3105/3426/1858
f 3109/3430/1839 3110/3431/1839 3111/3432/1839
f 3111/3432/1839 3112/3433/1839 3109/3430/1839
f 3105/3434/784 3113/3435/784 3114/3436/784
f 3114/3436/784 3106/3437/784 3105/3434/784
f 3106/3438/227 3114/3436/227 3115/3439/227
f 3115/3439/227 3107/3440/227 3106/3438/227
f 3107/3441/781 3115/3439/781 3116/3442/781
f 3116/3442/781 3108/3429/781 3107/3441/781
f 3108/3443/601 3116/3444/601 3113/3445/601
f 3113/3445/601 3105/3426/601 3108/3443/601
f 3113/3445/2126 3109/3430/2126 3112/3433/2125
f 3112/3433/2125 3114/3446/2125 3113/3445/2126
f 3114/3446/2138 3112/3433/2139 3111/3432/2140
f 3111/3432/2140 3115/3447/2140 3114/3446/2138
f 3115/3447/2129 3111/3432/2129 3110/3431/2129
f 3110/3431/2129 3116/3444/2129 3115/3447/2129
f 3116/3444/2128 3110/3431/2128 3109/3430/2132
f 3109/3430/2132 3113/3445/2132 3116/3444/2128
f 3117/3448/1858 3118/3449/1858 3119/3450/1858
f 3119/3450/1858 3120/3451/1858 3117/3448/1858
f 3121/3452/1839 3122/3453/1839 3123/3454/1839
f 3123/3454/1839 3124/3455/1839 3121/3452/1839
f 3117/3456/784 3125/3457/784 3126/3458/784
f 3126/3458/784 3118/3459/784 3117/3456/784
f 3118/3460/227 3126/3461/227 3127/3462/227
f 3127/3462/227 3119/3463/227 3118/3460/227
f 3119/3464/781 3127/3465/781 3128/3466/781
f 3128/3466/781 3120/3467/781 3119/3464/781
f 3120/3451/601 3128/3468/601 3125/3469/601
f 3125/3469/601 3117/3448/601 3120/3451/601
f 3125/3457/2125 3121/3452/2125 3124/3455/2125
f 3124/3455/2125 3126/3458/2125 3125/3457/2125
f 3126/3458/2136 3124/3455/2136 3123/3454/2140
f 3123/3454/2140 3127/3465/2140 3126/3458/2136
f 3127/3465/2129 3123/3454/2129 3122/3453/2129
f 3122/3453/2129 3128/3466/2129 3127/3465/2129
f 3128/3466/2135 3122/3453/2135 3121/3452/2141
f 3121/3452/2141 3125/3457/2141 3128/3466/2135
f 3129/3470/1858 3130/3471/1858 3131/3472/1858
f 3131/3472/1858 3132/3473/1858 3129/3470/1858
f 3133/3474/1839 3134/3475/1839 3135/3476/1839
f 3135/3476/1839 3136/3477/1839 3133/3474/1839
f 3129/3470/784 3137/3478/784 3138/3479/784
f 3138/3479/784 3130/3480/784 3129/3470/784
f 3130/3480/227 3138/3479/227 3139/3481/227
f 3139/3481/227 3131/3482/227 3130/3480/227
f 3131/3482/781 3139/3481/781 3140/3483/781
f 3140/3483/781 3132/3473/781 3131/3482/781
f 3132/3473/601 3140/3483/601 3137/3478/601
f 3137/3478/601 3129/3470/601 3132/3473/601
f 3137/3478/2126 3133/3474/2126 3136/3477/2125
f 3136/3477/2125 3138/3479/2125 3137/3478/2126
f 3138/3479/2136 3136/3477/2136 3135/3476/2142
f 3135/3476/2142 3139/3481/2142 3138/3479/2136
f 3139/3481/2129 3135/3476/2129 3134/3475/2129
f 3134/3475/2129 3140/3483/2129 3139/3481/2129
f 3140/3483/2135 3134/3475/2135 3133/3474/2132
f 3133/3474/2132 3137/3478/2132 3140/3483/2135
f 3141/3484/1858 3142/3485/1858 3143/3486/1858
f 3143/3486/1858 3144/3487/1858 3141/3484/1858
f 3145/3488/1839 3146/3489/1839 3147/3490/1839
f 3147/3490/1839 3148/3491/1839 3145/3488/1839
f 3141/3484/784 3149/3492/784 3150/3493/784
f 3150/3493/784 3142/3494/784 3141/3484/784
f 3142/3494/227 3150/3493/227 3151/3495/227
f 3151/3495/227 3143/3496/227 3142/3494/227
f 3143/3497/781 3151/3498/781 3152/3499/781
f 3152/3499/781 3144/3500/781 3143/3497/781
f 3144/3487/601 3152/3499/601 3149/3501/601
f 3149/3501/601 3141/3484/601 3144/3487/601
f 3149/3492/2126 3145/3488/2126 3148/3491/2125
f 3148/3491/2125 3150/3493/2125 3149/3492/2126
f 3150/3493/2131 3148/3491/2131 3147/3490/2143
f 3147/3490/2143 3151/3495/2143 3150/3493/2131
f 3151/3495/2129 3147/3490/2129 3146/3489/2129
f 3146/3489/2129 3152/3502/2129 3151/3495/2129
f 3152/3502/2144 3146/3489/2144 3145/3488/2145
f 3145/3488/2145 3149/3492/2145 3152/3502/2144
f 3153/3503/1858 3154/3504/1858 3155/3505/1858
f 3155/3505/1858 3156/3506/1858 3153/3503/1858
f 3157/3507/1839 3158/3508/1839 3159/3509/1839
f 3159/3509/1839 3160/3510/1839 3157/3507/1839
f 3153/3511/784 3161/3512/784 3162/3513/784
f 3162/3513/784 3154/3514/784 3153/3511/784
f 3154/3514/227 3162/3513/227 3163/3515/227
f 3163/3515/227 3155/3516/227 3154/3514/227
f 3155/3516/781 3163/3515/781 3164/3517/781
f 3164/3517/781 3156/3518/781 3155/3516/781
f 3156/3518/601 3164/3517/601 3161/3512/601
f 3161/3512/601 3153/3511/601 3156/3518/601
f 3161/3512/2126 3157/3507/2126 3160/3510/2126
f 3160/3510/2126 3162/3513/2126 3161/3512/2126
f 3162/3513/2146 3160/3510/2146 3159/3509/2140
f 3159/3509/2140 3163/3515/2140 3162/3513/2146
f 3163/3515/2129 3159/3509/2129 3158/3508/2130
f 3158/3508/2130 3164/3517/2130 3163/3515/2129
f 3164/3517/2135 3158/3508/2135 3157/3507/2145
f 3157/3507/2145 3161/3512/2145 3164/3517/2135
f 3165/3519/2147 3166/3520/2147 3167/3521/2147
f 3167/3521/2148 3168/3522/2149 3165/3519/2150
f 3169/3523/2151 3166/3524/2152 3165/3519/2151
f 3165/3519/2151 3170/3525/2153 3169/3523/2151
f 3171/3526/2154 3168/3527/2149 3167/3528/2148
f 3167/3528/2148 3172/3529/2155 3171/3526/2154
f 3173/3530/668 3174/3531/668 3171/3526/668
f 3171/3526/2156 3172/3529/2156 3173/3530/2156
f 3175/3532/2157 3176/3533/2158 3177/3534/2158
f 3177/3534/2158 3178/3535/2159 3175/3532/2157
f 3179/3536/2160 3180/3537/2160 3181/3538/2160
f 3181/3538/2160 3182/3539/2160 3179/3536/2160
f 3180/3537/1614 3183/3540/1614 3184/3541/1614
f 3184/3541/1614 3181/3538/1614 3180/3537/1614
f 3183/3540/2161 3185/3542/2161 3186/3543/2161
f 3186/3543/2161 3184/3541/2161 3183/3540/2161
f 3185/3542/2162 3179/3536/2162 3182/3539/2162
f 3182/3539/2163 3186/3543/2163 3185/3542/2163
f 3182/3539/2164 3181/3538/2164 3176/3533/2164
f 3176/3533/2164 3175/3532/2164 3182/3539/2164
f 3181/3538/2165 3184/3541/2166 3177/3534/2167
f 3177/3534/2167 3176/3533/2168 3181/3538/2165
f 3184/3541/2169 3186/3543/2169 3178/3535/2169
f 3178/3535/2169 3177/3534/2169 3184/3541/2169
f 3186/3543/2170 3182/3539/2170 3175/3532/2170
f 3175/3532/2171 3178/3535/2171 3186/3543/2171
f 3187/3544/217 3180/3537/217 3179/3536/217
f 3179/3536/217 3188/3545/217 3187/3544/217
f 3189/3546/239 3185/3542/239 3183/3540/239
f 3183/3540/239 3190/3547/239 3189/3546/239
f 3187/3544/1614 3190/3547/1614 3183/3540/1614
f 3183/3540/1614 3180/3537/1614 3187/3544/1614
f 3191/3548/2172 3192/3549/2172 3193/3550/2173
f 3193/3550/2173 3194/3551/2173 3191/3548/2172
f 3188/3545/2174 3195/3552/2174 3196/3553/2174
f 3196/3553/2174 3187/3544/2174 3188/3545/2174
f 3187/3544/1614 3196/3553/1614 3197/3554/1614
f 3197/3554/1614 3190/3547/1614 3187/3544/1614
f 3190/3547/2175 3197/3554/2175 3198/3555/2175
f 3198/3555/2175 3189/3546/2175 3190/3547/2175
f 3189/3546/2176 3198/3555/2176 3195/3552/2176
f 3195/3552/2177 3188/3545/2177 3189/3546/2177
f 3195/3552/2178 3191/3548/2178 3194/3551/2178
f 3194/3551/2178 3196/3553/2178 3195/3552/2178
f 3196/3553/2179 3194/3551/2180 3193/3550/2181
f 3193/3550/2181 3197/3554/2182 3196/3553/2179
f 3197/3554/2183 3193/3550/2183 3192/3549/2183
f 3192/3549/2183 3198/3555/2184 3197/3554/2183
f 3198/3555/2185 3192/3549/2185 3191/3548/2185
f 3191/3548/2186 3195/3552/2186 3198/3555/2186
f 3185/3542/1615 3189/3546/1615 3188/3545/1615
f 3188/3545/1615 3179/3536/1615 3185/3542/1615
f 3199/3556/217 3200/3557/217 3201/3558/217
f 3201/3558/217 3202/3559/217 3203/3560/217
f 3199/3556/217 3201/3558/217 3203/3560/217
f 3204/3561/217 3199/3556/217 3203/3560/217
f 3203/3560/2187 3202/3559/2187 3205/3562/2187
f 3205/3562/2188 3206/3563/2188 3203/3560/2188
f 3202/3559/1615 3201/3558/1615 3207/3564/1615
f 3207/3564/1615 3205/3562/1615 3202/3559/1615
f 3201/3558/2189 3200/3557/2189 3208/3565/2189
f 3208/3565/2190 3207/3564/2190 3201/3558/2190
f 3200/3557/2191 3199/3556/2191 3209/3566/2191
f 3209/3566/2192 3208/3565/2192 3200/3557/2192
f 3199/3556/1614 3204/3561/1614 3210/3567/1614
f 3210/3567/1614 3209/3566/1614 3199/3556/1614
f 3204/3561/2193 3203/3560/2193 3206/3563/2193
f 3206/3563/2194 3210/3567/2194 3204/3561/2194
f 3206/3563/239 3205/3562/239 3207/3564/239
f 3207/3564/239 3208/3565/239 3209/3566/239
f 3206/3563/239 3207/3564/239 3209/3566/239
f 3210/3567/239 3206/3563/239 3209/3566/239
f 3211/3568/217 3212/3569/217 3213/3570/217
f 3213/3570/217 3214/3571/217 3215/3572/217
f 3211/3568/217 3213/3570/217 3215/3572/217
f 3216/3573/217 3211/3568/217 3215/3572/217
f 3215/3572/2195 3214/3571/2195 3217/3574/2195
f 3217/3574/2188 3218/3575/2188 3215/3572/2188
f 3214/3571/1615 3213/3570/1615 3219/3576/1615
f 3219/3576/1615 3217/3574/1615 3214/3571/1615
f 3213/3570/2189 3212/3569/2189 3220/3577/2189
f 3220/3577/2190 3219/3576/2190 3213/3570/2190
f 3212/3569/2196 3211/3568/2196 3221/3578/2196
f 3221/3578/2192 3220/3577/2192 3212/3569/2192
f 3211/3568/1614 3216/3573/1614 3222/3579/1614
f 3222/3579/1614 3221/3578/1614 3211/3568/1614
f 3216/3573/2197 3215/3572/2197 3218/3575/2197
f 3218/3575/2194 3222/3579/2194 3216/3573/2194
f 3218/3575/239 3217/3574/239 3219/3576/239
f 3219/3576/239 3220/3577/239 3221/3578/239
f 3218/3575/239 3219/3576/239 3221/3578/239
f 3222/3579/239 3218/3575/239 3221/3578/239
f 3223/3580/723 3224/3581/723 3225/3582/723
f 3225/3582/723 3226/3583/723 3223/3580/723
f 3227/3584/2198 3228/3585/2198 3229/3586/2198
f 3229/3586/2198 3230/3587/2198 3227/3584/2198
f 3231/3588/2199 3232/3589/2199 3227/3584/2199
f 3227/3584/2200 3230/3587/2200 3231/3588/2200
f 3233/3590/2201 3228/3585/2201 3227/3584/2201
f 3227/3584/2201 3232/3589/2201 3233/3590/2201
f 3234/3591/2202 3231/3588/2202 3230/3587/2202
f 3230/3587/2202 3229/3586/2202 3234/3591/2202
f 3235/3592/239 3236/3593/239 3237/3594/239
f 3237/3594/239 3238/3595/239 3235/3592/239
f 3239/3596/2198 3240/3597/2198 3229/3586/2198
f 3229/3586/2198 3228/3585/2198 3239/3596/2198
f 3241/3598/2203 3240/3597/2203 3239/3596/2203
f 3239/3596/2204 3242/3599/2204 3241/3598/2204
f 3233/3590/2201 3242/3599/2201 3239/3596/2201
f 3239/3596/2201 3228/3585/2201 3233/3590/2201
f 3234/3591/2202 3229/3586/2202 3240/3597/2202
f 3240/3597/2202 3241/3598/2202 3234/3591/2202
f 3243/3600/2205 3244/3601/2205 3223/3580/2205
f 3223/3580/2205 3226/3583/2205 3243/3600/2205
f 3244/3601/2206 3245/3602/2206 3224/3581/2206
f 3224/3581/2206 3223/3580/2206 3244/3601/2206
f 3245/3602/2207 3246/3603/2207 3225/3582/2207
f 3225/3582/2207 3224/3581/2207 3245/3602/2207
f 3246/3603/2208 3243/3600/2208 3226/3583/2208
f 3226/3583/2208 3225/3582/2208 3246/3603/2208
f 3247/3604/2209 3248/3605/2209 3237/3594/2209
f 3237/3594/2209 3236/3593/2209 3247/3604/2209
f 3248/3605/2210 3249/3606/2210 3238/3595/2210
f 3238/3595/2210 3237/3594/2210 3248/3605/2210
f 3249/3606/2211 3250/3607/2211 3235/3592/2211
f 3235/3592/2211 3238/3595/2211 3249/3606/2211
f 3250/3607/2212 3247/3604/2213 3236/3593/2213
f 3236/3593/2213 3235/3592/2212 3250/3607/2212
