# truck_04 from LowPoly_Cars_01 (cluster 40); origin=ground center, front=+Z, meters
v 0.1659 1.6201 1.2312
v -0.0205 1.6423 1.3445
v -0.2089 1.6309 1.0795
v -0.0350 1.6843 1.0003
v -0.1648 1.5854 0.8766
v 0.0216 1.6120 0.7632
v -0.2919 1.6269 0.6573
v -0.1055 1.6380 0.5439
v -0.3464 1.6916 0.3564
v -0.1725 1.7210 0.2772
v -0.2993 1.6306 0.1526
v -0.1129 1.6021 0.0393
v -0.2112 1.6070 1.4418
v -0.3655 1.6952 1.2230
v -0.3555 1.6206 0.9738
v -0.4826 1.6699 0.7546
v -0.5030 1.6714 0.4999
v -0.4900 1.5778 0.2499
v -0.4044 1.6719 1.5295
v -0.5552 1.6553 1.2434
v -0.5488 1.6018 1.0615
v -0.6759 1.6081 0.8423
v -0.6927 1.6560 0.5203
v -0.6833 1.6140 0.3376
v -0.6115 1.5977 1.5658
v -0.7433 1.6306 1.2693
v -0.7558 1.6046 1.0978
v -0.8829 1.6194 0.8786
v -0.8808 1.6882 0.5462
v -0.8903 1.6188 0.3739
v 0.1479 2.3429 1.2783
v 0.0543 2.3124 1.0635
v -0.1264 2.2590 1.1171
v -0.0758 2.3402 1.3432
v 0.0416 2.3280 0.8386
v -0.1862 2.2834 0.8661
v 0.0359 2.3346 0.5868
v -0.1919 2.3248 0.6144
v -0.0651 2.3492 0.3356
v -0.2458 2.3197 0.3891
v -0.1585 2.3262 0.0918
v -0.3438 2.3285 0.1484
v -0.3050 2.3233 1.1788
v -0.2730 2.3049 1.4160
v -0.3618 2.3345 0.9288
v -0.3962 2.3837 0.6847
v -0.4244 2.2995 0.4508
v -0.5410 2.2757 0.2212
v -0.4770 2.2834 1.2649
v -0.4628 2.3698 1.5169
v -0.5732 2.2997 1.0399
v -0.5789 2.3061 0.7881
v -0.5964 2.2841 0.5370
v -0.7307 2.3120 0.3221
v -0.6523 2.2588 1.3387
v -0.6533 2.3205 1.5240
v -0.8141 2.3167 1.0292
v -0.8198 2.3311 0.7774
v -0.7717 2.3164 0.6107
v -0.9588 2.3430 0.3413
v 0.0239 1.8937 1.0487
v 0.1299 1.8528 1.2963
v 0.0324 1.8446 0.8158
v -0.0504 1.8707 0.5846
v -0.1766 1.9304 0.3425
v -0.1452 1.8347 0.1034
v 0.0932 2.1030 1.0909
v 0.1325 2.0854 1.2694
v -0.0002 2.0773 0.7983
v -0.0745 2.1033 0.5649
v -0.1012 2.1398 0.3831
v -0.2148 2.0673 0.0959
v -0.3261 1.8169 0.2608
v -0.5314 1.8151 0.3036
v -0.7377 1.8434 0.3426
v -0.9522 1.8515 0.3275
v -0.3929 2.0495 0.1982
v -0.5947 2.0477 0.2541
v -0.8069 2.0760 0.2713
v -1.0174 2.0841 0.3365
v -0.9089 1.8976 0.5218
v -0.8574 1.8520 0.8087
v -0.7747 1.8372 1.0398
v -0.7084 1.8400 1.2281
v -0.6771 1.8304 1.5203
v -0.8310 2.1070 0.5718
v -0.8771 2.0847 0.8055
v -0.8027 2.0699 1.0389
v -0.6366 2.0494 1.2796
v -0.6701 2.0630 1.5100
v -0.5190 1.9324 1.4825
v -0.3127 1.8650 1.4435
v -0.1074 1.8487 1.4008
v -0.4685 2.1650 1.3791
v -0.2563 2.0977 1.3619
v -0.0545 2.0813 1.3060
v 0.2899 2.3617 0.6968
v 0.2585 2.4090 0.5153
v 0.2437 2.4272 0.5345
v 0.2719 2.3832 0.7013
v 0.2157 2.4199 0.5264
v 0.2471 2.3707 0.7095
v 0.2132 2.3972 0.5023
v 0.2498 2.3415 0.7099
v 0.2396 2.3904 0.4954
v 0.2763 2.3359 0.7021
v 0.2973 2.6198 0.4728
v 0.2810 2.6276 0.4943
v 0.2546 2.6301 0.4848
v 0.2547 2.6239 0.4573
v 0.2811 2.6175 0.4499
v 0.3349 2.8399 0.4165
v 0.3175 2.8402 0.4401
v 0.2902 2.8381 0.4321
v 0.2908 2.8365 0.4034
v 0.3183 2.8377 0.3938
v 0.2736 3.0478 0.4488
v 0.2637 3.0158 0.4663
v 0.2353 3.0207 0.4569
v 0.2276 3.0557 0.4336
v 0.2513 3.0724 0.4286
v 0.2801 2.9950 0.6347
v 0.2691 2.9679 0.6357
v 0.2411 2.9706 0.6362
v 0.2347 2.9993 0.6355
v 0.2588 3.0144 0.6346
v 0.2817 3.0599 0.8211
v 0.2715 3.0332 0.8242
v 0.2434 3.0358 0.8271
v 0.2363 3.0641 0.8257
v 0.2599 3.0790 0.8221
v 0.3201 3.0244 1.0104
v 0.3093 2.9985 1.0083
v 0.2816 3.0002 1.0131
v 0.2753 3.0272 1.0182
v 0.2991 3.0421 1.0166
v 0.3454 3.0011 1.2087
v 0.3310 2.9785 1.1791
v 0.3030 2.9805 1.1815
v 0.3001 3.0045 1.2127
v 0.3263 3.0172 1.2295
v 0.3151 2.7788 1.1768
v 0.3050 2.7793 1.1501
v 0.2773 2.7842 1.1517
v 0.2703 2.7868 1.1795
v 0.2937 2.7834 1.1949
v 0.2698 2.5686 1.2307
v 0.2593 2.5623 1.2053
v 0.2305 2.5622 1.2071
v 0.2232 2.5683 1.2337
v 0.2475 2.5722 1.2483
v 0.3214 2.3643 1.2787
v 0.3063 2.3894 1.2452
v 0.2806 2.3765 1.2462
v 0.2798 2.3434 1.2802
v 0.3050 2.3358 1.3003
v 0.3472 2.3925 1.0863
v 0.3276 2.4126 1.0872
v 0.3027 2.4007 1.0814
v 0.3070 2.3733 1.0768
v 0.3345 2.3682 1.0798
v 0.3776 2.4371 0.8911
v 0.3583 2.4576 0.8924
v 0.3316 2.4438 0.8967
v 0.3345 2.4149 0.8981
v 0.3629 2.4108 0.8947
v -0.4448 2.3409 0.6253
v -0.4737 2.3648 0.4441
v -0.4874 2.3842 0.4685
v -0.4623 2.3617 0.6330
v -0.5158 2.3765 0.4582
v -0.4874 2.3501 0.6400
v -0.5197 2.3524 0.4274
v -0.4855 2.3222 0.6366
v -0.4937 2.3451 0.4187
v -0.4591 2.3165 0.6276
v -0.4364 2.5754 0.4664
v -0.4530 2.5803 0.4890
v -0.4793 2.5840 0.4793
v -0.4788 2.5815 0.4507
v -0.4523 2.5762 0.4428
v -0.3987 2.7956 0.4047
v -0.4161 2.8003 0.4267
v -0.4433 2.7966 0.4183
v -0.4428 2.7896 0.3911
v -0.4152 2.7889 0.3826
v -0.4581 3.0038 0.3587
v -0.4682 2.9731 0.3868
v -0.4966 2.9774 0.3733
v -0.5040 3.0107 0.3368
v -0.4803 3.0270 0.3278
v -0.4543 2.9744 0.5449
v -0.4655 2.9488 0.5421
v -0.4935 2.9513 0.5435
v -0.4996 2.9786 0.5472
v -0.4753 2.9928 0.5481
v -0.4432 2.9554 0.7314
v -0.4545 2.9296 0.7307
v -0.4824 2.9321 0.7344
v -0.4883 2.9595 0.7373
v -0.4641 2.9739 0.7355
v -0.4076 2.9437 0.9196
v -0.4185 2.9178 0.9227
v -0.4463 2.9206 0.9264
v -0.4526 2.9483 0.9257
v -0.4287 2.9626 0.9214
v -0.3888 2.9789 1.1170
v -0.4028 2.9491 1.0966
v -0.4307 2.9523 1.0977
v -0.4341 2.9842 1.1187
v -0.4082 3.0006 1.1307
v -0.4207 2.7565 1.1649
v -0.4309 2.7520 1.1390
v -0.4586 2.7570 1.1395
v -0.4656 2.7648 1.1657
v -0.4422 2.7645 1.1814
v -0.4663 2.5443 1.2244
v -0.4762 2.5417 1.1981
v -0.5051 2.5411 1.2004
v -0.5131 2.5434 1.2282
v -0.4891 2.5453 1.2430
v -0.4128 2.3402 1.2059
v -0.4266 2.3590 1.1810
v -0.4532 2.3494 1.1806
v -0.4558 2.3247 1.2052
v -0.4309 2.3191 1.2209
v -0.3809 2.3112 1.0148
v -0.3986 2.3329 1.0112
v -0.4244 2.3223 1.0072
v -0.4226 2.2940 1.0082
v -0.3957 2.2872 1.0129
v -0.3477 2.3306 0.8196
v -0.3665 2.3518 0.8241
v -0.3937 2.3408 0.8273
v -0.3916 2.3128 0.8248
v -0.3632 2.3066 0.8201
v 0.9415 1.6116 1.2060
v 1.1567 1.6717 1.1700
v 1.1336 1.6952 1.1554
v 0.9357 1.6394 1.1876
v 1.1424 1.6902 1.1211
v 0.9253 1.6279 1.1568
v 1.1710 1.6636 1.1145
v 0.9247 1.5930 1.1562
v 1.1799 1.6522 1.1447
v 0.9347 1.5829 1.1866
v 1.2091 1.9161 1.2424
v 1.1830 1.9274 1.2246
v 1.1937 1.9338 1.1935
v 1.2263 1.9264 1.1920
v 1.2358 1.9154 1.2222
v 1.2778 2.1716 1.3141
v 1.2492 2.1742 1.2942
v 1.2580 2.1752 1.2615
v 1.2921 2.1733 1.2611
v 1.3043 2.1711 1.2936
v 1.2383 2.4255 1.2697
v 1.2171 2.3890 1.2543
v 1.2275 2.3986 1.2211
v 1.2552 2.4410 1.2159
v 1.2618 2.4576 1.2460
v 1.0171 2.3623 1.2756
v 1.0155 2.3316 1.2591
v 1.0141 2.3384 1.2263
v 1.0148 2.3733 1.2225
v 1.0167 2.3880 1.2530
v 0.7954 2.4388 1.2912
v 0.7914 2.4085 1.2757
v 0.7872 2.4153 1.2429
v 0.7887 2.4497 1.2382
v 0.7938 2.4642 1.2680
v 0.5711 2.3918 1.3372
v 0.5733 2.3625 1.3210
v 0.5668 2.3682 1.2886
v 0.5605 2.4009 1.2848
v 0.5632 2.4155 1.3148
v 0.3357 2.3609 1.3695
v 0.3705 2.3360 1.3488
v 0.3668 2.3421 1.3160
v 0.3297 2.3708 1.3165
v 0.3104 2.3825 1.3496
v 0.3722 2.1019 1.3037
v 0.4037 2.1037 1.2911
v 0.4010 2.1132 1.2590
v 0.3678 2.1171 1.2518
v 0.3500 2.1101 1.2795
v 0.3061 1.8590 1.2241
v 0.3361 1.8530 1.2101
v 0.3331 1.8566 1.1761
v 0.3013 1.8648 1.1690
v 0.2846 1.8663 1.1987
v 0.2498 1.6105 1.2597
v 0.2893 1.6423 1.2443
v 0.2874 1.6303 1.2121
v 0.2468 1.5913 1.2078
v 0.2235 1.5790 1.2372
v 0.4796 1.6405 1.2886
v 0.4780 1.6669 1.2680
v 0.4842 1.6561 1.2369
v 0.4897 1.6231 1.2382
v 0.4869 1.6134 1.2702
v 0.7129 1.6894 1.3250
v 0.7109 1.7161 1.3049
v 0.7050 1.7034 1.2717
v 0.7033 1.6688 1.2712
v 0.7082 1.6601 1.3042
v 1.0062 1.6833 0.3321
v 1.2212 1.7154 0.2961
v 1.1918 1.7401 0.2832
v 0.9967 1.7102 0.3144
v 1.2034 1.7347 0.2482
v 0.9877 1.6998 0.2833
v 1.2398 1.7067 0.2396
v 0.9916 1.6665 0.2819
v 1.2508 1.6947 0.2691
v 1.0031 1.6563 0.3121
v 1.1963 1.9597 0.3685
v 1.1691 1.9676 0.3500
v 1.1799 1.9755 0.3192
v 1.2138 1.9724 0.3186
v 1.2240 1.9626 0.3491
v 1.2715 2.2152 0.4401
v 1.2448 2.2231 0.4209
v 1.2540 2.2223 0.3880
v 1.2864 2.2139 0.3869
v 1.2973 2.2095 0.4191
v 1.3252 2.4694 0.3958
v 1.2914 2.4344 0.3807
v 1.3068 2.4432 0.3473
v 1.3501 2.4836 0.3419
v 1.3615 2.4998 0.3719
v 1.1036 2.4341 0.4018
v 1.1066 2.4053 0.3850
v 1.1041 2.4120 0.3523
v 1.0996 2.4450 0.3488
v 1.0993 2.4587 0.3794
v 0.8819 2.4102 0.4175
v 0.8823 2.3812 0.4007
v 0.8772 2.3878 0.3682
v 0.8737 2.4209 0.3649
v 0.8765 2.4348 0.3953
v 0.6589 2.3917 0.4633
v 0.6548 2.3625 0.4472
v 0.6496 2.3695 0.4148
v 0.6504 2.4030 0.4109
v 0.6562 2.4168 0.4409
v 0.4246 2.4309 0.4956
v 0.4483 2.3974 0.4747
v 0.4463 2.4049 0.4421
v 0.4213 2.4430 0.4428
v 0.4078 2.4590 0.4759
v 0.3660 2.1720 0.4300
v 0.3965 2.1678 0.4167
v 0.3952 2.1775 0.3847
v 0.3639 2.1875 0.3781
v 0.3458 2.1841 0.4062
v 0.2933 1.9268 0.3500
v 0.3243 1.9250 0.3372
v 0.3208 1.9281 0.3030
v 0.2875 1.9318 0.2946
v 0.2705 1.9310 0.3237
v 0.3162 1.6783 0.3860
v 0.3455 1.7023 0.3715
v 0.3452 1.6945 0.3388
v 0.3157 1.6656 0.3331
v 0.2978 1.6556 0.3623
v 0.5444 1.6398 0.4147
v 0.5482 1.6678 0.3965
v 0.5523 1.6586 0.3645
v 0.5510 1.6249 0.3629
v 0.5461 1.6133 0.3940
v 0.7776 1.6584 0.4511
v 0.7719 1.6859 0.4317
v 0.7673 1.6765 0.3983
v 0.7702 1.6431 0.3969
v 0.7766 1.6320 0.4296
v -0.1956 1.6314 1.0997
v -0.0288 1.6819 1.0237
v -0.0507 1.7016 1.0169
v -0.2043 1.6547 1.0860
v -0.0511 1.6974 0.9871
v -0.2194 1.6451 1.0633
v -0.0293 1.6751 0.9756
v -0.2200 1.6157 1.0630
v -0.0155 1.6655 0.9982
v -0.2053 1.6073 1.0855
v 0.0294 1.8871 1.0711
v 0.0044 1.8967 1.0623
v 0.0063 1.9021 1.0348
v 0.0325 1.8958 1.0265
v 0.0468 1.8866 1.0489
v 0.1008 2.1018 1.1143
v 0.0732 2.1040 1.1044
v 0.0733 2.1049 1.0759
v 0.1009 2.1033 1.0682
v 0.1179 2.1014 1.0919
v 0.0591 2.3151 1.0869
v 0.0385 2.2844 1.0790
v 0.0398 2.2925 1.0497
v 0.0611 2.3281 1.0396
v 0.0730 2.3421 1.0625
v -0.1191 2.2620 1.1397
v -0.1240 2.2362 1.1267
v -0.1322 2.2419 1.1004
v -0.1325 2.2712 1.0972
v -0.1244 2.2836 1.1215
v -0.2956 2.3262 1.2006
v -0.3022 2.3008 1.1889
v -0.3127 2.3065 1.1632
v -0.3125 2.3354 1.1590
v -0.3020 2.3476 1.1821
v -0.4676 2.2867 1.2867
v -0.4693 2.2622 1.2731
v -0.4817 2.2669 1.2482
v -0.4875 2.2944 1.2465
v -0.4789 2.3067 1.2703
v -0.6516 2.2608 1.3641
v -0.6278 2.2399 1.3397
v -0.6379 2.2450 1.3139
v -0.6680 2.2692 1.3224
v -0.6764 2.2789 1.3534
v -0.6362 2.0432 1.3028
v -0.6134 2.0448 1.2857
v -0.6226 2.0527 1.2602
v -0.6511 2.0560 1.2616
v -0.6595 2.0502 1.2879
v -0.7072 1.8392 1.2525
v -0.6859 1.8342 1.2347
v -0.6957 1.8372 1.2077
v -0.7231 1.8441 1.2089
v -0.7301 1.8453 1.2366
v -0.7451 1.6305 1.2937
v -0.7164 1.6572 1.2725
v -0.7249 1.6471 1.2469
v -0.7589 1.6143 1.2522
v -0.7713 1.6040 1.2811
v -0.5523 1.6557 1.2671
v -0.5581 1.6779 1.2508
v -0.5599 1.6688 1.2242
v -0.5551 1.6411 1.2241
v -0.5505 1.6329 1.2506
v -0.3552 1.6967 1.2460
v -0.3612 1.7192 1.2301
v -0.3732 1.7085 1.2044
v -0.3747 1.6794 1.2044
v -0.3635 1.6721 1.2301
v -0.3330 1.6916 0.3766
v -0.1665 1.7186 0.3006
v -0.1931 1.7393 0.2965
v -0.3446 1.7142 0.3643
v -0.1913 1.7348 0.2657
v -0.3587 1.7055 0.3410
v -0.1636 1.7113 0.2507
v -0.3558 1.6776 0.3390
v -0.1483 1.7012 0.2723
v -0.3399 1.6690 0.3610
v -0.1709 1.9238 0.3648
v -0.1970 1.9305 0.3557
v -0.1949 1.9371 0.3284
v -0.1675 1.9345 0.3205
v -0.1527 1.9263 0.3430
v -0.0943 2.1384 0.4065
v -0.1202 2.1451 0.3967
v -0.1198 2.1444 0.3680
v -0.0938 2.1374 0.3601
v -0.0780 2.1337 0.3839
v -0.0603 2.3519 0.3589
v -0.0911 2.3226 0.3540
v -0.0859 2.3300 0.3236
v -0.0519 2.3639 0.3098
v -0.0361 2.3775 0.3316
v -0.2389 2.3223 0.4119
v -0.2401 2.2981 0.3977
v -0.2492 2.3037 0.3716
v -0.2536 2.3314 0.3698
v -0.2472 2.3430 0.3947
v -0.4154 2.3022 0.4729
v -0.4186 2.2778 0.4592
v -0.4298 2.2834 0.4339
v -0.4335 2.3112 0.4320
v -0.4245 2.3229 0.4561
v -0.5863 2.2867 0.5586
v -0.5931 2.2621 0.5463
v -0.6044 2.2680 0.5212
v -0.6046 2.2962 0.5179
v -0.5934 2.3077 0.5409
v -0.7694 2.3196 0.6357
v -0.7547 2.2915 0.6135
v -0.7634 2.2978 0.5875
v -0.7836 2.3298 0.5936
v -0.7873 2.3433 0.6234
v -0.8312 2.1021 0.5952
v -0.8094 2.0986 0.5778
v -0.8174 2.1067 0.5521
v -0.8442 2.1152 0.5536
v -0.8528 2.1123 0.5803
v -0.9076 1.8962 0.5461
v -0.8852 1.8946 0.5290
v -0.8955 1.8972 0.5020
v -0.9243 1.9004 0.5024
v -0.9318 1.8997 0.5297
v -0.8812 1.6874 0.5704
v -0.8606 1.7076 0.5522
v -0.8679 1.7010 0.5257
v -0.8931 1.6768 0.5275
v -0.9013 1.6684 0.5551
v -0.6898 1.6551 0.5440
v -0.6907 1.6786 0.5284
v -0.6943 1.6709 0.5015
v -0.6957 1.6426 0.5006
v -0.6929 1.6328 0.5268
v -0.4926 1.6707 0.5228
v -0.5015 1.6938 0.5084
v -0.5125 1.6859 0.4822
v -0.5104 1.6579 0.4805
v -0.4982 1.6485 0.5056
v 0.5176 2.3756 0.3869
v 0.5712 2.4038 0.5976
v 0.2670 2.3586 0.7039
v 0.2341 2.4087 0.5148
v 0.0907 2.2934 0.6045
v 0.0318 2.3136 0.3938
v -0.1585 2.3075 0.6648
v -0.2157 2.3124 0.4541
v -0.4679 2.3383 0.6325
v -0.4981 2.3646 0.4434
v -0.6423 2.2576 0.5300
v -0.6952 2.2231 0.3192
v 0.6145 2.3731 0.8080
v 0.3530 2.4328 0.8946
v 0.1263 2.3327 0.8149
v -0.1238 2.3546 0.8752
v -0.3726 2.3285 0.8232
v -0.5970 2.2095 0.7403
v 0.6370 2.4409 1.0181
v 0.3238 2.3894 1.0823
v 0.1580 2.3173 1.0250
v -0.0873 2.2965 1.0853
v -0.4044 2.3095 1.0109
v -0.5714 2.2488 0.9505
v 0.6219 2.3646 1.2270
v 0.2986 2.3619 1.2701
v 0.1345 2.3175 1.2339
v -0.1118 2.3051 1.2942
v -0.4359 2.3385 1.1987
v -0.5952 2.2510 1.1594
v 0.4779 3.0984 0.4174
v 0.2503 3.0425 0.4468
v 0.2567 2.9894 0.6353
v 0.4776 3.0956 0.6503
v 0.0305 3.0339 0.3958
v -0.0020 2.9853 0.6221
v -0.2120 3.0136 0.3305
v -0.2483 2.9997 0.5568
v -0.4815 2.9984 0.3567
v -0.4776 2.9692 0.5452
v -0.7375 2.9469 0.3778
v -0.7356 2.9495 0.5715
v 0.2586 3.0544 0.8240
v 0.4958 3.0621 0.8601
v 0.0030 3.0373 0.8082
v -0.2448 3.0594 0.7726
v -0.4665 2.9501 0.7339
v -0.7155 2.8986 0.7812
v 0.2971 3.0185 1.0133
v 0.5319 3.1314 1.0705
v 0.0537 3.0079 1.0423
v -0.1887 2.9875 0.9770
v -0.4307 2.9386 0.9231
v -0.6763 2.9394 0.9917
v 0.3211 2.9964 1.2023
v 0.4908 3.0773 1.2554
v -0.0257 3.0162 1.2705
v -0.2691 3.0038 1.2052
v -0.4129 2.9730 1.1121
v -0.7251 2.9652 1.2159
v 0.2737 2.6238 0.4718
v 0.5440 2.6125 0.4397
v 0.0593 2.5507 0.3982
v -0.1871 2.5496 0.4126
v -0.4600 2.5795 0.4656
v -0.6687 2.4601 0.3682
v 0.3103 2.8385 0.4172
v 0.4935 2.8410 0.4297
v 0.0079 2.7791 0.4245
v -0.2383 2.7780 0.4302
v -0.4232 2.7942 0.4047
v -0.7210 2.6883 0.4330
v -0.5671 2.4534 0.5861
v -0.5835 2.4498 0.7951
v -0.6071 2.4756 1.0041
v -0.6824 2.4754 1.2057
v -0.6712 2.6759 0.6326
v -0.6741 2.6738 0.8420
v -0.7201 2.6972 1.0504
v -0.7176 2.7056 1.2708
v -0.4900 2.5432 1.2188
v -0.1970 2.5297 1.2500
v 0.0483 2.5420 1.2357
v 0.2460 2.5667 1.2250
v 0.5346 2.5890 1.2772
v -0.4436 2.7589 1.1581
v -0.2311 2.7600 1.2681
v 0.0139 2.7723 1.2624
v 0.2923 2.7825 1.1706
v 0.5011 2.8193 1.2676
v 0.5315 2.6912 1.1148
v 0.5594 2.6266 0.9059
v 0.5778 2.6122 0.6968
v 0.4214 2.9131 1.0373
v 0.4717 2.8509 0.8288
v 0.4766 2.8350 0.6195
v 1.3167 1.5982 1.4685
v 1.0674 1.6245 1.5415
v 0.9324 1.6110 1.1787
v 1.1567 1.6746 1.1411
v 1.0456 1.5569 0.9589
v 1.2949 1.5885 0.8860
v 0.9670 1.6062 0.6676
v 1.2163 1.6195 0.5947
v 0.9971 1.6832 0.3048
v 1.2214 1.7183 0.2672
v 1.1140 1.6106 0.0850
v 1.3633 1.5767 0.0121
v 0.8182 1.5825 1.5946
v 0.7080 1.6875 1.2954
v 0.7964 1.5988 1.0120
v 0.7178 1.6574 0.7207
v 0.7727 1.6592 0.4215
v 0.8648 1.5478 0.1381
v 0.5689 1.6598 1.6359
v 0.4837 1.6400 1.2604
v 0.5471 1.5764 1.0533
v 0.4685 1.5839 0.7620
v 0.5484 1.6409 0.3865
v 0.6155 1.5909 0.1794
v 0.3196 1.5715 1.6138
v 0.2594 1.6107 1.2322
v 0.2978 1.5797 1.0312
v 0.2193 1.5973 0.7399
v 0.3241 1.6793 0.3584
v 0.3662 1.5966 0.1573
v 1.2814 2.4587 1.5172
v 1.2400 2.4224 1.2414
v 1.0156 2.3587 1.2473
v 1.0042 2.4554 1.5229
v 1.2947 2.4409 0.9788
v 1.0242 2.3877 0.9403
v 1.3656 2.4488 0.6875
v 1.0952 2.4371 0.6490
v 1.3270 2.4661 0.3675
v 1.1027 2.4310 0.3734
v 1.2946 2.4387 0.0585
v 1.0642 2.4415 0.0664
v 0.7913 2.4353 1.2632
v 0.7549 2.4134 1.5459
v 0.8030 2.4486 0.9583
v 0.8387 2.5072 0.6670
v 0.8783 2.4070 0.3893
v 0.8149 2.3786 0.0894
v 0.5670 2.3878 1.3093
v 0.5057 2.4907 1.6034
v 0.5257 2.4072 1.0208
v 0.5967 2.4148 0.7295
v 0.6540 2.3887 0.4354
v 0.5657 2.4218 0.1470
v 0.3426 2.3585 1.3401
v 0.2844 2.4320 1.5529
v 0.2520 2.4274 0.9343
v 0.3230 2.4446 0.6430
v 0.4297 2.4270 0.4662
v 0.2976 2.4587 0.0988
v 1.2096 1.9238 1.2150
v 1.2552 1.8751 1.5323
v 1.2911 1.8655 0.9497
v 1.2672 1.8965 0.6584
v 1.1966 1.9676 0.3411
v 1.3064 1.8536 0.0758
v 1.2763 2.1731 1.2849
v 1.2664 2.1521 1.5022
v 1.2591 2.1424 0.9196
v 1.2455 2.1734 0.6283
v 1.2708 2.2168 0.4110
v 1.2286 2.1306 0.0457
v 1.0499 1.8324 0.2012
v 0.8006 1.8303 0.1870
v 0.5514 1.8640 0.1683
v 0.3094 1.8736 0.0848
v 0.9923 2.1094 0.1085
v 0.7431 2.1073 0.1106
v 0.4938 2.1409 0.0650
v 0.2316 2.1506 0.0751
v 0.2993 1.9285 0.3217
v 0.2701 1.8743 0.6674
v 0.2940 1.8566 0.9587
v 0.3122 1.8600 1.1956
v 0.2581 1.8485 1.5413
v 0.3735 2.1778 0.4032
v 0.2484 2.1512 0.6577
v 0.2620 2.1336 0.9490
v 0.3789 2.1092 1.2770
v 0.2694 2.1254 1.5316
v 0.4516 1.9699 1.5465
v 0.7009 1.8897 1.5652
v 0.9501 1.8703 1.5794
v 0.5416 2.2468 1.4432
v 0.7908 2.1667 1.4888
v 1.0401 2.1472 1.4867
v 0.3237 1.6239 -4.6349
v 0.0008 1.6239 -4.4089
v -0.0511 1.6239 -4.4830
v 0.2718 1.6239 -4.7091
v -0.0511 2.0186 -4.4830
v 0.0008 2.0186 -4.4089
v 0.3237 2.0186 -4.6349
v 0.2718 2.0186 -4.7091
v -0.0803 1.6748 -4.5247
v -0.0803 1.7654 -4.5247
v 0.2426 1.7654 -4.7508
v 0.2426 1.6748 -4.7508
v 0.1333 1.6748 -4.1310
v 0.1333 1.7654 -4.1310
v -0.0928 1.7654 -4.4539
v -0.0928 1.6748 -4.4539
v 0.5270 1.6748 -4.3446
v 0.5270 1.7654 -4.3446
v 0.2041 1.7654 -4.1185
v 0.2041 1.6748 -4.1185
v 0.3134 1.6748 -4.7383
v 0.3134 1.7654 -4.7383
v 0.5395 1.7654 -4.4154
v 0.5395 1.6748 -4.4154
v 0.2842 1.6138 -4.7796
v 0.5683 1.6138 -4.3738
v 0.5126 1.6138 -4.3836
v 0.2744 1.6138 -4.7239
v 0.1625 1.6138 -4.0897
v 0.1723 1.6138 -4.1454
v -0.1216 1.6138 -4.4955
v -0.0659 1.6138 -4.4857
v 0.2842 2.0287 -4.7796
v -0.1216 2.0287 -4.4955
v -0.0659 2.0287 -4.4857
v 0.2744 2.0287 -4.7239
v 0.1625 2.0287 -4.0897
v 0.1723 2.0287 -4.1454
v 0.5683 2.0287 -4.3738
v 0.5126 2.0287 -4.3836
v 0.2782 1.6242 -4.7881
v -0.1276 1.6242 -4.5040
v -0.0948 1.6642 -4.5269
v 0.2455 1.6642 -4.7652
v -0.1276 2.0184 -4.5040
v -0.0948 1.9784 -4.5269
v 0.2782 2.0184 -4.7881
v 0.2455 1.9784 -4.7652
v -0.1301 1.6242 -4.4895
v 0.1540 1.6242 -4.0837
v 0.1311 1.6642 -4.1165
v -0.1072 1.6642 -4.4568
v 0.1540 2.0184 -4.0837
v 0.1311 1.9784 -4.1165
v -0.1301 2.0184 -4.4895
v -0.1072 1.9784 -4.4568
v 0.1685 1.6242 -4.0812
v 0.5743 1.6242 -4.3653
v 0.5415 1.6642 -4.3424
v 0.2012 1.6642 -4.1041
v 0.5743 2.0184 -4.3653
v 0.5415 1.9784 -4.3424
v 0.1685 2.0184 -4.0812
v 0.2012 1.9784 -4.1041
v 0.5768 1.6242 -4.3798
v 0.2927 1.6242 -4.7856
v 0.3156 1.6642 -4.7528
v 0.5539 1.6642 -4.4125
v 0.2927 2.0184 -4.7856
v 0.3156 1.9784 -4.7528
v 0.5768 2.0184 -4.3798
v 0.5539 1.9784 -4.4125
v 0.2731 1.6189 -4.7165
v 0.5052 1.6189 -4.3849
v 0.5052 1.6290 -4.3849
v 0.4472 1.6290 -4.4678
v 0.3892 1.6290 -4.5507
v 0.3311 1.6290 -4.6336
v 0.2731 1.6290 -4.7165
v 0.1737 1.6189 -4.1528
v 0.1737 1.6290 -4.1528
v -0.0585 1.6189 -4.4844
v -0.0585 1.6290 -4.4844
v -0.0005 1.6290 -4.4015
v 0.0576 1.6290 -4.3186
v 0.1156 1.6290 -4.2357
v 0.2731 2.0237 -4.7165
v -0.0585 2.0237 -4.4844
v -0.0585 2.0136 -4.4844
v 0.2731 2.0136 -4.7165
v 0.1737 2.0237 -4.1528
v 0.1737 2.0136 -4.1528
v 0.1156 2.0136 -4.2357
v 0.0576 2.0136 -4.3186
v -0.0005 2.0136 -4.4015
v 0.5052 2.0237 -4.3849
v 0.5052 2.0136 -4.3849
v 0.3311 2.0136 -4.6336
v 0.3892 2.0136 -4.5507
v 0.4472 2.0136 -4.4678
v 0.2440 1.6695 -4.7580
v -0.0876 1.6695 -4.5258
v -0.0817 1.6695 -4.5175
v 0.2498 1.6695 -4.7497
v -0.0876 1.9731 -4.5258
v -0.0817 1.9731 -4.5175
v -0.0817 1.8719 -4.5175
v -0.0817 1.7707 -4.5175
v 0.2440 1.9731 -4.7580
v 0.2498 1.9731 -4.7497
v 0.2498 1.7707 -4.7497
v 0.2498 1.8719 -4.7497
v -0.1000 1.6695 -4.4553
v 0.1322 1.6695 -4.1237
v 0.1405 1.6695 -4.1295
v -0.0917 1.6695 -4.4611
v 0.1322 1.9731 -4.1237
v 0.1405 1.9731 -4.1295
v 0.1405 1.8719 -4.1295
v 0.1405 1.7707 -4.1295
v -0.1000 1.9731 -4.4553
v -0.0917 1.9731 -4.4611
v -0.0917 1.7707 -4.4611
v -0.0917 1.8719 -4.4611
v 0.2027 1.6695 -4.1113
v 0.5343 1.6695 -4.3435
v 0.5285 1.6695 -4.3518
v 0.1969 1.6695 -4.1196
v 0.5343 1.9731 -4.3435
v 0.5285 1.9731 -4.3518
v 0.5285 1.8719 -4.3518
v 0.5285 1.7707 -4.3518
v 0.2027 1.9731 -4.1113
v 0.1969 1.9731 -4.1196
v 0.1969 1.7707 -4.1196
v 0.1969 1.8719 -4.1196
v 0.5467 1.6695 -4.4140
v 0.3145 1.6695 -4.7456
v 0.3062 1.6695 -4.7398
v 0.5384 1.6695 -4.4082
v 0.3145 1.9731 -4.7456
v 0.3062 1.9731 -4.7398
v 0.3062 1.8719 -4.7398
v 0.3062 1.7707 -4.7398
v 0.5467 1.9731 -4.4140
v 0.5384 1.9731 -4.4082
v 0.5384 1.7707 -4.4082
v 0.5384 1.8719 -4.4082
v -0.0803 1.9678 -4.5247
v 0.2426 1.9678 -4.7508
v 0.2426 1.8772 -4.7508
v -0.0803 1.8772 -4.5247
v 0.1333 1.9678 -4.1310
v -0.0928 1.9678 -4.4539
v -0.0928 1.8772 -4.4539
v 0.1333 1.8772 -4.1310
v 0.5270 1.9678 -4.3446
v 0.2041 1.9678 -4.1185
v 0.2041 1.8772 -4.1185
v 0.5270 1.8772 -4.3446
v 0.3134 1.9678 -4.7383
v 0.5395 1.9678 -4.4154
v 0.5395 1.8772 -4.4154
v 0.3134 1.8772 -4.7383
v -0.0803 1.8666 -4.5247
v 0.2426 1.8666 -4.7508
v 0.2426 1.7760 -4.7508
v -0.0803 1.7760 -4.5247
v 0.1333 1.8666 -4.1310
v -0.0928 1.8666 -4.4539
v -0.0928 1.7760 -4.4539
v 0.1333 1.7760 -4.1310
v 0.5270 1.8666 -4.3446
v 0.2041 1.8666 -4.1185
v 0.2041 1.7760 -4.1185
v 0.5270 1.7760 -4.3446
v 0.3134 1.8666 -4.7383
v 0.5395 1.8666 -4.4154
v 0.5395 1.7760 -4.4154
v 0.3134 1.7760 -4.7383
v 0.4978 1.6239 -4.3862
v 0.1750 1.6239 -4.1602
v 0.1230 1.6239 -4.2344
v 0.4459 1.6239 -4.4604
v 0.1750 2.0186 -4.1602
v 0.4978 2.0186 -4.3862
v 0.4459 2.0186 -4.4604
v 0.1230 2.0186 -4.2344
v 0.4398 1.6239 -4.4691
v 0.1169 1.6239 -4.2431
v 0.0650 1.6239 -4.3173
v 0.3878 1.6239 -4.5433
v 0.1169 2.0186 -4.2431
v 0.4398 2.0186 -4.4691
v 0.3878 2.0186 -4.5433
v 0.0650 2.0186 -4.3173
v 0.3817 1.6239 -4.5520
v 0.0589 1.6239 -4.3260
v 0.0069 1.6239 -4.4001
v 0.3298 1.6239 -4.6262
v 0.0589 2.0186 -4.3260
v 0.3817 2.0186 -4.5520
v 0.3298 2.0186 -4.6262
v 0.0069 2.0186 -4.4001
v 0.2855 1.6189 -4.7870
v 0.5757 1.6189 -4.3725
v 0.1612 1.6189 -4.0823
v -0.1290 1.6189 -4.4968
v 0.2855 2.0237 -4.7870
v -0.1290 2.0237 -4.4968
v 0.1612 2.0237 -4.0823
v 0.5757 2.0237 -4.3725
v 1.0095 1.6226 -4.3533
v 0.7470 1.6226 -4.1330
v 0.6963 1.6226 -4.1933
v 0.9589 1.6226 -4.4137
v 0.6963 1.9658 -4.1933
v 0.7470 1.9658 -4.1330
v 1.0095 1.9658 -4.3533
v 0.9589 1.9658 -4.4137
v 0.6679 1.6669 -4.2272
v 0.6679 1.7456 -4.2272
v 0.9305 1.7456 -4.4475
v 0.9305 1.6669 -4.4475
v 0.8828 1.6669 -3.9023
v 0.8828 1.7456 -3.9023
v 0.6625 1.7456 -4.1649
v 0.6625 1.6669 -4.1649
v 1.2077 1.6669 -4.1172
v 1.2077 1.7456 -4.1172
v 0.9451 1.7456 -3.8969
v 0.9451 1.6669 -3.8969
v 0.9928 1.6669 -4.4421
v 0.9928 1.7456 -4.4421
v 1.2131 1.7456 -4.1795
v 1.2131 1.6669 -4.1795
v 0.9643 1.6138 -4.4756
v 1.2412 1.6138 -4.1457
v 1.1923 1.6138 -4.1499
v 0.9601 1.6138 -4.4267
v 0.9112 1.6138 -3.8688
v 0.9155 1.6138 -3.9177
v 0.6344 1.6138 -4.1988
v 0.6833 1.6138 -4.1945
v 0.9643 1.9746 -4.4756
v 0.6344 1.9746 -4.1988
v 0.6833 1.9746 -4.1945
v 0.9601 1.9746 -4.4267
v 0.9112 1.9746 -3.8688
v 0.9155 1.9746 -3.9177
v 1.2412 1.9746 -4.1457
v 1.1923 1.9746 -4.1499
v 0.9585 1.6229 -4.4826
v 0.6286 1.6229 -4.2057
v 0.6552 1.6576 -4.2280
v 0.9319 1.6576 -4.4602
v 0.6286 1.9656 -4.2057
v 0.6552 1.9309 -4.2280
v 0.9585 1.9656 -4.4826
v 0.9319 1.9309 -4.4602
v 0.6274 1.6229 -4.1930
v 0.9043 1.6229 -3.8630
v 0.8820 1.6576 -3.8896
v 0.6498 1.6576 -4.1663
v 0.9043 1.9656 -3.8630
v 0.8820 1.9309 -3.8896
v 0.6274 1.9656 -4.1930
v 0.6498 1.9309 -4.1663
v 0.9170 1.6229 -3.8619
v 1.2470 1.6229 -4.1388
v 1.2204 1.6576 -4.1164
v 0.9437 1.6576 -3.8842
v 1.2470 1.9656 -4.1388
v 1.2204 1.9309 -4.1164
v 0.9170 1.9656 -3.8619
v 0.9437 1.9309 -3.8842
v 1.2481 1.6229 -4.1515
v 0.9712 1.6229 -4.4814
v 0.9936 1.6576 -4.4548
v 1.2258 1.6576 -4.1781
v 0.9712 1.9656 -4.4814
v 0.9936 1.9309 -4.4548
v 1.2481 1.9656 -4.1515
v 1.2258 1.9309 -4.1781
v 0.9595 1.6182 -4.4202
v 1.1857 1.6182 -4.1505
v 1.1857 1.6270 -4.1505
v 1.1292 1.6270 -4.2179
v 1.0726 1.6270 -4.2853
v 1.0160 1.6270 -4.3528
v 0.9595 1.6270 -4.4202
v 0.9161 1.6182 -3.9243
v 0.9161 1.6270 -3.9243
v 0.6898 1.6182 -4.1939
v 0.6898 1.6270 -4.1939
v 0.7464 1.6270 -4.1265
v 0.8030 1.6270 -4.0591
v 0.8595 1.6270 -3.9917
v 0.9595 1.9702 -4.4202
v 0.6898 1.9702 -4.1939
v 0.6898 1.9614 -4.1939
v 0.9595 1.9614 -4.4202
v 0.9161 1.9702 -3.9243
v 0.9161 1.9614 -3.9243
v 0.8595 1.9614 -3.9917
v 0.8030 1.9614 -4.0591
v 0.7464 1.9614 -4.1265
v 1.1857 1.9702 -4.1505
v 1.1857 1.9614 -4.1505
v 1.0160 1.9614 -4.3528
v 1.0726 1.9614 -4.2853
v 1.1292 1.9614 -4.2179
v 0.9312 1.6622 -4.4539
v 0.6616 1.6622 -4.2276
v 0.6672 1.6622 -4.2209
v 0.9369 1.6622 -4.4471
v 0.6616 1.9262 -4.2276
v 0.6672 1.9262 -4.2209
v 0.6672 1.8382 -4.2209
v 0.6672 1.7502 -4.2209
v 0.9312 1.9262 -4.4539
v 0.9369 1.9262 -4.4471
v 0.9369 1.7502 -4.4471
v 0.9369 1.8382 -4.4471
v 0.6561 1.6622 -4.1656
v 0.8824 1.6622 -3.8960
v 0.8891 1.6622 -3.9016
v 0.6629 1.6622 -4.1713
v 0.8824 1.9262 -3.8960
v 0.8891 1.9262 -3.9016
v 0.8891 1.8382 -3.9016
v 0.8891 1.7502 -3.9016
v 0.6561 1.9262 -4.1656
v 0.6629 1.9262 -4.1713
v 0.6629 1.7502 -4.1713
v 0.6629 1.8382 -4.1713
v 0.9444 1.6622 -3.8906
v 1.2140 1.6622 -4.1168
v 1.2084 1.6622 -4.1236
v 0.9387 1.6622 -3.8973
v 1.2140 1.9262 -4.1168
v 1.2084 1.9262 -4.1236
v 1.2084 1.8382 -4.1236
v 1.2084 1.7502 -4.1236
v 0.9444 1.9262 -3.8906
v 0.9387 1.9262 -3.8973
v 0.9387 1.7502 -3.8973
v 0.9387 1.8382 -3.8973
v 1.2194 1.6622 -4.1788
v 0.9932 1.6622 -4.4484
v 0.9864 1.6622 -4.4428
v 1.2127 1.6622 -4.1731
v 0.9932 1.9262 -4.4484
v 0.9864 1.9262 -4.4428
v 0.9864 1.8382 -4.4428
v 0.9864 1.7502 -4.4428
v 1.2194 1.9262 -4.1788
v 1.2127 1.9262 -4.1731
v 1.2127 1.7502 -4.1731
v 1.2127 1.8382 -4.1731
v 0.6679 1.9216 -4.2272
v 0.9305 1.9216 -4.4475
v 0.9305 1.8429 -4.4475
v 0.6679 1.8429 -4.2272
v 0.8828 1.9216 -3.9023
v 0.6625 1.9216 -4.1649
v 0.6625 1.8429 -4.1649
v 0.8828 1.8429 -3.9023
v 1.2077 1.9216 -4.1172
v 0.9451 1.9216 -3.8969
v 0.9451 1.8429 -3.8969
v 1.2077 1.8429 -4.1172
v 0.9928 1.9216 -4.4421
v 1.2131 1.9216 -4.1795
v 1.2131 1.8429 -4.1795
v 0.9928 1.8429 -4.4421
v 0.6679 1.8336 -4.2272
v 0.9305 1.8336 -4.4475
v 0.9305 1.7549 -4.4475
v 0.6679 1.7549 -4.2272
v 0.8828 1.8336 -3.9023
v 0.6625 1.8336 -4.1649
v 0.6625 1.7549 -4.1649
v 0.8828 1.7549 -3.9023
v 1.2077 1.8336 -4.1172
v 0.9451 1.8336 -3.8969
v 0.9451 1.7549 -3.8969
v 1.2077 1.7549 -4.1172
v 0.9928 1.8336 -4.4421
v 1.2131 1.8336 -4.1795
v 1.2131 1.7549 -4.1795
v 0.9928 1.7549 -4.4421
v 1.1792 1.6226 -4.1511
v 0.9167 1.6226 -3.9308
v 0.8660 1.6226 -3.9911
v 1.1286 1.6226 -4.2114
v 0.9167 1.9658 -3.9308
v 1.1792 1.9658 -4.1511
v 1.1286 1.9658 -4.2114
v 0.8660 1.9658 -3.9911
v 1.1227 1.6226 -4.2185
v 0.8601 1.6226 -3.9982
v 0.8095 1.6226 -4.0585
v 1.0720 1.6226 -4.2788
v 0.8601 1.9658 -3.9982
v 1.1227 1.9658 -4.2185
v 1.0720 1.9658 -4.2788
v 0.8095 1.9658 -4.0585
v 1.0661 1.6226 -4.2859
v 0.8035 1.6226 -4.0656
v 0.7529 1.6226 -4.1259
v 1.0155 1.6226 -4.3462
v 0.8035 1.9658 -4.0656
v 1.0661 1.9658 -4.2859
v 1.0155 1.9658 -4.3462
v 0.7529 1.9658 -4.1259
v 0.9649 1.6182 -4.4822
v 1.2477 1.6182 -4.1451
v 0.9107 1.6182 -3.8623
v 0.6278 1.6182 -4.1993
v 0.9649 1.9702 -4.4822
v 0.6278 1.9702 -4.1993
v 0.9107 1.9702 -3.8623
v 1.2477 1.9702 -4.1451
v 0.8907 1.6226 -4.8453
v 0.5480 1.6226 -4.8453
v 0.5480 1.6226 -4.9241
v 0.8907 1.6226 -4.9241
v 0.5480 1.9658 -4.9241
v 0.5480 1.9658 -4.8453
v 0.8907 1.9658 -4.8453
v 0.8907 1.9658 -4.9241
v 0.5480 1.6669 -4.9683
v 0.5480 1.7456 -4.9683
v 0.8907 1.7456 -4.9683
v 0.8907 1.6669 -4.9683
v 0.5037 1.6669 -4.5813
v 0.5037 1.7456 -4.5813
v 0.5037 1.7456 -4.9241
v 0.5037 1.6669 -4.9241
v 0.8907 1.6669 -4.5371
v 0.8907 1.7456 -4.5371
v 0.5480 1.7456 -4.5371
v 0.5480 1.6669 -4.5371
v 0.9349 1.6669 -4.9241
v 0.9349 1.7456 -4.9241
v 0.9349 1.7456 -4.5813
v 0.9349 1.6669 -4.5813
v 0.9347 1.6138 -4.9681
v 0.9347 1.6138 -4.5373
v 0.8999 1.6138 -4.5721
v 0.8999 1.6138 -4.9333
v 0.5039 1.6138 -4.5373
v 0.5387 1.6138 -4.5721
v 0.5039 1.6138 -4.9681
v 0.5387 1.6138 -4.9333
v 0.9347 1.9746 -4.9681
v 0.5039 1.9746 -4.9681
v 0.5387 1.9746 -4.9333
v 0.8999 1.9746 -4.9333
v 0.5039 1.9746 -4.5373
v 0.5387 1.9746 -4.5721
v 0.9347 1.9746 -4.5373
v 0.8999 1.9746 -4.5721
v 0.9347 1.6229 -4.9771
v 0.5039 1.6229 -4.9771
v 0.5387 1.6576 -4.9771
v 0.8999 1.6576 -4.9771
v 0.5039 1.9656 -4.9771
v 0.5387 1.9309 -4.9771
v 0.9347 1.9656 -4.9771
v 0.8999 1.9309 -4.9771
v 0.4949 1.6229 -4.9681
v 0.4949 1.6229 -4.5373
v 0.4949 1.6576 -4.5721
v 0.4949 1.6576 -4.9333
v 0.4949 1.9656 -4.5373
v 0.4949 1.9309 -4.5721
v 0.4949 1.9656 -4.9681
v 0.4949 1.9309 -4.9333
v 0.5039 1.6229 -4.5283
v 0.9347 1.6229 -4.5283
v 0.8999 1.6576 -4.5283
v 0.5387 1.6576 -4.5283
v 0.9347 1.9656 -4.5283
v 0.8999 1.9309 -4.5283
v 0.5039 1.9656 -4.5283
v 0.5387 1.9309 -4.5283
v 0.9437 1.6229 -4.5373
v 0.9437 1.6229 -4.9681
v 0.9437 1.6576 -4.9333
v 0.9437 1.6576 -4.5721
v 0.9437 1.9656 -4.9681
v 0.9437 1.9309 -4.9333
v 0.9437 1.9656 -4.5373
v 0.9437 1.9309 -4.5721
v 0.8953 1.6182 -4.9287
v 0.8953 1.6182 -4.5767
v 0.8953 1.6270 -4.5767
v 0.8953 1.6270 -4.6647
v 0.8953 1.6270 -4.7527
v 0.8953 1.6270 -4.8407
v 0.8953 1.6270 -4.9287
v 0.5433 1.6182 -4.5767
v 0.5433 1.6270 -4.5767
v 0.5433 1.6182 -4.9287
v 0.5433 1.6270 -4.9287
v 0.5433 1.6270 -4.8407
v 0.5433 1.6270 -4.7527
v 0.5433 1.6270 -4.6647
v 0.8953 1.9702 -4.9287
v 0.5433 1.9702 -4.9287
v 0.5433 1.9614 -4.9287
v 0.8953 1.9614 -4.9287
v 0.5433 1.9702 -4.5767
v 0.5433 1.9614 -4.5767
v 0.5433 1.9614 -4.6647
v 0.5433 1.9614 -4.7527
v 0.5433 1.9614 -4.8407
v 0.8953 1.9702 -4.5767
v 0.8953 1.9614 -4.5767
v 0.8953 1.9614 -4.8407
v 0.8953 1.9614 -4.7527
v 0.8953 1.9614 -4.6647
v 0.8953 1.6622 -4.9727
v 0.5433 1.6622 -4.9727
v 0.5433 1.6622 -4.9639
v 0.8953 1.6622 -4.9639
v 0.5433 1.9262 -4.9727
v 0.5433 1.9262 -4.9639
v 0.5433 1.8382 -4.9639
v 0.5433 1.7502 -4.9639
v 0.8953 1.9262 -4.9727
v 0.8953 1.9262 -4.9639
v 0.8953 1.7502 -4.9639
v 0.8953 1.8382 -4.9639
v 0.4993 1.6622 -4.9287
v 0.4993 1.6622 -4.5767
v 0.5081 1.6622 -4.5767
v 0.5081 1.6622 -4.9287
v 0.4993 1.9262 -4.5767
v 0.5081 1.9262 -4.5767
v 0.5081 1.8382 -4.5767
v 0.5081 1.7502 -4.5767
v 0.4993 1.9262 -4.9287
v 0.5081 1.9262 -4.9287
v 0.5081 1.7502 -4.9287
v 0.5081 1.8382 -4.9287
v 0.5433 1.6622 -4.5327
v 0.8953 1.6622 -4.5327
v 0.8953 1.6622 -4.5415
v 0.5433 1.6622 -4.5415
v 0.8953 1.9262 -4.5327
v 0.8953 1.9262 -4.5415
v 0.8953 1.8382 -4.5415
v 0.8953 1.7502 -4.5415
v 0.5433 1.9262 -4.5327
v 0.5433 1.9262 -4.5415
v 0.5433 1.7502 -4.5415
v 0.5433 1.8382 -4.5415
v 0.9393 1.6622 -4.5767
v 0.9393 1.6622 -4.9287
v 0.9305 1.6622 -4.9287
v 0.9305 1.6622 -4.5767
v 0.9393 1.9262 -4.9287
v 0.9305 1.9262 -4.9287
v 0.9305 1.8382 -4.9287
v 0.9305 1.7502 -4.9287
v 0.9393 1.9262 -4.5767
v 0.9305 1.9262 -4.5767
v 0.9305 1.7502 -4.5767
v 0.9305 1.8382 -4.5767
v 0.5480 1.9216 -4.9683
v 0.8907 1.9216 -4.9683
v 0.8907 1.8429 -4.9683
v 0.5480 1.8429 -4.9683
v 0.5037 1.9216 -4.5813
v 0.5037 1.9216 -4.9241
v 0.5037 1.8429 -4.9241
v 0.5037 1.8429 -4.5813
v 0.8907 1.9216 -4.5371
v 0.5480 1.9216 -4.5371
v 0.5480 1.8429 -4.5371
v 0.8907 1.8429 -4.5371
v 0.9349 1.9216 -4.9241
v 0.9349 1.9216 -4.5813
v 0.9349 1.8429 -4.5813
v 0.9349 1.8429 -4.9241
v 0.5480 1.8336 -4.9683
v 0.8907 1.8336 -4.9683
v 0.8907 1.7549 -4.9683
v 0.5480 1.7549 -4.9683
v 0.5037 1.8336 -4.5813
v 0.5037 1.8336 -4.9241
v 0.5037 1.7549 -4.9241
v 0.5037 1.7549 -4.5813
v 0.8907 1.8336 -4.5371
v 0.5480 1.8336 -4.5371
v 0.5480 1.7549 -4.5371
v 0.8907 1.7549 -4.5371
v 0.9349 1.8336 -4.9241
v 0.9349 1.8336 -4.5813
v 0.9349 1.7549 -4.5813
v 0.9349 1.7549 -4.9241
v 0.8907 1.6226 -4.5813
v 0.5480 1.6226 -4.5813
v 0.5480 1.6226 -4.6601
v 0.8907 1.6226 -4.6601
v 0.5480 1.9658 -4.5813
v 0.8907 1.9658 -4.5813
v 0.8907 1.9658 -4.6601
v 0.5480 1.9658 -4.6601
v 0.8907 1.6226 -4.6693
v 0.5480 1.6226 -4.6693
v 0.5480 1.6226 -4.7481
v 0.8907 1.6226 -4.7481
v 0.5480 1.9658 -4.6693
v 0.8907 1.9658 -4.6693
v 0.8907 1.9658 -4.7481
v 0.5480 1.9658 -4.7481
v 0.8907 1.6226 -4.7573
v 0.5480 1.6226 -4.7573
v 0.5480 1.6226 -4.8361
v 0.8907 1.6226 -4.8361
v 0.5480 1.9658 -4.7573
v 0.8907 1.9658 -4.7573
v 0.8907 1.9658 -4.8361
v 0.5480 1.9658 -4.8361
v 0.9393 1.6182 -4.9727
v 0.9393 1.6182 -4.5327
v 0.4993 1.6182 -4.5327
v 0.4993 1.6182 -4.9727
v 0.9393 1.9702 -4.9727
v 0.4993 1.9702 -4.9727
v 0.4993 1.9702 -4.5327
v 0.9393 1.9702 -4.5327
v 0.7104 1.6239 -3.8277
v 0.6084 1.6239 -3.4470
v 0.5209 1.6239 -3.4704
v 0.6229 1.6239 -3.8511
v 0.5209 2.0186 -3.4704
v 0.6084 2.0186 -3.4470
v 0.7104 2.0186 -3.8277
v 0.6229 2.0186 -3.8511
v 0.4718 1.6748 -3.4836
v 0.4718 1.7654 -3.4836
v 0.5738 1.7654 -3.8643
v 0.5738 1.6748 -3.8643
v 0.8885 1.6748 -3.3193
v 0.8885 1.7654 -3.3193
v 0.5078 1.7654 -3.4213
v 0.5078 1.6748 -3.4213
v 1.0528 1.6748 -3.7360
v 1.0528 1.7654 -3.7360
v 0.9508 1.7654 -3.3552
v 0.9508 1.6748 -3.3552
v 0.6361 1.6748 -3.9003
v 0.6361 1.7654 -3.9003
v 1.0168 1.7654 -3.7983
v 1.0168 1.6748 -3.7983
v 0.5872 1.6138 -3.9131
v 1.0656 1.6138 -3.7849
v 1.0167 1.6138 -3.7566
v 0.6154 1.6138 -3.8642
v 0.9374 1.6138 -3.3064
v 0.9092 1.6138 -3.3554
v 0.4589 1.6138 -3.4346
v 0.5079 1.6138 -3.4629
v 0.5872 2.0287 -3.9131
v 0.4589 2.0287 -3.4346
v 0.5079 2.0287 -3.4629
v 0.6154 2.0287 -3.8642
v 0.9374 2.0287 -3.3064
v 0.9092 2.0287 -3.3554
v 1.0656 2.0287 -3.7849
v 1.0167 2.0287 -3.7566
v 0.5771 1.6242 -3.9158
v 0.4489 1.6242 -3.4373
v 0.4593 1.6642 -3.4759
v 0.5668 1.6642 -3.8772
v 0.4489 2.0184 -3.4373
v 0.4593 1.9784 -3.4759
v 0.5771 2.0184 -3.9158
v 0.5668 1.9784 -3.8772
v 0.4563 1.6242 -3.4246
v 0.9347 1.6242 -3.2964
v 0.8961 1.6642 -3.3067
v 0.4949 1.6642 -3.4143
v 0.9347 2.0184 -3.2964
v 0.8961 1.9784 -3.3067
v 0.4563 2.0184 -3.4246
v 0.4949 1.9784 -3.4143
v 0.9475 1.6242 -3.3037
v 1.0757 1.6242 -3.7822
v 1.0653 1.6642 -3.7436
v 0.9578 1.6642 -3.3423
v 1.0757 2.0184 -3.7822
v 1.0653 1.9784 -3.7436
v 0.9475 2.0184 -3.3037
v 0.9578 1.9784 -3.3423
v 1.0683 1.6242 -3.7949
v 0.5898 1.6242 -3.9231
v 0.6284 1.6642 -3.9128
v 1.0297 1.6642 -3.8053
v 0.5898 2.0184 -3.9231
v 0.6284 1.9784 -3.9128
v 1.0683 2.0184 -3.7949
v 1.0297 1.9784 -3.8053
v 0.6192 1.6189 -3.8577
v 1.0102 1.6189 -3.7529
v 1.0102 1.6290 -3.7529
v 0.9124 1.6290 -3.7791
v 0.8147 1.6290 -3.8053
v 0.7169 1.6290 -3.8315
v 0.6192 1.6290 -3.8577
v 0.9054 1.6189 -3.3619
v 0.9054 1.6290 -3.3619
v 0.5144 1.6189 -3.4667
v 0.5144 1.6290 -3.4667
v 0.6122 1.6290 -3.4405
v 0.7099 1.6290 -3.4143
v 0.8077 1.6290 -3.3881
v 0.6192 2.0237 -3.8577
v 0.5144 2.0237 -3.4667
v 0.5144 2.0136 -3.4667
v 0.6192 2.0136 -3.8577
v 0.9054 2.0237 -3.3619
v 0.9054 2.0136 -3.3619
v 0.8077 2.0136 -3.3881
v 0.7099 2.0136 -3.4143
v 0.6122 2.0136 -3.4405
v 1.0102 2.0237 -3.7529
v 1.0102 2.0136 -3.7529
v 0.7169 2.0136 -3.8315
v 0.8147 2.0136 -3.8053
v 0.9124 2.0136 -3.7791
v 0.5703 1.6695 -3.8708
v 0.4655 1.6695 -3.4797
v 0.4753 1.6695 -3.4771
v 0.5801 1.6695 -3.8681
v 0.4655 1.9731 -3.4797
v 0.4753 1.9731 -3.4771
v 0.4753 1.8719 -3.4771
v 0.4753 1.7707 -3.4771
v 0.5703 1.9731 -3.8708
v 0.5801 1.9731 -3.8681
v 0.5801 1.7707 -3.8681
v 0.5801 1.8719 -3.8681
v 0.5013 1.6695 -3.4178
v 0.8923 1.6695 -3.3130
v 0.8949 1.6695 -3.3228
v 0.5039 1.6695 -3.4276
v 0.8923 1.9731 -3.3130
v 0.8949 1.9731 -3.3228
v 0.8949 1.8719 -3.3228
v 0.8949 1.7707 -3.3228
v 0.5013 1.9731 -3.4178
v 0.5039 1.9731 -3.4276
v 0.5039 1.7707 -3.4276
v 0.5039 1.8719 -3.4276
v 0.9543 1.6695 -3.3488
v 1.0591 1.6695 -3.7398
v 1.0493 1.6695 -3.7424
v 0.9445 1.6695 -3.3514
v 1.0591 1.9731 -3.7398
v 1.0493 1.9731 -3.7424
v 1.0493 1.8719 -3.7424
v 1.0493 1.7707 -3.7424
v 0.9543 1.9731 -3.3488
v 0.9445 1.9731 -3.3514
v 0.9445 1.7707 -3.3514
v 0.9445 1.8719 -3.3514
v 1.0233 1.6695 -3.8018
v 0.6323 1.6695 -3.9065
v 0.6297 1.6695 -3.8968
v 1.0207 1.6695 -3.7920
v 0.6323 1.9731 -3.9065
v 0.6297 1.9731 -3.8968
v 0.6297 1.8719 -3.8968
v 0.6297 1.7707 -3.8968
v 1.0233 1.9731 -3.8018
v 1.0207 1.9731 -3.7920
v 1.0207 1.7707 -3.7920
v 1.0207 1.8719 -3.7920
v 0.4718 1.9678 -3.4836
v 0.5738 1.9678 -3.8643
v 0.5738 1.8772 -3.8643
v 0.4718 1.8772 -3.4836
v 0.8885 1.9678 -3.3193
v 0.5078 1.9678 -3.4213
v 0.5078 1.8772 -3.4213
v 0.8885 1.8772 -3.3193
v 1.0528 1.9678 -3.7360
v 0.9508 1.9678 -3.3552
v 0.9508 1.8772 -3.3552
v 1.0528 1.8772 -3.7360
v 0.6361 1.9678 -3.9003
v 1.0168 1.9678 -3.7983
v 1.0168 1.8772 -3.7983
v 0.6361 1.8772 -3.9003
v 0.4718 1.8666 -3.4836
v 0.5738 1.8666 -3.8643
v 0.5738 1.7760 -3.8643
v 0.4718 1.7760 -3.4836
v 0.8885 1.8666 -3.3193
v 0.5078 1.8666 -3.4213
v 0.5078 1.7760 -3.4213
v 0.8885 1.7760 -3.3193
v 1.0528 1.8666 -3.7360
v 0.9508 1.8666 -3.3552
v 0.9508 1.7760 -3.3552
v 1.0528 1.7760 -3.7360
v 0.6361 1.8666 -3.9003
v 1.0168 1.8666 -3.7983
v 1.0168 1.7760 -3.7983
v 0.6361 1.7760 -3.9003
v 1.0037 1.6239 -3.7491
v 0.9017 1.6239 -3.3684
v 0.8142 1.6239 -3.3918
v 0.9162 1.6239 -3.7726
v 0.9017 2.0186 -3.3684
v 1.0037 2.0186 -3.7491
v 0.9162 2.0186 -3.7726
v 0.8142 2.0186 -3.3918
v 0.9059 1.6239 -3.7753
v 0.8039 1.6239 -3.3946
v 0.7164 1.6239 -3.4180
v 0.8184 1.6239 -3.7988
v 0.8039 2.0186 -3.3946
v 0.9059 2.0186 -3.7753
v 0.8184 2.0186 -3.7988
v 0.7164 2.0186 -3.4180
v 0.8082 1.6239 -3.8015
v 0.7062 1.6239 -3.4208
v 0.6187 1.6239 -3.4442
v 0.7207 1.6239 -3.8250
v 0.7062 2.0186 -3.4208
v 0.8082 2.0186 -3.8015
v 0.7207 2.0186 -3.8250
v 0.6187 2.0186 -3.4442
v 0.5834 1.6189 -3.9196
v 1.0722 1.6189 -3.7887
v 0.9412 1.6189 -3.2999
v 0.4524 1.6189 -3.4309
v 0.5834 2.0237 -3.9196
v 0.4524 2.0237 -3.4309
v 0.9412 2.0237 -3.2999
v 1.0722 2.0237 -3.7887
v 1.4833 1.5348 2.2451
v -1.5324 1.5348 2.2451
v -1.5324 1.5348 -6.0173
v 1.4833 1.5348 -6.0173
v -1.4457 1.6170 -6.0173
v -1.4457 1.6170 2.2451
v 1.3965 1.6170 2.2451
v 1.3965 1.6170 -6.0173
v 1.4833 1.6170 -6.0173
v 1.4833 1.6170 2.2451
v 1.4713 1.5467 -6.0273
v -1.5205 1.5467 -6.0273
v -1.5205 1.6170 -6.0273
v -1.4576 1.6051 -6.0273
v 1.4085 1.6051 -6.0273
v 1.4713 1.6170 -6.0273
v -1.5324 1.6170 2.2451
v -1.5324 1.6170 -6.0173
v -1.5205 1.5467 2.2551
v 1.4713 1.5467 2.2551
v 1.4713 1.6170 2.2551
v 1.4085 1.6051 2.2551
v -1.4576 1.6051 2.2551
v -1.5205 1.6170 2.2551
v -1.5324 2.1539 -6.0173
v -1.5324 2.1539 2.2451
v -1.4457 2.1539 2.2451
v -1.4457 2.1539 -6.0173
v 1.4833 2.1539 2.2451
v 1.4833 2.1539 -6.0173
v 1.3965 2.1539 -6.0173
v 1.3965 2.1539 2.2451
v -1.4576 2.1420 2.2551
v -1.5205 2.1420 2.2551
v -1.5205 2.1420 -6.0273
v -1.4576 2.1420 -6.0273
v 1.4085 2.1420 -6.0273
v 1.4713 2.1420 -6.0273
v 1.4713 2.1420 2.2551
v 1.4085 2.1420 2.2551
v 0.7268 1.6281 2.4416
v 0.7268 2.3167 2.4416
v 0.7268 2.2993 2.4836
v 0.7268 1.6455 2.4836
v 0.7168 1.6488 2.4916
v 0.7168 2.2960 2.4916
v 0.5731 2.2960 2.4916
v 0.5731 1.6488 2.4916
v 0.7268 2.4010 2.5259
v 0.7268 2.3590 2.5433
v 0.7168 2.3510 2.5466
v 0.5731 2.3510 2.5466
v 0.5631 2.2993 2.4836
v 0.5631 2.3590 2.5433
v 0.5631 2.4010 2.5259
v 0.5631 2.3167 2.4416
v 0.5731 2.3200 2.4336
v 0.5731 2.4090 2.5226
v 0.7168 2.4090 2.5226
v 0.7168 2.3200 2.4336
v 0.7268 2.4010 2.8504
v 0.7268 2.3590 2.8330
v 0.7168 2.3510 2.8297
v 0.5731 2.3510 2.8297
v 0.5631 2.3590 2.8330
v 0.5631 2.4010 2.8504
v 0.7268 2.3167 2.9346
v 0.7268 2.2993 2.8927
v 0.7168 2.2960 2.8847
v 0.5731 2.2960 2.8847
v 0.5631 2.2993 2.8927
v 0.5631 2.3167 2.9346
v 0.5731 2.4090 2.8537
v 0.5731 2.3200 2.9427
v 0.7168 2.3200 2.9427
v 0.7168 2.4090 2.8537
v 0.7268 1.6281 2.9346
v 0.7268 1.6455 2.8927
v 0.7168 1.6488 2.8847
v 0.5731 1.6488 2.8847
v 0.5631 1.6455 2.8927
v 0.5631 1.6281 2.9346
v 0.5731 1.6248 2.9427
v 0.7168 1.6248 2.9427
v 0.7268 1.5438 2.8504
v 0.7268 1.5857 2.8330
v 0.7168 1.5938 2.8297
v 0.5731 1.5938 2.8297
v 0.5631 1.5857 2.8330
v 0.5631 1.5438 2.8504
v 0.5731 1.5358 2.8537
v 0.7168 1.5358 2.8537
v 0.7268 1.5438 2.5259
v 0.7268 1.5857 2.5433
v 0.7168 1.5938 2.5466
v 0.5731 1.5938 2.5466
v 0.5631 1.5857 2.5433
v 0.5631 1.5438 2.5259
v 0.5731 1.5358 2.5226
v 0.7168 1.5358 2.5226
v 0.5631 1.6455 2.4836
v 0.5631 1.6281 2.4416
v 0.5731 1.6248 2.4336
v 0.7168 1.6248 2.4336
v -0.4840 1.6488 2.4916
v -0.4840 2.2960 2.4916
v -0.6277 2.2960 2.4916
v -0.6277 1.6488 2.4916
v -0.6377 1.6455 2.4836
v -0.6377 2.2993 2.4836
v -0.6377 2.3167 2.4416
v -0.6377 1.6281 2.4416
v -0.4740 2.3167 2.4416
v -0.4740 2.4010 2.5259
v -0.4740 2.3590 2.5433
v -0.4740 2.2993 2.4836
v -0.4840 2.3510 2.5466
v -0.6277 2.3510 2.5466
v -0.6377 2.3590 2.5433
v -0.6377 2.4010 2.5259
v -0.6277 2.3200 2.4336
v -0.6277 2.4090 2.5226
v -0.4840 2.4090 2.5226
v -0.4840 2.3200 2.4336
v -0.4740 2.4010 2.8504
v -0.4740 2.3590 2.8330
v -0.4840 2.3510 2.8297
v -0.6277 2.3510 2.8297
v -0.6377 2.3590 2.8330
v -0.6377 2.4010 2.8504
v -0.4740 2.3167 2.9346
v -0.4740 2.2993 2.8927
v -0.4840 2.2960 2.8847
v -0.6277 2.2960 2.8847
v -0.6377 2.2993 2.8927
v -0.6377 2.3167 2.9346
v -0.6277 2.4090 2.8537
v -0.6277 2.3200 2.9427
v -0.4840 2.3200 2.9427
v -0.4840 2.4090 2.8537
v -0.4740 1.6281 2.9346
v -0.4740 1.6455 2.8927
v -0.4840 1.6488 2.8847
v -0.6277 1.6488 2.8847
v -0.6377 1.6455 2.8927
v -0.6377 1.6281 2.9346
v -0.6277 1.6248 2.9427
v -0.4840 1.6248 2.9427
v -0.4740 1.5438 2.8504
v -0.4740 1.5857 2.8330
v -0.4840 1.5938 2.8297
v -0.6277 1.5938 2.8297
v -0.6377 1.5857 2.8330
v -0.6377 1.5438 2.8504
v -0.6277 1.5358 2.8537
v -0.4840 1.5358 2.8537
v -0.4740 1.5438 2.5259
v -0.4740 1.5857 2.5433
v -0.4840 1.5938 2.5466
v -0.6277 1.5938 2.5466
v -0.6377 1.5857 2.5433
v -0.6377 1.5438 2.5259
v -0.6277 1.5358 2.5226
v -0.4840 1.5358 2.5226
v -0.4740 1.6281 2.4416
v -0.4740 1.6455 2.4836
v -0.6277 1.6248 2.4336
v -0.4840 1.6248 2.4336
v 1.2817 1.5101 1.5489
v 0.5573 1.5101 1.5489
v 0.5746 1.4682 1.5489
v 1.2644 1.4682 1.5489
v 1.2610 1.4602 1.5389
v 0.5780 1.4602 1.5389
v 0.5780 1.4602 1.3952
v 1.2610 1.4602 1.3952
v 1.2644 1.4682 1.3852
v 0.5746 1.4682 1.3852
v 0.5573 1.5101 1.3852
v 1.2817 1.5101 1.3852
v 1.2851 1.5441 1.3952
v 0.5539 1.5441 1.3952
v 0.5539 1.5441 1.5389
v 1.2851 1.5441 1.5389
v 0.4730 1.4258 1.5489
v 0.5149 1.4085 1.5489
v 0.5229 1.4051 1.5389
v 0.5229 1.4051 1.3952
v 0.5149 1.4085 1.3852
v 0.4730 1.4258 1.3852
v 0.5539 1.5182 1.3952
v 0.4649 1.4292 1.3952
v 0.4649 1.4292 1.5389
v 0.5539 1.5182 1.5389
v 0.4730 1.1014 1.5489
v 0.5149 1.1188 1.5489
v 0.5229 1.1221 1.5389
v 0.5229 1.1221 1.3952
v 0.5149 1.1188 1.3852
v 0.4730 1.1014 1.3852
v 0.5573 1.0171 1.5489
v 0.5746 1.0590 1.5489
v 0.5780 1.0671 1.5389
v 0.5780 1.0671 1.3952
v 0.5746 1.0590 1.3852
v 0.5573 1.0171 1.3852
v 0.4649 1.0981 1.3952
v 0.5539 1.0091 1.3952
v 0.5539 1.0091 1.5389
v 0.4649 1.0981 1.5389
v 1.2817 1.0171 1.5489
v 1.2644 1.0590 1.5489
v 1.2610 1.0671 1.5389
v 1.2610 1.0671 1.3952
v 1.2644 1.0590 1.3852
v 1.2817 1.0171 1.3852
v 1.2851 1.0091 1.3952
v 1.2851 1.0091 1.5389
v 1.3660 1.1014 1.5489
v 1.3241 1.1188 1.5489
v 1.3161 1.1221 1.5389
v 1.3161 1.1221 1.3952
v 1.3241 1.1188 1.3852
v 1.3660 1.1014 1.3852
v 1.3741 1.0981 1.3952
v 1.3741 1.0981 1.5389
v 1.3660 1.4258 1.5489
v 1.3241 1.4085 1.5489
v 1.3161 1.4051 1.5389
v 1.3161 1.4051 1.3952
v 1.3241 1.4085 1.3852
v 1.3660 1.4258 1.3852
v 1.3741 1.4292 1.3952
v 1.3741 1.4292 1.5389
v 1.2851 1.5182 1.3952
v 1.2851 1.5182 1.5389
v 1.2817 1.5101 0.3481
v 0.5573 1.5101 0.3481
v 0.5746 1.4682 0.3481
v 1.2644 1.4682 0.3481
v 1.2610 1.4602 0.3381
v 0.5780 1.4602 0.3381
v 0.5780 1.4602 0.1943
v 1.2610 1.4602 0.1943
v 1.2644 1.4682 0.1843
v 0.5746 1.4682 0.1843
v 0.5573 1.5101 0.1843
v 1.2817 1.5101 0.1843
v 1.2851 1.5441 0.1943
v 0.5539 1.5441 0.1943
v 0.5539 1.5441 0.3381
v 1.2851 1.5441 0.3381
v 0.4730 1.4258 0.3481
v 0.5149 1.4085 0.3481
v 0.5229 1.4051 0.3381
v 0.5229 1.4051 0.1943
v 0.5149 1.4085 0.1843
v 0.4730 1.4258 0.1843
v 0.5539 1.5182 0.1943
v 0.4649 1.4292 0.1943
v 0.4649 1.4292 0.3381
v 0.5539 1.5182 0.3381
v 0.4730 1.1014 0.3481
v 0.5149 1.1188 0.3481
v 0.5229 1.1221 0.3381
v 0.5229 1.1221 0.1943
v 0.5149 1.1188 0.1843
v 0.4730 1.1014 0.1843
v 0.5573 1.0171 0.3481
v 0.5746 1.0590 0.3481
v 0.5780 1.0671 0.3381
v 0.5780 1.0671 0.1943
v 0.5746 1.0590 0.1843
v 0.5573 1.0171 0.1843
v 0.4649 1.0981 0.1943
v 0.5539 1.0091 0.1943
v 0.5539 1.0091 0.3381
v 0.4649 1.0981 0.3381
v 1.2817 1.0171 0.3481
v 1.2644 1.0590 0.3481
v 1.2610 1.0671 0.3381
v 1.2610 1.0671 0.1943
v 1.2644 1.0590 0.1843
v 1.2817 1.0171 0.1843
v 1.2851 1.0091 0.1943
v 1.2851 1.0091 0.3381
v 1.3660 1.1014 0.3481
v 1.3241 1.1188 0.3481
v 1.3161 1.1221 0.3381
v 1.3161 1.1221 0.1943
v 1.3241 1.1188 0.1843
v 1.3660 1.1014 0.1843
v 1.3741 1.0981 0.1943
v 1.3741 1.0981 0.3381
v 1.3660 1.4258 0.3481
v 1.3241 1.4085 0.3481
v 1.3161 1.4051 0.3381
v 1.3161 1.4051 0.1943
v 1.3241 1.4085 0.1843
v 1.3660 1.4258 0.1843
v 1.3741 1.4292 0.1943
v 1.3741 1.4292 0.3381
v 1.2851 1.5182 0.1943
v 1.2851 1.5182 0.3381
v -0.6443 1.5101 1.5489
v -1.3688 1.5101 1.5489
v -1.3514 1.4682 1.5489
v -0.6617 1.4682 1.5489
v -0.6650 1.4602 1.5389
v -1.3481 1.4602 1.5389
v -1.3481 1.4602 1.3952
v -0.6650 1.4602 1.3952
v -0.6617 1.4682 1.3852
v -1.3514 1.4682 1.3852
v -1.3688 1.5101 1.3852
v -0.6443 1.5101 1.3852
v -0.6410 1.5441 1.3952
v -1.3721 1.5441 1.3952
v -1.3721 1.5441 1.5389
v -0.6410 1.5441 1.5389
v -1.4531 1.4258 1.5489
v -1.4111 1.4085 1.5489
v -1.4031 1.4051 1.5389
v -1.4031 1.4051 1.3952
v -1.4111 1.4085 1.3852
v -1.4531 1.4258 1.3852
v -1.3721 1.5182 1.3952
v -1.4611 1.4292 1.3952
v -1.4611 1.4292 1.5389
v -1.3721 1.5182 1.5389
v -1.4531 1.1014 1.5489
v -1.4111 1.1188 1.5489
v -1.4031 1.1221 1.5389
v -1.4031 1.1221 1.3952
v -1.4111 1.1188 1.3852
v -1.4531 1.1014 1.3852
v -1.4611 1.0981 1.3952
v -1.4611 1.0981 1.5389
v -1.3688 1.0171 1.5489
v -1.3514 1.0590 1.5489
v -1.3481 1.0671 1.5389
v -1.3481 1.0671 1.3952
v -1.3514 1.0590 1.3852
v -1.3688 1.0171 1.3852
v -1.3721 1.0091 1.3952
v -1.3721 1.0091 1.5389
v -0.6443 1.0171 1.5489
v -0.6617 1.0590 1.5489
v -0.6650 1.0671 1.5389
v -0.6650 1.0671 1.3952
v -0.6617 1.0590 1.3852
v -0.6443 1.0171 1.3852
v -0.6410 1.0091 1.3952
v -0.6410 1.0091 1.5389
v -0.5600 1.1014 1.5489
v -0.6019 1.1188 1.5489
v -0.6100 1.1221 1.5389
v -0.6100 1.1221 1.3952
v -0.6019 1.1188 1.3852
v -0.5600 1.1014 1.3852
v -0.5520 1.0981 1.3952
v -0.5520 1.0981 1.5389
v -0.5600 1.4258 1.5489
v -0.6019 1.4085 1.5489
v -0.6100 1.4051 1.5389
v -0.6100 1.4051 1.3952
v -0.6019 1.4085 1.3852
v -0.5600 1.4258 1.3852
v -0.5520 1.4292 1.3952
v -0.6410 1.5182 1.3952
v -0.6410 1.5182 1.5389
v -0.5520 1.4292 1.5389
v -0.6443 1.5101 0.3481
v -1.3688 1.5101 0.3481
v -1.3514 1.4682 0.3481
v -0.6617 1.4682 0.3481
v -0.6650 1.4602 0.3381
v -1.3481 1.4602 0.3381
v -1.3481 1.4602 0.1943
v -0.6650 1.4602 0.1943
v -0.6617 1.4682 0.1843
v -1.3514 1.4682 0.1843
v -1.3688 1.5101 0.1843
v -0.6443 1.5101 0.1843
v -0.6410 1.5441 0.1943
v -1.3721 1.5441 0.1943
v -1.3721 1.5441 0.3381
v -0.6410 1.5441 0.3381
v -1.4531 1.4258 0.3481
v -1.4111 1.4085 0.3481
v -1.4031 1.4051 0.3381
v -1.4031 1.4051 0.1943
v -1.4111 1.4085 0.1843
v -1.4531 1.4258 0.1843
v -1.3721 1.5182 0.1943
v -1.4611 1.4292 0.1943
v -1.4611 1.4292 0.3381
v -1.3721 1.5182 0.3381
v -1.4531 1.1014 0.3481
v -1.4111 1.1188 0.3481
v -1.4031 1.1221 0.3381
v -1.4031 1.1221 0.1943
v -1.4111 1.1188 0.1843
v -1.4531 1.1014 0.1843
v -1.4611 1.0981 0.1943
v -1.4611 1.0981 0.3381
v -1.3688 1.0171 0.3481
v -1.3514 1.0590 0.3481
v -1.3481 1.0671 0.3381
v -1.3481 1.0671 0.1943
v -1.3514 1.0590 0.1843
v -1.3688 1.0171 0.1843
v -1.3721 1.0091 0.1943
v -1.3721 1.0091 0.3381
v -0.6443 1.0171 0.3481
v -0.6617 1.0590 0.3481
v -0.6650 1.0671 0.3381
v -0.6650 1.0671 0.1943
v -0.6617 1.0590 0.1843
v -0.6443 1.0171 0.1843
v -0.6410 1.0091 0.1943
v -0.6410 1.0091 0.3381
v -0.5600 1.1014 0.3481
v -0.6019 1.1188 0.3481
v -0.6100 1.1221 0.3381
v -0.6100 1.1221 0.1943
v -0.6019 1.1188 0.1843
v -0.5600 1.1014 0.1843
v -0.5520 1.0981 0.1943
v -0.5520 1.0981 0.3381
v -0.5600 1.4258 0.3481
v -0.6019 1.4085 0.3481
v -0.6100 1.4051 0.3381
v -0.6100 1.4051 0.1943
v -0.6019 1.4085 0.1843
v -0.5600 1.4258 0.1843
v -0.5520 1.4292 0.1943
v -0.6410 1.5182 0.1943
v -0.6410 1.5182 0.3381
v -0.5520 1.4292 0.3381
v -1.3160 1.4017 1.7391
v -1.2730 1.3426 1.7906
v -1.2145 1.3615 1.7906
v -1.2145 1.4347 1.7391
v -1.3786 1.3154 1.7391
v -1.3091 1.2928 1.7906
v -1.3786 1.2088 1.7391
v -1.3091 1.2314 1.7906
v -1.3160 1.1225 1.7391
v -1.2730 1.1817 1.7906
v -1.2145 1.0896 1.7391
v -1.2145 1.1627 1.7906
v -1.1131 1.1225 1.7391
v -1.1561 1.1817 1.7906
v -1.0504 1.2088 1.7391
v -1.1200 1.2314 1.7906
v -1.0504 1.3154 1.7391
v -1.1200 1.2928 1.7906
v -1.1131 1.4017 1.7391
v -1.1561 1.3426 1.7906
v -1.3321 1.4239 1.6400
v -1.2145 1.4621 1.6400
v -1.4047 1.3239 1.6400
v -1.4047 1.2003 1.6400
v -1.3321 1.1003 1.6400
v -1.2145 1.0621 1.6400
v -1.0970 1.1003 1.6400
v -1.0243 1.2003 1.6400
v -1.0243 1.3239 1.6400
v -1.0970 1.4239 1.6400
v -1.3321 1.4239 0.0986
v -1.2145 1.4621 0.0986
v -1.4047 1.3239 0.0986
v -1.4047 1.2003 0.0986
v -1.3321 1.1003 0.0986
v -1.2145 1.0621 0.0986
v -1.0970 1.1003 0.0986
v -1.0243 1.2003 0.0986
v -1.0243 1.3239 0.0986
v -1.0970 1.4239 0.0986
v -1.3160 1.4017 -0.0006
v -1.2145 1.4347 -0.0006
v -1.3786 1.3154 -0.0006
v -1.3786 1.2088 -0.0006
v -1.3160 1.1225 -0.0006
v -1.2145 1.0896 -0.0006
v -1.1131 1.1225 -0.0006
v -1.0504 1.2088 -0.0006
v -1.0504 1.3154 -0.0006
v -1.1131 1.4017 -0.0006
v -1.2730 1.3426 -0.0450
v -1.2145 1.3615 -0.0450
v -1.3091 1.2928 -0.0450
v -1.3091 1.2314 -0.0450
v -1.2730 1.1817 -0.0450
v -1.2145 1.1627 -0.0450
v -1.1561 1.1817 -0.0450
v -1.1200 1.2314 -0.0450
v -1.1200 1.2928 -0.0450
v -1.1561 1.3426 -0.0450
v -0.8999 1.4017 1.7391
v -0.8570 1.3426 1.7906
v -0.7985 1.3615 1.7906
v -0.7985 1.4347 1.7391
v -0.9626 1.3154 1.7391
v -0.8931 1.2928 1.7906
v -0.9626 1.2088 1.7391
v -0.8931 1.2314 1.7906
v -0.8999 1.1225 1.7391
v -0.8570 1.1817 1.7906
v -0.7985 1.0896 1.7391
v -0.7985 1.1627 1.7906
v -0.6971 1.1225 1.7391
v -0.7401 1.1817 1.7906
v -0.6344 1.2088 1.7391
v -0.7040 1.2314 1.7906
v -0.6344 1.3154 1.7391
v -0.7040 1.2928 1.7906
v -0.6971 1.4017 1.7391
v -0.7401 1.3426 1.7906
v -0.9161 1.4239 1.6400
v -0.7985 1.4621 1.6400
v -0.9887 1.3239 1.6400
v -0.9887 1.2003 1.6400
v -0.9161 1.1003 1.6400
v -0.7985 1.0621 1.6400
v -0.6810 1.1003 1.6400
v -0.6083 1.2003 1.6400
v -0.6083 1.3239 1.6400
v -0.6810 1.4239 1.6400
v -0.9161 1.4239 0.0986
v -0.7985 1.4621 0.0986
v -0.9887 1.3239 0.0986
v -0.9887 1.2003 0.0986
v -0.9161 1.1003 0.0986
v -0.7985 1.0621 0.0986
v -0.6810 1.1003 0.0986
v -0.6083 1.2003 0.0986
v -0.6083 1.3239 0.0986
v -0.6810 1.4239 0.0986
v -0.8999 1.4017 -0.0006
v -0.7985 1.4347 -0.0006
v -0.9626 1.3154 -0.0006
v -0.9626 1.2088 -0.0006
v -0.8999 1.1225 -0.0006
v -0.7985 1.0896 -0.0006
v -0.6971 1.1225 -0.0006
v -0.6344 1.2088 -0.0006
v -0.6344 1.3154 -0.0006
v -0.6971 1.4017 -0.0006
v -0.8570 1.3426 -0.0450
v -0.7985 1.3615 -0.0450
v -0.8931 1.2928 -0.0450
v -0.8931 1.2314 -0.0450
v -0.8570 1.1817 -0.0450
v -0.7985 1.1627 -0.0450
v -0.7401 1.1817 -0.0450
v -0.7040 1.2314 -0.0450
v -0.7040 1.2928 -0.0450
v -0.7401 1.3426 -0.0450
v 0.6101 1.4017 1.7391
v 0.6531 1.3426 1.7906
v 0.7115 1.3615 1.7906
v 0.7115 1.4347 1.7391
v 0.5474 1.3154 1.7391
v 0.6169 1.2928 1.7906
v 0.5474 1.2088 1.7391
v 0.6169 1.2314 1.7906
v 0.6101 1.1225 1.7391
v 0.6531 1.1817 1.7906
v 0.7115 1.0896 1.7391
v 0.7115 1.1627 1.7906
v 0.8129 1.1225 1.7391
v 0.7699 1.1817 1.7906
v 0.8756 1.2088 1.7391
v 0.8061 1.2314 1.7906
v 0.8756 1.3154 1.7391
v 0.8061 1.2928 1.7906
v 0.8129 1.4017 1.7391
v 0.7699 1.3426 1.7906
v 0.5939 1.4239 1.6400
v 0.7115 1.4621 1.6400
v 0.5213 1.3239 1.6400
v 0.5213 1.2003 1.6400
v 0.5939 1.1003 1.6400
v 0.7115 1.0621 1.6400
v 0.8290 1.1003 1.6400
v 0.9017 1.2003 1.6400
v 0.9017 1.3239 1.6400
v 0.8290 1.4239 1.6400
v 0.5939 1.4239 0.0986
v 0.7115 1.4621 0.0986
v 0.5213 1.3239 0.0986
v 0.5213 1.2003 0.0986
v 0.5939 1.1003 0.0986
v 0.7115 1.0621 0.0986
v 0.8290 1.1003 0.0986
v 0.9017 1.2003 0.0986
v 0.9017 1.3239 0.0986
v 0.8290 1.4239 0.0986
v 0.6101 1.4017 -0.0006
v 0.7115 1.4347 -0.0006
v 0.5474 1.3154 -0.0006
v 0.5474 1.2088 -0.0006
v 0.6101 1.1225 -0.0006
v 0.7115 1.0896 -0.0006
v 0.8129 1.1225 -0.0006
v 0.8756 1.2088 -0.0006
v 0.8756 1.3154 -0.0006
v 0.8129 1.4017 -0.0006
v 0.6531 1.3426 -0.0450
v 0.7115 1.3615 -0.0450
v 0.6169 1.2928 -0.0450
v 0.6169 1.2314 -0.0450
v 0.6531 1.1817 -0.0450
v 0.7115 1.1627 -0.0450
v 0.7699 1.1817 -0.0450
v 0.8061 1.2314 -0.0450
v 0.8061 1.2928 -0.0450
v 0.7699 1.3426 -0.0450
v 1.0261 1.4017 1.7391
v 1.0691 1.3426 1.7906
v 1.1275 1.3615 1.7906
v 1.1275 1.4347 1.7391
v 0.9634 1.3154 1.7391
v 1.0330 1.2928 1.7906
v 0.9634 1.2088 1.7391
v 1.0330 1.2314 1.7906
v 1.0261 1.1225 1.7391
v 1.0691 1.1817 1.7906
v 1.1275 1.0896 1.7391
v 1.1275 1.1627 1.7906
v 1.2289 1.1225 1.7391
v 1.1860 1.1817 1.7906
v 1.2916 1.2088 1.7391
v 1.2221 1.2314 1.7906
v 1.2916 1.3154 1.7391
v 1.2221 1.2928 1.7906
v 1.2289 1.4017 1.7391
v 1.1860 1.3426 1.7906
v 1.0100 1.4239 1.6400
v 1.1275 1.4621 1.6400
v 0.9373 1.3239 1.6400
v 0.9373 1.2003 1.6400
v 1.0100 1.1003 1.6400
v 1.1275 1.0621 1.6400
v 1.2451 1.1003 1.6400
v 1.3177 1.2003 1.6400
v 1.3177 1.3239 1.6400
v 1.2451 1.4239 1.6400
v 1.0100 1.4239 0.0986
v 1.1275 1.4621 0.0986
v 0.9373 1.3239 0.0986
v 0.9373 1.2003 0.0986
v 1.0100 1.1003 0.0986
v 1.1275 1.0621 0.0986
v 1.2451 1.1003 0.0986
v 1.3177 1.2003 0.0986
v 1.3177 1.3239 0.0986
v 1.2451 1.4239 0.0986
v 1.0261 1.4017 -0.0006
v 1.1275 1.4347 -0.0006
v 0.9634 1.3154 -0.0006
v 0.9634 1.2088 -0.0006
v 1.0261 1.1225 -0.0006
v 1.1275 1.0896 -0.0006
v 1.2289 1.1225 -0.0006
v 1.2916 1.2088 -0.0006
v 1.2916 1.3154 -0.0006
v 1.2289 1.4017 -0.0006
v 1.0691 1.3426 -0.0450
v 1.1275 1.3615 -0.0450
v 1.0330 1.2928 -0.0450
v 1.0330 1.2314 -0.0450
v 1.0691 1.1817 -0.0450
v 1.1275 1.1627 -0.0450
v 1.1860 1.1817 -0.0450
v 1.2221 1.2314 -0.0450
v 1.2221 1.2928 -0.0450
v 1.1860 1.3426 -0.0450
v 0.9096 1.9445 2.7355
v 0.9610 1.8750 2.7129
v 0.9610 1.8750 2.6514
v 0.9096 1.9445 2.6288
v 0.9096 1.8819 2.8218
v 0.9610 1.8389 2.7626
v 0.9096 1.7804 2.8547
v 0.9610 1.7804 2.7816
v 0.9096 1.6790 2.8218
v 0.9610 1.7220 2.7626
v 0.9096 1.6163 2.7355
v 0.9610 1.6859 2.7129
v 0.9096 1.6163 2.6288
v 0.9610 1.6859 2.6514
v 0.9096 1.6790 2.5426
v 0.9610 1.7220 2.6017
v 0.9096 1.7804 2.5096
v 0.9610 1.7804 2.5827
v 0.9096 1.8819 2.5426
v 0.9610 1.8389 2.6017
v 0.8105 1.9706 2.7440
v 0.8105 1.9706 2.6204
v 0.8105 1.8980 2.8440
v 0.8105 1.7804 2.8822
v 0.8105 1.6629 2.8440
v 0.8105 1.5902 2.7440
v 0.8105 1.5902 2.6204
v 0.8105 1.6629 2.5204
v 0.8105 1.7804 2.4822
v 0.8105 1.8980 2.5204
v -0.7309 1.9706 2.7440
v -0.7309 1.9706 2.6204
v -0.7309 1.8980 2.8440
v -0.7309 1.7804 2.8822
v -0.7309 1.6629 2.8440
v -0.7309 1.5902 2.7440
v -0.7309 1.5902 2.6204
v -0.7309 1.6629 2.5204
v -0.7309 1.7804 2.4822
v -0.7309 1.8980 2.5204
v -0.8301 1.9445 2.7355
v -0.8301 1.9445 2.6288
v -0.8301 1.8819 2.8218
v -0.8301 1.7804 2.8547
v -0.8301 1.6790 2.8218
v -0.8301 1.6163 2.7355
v -0.8301 1.6163 2.6288
v -0.8301 1.6790 2.5426
v -0.8301 1.7804 2.5096
v -0.8301 1.8819 2.5426
v -0.8745 1.8750 2.7129
v -0.8745 1.8750 2.6514
v -0.8745 1.8389 2.7626
v -0.8745 1.7804 2.7816
v -0.8745 1.7220 2.7626
v -0.8745 1.6859 2.7129
v -0.8745 1.6859 2.6514
v -0.8745 1.7220 2.6017
v -0.8745 1.7804 2.5827
v -0.8745 1.8389 2.6017
v 0.9096 2.3261 2.7355
v 0.9610 2.2566 2.7129
v 0.9610 2.2566 2.6514
v 0.9096 2.3261 2.6288
v 0.9096 2.2634 2.8218
v 0.9610 2.2204 2.7626
v 0.9096 2.1620 2.8547
v 0.9610 2.1620 2.7816
v 0.9096 2.0606 2.8218
v 0.9610 2.1036 2.7626
v 0.9096 1.9979 2.7355
v 0.9610 2.0674 2.7129
v 0.9096 1.9979 2.6288
v 0.9610 2.0674 2.6514
v 0.9096 2.0606 2.5426
v 0.9610 2.1036 2.6017
v 0.9096 2.1620 2.5096
v 0.9610 2.1620 2.5827
v 0.9096 2.2634 2.5426
v 0.9610 2.2204 2.6017
v 0.8105 2.3522 2.7440
v 0.8105 2.3522 2.6204
v 0.8105 2.2796 2.8440
v 0.8105 2.1620 2.8822
v 0.8105 2.0444 2.8440
v 0.8105 1.9718 2.7440
v 0.8105 1.9718 2.6204
v 0.8105 2.0444 2.5204
v 0.8105 2.1620 2.4822
v 0.8105 2.2796 2.5204
v -0.7309 2.3522 2.7440
v -0.7309 2.3522 2.6204
v -0.7309 2.2796 2.8440
v -0.7309 2.1620 2.8822
v -0.7309 2.0444 2.8440
v -0.7309 1.9718 2.7440
v -0.7309 1.9718 2.6204
v -0.7309 2.0444 2.5204
v -0.7309 2.1620 2.4822
v -0.7309 2.2796 2.5204
v -0.8301 2.3261 2.7355
v -0.8301 2.3261 2.6288
v -0.8301 2.2634 2.8218
v -0.8301 2.1620 2.8547
v -0.8301 2.0606 2.8218
v -0.8301 1.9979 2.7355
v -0.8301 1.9979 2.6288
v -0.8301 2.0606 2.5426
v -0.8301 2.1620 2.5096
v -0.8301 2.2634 2.5426
v -0.8745 2.2566 2.7129
v -0.8745 2.2566 2.6514
v -0.8745 2.2204 2.7626
v -0.8745 2.1620 2.7816
v -0.8745 2.1036 2.7626
v -0.8745 2.0674 2.7129
v -0.8745 2.0674 2.6514
v -0.8745 2.1036 2.6017
v -0.8745 2.1620 2.5827
v -0.8745 2.2204 2.6017
v 1.3104 2.6758 4.1384
v 1.3104 3.4457 4.1384
v 1.3104 3.4457 4.8756
v 1.3104 3.3388 5.5613
v 1.3104 2.4339 5.6587
v 1.2251 3.2681 5.6669
v -1.2313 3.2681 5.6669
v -1.2313 2.3499 5.7583
v 1.2251 2.3499 5.7583
v -1.3166 2.6758 4.1384
v -1.3166 2.4339 5.6587
v -1.3166 3.3388 5.5613
v -1.3166 3.4457 4.8756
v -1.3166 3.4457 4.1384
v -1.4048 2.6021 5.6153
v -1.6173 2.6021 5.6153
v -1.6173 3.1705 5.5523
v -1.4048 3.1705 5.5523
v -1.4226 2.3806 5.6398
v -1.6018 2.3806 5.6398
v -1.6018 2.5117 5.6253
v -1.4226 2.5117 5.6253
v 1.4048 2.6021 5.6153
v 1.4048 3.1705 5.5523
v 1.6173 3.1705 5.5523
v 1.6173 2.6021 5.6153
v 1.4226 2.3806 5.6398
v 1.4226 2.5117 5.6253
v 1.6018 2.5117 5.6253
v 1.6018 2.3806 5.6398
v 1.4684 1.5351 2.2451
v -1.5316 1.5351 2.2451
v -1.5316 1.5351 -6.0140
v -0.0316 1.5351 -6.0140
v 1.4684 1.5351 -6.0140
v 1.5109 1.5662 -5.9830
v 1.5109 1.7726 -5.9830
v 1.5109 1.7726 2.2141
v 1.5109 1.5662 2.2141
v -1.5742 1.5662 2.2141
v -1.5742 1.7726 2.2141
v -1.5742 1.7726 -5.9830
v -1.5742 1.5662 -5.9830
v 1.4825 1.5506 -5.9985
v 1.4825 1.5506 2.2296
v -1.5458 1.5506 2.2296
v -1.5458 1.5506 -5.9985
v 1.4825 1.7881 -5.9985
v 1.4825 1.7881 2.2296
v -1.5458 1.7881 2.2296
v -1.5458 1.7881 -5.9985
v 1.1868 3.6637 3.1251
v 1.1868 1.3450 3.1251
v 1.1868 1.5173 2.9607
v 1.1868 3.6637 2.9607
v 1.1646 3.6415 2.9407
v 1.1646 1.5373 2.9407
v -1.1577 1.5373 2.9407
v -1.1577 3.6415 2.9407
v -1.1799 3.6637 2.9607
v -1.1799 1.5173 2.9607
v -1.1799 1.3450 3.1251
v -1.1799 3.6637 3.1251
v -1.1190 3.6028 3.1929
v -1.1190 1.3637 3.1929
v 1.1259 1.3637 3.1929
v 1.1259 3.6028 3.1929
v 1.1868 1.3450 1.8573
v 1.1868 1.5173 1.8573
v 1.1646 1.5373 1.8795
v -1.1577 1.5373 1.8795
v -1.1799 1.5173 1.8573
v -1.1799 1.3450 1.8573
v -1.1577 1.3250 3.1451
v -1.1577 1.3250 1.8795
v 1.1646 1.3250 1.8795
v 1.1646 1.3250 3.1451
v 1.1646 3.6415 3.1451
v -1.1577 3.6415 3.1451
v 0.8025 0.9522 3.1028
v 0.8025 1.2356 3.2665
v 1.4412 1.2356 3.2665
v 1.4412 0.9522 3.1028
v 0.8025 1.4460 3.5171
v 1.4412 1.4460 3.5171
v 0.8025 1.5579 3.8246
v 1.4412 1.5579 3.8246
v 0.8025 1.5579 4.1519
v 1.4412 1.5579 4.1519
v 0.8025 1.4460 4.4593
v 1.4412 1.4460 4.4593
v 0.8025 1.2356 4.7100
v 1.4412 1.2356 4.7100
v 0.8025 0.9522 4.8736
v 1.4412 0.9522 4.8736
v 0.8025 0.6300 4.9305
v 1.4412 0.6300 4.9305
v 0.7925 0.6279 4.9065
v 0.7925 0.9439 4.8508
v 0.7925 0.8774 4.6681
v 0.7925 0.6321 4.7113
v 0.7925 1.2200 4.6914
v 0.7925 1.0950 4.5425
v 0.7925 1.4249 4.4472
v 0.7925 1.2565 4.3500
v 0.7925 1.5339 4.1476
v 0.7925 1.3425 4.1139
v 0.7925 1.5339 3.8288
v 0.7925 1.3425 3.8626
v 0.7925 1.4249 3.5293
v 0.7925 1.2565 3.6265
v 0.7925 1.2200 3.2851
v 0.7925 1.0950 3.4340
v 0.7925 0.9439 3.1257
v 0.7925 0.8774 3.3084
v 1.4512 0.9439 3.1257
v 1.4512 1.2200 3.2851
v 1.4512 1.0950 3.4340
v 1.4512 0.8774 3.3084
v 1.4512 1.4249 3.5293
v 1.4512 1.2565 3.6265
v 1.4512 1.5339 3.8288
v 1.4512 1.3425 3.8626
v 1.4512 1.5339 4.1476
v 1.4512 1.3425 4.1139
v 1.4512 1.4249 4.4472
v 1.4512 1.2565 4.3500
v 1.4512 1.2200 4.6914
v 1.4512 1.0950 4.5425
v 1.4512 0.9439 4.8508
v 1.4512 0.8774 4.6681
v 1.4512 0.6279 4.9065
v 1.4512 0.6321 4.7113
v 0.8025 0.6300 4.6874
v 0.8025 0.8691 4.6452
v 1.4412 0.8691 4.6452
v 1.4412 0.6300 4.6874
v 0.8025 1.0794 4.5238
v 1.4412 1.0794 4.5238
v 0.8025 1.2355 4.3378
v 1.4412 1.2355 4.3378
v 0.8025 1.3185 4.1096
v 1.4412 1.3185 4.1096
v 0.8025 1.3185 3.8668
v 1.4412 1.3185 3.8668
v 0.8025 1.2355 3.6387
v 1.4412 1.2355 3.6387
v 0.8025 1.0794 3.4527
v 1.4412 1.0794 3.4527
v 0.8025 0.8691 3.3313
v 1.4412 0.8691 3.3313
v 0.8025 0.5560 4.6874
v 1.4412 0.5560 4.6874
v 1.4412 0.5560 4.9305
v 0.8025 0.5560 4.9305
v 0.7925 0.5799 4.7113
v 0.7925 0.5799 4.9065
v 1.4512 0.5799 4.9065
v 1.4512 0.5799 4.7113
v -1.4574 0.9522 3.1028
v -1.4574 1.2356 3.2665
v -0.8187 1.2356 3.2665
v -0.8187 0.9522 3.1028
v -1.4574 1.4460 3.5171
v -0.8187 1.4460 3.5171
v -1.4574 1.5579 3.8246
v -0.8187 1.5579 3.8246
v -1.4574 1.5579 4.1519
v -0.8187 1.5579 4.1519
v -1.4574 1.4460 4.4593
v -0.8187 1.4460 4.4593
v -1.4574 1.2356 4.7100
v -0.8187 1.2356 4.7100
v -1.4574 0.9522 4.8736
v -0.8187 0.9522 4.8736
v -1.4574 0.6300 4.9305
v -0.8187 0.6300 4.9305
v -1.4674 0.6279 4.9065
v -1.4674 0.9439 4.8508
v -1.4674 0.8774 4.6681
v -1.4674 0.6321 4.7113
v -1.4674 1.2200 4.6914
v -1.4674 1.0950 4.5425
v -1.4674 1.4249 4.4472
v -1.4674 1.2565 4.3500
v -1.4674 1.5339 4.1476
v -1.4674 1.3425 4.1139
v -1.4674 1.5339 3.8288
v -1.4674 1.3425 3.8626
v -1.4674 1.4249 3.5293
v -1.4674 1.2565 3.6265
v -1.4674 1.2200 3.2851
v -1.4674 1.0950 3.4340
v -1.4674 0.9439 3.1257
v -1.4674 0.8774 3.3084
v -0.8087 0.9439 3.1257
v -0.8087 1.2200 3.2851
v -0.8087 1.0950 3.4340
v -0.8087 0.8774 3.3084
v -0.8087 1.4249 3.5293
v -0.8087 1.2565 3.6265
v -0.8087 1.5339 3.8288
v -0.8087 1.3425 3.8626
v -0.8087 1.5339 4.1476
v -0.8087 1.3425 4.1139
v -0.8087 1.4249 4.4472
v -0.8087 1.2565 4.3500
v -0.8087 1.2200 4.6914
v -0.8087 1.0950 4.5425
v -0.8087 0.9439 4.8508
v -0.8087 0.8774 4.6681
v -0.8087 0.6279 4.9065
v -0.8087 0.6321 4.7113
v -1.4574 0.6300 4.6874
v -1.4574 0.8691 4.6452
v -0.8187 0.8691 4.6452
v -0.8187 0.6300 4.6874
v -1.4574 1.0794 4.5238
v -0.8187 1.0794 4.5238
v -1.4574 1.2355 4.3378
v -0.8187 1.2355 4.3378
v -1.4574 1.3185 4.1096
v -0.8187 1.3185 4.1096
v -1.4574 1.3185 3.8668
v -0.8187 1.3185 3.8668
v -1.4574 1.2355 3.6387
v -0.8187 1.2355 3.6387
v -1.4574 1.0794 3.4527
v -0.8187 1.0794 3.4527
v -1.4574 0.8691 3.3313
v -0.8187 0.8691 3.3313
v -1.4574 0.5560 4.6874
v -0.8187 0.5560 4.6874
v -0.8187 0.5560 4.9305
v -1.4574 0.5560 4.9305
v -1.4674 0.5799 4.7113
v -1.4674 0.5799 4.9065
v -0.8087 0.5799 4.9065
v -0.8087 0.5799 4.7113
v 1.4455 1.3975 -2.2198
v 1.4455 0.9052 -1.7229
v 1.4455 0.8492 -1.7784
v 1.4455 1.3186 -2.2523
v 0.7701 1.4080 -2.2155
v 0.7701 0.9269 -1.7298
v 1.4254 0.9269 -1.7298
v 1.4254 1.4080 -2.2155
v 0.7499 1.3186 -2.2523
v 0.7499 0.8492 -1.7784
v 0.7499 0.9052 -1.7229
v 0.7499 1.3975 -2.2198
v 1.4254 1.3080 -2.2566
v 1.4254 0.8558 -1.8002
v 0.7701 0.8558 -1.8002
v 0.7701 1.3080 -2.2566
v 1.4455 1.3975 -4.4976
v 1.4455 1.3186 -4.4648
v 0.7701 1.4080 -4.5020
v 1.4254 1.4080 -4.5020
v 0.7499 1.3186 -4.4648
v 0.7499 1.3975 -4.4976
v 1.4254 1.3080 -4.4604
v 0.7701 1.3080 -4.4604
v 1.4455 0.8986 -4.9937
v 1.4455 0.8430 -4.9378
v 0.7701 0.9204 -4.9870
v 1.4254 0.9204 -4.9870
v 0.7499 0.8430 -4.9378
v 0.7499 0.8986 -4.9937
v 1.4254 0.8499 -4.9161
v 0.7701 0.8499 -4.9161
v -0.7989 1.3975 -2.2198
v -0.7989 0.9052 -1.7229
v -0.7989 0.8492 -1.7784
v -0.7989 1.3186 -2.2523
v -1.4744 1.4080 -2.2155
v -1.4744 0.9269 -1.7298
v -0.8191 0.9269 -1.7298
v -0.8191 1.4080 -2.2155
v -1.4946 1.3186 -2.2523
v -1.4946 0.8492 -1.7784
v -1.4946 0.9052 -1.7229
v -1.4946 1.3975 -2.2198
v -0.8191 1.3080 -2.2566
v -0.8191 0.8558 -1.8002
v -1.4744 0.8558 -1.8002
v -1.4744 1.3080 -2.2566
v -0.7989 1.3975 -4.4976
v -0.7989 1.3186 -4.4648
v -1.4744 1.4080 -4.5020
v -0.8191 1.4080 -4.5020
v -1.4946 1.3186 -4.4648
v -1.4946 1.3975 -4.4976
v -0.8191 1.3080 -4.4604
v -1.4744 1.3080 -4.4604
v -0.7989 0.8986 -4.9937
v -0.7989 0.8430 -4.9378
v -1.4744 0.9204 -4.9870
v -0.8191 0.9204 -4.9870
v -1.4946 0.8430 -4.9378
v -1.4946 0.8986 -4.9937
v -0.8191 0.8499 -4.9161
v -1.4744 0.8499 -4.9161
v -0.8212 0.8605 -5.3220
v 0.7643 0.8605 -5.3220
v 0.7643 0.6743 -5.0862
v -0.8212 0.6743 -5.0862
v -0.8393 0.6709 -5.0658
v 0.7824 0.6709 -5.0658
v 0.7824 0.6709 -1.1747
v -0.8393 0.6709 -1.1747
v 0.7824 0.8654 -5.3120
v 0.7824 1.1099 -5.3120
v 0.7824 1.4068 -5.3120
v 0.7824 1.4068 -1.1747
v 0.7824 0.8559 -1.1747
v 0.7824 1.5633 -5.3120
v -0.8393 1.5633 -5.3120
v -0.8393 1.5633 -1.1747
v 0.7824 1.5633 -1.1747
v -1.4339 1.4234 -5.2954
v -1.4339 1.4234 -1.1914
v -1.4339 1.5467 -1.1914
v -1.4339 1.5467 -5.2954
v -0.8212 1.0918 -5.3220
v 0.7643 1.0918 -5.3220
v -0.8227 1.5447 -5.6205
v 0.7657 1.5447 -5.6205
v 0.7657 1.0999 -5.5079
v -0.8227 1.0999 -5.5079
v 0.7824 1.5633 -5.6149
v -0.8393 1.5633 -5.6149
v 0.7824 1.1099 -5.5001
v 0.7657 1.0999 -5.3287
v -0.8227 1.0999 -5.3287
v -0.8393 1.4068 -5.3120
v -0.8393 1.1099 -5.3120
v -0.8393 1.1099 -5.5001
v 1.3770 1.5467 -5.2954
v 1.3770 1.5467 -1.1914
v 1.3770 1.4234 -1.1914
v 1.3770 1.4234 -5.2954
v -0.8393 0.8654 -5.3120
v -0.8393 0.8559 -1.1747
v -0.8393 1.4068 -1.1747
v -1.4239 1.5633 -5.3120
v -1.4239 1.5633 -1.1747
v -1.1191 1.5633 -1.1747
v -0.8574 1.5452 -5.3220
v -0.8574 1.4249 -5.3220
v -1.4058 1.4249 -5.3220
v -1.4058 1.5452 -5.3220
v -1.1191 1.4068 -1.1747
v -1.4239 1.4068 -1.1747
v -1.4239 1.4068 -5.3120
v 0.8004 1.4249 -5.3220
v 0.8004 1.5452 -5.3220
v 1.3489 1.5452 -5.3220
v 1.3489 1.4249 -5.3220
v 1.0660 1.5633 -1.1747
v 1.3670 1.5633 -1.1747
v 1.3670 1.5633 -5.3120
v 1.3670 1.4068 -5.3120
v 1.3670 1.4068 -1.1747
v 1.0660 1.4068 -1.1747
v 0.7824 0.8559 -0.5901
v -0.8393 0.8559 -0.5901
v -0.8393 1.5633 -0.1499
v 0.7824 1.5633 -0.1499
v 1.0760 0.8700 -0.5980
v 1.0760 0.8700 -1.1606
v 1.0760 1.4068 -1.1606
v 1.0760 1.5492 -1.1606
v 1.0760 1.5492 -0.1752
v -1.1291 1.5492 -0.1752
v -1.1291 1.5492 -1.1606
v -1.1291 1.4068 -1.1606
v -1.1291 0.8700 -0.5980
v -1.1291 0.8700 -1.1607
v 1.0660 0.8559 -0.5901
v 1.0660 1.5633 -0.1499
v 1.0660 0.8559 -1.1747
v -1.1191 1.5633 -0.1499
v -1.1191 0.8559 -0.5901
v -1.1191 0.8559 -1.1747
v -0.9147 0.3886 3.4048
v -0.9147 0.1312 3.6090
v -0.9147 0.2465 3.4900
v -0.9147 0.0103 3.9145
v -0.9147 0.0506 3.7538
v -0.9147 0.0584 4.2396
v -0.9147 0.0130 4.0802
v -0.9147 0.2626 4.4970
v -0.9147 0.1436 4.3817
v -0.9147 0.5681 4.6179
v -0.9147 0.4074 4.5776
v -0.9147 0.8932 4.5698
v -0.9147 0.7338 4.6152
v -0.9147 1.1506 4.3656
v -0.9147 1.0354 4.4847
v -0.9147 1.2715 4.0601
v -0.9147 1.2312 4.2208
v -0.9147 1.2234 3.7350
v -0.9147 1.2689 3.8944
v -0.9147 1.0192 3.4776
v -0.9147 1.1383 3.5929
v -0.9147 0.7137 3.3567
v -0.9147 0.8744 3.3970
v -0.9147 0.5480 3.3594
v -0.9411 0.7435 3.3464
v -1.2674 0.8530 3.3739
v -0.9411 0.8530 3.3739
v -1.2674 0.7435 3.3464
v -1.2939 1.0192 3.4776
v -1.2939 0.8744 3.3970
v -0.9411 1.0502 3.4836
v -1.2674 1.1313 3.5621
v -0.9411 1.1313 3.5621
v -1.2674 1.0502 3.4836
v -1.2939 1.2234 3.7350
v -1.2939 1.1383 3.5929
v -0.9411 1.2473 3.7557
v -1.2674 1.2782 3.8642
v -0.9411 1.2782 3.8642
v -1.2674 1.2473 3.7557
v -1.2939 1.2715 4.0601
v -1.2939 1.2689 3.8944
v -0.9411 1.2818 4.0899
v -1.2674 1.2544 4.1994
v -0.9411 1.2544 4.1994
v -1.2674 1.2818 4.0899
v -1.2939 1.1506 4.3656
v -1.2939 1.2312 4.2208
v -0.9411 1.1447 4.3966
v -1.2674 1.0661 4.4777
v -0.9411 1.0661 4.4777
v -1.2674 1.1447 4.3966
v -1.2939 0.8932 4.5698
v -1.2939 1.0354 4.4847
v -0.9411 0.8725 4.5936
v -1.2674 0.7640 4.6246
v -0.9411 0.7640 4.6246
v -1.2674 0.8725 4.5936
v -1.2939 0.5681 4.6179
v -1.2939 0.7338 4.6152
v -0.9411 0.5383 4.6282
v -1.2674 0.4288 4.6008
v -0.9411 0.4288 4.6008
v -1.2674 0.5383 4.6282
v -1.2939 0.2626 4.4970
v -1.2939 0.4074 4.5776
v -0.9411 0.2316 4.4911
v -1.2674 0.1505 4.4125
v -0.9411 0.1505 4.4125
v -1.2674 0.2316 4.4911
v -1.2939 0.0584 4.2396
v -1.2939 0.1436 4.3817
v -0.9411 0.0346 4.2189
v -1.2674 0.0036 4.1104
v -0.9411 0.0036 4.1104
v -1.2674 0.0346 4.2189
v -1.2939 0.0103 3.9145
v -1.2939 0.0130 4.0802
v -0.9411 0.0000 3.8847
v -1.2674 0.0275 3.7752
v -0.9411 0.0275 3.7752
v -1.2674 0.0000 3.8847
v -1.2939 0.1312 3.6090
v -1.2939 0.0506 3.7538
v -0.9411 0.1372 3.5780
v -1.2674 0.2157 3.4969
v -0.9411 0.2157 3.4969
v -1.2674 0.1372 3.5780
v -1.2939 0.3886 3.4048
v -1.2939 0.2465 3.4900
v -0.9411 0.4093 3.3810
v -1.2674 0.5179 3.3500
v -0.9411 0.5179 3.3500
v -1.2674 0.4093 3.3810
v -1.2939 0.7137 3.3567
v -1.2939 0.5480 3.3594
v -1.3570 0.8573 3.4403
v -1.3570 0.7083 3.4029
v -1.3570 0.9915 3.5149
v -1.3570 1.1018 3.6218
v -1.3570 1.1807 3.7535
v -1.3570 1.2228 3.9012
v -1.3570 1.2253 4.0547
v -1.3570 1.1879 4.2037
v -1.3570 1.1133 4.3379
v -1.3570 1.0065 4.4482
v -1.3570 0.8747 4.5271
v -1.3570 0.7270 4.5692
v -1.3570 0.5735 4.5717
v -1.3570 0.4245 4.5343
v -1.3570 0.2903 4.4597
v -1.3570 0.1800 4.3528
v -1.3570 0.1011 4.2211
v -1.3570 0.0590 4.0734
v -1.3570 0.0565 3.9199
v -1.3570 0.0939 3.7709
v -1.3570 0.1685 3.6367
v -1.3570 0.2754 3.5264
v -1.3570 0.4071 3.4475
v -1.3570 0.5548 3.4054
v -1.3570 0.9464 3.8550
v -1.3570 0.9017 3.7805
v -1.3570 0.8393 3.7200
v -1.3570 0.7634 3.6778
v -1.3570 0.6791 3.6566
v -1.3570 0.5922 3.6580
v -1.3570 0.5086 3.6819
v -1.3570 0.4341 3.7265
v -1.3570 0.3736 3.7889
v -1.3570 0.3314 3.8649
v -1.3570 0.3102 3.9491
v -1.3570 0.3116 4.0360
v -1.3570 0.3355 4.1196
v -1.3570 0.3801 4.1941
v -1.3570 0.4425 4.2546
v -1.3570 0.5185 4.2968
v -1.3570 0.6028 4.3180
v -1.3570 0.6896 4.3166
v -1.3570 0.7732 4.2927
v -1.3570 0.8477 4.2481
v -1.3570 0.9082 4.1857
v -1.3570 0.9504 4.1097
v -1.3570 0.9716 4.0255
v -1.3570 0.9702 3.9386
v -1.2809 0.7462 3.7210
v -1.2809 0.6737 3.7028
v -1.2809 0.8116 3.7574
v -1.2809 0.8653 3.8094
v -1.2809 0.9037 3.8735
v -1.2809 0.9242 3.9454
v -1.2809 0.9254 4.0201
v -1.2809 0.9072 4.0926
v -1.2809 0.8708 4.1580
v -1.2809 0.8188 4.2117
v -1.2809 0.7547 4.2501
v -1.2809 0.6828 4.2706
v -1.2809 0.6081 4.2718
v -1.2809 0.5356 4.2536
v -1.2809 0.4703 4.2172
v -1.2809 0.4166 4.1652
v -1.2809 0.3782 4.1011
v -1.2809 0.3577 4.0292
v -1.2809 0.3565 3.9545
v -1.2809 0.3746 3.8820
v -1.2809 0.4110 3.8166
v -1.2809 0.4630 3.7630
v -1.2809 0.5271 3.7245
v -1.2809 0.5990 3.7040
v -0.9184 0.6611 3.8345
v -0.9184 0.7987 4.0079
v -0.9184 0.7658 3.8927
v -0.9184 0.6252 4.1455
v -0.9184 0.7404 4.1126
v -0.9184 0.4877 3.9720
v -0.9184 0.5205 4.0873
v -0.9184 0.5459 3.8673
v -0.8617 0.7394 3.9137
v -0.8617 0.6611 3.8345
v -0.8617 0.7658 3.8927
v -0.8617 0.6573 3.8680
v -0.8617 0.5459 3.8673
v -0.8617 0.5669 3.8938
v -0.8617 0.4877 3.9720
v -0.8617 0.5212 3.9759
v -0.8617 0.5205 4.0873
v -0.8617 0.5470 4.0663
v -0.8617 0.6252 4.1455
v -0.8617 0.6291 4.1119
v -0.8617 0.7404 4.1126
v -0.8617 0.7195 4.0862
v -0.8617 0.7987 4.0079
v -0.8617 0.7651 4.0041
v 0.8514 0.7137 3.3567
v 0.8514 1.0192 3.4776
v 0.8514 0.8744 3.3970
v 0.8514 1.2234 3.7350
v 0.8514 1.1383 3.5929
v 0.8514 1.2715 4.0601
v 0.8514 1.2689 3.8944
v 0.8514 1.1506 4.3656
v 0.8514 1.2312 4.2208
v 0.8514 0.8932 4.5698
v 0.8514 1.0354 4.4847
v 0.8514 0.5681 4.6179
v 0.8514 0.7338 4.6153
v 0.8514 0.2626 4.4970
v 0.8514 0.4074 4.5776
v 0.8514 0.0584 4.2396
v 0.8514 0.1436 4.3818
v 0.8514 0.0103 3.9145
v 0.8514 0.0130 4.0802
v 0.8514 0.1312 3.6090
v 0.8514 0.0506 3.7538
v 0.8514 0.3886 3.4048
v 0.8514 0.2465 3.4900
v 0.8514 0.5480 3.3594
v 0.8778 0.7435 3.3464
v 1.2041 0.8530 3.3739
v 1.2041 0.7435 3.3464
v 0.8778 0.8530 3.3739
v 1.2306 1.0192 3.4776
v 1.2306 0.8744 3.3970
v 0.8778 1.0502 3.4836
v 1.2041 1.1313 3.5621
v 1.2041 1.0502 3.4836
v 0.8778 1.1313 3.5621
v 1.2306 1.2234 3.7350
v 1.2306 1.1383 3.5929
v 0.8778 1.2473 3.7557
v 1.2041 1.2782 3.8643
v 1.2041 1.2473 3.7557
v 0.8778 1.2782 3.8643
v 1.2306 1.2715 4.0601
v 1.2306 1.2689 3.8944
v 0.8778 1.2818 4.0899
v 1.2041 1.2544 4.1994
v 1.2041 1.2818 4.0899
v 0.8778 1.2544 4.1994
v 1.2306 1.1506 4.3656
v 1.2306 1.2312 4.2208
v 0.8778 1.1447 4.3966
v 1.2041 1.0661 4.4777
v 1.2041 1.1447 4.3966
v 0.8778 1.0661 4.4777
v 1.2306 0.8932 4.5698
v 1.2306 1.0354 4.4847
v 0.8778 0.8725 4.5937
v 1.2041 0.7640 4.6246
v 1.2041 0.8725 4.5937
v 0.8778 0.7640 4.6246
v 1.2306 0.5681 4.6179
v 1.2306 0.7338 4.6153
v 0.8778 0.5383 4.6282
v 1.2041 0.4288 4.6008
v 1.2041 0.5383 4.6282
v 0.8778 0.4288 4.6008
v 1.2306 0.2626 4.4970
v 1.2306 0.4074 4.5776
v 0.8778 0.2316 4.4911
v 1.2041 0.1505 4.4125
v 1.2041 0.2316 4.4911
v 0.8778 0.1505 4.4125
v 1.2306 0.0584 4.2396
v 1.2306 0.1436 4.3818
v 0.8778 0.0346 4.2189
v 1.2041 0.0036 4.1104
v 1.2041 0.0346 4.2189
v 0.8778 0.0036 4.1104
v 1.2306 0.0103 3.9145
v 1.2306 0.0130 4.0802
v 0.8778 0.0000 3.8847
v 1.2041 0.0275 3.7752
v 1.2041 0.0000 3.8847
v 0.8778 0.0275 3.7752
v 1.2306 0.1312 3.6090
v 1.2306 0.0506 3.7538
v 0.8778 0.1372 3.5780
v 1.2041 0.2157 3.4969
v 1.2041 0.1372 3.5780
v 0.8778 0.2157 3.4969
v 1.2306 0.3886 3.4048
v 1.2306 0.2465 3.4900
v 0.8778 0.4093 3.3810
v 1.2041 0.5179 3.3500
v 1.2041 0.4093 3.3810
v 0.8778 0.5179 3.3500
v 1.2306 0.7137 3.3567
v 1.2306 0.5480 3.3594
v 1.2937 0.8573 3.4403
v 1.2937 0.7083 3.4029
v 1.2937 0.9915 3.5149
v 1.2937 1.1018 3.6218
v 1.2937 1.1807 3.7535
v 1.2937 1.2228 3.9012
v 1.2937 1.2253 4.0547
v 1.2937 1.1879 4.2037
v 1.2937 1.1133 4.3379
v 1.2937 1.0065 4.4482
v 1.2937 0.8747 4.5271
v 1.2937 0.7270 4.5692
v 1.2937 0.5735 4.5717
v 1.2937 0.4245 4.5343
v 1.2937 0.2903 4.4597
v 1.2937 0.1800 4.3528
v 1.2937 0.1011 4.2211
v 1.2937 0.0590 4.0734
v 1.2937 0.0565 3.9199
v 1.2937 0.0939 3.7709
v 1.2937 0.1685 3.6367
v 1.2937 0.2754 3.5264
v 1.2937 0.4071 3.4475
v 1.2937 0.5548 3.4054
v 1.2937 0.9702 3.9386
v 1.2937 0.9464 3.8550
v 1.2937 0.9017 3.7805
v 1.2937 0.8393 3.7200
v 1.2937 0.7634 3.6778
v 1.2937 0.6791 3.6566
v 1.2937 0.5922 3.6580
v 1.2937 0.5086 3.6819
v 1.2937 0.4341 3.7265
v 1.2937 0.3736 3.7889
v 1.2937 0.3314 3.8649
v 1.2937 0.3102 3.9492
v 1.2937 0.3116 4.0360
v 1.2937 0.3355 4.1196
v 1.2937 0.3801 4.1941
v 1.2937 0.4425 4.2546
v 1.2937 0.5185 4.2968
v 1.2937 0.6028 4.3180
v 1.2937 0.6896 4.3166
v 1.2937 0.7732 4.2928
v 1.2937 0.8477 4.2481
v 1.2937 0.9082 4.1857
v 1.2937 0.9504 4.1097
v 1.2937 0.9716 4.0255
v 1.2177 0.7462 3.7210
v 1.2177 0.6737 3.7029
v 1.2177 0.8116 3.7574
v 1.2177 0.8653 3.8094
v 1.2177 0.9037 3.8735
v 1.2177 0.9242 3.9454
v 1.2177 0.9254 4.0201
v 1.2177 0.9072 4.0926
v 1.2177 0.8708 4.1580
v 1.2177 0.8188 4.2117
v 1.2177 0.7547 4.2501
v 1.2177 0.6828 4.2706
v 1.2177 0.6081 4.2718
v 1.2177 0.5356 4.2536
v 1.2177 0.4703 4.2172
v 1.2177 0.4166 4.1652
v 1.2177 0.3782 4.1011
v 1.2177 0.3577 4.0292
v 1.2177 0.3565 3.9545
v 1.2177 0.3746 3.8820
v 1.2177 0.4110 3.8167
v 1.2177 0.4630 3.7630
v 1.2177 0.5271 3.7246
v 1.2177 0.5990 3.7040
v 0.8551 0.4877 3.9720
v 0.8551 0.6252 4.1455
v 0.8551 0.5205 4.0873
v 0.8551 0.7987 4.0079
v 0.8551 0.7404 4.1126
v 0.8551 0.6611 3.8345
v 0.8551 0.7658 3.8927
v 0.8551 0.5459 3.8673
v 0.7984 0.7394 3.9137
v 0.7984 0.6573 3.8680
v 0.7984 0.7651 4.0041
v 0.7984 0.7195 4.0862
v 0.7984 0.6291 4.1119
v 0.7984 0.5470 4.0663
v 0.7984 0.5212 3.9759
v 0.7984 0.5669 3.8938
v 0.7984 0.6611 3.8345
v 0.7984 0.7658 3.8927
v 0.7984 0.5459 3.8673
v 0.7984 0.4877 3.9720
v 0.7984 0.5205 4.0873
v 0.7984 0.6252 4.1455
v 0.7984 0.7404 4.1126
v 0.7984 0.7987 4.0079
v -0.9147 0.3886 -4.6302
v -0.9147 0.1312 -4.4260
v -0.9147 0.2465 -4.5450
v -0.9147 0.0103 -4.1204
v -0.9147 0.0506 -4.2812
v -0.9147 0.0584 -3.7954
v -0.9147 0.0130 -3.9547
v -0.9147 0.2626 -3.5379
v -0.9147 0.1436 -3.6532
v -0.9147 0.5681 -3.4171
v -0.9147 0.4074 -3.4574
v -0.9147 0.8932 -3.4652
v -0.9147 0.7338 -3.4197
v -0.9147 1.1506 -3.6693
v -0.9147 1.0354 -3.5503
v -0.9147 1.2715 -3.9749
v -0.9147 1.2312 -3.8142
v -0.9147 1.2234 -4.2999
v -0.9147 1.2689 -4.1406
v -0.9147 1.0192 -4.5574
v -0.9147 1.1383 -4.4421
v -0.9147 0.7137 -4.6783
v -0.9147 0.8744 -4.6379
v -0.9147 0.5480 -4.6756
v -0.9411 0.7435 -4.6886
v -1.2674 0.8530 -4.6611
v -0.9411 0.8530 -4.6611
v -1.2674 0.7435 -4.6886
v -1.2939 1.0192 -4.5574
v -1.2939 0.8744 -4.6379
v -0.9411 1.0502 -4.5514
v -1.2674 1.1313 -4.4729
v -0.9411 1.1313 -4.4729
v -1.2674 1.0502 -4.5514
v -1.2939 1.2234 -4.2999
v -1.2939 1.1383 -4.4421
v -0.9411 1.2473 -4.2793
v -1.2674 1.2782 -4.1707
v -0.9411 1.2782 -4.1707
v -1.2674 1.2473 -4.2793
v -1.2939 1.2715 -3.9749
v -1.2939 1.2689 -4.1406
v -0.9411 1.2818 -3.9451
v -1.2674 1.2544 -3.8356
v -0.9411 1.2544 -3.8356
v -1.2674 1.2818 -3.9451
v -1.2939 1.1506 -3.6693
v -1.2939 1.2312 -3.8142
v -0.9411 1.1447 -3.6384
v -1.2674 1.0661 -3.5573
v -0.9411 1.0661 -3.5573
v -1.2674 1.1447 -3.6384
v -1.2939 0.8932 -3.4652
v -1.2939 1.0354 -3.5503
v -0.9411 0.8725 -3.4413
v -1.2674 0.7640 -3.4104
v -0.9411 0.7640 -3.4104
v -1.2674 0.8725 -3.4413
v -1.2939 0.5681 -3.4171
v -1.2939 0.7338 -3.4197
v -0.9411 0.5383 -3.4067
v -1.2674 0.4288 -3.4342
v -0.9411 0.4288 -3.4342
v -1.2674 0.5383 -3.4068
v -1.2939 0.2626 -3.5379
v -1.2939 0.4074 -3.4574
v -0.9411 0.2316 -3.5439
v -1.2674 0.1505 -3.6224
v -0.9411 0.1505 -3.6224
v -1.2674 0.2316 -3.5439
v -1.2939 0.0584 -3.7954
v -1.2939 0.1436 -3.6532
v -0.9411 0.0346 -3.8161
v -1.2674 0.0036 -3.9246
v -0.9411 0.0036 -3.9246
v -1.2674 0.0346 -3.8161
v -1.2939 0.0103 -4.1204
v -1.2939 0.0130 -3.9547
v -0.9411 0.0000 -4.1503
v -1.2674 0.0275 -4.2597
v -0.9411 0.0275 -4.2597
v -1.2674 0.0000 -4.1503
v -1.2939 0.1312 -4.4260
v -1.2939 0.0506 -4.2812
v -0.9411 0.1372 -4.4570
v -1.2674 0.2157 -4.5381
v -0.9411 0.2157 -4.5380
v -1.2674 0.1372 -4.4570
v -1.2939 0.3886 -4.6302
v -1.2939 0.2465 -4.5450
v -0.9411 0.4093 -4.6540
v -1.2674 0.5179 -4.6850
v -0.9411 0.5179 -4.6850
v -1.2674 0.4093 -4.6540
v -1.2939 0.7137 -4.6783
v -1.2939 0.5480 -4.6756
v -1.3570 0.8573 -4.5947
v -1.3570 0.7083 -4.6321
v -1.3570 0.9915 -4.5200
v -1.3570 1.1018 -4.4132
v -1.3570 1.1807 -4.2815
v -1.3570 1.2228 -4.1338
v -1.3570 1.2253 -3.9802
v -1.3570 1.1879 -3.8313
v -1.3570 1.1133 -3.6971
v -1.3570 1.0065 -3.5868
v -1.3570 0.8747 -3.5078
v -1.3570 0.7270 -3.4657
v -1.3570 0.5735 -3.4633
v -1.3570 0.4245 -3.5006
v -1.3570 0.2903 -3.5753
v -1.3570 0.1800 -3.6821
v -1.3570 0.1011 -3.8139
v -1.3570 0.0590 -3.9616
v -1.3570 0.0565 -4.1151
v -1.3570 0.0939 -4.2641
v -1.3570 0.1685 -4.3983
v -1.3570 0.2754 -4.5086
v -1.3570 0.4071 -4.5875
v -1.3570 0.5548 -4.6296
v -1.3570 0.9464 -4.1799
v -1.3570 0.9017 -4.2545
v -1.3570 0.8393 -4.3149
v -1.3570 0.7634 -4.3572
v -1.3570 0.6791 -4.3783
v -1.3570 0.5922 -4.3769
v -1.3570 0.5086 -4.3531
v -1.3570 0.4341 -4.3085
v -1.3570 0.3736 -4.2460
v -1.3570 0.3314 -4.1701
v -1.3570 0.3102 -4.0858
v -1.3570 0.3116 -3.9989
v -1.3570 0.3355 -3.9154
v -1.3570 0.3801 -3.8408
v -1.3570 0.4425 -3.7804
v -1.3570 0.5185 -3.7381
v -1.3570 0.6028 -3.7170
v -1.3570 0.6896 -3.7184
v -1.3570 0.7732 -3.7422
v -1.3570 0.8477 -3.7869
v -1.3570 0.9082 -3.8493
v -1.3570 0.9504 -3.9252
v -1.3570 0.9716 -4.0095
v -1.3570 0.9702 -4.0964
v -1.2809 0.7462 -4.3139
v -1.2809 0.6737 -4.3321
v -1.2809 0.8116 -4.2776
v -1.2809 0.8653 -4.2256
v -1.2809 0.9037 -4.1615
v -1.2809 0.9242 -4.0896
v -1.2809 0.9254 -4.0148
v -1.2809 0.9072 -3.9423
v -1.2809 0.8708 -3.8770
v -1.2809 0.8188 -3.8233
v -1.2809 0.7547 -3.7849
v -1.2809 0.6828 -3.7644
v -1.2809 0.6081 -3.7632
v -1.2809 0.5356 -3.7814
v -1.2809 0.4703 -3.8177
v -1.2809 0.4166 -3.8697
v -1.2809 0.3782 -3.9339
v -1.2809 0.3577 -4.0057
v -1.2809 0.3565 -4.0805
v -1.2809 0.3746 -4.1530
v -1.2809 0.4110 -4.2183
v -1.2809 0.4630 -4.2720
v -1.2809 0.5271 -4.3104
v -1.2809 0.5990 -4.3309
v -0.9184 0.6611 -4.2005
v -0.9184 0.7987 -4.0270
v -0.9184 0.7658 -4.1423
v -0.9184 0.6252 -3.8895
v -0.9184 0.7404 -3.9223
v -0.9184 0.4877 -4.0629
v -0.9184 0.5205 -3.9477
v -0.9184 0.5459 -4.1676
v 0.7984 0.6573 -4.1669
v -0.8617 0.7394 -4.1213
v 0.7984 0.7394 -4.1213
v -0.8617 0.6573 -4.1670
v -0.8617 0.7651 -4.0309
v 0.7984 0.7651 -4.0309
v -0.8617 0.7195 -3.9488
v 0.7984 0.7195 -3.9488
v -0.8617 0.6291 -3.9230
v 0.7984 0.6291 -3.9230
v -0.8617 0.5470 -3.9687
v 0.7984 0.5470 -3.9687
v -0.8617 0.5212 -4.0591
v 0.7984 0.5212 -4.0591
v -0.8617 0.5669 -4.1412
v 0.7984 0.5669 -4.1412
v -0.8617 0.6611 -4.2005
v -0.8617 0.7658 -4.1423
v -0.8617 0.5459 -4.1676
v -0.8617 0.4877 -4.0629
v -0.8617 0.5205 -3.9477
v -0.8617 0.6252 -3.8895
v -0.8617 0.7404 -3.9223
v -0.8617 0.7987 -4.0270
v 0.8514 0.7137 -4.6783
v 0.8514 1.0192 -4.5574
v 0.8514 0.8744 -4.6379
v 0.8514 1.2234 -4.2999
v 0.8514 1.1383 -4.4421
v 0.8514 1.2715 -3.9749
v 0.8514 1.2689 -4.1406
v 0.8514 1.1506 -3.6693
v 0.8514 1.2312 -3.8142
v 0.8514 0.8932 -3.4652
v 0.8514 1.0354 -3.5503
v 0.8514 0.5681 -3.4171
v 0.8514 0.7338 -3.4197
v 0.8514 0.2626 -3.5379
v 0.8514 0.4074 -3.4574
v 0.8514 0.0584 -3.7954
v 0.8514 0.1436 -3.6532
v 0.8514 0.0103 -4.1204
v 0.8514 0.0130 -3.9547
v 0.8514 0.1312 -4.4260
v 0.8514 0.0506 -4.2812
v 0.8514 0.3886 -4.6302
v 0.8514 0.2465 -4.5450
v 0.8514 0.5480 -4.6756
v 0.8778 0.7435 -4.6886
v 1.2041 0.8530 -4.6611
v 1.2041 0.7435 -4.6886
v 0.8778 0.8530 -4.6611
v 1.2306 1.0192 -4.5574
v 1.2306 0.8744 -4.6379
v 0.8778 1.0502 -4.5514
v 1.2041 1.1313 -4.4729
v 1.2041 1.0502 -4.5514
v 0.8778 1.1313 -4.4729
v 1.2306 1.2234 -4.2999
v 1.2306 1.1383 -4.4421
v 0.8778 1.2473 -4.2793
v 1.2041 1.2782 -4.1707
v 1.2041 1.2473 -4.2793
v 0.8778 1.2782 -4.1707
v 1.2306 1.2715 -3.9749
v 1.2306 1.2689 -4.1406
v 0.8778 1.2818 -3.9451
v 1.2041 1.2544 -3.8356
v 1.2041 1.2818 -3.9451
v 0.8778 1.2544 -3.8356
v 1.2306 1.1506 -3.6693
v 1.2306 1.2312 -3.8142
v 0.8778 1.1447 -3.6384
v 1.2041 1.0661 -3.5573
v 1.2041 1.1447 -3.6384
v 0.8778 1.0661 -3.5573
v 1.2306 0.8932 -3.4652
v 1.2306 1.0354 -3.5503
v 0.8778 0.8725 -3.4413
v 1.2041 0.7640 -3.4104
v 1.2041 0.8725 -3.4413
v 0.8778 0.7640 -3.4104
v 1.2306 0.5681 -3.4171
v 1.2306 0.7338 -3.4197
v 0.8778 0.5383 -3.4067
v 1.2041 0.4288 -3.4342
v 1.2041 0.5383 -3.4067
v 0.8778 0.4288 -3.4342
v 1.2306 0.2626 -3.5379
v 1.2306 0.4074 -3.4574
v 0.8778 0.2316 -3.5439
v 1.2041 0.1505 -3.6224
v 1.2041 0.2316 -3.5439
v 0.8778 0.1505 -3.6224
v 1.2306 0.0584 -3.7954
v 1.2306 0.1436 -3.6532
v 0.8778 0.0346 -3.8160
v 1.2041 0.0036 -3.9246
v 1.2041 0.0346 -3.8160
v 0.8778 0.0036 -3.9246
v 1.2306 0.0103 -4.1204
v 1.2306 0.0130 -3.9547
v 0.8778 0.0000 -4.1503
v 1.2041 0.0275 -4.2597
v 1.2041 0.0000 -4.1503
v 0.8778 0.0275 -4.2597
v 1.2306 0.1312 -4.4260
v 1.2306 0.0506 -4.2812
v 0.8778 0.1372 -4.4570
v 1.2041 0.2157 -4.5380
v 1.2041 0.1372 -4.4570
v 0.8778 0.2157 -4.5380
v 1.2306 0.3886 -4.6302
v 1.2306 0.2465 -4.5450
v 0.8778 0.4093 -4.6540
v 1.2041 0.5179 -4.6850
v 1.2041 0.4093 -4.6540
v 0.8778 0.5179 -4.6850
v 1.2306 0.7137 -4.6783
v 1.2306 0.5480 -4.6756
v 1.2937 0.8573 -4.5947
v 1.2937 0.7083 -4.6320
v 1.2937 0.9915 -4.5200
v 1.2937 1.1018 -4.4132
v 1.2937 1.1807 -4.2815
v 1.2937 1.2228 -4.1338
v 1.2937 1.2253 -3.9802
v 1.2937 1.1879 -3.8313
v 1.2937 1.1133 -3.6971
v 1.2937 1.0065 -3.5867
v 1.2937 0.8747 -3.5078
v 1.2937 0.7270 -3.4657
v 1.2937 0.5735 -3.4633
v 1.2937 0.4245 -3.5006
v 1.2937 0.2903 -3.5753
v 1.2937 0.1800 -3.6821
v 1.2937 0.1011 -3.8139
v 1.2937 0.0590 -3.9615
v 1.2937 0.0565 -4.1151
v 1.2937 0.0939 -4.2640
v 1.2937 0.1685 -4.3983
v 1.2937 0.2754 -4.5086
v 1.2937 0.4071 -4.5875
v 1.2937 0.5548 -4.6296
v 1.2937 0.9702 -4.0964
v 1.2937 0.9464 -4.1799
v 1.2937 0.9017 -4.2545
v 1.2937 0.8393 -4.3149
v 1.2937 0.7634 -4.3572
v 1.2937 0.6791 -4.3783
v 1.2937 0.5922 -4.3769
v 1.2937 0.5086 -4.3531
v 1.2937 0.4341 -4.3085
v 1.2937 0.3736 -4.2460
v 1.2937 0.3314 -4.1701
v 1.2937 0.3102 -4.0858
v 1.2937 0.3116 -3.9989
v 1.2937 0.3355 -3.9154
v 1.2937 0.3801 -3.8408
v 1.2937 0.4425 -3.7804
v 1.2937 0.5185 -3.7381
v 1.2937 0.6028 -3.7170
v 1.2937 0.6896 -3.7184
v 1.2937 0.7732 -3.7422
v 1.2937 0.8477 -3.7869
v 1.2937 0.9082 -3.8493
v 1.2937 0.9504 -3.9252
v 1.2937 0.9716 -4.0095
v 1.2177 0.7462 -4.3139
v 1.2177 0.6737 -4.3321
v 1.2177 0.8116 -4.2776
v 1.2177 0.8653 -4.2256
v 1.2177 0.9037 -4.1615
v 1.2177 0.9242 -4.0896
v 1.2177 0.9254 -4.0148
v 1.2177 0.9072 -3.9423
v 1.2177 0.8708 -3.8770
v 1.2177 0.8188 -3.8233
v 1.2177 0.7547 -3.7849
v 1.2177 0.6828 -3.7644
v 1.2177 0.6081 -3.7632
v 1.2177 0.5356 -3.7814
v 1.2177 0.4703 -3.8177
v 1.2177 0.4166 -3.8697
v 1.2177 0.3782 -3.9339
v 1.2177 0.3577 -4.0057
v 1.2177 0.3565 -4.0805
v 1.2177 0.3746 -4.1530
v 1.2177 0.4110 -4.2183
v 1.2177 0.4630 -4.2720
v 1.2177 0.5271 -4.3104
v 1.2177 0.5990 -4.3309
v 0.8551 0.4877 -4.0629
v 0.8551 0.6252 -3.8895
v 0.8551 0.5205 -3.9477
v 0.8551 0.7987 -4.0270
v 0.8551 0.7404 -3.9223
v 0.8551 0.6611 -4.2005
v 0.8551 0.7658 -4.1423
v 0.8551 0.5459 -4.1676
v 0.7984 0.6611 -4.2005
v 0.7984 0.7658 -4.1423
v 0.7984 0.5459 -4.1676
v 0.7984 0.4877 -4.0629
v 0.7984 0.5205 -3.9477
v 0.7984 0.6252 -3.8895
v 0.7984 0.7404 -3.9223
v 0.7984 0.7987 -4.0270
v -0.9147 0.3886 -3.2470
v -0.9147 0.1312 -3.0428
v -0.9147 0.2465 -3.1619
v -0.9147 0.0103 -2.7373
v -0.9147 0.0506 -2.8980
v -0.9147 0.0584 -2.4122
v -0.9147 0.0130 -2.5716
v -0.9147 0.2626 -2.1548
v -0.9147 0.1436 -2.2701
v -0.9147 0.5681 -2.0339
v -0.9147 0.4074 -2.0743
v -0.9147 0.8932 -2.0820
v -0.9147 0.7338 -2.0366
v -0.9147 1.1506 -2.2862
v -0.9147 1.0354 -2.1672
v -0.9147 1.2715 -2.5918
v -0.9147 1.2312 -2.4310
v -0.9147 1.2234 -2.9168
v -0.9147 1.2689 -2.7574
v -0.9147 1.0192 -3.1743
v -0.9147 1.1383 -3.0590
v -0.9147 0.7137 -3.2951
v -0.9147 0.8744 -3.2548
v -0.9147 0.5480 -3.2925
v -0.9411 0.7435 -3.3054
v -1.2674 0.8530 -3.2780
v -0.9411 0.8530 -3.2780
v -1.2674 0.7435 -3.3054
v -1.2939 1.0192 -3.1743
v -1.2939 0.8744 -3.2548
v -0.9411 1.0502 -3.1683
v -1.2674 1.1313 -3.0897
v -0.9411 1.1313 -3.0897
v -1.2674 1.0502 -3.1683
v -1.2939 1.2234 -2.9168
v -1.2939 1.1383 -3.0590
v -0.9411 1.2473 -2.8961
v -1.2674 1.2782 -2.7876
v -0.9411 1.2782 -2.7876
v -1.2674 1.2473 -2.8961
v -1.2939 1.2715 -2.5918
v -1.2939 1.2689 -2.7574
v -0.9411 1.2818 -2.5619
v -1.2674 1.2544 -2.4524
v -0.9411 1.2544 -2.4524
v -1.2674 1.2818 -2.5619
v -1.2939 1.1506 -2.2862
v -1.2939 1.2312 -2.4310
v -0.9411 1.1447 -2.2552
v -1.2674 1.0661 -2.1741
v -0.9411 1.0661 -2.1741
v -1.2674 1.1447 -2.2552
v -1.2939 0.8932 -2.0820
v -1.2939 1.0354 -2.1672
v -0.9411 0.8725 -2.0582
v -1.2674 0.7640 -2.0272
v -0.9411 0.7640 -2.0272
v -1.2674 0.8725 -2.0582
v -1.2939 0.5681 -2.0339
v -1.2939 0.7338 -2.0366
v -0.9411 0.5383 -2.0236
v -1.2674 0.4288 -2.0511
v -0.9411 0.4288 -2.0511
v -1.2674 0.5383 -2.0236
v -1.2939 0.2626 -2.1548
v -1.2939 0.4074 -2.0743
v -0.9411 0.2316 -2.1608
v -1.2674 0.1505 -2.2393
v -0.9411 0.1505 -2.2393
v -1.2674 0.2316 -2.1608
v -1.2939 0.0584 -2.4123
v -1.2939 0.1436 -2.2701
v -0.9411 0.0346 -2.4329
v -1.2674 0.0036 -2.5415
v -0.9411 0.0036 -2.5415
v -1.2674 0.0346 -2.4329
v -1.2939 0.0103 -2.7373
v -1.2939 0.0130 -2.5716
v -0.9411 0.0000 -2.7671
v -1.2674 0.0275 -2.8766
v -0.9411 0.0275 -2.8766
v -1.2674 0.0000 -2.7671
v -1.2939 0.1312 -3.0428
v -1.2939 0.0506 -2.8980
v -0.9411 0.1372 -3.0738
v -1.2674 0.2157 -3.1549
v -0.9411 0.2157 -3.1549
v -1.2674 0.1372 -3.0738
v -1.2939 0.3886 -3.2470
v -1.2939 0.2465 -3.1619
v -0.9411 0.4093 -3.2709
v -1.2674 0.5179 -3.3018
v -0.9411 0.5179 -3.3018
v -1.2674 0.4093 -3.2709
v -1.2939 0.7137 -3.2951
v -1.2939 0.5480 -3.2925
v -1.3570 0.8573 -3.2115
v -1.3570 0.7083 -3.2489
v -1.3570 0.9915 -3.1369
v -1.3570 1.1018 -3.0301
v -1.3570 1.1807 -2.8983
v -1.3570 1.2228 -2.7506
v -1.3570 1.2253 -2.5971
v -1.3570 1.1879 -2.4481
v -1.3570 1.1133 -2.3139
v -1.3570 1.0065 -2.2036
v -1.3570 0.8747 -2.1247
v -1.3570 0.7270 -2.0826
v -1.3570 0.5735 -2.0801
v -1.3570 0.4245 -2.1175
v -1.3570 0.2903 -2.1922
v -1.3570 0.1800 -2.2990
v -1.3570 0.1011 -2.4307
v -1.3570 0.0590 -2.5784
v -1.3570 0.0565 -2.7320
v -1.3570 0.0939 -2.8809
v -1.3570 0.1685 -3.0151
v -1.3570 0.2754 -3.1254
v -1.3570 0.4071 -3.2043
v -1.3570 0.5548 -3.2465
v -1.3570 0.9464 -2.7968
v -1.3570 0.9017 -2.8714
v -1.3570 0.8393 -2.9318
v -1.3570 0.7634 -2.9740
v -1.3570 0.6791 -2.9952
v -1.3570 0.5922 -2.9938
v -1.3570 0.5086 -2.9700
v -1.3570 0.4341 -2.9253
v -1.3570 0.3736 -2.8629
v -1.3570 0.3314 -2.7870
v -1.3570 0.3102 -2.7027
v -1.3570 0.3116 -2.6158
v -1.3570 0.3355 -2.5322
v -1.3570 0.3801 -2.4577
v -1.3570 0.4425 -2.3972
v -1.3570 0.5185 -2.3550
v -1.3570 0.6028 -2.3339
v -1.3570 0.6896 -2.3353
v -1.3570 0.7732 -2.3591
v -1.3570 0.8477 -2.4037
v -1.3570 0.9082 -2.4662
v -1.3570 0.9504 -2.5421
v -1.3570 0.9716 -2.6264
v -1.3570 0.9702 -2.7133
v -1.2810 0.7462 -2.9308
v -1.2810 0.6737 -2.9490
v -1.2810 0.8116 -2.8945
v -1.2810 0.8653 -2.8425
v -1.2810 0.9037 -2.7783
v -1.2810 0.9242 -2.7064
v -1.2810 0.9254 -2.6317
v -1.2810 0.9072 -2.5592
v -1.2810 0.8708 -2.4939
v -1.2810 0.8188 -2.4402
v -1.2810 0.7547 -2.4018
v -1.2810 0.6828 -2.3813
v -1.2810 0.6081 -2.3801
v -1.2810 0.5356 -2.3983
v -1.2810 0.4703 -2.4346
v -1.2810 0.4166 -2.4866
v -1.2810 0.3782 -2.5507
v -1.2810 0.3577 -2.6226
v -1.2810 0.3565 -2.6974
v -1.2810 0.3746 -2.7699
v -1.2810 0.4110 -2.8352
v -1.2810 0.4630 -2.8889
v -1.2810 0.5271 -2.9273
v -1.2810 0.5990 -2.9478
v -0.9184 0.6611 -2.8174
v -0.9184 0.7987 -2.6439
v -0.9184 0.7658 -2.7591
v -0.9184 0.6252 -2.5063
v -0.9184 0.7404 -2.5392
v -0.9184 0.4877 -2.6798
v -0.9184 0.5205 -2.5646
v -0.9184 0.5459 -2.7845
v -0.8617 0.7394 -2.7381
v -0.8617 0.6611 -2.8174
v -0.8617 0.7658 -2.7591
v -0.8617 0.6573 -2.7838
v -0.8617 0.5459 -2.7845
v -0.8617 0.5669 -2.7580
v -0.8617 0.4877 -2.6798
v -0.8617 0.5212 -2.6759
v -0.8617 0.5205 -2.5646
v -0.8617 0.5470 -2.5856
v -0.8617 0.6252 -2.5063
v -0.8617 0.6291 -2.5399
v -0.8617 0.7404 -2.5392
v -0.8617 0.7195 -2.5657
v -0.8617 0.7987 -2.6439
v -0.8617 0.7651 -2.6478
v 0.8514 0.7137 -3.2951
v 0.8514 1.0192 -3.1742
v 0.8514 0.8744 -3.2548
v 0.8514 1.2234 -2.9168
v 0.8514 1.1383 -3.0590
v 0.8514 1.2715 -2.5918
v 0.8514 1.2689 -2.7574
v 0.8514 1.1506 -2.2862
v 0.8514 1.2312 -2.4310
v 0.8514 0.8932 -2.0820
v 0.8514 1.0354 -2.1672
v 0.8514 0.5681 -2.0339
v 0.8514 0.7338 -2.0366
v 0.8514 0.2626 -2.1548
v 0.8514 0.4074 -2.0742
v 0.8514 0.0584 -2.4122
v 0.8514 0.1436 -2.2701
v 0.8514 0.0103 -2.7373
v 0.8514 0.0130 -2.5716
v 0.8514 0.1312 -3.0428
v 0.8514 0.0506 -2.8980
v 0.8514 0.3886 -3.2470
v 0.8514 0.2465 -3.1619
v 0.8514 0.5480 -3.2925
v 0.8778 0.7435 -3.3054
v 1.2041 0.8530 -3.2780
v 1.2041 0.7435 -3.3054
v 0.8778 0.8530 -3.2780
v 1.2306 1.0192 -3.1743
v 1.2306 0.8744 -3.2548
v 0.8778 1.0502 -3.1683
v 1.2041 1.1313 -3.0897
v 1.2041 1.0502 -3.1683
v 0.8778 1.1313 -3.0897
v 1.2306 1.2234 -2.9168
v 1.2306 1.1383 -3.0590
v 0.8778 1.2473 -2.8961
v 1.2041 1.2782 -2.7876
v 1.2041 1.2473 -2.8961
v 0.8778 1.2782 -2.7876
v 1.2306 1.2715 -2.5918
v 1.2306 1.2689 -2.7574
v 0.8778 1.2818 -2.5619
v 1.2041 1.2544 -2.4524
v 1.2041 1.2818 -2.5619
v 0.8778 1.2544 -2.4524
v 1.2306 1.1506 -2.2862
v 1.2306 1.2312 -2.4310
v 0.8778 1.1447 -2.2552
v 1.2041 1.0661 -2.1741
v 1.2041 1.1447 -2.2552
v 0.8778 1.0661 -2.1741
v 1.2306 0.8932 -2.0820
v 1.2306 1.0354 -2.1672
v 0.8778 0.8725 -2.0582
v 1.2041 0.7640 -2.0272
v 1.2041 0.8725 -2.0582
v 0.8778 0.7640 -2.0272
v 1.2306 0.5681 -2.0339
v 1.2306 0.7338 -2.0366
v 0.8778 0.5383 -2.0236
v 1.2041 0.4288 -2.0511
v 1.2041 0.5383 -2.0236
v 0.8778 0.4288 -2.0511
v 1.2306 0.2626 -2.1548
v 1.2306 0.4074 -2.0742
v 0.8778 0.2316 -2.1608
v 1.2041 0.1505 -2.2393
v 1.2041 0.2316 -2.1608
v 0.8778 0.1505 -2.2393
v 1.2306 0.0584 -2.4122
v 1.2306 0.1436 -2.2701
v 0.8778 0.0346 -2.4329
v 1.2041 0.0036 -2.5415
v 1.2041 0.0346 -2.4329
v 0.8778 0.0036 -2.5415
v 1.2306 0.0103 -2.7373
v 1.2306 0.0130 -2.5716
v 0.8778 0.0000 -2.7671
v 1.2041 0.0275 -2.8766
v 1.2041 0.0000 -2.7671
v 0.8778 0.0275 -2.8766
v 1.2306 0.1312 -3.0428
v 1.2306 0.0506 -2.8980
v 0.8778 0.1372 -3.0738
v 1.2041 0.2157 -3.1549
v 1.2041 0.1372 -3.0738
v 0.8778 0.2157 -3.1549
v 1.2306 0.3886 -3.2470
v 1.2306 0.2465 -3.1619
v 0.8778 0.4093 -3.2709
v 1.2041 0.5179 -3.3018
v 1.2041 0.4093 -3.2709
v 0.8778 0.5179 -3.3018
v 1.2306 0.7137 -3.2951
v 1.2306 0.5480 -3.2925
v 1.2937 0.8573 -3.2115
v 1.2937 0.7083 -3.2489
v 1.2937 0.9915 -3.1369
v 1.2937 1.1018 -3.0301
v 1.2937 1.1807 -2.8983
v 1.2937 1.2228 -2.7506
v 1.2937 1.2253 -2.5971
v 1.2937 1.1879 -2.4481
v 1.2937 1.1133 -2.3139
v 1.2937 1.0065 -2.2036
v 1.2937 0.8747 -2.1247
v 1.2937 0.7270 -2.0826
v 1.2937 0.5735 -2.0801
v 1.2937 0.4245 -2.1175
v 1.2937 0.2903 -2.1921
v 1.2937 0.1800 -2.2990
v 1.2937 0.1011 -2.4307
v 1.2937 0.0590 -2.5784
v 1.2937 0.0565 -2.7320
v 1.2937 0.0939 -2.8809
v 1.2937 0.1685 -3.0151
v 1.2937 0.2754 -3.1254
v 1.2937 0.4071 -3.2043
v 1.2937 0.5548 -3.2465
v 1.2937 0.9702 -2.7132
v 1.2937 0.9464 -2.7968
v 1.2937 0.9017 -2.8714
v 1.2937 0.8393 -2.9318
v 1.2937 0.7634 -2.9740
v 1.2937 0.6791 -2.9952
v 1.2937 0.5922 -2.9938
v 1.2937 0.5086 -2.9700
v 1.2937 0.4341 -2.9253
v 1.2937 0.3736 -2.8629
v 1.2937 0.3314 -2.7870
v 1.2937 0.3102 -2.7027
v 1.2937 0.3116 -2.6158
v 1.2937 0.3355 -2.5322
v 1.2937 0.3801 -2.4577
v 1.2937 0.4425 -2.3972
v 1.2937 0.5185 -2.3550
v 1.2937 0.6028 -2.3339
v 1.2937 0.6896 -2.3353
v 1.2937 0.7732 -2.3591
v 1.2937 0.8477 -2.4037
v 1.2937 0.9082 -2.4661
v 1.2937 0.9504 -2.5421
v 1.2937 0.9716 -2.6264
v 1.2177 0.7462 -2.9308
v 1.2177 0.6737 -2.9490
v 1.2177 0.8116 -2.8945
v 1.2177 0.8653 -2.8425
v 1.2177 0.9037 -2.7783
v 1.2177 0.9242 -2.7064
v 1.2177 0.9254 -2.6317
v 1.2177 0.9072 -2.5592
v 1.2177 0.8708 -2.4939
v 1.2177 0.8188 -2.4402
v 1.2177 0.7547 -2.4018
v 1.2177 0.6828 -2.3813
v 1.2177 0.6081 -2.3801
v 1.2177 0.5356 -2.3983
v 1.2177 0.4703 -2.4346
v 1.2177 0.4166 -2.4866
v 1.2177 0.3782 -2.5507
v 1.2177 0.3577 -2.6226
v 1.2177 0.3565 -2.6973
v 1.2177 0.3746 -2.7699
v 1.2177 0.4110 -2.8352
v 1.2177 0.4630 -2.8889
v 1.2177 0.5271 -2.9273
v 1.2177 0.5990 -2.9478
v 0.8551 0.4877 -2.6798
v 0.8551 0.6252 -2.5063
v 0.8551 0.5205 -2.5646
v 0.8551 0.7987 -2.6439
v 0.8551 0.7404 -2.5392
v 0.8551 0.6611 -2.8174
v 0.8551 0.7658 -2.7591
v 0.8551 0.5459 -2.7845
v 0.7984 0.7394 -2.7381
v 0.7984 0.6573 -2.7838
v 0.7984 0.7651 -2.6478
v 0.7984 0.7195 -2.5657
v 0.7984 0.6291 -2.5399
v 0.7984 0.5470 -2.5856
v 0.7984 0.5212 -2.6759
v 0.7984 0.5669 -2.7580
v 0.7984 0.6611 -2.8174
v 0.7984 0.7658 -2.7591
v 0.7984 0.5459 -2.7845
v 0.7984 0.4877 -2.6798
v 0.7984 0.5205 -2.5646
v 0.7984 0.6252 -2.5063
v 0.7984 0.7404 -2.5392
v 0.7984 0.7987 -2.6439
v 1.4552 1.9688 1.6771
v 1.4552 2.0914 1.6771
v 1.4552 2.0914 1.3985
v 1.4552 1.9688 1.3985
v 1.5248 1.9778 1.6680
v 1.5248 1.9778 1.4075
v 1.5248 2.0824 1.4075
v 1.5248 2.0824 1.6680
v 1.5148 1.9688 1.3985
v 1.5148 1.9688 1.6771
v 1.5148 2.0914 1.3985
v 1.5148 2.0914 1.6771
v 1.4552 1.9688 -5.6406
v 1.4552 2.0914 -5.6406
v 1.4552 2.0914 -5.9191
v 1.4552 1.9688 -5.9191
v 1.5248 1.9778 -5.6496
v 1.5248 1.9778 -5.9101
v 1.5248 2.0824 -5.9101
v 1.5248 2.0824 -5.6496
v 1.5148 1.9688 -5.9191
v 1.5148 1.9688 -5.6406
v 1.5148 2.0914 -5.9191
v 1.5148 2.0914 -5.6406
v -1.5120 1.9688 -5.6406
v -1.5120 1.9688 -5.9191
v -1.5120 2.0914 -5.9191
v -1.5120 2.0914 -5.6406
v -1.5816 1.9778 -5.6496
v -1.5816 2.0824 -5.6496
v -1.5816 2.0824 -5.9101
v -1.5816 1.9778 -5.9101
v -1.5716 1.9688 -5.6406
v -1.5716 1.9688 -5.9191
v -1.5716 2.0914 -5.9191
v -1.5716 2.0914 -5.6406
v -1.5120 1.9688 1.6771
v -1.5120 1.9688 1.3985
v -1.5120 2.0914 1.3985
v -1.5120 2.0914 1.6771
v -1.5816 1.9778 1.6680
v -1.5816 2.0824 1.6680
v -1.5816 2.0824 1.4075
v -1.5816 1.9778 1.4075
v -1.5716 1.9688 1.6771
v -1.5716 1.9688 1.3985
v -1.5716 2.0914 1.3985
v -1.5716 2.0914 1.6771
v 1.4094 2.6142 5.6828
v 1.6126 2.6142 5.6828
v 1.6126 3.1735 5.6209
v 1.4094 3.1735 5.6209
v 1.3782 2.5756 5.6182
v 1.6439 2.5756 5.6182
v 1.6439 2.5796 5.6542
v 1.3782 2.5796 5.6542
v 1.6439 3.1970 5.5494
v 1.6439 3.2009 5.5854
v 1.3782 3.1970 5.5494
v 1.3782 3.2009 5.5854
v 1.4048 3.1705 5.5523
v 1.4048 2.6021 5.6153
v 1.6173 3.1705 5.5523
v 1.6173 2.6021 5.6153
v 1.4272 2.3928 5.7074
v 1.5972 2.3928 5.7074
v 1.5972 2.5146 5.6939
v 1.4272 2.5146 5.6939
v 1.3960 2.3542 5.6427
v 1.6284 2.3542 5.6427
v 1.6284 2.3582 5.6787
v 1.3960 2.3582 5.6787
v 1.6284 2.5381 5.6223
v 1.6284 2.5421 5.6584
v 1.3960 2.5381 5.6223
v 1.3960 2.5421 5.6584
v 1.4226 2.5117 5.6253
v 1.4226 2.3806 5.6398
v 1.6018 2.5117 5.6253
v 1.6018 2.3806 5.6398
v 1.2897 2.3442 5.7442
v 1.5315 2.3447 5.7455
v 1.4896 2.3866 5.7430
v 1.2897 2.3861 5.7442
v 1.2980 2.3976 5.7360
v 1.4779 2.3976 5.7360
v 1.4749 2.3976 5.7096
v 1.2980 2.3976 5.7096
v 1.2897 2.3861 5.7013
v 1.4857 2.3857 5.7001
v 1.5276 2.3438 5.7026
v 1.2897 2.3442 5.7013
v 1.2980 2.3328 5.7096
v 1.5393 2.3328 5.7096
v 1.5423 2.3328 5.7360
v 1.2980 2.3328 5.7360
v 1.5315 3.2227 5.6457
v 1.4896 3.1813 5.6526
v 1.4779 3.1690 5.6483
v 1.4749 3.1631 5.6226
v 1.4857 3.1726 5.6106
v 1.5276 3.2139 5.6037
v 1.5393 3.2262 5.6080
v 1.5423 3.2321 5.6337
v 1.2897 3.2228 5.6443
v 1.2897 3.1820 5.6538
v 1.2980 3.1690 5.6483
v 1.2980 3.1631 5.6226
v 1.2897 3.1724 5.6119
v 1.2897 3.2132 5.6025
v 1.2980 3.2262 5.6080
v 1.2980 3.2321 5.6337
v -1.4094 2.6142 5.6828
v -1.4094 3.1735 5.6209
v -1.6126 3.1735 5.6209
v -1.6126 2.6142 5.6828
v -1.3782 2.5756 5.6182
v -1.3782 2.5796 5.6542
v -1.6439 2.5796 5.6542
v -1.6439 2.5756 5.6182
v -1.6439 3.2009 5.5854
v -1.6439 3.1970 5.5494
v -1.3782 3.2009 5.5854
v -1.3782 3.1970 5.5494
v -1.4048 2.6021 5.6153
v -1.4048 3.1705 5.5523
v -1.6173 3.1705 5.5523
v -1.6173 2.6021 5.6153
v -1.4272 2.3928 5.7074
v -1.4272 2.5146 5.6939
v -1.5972 2.5146 5.6939
v -1.5972 2.3928 5.7074
v -1.3960 2.3542 5.6427
v -1.3960 2.3582 5.6787
v -1.6284 2.3582 5.6787
v -1.6284 2.3542 5.6427
v -1.6284 2.5421 5.6584
v -1.6284 2.5381 5.6223
v -1.3960 2.5421 5.6584
v -1.3960 2.5381 5.6223
v -1.4226 2.3806 5.6398
v -1.4226 2.5117 5.6253
v -1.6018 2.5117 5.6253
v -1.6018 2.3806 5.6398
v -1.2897 2.3442 5.7442
v -1.2897 2.3861 5.7442
v -1.4896 2.3866 5.7430
v -1.5315 2.3447 5.7455
v -1.2980 2.3976 5.7360
v -1.2980 2.3976 5.7096
v -1.4749 2.3976 5.7096
v -1.4779 2.3976 5.7360
v -1.2897 2.3861 5.7013
v -1.2897 2.3442 5.7013
v -1.5276 2.3438 5.7026
v -1.4857 2.3857 5.7001
v -1.2980 2.3328 5.7096
v -1.2980 2.3328 5.7360
v -1.5423 2.3328 5.7360
v -1.5393 2.3328 5.7096
v -1.4896 3.1813 5.6526
v -1.5315 3.2227 5.6457
v -1.4749 3.1631 5.6226
v -1.4779 3.1690 5.6483
v -1.5276 3.2139 5.6037
v -1.4857 3.1726 5.6106
v -1.5423 3.2321 5.6337
v -1.5393 3.2262 5.6080
v -1.2897 3.1820 5.6538
v -1.2897 3.2228 5.6443
v -1.2980 3.1631 5.6226
v -1.2980 3.1690 5.6483
v -1.2897 3.2132 5.6025
v -1.2897 3.1724 5.6119
v -1.2980 3.2321 5.6337
v -1.2980 3.2262 5.6080
v 0.8402 2.3782 5.7742
v 0.4142 2.4596 5.7671
v 0.4067 2.4205 5.7705
v 0.8327 2.3390 5.7777
v 0.4067 2.4187 5.7506
v 0.8327 2.3373 5.7577
v 0.4142 2.4579 5.7472
v 0.8402 2.3764 5.7543
v 0.6999 2.4859 5.7788
v 0.0122 2.4073 5.7857
v 0.0150 2.3831 5.7878
v 0.7027 2.4617 5.7809
v 0.7113 2.4546 5.7783
v 0.0081 2.3743 5.7853
v 0.0081 2.3718 5.7576
v 0.7113 2.4522 5.7506
v 0.0036 2.4114 5.7542
v 0.7068 2.4918 5.7471
v 0.0036 2.4139 5.7819
v 0.7068 2.4942 5.7749
v -0.0924 2.3782 5.7742
v -0.5184 2.4596 5.7671
v -0.5260 2.4205 5.7705
v -0.0999 2.3390 5.7777
v -0.5260 2.4187 5.7506
v -0.0999 2.3373 5.7577
v -0.5184 2.4579 5.7472
v -0.0924 2.3764 5.7543
v -0.2327 2.4859 5.7788
v -0.9204 2.4073 5.7857
v -0.9177 2.3831 5.7878
v -0.2299 2.4617 5.7809
v -0.2213 2.4546 5.7783
v -0.9245 2.3743 5.7853
v -0.9245 2.3718 5.7576
v -0.2213 2.4522 5.7506
v -0.9291 2.4114 5.7542
v -0.2259 2.4918 5.7471
v -0.9291 2.4139 5.7819
v -0.2259 2.4942 5.7749
v 1.3154 3.7149 3.1865
v 1.3154 3.7149 3.6025
v 1.3154 2.5544 3.6025
v 1.3154 2.5636 3.1865
v 1.3154 2.4889 4.0847
v 1.3154 1.6630 4.1187
v 1.3154 1.7559 3.1865
v 1.3304 3.5978 5.3780
v 1.3304 3.7055 4.8823
v 1.3104 3.7255 4.8838
v 1.3104 3.6155 5.3957
v 1.3304 3.3521 5.6525
v 1.3104 3.3551 5.6723
v 1.3304 2.3027 5.7654
v 1.3104 2.2682 5.7885
v 1.3104 2.4982 4.0949
v 1.3104 2.5636 3.6131
v 1.3304 2.5836 3.6331
v 1.3104 2.3040 5.5247
v 1.3104 3.7255 3.6131
v 1.3304 3.7055 3.6331
v 1.3104 3.4457 4.1384
v 1.3304 3.4657 4.1184
v 1.3304 3.4657 4.8771
v 1.3104 3.4457 4.8756
v 1.3104 2.6758 4.1384
v 1.3304 2.6558 4.1184
v 1.3304 2.4139 5.6818
v 1.3104 2.4339 5.6587
v 1.3304 3.3562 5.5789
v 1.3104 3.3388 5.5613
v 1.2609 3.3061 5.6795
v 1.2609 2.3171 5.7814
v 1.2251 3.2681 5.6669
v 1.2251 2.3499 5.7583
v 1.3104 1.5027 5.6212
v 1.3104 1.4860 5.7885
v 1.4226 1.2891 5.9007
v 1.3104 1.6513 4.1298
v 1.3104 1.7464 3.1759
v 1.4226 1.5495 3.1759
v -1.3166 3.6155 5.3957
v -1.3166 3.3551 5.6723
v -1.3166 3.7255 4.8838
v -1.2313 2.3499 5.7583
v -1.2672 2.3171 5.7814
v 1.3304 1.6695 4.1491
v 1.3304 1.5248 5.6012
v 1.3304 2.4752 4.1159
v 1.3304 2.2860 5.5087
v 1.3104 1.9292 5.6209
v 1.3304 1.9266 5.6009
v -1.2672 3.3061 5.6795
v -1.2313 3.2681 5.6669
v -1.3166 1.4860 5.7885
v -1.4288 1.2891 5.9007
v -1.3216 3.7149 3.1865
v -1.3216 2.5636 3.1865
v -1.3216 2.5544 3.6025
v -1.3216 3.7149 3.6025
v -1.3216 2.4889 4.0847
v -1.3216 1.7559 3.1865
v -1.3216 1.6630 4.1187
v -1.3366 3.5978 5.3780
v -1.3366 3.7055 4.8823
v -1.3366 3.3522 5.6525
v -1.3366 2.3027 5.7654
v -1.3166 2.2682 5.7885
v -1.3366 2.5836 3.6331
v -1.3166 2.5636 3.6131
v -1.3166 2.4982 4.0949
v -1.3166 2.3040 5.5247
v -1.3366 3.7055 3.6331
v -1.3166 3.7255 3.6131
v -1.3366 3.4657 4.8771
v -1.3366 3.4657 4.1184
v -1.3166 3.4457 4.1384
v -1.3166 3.4457 4.8756
v -1.3366 2.6558 4.1184
v -1.3166 2.6758 4.1384
v -1.3366 2.4139 5.6818
v -1.3166 2.4339 5.6587
v -1.3366 3.3562 5.5789
v -1.3166 3.3388 5.5613
v -1.3166 1.7464 3.1759
v -1.4288 1.5495 3.1759
v -1.3166 1.5027 5.6212
v -1.3166 1.6513 4.1298
v 1.3151 1.4966 5.7941
v 1.3159 2.2576 5.7928
v -1.3221 2.2576 5.7928
v -1.3213 1.4966 5.7941
v 1.3104 0.5902 5.7885
v 1.4226 0.7161 5.9007
v -1.4288 0.7161 5.9007
v -1.3166 0.5902 5.7885
v 1.4276 0.7267 5.9057
v 1.4279 1.2785 5.9052
v -1.4341 1.2785 5.9052
v -1.4338 0.7267 5.9057
v -1.3366 1.6695 4.1491
v -1.3366 1.5248 5.6012
v -1.3366 1.9267 5.6009
v -1.3366 2.2860 5.5087
v -1.3366 2.4752 4.1159
v -1.3216 1.9305 5.6315
v -1.3216 1.5122 5.6318
v -1.3216 2.2914 5.5389
v -1.3166 1.9292 5.6209
v -1.3166 0.5902 4.7173
v 1.3104 0.5902 4.7173
v -1.4288 1.1031 4.5521
v -1.4288 1.2675 4.3563
v 1.4226 1.2675 4.3563
v 1.4226 1.1031 4.5521
v -1.4288 1.3549 4.1161
v 1.4226 1.3549 4.1161
v -1.4288 1.3549 3.8604
v 1.4226 1.3549 3.8604
v -1.4288 1.2675 3.6202
v 1.4226 1.2675 3.6202
v -1.4288 1.1031 3.4243
v 1.4226 1.1031 3.4243
v 1.4226 0.8817 4.6800
v -1.4288 0.8817 4.6800
v -1.3520 0.6300 4.7243
v 1.3458 0.6300 4.7243
v 1.3154 1.5122 5.6317
v 1.3154 1.9305 5.6315
v 1.3154 2.2914 5.5389
v 1.3104 1.0473 3.1759
v -1.3166 1.0473 3.1759
v 1.3104 2.5636 3.1759
v 1.3104 3.7255 3.1759
v -1.3166 2.5636 3.1759
v -1.3166 3.7255 3.1759
v -1.4338 1.5378 3.1865
v -1.4338 1.0605 3.1865
v -1.4338 1.1129 3.4195
v -1.4338 1.2768 3.6148
v -1.4338 1.3655 3.8586
v -1.4338 1.3655 4.1179
v -1.4338 1.2768 4.3617
v -1.4338 0.8854 4.6900
v -1.4338 0.7267 4.7180
v -1.4338 1.1100 4.5604
v 1.4226 0.7161 4.7092
v -1.4288 0.7161 4.7092
v 1.4276 0.7267 4.7180
v 1.4276 0.8854 4.6900
v 1.4276 1.1100 4.5604
v 1.4276 1.2768 4.3617
v 1.4276 1.3655 4.1179
v 1.4276 1.5378 3.1865
v 1.4276 1.3655 3.8586
v 1.4276 1.2768 3.6148
v 1.4276 1.0605 3.1865
v 1.4276 1.1129 3.4195
v 1.4226 1.0473 3.1759
v -1.4288 1.0473 3.1759
v 1.2649 3.9770 3.8462
v 1.2649 4.0439 3.8837
v 1.2649 3.9688 3.8938
v 1.2649 3.9329 4.1039
v 1.2649 3.9882 4.1379
v 1.2649 3.9248 4.1515
v 1.2649 3.8900 4.3549
v 1.2649 3.9339 4.3855
v 1.2649 3.8818 4.4025
v 1.2649 3.8491 4.5940
v 1.2649 3.8821 4.6213
v 1.2649 3.8410 4.6415
v 1.3104 3.7255 4.8838
v 1.3304 3.7055 4.8823
v 1.3304 3.7055 3.6331
v -1.2711 3.9770 3.8462
v -1.2711 4.0439 3.8837
v -1.2711 4.0701 3.3016
v 1.2649 4.0701 3.3016
v -1.2711 3.9688 3.8938
v -1.2711 3.9329 4.1039
v -1.2711 3.9248 4.1515
v -1.2711 3.9882 4.1379
v -1.2711 3.8900 4.3549
v -1.2711 3.8818 4.4025
v -1.2711 3.9339 4.3855
v -1.2711 3.8491 4.5940
v -1.2711 3.8410 4.6415
v -1.2711 3.8821 4.6213
v -1.3366 3.7055 3.6331
v -1.3366 3.7055 4.8823
v -1.3166 3.7255 4.8838
v -1.2711 3.8070 4.8404
v 1.2649 3.8070 4.8404
v 1.4738 1.6441 -5.3889
v 1.4738 1.8924 -5.4044
v 1.4738 1.8924 -5.4531
v 1.4738 1.6441 -5.4687
v 1.5380 1.6520 -5.3973
v 1.5380 1.6520 -5.4602
v 1.5380 1.8845 -5.4456
v 1.5380 1.8845 -5.4119
v 1.5312 1.6441 -5.4687
v 1.5312 1.6441 -5.3889
v 1.5312 1.8924 -5.4531
v 1.5312 1.8924 -5.4044
v 1.4738 1.6441 1.9311
v 1.4738 1.8924 1.9156
v 1.4738 1.8924 1.8669
v 1.4738 1.6441 1.8513
v 1.5380 1.6520 1.9227
v 1.5380 1.6520 1.8598
v 1.5380 1.8845 1.8744
v 1.5380 1.8845 1.9081
v 1.5312 1.6441 1.8513
v 1.5312 1.6441 1.9311
v 1.5312 1.8924 1.8669
v 1.5312 1.8924 1.9156
v -1.5362 1.6441 1.9311
v -1.5362 1.6441 1.8513
v -1.5362 1.8924 1.8669
v -1.5362 1.8924 1.9156
v -1.6004 1.6520 1.9227
v -1.6004 1.8845 1.9081
v -1.6004 1.8845 1.8744
v -1.6004 1.6520 1.8598
v -1.5935 1.6441 1.9311
v -1.5935 1.6441 1.8513
v -1.5935 1.8924 1.8669
v -1.5935 1.8924 1.9156
v -1.5362 1.6441 1.4431
v -1.5362 1.6441 1.3633
v -1.5362 1.8924 1.3789
v -1.5362 1.8924 1.4276
v -1.6004 1.6520 1.4347
v -1.6004 1.8845 1.4201
v -1.6004 1.8845 1.3864
v -1.6004 1.6520 1.3718
v -1.5935 1.6441 1.4431
v -1.5935 1.6441 1.3633
v -1.5935 1.8924 1.3789
v -1.5935 1.8924 1.4276
v 1.4738 1.6441 1.4431
v 1.4738 1.8924 1.4276
v 1.4738 1.8924 1.3789
v 1.4738 1.6441 1.3633
v 1.5380 1.6520 1.4347
v 1.5380 1.6520 1.3718
v 1.5380 1.8845 1.3864
v 1.5380 1.8845 1.4201
v 1.5312 1.6441 1.3633
v 1.5312 1.6441 1.4431
v 1.5312 1.8924 1.3789
v 1.5312 1.8924 1.4276
v -1.5362 1.6441 0.9551
v -1.5362 1.6441 0.8753
v -1.5362 1.8924 0.8909
v -1.5362 1.8924 0.9396
v -1.6004 1.6520 0.9467
v -1.6004 1.8845 0.9321
v -1.6004 1.8845 0.8984
v -1.6004 1.6520 0.8838
v -1.5935 1.6441 0.9551
v -1.5935 1.6441 0.8753
v -1.5935 1.8924 0.8909
v -1.5935 1.8924 0.9396
v 1.4738 1.6441 0.9551
v 1.4738 1.8924 0.9396
v 1.4738 1.8924 0.8909
v 1.4738 1.6441 0.8753
v 1.5380 1.6520 0.9467
v 1.5380 1.6520 0.8838
v 1.5380 1.8845 0.8984
v 1.5380 1.8845 0.9321
v 1.5312 1.6441 0.8753
v 1.5312 1.6441 0.9551
v 1.5312 1.8924 0.8909
v 1.5312 1.8924 0.9396
v -1.5362 1.6441 0.4671
v -1.5362 1.6441 0.3873
v -1.5362 1.8924 0.4029
v -1.5362 1.8924 0.4516
v -1.6004 1.6520 0.4587
v -1.6004 1.8845 0.4441
v -1.6004 1.8845 0.4104
v -1.6004 1.6520 0.3958
v -1.5935 1.6441 0.4671
v -1.5935 1.6441 0.3873
v -1.5935 1.8924 0.4029
v -1.5935 1.8924 0.4516
v 1.4738 1.6441 0.4671
v 1.4738 1.8924 0.4516
v 1.4738 1.8924 0.4029
v 1.4738 1.6441 0.3873
v 1.5380 1.6520 0.4587
v 1.5380 1.6520 0.3958
v 1.5380 1.8845 0.4104
v 1.5380 1.8845 0.4441
v 1.5312 1.6441 0.3873
v 1.5312 1.6441 0.4671
v 1.5312 1.8924 0.4029
v 1.5312 1.8924 0.4516
v -1.5362 1.6441 -0.0209
v -1.5362 1.6441 -0.1007
v -1.5362 1.8924 -0.0851
v -1.5362 1.8924 -0.0364
v -1.6004 1.6520 -0.0293
v -1.6004 1.8845 -0.0439
v -1.6004 1.8845 -0.0776
v -1.6004 1.6520 -0.0922
v -1.5935 1.6441 -0.0209
v -1.5935 1.6441 -0.1007
v -1.5935 1.8924 -0.0851
v -1.5935 1.8924 -0.0364
v 1.4738 1.6441 -0.0209
v 1.4738 1.8924 -0.0364
v 1.4738 1.8924 -0.0851
v 1.4738 1.6441 -0.1007
v 1.5380 1.6520 -0.0293
v 1.5380 1.6520 -0.0922
v 1.5380 1.8845 -0.0776
v 1.5380 1.8845 -0.0439
v 1.5312 1.6441 -0.1007
v 1.5312 1.6441 -0.0209
v 1.5312 1.8924 -0.0851
v 1.5312 1.8924 -0.0364
v -1.5362 1.6441 -0.5089
v -1.5362 1.6441 -0.5887
v -1.5362 1.8924 -0.5731
v -1.5362 1.8924 -0.5244
v -1.6004 1.6520 -0.5173
v -1.6004 1.8845 -0.5319
v -1.6004 1.8845 -0.5656
v -1.6004 1.6520 -0.5802
v -1.5935 1.6441 -0.5089
v -1.5935 1.6441 -0.5887
v -1.5935 1.8924 -0.5731
v -1.5935 1.8924 -0.5244
v 1.4738 1.6441 -0.5089
v 1.4738 1.8924 -0.5244
v 1.4738 1.8924 -0.5731
v 1.4738 1.6441 -0.5887
v 1.5380 1.6520 -0.5173
v 1.5380 1.6520 -0.5802
v 1.5380 1.8845 -0.5656
v 1.5380 1.8845 -0.5319
v 1.5312 1.6441 -0.5887
v 1.5312 1.6441 -0.5089
v 1.5312 1.8924 -0.5731
v 1.5312 1.8924 -0.5244
v -1.5362 1.6441 -0.9969
v -1.5362 1.6441 -1.0767
v -1.5362 1.8924 -1.0611
v -1.5362 1.8924 -1.0124
v -1.6004 1.6520 -1.0053
v -1.6004 1.8845 -1.0199
v -1.6004 1.8845 -1.0536
v -1.6004 1.6520 -1.0682
v -1.5935 1.6441 -0.9969
v -1.5935 1.6441 -1.0767
v -1.5935 1.8924 -1.0611
v -1.5935 1.8924 -1.0124
v 1.4738 1.6441 -0.9969
v 1.4738 1.8924 -1.0124
v 1.4738 1.8924 -1.0611
v 1.4738 1.6441 -1.0767
v 1.5380 1.6520 -1.0053
v 1.5380 1.6520 -1.0682
v 1.5380 1.8845 -1.0536
v 1.5380 1.8845 -1.0199
v 1.5312 1.6441 -1.0767
v 1.5312 1.6441 -0.9969
v 1.5312 1.8924 -1.0611
v 1.5312 1.8924 -1.0124
v -1.5362 1.6441 -1.4849
v -1.5362 1.6441 -1.5647
v -1.5362 1.8924 -1.5491
v -1.5362 1.8924 -1.5004
v -1.6004 1.6520 -1.4933
v -1.6004 1.8845 -1.5079
v -1.6004 1.8845 -1.5416
v -1.6004 1.6520 -1.5562
v -1.5935 1.6441 -1.4849
v -1.5935 1.6441 -1.5647
v -1.5935 1.8924 -1.5491
v -1.5935 1.8924 -1.5004
v 1.4738 1.6441 -1.4849
v 1.4738 1.8924 -1.5004
v 1.4738 1.8924 -1.5491
v 1.4738 1.6441 -1.5647
v 1.5380 1.6520 -1.4933
v 1.5380 1.6520 -1.5562
v 1.5380 1.8845 -1.5416
v 1.5380 1.8845 -1.5079
v 1.5312 1.6441 -1.5647
v 1.5312 1.6441 -1.4849
v 1.5312 1.8924 -1.5491
v 1.5312 1.8924 -1.5004
v -1.5362 1.6441 -1.9729
v -1.5362 1.6441 -2.0527
v -1.5362 1.8924 -2.0371
v -1.5362 1.8924 -1.9884
v -1.6004 1.6520 -1.9813
v -1.6004 1.8845 -1.9959
v -1.6004 1.8845 -2.0296
v -1.6004 1.6520 -2.0442
v -1.5935 1.6441 -1.9729
v -1.5935 1.6441 -2.0527
v -1.5935 1.8924 -2.0371
v -1.5935 1.8924 -1.9884
v 1.4738 1.6441 -1.9729
v 1.4738 1.8924 -1.9884
v 1.4738 1.8924 -2.0371
v 1.4738 1.6441 -2.0527
v 1.5380 1.6520 -1.9813
v 1.5380 1.6520 -2.0442
v 1.5380 1.8845 -2.0296
v 1.5380 1.8845 -1.9959
v 1.5312 1.6441 -2.0527
v 1.5312 1.6441 -1.9729
v 1.5312 1.8924 -2.0371
v 1.5312 1.8924 -1.9884
v -1.5362 1.6441 -2.4609
v -1.5362 1.6441 -2.5407
v -1.5362 1.8924 -2.5251
v -1.5362 1.8924 -2.4764
v -1.6004 1.6520 -2.4693
v -1.6004 1.8845 -2.4839
v -1.6004 1.8845 -2.5176
v -1.6004 1.6520 -2.5322
v -1.5935 1.6441 -2.4609
v -1.5935 1.6441 -2.5407
v -1.5935 1.8924 -2.5251
v -1.5935 1.8924 -2.4764
v 1.4738 1.6441 -2.4609
v 1.4738 1.8924 -2.4764
v 1.4738 1.8924 -2.5251
v 1.4738 1.6441 -2.5407
v 1.5380 1.6520 -2.4693
v 1.5380 1.6520 -2.5322
v 1.5380 1.8845 -2.5176
v 1.5380 1.8845 -2.4839
v 1.5312 1.6441 -2.5407
v 1.5312 1.6441 -2.4609
v 1.5312 1.8924 -2.5251
v 1.5312 1.8924 -2.4764
v -1.5362 1.6441 -2.9489
v -1.5362 1.6441 -3.0287
v -1.5362 1.8924 -3.0131
v -1.5362 1.8924 -2.9644
v -1.6004 1.6520 -2.9573
v -1.6004 1.8845 -2.9719
v -1.6004 1.8845 -3.0056
v -1.6004 1.6520 -3.0202
v -1.5935 1.6441 -2.9489
v -1.5935 1.6441 -3.0287
v -1.5935 1.8924 -3.0131
v -1.5935 1.8924 -2.9644
v 1.4738 1.6441 -2.9489
v 1.4738 1.8924 -2.9644
v 1.4738 1.8924 -3.0131
v 1.4738 1.6441 -3.0287
v 1.5380 1.6520 -2.9573
v 1.5380 1.6520 -3.0202
v 1.5380 1.8845 -3.0056
v 1.5380 1.8845 -2.9719
v 1.5312 1.6441 -3.0287
v 1.5312 1.6441 -2.9489
v 1.5312 1.8924 -3.0131
v 1.5312 1.8924 -2.9644
v -1.5362 1.6441 -3.4369
v -1.5362 1.6441 -3.5167
v -1.5362 1.8924 -3.5011
v -1.5362 1.8924 -3.4524
v -1.6004 1.6520 -3.4453
v -1.6004 1.8845 -3.4599
v -1.6004 1.8845 -3.4936
v -1.6004 1.6520 -3.5082
v -1.5935 1.6441 -3.4369
v -1.5935 1.6441 -3.5167
v -1.5935 1.8924 -3.5011
v -1.5935 1.8924 -3.4524
v 1.4738 1.6441 -3.4369
v 1.4738 1.8924 -3.4524
v 1.4738 1.8924 -3.5011
v 1.4738 1.6441 -3.5167
v 1.5380 1.6520 -3.4453
v 1.5380 1.6520 -3.5082
v 1.5380 1.8845 -3.4936
v 1.5380 1.8845 -3.4599
v 1.5312 1.6441 -3.5167
v 1.5312 1.6441 -3.4369
v 1.5312 1.8924 -3.5011
v 1.5312 1.8924 -3.4524
v -1.5362 1.6441 -3.9249
v -1.5362 1.6441 -4.0047
v -1.5362 1.8924 -3.9891
v -1.5362 1.8924 -3.9404
v -1.6004 1.6520 -3.9333
v -1.6004 1.8845 -3.9479
v -1.6004 1.8845 -3.9816
v -1.6004 1.6520 -3.9962
v -1.5935 1.6441 -3.9249
v -1.5935 1.6441 -4.0047
v -1.5935 1.8924 -3.9891
v -1.5935 1.8924 -3.9404
v 1.4738 1.6441 -3.9249
v 1.4738 1.8924 -3.9404
v 1.4738 1.8924 -3.9891
v 1.4738 1.6441 -4.0047
v 1.5380 1.6520 -3.9333
v 1.5380 1.6520 -3.9962
v 1.5380 1.8845 -3.9816
v 1.5380 1.8845 -3.9479
v 1.5312 1.6441 -4.0047
v 1.5312 1.6441 -3.9249
v 1.5312 1.8924 -3.9891
v 1.5312 1.8924 -3.9404
v -1.5362 1.6441 -4.4129
v -1.5362 1.6441 -4.4927
v -1.5362 1.8924 -4.4771
v -1.5362 1.8924 -4.4284
v -1.6004 1.6520 -4.4213
v -1.6004 1.8845 -4.4359
v -1.6004 1.8845 -4.4696
v -1.6004 1.6520 -4.4842
v -1.5935 1.6441 -4.4129
v -1.5935 1.6441 -4.4927
v -1.5935 1.8924 -4.4771
v -1.5935 1.8924 -4.4284
v 1.4738 1.6441 -4.4129
v 1.4738 1.8924 -4.4284
v 1.4738 1.8924 -4.4771
v 1.4738 1.6441 -4.4927
v 1.5380 1.6520 -4.4213
v 1.5380 1.6520 -4.4842
v 1.5380 1.8845 -4.4696
v 1.5380 1.8845 -4.4359
v 1.5312 1.6441 -4.4927
v 1.5312 1.6441 -4.4129
v 1.5312 1.8924 -4.4771
v 1.5312 1.8924 -4.4284
v -1.5362 1.6441 -4.9009
v -1.5362 1.6441 -4.9807
v -1.5362 1.8924 -4.9651
v -1.5362 1.8924 -4.9164
v -1.6004 1.6520 -4.9093
v -1.6004 1.8845 -4.9239
v -1.6004 1.8845 -4.9576
v -1.6004 1.6520 -4.9722
v -1.5935 1.6441 -4.9009
v -1.5935 1.6441 -4.9807
v -1.5935 1.8924 -4.9651
v -1.5935 1.8924 -4.9164
v 1.4738 1.6441 -4.9009
v 1.4738 1.8924 -4.9164
v 1.4738 1.8924 -4.9651
v 1.4738 1.6441 -4.9807
v 1.5380 1.6520 -4.9093
v 1.5380 1.6520 -4.9722
v 1.5380 1.8845 -4.9576
v 1.5380 1.8845 -4.9239
v 1.5312 1.6441 -4.9807
v 1.5312 1.6441 -4.9009
v 1.5312 1.8924 -4.9651
v 1.5312 1.8924 -4.9164
v -1.5362 1.6441 -5.3889
v -1.5362 1.6441 -5.4687
v -1.5362 1.8924 -5.4531
v -1.5362 1.8924 -5.4044
v -1.6004 1.6520 -5.3973
v -1.6004 1.8845 -5.4119
v -1.6004 1.8845 -5.4456
v -1.6004 1.6520 -5.4602
v -1.5935 1.6441 -5.3889
v -1.5935 1.6441 -5.4687
v -1.5935 1.8924 -5.4531
v -1.5935 1.8924 -5.4044
v -1.4386 2.0548 -5.9411
v -1.4386 2.0548 -5.9980
v -1.4386 1.9486 -5.9980
v -1.4386 1.9486 -5.9411
v 1.3840 1.9486 -5.9980
v 1.3840 2.0548 -5.9980
v 1.3840 2.0548 -5.9411
v 1.3840 1.9486 -5.9411
v -1.4282 1.9383 -5.9980
v 1.3737 1.9383 -5.9980
v 1.3737 1.9383 -5.9411
v -1.4282 1.9383 -5.9411
v -1.4282 2.0548 -6.0084
v 1.3737 2.0548 -6.0084
v 1.3737 1.9486 -6.0084
v -1.4282 1.9486 -6.0084
v -1.4282 2.0651 -5.9411
v 1.3737 2.0651 -5.9411
v 1.3737 2.0651 -5.9980
v -1.4282 2.0651 -5.9980
v -1.4282 1.9486 -5.9307
v 1.3737 1.9486 -5.9307
v 1.3737 2.0548 -5.9307
v -1.4282 2.0548 -5.9307
v -1.4386 1.8989 -5.9411
v -1.4386 1.8989 -5.9980
v -1.4386 1.7927 -5.9980
v -1.4386 1.7927 -5.9411
v 1.3840 1.7927 -5.9980
v 1.3840 1.8989 -5.9980
v 1.3840 1.8989 -5.9411
v 1.3840 1.7927 -5.9411
v -1.4282 1.7824 -5.9980
v 1.3737 1.7824 -5.9980
v 1.3737 1.7824 -5.9411
v -1.4282 1.7824 -5.9411
v -1.4282 1.8989 -6.0084
v 1.3737 1.8989 -6.0084
v 1.3737 1.7927 -6.0084
v -1.4282 1.7927 -6.0084
v -1.4282 1.9093 -5.9411
v 1.3737 1.9093 -5.9411
v 1.3737 1.9093 -5.9980
v -1.4282 1.9093 -5.9980
v -1.4282 1.7927 -5.9307
v 1.3737 1.7927 -5.9307
v 1.3737 1.8989 -5.9307
v -1.4282 1.8989 -5.9307
v -1.4386 1.7431 -5.9411
v -1.4386 1.7431 -5.9980
v -1.4386 1.6369 -5.9980
v -1.4386 1.6369 -5.9411
v 1.3840 1.6369 -5.9980
v 1.3840 1.7431 -5.9980
v 1.3840 1.7431 -5.9411
v 1.3840 1.6369 -5.9411
v -1.4282 1.6265 -5.9980
v 1.3737 1.6265 -5.9980
v 1.3737 1.6265 -5.9411
v -1.4282 1.6265 -5.9411
v -1.4282 1.7431 -6.0084
v 1.3737 1.7431 -6.0084
v 1.3737 1.6369 -6.0084
v -1.4282 1.6369 -6.0084
v -1.4282 1.7534 -5.9411
v 1.3737 1.7534 -5.9411
v 1.3737 1.7534 -5.9980
v -1.4282 1.7534 -5.9980
v -1.4282 1.6369 -5.9307
v 1.3737 1.6369 -5.9307
v 1.3737 1.7431 -5.9307
v -1.4282 1.7431 -5.9307
v -0.6859 1.6113 -5.9305
v -0.6859 1.6113 -6.0107
v -0.5994 1.6113 -6.0107
v -0.5994 1.6113 -5.9305
v -0.5994 2.0923 -6.0107
v -0.6859 2.0923 -6.0107
v -0.6859 2.0923 -5.9305
v -0.5994 2.0923 -5.9305
v -0.5890 1.6216 -6.0107
v -0.5890 2.0820 -6.0107
v -0.5890 2.0820 -5.9305
v -0.5890 1.6216 -5.9305
v -0.6859 1.6216 -6.0211
v -0.6859 2.0820 -6.0211
v -0.5994 2.0820 -6.0211
v -0.5994 1.6216 -6.0211
v -0.6963 1.6216 -5.9305
v -0.6963 2.0820 -5.9305
v -0.6963 2.0820 -6.0107
v -0.6963 1.6216 -6.0107
v -0.5994 1.6216 -5.9201
v -0.5994 2.0820 -5.9201
v -0.6859 2.0820 -5.9201
v -0.6859 1.6216 -5.9201
v -1.3128 1.6113 -5.9305
v -1.3128 1.6113 -6.0107
v -1.2262 1.6113 -6.0107
v -1.2262 1.6113 -5.9305
v -1.2262 2.0923 -6.0107
v -1.3128 2.0923 -6.0107
v -1.3128 2.0923 -5.9305
v -1.2262 2.0923 -5.9305
v -1.2158 1.6216 -6.0107
v -1.2158 2.0820 -6.0107
v -1.2158 2.0820 -5.9305
v -1.2158 1.6216 -5.9305
v -1.3128 1.6216 -6.0211
v -1.3128 2.0820 -6.0211
v -1.2262 2.0820 -6.0211
v -1.2262 1.6216 -6.0211
v -1.3231 1.6216 -5.9305
v -1.3231 2.0820 -5.9305
v -1.3231 2.0820 -6.0107
v -1.3231 1.6216 -6.0107
v -1.2262 1.6216 -5.9201
v -1.2262 2.0820 -5.9201
v -1.3128 2.0820 -5.9201
v -1.3128 1.6216 -5.9201
v 0.5426 1.6113 -5.9305
v 0.5426 1.6113 -6.0107
v 0.6292 1.6113 -6.0107
v 0.6292 1.6113 -5.9305
v 0.6292 2.0923 -6.0107
v 0.5426 2.0923 -6.0107
v 0.5426 2.0923 -5.9305
v 0.6292 2.0923 -5.9305
v 0.6396 1.6216 -6.0107
v 0.6396 2.0820 -6.0107
v 0.6396 2.0820 -5.9305
v 0.6396 1.6216 -5.9305
v 0.5426 1.6216 -6.0211
v 0.5426 2.0820 -6.0211
v 0.6292 2.0820 -6.0211
v 0.6292 1.6216 -6.0211
v 0.5323 1.6216 -5.9305
v 0.5323 2.0820 -5.9305
v 0.5323 2.0820 -6.0107
v 0.5323 1.6216 -6.0107
v 0.6292 1.6216 -5.9201
v 0.6292 2.0820 -5.9201
v 0.5426 2.0820 -5.9201
v 0.5426 1.6216 -5.9201
v 1.1695 1.6113 -5.9305
v 1.1695 1.6113 -6.0107
v 1.2560 1.6113 -6.0107
v 1.2560 1.6113 -5.9305
v 1.2560 2.0923 -6.0107
v 1.1695 2.0923 -6.0107
v 1.1695 2.0923 -5.9305
v 1.2560 2.0923 -5.9305
v 1.2664 1.6216 -6.0107
v 1.2664 2.0820 -6.0107
v 1.2664 2.0820 -5.9305
v 1.2664 1.6216 -5.9305
v 1.1695 1.6216 -6.0211
v 1.1695 2.0820 -6.0211
v 1.2560 2.0820 -6.0211
v 1.2560 1.6216 -6.0211
v 1.1591 1.6216 -5.9305
v 1.1591 2.0820 -5.9305
v 1.1591 2.0820 -6.0107
v 1.1591 1.6216 -6.0107
v 1.2560 1.6216 -5.9201
v 1.2560 2.0820 -5.9201
v 1.1695 2.0820 -5.9201
v 1.1695 1.6216 -5.9201
v -1.2270 2.0008 -2.6922
v -1.2010 2.0982 -2.6922
v -1.1736 2.0790 -2.6922
v -1.1937 2.0038 -2.6922
v -1.1185 2.1559 -2.6922
v -1.1098 2.1236 -2.6922
v -1.0181 2.1472 -2.6922
v -1.0322 2.1168 -2.6922
v -0.9469 2.0759 -2.6922
v -0.9772 2.0618 -2.6922
v -0.9381 1.9756 -2.6922
v -0.9704 1.9842 -2.6922
v -0.9959 1.8930 -2.6922
v -1.0151 1.9204 -2.6922
v -1.0932 1.8670 -2.6922
v -1.0903 1.9003 -2.6922
v -1.1845 1.9095 -2.6922
v -1.1608 1.9332 -2.6922
v -1.1910 2.0040 -2.6822
v -1.1713 2.0774 -2.6822
v -1.1568 2.0672 -2.6645
v -1.1733 2.0055 -2.6645
v -1.1091 2.1210 -2.6822
v -1.1045 2.1038 -2.6645
v -1.0334 2.1144 -2.6822
v -1.0409 2.0983 -2.6645
v -0.9797 2.0606 -2.6822
v -0.9958 2.0531 -2.6645
v -0.9730 1.9849 -2.6822
v -0.9902 1.9895 -2.6645
v -1.0166 1.9227 -2.6822
v -1.0268 1.9372 -2.6645
v -1.0900 1.9030 -2.6822
v -1.0885 1.9207 -2.6645
v -1.1589 1.9351 -2.6822
v -1.1463 1.9477 -2.6645
v -1.2298 2.0006 -2.6822
v -1.2032 2.0997 -2.6822
v -1.1192 2.1586 -2.6822
v -1.0169 2.1496 -2.6822
v -0.9444 2.0771 -2.6822
v -0.9354 1.9749 -2.6822
v -0.9943 1.8908 -2.6822
v -1.0934 1.8643 -2.6822
v -1.1864 1.9076 -2.6822
v -1.1224 2.1708 -2.0496
v -1.0202 2.1619 -2.0736
v -0.9444 2.0771 -2.1009
v -0.9354 1.9749 -2.1009
v -1.2270 2.0008 -0.6538
v -1.1937 2.0038 -0.6538
v -1.1736 2.0790 -0.6538
v -1.2010 2.0982 -0.6538
v -1.1098 2.1236 -0.6538
v -1.1185 2.1559 -0.6538
v -1.0322 2.1168 -0.6538
v -1.0181 2.1472 -0.6538
v -0.9772 2.0618 -0.6538
v -0.9469 2.0759 -0.6538
v -0.9704 1.9842 -0.6538
v -0.9381 1.9756 -0.6538
v -1.0151 1.9204 -0.6538
v -0.9959 1.8930 -0.6538
v -1.0903 1.9003 -0.6538
v -1.0932 1.8670 -0.6538
v -1.1608 1.9332 -0.6538
v -1.1845 1.9095 -0.6538
v -1.1910 2.0040 -0.6638
v -1.1733 2.0056 -0.7297
v -1.1568 2.0672 -0.7297
v -1.1713 2.0774 -0.6638
v -1.1045 2.1038 -0.7297
v -1.1091 2.1210 -0.6638
v -1.0409 2.0983 -0.7297
v -1.0334 2.1144 -0.6638
v -0.9958 2.0531 -0.7297
v -0.9797 2.0606 -0.6638
v -0.9902 1.9895 -0.7297
v -0.9730 1.9849 -0.6638
v -1.0268 1.9372 -0.7297
v -1.0166 1.9227 -0.6638
v -1.0885 1.9207 -0.7297
v -1.0900 1.9030 -0.6638
v -1.1463 1.9477 -0.7297
v -1.1589 1.9351 -0.6638
v -1.2298 2.0006 -0.6638
v -1.2032 2.0997 -0.6638
v -1.1192 2.1586 -0.6638
v -1.0169 2.1496 -0.6638
v -0.9444 2.0771 -0.6638
v -0.9354 1.9749 -0.6638
v -0.9943 1.8908 -0.6638
v -1.0934 1.8643 -0.6638
v -1.1864 1.9076 -0.6638
v -1.2298 2.0006 -2.1009
v -1.2065 2.1120 -2.0736
v -0.9943 1.8908 -2.1009
v -1.0934 1.8643 -2.1009
v -1.1864 1.9076 -2.1009
v -1.1149 2.1426 -1.3859
v -1.0239 2.1347 -1.3859
v -0.9593 2.0701 -1.3859
v -0.9514 1.9791 -1.3859
v -1.2133 2.0020 -1.3859
v -1.1897 2.0903 -1.3859
v -1.0038 1.9043 -1.3859
v -1.0920 1.8807 -1.3859
v -1.1747 1.9193 -1.3859
v -0.9319 2.0363 -0.8051
v -0.8979 2.0303 -0.8051
v -0.8577 2.0999 -0.8051
v -0.8799 2.1264 -0.8051
v -0.7822 2.1274 -0.8051
v -0.7822 2.1620 -0.8051
v -0.7067 2.0999 -0.8051
v -0.6845 2.1264 -0.8051
v -0.6665 2.0303 -0.8051
v -0.6325 2.0363 -0.8051
v -0.6804 1.9512 -0.8051
v -0.6505 1.9339 -0.8051
v -0.7420 1.8995 -0.8051
v -0.7302 1.8671 -0.8051
v -0.8224 1.8995 -0.8051
v -0.8342 1.8671 -0.8051
v -0.8840 1.9512 -0.8051
v -0.9139 1.9339 -0.8051
v -0.8951 2.0298 -0.8154
v -0.8771 2.0267 -0.8568
v -0.8441 2.0837 -0.8568
v -0.8559 2.0978 -0.8154
v -0.7822 2.1063 -0.8568
v -0.7822 2.1246 -0.8154
v -0.7203 2.0837 -0.8568
v -0.7085 2.0978 -0.8154
v -0.6873 2.0267 -0.8568
v -0.6692 2.0298 -0.8154
v -0.6988 1.9618 -0.8568
v -0.6829 1.9526 -0.8154
v -0.7492 1.9194 -0.8568
v -0.7430 1.9022 -0.8154
v -0.8151 1.9194 -0.8568
v -0.8214 1.9022 -0.8154
v -0.8656 1.9618 -0.8568
v -0.8815 1.9526 -0.8154
v -0.9347 2.0368 -0.8154
v -0.8817 2.1286 -0.8154
v -0.7822 2.1648 -0.8154
v -0.6826 2.1286 -0.8154
v -0.6297 2.0368 -0.8154
v -0.6481 1.9325 -0.8154
v -0.7292 1.8644 -0.8154
v -0.8352 1.8644 -0.8154
v -0.9163 1.9325 -0.8154
v -0.6954 2.1031 -1.2990
v -0.7822 2.1347 -1.2922
v -0.6492 2.0117 -1.3141
v -0.6653 1.9386 -1.3294
v -0.9272 2.0468 -2.9047
v -0.8769 2.1341 -2.9047
v -0.8554 2.1084 -2.9047
v -0.8943 2.0410 -2.9047
v -0.7822 2.1685 -2.9047
v -0.7822 2.1351 -2.9047
v -0.6875 2.1341 -2.9047
v -0.7090 2.1084 -2.9047
v -0.6372 2.0468 -2.8879
v -0.6701 2.0410 -2.8879
v -0.6546 1.9476 -2.8879
v -0.6836 1.9643 -2.8879
v -0.7318 1.8828 -2.8879
v -0.7433 1.9143 -2.8879
v -0.8326 1.8828 -2.9047
v -0.8211 1.9143 -2.9047
v -0.9097 1.9476 -2.9047
v -0.8808 1.9643 -2.9047
v -0.8916 2.0405 -2.8947
v -0.8536 2.1063 -2.8947
v -0.8422 2.0927 -2.8288
v -0.8741 2.0374 -2.8288
v -0.7822 2.1323 -2.8947
v -0.7822 2.1146 -2.8288
v -0.7108 2.1063 -2.8947
v -0.7222 2.0927 -2.8288
v -0.6728 2.0405 -2.8779
v -0.6903 2.0374 -2.8120
v -0.6860 1.9657 -2.8779
v -0.7014 1.9746 -2.8120
v -0.7442 1.9168 -2.8779
v -0.7503 1.9335 -2.8120
v -0.8202 1.9168 -2.8947
v -0.8141 1.9335 -2.8288
v -0.8784 1.9657 -2.8947
v -0.8630 1.9746 -2.8288
v -0.9299 2.0473 -2.8947
v -0.8786 2.1361 -2.8947
v -0.7822 2.1712 -2.8947
v -0.6858 2.1361 -2.8947
v -0.6345 2.0473 -2.8779
v -0.6523 1.9462 -2.8779
v -0.7309 1.8803 -2.8779
v -0.8335 1.8803 -2.8947
v -0.9121 1.9462 -2.8947
v -0.8690 2.1031 -1.2990
v -0.9151 2.0117 -1.3141
v -0.7360 1.8792 -1.3455
v -0.8284 1.8792 -1.3455
v -0.8991 1.9386 -1.3294
v -0.6964 2.1276 -2.3742
v -0.7822 2.1588 -2.4027
v -0.6507 2.0444 -2.3614
v -0.6666 1.9545 -2.3614
v -0.8680 2.1276 -2.3742
v -0.9137 2.0444 -2.3614
v -0.7365 1.8958 -2.3614
v -0.8278 1.8958 -2.3614
v -0.8978 1.9545 -2.3614
v -1.3755 1.7819 -2.8449
v -1.3251 1.8691 -2.8449
v -1.3036 1.8435 -2.8449
v -1.3425 1.7761 -2.8449
v -1.2304 1.9036 -2.8449
v -1.2304 1.8701 -2.8449
v -1.1358 1.8691 -2.8449
v -1.1573 1.8435 -2.8449
v -1.0854 1.7819 -2.8449
v -1.1183 1.7761 -2.8449
v -1.1029 1.6827 -2.8449
v -1.1319 1.6994 -2.8449
v -1.1801 1.6179 -2.8449
v -1.1915 1.6494 -2.8449
v -1.2808 1.6179 -2.8449
v -1.2694 1.6494 -2.8449
v -1.3580 1.6827 -2.8449
v -1.3290 1.6994 -2.8449
v -1.3398 1.7756 -2.8349
v -1.3018 1.8414 -2.8349
v -1.2904 1.8278 -2.8173
v -1.3223 1.7725 -2.8173
v -1.2304 1.8674 -2.8349
v -1.2304 1.8496 -2.8173
v -1.1590 1.8414 -2.8349
v -1.1704 1.8278 -2.8173
v -1.1210 1.7756 -2.8349
v -1.1385 1.7725 -2.8173
v -1.1342 1.7008 -2.8349
v -1.1496 1.7097 -2.8173
v -1.1924 1.6519 -2.8349
v -1.1985 1.6686 -2.8173
v -1.2684 1.6519 -2.8349
v -1.2623 1.6686 -2.8173
v -1.3266 1.7008 -2.8349
v -1.3112 1.7097 -2.8173
v -1.3781 1.7824 -2.8349
v -1.3268 1.8712 -2.8349
v -1.2304 1.9063 -2.8349
v -1.1340 1.8712 -2.8349
v -1.0827 1.7824 -2.8349
v -1.1005 1.6813 -2.8349
v -1.1791 1.6154 -2.8349
v -1.2817 1.6154 -2.8349
v -1.3603 1.6813 -2.8349
v -1.2304 1.9190 -2.2024
v -1.1340 1.8839 -2.2263
v -1.0827 1.7824 -2.2536
v -1.1005 1.6813 -2.2536
v -1.3755 1.7819 -0.5087
v -1.3425 1.7761 -0.5087
v -1.3036 1.8435 -0.5087
v -1.3251 1.8691 -0.5087
v -1.2304 1.8701 -0.5087
v -1.2304 1.9036 -0.5087
v -1.1573 1.8435 -0.5087
v -1.1358 1.8691 -0.5087
v -1.1183 1.7761 -0.5087
v -1.0854 1.7819 -0.5087
v -1.1318 1.6994 -0.5087
v -1.1029 1.6827 -0.5087
v -1.1915 1.6494 -0.5087
v -1.1801 1.6179 -0.5087
v -1.2694 1.6494 -0.5087
v -1.2808 1.6179 -0.5087
v -1.3290 1.6994 -0.5087
v -1.3580 1.6827 -0.5087
v -1.3398 1.7756 -0.5187
v -1.3223 1.7725 -0.5846
v -1.2904 1.8278 -0.5846
v -1.3018 1.8414 -0.5187
v -1.2304 1.8496 -0.5846
v -1.2304 1.8674 -0.5187
v -1.1704 1.8278 -0.5846
v -1.1590 1.8414 -0.5187
v -1.1385 1.7725 -0.5846
v -1.1210 1.7756 -0.5187
v -1.1496 1.7097 -0.5846
v -1.1342 1.7008 -0.5187
v -1.1985 1.6686 -0.5846
v -1.1924 1.6519 -0.5187
v -1.2623 1.6686 -0.5846
v -1.2684 1.6519 -0.5187
v -1.3112 1.7097 -0.5846
v -1.3266 1.7008 -0.5187
v -1.3781 1.7824 -0.5187
v -1.3268 1.8712 -0.5187
v -1.2304 1.9063 -0.5187
v -1.1340 1.8712 -0.5187
v -1.0827 1.7824 -0.5187
v -1.1005 1.6813 -0.5187
v -1.1791 1.6154 -0.5187
v -1.2817 1.6154 -0.5187
v -1.3603 1.6813 -0.5187
v -1.3781 1.7824 -2.2536
v -1.3268 1.8839 -2.2263
v -1.1791 1.6154 -2.2536
v -1.2817 1.6154 -2.2536
v -1.3603 1.6813 -2.2536
v -1.2304 1.8898 -1.2407
v -1.1446 1.8586 -1.2407
v -1.0989 1.7795 -1.2407
v -1.1148 1.6896 -1.2407
v -1.3619 1.7795 -1.2407
v -1.3162 1.8586 -1.2407
v -1.1848 1.6309 -1.2407
v -1.2761 1.6309 -1.2407
v -1.3460 1.6896 -1.2407
v -1.2760 1.7819 -5.3510
v -1.2256 1.8691 -5.3510
v -1.2041 1.8435 -5.3510
v -1.2430 1.7761 -5.3510
v -1.1309 1.9036 -5.3510
v -1.1309 1.8701 -5.3510
v -1.0363 1.8691 -5.3510
v -1.0578 1.8435 -5.3510
v -0.9859 1.7819 -5.3510
v -1.0188 1.7761 -5.3510
v -1.0034 1.6827 -5.3510
v -1.0324 1.6994 -5.3510
v -1.0806 1.6179 -5.3510
v -1.0920 1.6494 -5.3510
v -1.1813 1.6179 -5.3510
v -1.1699 1.6494 -5.3510
v -1.2585 1.6827 -5.3510
v -1.2295 1.6994 -5.3510
v -1.2403 1.7756 -5.3410
v -1.2023 1.8414 -5.3410
v -1.1909 1.8278 -5.3233
v -1.2228 1.7725 -5.3233
v -1.1309 1.8674 -5.3410
v -1.1309 1.8496 -5.3233
v -1.0595 1.8414 -5.3410
v -1.0709 1.8278 -5.3233
v -1.0215 1.7756 -5.3410
v -1.0390 1.7725 -5.3233
v -1.0347 1.7008 -5.3410
v -1.0501 1.7097 -5.3233
v -1.0929 1.6519 -5.3410
v -1.0990 1.6686 -5.3233
v -1.1689 1.6519 -5.3410
v -1.1628 1.6686 -5.3233
v -1.2271 1.7008 -5.3410
v -1.2117 1.7097 -5.3233
v -1.2786 1.7824 -5.3410
v -1.2273 1.8712 -5.3410
v -1.1309 1.9063 -5.3410
v -1.0345 1.8712 -5.3410
v -0.9832 1.7824 -5.3410
v -1.0010 1.6813 -5.3410
v -1.0796 1.6154 -5.3410
v -1.1822 1.6154 -5.3410
v -1.2608 1.6813 -5.3410
v -1.1309 1.9190 -4.7084
v -1.0345 1.8839 -4.7324
v -0.9832 1.7824 -4.7597
v -1.0010 1.6813 -4.7597
v -1.2760 1.7819 -3.0147
v -1.2430 1.7761 -3.0147
v -1.2041 1.8435 -3.0147
v -1.2256 1.8691 -3.0147
v -1.1309 1.8701 -3.0147
v -1.1309 1.9036 -3.0147
v -1.0578 1.8435 -3.0147
v -1.0363 1.8691 -3.0147
v -1.0188 1.7761 -3.0147
v -0.9859 1.7819 -3.0147
v -1.0324 1.6994 -3.0147
v -1.0034 1.6827 -3.0147
v -1.0920 1.6494 -3.0147
v -1.0806 1.6179 -3.0147
v -1.1699 1.6494 -3.0147
v -1.1813 1.6179 -3.0147
v -1.2295 1.6994 -3.0147
v -1.2585 1.6827 -3.0147
v -1.2403 1.7756 -3.0247
v -1.2228 1.7725 -3.0906
v -1.1909 1.8278 -3.0906
v -1.2023 1.8414 -3.0247
v -1.1309 1.8496 -3.0906
v -1.1309 1.8674 -3.0247
v -1.0709 1.8278 -3.0906
v -1.0595 1.8414 -3.0247
v -1.0390 1.7725 -3.0906
v -1.0215 1.7756 -3.0247
v -1.0501 1.7097 -3.0906
v -1.0347 1.7008 -3.0247
v -1.0990 1.6686 -3.0906
v -1.0929 1.6519 -3.0247
v -1.1628 1.6686 -3.0906
v -1.1689 1.6519 -3.0247
v -1.2117 1.7097 -3.0906
v -1.2271 1.7008 -3.0247
v -1.2786 1.7824 -3.0247
v -1.2273 1.8712 -3.0247
v -1.1309 1.9063 -3.0247
v -1.0345 1.8712 -3.0247
v -0.9832 1.7824 -3.0247
v -1.0010 1.6813 -3.0247
v -1.0796 1.6154 -3.0247
v -1.1822 1.6154 -3.0247
v -1.2608 1.6813 -3.0247
v -1.2786 1.7824 -4.7597
v -1.2273 1.8839 -4.7324
v -1.0796 1.6154 -4.7597
v -1.1822 1.6154 -4.7597
v -1.2608 1.6813 -4.7597
v -1.1309 1.8898 -3.7468
v -1.0451 1.8586 -3.7468
v -0.9995 1.7795 -3.7468
v -1.0153 1.6896 -3.7468
v -1.2624 1.7795 -3.7468
v -1.2167 1.8586 -3.7468
v -1.0853 1.6309 -3.7468
v -1.1766 1.6309 -3.7468
v -1.2465 1.6896 -3.7468
v -1.1276 2.0008 -5.1983
v -1.1015 2.0982 -5.1983
v -1.0741 2.0790 -5.1983
v -1.0942 2.0038 -5.1983
v -1.0190 2.1559 -5.1983
v -1.0103 2.1236 -5.1983
v -0.9186 2.1472 -5.1983
v -0.9327 2.1168 -5.1983
v -0.8474 2.0759 -5.1983
v -0.8777 2.0618 -5.1983
v -0.8386 1.9756 -5.1983
v -0.8709 1.9842 -5.1983
v -0.8964 1.8930 -5.1983
v -0.9156 1.9204 -5.1983
v -0.9937 1.8670 -5.1983
v -0.9908 1.9003 -5.1983
v -1.0850 1.9095 -5.1983
v -1.0613 1.9332 -5.1983
v -1.0915 2.0040 -5.1883
v -1.0718 2.0774 -5.1883
v -1.0573 2.0672 -5.1706
v -1.0738 2.0055 -5.1706
v -1.0096 2.1210 -5.1883
v -1.0050 2.1038 -5.1706
v -0.9339 2.1144 -5.1883
v -0.9414 2.0983 -5.1706
v -0.8802 2.0606 -5.1883
v -0.8963 2.0531 -5.1706
v -0.8735 1.9849 -5.1883
v -0.8907 1.9895 -5.1706
v -0.9171 1.9227 -5.1883
v -0.9273 1.9372 -5.1706
v -0.9905 1.9030 -5.1883
v -0.9890 1.9207 -5.1706
v -1.0594 1.9351 -5.1883
v -1.0468 1.9477 -5.1706
v -1.1303 2.0006 -5.1883
v -1.1037 2.0997 -5.1883
v -1.0197 2.1586 -5.1883
v -0.9175 2.1496 -5.1883
v -0.8449 2.0771 -5.1883
v -0.8360 1.9749 -5.1883
v -0.8948 1.8908 -5.1883
v -0.9939 1.8643 -5.1883
v -1.0869 1.9076 -5.1883
v -1.0229 2.1708 -4.5557
v -0.9207 2.1619 -4.5796
v -0.8449 2.0771 -4.6070
v -0.8360 1.9749 -4.6070
v -1.1276 2.0008 -3.1599
v -1.0942 2.0038 -3.1599
v -1.0741 2.0790 -3.1599
v -1.1015 2.0982 -3.1599
v -1.0103 2.1236 -3.1599
v -1.0190 2.1559 -3.1599
v -0.9327 2.1168 -3.1599
v -0.9186 2.1472 -3.1599
v -0.8777 2.0618 -3.1599
v -0.8474 2.0759 -3.1599
v -0.8709 1.9842 -3.1599
v -0.8386 1.9756 -3.1599
v -0.9156 1.9204 -3.1599
v -0.8964 1.8930 -3.1599
v -0.9908 1.9003 -3.1599
v -0.9937 1.8670 -3.1599
v -1.0613 1.9332 -3.1599
v -1.0850 1.9095 -3.1599
v -1.0915 2.0040 -3.1699
v -1.0738 2.0055 -3.2358
v -1.0573 2.0672 -3.2358
v -1.0718 2.0774 -3.1699
v -1.0050 2.1038 -3.2358
v -1.0096 2.1210 -3.1699
v -0.9414 2.0983 -3.2358
v -0.9339 2.1144 -3.1699
v -0.8963 2.0531 -3.2358
v -0.8802 2.0606 -3.1699
v -0.8907 1.9895 -3.2358
v -0.8735 1.9849 -3.1699
v -0.9273 1.9372 -3.2358
v -0.9171 1.9227 -3.1699
v -0.9890 1.9207 -3.2358
v -0.9905 1.9030 -3.1699
v -1.0468 1.9477 -3.2358
v -1.0594 1.9351 -3.1699
v -1.1303 2.0006 -3.1699
v -1.1037 2.0997 -3.1699
v -1.0197 2.1586 -3.1699
v -0.9174 2.1496 -3.1699
v -0.8449 2.0771 -3.1699
v -0.8360 1.9749 -3.1699
v -0.8948 1.8908 -3.1699
v -0.9939 1.8643 -3.1699
v -1.0869 1.9076 -3.1699
v -1.1303 2.0006 -4.6070
v -1.1070 2.1120 -4.5796
v -0.8948 1.8908 -4.6070
v -0.9939 1.8643 -4.6070
v -1.0869 1.9076 -4.6070
v -1.0154 2.1426 -3.8920
v -0.9244 2.1347 -3.8920
v -0.8599 2.0701 -3.8920
v -0.8519 1.9791 -3.8920
v -1.1138 2.0020 -3.8920
v -1.0902 2.0903 -3.8920
v -0.9043 1.9043 -3.8920
v -0.9925 1.8807 -3.8920
v -1.0752 1.9193 -3.8920
v -0.5394 1.7843 -3.6104
v -0.4882 1.8744 -3.6195
v -0.4664 1.8479 -3.6233
v -0.5060 1.7783 -3.6163
v -0.3920 1.9100 -3.6364
v -0.3920 1.8754 -3.6364
v -0.2957 1.8744 -3.6534
v -0.3176 1.8479 -3.6496
v -0.2445 1.7843 -3.6624
v -0.2780 1.7783 -3.6565
v -0.2623 1.6819 -3.6593
v -0.2918 1.6992 -3.6541
v -0.3408 1.6150 -3.6455
v -0.3524 1.6475 -3.6434
v -0.4432 1.6150 -3.6274
v -0.4316 1.6475 -3.6295
v -0.5217 1.6819 -3.6136
v -0.4922 1.6992 -3.6188
v -0.5014 1.7778 -3.6067
v -0.4628 1.8458 -3.6135
v -0.4440 1.8317 -3.5747
v -0.4764 1.7746 -3.5690
v -0.3902 1.8726 -3.6263
v -0.3830 1.8543 -3.5855
v -0.3176 1.8458 -3.6391
v -0.3220 1.8317 -3.5962
v -0.2790 1.7778 -3.6459
v -0.2896 1.7746 -3.6019
v -0.2924 1.7006 -3.6435
v -0.3008 1.7097 -3.6000
v -0.3516 1.6501 -3.6331
v -0.3506 1.6674 -3.5912
v -0.4288 1.6501 -3.6195
v -0.4155 1.6674 -3.5797
v -0.4880 1.7006 -3.6090
v -0.4652 1.7097 -3.5710
v -0.5404 1.7848 -3.5998
v -0.4882 1.8765 -3.6090
v -0.3902 1.9128 -3.6263
v -0.2922 1.8765 -3.6436
v -0.2400 1.7848 -3.6528
v -0.2581 1.6805 -3.6496
v -0.3380 1.6124 -3.6355
v -0.4424 1.6124 -3.6171
v -0.5223 1.6805 -3.6030
v -0.3074 1.8827 -3.1567
v -0.2208 1.8511 -3.1651
v -0.1727 1.7597 -3.1582
v -0.1858 1.6865 -3.1403
v -0.1702 1.7948 -1.5435
v -0.1378 1.7890 -1.5492
v -0.0994 1.8564 -1.5560
v -0.1206 1.8820 -1.5522
v -0.0274 1.8830 -1.5687
v -0.0274 1.9165 -1.5687
v 0.0447 1.8564 -1.5814
v 0.0658 1.8820 -1.5851
v 0.0801 1.7890 -1.6047
v 0.1125 1.7948 -1.6104
v 0.0668 1.7123 -1.6024
v 0.0953 1.6956 -1.6074
v 0.0080 1.6623 -1.5920
v 0.0193 1.6308 -1.5940
v -0.0657 1.6623 -1.5619
v -0.0770 1.6308 -1.5599
v -0.1245 1.7123 -1.5516
v -0.1530 1.6956 -1.5465
v -0.1369 1.7885 -1.5595
v -0.1311 1.7854 -1.6275
v -0.0996 1.8407 -1.6330
v -0.0994 1.8543 -1.5661
v -0.0406 1.8625 -1.6434
v -0.0291 1.8803 -1.5785
v 0.0185 1.8407 -1.6538
v 0.0412 1.8543 -1.5909
v 0.0470 1.7854 -1.6760
v 0.0757 1.7885 -1.6141
v 0.0361 1.7226 -1.6740
v 0.0627 1.7137 -1.6118
v -0.0121 1.6815 -1.6655
v 0.0054 1.6648 -1.6017
v -0.0720 1.6815 -1.6379
v -0.0665 1.6648 -1.5719
v -0.1202 1.7226 -1.6294
v -0.1239 1.7137 -1.5618
v -0.1746 1.7953 -1.5529
v -0.1241 1.8841 -1.5618
v -0.0291 1.9192 -1.5785
v 0.0658 1.8841 -1.5953
v 0.1134 1.7953 -1.6208
v 0.0959 1.6942 -1.6177
v 0.0185 1.6283 -1.6040
v -0.0796 1.6283 -1.5696
v -0.1570 1.6942 -1.5560
v -0.4345 1.7597 -3.1120
v -0.3917 1.8511 -3.1349
v -0.2527 1.6272 -3.1122
v -0.3436 1.6272 -3.0962
v -0.4161 1.6865 -3.0997
v -0.1146 1.9068 -2.0631
v -0.0350 1.8756 -2.1060
v 0.0077 1.7924 -2.1266
v -0.0079 1.7025 -2.1238
v -0.2512 1.7924 -2.0809
v -0.2040 1.8756 -2.0762
v -0.0768 1.6438 -2.1117
v -0.1667 1.6438 -2.0958
v -0.2356 1.7025 -2.0837
v -0.7679 1.7819 -3.0030
v -0.7175 1.8691 -3.0030
v -0.6960 1.8435 -3.0030
v -0.7350 1.7761 -3.0030
v -0.6229 1.9036 -3.0030
v -0.6229 1.8701 -3.0030
v -0.5282 1.8691 -3.0030
v -0.5497 1.8435 -3.0030
v -0.4778 1.7819 -3.0030
v -0.5108 1.7761 -3.0030
v -0.4953 1.6827 -3.0030
v -0.5243 1.6994 -3.0030
v -0.5725 1.6179 -3.0030
v -0.5839 1.6494 -3.0030
v -0.6732 1.6179 -3.0030
v -0.6618 1.6494 -3.0030
v -0.7504 1.6827 -3.0030
v -0.7214 1.6994 -3.0030
v -0.7323 1.7756 -2.9930
v -0.6943 1.8414 -2.9930
v -0.6828 1.8278 -2.9753
v -0.7148 1.7725 -2.9753
v -0.6229 1.8674 -2.9930
v -0.6229 1.8496 -2.9753
v -0.5515 1.8414 -2.9930
v -0.5629 1.8278 -2.9753
v -0.5135 1.7756 -2.9930
v -0.5310 1.7725 -2.9753
v -0.5267 1.7008 -2.9930
v -0.5420 1.7097 -2.9753
v -0.5849 1.6519 -2.9930
v -0.5909 1.6686 -2.9753
v -0.6609 1.6519 -2.9930
v -0.6548 1.6686 -2.9753
v -0.7191 1.7008 -2.9930
v -0.7037 1.7097 -2.9753
v -0.7706 1.7824 -2.9930
v -0.7193 1.8712 -2.9930
v -0.6229 1.9063 -2.9930
v -0.5264 1.8712 -2.9930
v -0.4751 1.7824 -2.9930
v -0.4930 1.6813 -2.9930
v -0.5716 1.6154 -2.9930
v -0.6742 1.6154 -2.9930
v -0.7528 1.6813 -2.9930
v -0.6229 1.9190 -2.3604
v -0.5264 1.8839 -2.3843
v -0.4751 1.7824 -2.4116
v -0.4930 1.6813 -2.4116
v -0.7679 1.7819 -0.6667
v -0.7350 1.7761 -0.6667
v -0.6960 1.8435 -0.6667
v -0.7175 1.8691 -0.6667
v -0.6229 1.8701 -0.6667
v -0.6229 1.9036 -0.6667
v -0.5497 1.8435 -0.6667
v -0.5282 1.8691 -0.6667
v -0.5108 1.7761 -0.6667
v -0.4778 1.7819 -0.6667
v -0.5243 1.6994 -0.6667
v -0.4953 1.6827 -0.6667
v -0.5839 1.6494 -0.6667
v -0.5725 1.6179 -0.6667
v -0.6618 1.6494 -0.6667
v -0.6732 1.6179 -0.6667
v -0.7214 1.6994 -0.6667
v -0.7504 1.6827 -0.6667
v -0.7323 1.7756 -0.6767
v -0.7148 1.7725 -0.7426
v -0.6828 1.8278 -0.7426
v -0.6943 1.8414 -0.6767
v -0.6229 1.8496 -0.7426
v -0.6229 1.8674 -0.6767
v -0.5629 1.8278 -0.7426
v -0.5514 1.8414 -0.6767
v -0.5310 1.7725 -0.7426
v -0.5135 1.7756 -0.6767
v -0.5420 1.7097 -0.7426
v -0.5266 1.7008 -0.6767
v -0.5909 1.6686 -0.7426
v -0.5849 1.6519 -0.6767
v -0.6548 1.6686 -0.7426
v -0.6609 1.6519 -0.6767
v -0.7037 1.7097 -0.7426
v -0.7191 1.7008 -0.6767
v -0.7706 1.7824 -0.6767
v -0.7193 1.8712 -0.6767
v -0.6229 1.9063 -0.6767
v -0.5264 1.8712 -0.6767
v -0.4751 1.7824 -0.6767
v -0.4930 1.6813 -0.6767
v -0.5716 1.6154 -0.6767
v -0.6742 1.6154 -0.6767
v -0.7528 1.6813 -0.6767
v -0.7706 1.7824 -2.4116
v -0.7193 1.8839 -2.3843
v -0.5716 1.6154 -2.4116
v -0.6742 1.6154 -2.4116
v -0.7528 1.6813 -2.4116
v -0.6229 1.8898 -1.3987
v -0.5370 1.8586 -1.3987
v -0.4914 1.7795 -1.3987
v -0.5072 1.6896 -1.3987
v -0.7543 1.7795 -1.3987
v -0.7087 1.8586 -1.3987
v -0.5772 1.6309 -1.3987
v -0.6685 1.6309 -1.3987
v -0.7385 1.6896 -1.3987
v -1.0759 1.7843 -2.7970
v -1.0238 1.8744 -2.7970
v -1.0017 1.8479 -2.7970
v -1.0418 1.7783 -2.7970
v -0.9261 1.9100 -2.7970
v -0.9261 1.8754 -2.7970
v -0.8284 1.8744 -2.7970
v -0.8506 1.8479 -2.7970
v -0.7764 1.7843 -2.7970
v -0.8104 1.7783 -2.7970
v -0.7944 1.6819 -2.7970
v -0.8244 1.6992 -2.7970
v -0.8741 1.6150 -2.7970
v -0.8859 1.6475 -2.7970
v -0.9781 1.6150 -2.7970
v -0.9663 1.6475 -2.7970
v -1.0578 1.6819 -2.7970
v -1.0279 1.6992 -2.7970
v -1.0391 1.7778 -2.7867
v -0.9998 1.8458 -2.7867
v -0.9880 1.8317 -2.7453
v -1.0210 1.7746 -2.7453
v -0.9261 1.8726 -2.7867
v -0.9261 1.8543 -2.7453
v -0.8524 1.8458 -2.7867
v -0.8642 1.8317 -2.7453
v -0.8132 1.7778 -2.7867
v -0.8312 1.7746 -2.7453
v -0.8268 1.7006 -2.7867
v -0.8427 1.7097 -2.7453
v -0.8869 1.6501 -2.7867
v -0.8932 1.6674 -2.7453
v -0.9653 1.6501 -2.7867
v -0.9591 1.6674 -2.7453
v -1.0254 1.7006 -2.7867
v -1.0096 1.7097 -2.7453
v -1.0786 1.7848 -2.7867
v -1.0257 1.8765 -2.7867
v -0.9261 1.9128 -2.7867
v -0.8266 1.8765 -2.7867
v -0.7736 1.7848 -2.7867
v -0.7920 1.6805 -2.7867
v -0.8732 1.6124 -2.7867
v -0.9791 1.6124 -2.7867
v -1.0602 1.6805 -2.7867
v -0.9261 1.8827 -2.3099
v -0.8393 1.8511 -2.3031
v -0.7932 1.7597 -2.2880
v -0.8092 1.6865 -2.2727
v -1.0712 1.7948 -0.6974
v -1.0382 1.7890 -0.6974
v -0.9993 1.8564 -0.6974
v -1.0208 1.8820 -0.6974
v -0.9261 1.8830 -0.6974
v -0.9261 1.9165 -0.6974
v -0.8530 1.8564 -0.6974
v -0.8315 1.8820 -0.6974
v -0.8140 1.7890 -0.7142
v -0.7811 1.7948 -0.7142
v -0.8275 1.7123 -0.7142
v -0.7986 1.6956 -0.7142
v -0.8872 1.6623 -0.7142
v -0.8757 1.6308 -0.7142
v -0.9650 1.6623 -0.6974
v -0.9765 1.6308 -0.6974
v -1.0247 1.7123 -0.6974
v -1.0537 1.6956 -0.6974
v -1.0355 1.7885 -0.7074
v -1.0180 1.7854 -0.7733
v -0.9861 1.8407 -0.7733
v -0.9975 1.8543 -0.7074
v -0.9261 1.8625 -0.7733
v -0.9261 1.8803 -0.7074
v -0.8661 1.8407 -0.7733
v -0.8547 1.8543 -0.7074
v -0.8342 1.7854 -0.7901
v -0.8167 1.7885 -0.7242
v -0.8453 1.7226 -0.7901
v -0.8299 1.7137 -0.7242
v -0.8942 1.6815 -0.7901
v -0.8881 1.6648 -0.7242
v -0.9580 1.6815 -0.7733
v -0.9641 1.6648 -0.7074
v -1.0069 1.7226 -0.7733
v -1.0223 1.7137 -0.7074
v -1.0738 1.7953 -0.7074
v -1.0225 1.8841 -0.7074
v -0.9261 1.9192 -0.7074
v -0.8297 1.8841 -0.7074
v -0.7784 1.7953 -0.7242
v -0.7962 1.6942 -0.7242
v -0.8748 1.6283 -0.7242
v -0.9774 1.6283 -0.7074
v -1.0560 1.6942 -0.7074
v -1.0591 1.7597 -2.2880
v -1.0129 1.8511 -2.3031
v -0.8799 1.6272 -2.2566
v -0.9723 1.6272 -2.2566
v -1.0430 1.6865 -2.2727
v -0.9261 1.9068 -1.1994
v -0.8403 1.8756 -1.2279
v -0.7946 1.7924 -1.2407
v -0.8105 1.7025 -1.2407
v -1.0576 1.7924 -1.2407
v -1.0119 1.8756 -1.2279
v -0.8805 1.6438 -1.2407
v -0.9718 1.6438 -1.2407
v -1.0417 1.7025 -1.2407
v -0.9764 1.7843 -5.3031
v -0.9244 1.8744 -5.3031
v -0.9022 1.8479 -5.3031
v -0.9423 1.7783 -5.3031
v -0.8266 1.9100 -5.3031
v -0.8266 1.8754 -5.3031
v -0.7289 1.8744 -5.3031
v -0.7511 1.8479 -5.3031
v -0.6769 1.7843 -5.3031
v -0.7109 1.7783 -5.3031
v -0.6949 1.6819 -5.3031
v -0.7249 1.6992 -5.3031
v -0.7746 1.6150 -5.3031
v -0.7864 1.6475 -5.3031
v -0.8786 1.6150 -5.3031
v -0.8668 1.6475 -5.3031
v -0.9583 1.6819 -5.3031
v -0.9284 1.6992 -5.3031
v -0.9396 1.7778 -5.2928
v -0.9003 1.8458 -5.2928
v -0.8886 1.8317 -5.2514
v -0.9215 1.7746 -5.2514
v -0.8266 1.8726 -5.2928
v -0.8266 1.8543 -5.2514
v -0.7529 1.8458 -5.2928
v -0.7647 1.8317 -5.2514
v -0.7137 1.7778 -5.2928
v -0.7317 1.7746 -5.2514
v -0.7273 1.7006 -5.2928
v -0.7432 1.7097 -5.2514
v -0.7874 1.6501 -5.2928
v -0.7937 1.6674 -5.2514
v -0.8658 1.6501 -5.2928
v -0.8596 1.6674 -5.2514
v -0.9259 1.7006 -5.2928
v -0.9101 1.7097 -5.2514
v -0.9791 1.7848 -5.2928
v -0.9262 1.8765 -5.2928
v -0.8266 1.9128 -5.2928
v -0.7271 1.8765 -5.2928
v -0.6741 1.7848 -5.2928
v -0.6925 1.6805 -5.2928
v -0.7737 1.6124 -5.2928
v -0.8796 1.6124 -5.2928
v -0.9607 1.6805 -5.2928
v -0.8266 1.8827 -4.8160
v -0.7398 1.8511 -4.8092
v -0.6937 1.7597 -4.7940
v -0.7097 1.6865 -4.7787
v -0.9717 1.7948 -3.2034
v -0.9387 1.7890 -3.2034
v -0.8998 1.8564 -3.2034
v -0.9213 1.8820 -3.2034
v -0.8266 1.8830 -3.2034
v -0.8266 1.9165 -3.2034
v -0.7535 1.8564 -3.2034
v -0.7320 1.8820 -3.2034
v -0.7145 1.7890 -3.2203
v -0.6816 1.7948 -3.2203
v -0.7280 1.7123 -3.2203
v -0.6991 1.6956 -3.2203
v -0.7877 1.6623 -3.2203
v -0.7763 1.6308 -3.2203
v -0.8655 1.6623 -3.2034
v -0.8770 1.6308 -3.2034
v -0.9252 1.7123 -3.2034
v -0.9542 1.6956 -3.2034
v -0.9360 1.7885 -3.2134
v -0.9185 1.7854 -3.2793
v -0.8866 1.8407 -3.2793
v -0.8980 1.8543 -3.2134
v -0.8266 1.8625 -3.2793
v -0.8266 1.8803 -3.2134
v -0.7666 1.8407 -3.2793
v -0.7552 1.8543 -3.2134
v -0.7347 1.7854 -3.2962
v -0.7172 1.7885 -3.2303
v -0.7458 1.7226 -3.2962
v -0.7304 1.7137 -3.2303
v -0.7947 1.6815 -3.2962
v -0.7886 1.6648 -3.2303
v -0.8585 1.6815 -3.2793
v -0.8646 1.6648 -3.2134
v -0.9074 1.7226 -3.2793
v -0.9228 1.7137 -3.2134
v -0.9743 1.7953 -3.2134
v -0.9230 1.8841 -3.2134
v -0.8266 1.9192 -3.2134
v -0.7302 1.8841 -3.2134
v -0.6789 1.7953 -3.2303
v -0.6967 1.6942 -3.2303
v -0.7753 1.6283 -3.2303
v -0.8779 1.6283 -3.2134
v -0.9565 1.6942 -3.2134
v -0.9596 1.7597 -4.7940
v -0.9134 1.8511 -4.8092
v -0.7804 1.6272 -4.7627
v -0.8728 1.6272 -4.7627
v -0.9435 1.6865 -4.7787
v -0.8266 1.9068 -3.7055
v -0.7408 1.8756 -3.7339
v -0.6951 1.7924 -3.7468
v -0.7110 1.7025 -3.7468
v -0.9581 1.7924 -3.7468
v -0.9124 1.8756 -3.7339
v -0.7810 1.6438 -3.7468
v -0.8723 1.6438 -3.7468
v -0.9422 1.7025 -3.7468
v -1.2935 0.6555 3.8609
v -1.2935 0.7168 3.8851
v -1.2935 0.6877 3.8690
v -1.2935 0.7577 3.9367
v -1.2935 0.7406 3.9082
v -1.2935 0.7674 4.0019
v -1.2935 0.7668 3.9687
v -1.2935 0.7431 4.0632
v -1.2935 0.7593 4.0341
v -1.2935 0.6915 4.1041
v -1.2935 0.7200 4.0870
v -1.2935 0.6263 4.1138
v -1.2935 0.6595 4.1132
v -1.2935 0.5650 4.0895
v -1.2935 0.5941 4.1057
v -1.2935 0.5241 4.0379
v -1.2935 0.5412 4.0664
v -1.2935 0.5145 3.9727
v -1.2935 0.5150 4.0059
v -1.2935 0.5387 3.9115
v -1.2935 0.5225 3.9405
v -1.2935 0.5903 3.8705
v -1.2935 0.5618 3.8876
v -1.2935 0.6223 3.8614
v -1.2809 0.5990 3.7041
v -1.2809 0.6708 3.7285
v -1.2809 0.6737 3.7029
v -1.2809 0.6028 3.7295
v -1.2809 0.7368 3.7450
v -1.2809 0.7462 3.7210
v -1.2809 0.7962 3.7781
v -1.2809 0.8116 3.7574
v -1.2809 0.8451 3.8254
v -1.2809 0.8653 3.8094
v -1.2809 0.8800 3.8838
v -1.2809 0.9037 3.8735
v -1.2809 0.8987 3.9492
v -1.2809 0.9242 3.9454
v -1.2809 0.8998 4.0172
v -1.2809 0.9254 4.0201
v -1.2809 0.8832 4.0832
v -1.2809 0.9072 4.0926
v -1.2809 0.8502 4.1426
v -1.2809 0.8708 4.1580
v -1.2809 0.8028 4.1915
v -1.2809 0.8188 4.2117
v -1.2809 0.7445 4.2264
v -1.2809 0.7547 4.2501
v -1.2809 0.6791 4.2451
v -1.2809 0.6828 4.2706
v -1.2809 0.6110 4.2462
v -1.2809 0.6081 4.2718
v -1.2809 0.5451 4.2296
v -1.2809 0.5356 4.2536
v -1.2809 0.4856 4.1966
v -1.2809 0.4703 4.2172
v -1.2809 0.4367 4.1492
v -1.2809 0.4166 4.1652
v -1.2809 0.4018 4.0909
v -1.2809 0.3782 4.1011
v -1.2809 0.3831 4.0255
v -1.2809 0.3577 4.0292
v -1.2809 0.3821 3.9574
v -1.2809 0.3565 3.9545
v -1.2809 0.3986 3.8915
v -1.2809 0.3746 3.8820
v -1.2809 0.4317 3.8320
v -1.2809 0.4110 3.8167
v -1.2809 0.4790 3.7831
v -1.2809 0.4630 3.7630
v -1.2809 0.5374 3.7482
v -1.2809 0.5271 3.7246
v -1.2516 0.6708 3.7285
v -1.2516 0.6028 3.7295
v -1.2516 0.7368 3.7450
v -1.2516 0.7962 3.7781
v -1.2516 0.8451 3.8254
v -1.2516 0.8800 3.8838
v -1.2516 0.8987 3.9492
v -1.2516 0.8998 4.0172
v -1.2516 0.8832 4.0832
v -1.2516 0.8502 4.1426
v -1.2516 0.8028 4.1915
v -1.2516 0.7445 4.2264
v -1.2516 0.6791 4.2451
v -1.2516 0.6110 4.2462
v -1.2516 0.5451 4.2296
v -1.2516 0.4856 4.1966
v -1.2516 0.4367 4.1492
v -1.2516 0.4018 4.0909
v -1.2516 0.3831 4.0255
v -1.2516 0.3821 3.9574
v -1.2516 0.3986 3.8915
v -1.2516 0.4317 3.8320
v -1.2516 0.4790 3.7831
v -1.2516 0.5374 3.7482
v -1.2516 0.7745 4.0402
v -1.2516 0.7836 4.0038
v -1.2516 0.7830 3.9663
v -1.2516 0.7727 3.9302
v -1.2516 0.7535 3.8981
v -1.2516 0.7265 3.8720
v -1.2516 0.6938 3.8537
v -1.2516 0.6574 3.8446
v -1.2516 0.6199 3.8452
v -1.2516 0.5838 3.8555
v -1.2516 0.5517 3.8748
v -1.2516 0.5256 3.9017
v -1.2516 0.5073 3.9345
v -1.2516 0.4982 3.9708
v -1.2516 0.4988 4.0083
v -1.2516 0.5091 4.0444
v -1.2516 0.5284 4.0766
v -1.2516 0.5553 4.1027
v -1.2516 0.5881 4.1209
v -1.2516 0.6244 4.1300
v -1.2516 0.6619 4.1294
v -1.2516 0.6980 4.1191
v -1.2516 0.7302 4.0999
v -1.2516 0.7563 4.0729
v -1.2773 0.6574 3.8446
v -1.2773 0.6199 3.8452
v -1.2773 0.6938 3.8537
v -1.2773 0.7265 3.8720
v -1.2773 0.7535 3.8981
v -1.2773 0.7727 3.9302
v -1.2773 0.7830 3.9663
v -1.2773 0.7836 4.0038
v -1.2773 0.7745 4.0402
v -1.2773 0.7563 4.0729
v -1.2773 0.7302 4.0999
v -1.2773 0.6980 4.1191
v -1.2773 0.6619 4.1294
v -1.2773 0.6244 4.1300
v -1.2773 0.5881 4.1209
v -1.2773 0.5553 4.1027
v -1.2773 0.5284 4.0766
v -1.2773 0.5091 4.0444
v -1.2773 0.4988 4.0083
v -1.2773 0.4982 3.9708
v -1.2773 0.5073 3.9345
v -1.2773 0.5256 3.9017
v -1.2773 0.5517 3.8748
v -1.2773 0.5838 3.8555
v 1.2302 0.5903 3.8705
v 1.2302 0.5387 3.9115
v 1.2302 0.5618 3.8876
v 1.2302 0.5145 3.9727
v 1.2302 0.5225 3.9405
v 1.2302 0.5241 4.0379
v 1.2302 0.5150 4.0060
v 1.2302 0.5650 4.0895
v 1.2302 0.5412 4.0664
v 1.2302 0.6263 4.1138
v 1.2302 0.5941 4.1057
v 1.2302 0.6915 4.1041
v 1.2302 0.6595 4.1132
v 1.2302 0.7431 4.0632
v 1.2302 0.7200 4.0871
v 1.2302 0.7674 4.0019
v 1.2302 0.7593 4.0341
v 1.2302 0.7577 3.9367
v 1.2302 0.7668 3.9687
v 1.2302 0.7168 3.8851
v 1.2302 0.7406 3.9082
v 1.2302 0.6555 3.8609
v 1.2302 0.6877 3.8690
v 1.2302 0.6223 3.8614
v 1.2177 0.5990 3.7041
v 1.2177 0.6708 3.7285
v 1.2177 0.6028 3.7295
v 1.2177 0.6737 3.7029
v 1.2177 0.7368 3.7450
v 1.2177 0.7462 3.7211
v 1.2177 0.7962 3.7781
v 1.2177 0.8116 3.7574
v 1.2177 0.8451 3.8254
v 1.2177 0.8653 3.8094
v 1.2177 0.8800 3.8838
v 1.2177 0.9037 3.8735
v 1.2177 0.8987 3.9492
v 1.2177 0.9242 3.9454
v 1.2177 0.8998 4.0172
v 1.2177 0.9254 4.0201
v 1.2177 0.8832 4.0832
v 1.2177 0.9072 4.0926
v 1.2177 0.8502 4.1426
v 1.2177 0.8708 4.1580
v 1.2177 0.8028 4.1915
v 1.2177 0.8188 4.2117
v 1.2177 0.7445 4.2264
v 1.2177 0.7547 4.2501
v 1.2177 0.6791 4.2451
v 1.2177 0.6828 4.2706
v 1.2177 0.6110 4.2462
v 1.2177 0.6081 4.2718
v 1.2177 0.5451 4.2296
v 1.2177 0.5356 4.2536
v 1.2177 0.4856 4.1966
v 1.2177 0.4703 4.2173
v 1.2177 0.4367 4.1492
v 1.2177 0.4166 4.1652
v 1.2177 0.4018 4.0909
v 1.2177 0.3782 4.1011
v 1.2177 0.3831 4.0255
v 1.2177 0.3577 4.0292
v 1.2177 0.3821 3.9574
v 1.2177 0.3565 3.9545
v 1.2177 0.3986 3.8915
v 1.2177 0.3746 3.8820
v 1.2177 0.4317 3.8320
v 1.2177 0.4110 3.8167
v 1.2177 0.4790 3.7832
v 1.2177 0.4630 3.7630
v 1.2177 0.5374 3.7482
v 1.2177 0.5271 3.7246
v 1.1884 0.6708 3.7285
v 1.1884 0.6028 3.7295
v 1.1884 0.7368 3.7450
v 1.1884 0.7962 3.7781
v 1.1884 0.8451 3.8254
v 1.1884 0.8800 3.8838
v 1.1884 0.8987 3.9492
v 1.1884 0.8998 4.0172
v 1.1884 0.8832 4.0832
v 1.1884 0.8502 4.1426
v 1.1884 0.8028 4.1915
v 1.1884 0.7445 4.2264
v 1.1884 0.6791 4.2451
v 1.1884 0.6110 4.2462
v 1.1884 0.5451 4.2296
v 1.1884 0.4856 4.1966
v 1.1884 0.4367 4.1492
v 1.1884 0.4018 4.0909
v 1.1884 0.3831 4.0255
v 1.1884 0.3821 3.9574
v 1.1884 0.3986 3.8915
v 1.1884 0.4317 3.8320
v 1.1884 0.4790 3.7832
v 1.1884 0.5374 3.7482
v 1.1884 0.7563 4.0729
v 1.1884 0.7745 4.0402
v 1.1884 0.7836 4.0038
v 1.1884 0.7830 3.9663
v 1.1884 0.7727 3.9302
v 1.1884 0.7535 3.8981
v 1.1884 0.7265 3.8720
v 1.1884 0.6938 3.8537
v 1.1884 0.6574 3.8446
v 1.1884 0.6199 3.8452
v 1.1884 0.5838 3.8555
v 1.1884 0.5517 3.8748
v 1.1884 0.5256 3.9017
v 1.1884 0.5073 3.9345
v 1.1884 0.4982 3.9709
v 1.1884 0.4988 4.0083
v 1.1884 0.5091 4.0444
v 1.1884 0.5284 4.0766
v 1.1884 0.5553 4.1027
v 1.1884 0.5881 4.1209
v 1.1884 0.6244 4.1300
v 1.1884 0.6619 4.1294
v 1.1884 0.6980 4.1191
v 1.1884 0.7302 4.0999
v 1.2140 0.6574 3.8446
v 1.2140 0.6199 3.8452
v 1.2140 0.6938 3.8537
v 1.2140 0.7265 3.8720
v 1.2140 0.7535 3.8981
v 1.2140 0.7727 3.9302
v 1.2140 0.7830 3.9663
v 1.2140 0.7836 4.0038
v 1.2140 0.7745 4.0402
v 1.2140 0.7563 4.0729
v 1.2140 0.7302 4.0999
v 1.2140 0.6980 4.1191
v 1.2140 0.6619 4.1294
v 1.2140 0.6244 4.1300
v 1.2140 0.5881 4.1209
v 1.2140 0.5553 4.1027
v 1.2140 0.5284 4.0766
v 1.2140 0.5091 4.0444
v 1.2140 0.4988 4.0083
v 1.2140 0.4982 3.9709
v 1.2140 0.5073 3.9345
v 1.2140 0.5256 3.9017
v 1.2140 0.5517 3.8748
v 1.2140 0.5838 3.8555
v -1.2935 0.6555 -4.1741
v -1.2935 0.7168 -4.1499
v -1.2935 0.6877 -4.1660
v -1.2935 0.7577 -4.0982
v -1.2935 0.7406 -4.1267
v -1.2935 0.7674 -4.0331
v -1.2935 0.7668 -4.0663
v -1.2935 0.7431 -3.9718
v -1.2935 0.7593 -4.0008
v -1.2935 0.6915 -3.9308
v -1.2935 0.7200 -3.9479
v -1.2935 0.6263 -3.9212
v -1.2935 0.6595 -3.9217
v -1.2935 0.5650 -3.9454
v -1.2935 0.5941 -3.9293
v -1.2935 0.5241 -3.9971
v -1.2935 0.5412 -3.9686
v -1.2935 0.5145 -4.0622
v -1.2935 0.5150 -4.0290
v -1.2935 0.5387 -4.1235
v -1.2935 0.5225 -4.0945
v -1.2935 0.5903 -4.1645
v -1.2935 0.5618 -4.1474
v -1.2935 0.6223 -4.1736
v -1.2809 0.5990 -4.3309
v -1.2809 0.6708 -4.3065
v -1.2809 0.6737 -4.3321
v -1.2809 0.6028 -4.3054
v -1.2809 0.7368 -4.2900
v -1.2809 0.7462 -4.3139
v -1.2809 0.7962 -4.2569
v -1.2809 0.8116 -4.2776
v -1.2809 0.8451 -4.2096
v -1.2809 0.8653 -4.2256
v -1.2809 0.8800 -4.1512
v -1.2809 0.9037 -4.1615
v -1.2809 0.8987 -4.0858
v -1.2809 0.9242 -4.0896
v -1.2809 0.8998 -4.0178
v -1.2809 0.9254 -4.0148
v -1.2809 0.8832 -3.9518
v -1.2809 0.9072 -3.9423
v -1.2809 0.8502 -3.8924
v -1.2809 0.8708 -3.8770
v -1.2809 0.8028 -3.8435
v -1.2809 0.8188 -3.8233
v -1.2809 0.7445 -3.8085
v -1.2809 0.7547 -3.7849
v -1.2809 0.6791 -3.7899
v -1.2809 0.6828 -3.7644
v -1.2809 0.6110 -3.7888
v -1.2809 0.6081 -3.7632
v -1.2809 0.5451 -3.8053
v -1.2809 0.5356 -3.7814
v -1.2809 0.4856 -3.8384
v -1.2809 0.4703 -3.8177
v -1.2809 0.4367 -3.8857
v -1.2809 0.4166 -3.8697
v -1.2809 0.4018 -3.9441
v -1.2809 0.3782 -3.9339
v -1.2809 0.3831 -4.0095
v -1.2809 0.3577 -4.0057
v -1.2809 0.3821 -4.0775
v -1.2809 0.3565 -4.0805
v -1.2809 0.3986 -4.1435
v -1.2809 0.3746 -4.1530
v -1.2809 0.4317 -4.2030
v -1.2809 0.4110 -4.2183
v -1.2809 0.4790 -4.2518
v -1.2809 0.4630 -4.2720
v -1.2809 0.5374 -4.2868
v -1.2809 0.5271 -4.3104
v -1.2516 0.6708 -4.3065
v -1.2516 0.6028 -4.3054
v -1.2516 0.7368 -4.2900
v -1.2516 0.7962 -4.2569
v -1.2516 0.8451 -4.2096
v -1.2516 0.8800 -4.1512
v -1.2516 0.8987 -4.0858
v -1.2516 0.8998 -4.0178
v -1.2516 0.8832 -3.9518
v -1.2516 0.8502 -3.8924
v -1.2516 0.8028 -3.8435
v -1.2516 0.7445 -3.8085
v -1.2516 0.6791 -3.7899
v -1.2516 0.6110 -3.7888
v -1.2516 0.5451 -3.8053
v -1.2516 0.4856 -3.8384
v -1.2516 0.4367 -3.8857
v -1.2516 0.4018 -3.9441
v -1.2516 0.3831 -4.0095
v -1.2516 0.3821 -4.0775
v -1.2516 0.3986 -4.1435
v -1.2516 0.4317 -4.2030
v -1.2516 0.4790 -4.2518
v -1.2516 0.5374 -4.2868
v -1.2516 0.7745 -3.9948
v -1.2516 0.7836 -4.0312
v -1.2516 0.7830 -4.0687
v -1.2516 0.7727 -4.1047
v -1.2516 0.7535 -4.1369
v -1.2516 0.7265 -4.1630
v -1.2516 0.6938 -4.1812
v -1.2516 0.6574 -4.1904
v -1.2516 0.6199 -4.1898
v -1.2516 0.5838 -4.1795
v -1.2516 0.5517 -4.1602
v -1.2516 0.5256 -4.1333
v -1.2516 0.5073 -4.1005
v -1.2516 0.4982 -4.0641
v -1.2516 0.4988 -4.0266
v -1.2516 0.5091 -3.9906
v -1.2516 0.5284 -3.9584
v -1.2516 0.5553 -3.9323
v -1.2516 0.5881 -3.9141
v -1.2516 0.6244 -3.9049
v -1.2516 0.6619 -3.9056
v -1.2516 0.6980 -3.9158
v -1.2516 0.7302 -3.9351
v -1.2516 0.7563 -3.9620
v -1.2773 0.6574 -4.1904
v -1.2773 0.6199 -4.1898
v -1.2773 0.6938 -4.1812
v -1.2773 0.7265 -4.1630
v -1.2773 0.7535 -4.1369
v -1.2773 0.7727 -4.1047
v -1.2773 0.7830 -4.0687
v -1.2773 0.7836 -4.0312
v -1.2773 0.7745 -3.9948
v -1.2773 0.7563 -3.9620
v -1.2773 0.7302 -3.9351
v -1.2773 0.6980 -3.9158
v -1.2773 0.6619 -3.9056
v -1.2773 0.6244 -3.9049
v -1.2773 0.5881 -3.9141
v -1.2773 0.5553 -3.9323
v -1.2773 0.5284 -3.9584
v -1.2773 0.5091 -3.9906
v -1.2773 0.4988 -4.0266
v -1.2773 0.4982 -4.0641
v -1.2773 0.5073 -4.1005
v -1.2773 0.5256 -4.1333
v -1.2773 0.5517 -4.1602
v -1.2773 0.5838 -4.1795
v 1.2302 0.5903 -4.1645
v 1.2302 0.5387 -4.1235
v 1.2302 0.5618 -4.1474
v 1.2302 0.5145 -4.0622
v 1.2302 0.5225 -4.0945
v 1.2302 0.5241 -3.9971
v 1.2302 0.5150 -4.0290
v 1.2302 0.5650 -3.9454
v 1.2302 0.5412 -3.9686
v 1.2302 0.6263 -3.9212
v 1.2302 0.5941 -3.9293
v 1.2302 0.6915 -3.9308
v 1.2302 0.6595 -3.9217
v 1.2302 0.7431 -3.9718
v 1.2302 0.7200 -3.9479
v 1.2302 0.7674 -4.0331
v 1.2302 0.7593 -4.0008
v 1.2302 0.7577 -4.0982
v 1.2302 0.7668 -4.0663
v 1.2302 0.7168 -4.1499
v 1.2302 0.7406 -4.1267
v 1.2302 0.6555 -4.1741
v 1.2302 0.6877 -4.1660
v 1.2302 0.6223 -4.1736
v 1.2177 0.5990 -4.3309
v 1.2177 0.6708 -4.3065
v 1.2177 0.6028 -4.3054
v 1.2177 0.6737 -4.3321
v 1.2177 0.7368 -4.2900
v 1.2177 0.7462 -4.3139
v 1.2177 0.7962 -4.2569
v 1.2177 0.8116 -4.2776
v 1.2177 0.8451 -4.2096
v 1.2177 0.8653 -4.2256
v 1.2177 0.8800 -4.1512
v 1.2177 0.9037 -4.1614
v 1.2177 0.8987 -4.0858
v 1.2177 0.9242 -4.0896
v 1.2177 0.8998 -4.0178
v 1.2177 0.9254 -4.0148
v 1.2177 0.8832 -3.9518
v 1.2177 0.9072 -3.9423
v 1.2177 0.8502 -3.8923
v 1.2177 0.8708 -3.8770
v 1.2177 0.8028 -3.8435
v 1.2177 0.8188 -3.8233
v 1.2177 0.7445 -3.8085
v 1.2177 0.7547 -3.7849
v 1.2177 0.6791 -3.7899
v 1.2177 0.6828 -3.7644
v 1.2177 0.6110 -3.7888
v 1.2177 0.6081 -3.7632
v 1.2177 0.5451 -3.8053
v 1.2177 0.5356 -3.7814
v 1.2177 0.4856 -3.8384
v 1.2177 0.4703 -3.8177
v 1.2177 0.4367 -3.8857
v 1.2177 0.4166 -3.8697
v 1.2177 0.4018 -3.9441
v 1.2177 0.3782 -3.9338
v 1.2177 0.3831 -4.0095
v 1.2177 0.3577 -4.0057
v 1.2177 0.3821 -4.0775
v 1.2177 0.3565 -4.0805
v 1.2177 0.3986 -4.1435
v 1.2177 0.3746 -4.1530
v 1.2177 0.4317 -4.2029
v 1.2177 0.4110 -4.2183
v 1.2177 0.4790 -4.2518
v 1.2177 0.4630 -4.2720
v 1.2177 0.5374 -4.2868
v 1.2177 0.5271 -4.3104
v 1.1884 0.6708 -4.3065
v 1.1884 0.6028 -4.3054
v 1.1884 0.7368 -4.2900
v 1.1884 0.7962 -4.2569
v 1.1884 0.8451 -4.2096
v 1.1884 0.8800 -4.1512
v 1.1884 0.8987 -4.0858
v 1.1884 0.8998 -4.0178
v 1.1884 0.8832 -3.9518
v 1.1884 0.8502 -3.8923
v 1.1884 0.8028 -3.8435
v 1.1884 0.7445 -3.8085
v 1.1884 0.6791 -3.7899
v 1.1884 0.6110 -3.7888
v 1.1884 0.5451 -3.8053
v 1.1884 0.4856 -3.8384
v 1.1884 0.4367 -3.8857
v 1.1884 0.4018 -3.9441
v 1.1884 0.3831 -4.0095
v 1.1884 0.3821 -4.0775
v 1.1884 0.3986 -4.1435
v 1.1884 0.4317 -4.2029
v 1.1884 0.4790 -4.2518
v 1.1884 0.5374 -4.2868
v 1.1884 0.7563 -3.9620
v 1.1884 0.7745 -3.9948
v 1.1884 0.7836 -4.0312
v 1.1884 0.7830 -4.0687
v 1.1884 0.7727 -4.1047
v 1.1884 0.7535 -4.1369
v 1.1884 0.7265 -4.1630
v 1.1884 0.6938 -4.1812
v 1.1884 0.6574 -4.1903
v 1.1884 0.6199 -4.1897
v 1.1884 0.5838 -4.1795
v 1.1884 0.5517 -4.1602
v 1.1884 0.5256 -4.1333
v 1.1884 0.5073 -4.1005
v 1.1884 0.4982 -4.0641
v 1.1884 0.4988 -4.0266
v 1.1884 0.5091 -3.9906
v 1.1884 0.5284 -3.9584
v 1.1884 0.5553 -3.9323
v 1.1884 0.5881 -3.9141
v 1.1884 0.6244 -3.9049
v 1.1884 0.6619 -3.9055
v 1.1884 0.6980 -3.9158
v 1.1884 0.7302 -3.9351
v 1.2140 0.6574 -4.1903
v 1.2140 0.6199 -4.1897
v 1.2140 0.6938 -4.1812
v 1.2140 0.7265 -4.1630
v 1.2140 0.7535 -4.1369
v 1.2140 0.7727 -4.1047
v 1.2140 0.7830 -4.0687
v 1.2140 0.7836 -4.0312
v 1.2140 0.7745 -3.9948
v 1.2140 0.7563 -3.9620
v 1.2140 0.7302 -3.9351
v 1.2140 0.6980 -3.9158
v 1.2140 0.6619 -3.9055
v 1.2140 0.6244 -3.9049
v 1.2140 0.5881 -3.9141
v 1.2140 0.5553 -3.9323
v 1.2140 0.5284 -3.9584
v 1.2140 0.5091 -3.9906
v 1.2140 0.4988 -4.0266
v 1.2140 0.4982 -4.0641
v 1.2140 0.5073 -4.1005
v 1.2140 0.5256 -4.1333
v 1.2140 0.5517 -4.1602
v 1.2140 0.5838 -4.1795
v -1.2935 0.6555 -2.7910
v -1.2935 0.7168 -2.7667
v -1.2935 0.6877 -2.7829
v -1.2935 0.7577 -2.7151
v -1.2935 0.7406 -2.7436
v -1.2935 0.7674 -2.6499
v -1.2935 0.7668 -2.6831
v -1.2935 0.7431 -2.5887
v -1.2935 0.7593 -2.6177
v -1.2935 0.6915 -2.5477
v -1.2935 0.7200 -2.5648
v -1.2935 0.6263 -2.5381
v -1.2935 0.6595 -2.5386
v -1.2935 0.5650 -2.5623
v -1.2935 0.5941 -2.5462
v -1.2935 0.5241 -2.6139
v -1.2935 0.5412 -2.5854
v -1.2935 0.5145 -2.6791
v -1.2935 0.5150 -2.6459
v -1.2935 0.5387 -2.7404
v -1.2935 0.5225 -2.7113
v -1.2935 0.5903 -2.7813
v -1.2935 0.5618 -2.7642
v -1.2935 0.6223 -2.7904
v -1.2810 0.5990 -2.9478
v -1.2810 0.6708 -2.9234
v -1.2810 0.6737 -2.9490
v -1.2810 0.6028 -2.9223
v -1.2810 0.7368 -2.9068
v -1.2810 0.7462 -2.9308
v -1.2810 0.7962 -2.8738
v -1.2810 0.8116 -2.8945
v -1.2810 0.8451 -2.8264
v -1.2810 0.8653 -2.8424
v -1.2810 0.8800 -2.7681
v -1.2810 0.9037 -2.7783
v -1.2810 0.8987 -2.7027
v -1.2810 0.9242 -2.7064
v -1.2810 0.8998 -2.6346
v -1.2810 0.9254 -2.6317
v -1.2810 0.8832 -2.5687
v -1.2810 0.9072 -2.5592
v -1.2810 0.8502 -2.5092
v -1.2810 0.8708 -2.4939
v -1.2810 0.8028 -2.4604
v -1.2810 0.8188 -2.4402
v -1.2810 0.7445 -2.4254
v -1.2810 0.7547 -2.4018
v -1.2810 0.6791 -2.4067
v -1.2810 0.6828 -2.3813
v -1.2810 0.6110 -2.4057
v -1.2810 0.6081 -2.3801
v -1.2810 0.5451 -2.4222
v -1.2810 0.5356 -2.3982
v -1.2810 0.4856 -2.4553
v -1.2810 0.4703 -2.4346
v -1.2810 0.4367 -2.5026
v -1.2810 0.4166 -2.4866
v -1.2810 0.4018 -2.5610
v -1.2810 0.3782 -2.5507
v -1.2810 0.3831 -2.6264
v -1.2810 0.3577 -2.6226
v -1.2810 0.3821 -2.6944
v -1.2810 0.3565 -2.6973
v -1.2810 0.3986 -2.7604
v -1.2810 0.3746 -2.7698
v -1.2810 0.4317 -2.8198
v -1.2810 0.4110 -2.8352
v -1.2810 0.4790 -2.8687
v -1.2810 0.4630 -2.8889
v -1.2810 0.5374 -2.9036
v -1.2810 0.5271 -2.9273
v -1.2517 0.6708 -2.9234
v -1.2517 0.6028 -2.9223
v -1.2517 0.7368 -2.9068
v -1.2517 0.7962 -2.8738
v -1.2517 0.8451 -2.8264
v -1.2517 0.8800 -2.7681
v -1.2517 0.8987 -2.7027
v -1.2517 0.8998 -2.6346
v -1.2517 0.8832 -2.5687
v -1.2517 0.8502 -2.5092
v -1.2517 0.8028 -2.4604
v -1.2517 0.7445 -2.4254
v -1.2517 0.6791 -2.4067
v -1.2517 0.6110 -2.4057
v -1.2517 0.5451 -2.4222
v -1.2517 0.4856 -2.4553
v -1.2517 0.4367 -2.5026
v -1.2517 0.4018 -2.5610
v -1.2517 0.3831 -2.6264
v -1.2517 0.3821 -2.6944
v -1.2517 0.3986 -2.7604
v -1.2517 0.4317 -2.8198
v -1.2517 0.4790 -2.8687
v -1.2517 0.5374 -2.9036
v -1.2517 0.7745 -2.6117
v -1.2517 0.7836 -2.6480
v -1.2517 0.7830 -2.6855
v -1.2517 0.7727 -2.7216
v -1.2517 0.7535 -2.7538
v -1.2517 0.7265 -2.7799
v -1.2517 0.6938 -2.7981
v -1.2517 0.6574 -2.8072
v -1.2517 0.6199 -2.8066
v -1.2517 0.5838 -2.7963
v -1.2517 0.5517 -2.7771
v -1.2517 0.5256 -2.7501
v -1.2517 0.5073 -2.7174
v -1.2517 0.4982 -2.6810
v -1.2517 0.4988 -2.6435
v -1.2517 0.5091 -2.6074
v -1.2517 0.5284 -2.5753
v -1.2517 0.5553 -2.5492
v -1.2517 0.5881 -2.5309
v -1.2517 0.6244 -2.5218
v -1.2517 0.6619 -2.5224
v -1.2517 0.6980 -2.5327
v -1.2517 0.7302 -2.5520
v -1.2517 0.7563 -2.5789
v -1.2773 0.6574 -2.8072
v -1.2773 0.6199 -2.8066
v -1.2773 0.6938 -2.7981
v -1.2773 0.7265 -2.7799
v -1.2773 0.7535 -2.7538
v -1.2773 0.7727 -2.7216
v -1.2773 0.7830 -2.6855
v -1.2773 0.7836 -2.6480
v -1.2773 0.7745 -2.6117
v -1.2773 0.7563 -2.5789
v -1.2773 0.7302 -2.5520
v -1.2773 0.6980 -2.5327
v -1.2773 0.6619 -2.5224
v -1.2773 0.6244 -2.5218
v -1.2773 0.5881 -2.5309
v -1.2773 0.5553 -2.5492
v -1.2773 0.5284 -2.5753
v -1.2773 0.5091 -2.6074
v -1.2773 0.4988 -2.6435
v -1.2773 0.4982 -2.6810
v -1.2773 0.5073 -2.7174
v -1.2773 0.5256 -2.7501
v -1.2773 0.5517 -2.7771
v -1.2773 0.5838 -2.7963
v 1.2302 0.5903 -2.7813
v 1.2302 0.5387 -2.7404
v 1.2302 0.5618 -2.7642
v 1.2302 0.5145 -2.6791
v 1.2302 0.5225 -2.7113
v 1.2302 0.5241 -2.6139
v 1.2302 0.5150 -2.6459
v 1.2302 0.5650 -2.5623
v 1.2302 0.5412 -2.5854
v 1.2302 0.6263 -2.5381
v 1.2302 0.5941 -2.5461
v 1.2302 0.6915 -2.5477
v 1.2302 0.6595 -2.5386
v 1.2302 0.7431 -2.5887
v 1.2302 0.7200 -2.5648
v 1.2302 0.7674 -2.6499
v 1.2302 0.7593 -2.6177
v 1.2302 0.7577 -2.7151
v 1.2302 0.7668 -2.6831
v 1.2302 0.7168 -2.7667
v 1.2302 0.7406 -2.7436
v 1.2302 0.6555 -2.7910
v 1.2302 0.6877 -2.7829
v 1.2302 0.6223 -2.7904
v 1.2177 0.5990 -2.9478
v 1.2177 0.6708 -2.9234
v 1.2177 0.6028 -2.9223
v 1.2177 0.6737 -2.9490
v 1.2177 0.7368 -2.9068
v 1.2177 0.7462 -2.9308
v 1.2177 0.7962 -2.8738
v 1.2177 0.8116 -2.8944
v 1.2177 0.8451 -2.8264
v 1.2177 0.8653 -2.8424
v 1.2177 0.8800 -2.7681
v 1.2177 0.9037 -2.7783
v 1.2177 0.8987 -2.7027
v 1.2177 0.9242 -2.7064
v 1.2177 0.8998 -2.6346
v 1.2177 0.9254 -2.6317
v 1.2177 0.8832 -2.5687
v 1.2177 0.9072 -2.5592
v 1.2177 0.8502 -2.5092
v 1.2177 0.8708 -2.4939
v 1.2177 0.8028 -2.4603
v 1.2177 0.8188 -2.4402
v 1.2177 0.7445 -2.4254
v 1.2177 0.7547 -2.4018
v 1.2177 0.6791 -2.4067
v 1.2177 0.6828 -2.3813
v 1.2177 0.6110 -2.4057
v 1.2177 0.6081 -2.3801
v 1.2177 0.5451 -2.4222
v 1.2177 0.5356 -2.3982
v 1.2177 0.4856 -2.4553
v 1.2177 0.4703 -2.4346
v 1.2177 0.4367 -2.5026
v 1.2177 0.4166 -2.4866
v 1.2177 0.4018 -2.5610
v 1.2177 0.3782 -2.5507
v 1.2177 0.3831 -2.6264
v 1.2177 0.3577 -2.6226
v 1.2177 0.3821 -2.6944
v 1.2177 0.3565 -2.6973
v 1.2177 0.3986 -2.7604
v 1.2177 0.3746 -2.7698
v 1.2177 0.4317 -2.8198
v 1.2177 0.4110 -2.8352
v 1.2177 0.4790 -2.8687
v 1.2177 0.4630 -2.8889
v 1.2177 0.5374 -2.9036
v 1.2177 0.5271 -2.9273
v 1.1883 0.6708 -2.9234
v 1.1883 0.6028 -2.9223
v 1.1883 0.7368 -2.9068
v 1.1883 0.7962 -2.8738
v 1.1883 0.8451 -2.8264
v 1.1883 0.8800 -2.7681
v 1.1883 0.8987 -2.7027
v 1.1883 0.8998 -2.6346
v 1.1883 0.8832 -2.5687
v 1.1883 0.8502 -2.5092
v 1.1883 0.8028 -2.4603
v 1.1883 0.7445 -2.4254
v 1.1883 0.6791 -2.4067
v 1.1883 0.6110 -2.4057
v 1.1883 0.5451 -2.4222
v 1.1883 0.4856 -2.4553
v 1.1883 0.4367 -2.5026
v 1.1883 0.4018 -2.5610
v 1.1883 0.3831 -2.6264
v 1.1883 0.3821 -2.6944
v 1.1883 0.3986 -2.7604
v 1.1883 0.4317 -2.8198
v 1.1883 0.4790 -2.8687
v 1.1883 0.5374 -2.9036
v 1.1883 0.7563 -2.5789
v 1.1883 0.7745 -2.6117
v 1.1883 0.7836 -2.6480
v 1.1883 0.7830 -2.6855
v 1.1883 0.7727 -2.7216
v 1.1883 0.7535 -2.7538
v 1.1883 0.7265 -2.7799
v 1.1883 0.6938 -2.7981
v 1.1883 0.6574 -2.8072
v 1.1883 0.6199 -2.8066
v 1.1883 0.5838 -2.7963
v 1.1883 0.5517 -2.7771
v 1.1883 0.5256 -2.7501
v 1.1883 0.5073 -2.7174
v 1.1883 0.4982 -2.6810
v 1.1883 0.4988 -2.6435
v 1.1883 0.5091 -2.6074
v 1.1883 0.5284 -2.5753
v 1.1883 0.5553 -2.5492
v 1.1883 0.5881 -2.5309
v 1.1883 0.6244 -2.5218
v 1.1883 0.6619 -2.5224
v 1.1883 0.6980 -2.5327
v 1.1883 0.7302 -2.5520
v 1.2140 0.6574 -2.8072
v 1.2140 0.6199 -2.8066
v 1.2140 0.6938 -2.7981
v 1.2140 0.7265 -2.7799
v 1.2140 0.7535 -2.7538
v 1.2140 0.7727 -2.7216
v 1.2140 0.7830 -2.6855
v 1.2140 0.7836 -2.6480
v 1.2140 0.7745 -2.6117
v 1.2140 0.7563 -2.5789
v 1.2140 0.7302 -2.5520
v 1.2140 0.6980 -2.5327
v 1.2140 0.6619 -2.5224
v 1.2140 0.6244 -2.5218
v 1.2140 0.5881 -2.5309
v 1.2140 0.5553 -2.5492
v 1.2140 0.5284 -2.5753
v 1.2140 0.5091 -2.6074
v 1.2140 0.4988 -2.6435
v 1.2140 0.4982 -2.6810
v 1.2140 0.5073 -2.7174
v 1.2140 0.5256 -2.7501
v 1.2140 0.5517 -2.7771
v 1.2140 0.5838 -2.7963
v -1.1733 2.0055 -2.6645
v -1.1568 2.0672 -2.6645
v -1.1045 2.1038 -2.6645
v -1.0409 2.0983 -2.6645
v -0.9958 2.0531 -2.6645
v -0.9902 1.9895 -2.6645
v -1.0268 1.9372 -2.6645
v -1.0885 1.9207 -2.6645
v -1.1463 1.9477 -2.6645
v -1.0268 1.9372 -0.7297
v -0.9902 1.9895 -0.7297
v -0.9958 2.0531 -0.7297
v -1.0409 2.0983 -0.7297
v -1.1045 2.1038 -0.7297
v -1.1568 2.0672 -0.7297
v -1.1733 2.0056 -0.7297
v -1.0885 1.9207 -0.7297
v -1.1463 1.9477 -0.7297
v -0.7492 1.9194 -0.8568
v -0.6988 1.9618 -0.8568
v -0.6873 2.0267 -0.8568
v -0.7203 2.0837 -0.8568
v -0.7822 2.1063 -0.8568
v -0.8441 2.0837 -0.8568
v -0.8771 2.0267 -0.8568
v -0.8151 1.9194 -0.8568
v -0.8656 1.9618 -0.8568
v -0.8741 2.0374 -2.8288
v -0.8422 2.0927 -2.8288
v -0.7822 2.1146 -2.8288
v -0.7222 2.0927 -2.8288
v -0.6903 2.0374 -2.8120
v -0.7014 1.9746 -2.8120
v -0.7503 1.9335 -2.8120
v -0.8141 1.9335 -2.8288
v -0.8630 1.9746 -2.8288
v -1.3223 1.7725 -2.8172
v -1.2904 1.8278 -2.8172
v -1.2304 1.8496 -2.8172
v -1.1704 1.8278 -2.8172
v -1.1385 1.7725 -2.8172
v -1.1496 1.7097 -2.8172
v -1.1985 1.6686 -2.8172
v -1.2623 1.6686 -2.8172
v -1.3112 1.7097 -2.8172
v -1.1985 1.6686 -0.5845
v -1.1496 1.7097 -0.5845
v -1.1385 1.7725 -0.5845
v -1.1704 1.8278 -0.5845
v -1.2304 1.8496 -0.5845
v -1.2904 1.8278 -0.5845
v -1.3223 1.7725 -0.5845
v -1.2623 1.6686 -0.5845
v -1.3112 1.7097 -0.5845
v -1.2228 1.7725 -5.3233
v -1.1909 1.8278 -5.3233
v -1.1309 1.8496 -5.3233
v -1.0709 1.8278 -5.3233
v -1.0390 1.7725 -5.3233
v -1.0501 1.7097 -5.3233
v -1.0990 1.6686 -5.3233
v -1.1628 1.6686 -5.3233
v -1.2117 1.7097 -5.3233
v -1.0990 1.6686 -3.0906
v -1.0501 1.7097 -3.0906
v -1.0390 1.7725 -3.0906
v -1.0709 1.8278 -3.0906
v -1.1309 1.8496 -3.0906
v -1.1909 1.8278 -3.0906
v -1.2228 1.7725 -3.0906
v -1.1628 1.6686 -3.0906
v -1.2117 1.7097 -3.0906
v -1.0738 2.0055 -5.1706
v -1.0573 2.0672 -5.1706
v -1.0050 2.1038 -5.1706
v -0.9414 2.0983 -5.1706
v -0.8963 2.0531 -5.1706
v -0.8907 1.9895 -5.1706
v -0.9273 1.9372 -5.1706
v -0.9890 1.9207 -5.1706
v -1.0468 1.9477 -5.1706
v -0.9273 1.9372 -3.2358
v -0.8907 1.9895 -3.2358
v -0.8963 2.0531 -3.2358
v -0.9414 2.0983 -3.2358
v -1.0050 2.1038 -3.2358
v -1.0573 2.0672 -3.2358
v -1.0738 2.0055 -3.2358
v -0.9890 1.9207 -3.2358
v -1.0468 1.9477 -3.2358
v -0.4764 1.7746 -3.5690
v -0.4440 1.8317 -3.5747
v -0.3830 1.8543 -3.5855
v -0.3220 1.8317 -3.5962
v -0.2896 1.7746 -3.6019
v -0.3008 1.7097 -3.6000
v -0.3505 1.6674 -3.5912
v -0.4154 1.6674 -3.5797
v -0.4652 1.7097 -3.5710
v -0.0121 1.6815 -1.6655
v 0.0361 1.7226 -1.6740
v 0.0470 1.7854 -1.6759
v 0.0185 1.8407 -1.6538
v -0.0406 1.8625 -1.6434
v -0.0996 1.8407 -1.6330
v -0.1311 1.7854 -1.6274
v -0.0720 1.6815 -1.6379
v -0.1202 1.7226 -1.6294
v -0.7148 1.7725 -2.9753
v -0.6828 1.8278 -2.9753
v -0.6229 1.8496 -2.9753
v -0.5629 1.8278 -2.9753
v -0.5310 1.7725 -2.9753
v -0.5420 1.7097 -2.9753
v -0.5909 1.6686 -2.9753
v -0.6548 1.6686 -2.9753
v -0.7037 1.7097 -2.9753
v -0.5909 1.6686 -0.7426
v -0.5420 1.7097 -0.7426
v -0.5310 1.7725 -0.7426
v -0.5629 1.8278 -0.7426
v -0.6229 1.8496 -0.7426
v -0.6828 1.8278 -0.7426
v -0.7148 1.7725 -0.7426
v -0.6548 1.6686 -0.7426
v -0.7037 1.7097 -0.7426
v -1.0210 1.7746 -2.7453
v -0.9880 1.8317 -2.7453
v -0.9261 1.8543 -2.7453
v -0.8642 1.8317 -2.7453
v -0.8312 1.7746 -2.7453
v -0.8427 1.7097 -2.7453
v -0.8932 1.6674 -2.7453
v -0.9591 1.6674 -2.7453
v -1.0096 1.7097 -2.7453
v -0.8942 1.6815 -0.7901
v -0.8453 1.7226 -0.7901
v -0.8342 1.7854 -0.7901
v -0.8661 1.8407 -0.7733
v -0.9261 1.8625 -0.7733
v -0.9861 1.8407 -0.7733
v -1.0180 1.7854 -0.7733
v -0.9580 1.6815 -0.7733
v -1.0069 1.7226 -0.7733
v -0.9215 1.7746 -5.2513
v -0.8885 1.8317 -5.2513
v -0.8266 1.8543 -5.2513
v -0.7647 1.8317 -5.2513
v -0.7317 1.7746 -5.2513
v -0.7432 1.7097 -5.2513
v -0.7937 1.6674 -5.2513
v -0.8596 1.6674 -5.2513
v -0.9101 1.7097 -5.2513
v -0.7947 1.6815 -3.2962
v -0.7458 1.7226 -3.2962
v -0.7347 1.7854 -3.2962
v -0.7666 1.8407 -3.2793
v -0.8266 1.8625 -3.2793
v -0.8866 1.8407 -3.2793
v -0.9185 1.7854 -3.2793
v -0.8585 1.6815 -3.2793
v -0.9074 1.7226 -3.2793
v 0.7878 1.0328 5.8769
v 0.7878 1.1642 5.8769
v 0.8482 1.2247 5.8769
v 1.2847 1.2247 5.8769
v 1.3451 1.1642 5.8769
v 1.3451 1.0328 5.8769
v 1.2847 0.9723 5.8769
v 0.8482 0.9723 5.8769
v 0.8547 0.9881 5.9696
v 1.2782 0.9881 5.9696
v 1.3294 1.0393 5.9696
v 1.3294 1.1577 5.9696
v 1.2782 1.2089 5.9696
v 0.8547 1.2089 5.9696
v 0.8035 1.1577 5.9696
v 0.8035 1.0393 5.9696
v 1.2847 0.9723 5.9473
v 0.8482 0.9723 5.9473
v 1.3451 1.1642 5.9473
v 1.3451 1.0328 5.9473
v 0.8482 1.2247 5.9473
v 1.2847 1.2247 5.9473
v 0.7878 1.0328 5.9473
v 0.7878 1.1642 5.9473
v -1.2562 0.9723 5.8769
v -1.3167 1.0328 5.8769
v -1.3167 1.1642 5.8769
v -1.2562 1.2247 5.8769
v -0.8198 1.2247 5.8769
v -0.7593 1.1642 5.8769
v -0.7593 1.0328 5.8769
v -0.8198 0.9723 5.8769
v -0.7751 1.1577 5.9696
v -0.8263 1.2089 5.9696
v -1.2497 1.2089 5.9696
v -1.3009 1.1577 5.9696
v -1.3009 1.0393 5.9696
v -1.2497 0.9881 5.9696
v -0.8263 0.9881 5.9696
v -0.7751 1.0393 5.9696
v -0.8198 0.9723 5.9473
v -1.2562 0.9723 5.9473
v -1.3167 1.0328 5.9473
v -1.3167 1.1642 5.9473
v -1.2562 1.2247 5.9473
v -0.8198 1.2247 5.9473
v -0.7593 1.1642 5.9473
v -0.7593 1.0328 5.9473
v 1.0869 1.0478 5.9631
v 1.0869 1.1510 5.9631
v 1.1315 1.1837 5.9631
v 1.2161 1.1837 5.9631
v 1.2646 1.1510 5.9631
v 1.2646 1.0478 5.9631
v 1.2161 1.0053 5.9631
v 1.1315 1.0053 5.9631
v 1.1381 1.0211 6.0273
v 1.2096 1.0211 6.0273
v 1.2488 1.0543 6.0273
v 1.2488 1.1445 6.0273
v 1.2096 1.1679 6.0273
v 1.1381 1.1679 6.0273
v 1.1026 1.1445 6.0273
v 1.1026 1.0543 6.0273
v 1.2161 1.0053 6.0051
v 1.1315 1.0053 6.0051
v 1.2646 1.1510 6.0051
v 1.2646 1.0478 6.0051
v 1.1315 1.1837 6.0051
v 1.2161 1.1837 6.0051
v 1.0869 1.0478 6.0051
v 1.0869 1.1510 6.0051
v 0.8547 1.0541 5.9571
v 0.8547 1.1357 5.9571
v 0.8900 1.1615 5.9571
v 0.9568 1.1615 5.9571
v 0.9951 1.1357 5.9571
v 0.9951 1.0541 5.9571
v 0.9568 1.0206 5.9571
v 0.8900 1.0206 5.9571
v 0.8952 1.0330 6.0079
v 0.9516 1.0330 6.0079
v 0.9826 1.0593 6.0079
v 0.9826 1.1305 6.0079
v 0.9516 1.1490 6.0079
v 0.8952 1.1490 6.0079
v 0.8671 1.1305 6.0079
v 0.8671 1.0593 6.0079
v 0.9568 1.0206 5.9903
v 0.8900 1.0206 5.9903
v 0.9951 1.1357 5.9903
v 0.9951 1.0541 5.9903
v 0.8900 1.1615 5.9903
v 0.9568 1.1615 5.9903
v 0.8547 1.0541 5.9903
v 0.8547 1.1357 5.9903
v -1.1876 1.0053 5.9631
v -1.2361 1.0478 5.9631
v -1.2361 1.1510 5.9631
v -1.1876 1.1837 5.9631
v -1.1031 1.1837 5.9631
v -1.0584 1.1510 5.9631
v -1.0584 1.0478 5.9631
v -1.1031 1.0053 5.9631
v -1.0741 1.1445 6.0273
v -1.1096 1.1679 6.0273
v -1.1811 1.1679 6.0273
v -1.2203 1.1445 6.0273
v -1.2203 1.0543 6.0273
v -1.1811 1.0211 6.0273
v -1.1096 1.0211 6.0273
v -1.0741 1.0543 6.0273
v -1.1031 1.0053 6.0051
v -1.1876 1.0053 6.0051
v -1.2361 1.0478 6.0051
v -1.2361 1.1510 6.0051
v -1.1876 1.1837 6.0051
v -1.1031 1.1837 6.0051
v -1.0584 1.1510 6.0051
v -1.0584 1.0478 6.0051
v -0.9283 1.0206 5.9571
v -0.9666 1.0541 5.9571
v -0.9666 1.1357 5.9571
v -0.9283 1.1615 5.9571
v -0.8615 1.1615 5.9571
v -0.8262 1.1357 5.9571
v -0.8262 1.0541 5.9571
v -0.8615 1.0206 5.9571
v -0.8387 1.1305 6.0079
v -0.8667 1.1490 6.0079
v -0.9232 1.1490 6.0079
v -0.9542 1.1305 6.0079
v -0.9542 1.0593 6.0079
v -0.9232 1.0330 6.0079
v -0.8667 1.0330 6.0079
v -0.8387 1.0593 6.0079
v -0.8615 1.0206 5.9903
v -0.9283 1.0206 5.9903
v -0.9666 1.0541 5.9903
v -0.9666 1.1357 5.9903
v -0.9283 1.1615 5.9903
v -0.8615 1.1615 5.9903
v -0.8262 1.1357 5.9903
v -0.8262 1.0541 5.9903
v -1.2676 0.7542 5.8908
v -1.3161 0.7967 5.8908
v -1.3161 0.8999 5.8908
v -1.2676 0.9326 5.8908
v -0.9635 0.9326 5.8908
v -0.9188 0.8999 5.8908
v -0.9188 0.7967 5.8908
v -0.9635 0.7542 5.8908
v -0.9346 0.8934 5.9550
v -0.9700 0.9168 5.9550
v -1.2611 0.9168 5.9550
v -1.3004 0.8934 5.9550
v -1.3004 0.8032 5.9550
v -1.2611 0.7700 5.9550
v -0.9700 0.7700 5.9550
v -0.9346 0.8032 5.9550
v -0.9635 0.7542 5.9328
v -1.2676 0.7542 5.9328
v -1.3161 0.7967 5.9328
v -1.3161 0.8999 5.9328
v -1.2676 0.9326 5.9328
v -0.9635 0.9326 5.9328
v -0.9188 0.8999 5.9328
v -0.9188 0.7967 5.9328
v 0.9473 0.7967 5.8908
v 0.9473 0.8999 5.8908
v 0.9920 0.9326 5.8908
v 1.2961 0.9326 5.8908
v 1.3446 0.8999 5.8908
v 1.3446 0.7967 5.8908
v 1.2961 0.7542 5.8908
v 0.9920 0.7542 5.8908
v 0.9985 0.7700 5.9550
v 1.2896 0.7700 5.9550
v 1.3288 0.8032 5.9550
v 1.3288 0.8934 5.9550
v 1.2896 0.9168 5.9550
v 0.9985 0.9168 5.9550
v 0.9630 0.8934 5.9550
v 0.9630 0.8032 5.9550
v 1.2961 0.7542 5.9328
v 0.9920 0.7542 5.9328
v 1.3446 0.8999 5.9328
v 1.3446 0.7967 5.9328
v 0.9920 0.9326 5.9328
v 1.2961 0.9326 5.9328
v 0.9473 0.7967 5.9328
v 0.9473 0.8999 5.9328
v 0.5913 1.0867 5.8584
v 0.5913 0.7995 5.8584
v -0.5803 0.7995 5.8584
v -0.5803 1.0867 5.8584
v 0.5740 1.0693 5.9646
v -0.5629 1.0693 5.9646
v -0.5629 0.8168 5.9646
v 0.5740 0.8168 5.9646
v 0.5913 0.7995 5.9448
v -0.5803 0.7995 5.9448
v 0.5913 1.0867 5.9448
v -0.5803 1.0867 5.9448
v 1.0747 2.1574 5.7825
v 1.0747 1.2741 5.7825
v -1.1035 1.2741 5.7825
v -1.1035 2.1574 5.7825
v 0.9837 2.0321 5.8375
v -1.0125 2.0321 5.8375
v -1.0125 1.5575 5.8375
v 0.9837 1.5575 5.8375
v 1.0747 1.2741 5.8754
v -1.1035 1.2741 5.8754
v 1.0747 2.1574 5.8754
v -1.1035 2.1574 5.8754
v -1.0935 1.2841 5.8854
v 1.0647 1.2841 5.8854
v 1.0171 1.5240 5.8854
v -1.0459 1.5240 5.8854
v 1.0647 2.1474 5.8854
v 1.0171 2.0655 5.8854
v -1.0935 2.1474 5.8854
v -1.0459 2.0655 5.8854
v -1.0359 1.5340 5.8754
v 1.0071 1.5340 5.8754
v 1.0071 2.0555 5.8754
v -1.0359 2.0555 5.8754
v -1.0489 1.6992 5.8331
v 1.0178 1.6992 5.8331
v 1.0178 1.6133 5.8331
v -1.0489 1.6133 5.8331
v -1.0420 1.6232 5.8719
v 1.0109 1.6232 5.8719
v 1.0109 1.6893 5.8719
v -1.0420 1.6893 5.8719
v 1.0178 1.6133 5.8619
v -1.0489 1.6133 5.8619
v 1.0178 1.6992 5.8619
v -1.0489 1.6992 5.8619
v -1.0489 1.8381 5.8331
v 1.0178 1.8381 5.8331
v 1.0178 1.7521 5.8331
v -1.0489 1.7521 5.8331
v -1.0420 1.7620 5.8719
v 1.0109 1.7620 5.8719
v 1.0109 1.8282 5.8719
v -1.0420 1.8282 5.8719
v 1.0178 1.7521 5.8619
v -1.0489 1.7521 5.8619
v 1.0178 1.8381 5.8619
v -1.0489 1.8381 5.8619
v -1.0489 1.9769 5.8331
v 1.0178 1.9769 5.8331
v 1.0178 1.8910 5.8331
v -1.0489 1.8910 5.8331
v -1.0420 1.9008 5.8719
v 1.0109 1.9008 5.8719
v 1.0109 1.9670 5.8719
v -1.0420 1.9670 5.8719
v 1.0178 1.8910 5.8619
v -1.0489 1.8910 5.8619
v 1.0178 1.9769 5.8619
v -1.0489 1.9769 5.8619
vt 0.49176 0.95541
vt 0.49176 0.95541
vt 0.49176 0.95541
vt 0.49176 0.95541
vt 0.49176 0.95541
vt 0.49176 0.95541
vt 0.49176 0.95541
vt 0.49176 0.95541
vt 0.49176 0.95541
vt 0.49176 0.95541
vt 0.49176 0.95541
vt 0.49176 0.95541
vt 0.49176 0.95541
vt 0.49176 0.95541
vt 0.49176 0.95541
vt 0.49176 0.95541
vt 0.49176 0.95541
vt 0.49176 0.95541
vt 0.49176 0.95541
vt 0.49176 0.95541
vt 0.49176 0.95541
vt 0.49176 0.95541
vt 0.49176 0.95541
vt 0.49176 0.95541
vt 0.49176 0.95541
vt 0.49176 0.95541
vt 0.49176 0.95541
vt 0.49176 0.95541
vt 0.49176 0.95541
vt 0.49176 0.95541
vt 0.49176 0.95541
vt 0.49176 0.95541
vt 0.49176 0.95541
vt 0.49176 0.95541
vt 0.49176 0.95541
vt 0.49176 0.95541
vt 0.49176 0.95541
vt 0.49176 0.95541
vt 0.49176 0.95541
vt 0.49176 0.95541
vt 0.49176 0.95541
vt 0.49176 0.95541
vt 0.49176 0.95541
vt 0.49176 0.95541
vt 0.49176 0.95541
vt 0.49176 0.95541
vt 0.49176 0.95541
vt 0.49176 0.95541
vt 0.49176 0.95541
vt 0.49176 0.95541
vt 0.49176 0.95541
vt 0.49176 0.95541
vt 0.49176 0.95541
vt 0.49176 0.95541
vt 0.49176 0.95541
vt 0.49176 0.95541
vt 0.49176 0.95541
vt 0.49176 0.95541
vt 0.49176 0.95541
vt 0.49176 0.95541
vt 0.49176 0.95541
vt 0.49176 0.95541
vt 0.49176 0.95541
vt 0.49176 0.95541
vt 0.49176 0.95541
vt 0.49176 0.95541
vt 0.49176 0.95541
vt 0.49176 0.95541
vt 0.49176 0.95541
vt 0.49176 0.95541
vt 0.49176 0.95541
vt 0.49176 0.95541
vt 0.49176 0.95541
vt 0.49176 0.95541
vt 0.49176 0.95541
vt 0.49176 0.95541
vt 0.49176 0.95541
vt 0.49176 0.95541
vt 0.49176 0.95541
vt 0.49176 0.95541
vt 0.49176 0.95541
vt 0.49176 0.95541
vt 0.49176 0.95541
vt 0.49176 0.95541
vt 0.49176 0.95541
vt 0.49176 0.95541
vt 0.49176 0.95541
vt 0.49176 0.95541
vt 0.49176 0.95541
vt 0.49176 0.95541
vt 0.49176 0.95541
vt 0.49176 0.95541
vt 0.49176 0.95541
vt 0.49176 0.95541
vt 0.49176 0.95541
vt 0.49176 0.95541
vt 0.26237 0.87504
vt 0.26237 0.87503
vt 0.26237 0.87503
vt 0.26237 0.87504
vt 0.26237 0.87503
vt 0.26237 0.87504
vt 0.26237 0.87502
vt 0.26237 0.87504
vt 0.26237 0.87502
vt 0.26237 0.87504
vt 0.26237 0.87502
vt 0.26237 0.87502
vt 0.26237 0.87502
vt 0.26237 0.87502
vt 0.26237 0.87502
vt 0.26237 0.87502
vt 0.26237 0.87502
vt 0.26237 0.87502
vt 0.26237 0.87502
vt 0.26237 0.87501
vt 0.26237 0.87502
vt 0.26237 0.87502
vt 0.26237 0.87502
vt 0.26237 0.87502
vt 0.26237 0.87502
vt 0.26237 0.87504
vt 0.26237 0.87504
vt 0.26237 0.87504
vt 0.26237 0.87504
vt 0.26237 0.87504
vt 0.26237 0.87505
vt 0.26237 0.87505
vt 0.26237 0.87505
vt 0.26237 0.87505
vt 0.26237 0.87505
vt 0.26237 0.87507
vt 0.26237 0.87507
vt 0.26237 0.87507
vt 0.26237 0.87507
vt 0.26237 0.87507
vt 0.26236 0.87508
vt 0.26237 0.87508
vt 0.26237 0.87508
vt 0.26237 0.87508
vt 0.26237 0.87509
vt 0.26237 0.87508
vt 0.26237 0.87508
vt 0.26237 0.87508
vt 0.26237 0.87508
vt 0.26237 0.87508
vt 0.26237 0.87509
vt 0.26237 0.87508
vt 0.26237 0.87508
vt 0.26237 0.87509
vt 0.26237 0.87509
vt 0.26237 0.87509
vt 0.26237 0.87509
vt 0.26237 0.87509
vt 0.26237 0.87509
vt 0.26237 0.87509
vt 0.26237 0.87507
vt 0.26237 0.87507
vt 0.26237 0.87507
vt 0.26237 0.87507
vt 0.26237 0.87507
vt 0.26237 0.87506
vt 0.26237 0.87506
vt 0.26237 0.87506
vt 0.26237 0.87506
vt 0.26237 0.87506
vt 0.26238 0.87504
vt 0.26238 0.87502
vt 0.26238 0.87503
vt 0.26238 0.87504
vt 0.26238 0.87503
vt 0.26238 0.87504
vt 0.26238 0.87502
vt 0.26238 0.87504
vt 0.26238 0.87502
vt 0.26238 0.87504
vt 0.26237 0.87503
vt 0.26238 0.87503
vt 0.26238 0.87503
vt 0.26238 0.87503
vt 0.26238 0.87502
vt 0.26237 0.87502
vt 0.26237 0.87502
vt 0.26237 0.87502
vt 0.26237 0.87502
vt 0.26237 0.87502
vt 0.26237 0.87502
vt 0.26237 0.87502
vt 0.26238 0.87502
vt 0.26238 0.87501
vt 0.26237 0.87501
vt 0.26237 0.87503
vt 0.26237 0.87503
vt 0.26238 0.87503
vt 0.26238 0.87503
vt 0.26237 0.87503
vt 0.26237 0.87505
vt 0.26237 0.87505
vt 0.26237 0.87505
vt 0.26237 0.87505
vt 0.26237 0.87505
vt 0.26237 0.87506
vt 0.26237 0.87506
vt 0.26237 0.87506
vt 0.26237 0.87506
vt 0.26237 0.87506
vt 0.26237 0.87508
vt 0.26237 0.87508
vt 0.26237 0.87508
vt 0.26237 0.87508
vt 0.26237 0.87508
vt 0.26237 0.87508
vt 0.26237 0.87508
vt 0.26237 0.87508
vt 0.26237 0.87508
vt 0.26237 0.87509
vt 0.26238 0.87509
vt 0.26238 0.87509
vt 0.26238 0.87509
vt 0.26238 0.87509
vt 0.26238 0.87509
vt 0.26237 0.87509
vt 0.26237 0.87509
vt 0.26238 0.87509
vt 0.26238 0.87509
vt 0.26238 0.87509
vt 0.26237 0.87507
vt 0.26237 0.87507
vt 0.26237 0.87507
vt 0.26238 0.87507
vt 0.26237 0.87507
vt 0.26237 0.87506
vt 0.26237 0.87506
vt 0.26237 0.87506
vt 0.26237 0.87506
vt 0.26237 0.87506
vt 0.26240 0.87503
vt 0.26239 0.87502
vt 0.26239 0.87502
vt 0.26240 0.87502
vt 0.26239 0.87502
vt 0.26240 0.87502
vt 0.26239 0.87501
vt 0.26240 0.87502
vt 0.26239 0.87502
vt 0.26240 0.87502
vt 0.26238 0.87503
vt 0.26239 0.87503
vt 0.26239 0.87502
vt 0.26238 0.87502
vt 0.26238 0.87503
vt 0.26238 0.87504
vt 0.26238 0.87504
vt 0.26238 0.87503
vt 0.26238 0.87503
vt 0.26238 0.87504
vt 0.26238 0.87503
vt 0.26238 0.87503
vt 0.26238 0.87503
vt 0.26238 0.87503
vt 0.26238 0.87503
vt 0.26239 0.87503
vt 0.26239 0.87503
vt 0.26239 0.87503
vt 0.26239 0.87503
vt 0.26239 0.87503
vt 0.26241 0.87504
vt 0.26241 0.87504
vt 0.26241 0.87503
vt 0.26241 0.87503
vt 0.26241 0.87503
vt 0.26242 0.87504
vt 0.26242 0.87504
vt 0.26242 0.87504
vt 0.26242 0.87504
vt 0.26242 0.87504
vt 0.26243 0.87505
vt 0.26243 0.87504
vt 0.26243 0.87504
vt 0.26243 0.87504
vt 0.26243 0.87504
vt 0.26243 0.87504
vt 0.26243 0.87504
vt 0.26243 0.87503
vt 0.26243 0.87503
vt 0.26243 0.87504
vt 0.26244 0.87503
vt 0.26244 0.87503
vt 0.26244 0.87502
vt 0.26244 0.87502
vt 0.26244 0.87503
vt 0.26244 0.87504
vt 0.26244 0.87503
vt 0.26244 0.87503
vt 0.26244 0.87503
vt 0.26244 0.87503
vt 0.26243 0.87504
vt 0.26243 0.87504
vt 0.26243 0.87503
vt 0.26243 0.87503
vt 0.26243 0.87504
vt 0.26242 0.87504
vt 0.26242 0.87504
vt 0.26242 0.87504
vt 0.26242 0.87504
vt 0.26242 0.87504
vt 0.26240 0.87505
vt 0.26239 0.87504
vt 0.26239 0.87504
vt 0.26240 0.87504
vt 0.26239 0.87504
vt 0.26240 0.87504
vt 0.26239 0.87503
vt 0.26240 0.87504
vt 0.26239 0.87504
vt 0.26240 0.87504
vt 0.26239 0.87505
vt 0.26239 0.87505
vt 0.26239 0.87504
vt 0.26239 0.87504
vt 0.26239 0.87505
vt 0.26238 0.87506
vt 0.26239 0.87506
vt 0.26239 0.87505
vt 0.26238 0.87505
vt 0.26238 0.87506
vt 0.26238 0.87505
vt 0.26238 0.87505
vt 0.26238 0.87505
vt 0.26238 0.87505
vt 0.26238 0.87505
vt 0.26239 0.87505
vt 0.26239 0.87505
vt 0.26239 0.87505
vt 0.26239 0.87505
vt 0.26239 0.87505
vt 0.26241 0.87506
vt 0.26241 0.87505
vt 0.26241 0.87505
vt 0.26241 0.87505
vt 0.26241 0.87505
vt 0.26242 0.87506
vt 0.26242 0.87506
vt 0.26242 0.87506
vt 0.26242 0.87506
vt 0.26242 0.87506
vt 0.26243 0.87507
vt 0.26243 0.87506
vt 0.26243 0.87506
vt 0.26243 0.87506
vt 0.26243 0.87506
vt 0.26244 0.87506
vt 0.26244 0.87506
vt 0.26244 0.87505
vt 0.26244 0.87505
vt 0.26244 0.87506
vt 0.26244 0.87505
vt 0.26244 0.87505
vt 0.26244 0.87504
vt 0.26244 0.87504
vt 0.26244 0.87505
vt 0.26244 0.87505
vt 0.26244 0.87505
vt 0.26244 0.87505
vt 0.26244 0.87505
vt 0.26244 0.87505
vt 0.26243 0.87506
vt 0.26243 0.87506
vt 0.26243 0.87505
vt 0.26243 0.87505
vt 0.26243 0.87505
vt 0.26242 0.87506
vt 0.26242 0.87506
vt 0.26242 0.87505
vt 0.26242 0.87505
vt 0.26242 0.87506
vt 0.26240 0.87507
vt 0.26239 0.87506
vt 0.26239 0.87506
vt 0.26240 0.87507
vt 0.26239 0.87506
vt 0.26240 0.87506
vt 0.26239 0.87505
vt 0.26240 0.87506
vt 0.26239 0.87506
vt 0.26240 0.87507
vt 0.26239 0.87506
vt 0.26239 0.87506
vt 0.26239 0.87506
vt 0.26239 0.87506
vt 0.26238 0.87506
vt 0.26238 0.87507
vt 0.26238 0.87507
vt 0.26238 0.87506
vt 0.26238 0.87506
vt 0.26238 0.87507
vt 0.26238 0.87507
vt 0.26238 0.87506
vt 0.26238 0.87506
vt 0.26238 0.87506
vt 0.26238 0.87506
vt 0.26239 0.87507
vt 0.26239 0.87507
vt 0.26239 0.87507
vt 0.26239 0.87507
vt 0.26239 0.87507
vt 0.26240 0.87508
vt 0.26240 0.87508
vt 0.26240 0.87508
vt 0.26240 0.87508
vt 0.26240 0.87508
vt 0.26241 0.87509
vt 0.26241 0.87509
vt 0.26241 0.87509
vt 0.26241 0.87509
vt 0.26241 0.87509
vt 0.26242 0.87510
vt 0.26242 0.87510
vt 0.26242 0.87509
vt 0.26242 0.87509
vt 0.26242 0.87510
vt 0.26242 0.87509
vt 0.26242 0.87509
vt 0.26242 0.87509
vt 0.26242 0.87509
vt 0.26242 0.87509
vt 0.26243 0.87509
vt 0.26243 0.87508
vt 0.26243 0.87508
vt 0.26243 0.87508
vt 0.26243 0.87509
vt 0.26243 0.87509
vt 0.26243 0.87509
vt 0.26243 0.87509
vt 0.26243 0.87509
vt 0.26243 0.87509
vt 0.26242 0.87509
vt 0.26242 0.87509
vt 0.26242 0.87508
vt 0.26242 0.87508
vt 0.26242 0.87509
vt 0.26241 0.87509
vt 0.26241 0.87508
vt 0.26241 0.87508
vt 0.26241 0.87508
vt 0.26241 0.87508
vt 0.26240 0.87509
vt 0.26239 0.87508
vt 0.26239 0.87508
vt 0.26240 0.87508
vt 0.26239 0.87507
vt 0.26240 0.87508
vt 0.26239 0.87507
vt 0.26240 0.87508
vt 0.26239 0.87507
vt 0.26240 0.87508
vt 0.26239 0.87508
vt 0.26239 0.87508
vt 0.26239 0.87508
vt 0.26239 0.87508
vt 0.26239 0.87508
vt 0.26238 0.87509
vt 0.26238 0.87509
vt 0.26238 0.87508
vt 0.26238 0.87508
vt 0.26238 0.87509
vt 0.26238 0.87508
vt 0.26238 0.87508
vt 0.26238 0.87508
vt 0.26238 0.87508
vt 0.26238 0.87508
vt 0.26239 0.87509
vt 0.26239 0.87509
vt 0.26239 0.87508
vt 0.26239 0.87508
vt 0.26239 0.87509
vt 0.26240 0.87509
vt 0.26240 0.87509
vt 0.26240 0.87509
vt 0.26240 0.87509
vt 0.26240 0.87509
vt 0.26241 0.87511
vt 0.26241 0.87510
vt 0.26241 0.87510
vt 0.26241 0.87510
vt 0.26241 0.87510
vt 0.26242 0.87511
vt 0.26242 0.87511
vt 0.26242 0.87511
vt 0.26242 0.87511
vt 0.26242 0.87511
vt 0.26242 0.87511
vt 0.26242 0.87511
vt 0.26242 0.87511
vt 0.26242 0.87511
vt 0.26242 0.87511
vt 0.26243 0.87511
vt 0.26243 0.87510
vt 0.26243 0.87510
vt 0.26243 0.87510
vt 0.26243 0.87510
vt 0.26243 0.87511
vt 0.26243 0.87511
vt 0.26243 0.87510
vt 0.26243 0.87510
vt 0.26243 0.87511
vt 0.26242 0.87510
vt 0.26242 0.87510
vt 0.26242 0.87510
vt 0.26242 0.87510
vt 0.26242 0.87510
vt 0.26241 0.87510
vt 0.26241 0.87510
vt 0.26241 0.87510
vt 0.26241 0.87510
vt 0.26241 0.87510
vt 0.68135 0.96778
vt 0.68135 0.96778
vt 0.68135 0.96778
vt 0.68135 0.96778
vt 0.68135 0.96778
vt 0.68135 0.96778
vt 0.68135 0.96778
vt 0.68135 0.96778
vt 0.68135 0.96778
vt 0.68135 0.96778
vt 0.68135 0.96778
vt 0.68135 0.96778
vt 0.68135 0.96778
vt 0.68135 0.96778
vt 0.68135 0.96778
vt 0.68135 0.96778
vt 0.68135 0.96778
vt 0.68135 0.96778
vt 0.68135 0.96778
vt 0.68135 0.96778
vt 0.68135 0.96778
vt 0.68135 0.96778
vt 0.68135 0.96778
vt 0.68135 0.96778
vt 0.68135 0.96778
vt 0.68135 0.96778
vt 0.68135 0.96778
vt 0.68135 0.96778
vt 0.68135 0.96778
vt 0.68135 0.96778
vt 0.68135 0.96778
vt 0.68135 0.96778
vt 0.68135 0.96778
vt 0.68135 0.96778
vt 0.68135 0.96778
vt 0.68135 0.96778
vt 0.68135 0.96778
vt 0.68135 0.96778
vt 0.68135 0.96778
vt 0.68135 0.96778
vt 0.68135 0.96778
vt 0.68135 0.96778
vt 0.68135 0.96778
vt 0.68135 0.96778
vt 0.68135 0.96778
vt 0.68135 0.96778
vt 0.68135 0.96778
vt 0.68135 0.96778
vt 0.68135 0.96778
vt 0.68135 0.96778
vt 0.68135 0.96778
vt 0.68135 0.96778
vt 0.68135 0.96778
vt 0.68135 0.96778
vt 0.68135 0.96778
vt 0.68135 0.96778
vt 0.68135 0.96778
vt 0.68135 0.96778
vt 0.68135 0.96778
vt 0.68135 0.96778
vt 0.68135 0.96778
vt 0.68135 0.96778
vt 0.68135 0.96778
vt 0.68135 0.96778
vt 0.68135 0.96778
vt 0.68135 0.96778
vt 0.68135 0.96778
vt 0.68135 0.96778
vt 0.68135 0.96778
vt 0.68135 0.96778
vt 0.68135 0.96778
vt 0.68135 0.96778
vt 0.68135 0.96778
vt 0.68135 0.96778
vt 0.68135 0.96778
vt 0.68135 0.96778
vt 0.68135 0.96778
vt 0.68135 0.96778
vt 0.68135 0.96778
vt 0.68135 0.96778
vt 0.68135 0.96778
vt 0.68135 0.96778
vt 0.68135 0.96778
vt 0.68135 0.96778
vt 0.68135 0.96778
vt 0.68135 0.96778
vt 0.68135 0.96778
vt 0.68135 0.96778
vt 0.68135 0.96778
vt 0.68135 0.96778
vt 0.68135 0.96778
vt 0.68135 0.96778
vt 0.68135 0.96778
vt 0.68135 0.96778
vt 0.68135 0.96778
vt 0.68135 0.96778
vt 0.96574 0.96160
vt 0.96574 0.96160
vt 0.96574 0.96160
vt 0.96574 0.96160
vt 0.96574 0.96160
vt 0.96574 0.96160
vt 0.96574 0.96160
vt 0.96574 0.96160
vt 0.96574 0.96160
vt 0.96574 0.96160
vt 0.96574 0.96160
vt 0.96574 0.96160
vt 0.96574 0.96160
vt 0.96574 0.96160
vt 0.96574 0.96160
vt 0.96574 0.96160
vt 0.96574 0.96160
vt 0.96574 0.96160
vt 0.96574 0.96160
vt 0.96574 0.96160
vt 0.96574 0.96160
vt 0.96574 0.96160
vt 0.96574 0.96160
vt 0.96574 0.96160
vt 0.96574 0.96160
vt 0.96574 0.96160
vt 0.96574 0.96160
vt 0.96574 0.96160
vt 0.96574 0.96160
vt 0.96574 0.96160
vt 0.96574 0.96160
vt 0.96574 0.96160
vt 0.96574 0.96160
vt 0.96574 0.96160
vt 0.96574 0.96160
vt 0.96574 0.96160
vt 0.96574 0.96160
vt 0.96574 0.96160
vt 0.96574 0.96160
vt 0.96574 0.96160
vt 0.96574 0.96160
vt 0.96574 0.96160
vt 0.96574 0.96160
vt 0.96574 0.96160
vt 0.96574 0.96160
vt 0.96574 0.96160
vt 0.96574 0.96160
vt 0.96574 0.96160
vt 0.96574 0.96160
vt 0.96574 0.96160
vt 0.96574 0.96160
vt 0.96574 0.96160
vt 0.96574 0.96160
vt 0.96574 0.96160
vt 0.96574 0.96160
vt 0.96574 0.96160
vt 0.96574 0.96160
vt 0.96574 0.96160
vt 0.96574 0.96160
vt 0.96574 0.96160
vt 0.96574 0.96160
vt 0.96574 0.96160
vt 0.96574 0.96160
vt 0.96574 0.96160
vt 0.96574 0.96160
vt 0.96574 0.96160
vt 0.96574 0.96160
vt 0.96574 0.96160
vt 0.96574 0.96160
vt 0.96574 0.96160
vt 0.96574 0.96160
vt 0.96574 0.96160
vt 0.96574 0.96160
vt 0.96574 0.96160
vt 0.96574 0.96160
vt 0.96574 0.96160
vt 0.96574 0.96160
vt 0.96574 0.96160
vt 0.96574 0.96160
vt 0.96574 0.96160
vt 0.96574 0.96160
vt 0.96574 0.96160
vt 0.96574 0.96160
vt 0.96574 0.96160
vt 0.96574 0.96160
vt 0.96574 0.96160
vt 0.96574 0.96160
vt 0.96574 0.96160
vt 0.96574 0.96160
vt 0.96574 0.96160
vt 0.96574 0.96160
vt 0.96574 0.96160
vt 0.96574 0.96160
vt 0.96574 0.96160
vt 0.96574 0.96160
vt 0.96574 0.96160
vt 0.27125 0.92471
vt 0.27125 0.92471
vt 0.27125 0.92471
vt 0.27125 0.92471
vt 0.27125 0.92471
vt 0.27125 0.92471
vt 0.27125 0.92471
vt 0.27125 0.92471
vt 0.27125 0.92471
vt 0.27125 0.92471
vt 0.27125 0.92471
vt 0.27125 0.92471
vt 0.27125 0.92471
vt 0.27125 0.92471
vt 0.27125 0.92471
vt 0.27125 0.92471
vt 0.27125 0.92471
vt 0.27125 0.92471
vt 0.27125 0.92471
vt 0.27125 0.92471
vt 0.27125 0.92471
vt 0.27125 0.92471
vt 0.27125 0.92471
vt 0.27125 0.92471
vt 0.27125 0.92471
vt 0.27125 0.92471
vt 0.27125 0.92471
vt 0.27125 0.92471
vt 0.27125 0.92471
vt 0.27125 0.92471
vt 0.27125 0.92471
vt 0.27125 0.92471
vt 0.27125 0.92471
vt 0.27125 0.92471
vt 0.27125 0.92471
vt 0.27125 0.92471
vt 0.27125 0.92471
vt 0.27125 0.92471
vt 0.27125 0.92471
vt 0.27125 0.92471
vt 0.27125 0.92471
vt 0.27125 0.92471
vt 0.27125 0.92471
vt 0.27125 0.92471
vt 0.27125 0.92471
vt 0.27125 0.92471
vt 0.27125 0.92471
vt 0.27125 0.92471
vt 0.27125 0.92471
vt 0.27125 0.92471
vt 0.27125 0.92471
vt 0.27125 0.92471
vt 0.27125 0.92471
vt 0.27125 0.92471
vt 0.27125 0.92471
vt 0.27125 0.92471
vt 0.27125 0.92471
vt 0.27125 0.92471
vt 0.27125 0.92471
vt 0.27125 0.92471
vt 0.27125 0.92471
vt 0.27125 0.92471
vt 0.27125 0.92471
vt 0.27125 0.92471
vt 0.27125 0.92471
vt 0.27125 0.92471
vt 0.27125 0.92471
vt 0.27125 0.92471
vt 0.27125 0.92471
vt 0.27125 0.92471
vt 0.27125 0.92471
vt 0.27125 0.92471
vt 0.27125 0.92471
vt 0.27125 0.92471
vt 0.27125 0.92471
vt 0.27125 0.92471
vt 0.27125 0.92471
vt 0.27125 0.92471
vt 0.27125 0.92471
vt 0.27125 0.92471
vt 0.27125 0.92471
vt 0.27125 0.92471
vt 0.27125 0.92471
vt 0.27125 0.92471
vt 0.27125 0.92471
vt 0.27125 0.92471
vt 0.27125 0.92471
vt 0.27125 0.92471
vt 0.27125 0.92471
vt 0.27125 0.92471
vt 0.27125 0.92471
vt 0.27125 0.92471
vt 0.27125 0.92471
vt 0.27125 0.92471
vt 0.27125 0.92471
vt 0.27125 0.92471
vt 0.27125 0.92471
vt 0.27125 0.92471
vt 0.27125 0.92471
vt 0.27125 0.92471
vt 0.27125 0.92471
vt 0.27125 0.92471
vt 0.27125 0.92471
vt 0.27125 0.92471
vt 0.27125 0.92471
vt 0.27125 0.92471
vt 0.27125 0.92471
vt 0.27125 0.92471
vt 0.27125 0.92471
vt 0.27125 0.92471
vt 0.27125 0.92471
vt 0.27125 0.92471
vt 0.27125 0.92471
vt 0.27125 0.92471
vt 0.27125 0.92471
vt 0.27125 0.92471
vt 0.27125 0.92471
vt 0.27125 0.92471
vt 0.27125 0.92471
vt 0.27125 0.92471
vt 0.27125 0.92471
vt 0.27125 0.92471
vt 0.27125 0.92471
vt 0.27125 0.92471
vt 0.27125 0.92471
vt 0.27125 0.92471
vt 0.27125 0.92471
vt 0.27125 0.92471
vt 0.27125 0.92471
vt 0.27125 0.92471
vt 0.27125 0.92471
vt 0.27125 0.92471
vt 0.27125 0.92471
vt 0.27125 0.92471
vt 0.27125 0.92471
vt 0.27125 0.92471
vt 0.27125 0.92471
vt 0.27125 0.92471
vt 0.27125 0.92471
vt 0.27125 0.92471
vt 0.27125 0.92471
vt 0.27125 0.92471
vt 0.27125 0.92471
vt 0.27125 0.92471
vt 0.27125 0.92471
vt 0.27125 0.92471
vt 0.27125 0.92471
vt 0.27125 0.92471
vt 0.27125 0.92471
vt 0.27125 0.92471
vt 0.27125 0.92471
vt 0.27125 0.92471
vt 0.27125 0.92471
vt 0.27125 0.92471
vt 0.27125 0.92471
vt 0.27125 0.92471
vt 0.27125 0.92471
vt 0.27125 0.92471
vt 0.27125 0.92471
vt 0.27125 0.92471
vt 0.27125 0.92471
vt 0.27125 0.92471
vt 0.27125 0.92471
vt 0.27125 0.92471
vt 0.27125 0.92471
vt 0.27125 0.92471
vt 0.27125 0.92471
vt 0.27125 0.92471
vt 0.27125 0.92471
vt 0.27125 0.92471
vt 0.27125 0.92471
vt 0.27125 0.92471
vt 0.27125 0.92471
vt 0.27125 0.92471
vt 0.27125 0.92471
vt 0.27125 0.92471
vt 0.27125 0.92471
vt 0.27125 0.92471
vt 0.27125 0.92471
vt 0.27125 0.92471
vt 0.27125 0.92471
vt 0.27125 0.92471
vt 0.27125 0.92471
vt 0.27125 0.92471
vt 0.27125 0.92471
vt 0.27125 0.92471
vt 0.27125 0.92471
vt 0.27125 0.92471
vt 0.27125 0.92471
vt 0.27125 0.92471
vt 0.27125 0.92471
vt 0.27125 0.92471
vt 0.27125 0.92471
vt 0.27125 0.92471
vt 0.27125 0.92471
vt 0.27125 0.92471
vt 0.27125 0.92471
vt 0.27125 0.92471
vt 0.27125 0.92471
vt 0.27125 0.92471
vt 0.27125 0.92471
vt 0.27125 0.92471
vt 0.27125 0.92471
vt 0.27125 0.92471
vt 0.27125 0.92471
vt 0.27125 0.92471
vt 0.27125 0.92471
vt 0.27125 0.92471
vt 0.27125 0.92471
vt 0.27125 0.92471
vt 0.27125 0.92471
vt 0.27125 0.92471
vt 0.27125 0.92471
vt 0.27125 0.92471
vt 0.27125 0.92471
vt 0.27125 0.92471
vt 0.27125 0.92471
vt 0.27125 0.92471
vt 0.27125 0.92471
vt 0.27125 0.92471
vt 0.27125 0.92471
vt 0.27125 0.92471
vt 0.27125 0.92471
vt 0.27125 0.92471
vt 0.27125 0.92471
vt 0.27125 0.92471
vt 0.27125 0.92471
vt 0.27125 0.92471
vt 0.27125 0.92471
vt 0.27125 0.92471
vt 0.27125 0.92471
vt 0.27125 0.92471
vt 0.27125 0.92471
vt 0.27125 0.92471
vt 0.27125 0.92471
vt 0.27125 0.92471
vt 0.27125 0.92471
vt 0.27125 0.92471
vt 0.27125 0.92471
vt 0.27125 0.92471
vt 0.27125 0.92471
vt 0.27125 0.92471
vt 0.27125 0.92471
vt 0.27125 0.92471
vt 0.27125 0.92471
vt 0.27125 0.92471
vt 0.27125 0.92471
vt 0.27125 0.92471
vt 0.27125 0.92471
vt 0.27125 0.92471
vt 0.27125 0.92471
vt 0.27125 0.92471
vt 0.27125 0.92471
vt 0.27125 0.92471
vt 0.27125 0.92471
vt 0.27125 0.92471
vt 0.27125 0.92471
vt 0.27125 0.92471
vt 0.27125 0.92471
vt 0.27125 0.92471
vt 0.27125 0.92471
vt 0.27125 0.92471
vt 0.27125 0.92471
vt 0.27125 0.92471
vt 0.27125 0.92471
vt 0.27125 0.92471
vt 0.27125 0.92471
vt 0.27125 0.92471
vt 0.27125 0.92471
vt 0.27125 0.92471
vt 0.27125 0.92471
vt 0.27125 0.92471
vt 0.27125 0.92471
vt 0.27125 0.92471
vt 0.27125 0.92471
vt 0.27125 0.92471
vt 0.27125 0.92471
vt 0.27125 0.92471
vt 0.27125 0.92471
vt 0.27125 0.92471
vt 0.27125 0.92471
vt 0.27125 0.92471
vt 0.27125 0.92471
vt 0.27125 0.92471
vt 0.27125 0.92471
vt 0.27125 0.92471
vt 0.27125 0.92471
vt 0.27125 0.92471
vt 0.27125 0.92471
vt 0.27125 0.92471
vt 0.27125 0.92471
vt 0.27125 0.92471
vt 0.27125 0.92471
vt 0.27125 0.92471
vt 0.27125 0.92471
vt 0.27125 0.92471
vt 0.27125 0.92471
vt 0.27125 0.92471
vt 0.27125 0.92471
vt 0.27125 0.92471
vt 0.27125 0.92471
vt 0.27125 0.92471
vt 0.27125 0.92471
vt 0.27125 0.92471
vt 0.27125 0.92471
vt 0.27125 0.92471
vt 0.27125 0.92471
vt 0.27125 0.92471
vt 0.27125 0.92471
vt 0.27125 0.92471
vt 0.27125 0.92471
vt 0.27125 0.92471
vt 0.27125 0.92471
vt 0.27125 0.92471
vt 0.27125 0.92471
vt 0.27125 0.92471
vt 0.27125 0.92471
vt 0.27125 0.92471
vt 0.27125 0.92471
vt 0.27125 0.92471
vt 0.27125 0.92471
vt 0.27125 0.92471
vt 0.27125 0.92471
vt 0.27125 0.92471
vt 0.27125 0.92471
vt 0.27125 0.92471
vt 0.27125 0.92471
vt 0.27125 0.92471
vt 0.27125 0.92471
vt 0.27125 0.92471
vt 0.27125 0.92471
vt 0.27125 0.92471
vt 0.27125 0.92471
vt 0.27125 0.92471
vt 0.27125 0.92471
vt 0.27125 0.92471
vt 0.27125 0.92471
vt 0.27125 0.92471
vt 0.27125 0.92471
vt 0.27125 0.92471
vt 0.27125 0.92471
vt 0.27125 0.92471
vt 0.27125 0.92471
vt 0.27125 0.92471
vt 0.27125 0.92471
vt 0.27125 0.92471
vt 0.27125 0.92471
vt 0.27125 0.92471
vt 0.27125 0.92471
vt 0.27125 0.92471
vt 0.27125 0.92471
vt 0.27125 0.92471
vt 0.27125 0.92471
vt 0.27125 0.92471
vt 0.27125 0.92471
vt 0.27125 0.92471
vt 0.27125 0.92471
vt 0.27125 0.92471
vt 0.27125 0.92471
vt 0.27125 0.92471
vt 0.27125 0.92471
vt 0.27125 0.92471
vt 0.27125 0.92471
vt 0.27125 0.92471
vt 0.27125 0.92471
vt 0.27125 0.92471
vt 0.27125 0.92471
vt 0.27125 0.92471
vt 0.27125 0.92471
vt 0.27125 0.92471
vt 0.27125 0.92471
vt 0.27125 0.92471
vt 0.27125 0.92471
vt 0.27125 0.92471
vt 0.27125 0.92471
vt 0.27125 0.92471
vt 0.27125 0.92471
vt 0.27125 0.92471
vt 0.27125 0.92471
vt 0.27125 0.92471
vt 0.27125 0.92471
vt 0.27125 0.92471
vt 0.27125 0.92471
vt 0.27125 0.92471
vt 0.27125 0.92471
vt 0.27125 0.92471
vt 0.27125 0.92471
vt 0.27125 0.92471
vt 0.27125 0.92471
vt 0.27125 0.92471
vt 0.27125 0.92471
vt 0.27125 0.92471
vt 0.27125 0.92471
vt 0.27125 0.92471
vt 0.27125 0.92471
vt 0.27125 0.92471
vt 0.27125 0.92471
vt 0.27125 0.92471
vt 0.27125 0.92471
vt 0.27125 0.92471
vt 0.27125 0.92471
vt 0.27125 0.92471
vt 0.27125 0.92471
vt 0.27125 0.92471
vt 0.27125 0.92471
vt 0.27125 0.92471
vt 0.27125 0.92471
vt 0.27125 0.92471
vt 0.27125 0.92471
vt 0.27125 0.92471
vt 0.27125 0.92471
vt 0.27125 0.92471
vt 0.27125 0.92471
vt 0.27125 0.92471
vt 0.27125 0.92471
vt 0.27125 0.92471
vt 0.27125 0.92471
vt 0.27125 0.92471
vt 0.27125 0.92471
vt 0.27125 0.92471
vt 0.27125 0.92471
vt 0.27125 0.92471
vt 0.27125 0.92471
vt 0.27125 0.92471
vt 0.08475 0.91646
vt 0.08475 0.91646
vt 0.08475 0.91646
vt 0.08475 0.91646
vt 0.08475 0.91646
vt 0.08475 0.91646
vt 0.08475 0.91646
vt 0.08475 0.91646
vt 0.08475 0.91646
vt 0.08475 0.91646
vt 0.08475 0.91646
vt 0.08475 0.91646
vt 0.08475 0.91646
vt 0.08475 0.91646
vt 0.08475 0.91646
vt 0.08475 0.91646
vt 0.08475 0.91646
vt 0.08475 0.91646
vt 0.08475 0.91646
vt 0.08475 0.91646
vt 0.08475 0.91646
vt 0.08475 0.91646
vt 0.08475 0.91646
vt 0.08475 0.91646
vt 0.08475 0.91646
vt 0.08475 0.91646
vt 0.08475 0.91646
vt 0.08475 0.91646
vt 0.08475 0.91646
vt 0.08475 0.91646
vt 0.08475 0.91646
vt 0.08475 0.91646
vt 0.08475 0.91646
vt 0.08475 0.91646
vt 0.08475 0.91646
vt 0.08475 0.91646
vt 0.08475 0.91646
vt 0.08475 0.91646
vt 0.08475 0.91646
vt 0.08475 0.91646
vt 0.08475 0.91646
vt 0.08475 0.91646
vt 0.08475 0.91646
vt 0.08475 0.91646
vt 0.08475 0.91646
vt 0.08475 0.91646
vt 0.08475 0.91646
vt 0.08475 0.91646
vt 0.08475 0.91646
vt 0.08475 0.91646
vt 0.08475 0.91646
vt 0.08475 0.91646
vt 0.08475 0.91646
vt 0.08475 0.91646
vt 0.08475 0.91646
vt 0.08475 0.91646
vt 0.08475 0.91646
vt 0.08475 0.91646
vt 0.08475 0.91646
vt 0.08475 0.91646
vt 0.08475 0.91646
vt 0.08475 0.91646
vt 0.08475 0.91646
vt 0.08475 0.91646
vt 0.08475 0.91646
vt 0.08475 0.91646
vt 0.08475 0.91646
vt 0.08475 0.91646
vt 0.08475 0.91646
vt 0.08475 0.91646
vt 0.08475 0.91646
vt 0.08475 0.91646
vt 0.08475 0.91646
vt 0.08475 0.91646
vt 0.08475 0.91646
vt 0.08475 0.91646
vt 0.08475 0.91646
vt 0.08475 0.91646
vt 0.08475 0.91646
vt 0.08475 0.91646
vt 0.08475 0.91646
vt 0.08475 0.91646
vt 0.08475 0.91646
vt 0.08475 0.91646
vt 0.08475 0.91646
vt 0.08475 0.91646
vt 0.08475 0.91646
vt 0.08475 0.91646
vt 0.08475 0.91646
vt 0.08475 0.91646
vt 0.08475 0.91646
vt 0.08475 0.91646
vt 0.08475 0.91646
vt 0.08475 0.91646
vt 0.08475 0.91646
vt 0.08475 0.91646
vt 0.08475 0.91646
vt 0.08475 0.91646
vt 0.08475 0.91646
vt 0.08475 0.91646
vt 0.08475 0.91646
vt 0.08475 0.91646
vt 0.08475 0.91646
vt 0.08475 0.91646
vt 0.08475 0.91646
vt 0.08475 0.91646
vt 0.08475 0.91646
vt 0.08475 0.91646
vt 0.08475 0.91646
vt 0.08475 0.91646
vt 0.08475 0.91646
vt 0.08475 0.91646
vt 0.08475 0.91646
vt 0.08475 0.91646
vt 0.08475 0.91646
vt 0.08475 0.91646
vt 0.08475 0.91646
vt 0.08475 0.91646
vt 0.08475 0.91646
vt 0.08475 0.91646
vt 0.08475 0.91646
vt 0.08475 0.91646
vt 0.08475 0.91646
vt 0.08475 0.91646
vt 0.08475 0.91646
vt 0.08475 0.91646
vt 0.08475 0.91646
vt 0.08475 0.91646
vt 0.08475 0.91646
vt 0.08475 0.91646
vt 0.08475 0.91646
vt 0.08475 0.91646
vt 0.08475 0.91646
vt 0.08475 0.91646
vt 0.08475 0.91646
vt 0.08475 0.91646
vt 0.08475 0.91646
vt 0.08475 0.91646
vt 0.08475 0.91646
vt 0.08475 0.91646
vt 0.08475 0.91646
vt 0.08475 0.91646
vt 0.08475 0.91646
vt 0.08475 0.91646
vt 0.08475 0.91646
vt 0.08475 0.91646
vt 0.08475 0.91646
vt 0.08475 0.91646
vt 0.08475 0.91646
vt 0.08475 0.91646
vt 0.08475 0.91646
vt 0.08475 0.91646
vt 0.08475 0.91646
vt 0.08475 0.91646
vt 0.08475 0.91646
vt 0.08475 0.91646
vt 0.08475 0.91646
vt 0.08475 0.91646
vt 0.08475 0.91646
vt 0.08475 0.91646
vt 0.08475 0.91646
vt 0.08475 0.91646
vt 0.08475 0.91646
vt 0.08475 0.91646
vt 0.08475 0.91646
vt 0.08475 0.91646
vt 0.08475 0.91646
vt 0.08475 0.91646
vt 0.08475 0.91646
vt 0.08475 0.91646
vt 0.08475 0.91646
vt 0.08475 0.91646
vt 0.08475 0.91646
vt 0.08475 0.91646
vt 0.08475 0.91646
vt 0.08475 0.91646
vt 0.08475 0.91646
vt 0.08475 0.91646
vt 0.08475 0.91646
vt 0.08475 0.91646
vt 0.08475 0.91646
vt 0.08475 0.91646
vt 0.08475 0.91646
vt 0.08475 0.91646
vt 0.08475 0.91646
vt 0.08475 0.91646
vt 0.08475 0.91646
vt 0.08475 0.91646
vt 0.08475 0.91646
vt 0.08475 0.91646
vt 0.08475 0.91646
vt 0.08475 0.91646
vt 0.08475 0.91646
vt 0.08475 0.91646
vt 0.08475 0.91646
vt 0.08475 0.91646
vt 0.08475 0.91646
vt 0.08475 0.91646
vt 0.08475 0.91646
vt 0.08475 0.91646
vt 0.08475 0.91646
vt 0.08475 0.91646
vt 0.08475 0.91646
vt 0.08475 0.91646
vt 0.08475 0.91646
vt 0.08475 0.91646
vt 0.08475 0.91646
vt 0.08475 0.91646
vt 0.08475 0.91646
vt 0.08475 0.91646
vt 0.08475 0.91646
vt 0.08475 0.91646
vt 0.08475 0.91646
vt 0.08475 0.91646
vt 0.08475 0.91646
vt 0.08475 0.91646
vt 0.08475 0.91646
vt 0.08475 0.91646
vt 0.08475 0.91646
vt 0.08475 0.91646
vt 0.08475 0.91646
vt 0.08475 0.91646
vt 0.08475 0.91646
vt 0.08475 0.91646
vt 0.08475 0.91646
vt 0.08475 0.91646
vt 0.08475 0.91646
vt 0.08475 0.91646
vt 0.08475 0.91646
vt 0.08475 0.91646
vt 0.08475 0.91646
vt 0.08475 0.91646
vt 0.08475 0.91646
vt 0.08475 0.91646
vt 0.08475 0.91646
vt 0.08475 0.91646
vt 0.08475 0.91646
vt 0.08475 0.91646
vt 0.08475 0.91646
vt 0.08475 0.91646
vt 0.08475 0.91646
vt 0.08475 0.91646
vt 0.08475 0.91646
vt 0.08475 0.91646
vt 0.08475 0.91646
vt 0.08475 0.91646
vt 0.08475 0.91646
vt 0.08475 0.91646
vt 0.08475 0.91646
vt 0.08475 0.91646
vt 0.08475 0.91646
vt 0.08475 0.91646
vt 0.08475 0.91646
vt 0.08475 0.91646
vt 0.08475 0.91646
vt 0.08475 0.91646
vt 0.08475 0.91646
vt 0.08475 0.91646
vt 0.08475 0.91646
vt 0.08475 0.91646
vt 0.08475 0.91646
vt 0.08475 0.91646
vt 0.08475 0.91646
vt 0.08475 0.91646
vt 0.08475 0.91646
vt 0.08475 0.91646
vt 0.08475 0.91646
vt 0.08475 0.91646
vt 0.08475 0.91646
vt 0.08475 0.91646
vt 0.08475 0.91646
vt 0.08475 0.91646
vt 0.08475 0.91646
vt 0.08475 0.91646
vt 0.08475 0.91646
vt 0.08475 0.91646
vt 0.08475 0.91646
vt 0.08475 0.91646
vt 0.08475 0.91646
vt 0.08475 0.91646
vt 0.08475 0.91646
vt 0.08475 0.91646
vt 0.08475 0.91646
vt 0.08475 0.91646
vt 0.08475 0.91646
vt 0.08475 0.91646
vt 0.08475 0.91646
vt 0.08475 0.91646
vt 0.08475 0.91646
vt 0.08475 0.91646
vt 0.08475 0.91646
vt 0.08475 0.91646
vt 0.08475 0.91646
vt 0.08475 0.91646
vt 0.08475 0.91646
vt 0.08475 0.91646
vt 0.08475 0.91646
vt 0.08475 0.91646
vt 0.08475 0.91646
vt 0.08475 0.91646
vt 0.08475 0.91646
vt 0.08475 0.91646
vt 0.08475 0.91646
vt 0.08475 0.91646
vt 0.08475 0.91646
vt 0.08475 0.91646
vt 0.08475 0.91646
vt 0.08475 0.91646
vt 0.08475 0.91646
vt 0.08475 0.91646
vt 0.08475 0.91646
vt 0.08475 0.91646
vt 0.08475 0.91646
vt 0.08475 0.91646
vt 0.08475 0.91646
vt 0.08475 0.91646
vt 0.08475 0.91646
vt 0.08475 0.91646
vt 0.08475 0.91646
vt 0.08475 0.91646
vt 0.08475 0.91646
vt 0.08475 0.91646
vt 0.08475 0.91646
vt 0.08475 0.91646
vt 0.08475 0.91646
vt 0.08475 0.91646
vt 0.08475 0.91646
vt 0.08475 0.91646
vt 0.08475 0.91646
vt 0.08475 0.91646
vt 0.08475 0.91646
vt 0.08475 0.91646
vt 0.08475 0.91646
vt 0.08475 0.91646
vt 0.08475 0.91646
vt 0.08475 0.91646
vt 0.08475 0.91646
vt 0.08475 0.91646
vt 0.08475 0.91646
vt 0.08475 0.91646
vt 0.08475 0.91646
vt 0.08475 0.91646
vt 0.08475 0.91646
vt 0.08475 0.91646
vt 0.08475 0.91646
vt 0.08475 0.91646
vt 0.08475 0.91646
vt 0.08475 0.91646
vt 0.08475 0.91646
vt 0.08475 0.91646
vt 0.08475 0.91646
vt 0.08475 0.91646
vt 0.08475 0.91646
vt 0.08475 0.91646
vt 0.08475 0.91646
vt 0.08475 0.91646
vt 0.08475 0.91646
vt 0.08475 0.91646
vt 0.08475 0.91646
vt 0.08475 0.91646
vt 0.08475 0.91646
vt 0.08475 0.91646
vt 0.08475 0.91646
vt 0.08475 0.91646
vt 0.08475 0.91646
vt 0.08475 0.91646
vt 0.08475 0.91646
vt 0.08475 0.91646
vt 0.08475 0.91646
vt 0.08475 0.91646
vt 0.08475 0.91646
vt 0.08475 0.91646
vt 0.08475 0.91646
vt 0.08475 0.91646
vt 0.08475 0.91646
vt 0.08475 0.91646
vt 0.08475 0.91646
vt 0.08475 0.91646
vt 0.08475 0.91646
vt 0.08475 0.91646
vt 0.08475 0.91646
vt 0.08475 0.91646
vt 0.08475 0.91646
vt 0.08475 0.91646
vt 0.08475 0.91646
vt 0.08475 0.91646
vt 0.08475 0.91646
vt 0.08475 0.91646
vt 0.08475 0.91646
vt 0.08475 0.91646
vt 0.08475 0.91646
vt 0.08475 0.91646
vt 0.08475 0.91646
vt 0.08475 0.91646
vt 0.08475 0.91646
vt 0.08475 0.91646
vt 0.08475 0.91646
vt 0.08475 0.91646
vt 0.08475 0.91646
vt 0.08475 0.91646
vt 0.08475 0.91646
vt 0.08475 0.91646
vt 0.08475 0.91646
vt 0.08475 0.91646
vt 0.08475 0.91646
vt 0.08475 0.91646
vt 0.08475 0.91646
vt 0.08475 0.91646
vt 0.08475 0.91646
vt 0.08475 0.91646
vt 0.08475 0.91646
vt 0.08475 0.91646
vt 0.08475 0.91646
vt 0.08475 0.91646
vt 0.08475 0.91646
vt 0.08475 0.91646
vt 0.08475 0.91646
vt 0.08475 0.91646
vt 0.08475 0.91646
vt 0.08475 0.91646
vt 0.08475 0.91646
vt 0.08475 0.91646
vt 0.08475 0.91646
vt 0.08475 0.91646
vt 0.45359 0.46673
vt 0.45359 0.46674
vt 0.45358 0.46674
vt 0.45358 0.46673
vt 0.45356 0.46674
vt 0.45355 0.46674
vt 0.45355 0.46673
vt 0.45356 0.46673
vt 0.45359 0.46674
vt 0.45359 0.46674
vt 0.45358 0.46674
vt 0.45359 0.46674
vt 0.45359 0.46675
vt 0.45359 0.46675
vt 0.45358 0.46675
vt 0.45358 0.46675
vt 0.45359 0.46674
vt 0.45358 0.46674
vt 0.45355 0.46674
vt 0.45356 0.46674
vt 0.45356 0.46675
vt 0.45356 0.46675
vt 0.45355 0.46675
vt 0.45355 0.46675
vt 0.45356 0.46674
vt 0.45355 0.46674
vt 0.45355 0.46674
vt 0.45356 0.46674
vt 0.45355 0.46673
vt 0.45356 0.46673
vt 0.45356 0.46673
vt 0.45355 0.46673
vt 0.45355 0.46674
vt 0.45355 0.46674
vt 0.45356 0.46674
vt 0.45356 0.46674
vt 0.45356 0.46673
vt 0.45356 0.46673
vt 0.45355 0.46673
vt 0.45355 0.46673
vt 0.79650 0.06929
vt 0.79650 0.06929
vt 0.79650 0.06929
vt 0.79650 0.06929
vt 0.79650 0.06929
vt 0.79650 0.06929
vt 0.79650 0.06929
vt 0.79650 0.06929
vt 0.79650 0.06929
vt 0.79650 0.06929
vt 0.79650 0.06929
vt 0.79650 0.06929
vt 0.79650 0.06929
vt 0.79650 0.06929
vt 0.79650 0.06929
vt 0.79650 0.06929
vt 0.79650 0.06929
vt 0.79650 0.06929
vt 0.79650 0.06929
vt 0.79650 0.06929
vt 0.79650 0.06929
vt 0.79650 0.06929
vt 0.79650 0.06929
vt 0.79650 0.06929
vt 0.79650 0.06929
vt 0.79650 0.06929
vt 0.79650 0.06929
vt 0.79650 0.06929
vt 0.79650 0.06929
vt 0.79650 0.06929
vt 0.79650 0.06929
vt 0.79650 0.06929
vt 0.79650 0.06929
vt 0.79650 0.06929
vt 0.79650 0.06929
vt 0.79650 0.06929
vt 0.79650 0.06929
vt 0.79650 0.06929
vt 0.79650 0.06929
vt 0.79650 0.06929
vt 0.79650 0.06929
vt 0.79650 0.06929
vt 0.79650 0.06929
vt 0.79650 0.06929
vt 0.79650 0.06929
vt 0.79650 0.06929
vt 0.79650 0.06929
vt 0.79650 0.06929
vt 0.79650 0.06929
vt 0.79650 0.06929
vt 0.79650 0.06929
vt 0.79650 0.06929
vt 0.79650 0.06929
vt 0.79650 0.06929
vt 0.79650 0.06929
vt 0.79650 0.06929
vt 0.79650 0.06929
vt 0.79650 0.06929
vt 0.79650 0.06929
vt 0.79650 0.06929
vt 0.79650 0.06929
vt 0.79650 0.06929
vt 0.79650 0.06929
vt 0.79650 0.06929
vt 0.79650 0.06929
vt 0.79650 0.06929
vt 0.79650 0.06929
vt 0.79650 0.06929
vt 0.79650 0.06929
vt 0.79650 0.06929
vt 0.79650 0.06929
vt 0.79650 0.06929
vt 0.79650 0.06929
vt 0.79650 0.06929
vt 0.79650 0.06929
vt 0.79650 0.06929
vt 0.79650 0.06929
vt 0.79650 0.06929
vt 0.79650 0.06929
vt 0.79650 0.06929
vt 0.79650 0.06929
vt 0.79650 0.06929
vt 0.79650 0.06929
vt 0.79650 0.06929
vt 0.79650 0.06929
vt 0.79650 0.06929
vt 0.79650 0.06929
vt 0.79650 0.06929
vt 0.79650 0.06929
vt 0.79650 0.06929
vt 0.79650 0.06929
vt 0.79650 0.06929
vt 0.79650 0.06929
vt 0.79650 0.06929
vt 0.79650 0.06929
vt 0.79650 0.06929
vt 0.79650 0.06929
vt 0.79650 0.06929
vt 0.79650 0.06929
vt 0.79650 0.06929
vt 0.79650 0.06929
vt 0.79650 0.06929
vt 0.79650 0.06929
vt 0.79650 0.06929
vt 0.79650 0.06929
vt 0.79650 0.06929
vt 0.79650 0.06929
vt 0.79650 0.06929
vt 0.79650 0.06929
vt 0.79650 0.06929
vt 0.79650 0.06929
vt 0.79650 0.06929
vt 0.79650 0.06929
vt 0.79650 0.06929
vt 0.79650 0.06929
vt 0.79650 0.06929
vt 0.79650 0.06929
vt 0.79650 0.06929
vt 0.79650 0.06929
vt 0.79650 0.06929
vt 0.79650 0.06929
vt 0.79650 0.06929
vt 0.79650 0.06929
vt 0.79650 0.06929
vt 0.79650 0.06929
vt 0.79650 0.06929
vt 0.79650 0.06929
vt 0.79650 0.06929
vt 0.79650 0.06929
vt 0.79650 0.06929
vt 0.79650 0.06929
vt 0.79650 0.06929
vt 0.79650 0.06929
vt 0.79650 0.06929
vt 0.79650 0.06929
vt 0.79650 0.06929
vt 0.79650 0.06929
vt 0.79650 0.06929
vt 0.79650 0.06929
vt 0.79650 0.06929
vt 0.79650 0.06929
vt 0.79650 0.06929
vt 0.79650 0.06929
vt 0.79650 0.06929
vt 0.79650 0.06929
vt 0.79650 0.06929
vt 0.79650 0.06929
vt 0.79650 0.06929
vt 0.79650 0.06929
vt 0.79650 0.06929
vt 0.79650 0.06929
vt 0.79650 0.06929
vt 0.79650 0.06929
vt 0.79650 0.06929
vt 0.79650 0.06929
vt 0.79650 0.06929
vt 0.79650 0.06929
vt 0.79650 0.06929
vt 0.79650 0.06929
vt 0.79650 0.06929
vt 0.79650 0.06929
vt 0.79650 0.06929
vt 0.79650 0.06929
vt 0.79650 0.06929
vt 0.79650 0.06929
vt 0.79650 0.06929
vt 0.79650 0.06929
vt 0.79650 0.06929
vt 0.79650 0.06929
vt 0.79650 0.06929
vt 0.79650 0.06929
vt 0.79650 0.06929
vt 0.79650 0.06929
vt 0.79650 0.06929
vt 0.79650 0.06929
vt 0.79650 0.06929
vt 0.79650 0.06929
vt 0.79650 0.06929
vt 0.79650 0.06929
vt 0.79650 0.06929
vt 0.79650 0.06929
vt 0.79650 0.06929
vt 0.79650 0.06929
vt 0.79650 0.06929
vt 0.79650 0.06929
vt 0.79650 0.06929
vt 0.79650 0.06929
vt 0.79650 0.06929
vt 0.79650 0.06929
vt 0.79650 0.06929
vt 0.79650 0.06929
vt 0.79650 0.06929
vt 0.79650 0.06929
vt 0.79650 0.06929
vt 0.79650 0.06929
vt 0.79650 0.06929
vt 0.79650 0.06929
vt 0.79650 0.06929
vt 0.79650 0.06929
vt 0.79650 0.06929
vt 0.79650 0.06929
vt 0.79650 0.06929
vt 0.79650 0.06929
vt 0.79650 0.06929
vt 0.79650 0.06929
vt 0.79650 0.06929
vt 0.79650 0.06929
vt 0.79650 0.06929
vt 0.79650 0.06929
vt 0.79650 0.06929
vt 0.79650 0.06929
vt 0.79650 0.06929
vt 0.79650 0.06929
vt 0.79650 0.06929
vt 0.79650 0.06929
vt 0.79650 0.06929
vt 0.79650 0.06929
vt 0.79650 0.06929
vt 0.79650 0.06929
vt 0.79650 0.06929
vt 0.79650 0.06929
vt 0.79650 0.06929
vt 0.79650 0.06929
vt 0.79650 0.06929
vt 0.79650 0.06929
vt 0.79650 0.06929
vt 0.79650 0.06929
vt 0.79650 0.06929
vt 0.79650 0.06929
vt 0.79650 0.06929
vt 0.79650 0.06929
vt 0.79650 0.06929
vt 0.79650 0.06929
vt 0.79650 0.06929
vt 0.79650 0.06929
vt 0.79650 0.06929
vt 0.79650 0.06929
vt 0.79650 0.06929
vt 0.79650 0.06929
vt 0.79650 0.06929
vt 0.79650 0.06929
vt 0.79650 0.06929
vt 0.79650 0.06929
vt 0.79650 0.06929
vt 0.79650 0.06929
vt 0.79650 0.06929
vt 0.79650 0.06929
vt 0.79650 0.06929
vt 0.79650 0.06929
vt 0.79650 0.06929
vt 0.79650 0.06929
vt 0.79650 0.06929
vt 0.79650 0.06929
vt 0.79650 0.06929
vt 0.79650 0.06929
vt 0.79650 0.06929
vt 0.79650 0.06929
vt 0.79650 0.06929
vt 0.79650 0.06929
vt 0.79650 0.06929
vt 0.79650 0.06929
vt 0.79650 0.06929
vt 0.79650 0.06929
vt 0.79650 0.06929
vt 0.79650 0.06929
vt 0.79650 0.06929
vt 0.79650 0.06929
vt 0.79650 0.06929
vt 0.79650 0.06929
vt 0.79650 0.06929
vt 0.79650 0.06929
vt 0.79650 0.06929
vt 0.79650 0.06929
vt 0.79650 0.06929
vt 0.79650 0.06929
vt 0.79650 0.06929
vt 0.79650 0.06929
vt 0.79650 0.06929
vt 0.79650 0.06929
vt 0.79650 0.06929
vt 0.79650 0.06929
vt 0.79650 0.06929
vt 0.79650 0.06929
vt 0.79650 0.06929
vt 0.79650 0.06929
vt 0.79650 0.06929
vt 0.79650 0.06929
vt 0.79650 0.06929
vt 0.79650 0.06929
vt 0.79650 0.06929
vt 0.79650 0.06929
vt 0.79650 0.06929
vt 0.79650 0.06929
vt 0.79650 0.06929
vt 0.79650 0.06929
vt 0.79650 0.06929
vt 0.79650 0.06929
vt 0.79650 0.06929
vt 0.79650 0.06929
vt 0.79650 0.06929
vt 0.79650 0.06929
vt 0.79650 0.06929
vt 0.79650 0.06929
vt 0.79650 0.06929
vt 0.79650 0.06929
vt 0.79650 0.06929
vt 0.79650 0.06929
vt 0.79650 0.06929
vt 0.79650 0.06929
vt 0.79650 0.06929
vt 0.79650 0.06929
vt 0.79650 0.06929
vt 0.79650 0.06929
vt 0.79650 0.06929
vt 0.79650 0.06929
vt 0.79650 0.06929
vt 0.79650 0.06929
vt 0.79650 0.06929
vt 0.79650 0.06929
vt 0.79650 0.06929
vt 0.79650 0.06929
vt 0.79650 0.06929
vt 0.79650 0.06929
vt 0.79650 0.06929
vt 0.79650 0.06929
vt 0.79650 0.06929
vt 0.79650 0.06929
vt 0.79650 0.06929
vt 0.79650 0.06929
vt 0.79650 0.06929
vt 0.79650 0.06929
vt 0.79650 0.06929
vt 0.79650 0.06929
vt 0.79650 0.06929
vt 0.79650 0.06929
vt 0.79650 0.06929
vt 0.79650 0.06929
vt 0.79650 0.06929
vt 0.79650 0.06929
vt 0.79650 0.06929
vt 0.79650 0.06929
vt 0.79650 0.06929
vt 0.79650 0.06929
vt 0.79650 0.06929
vt 0.79650 0.06929
vt 0.79650 0.06929
vt 0.79650 0.06929
vt 0.79650 0.06929
vt 0.79650 0.06929
vt 0.79650 0.06929
vt 0.79650 0.06929
vt 0.79650 0.06929
vt 0.79650 0.06929
vt 0.79650 0.06929
vt 0.79650 0.06929
vt 0.79650 0.06929
vt 0.79650 0.06929
vt 0.79650 0.06929
vt 0.79650 0.06929
vt 0.79650 0.06929
vt 0.79650 0.06929
vt 0.79650 0.06929
vt 0.79650 0.06929
vt 0.79650 0.06929
vt 0.79650 0.06929
vt 0.79650 0.06929
vt 0.79650 0.06929
vt 0.79650 0.06929
vt 0.79650 0.06929
vt 0.79650 0.06929
vt 0.79650 0.06929
vt 0.79650 0.06929
vt 0.79650 0.06929
vt 0.79650 0.06929
vt 0.79650 0.06929
vt 0.79650 0.06929
vt 0.79650 0.06929
vt 0.79650 0.06929
vt 0.79650 0.06929
vt 0.79650 0.06929
vt 0.79650 0.06929
vt 0.79650 0.06929
vt 0.79650 0.06929
vt 0.79650 0.06929
vt 0.79650 0.06929
vt 0.79650 0.06929
vt 0.79650 0.06929
vt 0.79650 0.06929
vt 0.79650 0.06929
vt 0.79650 0.06929
vt 0.79650 0.06929
vt 0.79650 0.06929
vt 0.79650 0.06929
vt 0.79650 0.06929
vt 0.79650 0.06929
vt 0.79650 0.06929
vt 0.79650 0.06929
vt 0.79650 0.06929
vt 0.79650 0.06929
vt 0.79650 0.06929
vt 0.10845 0.92748
vt 0.10845 0.92748
vt 0.10845 0.92748
vt 0.10845 0.92748
vt 0.10845 0.92748
vt 0.10845 0.92748
vt 0.10845 0.92748
vt 0.10845 0.92748
vt 0.10845 0.92748
vt 0.10845 0.92748
vt 0.10845 0.92748
vt 0.10845 0.92748
vt 0.10845 0.92748
vt 0.10845 0.92748
vt 0.10845 0.92748
vt 0.10845 0.92748
vt 0.10845 0.92748
vt 0.10845 0.92748
vt 0.10845 0.92748
vt 0.10845 0.92748
vt 0.10845 0.92748
vt 0.10845 0.92748
vt 0.10845 0.92748
vt 0.10845 0.92748
vt 0.10845 0.92748
vt 0.10845 0.92748
vt 0.10845 0.92748
vt 0.10845 0.92748
vt 0.10845 0.92748
vt 0.10845 0.92748
vt 0.10845 0.92748
vt 0.10845 0.92748
vt 0.10845 0.92748
vt 0.10845 0.92748
vt 0.10845 0.92748
vt 0.10845 0.92748
vt 0.10845 0.92748
vt 0.10845 0.92748
vt 0.10845 0.92748
vt 0.10845 0.92748
vt 0.10845 0.92748
vt 0.10845 0.92748
vt 0.10845 0.92748
vt 0.10845 0.92748
vt 0.10845 0.92748
vt 0.10845 0.92748
vt 0.10845 0.92748
vt 0.10845 0.92748
vt 0.10845 0.92748
vt 0.10845 0.92748
vt 0.10845 0.92748
vt 0.10845 0.92748
vt 0.10845 0.92748
vt 0.10845 0.92748
vt 0.10845 0.92748
vt 0.10845 0.92748
vt 0.10845 0.92748
vt 0.10845 0.92748
vt 0.10845 0.92748
vt 0.10845 0.92748
vt 0.10845 0.92748
vt 0.10845 0.92748
vt 0.10845 0.92748
vt 0.10845 0.92748
vt 0.10845 0.92748
vt 0.10845 0.92748
vt 0.10845 0.92748
vt 0.10845 0.92748
vt 0.10845 0.92748
vt 0.10845 0.92748
vt 0.10845 0.92748
vt 0.10845 0.92748
vt 0.10845 0.92748
vt 0.10845 0.92748
vt 0.10845 0.92748
vt 0.10845 0.92748
vt 0.10845 0.92748
vt 0.10845 0.92748
vt 0.10845 0.92748
vt 0.10845 0.92748
vt 0.10845 0.92748
vt 0.10845 0.92748
vt 0.10845 0.92748
vt 0.10845 0.92748
vt 0.10845 0.92748
vt 0.10845 0.92748
vt 0.10845 0.92748
vt 0.10845 0.92748
vt 0.10845 0.92748
vt 0.10845 0.92748
vt 0.10845 0.92748
vt 0.10845 0.92748
vt 0.10845 0.92748
vt 0.10845 0.92748
vt 0.10845 0.92748
vt 0.10845 0.92748
vt 0.10845 0.92748
vt 0.10845 0.92748
vt 0.10845 0.92748
vt 0.10845 0.92748
vt 0.10845 0.92748
vt 0.10845 0.92748
vt 0.10845 0.92748
vt 0.10845 0.92748
vt 0.10845 0.92748
vt 0.10845 0.92748
vt 0.10845 0.92748
vt 0.10845 0.92748
vt 0.10845 0.92748
vt 0.10845 0.92748
vt 0.10845 0.92748
vt 0.10845 0.92748
vt 0.10845 0.92748
vt 0.10845 0.92748
vt 0.10845 0.92748
vt 0.10845 0.92748
vt 0.10845 0.92748
vt 0.10845 0.92748
vt 0.10845 0.92748
vt 0.10845 0.92748
vt 0.10845 0.92748
vt 0.10845 0.92748
vt 0.10845 0.92748
vt 0.10845 0.92748
vt 0.10845 0.92748
vt 0.10845 0.92748
vt 0.10845 0.92748
vt 0.10845 0.92748
vt 0.10845 0.92748
vt 0.10845 0.92748
vt 0.10845 0.92748
vt 0.10845 0.92748
vt 0.10845 0.92748
vt 0.10845 0.92748
vt 0.10845 0.92748
vt 0.10845 0.92748
vt 0.10845 0.92748
vt 0.10845 0.92748
vt 0.10845 0.92748
vt 0.10845 0.92748
vt 0.10845 0.92748
vt 0.10845 0.92748
vt 0.10845 0.92748
vt 0.10845 0.92748
vt 0.10845 0.92748
vt 0.10845 0.92748
vt 0.10845 0.92748
vt 0.10845 0.92748
vt 0.10845 0.92748
vt 0.10845 0.92748
vt 0.10845 0.92748
vt 0.10845 0.92748
vt 0.10845 0.92748
vt 0.10845 0.92748
vt 0.10845 0.92748
vt 0.10845 0.92748
vt 0.10845 0.92748
vt 0.10845 0.92748
vt 0.10845 0.92748
vt 0.10845 0.92748
vt 0.10845 0.92748
vt 0.10845 0.92748
vt 0.10845 0.92748
vt 0.10845 0.92748
vt 0.10845 0.92748
vt 0.10845 0.92748
vt 0.10845 0.92748
vt 0.10845 0.92748
vt 0.10845 0.92748
vt 0.10845 0.92748
vt 0.10845 0.92748
vt 0.10845 0.92748
vt 0.10845 0.92748
vt 0.10845 0.92748
vt 0.10845 0.92748
vt 0.10845 0.92748
vt 0.10845 0.92748
vt 0.10845 0.92748
vt 0.10845 0.92748
vt 0.10845 0.92748
vt 0.10845 0.92748
vt 0.10845 0.92748
vt 0.10845 0.92748
vt 0.10845 0.92748
vt 0.10845 0.92748
vt 0.10845 0.92748
vt 0.10845 0.92748
vt 0.10845 0.92748
vt 0.10845 0.92748
vt 0.10845 0.92748
vt 0.10845 0.92748
vt 0.10845 0.92748
vt 0.10845 0.92748
vt 0.10845 0.92748
vt 0.10845 0.92748
vt 0.10845 0.92748
vt 0.10845 0.92748
vt 0.10845 0.92748
vt 0.10845 0.92748
vt 0.10845 0.92748
vt 0.10845 0.92748
vt 0.10845 0.92748
vt 0.10845 0.92748
vt 0.10845 0.92748
vt 0.10845 0.92748
vt 0.10845 0.92748
vt 0.10845 0.92748
vt 0.10845 0.92748
vt 0.10845 0.92748
vt 0.10845 0.92748
vt 0.10845 0.92748
vt 0.10845 0.92748
vt 0.10845 0.92748
vt 0.10845 0.92748
vt 0.10845 0.92748
vt 0.10845 0.92748
vt 0.10845 0.92748
vt 0.10845 0.92748
vt 0.10845 0.92748
vt 0.10845 0.92748
vt 0.10845 0.92748
vt 0.10845 0.92748
vt 0.10845 0.92748
vt 0.10845 0.92748
vt 0.10845 0.92748
vt 0.10845 0.92748
vt 0.10845 0.92748
vt 0.10845 0.92748
vt 0.10845 0.92748
vt 0.10845 0.92748
vt 0.10845 0.92748
vt 0.10845 0.92748
vt 0.10845 0.92748
vt 0.10845 0.92748
vt 0.10845 0.92748
vt 0.10845 0.92748
vt 0.10845 0.92748
vt 0.10845 0.92748
vt 0.10845 0.92748
vt 0.10845 0.92748
vt 0.10845 0.92748
vt 0.10845 0.92748
vt 0.10845 0.92748
vt 0.10845 0.92748
vt 0.10845 0.92748
vt 0.10845 0.92748
vt 0.10845 0.92748
vt 0.10845 0.92748
vt 0.10845 0.92748
vt 0.10845 0.92748
vt 0.10845 0.92748
vt 0.10845 0.92748
vt 0.10845 0.92748
vt 0.10845 0.92748
vt 0.10845 0.92748
vt 0.10845 0.92748
vt 0.10845 0.92748
vt 0.10845 0.92748
vt 0.10845 0.92748
vt 0.10845 0.92748
vt 0.10845 0.92748
vt 0.10845 0.92748
vt 0.10845 0.92748
vt 0.10845 0.92748
vt 0.10845 0.92748
vt 0.10845 0.92748
vt 0.10845 0.92748
vt 0.10845 0.92748
vt 0.10845 0.92748
vt 0.10845 0.92748
vt 0.10845 0.92748
vt 0.10845 0.92748
vt 0.10845 0.92748
vt 0.10845 0.92748
vt 0.10845 0.92748
vt 0.10845 0.92748
vt 0.10845 0.92748
vt 0.10845 0.92748
vt 0.10845 0.92748
vt 0.10845 0.92748
vt 0.10845 0.92748
vt 0.10845 0.92748
vt 0.10845 0.92748
vt 0.10845 0.92748
vt 0.10845 0.92748
vt 0.10845 0.92748
vt 0.10845 0.92748
vt 0.10845 0.92748
vt 0.10845 0.92748
vt 0.10845 0.92748
vt 0.10845 0.92748
vt 0.10845 0.92748
vt 0.10845 0.92748
vt 0.10845 0.92748
vt 0.10845 0.92748
vt 0.10845 0.92748
vt 0.10845 0.92748
vt 0.10845 0.92748
vt 0.10845 0.92748
vt 0.10845 0.92748
vt 0.10845 0.92748
vt 0.10845 0.92748
vt 0.10845 0.92748
vt 0.10845 0.92748
vt 0.10845 0.92748
vt 0.10845 0.92748
vt 0.10845 0.92748
vt 0.10845 0.92748
vt 0.10845 0.92748
vt 0.10845 0.92748
vt 0.10845 0.92748
vt 0.10845 0.92748
vt 0.10845 0.92748
vt 0.10845 0.92748
vt 0.10845 0.92748
vt 0.10845 0.92748
vt 0.10845 0.92748
vt 0.10845 0.92748
vt 0.10845 0.92748
vt 0.10845 0.92748
vt 0.10845 0.92748
vt 0.10845 0.92748
vt 0.10845 0.92748
vt 0.10845 0.92748
vt 0.10845 0.92748
vt 0.10845 0.92748
vt 0.10845 0.92748
vt 0.10845 0.92748
vt 0.10845 0.92748
vt 0.10845 0.92748
vt 0.10845 0.92748
vt 0.10845 0.92748
vt 0.10845 0.92748
vt 0.10845 0.92748
vt 0.10845 0.92748
vt 0.10845 0.92748
vt 0.10845 0.92748
vt 0.10845 0.92748
vt 0.10845 0.92748
vt 0.10845 0.92748
vt 0.10845 0.92748
vt 0.10845 0.92748
vt 0.10845 0.92748
vt 0.10845 0.92748
vt 0.10845 0.92748
vt 0.10845 0.92748
vt 0.10845 0.92748
vt 0.10845 0.92748
vt 0.10845 0.92748
vt 0.10845 0.92748
vt 0.10845 0.92748
vt 0.10845 0.92748
vt 0.10845 0.92748
vt 0.10845 0.92748
vt 0.10845 0.92748
vt 0.10845 0.92748
vt 0.10845 0.92748
vt 0.10845 0.92748
vt 0.10845 0.92748
vt 0.10845 0.92748
vt 0.77821 0.09591
vt 0.77821 0.09591
vt 0.77821 0.09591
vt 0.77821 0.09591
vt 0.77821 0.09591
vt 0.77821 0.09591
vt 0.77821 0.09591
vt 0.77821 0.09591
vt 0.77821 0.09591
vt 0.77821 0.09591
vt 0.77821 0.09591
vt 0.77821 0.09591
vt 0.77821 0.09591
vt 0.77821 0.09591
vt 0.77821 0.09591
vt 0.77821 0.09591
vt 0.77821 0.09591
vt 0.77821 0.09591
vt 0.77821 0.09591
vt 0.77821 0.09591
vt 0.77821 0.09591
vt 0.77821 0.09591
vt 0.77821 0.09591
vt 0.77821 0.09591
vt 0.77821 0.09591
vt 0.77821 0.09591
vt 0.77821 0.09591
vt 0.77821 0.09591
vt 0.77821 0.09591
vt 0.77821 0.09591
vt 0.77636 0.10019
vt 0.77636 0.10022
vt 0.77633 0.10022
vt 0.77633 0.10021
vt 0.77633 0.10019
vt 0.77631 0.10018
vt 0.77631 0.10019
vt 0.77626 0.10019
vt 0.77626 0.10018
vt 0.77631 0.10017
vt 0.77631 0.10017
vt 0.77626 0.10017
vt 0.77626 0.10017
vt 0.77626 0.10018
vt 0.77631 0.10018
vt 0.77626 0.10018
vt 0.77631 0.10017
vt 0.77631 0.10017
vt 0.77626 0.10017
vt 0.77631 0.10019
vt 0.77626 0.10019
vt 0.77631 0.10017
vt 0.77626 0.10017
vt 0.69371 0.06466
vt 0.69371 0.06466
vt 0.69371 0.06466
vt 0.69371 0.06466
vt 0.69371 0.06466
vt 0.69371 0.06466
vt 0.69371 0.06466
vt 0.69371 0.06466
vt 0.69371 0.06466
vt 0.69371 0.06466
vt 0.69371 0.06466
vt 0.69371 0.06466
vt 0.69371 0.06466
vt 0.69371 0.06466
vt 0.69371 0.06466
vt 0.69371 0.06466
vt 0.69371 0.06466
vt 0.69371 0.06466
vt 0.69371 0.06466
vt 0.69371 0.06466
vt 0.69371 0.06466
vt 0.69371 0.06466
vt 0.69371 0.06466
vt 0.69371 0.06466
vt 0.69371 0.06466
vt 0.69371 0.06466
vt 0.69371 0.06466
vt 0.69371 0.06466
vt 0.73905 0.08126
vt 0.73905 0.08126
vt 0.73905 0.08126
vt 0.73905 0.08126
vt 0.73905 0.08126
vt 0.73905 0.08126
vt 0.73905 0.08126
vt 0.73905 0.08126
vt 0.73905 0.08126
vt 0.73905 0.08126
vt 0.73905 0.08126
vt 0.73905 0.08126
vt 0.73905 0.08126
vt 0.73905 0.08126
vt 0.73905 0.08126
vt 0.73905 0.08126
vt 0.73905 0.08126
vt 0.73905 0.08126
vt 0.73905 0.08126
vt 0.73905 0.08126
vt 0.73905 0.08126
vt 0.73905 0.08126
vt 0.73905 0.08126
vt 0.73905 0.08126
vt 0.73905 0.08126
vt 0.73905 0.08126
vt 0.73905 0.08126
vt 0.73905 0.08126
vt 0.73905 0.08126
vt 0.73905 0.08126
vt 0.73905 0.08126
vt 0.73905 0.08126
vt 0.73905 0.08126
vt 0.73905 0.08126
vt 0.73905 0.08126
vt 0.73905 0.08126
vt 0.73905 0.08126
vt 0.73905 0.08126
vt 0.73905 0.08126
vt 0.73905 0.08126
vt 0.73905 0.08126
vt 0.73905 0.08126
vt 0.73905 0.08126
vt 0.73905 0.08126
vt 0.73905 0.08126
vt 0.73905 0.08126
vt 0.73905 0.08126
vt 0.73905 0.08126
vt 0.73905 0.08126
vt 0.73905 0.08126
vt 0.73905 0.08126
vt 0.73905 0.08126
vt 0.73905 0.08126
vt 0.73905 0.08126
vt 0.73905 0.08126
vt 0.73905 0.08126
vt 0.73905 0.08126
vt 0.73905 0.08126
vt 0.73905 0.08126
vt 0.73905 0.08126
vt 0.73905 0.08126
vt 0.73905 0.08126
vt 0.73905 0.08126
vt 0.73905 0.08126
vt 0.73905 0.08126
vt 0.73905 0.08126
vt 0.73905 0.08126
vt 0.73905 0.08126
vt 0.73905 0.08126
vt 0.73905 0.08126
vt 0.73905 0.08126
vt 0.73905 0.08126
vt 0.73905 0.08126
vt 0.73905 0.08126
vt 0.73905 0.08126
vt 0.73905 0.08126
vt 0.73905 0.08126
vt 0.73905 0.08126
vt 0.73905 0.08126
vt 0.73905 0.08126
vt 0.73905 0.08126
vt 0.73905 0.08126
vt 0.73905 0.08126
vt 0.73905 0.08126
vt 0.73905 0.08126
vt 0.73905 0.08126
vt 0.73905 0.08126
vt 0.73905 0.08126
vt 0.73905 0.08126
vt 0.73905 0.08126
vt 0.73905 0.08126
vt 0.73905 0.08126
vt 0.73905 0.08126
vt 0.73905 0.08126
vt 0.73905 0.08126
vt 0.73905 0.08126
vt 0.73905 0.08126
vt 0.73905 0.08126
vt 0.73905 0.08126
vt 0.73905 0.08126
vt 0.73905 0.08126
vt 0.73905 0.08126
vt 0.73905 0.08126
vt 0.73905 0.08126
vt 0.73905 0.08126
vt 0.73905 0.08126
vt 0.73905 0.08126
vt 0.73905 0.08126
vt 0.73905 0.08126
vt 0.73905 0.08126
vt 0.73905 0.08126
vt 0.73905 0.08126
vt 0.73905 0.08126
vt 0.73905 0.08126
vt 0.73905 0.08126
vt 0.73905 0.08126
vt 0.73905 0.08126
vt 0.73905 0.08126
vt 0.73905 0.08126
vt 0.73905 0.08126
vt 0.73905 0.08126
vt 0.73905 0.08126
vt 0.73905 0.08126
vt 0.73905 0.08126
vt 0.73905 0.08126
vt 0.73905 0.08126
vt 0.73905 0.08126
vt 0.73905 0.08126
vt 0.73905 0.08126
vt 0.73905 0.08126
vt 0.73905 0.08126
vt 0.73905 0.08126
vt 0.73905 0.08126
vt 0.73905 0.08126
vt 0.73905 0.08126
vt 0.73905 0.08126
vt 0.73905 0.08126
vt 0.73905 0.08126
vt 0.73905 0.08126
vt 0.73905 0.08126
vt 0.73905 0.08126
vt 0.73905 0.08126
vt 0.73905 0.08126
vt 0.73905 0.08126
vt 0.73905 0.08126
vt 0.73905 0.08126
vt 0.73905 0.08126
vt 0.73905 0.08126
vt 0.73905 0.08126
vt 0.73905 0.08126
vt 0.73905 0.08126
vt 0.73905 0.08126
vt 0.73905 0.08126
vt 0.73905 0.08126
vt 0.73905 0.08126
vt 0.73905 0.08126
vt 0.73905 0.08126
vt 0.73905 0.08126
vt 0.73905 0.08126
vt 0.73905 0.08126
vt 0.73905 0.08126
vt 0.73905 0.08126
vt 0.73905 0.08126
vt 0.73905 0.08126
vt 0.73905 0.08126
vt 0.73905 0.08126
vt 0.73905 0.08126
vt 0.73905 0.08126
vt 0.73905 0.08126
vt 0.73905 0.08126
vt 0.73905 0.08126
vt 0.73905 0.08126
vt 0.73905 0.08126
vt 0.73905 0.08126
vt 0.73905 0.08126
vt 0.73905 0.08126
vt 0.73905 0.08126
vt 0.73905 0.08126
vt 0.73905 0.08126
vt 0.73905 0.08126
vt 0.73905 0.08126
vt 0.73905 0.08126
vt 0.73905 0.08126
vt 0.73905 0.08126
vt 0.73905 0.08126
vt 0.73905 0.08126
vt 0.73905 0.08126
vt 0.73905 0.08126
vt 0.73905 0.08126
vt 0.73905 0.08126
vt 0.73905 0.08126
vt 0.73905 0.08126
vt 0.73905 0.08126
vt 0.73905 0.08126
vt 0.73905 0.08126
vt 0.73905 0.08126
vt 0.73905 0.08126
vt 0.73905 0.08126
vt 0.73905 0.08126
vt 0.73905 0.08126
vt 0.73905 0.08126
vt 0.73905 0.08126
vt 0.73905 0.08126
vt 0.73905 0.08126
vt 0.73905 0.08126
vt 0.73905 0.08126
vt 0.73905 0.08126
vt 0.73905 0.08126
vt 0.73905 0.08126
vt 0.73905 0.08126
vt 0.73905 0.08126
vt 0.73905 0.08126
vt 0.73905 0.08126
vt 0.73905 0.08126
vt 0.73905 0.08126
vt 0.73905 0.08126
vt 0.73905 0.08126
vt 0.73905 0.08126
vt 0.73905 0.08126
vt 0.73905 0.08126
vt 0.73905 0.08126
vt 0.73905 0.08126
vt 0.73905 0.08126
vt 0.73905 0.08126
vt 0.73905 0.08126
vt 0.73905 0.08126
vt 0.73905 0.08126
vt 0.73905 0.08126
vt 0.73905 0.08126
vt 0.73905 0.08126
vt 0.73905 0.08126
vt 0.73905 0.08126
vt 0.73905 0.08126
vt 0.73905 0.08126
vt 0.73905 0.08126
vt 0.73905 0.08126
vt 0.73905 0.08126
vt 0.73905 0.08126
vt 0.73905 0.08126
vt 0.73905 0.08126
vt 0.73905 0.08126
vt 0.73905 0.08126
vt 0.73905 0.08126
vt 0.73905 0.08126
vt 0.73905 0.08126
vt 0.73905 0.08126
vt 0.73905 0.08126
vt 0.73905 0.08126
vt 0.73905 0.08126
vt 0.73905 0.08126
vt 0.73905 0.08126
vt 0.73905 0.08126
vt 0.73905 0.08126
vt 0.73905 0.08126
vt 0.73905 0.08126
vt 0.73905 0.08126
vt 0.73905 0.08126
vt 0.73905 0.08126
vt 0.73905 0.08126
vt 0.73905 0.08126
vt 0.73905 0.08126
vt 0.73905 0.08126
vt 0.73905 0.08126
vt 0.73905 0.08126
vt 0.73905 0.08126
vt 0.73905 0.08126
vt 0.73905 0.08126
vt 0.73905 0.08126
vt 0.73905 0.08126
vt 0.73905 0.08126
vt 0.73905 0.08126
vt 0.73905 0.08126
vt 0.73905 0.08126
vt 0.73905 0.08126
vt 0.73905 0.08126
vt 0.73905 0.08126
vt 0.73905 0.08126
vt 0.73905 0.08126
vt 0.73905 0.08126
vt 0.73905 0.08126
vt 0.73905 0.08126
vt 0.73905 0.08126
vt 0.73905 0.08126
vt 0.73905 0.08126
vt 0.73905 0.08126
vt 0.73905 0.08126
vt 0.73905 0.08126
vt 0.73905 0.08126
vt 0.73905 0.08126
vt 0.73905 0.08126
vt 0.73905 0.08126
vt 0.73905 0.08126
vt 0.73905 0.08126
vt 0.73905 0.08126
vt 0.73905 0.08126
vt 0.73905 0.08126
vt 0.73905 0.08126
vt 0.73905 0.08126
vt 0.73905 0.08126
vt 0.73905 0.08126
vt 0.73905 0.08126
vt 0.73905 0.08126
vt 0.73905 0.08126
vt 0.73905 0.08126
vt 0.73905 0.08126
vt 0.73905 0.08126
vt 0.85242 0.11464
vt 0.85242 0.11464
vt 0.85242 0.11464
vt 0.85242 0.11464
vt 0.85242 0.11464
vt 0.85242 0.11464
vt 0.85242 0.11464
vt 0.85242 0.11464
vt 0.85242 0.11464
vt 0.85243 0.11464
vt 0.85242 0.11464
vt 0.85243 0.11464
vt 0.85243 0.11464
vt 0.85243 0.11464
vt 0.85243 0.11464
vt 0.85243 0.11464
vt 0.85244 0.11464
vt 0.85243 0.11464
vt 0.85243 0.11464
vt 0.85243 0.11464
vt 0.85243 0.11464
vt 0.85243 0.11464
vt 0.85243 0.11464
vt 0.85242 0.11464
vt 0.85243 0.11464
vt 0.85243 0.11466
vt 0.85243 0.11464
vt 0.85243 0.11466
vt 0.85243 0.11466
vt 0.85243 0.11466
vt 0.85243 0.11464
vt 0.85243 0.11466
vt 0.85243 0.11464
vt 0.85243 0.11466
vt 0.85243 0.11466
vt 0.85243 0.11466
vt 0.85243 0.11464
vt 0.85243 0.11466
vt 0.85243 0.11464
vt 0.85243 0.11466
vt 0.85243 0.11466
vt 0.85243 0.11466
vt 0.85242 0.11464
vt 0.85242 0.11466
vt 0.85242 0.11464
vt 0.85242 0.11466
vt 0.85242 0.11466
vt 0.85242 0.11466
vt 0.85242 0.11464
vt 0.85242 0.11466
vt 0.85242 0.11464
vt 0.85242 0.11466
vt 0.85242 0.11466
vt 0.85242 0.11466
vt 0.85242 0.11464
vt 0.85242 0.11466
vt 0.85242 0.11464
vt 0.85242 0.11466
vt 0.85242 0.11466
vt 0.85242 0.11466
vt 0.85242 0.11464
vt 0.85242 0.11466
vt 0.85242 0.11464
vt 0.85242 0.11466
vt 0.85242 0.11466
vt 0.85242 0.11466
vt 0.85242 0.11464
vt 0.85242 0.11466
vt 0.85242 0.11464
vt 0.85242 0.11466
vt 0.85242 0.11466
vt 0.85242 0.11466
vt 0.85242 0.11464
vt 0.85242 0.11466
vt 0.85242 0.11464
vt 0.85242 0.11466
vt 0.85242 0.11466
vt 0.85242 0.11466
vt 0.85242 0.11464
vt 0.85243 0.11466
vt 0.85243 0.11464
vt 0.85242 0.11466
vt 0.85243 0.11466
vt 0.85243 0.11466
vt 0.85243 0.11464
vt 0.85243 0.11466
vt 0.85243 0.11464
vt 0.85243 0.11466
vt 0.85243 0.11466
vt 0.85243 0.11466
vt 0.85243 0.11464
vt 0.85243 0.11466
vt 0.85243 0.11464
vt 0.85243 0.11466
vt 0.85243 0.11466
vt 0.85243 0.11466
vt 0.85243 0.11466
vt 0.85243 0.11466
vt 0.85243 0.11466
vt 0.85243 0.11466
vt 0.85243 0.11466
vt 0.85243 0.11466
vt 0.85243 0.11466
vt 0.85244 0.11466
vt 0.85243 0.11466
vt 0.85243 0.11466
vt 0.85243 0.11466
vt 0.85243 0.11466
vt 0.85243 0.11466
vt 0.85242 0.11466
vt 0.85242 0.11466
vt 0.85242 0.11466
vt 0.85242 0.11466
vt 0.85242 0.11466
vt 0.85242 0.11466
vt 0.85242 0.11466
vt 0.85242 0.11466
vt 0.85242 0.11466
vt 0.85242 0.11466
vt 0.85243 0.11466
vt 0.85243 0.11466
vt 0.85243 0.11466
vt 0.85243 0.11466
vt 0.85243 0.11466
vt 0.85243 0.11466
vt 0.85243 0.11466
vt 0.85242 0.11466
vt 0.85242 0.11466
vt 0.85242 0.11466
vt 0.85242 0.11466
vt 0.85242 0.11466
vt 0.85242 0.11466
vt 0.85242 0.11466
vt 0.85242 0.11466
vt 0.85242 0.11466
vt 0.85242 0.11466
vt 0.85243 0.11466
vt 0.85243 0.11466
vt 0.85243 0.11466
vt 0.85243 0.11466
vt 0.85243 0.11466
vt 0.85244 0.11466
vt 0.85243 0.11466
vt 0.85243 0.11466
vt 0.85243 0.11466
vt 0.85243 0.11466
vt 0.85243 0.11466
vt 0.85243 0.11466
vt 0.85243 0.11466
vt 0.85243 0.11466
vt 0.85243 0.11466
vt 0.85244 0.11466
vt 0.85243 0.11466
vt 0.85243 0.11466
vt 0.85243 0.11466
vt 0.85243 0.11466
vt 0.85243 0.11466
vt 0.85242 0.11466
vt 0.85242 0.11466
vt 0.85242 0.11466
vt 0.85242 0.11466
vt 0.85242 0.11466
vt 0.85242 0.11466
vt 0.85242 0.11466
vt 0.85242 0.11466
vt 0.85242 0.11466
vt 0.85242 0.11466
vt 0.85243 0.11466
vt 0.85238 0.11468
vt 0.85238 0.11468
vt 0.85238 0.11468
vt 0.85238 0.11468
vt 0.85238 0.11468
vt 0.85239 0.11468
vt 0.85239 0.11468
vt 0.85239 0.11468
vt 0.85238 0.11468
vt 0.85238 0.11468
vt 0.85238 0.11468
vt 0.85238 0.11468
vt 0.85239 0.11468
vt 0.85239 0.11468
vt 0.85239 0.11468
vt 0.85239 0.11468
vt 0.85239 0.11468
vt 0.85239 0.11468
vt 0.85238 0.11468
vt 0.85238 0.11468
vt 0.85238 0.11468
vt 0.85238 0.11468
vt 0.85238 0.11468
vt 0.85238 0.11468
vt 0.85243 0.11460
vt 0.85243 0.11460
vt 0.85243 0.11460
vt 0.85243 0.11460
vt 0.85243 0.11460
vt 0.85244 0.11460
vt 0.85244 0.11460
vt 0.85244 0.11460
vt 0.85244 0.11460
vt 0.85243 0.11460
vt 0.85243 0.11460
vt 0.85243 0.11460
vt 0.85243 0.11460
vt 0.85242 0.11460
vt 0.85243 0.11460
vt 0.85242 0.11460
vt 0.85242 0.11460
vt 0.85242 0.11460
vt 0.85242 0.11460
vt 0.85242 0.11460
vt 0.85242 0.11460
vt 0.85242 0.11460
vt 0.85242 0.11460
vt 0.85242 0.11460
vt 0.85243 0.11460
vt 0.85243 0.11462
vt 0.85243 0.11462
vt 0.85243 0.11460
vt 0.85243 0.11462
vt 0.85243 0.11462
vt 0.85243 0.11460
vt 0.85243 0.11462
vt 0.85243 0.11462
vt 0.85243 0.11460
vt 0.85243 0.11462
vt 0.85243 0.11462
vt 0.85243 0.11460
vt 0.85244 0.11462
vt 0.85243 0.11462
vt 0.85244 0.11460
vt 0.85244 0.11462
vt 0.85244 0.11462
vt 0.85242 0.11460
vt 0.85242 0.11462
vt 0.85242 0.11462
vt 0.85242 0.11460
vt 0.85242 0.11462
vt 0.85242 0.11462
vt 0.85242 0.11460
vt 0.85242 0.11462
vt 0.85242 0.11462
vt 0.85242 0.11460
vt 0.85242 0.11462
vt 0.85242 0.11462
vt 0.85242 0.11460
vt 0.85242 0.11462
vt 0.85242 0.11462
vt 0.85242 0.11460
vt 0.85242 0.11462
vt 0.85242 0.11462
vt 0.85242 0.11460
vt 0.85242 0.11462
vt 0.85242 0.11462
vt 0.85242 0.11460
vt 0.85242 0.11462
vt 0.85242 0.11462
vt 0.85242 0.11460
vt 0.85242 0.11462
vt 0.85242 0.11462
vt 0.85242 0.11460
vt 0.85242 0.11462
vt 0.85242 0.11462
vt 0.85242 0.11460
vt 0.85243 0.11462
vt 0.85242 0.11462
vt 0.85243 0.11460
vt 0.85243 0.11462
vt 0.85243 0.11462
vt 0.85243 0.11460
vt 0.85243 0.11462
vt 0.85243 0.11462
vt 0.85243 0.11460
vt 0.85243 0.11462
vt 0.85243 0.11462
vt 0.85243 0.11460
vt 0.85243 0.11462
vt 0.85243 0.11462
vt 0.85243 0.11460
vt 0.85243 0.11462
vt 0.85243 0.11462
vt 0.85243 0.11460
vt 0.85243 0.11462
vt 0.85243 0.11462
vt 0.85243 0.11460
vt 0.85243 0.11462
vt 0.85243 0.11462
vt 0.85243 0.11462
vt 0.85243 0.11462
vt 0.85243 0.11462
vt 0.85243 0.11462
vt 0.85243 0.11462
vt 0.85244 0.11462
vt 0.85244 0.11462
vt 0.85244 0.11462
vt 0.85244 0.11462
vt 0.85243 0.11462
vt 0.85243 0.11462
vt 0.85243 0.11462
vt 0.85243 0.11462
vt 0.85243 0.11462
vt 0.85242 0.11462
vt 0.85242 0.11462
vt 0.85242 0.11462
vt 0.85242 0.11462
vt 0.85242 0.11462
vt 0.85242 0.11462
vt 0.85242 0.11462
vt 0.85242 0.11462
vt 0.85242 0.11462
vt 0.85243 0.11462
vt 0.85244 0.11462
vt 0.85243 0.11462
vt 0.85243 0.11462
vt 0.85243 0.11462
vt 0.85243 0.11462
vt 0.85243 0.11462
vt 0.85243 0.11462
vt 0.85242 0.11462
vt 0.85242 0.11462
vt 0.85242 0.11462
vt 0.85242 0.11462
vt 0.85242 0.11462
vt 0.85242 0.11462
vt 0.85242 0.11462
vt 0.85242 0.11462
vt 0.85242 0.11462
vt 0.85243 0.11462
vt 0.85243 0.11462
vt 0.85243 0.11462
vt 0.85243 0.11462
vt 0.85243 0.11462
vt 0.85244 0.11462
vt 0.85244 0.11462
vt 0.85244 0.11462
vt 0.85243 0.11462
vt 0.85243 0.11462
vt 0.85243 0.11462
vt 0.85243 0.11462
vt 0.85243 0.11462
vt 0.85244 0.11462
vt 0.85244 0.11462
vt 0.85244 0.11462
vt 0.85244 0.11462
vt 0.85243 0.11462
vt 0.85243 0.11462
vt 0.85243 0.11462
vt 0.85243 0.11462
vt 0.85243 0.11462
vt 0.85242 0.11462
vt 0.85242 0.11462
vt 0.85242 0.11462
vt 0.85242 0.11462
vt 0.85242 0.11462
vt 0.85242 0.11462
vt 0.85242 0.11462
vt 0.85242 0.11462
vt 0.85242 0.11462
vt 0.85243 0.11462
vt 0.85239 0.11468
vt 0.85238 0.11468
vt 0.85239 0.11468
vt 0.85238 0.11468
vt 0.85238 0.11468
vt 0.85238 0.11468
vt 0.85238 0.11468
vt 0.85239 0.11468
vt 0.85240 0.11468
vt 0.85239 0.11468
vt 0.85238 0.11468
vt 0.85238 0.11468
vt 0.85238 0.11468
vt 0.85239 0.11468
vt 0.85239 0.11468
vt 0.85239 0.11468
vt 0.85238 0.11468
vt 0.85238 0.11468
vt 0.85239 0.11468
vt 0.85239 0.11468
vt 0.85239 0.11468
vt 0.85238 0.11468
vt 0.85238 0.11468
vt 0.85238 0.11468
vt 0.85244 0.11462
vt 0.85244 0.11462
vt 0.85244 0.11462
vt 0.85244 0.11462
vt 0.85244 0.11462
vt 0.85244 0.11462
vt 0.85244 0.11462
vt 0.85244 0.11462
vt 0.85244 0.11462
vt 0.85245 0.11462
vt 0.85245 0.11462
vt 0.85245 0.11462
vt 0.85245 0.11462
vt 0.85245 0.11462
vt 0.85245 0.11462
vt 0.85245 0.11462
vt 0.85245 0.11462
vt 0.85245 0.11462
vt 0.85245 0.11462
vt 0.85245 0.11462
vt 0.85245 0.11462
vt 0.85245 0.11462
vt 0.85245 0.11462
vt 0.85244 0.11462
vt 0.85245 0.11462
vt 0.85245 0.11464
vt 0.85245 0.11462
vt 0.85245 0.11464
vt 0.85245 0.11464
vt 0.85245 0.11464
vt 0.85245 0.11462
vt 0.85245 0.11464
vt 0.85245 0.11462
vt 0.85245 0.11464
vt 0.85245 0.11464
vt 0.85245 0.11464
vt 0.85245 0.11462
vt 0.85245 0.11464
vt 0.85245 0.11462
vt 0.85245 0.11464
vt 0.85245 0.11464
vt 0.85245 0.11464
vt 0.85244 0.11462
vt 0.85244 0.11464
vt 0.85244 0.11462
vt 0.85244 0.11464
vt 0.85244 0.11462
vt 0.85244 0.11464
vt 0.85244 0.11462
vt 0.85244 0.11464
vt 0.85244 0.11462
vt 0.85244 0.11464
vt 0.85244 0.11462
vt 0.85244 0.11464
vt 0.85244 0.11462
vt 0.85244 0.11464
vt 0.85244 0.11462
vt 0.85244 0.11464
vt 0.85244 0.11462
vt 0.85244 0.11464
vt 0.85244 0.11462
vt 0.85244 0.11464
vt 0.85244 0.11464
vt 0.85244 0.11464
vt 0.85244 0.11462
vt 0.85244 0.11464
vt 0.85244 0.11462
vt 0.85244 0.11464
vt 0.85244 0.11464
vt 0.85244 0.11464
vt 0.85244 0.11462
vt 0.85244 0.11464
vt 0.85244 0.11462
vt 0.85244 0.11464
vt 0.85244 0.11464
vt 0.85244 0.11464
vt 0.85244 0.11462
vt 0.85245 0.11464
vt 0.85245 0.11462
vt 0.85244 0.11464
vt 0.85245 0.11464
vt 0.85245 0.11464
vt 0.85245 0.11462
vt 0.85245 0.11464
vt 0.85245 0.11462
vt 0.85245 0.11464
vt 0.85245 0.11464
vt 0.85245 0.11464
vt 0.85245 0.11462
vt 0.85245 0.11464
vt 0.85245 0.11462
vt 0.85245 0.11464
vt 0.85245 0.11464
vt 0.85245 0.11464
vt 0.85245 0.11462
vt 0.85245 0.11464
vt 0.85245 0.11462
vt 0.85245 0.11464
vt 0.85245 0.11464
vt 0.85245 0.11464
vt 0.85245 0.11464
vt 0.85245 0.11464
vt 0.85245 0.11464
vt 0.85245 0.11464
vt 0.85245 0.11464
vt 0.85245 0.11464
vt 0.85245 0.11464
vt 0.85245 0.11464
vt 0.85245 0.11464
vt 0.85245 0.11464
vt 0.85245 0.11464
vt 0.85245 0.11464
vt 0.85245 0.11464
vt 0.85245 0.11464
vt 0.85245 0.11464
vt 0.85245 0.11464
vt 0.85245 0.11464
vt 0.85245 0.11464
vt 0.85244 0.11464
vt 0.85244 0.11464
vt 0.85244 0.11464
vt 0.85244 0.11464
vt 0.85244 0.11464
vt 0.85244 0.11464
vt 0.85244 0.11464
vt 0.85244 0.11464
vt 0.85244 0.11464
vt 0.85245 0.11464
vt 0.85245 0.11464
vt 0.85245 0.11464
vt 0.85245 0.11464
vt 0.85245 0.11464
vt 0.85245 0.11464
vt 0.85245 0.11464
vt 0.85244 0.11464
vt 0.85244 0.11464
vt 0.85244 0.11464
vt 0.85244 0.11464
vt 0.85244 0.11464
vt 0.85244 0.11464
vt 0.85244 0.11464
vt 0.85244 0.11464
vt 0.85244 0.11464
vt 0.85245 0.11464
vt 0.85245 0.11464
vt 0.85245 0.11464
vt 0.85245 0.11464
vt 0.85245 0.11464
vt 0.85245 0.11464
vt 0.85245 0.11464
vt 0.85245 0.11464
vt 0.85245 0.11464
vt 0.85245 0.11464
vt 0.85245 0.11464
vt 0.85245 0.11464
vt 0.85245 0.11464
vt 0.85245 0.11464
vt 0.85245 0.11464
vt 0.85245 0.11464
vt 0.85245 0.11464
vt 0.85245 0.11464
vt 0.85245 0.11464
vt 0.85245 0.11464
vt 0.85245 0.11464
vt 0.85245 0.11464
vt 0.85245 0.11464
vt 0.85244 0.11464
vt 0.85244 0.11464
vt 0.85244 0.11464
vt 0.85244 0.11464
vt 0.85244 0.11464
vt 0.85244 0.11464
vt 0.85244 0.11464
vt 0.85244 0.11464
vt 0.85244 0.11464
vt 0.85245 0.11464
vt 0.85244 0.11462
vt 0.85244 0.11464
vt 0.85238 0.11468
vt 0.85238 0.11468
vt 0.85238 0.11468
vt 0.85238 0.11468
vt 0.85238 0.11468
vt 0.85239 0.11468
vt 0.85239 0.11468
vt 0.85239 0.11468
vt 0.85239 0.11468
vt 0.85240 0.11468
vt 0.85240 0.11468
vt 0.85239 0.11468
vt 0.85238 0.11468
vt 0.85238 0.11468
vt 0.85238 0.11468
vt 0.85238 0.11468
vt 0.85238 0.11468
vt 0.85238 0.11468
vt 0.85239 0.11468
vt 0.85239 0.11468
vt 0.85239 0.11468
vt 0.85239 0.11468
vt 0.85239 0.11468
vt 0.85239 0.11468
vt 0.85238 0.11468
vt 0.85238 0.11468
vt 0.85239 0.11468
vt 0.85239 0.11468
vt 0.85239 0.11468
vt 0.85238 0.11468
vt 0.85238 0.11468
vt 0.85238 0.11468
vt 0.85247 0.11466
vt 0.85247 0.11466
vt 0.85247 0.11466
vt 0.85247 0.11466
vt 0.85247 0.11466
vt 0.85247 0.11466
vt 0.85247 0.11466
vt 0.85247 0.11466
vt 0.85247 0.11466
vt 0.85247 0.11466
vt 0.85247 0.11466
vt 0.85247 0.11466
vt 0.85247 0.11466
vt 0.85246 0.11466
vt 0.85247 0.11466
vt 0.85246 0.11466
vt 0.85246 0.11466
vt 0.85246 0.11466
vt 0.85246 0.11466
vt 0.85246 0.11466
vt 0.85246 0.11466
vt 0.85246 0.11466
vt 0.85246 0.11466
vt 0.85246 0.11466
vt 0.85247 0.11466
vt 0.85247 0.11468
vt 0.85247 0.11468
vt 0.85247 0.11466
vt 0.85247 0.11468
vt 0.85247 0.11468
vt 0.85247 0.11466
vt 0.85247 0.11468
vt 0.85247 0.11468
vt 0.85247 0.11466
vt 0.85247 0.11468
vt 0.85247 0.11468
vt 0.85247 0.11466
vt 0.85247 0.11468
vt 0.85247 0.11468
vt 0.85247 0.11466
vt 0.85247 0.11468
vt 0.85247 0.11468
vt 0.85246 0.11466
vt 0.85246 0.11468
vt 0.85246 0.11468
vt 0.85246 0.11466
vt 0.85246 0.11468
vt 0.85246 0.11468
vt 0.85246 0.11466
vt 0.85246 0.11468
vt 0.85246 0.11468
vt 0.85246 0.11466
vt 0.85246 0.11468
vt 0.85246 0.11468
vt 0.85246 0.11466
vt 0.85246 0.11468
vt 0.85246 0.11468
vt 0.85246 0.11466
vt 0.85246 0.11468
vt 0.85246 0.11468
vt 0.85246 0.11466
vt 0.85246 0.11468
vt 0.85246 0.11468
vt 0.85246 0.11466
vt 0.85246 0.11468
vt 0.85246 0.11468
vt 0.85246 0.11466
vt 0.85246 0.11468
vt 0.85246 0.11468
vt 0.85246 0.11466
vt 0.85246 0.11468
vt 0.85246 0.11468
vt 0.85246 0.11466
vt 0.85247 0.11468
vt 0.85246 0.11468
vt 0.85247 0.11466
vt 0.85247 0.11468
vt 0.85247 0.11468
vt 0.85247 0.11466
vt 0.85247 0.11468
vt 0.85247 0.11468
vt 0.85247 0.11466
vt 0.85247 0.11468
vt 0.85247 0.11468
vt 0.85247 0.11466
vt 0.85247 0.11468
vt 0.85247 0.11468
vt 0.85247 0.11466
vt 0.85247 0.11468
vt 0.85247 0.11468
vt 0.85247 0.11466
vt 0.85247 0.11468
vt 0.85247 0.11468
vt 0.85247 0.11466
vt 0.85247 0.11468
vt 0.85247 0.11468
vt 0.85247 0.11468
vt 0.85247 0.11468
vt 0.85247 0.11468
vt 0.85247 0.11468
vt 0.85247 0.11468
vt 0.85247 0.11468
vt 0.85247 0.11468
vt 0.85247 0.11468
vt 0.85247 0.11468
vt 0.85247 0.11468
vt 0.85247 0.11468
vt 0.85247 0.11468
vt 0.85247 0.11468
vt 0.85247 0.11468
vt 0.85246 0.11468
vt 0.85246 0.11468
vt 0.85246 0.11468
vt 0.85246 0.11468
vt 0.85246 0.11468
vt 0.85246 0.11468
vt 0.85246 0.11468
vt 0.85246 0.11468
vt 0.85246 0.11468
vt 0.85247 0.11468
vt 0.85247 0.11468
vt 0.85247 0.11468
vt 0.85247 0.11468
vt 0.85247 0.11468
vt 0.85247 0.11468
vt 0.85247 0.11468
vt 0.85247 0.11468
vt 0.85246 0.11468
vt 0.85246 0.11468
vt 0.85246 0.11468
vt 0.85246 0.11468
vt 0.85246 0.11468
vt 0.85246 0.11468
vt 0.85246 0.11468
vt 0.85246 0.11468
vt 0.85246 0.11468
vt 0.85247 0.11468
vt 0.85247 0.11468
vt 0.85247 0.11468
vt 0.85247 0.11468
vt 0.85247 0.11468
vt 0.85247 0.11468
vt 0.85247 0.11468
vt 0.85247 0.11468
vt 0.85247 0.11468
vt 0.85247 0.11468
vt 0.85247 0.11468
vt 0.85247 0.11468
vt 0.85247 0.11468
vt 0.85247 0.11468
vt 0.85247 0.11468
vt 0.85247 0.11468
vt 0.85247 0.11468
vt 0.85247 0.11468
vt 0.85247 0.11468
vt 0.85247 0.11468
vt 0.85247 0.11468
vt 0.85247 0.11468
vt 0.85246 0.11468
vt 0.85246 0.11468
vt 0.85246 0.11468
vt 0.85246 0.11468
vt 0.85246 0.11468
vt 0.85246 0.11468
vt 0.85246 0.11468
vt 0.85246 0.11468
vt 0.85246 0.11468
vt 0.85247 0.11468
vt 0.85239 0.11468
vt 0.85238 0.11468
vt 0.85239 0.11468
vt 0.85238 0.11468
vt 0.85238 0.11468
vt 0.85238 0.11468
vt 0.85238 0.11468
vt 0.85239 0.11468
vt 0.85238 0.11468
vt 0.85238 0.11468
vt 0.85239 0.11468
vt 0.85239 0.11468
vt 0.85239 0.11468
vt 0.85238 0.11468
vt 0.85238 0.11468
vt 0.85238 0.11468
vt 0.85240 0.11466
vt 0.85240 0.11466
vt 0.85240 0.11466
vt 0.85240 0.11466
vt 0.85240 0.11466
vt 0.85240 0.11466
vt 0.85240 0.11466
vt 0.85240 0.11466
vt 0.85240 0.11466
vt 0.85241 0.11466
vt 0.85241 0.11466
vt 0.85241 0.11466
vt 0.85241 0.11466
vt 0.85242 0.11466
vt 0.85242 0.11466
vt 0.85242 0.11466
vt 0.85242 0.11466
vt 0.85242 0.11466
vt 0.85242 0.11466
vt 0.85241 0.11466
vt 0.85241 0.11466
vt 0.85241 0.11466
vt 0.85241 0.11466
vt 0.85240 0.11466
vt 0.85241 0.11466
vt 0.85241 0.11468
vt 0.85241 0.11466
vt 0.85241 0.11468
vt 0.85241 0.11468
vt 0.85241 0.11468
vt 0.85241 0.11466
vt 0.85241 0.11468
vt 0.85241 0.11466
vt 0.85241 0.11468
vt 0.85242 0.11468
vt 0.85241 0.11468
vt 0.85242 0.11466
vt 0.85242 0.11468
vt 0.85242 0.11466
vt 0.85242 0.11468
vt 0.85242 0.11468
vt 0.85242 0.11468
vt 0.85240 0.11466
vt 0.85240 0.11468
vt 0.85240 0.11466
vt 0.85240 0.11468
vt 0.85240 0.11468
vt 0.85240 0.11468
vt 0.85240 0.11466
vt 0.85240 0.11468
vt 0.85240 0.11466
vt 0.85240 0.11468
vt 0.85240 0.11468
vt 0.85240 0.11468
vt 0.85240 0.11466
vt 0.85240 0.11468
vt 0.85240 0.11466
vt 0.85240 0.11468
vt 0.85240 0.11468
vt 0.85240 0.11468
vt 0.85240 0.11466
vt 0.85240 0.11468
vt 0.85240 0.11466
vt 0.85240 0.11468
vt 0.85240 0.11468
vt 0.85240 0.11468
vt 0.85240 0.11466
vt 0.85240 0.11468
vt 0.85240 0.11466
vt 0.85240 0.11468
vt 0.85240 0.11468
vt 0.85240 0.11468
vt 0.85240 0.11466
vt 0.85241 0.11468
vt 0.85241 0.11466
vt 0.85240 0.11468
vt 0.85241 0.11468
vt 0.85241 0.11468
vt 0.85241 0.11466
vt 0.85241 0.11468
vt 0.85241 0.11466
vt 0.85241 0.11468
vt 0.85241 0.11468
vt 0.85241 0.11468
vt 0.85241 0.11466
vt 0.85241 0.11468
vt 0.85241 0.11466
vt 0.85241 0.11468
vt 0.85241 0.11468
vt 0.85241 0.11468
vt 0.85241 0.11466
vt 0.85241 0.11468
vt 0.85241 0.11466
vt 0.85241 0.11468
vt 0.85241 0.11468
vt 0.85241 0.11468
vt 0.85241 0.11468
vt 0.85241 0.11468
vt 0.85241 0.11468
vt 0.85241 0.11468
vt 0.85242 0.11468
vt 0.85242 0.11468
vt 0.85242 0.11468
vt 0.85242 0.11468
vt 0.85242 0.11468
vt 0.85242 0.11468
vt 0.85241 0.11468
vt 0.85241 0.11468
vt 0.85241 0.11468
vt 0.85241 0.11468
vt 0.85240 0.11468
vt 0.85240 0.11468
vt 0.85240 0.11468
vt 0.85240 0.11468
vt 0.85240 0.11468
vt 0.85240 0.11468
vt 0.85240 0.11468
vt 0.85240 0.11468
vt 0.85240 0.11468
vt 0.85241 0.11468
vt 0.85242 0.11468
vt 0.85241 0.11468
vt 0.85241 0.11468
vt 0.85241 0.11468
vt 0.85241 0.11468
vt 0.85241 0.11468
vt 0.85240 0.11468
vt 0.85240 0.11468
vt 0.85240 0.11468
vt 0.85240 0.11468
vt 0.85240 0.11468
vt 0.85240 0.11468
vt 0.85240 0.11468
vt 0.85240 0.11468
vt 0.85240 0.11468
vt 0.85241 0.11468
vt 0.85241 0.11468
vt 0.85241 0.11468
vt 0.85241 0.11468
vt 0.85242 0.11468
vt 0.85242 0.11468
vt 0.85242 0.11468
vt 0.85242 0.11468
vt 0.85242 0.11468
vt 0.85241 0.11468
vt 0.85241 0.11468
vt 0.85241 0.11468
vt 0.85241 0.11468
vt 0.85242 0.11468
vt 0.85242 0.11468
vt 0.85242 0.11468
vt 0.85242 0.11468
vt 0.85242 0.11468
vt 0.85242 0.11468
vt 0.85241 0.11468
vt 0.85241 0.11468
vt 0.85241 0.11468
vt 0.85241 0.11468
vt 0.85240 0.11468
vt 0.85240 0.11468
vt 0.85240 0.11468
vt 0.85240 0.11468
vt 0.85240 0.11468
vt 0.85240 0.11468
vt 0.85240 0.11468
vt 0.85240 0.11468
vt 0.85240 0.11468
vt 0.85241 0.11468
vt 0.85244 0.11468
vt 0.85244 0.11468
vt 0.85244 0.11468
vt 0.85244 0.11468
vt 0.85244 0.11468
vt 0.85245 0.11468
vt 0.85245 0.11468
vt 0.85245 0.11468
vt 0.85244 0.11468
vt 0.85244 0.11468
vt 0.85244 0.11468
vt 0.85244 0.11468
vt 0.85245 0.11468
vt 0.85245 0.11468
vt 0.85245 0.11468
vt 0.85245 0.11468
vt 0.85245 0.11468
vt 0.85245 0.11468
vt 0.85244 0.11468
vt 0.85244 0.11468
vt 0.85244 0.11468
vt 0.85244 0.11468
vt 0.85244 0.11468
vt 0.85244 0.11468
vt 0.85245 0.11464
vt 0.85245 0.11464
vt 0.85245 0.11464
vt 0.85245 0.11464
vt 0.85245 0.11464
vt 0.85245 0.11464
vt 0.85245 0.11464
vt 0.85245 0.11464
vt 0.85245 0.11464
vt 0.85245 0.11464
vt 0.85245 0.11464
vt 0.85245 0.11464
vt 0.85245 0.11464
vt 0.85244 0.11464
vt 0.85245 0.11464
vt 0.85244 0.11464
vt 0.85244 0.11464
vt 0.85244 0.11464
vt 0.85244 0.11464
vt 0.85244 0.11464
vt 0.85244 0.11464
vt 0.85244 0.11464
vt 0.85244 0.11464
vt 0.85244 0.11464
vt 0.85245 0.11464
vt 0.85245 0.11466
vt 0.85245 0.11466
vt 0.85245 0.11464
vt 0.85245 0.11466
vt 0.85245 0.11466
vt 0.85245 0.11464
vt 0.85245 0.11466
vt 0.85245 0.11466
vt 0.85245 0.11464
vt 0.85245 0.11466
vt 0.85245 0.11466
vt 0.85245 0.11464
vt 0.85245 0.11466
vt 0.85245 0.11466
vt 0.85245 0.11464
vt 0.85245 0.11466
vt 0.85245 0.11466
vt 0.85244 0.11464
vt 0.85244 0.11466
vt 0.85244 0.11466
vt 0.85244 0.11464
vt 0.85244 0.11464
vt 0.85244 0.11466
vt 0.85244 0.11466
vt 0.85244 0.11464
vt 0.85244 0.11464
vt 0.85244 0.11466
vt 0.85244 0.11466
vt 0.85244 0.11464
vt 0.85244 0.11464
vt 0.85244 0.11466
vt 0.85244 0.11466
vt 0.85244 0.11464
vt 0.85244 0.11464
vt 0.85244 0.11466
vt 0.85244 0.11466
vt 0.85244 0.11464
vt 0.85244 0.11466
vt 0.85244 0.11466
vt 0.85244 0.11464
vt 0.85244 0.11466
vt 0.85244 0.11466
vt 0.85244 0.11464
vt 0.85244 0.11466
vt 0.85244 0.11466
vt 0.85244 0.11464
vt 0.85244 0.11466
vt 0.85244 0.11466
vt 0.85244 0.11464
vt 0.85244 0.11466
vt 0.85244 0.11466
vt 0.85244 0.11464
vt 0.85245 0.11466
vt 0.85244 0.11466
vt 0.85245 0.11464
vt 0.85245 0.11466
vt 0.85245 0.11466
vt 0.85245 0.11464
vt 0.85245 0.11466
vt 0.85245 0.11466
vt 0.85245 0.11464
vt 0.85245 0.11466
vt 0.85245 0.11466
vt 0.85245 0.11464
vt 0.85245 0.11466
vt 0.85245 0.11466
vt 0.85245 0.11464
vt 0.85245 0.11466
vt 0.85245 0.11466
vt 0.85245 0.11464
vt 0.85245 0.11466
vt 0.85245 0.11466
vt 0.85245 0.11464
vt 0.85245 0.11466
vt 0.85245 0.11466
vt 0.85245 0.11466
vt 0.85245 0.11466
vt 0.85245 0.11466
vt 0.85245 0.11466
vt 0.85245 0.11466
vt 0.85245 0.11466
vt 0.85245 0.11466
vt 0.85245 0.11466
vt 0.85245 0.11466
vt 0.85245 0.11466
vt 0.85245 0.11466
vt 0.85245 0.11466
vt 0.85245 0.11466
vt 0.85245 0.11466
vt 0.85245 0.11466
vt 0.85245 0.11466
vt 0.85245 0.11466
vt 0.85245 0.11466
vt 0.85244 0.11466
vt 0.85244 0.11466
vt 0.85244 0.11466
vt 0.85244 0.11466
vt 0.85244 0.11466
vt 0.85244 0.11466
vt 0.85244 0.11466
vt 0.85244 0.11466
vt 0.85244 0.11466
vt 0.85245 0.11466
vt 0.85245 0.11466
vt 0.85245 0.11466
vt 0.85245 0.11466
vt 0.85245 0.11466
vt 0.85245 0.11466
vt 0.85245 0.11466
vt 0.85245 0.11466
vt 0.85244 0.11466
vt 0.85244 0.11466
vt 0.85244 0.11466
vt 0.85244 0.11466
vt 0.85244 0.11466
vt 0.85244 0.11466
vt 0.85244 0.11466
vt 0.85244 0.11466
vt 0.85244 0.11466
vt 0.85245 0.11466
vt 0.85245 0.11466
vt 0.85245 0.11466
vt 0.85245 0.11466
vt 0.85245 0.11466
vt 0.85245 0.11466
vt 0.85245 0.11466
vt 0.85245 0.11466
vt 0.85245 0.11466
vt 0.85245 0.11466
vt 0.85245 0.11466
vt 0.85245 0.11466
vt 0.85245 0.11466
vt 0.85245 0.11466
vt 0.85245 0.11466
vt 0.85245 0.11466
vt 0.85245 0.11466
vt 0.85245 0.11466
vt 0.85245 0.11466
vt 0.85245 0.11466
vt 0.85245 0.11466
vt 0.85245 0.11466
vt 0.85244 0.11466
vt 0.85244 0.11466
vt 0.85244 0.11466
vt 0.85244 0.11466
vt 0.85244 0.11466
vt 0.85244 0.11466
vt 0.85244 0.11466
vt 0.85244 0.11466
vt 0.85244 0.11466
vt 0.85245 0.11466
vt 0.85244 0.11464
vt 0.85244 0.11466
vt 0.85245 0.11468
vt 0.85244 0.11468
vt 0.85245 0.11468
vt 0.85244 0.11468
vt 0.85244 0.11468
vt 0.85244 0.11468
vt 0.85244 0.11468
vt 0.85245 0.11468
vt 0.85245 0.11468
vt 0.85245 0.11468
vt 0.85245 0.11468
vt 0.85245 0.11468
vt 0.85244 0.11468
vt 0.85244 0.11468
vt 0.85244 0.11468
vt 0.85244 0.11468
vt 0.85245 0.11468
vt 0.85245 0.11468
vt 0.85245 0.11468
vt 0.85244 0.11468
vt 0.85244 0.11468
vt 0.85244 0.11468
vt 0.85245 0.11468
vt 0.85245 0.11468
vt 0.85245 0.11468
vt 0.85244 0.11468
vt 0.85244 0.11468
vt 0.85244 0.11468
vt 0.55770 0.97378
vt 0.55770 0.97379
vt 0.55770 0.97379
vt 0.55770 0.97378
vt 0.55770 0.97379
vt 0.55770 0.97379
vt 0.55770 0.97379
vt 0.55770 0.97379
vt 0.55770 0.97379
vt 0.55770 0.97379
vt 0.55770 0.97379
vt 0.55770 0.97379
vt 0.55770 0.97378
vt 0.55770 0.97378
vt 0.55770 0.97378
vt 0.55770 0.97378
vt 0.55770 0.97378
vt 0.55770 0.97378
vt 0.55770 0.97378
vt 0.55770 0.97378
vt 0.55770 0.97379
vt 0.55770 0.97379
vt 0.55770 0.97379
vt 0.55771 0.97378
vt 0.55770 0.97378
vt 0.55770 0.97378
vt 0.55770 0.97378
vt 0.55770 0.97378
vt 0.55770 0.97379
vt 0.55770 0.97379
vt 0.55770 0.97379
vt 0.55770 0.97379
vt 0.55770 0.97379
vt 0.55770 0.97379
vt 0.55770 0.97379
vt 0.55771 0.97378
vt 0.55770 0.97378
vt 0.55770 0.97378
vt 0.55770 0.97378
vt 0.55770 0.97378
vt 0.55770 0.97379
vt 0.55770 0.97379
vt 0.55770 0.97379
vt 0.55770 0.97379
vt 0.55771 0.97378
vt 0.55771 0.97378
vt 0.55770 0.97379
vt 0.55770 0.97379
vt 0.71723 0.10433
vt 0.71723 0.10433
vt 0.71723 0.10433
vt 0.71723 0.10433
vt 0.71723 0.10433
vt 0.71723 0.10433
vt 0.71723 0.10433
vt 0.71723 0.10433
vt 0.71723 0.10433
vt 0.71723 0.10433
vt 0.71723 0.10433
vt 0.71723 0.10433
vt 0.71723 0.10433
vt 0.71723 0.10433
vt 0.71723 0.10433
vt 0.71723 0.10433
vt 0.71723 0.10433
vt 0.71723 0.10433
vt 0.71723 0.10433
vt 0.71723 0.10433
vt 0.71723 0.10433
vt 0.71723 0.10433
vt 0.71723 0.10433
vt 0.71723 0.10433
vt 0.71723 0.10433
vt 0.71723 0.10433
vt 0.71723 0.10433
vt 0.71723 0.10433
vt 0.71723 0.10433
vt 0.71723 0.10433
vt 0.71723 0.10433
vt 0.71723 0.10433
vt 0.71722 0.10433
vt 0.71723 0.10433
vt 0.71722 0.10433
vt 0.71722 0.10433
vt 0.71722 0.10433
vt 0.71722 0.10433
vt 0.71722 0.10433
vt 0.71722 0.10433
vt 0.71722 0.10433
vt 0.71722 0.10433
vt 0.71723 0.10433
vt 0.71722 0.10433
vt 0.71722 0.10433
vt 0.71723 0.10433
vt 0.71723 0.10433
vt 0.71722 0.10433
vt 0.71723 0.10433
vt 0.71722 0.10433
vt 0.71722 0.10433
vt 0.71722 0.10433
vt 0.71722 0.10433
vt 0.71723 0.10433
vt 0.71723 0.10433
vt 0.71723 0.10433
vt 0.71722 0.10433
vt 0.71722 0.10433
vt 0.71722 0.10433
vt 0.71722 0.10433
vt 0.71722 0.10433
vt 0.71722 0.10433
vt 0.71722 0.10433
vt 0.71722 0.10433
vt 0.71723 0.10433
vt 0.71723 0.10433
vt 0.71723 0.10433
vt 0.71723 0.10433
vt 0.71723 0.10433
vt 0.71723 0.10433
vt 0.71723 0.10433
vt 0.71723 0.10433
vt 0.71723 0.10433
vt 0.71723 0.10433
vt 0.71723 0.10433
vt 0.71723 0.10433
vt 0.71723 0.10433
vt 0.71723 0.10433
vt 0.71723 0.10433
vt 0.71723 0.10433
vt 0.71723 0.10433
vt 0.71723 0.10433
vt 0.71723 0.10433
vt 0.71723 0.10433
vt 0.71723 0.10433
vt 0.71723 0.10433
vt 0.71723 0.10433
vt 0.71723 0.10433
vt 0.71723 0.10433
vt 0.71723 0.10433
vt 0.71723 0.10433
vt 0.71723 0.10433
vt 0.71723 0.10433
vt 0.71723 0.10433
vt 0.71723 0.10433
vt 0.71723 0.10433
vt 0.71722 0.10433
vt 0.71722 0.10433
vt 0.71722 0.10433
vt 0.71723 0.10433
vt 0.71722 0.10433
vt 0.71722 0.10433
vt 0.71722 0.10433
vt 0.71722 0.10433
vt 0.71722 0.10433
vt 0.71722 0.10433
vt 0.71723 0.10433
vt 0.71722 0.10433
vt 0.71722 0.10433
vt 0.71722 0.10433
vt 0.71723 0.10433
vt 0.71723 0.10433
vt 0.71722 0.10433
vt 0.71723 0.10433
vt 0.71722 0.10433
vt 0.71722 0.10433
vt 0.71723 0.10433
vt 0.71722 0.10433
vt 0.71723 0.10433
vt 0.71723 0.10433
vt 0.71722 0.10433
vt 0.71722 0.10433
vt 0.71722 0.10433
vt 0.71722 0.10433
vt 0.71722 0.10433
vt 0.71722 0.10433
vt 0.71722 0.10433
vt 0.71722 0.10433
vt 0.49176 0.48058
vt 0.49176 0.48058
vt 0.49176 0.48058
vt 0.49176 0.48058
vt 0.49176 0.48058
vt 0.49176 0.48058
vt 0.49176 0.48058
vt 0.49176 0.48058
vt 0.49176 0.48058
vt 0.49176 0.48058
vt 0.49176 0.48058
vt 0.49176 0.48058
vt 0.49176 0.48058
vt 0.49176 0.48058
vt 0.49176 0.48058
vt 0.49176 0.48058
vt 0.49176 0.48058
vt 0.49176 0.48058
vt 0.49176 0.48058
vt 0.49176 0.48058
vt 0.49176 0.48058
vt 0.49176 0.48058
vt 0.49176 0.48058
vt 0.49176 0.48058
vt 0.49176 0.48058
vt 0.49176 0.48058
vt 0.49176 0.48058
vt 0.49176 0.48058
vt 0.49176 0.48058
vt 0.49176 0.48058
vt 0.49176 0.48058
vt 0.49176 0.48058
vt 0.49176 0.48058
vt 0.49176 0.48058
vt 0.49176 0.48058
vt 0.49176 0.48058
vt 0.49176 0.48058
vt 0.49176 0.48058
vt 0.49176 0.48058
vt 0.49176 0.48058
vt 0.45391 0.46785
vt 0.45391 0.46785
vt 0.45391 0.46785
vt 0.45391 0.46785
vt 0.45391 0.46785
vt 0.45391 0.46785
vt 0.45391 0.46785
vt 0.45391 0.46785
vt 0.45391 0.46785
vt 0.45391 0.46785
vt 0.45391 0.46785
vt 0.45391 0.46785
vt 0.45391 0.46785
vt 0.45391 0.46785
vt 0.45391 0.46785
vt 0.45391 0.46785
vt 0.45391 0.46785
vt 0.45391 0.46785
vt 0.45391 0.46785
vt 0.45391 0.46785
vt 0.45391 0.46785
vt 0.45391 0.46785
vt 0.45391 0.46785
vt 0.45391 0.46785
vt 0.45391 0.46785
vt 0.45391 0.46785
vt 0.45391 0.46785
vt 0.45391 0.46785
vt 0.45391 0.46785
vt 0.45391 0.46785
vt 0.45391 0.46785
vt 0.45391 0.46785
vt 0.45391 0.46785
vt 0.45391 0.46785
vt 0.45391 0.46785
vt 0.45391 0.46785
vt 0.45391 0.46785
vt 0.45391 0.46785
vt 0.45391 0.46785
vt 0.45391 0.46785
vt 0.45391 0.46785
vt 0.45391 0.46785
vt 0.45391 0.46785
vt 0.45391 0.46785
vt 0.45391 0.46785
vt 0.45391 0.46785
vt 0.45391 0.46785
vt 0.45391 0.46785
vt 0.45391 0.46785
vt 0.45391 0.46785
vt 0.45391 0.46785
vt 0.45391 0.46785
vt 0.45391 0.46785
vt 0.45391 0.46785
vt 0.45391 0.46785
vt 0.45391 0.46785
vt 0.45391 0.46785
vt 0.45391 0.46785
vt 0.45391 0.46785
vt 0.45391 0.46785
vt 0.45391 0.46785
vt 0.45391 0.46785
vt 0.45391 0.46785
vt 0.45391 0.46785
vt 0.45391 0.46785
vt 0.45391 0.46785
vt 0.45391 0.46785
vt 0.45391 0.46785
vt 0.45391 0.46785
vt 0.45391 0.46785
vt 0.45391 0.46785
vt 0.45391 0.46785
vt 0.45391 0.46785
vt 0.45391 0.46785
vt 0.45391 0.46785
vt 0.45391 0.46785
vt 0.45391 0.46785
vt 0.45391 0.46785
vt 0.45391 0.46785
vt 0.45391 0.46785
vt 0.45391 0.46785
vt 0.45391 0.46785
vt 0.45391 0.46785
vt 0.45391 0.46785
vt 0.45391 0.46785
vt 0.45391 0.46785
vt 0.45391 0.46785
vt 0.45391 0.46785
vt 0.45391 0.46785
vt 0.45391 0.46785
vt 0.45391 0.46785
vt 0.45391 0.46785
vt 0.45391 0.46785
vt 0.45391 0.46785
vt 0.45391 0.46785
vt 0.45391 0.46785
vt 0.45391 0.46785
vt 0.45391 0.46785
vt 0.45391 0.46785
vt 0.45391 0.46785
vt 0.45391 0.46785
vt 0.45391 0.46785
vt 0.45391 0.46785
vt 0.45391 0.46785
vt 0.45391 0.46785
vt 0.45391 0.46785
vt 0.45391 0.46785
vt 0.45391 0.46785
vt 0.45391 0.46785
vt 0.45391 0.46785
vt 0.45391 0.46785
vt 0.45391 0.46785
vt 0.45391 0.46785
vt 0.45391 0.46785
vt 0.45391 0.46785
vt 0.45391 0.46785
vt 0.45391 0.46785
vt 0.45391 0.46785
vt 0.45391 0.46785
vt 0.45391 0.46785
vt 0.45391 0.46785
vt 0.45391 0.46785
vt 0.45391 0.46785
vt 0.45391 0.46785
vt 0.45391 0.46785
vt 0.45391 0.46785
vt 0.45391 0.46785
vt 0.45391 0.46785
vt 0.45391 0.46785
vt 0.45391 0.46785
vt 0.45391 0.46785
vt 0.45391 0.46785
vt 0.45391 0.46785
vt 0.45391 0.46785
vt 0.45391 0.46785
vt 0.45391 0.46785
vt 0.45391 0.46785
vt 0.45391 0.46785
vt 0.45391 0.46785
vt 0.45391 0.46785
vt 0.45391 0.46785
vt 0.45391 0.46785
vt 0.45391 0.46785
vt 0.45391 0.46785
vt 0.45391 0.46785
vt 0.45391 0.46785
vt 0.45391 0.46785
vt 0.45391 0.46785
vt 0.45391 0.46785
vt 0.45391 0.46785
vt 0.45391 0.46785
vt 0.45391 0.46785
vt 0.45391 0.46785
vt 0.45391 0.46785
vt 0.45391 0.46785
vt 0.45391 0.46785
vt 0.45391 0.46785
vt 0.45391 0.46785
vt 0.45391 0.46785
vt 0.45391 0.46785
vt 0.45391 0.46785
vt 0.45391 0.46785
vt 0.45391 0.46785
vt 0.45391 0.46785
vt 0.45391 0.46785
vt 0.45391 0.46785
vt 0.45391 0.46785
vt 0.45391 0.46785
vt 0.45391 0.46785
vt 0.45391 0.46785
vt 0.45391 0.46785
vt 0.45391 0.46785
vt 0.45391 0.46785
vt 0.45391 0.46785
vt 0.45391 0.46785
vt 0.45391 0.46785
vt 0.45391 0.46785
vt 0.45391 0.46785
vt 0.45391 0.46785
vt 0.45391 0.46785
vt 0.45391 0.46785
vt 0.45391 0.46785
vt 0.45391 0.46785
vt 0.45391 0.46785
vt 0.45391 0.46785
vt 0.45391 0.46785
vt 0.45391 0.46785
vt 0.45391 0.46785
vt 0.45391 0.46785
vt 0.45391 0.46785
vt 0.45391 0.46785
vt 0.45391 0.46785
vt 0.45391 0.46785
vt 0.45391 0.46785
vt 0.68135 0.07485
vt 0.68135 0.07485
vt 0.68135 0.07485
vt 0.68135 0.07485
vt 0.68135 0.07485
vt 0.68135 0.07485
vt 0.68135 0.07485
vt 0.68135 0.07485
vt 0.68135 0.07485
vt 0.68135 0.07485
vt 0.68135 0.07485
vt 0.68135 0.07485
vt 0.68135 0.07485
vt 0.68135 0.07485
vt 0.68135 0.07485
vt 0.68135 0.07485
vt 0.68135 0.07485
vt 0.68135 0.07485
vt 0.68135 0.07485
vt 0.68135 0.07485
vt 0.68135 0.07485
vt 0.68135 0.07485
vt 0.68135 0.07485
vt 0.68135 0.07485
vt 0.68135 0.07485
vt 0.68135 0.07485
vt 0.68135 0.07485
vt 0.68135 0.07485
vt 0.68135 0.07485
vt 0.68135 0.07485
vt 0.68135 0.07485
vt 0.68135 0.07485
vt 0.68135 0.07485
vt 0.68135 0.07485
vt 0.68135 0.07485
vt 0.68135 0.07485
vt 0.68135 0.07485
vt 0.68135 0.07485
vt 0.68135 0.07485
vt 0.68135 0.07485
vt 0.68135 0.07485
vt 0.68135 0.07485
vt 0.68135 0.07485
vt 0.68135 0.07485
vt 0.68135 0.07485
vt 0.68135 0.07485
vt 0.68135 0.07485
vt 0.68135 0.07485
vt 0.68135 0.07485
vt 0.68135 0.07485
vt 0.68135 0.07485
vt 0.68135 0.07485
vt 0.68135 0.07485
vt 0.68135 0.07485
vt 0.68135 0.07485
vt 0.68135 0.07485
vt 0.68135 0.07485
vt 0.68135 0.07485
vt 0.68135 0.07485
vt 0.68135 0.07485
vt 0.68135 0.07485
vt 0.68135 0.07485
vt 0.68135 0.07485
vt 0.68135 0.07485
vt 0.68135 0.07485
vt 0.68135 0.07485
vt 0.68135 0.07485
vt 0.68135 0.07485
vt 0.68135 0.07485
vt 0.68135 0.07485
vt 0.68135 0.07485
vt 0.68135 0.07485
vt 0.68135 0.07485
vt 0.68135 0.07485
vt 0.68135 0.07485
vt 0.68135 0.07485
vt 0.68135 0.07485
vt 0.68135 0.07485
vt 0.68135 0.07485
vt 0.68135 0.07485
vt 0.68135 0.07485
vt 0.68135 0.07485
vt 0.68135 0.07485
vt 0.68135 0.07485
vt 0.68135 0.07485
vt 0.68135 0.07485
vt 0.68135 0.07485
vt 0.68135 0.07485
vt 0.68135 0.07485
vt 0.68135 0.07485
vt 0.68135 0.07485
vt 0.68135 0.07485
vt 0.68135 0.07485
vt 0.68135 0.07485
vt 0.68135 0.07485
vt 0.68135 0.07485
vt 0.68135 0.07485
vt 0.68135 0.07485
vt 0.68135 0.07485
vt 0.68135 0.07485
vt 0.68135 0.07485
vt 0.68135 0.07485
vt 0.68135 0.07485
vt 0.68135 0.07485
vt 0.68135 0.07485
vt 0.68135 0.07485
vt 0.68135 0.07485
vt 0.68135 0.07485
vt 0.68135 0.07485
vt 0.68135 0.07485
vt 0.68135 0.07485
vt 0.68135 0.07485
vt 0.68135 0.07485
vt 0.68135 0.07485
vt 0.68135 0.07485
vt 0.68135 0.07485
vt 0.68135 0.07485
vt 0.68135 0.07485
vt 0.68135 0.07485
vt 0.68135 0.07485
vt 0.68135 0.07485
vt 0.68135 0.07485
vt 0.68135 0.07485
vt 0.68135 0.07485
vt 0.68135 0.07485
vt 0.68135 0.07485
vt 0.68135 0.07485
vt 0.68135 0.07485
vt 0.68135 0.07485
vt 0.68135 0.07485
vt 0.68135 0.07485
vt 0.68135 0.07485
vt 0.68135 0.07485
vt 0.68135 0.07485
vt 0.68135 0.07485
vt 0.68135 0.07485
vt 0.68135 0.07485
vt 0.68135 0.07485
vt 0.68135 0.07485
vt 0.68135 0.07485
vt 0.68135 0.07485
vt 0.68135 0.07485
vt 0.68135 0.07485
vt 0.68135 0.07485
vt 0.68135 0.07485
vt 0.68135 0.07485
vt 0.68135 0.07485
vt 0.68135 0.07485
vt 0.68135 0.07485
vt 0.68135 0.07485
vt 0.68135 0.07485
vt 0.68135 0.07485
vt 0.68135 0.07485
vt 0.68135 0.07485
vt 0.68135 0.07485
vt 0.68135 0.07485
vt 0.68135 0.07485
vt 0.68135 0.07485
vt 0.68135 0.07485
vt 0.68135 0.07485
vt 0.68135 0.07485
vt 0.68135 0.07485
vt 0.68135 0.07485
vt 0.68135 0.07485
vt 0.68135 0.07485
vt 0.68135 0.07485
vt 0.68135 0.07485
vt 0.68135 0.07485
vt 0.68135 0.07485
vt 0.68135 0.07485
vt 0.68135 0.07485
vt 0.68135 0.07485
vt 0.68135 0.07485
vt 0.68135 0.07485
vt 0.68135 0.07485
vt 0.68135 0.07485
vt 0.68135 0.07485
vt 0.68135 0.07485
vt 0.68135 0.07485
vt 0.68135 0.07485
vt 0.68135 0.07485
vt 0.68135 0.07485
vt 0.68135 0.07485
vt 0.68135 0.07485
vt 0.68135 0.07485
vt 0.68135 0.07485
vt 0.68135 0.07485
vt 0.68135 0.07485
vt 0.68135 0.07485
vt 0.68135 0.07485
vt 0.68135 0.07485
vt 0.68135 0.07485
vt 0.68135 0.07485
vt 0.68135 0.07485
vt 0.68135 0.07485
vt 0.68135 0.07485
vt 0.68135 0.07485
vt 0.68135 0.07485
vt 0.68135 0.07485
vt 0.68135 0.07485
vt 0.68135 0.07485
vt 0.68135 0.07485
vt 0.68135 0.07485
vt 0.68135 0.07485
vt 0.68135 0.07485
vt 0.68135 0.07485
vt 0.68135 0.07485
vt 0.68135 0.07485
vt 0.68135 0.07485
vt 0.68135 0.07485
vt 0.68135 0.07485
vt 0.68135 0.07485
vt 0.68135 0.07485
vt 0.68135 0.07485
vt 0.68135 0.07485
vt 0.68135 0.07485
vt 0.68135 0.07485
vt 0.68135 0.07485
vt 0.68135 0.07485
vt 0.68135 0.07485
vt 0.68135 0.07485
vt 0.68135 0.07485
vt 0.68135 0.07485
vt 0.68135 0.07485
vt 0.68135 0.07485
vt 0.68135 0.07485
vt 0.68135 0.07485
vt 0.68135 0.07485
vt 0.68135 0.07485
vt 0.68135 0.07485
vt 0.68135 0.07485
vt 0.68135 0.07485
vt 0.68135 0.07485
vt 0.68135 0.07485
vt 0.68135 0.07485
vt 0.68135 0.07485
vt 0.68135 0.07485
vt 0.68135 0.07485
vt 0.68135 0.07485
vt 0.68135 0.07485
vt 0.68135 0.07485
vt 0.68135 0.07485
vt 0.68135 0.07485
vt 0.68135 0.07485
vt 0.68135 0.07485
vt 0.68135 0.07485
vt 0.68135 0.07485
vt 0.68135 0.07485
vt 0.68135 0.07485
vt 0.68135 0.07485
vt 0.68135 0.07485
vt 0.68135 0.07485
vt 0.68135 0.07485
vt 0.68135 0.07485
vt 0.68135 0.07485
vt 0.68135 0.07485
vt 0.68135 0.07485
vt 0.68135 0.07485
vt 0.68135 0.07485
vt 0.68135 0.07485
vt 0.68135 0.07485
vt 0.68135 0.07485
vt 0.68135 0.07485
vt 0.68135 0.07485
vt 0.68135 0.07485
vt 0.68135 0.07485
vt 0.68135 0.07485
vt 0.68135 0.07485
vt 0.68135 0.07485
vt 0.68135 0.07485
vt 0.68135 0.07485
vt 0.68135 0.07485
vt 0.68135 0.07485
vt 0.68135 0.07485
vt 0.68135 0.07485
vt 0.68135 0.07485
vt 0.68135 0.07485
vt 0.68135 0.07485
vt 0.68135 0.07485
vt 0.68135 0.07485
vt 0.68135 0.07485
vt 0.68135 0.07485
vt 0.68135 0.07485
vt 0.68135 0.07485
vt 0.68135 0.07485
vt 0.68135 0.07485
vt 0.68135 0.07485
vt 0.68135 0.07485
vt 0.68135 0.07485
vt 0.68135 0.07485
vt 0.68135 0.07485
vt 0.68135 0.07485
vt 0.68135 0.07485
vt 0.68135 0.07485
vt 0.68135 0.07485
vt 0.68135 0.07485
vt 0.68135 0.07485
vt 0.68135 0.07485
vt 0.68135 0.07485
vt 0.68135 0.07485
vt 0.68135 0.07485
vt 0.68135 0.07485
vt 0.68135 0.07485
vt 0.68135 0.07485
vt 0.68135 0.07485
vt 0.68135 0.07485
vt 0.68135 0.07485
vt 0.68135 0.07485
vt 0.68135 0.07485
vt 0.68135 0.07485
vt 0.68135 0.07485
vt 0.68135 0.07485
vt 0.68135 0.07485
vt 0.68135 0.07485
vt 0.68135 0.07485
vt 0.68135 0.07485
vt 0.68135 0.07485
vt 0.68135 0.07485
vt 0.68135 0.07485
vt 0.68135 0.07485
vt 0.68135 0.07485
vt 0.68135 0.07485
vt 0.68135 0.07485
vt 0.68135 0.07485
vt 0.68135 0.07485
vt 0.68135 0.07485
vt 0.68135 0.07485
vt 0.68135 0.07485
vt 0.68135 0.07485
vt 0.68135 0.07485
vt 0.68135 0.07485
vt 0.68135 0.07485
vt 0.68135 0.07485
vt 0.68135 0.07485
vt 0.68135 0.07485
vt 0.68135 0.07485
vt 0.68135 0.07485
vt 0.68135 0.07485
vt 0.68135 0.07485
vt 0.68135 0.07485
vt 0.68135 0.07485
vt 0.68135 0.07485
vt 0.68135 0.07485
vt 0.68135 0.07485
vt 0.68135 0.07485
vt 0.68135 0.07485
vt 0.68135 0.07485
vt 0.68135 0.07485
vt 0.68135 0.07485
vt 0.68135 0.07485
vt 0.68135 0.07485
vt 0.68135 0.07485
vt 0.68135 0.07485
vt 0.68135 0.07485
vt 0.68135 0.07485
vt 0.68135 0.07485
vt 0.68135 0.07485
vt 0.68135 0.07485
vt 0.68135 0.07485
vt 0.68135 0.07485
vt 0.68135 0.07485
vt 0.68135 0.07485
vt 0.68135 0.07485
vt 0.68135 0.07485
vt 0.68135 0.07485
vt 0.68135 0.07485
vt 0.68135 0.07485
vt 0.68135 0.07485
vt 0.68135 0.07485
vt 0.68135 0.07485
vt 0.68135 0.07485
vt 0.68135 0.07485
vt 0.68135 0.07485
vt 0.68135 0.07485
vt 0.68135 0.07485
vt 0.68135 0.07485
vt 0.68135 0.07485
vt 0.68135 0.07485
vt 0.68135 0.07485
vt 0.68135 0.07485
vt 0.68135 0.07485
vt 0.68135 0.07485
vt 0.68135 0.07485
vt 0.68135 0.07485
vt 0.68135 0.07485
vt 0.68135 0.07485
vt 0.68135 0.07485
vt 0.68135 0.07485
vt 0.68135 0.07485
vt 0.68135 0.07485
vt 0.68135 0.07485
vt 0.68135 0.07485
vt 0.68135 0.07485
vt 0.68135 0.07485
vt 0.68135 0.07485
vt 0.68135 0.07485
vt 0.68135 0.07485
vt 0.68135 0.07485
vt 0.68135 0.07485
vt 0.68135 0.07485
vt 0.68135 0.07485
vt 0.68135 0.07485
vt 0.68135 0.07485
vt 0.68135 0.07485
vt 0.68135 0.07485
vt 0.68135 0.07485
vt 0.68135 0.07485
vt 0.68135 0.07485
vt 0.68135 0.07485
vt 0.68135 0.07485
vt 0.68135 0.07485
vt 0.68135 0.07485
vt 0.68135 0.07485
vt 0.68135 0.07485
vt 0.68135 0.07485
vt 0.68135 0.07485
vt 0.68135 0.07485
vt 0.68135 0.07485
vt 0.68135 0.07485
vt 0.68135 0.07485
vt 0.68135 0.07485
vt 0.68135 0.07485
vt 0.68135 0.07485
vt 0.68135 0.07485
vt 0.68135 0.07485
vt 0.68135 0.07485
vt 0.68135 0.07485
vt 0.68135 0.07485
vt 0.68135 0.07485
vt 0.68135 0.07485
vt 0.68135 0.07485
vt 0.68135 0.07485
vt 0.68135 0.07485
vt 0.68135 0.07485
vt 0.68135 0.07485
vt 0.68135 0.07485
vt 0.68135 0.07485
vt 0.68135 0.07485
vt 0.68135 0.07485
vt 0.68135 0.07485
vt 0.68135 0.07485
vt 0.68135 0.07485
vt 0.68135 0.07485
vt 0.68135 0.07485
vt 0.68135 0.07485
vt 0.68135 0.07485
vt 0.68135 0.07485
vt 0.68135 0.07485
vt 0.68135 0.07485
vt 0.68135 0.07485
vt 0.68135 0.07485
vt 0.68135 0.07485
vt 0.68135 0.07485
vt 0.68135 0.07485
vt 0.68135 0.07485
vt 0.68135 0.07485
vt 0.68135 0.07485
vt 0.68135 0.07485
vt 0.68135 0.07485
vt 0.68135 0.07485
vt 0.68135 0.07485
vt 0.68135 0.07485
vt 0.68135 0.07485
vt 0.68135 0.07485
vt 0.68135 0.07485
vt 0.68135 0.07485
vt 0.68135 0.07485
vt 0.68135 0.07485
vt 0.68135 0.07485
vt 0.68135 0.07485
vt 0.68135 0.07485
vt 0.68135 0.07485
vt 0.68135 0.07485
vt 0.68135 0.07485
vt 0.68135 0.07485
vt 0.68135 0.07485
vt 0.68135 0.07485
vt 0.68135 0.07485
vt 0.68135 0.07485
vt 0.68135 0.07485
vt 0.68135 0.07485
vt 0.68135 0.07485
vt 0.68135 0.07485
vt 0.68135 0.07485
vt 0.68135 0.07485
vt 0.68135 0.07485
vt 0.68135 0.07485
vt 0.68135 0.07485
vt 0.68135 0.07485
vt 0.68135 0.07485
vt 0.68135 0.07485
vt 0.68135 0.07485
vt 0.68135 0.07485
vt 0.68135 0.07485
vt 0.68135 0.07485
vt 0.68135 0.07485
vt 0.68135 0.07485
vt 0.68135 0.07485
vt 0.68135 0.07485
vt 0.68135 0.07485
vt 0.68135 0.07485
vt 0.68135 0.07485
vt 0.68135 0.07485
vt 0.68135 0.07485
vt 0.68135 0.07485
vt 0.68135 0.07485
vt 0.68135 0.07485
vt 0.68135 0.07485
vt 0.68135 0.07485
vt 0.68135 0.07485
vt 0.68135 0.07485
vt 0.68135 0.07485
vt 0.68135 0.07485
vt 0.68135 0.07485
vt 0.68135 0.07485
vt 0.68135 0.07485
vt 0.68135 0.07485
vt 0.68135 0.07485
vt 0.68135 0.07485
vt 0.68135 0.07485
vt 0.68135 0.07485
vt 0.68135 0.07485
vt 0.68135 0.07485
vt 0.68135 0.07485
vt 0.68135 0.07485
vt 0.68135 0.07485
vt 0.68135 0.07485
vt 0.68135 0.07485
vt 0.68135 0.07485
vt 0.68135 0.07485
vt 0.68135 0.07485
vt 0.68135 0.07485
vt 0.68135 0.07485
vt 0.68135 0.07485
vt 0.68135 0.07485
vt 0.68135 0.07485
vt 0.68135 0.07485
vt 0.68135 0.07485
vt 0.68135 0.07485
vt 0.68135 0.07485
vt 0.68135 0.07485
vt 0.68135 0.07485
vt 0.68135 0.07485
vt 0.68135 0.07485
vt 0.68135 0.07485
vt 0.68135 0.07485
vt 0.68135 0.07485
vt 0.68135 0.07485
vt 0.68135 0.07485
vt 0.68135 0.07485
vt 0.68135 0.07485
vt 0.68135 0.07485
vt 0.24652 0.89505
vt 0.24652 0.89505
vt 0.24652 0.89505
vt 0.24652 0.89505
vt 0.24652 0.89505
vt 0.24652 0.89505
vt 0.24652 0.89505
vt 0.24652 0.89505
vt 0.24652 0.89505
vt 0.24652 0.89505
vt 0.24652 0.89505
vt 0.24652 0.89505
vt 0.24652 0.89505
vt 0.24652 0.89505
vt 0.24652 0.89505
vt 0.24652 0.89505
vt 0.24652 0.89505
vt 0.24652 0.89505
vt 0.24652 0.89505
vt 0.24652 0.89505
vt 0.24652 0.89505
vt 0.24652 0.89505
vt 0.24652 0.89505
vt 0.24652 0.89505
vt 0.24652 0.89505
vt 0.24652 0.89505
vt 0.24652 0.89505
vt 0.24652 0.89505
vt 0.24652 0.89505
vt 0.24652 0.89505
vt 0.24652 0.89505
vt 0.24652 0.89505
vt 0.24652 0.89505
vt 0.24652 0.89505
vt 0.24652 0.89505
vt 0.24652 0.89505
vt 0.24652 0.89505
vt 0.24652 0.89505
vt 0.24652 0.89505
vt 0.24652 0.89505
vt 0.24652 0.89505
vt 0.24652 0.89505
vt 0.24652 0.89505
vt 0.24652 0.89505
vt 0.24652 0.89505
vt 0.24652 0.89505
vt 0.24652 0.89505
vt 0.24652 0.89505
vt 0.24652 0.89505
vt 0.24652 0.89505
vt 0.24652 0.89505
vt 0.24652 0.89505
vt 0.24652 0.89505
vt 0.24652 0.89505
vt 0.24652 0.89505
vt 0.24652 0.89505
vt 0.24652 0.89505
vt 0.24652 0.89505
vt 0.24652 0.89505
vt 0.24652 0.89505
vt 0.24652 0.89505
vt 0.24652 0.89505
vt 0.24652 0.89505
vt 0.24652 0.89505
vt 0.24652 0.89505
vt 0.24652 0.89505
vt 0.24652 0.89505
vt 0.24652 0.89505
vt 0.24652 0.89505
vt 0.24652 0.89505
vt 0.24652 0.89505
vt 0.24652 0.89505
vt 0.24652 0.89505
vt 0.24652 0.89505
vt 0.24652 0.89505
vt 0.24652 0.89505
vt 0.24652 0.89505
vt 0.24652 0.89505
vt 0.24652 0.89505
vt 0.24652 0.89505
vt 0.24652 0.89505
vt 0.24652 0.89505
vt 0.24652 0.89505
vt 0.24652 0.89505
vt 0.24652 0.89505
vt 0.24652 0.89505
vt 0.24652 0.89505
vt 0.24652 0.89505
vt 0.24652 0.89505
vt 0.24652 0.89505
vt 0.24652 0.89505
vt 0.24652 0.89505
vt 0.24652 0.89505
vt 0.24652 0.89505
vt 0.24652 0.89505
vt 0.24652 0.89505
vt 0.24652 0.89505
vt 0.24652 0.89505
vt 0.24652 0.89505
vt 0.24652 0.89505
vt 0.24652 0.89505
vt 0.24652 0.89505
vt 0.24652 0.89505
vt 0.24652 0.89505
vt 0.24652 0.89505
vt 0.24652 0.89505
vt 0.24652 0.89505
vt 0.24652 0.89505
vt 0.24652 0.89505
vt 0.24652 0.89505
vt 0.24652 0.89505
vt 0.24652 0.89505
vt 0.24652 0.89505
vt 0.24652 0.89505
vt 0.24652 0.89505
vt 0.24652 0.89505
vt 0.24652 0.89505
vt 0.24652 0.89505
vt 0.24652 0.89505
vt 0.24652 0.89505
vt 0.24652 0.89505
vt 0.24652 0.89505
vt 0.24652 0.89505
vt 0.24652 0.89505
vt 0.24652 0.89505
vt 0.24652 0.89505
vt 0.24652 0.89505
vt 0.24652 0.89505
vt 0.24652 0.89505
vt 0.24652 0.89505
vt 0.24652 0.89505
vt 0.24652 0.89505
vt 0.24652 0.89505
vt 0.24652 0.89505
vt 0.24652 0.89505
vt 0.24652 0.89505
vt 0.24652 0.89505
vt 0.24652 0.89505
vt 0.24652 0.89505
vt 0.24652 0.89505
vt 0.24652 0.89505
vt 0.24652 0.89505
vt 0.24652 0.89505
vt 0.24652 0.89505
vt 0.24652 0.89505
vt 0.24652 0.89505
vt 0.24652 0.89505
vt 0.24652 0.89505
vt 0.24652 0.89505
vt 0.24652 0.89505
vt 0.24652 0.89505
vt 0.24652 0.89505
vt 0.24652 0.89505
vt 0.24652 0.89505
vt 0.24652 0.89505
vt 0.24652 0.89505
vt 0.24652 0.89505
vt 0.24652 0.89505
vt 0.24652 0.89505
vt 0.24652 0.89505
vt 0.24652 0.89505
vt 0.24652 0.89505
vt 0.24652 0.89505
vt 0.24652 0.89505
vt 0.24652 0.89505
vt 0.24652 0.89505
vt 0.24652 0.89505
vt 0.24652 0.89505
vt 0.24652 0.89505
vt 0.24652 0.89505
vt 0.24652 0.89505
vt 0.24652 0.89505
vt 0.24652 0.89505
vt 0.24652 0.89505
vt 0.24652 0.89505
vt 0.24652 0.89505
vt 0.24652 0.89505
vt 0.24652 0.89505
vt 0.24652 0.89505
vt 0.24652 0.89505
vt 0.24652 0.89505
vt 0.24652 0.89505
vt 0.24652 0.89505
vt 0.24652 0.89505
vt 0.24652 0.89505
vt 0.24652 0.89505
vt 0.24652 0.89505
vt 0.24652 0.89505
vt 0.24652 0.89505
vt 0.24652 0.89505
vt 0.24652 0.89505
vt 0.24652 0.89505
vt 0.24652 0.89505
vt 0.24652 0.89505
vt 0.24652 0.89505
vt 0.24652 0.89505
vt 0.24652 0.89505
vt 0.24652 0.89505
vt 0.24652 0.89505
vt 0.24652 0.89505
vt 0.24652 0.89505
vt 0.24652 0.89505
vt 0.24652 0.89505
vt 0.24652 0.89505
vt 0.24652 0.89505
vt 0.24652 0.89505
vt 0.24652 0.89505
vt 0.24652 0.89505
vt 0.24652 0.89505
vt 0.24652 0.89505
vt 0.24652 0.89505
vt 0.24652 0.89505
vt 0.24652 0.89505
vt 0.24652 0.89505
vt 0.24652 0.89505
vt 0.24652 0.89505
vt 0.24652 0.89505
vt 0.24652 0.89505
vt 0.24652 0.89505
vt 0.24652 0.89505
vt 0.24652 0.89505
vt 0.24652 0.89505
vt 0.24652 0.89505
vt 0.24652 0.89505
vt 0.24652 0.89505
vt 0.24652 0.89505
vt 0.24652 0.89505
vt 0.24652 0.89505
vt 0.24652 0.89505
vt 0.24652 0.89505
vt 0.24652 0.89505
vt 0.24652 0.89505
vt 0.24652 0.89505
vt 0.24652 0.89505
vt 0.24652 0.89505
vt 0.24652 0.89505
vt 0.24652 0.89505
vt 0.24652 0.89505
vt 0.24652 0.89505
vt 0.24652 0.89505
vt 0.24652 0.89505
vt 0.24652 0.89505
vt 0.24652 0.89505
vt 0.24652 0.89505
vt 0.24652 0.89505
vt 0.24652 0.89505
vt 0.24652 0.89505
vt 0.24652 0.89505
vt 0.24652 0.89505
vt 0.24652 0.89505
vt 0.24652 0.89505
vt 0.24652 0.89505
vt 0.24652 0.89505
vt 0.24652 0.89505
vt 0.24652 0.89505
vt 0.24652 0.89505
vt 0.24652 0.89505
vt 0.24652 0.89505
vt 0.24652 0.89505
vt 0.24652 0.89505
vt 0.24652 0.89505
vt 0.24652 0.89505
vt 0.24652 0.89505
vt 0.24652 0.89505
vt 0.24652 0.89505
vt 0.24652 0.89505
vt 0.24652 0.89505
vt 0.24652 0.89505
vt 0.24652 0.89505
vt 0.24652 0.89505
vt 0.24652 0.89505
vt 0.24652 0.89505
vt 0.24652 0.89505
vt 0.24652 0.89505
vt 0.24652 0.89505
vt 0.24652 0.89505
vt 0.24652 0.89505
vt 0.24652 0.89505
vt 0.24652 0.89505
vt 0.24652 0.89505
vt 0.24652 0.89505
vt 0.24652 0.89505
vt 0.24652 0.89505
vt 0.24652 0.89505
vt 0.24652 0.89505
vt 0.24652 0.89505
vt 0.24652 0.89505
vt 0.24652 0.89505
vt 0.24652 0.89505
vt 0.24652 0.89505
vt 0.24652 0.89505
vt 0.24652 0.89505
vt 0.24652 0.89505
vt 0.24652 0.89505
vt 0.24652 0.89505
vt 0.24652 0.89505
vt 0.24652 0.89505
vt 0.24652 0.89505
vt 0.24652 0.89505
vt 0.24652 0.89505
vt 0.24652 0.89505
vt 0.24652 0.89505
vt 0.24652 0.89505
vt 0.24652 0.89505
vt 0.24652 0.89505
vt 0.24652 0.89505
vt 0.24652 0.89505
vt 0.24652 0.89505
vt 0.24652 0.89505
vt 0.24652 0.89505
vt 0.24652 0.89505
vt 0.24652 0.89505
vt 0.24652 0.89505
vt 0.24652 0.89505
vt 0.24652 0.89505
vt 0.24652 0.89505
vt 0.24652 0.89505
vt 0.24652 0.89505
vt 0.24652 0.89505
vt 0.24652 0.89505
vt 0.24652 0.89505
vt 0.24652 0.89505
vt 0.24652 0.89505
vt 0.24652 0.89505
vt 0.24652 0.89505
vt 0.24652 0.89505
vt 0.24652 0.89505
vt 0.24652 0.89505
vt 0.24652 0.89505
vt 0.24652 0.89505
vt 0.24652 0.89505
vt 0.24652 0.89505
vt 0.24652 0.89505
vt 0.24652 0.89505
vt 0.24652 0.89505
vt 0.24652 0.89505
vt 0.24652 0.89505
vt 0.24652 0.89505
vt 0.24652 0.89505
vt 0.24652 0.89505
vt 0.24652 0.89505
vt 0.24652 0.89505
vt 0.24652 0.89505
vt 0.24652 0.89505
vt 0.24652 0.89505
vt 0.24652 0.89505
vt 0.24652 0.89505
vt 0.24652 0.89505
vt 0.24652 0.89505
vt 0.24652 0.89505
vt 0.24652 0.89505
vt 0.24652 0.89505
vt 0.24652 0.89505
vt 0.24652 0.89505
vt 0.24652 0.89505
vt 0.24652 0.89505
vt 0.24652 0.89505
vt 0.24652 0.89505
vt 0.24652 0.89505
vt 0.24652 0.89505
vt 0.24652 0.89505
vt 0.24652 0.89505
vt 0.24652 0.89505
vt 0.24652 0.89505
vt 0.24652 0.89505
vt 0.24652 0.89505
vt 0.24652 0.89505
vt 0.24652 0.89505
vt 0.24652 0.89505
vt 0.24652 0.89505
vt 0.24652 0.89505
vt 0.24652 0.89505
vt 0.24652 0.89505
vt 0.24652 0.89505
vt 0.24652 0.89505
vt 0.24652 0.89505
vt 0.24652 0.89505
vt 0.24652 0.89505
vt 0.24652 0.89505
vt 0.24652 0.89505
vt 0.24652 0.89505
vt 0.24652 0.89505
vt 0.24652 0.89505
vt 0.24652 0.89505
vt 0.24652 0.89505
vt 0.24652 0.89505
vt 0.24652 0.89505
vt 0.24652 0.89505
vt 0.24652 0.89505
vt 0.24652 0.89505
vt 0.24652 0.89505
vt 0.24652 0.89505
vt 0.24652 0.89505
vt 0.24652 0.89505
vt 0.24652 0.89505
vt 0.24652 0.89505
vt 0.24652 0.89505
vt 0.24652 0.89505
vt 0.24652 0.89505
vt 0.24652 0.89505
vt 0.24652 0.89505
vt 0.24652 0.89505
vt 0.24652 0.89505
vt 0.24652 0.89505
vt 0.24652 0.89505
vt 0.24652 0.89505
vt 0.24652 0.89505
vt 0.24652 0.89505
vt 0.24652 0.89505
vt 0.24652 0.89505
vt 0.24652 0.89505
vt 0.24652 0.89505
vt 0.24652 0.89505
vt 0.24652 0.89505
vt 0.24652 0.89505
vt 0.24652 0.89505
vt 0.24652 0.89505
vt 0.24652 0.89505
vt 0.24652 0.89505
vt 0.24652 0.89505
vt 0.24652 0.89505
vt 0.24652 0.89505
vt 0.24652 0.89505
vt 0.24652 0.89505
vt 0.24652 0.89505
vt 0.24652 0.89505
vt 0.24652 0.89505
vt 0.24652 0.89505
vt 0.24652 0.89505
vt 0.24652 0.89505
vt 0.24652 0.89505
vt 0.24652 0.89505
vt 0.24652 0.89505
vt 0.24652 0.89505
vt 0.24652 0.89505
vt 0.24652 0.89505
vt 0.24652 0.89505
vt 0.24652 0.89505
vt 0.24652 0.89505
vt 0.24652 0.89505
vt 0.24652 0.89505
vt 0.24652 0.89505
vt 0.24652 0.89505
vt 0.24652 0.89505
vt 0.24652 0.89505
vt 0.24652 0.89505
vt 0.24652 0.89505
vt 0.24652 0.89505
vt 0.24652 0.89505
vt 0.24652 0.89505
vt 0.24652 0.89505
vt 0.24652 0.89505
vt 0.24652 0.89505
vt 0.24652 0.89505
vt 0.24652 0.89505
vt 0.24652 0.89505
vt 0.24652 0.89505
vt 0.24652 0.89505
vt 0.24652 0.89505
vt 0.24652 0.89505
vt 0.24652 0.89505
vt 0.24652 0.89505
vt 0.24652 0.89505
vt 0.24652 0.89505
vt 0.24652 0.89505
vt 0.24652 0.89505
vt 0.24652 0.89505
vt 0.24652 0.89505
vt 0.24652 0.89505
vt 0.24652 0.89505
vt 0.24652 0.89505
vt 0.24652 0.89505
vt 0.24652 0.89505
vt 0.24652 0.89505
vt 0.24652 0.89505
vt 0.24652 0.89505
vt 0.24652 0.89505
vt 0.24652 0.89505
vt 0.24652 0.89505
vt 0.24652 0.89505
vt 0.24652 0.89505
vt 0.24652 0.89505
vt 0.24652 0.89505
vt 0.24652 0.89505
vt 0.24652 0.89505
vt 0.24652 0.89505
vt 0.24652 0.89505
vt 0.24652 0.89505
vt 0.24652 0.89505
vt 0.24652 0.89505
vt 0.24652 0.89505
vt 0.24652 0.89505
vt 0.24652 0.89505
vt 0.24652 0.89505
vt 0.24652 0.89505
vt 0.24652 0.89505
vt 0.24652 0.89505
vt 0.24652 0.89505
vt 0.24652 0.89505
vt 0.24652 0.89505
vt 0.24652 0.89505
vt 0.24652 0.89505
vt 0.24652 0.89505
vt 0.24652 0.89505
vt 0.24652 0.89505
vt 0.24652 0.89505
vt 0.24652 0.89505
vt 0.24652 0.89505
vt 0.24652 0.89505
vt 0.24652 0.89505
vt 0.24652 0.89505
vt 0.24652 0.89505
vt 0.24652 0.89505
vt 0.24652 0.89505
vt 0.24652 0.89505
vt 0.24652 0.89505
vt 0.24652 0.89505
vt 0.24652 0.89505
vt 0.24652 0.89505
vt 0.24652 0.89505
vt 0.24652 0.89505
vt 0.24652 0.89505
vt 0.24652 0.89505
vt 0.24652 0.89505
vt 0.24652 0.89505
vt 0.24652 0.89505
vt 0.24652 0.89505
vt 0.24652 0.89505
vt 0.24652 0.89505
vt 0.24652 0.89505
vt 0.24652 0.89505
vt 0.24652 0.89505
vt 0.24652 0.89505
vt 0.24652 0.89505
vt 0.24652 0.89505
vt 0.24652 0.89505
vt 0.24652 0.89505
vt 0.24652 0.89505
vt 0.24652 0.89505
vt 0.24652 0.89505
vt 0.24652 0.89505
vt 0.24652 0.89505
vt 0.24652 0.89505
vt 0.24652 0.89505
vt 0.24652 0.89505
vt 0.24652 0.89505
vt 0.24652 0.89505
vt 0.24652 0.89505
vt 0.24652 0.89505
vt 0.24652 0.89505
vt 0.24652 0.89505
vt 0.24652 0.89505
vt 0.24652 0.89505
vt 0.24652 0.89505
vt 0.24652 0.89505
vt 0.24652 0.89505
vt 0.24652 0.89505
vt 0.24652 0.89505
vt 0.24652 0.89505
vt 0.24652 0.89505
vt 0.24652 0.89505
vt 0.24652 0.89505
vt 0.24652 0.89505
vt 0.24652 0.89505
vt 0.24652 0.89505
vt 0.24652 0.89505
vt 0.24652 0.89505
vt 0.24652 0.89505
vt 0.24652 0.89505
vt 0.24652 0.89505
vt 0.24652 0.89505
vt 0.24652 0.89505
vt 0.24652 0.89505
vt 0.24652 0.89505
vt 0.24652 0.89505
vt 0.24652 0.89505
vt 0.24652 0.89505
vt 0.24652 0.89505
vt 0.24652 0.89505
vt 0.24652 0.89505
vt 0.24652 0.89505
vt 0.24652 0.89505
vt 0.24652 0.89505
vt 0.24652 0.89505
vt 0.24652 0.89505
vt 0.24652 0.89505
vt 0.24652 0.89505
vt 0.24652 0.89505
vt 0.24652 0.89505
vt 0.24652 0.89505
vt 0.24652 0.89505
vt 0.24652 0.89505
vt 0.24652 0.89505
vt 0.24652 0.89505
vt 0.24652 0.89505
vt 0.24652 0.89505
vt 0.24652 0.89505
vt 0.24652 0.89505
vt 0.24652 0.89505
vt 0.24652 0.89505
vt 0.24652 0.89505
vt 0.24652 0.89505
vt 0.24652 0.89505
vt 0.24652 0.89505
vt 0.24652 0.89505
vt 0.24652 0.89505
vt 0.24652 0.89505
vt 0.24652 0.89505
vt 0.24652 0.89505
vt 0.24652 0.89505
vt 0.24652 0.89505
vt 0.24652 0.89505
vt 0.24652 0.89505
vt 0.24652 0.89505
vt 0.24652 0.89505
vt 0.24652 0.89505
vt 0.24652 0.89505
vt 0.24652 0.89505
vt 0.24652 0.89505
vt 0.24652 0.89505
vt 0.24652 0.89505
vt 0.24652 0.89505
vt 0.24652 0.89505
vt 0.24652 0.89505
vt 0.24652 0.89505
vt 0.24652 0.89505
vt 0.24652 0.89505
vt 0.24652 0.89505
vt 0.24652 0.89505
vt 0.24652 0.89505
vt 0.24652 0.89505
vt 0.24652 0.89505
vt 0.24652 0.89505
vt 0.24652 0.89505
vt 0.24652 0.89505
vt 0.24652 0.89505
vt 0.24652 0.89505
vt 0.24652 0.89505
vt 0.24652 0.89505
vt 0.24652 0.89505
vt 0.24652 0.89505
vt 0.24652 0.89505
vt 0.24652 0.89505
vt 0.24652 0.89505
vt 0.24652 0.89505
vt 0.24652 0.89505
vt 0.24652 0.89505
vt 0.24652 0.89505
vt 0.24652 0.89505
vt 0.24652 0.89505
vt 0.24652 0.89505
vt 0.24652 0.89505
vt 0.24652 0.89505
vt 0.24652 0.89505
vt 0.24652 0.89505
vt 0.24652 0.89505
vt 0.24652 0.89505
vt 0.24652 0.89505
vt 0.24652 0.89505
vt 0.24652 0.89505
vt 0.24652 0.89505
vt 0.24652 0.89505
vt 0.24652 0.89505
vt 0.24652 0.89505
vt 0.24652 0.89505
vt 0.24652 0.89505
vt 0.24652 0.89505
vt 0.24652 0.89505
vt 0.24652 0.89505
vt 0.24652 0.89505
vt 0.24652 0.89505
vt 0.24652 0.89505
vt 0.24652 0.89505
vt 0.24652 0.89505
vt 0.24652 0.89505
vt 0.24652 0.89505
vt 0.24652 0.89505
vt 0.24652 0.89505
vt 0.24652 0.89505
vt 0.24652 0.89505
vt 0.24652 0.89505
vt 0.24652 0.89505
vt 0.24652 0.89505
vt 0.24652 0.89505
vt 0.24652 0.89505
vt 0.24652 0.89505
vt 0.24652 0.89505
vt 0.24652 0.89505
vt 0.24652 0.89505
vt 0.24652 0.89505
vt 0.24652 0.89505
vt 0.24652 0.89505
vt 0.24652 0.89505
vt 0.24652 0.89505
vt 0.24652 0.89505
vt 0.24652 0.89505
vt 0.24652 0.89505
vt 0.24652 0.89505
vt 0.24652 0.89505
vt 0.24652 0.89505
vt 0.24652 0.89505
vt 0.24652 0.89505
vt 0.24652 0.89505
vt 0.24652 0.89505
vt 0.24652 0.89505
vt 0.24652 0.89505
vt 0.24652 0.89505
vt 0.24652 0.89505
vt 0.24652 0.89505
vt 0.24652 0.89505
vt 0.24652 0.89505
vt 0.24652 0.89505
vt 0.24652 0.89505
vt 0.24652 0.89505
vt 0.24652 0.89505
vt 0.24652 0.89505
vt 0.24652 0.89505
vt 0.24652 0.89505
vt 0.24652 0.89505
vt 0.24652 0.89505
vt 0.24652 0.89505
vt 0.24652 0.89505
vt 0.24652 0.89505
vt 0.24652 0.89505
vt 0.24652 0.89505
vt 0.24652 0.89505
vt 0.24652 0.89505
vt 0.24652 0.89505
vt 0.24652 0.89505
vt 0.24652 0.89505
vt 0.24652 0.89505
vt 0.24652 0.89505
vt 0.24652 0.89505
vt 0.24652 0.89505
vt 0.24652 0.89505
vt 0.24652 0.89505
vt 0.24652 0.89505
vt 0.24652 0.89505
vt 0.24652 0.89505
vt 0.24652 0.89505
vt 0.24652 0.89505
vt 0.24652 0.89505
vt 0.24652 0.89505
vt 0.24652 0.89505
vt 0.24652 0.89505
vt 0.24652 0.89505
vt 0.24652 0.89505
vt 0.24652 0.89505
vt 0.24652 0.89505
vt 0.24652 0.89505
vt 0.24652 0.89505
vt 0.24652 0.89505
vt 0.24652 0.89505
vt 0.24652 0.89505
vt 0.24652 0.89505
vt 0.24652 0.89505
vt 0.24652 0.89505
vt 0.24652 0.89505
vt 0.24652 0.89505
vt 0.24652 0.89505
vt 0.24652 0.89505
vt 0.24652 0.89505
vt 0.24652 0.89505
vt 0.24652 0.89505
vt 0.24652 0.89505
vt 0.24652 0.89505
vt 0.24652 0.89505
vt 0.24652 0.89505
vt 0.24652 0.89505
vt 0.24652 0.89505
vt 0.24652 0.89505
vt 0.24652 0.89505
vt 0.24652 0.89505
vt 0.24652 0.89505
vt 0.24652 0.89505
vt 0.24652 0.89505
vt 0.24652 0.89505
vt 0.24652 0.89505
vt 0.24652 0.89505
vt 0.24652 0.89505
vt 0.24652 0.89505
vt 0.24652 0.89505
vt 0.24652 0.89505
vt 0.24652 0.89505
vt 0.24652 0.89505
vt 0.24652 0.89505
vt 0.24652 0.89505
vt 0.24652 0.89505
vt 0.24652 0.89505
vt 0.24652 0.89505
vt 0.24652 0.89505
vt 0.24652 0.89505
vt 0.24652 0.89505
vt 0.24652 0.89505
vt 0.24652 0.89505
vt 0.24652 0.89505
vt 0.24652 0.89505
vt 0.24652 0.89505
vt 0.24652 0.89505
vt 0.24652 0.89505
vt 0.24652 0.89505
vt 0.24652 0.89505
vt 0.24652 0.89505
vt 0.24652 0.89505
vt 0.24652 0.89505
vt 0.24652 0.89505
vt 0.24652 0.89505
vt 0.24652 0.89505
vt 0.24652 0.89505
vt 0.24652 0.89505
vt 0.24652 0.89505
vt 0.24652 0.89505
vt 0.24652 0.89505
vt 0.24652 0.89505
vt 0.24652 0.89505
vt 0.24652 0.89505
vt 0.24652 0.89505
vt 0.24652 0.89505
vt 0.24652 0.89505
vt 0.24652 0.89505
vt 0.24652 0.89505
vt 0.24652 0.89505
vt 0.24652 0.89505
vt 0.24652 0.89505
vt 0.24652 0.89505
vt 0.24652 0.89505
vt 0.24652 0.89505
vt 0.24652 0.89505
vt 0.24652 0.89505
vt 0.24652 0.89505
vt 0.24652 0.89505
vt 0.24652 0.89505
vt 0.24652 0.89505
vt 0.24652 0.89505
vt 0.24652 0.89505
vt 0.24652 0.89505
vt 0.24652 0.89505
vt 0.24652 0.89505
vt 0.24652 0.89505
vt 0.24652 0.89505
vt 0.24652 0.89505
vt 0.24652 0.89505
vt 0.24652 0.89505
vt 0.24652 0.89505
vt 0.24652 0.89505
vt 0.24652 0.89505
vt 0.24652 0.89505
vt 0.24652 0.89505
vt 0.24652 0.89505
vt 0.24652 0.89505
vt 0.24652 0.89505
vt 0.24652 0.89505
vt 0.24652 0.89505
vt 0.24652 0.89505
vt 0.24652 0.89505
vt 0.24652 0.89505
vt 0.24652 0.89505
vt 0.24652 0.89505
vt 0.24652 0.89505
vt 0.24652 0.89505
vt 0.24652 0.89505
vt 0.24652 0.89505
vt 0.24652 0.89505
vt 0.24652 0.89505
vt 0.24652 0.89505
vt 0.24652 0.89505
vt 0.24652 0.89505
vt 0.24652 0.89505
vt 0.24652 0.89505
vt 0.24652 0.89505
vt 0.24652 0.89505
vt 0.24652 0.89505
vt 0.24652 0.89505
vt 0.24652 0.89505
vt 0.24652 0.89505
vt 0.24652 0.89505
vt 0.24652 0.89505
vt 0.24652 0.89505
vt 0.24652 0.89505
vt 0.24652 0.89505
vt 0.24652 0.89505
vt 0.24652 0.89505
vt 0.24652 0.89505
vt 0.24652 0.89505
vt 0.24652 0.89505
vt 0.24652 0.89505
vt 0.24652 0.89505
vt 0.24652 0.89505
vt 0.24652 0.89505
vt 0.24652 0.89505
vt 0.24652 0.89505
vt 0.24652 0.89505
vt 0.24652 0.89505
vt 0.24652 0.89505
vt 0.24652 0.89505
vt 0.24652 0.89505
vt 0.24652 0.89505
vt 0.24652 0.89505
vt 0.24652 0.89505
vt 0.24652 0.89505
vt 0.24652 0.89505
vt 0.24652 0.89505
vt 0.24652 0.89505
vt 0.24652 0.89505
vt 0.24652 0.89505
vt 0.24652 0.89505
vt 0.24652 0.89505
vt 0.24652 0.89505
vt 0.24652 0.89505
vt 0.24652 0.89505
vt 0.24652 0.89505
vt 0.24652 0.89505
vt 0.24652 0.89505
vt 0.24652 0.89505
vt 0.24652 0.89505
vt 0.24652 0.89505
vt 0.24652 0.89505
vt 0.24652 0.89505
vt 0.24652 0.89505
vt 0.24652 0.89505
vt 0.24652 0.89505
vt 0.24652 0.89505
vt 0.24652 0.89505
vt 0.24652 0.89505
vt 0.24652 0.89505
vt 0.24652 0.89505
vt 0.24652 0.89505
vt 0.24652 0.89505
vt 0.24652 0.89505
vt 0.24652 0.89505
vt 0.24652 0.89505
vt 0.24652 0.89505
vt 0.24652 0.89505
vt 0.24652 0.89505
vt 0.24652 0.89505
vt 0.24652 0.89505
vt 0.24652 0.89505
vt 0.24652 0.89505
vt 0.24652 0.89505
vt 0.24652 0.89505
vt 0.24652 0.89505
vt 0.24652 0.89505
vt 0.24652 0.89505
vt 0.24652 0.89505
vt 0.24652 0.89505
vt 0.24652 0.89505
vt 0.24652 0.89505
vt 0.24652 0.89505
vt 0.24652 0.89505
vt 0.24652 0.89505
vt 0.24652 0.89505
vt 0.24652 0.89505
vt 0.24652 0.89505
vt 0.24652 0.89505
vt 0.24652 0.89505
vt 0.24652 0.89505
vt 0.24652 0.89505
vt 0.24652 0.89505
vt 0.24652 0.89505
vt 0.24652 0.89505
vt 0.24652 0.89505
vt 0.24652 0.89505
vt 0.24652 0.89505
vt 0.24652 0.89505
vt 0.24652 0.89505
vt 0.24652 0.89505
vt 0.24652 0.89505
vt 0.24652 0.89505
vt 0.24652 0.89505
vt 0.24652 0.89505
vt 0.24652 0.89505
vt 0.24652 0.89505
vt 0.65868 0.09883
vt 0.65868 0.09883
vt 0.65868 0.09883
vt 0.65868 0.09883
vt 0.65868 0.09883
vt 0.65868 0.09883
vt 0.65868 0.09883
vt 0.65868 0.09883
vt 0.65868 0.09883
vt 0.65868 0.09883
vt 0.65868 0.09883
vt 0.65868 0.09883
vt 0.65868 0.09883
vt 0.65868 0.09883
vt 0.65868 0.09883
vt 0.65868 0.09883
vt 0.65868 0.09883
vt 0.65868 0.09883
vt 0.65868 0.09883
vt 0.65868 0.09883
vt 0.65868 0.09883
vt 0.65868 0.09883
vt 0.65868 0.09883
vt 0.65868 0.09883
vt 0.65868 0.09883
vt 0.65868 0.09883
vt 0.65868 0.09883
vt 0.65868 0.09883
vt 0.65868 0.09883
vt 0.65868 0.09883
vt 0.65868 0.09883
vt 0.65868 0.09883
vt 0.65868 0.09883
vt 0.65868 0.09883
vt 0.65868 0.09883
vt 0.65868 0.09883
vt 0.65868 0.09883
vt 0.65868 0.09883
vt 0.65868 0.09883
vt 0.65868 0.09883
vt 0.65868 0.09883
vt 0.65868 0.09883
vt 0.65868 0.09883
vt 0.65868 0.09883
vt 0.65868 0.09883
vt 0.65868 0.09883
vt 0.65868 0.09883
vt 0.65868 0.09883
vt 0.65868 0.09883
vt 0.65868 0.09883
vt 0.65868 0.09883
vt 0.65868 0.09883
vt 0.65868 0.09883
vt 0.65868 0.09883
vt 0.65868 0.09883
vt 0.65868 0.09883
vt 0.65868 0.09883
vt 0.65868 0.09883
vt 0.65868 0.09883
vt 0.65868 0.09883
vt 0.65868 0.09883
vt 0.65868 0.09883
vt 0.65868 0.09883
vt 0.65868 0.09883
vt 0.65868 0.09883
vt 0.65868 0.09883
vt 0.65868 0.09883
vt 0.65868 0.09883
vt 0.65868 0.09883
vt 0.65868 0.09883
vt 0.65868 0.09883
vt 0.65868 0.09883
vt 0.65868 0.09883
vt 0.65868 0.09883
vt 0.65868 0.09883
vt 0.65868 0.09883
vt 0.65868 0.09883
vt 0.65868 0.09883
vt 0.65868 0.09883
vt 0.65868 0.09883
vt 0.65868 0.09883
vt 0.65868 0.09883
vt 0.65868 0.09883
vt 0.65868 0.09883
vt 0.65868 0.09883
vt 0.65868 0.09883
vt 0.65868 0.09883
vt 0.65868 0.09883
vt 0.65868 0.09883
vt 0.65868 0.09883
vt 0.65868 0.09883
vt 0.65868 0.09883
vt 0.65868 0.09883
vt 0.65868 0.09883
vt 0.65868 0.09883
vt 0.65868 0.09883
vt 0.65868 0.09883
vt 0.65868 0.09883
vt 0.65868 0.09883
vt 0.65868 0.09883
vt 0.65868 0.09883
vt 0.65868 0.09883
vt 0.65868 0.09883
vt 0.65868 0.09883
vt 0.65868 0.09883
vt 0.65868 0.09883
vt 0.65868 0.09883
vt 0.65868 0.09883
vt 0.65868 0.09883
vt 0.65868 0.09883
vt 0.65868 0.09883
vt 0.65868 0.09883
vt 0.65868 0.09883
vt 0.65868 0.09883
vt 0.65868 0.09883
vt 0.65868 0.09883
vt 0.65868 0.09883
vt 0.65868 0.09883
vt 0.65868 0.09883
vt 0.65868 0.09883
vt 0.65868 0.09883
vt 0.65868 0.09883
vt 0.65868 0.09883
vt 0.65868 0.09883
vt 0.65868 0.09883
vt 0.65868 0.09883
vt 0.65868 0.09883
vt 0.65868 0.09883
vt 0.65868 0.09883
vt 0.65868 0.09883
vt 0.65868 0.09883
vt 0.65868 0.09883
vt 0.65868 0.09883
vt 0.65868 0.09883
vt 0.65868 0.09883
vt 0.65868 0.09883
vt 0.65868 0.09883
vt 0.65868 0.09883
vt 0.65868 0.09883
vt 0.65868 0.09883
vt 0.65868 0.09883
vt 0.65868 0.09883
vt 0.65868 0.09883
vt 0.65868 0.09883
vt 0.65868 0.09883
vt 0.65868 0.09883
vt 0.65868 0.09883
vt 0.65868 0.09883
vt 0.65868 0.09883
vt 0.65868 0.09883
vt 0.65868 0.09883
vt 0.65868 0.09883
vt 0.65868 0.09883
vt 0.65868 0.09883
vt 0.65868 0.09883
vt 0.65868 0.09883
vt 0.65868 0.09883
vt 0.65868 0.09883
vt 0.65868 0.09883
vt 0.65868 0.09883
vt 0.65868 0.09883
vt 0.65868 0.09883
vt 0.65868 0.09883
vt 0.65868 0.09883
vt 0.65868 0.09883
vt 0.65868 0.09883
vt 0.65868 0.09883
vt 0.65868 0.09883
vt 0.65868 0.09883
vt 0.65868 0.09883
vt 0.65868 0.09883
vt 0.65868 0.09883
vt 0.65868 0.09883
vt 0.65868 0.09883
vt 0.65868 0.09883
vt 0.65868 0.09883
vt 0.65868 0.09883
vt 0.65868 0.09883
vt 0.65868 0.09883
vt 0.65868 0.09883
vt 0.65868 0.09883
vt 0.65868 0.09883
vt 0.65868 0.09883
vt 0.65868 0.09883
vt 0.65868 0.09883
vt 0.65868 0.09883
vt 0.65868 0.09883
vt 0.65868 0.09883
vt 0.65868 0.09883
vt 0.65868 0.09883
vt 0.65868 0.09883
vt 0.65868 0.09883
vt 0.65868 0.09883
vt 0.65868 0.09883
vt 0.65868 0.09883
vt 0.65868 0.09883
vt 0.65868 0.09883
vt 0.65868 0.09883
vt 0.65868 0.09883
vt 0.65868 0.09883
vt 0.65868 0.09883
vt 0.65868 0.09883
vt 0.65868 0.09883
vt 0.65868 0.09883
vt 0.65868 0.09883
vt 0.65868 0.09883
vt 0.65868 0.09883
vt 0.65868 0.09883
vt 0.65868 0.09883
vt 0.65868 0.09883
vt 0.65868 0.09883
vt 0.65868 0.09883
vt 0.65868 0.09883
vt 0.65868 0.09883
vt 0.65868 0.09883
vt 0.65868 0.09883
vt 0.65868 0.09883
vt 0.65868 0.09883
vt 0.65868 0.09883
vt 0.65868 0.09883
vt 0.65868 0.09883
vt 0.65868 0.09883
vt 0.65868 0.09883
vt 0.65868 0.09883
vt 0.65868 0.09883
vt 0.65868 0.09883
vt 0.65868 0.09883
vt 0.65868 0.09883
vt 0.65868 0.09883
vt 0.65868 0.09883
vt 0.65868 0.09883
vt 0.65868 0.09883
vt 0.65868 0.09883
vt 0.65868 0.09883
vt 0.65868 0.09883
vt 0.65868 0.09883
vt 0.65868 0.09883
vt 0.65868 0.09883
vt 0.65868 0.09883
vt 0.65868 0.09883
vt 0.65868 0.09883
vt 0.65868 0.09883
vt 0.65868 0.09883
vt 0.65868 0.09883
vt 0.65868 0.09883
vt 0.65868 0.09883
vt 0.65868 0.09883
vt 0.65868 0.09883
vt 0.65868 0.09883
vt 0.65868 0.09883
vt 0.65868 0.09883
vt 0.65868 0.09883
vt 0.65868 0.09883
vt 0.65868 0.09883
vt 0.65868 0.09883
vt 0.65868 0.09883
vt 0.65868 0.09883
vt 0.65868 0.09883
vt 0.65868 0.09883
vt 0.65868 0.09883
vt 0.65868 0.09883
vt 0.65868 0.09883
vt 0.65868 0.09883
vt 0.65868 0.09883
vt 0.65868 0.09883
vt 0.65868 0.09883
vt 0.65868 0.09883
vt 0.65868 0.09883
vt 0.65868 0.09883
vt 0.65868 0.09883
vt 0.65868 0.09883
vt 0.65868 0.09883
vt 0.65868 0.09883
vt 0.65868 0.09883
vt 0.65868 0.09883
vt 0.65868 0.09883
vt 0.65868 0.09883
vt 0.65868 0.09883
vt 0.65868 0.09883
vt 0.65868 0.09883
vt 0.65868 0.09883
vt 0.65868 0.09883
vt 0.65868 0.09883
vt 0.65868 0.09883
vt 0.65868 0.09883
vt 0.65868 0.09883
vt 0.65868 0.09883
vt 0.65868 0.09883
vt 0.65868 0.09883
vt 0.65868 0.09883
vt 0.65868 0.09883
vt 0.65868 0.09883
vt 0.65868 0.09883
vt 0.65868 0.09883
vt 0.65868 0.09883
vt 0.65868 0.09883
vt 0.65868 0.09883
vt 0.65868 0.09883
vt 0.65868 0.09883
vt 0.65868 0.09883
vt 0.65868 0.09883
vt 0.65868 0.09883
vt 0.65868 0.09883
vt 0.65868 0.09883
vt 0.65868 0.09883
vt 0.65868 0.09883
vt 0.65868 0.09883
vt 0.65868 0.09883
vt 0.65868 0.09883
vt 0.65868 0.09883
vt 0.65868 0.09883
vt 0.65868 0.09883
vt 0.65868 0.09883
vt 0.65868 0.09883
vt 0.65868 0.09883
vt 0.65868 0.09883
vt 0.65868 0.09883
vt 0.65868 0.09883
vt 0.65868 0.09883
vt 0.65868 0.09883
vt 0.65868 0.09883
vt 0.65868 0.09883
vt 0.65868 0.09883
vt 0.65868 0.09883
vt 0.65868 0.09883
vt 0.65868 0.09883
vt 0.65868 0.09883
vt 0.65868 0.09883
vt 0.65868 0.09883
vt 0.65868 0.09883
vt 0.65868 0.09883
vt 0.65868 0.09883
vt 0.65868 0.09883
vt 0.65868 0.09883
vt 0.65868 0.09883
vt 0.65868 0.09883
vt 0.65868 0.09883
vt 0.65868 0.09883
vt 0.65868 0.09883
vt 0.65868 0.09883
vt 0.65868 0.09883
vt 0.65868 0.09883
vt 0.65868 0.09883
vt 0.65868 0.09883
vt 0.65868 0.09883
vt 0.65868 0.09883
vt 0.65868 0.09883
vt 0.65868 0.09883
vt 0.65868 0.09883
vt 0.65868 0.09883
vt 0.65868 0.09883
vt 0.65868 0.09883
vt 0.65868 0.09883
vt 0.65868 0.09883
vt 0.65868 0.09883
vt 0.65868 0.09883
vt 0.65868 0.09883
vt 0.65868 0.09883
vt 0.65868 0.09883
vt 0.65868 0.09883
vt 0.65868 0.09883
vt 0.65868 0.09883
vt 0.65868 0.09883
vt 0.65868 0.09883
vt 0.65868 0.09883
vt 0.65868 0.09883
vt 0.65868 0.09883
vt 0.65868 0.09883
vt 0.65868 0.09883
vt 0.65868 0.09883
vt 0.65868 0.09883
vt 0.65868 0.09883
vt 0.65868 0.09883
vt 0.65868 0.09883
vt 0.65868 0.09883
vt 0.65868 0.09883
vt 0.65868 0.09883
vt 0.65868 0.09883
vt 0.65868 0.09883
vt 0.65868 0.09883
vt 0.65868 0.09883
vt 0.65868 0.09883
vt 0.65868 0.09883
vt 0.65868 0.09883
vt 0.65868 0.09883
vt 0.65868 0.09883
vt 0.65868 0.09883
vt 0.65868 0.09883
vt 0.65868 0.09883
vt 0.65868 0.09883
vt 0.65868 0.09883
vt 0.65868 0.09883
vt 0.65868 0.09883
vt 0.65868 0.09883
vt 0.65868 0.09883
vt 0.65868 0.09883
vt 0.65868 0.09883
vt 0.65868 0.09883
vt 0.65868 0.09883
vt 0.65868 0.09883
vt 0.65868 0.09883
vt 0.65868 0.09883
vt 0.65868 0.09883
vt 0.65868 0.09883
vt 0.65868 0.09883
vt 0.65868 0.09883
vt 0.65868 0.09883
vt 0.65868 0.09883
vt 0.65868 0.09883
vt 0.65868 0.09883
vt 0.65868 0.09883
vt 0.65868 0.09883
vt 0.65868 0.09883
vt 0.65868 0.09883
vt 0.65868 0.09883
vt 0.65868 0.09883
vt 0.65868 0.09883
vt 0.65868 0.09883
vt 0.65868 0.09883
vt 0.65868 0.09883
vt 0.65868 0.09883
vt 0.65868 0.09883
vt 0.65868 0.09883
vt 0.65868 0.09883
vt 0.65868 0.09883
vt 0.65868 0.09883
vt 0.65868 0.09883
vt 0.65868 0.09883
vt 0.65868 0.09883
vt 0.65868 0.09883
vt 0.65868 0.09883
vt 0.65868 0.09883
vt 0.65868 0.09883
vt 0.65868 0.09883
vt 0.65868 0.09883
vt 0.65868 0.09883
vt 0.65868 0.09883
vt 0.65868 0.09883
vt 0.65868 0.09883
vt 0.65868 0.09883
vt 0.65868 0.09883
vt 0.65868 0.09883
vt 0.65868 0.09883
vt 0.65868 0.09883
vt 0.65868 0.09883
vt 0.65868 0.09883
vt 0.65868 0.09883
vt 0.65868 0.09883
vt 0.65868 0.09883
vt 0.65868 0.09883
vt 0.65868 0.09883
vt 0.65868 0.09883
vt 0.65868 0.09883
vt 0.65868 0.09883
vt 0.65868 0.09883
vt 0.65868 0.09883
vt 0.65868 0.09883
vt 0.65868 0.09883
vt 0.65868 0.09883
vt 0.65868 0.09883
vt 0.65868 0.09883
vt 0.65868 0.09883
vt 0.65868 0.09883
vt 0.65868 0.09883
vt 0.65868 0.09883
vt 0.65868 0.09883
vt 0.65868 0.09883
vt 0.65868 0.09883
vt 0.65868 0.09883
vt 0.65868 0.09883
vt 0.65868 0.09883
vt 0.65868 0.09883
vt 0.65868 0.09883
vt 0.65868 0.09883
vt 0.65868 0.09883
vt 0.65868 0.09883
vt 0.65868 0.09883
vt 0.65868 0.09883
vt 0.65868 0.09883
vt 0.65868 0.09883
vt 0.65868 0.09883
vt 0.65868 0.09883
vt 0.65868 0.09883
vt 0.65868 0.09883
vt 0.65868 0.09883
vt 0.65868 0.09883
vt 0.65868 0.09883
vt 0.65868 0.09883
vt 0.65868 0.09883
vt 0.65868 0.09883
vt 0.65868 0.09883
vt 0.65868 0.09883
vt 0.65868 0.09883
vt 0.65868 0.09883
vt 0.65868 0.09883
vt 0.65868 0.09883
vt 0.65868 0.09883
vt 0.65868 0.09883
vt 0.65868 0.09883
vt 0.65868 0.09883
vt 0.65868 0.09883
vt 0.65868 0.09883
vt 0.65868 0.09883
vt 0.65868 0.09883
vt 0.65868 0.09883
vt 0.65868 0.09883
vt 0.65868 0.09883
vt 0.65868 0.09883
vt 0.65868 0.09883
vt 0.65868 0.09883
vt 0.65868 0.09883
vt 0.65868 0.09883
vt 0.65868 0.09883
vt 0.65868 0.09883
vt 0.65868 0.09883
vt 0.65868 0.09883
vt 0.65868 0.09883
vt 0.65868 0.09883
vt 0.65868 0.09883
vt 0.65868 0.09883
vt 0.65868 0.09883
vt 0.65868 0.09883
vt 0.65868 0.09883
vt 0.65868 0.09883
vt 0.65868 0.09883
vt 0.65868 0.09883
vt 0.65868 0.09883
vt 0.65868 0.09883
vt 0.65868 0.09883
vt 0.65868 0.09883
vt 0.65868 0.09883
vt 0.65868 0.09883
vt 0.65868 0.09883
vt 0.65868 0.09883
vt 0.65868 0.09883
vt 0.65868 0.09883
vt 0.65868 0.09883
vt 0.65868 0.09883
vt 0.65868 0.09883
vt 0.65868 0.09883
vt 0.65868 0.09883
vt 0.65868 0.09883
vt 0.65868 0.09883
vt 0.65868 0.09883
vt 0.65868 0.09883
vt 0.65868 0.09883
vt 0.65868 0.09883
vt 0.65868 0.09883
vt 0.65868 0.09883
vt 0.65868 0.09883
vt 0.65868 0.09883
vt 0.65868 0.09883
vt 0.65868 0.09883
vt 0.65868 0.09883
vt 0.65868 0.09883
vt 0.65868 0.09883
vt 0.65868 0.09883
vt 0.65868 0.09883
vt 0.65868 0.09883
vt 0.65868 0.09883
vt 0.65868 0.09883
vt 0.65868 0.09883
vt 0.65868 0.09883
vt 0.65868 0.09883
vt 0.65868 0.09883
vt 0.65868 0.09883
vt 0.65868 0.09883
vt 0.65868 0.09883
vt 0.65868 0.09883
vt 0.65868 0.09883
vt 0.65868 0.09883
vt 0.65868 0.09883
vt 0.65868 0.09883
vt 0.65868 0.09883
vt 0.65868 0.09883
vt 0.65868 0.09883
vt 0.65868 0.09883
vt 0.65868 0.09883
vt 0.65868 0.09883
vt 0.65868 0.09883
vt 0.65868 0.09883
vt 0.65868 0.09883
vt 0.65868 0.09883
vt 0.65868 0.09883
vt 0.65868 0.09883
vt 0.65868 0.09883
vt 0.65868 0.09883
vt 0.65868 0.09883
vt 0.65868 0.09883
vt 0.65868 0.09883
vt 0.65868 0.09883
vt 0.65868 0.09883
vt 0.65868 0.09883
vt 0.65868 0.09883
vt 0.65868 0.09883
vt 0.65868 0.09883
vt 0.65868 0.09883
vt 0.65868 0.09883
vt 0.65868 0.09883
vt 0.65868 0.09883
vt 0.65868 0.09883
vt 0.65868 0.09883
vt 0.65868 0.09883
vt 0.65868 0.09883
vt 0.65868 0.09883
vt 0.65868 0.09883
vt 0.65868 0.09883
vt 0.65868 0.09883
vt 0.65868 0.09883
vt 0.65868 0.09883
vt 0.65868 0.09883
vt 0.65868 0.09883
vt 0.65868 0.09883
vt 0.65868 0.09883
vt 0.65868 0.09883
vt 0.65868 0.09883
vt 0.65868 0.09883
vt 0.65868 0.09883
vt 0.65868 0.09883
vt 0.65868 0.09883
vt 0.65868 0.09883
vt 0.65868 0.09883
vt 0.65868 0.09883
vt 0.65868 0.09883
vt 0.65868 0.09883
vt 0.65868 0.09883
vt 0.65868 0.09883
vt 0.65868 0.09883
vt 0.65868 0.09883
vt 0.65868 0.09883
vt 0.65868 0.09883
vt 0.65868 0.09883
vt 0.65868 0.09883
vt 0.65868 0.09883
vt 0.65868 0.09883
vt 0.65868 0.09883
vt 0.65868 0.09883
vt 0.65868 0.09883
vt 0.65868 0.09883
vt 0.65868 0.09883
vt 0.65868 0.09883
vt 0.65868 0.09883
vt 0.65868 0.09883
vt 0.65868 0.09883
vt 0.65868 0.09883
vt 0.65868 0.09883
vt 0.65868 0.09883
vt 0.65868 0.09883
vt 0.65868 0.09883
vt 0.65868 0.09883
vt 0.65868 0.09883
vt 0.65868 0.09883
vt 0.65868 0.09883
vt 0.65868 0.09883
vt 0.65868 0.09883
vt 0.65868 0.09883
vt 0.65868 0.09883
vt 0.65868 0.09883
vt 0.65868 0.09883
vt 0.65868 0.09883
vt 0.65868 0.09883
vt 0.65868 0.09883
vt 0.65868 0.09883
vt 0.65868 0.09883
vt 0.65868 0.09883
vt 0.65868 0.09883
vt 0.65868 0.09883
vt 0.65868 0.09883
vt 0.65868 0.09883
vt 0.65868 0.09883
vt 0.65868 0.09883
vt 0.65868 0.09883
vt 0.65868 0.09883
vt 0.65868 0.09883
vt 0.65868 0.09883
vt 0.65868 0.09883
vt 0.65868 0.09883
vt 0.65868 0.09883
vt 0.65868 0.09883
vt 0.65868 0.09883
vt 0.65868 0.09883
vt 0.65868 0.09883
vt 0.65868 0.09883
vt 0.65868 0.09883
vt 0.65868 0.09883
vt 0.65868 0.09883
vt 0.65868 0.09883
vt 0.65868 0.09883
vt 0.65868 0.09883
vt 0.65868 0.09883
vt 0.65868 0.09883
vt 0.65868 0.09883
vt 0.65868 0.09883
vt 0.65868 0.09883
vt 0.65868 0.09883
vt 0.65868 0.09883
vt 0.65868 0.09883
vt 0.65868 0.09883
vt 0.65868 0.09883
vt 0.65868 0.09883
vt 0.65868 0.09883
vt 0.65868 0.09883
vt 0.65868 0.09883
vt 0.65868 0.09883
vt 0.65868 0.09883
vt 0.65868 0.09883
vt 0.65868 0.09883
vt 0.65868 0.09883
vt 0.65868 0.09883
vt 0.65868 0.09883
vt 0.65868 0.09883
vt 0.65868 0.09883
vt 0.65868 0.09883
vt 0.65868 0.09883
vt 0.65868 0.09883
vt 0.65868 0.09883
vt 0.65868 0.09883
vt 0.65868 0.09883
vt 0.65868 0.09883
vt 0.65868 0.09883
vt 0.65868 0.09883
vt 0.65868 0.09883
vt 0.65868 0.09883
vt 0.65868 0.09883
vt 0.65868 0.09883
vt 0.65868 0.09883
vt 0.65868 0.09883
vt 0.65868 0.09883
vt 0.65868 0.09883
vt 0.65868 0.09883
vt 0.65868 0.09883
vt 0.65868 0.09883
vt 0.65868 0.09883
vt 0.65868 0.09883
vt 0.65868 0.09883
vt 0.65868 0.09883
vt 0.65868 0.09883
vt 0.65868 0.09883
vt 0.65868 0.09883
vt 0.65868 0.09883
vt 0.65868 0.09883
vt 0.65868 0.09883
vt 0.65868 0.09883
vt 0.65868 0.09883
vt 0.65868 0.09883
vt 0.65868 0.09883
vt 0.65868 0.09883
vt 0.65868 0.09883
vt 0.65868 0.09883
vt 0.65868 0.09883
vt 0.65868 0.09883
vt 0.65868 0.09883
vt 0.65868 0.09883
vt 0.65868 0.09883
vt 0.65868 0.09883
vt 0.65868 0.09883
vt 0.65868 0.09883
vt 0.65868 0.09883
vt 0.65868 0.09883
vt 0.65868 0.09883
vt 0.65868 0.09883
vt 0.65868 0.09883
vt 0.65868 0.09883
vt 0.65868 0.09883
vt 0.65868 0.09883
vt 0.65868 0.09883
vt 0.65868 0.09883
vt 0.65868 0.09883
vt 0.65868 0.09883
vt 0.65868 0.09883
vt 0.65868 0.09883
vt 0.65868 0.09883
vt 0.65868 0.09883
vt 0.65868 0.09883
vt 0.65868 0.09883
vt 0.65868 0.09883
vt 0.65868 0.09883
vt 0.65868 0.09883
vt 0.65868 0.09883
vt 0.65868 0.09883
vt 0.65868 0.09883
vt 0.65868 0.09883
vt 0.65868 0.09883
vt 0.65868 0.09883
vt 0.65868 0.09883
vt 0.65868 0.09883
vt 0.65868 0.09883
vt 0.65868 0.09883
vt 0.65868 0.09883
vt 0.65868 0.09883
vt 0.65868 0.09883
vt 0.65868 0.09883
vt 0.65868 0.09883
vt 0.65868 0.09883
vt 0.65868 0.09883
vt 0.65868 0.09883
vt 0.65868 0.09883
vt 0.65868 0.09883
vt 0.65868 0.09883
vt 0.65868 0.09883
vt 0.65868 0.09883
vt 0.65868 0.09883
vt 0.65868 0.09883
vt 0.65868 0.09883
vt 0.65868 0.09883
vt 0.65868 0.09883
vt 0.65868 0.09883
vt 0.65868 0.09883
vt 0.65868 0.09883
vt 0.65868 0.09883
vt 0.65868 0.09883
vt 0.65868 0.09883
vt 0.65868 0.09883
vt 0.65868 0.09883
vt 0.65868 0.09883
vt 0.65868 0.09883
vt 0.65868 0.09883
vt 0.65868 0.09883
vt 0.65868 0.09883
vt 0.65868 0.09883
vt 0.65868 0.09883
vt 0.65868 0.09883
vt 0.65868 0.09883
vt 0.65868 0.09883
vt 0.65868 0.09883
vt 0.65868 0.09883
vt 0.65868 0.09883
vt 0.65868 0.09883
vt 0.65868 0.09883
vt 0.65868 0.09883
vt 0.65868 0.09883
vt 0.65868 0.09883
vt 0.65868 0.09883
vt 0.65868 0.09883
vt 0.65868 0.09883
vt 0.65868 0.09883
vt 0.65868 0.09883
vt 0.65868 0.09883
vt 0.65868 0.09883
vt 0.65868 0.09883
vt 0.65868 0.09883
vt 0.65868 0.09883
vt 0.65868 0.09883
vt 0.65868 0.09883
vt 0.65868 0.09883
vt 0.65868 0.09883
vt 0.65868 0.09883
vt 0.65868 0.09883
vt 0.65868 0.09883
vt 0.65868 0.09883
vt 0.65868 0.09883
vt 0.65868 0.09883
vt 0.65868 0.09883
vt 0.65868 0.09883
vt 0.65868 0.09883
vt 0.65868 0.09883
vt 0.65868 0.09883
vt 0.65868 0.09883
vt 0.65868 0.09883
vt 0.65868 0.09883
vt 0.65868 0.09883
vt 0.65868 0.09883
vt 0.65868 0.09883
vt 0.65868 0.09883
vt 0.24484 0.96575
vt 0.24484 0.96575
vt 0.24485 0.96575
vt 0.24485 0.96576
vt 0.24485 0.96576
vt 0.24485 0.96576
vt 0.24484 0.96576
vt 0.24484 0.96576
vt 0.24484 0.96576
vt 0.24487 0.96570
vt 0.24487 0.96570
vt 0.24488 0.96570
vt 0.24488 0.96570
vt 0.24488 0.96571
vt 0.24488 0.96571
vt 0.24487 0.96571
vt 0.24487 0.96570
vt 0.24487 0.96571
vt 0.24480 0.96572
vt 0.24480 0.96572
vt 0.24481 0.96572
vt 0.24481 0.96572
vt 0.24481 0.96573
vt 0.24480 0.96573
vt 0.24480 0.96573
vt 0.24479 0.96572
vt 0.24480 0.96573
vt 0.24481 0.96576
vt 0.24482 0.96576
vt 0.24482 0.96576
vt 0.24482 0.96577
vt 0.24482 0.96577
vt 0.24482 0.96578
vt 0.24481 0.96578
vt 0.24481 0.96577
vt 0.24481 0.96577
vt 0.24485 0.96574
vt 0.24486 0.96573
vt 0.24486 0.96574
vt 0.24486 0.96574
vt 0.24486 0.96574
vt 0.24486 0.96575
vt 0.24486 0.96575
vt 0.24485 0.96574
vt 0.24485 0.96574
vt 0.24485 0.96572
vt 0.24486 0.96572
vt 0.24486 0.96572
vt 0.24487 0.96572
vt 0.24486 0.96573
vt 0.24486 0.96573
vt 0.24486 0.96573
vt 0.24485 0.96572
vt 0.24485 0.96573
vt 0.24486 0.96571
vt 0.24486 0.96571
vt 0.24486 0.96571
vt 0.24487 0.96571
vt 0.24487 0.96571
vt 0.24486 0.96572
vt 0.24486 0.96572
vt 0.24485 0.96571
vt 0.24485 0.96571
vt 0.24484 0.96574
vt 0.24484 0.96573
vt 0.24485 0.96574
vt 0.24485 0.96574
vt 0.24485 0.96574
vt 0.24485 0.96575
vt 0.24484 0.96575
vt 0.24484 0.96574
vt 0.24484 0.96574
vt 0.24485 0.96575
vt 0.24486 0.96575
vt 0.24486 0.96575
vt 0.24486 0.96576
vt 0.24486 0.96576
vt 0.24486 0.96576
vt 0.24486 0.96576
vt 0.24485 0.96576
vt 0.24485 0.96576
vt 0.24484 0.96572
vt 0.24484 0.96572
vt 0.24485 0.96572
vt 0.24485 0.96572
vt 0.24485 0.96573
vt 0.24485 0.96573
vt 0.24484 0.96573
vt 0.24484 0.96572
vt 0.24484 0.96573
vt 0.24480 0.96574
vt 0.24480 0.96573
vt 0.24481 0.96574
vt 0.24481 0.96574
vt 0.24481 0.96574
vt 0.24480 0.96575
vt 0.24480 0.96575
vt 0.24480 0.96574
vt 0.24479 0.96574
vt 0.24488 0.96575
vt 0.24489 0.96575
vt 0.24489 0.96575
vt 0.24489 0.96575
vt 0.24489 0.96576
vt 0.24489 0.96576
vt 0.24488 0.96576
vt 0.24488 0.96575
vt 0.24488 0.96576
vt 0.24487 0.96574
vt 0.24487 0.96574
vt 0.24488 0.96574
vt 0.24488 0.96575
vt 0.24488 0.96575
vt 0.24487 0.96576
vt 0.24487 0.96576
vt 0.24486 0.96575
vt 0.24486 0.96575
vt 0.24487 0.96573
vt 0.24487 0.96573
vt 0.24488 0.96573
vt 0.24488 0.96573
vt 0.24488 0.96574
vt 0.24487 0.96574
vt 0.24487 0.96574
vt 0.24486 0.96573
vt 0.24486 0.96574
vt 0.24480 0.96569
vt 0.24480 0.96569
vt 0.24481 0.96569
vt 0.24481 0.96570
vt 0.24481 0.96570
vt 0.24480 0.96570
vt 0.24480 0.96570
vt 0.24480 0.96570
vt 0.24479 0.96570
vt 0.24488 0.96574
vt 0.24489 0.96573
vt 0.24489 0.96574
vt 0.24489 0.96574
vt 0.24489 0.96574
vt 0.24489 0.96575
vt 0.24488 0.96575
vt 0.24488 0.96574
vt 0.24488 0.96574
vt 0.24480 0.96571
vt 0.24480 0.96570
vt 0.24481 0.96571
vt 0.24481 0.96571
vt 0.24481 0.96571
vt 0.24480 0.96572
vt 0.24480 0.96572
vt 0.24480 0.96571
vt 0.24479 0.96571
vt 0.24481 0.96572
vt 0.24482 0.96572
vt 0.24482 0.96572
vt 0.24482 0.96572
vt 0.24482 0.96573
vt 0.24482 0.96573
vt 0.24481 0.96573
vt 0.24481 0.96572
vt 0.24481 0.96573
vt 0.28156 0.08570
vt 0.28156 0.08570
vt 0.28156 0.08570
vt 0.28156 0.08570
vt 0.28156 0.08570
vt 0.28156 0.08570
vt 0.28156 0.08570
vt 0.28156 0.08570
vt 0.28156 0.08570
vt 0.28156 0.08570
vt 0.28156 0.08570
vt 0.28156 0.08570
vt 0.28156 0.08570
vt 0.28156 0.08570
vt 0.28156 0.08570
vt 0.28156 0.08570
vt 0.28156 0.08570
vt 0.28156 0.08570
vt 0.28156 0.08570
vt 0.28156 0.08570
vt 0.28156 0.08570
vt 0.28156 0.08570
vt 0.28156 0.08570
vt 0.28156 0.08570
vt 0.28156 0.08570
vt 0.28156 0.08570
vt 0.28156 0.08570
vt 0.28156 0.08570
vt 0.28156 0.08570
vt 0.28156 0.08570
vt 0.28156 0.08570
vt 0.28156 0.08570
vt 0.28156 0.08570
vt 0.28156 0.08570
vt 0.28156 0.08570
vt 0.28156 0.08570
vt 0.28156 0.08570
vt 0.28156 0.08570
vt 0.28156 0.08570
vt 0.28156 0.08570
vt 0.28156 0.08570
vt 0.28156 0.08570
vt 0.28156 0.08570
vt 0.28156 0.08570
vt 0.28156 0.08570
vt 0.28156 0.08570
vt 0.28156 0.08570
vt 0.28156 0.08570
vt 0.94101 0.97802
vt 0.94101 0.97802
vt 0.94101 0.97802
vt 0.94101 0.97802
vt 0.94101 0.97802
vt 0.94101 0.97802
vt 0.94101 0.97802
vt 0.94101 0.97802
vt 0.94101 0.97802
vt 0.94101 0.97802
vt 0.94101 0.97802
vt 0.94101 0.97802
vt 0.94101 0.97802
vt 0.94101 0.97802
vt 0.94101 0.97802
vt 0.94101 0.97802
vt 0.94101 0.97802
vt 0.94101 0.97802
vt 0.94101 0.97802
vt 0.94101 0.97802
vt 0.94101 0.97802
vt 0.94101 0.97802
vt 0.94101 0.97802
vt 0.94101 0.97802
vt 0.94101 0.97802
vt 0.94101 0.97802
vt 0.94101 0.97802
vt 0.94101 0.97802
vt 0.94101 0.97802
vt 0.94101 0.97802
vt 0.94101 0.97802
vt 0.94101 0.97802
vt 0.94101 0.97802
vt 0.94101 0.97802
vt 0.94101 0.97802
vt 0.94101 0.97802
vt 0.94101 0.97802
vt 0.94101 0.97802
vt 0.94101 0.97802
vt 0.94101 0.97802
vt 0.94101 0.97802
vt 0.94101 0.97802
vt 0.94101 0.97802
vt 0.94101 0.97802
vt 0.94101 0.97802
vt 0.94101 0.97802
vt 0.94101 0.97802
vt 0.94101 0.97802
vt 0.94101 0.97802
vt 0.94101 0.97802
vt 0.94101 0.97802
vt 0.94101 0.97802
vt 0.94101 0.97802
vt 0.94101 0.97802
vt 0.94101 0.97802
vt 0.94101 0.97802
vt 0.94101 0.97802
vt 0.94101 0.97802
vt 0.94101 0.97802
vt 0.94101 0.97802
vt 0.94101 0.97802
vt 0.94101 0.97802
vt 0.94101 0.97802
vt 0.94101 0.97802
vt 0.94101 0.97802
vt 0.94101 0.97802
vt 0.94101 0.97802
vt 0.94101 0.97802
vt 0.94101 0.97802
vt 0.94101 0.97802
vt 0.94101 0.97802
vt 0.94101 0.97802
vt 0.94101 0.97802
vt 0.94101 0.97802
vt 0.94101 0.97802
vt 0.94101 0.97802
vt 0.94101 0.97802
vt 0.94101 0.97802
vt 0.94101 0.97802
vt 0.94101 0.97802
vt 0.94101 0.97802
vt 0.94101 0.97802
vt 0.94101 0.97802
vt 0.94101 0.97802
vt 0.94101 0.97802
vt 0.94101 0.97802
vt 0.94101 0.97802
vt 0.94101 0.97802
vt 0.94101 0.97802
vt 0.94101 0.97802
vt 0.94101 0.97802
vt 0.94101 0.97802
vt 0.94101 0.97802
vt 0.94101 0.97802
vt 0.94101 0.97802
vt 0.94101 0.97802
vt 0.32895 0.10218
vt 0.32895 0.10218
vt 0.32895 0.10218
vt 0.32895 0.10218
vt 0.32895 0.10218
vt 0.32895 0.10218
vt 0.32895 0.10218
vt 0.32895 0.10218
vt 0.32895 0.10218
vt 0.32895 0.10218
vt 0.32895 0.10218
vt 0.32895 0.10218
vt 0.32895 0.10218
vt 0.32895 0.10218
vt 0.32895 0.10218
vt 0.32895 0.10218
vt 0.32895 0.10218
vt 0.32895 0.10218
vt 0.32895 0.10218
vt 0.32895 0.10218
vt 0.32895 0.10218
vt 0.32895 0.10218
vt 0.32895 0.10218
vt 0.32895 0.10218
vt 0.32895 0.10218
vt 0.32895 0.10218
vt 0.32895 0.10218
vt 0.32895 0.10218
vt 0.32895 0.10218
vt 0.32895 0.10218
vt 0.32895 0.10218
vt 0.32895 0.10218
vt 0.32895 0.10218
vt 0.32895 0.10218
vt 0.32895 0.10218
vt 0.32895 0.10218
vt 0.32895 0.10218
vt 0.32895 0.10218
vt 0.32895 0.10218
vt 0.32895 0.10218
vt 0.32895 0.10218
vt 0.32895 0.10218
vt 0.32895 0.10218
vt 0.32895 0.10218
vt 0.32895 0.10218
vt 0.32895 0.10218
vt 0.32895 0.10218
vt 0.32895 0.10218
vt 0.39073 0.09154
vt 0.39073 0.09152
vt 0.39075 0.09152
vt 0.39075 0.09154
vt 0.39078 0.09152
vt 0.39075 0.09152
vt 0.39075 0.09150
vt 0.39078 0.09150
vt 0.39077 0.09156
vt 0.39075 0.09156
vt 0.39077 0.09154
vt 0.39082 0.09154
vt 0.39082 0.09154
vt 0.39082 0.09154
vt 0.39077 0.09154
vt 0.39082 0.09153
vt 0.44024 0.11613
vt 0.44024 0.11613
vt 0.44024 0.11613
vt 0.44024 0.11613
vt 0.44024 0.11613
vt 0.44024 0.11613
vt 0.44024 0.11613
vt 0.44024 0.11613
vt 0.44024 0.11613
vt 0.44024 0.11613
vt 0.44024 0.11613
vt 0.44024 0.11613
vt 0.44024 0.11613
vt 0.44024 0.11613
vt 0.44024 0.11613
vt 0.44024 0.11613
vt 0.44024 0.11613
vt 0.44024 0.11613
vt 0.44024 0.11613
vt 0.44024 0.11613
vt 0.44024 0.11613
vt 0.44024 0.11613
vt 0.44024 0.11613
vt 0.44024 0.11613
vt 0.45391 0.49796
vt 0.45390 0.49796
vt 0.45390 0.49795
vt 0.45391 0.49795
vt 0.45391 0.49793
vt 0.45392 0.49793
vt 0.45392 0.49793
vt 0.45391 0.49793
vt 0.45392 0.49796
vt 0.45391 0.49796
vt 0.45394 0.49795
vt 0.45394 0.49795
vt 0.45394 0.49795
vt 0.45394 0.49795
vt 0.45391 0.49796
vt 0.45391 0.49796
vt 0.45394 0.49795
vt 0.45394 0.49795
vt 0.45394 0.49795
vt 0.45394 0.49795
vt 0.45391 0.49795
vt 0.45390 0.49795
vt 0.45390 0.49794
vt 0.45391 0.49794
vt 0.45391 0.49793
vt 0.45391 0.49793
vt 0.45391 0.49793
vt 0.45391 0.49793
vt 0.45394 0.49795
vt 0.45393 0.49795
vt 0.45394 0.49795
vt 0.45394 0.49795
vt 0.45394 0.49795
vt 0.45390 0.49796
vt 0.45390 0.49796
vt 0.45390 0.49796
vt 0.45391 0.49793
vt 0.45391 0.49793
vt 0.45391 0.49794
vt 0.45390 0.49794
vt 0.45390 0.49794
vt 0.45391 0.49794
vt 0.45392 0.49793
vt 0.45392 0.49793
vt 0.45392 0.49793
vt 0.45392 0.49793
vt 0.45393 0.49795
vt 0.45393 0.49796
vt 0.45393 0.49796
vt 0.45393 0.49795
vt 0.45390 0.49796
vt 0.45390 0.49796
vt 0.45394 0.49795
vt 0.45394 0.49796
vt 0.45394 0.49795
vt 0.45394 0.49795
vt 0.45392 0.49793
vt 0.45392 0.49793
vn 0.021 -0.992 -0.122
vn 0.364 -0.875 0.318
vn 0.006 -0.988 -0.155
vn -0.023 -0.969 -0.247
vn 0.224 -0.883 0.414
vn -0.129 -0.990 -0.066
vn -0.108 -0.964 0.243
vn -0.233 -0.970 -0.066
vn -0.134 -0.986 -0.100
vn 0.414 -0.843 0.342
vn -0.089 -0.992 -0.087
vn 0.224 -0.932 0.285
vn 0.116 -0.975 -0.191
vn 0.171 -0.981 -0.095
vn 0.033 -0.953 0.300
vn 0.220 -0.966 -0.134
vn 0.088 -0.972 0.217
vn -0.038 -0.999 -0.026
vn -0.134 -0.976 -0.171
vn -0.042 -0.953 0.299
vn -0.188 0.965 -0.183
vn -0.211 0.971 0.114
vn -0.107 0.990 0.097
vn -0.086 0.995 0.048
vn -0.074 0.997 0.000
vn 0.027 0.990 -0.139
vn 0.308 0.951 -0.004
vn 0.322 0.936 0.145
vn 0.031 0.980 -0.196
vn -0.174 0.984 0.048
vn -0.003 0.991 -0.137
vn -0.139 0.985 0.102
vn -0.208 0.970 0.126
vn -0.334 0.927 -0.171
vn 0.048 0.999 -0.018
vn -0.253 0.919 -0.304
vn 0.003 0.991 0.136
vn 0.085 0.996 0.039
vn 0.124 0.989 -0.078
vn 0.156 0.988 0.007
vn 0.847 0.090 -0.524
vn 0.964 -0.194 0.183
vn 0.904 -0.043 -0.426
vn 0.933 -0.021 -0.360
vn 0.984 0.030 0.174
vn 0.931 -0.140 -0.337
vn 0.986 -0.074 -0.149
vn 0.947 0.090 -0.310
vn 0.930 -0.091 -0.356
vn 0.988 -0.001 -0.154
vn 0.947 0.035 -0.321
vn 0.980 -0.000 -0.201
vn 0.945 -0.276 -0.175
vn 0.899 -0.317 -0.302
vn 0.922 -0.217 -0.321
vn -0.571 0.242 -0.784
vn -0.354 0.284 -0.891
vn -0.293 0.060 -0.954
vn -0.053 -0.103 -0.993
vn -0.545 -0.279 -0.791
vn -0.223 -0.287 -0.932
vn -0.166 -0.292 -0.942
vn -0.122 -0.166 -0.979
vn -0.400 -0.013 -0.916
vn -0.294 -0.095 -0.951
vn -0.264 0.111 -0.958
vn -0.173 0.157 -0.972
vn -0.967 -0.166 0.192
vn -0.997 0.012 0.082
vn -0.895 0.130 0.426
vn -0.975 0.082 0.207
vn -0.964 -0.015 0.266
vn -0.879 -0.038 0.476
vn -0.992 0.128 0.027
vn -0.945 -0.094 0.313
vn -0.878 0.032 0.477
vn -0.984 0.176 -0.006
vn -0.795 0.145 0.589
vn -0.944 0.247 -0.218
vn -0.980 0.104 0.168
vn -0.861 -0.105 0.498
vn -0.996 0.016 -0.086
vn 0.093 0.216 0.972
vn 0.362 0.230 0.903
vn 0.333 0.017 0.943
vn 0.450 -0.119 0.885
vn 0.329 0.186 0.926
vn 0.225 0.315 0.922
vn 0.247 0.292 0.924
vn 0.305 0.207 0.930
vn 0.418 -0.302 0.857
vn 0.128 -0.416 0.900
vn 0.310 -0.158 0.938
vn 0.240 -0.084 0.967
vn 0.779 0.627 0.031
vn -0.335 0.895 0.295
vn -0.986 -0.074 0.152
vn -0.274 -0.940 -0.202
vn 0.816 -0.507 -0.276
vn 0.787 -0.022 0.617
vn -0.319 0.242 0.916
vn -0.984 0.171 -0.050
vn -0.289 -0.136 -0.948
vn 0.805 -0.255 -0.535
vn 0.803 0.015 0.596
vn -0.298 0.283 0.912
vn -0.987 0.160 -0.033
vn -0.312 -0.184 -0.932
vn 0.794 -0.274 -0.543
vn 0.774 0.138 0.619
vn -0.302 -0.224 0.927
vn -0.960 -0.276 -0.046
vn -0.291 0.053 -0.955
vn 0.780 0.309 -0.544
vn 0.920 -0.367 -0.135
vn -0.086 -0.960 -0.267
vn -0.974 -0.226 -0.030
vn -0.515 0.820 0.248
vn 0.655 0.733 0.184
vn 0.928 -0.356 0.113
vn -0.068 -0.943 0.325
vn -0.970 -0.227 0.087
vn -0.531 0.803 -0.271
vn 0.642 0.723 -0.255
vn 0.897 -0.362 -0.251
vn -0.099 -0.981 -0.166
vn -0.958 -0.244 0.149
vn -0.494 0.831 0.258
vn 0.653 0.757 0.011
vn 0.650 0.760 0.009
vn 0.650 0.760 0.009
vn 0.915 -0.370 -0.160
vn -0.081 -0.991 -0.106
vn -0.965 -0.243 0.095
vn -0.515 0.841 0.164
vn 0.647 0.763 0.007
vn 0.924 -0.069 -0.375
vn -0.054 0.154 -0.987
vn -0.958 0.164 -0.235
vn -0.538 -0.052 0.841
vn 0.626 -0.197 0.755
vn 0.904 -0.276 -0.328
vn -0.079 -0.228 -0.971
vn -0.953 0.135 -0.272
vn -0.509 0.311 0.802
vn 0.638 0.057 0.768
vn 0.923 0.160 -0.350
vn 0.002 -0.215 -0.977
vn -0.922 -0.293 -0.254
vn -0.571 0.034 0.820
vn 0.569 0.314 0.760
vn 0.706 0.681 0.195
vn -0.444 0.893 0.072
vn -0.980 -0.129 -0.150
vn -0.162 -0.973 -0.164
vn 0.880 -0.472 0.049
vn 0.704 0.660 0.262
vn -0.443 0.886 0.136
vn -0.978 -0.113 -0.178
vn -0.161 -0.956 -0.246
vn 0.878 -0.478 0.026
vn 0.606 0.610 -0.511
vn -0.474 0.872 -0.126
vn -0.898 -0.071 0.433
vn -0.082 -0.916 0.393
vn 0.848 -0.495 -0.190
vn 0.775 0.630 -0.036
vn -0.342 0.922 0.183
vn -0.987 -0.061 0.149
vn -0.268 -0.959 -0.091
vn 0.822 -0.532 -0.205
vn 0.773 -0.200 0.603
vn -0.342 -0.037 0.939
vn -0.984 0.177 -0.022
vn -0.266 0.146 -0.953
vn 0.819 -0.087 -0.567
vn 0.798 0.034 0.601
vn -0.305 0.308 0.901
vn -0.987 0.156 -0.044
vn -0.305 -0.211 -0.929
vn 0.798 -0.287 -0.530
vn 0.736 0.347 0.581
vn -0.364 0.114 0.924
vn -0.961 -0.276 -0.010
vn -0.230 -0.285 -0.931
vn 0.819 0.101 -0.565
vn 0.920 -0.384 -0.078
vn -0.087 -0.985 -0.151
vn -0.974 -0.225 -0.015
vn -0.515 0.846 0.141
vn 0.656 0.748 0.103
vn 0.914 -0.394 -0.094
vn -0.099 -0.991 -0.094
vn -0.975 -0.218 0.035
vn -0.504 0.856 0.116
vn 0.664 0.747 0.036
vn 0.899 -0.394 -0.194
vn -0.101 -0.994 -0.041
vn -0.961 -0.221 0.168
vn -0.493 0.858 0.145
vn 0.656 0.751 -0.078
vn 0.915 -0.403 -0.013
vn -0.090 -0.978 0.186
vn -0.971 -0.202 0.128
vn -0.510 0.854 -0.107
vn 0.656 0.729 -0.195
vn 0.922 -0.203 -0.329
vn -0.058 -0.202 -0.978
vn -0.958 0.078 -0.276
vn -0.534 0.250 0.807
vn 0.628 0.076 0.775
vn 0.629 0.079 0.774
vn 0.908 -0.282 -0.309
vn -0.068 -0.257 -0.964
vn -0.950 0.124 -0.286
vn -0.519 0.333 0.787
vn 0.629 0.082 0.773
vn 0.903 0.272 -0.332
vn -0.050 0.085 -0.995
vn -0.934 -0.219 -0.283
vn -0.528 -0.220 0.821
vn 0.608 0.083 0.790
vn 0.777 0.629 0.033
vn -0.338 0.920 -0.198
vn -0.986 -0.060 -0.156
vn -0.271 -0.957 0.102
vn 0.818 -0.531 0.219
vn 0.749 0.634 0.191
vn -0.379 0.925 0.029
vn -0.983 -0.063 -0.173
vn -0.229 -0.964 -0.136
vn 0.841 -0.533 0.089
vn 0.675 0.672 -0.303
vn -0.350 0.910 0.221
vn -0.891 -0.110 0.440
vn -0.201 -0.978 0.051
vn 0.767 -0.495 -0.409
vn -0.011 0.537 0.844
vn -0.301 0.926 -0.227
vn -0.175 0.035 -0.984
vn 0.193 -0.904 -0.381
vn 0.294 -0.594 0.749
vn -0.598 -0.108 0.794
vn -0.923 0.276 -0.269
vn 0.028 0.279 -0.960
vn 0.940 -0.103 -0.324
vn 0.553 -0.342 0.759
vn -0.578 -0.073 0.813
vn -0.918 0.314 -0.243
vn 0.010 0.268 -0.964
vn 0.924 -0.148 -0.352
vn 0.561 -0.359 0.746
vn -0.600 0.052 0.798
vn -0.934 -0.189 -0.303
vn 0.023 -0.169 -0.985
vn 0.948 0.085 -0.306
vn 0.563 0.221 0.796
vn 0.155 -0.466 0.871
vn 0.263 -0.944 -0.198
vn 0.007 -0.117 -0.993
vn -0.258 0.872 -0.416
vn -0.167 0.656 0.736
vn -0.093 -0.456 0.885
vn -0.329 -0.930 -0.164
vn -0.111 -0.119 -0.987
vn 0.261 0.856 -0.446
vn 0.272 0.648 0.711
vn 0.271 -0.459 0.846
vn 0.161 -0.964 -0.210
vn -0.171 -0.137 -0.976
vn -0.267 0.880 -0.393
vn 0.006 0.681 0.733
vn 0.008 0.684 0.730
vn 0.180 -0.468 0.865
vn 0.101 -0.976 -0.192
vn -0.117 -0.135 -0.984
vn -0.174 0.893 -0.416
vn 0.010 0.687 0.727
vn 0.396 -0.171 0.902
vn 0.986 0.159 -0.060
vn 0.213 0.269 -0.939
vn -0.854 0.007 -0.521
vn -0.741 -0.264 0.618
vn 0.348 -0.374 0.860
vn 0.968 -0.218 -0.127
vn 0.251 0.239 -0.938
vn -0.813 0.366 -0.453
vn -0.753 -0.013 0.658
vn 0.372 0.057 0.927
vn 0.976 -0.214 -0.045
vn 0.231 -0.189 -0.954
vn -0.833 0.097 -0.545
vn -0.746 0.249 0.618
vn -0.176 0.599 0.781
vn -0.080 0.937 -0.341
vn 0.127 -0.021 -0.992
vn 0.158 -0.949 -0.272
vn -0.029 -0.566 0.824
vn -0.244 0.579 0.778
vn -0.144 0.929 -0.340
vn 0.155 -0.005 -0.988
vn 0.240 -0.932 -0.271
vn -0.007 -0.572 0.821
vn 0.526 0.540 0.657
vn 0.117 0.918 -0.378
vn -0.454 0.028 -0.891
vn -0.398 -0.901 -0.173
vn 0.208 -0.585 0.784
vn 0.056 0.541 0.839
vn -0.188 0.954 -0.234
vn -0.172 0.048 -0.984
vn 0.082 -0.924 -0.374
vn 0.223 -0.619 0.753
vn -0.585 -0.283 0.760
vn -0.947 0.001 -0.322
vn -0.000 0.284 -0.959
vn 0.947 0.174 -0.271
vn 0.585 -0.176 0.791
vn -0.583 -0.054 0.811
vn -0.907 0.340 -0.248
vn 0.022 0.264 -0.964
vn 0.921 -0.176 -0.348
vn 0.547 -0.373 0.749
vn -0.563 0.264 0.783
vn -0.932 0.153 -0.327
vn -0.013 -0.169 -0.986
vn 0.924 -0.258 -0.282
vn 0.584 0.010 0.811
vn 0.098 -0.483 0.870
vn 0.146 -0.969 -0.199
vn -0.008 -0.116 -0.993
vn -0.151 0.897 -0.415
vn -0.086 0.671 0.737
vn 0.114 -0.492 0.863
vn 0.090 -0.974 -0.209
vn -0.059 -0.110 -0.992
vn -0.126 0.906 -0.404
vn -0.019 0.670 0.743
vn 0.213 -0.490 0.845
vn 0.036 -0.977 -0.210
vn -0.191 -0.114 -0.975
vn -0.154 0.907 -0.392
vn 0.096 0.674 0.733
vn 0.033 -0.501 0.865
vn -0.191 -0.962 -0.193
vn -0.151 -0.094 -0.984
vn 0.098 0.904 -0.415
vn 0.211 0.653 0.728
vn 0.349 -0.303 0.887
vn 0.976 -0.194 -0.102
vn 0.254 0.183 -0.950
vn -0.819 0.307 -0.485
vn -0.760 0.007 0.650
vn -0.759 0.010 0.651
vn 0.330 -0.380 0.864
vn 0.962 -0.248 -0.118
vn 0.265 0.227 -0.937
vn -0.798 0.388 -0.461
vn -0.758 0.012 0.652
vn 0.354 0.170 0.920
vn 0.994 0.090 -0.063
vn 0.260 -0.115 -0.959
vn -0.833 -0.161 -0.529
vn -0.775 0.016 0.631
vn -0.013 0.539 0.842
vn 0.193 0.952 -0.239
vn 0.133 0.049 -0.990
vn -0.111 -0.921 -0.372
vn -0.201 -0.618 0.760
vn -0.172 0.548 0.818
vn -0.036 0.961 -0.274
vn 0.150 0.046 -0.988
vn 0.129 -0.933 -0.337
vn -0.071 -0.622 0.779
vn 0.320 0.594 0.738
vn -0.227 0.943 -0.242
vn -0.461 -0.011 -0.887
vn -0.058 -0.950 -0.306
vn 0.425 -0.576 0.698
vn 0.207 0.537 0.818
vn -0.349 0.926 -0.142
vn -0.423 0.035 -0.905
vn 0.088 -0.904 -0.418
vn 0.478 -0.594 0.647
vn -0.373 -0.108 0.922
vn -0.961 0.276 -0.021
vn -0.221 0.279 -0.935
vn 0.824 -0.103 -0.557
vn 0.731 -0.342 0.591
vn -0.347 -0.073 0.935
vn -0.950 0.314 0.002
vn -0.239 0.268 -0.933
vn 0.801 -0.149 -0.579
vn 0.735 -0.359 0.575
vn -0.373 0.052 0.926
vn -0.981 -0.189 -0.051
vn -0.233 -0.169 -0.958
vn 0.837 0.085 -0.541
vn 0.750 0.221 0.623
vn 0.375 -0.466 0.801
vn 0.203 -0.944 -0.259
vn -0.250 -0.117 -0.961
vn -0.357 0.872 -0.335
vn 0.029 0.656 0.754
vn 0.139 -0.456 0.879
vn -0.360 -0.930 -0.073
vn -0.362 -0.119 -0.924
vn 0.137 0.856 -0.498
vn 0.447 0.648 0.617
vn 0.481 -0.459 0.747
vn 0.101 -0.964 -0.244
vn -0.418 -0.137 -0.898
vn -0.360 0.880 -0.311
vn 0.196 0.681 0.706
vn 0.197 0.684 0.703
vn 0.398 -0.468 0.789
vn 0.048 -0.976 -0.212
vn -0.368 -0.135 -0.920
vn -0.276 0.893 -0.357
vn 0.198 0.687 0.700
vn 0.616 -0.171 0.769
vn 0.936 0.159 -0.313
vn -0.037 0.269 -0.963
vn -0.959 0.007 -0.282
vn -0.556 -0.264 0.788
vn 0.558 -0.374 0.741
vn 0.902 -0.218 -0.373
vn -0.001 0.239 -0.971
vn -0.903 0.366 -0.227
vn -0.557 -0.013 0.830
vn 0.599 0.057 0.799
vn 0.931 -0.214 -0.296
vn -0.024 -0.189 -0.982
vn -0.946 0.097 -0.311
vn -0.561 0.249 0.789
vn 0.032 0.599 0.800
vn -0.165 0.937 -0.309
vn -0.134 -0.020 -0.991
vn 0.083 -0.949 -0.303
vn 0.185 -0.566 0.803
vn -0.034 0.579 0.815
vn -0.227 0.929 -0.291
vn -0.106 -0.005 -0.994
vn 0.162 -0.932 -0.324
vn 0.206 -0.572 0.794
vn 0.678 0.540 0.499
vn 0.015 0.918 -0.395
vn -0.669 0.028 -0.743
vn -0.429 -0.901 -0.064
vn 0.404 -0.585 0.703
vn 0.271 0.541 0.796
vn -0.243 0.954 -0.178
vn -0.421 0.048 -0.906
vn -0.018 -0.924 -0.382
vn 0.410 -0.619 0.670
vn -0.368 -0.283 0.885
vn -0.998 0.001 -0.066
vn -0.248 0.284 -0.926
vn 0.844 0.174 -0.507
vn 0.770 -0.176 0.613
vn -0.353 -0.054 0.934
vn -0.941 0.340 -0.005
vn -0.229 0.264 -0.937
vn 0.799 -0.176 -0.574
vn 0.723 -0.373 0.582
vn -0.341 0.264 0.902
vn -0.985 0.153 -0.075
vn -0.268 -0.169 -0.949
vn 0.820 -0.258 -0.511
vn 0.774 0.010 0.633
vn 0.320 -0.483 0.815
vn 0.090 -0.969 -0.230
vn -0.265 -0.116 -0.957
vn -0.254 0.897 -0.362
vn 0.108 0.671 0.734
vn 0.333 -0.492 0.804
vn 0.032 -0.974 -0.225
vn -0.313 -0.110 -0.943
vn -0.226 0.906 -0.358
vn 0.174 0.670 0.722
vn 0.425 -0.490 0.761
vn -0.019 -0.977 -0.212
vn -0.437 -0.114 -0.892
vn -0.251 0.907 -0.339
vn 0.282 0.674 0.683
vn 0.256 -0.501 0.827
vn -0.234 -0.962 -0.137
vn -0.401 -0.094 -0.911
vn -0.013 0.904 -0.426
vn 0.393 0.653 0.648
vn 0.567 -0.303 0.766
vn 0.916 -0.194 -0.351
vn -0.001 0.183 -0.983
vn -0.916 0.307 -0.256
vn -0.566 0.007 0.825
vn -0.564 0.010 0.826
vn 0.542 -0.381 0.749
vn 0.898 -0.248 -0.363
vn 0.013 0.228 -0.974
vn -0.890 0.388 -0.239
vn -0.563 0.013 0.826
vn 0.580 0.170 0.797
vn 0.944 0.090 -0.318
vn 0.003 -0.115 -0.993
vn -0.942 -0.161 -0.296
vn -0.585 0.016 0.811
vn 0.205 0.539 0.817
vn 0.124 0.952 -0.281
vn -0.128 0.049 -0.991
vn -0.203 -0.921 -0.331
vn 0.002 -0.618 0.786
vn 0.045 0.548 0.835
vn -0.105 0.961 -0.255
vn -0.110 0.046 -0.993
vn 0.037 -0.933 -0.358
vn 0.133 -0.622 0.771
vn 0.500 0.594 0.630
vn -0.282 0.943 -0.175
vn -0.675 -0.011 -0.738
vn -0.135 -0.950 -0.281
vn 0.591 -0.576 0.564
vn -0.001 -0.999 -0.054
vn 0.501 -0.825 -0.260
vn -0.038 -0.998 -0.049
vn -0.136 -0.990 -0.048
vn 0.554 -0.827 -0.098
vn 0.010 -0.994 0.105
vn 0.308 -0.936 0.172
vn -0.021 -0.979 0.205
vn -0.024 -0.995 0.100
vn 0.535 -0.789 -0.301
vn 0.002 -0.998 0.061
vn 0.437 -0.889 -0.134
vn -0.042 -0.985 -0.166
vn 0.065 -0.980 -0.190
vn 0.401 -0.915 0.053
vn 0.040 -0.968 -0.249
vn 0.339 -0.941 -0.023
vn 0.074 -0.997 0.030
vn -0.093 -0.992 0.081
vn 0.379 -0.917 0.125
vn -0.333 0.934 0.129
vn -0.057 0.971 0.234
vn -0.046 0.991 0.130
vn -0.088 0.992 0.096
vn -0.130 0.989 0.071
vn -0.234 0.970 -0.065
vn -0.023 0.955 -0.297
vn 0.125 0.955 -0.268
vn -0.286 0.954 -0.085
vn -0.111 0.977 0.180
vn -0.241 0.970 -0.036
vn -0.050 0.985 0.162
vn -0.045 0.971 0.235
vn -0.359 0.893 0.273
vn -0.114 0.992 -0.051
vn -0.461 0.873 0.157
vn 0.022 0.999 0.036
vn -0.049 0.996 -0.071
vn -0.148 0.979 -0.141
vn -0.058 0.987 -0.148
vn -0.273 0.061 -0.960
vn 0.466 -0.143 -0.873
vn -0.149 -0.059 -0.987
vn -0.081 -0.030 -0.996
vn 0.438 0.079 -0.895
vn -0.045 -0.146 -0.988
vn 0.142 -0.059 -0.988
vn -0.041 0.086 -0.995
vn -0.070 -0.099 -0.993
vn 0.130 0.013 -0.992
vn -0.045 0.030 -0.999
vn 0.082 0.009 -0.997
vn 0.128 -0.263 -0.956
vn -0.002 -0.319 -0.948
vn -0.024 -0.221 -0.975
vn -0.934 0.140 0.328
vn -0.980 0.177 0.089
vn -0.999 -0.051 0.013
vn -0.951 -0.209 -0.228
vn -0.876 -0.378 0.300
vn -0.919 -0.391 -0.048
vn -0.913 -0.395 -0.106
vn -0.949 -0.272 -0.158
vn -0.984 -0.122 0.126
vn -0.979 -0.204 0.014
vn -1.000 0.001 -0.016
vn -0.993 0.048 -0.107
vn -0.069 -0.175 0.982
vn -0.202 -0.011 0.979
vn 0.141 0.146 0.979
vn -0.084 0.073 0.994
vn -0.014 -0.016 1.000
vn 0.212 -0.015 0.977
vn -0.266 0.099 0.959
vn 0.045 -0.090 0.995
vn 0.206 0.055 0.977
vn -0.300 0.144 0.943
vn 0.324 0.182 0.928
vn -0.499 0.193 0.845
vn -0.125 0.091 0.988
vn 0.246 -0.078 0.966
vn -0.362 -0.024 0.932
vn 0.929 0.321 0.184
vn 0.938 0.335 -0.094
vn 0.990 0.127 -0.054
vn 0.983 -0.011 -0.183
vn 0.955 0.292 -0.055
vn 0.908 0.417 0.043
vn 0.918 0.396 0.022
vn 0.949 0.313 -0.032
vn 0.967 -0.197 -0.160
vn 0.940 -0.314 0.131
vn 0.998 -0.049 -0.034
vn 0.999 0.026 0.041
vn 0.052 -0.992 -0.112
vn 0.270 -0.875 0.401
vn 0.046 -0.988 -0.148
vn 0.042 -0.969 -0.245
vn 0.109 -0.883 0.457
vn -0.107 -0.990 -0.097
vn -0.167 -0.964 0.207
vn -0.208 -0.970 -0.124
vn -0.103 -0.986 -0.131
vn 0.312 -0.843 0.438
vn -0.064 -0.992 -0.107
vn 0.142 -0.932 0.334
vn 0.162 -0.975 -0.154
vn 0.189 -0.981 -0.048
vn -0.046 -0.953 0.299
vn 0.248 -0.966 -0.072
vn 0.029 -0.972 0.233
vn -0.030 -0.999 -0.035
vn -0.086 -0.976 -0.200
vn -0.118 -0.953 0.278
vn -0.134 0.965 -0.226
vn -0.233 0.971 0.055
vn -0.128 0.990 0.066
vn -0.096 0.995 0.024
vn -0.071 0.997 -0.019
vn 0.062 0.990 -0.127
vn 0.299 0.951 0.076
vn 0.273 0.936 0.223
vn 0.081 0.980 -0.181
vn -0.180 0.984 0.001
vn 0.033 0.991 -0.133
vn -0.161 0.985 0.062
vn -0.234 0.970 0.067
vn -0.279 0.927 -0.252
vn 0.051 0.999 -0.005
vn -0.166 0.919 -0.359
vn -0.033 0.991 0.132
vn 0.072 0.996 0.060
vn 0.140 0.989 -0.043
vn 0.149 0.988 0.047
vn 0.954 0.090 -0.286
vn 0.883 -0.194 0.427
vn 0.983 -0.043 -0.177
vn 0.994 -0.021 -0.107
vn 0.905 0.030 0.423
vn 0.987 -0.140 -0.084
vn 0.991 -0.074 0.111
vn 0.994 0.090 -0.054
vn 0.991 -0.091 -0.103
vn 0.994 -0.001 0.107
vn 0.997 0.035 -0.065
vn 0.998 -0.000 0.060
vn 0.958 -0.276 0.076
vn 0.947 -0.317 -0.059
vn 0.974 -0.217 -0.071
vn -0.349 0.242 -0.905
vn -0.111 0.284 -0.953
vn -0.036 0.060 -0.998
vn 0.206 -0.103 -0.973
vn -0.321 -0.279 -0.905
vn 0.025 -0.287 -0.958
vn 0.084 -0.292 -0.953
vn 0.136 -0.166 -0.977
vn -0.149 -0.013 -0.989
vn -0.038 -0.095 -0.995
vn -0.007 0.111 -0.994
vn 0.084 0.157 -0.984
vn -0.984 -0.166 -0.065
vn -0.984 0.012 -0.179
vn -0.975 0.130 0.179
vn -0.995 0.082 -0.052
vn -1.000 -0.015 0.007
vn -0.972 -0.038 0.232
vn -0.965 0.128 -0.231
vn -0.994 -0.094 0.058
vn -0.972 0.032 0.234
vn -0.949 0.176 -0.260
vn -0.920 0.145 0.363
vn -0.856 0.247 -0.455
vn -0.990 0.104 -0.091
vn -0.960 -0.105 0.258
vn -0.940 0.016 -0.341
vn -0.162 0.216 0.963
vn 0.116 0.230 0.966
vn 0.077 0.017 0.997
vn 0.206 -0.119 0.971
vn 0.078 0.186 0.980
vn -0.021 0.315 0.949
vn -0.000 0.292 0.956
vn 0.054 0.207 0.977
vn 0.182 -0.302 0.936
vn -0.110 -0.416 0.903
vn 0.057 -0.158 0.986
vn -0.018 -0.084 0.996
vn 0.000 -1.000 0.000
vn 0.000 1.000 0.000
vn -0.574 0.000 -0.819
vn -0.819 0.000 0.574
vn 0.574 0.000 0.819
vn 0.819 0.000 -0.574
vn -0.574 -0.000 -0.819
vn 0.574 -0.000 0.819
vn 0.819 -0.000 -0.574
vn 0.819 0.000 -0.574
vn -0.819 0.000 0.574
vn -0.574 0.000 -0.819
vn 0.565 -0.724 -0.396
vn 0.396 -0.724 0.565
vn -0.565 -0.724 0.395
vn -0.395 -0.724 -0.565
vn -0.395 0.724 -0.565
vn -0.565 0.724 0.395
vn 0.396 0.724 0.565
vn 0.565 0.724 -0.396
vn -0.415 -0.689 -0.593
vn -0.980 0.000 -0.198
vn -0.415 0.689 -0.593
vn 0.149 0.000 -0.989
vn -0.593 -0.689 0.415
vn -0.198 0.000 0.980
vn -0.593 0.689 0.415
vn -0.989 0.000 -0.149
vn 0.415 -0.689 0.593
vn 0.980 0.000 0.198
vn 0.415 0.689 0.593
vn -0.149 0.000 0.989
vn 0.593 -0.689 -0.415
vn 0.198 0.000 -0.980
vn 0.593 0.689 -0.415
vn 0.989 0.000 0.149
vn -0.149 0.000 0.989
vn -0.415 0.689 -0.593
vn 0.565 -0.725 -0.395
vn 0.395 -0.724 0.565
vn -0.565 -0.724 0.396
vn -0.396 -0.724 -0.565
vn -0.565 0.724 0.396
vn 0.395 0.724 0.565
vn 0.565 0.725 -0.395
vn -0.396 0.724 -0.565
vn 0.565 -0.724 -0.395
vn -0.395 -0.724 -0.565
vn 0.565 0.724 -0.395
vn -0.565 -0.724 0.396
vn -0.565 0.724 0.396
vn 0.565 -0.724 -0.396
vn 0.395 -0.724 0.565
vn -0.396 -0.724 -0.565
vn 0.565 0.724 -0.395
vn -0.396 0.724 -0.565
vn -0.198 0.000 0.980
vn -0.989 0.000 -0.149
vn -0.594 0.689 0.416
vn -0.198 0.000 0.980
vn -0.594 -0.689 0.416
vn -0.415 -0.689 -0.593
vn -0.980 0.000 -0.198
vn 0.149 0.000 -0.989
vn 0.415 -0.689 0.594
vn 0.980 0.000 0.198
vn 0.415 0.689 0.594
vn 0.415 0.689 0.593
vn 0.415 -0.689 0.593
vn 0.198 0.000 -0.980
vn 0.989 0.000 0.149
vn 0.594 0.689 -0.416
vn -0.643 0.000 -0.766
vn -0.766 0.000 0.643
vn 0.643 0.000 0.766
vn 0.766 0.000 -0.643
vn -0.766 0.000 0.643
vn 0.643 0.000 0.766
vn 0.766 0.000 -0.643
vn 0.766 0.000 -0.643
vn -0.643 0.000 -0.766
vn 0.528 -0.724 -0.443
vn 0.443 -0.724 0.528
vn -0.528 -0.724 0.443
vn -0.443 -0.724 -0.528
vn -0.443 0.724 -0.528
vn -0.528 0.724 0.443
vn 0.443 0.724 0.528
vn 0.528 0.724 -0.443
vn -0.466 -0.690 -0.555
vn -0.994 0.000 -0.112
vn -0.466 0.690 -0.555
vn 0.063 0.000 -0.998
vn -0.555 -0.689 0.466
vn -0.112 0.000 0.994
vn -0.555 0.689 0.466
vn -0.998 0.000 -0.062
vn 0.466 -0.690 0.555
vn 0.994 0.000 0.112
vn 0.466 0.690 0.555
vn -0.063 0.000 0.998
vn 0.555 -0.690 -0.466
vn 0.112 0.000 -0.994
vn 0.555 0.690 -0.466
vn 0.998 0.000 0.062
vn 0.063 0.000 -0.998
vn 0.466 -0.690 0.555
vn 0.555 0.690 -0.466
vn -0.063 0.000 0.998
vn 0.528 -0.724 -0.443
vn -0.528 -0.725 0.443
vn -0.443 -0.724 -0.528
vn -0.528 0.725 0.443
vn 0.528 0.724 -0.443
vn -0.443 0.724 -0.528
vn 0.528 -0.725 -0.443
vn 0.528 0.725 -0.443
vn 0.528 -0.724 -0.443
vn 0.443 -0.724 0.528
vn -0.528 -0.724 0.443
vn -0.443 -0.724 -0.528
vn 0.443 -0.724 0.528
vn -0.443 0.724 -0.528
vn -0.528 0.724 0.443
vn 0.528 0.725 -0.443
vn 0.443 0.724 0.528
vn 0.528 0.724 -0.443
vn -0.112 0.000 0.994
vn -0.998 0.000 -0.063
vn -0.466 -0.690 -0.555
vn -0.994 0.000 -0.112
vn -0.466 0.690 -0.555
vn -0.466 0.690 -0.555
vn 0.466 -0.690 0.555
vn 0.994 0.000 0.112
vn 0.466 0.690 0.555
vn 0.466 0.690 0.555
vn -0.062 0.000 0.998
vn 0.555 -0.689 -0.466
vn 0.555 0.689 -0.466
vn 0.998 0.000 0.063
vn 0.555 0.690 -0.466
vn 0.555 -0.690 -0.466
vn 0.000 -1.000 0.000
vn 0.000 1.000 0.000
vn 0.000 0.000 -1.000
vn -1.000 0.000 0.000
vn 0.000 0.000 1.000
vn 1.000 0.000 0.000
vn 1.000 0.000 0.000
vn 1.000 -0.000 0.000
vn 0.689 -0.724 0.000
vn 0.000 -0.724 0.689
vn -0.689 -0.724 0.000
vn 0.000 -0.724 -0.689
vn 0.000 0.724 -0.690
vn -0.689 0.724 0.000
vn 0.000 0.724 0.690
vn 0.689 0.724 0.000
vn 0.000 -0.689 -0.724
vn -0.690 0.000 -0.724
vn 0.000 0.689 -0.724
vn 0.690 0.000 -0.724
vn -0.724 -0.690 0.000
vn -0.724 0.000 0.689
vn -0.724 0.690 0.000
vn -0.724 0.000 -0.690
vn 0.000 -0.689 0.724
vn 0.689 0.000 0.724
vn 0.000 0.689 0.724
vn -0.690 0.000 0.724
vn 0.725 -0.689 0.000
vn 0.724 0.000 -0.689
vn 0.725 0.689 0.000
vn 0.724 0.000 0.689
vn -0.689 0.000 -0.724
vn 0.689 0.000 -0.724
vn -0.689 0.000 0.724
vn 0.724 0.000 -0.689
vn 0.725 0.000 0.689
vn -0.689 0.000 -0.724
vn -0.724 0.000 -0.690
vn 0.690 -0.724 0.000
vn 0.000 -0.724 0.689
vn -0.000 -0.724 -0.689
vn 0.690 0.724 0.000
vn 0.689 -0.725 0.000
vn 0.000 0.724 0.689
vn 0.689 0.725 0.000
vn 0.000 0.724 -0.689
vn -0.690 -0.724 0.000
vn -0.690 -0.724 0.000
vn 0.690 -0.724 0.000
vn 0.000 0.724 -0.689
vn -0.690 0.724 0.000
vn 0.000 0.724 0.689
vn -0.690 0.724 0.000
vn 0.690 0.724 0.000
vn -0.725 0.000 -0.689
vn -0.724 0.690 0.000
vn -0.724 0.000 0.690
vn -0.724 -0.690 0.000
vn 0.000 -0.689 -0.724
vn 0.000 0.689 -0.724
vn 0.690 0.000 -0.724
vn -0.690 0.000 -0.724
vn 0.690 0.000 -0.724
vn 0.000 -0.690 0.724
vn 0.690 0.000 0.724
vn -0.690 0.000 0.724
vn 0.000 0.689 0.724
vn 0.690 0.000 0.724
vn 0.724 -0.690 0.000
vn 0.724 0.000 -0.690
vn 0.724 0.690 0.000
vn 0.724 0.000 0.689
vn 0.724 0.689 0.000
vn 0.724 -0.689 0.000
vn 0.724 0.000 0.690
vn -0.966 0.000 -0.259
vn -0.259 0.000 0.966
vn 0.966 0.000 0.259
vn 0.259 0.000 -0.966
vn -0.259 0.000 0.966
vn 0.178 -0.724 -0.666
vn 0.666 -0.724 0.178
vn -0.178 -0.724 0.666
vn -0.666 -0.724 -0.178
vn -0.666 0.724 -0.178
vn -0.178 0.724 0.666
vn 0.666 0.724 0.178
vn 0.178 0.724 -0.666
vn -0.700 -0.690 -0.188
vn -0.878 0.000 0.478
vn -0.700 0.690 -0.188
vn -0.521 0.000 -0.854
vn -0.188 -0.689 0.700
vn 0.479 0.000 0.878
vn -0.188 0.689 0.700
vn -0.853 0.000 0.521
vn 0.700 -0.689 0.188
vn 0.878 0.000 -0.478
vn 0.700 0.689 0.188
vn 0.521 0.000 0.853
vn 0.188 -0.689 -0.700
vn -0.478 0.000 -0.878
vn 0.188 0.689 -0.700
vn 0.853 0.000 -0.521
vn -0.521 0.000 -0.853
vn 0.478 0.000 0.878
vn 0.521 0.000 0.853
vn -0.478 0.000 -0.878
vn 0.666 -0.724 0.178
vn 0.666 0.724 0.178
vn 0.666 -0.725 0.178
vn -0.666 -0.724 -0.178
vn 0.666 0.725 0.178
vn -0.666 0.724 -0.178
vn -0.178 0.724 0.666
vn 0.178 0.724 -0.666
vn 0.178 -0.724 -0.666
vn 0.666 -0.724 0.178
vn -0.178 -0.724 0.666
vn -0.666 -0.725 -0.178
vn -0.666 -0.724 -0.178
vn -0.666 0.725 -0.178
vn -0.178 0.724 0.666
vn 0.666 0.724 0.178
vn -0.666 0.724 -0.178
vn 0.478 0.000 0.878
vn -0.188 -0.690 0.700
vn -0.700 -0.690 -0.187
vn -0.521 0.000 -0.854
vn -0.700 0.689 -0.188
vn -0.700 -0.689 -0.188
vn 0.700 -0.690 0.187
vn 0.700 0.690 0.187
vn 0.521 0.000 0.854
vn 0.700 0.689 0.188
vn 0.878 0.000 -0.479
vn 0.700 -0.689 0.188
vn 0.854 0.000 -0.521
vn 0.000 -1.000 0.000
vn 0.000 1.000 -0.000
vn 1.000 0.000 -0.000
vn 0.000 0.000 -1.000
vn -1.000 0.000 0.000
vn 0.000 0.000 1.000
vn -0.000 -0.642 -0.767
vn -0.642 0.000 -0.767
vn 0.000 0.642 -0.767
vn 0.642 0.000 -0.767
vn 0.000 0.642 -0.767
vn 0.000 -0.642 0.767
vn 0.642 0.000 0.767
vn 0.000 0.642 0.767
vn -0.642 0.000 0.767
vn 1.000 -0.000 0.000
vn 0.000 0.000 1.000
vn 0.000 -0.707 0.707
vn -1.000 0.000 0.000
vn -0.000 0.707 -0.707
vn 0.000 -1.000 0.000
vn -0.000 -0.707 -0.707
vn 0.000 0.707 0.707
vn 0.000 -0.000 -1.000
vn 0.000 1.000 0.000
vn 0.626 0.000 -0.779
vn 0.626 0.551 -0.551
vn 0.626 0.779 0.000
vn 0.626 0.551 0.551
vn 0.626 0.000 0.779
vn 0.626 -0.551 0.551
vn 0.626 -0.779 0.000
vn 0.626 -0.551 -0.551
vn 0.626 0.551 0.551
vn 0.626 0.779 0.000
vn 0.626 0.551 -0.551
vn 0.626 -0.551 -0.551
vn 0.626 -0.779 0.000
vn 0.626 -0.551 0.551
vn -0.626 0.000 0.780
vn -0.626 -0.551 0.551
vn -0.626 -0.780 0.000
vn -0.626 -0.551 -0.551
vn -0.626 0.000 -0.780
vn -0.626 0.551 -0.551
vn -0.626 0.780 0.000
vn -0.626 0.551 0.551
vn -0.626 -0.551 -0.551
vn -0.626 -0.551 0.551
vn -0.626 0.551 0.551
vn -0.626 0.551 -0.551
vn 0.626 0.000 -0.780
vn 0.626 0.551 -0.551
vn 0.626 0.551 0.551
vn 0.626 0.000 0.780
vn 0.626 -0.551 0.551
vn 0.626 -0.551 -0.551
vn 0.626 0.780 0.000
vn 0.626 -0.780 0.000
vn -0.626 0.000 0.779
vn -0.626 0.551 -0.551
vn -0.626 0.779 0.000
vn -0.626 0.551 0.551
vn -0.626 0.000 -0.779
vn -0.626 -0.551 -0.551
vn -0.626 -0.779 0.000
vn -0.626 -0.551 0.551
vn -0.626 0.779 0.000
vn 0.000 0.924 0.383
vn 0.000 -0.924 0.383
vn 0.707 -0.707 0.000
vn -0.707 0.707 0.000
vn 0.707 0.707 0.000
vn -0.707 -0.707 0.000
vn 0.000 0.780 0.626
vn -0.551 0.551 0.626
vn -0.780 -0.000 0.626
vn -0.551 -0.551 0.626
vn 0.000 -0.780 0.626
vn 0.551 -0.551 0.626
vn 0.780 -0.000 0.626
vn 0.551 0.551 0.626
vn -0.551 0.551 0.626
vn 0.000 -0.780 -0.626
vn 0.551 -0.551 -0.626
vn 0.780 0.000 -0.626
vn 0.551 0.551 -0.626
vn 0.000 0.780 -0.626
vn -0.551 0.551 -0.626
vn -0.780 0.000 -0.626
vn -0.551 -0.551 -0.626
vn 0.551 -0.551 -0.626
vn -0.779 0.000 0.626
vn 0.551 0.551 0.626
vn 0.551 -0.551 0.626
vn 0.551 -0.551 -0.626
vn 0.551 0.551 -0.626
vn -0.551 -0.551 -0.626
vn -0.551 0.551 -0.626
vn -0.551 0.551 0.626
vn -0.551 -0.551 0.626
vn 0.551 -0.551 -0.626
vn -0.551 -0.551 -0.626
vn 0.551 0.551 -0.626
vn -0.551 -0.551 -0.626
vn -0.780 -0.000 -0.626
vn -0.184 0.566 0.804
vn -0.481 0.349 0.804
vn -0.595 -0.000 0.804
vn -0.481 -0.349 0.804
vn -0.184 -0.566 0.804
vn 0.184 -0.566 0.804
vn 0.481 -0.349 0.804
vn 0.595 0.000 0.804
vn 0.481 0.349 0.804
vn 0.184 0.566 0.804
vn -0.299 0.920 0.255
vn -0.782 0.568 0.255
vn -0.967 0.000 0.255
vn -0.782 -0.568 0.255
vn -0.782 -0.568 0.255
vn -0.299 -0.920 0.255
vn 0.299 -0.920 0.255
vn 0.782 -0.568 0.255
vn 0.967 0.000 0.255
vn 0.782 0.568 0.255
vn 0.782 0.568 0.255
vn 0.299 0.920 0.255
vn -0.309 0.951 0.000
vn -0.809 0.588 0.000
vn -1.000 -0.000 0.000
vn -0.809 -0.588 0.000
vn -0.309 -0.951 0.000
vn 0.309 -0.951 0.000
vn 0.809 -0.588 0.000
vn 1.000 0.000 0.000
vn 0.809 0.588 -0.000
vn 0.309 0.951 -0.000
vn -0.299 0.920 -0.255
vn -0.782 0.568 -0.255
vn -0.967 0.000 -0.255
vn -0.782 -0.568 -0.255
vn -0.299 -0.920 -0.255
vn 0.299 -0.920 -0.255
vn 0.782 -0.568 -0.255
vn 0.782 -0.568 -0.255
vn 0.967 0.000 -0.255
vn 0.782 0.568 -0.255
vn 0.299 0.920 -0.255
vn -0.166 0.512 -0.843
vn -0.435 0.316 -0.843
vn -0.538 -0.000 -0.843
vn -0.435 -0.316 -0.843
vn -0.166 -0.512 -0.843
vn 0.166 -0.512 -0.843
vn 0.435 -0.316 -0.843
vn 0.538 0.000 -0.843
vn 0.435 0.316 -0.843
vn 0.166 0.512 -0.843
vn 0.000 0.000 1.000
vn -0.000 0.000 -1.000
vn 0.782 -0.568 0.255
vn 0.435 -0.316 -0.843
vn 0.804 0.595 -0.000
vn 0.804 0.481 0.349
vn 0.804 0.481 0.349
vn 0.804 0.184 0.566
vn 0.804 0.184 0.566
vn 0.804 -0.184 0.566
vn 0.804 -0.481 0.349
vn 0.804 -0.595 0.000
vn 0.804 -0.481 -0.349
vn 0.804 -0.184 -0.566
vn 0.804 0.184 -0.566
vn 0.804 0.184 -0.566
vn 0.804 0.481 -0.349
vn 0.804 0.481 -0.349
vn 0.255 0.967 0.000
vn 0.255 0.782 0.568
vn 0.255 0.299 0.920
vn 0.255 -0.299 0.920
vn 0.255 -0.782 0.568
vn 0.255 -0.967 0.000
vn 0.255 -0.782 -0.568
vn 0.255 -0.299 -0.920
vn 0.255 0.299 -0.920
vn 0.255 0.782 -0.568
vn 0.000 1.000 0.000
vn 0.000 0.809 0.588
vn 0.000 0.309 0.951
vn 0.000 -0.309 0.951
vn 0.000 -0.809 0.588
vn 0.000 -1.000 0.000
vn -0.000 -0.809 -0.588
vn -0.000 -0.309 -0.951
vn -0.000 0.309 -0.951
vn -0.000 0.809 -0.588
vn -0.255 0.967 0.000
vn -0.255 0.782 0.568
vn -0.255 0.299 0.920
vn -0.255 -0.299 0.920
vn -0.255 -0.782 0.568
vn -0.255 -0.967 0.000
vn -0.255 -0.782 -0.568
vn -0.255 -0.299 -0.920
vn -0.255 0.299 -0.920
vn -0.255 0.782 -0.568
vn -0.843 0.538 0.000
vn -0.843 0.538 0.000
vn -0.843 0.538 0.000
vn -0.843 0.435 0.316
vn -0.843 0.166 0.512
vn -0.843 0.166 0.512
vn -0.843 -0.166 0.512
vn -0.843 -0.435 0.316
vn -0.843 -0.538 0.000
vn -0.843 -0.435 -0.316
vn -0.843 -0.166 -0.512
vn -0.843 -0.166 -0.512
vn -0.843 0.166 -0.512
vn -0.843 0.166 -0.512
vn -0.843 0.435 -0.316
vn -1.000 0.000 0.000
vn 0.804 -0.184 0.566
vn 0.804 -0.481 0.349
vn 0.804 -0.481 -0.349
vn 0.804 -0.184 -0.566
vn -0.843 -0.538 0.000
vn -0.843 -0.538 0.000
vn 1.000 -0.000 0.000
vn 1.000 0.000 0.000
vn 0.000 0.099 0.995
vn -1.000 0.000 0.000
vn 0.000 -0.110 -0.994
vn 0.000 -1.000 0.000
vn 1.000 0.000 -0.000
vn -1.000 0.000 0.000
vn 0.739 -0.674 -0.000
vn -0.739 -0.674 0.000
vn 0.480 -0.877 -0.000
vn 0.480 0.000 -0.877
vn 0.480 0.877 -0.000
vn 0.480 0.000 0.877
vn -0.480 -0.877 0.000
vn -0.480 0.000 0.877
vn -0.480 0.877 0.000
vn -0.480 0.000 -0.877
vn 1.000 0.000 0.000
vn -0.000 -0.000 -1.000
vn -1.000 0.000 0.000
vn 0.000 0.000 1.000
vn 0.000 1.000 -0.000
vn 0.000 -1.000 0.000
vn 0.776 -0.000 0.630
vn 0.000 0.776 0.630
vn -0.776 0.000 0.630
vn 0.000 -0.776 0.630
vn 0.671 0.000 0.742
vn 0.671 -0.742 0.000
vn -0.000 -0.742 -0.671
vn -0.671 -0.742 0.000
vn -0.671 -0.000 0.742
vn 0.000 0.671 0.742
vn 0.671 0.000 -0.742
vn -0.000 0.671 -0.742
vn -0.671 0.000 -0.742
vn -0.671 0.742 0.000
vn -0.000 0.742 -0.671
vn 0.671 0.742 -0.000
vn 0.000 0.500 -0.866
vn 0.000 0.766 -0.643
vn 0.000 0.940 -0.342
vn 0.000 1.000 0.000
vn 0.000 0.940 0.342
vn 0.000 0.766 0.643
vn 0.000 0.500 0.866
vn 0.000 0.174 0.985
vn -1.000 0.000 0.000
vn 1.000 -0.000 0.000
vn -0.000 -0.174 -0.985
vn -0.000 -0.500 -0.866
vn -0.000 -0.766 -0.643
vn -0.000 -0.940 -0.342
vn 0.000 -1.000 0.000
vn 0.000 -0.940 0.342
vn 0.000 -0.766 0.643
vn 0.000 -0.500 0.866
vn 0.000 0.000 1.000
vn 0.000 0.000 -1.000
vn -0.923 -0.193 0.334
vn -0.923 -0.295 0.248
vn -0.923 -0.295 0.248
vn -0.923 -0.295 0.248
vn -0.923 -0.362 0.132
vn -0.923 -0.362 0.132
vn -0.923 -0.385 0.000
vn -0.923 -0.385 0.000
vn -0.923 -0.362 -0.132
vn -0.923 -0.362 -0.132
vn -0.923 -0.295 -0.248
vn -0.923 -0.295 -0.248
vn -0.923 -0.193 -0.334
vn -0.923 -0.067 -0.379
vn -0.923 -0.067 -0.379
vn -0.923 0.000 -0.385
vn -0.923 -0.385 0.000
vn -0.923 0.000 0.385
vn -0.923 0.067 0.379
vn -0.923 0.193 0.334
vn -0.923 0.295 0.248
vn -0.923 0.362 0.132
vn -0.923 0.385 0.000
vn -0.923 0.385 0.000
vn -0.923 0.362 -0.132
vn -0.923 0.362 -0.132
vn -0.923 0.295 -0.248
vn -0.923 0.193 -0.334
vn 0.923 0.193 -0.334
vn 0.923 0.295 -0.248
vn 0.923 0.295 -0.248
vn 0.923 0.362 -0.132
vn 0.923 0.362 -0.132
vn 0.923 0.385 0.000
vn 0.923 0.362 0.132
vn 0.923 0.295 0.248
vn 0.923 0.295 0.248
vn 0.923 0.193 0.334
vn 0.923 0.067 0.379
vn 0.923 0.000 0.385
vn 0.923 -0.385 0.000
vn 0.923 -0.385 0.000
vn 0.923 0.000 -0.385
vn 0.923 -0.067 -0.379
vn 0.923 -0.193 -0.334
vn 0.923 -0.295 -0.248
vn 0.923 -0.295 -0.248
vn 0.923 -0.295 -0.248
vn 0.923 -0.362 -0.132
vn 0.923 -0.362 -0.132
vn 0.923 -0.362 -0.132
vn 0.923 -0.362 0.132
vn 0.923 -0.362 0.132
vn 0.923 -0.295 0.248
vn 0.923 -0.193 0.334
vn -0.000 -0.940 -0.342
vn -0.923 -0.193 0.334
vn -0.923 -0.295 0.248
vn -0.923 -0.362 0.132
vn -0.923 -0.385 0.000
vn -0.923 -0.362 -0.132
vn -0.923 -0.362 -0.132
vn -0.923 -0.295 -0.248
vn -0.923 -0.385 0.000
vn -0.923 0.295 0.248
vn -0.923 0.295 0.248
vn -0.923 0.362 0.132
vn -0.923 0.362 0.132
vn -0.923 0.385 0.000
vn -0.923 0.385 0.000
vn -0.923 0.362 -0.132
vn -0.923 0.295 -0.248
vn 0.923 0.362 -0.132
vn 0.923 0.362 0.132
vn 0.923 0.362 0.132
vn 0.923 0.362 0.132
vn 0.923 0.295 0.248
vn 0.923 0.193 0.334
vn 0.923 0.193 0.334
vn 0.923 0.067 0.379
vn 0.923 0.000 0.385
vn 0.923 0.000 -0.385
vn 0.923 -0.067 -0.379
vn 0.923 -0.067 -0.379
vn 0.923 -0.193 -0.334
vn 0.923 -0.193 -0.334
vn 0.923 -0.295 -0.248
vn 0.923 -0.362 -0.132
vn 0.923 -0.385 0.000
vn 0.923 -0.295 0.248
vn 0.923 -0.295 0.248
vn 0.923 -0.193 0.334
vn 0.923 -0.193 0.334
vn 0.000 -0.940 -0.342
vn 0.000 -0.940 -0.342
vn 0.000 0.710 0.704
vn -0.000 -0.710 -0.704
vn 0.000 0.705 -0.709
vn 0.000 -0.705 0.709
vn 0.000 -0.704 0.710
vn 0.000 -0.709 -0.705
vn 0.465 -0.629 -0.623
vn 0.465 -0.629 -0.623
vn 0.464 -0.886 -0.000
vn 0.465 -0.886 0.000
vn 0.465 -0.624 0.628
vn 0.465 -0.625 0.628
vn 0.000 -0.954 0.300
vn -0.465 -0.625 0.628
vn -0.465 -0.624 0.628
vn -0.465 -0.886 0.000
vn -0.465 -0.629 -0.623
vn -0.465 -0.629 -0.623
vn -0.000 -0.956 -0.293
vn 0.465 0.629 0.623
vn 0.000 0.302 0.953
vn -0.465 0.629 0.623
vn -0.465 0.629 0.623
vn -0.465 0.885 0.000
vn -0.465 0.886 0.000
vn -0.465 0.625 -0.628
vn -0.465 0.624 -0.628
vn 0.000 0.295 -0.956
vn 0.465 0.625 -0.628
vn 0.465 0.624 -0.628
vn 0.465 0.886 -0.000
vn 0.464 -0.629 -0.623
vn 0.464 -0.625 0.628
vn -0.464 -0.886 0.000
vn -0.465 -0.629 -0.623
vn 0.465 0.629 0.623
vn -0.464 0.629 0.623
vn -0.465 0.629 0.623
vn -0.465 0.624 -0.628
vn 0.465 0.625 -0.628
vn -0.000 -0.785 -0.620
vn 0.000 1.000 -0.001
vn 0.000 -0.245 -0.969
vn 0.000 0.998 -0.061
vn 0.000 1.000 -0.001
vn -0.857 0.000 0.515
vn -0.857 0.515 0.000
vn -0.857 0.515 0.000
vn -0.857 0.000 -0.515
vn -0.857 -0.515 0.000
vn -0.857 -0.515 0.000
vn 0.857 0.000 -0.515
vn 0.857 0.515 -0.000
vn 0.857 0.515 0.000
vn 0.857 0.000 0.515
vn 0.857 -0.515 -0.000
vn 0.857 -0.515 -0.000
vn 0.857 -0.515 -0.000
vn 0.000 -0.857 0.515
vn -0.515 -0.857 0.000
vn -0.515 -0.857 0.000
vn -0.515 -0.210 -0.831
vn -0.515 -0.210 -0.831
vn 0.000 0.289 -0.957
vn 0.515 -0.210 -0.831
vn 0.515 -0.857 0.000
vn -0.484 -0.687 -0.542
vn -0.484 -0.687 -0.542
vn -0.484 0.000 -0.875
vn 0.000 0.484 -0.875
vn 0.000 0.484 -0.875
vn 0.484 0.000 -0.875
vn 0.484 0.000 -0.875
vn 0.484 -0.687 -0.542
vn 0.000 -0.987 -0.163
vn 0.484 0.000 -0.875
vn 0.000 -0.484 -0.875
vn 0.000 -0.484 -0.875
vn -0.484 0.000 -0.875
vn -0.484 0.000 -0.875
vn 0.000 -0.528 0.849
vn 0.816 -0.306 0.491
vn 0.816 -0.306 0.491
vn 0.816 -0.579 0.000
vn 0.815 -0.579 0.000
vn 0.816 0.000 -0.579
vn 0.816 0.579 0.000
vn 0.815 0.579 0.000
vn -0.816 -0.306 0.491
vn -0.816 -0.306 0.491
vn -0.816 0.579 0.000
vn -0.816 0.579 0.000
vn -0.816 0.000 -0.579
vn -0.816 0.000 -0.579
vn -0.815 -0.579 0.000
vn -0.816 -0.579 0.000
vn 1.000 0.000 0.000
vn 1.000 0.000 -0.000
vn 1.000 -0.000 0.000
vn 0.000 0.243 -0.970
vn 0.000 0.486 -0.874
vn 0.000 0.696 -0.718
vn 0.000 0.858 -0.514
vn 0.000 0.962 -0.274
vn 0.000 1.000 -0.016
vn 0.000 0.970 0.243
vn 0.000 0.874 0.486
vn 0.000 0.718 0.696
vn 0.000 0.514 0.858
vn 0.000 0.274 0.962
vn 0.000 0.016 1.000
vn 0.000 -0.243 0.970
vn 0.000 -0.486 0.874
vn 0.000 -0.696 0.718
vn 0.000 -0.858 0.514
vn 0.000 -0.962 0.274
vn 0.000 -1.000 0.016
vn 0.000 -0.970 -0.243
vn 0.000 -0.874 -0.486
vn 0.000 -0.718 -0.696
vn 0.000 -0.514 -0.858
vn 0.000 -0.274 -0.962
vn 0.000 -0.016 -1.000
vn -0.590 0.197 -0.783
vn -0.590 0.393 -0.706
vn -0.590 0.562 -0.580
vn -0.590 0.693 -0.415
vn -0.590 0.693 -0.415
vn -0.590 0.776 -0.221
vn -0.590 0.776 -0.222
vn -0.590 0.807 -0.013
vn -0.590 0.807 -0.013
vn -0.590 0.783 0.197
vn -0.590 0.706 0.393
vn -0.590 0.706 0.393
vn -0.590 0.580 0.562
vn -0.590 0.580 0.562
vn -0.590 0.415 0.693
vn -0.590 0.221 0.776
vn -0.590 0.222 0.776
vn -0.590 0.013 0.807
vn -0.590 -0.197 0.783
vn -0.590 -0.393 0.706
vn -0.590 -0.562 0.580
vn -0.590 -0.562 0.580
vn -0.590 -0.693 0.415
vn -0.590 -0.776 0.221
vn -0.590 -0.807 0.013
vn -0.590 -0.783 -0.197
vn -0.590 -0.706 -0.393
vn -0.590 -0.580 -0.562
vn -0.590 -0.580 -0.562
vn -0.590 -0.580 -0.562
vn -0.590 -0.415 -0.693
vn -0.590 -0.221 -0.776
vn -0.590 -0.013 -0.807
vn -1.000 0.000 0.000
vn -0.519 -0.208 0.829
vn -0.519 -0.208 0.829
vn -0.519 -0.416 0.747
vn -0.519 -0.595 0.614
vn -0.519 -0.734 0.439
vn -0.519 -0.822 0.234
vn -0.519 -0.855 0.014
vn -0.519 -0.829 -0.208
vn -0.519 -0.747 -0.416
vn -0.519 -0.614 -0.595
vn -0.519 -0.439 -0.734
vn -0.519 -0.234 -0.822
vn -0.519 -0.014 -0.855
vn -0.519 0.208 -0.829
vn -0.519 0.208 -0.829
vn -0.519 0.416 -0.747
vn -0.519 0.595 -0.614
vn -0.519 0.734 -0.439
vn -0.519 0.822 -0.234
vn -0.519 0.855 -0.014
vn -0.519 0.829 0.208
vn -0.519 0.747 0.416
vn -0.519 0.614 0.595
vn -0.519 0.439 0.734
vn -0.519 0.234 0.822
vn -0.519 0.014 0.855
vn 0.547 0.204 -0.812
vn 0.547 0.204 -0.812
vn 0.000 0.734 -0.679
vn -0.547 0.204 -0.812
vn 0.000 -0.327 -0.945
vn 0.547 0.582 -0.601
vn 0.547 0.582 -0.601
vn 0.547 0.582 -0.601
vn 0.000 0.975 -0.221
vn -0.547 0.582 -0.601
vn -0.547 0.582 -0.601
vn 0.000 0.189 -0.982
vn 0.547 0.805 -0.230
vn 0.547 0.805 -0.230
vn 0.000 0.955 0.296
vn -0.547 0.805 -0.230
vn -0.547 0.805 -0.230
vn 0.000 0.655 -0.756
vn 0.547 0.812 0.204
vn 0.000 0.679 0.734
vn -0.547 0.812 0.204
vn 0.000 0.945 -0.327
vn 0.000 0.945 -0.327
vn 0.547 0.601 0.582
vn 0.547 0.601 0.582
vn 0.000 0.221 0.975
vn -0.547 0.601 0.582
vn -0.547 0.601 0.582
vn -0.547 0.601 0.582
vn 0.000 0.982 0.189
vn 0.547 0.230 0.805
vn 0.547 0.230 0.805
vn 0.000 -0.296 0.955
vn -0.547 0.230 0.805
vn -0.547 0.230 0.805
vn 0.000 0.756 0.655
vn 0.000 0.756 0.655
vn 0.547 -0.204 0.812
vn 0.000 -0.734 0.679
vn -0.547 -0.204 0.812
vn 0.000 0.327 0.945
vn 0.000 0.327 0.945
vn 0.547 -0.582 0.601
vn 0.547 -0.582 0.601
vn 0.000 -0.975 0.221
vn -0.547 -0.582 0.601
vn -0.547 -0.582 0.601
vn 0.000 -0.189 0.982
vn 0.547 -0.805 0.230
vn 0.547 -0.805 0.230
vn 0.000 -0.955 -0.296
vn -0.547 -0.805 0.230
vn -0.547 -0.805 0.230
vn -0.547 -0.805 0.230
vn 0.000 -0.655 0.756
vn 0.547 -0.812 -0.204
vn 0.000 -0.679 -0.734
vn -0.547 -0.812 -0.204
vn -0.547 -0.812 -0.204
vn 0.000 -0.945 0.327
vn 0.547 -0.601 -0.582
vn 0.547 -0.601 -0.582
vn 0.000 -0.221 -0.975
vn -0.547 -0.601 -0.582
vn -0.547 -0.601 -0.582
vn 0.000 -0.982 -0.189
vn 0.547 -0.230 -0.805
vn 0.000 0.296 -0.955
vn -0.547 -0.230 -0.805
vn 0.000 -0.756 -0.655
vn 0.000 -0.274 -0.962
vn 0.000 -0.962 0.274
vn 0.000 -0.486 0.874
vn 0.000 0.962 -0.274
vn -1.000 0.000 0.000
vn -1.000 -0.000 0.000
vn 0.000 0.274 0.962
vn 0.590 0.197 -0.783
vn 0.590 0.393 -0.706
vn 0.590 0.562 -0.580
vn 0.590 0.562 -0.580
vn 0.590 0.693 -0.415
vn 0.590 0.776 -0.222
vn 0.590 0.776 -0.221
vn 0.590 0.807 -0.013
vn 0.590 0.783 0.197
vn 0.590 0.706 0.393
vn 0.590 0.580 0.562
vn 0.590 0.415 0.693
vn 0.590 0.222 0.776
vn 0.590 0.221 0.776
vn 0.590 0.013 0.807
vn 0.590 -0.197 0.783
vn 0.590 -0.393 0.706
vn 0.590 -0.562 0.580
vn 0.590 -0.562 0.580
vn 0.590 -0.693 0.415
vn 0.590 -0.776 0.222
vn 0.590 -0.776 0.221
vn 0.590 -0.807 0.013
vn 0.590 -0.783 -0.197
vn 0.590 -0.706 -0.393
vn 0.590 -0.706 -0.393
vn 0.590 -0.580 -0.562
vn 0.590 -0.580 -0.562
vn 0.590 -0.415 -0.693
vn 0.590 -0.221 -0.776
vn 0.590 -0.013 -0.807
vn 0.519 -0.208 0.829
vn 0.519 -0.208 0.829
vn 0.519 -0.416 0.747
vn 0.519 -0.595 0.614
vn 0.519 -0.734 0.439
vn 0.519 -0.822 0.234
vn 0.519 -0.855 0.014
vn 0.519 -0.829 -0.208
vn 0.519 -0.747 -0.416
vn 0.519 -0.614 -0.595
vn 0.519 -0.439 -0.734
vn 0.519 -0.234 -0.822
vn 0.519 -0.014 -0.855
vn 0.519 0.208 -0.829
vn 0.519 0.416 -0.747
vn 0.519 0.595 -0.614
vn 0.519 0.734 -0.439
vn 0.519 0.822 -0.234
vn 0.519 0.855 -0.014
vn 0.519 0.829 0.208
vn 0.519 0.747 0.416
vn 0.519 0.614 0.595
vn 0.519 0.439 0.734
vn 0.519 0.234 0.822
vn 0.519 0.014 0.855
vn -0.547 0.204 -0.812
vn -0.547 0.204 -0.812
vn 0.547 0.204 -0.812
vn 0.547 0.582 -0.601
vn 0.547 0.805 -0.230
vn 0.000 0.655 -0.756
vn -0.547 0.812 0.204
vn 0.547 0.812 0.204
vn -0.547 0.601 0.582
vn -0.547 0.230 0.805
vn 0.547 0.230 0.805
vn -0.547 -0.204 0.812
vn -0.547 -0.204 0.812
vn 0.547 -0.204 0.812
vn -0.547 -0.582 0.601
vn 0.547 -0.582 0.601
vn 0.000 -0.655 0.756
vn -0.547 -0.601 -0.582
vn 0.547 -0.601 -0.582
vn 0.547 -0.601 -0.582
vn 0.547 -0.601 -0.582
vn 0.547 -0.601 -0.582
vn -0.547 -0.230 -0.805
vn -0.547 -0.230 -0.805
vn -0.547 -0.230 -0.805
vn 0.547 -0.230 -0.805
vn -0.590 0.562 -0.580
vn -0.590 0.580 0.562
vn -0.590 -0.776 0.222
vn -0.590 -0.222 -0.776
vn -0.547 0.204 -0.812
vn -0.547 0.582 -0.601
vn 0.547 0.601 0.582
vn 0.000 0.221 0.975
vn 0.547 -0.583 0.601
vn -0.547 -0.805 0.230
vn 0.547 -0.812 -0.204
vn -0.547 -0.812 -0.204
vn 0.547 -0.601 -0.582
vn 0.000 -0.221 -0.975
vn -1.000 -0.000 0.000
vn 0.590 0.706 0.393
vn 0.590 -0.393 0.706
vn 0.590 -0.222 -0.776
vn 0.519 -0.734 0.439
vn 0.519 0.734 -0.439
vn -0.000 -0.327 -0.945
vn -0.547 0.812 0.204
vn 0.547 0.812 0.204
vn -0.547 0.601 0.582
vn 0.547 -0.582 0.601
vn 0.547 -0.582 0.601
vn 0.547 -0.805 0.230
vn 0.000 0.874 0.486
vn -0.590 -0.393 0.706
vn -0.590 -0.706 -0.393
vn -0.590 -0.580 -0.562
vn -0.590 -0.415 -0.693
vn -0.519 -0.595 0.614
vn 0.547 0.601 0.582
vn 0.547 -0.204 0.812
vn -0.547 -0.582 0.601
vn -0.547 -0.582 0.601
vn 0.000 -0.945 0.327
vn -0.547 -0.601 -0.582
vn 0.547 -0.230 -0.805
vn 0.000 -0.756 -0.655
vn 0.590 0.693 -0.415
vn 0.590 -0.693 0.415
vn 0.519 -0.595 0.614
vn 0.519 0.208 -0.829
vn 0.519 0.829 0.208
vn -0.000 -0.327 -0.945
vn 0.547 0.582 -0.601
vn -1.000 0.000 0.000
vn 1.000 0.000 0.000
vn 0.000 -1.000 0.000
vn 0.000 0.000 -1.000
vn 0.000 1.000 0.000
vn 0.000 0.000 1.000
vn 0.669 -0.743 0.000
vn 0.669 0.000 -0.743
vn 0.669 0.743 0.000
vn 0.669 0.000 0.743
vn -0.669 -0.743 0.000
vn -0.669 0.000 -0.743
vn -0.669 0.743 0.000
vn -0.669 0.000 0.743
vn 0.000 0.110 0.994
vn 0.000 -0.994 0.110
vn 1.000 0.000 0.000
vn 0.000 0.994 -0.110
vn -1.000 0.000 0.000
vn 0.000 -0.638 0.770
vn 0.719 0.076 0.691
vn 0.000 0.791 0.612
vn -0.719 0.076 0.691
vn 0.000 -0.110 -0.994
vn -0.000 0.030 1.000
vn 0.000 1.000 0.000
vn -0.000 -0.030 -1.000
vn 0.000 -1.000 0.000
vn 0.053 0.113 0.992
vn -0.994 0.013 0.112
vn -0.053 -0.113 -0.992
vn 0.994 -0.013 -0.112
vn -0.000 0.195 0.981
vn 0.000 -0.975 0.225
vn -0.000 -0.195 -0.981
vn -0.000 0.975 -0.225
vn -0.002 -0.606 0.795
vn 0.709 0.080 0.701
vn -0.002 0.769 0.639
vn -0.811 0.570 -0.131
vn 0.002 0.361 -0.933
vn 0.438 -0.102 -0.893
vn 0.002 -0.561 -0.828
vn -0.811 -0.585 0.000
vn 0.002 0.562 0.827
vn -0.811 0.585 0.000
vn -0.002 0.605 -0.796
vn -0.709 -0.080 -0.701
vn -0.002 -0.769 -0.640
vn -0.811 -0.570 0.131
vn 0.002 -0.362 0.932
vn -0.438 0.102 0.893
vn 0.000 0.030 1.000
vn 0.000 -0.030 -1.000
vn -0.053 0.113 0.992
vn 0.994 0.013 0.112
vn 0.053 -0.113 -0.992
vn -0.994 -0.013 -0.112
vn 0.000 0.195 0.981
vn 0.000 -0.195 -0.981
vn 0.002 -0.606 0.795
vn -0.709 0.080 0.701
vn 0.002 0.769 0.639
vn 0.811 0.570 -0.131
vn -0.002 0.361 -0.933
vn -0.438 -0.102 -0.893
vn -0.002 -0.561 -0.828
vn 0.811 -0.585 -0.000
vn -0.002 0.562 0.827
vn 0.811 0.585 0.000
vn 0.002 0.605 -0.796
vn 0.709 -0.080 -0.701
vn 0.002 -0.769 -0.640
vn 0.811 -0.570 0.131
vn -0.002 -0.362 0.932
vn 0.438 0.102 0.893
vn 0.000 0.087 0.996
vn -0.188 -0.978 0.086
vn 0.000 -0.087 -0.996
vn 0.188 0.978 -0.086
vn 0.982 -0.188 0.016
vn -0.982 0.188 -0.016
vn 0.114 -0.990 0.087
vn -0.114 0.990 -0.087
vn 0.994 0.114 -0.010
vn -0.994 -0.114 0.010
vn -0.043 0.459 0.888
vn -0.379 0.037 0.924
vn 0.043 -0.297 0.954
vn 0.379 0.124 0.917
vn -0.043 0.458 0.888
vn -0.379 0.037 0.924
vn 1.000 0.000 0.000
vn 1.000 -0.000 0.000
vn 0.705 0.694 0.151
vn 0.723 0.675 0.145
vn 0.779 0.467 0.418
vn 0.617 0.573 0.539
vn 0.707 0.076 0.703
vn 0.695 0.076 0.715
vn 0.748 -0.658 -0.089
vn 0.747 -0.658 -0.089
vn 0.842 -0.536 -0.071
vn 0.707 0.000 -0.707
vn 0.707 -0.707 0.000
vn 0.707 -0.000 0.707
vn 0.752 0.651 0.101
vn 0.627 0.769 0.122
vn 0.722 -0.075 -0.688
vn 0.697 -0.077 -0.713
vn 0.707 -0.699 -0.109
vn -0.043 0.102 0.994
vn 0.039 0.106 0.994
vn -0.481 0.087 0.872
vn -0.417 0.093 0.904
vn 0.855 0.516 0.051
vn 0.868 0.494 0.047
vn 0.000 0.728 0.685
vn 0.000 0.978 0.210
vn 0.000 0.574 0.819
vn 0.707 -0.704 -0.070
vn 0.707 -0.704 -0.070
vn 0.707 -0.029 -0.707
vn 0.707 0.701 0.095
vn 0.707 0.701 0.095
vn 0.707 0.176 0.685
vn 0.707 0.001 0.707
vn 0.000 0.145 0.989
vn 0.000 -0.314 0.949
vn 0.000 -0.314 0.949
vn 0.000 0.495 0.869
vn -1.000 0.000 0.000
vn -1.000 0.000 0.000
vn -0.723 0.675 0.145
vn -0.704 0.694 0.151
vn -0.617 0.573 0.539
vn -0.779 0.467 0.418
vn -0.695 0.076 0.715
vn -0.707 0.076 0.703
vn -0.842 -0.536 -0.071
vn -0.748 -0.658 -0.089
vn -0.748 -0.658 -0.089
vn -0.707 0.000 -0.707
vn -0.707 -0.707 0.000
vn -0.707 0.000 0.707
vn -0.627 0.769 0.122
vn -0.752 0.651 0.101
vn -0.697 -0.077 -0.713
vn -0.722 -0.075 -0.688
vn -0.707 -0.699 -0.109
vn -0.039 0.106 0.994
vn 0.043 0.102 0.994
vn 0.417 0.093 0.904
vn 0.481 0.087 0.873
vn -0.868 0.494 0.047
vn -0.855 0.516 0.051
vn 0.000 0.002 1.000
vn 0.000 -0.665 0.747
vn 0.000 0.001 1.000
vn -1.000 0.000 0.001
vn -1.000 0.000 0.002
vn -1.000 -0.001 -0.000
vn -1.000 -0.001 -0.001
vn -1.000 -0.001 -0.002
vn -0.707 -0.704 -0.070
vn -0.707 -0.704 -0.070
vn -0.707 -0.029 -0.707
vn -0.707 0.701 0.095
vn -0.707 0.176 0.685
vn -0.707 0.176 0.685
vn -0.707 0.001 0.707
vn 0.000 -1.000 0.000
vn -0.000 -0.766 -0.643
vn -0.000 -0.940 -0.342
vn 0.000 -0.940 0.342
vn 0.000 -0.766 0.643
vn -0.000 -0.500 -0.866
vn -0.000 0.174 -0.985
vn 1.000 -0.001 -0.000
vn 1.000 0.000 0.002
vn 1.000 0.000 0.001
vn 1.000 -0.001 -0.001
vn 1.000 -0.001 -0.002
vn -0.000 -0.000 -1.000
vn -1.000 -0.000 -0.000
vn -1.000 -0.001 -0.000
vn -1.000 -0.001 -0.000
vn 0.747 -0.665 0.000
vn -0.747 -0.665 0.000
vn 1.000 -0.000 -0.000
vn 1.000 -0.000 -0.000
vn 1.000 -0.001 -0.000
vn 1.000 -0.000 -0.000
vn 1.000 -0.001 -0.000
vn 1.000 -0.001 -0.000
vn 1.000 -0.001 -0.000
vn -0.000 -0.174 -0.985
vn 0.000 -0.976 0.219
vn 0.000 -0.557 0.831
vn 0.904 0.000 -0.427
vn 0.885 0.464 0.044
vn 0.904 0.426 0.041
vn 0.000 0.391 0.920
vn -0.904 0.425 0.041
vn -0.884 0.465 0.044
vn -0.904 0.000 -0.427
vn -0.904 0.000 -0.428
vn -0.904 -0.417 0.094
vn -0.904 -0.417 0.094
vn -0.904 -0.328 0.275
vn -0.904 -0.327 0.275
vn -0.904 -0.402 0.146
vn -0.904 -0.401 0.146
vn -0.904 -0.402 0.146
vn -0.904 -0.427 0.000
vn -0.904 -0.427 0.000
vn -0.904 -0.402 -0.146
vn -0.904 -0.401 -0.146
vn -0.904 -0.402 -0.146
vn -0.904 -0.327 -0.275
vn -0.904 -0.327 -0.275
vn -0.904 -0.214 -0.370
vn -0.904 -0.213 -0.370
vn -0.904 -0.214 -0.370
vn -0.904 -0.074 -0.421
vn 0.000 -0.427 0.904
vn 0.904 -0.428 0.000
vn 0.904 -0.427 0.000
vn 0.904 -0.074 -0.421
vn 0.904 -0.074 -0.421
vn 0.904 -0.214 -0.370
vn 0.904 -0.214 -0.370
vn 0.904 -0.327 -0.275
vn 0.904 -0.327 -0.275
vn 0.904 -0.327 -0.275
vn 0.904 -0.402 -0.146
vn 0.904 -0.401 -0.146
vn 0.904 -0.402 -0.146
vn 0.904 -0.427 0.000
vn 0.904 -0.427 0.000
vn 0.904 -0.402 0.146
vn 0.904 -0.402 0.146
vn 0.904 -0.328 0.275
vn 0.904 -0.327 0.275
vn 0.904 -0.417 0.094
vn 0.904 -0.417 0.094
vn 0.904 0.000 -0.428
vn 0.904 0.000 0.428
vn 0.904 0.424 0.058
vn 0.904 0.424 0.058
vn 0.904 0.018 0.427
vn 0.904 -0.426 -0.042
vn 0.904 -0.425 -0.042
vn -0.904 0.000 0.428
vn -0.904 -0.425 -0.042
vn -0.904 -0.425 -0.042
vn -0.904 -0.425 -0.042
vn -0.904 0.018 0.427
vn -0.904 0.424 0.058
vn 0.875 0.480 0.065
vn 0.905 0.421 0.054
vn 0.000 0.376 0.927
vn -0.875 0.479 0.062
vn -0.904 -0.106 -0.414
vn -0.904 -0.106 -0.414
vn -0.904 -0.000 -0.428
vn -0.904 -0.000 -0.427
vn -0.920 -0.389 -0.039
vn -0.903 -0.428 -0.040
vn 0.000 -0.463 0.886
vn 0.904 -0.425 -0.042
vn 0.920 -0.391 -0.036
vn 0.904 -0.000 -0.428
vn 0.904 -0.000 -0.427
vn 0.904 -0.106 -0.414
vn 0.904 -0.106 -0.414
vn 0.707 0.707 0.000
vn 0.707 0.707 0.000
vn -0.000 0.488 -0.873
vn 0.000 0.488 -0.873
vn -0.000 0.343 -0.939
vn 0.000 0.986 0.169
vn 0.000 0.134 0.991
vn 0.000 0.441 0.898
vn -0.707 0.707 0.000
vn -0.000 0.638 -0.770
vn 0.000 0.470 0.883
vn -0.000 0.572 -0.820
vn -0.000 0.524 -0.852
vn 0.000 0.210 0.978
vn 0.000 0.311 0.951
vn 0.000 0.310 0.951
vn 0.849 0.521 0.089
vn 0.849 0.522 0.089
vn 0.849 0.522 0.089
vn 0.848 0.522 0.089
vn 0.848 0.522 0.089
vn 0.984 0.178 0.000
vn 0.988 0.154 0.026
vn 0.991 0.131 -0.000
vn -0.849 0.522 0.089
vn -0.849 0.522 0.089
vn -0.849 0.521 0.089
vn -0.848 0.522 0.089
vn -0.848 0.522 0.089
vn -0.984 0.178 0.000
vn -0.988 0.154 0.026
vn -0.991 0.131 0.000
vn 0.904 0.428 -0.000
vn 0.904 0.427 -0.000
vn -0.904 0.428 0.000
vn -0.904 0.427 0.000
vn -1.000 -0.000 0.000
vn 1.000 -0.000 0.000
vn 0.000 -1.000 0.000
vn 0.000 0.062 -0.998
vn 0.000 1.000 0.000
vn 0.000 0.062 0.998
vn 0.756 -0.655 0.000
vn 0.756 0.041 -0.653
vn 0.756 0.655 0.000
vn 0.756 0.041 0.653
vn 0.756 0.041 -0.653
vn 0.756 0.041 0.653
vn -0.756 -0.655 0.000
vn -0.756 0.041 -0.653
vn -0.756 0.655 0.000
vn -0.756 0.041 0.653
vn -0.756 0.041 -0.653
vn -0.756 0.655 0.000
vn -0.756 0.041 0.653
vn 0.756 -0.655 0.000
vn 0.756 0.041 -0.653
vn 0.756 0.654 0.000
vn 0.756 0.041 0.653
vn -0.756 0.041 -0.653
vn -0.756 0.655 0.000
vn 0.756 0.041 0.653
vn -0.756 -0.655 0.000
vn 0.756 0.655 0.000
vn -0.756 0.655 0.000
vn -0.756 -0.655 0.000
vn -0.756 0.655 0.000
vn -0.756 -0.655 0.000
vn -0.756 0.041 -0.653
vn -0.756 0.041 0.653
vn -0.756 0.654 0.000
vn 0.000 0.000 -1.000
vn 0.000 0.000 1.000
vn -0.577 -0.578 0.577
vn 0.578 -0.577 0.577
vn 0.577 -0.577 -0.577
vn -0.577 -0.578 -0.577
vn 0.577 0.577 -0.577
vn -0.577 0.578 -0.577
vn 0.578 0.577 0.577
vn -0.577 0.578 0.577
vn -0.707 0.000 0.707
vn -0.707 0.707 0.000
vn -0.707 0.000 -0.707
vn -0.707 -0.707 0.000
vn 0.707 -0.707 0.000
vn 0.707 0.000 -0.707
vn 0.707 0.707 0.000
vn 0.707 0.000 0.707
vn 0.000 -0.707 -0.707
vn 0.000 -0.707 0.707
vn -0.000 0.707 -0.707
vn 0.000 0.707 0.707
vn 0.578 -0.577 0.577
vn 0.578 0.577 0.577
vn 0.577 -0.577 0.577
vn 0.577 0.578 0.577
vn 0.577 0.577 -0.577
vn 0.577 -0.577 -0.577
vn -0.577 0.577 -0.577
vn -0.577 -0.577 -0.577
vn -0.577 0.577 0.577
vn -0.577 -0.577 0.577
vn 0.707 -0.707 0.000
vn 0.707 0.707 -0.000
vn 0.707 0.000 -0.707
vn 0.707 -0.000 0.707
vn 0.577 -0.577 0.577
vn 0.577 0.577 0.577
vn 0.577 0.577 -0.577
vn 0.577 -0.577 -0.577
vn 0.707 0.000 -0.707
vn 0.707 0.000 0.707
vn 0.577 -0.578 0.577
vn 0.577 0.578 -0.577
vn 0.577 -0.578 -0.577
vn -0.577 -0.577 -0.577
vn -0.000 -0.000 -1.000
vn 0.702 -0.188 -0.686
vn 0.417 -0.596 -0.686
vn -0.063 -0.724 -0.686
vn -0.514 -0.514 -0.686
vn -0.724 -0.063 -0.686
vn -0.596 0.417 -0.686
vn -0.188 0.702 -0.686
vn 0.307 0.659 -0.686
vn 0.659 0.307 -0.686
vn -0.936 0.251 -0.248
vn -0.556 0.793 -0.248
vn 0.084 0.965 -0.248
vn 0.685 0.685 -0.248
vn 0.965 0.084 -0.248
vn 0.793 -0.556 -0.248
vn 0.251 -0.936 -0.248
vn -0.409 -0.878 -0.248
vn -0.878 -0.409 -0.248
vn 0.936 -0.251 -0.248
vn 0.878 0.409 -0.248
vn 0.409 0.878 -0.248
vn -0.251 0.936 -0.248
vn -0.793 0.556 -0.248
vn -0.965 -0.084 -0.248
vn -0.685 -0.685 -0.248
vn -0.084 -0.965 -0.248
vn 0.556 -0.793 -0.248
vn 0.085 0.996 -0.019
vn 0.727 0.686 -0.005
vn 0.996 0.087 -0.000
vn 0.000 0.000 1.000
vn 0.936 -0.251 0.247
vn 0.936 -0.251 0.246
vn 0.556 -0.794 0.247
vn 0.556 -0.794 0.246
vn -0.085 -0.965 0.247
vn -0.085 -0.966 0.246
vn -0.685 -0.685 0.247
vn -0.685 -0.685 0.246
vn -0.965 -0.085 0.247
vn -0.966 -0.085 0.246
vn -0.794 0.556 0.247
vn -0.794 0.556 0.246
vn -0.251 0.936 0.247
vn -0.251 0.936 0.246
vn 0.409 0.878 0.247
vn 0.410 0.878 0.246
vn 0.878 0.409 0.247
vn 0.878 0.410 0.246
vn -0.936 0.251 0.248
vn -0.556 0.793 0.248
vn 0.084 0.965 0.248
vn 0.685 0.685 0.248
vn 0.965 0.084 0.248
vn 0.793 -0.556 0.248
vn 0.251 -0.936 0.248
vn -0.409 -0.878 0.248
vn -0.878 -0.409 0.248
vn 0.936 -0.251 0.248
vn 0.878 0.409 0.248
vn 0.409 0.878 0.248
vn -0.251 0.936 0.248
vn -0.793 0.556 0.248
vn -0.965 -0.084 0.248
vn -0.685 -0.685 0.248
vn -0.084 -0.965 0.248
vn 0.556 -0.793 0.248
vn -0.973 0.231 -0.005
vn -0.572 0.820 -0.019
vn 0.819 -0.574 0.000
vn 0.259 -0.966 0.000
vn -0.423 -0.906 0.000
vn -0.906 -0.423 0.000
vn 0.092 0.995 0.041
vn 0.731 0.682 0.026
vn 0.996 0.087 0.022
vn -0.974 0.225 0.026
vn -0.577 0.816 0.041
vn 0.819 -0.574 0.022
vn 0.259 -0.966 0.022
vn -0.422 -0.906 0.022
vn -0.906 -0.422 0.022
vn 0.087 0.996 -0.021
vn 0.707 0.707 -0.021
vn 0.996 0.087 -0.021
vn -0.966 0.259 -0.021
vn -0.573 0.819 -0.021
vn 0.819 -0.573 -0.021
vn 0.259 -0.966 -0.021
vn -0.422 -0.906 -0.021
vn -0.906 -0.422 -0.021
vn 0.799 -0.462 0.384
vn 0.316 -0.868 0.384
vn -0.316 -0.868 0.384
vn -0.799 -0.462 0.384
vn -0.909 0.160 0.384
vn -0.593 0.707 0.384
vn 0.000 0.923 0.384
vn 0.593 0.707 0.384
vn 0.909 0.160 0.384
vn -0.839 0.484 0.248
vn -0.331 0.910 0.248
vn 0.331 0.910 0.248
vn 0.839 0.484 0.248
vn 0.954 -0.168 0.248
vn 0.623 -0.742 0.248
vn 0.000 -0.969 0.248
vn -0.623 -0.742 0.248
vn -0.954 -0.168 0.248
vn 0.839 -0.484 0.248
vn 0.954 0.168 0.248
vn 0.623 0.742 0.248
vn 0.000 0.969 0.248
vn -0.623 0.742 0.248
vn -0.954 0.168 0.248
vn -0.839 -0.484 0.248
vn -0.331 -0.910 0.248
vn 0.331 -0.910 0.248
vn 0.340 0.939 -0.059
vn 0.876 0.479 -0.053
vn 0.982 -0.188 -0.032
vn 0.093 -0.160 -0.983
vn 0.185 -0.000 -0.983
vn 0.839 -0.484 -0.247
vn 0.840 -0.485 -0.246
vn 0.331 -0.911 -0.247
vn 0.332 -0.911 -0.246
vn -0.331 -0.911 -0.247
vn -0.332 -0.911 -0.246
vn -0.809 -0.535 -0.246
vn -0.810 -0.531 -0.248
vn -0.808 -0.535 -0.245
vn -0.954 0.168 -0.247
vn -0.955 0.168 -0.246
vn -0.623 0.742 -0.247
vn -0.623 0.743 -0.246
vn 0.054 0.967 -0.248
vn 0.059 0.968 -0.245
vn 0.059 0.968 -0.245
vn 0.623 0.742 -0.247
vn 0.623 0.743 -0.246
vn 0.954 0.168 -0.247
vn 0.955 0.168 -0.246
vn -0.839 0.484 -0.248
vn -0.331 0.910 -0.248
vn 0.331 0.910 -0.248
vn 0.859 0.448 -0.248
vn 0.954 -0.168 -0.248
vn 0.623 -0.742 -0.248
vn 0.041 -0.968 -0.248
vn -0.623 -0.742 -0.248
vn -0.954 -0.168 -0.248
vn 0.839 -0.484 -0.248
vn 0.954 0.168 -0.248
vn 0.623 0.742 -0.248
vn 0.054 0.967 -0.248
vn -0.623 0.742 -0.248
vn -0.954 0.168 -0.248
vn -0.810 -0.531 -0.248
vn -0.331 -0.910 -0.248
vn 0.331 -0.910 -0.248
vn -0.876 0.479 -0.053
vn -0.340 0.939 -0.059
vn 0.644 -0.764 -0.030
vn -0.000 -1.000 -0.022
vn -0.000 -1.000 -0.028
vn -0.644 -0.764 -0.030
vn -0.982 -0.188 -0.032
vn 0.340 0.940 0.021
vn 0.339 0.941 0.023
vn 0.340 0.940 0.021
vn 0.885 0.465 0.011
vn 0.982 -0.191 -0.006
vn -0.885 0.465 0.011
vn -0.340 0.940 0.021
vn -0.340 0.940 0.021
vn -0.339 0.941 0.023
vn 0.644 -0.765 -0.013
vn -0.000 -1.000 -0.016
vn -0.644 -0.765 -0.013
vn -0.982 -0.191 -0.006
vn 0.339 0.941 0.023
vn 0.869 0.494 0.028
vn 0.984 -0.174 0.030
vn -0.870 0.492 0.028
vn -0.339 0.941 0.023
vn 0.642 -0.766 0.030
vn -0.003 -1.000 0.029
vn -0.642 -0.766 0.029
vn -0.984 -0.174 0.029
vn 0.630 -0.364 -0.686
vn 0.249 -0.683 -0.686
vn -0.249 -0.683 -0.686
vn -0.630 -0.364 -0.686
vn -0.716 0.126 -0.686
vn -0.467 0.557 -0.686
vn 0.000 0.727 -0.686
vn 0.467 0.557 -0.686
vn 0.716 0.126 -0.686
vn 0.839 0.484 -0.248
vn 0.623 -0.742 -0.248
vn -0.000 -0.969 -0.248
vn -0.623 -0.742 -0.248
vn 0.839 -0.484 -0.248
vn 0.954 0.168 -0.248
vn 0.623 0.742 -0.248
vn 0.000 0.969 -0.248
vn -0.839 -0.484 -0.248
vn 0.340 0.940 -0.019
vn 0.880 0.475 -0.005
vn 0.985 -0.174 0.000
vn 0.839 -0.484 0.247
vn 0.840 -0.485 0.246
vn 0.331 -0.911 0.247
vn 0.332 -0.911 0.246
vn -0.331 -0.911 0.247
vn -0.332 -0.911 0.246
vn -0.839 -0.484 0.247
vn -0.840 -0.485 0.246
vn -0.954 0.168 0.247
vn -0.955 0.168 0.246
vn -0.623 0.742 0.247
vn -0.623 0.743 0.246
vn 0.000 0.969 0.247
vn 0.000 0.969 0.246
vn 0.623 0.742 0.247
vn 0.623 0.743 0.246
vn 0.954 0.168 0.247
vn 0.955 0.168 0.246
vn -0.839 0.484 0.248
vn 0.623 -0.742 0.248
vn -0.623 -0.742 0.248
vn -0.954 -0.168 0.248
vn 0.839 -0.484 0.248
vn 0.623 0.742 0.248
vn -0.954 0.168 0.248
vn -0.839 -0.484 0.248
vn -0.880 0.475 -0.005
vn -0.340 0.940 -0.019
vn 0.643 -0.766 0.000
vn 0.000 -1.000 0.000
vn -0.643 -0.766 0.000
vn -0.985 -0.174 0.000
vn 0.345 0.938 0.028
vn 0.882 0.471 0.018
vn 0.985 -0.174 0.015
vn -0.882 0.471 0.018
vn -0.345 0.938 0.028
vn 0.643 -0.766 0.015
vn 0.000 -1.000 0.015
vn -0.643 -0.766 0.015
vn -0.985 -0.174 0.015
vn 0.342 0.940 -0.021
vn 0.866 0.500 -0.021
vn 0.985 -0.174 -0.021
vn -0.866 0.500 -0.021
vn -0.342 0.940 -0.021
vn 0.643 -0.766 -0.021
vn -0.000 -1.000 -0.021
vn -0.643 -0.766 -0.021
vn -0.985 -0.174 -0.021
vn -0.467 0.557 -0.686
vn -0.839 0.484 -0.248
vn 0.623 -0.742 -0.248
vn -0.623 -0.742 -0.248
vn 0.839 -0.484 -0.248
vn -0.623 0.742 -0.248
vn -0.839 -0.484 -0.248
vn 0.880 0.475 -0.005
vn -0.955 0.168 0.246
vn -0.623 0.743 0.246
vn 0.623 0.742 0.247
vn 0.955 0.168 0.246
vn 0.839 0.484 0.248
vn 0.954 -0.168 0.248
vn 0.623 -0.742 0.248
vn -0.623 -0.742 0.248
vn -0.623 0.742 0.248
vn 0.345 0.938 0.028
vn -0.345 0.938 0.028
vn -0.936 0.251 -0.248
vn 0.685 0.685 -0.248
vn -0.878 -0.409 -0.248
vn 0.878 0.409 -0.248
vn -0.685 -0.685 -0.248
vn -0.794 0.556 0.247
vn 0.409 0.878 0.247
vn -0.936 0.251 0.248
vn 0.793 -0.556 0.248
vn 0.878 0.409 0.248
vn -0.965 -0.085 0.248
vn 0.819 -0.574 0.000
vn 0.996 0.087 0.022
vn 0.819 -0.573 0.022
vn -0.574 0.819 -0.021
vn -0.174 -0.000 -0.985
vn -0.174 -0.000 -0.985
vn 0.721 -0.462 -0.517
vn 0.244 -0.868 -0.433
vn -0.378 -0.868 -0.324
vn -0.854 -0.462 -0.240
vn -0.962 0.160 -0.221
vn -0.651 0.707 -0.275
vn -0.067 0.923 -0.378
vn 0.518 0.707 -0.481
vn 0.829 0.160 -0.536
vn -0.869 0.484 -0.099
vn -0.369 0.910 -0.187
vn 0.283 0.910 -0.302
vn 0.783 0.484 -0.390
vn 0.896 -0.168 -0.410
vn 0.570 -0.742 -0.353
vn -0.043 -0.969 -0.244
vn -0.656 -0.742 -0.136
vn -0.983 -0.168 -0.079
vn 0.783 -0.484 -0.390
vn 0.896 0.168 -0.410
vn 0.570 0.742 -0.353
vn -0.043 0.969 -0.244
vn -0.656 0.742 -0.136
vn -0.983 0.168 -0.079
vn -0.869 -0.484 -0.099
vn -0.369 -0.910 -0.187
vn 0.283 -0.910 -0.302
vn 0.345 0.939 -0.001
vn 0.872 0.479 -0.100
vn 0.972 -0.188 -0.139
vn 0.174 -0.000 0.985
vn 0.262 -0.161 0.952
vn 0.174 0.000 0.985
vn 0.353 -0.000 0.936
vn 0.869 -0.484 0.098
vn 0.869 -0.485 0.096
vn 0.369 -0.911 0.186
vn 0.369 -0.911 0.184
vn -0.283 -0.911 0.301
vn -0.284 -0.911 0.300
vn -0.754 -0.535 0.382
vn -0.754 -0.535 0.382
vn -0.755 -0.531 0.385
vn -0.897 0.168 0.409
vn -0.897 0.168 0.408
vn -0.571 0.742 0.351
vn -0.571 0.743 0.350
vn 0.097 0.967 0.235
vn 0.101 0.968 0.231
vn 0.100 0.968 0.232
vn 0.656 0.742 0.135
vn 0.656 0.743 0.134
vn 0.983 0.168 0.078
vn 0.983 0.168 0.076
vn -0.783 0.484 0.390
vn -0.283 0.910 0.302
vn 0.369 0.910 0.187
vn 0.889 0.448 0.095
vn 0.983 -0.168 0.079
vn 0.656 -0.742 0.136
vn 0.084 -0.968 0.237
vn -0.570 -0.742 0.353
vn -0.896 -0.168 0.410
vn 0.869 -0.484 0.099
vn 0.983 0.168 0.079
vn 0.656 0.742 0.136
vn 0.097 0.967 0.235
vn -0.570 0.742 0.353
vn -0.896 0.168 0.410
vn -0.755 -0.531 0.385
vn -0.283 -0.910 0.302
vn 0.369 -0.910 0.187
vn -0.854 0.479 0.205
vn -0.324 0.939 0.117
vn 0.640 -0.764 -0.082
vn 0.005 -1.000 0.028
vn 0.004 -1.000 0.022
vn -0.629 -0.764 0.141
vn -0.961 -0.188 0.202
vn 0.331 0.940 -0.080
vn 0.330 0.941 -0.081
vn 0.331 0.940 -0.079
vn 0.870 0.465 -0.165
vn 0.968 -0.191 -0.165
vn -0.874 0.465 0.142
vn -0.338 0.941 0.036
vn -0.338 0.940 0.038
vn -0.338 0.940 0.038
vn 0.636 -0.765 -0.099
vn 0.003 -1.000 0.016
vn -0.632 -0.765 0.124
vn -0.966 -0.191 0.176
vn 0.330 0.941 -0.082
vn 0.851 0.494 -0.178
vn 0.964 -0.174 -0.201
vn -0.862 0.492 0.124
vn -0.338 0.941 0.036
vn 0.627 -0.766 -0.141
vn -0.008 -1.000 -0.029
vn -0.638 -0.766 0.083
vn -0.975 -0.174 0.142
vn -0.716 0.126 -0.686
vn 0.839 0.484 -0.248
vn 0.623 -0.742 -0.248
vn 0.623 0.742 -0.248
vn -0.623 0.742 -0.248
vn -0.839 -0.484 -0.248
vn 0.985 -0.174 0.000
vn 0.623 0.743 0.246
vn 0.839 0.484 0.248
vn 0.623 -0.742 0.248
vn 0.839 -0.484 0.248
vn 0.623 0.742 0.248
vn -0.839 -0.484 0.248
vn -0.880 0.475 -0.005
vn -0.985 -0.174 0.000
vn 0.643 -0.766 0.015
vn -0.643 -0.766 0.015
vn 0.800 -0.462 -0.384
vn 0.316 -0.868 -0.384
vn -0.316 -0.868 -0.384
vn -0.799 -0.462 -0.384
vn -0.909 0.160 -0.384
vn -0.593 0.707 -0.384
vn 0.000 0.923 -0.384
vn 0.594 0.707 -0.384
vn 0.909 0.160 -0.384
vn -0.839 0.484 -0.248
vn -0.954 -0.168 -0.248
vn -0.623 0.742 -0.248
vn -0.954 0.168 -0.248
vn 0.340 0.939 0.059
vn 0.876 0.479 0.053
vn 0.982 -0.188 0.032
vn 0.093 -0.160 0.983
vn 0.185 0.000 0.983
vn -0.809 -0.535 0.245
vn -0.808 -0.535 0.245
vn -0.810 -0.531 0.248
vn 0.054 0.967 0.248
vn 0.059 0.968 0.245
vn 0.059 0.968 0.245
vn 0.859 0.448 0.248
vn 0.041 -0.968 0.248
vn -0.623 -0.742 0.248
vn 0.054 0.967 0.248
vn -0.811 -0.531 0.248
vn -0.876 0.479 0.053
vn -0.340 0.939 0.059
vn 0.644 -0.764 0.030
vn 0.000 -1.000 0.028
vn 0.000 -1.000 0.022
vn -0.644 -0.764 0.030
vn -0.982 -0.188 0.032
vn 0.340 0.940 -0.021
vn 0.339 0.941 -0.023
vn 0.340 0.940 -0.021
vn 0.885 0.466 -0.011
vn 0.982 -0.191 0.006
vn -0.885 0.465 -0.011
vn -0.339 0.941 -0.023
vn -0.340 0.940 -0.021
vn -0.340 0.940 -0.021
vn 0.644 -0.765 0.013
vn 0.000 -1.000 0.016
vn -0.644 -0.765 0.013
vn -0.982 -0.191 0.006
vn 0.339 0.941 -0.023
vn 0.869 0.494 -0.028
vn 0.984 -0.173 -0.030
vn -0.870 0.492 -0.028
vn -0.339 0.941 -0.023
vn 0.642 -0.766 -0.030
vn -0.003 -1.000 -0.029
vn -0.642 -0.766 -0.029
vn -0.984 -0.174 -0.029
vn 0.799 -0.462 -0.384
vn -0.800 -0.462 -0.384
vn -0.593 0.707 -0.384
vn -0.000 0.923 -0.384
vn 0.623 0.742 -0.248
vn -0.623 0.742 -0.248
vn -0.839 -0.484 -0.248
vn -0.810 -0.531 0.248
vn -0.982 -0.188 0.032
vn 0.340 0.940 -0.021
vn 0.339 0.941 -0.023
vn 0.885 0.465 -0.011
vn -0.340 0.940 -0.021
vn -0.340 0.940 -0.021
vn -1.000 0.000 0.000
vn -1.000 0.000 0.000
vn -1.000 0.000 0.000
vn -1.000 0.000 0.000
vn -1.000 -0.001 -0.000
vn -1.000 -0.000 0.000
vn -1.000 -0.000 0.000
vn -1.000 -0.000 0.000
vn -1.000 -0.000 0.000
vn -1.000 -0.000 0.000
vn -1.000 -0.000 0.000
vn -1.000 0.000 -0.000
vn -1.000 0.000 -0.000
vn 0.000 0.016 1.000
vn 0.000 -0.243 0.970
vn 0.000 -0.486 0.874
vn 0.000 -0.486 0.874
vn 0.000 -0.696 0.718
vn 0.000 -0.696 0.718
vn 0.000 -0.858 0.514
vn 0.000 -0.962 0.274
vn 0.000 -0.962 0.274
vn 0.000 -1.000 0.016
vn 0.000 -0.970 -0.243
vn 0.000 -0.970 -0.243
vn 0.000 -0.970 -0.243
vn 0.000 -0.874 -0.486
vn 0.000 -0.874 -0.486
vn 0.000 -0.718 -0.696
vn 0.000 -0.718 -0.696
vn -0.000 -0.514 -0.858
vn -0.000 -0.274 -0.962
vn -0.000 -0.274 -0.962
vn 0.000 -0.016 -1.000
vn 0.000 0.243 -0.970
vn 0.000 0.486 -0.874
vn 0.000 0.486 -0.874
vn 0.000 0.696 -0.718
vn 0.000 0.696 -0.718
vn 0.000 0.858 -0.514
vn -0.000 0.962 -0.274
vn -0.000 0.962 -0.274
vn -0.000 1.000 -0.016
vn 0.000 0.970 0.243
vn 0.000 0.970 0.243
vn 0.000 0.874 0.486
vn 0.000 0.874 0.486
vn 0.000 0.718 0.696
vn 0.000 0.718 0.696
vn 0.000 0.514 0.858
vn 0.000 0.274 0.962
vn 0.000 0.274 0.962
vn 0.000 0.696 -0.718
vn 0.000 0.718 0.696
vn -0.707 -0.011 -0.707
vn -0.707 0.172 -0.686
vn -0.707 0.172 -0.686
vn -0.707 0.172 -0.686
vn -0.707 0.172 -0.686
vn -0.707 0.344 -0.618
vn -0.707 0.344 -0.618
vn -0.707 0.344 -0.618
vn -0.707 0.492 -0.508
vn -0.707 0.492 -0.508
vn -0.707 0.492 -0.508
vn -0.707 0.607 -0.363
vn -0.707 0.607 -0.363
vn -0.707 0.607 -0.363
vn -0.707 0.680 -0.194
vn -0.707 0.680 -0.194
vn -0.707 0.680 -0.194
vn -0.707 0.707 -0.011
vn -0.707 0.707 -0.011
vn -0.707 0.707 -0.011
vn -0.707 0.686 0.172
vn -0.707 0.686 0.172
vn -0.707 0.686 0.172
vn -0.707 0.686 0.172
vn -0.707 0.618 0.344
vn -0.707 0.618 0.344
vn -0.707 0.618 0.344
vn -0.707 0.508 0.492
vn -0.707 0.363 0.607
vn -0.707 0.363 0.607
vn -0.707 0.194 0.680
vn -0.707 0.194 0.680
vn -0.707 0.011 0.707
vn -0.707 0.011 0.707
vn -0.707 -0.172 0.686
vn -0.707 -0.172 0.686
vn -0.707 -0.344 0.618
vn -0.707 -0.344 0.618
vn -0.707 -0.344 0.618
vn -0.707 -0.492 0.508
vn -0.707 -0.492 0.508
vn -0.707 -0.607 0.363
vn -0.707 -0.607 0.363
vn -0.707 -0.607 0.363
vn -0.707 -0.607 0.363
vn -0.707 -0.680 0.194
vn -0.707 -0.680 0.194
vn -0.707 -0.707 0.011
vn -0.707 -0.707 0.011
vn -0.707 -0.686 -0.172
vn -0.707 -0.686 -0.172
vn -0.707 -0.686 -0.172
vn -0.707 -0.686 -0.172
vn -0.707 -0.618 -0.344
vn -0.707 -0.618 -0.344
vn -0.707 -0.618 -0.344
vn -0.707 -0.618 -0.344
vn -0.707 -0.508 -0.492
vn -0.707 -0.508 -0.492
vn -0.707 -0.508 -0.492
vn -0.707 -0.508 -0.492
vn -0.707 -0.363 -0.607
vn -0.707 -0.363 -0.607
vn -0.707 -0.194 -0.680
vn -0.707 -0.194 -0.680
vn -0.707 -0.194 -0.680
vn 1.000 -0.000 0.000
vn 1.000 0.000 0.000
vn 1.000 0.000 0.000
vn 1.000 0.000 -0.000
vn 1.000 0.000 0.000
vn 1.000 0.000 0.000
vn 1.000 0.000 0.000
vn 1.000 0.000 -0.000
vn 1.000 -0.000 0.000
vn 0.000 0.243 -0.970
vn 0.000 0.970 0.243
vn 0.000 0.514 0.858
vn 0.000 0.243 -0.970
vn 0.000 -0.243 0.970
vn 0.000 -0.718 -0.696
vn 0.707 -0.011 -0.707
vn 0.707 -0.011 -0.707
vn 0.707 0.172 -0.686
vn 0.707 0.172 -0.686
vn 0.707 0.344 -0.618
vn 0.707 0.344 -0.618
vn 0.707 0.344 -0.618
vn 0.707 0.492 -0.508
vn 0.707 0.492 -0.508
vn 0.707 0.492 -0.508
vn 0.707 0.607 -0.363
vn 0.707 0.607 -0.363
vn 0.707 0.607 -0.363
vn 0.707 0.680 -0.194
vn 0.707 0.680 -0.194
vn 0.707 0.707 -0.011
vn 0.707 0.707 -0.011
vn 0.707 0.707 -0.011
vn 0.707 0.686 0.172
vn 0.707 0.686 0.172
vn 0.707 0.618 0.344
vn 0.707 0.618 0.344
vn 0.707 0.618 0.344
vn 0.707 0.508 0.492
vn 0.707 0.508 0.492
vn 0.707 0.363 0.607
vn 0.707 0.194 0.680
vn 0.707 0.011 0.707
vn 0.707 -0.172 0.686
vn 0.707 -0.172 0.686
vn 0.707 -0.344 0.618
vn 0.707 -0.344 0.618
vn 0.707 -0.492 0.508
vn 0.707 -0.492 0.508
vn 0.707 -0.492 0.508
vn 0.707 -0.607 0.363
vn 0.707 -0.607 0.363
vn 0.707 -0.680 0.194
vn 0.707 -0.680 0.194
vn 0.707 -0.707 0.011
vn 0.707 -0.686 -0.172
vn 0.707 -0.686 -0.172
vn 0.707 -0.618 -0.344
vn 0.707 -0.508 -0.492
vn 0.707 -0.508 -0.492
vn 0.707 -0.363 -0.607
vn 0.707 -0.363 -0.607
vn 0.707 -0.194 -0.680
vn 0.707 -0.194 -0.680
vn 0.000 0.962 -0.274
vn 0.000 -0.016 -1.000
vn -0.000 -0.243 0.970
vn -0.000 -0.243 0.970
vn -0.707 0.172 -0.686
vn -0.707 0.492 -0.508
vn -0.707 0.686 0.172
vn -0.707 0.508 0.492
vn -0.707 0.508 0.492
vn -0.707 0.363 0.607
vn -0.707 -0.172 0.686
vn -0.707 -0.172 0.686
vn -0.707 -0.492 0.508
vn -0.707 -0.607 0.363
vn -0.707 -0.686 -0.172
vn -0.707 -0.686 -0.172
vn -0.707 -0.508 -0.492
vn -0.707 -0.363 -0.607
vn 1.000 -0.000 0.000
vn 1.000 -0.000 -0.000
vn 0.000 -0.696 0.718
vn 0.707 0.172 -0.686
vn 0.707 0.172 -0.686
vn 0.707 0.607 -0.363
vn 0.707 0.680 -0.194
vn 0.707 0.680 -0.194
vn 0.707 0.686 0.172
vn 0.707 0.508 0.492
vn 0.707 0.363 0.607
vn 0.707 0.011 0.707
vn 0.707 -0.172 0.686
vn 0.707 -0.607 0.363
vn 0.707 -0.607 0.363
vn 0.707 -0.680 0.194
vn 0.707 -0.686 -0.172
vn 0.707 -0.508 -0.492
vn 0.707 -0.508 -0.492
vn 0.707 -0.508 -0.492
vn 0.707 -0.363 -0.607
vn -1.000 0.000 0.000
vn -1.000 0.000 0.000
vn -0.707 -0.011 -0.707
vn -0.707 0.344 -0.618
vn -0.707 0.344 -0.618
vn -0.707 0.707 -0.011
vn -0.707 0.363 0.607
vn -0.707 -0.344 0.618
vn 1.000 0.000 0.000
vn 1.000 -0.000 -0.000
vn 1.000 0.001 0.000
vn 0.707 -0.011 -0.707
vn 0.707 0.344 -0.618
vn 0.707 0.344 -0.618
vn 0.707 0.492 -0.508
vn 0.707 0.707 -0.011
vn 0.707 0.686 0.172
vn 0.707 0.508 0.492
vn 0.707 0.194 0.680
vn 0.707 0.194 0.680
vn 0.707 -0.172 0.686
vn 0.707 -0.172 0.686
vn 0.707 -0.344 0.618
vn 0.707 -0.344 0.618
vn 0.707 -0.492 0.508
vn 0.707 -0.680 0.194
vn 0.707 -0.707 0.011
vn 0.707 -0.707 0.011
vn 0.707 -0.618 -0.344
vn 0.707 -0.618 -0.344
vn 0.707 -0.618 -0.344
vn 0.707 -0.508 -0.492
vn 0.707 -0.363 -0.607
vn 0.707 -0.194 -0.680
vn -0.000 0.000 -1.000
vn 0.000 0.000 1.000
vn -0.130 -0.357 -0.925
vn 0.122 -0.070 -0.990
vn 0.068 -0.081 -0.995
vn 0.252 0.146 -0.957
vn -0.174 -0.000 -0.985
vn -0.174 -0.000 -0.985
vn 0.174 0.000 0.985
vn 0.033 -0.357 0.934
vn 0.292 -0.070 0.954
vn 0.239 -0.081 0.968
vn 0.415 0.146 0.898
vn 0.174 0.000 0.985
vn -0.130 -0.357 0.925
vn 0.122 -0.070 0.990
vn 0.068 -0.081 0.995
vn 0.252 0.146 0.957
vn 0.000 0.000 -1.000
vn 0.000 0.000 1.000
vn 0.000 -1.000 0.000
vn 1.000 0.000 0.000
vn 0.000 1.000 0.000
vn -1.000 0.000 0.000
vn 0.707 -0.707 0.000
vn -0.707 -0.707 0.000
vn 0.707 0.707 0.000
vn -0.707 0.707 0.000
vn -0.577 -0.577 0.579
vn -0.577 -0.577 0.579
vn 0.000 -0.816 0.579
vn 0.577 -0.577 0.579
vn 0.816 0.000 0.579
vn 0.577 0.577 0.579
vn 0.000 0.816 0.579
vn -0.577 0.577 0.579
vn -0.577 0.577 0.579
vn -0.816 0.000 0.579
vn 0.577 -0.577 0.579
vn 0.659 -0.752 0.000
vn 0.659 -0.752 0.000
vn -0.689 -0.725 0.000
vn 0.559 0.829 0.000
vn 0.559 0.829 0.000
vn -0.590 0.807 0.000
vn -0.560 -0.590 0.581
vn -0.560 -0.589 0.582
vn -0.560 -0.596 0.575
vn -0.560 -0.598 0.573
vn 0.543 -0.619 0.567
vn 0.522 -0.616 0.590
vn 0.447 0.663 0.601
vn 0.437 0.731 0.524
vn -0.493 0.675 0.548
vn -0.440 0.666 0.602
vn -0.560 -0.590 0.581
vn -0.560 -0.596 0.575
vn 0.543 -0.620 0.567
vn 0.522 -0.616 0.590
vn -0.440 0.666 0.602
vn -0.659 -0.752 0.000
vn -0.659 -0.752 0.000
vn 0.689 -0.725 0.000
vn -0.559 0.829 0.000
vn -0.559 0.829 0.000
vn 0.590 0.807 0.000
vn 0.560 -0.590 0.581
vn 0.560 -0.598 0.573
vn 0.560 -0.596 0.575
vn 0.560 -0.589 0.582
vn -0.522 -0.616 0.590
vn -0.543 -0.619 0.567
vn -0.437 0.731 0.524
vn -0.447 0.663 0.601
vn 0.440 0.666 0.602
vn 0.493 0.675 0.548
vn -0.659 -0.752 0.000
vn 0.560 -0.598 0.573
vn 0.560 -0.596 0.575
vn -0.522 -0.616 0.590
vn -0.543 -0.619 0.567
vn -0.816 0.000 0.579
vn -0.816 0.000 0.579
vn -0.437 0.731 0.524
vn -0.543 -0.620 0.567
vn -0.437 0.731 0.524
vn 0.440 0.666 0.602
vn 0.493 0.675 0.548
vn -0.560 -0.598 0.573
vn 0.522 -0.616 0.590
vn 0.447 0.663 0.601
vn 0.000 -0.752 0.659
vn 0.752 0.000 0.659
vn 0.000 0.752 0.659
vn -0.752 0.000 0.659
vn 0.000 0.851 0.526
vn -0.851 0.000 0.526
vn 0.000 -0.851 0.526
vn 0.851 0.000 0.526
vn 0.000 -0.707 0.707
vn 0.707 0.000 0.707
vn 0.000 0.707 0.707
vn -0.707 0.000 0.707
vn 0.000 -0.711 0.703
vn 0.821 0.000 0.571
vn 0.821 0.000 0.571
vn 0.000 0.711 0.703
vn -0.821 0.000 0.571
vn -0.821 0.000 0.571
f 1/1/1 2/2/1 3/3/1 4/4/1
f 4/4/2 3/3/2 5/5/2 6/6/2
f 6/6/3 5/5/3 7/7/3 8/8/3
f 8/8/4 7/7/4 9/9/4 10/10/4
f 10/10/5 9/9/5 11/11/5 12/12/5
f 2/2/6 13/13/6 14/14/6 3/3/6
f 3/3/7 14/14/7 15/15/7 5/5/7
f 5/5/8 15/15/8 16/16/8 7/7/8
f 7/7/9 16/16/9 17/17/9 9/9/9
f 9/9/10 17/17/10 18/18/10 11/11/10
f 13/13/11 19/19/11 20/20/11 14/14/11
f 14/14/12 20/20/12 21/21/12 15/15/12
f 15/15/13 21/21/13 22/22/13 16/16/13
f 16/16/14 22/22/14 23/23/14 17/17/14
f 17/17/15 23/23/15 24/24/15 18/18/15
f 19/19/16 25/25/16 26/26/16 20/20/16
f 20/20/17 26/26/17 27/27/17 21/21/17
f 21/21/18 27/27/18 28/28/18 22/22/18
f 22/22/19 28/28/19 29/29/19 23/23/19
f 23/23/20 29/29/20 30/30/20 24/24/20
f 31/31/21 32/32/21 33/33/21 34/34/21
f 32/32/22 35/35/22 36/36/22 33/33/22
f 35/35/23 37/37/23 38/38/23 36/36/23
f 37/37/24 39/39/24 40/40/24 38/38/24
f 39/39/25 41/41/25 42/42/25 40/40/25
f 34/34/26 33/33/26 43/43/26 44/44/26
f 33/33/27 36/36/27 45/45/27 43/43/27
f 36/36/28 38/38/28 46/46/28 45/45/28
f 38/38/29 40/40/29 47/47/29 46/46/29
f 40/40/30 42/42/30 48/48/30 47/47/30
f 44/44/31 43/43/31 49/49/31 50/50/31
f 43/43/32 45/45/32 51/51/32 49/49/32
f 45/45/33 46/46/33 52/52/33 51/51/33
f 46/46/34 47/47/34 53/53/34 52/52/34
f 47/47/35 48/48/35 54/54/35 53/53/35
f 50/50/36 49/49/36 55/55/36 56/56/36
f 49/49/37 51/51/37 57/57/37 55/55/37
f 51/51/38 52/52/38 58/58/38 57/57/38
f 52/52/39 53/53/39 59/59/39 58/58/39
f 53/53/40 54/54/40 60/60/40 59/59/40
f 1/1/41 4/4/41 61/61/41 62/62/41
f 4/4/42 6/6/42 63/63/42 61/61/42
f 6/6/43 8/8/43 64/64/43 63/63/43
f 8/8/44 10/10/44 65/65/44 64/64/44
f 10/10/45 12/12/45 66/66/45 65/65/45
f 62/62/46 61/61/46 67/67/46 68/68/46
f 61/61/47 63/63/47 69/69/47 67/67/47
f 63/63/48 64/64/48 70/70/48 69/69/48
f 64/64/49 65/65/49 71/71/49 70/70/49
f 65/65/50 66/66/50 72/72/50 71/71/50
f 68/68/51 67/67/51 32/32/51 31/31/51
f 67/67/52 69/69/52 35/35/52 32/32/52
f 69/69/53 70/70/53 37/37/53 35/35/53
f 70/70/54 71/71/54 39/39/54 37/37/54
f 71/71/55 72/72/55 41/41/55 39/39/55
f 12/12/56 11/11/56 73/73/56 66/66/56
f 11/11/57 18/18/57 74/74/57 73/73/57
f 18/18/58 24/24/58 75/75/58 74/74/58
f 24/24/59 30/30/59 76/76/59 75/75/59
f 66/66/60 73/73/60 77/77/60 72/72/60
f 73/73/61 74/74/61 78/78/61 77/77/61
f 74/74/62 75/75/62 79/79/62 78/78/62
f 75/75/63 76/76/63 80/80/63 79/79/63
f 72/72/64 77/77/64 42/42/64 41/41/64
f 77/77/65 78/78/65 48/48/65 42/42/65
f 78/78/66 79/79/66 54/54/66 48/48/66
f 79/79/67 80/80/67 60/60/67 54/54/67
f 30/30/68 29/29/68 81/81/68 76/76/68
f 29/29/69 28/28/69 82/82/69 81/81/69
f 28/28/70 27/27/70 83/83/70 82/82/70
f 27/27/71 26/26/71 84/84/71 83/83/71
f 26/26/72 25/25/72 85/85/72 84/84/72
f 76/76/73 81/81/73 86/86/73 80/80/73
f 81/81/74 82/82/74 87/87/74 86/86/74
f 82/82/75 83/83/75 88/88/75 87/87/75
f 83/83/76 84/84/76 89/89/76 88/88/76
f 84/84/77 85/85/77 90/90/77 89/89/77
f 80/80/78 86/86/78 59/59/78 60/60/78
f 86/86/79 87/87/79 58/58/79 59/59/79
f 87/87/80 88/88/80 57/57/80 58/58/80
f 88/88/81 89/89/81 55/55/81 57/57/81
f 89/89/82 90/90/82 56/56/82 55/55/82
f 25/25/83 19/19/83 91/91/83 85/85/83
f 19/19/84 13/13/84 92/92/84 91/91/84
f 13/13/85 2/2/85 93/93/85 92/92/85
f 2/2/86 1/1/86 62/62/86 93/93/86
f 85/85/87 91/91/87 94/94/87 90/90/87
f 91/91/88 92/92/88 95/95/88 94/94/88
f 92/92/89 93/93/89 96/96/89 95/95/89
f 93/93/90 62/62/90 68/68/90 96/96/90
f 90/90/91 94/94/91 50/50/91 56/56/91
f 94/94/92 95/95/92 44/44/92 50/50/92
f 95/95/93 96/96/93 34/34/93 44/44/93
f 96/96/94 68/68/94 31/31/94 34/34/94
f 97/97/95 98/98/95 99/99/95 100/100/95
f 100/100/96 99/99/96 101/101/96 102/102/96
f 102/102/97 101/101/97 103/103/97 104/104/97
f 104/104/98 103/103/98 105/105/98 106/106/98
f 106/106/99 105/105/99 98/98/99 97/97/99
f 98/98/100 107/107/100 108/108/100 99/99/100
f 99/99/101 108/108/101 109/109/101 101/101/101
f 101/101/102 109/109/102 110/110/102 103/103/102
f 103/103/103 110/110/103 111/111/103 105/105/103
f 105/105/104 111/111/104 107/107/104 98/98/104
f 107/107/105 112/112/105 113/113/105 108/108/105
f 108/108/106 113/113/106 114/114/106 109/109/106
f 109/109/107 114/114/107 115/115/107 110/110/107
f 110/110/108 115/115/108 116/116/108 111/111/108
f 111/111/109 116/116/109 112/112/109 107/107/109
f 112/112/110 117/117/110 118/118/110 113/113/110
f 113/113/111 118/118/111 119/119/111 114/114/111
f 114/114/112 119/119/112 120/120/112 115/115/112
f 115/115/113 120/120/113 121/121/113 116/116/113
f 116/116/114 121/121/114 117/117/114 112/112/114
f 117/117/115 122/122/115 123/123/115 118/118/115
f 118/118/116 123/123/116 124/124/116 119/119/116
f 119/119/117 124/124/117 125/125/117 120/120/117
f 120/120/118 125/125/118 126/126/118 121/121/118
f 121/121/119 126/126/119 122/122/119 117/117/119
f 122/122/120 127/127/120 128/128/120 123/123/120
f 123/123/121 128/128/121 129/129/121 124/124/121
f 124/124/122 129/129/122 130/130/122 125/125/122
f 125/125/123 130/130/123 131/131/123 126/126/123
f 126/126/124 131/131/124 127/127/124 122/122/124
f 127/127/125 132/132/125 133/133/125 128/128/125
f 128/128/126 133/133/126 134/134/126 129/129/126
f 129/129/127 134/134/127 135/135/127 130/130/127
f 130/130/128 135/135/128 136/136/128 131/131/128
f 131/131/129 136/136/130 132/132/131 127/127/129
f 132/132/132 137/137/132 138/138/132 133/133/132
f 133/133/133 138/138/133 139/139/133 134/134/133
f 134/134/134 139/139/134 140/140/134 135/135/134
f 135/135/135 140/140/135 141/141/135 136/136/135
f 136/136/130 141/141/136 137/137/136 132/132/131
f 137/137/137 142/142/137 143/143/137 138/138/137
f 138/138/138 143/143/138 144/144/138 139/139/138
f 139/139/139 144/144/139 145/145/139 140/140/139
f 140/140/140 145/145/140 146/146/140 141/141/140
f 141/141/141 146/146/141 142/142/141 137/137/141
f 142/142/142 147/147/142 148/148/142 143/143/142
f 143/143/143 148/148/143 149/149/143 144/144/143
f 144/144/144 149/149/144 150/150/144 145/145/144
f 145/145/145 150/150/145 151/151/145 146/146/145
f 146/146/146 151/151/146 147/147/146 142/142/146
f 147/147/147 152/152/147 153/153/147 148/148/147
f 148/148/148 153/153/148 154/154/148 149/149/148
f 149/149/149 154/154/149 155/155/149 150/150/149
f 150/150/150 155/155/150 156/156/150 151/151/150
f 151/151/151 156/156/151 152/152/151 147/147/151
f 152/152/152 157/157/152 158/158/152 153/153/152
f 153/153/153 158/158/153 159/159/153 154/154/153
f 154/154/154 159/159/154 160/160/154 155/155/154
f 155/155/155 160/160/155 161/161/155 156/156/155
f 156/156/156 161/161/156 157/157/156 152/152/156
f 157/157/157 162/162/157 163/163/157 158/158/157
f 158/158/158 163/163/158 164/164/158 159/159/158
f 159/159/159 164/164/159 165/165/159 160/160/159
f 160/160/160 165/165/160 166/166/160 161/161/160
f 161/161/161 166/166/161 162/162/161 157/157/161
f 162/162/162 97/97/162 100/100/162 163/163/162
f 163/163/163 100/100/163 102/102/163 164/164/163
f 164/164/164 102/102/164 104/104/164 165/165/164
f 165/165/165 104/104/165 106/106/165 166/166/165
f 166/166/166 106/106/166 97/97/166 162/162/166
f 167/167/167 168/168/167 169/169/167 170/170/167
f 170/170/168 169/169/168 171/171/168 172/172/168
f 172/172/169 171/171/169 173/173/169 174/174/169
f 174/174/170 173/173/170 175/175/170 176/176/170
f 176/176/171 175/175/171 168/168/171 167/167/171
f 168/168/172 177/177/172 178/178/172 169/169/172
f 169/169/173 178/178/173 179/179/173 171/171/173
f 171/171/174 179/179/174 180/180/174 173/173/174
f 173/173/175 180/180/175 181/181/175 175/175/175
f 175/175/176 181/181/176 177/177/176 168/168/176
f 177/177/177 182/182/177 183/183/177 178/178/177
f 178/178/178 183/183/178 184/184/178 179/179/178
f 179/179/179 184/184/179 185/185/179 180/180/179
f 180/180/180 185/185/180 186/186/180 181/181/180
f 181/181/181 186/186/181 182/182/181 177/177/181
f 182/182/182 187/187/182 188/188/182 183/183/182
f 183/183/183 188/188/183 189/189/183 184/184/183
f 184/184/184 189/189/184 190/190/184 185/185/184
f 185/185/185 190/190/185 191/191/185 186/186/185
f 186/186/186 191/191/186 187/187/186 182/182/186
f 187/187/187 192/192/187 193/193/187 188/188/187
f 188/188/188 193/193/188 194/194/188 189/189/188
f 189/189/189 194/194/189 195/195/189 190/190/189
f 190/190/190 195/195/190 196/196/190 191/191/190
f 191/191/191 196/196/191 192/192/191 187/187/191
f 192/192/192 197/197/192 198/198/192 193/193/192
f 193/193/193 198/198/193 199/199/193 194/194/193
f 194/194/194 199/199/194 200/200/194 195/195/194
f 195/195/195 200/200/195 201/201/195 196/196/195
f 196/196/196 201/201/196 197/197/196 192/192/196
f 197/197/197 202/202/197 203/203/197 198/198/197
f 198/198/198 203/203/198 204/204/198 199/199/198
f 199/199/199 204/204/199 205/205/199 200/200/199
f 200/200/200 205/205/200 206/206/200 201/201/200
f 201/201/201 206/206/201 202/202/201 197/197/201
f 202/202/202 207/207/202 208/208/202 203/203/202
f 203/203/203 208/208/203 209/209/203 204/204/203
f 204/204/204 209/209/204 210/210/204 205/205/204
f 205/205/205 210/210/205 211/211/205 206/206/205
f 206/206/206 211/211/206 207/207/206 202/202/206
f 207/207/207 212/212/207 213/213/207 208/208/207
f 208/208/208 213/213/208 214/214/208 209/209/208
f 209/209/209 214/214/209 215/215/209 210/210/209
f 210/210/210 215/215/210 216/216/210 211/211/210
f 211/211/211 216/216/212 212/212/212 207/207/211
f 212/212/213 217/217/213 218/218/213 213/213/213
f 213/213/214 218/218/214 219/219/214 214/214/214
f 214/214/215 219/219/215 220/220/215 215/215/215
f 215/215/216 220/220/216 221/221/216 216/216/216
f 216/216/212 221/221/217 217/217/217 212/212/212
f 217/217/218 222/222/218 223/223/218 218/218/218
f 218/218/219 223/223/219 224/224/219 219/219/219
f 219/219/220 224/224/220 225/225/220 220/220/220
f 220/220/221 225/225/221 226/226/221 221/221/221
f 221/221/222 226/226/222 222/222/222 217/217/222
f 222/222/223 227/227/223 228/228/223 223/223/223
f 223/223/224 228/228/224 229/229/224 224/224/224
f 224/224/225 229/229/225 230/230/225 225/225/225
f 225/225/226 230/230/226 231/231/226 226/226/226
f 226/226/227 231/231/227 227/227/227 222/222/227
f 227/227/228 232/232/228 233/233/228 228/228/228
f 228/228/229 233/233/229 234/234/229 229/229/229
f 229/229/230 234/234/230 235/235/230 230/230/230
f 230/230/231 235/235/231 236/236/231 231/231/231
f 231/231/232 236/236/232 232/232/232 227/227/232
f 232/232/233 167/167/233 170/170/233 233/233/233
f 233/233/234 170/170/234 172/172/234 234/234/234
f 234/234/235 172/172/235 174/174/235 235/235/235
f 235/235/236 174/174/236 176/176/236 236/236/236
f 236/236/237 176/176/237 167/167/237 232/232/237
f 237/237/238 238/238/238 239/239/238 240/240/238
f 240/240/239 239/239/239 241/241/239 242/242/239
f 242/242/240 241/241/240 243/243/240 244/244/240
f 244/244/241 243/243/241 245/245/241 246/246/241
f 246/246/242 245/245/242 238/238/242 237/237/242
f 238/238/243 247/247/243 248/248/243 239/239/243
f 239/239/244 248/248/244 249/249/244 241/241/244
f 241/241/245 249/249/245 250/250/245 243/243/245
f 243/243/246 250/250/246 251/251/246 245/245/246
f 245/245/247 251/251/247 247/247/247 238/238/247
f 247/247/248 252/252/248 253/253/248 248/248/248
f 248/248/249 253/253/249 254/254/249 249/249/249
f 249/249/250 254/254/250 255/255/250 250/250/250
f 250/250/251 255/255/251 256/256/251 251/251/251
f 251/251/252 256/256/252 252/252/252 247/247/252
f 252/252/253 257/257/253 258/258/253 253/253/253
f 253/253/254 258/258/254 259/259/254 254/254/254
f 254/254/255 259/259/255 260/260/255 255/255/255
f 255/255/256 260/260/256 261/261/256 256/256/256
f 256/256/257 261/261/257 257/257/257 252/252/257
f 257/257/258 262/262/258 263/263/258 258/258/258
f 258/258/259 263/263/259 264/264/259 259/259/259
f 259/259/260 264/264/260 265/265/260 260/260/260
f 260/260/261 265/265/261 266/266/261 261/261/261
f 261/261/262 266/266/262 262/262/262 257/257/262
f 262/262/263 267/267/263 268/268/263 263/263/263
f 263/263/264 268/268/264 269/269/264 264/264/264
f 264/264/265 269/269/265 270/270/265 265/265/265
f 265/265/266 270/270/266 271/271/266 266/266/266
f 266/266/267 271/271/267 267/267/267 262/262/267
f 267/267/268 272/272/268 273/273/268 268/268/268
f 268/268/269 273/273/269 274/274/269 269/269/269
f 269/269/270 274/274/270 275/275/270 270/270/270
f 270/270/271 275/275/271 276/276/271 271/271/271
f 271/271/272 276/276/273 272/272/273 267/267/272
f 272/272/274 277/277/274 278/278/274 273/273/274
f 273/273/275 278/278/275 279/279/275 274/274/275
f 274/274/276 279/279/276 280/280/276 275/275/276
f 275/275/277 280/280/277 281/281/277 276/276/277
f 276/276/273 281/281/278 277/277/278 272/272/273
f 277/277/279 282/282/279 283/283/279 278/278/279
f 278/278/280 283/283/280 284/284/280 279/279/280
f 279/279/281 284/284/281 285/285/281 280/280/281
f 280/280/282 285/285/282 286/286/282 281/281/282
f 281/281/283 286/286/283 282/282/283 277/277/283
f 282/282/284 287/287/284 288/288/284 283/283/284
f 283/283/285 288/288/285 289/289/285 284/284/285
f 284/284/286 289/289/286 290/290/286 285/285/286
f 285/285/287 290/290/287 291/291/287 286/286/287
f 286/286/288 291/291/288 287/287/288 282/282/288
f 287/287/289 292/292/289 293/293/289 288/288/289
f 288/288/290 293/293/290 294/294/290 289/289/290
f 289/289/291 294/294/291 295/295/291 290/290/291
f 290/290/292 295/295/292 296/296/292 291/291/292
f 291/291/293 296/296/293 292/292/293 287/287/293
f 292/292/294 297/297/294 298/298/294 293/293/294
f 293/293/295 298/298/295 299/299/295 294/294/295
f 294/294/296 299/299/296 300/300/296 295/295/296
f 295/295/297 300/300/297 301/301/297 296/296/297
f 296/296/298 301/301/298 297/297/298 292/292/298
f 297/297/299 302/302/299 303/303/299 298/298/299
f 298/298/300 303/303/300 304/304/300 299/299/300
f 299/299/301 304/304/301 305/305/301 300/300/301
f 300/300/302 305/305/302 306/306/302 301/301/302
f 301/301/303 306/306/303 302/302/303 297/297/303
f 302/302/304 237/237/304 240/240/304 303/303/304
f 303/303/305 240/240/305 242/242/305 304/304/305
f 304/304/306 242/242/306 244/244/306 305/305/306
f 305/305/307 244/244/307 246/246/307 306/306/307
f 306/306/308 246/246/308 237/237/308 302/302/308
f 307/307/309 308/308/309 309/309/309 310/310/309
f 310/310/310 309/309/310 311/311/310 312/312/310
f 312/312/311 311/311/311 313/313/311 314/314/311
f 314/314/312 313/313/312 315/315/312 316/316/312
f 316/316/313 315/315/313 308/308/313 307/307/313
f 308/308/314 317/317/314 318/318/314 309/309/314
f 309/309/315 318/318/315 319/319/315 311/311/315
f 311/311/316 319/319/316 320/320/316 313/313/316
f 313/313/317 320/320/317 321/321/317 315/315/317
f 315/315/318 321/321/318 317/317/318 308/308/318
f 317/317/319 322/322/319 323/323/319 318/318/319
f 318/318/320 323/323/320 324/324/320 319/319/320
f 319/319/321 324/324/321 325/325/321 320/320/321
f 320/320/322 325/325/322 326/326/322 321/321/322
f 321/321/323 326/326/323 322/322/323 317/317/323
f 322/322/324 327/327/324 328/328/324 323/323/324
f 323/323/325 328/328/325 329/329/325 324/324/325
f 324/324/326 329/329/326 330/330/326 325/325/326
f 325/325/327 330/330/327 331/331/327 326/326/327
f 326/326/328 331/331/328 327/327/328 322/322/328
f 327/327/329 332/332/329 333/333/329 328/328/329
f 328/328/330 333/333/330 334/334/330 329/329/330
f 329/329/331 334/334/331 335/335/331 330/330/331
f 330/330/332 335/335/332 336/336/332 331/331/332
f 331/331/333 336/336/333 332/332/333 327/327/333
f 332/332/334 337/337/334 338/338/334 333/333/334
f 333/333/335 338/338/335 339/339/335 334/334/335
f 334/334/336 339/339/336 340/340/336 335/335/336
f 335/335/337 340/340/337 341/341/337 336/336/337
f 336/336/338 341/341/338 337/337/338 332/332/338
f 337/337/339 342/342/339 343/343/339 338/338/339
f 338/338/340 343/343/340 344/344/340 339/339/340
f 339/339/341 344/344/341 345/345/341 340/340/341
f 340/340/342 345/345/342 346/346/342 341/341/342
f 341/341/343 346/346/343 342/342/343 337/337/343
f 342/342/344 347/347/344 348/348/344 343/343/344
f 343/343/345 348/348/345 349/349/345 344/344/345
f 344/344/346 349/349/346 350/350/346 345/345/346
f 345/345/347 350/350/347 351/351/347 346/346/347
f 346/346/348 351/351/348 347/347/348 342/342/348
f 347/347/349 352/352/349 353/353/349 348/348/349
f 348/348/350 353/353/350 354/354/350 349/349/350
f 349/349/351 354/354/351 355/355/351 350/350/351
f 350/350/352 355/355/352 356/356/352 351/351/352
f 351/351/353 356/356/354 352/352/354 347/347/353
f 352/352/355 357/357/355 358/358/355 353/353/355
f 353/353/356 358/358/356 359/359/356 354/354/356
f 354/354/357 359/359/357 360/360/357 355/355/357
f 355/355/358 360/360/358 361/361/358 356/356/358
f 356/356/354 361/361/359 357/357/359 352/352/354
f 357/357/360 362/362/360 363/363/360 358/358/360
f 358/358/361 363/363/361 364/364/361 359/359/361
f 359/359/362 364/364/362 365/365/362 360/360/362
f 360/360/363 365/365/363 366/366/363 361/361/363
f 361/361/364 366/366/364 362/362/364 357/357/364
f 362/362/365 367/367/365 368/368/365 363/363/365
f 363/363/366 368/368/366 369/369/366 364/364/366
f 364/364/367 369/369/367 370/370/367 365/365/367
f 365/365/368 370/370/368 371/371/368 366/366/368
f 366/366/369 371/371/369 367/367/369 362/362/369
f 367/367/370 372/372/370 373/373/370 368/368/370
f 368/368/371 373/373/371 374/374/371 369/369/371
f 369/369/372 374/374/372 375/375/372 370/370/372
f 370/370/373 375/375/373 376/376/373 371/371/373
f 371/371/374 376/376/374 372/372/374 367/367/374
f 372/372/375 307/307/375 310/310/375 373/373/375
f 373/373/376 310/310/376 312/312/376 374/374/376
f 374/374/377 312/312/377 314/314/377 375/375/377
f 375/375/378 314/314/378 316/316/378 376/376/378
f 376/376/379 316/316/379 307/307/379 372/372/379
f 377/377/380 378/378/380 379/379/380 380/380/380
f 380/380/381 379/379/381 381/381/381 382/382/381
f 382/382/382 381/381/382 383/383/382 384/384/382
f 384/384/383 383/383/383 385/385/383 386/386/383
f 386/386/384 385/385/384 378/378/384 377/377/384
f 378/378/385 387/387/385 388/388/385 379/379/385
f 379/379/386 388/388/386 389/389/386 381/381/386
f 381/381/387 389/389/387 390/390/387 383/383/387
f 383/383/388 390/390/388 391/391/388 385/385/388
f 385/385/389 391/391/389 387/387/389 378/378/389
f 387/387/390 392/392/390 393/393/390 388/388/390
f 388/388/391 393/393/391 394/394/391 389/389/391
f 389/389/392 394/394/392 395/395/392 390/390/392
f 390/390/393 395/395/393 396/396/393 391/391/393
f 391/391/394 396/396/394 392/392/394 387/387/394
f 392/392/395 397/397/395 398/398/395 393/393/395
f 393/393/396 398/398/396 399/399/396 394/394/396
f 394/394/397 399/399/397 400/400/397 395/395/397
f 395/395/398 400/400/398 401/401/398 396/396/398
f 396/396/399 401/401/399 397/397/399 392/392/399
f 397/397/400 402/402/400 403/403/400 398/398/400
f 398/398/401 403/403/401 404/404/401 399/399/401
f 399/399/402 404/404/402 405/405/402 400/400/402
f 400/400/403 405/405/403 406/406/403 401/401/403
f 401/401/404 406/406/404 402/402/404 397/397/404
f 402/402/405 407/407/405 408/408/405 403/403/405
f 403/403/406 408/408/406 409/409/406 404/404/406
f 404/404/407 409/409/407 410/410/407 405/405/407
f 405/405/408 410/410/408 411/411/408 406/406/408
f 406/406/409 411/411/409 407/407/409 402/402/409
f 407/407/410 412/412/410 413/413/410 408/408/410
f 408/408/411 413/413/411 414/414/411 409/409/411
f 409/409/412 414/414/412 415/415/412 410/410/412
f 410/410/413 415/415/413 416/416/413 411/411/413
f 411/411/414 416/416/415 412/412/415 407/407/414
f 412/412/416 417/417/416 418/418/416 413/413/416
f 413/413/417 418/418/417 419/419/417 414/414/417
f 414/414/418 419/419/418 420/420/418 415/415/418
f 415/415/419 420/420/419 421/421/419 416/416/419
f 416/416/415 421/421/420 417/417/420 412/412/415
f 417/417/421 422/422/421 423/423/421 418/418/421
f 418/418/422 423/423/422 424/424/422 419/419/422
f 419/419/423 424/424/423 425/425/423 420/420/423
f 420/420/424 425/425/424 426/426/424 421/421/424
f 421/421/425 426/426/425 422/422/425 417/417/425
f 422/422/426 427/427/426 428/428/426 423/423/426
f 423/423/427 428/428/427 429/429/427 424/424/427
f 424/424/428 429/429/428 430/430/428 425/425/428
f 425/425/429 430/430/429 431/431/429 426/426/429
f 426/426/430 431/431/430 427/427/430 422/422/430
f 427/427/431 432/432/431 433/433/431 428/428/431
f 428/428/432 433/433/432 434/434/432 429/429/432
f 429/429/433 434/434/433 435/435/433 430/430/433
f 430/430/434 435/435/434 436/436/434 431/431/434
f 431/431/435 436/436/435 432/432/435 427/427/435
f 432/432/436 437/437/436 438/438/436 433/433/436
f 433/433/437 438/438/437 439/439/437 434/434/437
f 434/434/438 439/439/438 440/440/438 435/435/438
f 435/435/439 440/440/439 441/441/439 436/436/439
f 436/436/440 441/441/440 437/437/440 432/432/440
f 437/437/441 442/442/441 443/443/441 438/438/441
f 438/438/442 443/443/442 444/444/442 439/439/442
f 439/439/443 444/444/443 445/445/443 440/440/443
f 440/440/444 445/445/444 446/446/444 441/441/444
f 441/441/445 446/446/445 442/442/445 437/437/445
f 442/442/446 377/377/446 380/380/446 443/443/446
f 443/443/447 380/380/447 382/382/447 444/444/447
f 444/444/448 382/382/448 384/384/448 445/445/448
f 445/445/449 384/384/449 386/386/449 446/446/449
f 446/446/450 386/386/450 377/377/450 442/442/450
f 447/447/451 448/448/451 449/449/451 450/450/451
f 450/450/452 449/449/452 451/451/452 452/452/452
f 452/452/453 451/451/453 453/453/453 454/454/453
f 454/454/454 453/453/454 455/455/454 456/456/454
f 456/456/455 455/455/455 448/448/455 447/447/455
f 448/448/456 457/457/456 458/458/456 449/449/456
f 449/449/457 458/458/457 459/459/457 451/451/457
f 451/451/458 459/459/458 460/460/458 453/453/458
f 453/453/459 460/460/459 461/461/459 455/455/459
f 455/455/460 461/461/460 457/457/460 448/448/460
f 457/457/461 462/462/461 463/463/461 458/458/461
f 458/458/462 463/463/462 464/464/462 459/459/462
f 459/459/463 464/464/463 465/465/463 460/460/463
f 460/460/464 465/465/464 466/466/464 461/461/464
f 461/461/465 466/466/465 462/462/465 457/457/465
f 462/462/466 467/467/466 468/468/466 463/463/466
f 463/463/467 468/468/467 469/469/467 464/464/467
f 464/464/468 469/469/468 470/470/468 465/465/468
f 465/465/469 470/470/469 471/471/469 466/466/469
f 466/466/470 471/471/470 467/467/470 462/462/470
f 467/467/471 472/472/471 473/473/471 468/468/471
f 468/468/472 473/473/472 474/474/472 469/469/472
f 469/469/473 474/474/473 475/475/473 470/470/473
f 470/470/474 475/475/474 476/476/474 471/471/474
f 471/471/475 476/476/475 472/472/475 467/467/475
f 472/472/476 477/477/476 478/478/476 473/473/476
f 473/473/477 478/478/477 479/479/477 474/474/477
f 474/474/478 479/479/478 480/480/478 475/475/478
f 475/475/479 480/480/479 481/481/479 476/476/479
f 476/476/480 481/481/480 477/477/480 472/472/480
f 477/477/481 482/482/481 483/483/481 478/478/481
f 478/478/482 483/483/482 484/484/482 479/479/482
f 479/479/483 484/484/483 485/485/483 480/480/483
f 480/480/484 485/485/484 486/486/484 481/481/484
f 481/481/485 486/486/485 482/482/485 477/477/485
f 482/482/486 487/487/486 488/488/486 483/483/486
f 483/483/487 488/488/487 489/489/487 484/484/487
f 484/484/488 489/489/488 490/490/488 485/485/488
f 485/485/489 490/490/489 491/491/489 486/486/489
f 486/486/490 491/491/490 487/487/490 482/482/490
f 487/487/491 492/492/491 493/493/491 488/488/491
f 488/488/492 493/493/492 494/494/492 489/489/492
f 489/489/493 494/494/493 495/495/493 490/490/493
f 490/490/494 495/495/494 496/496/494 491/491/494
f 491/491/495 496/496/496 492/492/496 487/487/495
f 492/492/497 497/497/497 498/498/497 493/493/497
f 493/493/498 498/498/498 499/499/498 494/494/498
f 494/494/499 499/499/499 500/500/499 495/495/499
f 495/495/500 500/500/500 501/501/500 496/496/500
f 496/496/496 501/501/501 497/497/501 492/492/496
f 497/497/502 502/502/502 503/503/502 498/498/502
f 498/498/503 503/503/503 504/504/503 499/499/503
f 499/499/504 504/504/504 505/505/504 500/500/504
f 500/500/505 505/505/505 506/506/505 501/501/505
f 501/501/506 506/506/506 502/502/506 497/497/506
f 502/502/507 507/507/507 508/508/507 503/503/507
f 503/503/508 508/508/508 509/509/508 504/504/508
f 504/504/509 509/509/509 510/510/509 505/505/509
f 505/505/510 510/510/510 511/511/510 506/506/510
f 506/506/511 511/511/511 507/507/511 502/502/511
f 507/507/512 512/512/512 513/513/512 508/508/512
f 508/508/513 513/513/513 514/514/513 509/509/513
f 509/509/514 514/514/514 515/515/514 510/510/514
f 510/510/515 515/515/515 516/516/515 511/511/515
f 511/511/516 516/516/516 512/512/516 507/507/516
f 512/512/517 447/447/517 450/450/517 513/513/517
f 513/513/518 450/450/518 452/452/518 514/514/518
f 514/514/519 452/452/519 454/454/519 515/515/519
f 515/515/520 454/454/520 456/456/520 516/516/520
f 516/516/521 456/456/521 447/447/521 512/512/521
f 517/517/522 518/518/522 519/519/522 520/520/522
f 520/520/523 519/519/523 521/521/523 522/522/523
f 522/522/524 521/521/524 523/523/524 524/524/524
f 524/524/525 523/523/525 525/525/525 526/526/525
f 526/526/526 525/525/526 527/527/526 528/528/526
f 518/518/527 529/529/527 530/530/527 519/519/527
f 519/519/528 530/530/528 531/531/528 521/521/528
f 521/521/529 531/531/529 532/532/529 523/523/529
f 523/523/530 532/532/530 533/533/530 525/525/530
f 525/525/531 533/533/531 534/534/531 527/527/531
f 529/529/532 535/535/532 536/536/532 530/530/532
f 530/530/533 536/536/533 537/537/533 531/531/533
f 531/531/534 537/537/534 538/538/534 532/532/534
f 532/532/535 538/538/535 539/539/535 533/533/535
f 533/533/536 539/539/536 540/540/536 534/534/536
f 535/535/537 541/541/537 542/542/537 536/536/537
f 536/536/538 542/542/538 543/543/538 537/537/538
f 537/537/539 543/543/539 544/544/539 538/538/539
f 538/538/540 544/544/540 545/545/540 539/539/540
f 539/539/541 545/545/541 546/546/541 540/540/541
f 547/547/542 548/548/542 549/549/542 550/550/542
f 548/548/543 551/551/543 552/552/543 549/549/543
f 551/551/544 553/553/544 554/554/544 552/552/544
f 553/553/545 555/555/545 556/556/545 554/554/545
f 555/555/546 557/557/546 558/558/546 556/556/546
f 550/550/547 549/549/547 559/559/547 560/560/547
f 549/549/548 552/552/548 561/561/548 559/559/548
f 552/552/549 554/554/549 562/562/549 561/561/549
f 554/554/550 556/556/550 563/563/550 562/562/550
f 556/556/551 558/558/551 564/564/551 563/563/551
f 560/560/552 559/559/552 565/565/552 566/566/552
f 559/559/553 561/561/553 567/567/553 565/565/553
f 561/561/554 562/562/554 568/568/554 567/567/554
f 562/562/555 563/563/555 569/569/555 568/568/555
f 563/563/556 564/564/556 570/570/556 569/569/556
f 566/566/557 565/565/557 571/571/557 572/572/557
f 565/565/558 567/567/558 573/573/558 571/571/558
f 567/567/559 568/568/559 574/574/559 573/573/559
f 568/568/560 569/569/560 575/575/560 574/574/560
f 569/569/561 570/570/561 576/576/561 575/575/561
f 517/517/562 520/520/562 577/577/562 578/578/562
f 520/520/563 522/522/563 579/579/563 577/577/563
f 522/522/564 524/524/564 580/580/564 579/579/564
f 524/524/565 526/526/565 581/581/565 580/580/565
f 526/526/566 528/528/566 582/582/566 581/581/566
f 578/578/567 577/577/567 583/583/567 584/584/567
f 577/577/568 579/579/568 585/585/568 583/583/568
f 579/579/569 580/580/569 586/586/569 585/585/569
f 580/580/570 581/581/570 587/587/570 586/586/570
f 581/581/571 582/582/571 588/588/571 587/587/571
f 584/584/572 583/583/572 548/548/572 547/547/572
f 583/583/573 585/585/573 551/551/573 548/548/573
f 585/585/574 586/586/574 553/553/574 551/551/574
f 586/586/575 587/587/575 555/555/575 553/553/575
f 587/587/576 588/588/576 557/557/576 555/555/576
f 528/528/577 527/527/577 589/589/577 582/582/577
f 527/527/578 534/534/578 590/590/578 589/589/578
f 534/534/579 540/540/579 591/591/579 590/590/579
f 540/540/580 546/546/580 592/592/580 591/591/580
f 582/582/581 589/589/581 593/593/581 588/588/581
f 589/589/582 590/590/582 594/594/582 593/593/582
f 590/590/583 591/591/583 595/595/583 594/594/583
f 591/591/584 592/592/584 596/596/584 595/595/584
f 588/588/585 593/593/585 558/558/585 557/557/585
f 593/593/586 594/594/586 564/564/586 558/558/586
f 594/594/587 595/595/587 570/570/587 564/564/587
f 595/595/588 596/596/588 576/576/588 570/570/588
f 546/546/589 545/545/589 597/597/589 592/592/589
f 545/545/590 544/544/590 598/598/590 597/597/590
f 544/544/591 543/543/591 599/599/591 598/598/591
f 543/543/592 542/542/592 600/600/592 599/599/592
f 542/542/593 541/541/593 601/601/593 600/600/593
f 592/592/594 597/597/594 602/602/594 596/596/594
f 597/597/595 598/598/595 603/603/595 602/602/595
f 598/598/596 599/599/596 604/604/596 603/603/596
f 599/599/597 600/600/597 605/605/597 604/604/597
f 600/600/598 601/601/598 606/606/598 605/605/598
f 596/596/599 602/602/599 575/575/599 576/576/599
f 602/602/600 603/603/600 574/574/600 575/575/600
f 603/603/601 604/604/601 573/573/601 574/574/601
f 604/604/602 605/605/602 571/571/602 573/573/602
f 605/605/603 606/606/603 572/572/603 571/571/603
f 541/541/604 535/535/604 607/607/604 601/601/604
f 535/535/605 529/529/605 608/608/605 607/607/605
f 529/529/606 518/518/606 609/609/606 608/608/606
f 518/518/607 517/517/607 578/578/607 609/609/607
f 601/601/608 607/607/608 610/610/608 606/606/608
f 607/607/609 608/608/609 611/611/609 610/610/609
f 608/608/610 609/609/610 612/612/610 611/611/610
f 609/609/611 578/578/611 584/584/611 612/612/611
f 606/606/612 610/610/612 566/566/612 572/572/612
f 610/610/613 611/611/613 560/560/613 566/566/613
f 611/611/614 612/612/614 550/550/614 560/560/614
f 612/612/615 584/584/615 547/547/615 550/550/615
f 613/613/616 614/614/616 615/615/616 616/616/616
f 616/616/617 615/615/617 617/617/617 618/618/617
f 618/618/618 617/617/618 619/619/618 620/620/618
f 620/620/619 619/619/619 621/621/619 622/622/619
f 622/622/620 621/621/620 623/623/620 624/624/620
f 614/614/621 625/625/621 626/626/621 615/615/621
f 615/615/622 626/626/622 627/627/622 617/617/622
f 617/617/623 627/627/623 628/628/623 619/619/623
f 619/619/624 628/628/624 629/629/624 621/621/624
f 621/621/625 629/629/625 630/630/625 623/623/625
f 625/625/626 631/631/626 632/632/626 626/626/626
f 626/626/627 632/632/627 633/633/627 627/627/627
f 627/627/628 633/633/628 634/634/628 628/628/628
f 628/628/629 634/634/629 635/635/629 629/629/629
f 629/629/630 635/635/630 636/636/630 630/630/630
f 631/631/631 637/637/631 638/638/631 632/632/631
f 632/632/632 638/638/632 639/639/632 633/633/632
f 633/633/633 639/639/633 640/640/633 634/634/633
f 634/634/634 640/640/634 641/641/634 635/635/634
f 635/635/635 641/641/635 642/642/635 636/636/635
f 643/643/636 644/644/636 645/645/636 646/646/636
f 644/644/637 647/647/637 648/648/637 645/645/637
f 647/647/638 649/649/638 650/650/638 648/648/638
f 649/649/639 651/651/639 652/652/639 650/650/639
f 651/651/640 653/653/640 654/654/640 652/652/640
f 646/646/641 645/645/641 655/655/641 656/656/641
f 645/645/642 648/648/642 657/657/642 655/655/642
f 648/648/643 650/650/643 658/658/643 657/657/643
f 650/650/644 652/652/644 659/659/644 658/658/644
f 652/652/645 654/654/645 660/660/645 659/659/645
f 656/656/646 655/655/646 661/661/646 662/662/646
f 655/655/647 657/657/647 663/663/647 661/661/647
f 657/657/648 658/658/648 664/664/648 663/663/648
f 658/658/649 659/659/649 665/665/649 664/664/649
f 659/659/650 660/660/650 666/666/650 665/665/650
f 662/662/651 661/661/651 667/667/651 668/668/651
f 661/661/652 663/663/652 669/669/652 667/667/652
f 663/663/653 664/664/653 670/670/653 669/669/653
f 664/664/654 665/665/654 671/671/654 670/670/654
f 665/665/655 666/666/655 672/672/655 671/671/655
f 613/613/656 616/616/656 673/673/656 674/674/656
f 616/616/657 618/618/657 675/675/657 673/673/657
f 618/618/658 620/620/658 676/676/658 675/675/658
f 620/620/659 622/622/659 677/677/659 676/676/659
f 622/622/660 624/624/660 678/678/660 677/677/660
f 674/674/661 673/673/661 679/679/661 680/680/661
f 673/673/662 675/675/662 681/681/662 679/679/662
f 675/675/663 676/676/663 682/682/663 681/681/663
f 676/676/664 677/677/664 683/683/664 682/682/664
f 677/677/665 678/678/665 684/684/665 683/683/665
f 680/680/666 679/679/666 644/644/666 643/643/666
f 679/679/667 681/681/667 647/647/667 644/644/667
f 681/681/668 682/682/668 649/649/668 647/647/668
f 682/682/669 683/683/669 651/651/669 649/649/669
f 683/683/670 684/684/670 653/653/670 651/651/670
f 624/624/671 623/623/671 685/685/671 678/678/671
f 623/623/672 630/630/672 686/686/672 685/685/672
f 630/630/673 636/636/673 687/687/673 686/686/673
f 636/636/674 642/642/674 688/688/674 687/687/674
f 678/678/675 685/685/675 689/689/675 684/684/675
f 685/685/676 686/686/676 690/690/676 689/689/676
f 686/686/677 687/687/677 691/691/677 690/690/677
f 687/687/678 688/688/678 692/692/678 691/691/678
f 684/684/679 689/689/679 654/654/679 653/653/679
f 689/689/680 690/690/680 660/660/680 654/654/680
f 690/690/681 691/691/681 666/666/681 660/660/681
f 691/691/682 692/692/682 672/672/682 666/666/682
f 642/642/683 641/641/683 693/693/683 688/688/683
f 641/641/684 640/640/684 694/694/684 693/693/684
f 640/640/685 639/639/685 695/695/685 694/694/685
f 639/639/686 638/638/686 696/696/686 695/695/686
f 638/638/687 637/637/687 697/697/687 696/696/687
f 688/688/688 693/693/688 698/698/688 692/692/688
f 693/693/689 694/694/689 699/699/689 698/698/689
f 694/694/690 695/695/690 700/700/690 699/699/690
f 695/695/691 696/696/691 701/701/691 700/700/691
f 696/696/692 697/697/692 702/702/692 701/701/692
f 692/692/693 698/698/693 671/671/693 672/672/693
f 698/698/694 699/699/694 670/670/694 671/671/694
f 699/699/695 700/700/695 669/669/695 670/670/695
f 700/700/696 701/701/696 667/667/696 669/669/696
f 701/701/697 702/702/697 668/668/697 667/667/697
f 637/637/698 631/631/698 703/703/698 697/697/698
f 631/631/699 625/625/699 704/704/699 703/703/699
f 625/625/700 614/614/700 705/705/700 704/704/700
f 614/614/701 613/613/701 674/674/701 705/705/701
f 697/697/702 703/703/702 706/706/702 702/702/702
f 703/703/703 704/704/703 707/707/703 706/706/703
f 704/704/704 705/705/704 708/708/704 707/707/704
f 705/705/705 674/674/705 680/680/705 708/708/705
f 702/702/706 706/706/706 662/662/706 668/668/706
f 706/706/707 707/707/707 656/656/707 662/662/707
f 707/707/708 708/708/708 646/646/708 656/656/708
f 708/708/709 680/680/709 643/643/709 646/646/709
f 709/709/710 710/710/710 711/711/710 712/712/710
f 713/713/711 714/714/711 715/715/711 716/716/711
f 717/717/712 718/718/712 719/719/712 720/720/712
f 721/721/713 722/722/713 723/723/713 724/724/713
f 725/725/714 726/726/714 727/727/714 728/728/714
f 729/729/715 730/730/715 731/731/715 732/732/715
f 733/733/710 734/734/710 735/735/710 736/736/710
f 734/734/710 737/737/710 738/738/710 735/735/710
f 737/737/710 739/739/710 740/740/710 738/738/710
f 739/739/710 733/733/710 736/736/710 740/740/710
f 741/741/711 742/742/711 743/743/711 744/744/711
f 742/742/711 745/745/711 746/746/711 743/743/711
f 745/745/711 747/747/711 748/748/711 746/746/711
f 747/747/711 741/741/711 744/744/711 748/748/711
f 749/749/712 750/750/716 751/751/716 752/752/712
f 750/750/716 753/753/716 754/754/716 751/751/716
f 753/753/716 755/755/712 756/756/712 754/754/716
f 755/755/712 749/749/712 752/752/712 756/756/712
f 757/757/713 758/758/713 759/759/713 760/760/713
f 758/758/713 761/761/713 762/762/713 759/759/713
f 761/761/713 763/763/713 764/764/713 762/762/713
f 763/763/713 757/757/713 760/760/713 764/764/713
f 765/765/717 766/766/714 767/767/714 768/768/717
f 766/766/714 769/769/714 770/770/714 767/767/714
f 769/769/714 771/771/717 772/772/717 770/770/714
f 771/771/717 765/765/717 768/768/717 772/772/717
f 773/773/715 774/774/718 775/775/718 776/776/715
f 774/774/718 777/777/715 778/778/715 775/775/718
f 777/777/715 779/779/715 780/780/715 778/778/715
f 779/779/715 773/773/715 776/776/715 780/780/715
f 781/781/713 782/782/713 783/783/713 784/784/713 785/785/713 786/786/713 787/787/713
f 782/782/712 788/788/712 789/789/712 783/783/712
f 788/788/715 790/790/715 791/791/715 792/792/715 793/793/715 794/794/715 789/789/715
f 790/790/714 781/781/714 787/787/714 791/791/714
f 795/795/714 796/796/714 797/797/714 798/798/714
f 796/796/715 799/799/715 800/800/715 801/801/715 802/802/715 803/803/715 797/797/715
f 799/799/712 804/804/712 805/805/712 800/800/712
f 804/804/713 795/795/713 798/798/713 806/806/713 807/807/713 808/808/713 805/805/713
f 809/809/711 810/810/711 811/811/711 812/812/711
f 810/810/719 813/813/719 814/814/719 815/815/719 816/816/719 811/811/719
f 813/813/710 817/817/710 818/818/710 814/814/710
f 817/817/720 809/809/720 812/812/720 819/819/720 820/820/720 818/818/720
f 821/821/711 822/822/711 823/823/711 824/824/711
f 822/822/721 825/825/721 826/826/721 827/827/721 828/828/721 823/823/721
f 825/825/710 829/829/710 830/830/710 826/826/710
f 829/829/714 821/821/714 824/824/714 831/831/714 832/832/714 830/830/714
f 833/833/711 834/834/711 835/835/711 836/836/711
f 834/834/720 837/837/720 838/838/720 839/839/720 840/840/720 835/835/720
f 837/837/710 841/841/710 842/842/710 838/838/710
f 841/841/715 833/833/715 836/836/715 843/843/715 844/844/715 842/842/715
f 845/845/711 846/846/711 847/847/711 848/848/711
f 846/846/714 849/849/714 850/850/714 851/851/714 852/852/714 847/847/714
f 849/849/710 853/853/710 854/854/710 850/850/710
f 853/853/716 845/845/716 848/848/716 855/855/716 856/856/716 854/854/716
f 857/857/712 858/858/712 859/859/712 860/860/712
f 861/861/713 862/862/713 863/863/713 864/864/713
f 865/865/714 866/866/714 867/867/714 868/868/714
f 869/869/715 870/870/715 871/871/715 872/872/715
f 873/873/712 874/874/712 875/875/712 876/876/712
f 877/877/713 878/878/713 879/879/713 880/880/713
f 881/881/714 882/882/714 883/883/714 884/884/714
f 885/885/715 886/886/715 887/887/715 888/888/715
f 889/889/710 890/890/710 891/891/710 892/892/710
f 893/893/711 894/894/711 895/895/711 896/896/711
f 897/897/710 898/898/710 899/899/710 900/900/710
f 901/901/711 902/902/711 903/903/711 904/904/711
f 905/905/710 906/906/710 907/907/710 908/908/710
f 909/909/711 910/910/711 911/911/711 912/912/711
f 787/787/722 786/786/722 709/709/722 712/712/722
f 786/786/723 792/792/723 710/710/723 709/709/723
f 792/792/724 791/791/724 711/711/724 710/710/724
f 791/791/725 787/787/725 712/712/725 711/711/725
f 798/798/726 797/797/726 713/713/726 716/716/726
f 797/797/727 803/803/727 714/714/727 713/713/727
f 803/803/728 806/806/728 715/715/728 714/714/728
f 806/806/729 798/798/729 716/716/729 715/715/729
f 812/812/730 811/811/730 717/717/730 720/720/730
f 811/811/731 816/816/731 718/718/731 717/717/731
f 816/816/732 819/819/732 719/719/732 718/718/732
f 819/819/733 812/812/733 720/720/733 719/719/733
f 824/824/734 823/823/734 721/721/734 724/724/734
f 823/823/735 828/828/735 722/722/735 721/721/735
f 828/828/736 831/831/736 723/723/736 722/722/736
f 831/831/737 824/824/737 724/724/737 723/723/737
f 836/836/738 835/835/738 725/725/738 728/728/738
f 835/835/739 840/840/739 726/726/739 725/725/739
f 840/840/740 843/843/740 727/727/740 726/726/740
f 843/843/741 836/836/741 728/728/741 727/727/741
f 848/848/742 847/847/742 729/729/742 732/732/742
f 847/847/743 852/852/743 730/730/743 729/729/743
f 852/852/744 855/855/744 731/731/744 730/730/744
f 855/855/745 848/848/745 732/732/745 731/731/745
f 815/815/731 814/814/731 857/857/731 860/860/731
f 814/814/732 818/818/732 858/858/732 857/857/732
f 818/818/733 820/820/733 859/859/733 858/858/733
f 820/820/730 815/815/730 860/860/730 859/859/730
f 827/827/735 826/826/735 861/861/735 864/864/735
f 826/826/736 830/830/736 862/862/736 861/861/736
f 830/830/737 832/832/737 863/863/737 862/862/737
f 832/832/734 827/827/734 864/864/734 863/863/734
f 839/839/739 838/838/739 865/865/739 868/868/739
f 838/838/740 842/842/740 866/866/740 865/865/740
f 842/842/746 844/844/746 867/867/746 866/866/746
f 844/844/738 839/839/738 868/868/738 867/867/738
f 851/851/743 850/850/743 869/869/743 872/872/743
f 850/850/744 854/854/744 870/870/744 869/869/744
f 854/854/745 856/856/745 871/871/745 870/870/745
f 856/856/742 851/851/742 872/872/742 871/871/742
f 816/816/731 815/815/731 873/873/731 876/876/731
f 815/815/747 820/820/747 874/874/747 873/873/747
f 820/820/733 819/819/733 875/875/733 874/874/733
f 819/819/730 816/816/730 876/876/730 875/875/730
f 828/828/735 827/827/735 877/877/735 880/880/735
f 827/827/736 832/832/736 878/878/736 877/877/736
f 832/832/737 831/831/737 879/879/737 878/878/737
f 831/831/734 828/828/734 880/880/734 879/879/734
f 840/840/739 839/839/739 881/881/739 884/884/739
f 839/839/740 844/844/740 882/882/740 881/881/740
f 844/844/746 843/843/746 883/883/746 882/882/746
f 843/843/738 840/840/738 884/884/738 883/883/738
f 852/852/743 851/851/743 885/885/743 888/888/743
f 851/851/744 856/856/744 886/886/744 885/885/744
f 856/856/745 855/855/745 887/887/745 886/886/745
f 855/855/742 852/852/742 888/888/742 887/887/742
f 784/784/748 783/783/748 889/889/748 892/892/748
f 783/783/749 789/789/749 890/890/749 889/889/749
f 789/789/750 794/794/750 891/891/750 890/890/750
f 794/794/751 784/784/751 892/892/751 891/891/751
f 801/801/752 800/800/752 893/893/752 896/896/752
f 800/800/753 805/805/753 894/894/753 893/893/753
f 805/805/754 808/808/754 895/895/754 894/894/754
f 808/808/755 801/801/755 896/896/755 895/895/755
f 785/785/756 784/784/756 897/897/756 900/900/756
f 784/784/749 794/794/749 898/898/749 897/897/749
f 794/794/724 793/793/724 899/899/724 898/898/724
f 793/793/757 785/785/757 900/900/757 899/899/757
f 802/802/727 801/801/727 901/901/727 904/904/727
f 801/801/753 808/808/753 902/902/753 901/901/753
f 808/808/758 807/807/758 903/903/758 902/902/758
f 807/807/726 802/802/726 904/904/726 903/903/726
f 786/786/748 785/785/748 905/905/748 908/908/748
f 785/785/749 793/793/749 906/906/749 905/905/749
f 793/793/759 792/792/759 907/907/759 906/906/759
f 792/792/751 786/786/751 908/908/751 907/907/751
f 803/803/760 802/802/760 909/909/760 912/912/760
f 802/802/753 807/807/753 910/910/753 909/909/753
f 807/807/754 806/806/754 911/911/754 910/910/754
f 806/806/755 803/803/755 912/912/755 911/911/755
f 913/913/761 914/914/761 734/734/761 733/733/761
f 914/914/762 915/915/762 737/737/762 734/734/762
f 915/915/759 916/916/759 739/739/759 737/737/759
f 916/916/757 913/913/757 733/733/757 739/739/757
f 782/782/724 781/781/724 736/736/724 735/735/724
f 781/781/723 790/790/723 740/740/723 736/736/723
f 790/790/748 788/788/748 738/738/748 740/740/748
f 788/788/763 782/782/763 735/735/763 738/738/763
f 917/917/726 918/918/726 742/742/726 741/741/726
f 918/918/760 919/919/760 745/745/760 742/742/760
f 919/919/753 920/920/753 747/747/753 745/745/753
f 920/920/764 917/917/764 741/741/764 747/747/764
f 796/796/728 795/795/728 744/744/728 743/743/728
f 795/795/727 804/804/727 748/748/727 744/744/727
f 804/804/765 799/799/765 746/746/765 748/748/765
f 799/799/754 796/796/754 743/743/754 746/746/754
f 916/916/734 915/915/734 758/758/734 757/757/734
f 915/915/766 919/919/766 761/761/766 758/758/766
f 919/919/736 918/918/736 763/763/736 761/761/736
f 918/918/767 916/916/767 757/757/767 763/763/767
f 822/822/768 821/821/768 760/760/768 759/759/768
f 821/821/769 829/829/769 764/764/769 760/760/769
f 829/829/770 825/825/770 762/762/770 764/764/770
f 825/825/737 822/822/737 759/759/737 762/762/737
f 913/913/771 916/916/771 750/750/771 749/749/771
f 916/916/772 918/918/772 753/753/772 750/750/772
f 918/918/747 917/917/747 755/755/747 753/753/747
f 917/917/733 913/913/733 749/749/733 755/755/733
f 810/810/747 809/809/747 752/752/747 751/751/747
f 809/809/772 817/817/772 756/756/772 752/752/772
f 817/817/771 813/813/771 754/754/771 756/756/771
f 813/813/773 810/810/773 751/751/773 754/754/773
f 915/915/774 914/914/774 766/766/774 765/765/774
f 914/914/775 920/920/775 769/769/775 766/766/775
f 920/920/776 919/919/776 771/771/776 769/769/776
f 919/919/741 915/915/741 765/765/741 771/771/741
f 834/834/777 833/833/777 768/768/777 767/767/777
f 833/833/739 841/841/739 772/772/739 768/768/739
f 841/841/778 837/837/778 770/770/778 772/772/778
f 837/837/741 834/834/741 767/767/741 770/770/741
f 914/914/742 913/913/742 774/774/742 773/773/742
f 913/913/779 917/917/779 777/777/779 774/774/779
f 917/917/744 920/920/744 779/779/744 777/777/744
f 920/920/780 914/914/780 773/773/780 779/779/780
f 846/846/781 845/845/781 776/776/781 775/775/781
f 845/845/743 853/853/743 780/780/743 776/776/743
f 853/853/742 849/849/742 778/778/742 780/780/742
f 849/849/745 846/846/745 775/775/745 778/778/745
f 921/921/710 922/922/710 923/923/710 924/924/710
f 925/925/711 926/926/711 927/927/711 928/928/711
f 929/929/782 930/930/782 931/931/782 932/932/782
f 933/933/783 934/934/783 935/935/783 936/936/783
f 937/937/784 938/938/784 939/939/784 940/940/784
f 941/941/785 942/942/785 943/943/785 944/944/785
f 945/945/710 946/946/710 947/947/710 948/948/710
f 946/946/710 949/949/710 950/950/710 947/947/710
f 949/949/710 951/951/710 952/952/710 950/950/710
f 951/951/710 945/945/710 948/948/710 952/952/710
f 953/953/711 954/954/711 955/955/711 956/956/711
f 954/954/711 957/957/711 958/958/711 955/955/711
f 957/957/711 959/959/711 960/960/711 958/958/711
f 959/959/711 953/953/711 956/956/711 960/960/711
f 961/961/782 962/962/782 963/963/782 964/964/782
f 962/962/782 965/965/782 966/966/782 963/963/782
f 965/965/782 967/967/782 968/968/782 966/966/782
f 967/967/782 961/961/782 964/964/782 968/968/782
f 969/969/783 970/970/786 971/971/786 972/972/783
f 970/970/786 973/973/786 974/974/786 971/971/786
f 973/973/786 975/975/783 976/976/783 974/974/786
f 975/975/783 969/969/783 972/972/783 976/976/783
f 977/977/784 978/978/787 979/979/787 980/980/784
f 978/978/787 981/981/787 982/982/787 979/979/787
f 981/981/787 983/983/784 984/984/784 982/982/787
f 983/983/784 977/977/784 980/980/784 984/984/784
f 985/985/785 986/986/788 987/987/788 988/988/785
f 986/986/788 989/989/788 990/990/788 987/987/788
f 989/989/788 991/991/785 992/992/785 990/990/788
f 991/991/785 985/985/785 988/988/785 992/992/785
f 993/993/783 994/994/783 995/995/783 996/996/783 997/997/783 998/998/783 999/999/783
f 994/994/782 1000/1000/782 1001/1001/782 995/995/782
f 1000/1000/785 1002/1002/785 1003/1003/785 1004/1004/785 1005/1005/785 1006/1006/785 1001/1001/785
f 1002/1002/784 993/993/784 999/999/784 1003/1003/784
f 1007/1007/784 1008/1008/784 1009/1009/784 1010/1010/784
f 1008/1008/789 1011/1011/789 1012/1012/789 1013/1013/789 1014/1014/789 1015/1015/789 1009/1009/789
f 1011/1011/782 1016/1016/782 1017/1017/782 1012/1012/782
f 1016/1016/783 1007/1007/783 1010/1010/783 1018/1018/783 1019/1019/783 1020/1020/783 1017/1017/783
f 1021/1021/711 1022/1022/711 1023/1023/711 1024/1024/711
f 1022/1022/785 1025/1025/785 1026/1026/785 1027/1027/785 1028/1028/785 1023/1023/785
f 1025/1025/710 1029/1029/710 1030/1030/710 1026/1026/710
f 1029/1029/783 1021/1021/783 1024/1024/783 1031/1031/783 1032/1032/783 1030/1030/783
f 1033/1033/711 1034/1034/711 1035/1035/711 1036/1036/711
f 1034/1034/782 1037/1037/782 1038/1038/782 1039/1039/782 1040/1040/782 1035/1035/782
f 1037/1037/710 1041/1041/710 1042/1042/710 1038/1038/710
f 1041/1041/784 1033/1033/784 1036/1036/784 1043/1043/784 1044/1044/784 1042/1042/784
f 1045/1045/711 1046/1046/711 1047/1047/711 1048/1048/711
f 1046/1046/783 1049/1049/783 1050/1050/783 1051/1051/783 1052/1052/783 1047/1047/783
f 1049/1049/710 1053/1053/710 1054/1054/710 1050/1050/710
f 1053/1053/785 1045/1045/785 1048/1048/785 1055/1055/785 1056/1056/785 1054/1054/785
f 1057/1057/711 1058/1058/711 1059/1059/711 1060/1060/711
f 1058/1058/784 1061/1061/784 1062/1062/784 1063/1063/784 1064/1064/784 1059/1059/784
f 1061/1061/710 1065/1065/710 1066/1066/710 1062/1062/710
f 1065/1065/790 1057/1057/790 1060/1060/790 1067/1067/790 1068/1068/790 1066/1066/790
f 1069/1069/782 1070/1070/782 1071/1071/782 1072/1072/782
f 1073/1073/783 1074/1074/783 1075/1075/783 1076/1076/783
f 1077/1077/784 1078/1078/784 1079/1079/784 1080/1080/784
f 1081/1081/785 1082/1082/785 1083/1083/785 1084/1084/785
f 1085/1085/782 1086/1086/782 1087/1087/782 1088/1088/782
f 1089/1089/783 1090/1090/783 1091/1091/783 1092/1092/783
f 1093/1093/784 1094/1094/784 1095/1095/784 1096/1096/784
f 1097/1097/785 1098/1098/785 1099/1099/785 1100/1100/785
f 1101/1101/710 1102/1102/710 1103/1103/710 1104/1104/710
f 1105/1105/711 1106/1106/711 1107/1107/711 1108/1108/711
f 1109/1109/710 1110/1110/710 1111/1111/710 1112/1112/710
f 1113/1113/711 1114/1114/711 1115/1115/711 1116/1116/711
f 1117/1117/710 1118/1118/710 1119/1119/710 1120/1120/710
f 1121/1121/711 1122/1122/711 1123/1123/711 1124/1124/711
f 999/999/791 998/998/791 921/921/791 924/924/791
f 998/998/792 1004/1004/792 922/922/792 921/921/792
f 1004/1004/793 1003/1003/793 923/923/793 922/922/793
f 1003/1003/794 999/999/794 924/924/794 923/923/794
f 1010/1010/795 1009/1009/795 925/925/795 928/928/795
f 1009/1009/796 1015/1015/796 926/926/796 925/925/796
f 1015/1015/797 1018/1018/797 927/927/797 926/926/797
f 1018/1018/798 1010/1010/798 928/928/798 927/927/798
f 1024/1024/799 1023/1023/799 929/929/799 932/932/799
f 1023/1023/800 1028/1028/800 930/930/800 929/929/800
f 1028/1028/801 1031/1031/801 931/931/801 930/930/801
f 1031/1031/802 1024/1024/802 932/932/802 931/931/802
f 1036/1036/803 1035/1035/803 933/933/803 936/936/803
f 1035/1035/804 1040/1040/804 934/934/804 933/933/804
f 1040/1040/805 1043/1043/805 935/935/805 934/934/805
f 1043/1043/806 1036/1036/806 936/936/806 935/935/806
f 1048/1048/807 1047/1047/807 937/937/807 940/940/807
f 1047/1047/808 1052/1052/808 938/938/808 937/937/808
f 1052/1052/809 1055/1055/809 939/939/809 938/938/809
f 1055/1055/810 1048/1048/810 940/940/810 939/939/810
f 1060/1060/811 1059/1059/811 941/941/811 944/944/811
f 1059/1059/812 1064/1064/812 942/942/812 941/941/812
f 1064/1064/813 1067/1067/813 943/943/813 942/942/813
f 1067/1067/814 1060/1060/814 944/944/814 943/943/814
f 1027/1027/800 1026/1026/800 1069/1069/800 1072/1072/800
f 1026/1026/801 1030/1030/801 1070/1070/801 1069/1069/801
f 1030/1030/815 1032/1032/815 1071/1071/815 1070/1070/815
f 1032/1032/799 1027/1027/799 1072/1072/799 1071/1071/799
f 1039/1039/804 1038/1038/804 1073/1073/804 1076/1076/804
f 1038/1038/805 1042/1042/805 1074/1074/805 1073/1073/805
f 1042/1042/806 1044/1044/806 1075/1075/806 1074/1074/806
f 1044/1044/803 1039/1039/803 1076/1076/803 1075/1075/803
f 1051/1051/808 1050/1050/808 1077/1077/808 1080/1080/808
f 1050/1050/809 1054/1054/809 1078/1078/809 1077/1077/809
f 1054/1054/810 1056/1056/810 1079/1079/810 1078/1078/810
f 1056/1056/816 1051/1051/816 1080/1080/816 1079/1079/816
f 1063/1063/812 1062/1062/812 1081/1081/812 1084/1084/812
f 1062/1062/817 1066/1066/817 1082/1082/817 1081/1081/817
f 1066/1066/814 1068/1068/814 1083/1083/814 1082/1082/814
f 1068/1068/811 1063/1063/811 1084/1084/811 1083/1083/811
f 1028/1028/800 1027/1027/800 1085/1085/800 1088/1088/800
f 1027/1027/801 1032/1032/801 1086/1086/801 1085/1085/801
f 1032/1032/802 1031/1031/802 1087/1087/802 1086/1086/802
f 1031/1031/799 1028/1028/799 1088/1088/799 1087/1087/799
f 1040/1040/804 1039/1039/804 1089/1089/804 1092/1092/804
f 1039/1039/805 1044/1044/805 1090/1090/805 1089/1089/805
f 1044/1044/806 1043/1043/806 1091/1091/806 1090/1090/806
f 1043/1043/803 1040/1040/803 1092/1092/803 1091/1091/803
f 1052/1052/808 1051/1051/808 1093/1093/808 1096/1096/808
f 1051/1051/809 1056/1056/809 1094/1094/809 1093/1093/809
f 1056/1056/818 1055/1055/818 1095/1095/818 1094/1094/818
f 1055/1055/807 1052/1052/807 1096/1096/807 1095/1095/807
f 1064/1064/812 1063/1063/812 1097/1097/812 1100/1100/812
f 1063/1063/817 1068/1068/817 1098/1098/817 1097/1097/817
f 1068/1068/814 1067/1067/814 1099/1099/814 1098/1098/814
f 1067/1067/811 1064/1064/811 1100/1100/811 1099/1099/811
f 996/996/819 995/995/819 1101/1101/819 1104/1104/819
f 995/995/792 1001/1001/792 1102/1102/792 1101/1101/792
f 1001/1001/793 1006/1006/793 1103/1103/793 1102/1102/793
f 1006/1006/794 996/996/794 1104/1104/794 1103/1103/794
f 1013/1013/796 1012/1012/796 1105/1105/796 1108/1108/796
f 1012/1012/797 1017/1017/797 1106/1106/797 1105/1105/797
f 1017/1017/798 1020/1020/798 1107/1107/798 1106/1106/798
f 1020/1020/795 1013/1013/795 1108/1108/795 1107/1107/795
f 997/997/819 996/996/819 1109/1109/819 1112/1112/819
f 996/996/792 1006/1006/792 1110/1110/792 1109/1109/792
f 1006/1006/820 1005/1005/820 1111/1111/820 1110/1110/820
f 1005/1005/821 997/997/821 1112/1112/821 1111/1111/821
f 1014/1014/822 1013/1013/822 1113/1113/822 1116/1116/822
f 1013/1013/797 1020/1020/797 1114/1114/797 1113/1113/797
f 1020/1020/823 1019/1019/823 1115/1115/823 1114/1114/823
f 1019/1019/824 1014/1014/824 1116/1116/824 1115/1115/824
f 998/998/825 997/997/825 1117/1117/825 1120/1120/825
f 997/997/792 1005/1005/792 1118/1118/792 1117/1117/792
f 1005/1005/793 1004/1004/793 1119/1119/793 1118/1118/793
f 1004/1004/794 998/998/794 1120/1120/794 1119/1119/794
f 1015/1015/796 1014/1014/796 1121/1121/796 1124/1124/796
f 1014/1014/797 1019/1019/797 1122/1122/797 1121/1121/797
f 1019/1019/826 1018/1018/826 1123/1123/826 1122/1122/826
f 1018/1018/795 1015/1015/795 1124/1124/795 1123/1123/795
f 1125/1125/827 1126/1126/827 946/946/827 945/945/827
f 1126/1126/828 1127/1127/828 949/949/828 946/946/828
f 1127/1127/829 1128/1128/829 951/951/829 949/949/829
f 1128/1128/830 1125/1125/830 945/945/830 951/951/830
f 994/994/793 993/993/793 948/948/793 947/947/793
f 993/993/831 1002/1002/831 952/952/831 948/948/831
f 1002/1002/827 1000/1000/827 950/950/827 952/952/827
f 1000/1000/821 994/994/821 947/947/821 950/950/821
f 1129/1129/832 1130/1130/832 954/954/832 953/953/832
f 1130/1130/833 1131/1131/833 957/957/833 954/954/833
f 1131/1131/797 1132/1132/797 959/959/797 957/957/797
f 1132/1132/834 1129/1129/834 953/953/834 959/959/834
f 1008/1008/835 1007/1007/835 956/956/835 955/955/835
f 1007/1007/796 1016/1016/796 960/960/796 956/956/796
f 1016/1016/824 1011/1011/824 958/958/824 960/960/824
f 1011/1011/836 1008/1008/836 955/955/836 958/958/836
f 1128/1128/803 1127/1127/803 970/970/803 969/969/803
f 1127/1127/837 1131/1131/837 973/973/837 970/970/837
f 1131/1131/805 1130/1130/805 975/975/805 973/973/805
f 1130/1130/838 1128/1128/838 969/969/838 975/975/838
f 1034/1034/805 1033/1033/805 972/972/805 971/971/805
f 1033/1033/804 1041/1041/804 976/976/804 972/972/804
f 1041/1041/803 1037/1037/803 974/974/803 976/976/803
f 1037/1037/806 1034/1034/806 971/971/806 974/974/806
f 1125/1125/839 1128/1128/839 962/962/839 961/961/839
f 1128/1128/840 1130/1130/840 965/965/840 962/962/840
f 1130/1130/841 1129/1129/841 967/967/841 965/965/841
f 1129/1129/815 1125/1125/815 961/961/815 967/967/815
f 1022/1022/842 1021/1021/842 964/964/842 963/963/842
f 1021/1021/800 1029/1029/800 968/968/800 964/964/800
f 1029/1029/799 1025/1025/799 966/966/799 968/968/799
f 1025/1025/815 1022/1022/815 963/963/815 966/966/815
f 1127/1127/843 1126/1126/843 978/978/843 977/977/843
f 1126/1126/844 1132/1132/844 981/981/844 978/978/844
f 1132/1132/845 1131/1131/845 983/983/845 981/981/845
f 1131/1131/818 1127/1127/818 977/977/818 983/983/818
f 1046/1046/846 1045/1045/846 980/980/846 979/979/846
f 1045/1045/808 1053/1053/808 984/984/808 980/980/808
f 1053/1053/816 1049/1049/816 982/982/816 984/984/816
f 1049/1049/847 1046/1046/847 979/979/847 982/982/847
f 1126/1126/848 1125/1125/848 986/986/848 985/985/848
f 1125/1125/812 1129/1129/812 989/989/812 986/986/812
f 1129/1129/849 1132/1132/849 991/991/849 989/989/849
f 1132/1132/850 1126/1126/850 985/985/850 991/991/850
f 1058/1058/851 1057/1057/851 988/988/851 987/987/851
f 1057/1057/812 1065/1065/812 992/992/812 988/988/812
f 1065/1065/852 1061/1061/852 990/990/852 992/992/852
f 1061/1061/814 1058/1058/814 987/987/814 990/990/814
f 1133/1133/853 1134/1134/853 1135/1135/853 1136/1136/853
f 1137/1137/854 1138/1138/854 1139/1139/854 1140/1140/854
f 1141/1141/855 1142/1142/855 1143/1143/855 1144/1144/855
f 1145/1145/856 1146/1146/856 1147/1147/856 1148/1148/856
f 1149/1149/857 1150/1150/857 1151/1151/857 1152/1152/857
f 1153/1153/858 1154/1154/858 1155/1155/858 1156/1156/858
f 1157/1157/853 1158/1158/853 1159/1159/853 1160/1160/853
f 1158/1158/853 1161/1161/853 1162/1162/853 1159/1159/853
f 1161/1161/853 1163/1163/853 1164/1164/853 1162/1162/853
f 1163/1163/853 1157/1157/853 1160/1160/853 1164/1164/853
f 1165/1165/854 1166/1166/854 1167/1167/854 1168/1168/854
f 1166/1166/854 1169/1169/854 1170/1170/854 1167/1167/854
f 1169/1169/854 1171/1171/854 1172/1172/854 1170/1170/854
f 1171/1171/854 1165/1165/854 1168/1168/854 1172/1172/854
f 1173/1173/855 1174/1174/855 1175/1175/855 1176/1176/855
f 1174/1174/855 1177/1177/855 1178/1178/855 1175/1175/855
f 1177/1177/855 1179/1179/855 1180/1180/855 1178/1178/855
f 1179/1179/855 1173/1173/855 1176/1176/855 1180/1180/855
f 1181/1181/856 1182/1182/856 1183/1183/856 1184/1184/856
f 1182/1182/856 1185/1185/856 1186/1186/856 1183/1183/856
f 1185/1185/856 1187/1187/856 1188/1188/856 1186/1186/856
f 1187/1187/856 1181/1181/856 1184/1184/856 1188/1188/856
f 1189/1189/857 1190/1190/857 1191/1191/857 1192/1192/857
f 1190/1190/857 1193/1193/857 1194/1194/857 1191/1191/857
f 1193/1193/857 1195/1195/857 1196/1196/857 1194/1194/857
f 1195/1195/857 1189/1189/857 1192/1192/857 1196/1196/857
f 1197/1197/858 1198/1198/858 1199/1199/858 1200/1200/858
f 1198/1198/858 1201/1201/858 1202/1202/858 1199/1199/858
f 1201/1201/858 1203/1203/858 1204/1204/858 1202/1202/858
f 1203/1203/858 1197/1197/858 1200/1200/858 1204/1204/858
f 1205/1205/856 1206/1206/856 1207/1207/856 1208/1208/856 1209/1209/856 1210/1210/856 1211/1211/856
f 1206/1206/855 1212/1212/855 1213/1213/855 1207/1207/855
f 1212/1212/859 1214/1214/859 1215/1215/859 1216/1216/859 1217/1217/859 1218/1218/859 1213/1213/859
f 1214/1214/857 1205/1205/857 1211/1211/857 1215/1215/857
f 1219/1219/857 1220/1220/857 1221/1221/857 1222/1222/857
f 1220/1220/860 1223/1223/860 1224/1224/860 1225/1225/860 1226/1226/860 1227/1227/860 1221/1221/860
f 1223/1223/855 1228/1228/855 1229/1229/855 1224/1224/855
f 1228/1228/856 1219/1219/856 1222/1222/856 1230/1230/856 1231/1231/856 1232/1232/856 1229/1229/856
f 1233/1233/854 1234/1234/854 1235/1235/854 1236/1236/854
f 1234/1234/858 1237/1237/858 1238/1238/858 1239/1239/858 1240/1240/858 1235/1235/858
f 1237/1237/853 1241/1241/853 1242/1242/853 1238/1238/853
f 1241/1241/856 1233/1233/856 1236/1236/856 1243/1243/856 1244/1244/856 1242/1242/856
f 1245/1245/854 1246/1246/854 1247/1247/854 1248/1248/854
f 1246/1246/855 1249/1249/855 1250/1250/855 1251/1251/855 1252/1252/855 1247/1247/855
f 1249/1249/853 1253/1253/853 1254/1254/853 1250/1250/853
f 1253/1253/857 1245/1245/857 1248/1248/857 1255/1255/857 1256/1256/857 1254/1254/857
f 1257/1257/854 1258/1258/854 1259/1259/854 1260/1260/854
f 1258/1258/856 1261/1261/856 1262/1262/856 1263/1263/856 1264/1264/856 1259/1259/856
f 1261/1261/853 1265/1265/853 1266/1266/853 1262/1262/853
f 1265/1265/858 1257/1257/858 1260/1260/858 1267/1267/858 1268/1268/858 1266/1266/858
f 1269/1269/854 1270/1270/854 1271/1271/854 1272/1272/854
f 1270/1270/857 1273/1273/857 1274/1274/857 1275/1275/857 1276/1276/857 1271/1271/857
f 1273/1273/853 1277/1277/853 1278/1278/853 1274/1274/853
f 1277/1277/855 1269/1269/855 1272/1272/855 1279/1279/855 1280/1280/855 1278/1278/855
f 1281/1281/855 1282/1282/855 1283/1283/855 1284/1284/855
f 1285/1285/856 1286/1286/856 1287/1287/856 1288/1288/856
f 1289/1289/857 1290/1290/857 1291/1291/857 1292/1292/857
f 1293/1293/858 1294/1294/858 1295/1295/858 1296/1296/858
f 1297/1297/855 1298/1298/855 1299/1299/855 1300/1300/855
f 1301/1301/856 1302/1302/856 1303/1303/856 1304/1304/856
f 1305/1305/857 1306/1306/857 1307/1307/857 1308/1308/857
f 1309/1309/858 1310/1310/858 1311/1311/858 1312/1312/858
f 1313/1313/853 1314/1314/853 1315/1315/853 1316/1316/853
f 1317/1317/854 1318/1318/854 1319/1319/854 1320/1320/854
f 1321/1321/853 1322/1322/853 1323/1323/853 1324/1324/853
f 1325/1325/854 1326/1326/854 1327/1327/854 1328/1328/854
f 1329/1329/853 1330/1330/853 1331/1331/853 1332/1332/853
f 1333/1333/854 1334/1334/854 1335/1335/854 1336/1336/854
f 1211/1211/861 1210/1210/861 1133/1133/861 1136/1136/861
f 1210/1210/862 1216/1216/862 1134/1134/862 1133/1133/862
f 1216/1216/863 1215/1215/863 1135/1135/863 1134/1134/863
f 1215/1215/864 1211/1211/864 1136/1136/864 1135/1135/864
f 1222/1222/865 1221/1221/865 1137/1137/865 1140/1140/865
f 1221/1221/866 1227/1227/866 1138/1138/866 1137/1137/866
f 1227/1227/867 1230/1230/867 1139/1139/867 1138/1138/867
f 1230/1230/868 1222/1222/868 1140/1140/868 1139/1139/868
f 1236/1236/869 1235/1235/869 1141/1141/869 1144/1144/869
f 1235/1235/870 1240/1240/870 1142/1142/870 1141/1141/870
f 1240/1240/871 1243/1243/871 1143/1143/871 1142/1142/871
f 1243/1243/872 1236/1236/872 1144/1144/872 1143/1143/872
f 1248/1248/873 1247/1247/873 1145/1145/873 1148/1148/873
f 1247/1247/874 1252/1252/874 1146/1146/874 1145/1145/874
f 1252/1252/875 1255/1255/875 1147/1147/875 1146/1146/875
f 1255/1255/876 1248/1248/876 1148/1148/876 1147/1147/876
f 1260/1260/877 1259/1259/877 1149/1149/877 1152/1152/877
f 1259/1259/878 1264/1264/878 1150/1150/878 1149/1149/878
f 1264/1264/879 1267/1267/879 1151/1151/879 1150/1150/879
f 1267/1267/880 1260/1260/880 1152/1152/880 1151/1151/880
f 1272/1272/881 1271/1271/881 1153/1153/881 1156/1156/881
f 1271/1271/882 1276/1276/882 1154/1154/882 1153/1153/882
f 1276/1276/883 1279/1279/883 1155/1155/883 1154/1154/883
f 1279/1279/884 1272/1272/884 1156/1156/884 1155/1155/884
f 1239/1239/885 1238/1238/885 1281/1281/885 1284/1284/885
f 1238/1238/871 1242/1242/871 1282/1282/871 1281/1281/871
f 1242/1242/886 1244/1244/886 1283/1283/886 1282/1282/886
f 1244/1244/869 1239/1239/869 1284/1284/869 1283/1283/869
f 1251/1251/874 1250/1250/874 1285/1285/874 1288/1288/874
f 1250/1250/875 1254/1254/875 1286/1286/875 1285/1285/875
f 1254/1254/876 1256/1256/876 1287/1287/876 1286/1286/876
f 1256/1256/873 1251/1251/873 1288/1288/873 1287/1287/873
f 1263/1263/878 1262/1262/878 1289/1289/878 1292/1292/878
f 1262/1262/879 1266/1266/879 1290/1290/879 1289/1289/879
f 1266/1266/887 1268/1268/887 1291/1291/887 1290/1290/887
f 1268/1268/877 1263/1263/877 1292/1292/877 1291/1291/877
f 1275/1275/888 1274/1274/888 1293/1293/888 1296/1296/888
f 1274/1274/883 1278/1278/883 1294/1294/883 1293/1293/883
f 1278/1278/889 1280/1280/889 1295/1295/889 1294/1294/889
f 1280/1280/881 1275/1275/881 1296/1296/881 1295/1295/881
f 1240/1240/890 1239/1239/890 1297/1297/890 1300/1300/890
f 1239/1239/871 1244/1244/871 1298/1298/871 1297/1297/871
f 1244/1244/872 1243/1243/872 1299/1299/872 1298/1298/872
f 1243/1243/869 1240/1240/869 1300/1300/869 1299/1299/869
f 1252/1252/874 1251/1251/874 1301/1301/874 1304/1304/874
f 1251/1251/875 1256/1256/875 1302/1302/875 1301/1301/875
f 1256/1256/891 1255/1255/891 1303/1303/891 1302/1302/891
f 1255/1255/873 1252/1252/873 1304/1304/873 1303/1303/873
f 1264/1264/878 1263/1263/878 1305/1305/878 1308/1308/878
f 1263/1263/879 1268/1268/879 1306/1306/879 1305/1305/879
f 1268/1268/887 1267/1267/887 1307/1307/887 1306/1306/887
f 1267/1267/877 1264/1264/877 1308/1308/877 1307/1307/877
f 1276/1276/888 1275/1275/888 1309/1309/888 1312/1312/888
f 1275/1275/883 1280/1280/883 1310/1310/883 1309/1309/883
f 1280/1280/889 1279/1279/889 1311/1311/889 1310/1310/889
f 1279/1279/881 1276/1276/881 1312/1312/881 1311/1311/881
f 1208/1208/892 1207/1207/892 1313/1313/892 1316/1316/892
f 1207/1207/893 1213/1213/893 1314/1314/893 1313/1313/893
f 1213/1213/863 1218/1218/863 1315/1315/863 1314/1314/863
f 1218/1218/894 1208/1208/894 1316/1316/894 1315/1315/894
f 1225/1225/866 1224/1224/866 1317/1317/866 1320/1320/866
f 1224/1224/867 1229/1229/867 1318/1318/867 1317/1317/867
f 1229/1229/895 1232/1232/895 1319/1319/895 1318/1318/895
f 1232/1232/865 1225/1225/865 1320/1320/865 1319/1319/865
f 1209/1209/896 1208/1208/896 1321/1321/896 1324/1324/896
f 1208/1208/862 1218/1218/862 1322/1322/862 1321/1321/862
f 1218/1218/863 1217/1217/863 1323/1323/863 1322/1322/863
f 1217/1217/894 1209/1209/894 1324/1324/894 1323/1323/894
f 1226/1226/866 1225/1225/866 1325/1325/866 1328/1328/866
f 1225/1225/897 1232/1232/897 1326/1326/897 1325/1325/897
f 1232/1232/898 1231/1231/898 1327/1327/898 1326/1326/898
f 1231/1231/865 1226/1226/865 1328/1328/865 1327/1327/865
f 1210/1210/861 1209/1209/861 1329/1329/861 1332/1332/861
f 1209/1209/862 1217/1217/862 1330/1330/862 1329/1329/862
f 1217/1217/863 1216/1216/863 1331/1331/863 1330/1330/863
f 1216/1216/894 1210/1210/894 1332/1332/894 1331/1331/894
f 1227/1227/866 1226/1226/866 1333/1333/866 1336/1336/866
f 1226/1226/867 1231/1231/867 1334/1334/867 1333/1333/867
f 1231/1231/868 1230/1230/868 1335/1335/868 1334/1334/868
f 1230/1230/899 1227/1227/899 1336/1336/899 1335/1335/899
f 1337/1337/892 1338/1338/892 1158/1158/892 1157/1157/892
f 1338/1338/893 1339/1339/893 1161/1161/893 1158/1158/893
f 1339/1339/900 1340/1340/900 1163/1163/900 1161/1161/900
f 1340/1340/894 1337/1337/894 1157/1157/894 1163/1163/894
f 1206/1206/901 1205/1205/901 1160/1160/901 1159/1159/901
f 1205/1205/893 1214/1214/893 1164/1164/893 1160/1160/893
f 1214/1214/902 1212/1212/902 1162/1162/902 1164/1164/902
f 1212/1212/864 1206/1206/864 1159/1159/864 1162/1162/864
f 1341/1341/903 1342/1342/903 1166/1166/903 1165/1165/903
f 1342/1342/904 1343/1343/904 1169/1169/904 1166/1166/904
f 1343/1343/905 1344/1344/905 1171/1171/905 1169/1169/905
f 1344/1344/895 1341/1341/895 1165/1165/895 1171/1171/895
f 1220/1220/897 1219/1219/897 1168/1168/897 1167/1167/897
f 1219/1219/906 1228/1228/906 1172/1172/906 1168/1168/906
f 1228/1228/899 1223/1223/899 1170/1170/899 1172/1172/899
f 1223/1223/907 1220/1220/907 1167/1167/907 1170/1170/907
f 1340/1340/873 1339/1339/873 1182/1182/873 1181/1181/873
f 1339/1339/874 1343/1343/874 1185/1185/874 1182/1182/874
f 1343/1343/875 1342/1342/875 1187/1187/875 1185/1185/875
f 1342/1342/908 1340/1340/908 1181/1181/908 1187/1187/908
f 1246/1246/909 1245/1245/909 1184/1184/909 1183/1183/909
f 1245/1245/910 1253/1253/910 1188/1188/910 1184/1184/910
f 1253/1253/911 1249/1249/911 1186/1186/911 1188/1188/911
f 1249/1249/876 1246/1246/876 1183/1183/876 1186/1186/876
f 1337/1337/912 1340/1340/912 1174/1174/912 1173/1173/912
f 1340/1340/870 1342/1342/870 1177/1177/870 1174/1174/870
f 1342/1342/913 1341/1341/913 1179/1179/913 1177/1177/913
f 1341/1341/914 1337/1337/914 1173/1173/914 1179/1179/914
f 1234/1234/913 1233/1233/913 1176/1176/913 1175/1175/913
f 1233/1233/915 1241/1241/915 1180/1180/915 1176/1176/915
f 1241/1241/912 1237/1237/912 1178/1178/912 1180/1180/912
f 1237/1237/916 1234/1234/916 1175/1175/916 1178/1178/916
f 1339/1339/917 1338/1338/917 1190/1190/917 1189/1189/917
f 1338/1338/918 1344/1344/918 1193/1193/918 1190/1190/918
f 1344/1344/879 1343/1343/879 1195/1195/879 1193/1193/879
f 1343/1343/919 1339/1339/919 1189/1189/919 1195/1195/919
f 1258/1258/920 1257/1257/920 1192/1192/920 1191/1191/920
f 1257/1257/921 1265/1265/921 1196/1196/921 1192/1192/921
f 1265/1265/917 1261/1261/917 1194/1194/917 1196/1196/917
f 1261/1261/919 1258/1258/919 1191/1191/919 1194/1194/919
f 1338/1338/922 1337/1337/922 1198/1198/922 1197/1197/922
f 1337/1337/923 1341/1341/923 1201/1201/923 1198/1198/923
f 1341/1341/924 1344/1344/924 1203/1203/924 1201/1201/924
f 1344/1344/925 1338/1338/925 1197/1197/925 1203/1203/925
f 1270/1270/926 1269/1269/926 1200/1200/926 1199/1199/926
f 1269/1269/923 1277/1277/923 1204/1204/923 1200/1200/923
f 1277/1277/927 1273/1273/927 1202/1202/927 1204/1204/927
f 1273/1273/928 1270/1270/928 1199/1199/928 1202/1202/928
f 1345/1345/853 1346/1346/853 1347/1347/853 1348/1348/853
f 1349/1349/854 1350/1350/854 1351/1351/854 1352/1352/854
f 1353/1353/929 1354/1354/929 1355/1355/929 1356/1356/929
f 1357/1357/930 1358/1358/930 1359/1359/930 1360/1360/930
f 1361/1361/931 1362/1362/931 1363/1363/931 1364/1364/931
f 1365/1365/932 1366/1366/932 1367/1367/932 1368/1368/932
f 1369/1369/853 1370/1370/853 1371/1371/853 1372/1372/853
f 1370/1370/853 1373/1373/853 1374/1374/853 1371/1371/853
f 1373/1373/853 1375/1375/853 1376/1376/853 1374/1374/853
f 1375/1375/853 1369/1369/853 1372/1372/853 1376/1376/853
f 1377/1377/854 1378/1378/854 1379/1379/854 1380/1380/854
f 1378/1378/854 1381/1381/854 1382/1382/854 1379/1379/854
f 1381/1381/854 1383/1383/854 1384/1384/854 1382/1382/854
f 1383/1383/854 1377/1377/854 1380/1380/854 1384/1384/854
f 1385/1385/929 1386/1386/929 1387/1387/929 1388/1388/929
f 1386/1386/929 1389/1389/929 1390/1390/929 1387/1387/929
f 1389/1389/929 1391/1391/929 1392/1392/929 1390/1390/929
f 1391/1391/929 1385/1385/929 1388/1388/929 1392/1392/929
f 1393/1393/930 1394/1394/930 1395/1395/930 1396/1396/930
f 1394/1394/930 1397/1397/930 1398/1398/930 1395/1395/930
f 1397/1397/930 1399/1399/930 1400/1400/930 1398/1398/930
f 1399/1399/930 1393/1393/930 1396/1396/930 1400/1400/930
f 1401/1401/931 1402/1402/931 1403/1403/931 1404/1404/931
f 1402/1402/931 1405/1405/931 1406/1406/931 1403/1403/931
f 1405/1405/931 1407/1407/931 1408/1408/931 1406/1406/931
f 1407/1407/931 1401/1401/931 1404/1404/931 1408/1408/931
f 1409/1409/932 1410/1410/932 1411/1411/932 1412/1412/932
f 1410/1410/932 1413/1413/932 1414/1414/932 1411/1411/932
f 1413/1413/932 1415/1415/932 1416/1416/932 1414/1414/932
f 1415/1415/932 1409/1409/932 1412/1412/932 1416/1416/932
f 1417/1417/930 1418/1418/930 1419/1419/930 1420/1420/930 1421/1421/930 1422/1422/930 1423/1423/930
f 1418/1418/929 1424/1424/929 1425/1425/929 1419/1419/929
f 1424/1424/932 1426/1426/932 1427/1427/932 1428/1428/932 1429/1429/932 1430/1430/932 1425/1425/932
f 1426/1426/931 1417/1417/931 1423/1423/931 1427/1427/931
f 1431/1431/931 1432/1432/931 1433/1433/931 1434/1434/931
f 1432/1432/932 1435/1435/932 1436/1436/932 1437/1437/932 1438/1438/932 1439/1439/932 1433/1433/932
f 1435/1435/929 1440/1440/929 1441/1441/929 1436/1436/929
f 1440/1440/930 1431/1431/930 1434/1434/930 1442/1442/930 1443/1443/930 1444/1444/930 1441/1441/930
f 1445/1445/854 1446/1446/854 1447/1447/854 1448/1448/854
f 1446/1446/932 1449/1449/932 1450/1450/932 1451/1451/932 1452/1452/932 1447/1447/932
f 1449/1449/853 1453/1453/853 1454/1454/853 1450/1450/853
f 1453/1453/930 1445/1445/930 1448/1448/930 1455/1455/930 1456/1456/930 1454/1454/930
f 1457/1457/854 1458/1458/854 1459/1459/854 1460/1460/854
f 1458/1458/929 1461/1461/929 1462/1462/929 1463/1463/929 1464/1464/929 1459/1459/929
f 1461/1461/853 1465/1465/853 1466/1466/853 1462/1462/853
f 1465/1465/931 1457/1457/931 1460/1460/931 1467/1467/931 1468/1468/931 1466/1466/931
f 1469/1469/854 1470/1470/854 1471/1471/854 1472/1472/854
f 1470/1470/933 1473/1473/933 1474/1474/933 1475/1475/933 1476/1476/933 1471/1471/933
f 1473/1473/853 1477/1477/853 1478/1478/853 1474/1474/853
f 1477/1477/932 1469/1469/932 1472/1472/932 1479/1479/932 1480/1480/932 1478/1478/932
f 1481/1481/854 1482/1482/854 1483/1483/854 1484/1484/854
f 1482/1482/931 1485/1485/931 1486/1486/931 1487/1487/931 1488/1488/931 1483/1483/931
f 1485/1485/853 1489/1489/853 1490/1490/853 1486/1486/853
f 1489/1489/929 1481/1481/929 1484/1484/929 1491/1491/929 1492/1492/929 1490/1490/929
f 1493/1493/929 1494/1494/929 1495/1495/929 1496/1496/929
f 1497/1497/930 1498/1498/930 1499/1499/930 1500/1500/930
f 1501/1501/931 1502/1502/931 1503/1503/931 1504/1504/931
f 1505/1505/932 1506/1506/932 1507/1507/932 1508/1508/932
f 1509/1509/929 1510/1510/929 1511/1511/929 1512/1512/929
f 1513/1513/930 1514/1514/930 1515/1515/930 1516/1516/930
f 1517/1517/931 1518/1518/931 1519/1519/931 1520/1520/931
f 1521/1521/932 1522/1522/932 1523/1523/932 1524/1524/932
f 1525/1525/853 1526/1526/853 1527/1527/853 1528/1528/853
f 1529/1529/854 1530/1530/854 1531/1531/854 1532/1532/854
f 1533/1533/853 1534/1534/853 1535/1535/853 1536/1536/853
f 1537/1537/854 1538/1538/854 1539/1539/854 1540/1540/854
f 1541/1541/853 1542/1542/853 1543/1543/853 1544/1544/853
f 1545/1545/854 1546/1546/854 1547/1547/854 1548/1548/854
f 1423/1423/934 1422/1422/934 1345/1345/934 1348/1348/934
f 1422/1422/935 1428/1428/935 1346/1346/935 1345/1345/935
f 1428/1428/936 1427/1427/936 1347/1347/936 1346/1346/936
f 1427/1427/937 1423/1423/937 1348/1348/937 1347/1347/937
f 1434/1434/938 1433/1433/938 1349/1349/938 1352/1352/938
f 1433/1433/939 1439/1439/939 1350/1350/939 1349/1349/939
f 1439/1439/940 1442/1442/940 1351/1351/940 1350/1350/940
f 1442/1442/941 1434/1434/941 1352/1352/941 1351/1351/941
f 1448/1448/942 1447/1447/942 1353/1353/942 1356/1356/942
f 1447/1447/943 1452/1452/943 1354/1354/943 1353/1353/943
f 1452/1452/944 1455/1455/944 1355/1355/944 1354/1354/944
f 1455/1455/945 1448/1448/945 1356/1356/945 1355/1355/945
f 1460/1460/946 1459/1459/946 1357/1357/946 1360/1360/946
f 1459/1459/947 1464/1464/947 1358/1358/947 1357/1357/947
f 1464/1464/948 1467/1467/948 1359/1359/948 1358/1358/948
f 1467/1467/949 1460/1460/949 1360/1360/949 1359/1359/949
f 1472/1472/950 1471/1471/950 1361/1361/950 1364/1364/950
f 1471/1471/951 1476/1476/951 1362/1362/951 1361/1361/951
f 1476/1476/952 1479/1479/952 1363/1363/952 1362/1362/952
f 1479/1479/953 1472/1472/953 1364/1364/953 1363/1363/953
f 1484/1484/954 1483/1483/954 1365/1365/954 1368/1368/954
f 1483/1483/955 1488/1488/955 1366/1366/955 1365/1365/955
f 1488/1488/956 1491/1491/956 1367/1367/956 1366/1366/956
f 1491/1491/957 1484/1484/957 1368/1368/957 1367/1367/957
f 1451/1451/943 1450/1450/943 1493/1493/943 1496/1496/943
f 1450/1450/944 1454/1454/944 1494/1494/944 1493/1493/944
f 1454/1454/958 1456/1456/958 1495/1495/958 1494/1494/958
f 1456/1456/942 1451/1451/942 1496/1496/942 1495/1495/942
f 1463/1463/959 1462/1462/959 1497/1497/959 1500/1500/959
f 1462/1462/948 1466/1466/948 1498/1498/948 1497/1497/948
f 1466/1466/949 1468/1468/949 1499/1499/949 1498/1498/949
f 1468/1468/946 1463/1463/946 1500/1500/946 1499/1499/946
f 1475/1475/951 1474/1474/951 1501/1501/951 1504/1504/951
f 1474/1474/952 1478/1478/952 1502/1502/952 1501/1501/952
f 1478/1478/960 1480/1480/960 1503/1503/960 1502/1502/960
f 1480/1480/950 1475/1475/950 1504/1504/950 1503/1503/950
f 1487/1487/961 1486/1486/961 1505/1505/961 1508/1508/961
f 1486/1486/956 1490/1490/956 1506/1506/956 1505/1505/956
f 1490/1490/957 1492/1492/957 1507/1507/957 1506/1506/957
f 1492/1492/954 1487/1487/954 1508/1508/954 1507/1507/954
f 1452/1452/943 1451/1451/943 1509/1509/943 1512/1512/943
f 1451/1451/944 1456/1456/944 1510/1510/944 1509/1509/944
f 1456/1456/945 1455/1455/945 1511/1511/945 1510/1510/945
f 1455/1455/942 1452/1452/942 1512/1512/942 1511/1511/942
f 1464/1464/959 1463/1463/959 1513/1513/959 1516/1516/959
f 1463/1463/948 1468/1468/948 1514/1514/948 1513/1513/948
f 1468/1468/949 1467/1467/949 1515/1515/949 1514/1514/949
f 1467/1467/946 1464/1464/946 1516/1516/946 1515/1515/946
f 1476/1476/951 1475/1475/951 1517/1517/951 1520/1520/951
f 1475/1475/952 1480/1480/952 1518/1518/952 1517/1517/952
f 1480/1480/960 1479/1479/960 1519/1519/960 1518/1518/960
f 1479/1479/950 1476/1476/950 1520/1520/950 1519/1519/950
f 1488/1488/961 1487/1487/961 1521/1521/961 1524/1524/961
f 1487/1487/956 1492/1492/956 1522/1522/956 1521/1521/956
f 1492/1492/957 1491/1491/957 1523/1523/957 1522/1522/957
f 1491/1491/954 1488/1488/954 1524/1524/954 1523/1523/954
f 1420/1420/934 1419/1419/934 1525/1525/934 1528/1528/934
f 1419/1419/962 1425/1425/962 1526/1526/962 1525/1525/962
f 1425/1425/936 1430/1430/936 1527/1527/936 1526/1526/936
f 1430/1430/937 1420/1420/937 1528/1528/937 1527/1527/937
f 1437/1437/939 1436/1436/939 1529/1529/939 1532/1532/939
f 1436/1436/963 1441/1441/963 1530/1530/963 1529/1529/963
f 1441/1441/941 1444/1444/941 1531/1531/941 1530/1530/941
f 1444/1444/938 1437/1437/938 1532/1532/938 1531/1531/938
f 1421/1421/934 1420/1420/934 1533/1533/934 1536/1536/934
f 1420/1420/964 1430/1430/964 1534/1534/964 1533/1533/964
f 1430/1430/936 1429/1429/936 1535/1535/936 1534/1534/936
f 1429/1429/965 1421/1421/965 1536/1536/965 1535/1535/965
f 1438/1438/939 1437/1437/939 1537/1537/939 1540/1540/939
f 1437/1437/966 1444/1444/966 1538/1538/966 1537/1537/966
f 1444/1444/941 1443/1443/941 1539/1539/941 1538/1538/941
f 1443/1443/967 1438/1438/967 1540/1540/967 1539/1539/967
f 1422/1422/934 1421/1421/934 1541/1541/934 1544/1544/934
f 1421/1421/935 1429/1429/935 1542/1542/935 1541/1541/935
f 1429/1429/936 1428/1428/936 1543/1543/936 1542/1542/936
f 1428/1428/965 1422/1422/965 1544/1544/965 1543/1543/965
f 1439/1439/968 1438/1438/968 1545/1545/968 1548/1548/968
f 1438/1438/940 1443/1443/940 1546/1546/940 1545/1545/940
f 1443/1443/969 1442/1442/969 1547/1547/969 1546/1546/969
f 1442/1442/967 1439/1439/967 1548/1548/967 1547/1547/967
f 1549/1549/970 1550/1550/970 1370/1370/970 1369/1369/970
f 1550/1550/971 1551/1551/971 1373/1373/971 1370/1370/971
f 1551/1551/972 1552/1552/972 1375/1375/972 1373/1373/972
f 1552/1552/973 1549/1549/973 1369/1369/973 1375/1375/973
f 1418/1418/972 1417/1417/972 1372/1372/972 1371/1371/972
f 1417/1417/971 1426/1426/971 1376/1376/971 1372/1372/971
f 1426/1426/970 1424/1424/970 1374/1374/970 1376/1376/970
f 1424/1424/974 1418/1418/974 1371/1371/974 1374/1374/974
f 1553/1553/975 1554/1554/975 1378/1378/975 1377/1377/975
f 1554/1554/976 1555/1555/976 1381/1381/976 1378/1378/976
f 1555/1555/977 1556/1556/977 1383/1383/977 1381/1381/977
f 1556/1556/941 1553/1553/941 1377/1377/941 1383/1383/941
f 1432/1432/977 1431/1431/977 1380/1380/977 1379/1379/977
f 1431/1431/976 1440/1440/976 1384/1384/976 1380/1380/976
f 1440/1440/978 1435/1435/978 1382/1382/978 1384/1384/978
f 1435/1435/969 1432/1432/969 1379/1379/969 1382/1382/969
f 1552/1552/946 1551/1551/946 1394/1394/946 1393/1393/946
f 1551/1551/959 1555/1555/959 1397/1397/959 1394/1394/959
f 1555/1555/948 1554/1554/948 1399/1399/948 1397/1397/948
f 1554/1554/949 1552/1552/949 1393/1393/949 1399/1399/949
f 1458/1458/948 1457/1457/948 1396/1396/948 1395/1395/948
f 1457/1457/979 1465/1465/979 1400/1400/979 1396/1396/979
f 1465/1465/980 1461/1461/980 1398/1398/980 1400/1400/980
f 1461/1461/949 1458/1458/949 1395/1395/949 1398/1398/949
f 1549/1549/981 1552/1552/981 1386/1386/981 1385/1385/981
f 1552/1552/943 1554/1554/943 1389/1389/943 1386/1386/943
f 1554/1554/944 1553/1553/944 1391/1391/944 1389/1389/944
f 1553/1553/982 1549/1549/982 1385/1385/982 1391/1391/982
f 1446/1446/983 1445/1445/983 1388/1388/983 1387/1387/983
f 1445/1445/943 1453/1453/943 1392/1392/943 1388/1388/943
f 1453/1453/984 1449/1449/984 1390/1390/984 1392/1392/984
f 1449/1449/958 1446/1446/958 1387/1387/958 1390/1390/958
f 1551/1551/985 1550/1550/985 1402/1402/985 1401/1401/985
f 1550/1550/951 1556/1556/951 1405/1405/951 1402/1402/951
f 1556/1556/986 1555/1555/986 1407/1407/986 1405/1405/986
f 1555/1555/987 1551/1551/987 1401/1401/987 1407/1407/987
f 1470/1470/988 1469/1469/988 1404/1404/988 1403/1403/988
f 1469/1469/989 1477/1477/989 1408/1408/989 1404/1404/989
f 1477/1477/990 1473/1473/990 1406/1406/990 1408/1408/990
f 1473/1473/960 1470/1470/960 1403/1403/960 1406/1406/960
f 1550/1550/954 1549/1549/954 1410/1410/954 1409/1409/954
f 1549/1549/955 1553/1553/955 1413/1413/955 1410/1410/955
f 1553/1553/956 1556/1556/956 1415/1415/956 1413/1413/956
f 1556/1556/991 1550/1550/991 1409/1409/991 1415/1415/991
f 1482/1482/956 1481/1481/956 1412/1412/956 1411/1411/956
f 1481/1481/955 1489/1489/955 1416/1416/955 1412/1412/955
f 1489/1489/954 1485/1485/954 1414/1414/954 1416/1416/954
f 1485/1485/957 1482/1482/957 1411/1411/957 1414/1414/957
f 1557/1557/992 1558/1558/992 1559/1559/992 1560/1560/992
f 1561/1561/993 1562/1562/993 1563/1563/993 1564/1564/993
f 1557/1557/994 1560/1560/994 1565/1565/994 1566/1566/994
f 1567/1567/995 1568/1568/995 1569/1569/995 1570/1570/995 1571/1571/995 1572/1572/995
f 1559/1559/996 1558/1558/996 1573/1573/996 1574/1574/996
f 1575/1575/997 1576/1576/997 1577/1577/997 1578/1578/997 1579/1579/997 1580/1580/997
f 1581/1581/993 1582/1582/993 1583/1583/993 1584/1584/993
f 1585/1585/993 1586/1586/993 1587/1587/993 1588/1588/993
f 1574/1574/996 1573/1573/996 1582/1582/996 1581/1581/996
f 1580/1580/997 1579/1579/997 1589/1589/997 1590/1590/997
f 1562/1562/994 1561/1561/994 1584/1584/994 1583/1583/994
f 1570/1570/995 1569/1569/995 1591/1591/995 1592/1592/995
f 1566/1566/994 1565/1565/994 1586/1586/994 1585/1585/994
f 1572/1572/995 1571/1571/995 1593/1593/995 1594/1594/995
f 1564/1564/996 1563/1563/996 1588/1588/996 1587/1587/996
f 1578/1578/997 1577/1577/997 1595/1595/997 1596/1596/997
f 1560/1560/998 1559/1559/998 1568/1568/998 1567/1567/998
f 1559/1559/999 1574/1574/999 1569/1569/999 1568/1568/999
f 1574/1574/999 1581/1581/999 1591/1591/999 1569/1569/999
f 1581/1581/1000 1584/1584/1000 1592/1592/1000 1591/1591/1000
f 1584/1584/1001 1561/1561/1001 1570/1570/1001 1592/1592/1001
f 1561/1561/1002 1564/1564/1002 1571/1571/1002 1570/1570/1002
f 1564/1564/999 1587/1587/999 1593/1593/999 1571/1571/999
f 1587/1587/1002 1586/1586/1002 1594/1594/1002 1593/1593/1002
f 1586/1586/1001 1565/1565/1001 1572/1572/1001 1594/1594/1001
f 1565/1565/1001 1560/1560/1001 1567/1567/1001 1572/1572/1001
f 1558/1558/1003 1557/1557/1003 1576/1576/1003 1575/1575/1003
f 1557/1557/1004 1566/1566/1004 1577/1577/1004 1576/1576/1004
f 1566/1566/1004 1585/1585/1004 1595/1595/1004 1577/1577/1004
f 1585/1585/1005 1588/1588/1005 1596/1596/1005 1595/1595/1005
f 1588/1588/1006 1563/1563/1006 1578/1578/1006 1596/1596/1006
f 1563/1563/1005 1562/1562/1005 1579/1579/1005 1578/1578/1005
f 1562/1562/1004 1583/1583/1004 1589/1589/1004 1579/1579/1004
f 1583/1583/1005 1582/1582/1005 1590/1590/1005 1589/1589/1005
f 1582/1582/1006 1573/1573/1006 1580/1580/1006 1590/1590/1006
f 1573/1573/1006 1558/1558/1006 1575/1575/1006 1580/1580/1006
f 1597/1597/1007 1598/1598/1007 1599/1599/1007 1600/1600/1007
f 1601/1601/1008 1602/1602/1008 1603/1603/1008 1604/1604/1008
f 1598/1598/1007 1605/1605/1007 1606/1606/1007 1599/1599/1007
f 1602/1602/1009 1607/1607/1009 1608/1608/1009 1603/1603/1009
f 1609/1609/1010 1610/1610/1010 1611/1611/1010 1612/1612/1010
f 1613/1613/1011 1614/1614/1011 1615/1615/1011 1616/1616/1011
f 1605/1605/1007 1617/1617/1007 1618/1618/1007 1606/1606/1007
f 1607/1607/1012 1619/1619/1012 1620/1620/1012 1608/1608/1012
f 1610/1610/1010 1621/1621/1010 1622/1622/1010 1611/1611/1010
f 1617/1617/1007 1623/1623/1007 1624/1624/1007 1618/1618/1007
f 1619/1619/1013 1625/1625/1013 1626/1626/1013 1620/1620/1013
f 1621/1621/1010 1627/1627/1010 1628/1628/1010 1622/1622/1010
f 1629/1629/1014 1630/1630/1014 1631/1631/1014 1632/1632/1014
f 1623/1623/1007 1633/1633/1007 1634/1634/1007 1624/1624/1007
f 1625/1625/1015 1635/1635/1015 1636/1636/1015 1626/1626/1015
f 1627/1627/1010 1637/1637/1010 1638/1638/1010 1628/1628/1010
f 1630/1630/1008 1639/1639/1008 1640/1640/1008 1631/1631/1008
f 1633/1633/1007 1641/1641/1007 1642/1642/1007 1634/1634/1007
f 1635/1635/1011 1643/1643/1011 1644/1644/1011 1636/1636/1011
f 1637/1637/1010 1645/1645/1010 1646/1646/1010 1638/1638/1010
f 1639/1639/1009 1647/1647/1009 1648/1648/1009 1640/1640/1009
f 1641/1641/1007 1649/1649/1007 1650/1650/1007 1642/1642/1007
f 1643/1643/1016 1651/1651/1016 1652/1652/1016 1644/1644/1016
f 1645/1645/1010 1653/1653/1010 1654/1654/1010 1646/1646/1010
f 1647/1647/1012 1655/1655/1012 1656/1656/1012 1648/1648/1012
f 1649/1649/1007 1597/1597/1007 1600/1600/1007 1650/1650/1007
f 1651/1651/1014 1601/1601/1014 1604/1604/1014 1652/1652/1014
f 1653/1653/1010 1657/1657/1010 1658/1658/1010 1654/1654/1010
f 1655/1655/1013 1659/1659/1013 1660/1660/1013 1656/1656/1013
f 1660/1660/1017 1616/1616/1017 1598/1598/1017 1597/1597/1017
f 1616/1616/1018 1615/1615/1018 1605/1605/1018 1598/1598/1018
f 1615/1615/1019 1632/1632/1019 1617/1617/1019 1605/1605/1019
f 1632/1632/1020 1631/1631/1020 1623/1623/1020 1617/1617/1020
f 1631/1631/1021 1640/1640/1021 1633/1633/1021 1623/1623/1021
f 1640/1640/1022 1648/1648/1022 1641/1641/1022 1633/1633/1022
f 1648/1648/1023 1656/1656/1023 1649/1649/1023 1641/1641/1023
f 1656/1656/1024 1660/1660/1024 1597/1597/1024 1649/1649/1024
f 1602/1602/1021 1601/1601/1021 1600/1600/1021 1599/1599/1021
f 1601/1601/1025 1651/1651/1025 1650/1650/1025 1600/1600/1025
f 1651/1651/1026 1643/1643/1026 1642/1642/1026 1650/1650/1026
f 1643/1643/1027 1635/1635/1027 1634/1634/1027 1642/1642/1027
f 1635/1635/1017 1625/1625/1017 1624/1624/1017 1634/1634/1017
f 1625/1625/1028 1619/1619/1028 1618/1618/1028 1624/1624/1028
f 1619/1619/1029 1607/1607/1029 1606/1606/1029 1618/1618/1029
f 1607/1607/1030 1602/1602/1030 1599/1599/1030 1606/1606/1030
f 1604/1604/1031 1603/1603/1031 1609/1609/1031 1657/1657/1031
f 1603/1603/1032 1608/1608/1032 1610/1610/1032 1609/1609/1032
f 1608/1608/1033 1620/1620/1033 1621/1621/1033 1610/1610/1033
f 1620/1620/1034 1626/1626/1034 1627/1627/1034 1621/1621/1034
f 1626/1626/1035 1636/1636/1035 1637/1637/1035 1627/1627/1035
f 1636/1636/1036 1644/1644/1036 1645/1645/1036 1637/1637/1036
f 1644/1644/1037 1652/1652/1037 1653/1653/1037 1645/1645/1037
f 1652/1652/1038 1604/1604/1038 1657/1657/1038 1653/1653/1038
f 1613/1613/1035 1659/1659/1035 1658/1658/1035 1612/1612/1035
f 1659/1659/1039 1655/1655/1039 1654/1654/1039 1658/1658/1039
f 1655/1655/1033 1647/1647/1033 1646/1646/1033 1654/1654/1033
f 1647/1647/1040 1639/1639/1040 1638/1638/1040 1646/1646/1040
f 1639/1639/1031 1630/1630/1031 1628/1628/1031 1638/1638/1031
f 1630/1630/1041 1629/1629/1041 1622/1622/1041 1628/1628/1041
f 1629/1629/1037 1614/1614/1037 1611/1611/1037 1622/1622/1037
f 1614/1614/1042 1613/1613/1042 1612/1612/1042 1611/1611/1042
f 1661/1661/1008 1662/1662/1008 1663/1663/1008 1664/1664/1008
f 1665/1665/1010 1666/1666/1010 1667/1667/1010 1668/1668/1010
f 1669/1669/1007 1670/1670/1007 1671/1671/1007 1672/1672/1007
f 1662/1662/1009 1673/1673/1009 1674/1674/1009 1663/1663/1009
f 1666/1666/1010 1675/1675/1010 1676/1676/1010 1667/1667/1010
f 1677/1677/1011 1678/1678/1011 1679/1679/1011 1680/1680/1011
f 1670/1670/1007 1681/1681/1007 1682/1682/1007 1671/1671/1007
f 1673/1673/1012 1683/1683/1012 1684/1684/1012 1674/1674/1012
f 1675/1675/1010 1685/1685/1010 1686/1686/1010 1676/1676/1010
f 1681/1681/1007 1687/1687/1007 1688/1688/1007 1682/1682/1007
f 1683/1683/1013 1689/1689/1013 1690/1690/1013 1684/1684/1013
f 1685/1685/1010 1691/1691/1010 1692/1692/1010 1686/1686/1010
f 1693/1693/1014 1694/1694/1014 1695/1695/1014 1696/1696/1014
f 1687/1687/1007 1697/1697/1007 1698/1698/1007 1688/1688/1007
f 1689/1689/1015 1699/1699/1015 1700/1700/1015 1690/1690/1015
f 1691/1691/1010 1701/1701/1010 1702/1702/1010 1692/1692/1010
f 1694/1694/1008 1703/1703/1008 1704/1704/1008 1695/1695/1008
f 1697/1697/1007 1705/1705/1007 1706/1706/1007 1698/1698/1007
f 1699/1699/1011 1707/1707/1011 1708/1708/1011 1700/1700/1011
f 1701/1701/1010 1709/1709/1010 1710/1710/1010 1702/1702/1010
f 1703/1703/1009 1711/1711/1009 1712/1712/1009 1704/1704/1009
f 1705/1705/1007 1713/1713/1007 1714/1714/1007 1706/1706/1007
f 1707/1707/1016 1715/1715/1016 1716/1716/1016 1708/1708/1016
f 1709/1709/1010 1717/1717/1010 1718/1718/1010 1710/1710/1010
f 1711/1711/1012 1719/1719/1012 1720/1720/1012 1712/1712/1012
f 1713/1713/1007 1721/1721/1007 1722/1722/1007 1714/1714/1007
f 1715/1715/1014 1661/1661/1014 1664/1664/1014 1716/1716/1014
f 1717/1717/1010 1665/1665/1010 1668/1668/1010 1718/1718/1010
f 1719/1719/1013 1723/1723/1013 1724/1724/1013 1720/1720/1013
f 1724/1724/1043 1680/1680/1043 1669/1669/1043 1721/1721/1043
f 1680/1680/1044 1679/1679/1044 1670/1670/1044 1669/1669/1044
f 1679/1679/1019 1696/1696/1019 1681/1681/1019 1670/1670/1019
f 1696/1696/1045 1695/1695/1045 1687/1687/1045 1681/1681/1045
f 1695/1695/1046 1704/1704/1046 1697/1697/1046 1687/1687/1046
f 1704/1704/1047 1712/1712/1047 1705/1705/1047 1697/1697/1047
f 1712/1712/1023 1720/1720/1023 1713/1713/1023 1705/1705/1023
f 1720/1720/1048 1724/1724/1048 1721/1721/1048 1713/1713/1048
f 1662/1662/1046 1661/1661/1046 1722/1722/1046 1672/1672/1046
f 1661/1661/1045 1715/1715/1045 1714/1714/1045 1722/1722/1045
f 1715/1715/1049 1707/1707/1049 1706/1706/1049 1714/1714/1049
f 1707/1707/1027 1699/1699/1027 1698/1698/1027 1706/1706/1027
f 1699/1699/1043 1689/1689/1043 1688/1688/1043 1698/1698/1043
f 1689/1689/1048 1683/1683/1048 1682/1682/1048 1688/1688/1048
f 1683/1683/1050 1673/1673/1050 1671/1671/1050 1682/1682/1050
f 1673/1673/1030 1662/1662/1030 1672/1672/1030 1671/1671/1030
f 1664/1664/1051 1663/1663/1051 1666/1666/1051 1665/1665/1051
f 1663/1663/1040 1674/1674/1040 1675/1675/1040 1666/1666/1040
f 1674/1674/1033 1684/1684/1033 1685/1685/1033 1675/1675/1033
f 1684/1684/1039 1690/1690/1039 1691/1691/1039 1685/1685/1039
f 1690/1690/1035 1700/1700/1035 1701/1701/1035 1691/1691/1035
f 1700/1700/1052 1708/1708/1052 1709/1709/1052 1701/1701/1052
f 1708/1708/1053 1716/1716/1053 1717/1717/1053 1709/1709/1053
f 1716/1716/1054 1664/1664/1054 1665/1665/1054 1717/1717/1054
f 1677/1677/1055 1723/1723/1055 1668/1668/1055 1667/1667/1055
f 1723/1723/1056 1719/1719/1056 1718/1718/1056 1668/1668/1056
f 1719/1719/1057 1711/1711/1057 1710/1710/1057 1718/1718/1057
f 1711/1711/1058 1703/1703/1058 1702/1702/1058 1710/1710/1058
f 1703/1703/1031 1694/1694/1031 1692/1692/1031 1702/1702/1031
f 1694/1694/1041 1693/1693/1041 1686/1686/1041 1692/1692/1041
f 1693/1693/1059 1678/1678/1059 1676/1676/1059 1686/1686/1059
f 1678/1678/1052 1677/1677/1052 1667/1667/1052 1676/1676/1052
f 1629/1629/1016 1632/1632/1016 1615/1615/1016 1614/1614/1016
f 1693/1693/1016 1696/1696/1016 1679/1679/1016 1678/1678/1016
f 1659/1659/1015 1613/1613/1015 1616/1616/1015 1660/1660/1015
f 1723/1723/1015 1677/1677/1015 1680/1680/1015 1724/1724/1015
f 1609/1609/1060 1612/1612/1060 1669/1669/1060 1672/1672/1060
f 1612/1612/1015 1658/1658/1015 1721/1721/1015 1669/1669/1015
f 1658/1658/1061 1657/1657/1061 1722/1722/1061 1721/1721/1061
f 1657/1657/1008 1609/1609/1008 1672/1672/1008 1722/1722/1008
f 1725/1725/1008 1726/1726/1008 1727/1727/1008 1728/1728/1008
f 1729/1729/1012 1730/1730/1012 1731/1731/1012 1732/1732/1012
f 1733/1733/1015 1734/1734/1015 1735/1735/1015 1736/1736/1015
f 1737/1737/1016 1738/1738/1016 1739/1739/1016 1740/1740/1016
f 1726/1726/1008 1741/1741/1008 1742/1742/1008 1727/1727/1008
f 1730/1730/1062 1743/1743/1062 1744/1744/1062 1731/1731/1062
f 1734/1734/1015 1745/1745/1015 1746/1746/1015 1735/1735/1015
f 1747/1747/1063 1748/1748/1063 1749/1749/1063 1750/1750/1063
f 1741/1741/1008 1751/1751/1008 1752/1752/1008 1742/1742/1008
f 1743/1743/1007 1753/1753/1007 1754/1754/1007 1744/1744/1007
f 1745/1745/1015 1755/1755/1015 1756/1756/1015 1746/1746/1015
f 1751/1751/1008 1757/1757/1008 1758/1758/1008 1752/1752/1008
f 1753/1753/1064 1759/1759/1064 1760/1760/1064 1754/1754/1064
f 1755/1755/1015 1761/1761/1015 1762/1762/1015 1756/1756/1015
f 1763/1763/1065 1764/1764/1065 1765/1765/1065 1766/1766/1065
f 1757/1757/1008 1767/1767/1008 1768/1768/1008 1758/1758/1008
f 1759/1759/1016 1769/1769/1016 1770/1770/1016 1760/1760/1016
f 1761/1761/1015 1771/1771/1015 1772/1772/1015 1762/1762/1015
f 1764/1764/1012 1773/1773/1012 1774/1774/1012 1765/1765/1012
f 1767/1767/1008 1775/1775/1008 1776/1776/1008 1768/1768/1008
f 1769/1769/1063 1777/1777/1063 1778/1778/1063 1770/1770/1063
f 1771/1771/1015 1779/1779/1015 1780/1780/1015 1772/1772/1015
f 1773/1773/1062 1781/1781/1062 1782/1782/1062 1774/1774/1062
f 1775/1775/1008 1783/1783/1008 1784/1784/1008 1776/1776/1008
f 1777/1777/1010 1785/1785/1010 1786/1786/1010 1778/1778/1010
f 1779/1779/1015 1787/1787/1015 1788/1788/1015 1780/1780/1015
f 1781/1781/1007 1789/1789/1007 1790/1790/1007 1782/1782/1007
f 1783/1783/1008 1725/1725/1008 1728/1728/1008 1784/1784/1008
f 1785/1785/1065 1729/1729/1065 1732/1732/1065 1786/1786/1065
f 1787/1787/1015 1733/1733/1015 1736/1736/1015 1788/1788/1015
f 1789/1789/1064 1791/1791/1064 1792/1792/1064 1790/1790/1064
f 1792/1792/1066 1750/1750/1066 1726/1726/1066 1725/1725/1066
f 1750/1750/1067 1749/1749/1067 1741/1741/1067 1726/1726/1067
f 1749/1749/1068 1766/1766/1068 1751/1751/1068 1741/1741/1068
f 1766/1766/1069 1765/1765/1069 1757/1757/1069 1751/1751/1069
f 1765/1765/1070 1774/1774/1070 1767/1767/1070 1757/1757/1070
f 1774/1774/1071 1782/1782/1071 1775/1775/1071 1767/1767/1071
f 1782/1782/1072 1790/1790/1072 1783/1783/1072 1775/1775/1072
f 1790/1790/1073 1792/1792/1073 1725/1725/1073 1783/1783/1073
f 1730/1730/1070 1729/1729/1070 1728/1728/1070 1727/1727/1070
f 1729/1729/1069 1785/1785/1069 1784/1784/1069 1728/1728/1069
f 1785/1785/1068 1777/1777/1068 1776/1776/1068 1784/1784/1068
f 1777/1777/1074 1769/1769/1074 1768/1768/1074 1776/1776/1074
f 1769/1769/1066 1759/1759/1066 1758/1758/1066 1768/1768/1066
f 1759/1759/1073 1753/1753/1073 1752/1752/1073 1758/1758/1073
f 1753/1753/1072 1743/1743/1072 1742/1742/1072 1752/1752/1072
f 1743/1743/1071 1730/1730/1071 1727/1727/1071 1742/1742/1071
f 1732/1732/1075 1731/1731/1075 1734/1734/1075 1733/1733/1075
f 1731/1731/1076 1744/1744/1076 1745/1745/1076 1734/1734/1076
f 1744/1744/1077 1754/1754/1077 1755/1755/1077 1745/1745/1077
f 1754/1754/1078 1760/1760/1078 1761/1761/1078 1755/1755/1078
f 1760/1760/1079 1770/1770/1079 1771/1771/1079 1761/1761/1079
f 1770/1770/1080 1778/1778/1080 1779/1779/1080 1771/1771/1080
f 1778/1778/1081 1786/1786/1081 1787/1787/1081 1779/1779/1081
f 1786/1786/1082 1732/1732/1082 1733/1733/1082 1787/1787/1082
f 1747/1747/1079 1791/1791/1079 1736/1736/1079 1735/1735/1079
f 1791/1791/1078 1789/1789/1078 1788/1788/1078 1736/1736/1078
f 1789/1789/1077 1781/1781/1077 1780/1780/1077 1788/1788/1077
f 1781/1781/1076 1773/1773/1076 1772/1772/1076 1780/1780/1076
f 1773/1773/1075 1764/1764/1075 1762/1762/1075 1772/1772/1075
f 1764/1764/1082 1763/1763/1082 1756/1756/1082 1762/1762/1082
f 1763/1763/1081 1748/1748/1081 1746/1746/1081 1756/1756/1081
f 1748/1748/1080 1747/1747/1080 1735/1735/1080 1746/1746/1080
f 1750/1750/1008 1792/1792/1008 1740/1740/1008 1739/1739/1008
f 1792/1792/1007 1791/1791/1007 1737/1737/1007 1740/1740/1007
f 1791/1791/1015 1747/1747/1015 1738/1738/1015 1737/1737/1015
f 1747/1747/1010 1750/1750/1010 1739/1739/1010 1738/1738/1010
f 1793/1793/1008 1794/1794/1008 1795/1795/1008 1796/1796/1008
f 1797/1797/1012 1798/1798/1012 1799/1799/1012 1800/1800/1012
f 1801/1801/1015 1802/1802/1015 1803/1803/1015 1804/1804/1015
f 1805/1805/1016 1806/1806/1016 1807/1807/1016 1808/1808/1016
f 1794/1794/1008 1809/1809/1008 1810/1810/1008 1795/1795/1008
f 1798/1798/1062 1811/1811/1062 1812/1812/1062 1799/1799/1062
f 1802/1802/1015 1813/1813/1015 1814/1814/1015 1803/1803/1015
f 1815/1815/1063 1816/1816/1063 1817/1817/1063 1818/1818/1063
f 1809/1809/1008 1819/1819/1008 1820/1820/1008 1810/1810/1008
f 1811/1811/1007 1821/1821/1007 1822/1822/1007 1812/1812/1007
f 1813/1813/1015 1823/1823/1015 1824/1824/1015 1814/1814/1015
f 1819/1819/1008 1825/1825/1008 1826/1826/1008 1820/1820/1008
f 1821/1821/1064 1827/1827/1064 1828/1828/1064 1822/1822/1064
f 1823/1823/1015 1829/1829/1015 1830/1830/1015 1824/1824/1015
f 1831/1831/1065 1832/1832/1065 1833/1833/1065 1834/1834/1065
f 1825/1825/1008 1835/1835/1008 1836/1836/1008 1826/1826/1008
f 1827/1827/1016 1837/1837/1016 1838/1838/1016 1828/1828/1016
f 1829/1829/1015 1839/1839/1015 1840/1840/1015 1830/1830/1015
f 1832/1832/1012 1841/1841/1012 1842/1842/1012 1833/1833/1012
f 1835/1835/1008 1843/1843/1008 1844/1844/1008 1836/1836/1008
f 1837/1837/1063 1845/1845/1063 1846/1846/1063 1838/1838/1063
f 1839/1839/1015 1847/1847/1015 1848/1848/1015 1840/1840/1015
f 1841/1841/1062 1849/1849/1062 1850/1850/1062 1842/1842/1062
f 1843/1843/1008 1851/1851/1008 1852/1852/1008 1844/1844/1008
f 1845/1845/1010 1853/1853/1010 1854/1854/1010 1846/1846/1010
f 1847/1847/1015 1855/1855/1015 1856/1856/1015 1848/1848/1015
f 1849/1849/1007 1857/1857/1007 1858/1858/1007 1850/1850/1007
f 1851/1851/1008 1793/1793/1008 1796/1796/1008 1852/1852/1008
f 1853/1853/1065 1797/1797/1065 1800/1800/1065 1854/1854/1065
f 1855/1855/1015 1801/1801/1015 1804/1804/1015 1856/1856/1015
f 1857/1857/1064 1859/1859/1064 1860/1860/1064 1858/1858/1064
f 1860/1860/1066 1818/1818/1066 1794/1794/1066 1793/1793/1066
f 1818/1818/1074 1817/1817/1074 1809/1809/1074 1794/1794/1074
f 1817/1817/1068 1834/1834/1068 1819/1819/1068 1809/1809/1068
f 1834/1834/1069 1833/1833/1069 1825/1825/1069 1819/1819/1069
f 1833/1833/1070 1842/1842/1070 1835/1835/1070 1825/1825/1070
f 1842/1842/1071 1850/1850/1071 1843/1843/1071 1835/1835/1071
f 1850/1850/1072 1858/1858/1072 1851/1851/1072 1843/1843/1072
f 1858/1858/1073 1860/1860/1073 1793/1793/1073 1851/1851/1073
f 1798/1798/1070 1797/1797/1070 1796/1796/1070 1795/1795/1070
f 1797/1797/1069 1853/1853/1069 1852/1852/1069 1796/1796/1069
f 1853/1853/1068 1845/1845/1068 1844/1844/1068 1852/1852/1068
f 1845/1845/1067 1837/1837/1067 1836/1836/1067 1844/1844/1067
f 1837/1837/1066 1827/1827/1066 1826/1826/1066 1836/1836/1066
f 1827/1827/1073 1821/1821/1073 1820/1820/1073 1826/1826/1073
f 1821/1821/1072 1811/1811/1072 1810/1810/1072 1820/1820/1072
f 1811/1811/1071 1798/1798/1071 1795/1795/1071 1810/1810/1071
f 1800/1800/1075 1799/1799/1075 1802/1802/1075 1801/1801/1075
f 1799/1799/1083 1812/1812/1083 1813/1813/1083 1802/1802/1083
f 1812/1812/1077 1822/1822/1077 1823/1823/1077 1813/1813/1077
f 1822/1822/1078 1828/1828/1078 1829/1829/1078 1823/1823/1078
f 1828/1828/1079 1838/1838/1079 1839/1839/1079 1829/1829/1079
f 1838/1838/1080 1846/1846/1080 1847/1847/1080 1839/1839/1080
f 1846/1846/1081 1854/1854/1081 1855/1855/1081 1847/1847/1081
f 1854/1854/1082 1800/1800/1082 1801/1801/1082 1855/1855/1082
f 1815/1815/1079 1859/1859/1079 1804/1804/1079 1803/1803/1079
f 1859/1859/1078 1857/1857/1078 1856/1856/1078 1804/1804/1078
f 1857/1857/1077 1849/1849/1077 1848/1848/1077 1856/1856/1077
f 1849/1849/1076 1841/1841/1076 1840/1840/1076 1848/1848/1076
f 1841/1841/1075 1832/1832/1075 1830/1830/1075 1840/1840/1075
f 1832/1832/1082 1831/1831/1082 1824/1824/1082 1830/1830/1082
f 1831/1831/1081 1816/1816/1081 1814/1814/1081 1824/1824/1081
f 1816/1816/1080 1815/1815/1080 1803/1803/1080 1814/1814/1080
f 1818/1818/1008 1860/1860/1008 1808/1808/1008 1807/1807/1008
f 1860/1860/1007 1859/1859/1007 1805/1805/1007 1808/1808/1007
f 1859/1859/1015 1815/1815/1015 1806/1806/1015 1805/1805/1015
f 1815/1815/1010 1818/1818/1010 1807/1807/1010 1806/1806/1010
f 1861/1861/1008 1862/1862/1008 1863/1863/1008 1864/1864/1008
f 1865/1865/1012 1866/1866/1012 1867/1867/1012 1868/1868/1012
f 1869/1869/1015 1870/1870/1015 1871/1871/1015 1872/1872/1015
f 1873/1873/1016 1874/1874/1016 1875/1875/1016 1876/1876/1016
f 1862/1862/1008 1877/1877/1008 1878/1878/1008 1863/1863/1008
f 1866/1866/1062 1879/1879/1062 1880/1880/1062 1867/1867/1062
f 1870/1870/1015 1881/1881/1015 1882/1882/1015 1871/1871/1015
f 1883/1883/1063 1884/1884/1063 1885/1885/1063 1886/1886/1063
f 1877/1877/1008 1887/1887/1008 1888/1888/1008 1878/1878/1008
f 1879/1879/1007 1889/1889/1007 1890/1890/1007 1880/1880/1007
f 1881/1881/1015 1891/1891/1015 1892/1892/1015 1882/1882/1015
f 1884/1884/1010 1893/1893/1010 1894/1894/1010 1885/1885/1010
f 1887/1887/1008 1895/1895/1008 1896/1896/1008 1888/1888/1008
f 1889/1889/1064 1897/1897/1064 1898/1898/1064 1890/1890/1064
f 1891/1891/1015 1899/1899/1015 1900/1900/1015 1892/1892/1015
f 1893/1893/1065 1901/1901/1065 1902/1902/1065 1894/1894/1065
f 1895/1895/1008 1903/1903/1008 1904/1904/1008 1896/1896/1008
f 1897/1897/1016 1905/1905/1016 1906/1906/1016 1898/1898/1016
f 1899/1899/1015 1907/1907/1015 1908/1908/1015 1900/1900/1015
f 1901/1901/1012 1909/1909/1012 1910/1910/1012 1902/1902/1012
f 1903/1903/1008 1911/1911/1008 1912/1912/1008 1904/1904/1008
f 1905/1905/1063 1913/1913/1063 1914/1914/1063 1906/1906/1063
f 1907/1907/1015 1915/1915/1015 1916/1916/1015 1908/1908/1015
f 1909/1909/1062 1917/1917/1062 1918/1918/1062 1910/1910/1062
f 1911/1911/1008 1919/1919/1008 1920/1920/1008 1912/1912/1008
f 1913/1913/1010 1921/1921/1010 1922/1922/1010 1914/1914/1010
f 1915/1915/1015 1923/1923/1015 1924/1924/1015 1916/1916/1015
f 1919/1919/1008 1861/1861/1008 1864/1864/1008 1920/1920/1008
f 1921/1921/1065 1865/1865/1065 1868/1868/1065 1922/1922/1065
f 1923/1923/1015 1869/1869/1015 1872/1872/1015 1924/1924/1015
f 1925/1925/1064 1926/1926/1064 1927/1927/1064 1928/1928/1064
f 1927/1927/1066 1886/1886/1066 1862/1862/1066 1861/1861/1066
f 1886/1886/1067 1885/1885/1067 1877/1877/1067 1862/1862/1067
f 1885/1885/1084 1894/1894/1084 1887/1887/1084 1877/1877/1084
f 1894/1894/1069 1902/1902/1069 1895/1895/1069 1887/1887/1069
f 1902/1902/1070 1910/1910/1070 1903/1903/1070 1895/1895/1070
f 1910/1910/1071 1918/1918/1071 1911/1911/1071 1903/1903/1071
f 1918/1918/1072 1928/1928/1072 1919/1919/1072 1911/1911/1072
f 1928/1928/1073 1927/1927/1073 1861/1861/1073 1919/1919/1073
f 1866/1866/1070 1865/1865/1070 1864/1864/1070 1863/1863/1070
f 1865/1865/1069 1921/1921/1069 1920/1920/1069 1864/1864/1069
f 1921/1921/1068 1913/1913/1068 1912/1912/1068 1920/1920/1068
f 1913/1913/1067 1905/1905/1067 1904/1904/1067 1912/1912/1067
f 1905/1905/1066 1897/1897/1066 1896/1896/1066 1904/1904/1066
f 1897/1897/1085 1889/1889/1085 1888/1888/1085 1896/1896/1085
f 1889/1889/1072 1879/1879/1072 1878/1878/1072 1888/1888/1072
f 1879/1879/1086 1866/1866/1086 1863/1863/1086 1878/1878/1086
f 1868/1868/1075 1867/1867/1075 1870/1870/1075 1869/1869/1075
f 1867/1867/1087 1880/1880/1087 1881/1881/1087 1870/1870/1087
f 1880/1880/1077 1890/1890/1077 1891/1891/1077 1881/1881/1077
f 1890/1890/1088 1898/1898/1088 1899/1899/1088 1891/1891/1088
f 1898/1898/1079 1906/1906/1079 1907/1907/1079 1899/1899/1079
f 1906/1906/1080 1914/1914/1080 1915/1915/1080 1907/1907/1080
f 1914/1914/1081 1922/1922/1081 1923/1923/1081 1915/1915/1081
f 1922/1922/1082 1868/1868/1082 1869/1869/1082 1923/1923/1082
f 1883/1883/1079 1926/1926/1079 1872/1872/1079 1871/1871/1079
f 1926/1926/1078 1925/1925/1078 1924/1924/1078 1872/1872/1078
f 1925/1925/1077 1917/1917/1077 1916/1916/1077 1924/1924/1077
f 1917/1917/1076 1909/1909/1076 1908/1908/1076 1916/1916/1076
f 1909/1909/1075 1901/1901/1075 1900/1900/1075 1908/1908/1075
f 1901/1901/1089 1893/1893/1089 1892/1892/1089 1900/1900/1089
f 1893/1893/1081 1884/1884/1081 1882/1882/1081 1892/1892/1081
f 1884/1884/1090 1883/1883/1090 1871/1871/1090 1882/1882/1090
f 1886/1886/1008 1927/1927/1008 1876/1876/1008 1875/1875/1008
f 1927/1927/1007 1926/1926/1007 1873/1873/1007 1876/1876/1007
f 1926/1926/1015 1883/1883/1015 1874/1874/1015 1873/1873/1015
f 1883/1883/1010 1886/1886/1010 1875/1875/1010 1874/1874/1010
f 1929/1929/1008 1930/1930/1008 1931/1931/1008 1932/1932/1008
f 1933/1933/1012 1934/1934/1012 1935/1935/1012 1936/1936/1012
f 1937/1937/1015 1938/1938/1015 1939/1939/1015 1940/1940/1015
f 1941/1941/1016 1942/1942/1016 1943/1943/1016 1944/1944/1016
f 1930/1930/1008 1945/1945/1008 1946/1946/1008 1931/1931/1008
f 1934/1934/1062 1947/1947/1062 1948/1948/1062 1935/1935/1062
f 1938/1938/1015 1949/1949/1015 1950/1950/1015 1939/1939/1015
f 1951/1951/1063 1952/1952/1063 1953/1953/1063 1954/1954/1063
f 1945/1945/1008 1955/1955/1008 1956/1956/1008 1946/1946/1008
f 1947/1947/1007 1957/1957/1007 1958/1958/1007 1948/1948/1007
f 1949/1949/1015 1959/1959/1015 1960/1960/1015 1950/1950/1015
f 1952/1952/1010 1961/1961/1010 1962/1962/1010 1953/1953/1010
f 1955/1955/1008 1963/1963/1008 1964/1964/1008 1956/1956/1008
f 1957/1957/1064 1965/1965/1064 1966/1966/1064 1958/1958/1064
f 1959/1959/1015 1967/1967/1015 1968/1968/1015 1960/1960/1015
f 1961/1961/1065 1969/1969/1065 1970/1970/1065 1962/1962/1065
f 1963/1963/1008 1971/1971/1008 1972/1972/1008 1964/1964/1008
f 1965/1965/1016 1973/1973/1016 1974/1974/1016 1966/1966/1016
f 1967/1967/1015 1975/1975/1015 1976/1976/1015 1968/1968/1015
f 1969/1969/1012 1977/1977/1012 1978/1978/1012 1970/1970/1012
f 1971/1971/1008 1979/1979/1008 1980/1980/1008 1972/1972/1008
f 1973/1973/1063 1981/1981/1063 1982/1982/1063 1974/1974/1063
f 1975/1975/1015 1983/1983/1015 1984/1984/1015 1976/1976/1015
f 1977/1977/1062 1985/1985/1062 1986/1986/1062 1978/1978/1062
f 1979/1979/1008 1987/1987/1008 1988/1988/1008 1980/1980/1008
f 1981/1981/1010 1989/1989/1010 1990/1990/1010 1982/1982/1010
f 1983/1983/1015 1991/1991/1015 1992/1992/1015 1984/1984/1015
f 1987/1987/1008 1929/1929/1008 1932/1932/1008 1988/1988/1008
f 1989/1989/1065 1933/1933/1065 1936/1936/1065 1990/1990/1065
f 1991/1991/1015 1937/1937/1015 1940/1940/1015 1992/1992/1015
f 1993/1993/1064 1994/1994/1064 1995/1995/1064 1996/1996/1064
f 1995/1995/1066 1954/1954/1066 1930/1930/1066 1929/1929/1066
f 1954/1954/1091 1953/1953/1091 1945/1945/1091 1930/1930/1091
f 1953/1953/1068 1962/1962/1068 1955/1955/1068 1945/1945/1068
f 1962/1962/1092 1970/1970/1092 1963/1963/1092 1955/1955/1092
f 1970/1970/1070 1978/1978/1070 1971/1971/1070 1963/1963/1070
f 1978/1978/1071 1986/1986/1071 1979/1979/1071 1971/1971/1071
f 1986/1986/1072 1996/1996/1072 1987/1987/1072 1979/1979/1072
f 1996/1996/1073 1995/1995/1073 1929/1929/1073 1987/1987/1073
f 1934/1934/1070 1933/1933/1070 1932/1932/1070 1931/1931/1070
f 1933/1933/1069 1989/1989/1069 1988/1988/1069 1932/1932/1069
f 1989/1989/1068 1981/1981/1068 1980/1980/1068 1988/1988/1068
f 1981/1981/1067 1973/1973/1067 1972/1972/1067 1980/1980/1067
f 1973/1973/1066 1965/1965/1066 1964/1964/1066 1972/1972/1066
f 1965/1965/1085 1957/1957/1085 1956/1956/1085 1964/1964/1085
f 1957/1957/1072 1947/1947/1072 1946/1946/1072 1956/1956/1072
f 1947/1947/1086 1934/1934/1086 1931/1931/1086 1946/1946/1086
f 1936/1936/1075 1935/1935/1075 1938/1938/1075 1937/1937/1075
f 1935/1935/1093 1948/1948/1093 1949/1949/1093 1938/1938/1093
f 1948/1948/1077 1958/1958/1077 1959/1959/1077 1949/1949/1077
f 1958/1958/1088 1966/1966/1088 1967/1967/1088 1959/1959/1088
f 1966/1966/1079 1974/1974/1079 1975/1975/1079 1967/1967/1079
f 1974/1974/1090 1982/1982/1090 1983/1983/1090 1975/1975/1090
f 1982/1982/1081 1990/1990/1081 1991/1991/1081 1983/1983/1081
f 1990/1990/1094 1936/1936/1094 1937/1937/1094 1991/1991/1094
f 1951/1951/1079 1994/1994/1079 1940/1940/1079 1939/1939/1079
f 1994/1994/1095 1993/1993/1095 1992/1992/1095 1940/1940/1095
f 1993/1993/1077 1985/1985/1077 1984/1984/1077 1992/1992/1077
f 1985/1985/1083 1977/1977/1083 1976/1976/1083 1984/1984/1083
f 1977/1977/1075 1969/1969/1075 1968/1968/1075 1976/1976/1075
f 1969/1969/1096 1961/1961/1096 1960/1960/1096 1968/1968/1096
f 1961/1961/1097 1952/1952/1097 1950/1950/1097 1960/1960/1097
f 1952/1952/1090 1951/1951/1090 1939/1939/1090 1950/1950/1090
f 1954/1954/1008 1995/1995/1008 1944/1944/1008 1943/1943/1008
f 1995/1995/1007 1994/1994/1007 1941/1941/1007 1944/1944/1007
f 1994/1994/1015 1951/1951/1015 1942/1942/1015 1941/1941/1015
f 1951/1951/1010 1954/1954/1010 1943/1943/1010 1942/1942/1010
f 1749/1749/1016 1748/1748/1016 1925/1925/1016 1928/1928/1016
f 1748/1748/1015 1763/1763/1015 1917/1917/1015 1925/1925/1015
f 1763/1763/1012 1766/1766/1012 1918/1918/1012 1917/1917/1012
f 1766/1766/1008 1749/1749/1008 1928/1928/1008 1918/1918/1008
f 1817/1817/1016 1816/1816/1016 1993/1993/1016 1996/1996/1016
f 1816/1816/1015 1831/1831/1015 1985/1985/1015 1993/1993/1015
f 1831/1831/1012 1834/1834/1012 1986/1986/1012 1985/1985/1012
f 1834/1834/1008 1817/1817/1008 1996/1996/1008 1986/1986/1008
f 1997/1997/1098 1998/1998/1098 1999/1999/1098
f 1999/1999/1098 2000/2000/1098 1997/1997/1098
f 2001/2001/1099 2002/2002/1099 1998/1998/1099
f 1998/1998/1099 1997/1997/1099 2001/2001/1099
f 2003/2003/1100 2004/2004/1100 2002/2002/1100
f 2002/2002/1100 2001/2001/1100 2003/2003/1100
f 2005/2005/1101 2006/2006/1101 2004/2004/1101
f 2004/2004/1101 2003/2003/1101 2005/2005/1101
f 2007/2007/1102 2008/2008/1102 2006/2006/1102
f 2006/2006/1102 2005/2005/1102 2007/2007/1102
f 2009/2009/1103 2010/2010/1103 2008/2008/1103
f 2008/2008/1103 2007/2007/1103 2009/2009/1103
f 2011/2011/1104 2012/2012/1104 2010/2010/1104
f 2010/2010/1104 2009/2009/1104 2011/2011/1104
f 2013/2013/1105 2014/2014/1105 2012/2012/1105
f 2012/2012/1105 2011/2011/1105 2013/2013/1105
f 2015/2015/1106 2016/2016/1106 2014/2014/1106
f 2014/2014/1106 2013/2013/1106 2015/2015/1106
f 2000/2000/1107 1999/1999/1107 2016/2016/1107
f 2016/2016/1107 2015/2015/1107 2000/2000/1107
f 2017/2017/1108 1997/1997/1108 2000/2000/1108
f 2000/2000/1108 2018/2018/1108 2017/2017/1108
f 2019/2019/1109 2001/2001/1109 1997/1997/1109
f 1997/1997/1109 2017/2017/1109 2019/2019/1109
f 2020/2020/1110 2003/2003/1110 2001/2001/1110
f 2001/2001/1110 2019/2019/1110 2020/2020/1110
f 2021/2021/1111 2005/2005/1112 2003/2003/1111
f 2003/2003/1111 2020/2020/1111 2021/2021/1111
f 2022/2022/1113 2007/2007/1113 2005/2005/1113
f 2005/2005/1113 2021/2021/1113 2022/2022/1113
f 2023/2023/1114 2009/2009/1114 2007/2007/1114
f 2007/2007/1114 2022/2022/1114 2023/2023/1114
f 2024/2024/1115 2011/2011/1115 2009/2009/1115
f 2009/2009/1115 2023/2023/1115 2024/2024/1115
f 2025/2025/1116 2013/2013/1116 2011/2011/1116
f 2011/2011/1116 2024/2024/1116 2025/2025/1116
f 2026/2026/1117 2015/2015/1118 2013/2013/1117
f 2013/2013/1117 2025/2025/1117 2026/2026/1117
f 2018/2018/1119 2000/2000/1119 2015/2015/1119
f 2015/2015/1119 2026/2026/1119 2018/2018/1119
f 2027/2027/1120 2017/2017/1120 2018/2018/1120
f 2018/2018/1120 2028/2028/1120 2027/2027/1120
f 2029/2029/1121 2019/2019/1121 2017/2017/1121
f 2017/2017/1121 2027/2027/1121 2029/2029/1121
f 2030/2030/1122 2020/2020/1122 2019/2019/1122
f 2019/2019/1122 2029/2029/1122 2030/2030/1122
f 2031/2031/1123 2021/2021/1123 2020/2020/1123
f 2020/2020/1123 2030/2030/1123 2031/2031/1123
f 2032/2032/1124 2022/2022/1124 2021/2021/1124
f 2021/2021/1124 2031/2031/1124 2032/2032/1124
f 2033/2033/1125 2023/2023/1125 2022/2022/1125
f 2022/2022/1125 2032/2032/1125 2033/2033/1125
f 2034/2034/1126 2024/2024/1126 2023/2023/1126
f 2023/2023/1126 2033/2033/1126 2034/2034/1126
f 2035/2035/1127 2025/2025/1127 2024/2024/1127
f 2024/2024/1127 2034/2034/1127 2035/2035/1127
f 2036/2036/1128 2026/2026/1128 2025/2025/1128
f 2025/2025/1128 2035/2035/1128 2036/2036/1128
f 2028/2028/1129 2018/2018/1129 2026/2026/1129
f 2026/2026/1129 2036/2036/1129 2028/2028/1129
f 2037/2037/1130 2027/2027/1130 2028/2028/1130
f 2028/2028/1130 2038/2038/1130 2037/2037/1130
f 2039/2039/1131 2029/2029/1131 2027/2027/1131
f 2027/2027/1131 2037/2037/1131 2039/2039/1131
f 2040/2040/1132 2030/2030/1132 2029/2029/1132
f 2029/2029/1132 2039/2039/1132 2040/2040/1132
f 2041/2041/1133 2031/2031/1133 2030/2030/1133
f 2030/2030/1133 2040/2040/1133 2041/2041/1133
f 2042/2042/1134 2032/2032/1134 2031/2031/1134
f 2031/2031/1134 2041/2041/1134 2042/2042/1134
f 2043/2043/1135 2033/2033/1135 2032/2032/1135
f 2032/2032/1135 2042/2042/1135 2043/2043/1135
f 2044/2044/1136 2034/2034/1136 2033/2033/1136
f 2033/2033/1136 2043/2043/1137 2044/2044/1136
f 2045/2045/1138 2035/2035/1138 2034/2034/1138
f 2034/2034/1138 2044/2044/1138 2045/2045/1138
f 2046/2046/1139 2036/2036/1139 2035/2035/1139
f 2035/2035/1139 2045/2045/1139 2046/2046/1139
f 2038/2038/1140 2028/2028/1140 2036/2036/1140
f 2036/2036/1140 2046/2046/1140 2038/2038/1140
f 2047/2047/1141 2037/2037/1141 2038/2038/1141
f 2038/2038/1141 2048/2048/1141 2047/2047/1141
f 2049/2049/1142 2039/2039/1142 2037/2037/1142
f 2037/2037/1142 2047/2047/1142 2049/2049/1142
f 2050/2050/1143 2040/2040/1143 2039/2039/1143
f 2039/2039/1143 2049/2049/1143 2050/2050/1143
f 2051/2051/1144 2041/2041/1144 2040/2040/1144
f 2040/2040/1144 2050/2050/1144 2051/2051/1144
f 2052/2052/1145 2042/2042/1145 2041/2041/1145
f 2041/2041/1145 2051/2051/1145 2052/2052/1145
f 2053/2053/1146 2043/2043/1146 2042/2042/1146
f 2042/2042/1146 2052/2052/1146 2053/2053/1146
f 2054/2054/1147 2044/2044/1147 2043/2043/1147
f 2043/2043/1147 2053/2053/1147 2054/2054/1147
f 2055/2055/1148 2045/2045/1148 2044/2044/1148
f 2044/2044/1148 2054/2054/1148 2055/2055/1148
f 2056/2056/1149 2046/2046/1149 2045/2045/1149
f 2045/2045/1149 2055/2055/1149 2056/2056/1149
f 2048/2048/1150 2038/2038/1150 2046/2046/1150
f 2046/2046/1150 2056/2056/1150 2048/2048/1150
f 2002/2002/1151 2004/2004/1151 2006/2006/1151
f 2006/2006/1151 2008/2008/1151 2010/2010/1151
f 2010/2010/1151 2012/2012/1151 2014/2014/1151
f 2014/2014/1151 2016/2016/1151 1999/1999/1151
f 2010/2010/1151 2014/2014/1151 1999/1999/1151
f 2006/2006/1151 2010/2010/1151 1999/1999/1151
f 2002/2002/1151 2006/2006/1151 1999/1999/1151
f 1998/1998/1151 2002/2002/1151 1999/1999/1151
f 2056/2056/1152 2055/2055/1152 2054/2054/1152
f 2054/2054/1152 2053/2053/1152 2052/2052/1152
f 2052/2052/1152 2051/2051/1152 2050/2050/1152
f 2050/2050/1152 2049/2049/1152 2047/2047/1152
f 2052/2052/1152 2050/2050/1152 2047/2047/1152
f 2054/2054/1152 2052/2052/1152 2047/2047/1152
f 2056/2056/1152 2054/2054/1152 2047/2047/1152
f 2048/2048/1152 2056/2056/1152 2047/2047/1152
f 2057/2057/1098 2058/2058/1098 2059/2059/1098
f 2059/2059/1098 2060/2060/1098 2057/2057/1098
f 2061/2061/1099 2062/2062/1099 2058/2058/1099
f 2058/2058/1099 2057/2057/1099 2061/2061/1099
f 2063/2063/1100 2064/2064/1100 2062/2062/1100
f 2062/2062/1100 2061/2061/1100 2063/2063/1100
f 2065/2065/1101 2066/2066/1101 2064/2064/1101
f 2064/2064/1101 2063/2063/1101 2065/2065/1101
f 2067/2067/1102 2068/2068/1102 2066/2066/1102
f 2066/2066/1102 2065/2065/1102 2067/2067/1102
f 2069/2069/1103 2070/2070/1103 2068/2068/1103
f 2068/2068/1103 2067/2067/1103 2069/2069/1103
f 2071/2071/1104 2072/2072/1104 2070/2070/1104
f 2070/2070/1104 2069/2069/1104 2071/2071/1104
f 2073/2073/1105 2074/2074/1105 2072/2072/1105
f 2072/2072/1105 2071/2071/1105 2073/2073/1105
f 2075/2075/1106 2076/2076/1106 2074/2074/1106
f 2074/2074/1106 2073/2073/1106 2075/2075/1106
f 2060/2060/1107 2059/2059/1107 2076/2076/1107
f 2076/2076/1107 2075/2075/1107 2060/2060/1107
f 2077/2077/1108 2057/2057/1108 2060/2060/1108
f 2060/2060/1108 2078/2078/1108 2077/2077/1108
f 2079/2079/1109 2061/2061/1109 2057/2057/1109
f 2057/2057/1109 2077/2077/1109 2079/2079/1109
f 2080/2080/1110 2063/2063/1110 2061/2061/1110
f 2061/2061/1110 2079/2079/1110 2080/2080/1110
f 2081/2081/1111 2065/2065/1111 2063/2063/1111
f 2063/2063/1111 2080/2080/1111 2081/2081/1111
f 2082/2082/1113 2067/2067/1113 2065/2065/1113
f 2065/2065/1113 2081/2081/1113 2082/2082/1113
f 2083/2083/1114 2069/2069/1114 2067/2067/1114
f 2067/2067/1114 2082/2082/1114 2083/2083/1114
f 2084/2084/1115 2071/2071/1153 2069/2069/1115
f 2069/2069/1115 2083/2083/1115 2084/2084/1115
f 2085/2085/1116 2073/2073/1116 2071/2071/1116
f 2071/2071/1116 2084/2084/1116 2085/2085/1116
f 2086/2086/1117 2075/2075/1118 2073/2073/1117
f 2073/2073/1117 2085/2085/1117 2086/2086/1117
f 2078/2078/1119 2060/2060/1119 2075/2075/1119
f 2075/2075/1119 2086/2086/1119 2078/2078/1119
f 2087/2087/1120 2077/2077/1120 2078/2078/1120
f 2078/2078/1120 2088/2088/1120 2087/2087/1120
f 2089/2089/1121 2079/2079/1121 2077/2077/1121
f 2077/2077/1121 2087/2087/1121 2089/2089/1121
f 2090/2090/1122 2080/2080/1122 2079/2079/1122
f 2079/2079/1122 2089/2089/1122 2090/2090/1122
f 2091/2091/1123 2081/2081/1123 2080/2080/1123
f 2080/2080/1123 2090/2090/1123 2091/2091/1123
f 2092/2092/1124 2082/2082/1124 2081/2081/1124
f 2081/2081/1124 2091/2091/1124 2092/2092/1124
f 2093/2093/1125 2083/2083/1125 2082/2082/1125
f 2082/2082/1125 2092/2092/1125 2093/2093/1125
f 2094/2094/1126 2084/2084/1126 2083/2083/1126
f 2083/2083/1126 2093/2093/1126 2094/2094/1126
f 2095/2095/1127 2085/2085/1127 2084/2084/1127
f 2084/2084/1127 2094/2094/1127 2095/2095/1127
f 2096/2096/1128 2086/2086/1128 2085/2085/1128
f 2085/2085/1128 2095/2095/1128 2096/2096/1128
f 2088/2088/1129 2078/2078/1129 2086/2086/1129
f 2086/2086/1129 2096/2096/1129 2088/2088/1129
f 2097/2097/1130 2087/2087/1130 2088/2088/1130
f 2088/2088/1130 2098/2098/1130 2097/2097/1130
f 2099/2099/1131 2089/2089/1131 2087/2087/1131
f 2087/2087/1131 2097/2097/1131 2099/2099/1131
f 2100/2100/1132 2090/2090/1132 2089/2089/1132
f 2089/2089/1132 2099/2099/1132 2100/2100/1132
f 2101/2101/1133 2091/2091/1133 2090/2090/1133
f 2090/2090/1133 2100/2100/1133 2101/2101/1133
f 2102/2102/1134 2092/2092/1134 2091/2091/1134
f 2091/2091/1134 2101/2101/1134 2102/2102/1134
f 2103/2103/1135 2093/2093/1135 2092/2092/1135
f 2092/2092/1135 2102/2102/1135 2103/2103/1135
f 2104/2104/1136 2094/2094/1136 2093/2093/1136
f 2093/2093/1136 2103/2103/1136 2104/2104/1136
f 2105/2105/1138 2095/2095/1138 2094/2094/1138
f 2094/2094/1138 2104/2104/1138 2105/2105/1138
f 2106/2106/1139 2096/2096/1139 2095/2095/1139
f 2095/2095/1139 2105/2105/1139 2106/2106/1139
f 2098/2098/1140 2088/2088/1140 2096/2096/1140
f 2096/2096/1140 2106/2106/1140 2098/2098/1140
f 2107/2107/1141 2097/2097/1141 2098/2098/1141
f 2098/2098/1141 2108/2108/1141 2107/2107/1141
f 2109/2109/1142 2099/2099/1142 2097/2097/1142
f 2097/2097/1142 2107/2107/1142 2109/2109/1142
f 2110/2110/1143 2100/2100/1143 2099/2099/1143
f 2099/2099/1143 2109/2109/1143 2110/2110/1143
f 2111/2111/1144 2101/2101/1144 2100/2100/1144
f 2100/2100/1144 2110/2110/1144 2111/2111/1144
f 2112/2112/1145 2102/2102/1145 2101/2101/1145
f 2101/2101/1145 2111/2111/1145 2112/2112/1145
f 2113/2113/1146 2103/2103/1146 2102/2102/1146
f 2102/2102/1146 2112/2112/1146 2113/2113/1146
f 2114/2114/1147 2104/2104/1147 2103/2103/1147
f 2103/2103/1147 2113/2113/1147 2114/2114/1147
f 2115/2115/1148 2105/2105/1148 2104/2104/1148
f 2104/2104/1148 2114/2114/1148 2115/2115/1148
f 2116/2116/1149 2106/2106/1149 2105/2105/1149
f 2105/2105/1149 2115/2115/1149 2116/2116/1149
f 2108/2108/1150 2098/2098/1150 2106/2106/1150
f 2106/2106/1150 2116/2116/1150 2108/2108/1150
f 2062/2062/1151 2064/2064/1151 2066/2066/1151
f 2066/2066/1151 2068/2068/1151 2070/2070/1151
f 2070/2070/1151 2072/2072/1151 2074/2074/1151
f 2074/2074/1151 2076/2076/1151 2059/2059/1151
f 2070/2070/1151 2074/2074/1151 2059/2059/1151
f 2066/2066/1151 2070/2070/1151 2059/2059/1151
f 2062/2062/1151 2066/2066/1151 2059/2059/1151
f 2058/2058/1151 2062/2062/1151 2059/2059/1151
f 2116/2116/1152 2115/2115/1152 2114/2114/1152
f 2114/2114/1152 2113/2113/1152 2112/2112/1152
f 2112/2112/1152 2111/2111/1152 2110/2110/1152
f 2110/2110/1152 2109/2109/1152 2107/2107/1152
f 2112/2112/1152 2110/2110/1152 2107/2107/1152
f 2114/2114/1152 2112/2112/1152 2107/2107/1152
f 2116/2116/1152 2114/2114/1152 2107/2107/1152
f 2108/2108/1152 2116/2116/1152 2107/2107/1152
f 2117/2117/1098 2118/2118/1098 2119/2119/1098
f 2119/2119/1098 2120/2120/1098 2117/2117/1098
f 2121/2121/1099 2122/2122/1099 2118/2118/1099
f 2118/2118/1099 2117/2117/1099 2121/2121/1099
f 2123/2123/1100 2124/2124/1100 2122/2122/1100
f 2122/2122/1100 2121/2121/1100 2123/2123/1100
f 2125/2125/1101 2126/2126/1101 2124/2124/1101
f 2124/2124/1101 2123/2123/1101 2125/2125/1101
f 2127/2127/1102 2128/2128/1102 2126/2126/1102
f 2126/2126/1102 2125/2125/1102 2127/2127/1102
f 2129/2129/1103 2130/2130/1103 2128/2128/1103
f 2128/2128/1103 2127/2127/1103 2129/2129/1103
f 2131/2131/1104 2132/2132/1104 2130/2130/1104
f 2130/2130/1104 2129/2129/1104 2131/2131/1104
f 2133/2133/1105 2134/2134/1105 2132/2132/1105
f 2132/2132/1105 2131/2131/1105 2133/2133/1105
f 2135/2135/1106 2136/2136/1106 2134/2134/1106
f 2134/2134/1106 2133/2133/1106 2135/2135/1106
f 2120/2120/1107 2119/2119/1107 2136/2136/1107
f 2136/2136/1107 2135/2135/1107 2120/2120/1107
f 2137/2137/1108 2117/2117/1108 2120/2120/1108
f 2120/2120/1108 2138/2138/1108 2137/2137/1108
f 2139/2139/1109 2121/2121/1109 2117/2117/1109
f 2117/2117/1109 2137/2137/1109 2139/2139/1109
f 2140/2140/1110 2123/2123/1110 2121/2121/1110
f 2121/2121/1110 2139/2139/1110 2140/2140/1110
f 2141/2141/1111 2125/2125/1111 2123/2123/1111
f 2123/2123/1111 2140/2140/1111 2141/2141/1111
f 2142/2142/1113 2127/2127/1113 2125/2125/1113
f 2125/2125/1113 2141/2141/1113 2142/2142/1113
f 2143/2143/1114 2129/2129/1114 2127/2127/1114
f 2127/2127/1114 2142/2142/1114 2143/2143/1114
f 2144/2144/1115 2131/2131/1115 2129/2129/1115
f 2129/2129/1115 2143/2143/1115 2144/2144/1115
f 2145/2145/1116 2133/2133/1116 2131/2131/1116
f 2131/2131/1116 2144/2144/1116 2145/2145/1116
f 2146/2146/1117 2135/2135/1117 2133/2133/1117
f 2133/2133/1117 2145/2145/1117 2146/2146/1117
f 2138/2138/1119 2120/2120/1119 2135/2135/1119
f 2135/2135/1119 2146/2146/1119 2138/2138/1119
f 2147/2147/1120 2137/2137/1120 2138/2138/1120
f 2138/2138/1120 2148/2148/1120 2147/2147/1120
f 2149/2149/1121 2139/2139/1121 2137/2137/1121
f 2137/2137/1121 2147/2147/1121 2149/2149/1121
f 2150/2150/1122 2140/2140/1122 2139/2139/1122
f 2139/2139/1122 2149/2149/1122 2150/2150/1122
f 2151/2151/1123 2141/2141/1123 2140/2140/1123
f 2140/2140/1123 2150/2150/1123 2151/2151/1123
f 2152/2152/1124 2142/2142/1124 2141/2141/1124
f 2141/2141/1124 2151/2151/1124 2152/2152/1124
f 2153/2153/1125 2143/2143/1125 2142/2142/1125
f 2142/2142/1125 2152/2152/1125 2153/2153/1125
f 2154/2154/1126 2144/2144/1126 2143/2143/1126
f 2143/2143/1126 2153/2153/1126 2154/2154/1126
f 2155/2155/1127 2145/2145/1127 2144/2144/1127
f 2144/2144/1127 2154/2154/1127 2155/2155/1127
f 2156/2156/1128 2146/2146/1128 2145/2145/1128
f 2145/2145/1128 2155/2155/1128 2156/2156/1128
f 2148/2148/1129 2138/2138/1129 2146/2146/1129
f 2146/2146/1129 2156/2156/1129 2148/2148/1129
f 2157/2157/1130 2147/2147/1130 2148/2148/1130
f 2148/2148/1130 2158/2158/1130 2157/2157/1130
f 2159/2159/1131 2149/2149/1131 2147/2147/1131
f 2147/2147/1131 2157/2157/1131 2159/2159/1131
f 2160/2160/1132 2150/2150/1132 2149/2149/1132
f 2149/2149/1132 2159/2159/1132 2160/2160/1132
f 2161/2161/1133 2151/2151/1133 2150/2150/1133
f 2150/2150/1133 2160/2160/1133 2161/2161/1133
f 2162/2162/1134 2152/2152/1134 2151/2151/1134
f 2151/2151/1134 2161/2161/1134 2162/2162/1134
f 2163/2163/1135 2153/2153/1135 2152/2152/1135
f 2152/2152/1135 2162/2162/1135 2163/2163/1135
f 2164/2164/1136 2154/2154/1136 2153/2153/1136
f 2153/2153/1136 2163/2163/1136 2164/2164/1136
f 2165/2165/1138 2155/2155/1138 2154/2154/1138
f 2154/2154/1138 2164/2164/1138 2165/2165/1138
f 2166/2166/1139 2156/2156/1139 2155/2155/1139
f 2155/2155/1139 2165/2165/1139 2166/2166/1139
f 2158/2158/1140 2148/2148/1140 2156/2156/1140
f 2156/2156/1140 2166/2166/1140 2158/2158/1140
f 2167/2167/1141 2157/2157/1141 2158/2158/1141
f 2158/2158/1141 2168/2168/1141 2167/2167/1141
f 2169/2169/1142 2159/2159/1142 2157/2157/1142
f 2157/2157/1142 2167/2167/1142 2169/2169/1142
f 2170/2170/1143 2160/2160/1143 2159/2159/1143
f 2159/2159/1143 2169/2169/1143 2170/2170/1143
f 2171/2171/1144 2161/2161/1144 2160/2160/1144
f 2160/2160/1144 2170/2170/1144 2171/2171/1144
f 2172/2172/1145 2162/2162/1145 2161/2161/1145
f 2161/2161/1145 2171/2171/1145 2172/2172/1145
f 2173/2173/1146 2163/2163/1146 2162/2162/1146
f 2162/2162/1146 2172/2172/1146 2173/2173/1146
f 2174/2174/1147 2164/2164/1147 2163/2163/1147
f 2163/2163/1147 2173/2173/1147 2174/2174/1147
f 2175/2175/1148 2165/2165/1148 2164/2164/1148
f 2164/2164/1148 2174/2174/1148 2175/2175/1148
f 2176/2176/1149 2166/2166/1149 2165/2165/1149
f 2165/2165/1149 2175/2175/1149 2176/2176/1149
f 2168/2168/1150 2158/2158/1150 2166/2166/1150
f 2166/2166/1150 2176/2176/1150 2168/2168/1150
f 2122/2122/1151 2124/2124/1151 2126/2126/1151
f 2126/2126/1151 2128/2128/1151 2130/2130/1151
f 2130/2130/1151 2132/2132/1151 2134/2134/1151
f 2134/2134/1151 2136/2136/1151 2119/2119/1151
f 2130/2130/1151 2134/2134/1151 2119/2119/1151
f 2126/2126/1151 2130/2130/1151 2119/2119/1151
f 2122/2122/1151 2126/2126/1151 2119/2119/1151
f 2118/2118/1151 2122/2122/1151 2119/2119/1151
f 2176/2176/1152 2175/2175/1152 2174/2174/1152
f 2174/2174/1152 2173/2173/1152 2172/2172/1152
f 2172/2172/1152 2171/2171/1152 2170/2170/1152
f 2170/2170/1152 2169/2169/1152 2167/2167/1152
f 2172/2172/1152 2170/2170/1152 2167/2167/1152
f 2174/2174/1152 2172/2172/1152 2167/2167/1152
f 2176/2176/1152 2174/2174/1152 2167/2167/1152
f 2168/2168/1152 2176/2176/1152 2167/2167/1152
f 2177/2177/1098 2178/2178/1098 2179/2179/1098
f 2179/2179/1098 2180/2180/1098 2177/2177/1098
f 2181/2181/1099 2182/2182/1099 2178/2178/1099
f 2178/2178/1099 2177/2177/1099 2181/2181/1099
f 2183/2183/1100 2184/2184/1100 2182/2182/1100
f 2182/2182/1100 2181/2181/1100 2183/2183/1100
f 2185/2185/1101 2186/2186/1101 2184/2184/1101
f 2184/2184/1101 2183/2183/1101 2185/2185/1101
f 2187/2187/1102 2188/2188/1102 2186/2186/1102
f 2186/2186/1102 2185/2185/1102 2187/2187/1102
f 2189/2189/1103 2190/2190/1103 2188/2188/1103
f 2188/2188/1103 2187/2187/1103 2189/2189/1103
f 2191/2191/1104 2192/2192/1104 2190/2190/1104
f 2190/2190/1104 2189/2189/1104 2191/2191/1104
f 2193/2193/1105 2194/2194/1105 2192/2192/1105
f 2192/2192/1105 2191/2191/1105 2193/2193/1105
f 2195/2195/1106 2196/2196/1106 2194/2194/1106
f 2194/2194/1106 2193/2193/1106 2195/2195/1106
f 2180/2180/1107 2179/2179/1107 2196/2196/1107
f 2196/2196/1107 2195/2195/1107 2180/2180/1107
f 2197/2197/1108 2177/2177/1108 2180/2180/1108
f 2180/2180/1108 2198/2198/1108 2197/2197/1108
f 2199/2199/1109 2181/2181/1109 2177/2177/1109
f 2177/2177/1109 2197/2197/1109 2199/2199/1109
f 2200/2200/1110 2183/2183/1110 2181/2181/1110
f 2181/2181/1110 2199/2199/1110 2200/2200/1110
f 2201/2201/1111 2185/2185/1111 2183/2183/1111
f 2183/2183/1111 2200/2200/1111 2201/2201/1111
f 2202/2202/1113 2187/2187/1113 2185/2185/1113
f 2185/2185/1113 2201/2201/1113 2202/2202/1113
f 2203/2203/1114 2189/2189/1114 2187/2187/1114
f 2187/2187/1114 2202/2202/1114 2203/2203/1114
f 2204/2204/1115 2191/2191/1115 2189/2189/1115
f 2189/2189/1115 2203/2203/1115 2204/2204/1115
f 2205/2205/1116 2193/2193/1116 2191/2191/1116
f 2191/2191/1116 2204/2204/1116 2205/2205/1116
f 2206/2206/1117 2195/2195/1117 2193/2193/1117
f 2193/2193/1117 2205/2205/1117 2206/2206/1117
f 2198/2198/1119 2180/2180/1119 2195/2195/1119
f 2195/2195/1119 2206/2206/1119 2198/2198/1119
f 2207/2207/1120 2197/2197/1120 2198/2198/1120
f 2198/2198/1120 2208/2208/1120 2207/2207/1120
f 2209/2209/1121 2199/2199/1121 2197/2197/1121
f 2197/2197/1121 2207/2207/1121 2209/2209/1121
f 2210/2210/1122 2200/2200/1122 2199/2199/1122
f 2199/2199/1122 2209/2209/1122 2210/2210/1122
f 2211/2211/1123 2201/2201/1123 2200/2200/1123
f 2200/2200/1123 2210/2210/1123 2211/2211/1123
f 2212/2212/1124 2202/2202/1124 2201/2201/1124
f 2201/2201/1124 2211/2211/1124 2212/2212/1124
f 2213/2213/1125 2203/2203/1125 2202/2202/1125
f 2202/2202/1125 2212/2212/1125 2213/2213/1125
f 2214/2214/1126 2204/2204/1126 2203/2203/1126
f 2203/2203/1126 2213/2213/1126 2214/2214/1126
f 2215/2215/1127 2205/2205/1127 2204/2204/1127
f 2204/2204/1127 2214/2214/1127 2215/2215/1127
f 2216/2216/1128 2206/2206/1128 2205/2205/1128
f 2205/2205/1128 2215/2215/1128 2216/2216/1128
f 2208/2208/1129 2198/2198/1129 2206/2206/1129
f 2206/2206/1129 2216/2216/1129 2208/2208/1129
f 2217/2217/1130 2207/2207/1130 2208/2208/1130
f 2208/2208/1130 2218/2218/1130 2217/2217/1130
f 2219/2219/1131 2209/2209/1131 2207/2207/1131
f 2207/2207/1131 2217/2217/1131 2219/2219/1131
f 2220/2220/1132 2210/2210/1132 2209/2209/1132
f 2209/2209/1132 2219/2219/1132 2220/2220/1132
f 2221/2221/1133 2211/2211/1133 2210/2210/1133
f 2210/2210/1133 2220/2220/1133 2221/2221/1133
f 2222/2222/1134 2212/2212/1134 2211/2211/1134
f 2211/2211/1134 2221/2221/1134 2222/2222/1134
f 2223/2223/1135 2213/2213/1135 2212/2212/1135
f 2212/2212/1135 2222/2222/1135 2223/2223/1135
f 2224/2224/1136 2214/2214/1136 2213/2213/1136
f 2213/2213/1136 2223/2223/1136 2224/2224/1136
f 2225/2225/1138 2215/2215/1138 2214/2214/1138
f 2214/2214/1138 2224/2224/1138 2225/2225/1138
f 2226/2226/1139 2216/2216/1139 2215/2215/1139
f 2215/2215/1139 2225/2225/1139 2226/2226/1139
f 2218/2218/1140 2208/2208/1140 2216/2216/1140
f 2216/2216/1140 2226/2226/1140 2218/2218/1140
f 2227/2227/1141 2217/2217/1141 2218/2218/1141
f 2218/2218/1141 2228/2228/1141 2227/2227/1141
f 2229/2229/1142 2219/2219/1142 2217/2217/1142
f 2217/2217/1142 2227/2227/1142 2229/2229/1142
f 2230/2230/1143 2220/2220/1143 2219/2219/1143
f 2219/2219/1143 2229/2229/1143 2230/2230/1143
f 2231/2231/1144 2221/2221/1144 2220/2220/1144
f 2220/2220/1144 2230/2230/1144 2231/2231/1144
f 2232/2232/1145 2222/2222/1145 2221/2221/1145
f 2221/2221/1145 2231/2231/1145 2232/2232/1145
f 2233/2233/1146 2223/2223/1146 2222/2222/1146
f 2222/2222/1146 2232/2232/1146 2233/2233/1146
f 2234/2234/1147 2224/2224/1147 2223/2223/1147
f 2223/2223/1147 2233/2233/1154 2234/2234/1147
f 2235/2235/1148 2225/2225/1148 2224/2224/1148
f 2224/2224/1148 2234/2234/1148 2235/2235/1148
f 2236/2236/1149 2226/2226/1149 2225/2225/1149
f 2225/2225/1149 2235/2235/1149 2236/2236/1149
f 2228/2228/1150 2218/2218/1150 2226/2226/1150
f 2226/2226/1150 2236/2236/1150 2228/2228/1150
f 2182/2182/1151 2184/2184/1151 2186/2186/1151
f 2186/2186/1151 2188/2188/1151 2190/2190/1151
f 2190/2190/1151 2192/2192/1151 2194/2194/1151
f 2194/2194/1151 2196/2196/1151 2179/2179/1151
f 2190/2190/1151 2194/2194/1151 2179/2179/1151
f 2186/2186/1151 2190/2190/1151 2179/2179/1151
f 2182/2182/1151 2186/2186/1151 2179/2179/1151
f 2178/2178/1151 2182/2182/1151 2179/2179/1151
f 2236/2236/1152 2235/2235/1152 2234/2234/1152
f 2234/2234/1152 2233/2233/1152 2232/2232/1152
f 2232/2232/1152 2231/2231/1152 2230/2230/1152
f 2230/2230/1152 2229/2229/1152 2227/2227/1152
f 2232/2232/1152 2230/2230/1152 2227/2227/1152
f 2234/2234/1152 2232/2232/1152 2227/2227/1152
f 2236/2236/1152 2234/2234/1152 2227/2227/1152
f 2228/2228/1152 2236/2236/1152 2227/2227/1152
f 2237/2237/1155 2238/2238/1155 2239/2239/1155
f 2239/2239/1155 2240/2240/1155 2237/2237/1155
f 2241/2241/1156 2242/2242/1157 2238/2238/1157
f 2238/2238/1157 2237/2237/1156 2241/2241/1156
f 2243/2243/1158 2244/2244/1158 2242/2242/1158
f 2242/2242/1158 2241/2241/1159 2243/2243/1158
f 2245/2245/1160 2246/2246/1160 2244/2244/1160
f 2244/2244/1160 2243/2243/1160 2245/2245/1160
f 2247/2247/1161 2248/2248/1161 2246/2246/1161
f 2246/2246/1161 2245/2245/1161 2247/2247/1161
f 2249/2249/1162 2250/2250/1162 2248/2248/1162
f 2248/2248/1162 2247/2247/1162 2249/2249/1162
f 2251/2251/1163 2252/2252/1163 2250/2250/1163
f 2250/2250/1163 2249/2249/1163 2251/2251/1163
f 2253/2253/1164 2254/2254/1164 2252/2252/1164
f 2252/2252/1164 2251/2251/1164 2253/2253/1164
f 2255/2255/1165 2256/2256/1165 2254/2254/1165
f 2254/2254/1165 2253/2253/1166 2255/2255/1165
f 2240/2240/1167 2239/2239/1168 2256/2256/1168
f 2256/2256/1168 2255/2255/1167 2240/2240/1167
f 2257/2257/1169 2237/2237/1169 2240/2240/1169
f 2240/2240/1169 2258/2258/1169 2257/2257/1169
f 2259/2259/1170 2241/2241/1170 2237/2237/1170
f 2237/2237/1170 2257/2257/1170 2259/2259/1170
f 2260/2260/1171 2243/2243/1171 2241/2241/1171
f 2241/2241/1171 2259/2259/1171 2260/2260/1171
f 2261/2261/1172 2245/2245/1172 2243/2243/1172
f 2243/2243/1172 2260/2260/1172 2261/2261/1172
f 2262/2262/1173 2247/2247/1173 2245/2245/1173
f 2245/2245/1173 2261/2261/1173 2262/2262/1173
f 2263/2263/1174 2249/2249/1174 2247/2247/1174
f 2247/2247/1174 2262/2262/1174 2263/2263/1174
f 2264/2264/1175 2251/2251/1175 2249/2249/1175
f 2249/2249/1175 2263/2263/1175 2264/2264/1175
f 2265/2265/1176 2253/2253/1176 2251/2251/1176
f 2251/2251/1176 2264/2264/1176 2265/2265/1176
f 2266/2266/1177 2255/2255/1177 2253/2253/1177
f 2253/2253/1177 2265/2265/1177 2266/2266/1177
f 2258/2258/1178 2240/2240/1178 2255/2255/1178
f 2255/2255/1178 2266/2266/1178 2258/2258/1178
f 2267/2267/1179 2257/2257/1179 2258/2258/1179
f 2258/2258/1179 2268/2268/1179 2267/2267/1179
f 2269/2269/1180 2259/2259/1180 2257/2257/1180
f 2257/2257/1180 2267/2267/1180 2269/2269/1180
f 2270/2270/1181 2260/2260/1181 2259/2259/1181
f 2259/2259/1181 2269/2269/1181 2270/2270/1181
f 2271/2271/1182 2261/2261/1182 2260/2260/1182
f 2260/2260/1182 2270/2270/1182 2271/2271/1182
f 2272/2272/1183 2262/2262/1183 2261/2261/1183
f 2261/2261/1183 2271/2271/1183 2272/2272/1183
f 2273/2273/1184 2263/2263/1184 2262/2262/1184
f 2262/2262/1184 2272/2272/1184 2273/2273/1184
f 2274/2274/1185 2264/2264/1185 2263/2263/1185
f 2263/2263/1185 2273/2273/1185 2274/2274/1185
f 2275/2275/1186 2265/2265/1186 2264/2264/1186
f 2264/2264/1186 2274/2274/1186 2275/2275/1186
f 2276/2276/1187 2266/2266/1187 2265/2265/1187
f 2265/2265/1187 2275/2275/1187 2276/2276/1187
f 2268/2268/1188 2258/2258/1188 2266/2266/1188
f 2266/2266/1188 2276/2276/1188 2268/2268/1188
f 2277/2277/1189 2267/2267/1189 2268/2268/1189
f 2268/2268/1189 2278/2278/1189 2277/2277/1189
f 2279/2279/1190 2269/2269/1190 2267/2267/1190
f 2267/2267/1190 2277/2277/1190 2279/2279/1190
f 2280/2280/1191 2270/2270/1191 2269/2269/1191
f 2269/2269/1191 2279/2279/1191 2280/2280/1191
f 2281/2281/1192 2271/2271/1192 2270/2270/1192
f 2270/2270/1192 2280/2280/1192 2281/2281/1192
f 2282/2282/1193 2272/2272/1193 2271/2271/1193
f 2271/2271/1193 2281/2281/1193 2282/2282/1193
f 2283/2283/1194 2273/2273/1194 2272/2272/1194
f 2272/2272/1194 2282/2282/1194 2283/2283/1194
f 2284/2284/1195 2274/2274/1195 2273/2273/1195
f 2273/2273/1195 2283/2283/1195 2284/2284/1195
f 2285/2285/1196 2275/2275/1196 2274/2274/1196
f 2274/2274/1196 2284/2284/1196 2285/2285/1196
f 2286/2286/1197 2276/2276/1197 2275/2275/1197
f 2275/2275/1197 2285/2285/1197 2286/2286/1197
f 2278/2278/1198 2268/2268/1198 2276/2276/1198
f 2276/2276/1198 2286/2286/1198 2278/2278/1198
f 2287/2287/1199 2277/2277/1200 2278/2278/1199
f 2278/2278/1199 2288/2288/1201 2287/2287/1199
f 2289/2289/1202 2279/2279/1202 2277/2277/1202
f 2277/2277/1202 2287/2287/1202 2289/2289/1202
f 2290/2290/1203 2280/2280/1204 2279/2279/1203
f 2279/2279/1203 2289/2289/1203 2290/2290/1203
f 2291/2291/1205 2281/2281/1205 2280/2280/1205
f 2280/2280/1205 2290/2290/1205 2291/2291/1205
f 2292/2292/1206 2282/2282/1206 2281/2281/1206
f 2281/2281/1206 2291/2291/1206 2292/2292/1206
f 2293/2293/1207 2283/2283/1207 2282/2282/1207
f 2282/2282/1207 2292/2292/1207 2293/2293/1207
f 2294/2294/1208 2284/2284/1208 2283/2283/1208
f 2283/2283/1208 2293/2293/1208 2294/2294/1208
f 2295/2295/1209 2285/2285/1210 2284/2284/1209
f 2284/2284/1209 2294/2294/1209 2295/2295/1209
f 2296/2296/1211 2286/2286/1211 2285/2285/1211
f 2285/2285/1211 2295/2295/1212 2296/2296/1211
f 2288/2288/1213 2278/2278/1213 2286/2286/1213
f 2286/2286/1213 2296/2296/1213 2288/2288/1213
f 2242/2242/1127 2244/2244/1127 2246/2246/1127
f 2246/2246/1127 2248/2248/1127 2250/2250/1127
f 2250/2250/1127 2252/2252/1127 2254/2254/1127
f 2254/2254/1127 2256/2256/1127 2239/2239/1127
f 2250/2250/1127 2254/2254/1127 2239/2239/1127
f 2246/2246/1127 2250/2250/1127 2239/2239/1127
f 2242/2242/1127 2246/2246/1127 2239/2239/1127
f 2238/2238/1127 2242/2242/1127 2239/2239/1127
f 2296/2296/1122 2295/2295/1122 2294/2294/1122
f 2294/2294/1122 2293/2293/1214 2292/2292/1122
f 2292/2292/1122 2291/2291/1122 2290/2290/1122
f 2290/2290/1122 2289/2289/1122 2287/2287/1122
f 2292/2292/1122 2290/2290/1122 2287/2287/1122
f 2294/2294/1122 2292/2292/1122 2287/2287/1122
f 2296/2296/1122 2294/2294/1122 2287/2287/1122
f 2288/2288/1122 2296/2296/1122 2287/2287/1122
f 2297/2297/1155 2298/2298/1155 2299/2299/1155
f 2299/2299/1155 2300/2300/1155 2297/2297/1155
f 2301/2301/1157 2302/2302/1157 2298/2298/1157
f 2298/2298/1157 2297/2297/1157 2301/2301/1157
f 2303/2303/1158 2304/2304/1158 2302/2302/1158
f 2302/2302/1158 2301/2301/1158 2303/2303/1158
f 2305/2305/1160 2306/2306/1160 2304/2304/1160
f 2304/2304/1160 2303/2303/1215 2305/2305/1160
f 2307/2307/1161 2308/2308/1161 2306/2306/1161
f 2306/2306/1161 2305/2305/1216 2307/2307/1161
f 2309/2309/1162 2310/2310/1162 2308/2308/1162
f 2308/2308/1162 2307/2307/1162 2309/2309/1162
f 2311/2311/1163 2312/2312/1163 2310/2310/1163
f 2310/2310/1163 2309/2309/1217 2311/2311/1163
f 2313/2313/1218 2314/2314/1218 2312/2312/1218
f 2312/2312/1218 2311/2311/1218 2313/2313/1218
f 2315/2315/1165 2316/2316/1165 2314/2314/1165
f 2314/2314/1165 2313/2313/1165 2315/2315/1165
f 2300/2300/1167 2299/2299/1168 2316/2316/1168
f 2316/2316/1168 2315/2315/1167 2300/2300/1167
f 2317/2317/1169 2297/2297/1169 2300/2300/1169
f 2300/2300/1169 2318/2318/1169 2317/2317/1169
f 2319/2319/1170 2301/2301/1170 2297/2297/1170
f 2297/2297/1170 2317/2317/1170 2319/2319/1170
f 2320/2320/1171 2303/2303/1171 2301/2301/1171
f 2301/2301/1171 2319/2319/1171 2320/2320/1171
f 2321/2321/1172 2305/2305/1172 2303/2303/1172
f 2303/2303/1172 2320/2320/1172 2321/2321/1172
f 2322/2322/1173 2307/2307/1173 2305/2305/1173
f 2305/2305/1173 2321/2321/1173 2322/2322/1173
f 2323/2323/1174 2309/2309/1174 2307/2307/1174
f 2307/2307/1174 2322/2322/1174 2323/2323/1174
f 2324/2324/1175 2311/2311/1175 2309/2309/1175
f 2309/2309/1175 2323/2323/1175 2324/2324/1175
f 2325/2325/1176 2313/2313/1176 2311/2311/1176
f 2311/2311/1176 2324/2324/1176 2325/2325/1176
f 2326/2326/1177 2315/2315/1177 2313/2313/1177
f 2313/2313/1177 2325/2325/1177 2326/2326/1177
f 2318/2318/1178 2300/2300/1178 2315/2315/1178
f 2315/2315/1178 2326/2326/1178 2318/2318/1178
f 2327/2327/1179 2317/2317/1179 2318/2318/1179
f 2318/2318/1179 2328/2328/1179 2327/2327/1179
f 2329/2329/1180 2319/2319/1180 2317/2317/1180
f 2317/2317/1180 2327/2327/1180 2329/2329/1180
f 2330/2330/1181 2320/2320/1181 2319/2319/1181
f 2319/2319/1181 2329/2329/1181 2330/2330/1181
f 2331/2331/1182 2321/2321/1182 2320/2320/1182
f 2320/2320/1182 2330/2330/1182 2331/2331/1182
f 2332/2332/1183 2322/2322/1183 2321/2321/1183
f 2321/2321/1183 2331/2331/1183 2332/2332/1183
f 2333/2333/1184 2323/2323/1184 2322/2322/1184
f 2322/2322/1184 2332/2332/1184 2333/2333/1184
f 2334/2334/1185 2324/2324/1185 2323/2323/1185
f 2323/2323/1185 2333/2333/1185 2334/2334/1185
f 2335/2335/1186 2325/2325/1186 2324/2324/1186
f 2324/2324/1186 2334/2334/1186 2335/2335/1186
f 2336/2336/1187 2326/2326/1187 2325/2325/1187
f 2325/2325/1187 2335/2335/1187 2336/2336/1187
f 2328/2328/1188 2318/2318/1188 2326/2326/1188
f 2326/2326/1188 2336/2336/1188 2328/2328/1188
f 2337/2337/1189 2327/2327/1189 2328/2328/1189
f 2328/2328/1189 2338/2338/1189 2337/2337/1189
f 2339/2339/1190 2329/2329/1190 2327/2327/1190
f 2327/2327/1190 2337/2337/1190 2339/2339/1190
f 2340/2340/1191 2330/2330/1191 2329/2329/1191
f 2329/2329/1191 2339/2339/1191 2340/2340/1191
f 2341/2341/1192 2331/2331/1192 2330/2330/1192
f 2330/2330/1192 2340/2340/1192 2341/2341/1192
f 2342/2342/1193 2332/2332/1193 2331/2331/1193
f 2331/2331/1193 2341/2341/1193 2342/2342/1193
f 2343/2343/1194 2333/2333/1194 2332/2332/1194
f 2332/2332/1194 2342/2342/1194 2343/2343/1194
f 2344/2344/1195 2334/2334/1195 2333/2333/1195
f 2333/2333/1195 2343/2343/1195 2344/2344/1195
f 2345/2345/1196 2335/2335/1196 2334/2334/1196
f 2334/2334/1196 2344/2344/1196 2345/2345/1196
f 2346/2346/1197 2336/2336/1197 2335/2335/1197
f 2335/2335/1197 2345/2345/1197 2346/2346/1197
f 2338/2338/1198 2328/2328/1198 2336/2336/1198
f 2336/2336/1198 2346/2346/1198 2338/2338/1198
f 2347/2347/1199 2337/2337/1200 2338/2338/1199
f 2338/2338/1199 2348/2348/1201 2347/2347/1199
f 2349/2349/1202 2339/2339/1202 2337/2337/1202
f 2337/2337/1202 2347/2347/1202 2349/2349/1202
f 2350/2350/1203 2340/2340/1203 2339/2339/1203
f 2339/2339/1203 2349/2349/1203 2350/2350/1203
f 2351/2351/1205 2341/2341/1205 2340/2340/1205
f 2340/2340/1205 2350/2350/1205 2351/2351/1205
f 2352/2352/1206 2342/2342/1206 2341/2341/1206
f 2341/2341/1206 2351/2351/1206 2352/2352/1206
f 2353/2353/1207 2343/2343/1219 2342/2342/1207
f 2342/2342/1207 2352/2352/1220 2353/2353/1207
f 2354/2354/1208 2344/2344/1208 2343/2343/1208
f 2343/2343/1208 2353/2353/1208 2354/2354/1208
f 2355/2355/1209 2345/2345/1209 2344/2344/1209
f 2344/2344/1209 2354/2354/1209 2355/2355/1209
f 2356/2356/1211 2346/2346/1211 2345/2345/1211
f 2345/2345/1211 2355/2355/1211 2356/2356/1211
f 2348/2348/1213 2338/2338/1213 2346/2346/1213
f 2346/2346/1213 2356/2356/1213 2348/2348/1213
f 2302/2302/1127 2304/2304/1127 2306/2306/1127
f 2306/2306/1127 2308/2308/1221 2310/2310/1127
f 2310/2310/1127 2312/2312/1221 2314/2314/1127
f 2314/2314/1127 2316/2316/1127 2299/2299/1127
f 2310/2310/1127 2314/2314/1127 2299/2299/1127
f 2306/2306/1127 2310/2310/1127 2299/2299/1127
f 2302/2302/1127 2306/2306/1127 2299/2299/1127
f 2298/2298/1127 2302/2302/1127 2299/2299/1127
f 2356/2356/1122 2355/2355/1122 2354/2354/1122
f 2354/2354/1122 2353/2353/1122 2352/2352/1122
f 2352/2352/1122 2351/2351/1122 2350/2350/1122
f 2350/2350/1122 2349/2349/1122 2347/2347/1122
f 2352/2352/1122 2350/2350/1122 2347/2347/1122
f 2354/2354/1122 2352/2352/1122 2347/2347/1122
f 2356/2356/1122 2354/2354/1122 2347/2347/1122
f 2348/2348/1122 2356/2356/1122 2347/2347/1122
f 2357/2357/1222 2358/2358/1222 2359/2359/1222 2360/2360/1222 2361/2361/1222
f 2362/2362/1223 2363/2363/1223 2364/2364/1223 2365/2365/1223
f 2366/2366/1224 2367/2367/1224 2368/2368/1224 2369/2369/1224 2370/2370/1224
f 2371/2371/1225 2372/2372/1225 2373/2373/1225 2374/2374/1225
f 2375/2375/1225 2376/2376/1225 2377/2377/1225 2378/2378/1225
f 2379/2379/1225 2380/2380/1225 2381/2381/1225 2382/2382/1225
f 2383/2383/1225 2384/2384/1225 2385/2385/1225 2386/2386/1225
f 2387/2387/1226 2388/2388/1226 2389/2389/1226 2390/2390/1226 2391/2391/1226
f 2392/2392/1227 2393/2393/1227 2394/2394/1227 2395/2395/1227
f 2396/2396/1228 2397/2397/1228 2398/2398/1228 2399/2399/1228
f 2387/2400/1229 2391/2391/1229 2400/2401/1229 2401/2402/1229
f 2389/2389/1230 2388/2403/1230 2402/2404/1230 2403/2405/1230
f 2401/2402/1231 2400/2401/1231 2392/2392/1231 2395/2395/1231
f 2400/2401/1232 2404/2406/1232 2393/2393/1232 2392/2392/1232
f 2404/2406/1233 2405/2407/1233 2394/2394/1233 2393/2393/1233
f 2405/2407/1234 2401/2402/1234 2395/2395/1234 2394/2394/1234
f 2403/2405/1235 2402/2404/1235 2396/2396/1235 2399/2399/1235
f 2402/2404/1236 2406/2408/1236 2397/2397/1236 2396/2396/1236
f 2406/2408/1237 2407/2409/1237 2398/2398/1237 2397/2397/1237
f 2407/2409/1238 2403/2405/1238 2399/2399/1238 2398/2398/1238
f 2408/2410/1239 2409/2411/1239 2410/2412/1239 2411/2413/1239
f 2412/2414/1240 2413/2415/1240 2414/2416/1240 2415/2417/1240
f 2416/2418/1241 2417/2419/1241 2418/2420/1241 2419/2421/1241
f 2420/2422/1242 2421/2423/1242 2422/2424/1242 2423/2425/1242
f 2409/2411/1239 2424/2426/1239 2425/2427/1239 2410/2412/1239
f 2413/2415/1243 2426/2428/1243 2427/2429/1243 2414/2416/1243
f 2417/2419/1241 2428/2430/1241 2429/2431/1241 2418/2420/1241
f 2430/2432/1244 2431/2433/1244 2432/2434/1244 2433/2435/1244
f 2416/2418/1243 2419/2421/1243 2408/2410/1243 2411/2413/1243
f 2428/2430/1240 2425/2427/1240 2424/2426/1240 2429/2431/1240
f 2433/2435/1245 2434/2436/1245 2423/2425/1245 2422/2424/1245
f 2434/2436/1246 2435/2437/1246 2420/2422/1246 2423/2425/1246
f 2435/2437/1247 2430/2432/1247 2421/2423/1247 2420/2422/1247
f 2430/2432/1248 2433/2435/1248 2422/2424/1248 2421/2423/1248
f 2434/2436/1249 2433/2435/1249 2409/2411/1249 2408/2410/1249
f 2433/2435/1250 2432/2434/1250 2424/2426/1250 2409/2411/1250
f 2432/2434/1251 2431/2433/1251 2429/2431/1251 2424/2426/1251
f 2431/2433/1252 2430/2432/1252 2418/2420/1252 2429/2431/1252
f 2430/2432/1253 2435/2437/1253 2419/2421/1253 2418/2420/1253
f 2435/2437/1254 2434/2436/1254 2408/2410/1254 2419/2421/1254
f 2413/2415/1255 2412/2414/1255 2411/2413/1255 2410/2412/1255
f 2412/2414/1256 2415/2417/1256 2416/2418/1256 2411/2413/1256
f 2415/2417/1257 2414/2416/1257 2417/2419/1257 2416/2418/1257
f 2414/2416/1258 2427/2429/1258 2428/2430/1258 2417/2419/1258
f 2427/2429/1259 2426/2428/1259 2425/2427/1259 2428/2430/1259
f 2426/2428/1260 2413/2415/1260 2410/2412/1260 2425/2427/1260
f 2436/2438/1261 2437/2439/1261 2438/2440/1261
f 2438/2440/1261 2439/2441/1261 2436/2438/1261
f 2437/2439/1262 2440/2442/1262 2441/2443/1262
f 2441/2443/1262 2438/2440/1262 2437/2439/1262
f 2440/2442/1263 2442/2444/1263 2443/2445/1263
f 2443/2445/1263 2441/2443/1263 2440/2442/1263
f 2442/2444/1264 2444/2446/1264 2445/2447/1264
f 2445/2447/1264 2443/2445/1264 2442/2444/1264
f 2444/2446/1265 2446/2448/1265 2447/2449/1265
f 2447/2449/1265 2445/2447/1265 2444/2446/1265
f 2446/2448/1266 2448/2450/1266 2449/2451/1266
f 2449/2451/1266 2447/2449/1266 2446/2448/1266
f 2448/2450/1267 2450/2452/1267 2451/2453/1267
f 2451/2453/1267 2449/2451/1267 2448/2450/1267
f 2450/2452/1268 2452/2454/1268 2453/2455/1268
f 2453/2455/1268 2451/2453/1268 2450/2452/1268
f 2454/2456/1269 2455/2457/1269 2456/2458/1269
f 2456/2458/1269 2457/2459/1269 2454/2456/1269
f 2455/2457/1269 2458/2460/1269 2459/2461/1269
f 2459/2461/1269 2456/2458/1269 2455/2457/1269
f 2458/2460/1269 2460/2462/1269 2461/2463/1269
f 2461/2463/1269 2459/2461/1269 2458/2460/1269
f 2460/2462/1269 2462/2464/1269 2463/2465/1269
f 2463/2465/1269 2461/2463/1269 2460/2462/1269
f 2462/2464/1269 2464/2466/1269 2465/2467/1269
f 2465/2467/1269 2463/2465/1269 2462/2464/1269
f 2464/2466/1269 2466/2468/1269 2467/2469/1269
f 2467/2469/1269 2465/2467/1269 2464/2466/1269
f 2466/2468/1269 2468/2470/1269 2469/2471/1269
f 2469/2471/1269 2467/2469/1269 2466/2468/1269
f 2468/2470/1269 2470/2472/1269 2471/2473/1269
f 2471/2473/1269 2469/2471/1269 2468/2470/1269
f 2472/2474/1270 2473/2475/1270 2474/2476/1270
f 2474/2476/1270 2475/2477/1270 2472/2474/1270
f 2473/2475/1270 2476/2478/1270 2477/2479/1270
f 2477/2479/1270 2474/2476/1270 2473/2475/1270
f 2476/2478/1270 2478/2480/1270 2479/2481/1270
f 2479/2481/1270 2477/2479/1270 2476/2478/1270
f 2478/2480/1270 2480/2482/1270 2481/2483/1270
f 2481/2483/1270 2479/2481/1270 2478/2480/1270
f 2480/2482/1270 2482/2484/1270 2483/2485/1270
f 2483/2485/1270 2481/2483/1270 2480/2482/1270
f 2482/2484/1270 2484/2486/1270 2485/2487/1270
f 2485/2487/1270 2483/2485/1270 2482/2484/1270
f 2484/2486/1270 2486/2488/1270 2487/2489/1270
f 2487/2489/1270 2485/2487/1270 2484/2486/1270
f 2486/2488/1270 2488/2490/1270 2489/2491/1270
f 2489/2491/1270 2487/2489/1270 2486/2488/1270
f 2490/2492/1271 2491/2493/1271 2492/2494/1271
f 2492/2494/1271 2493/2495/1271 2490/2492/1271
f 2491/2493/1272 2494/2496/1272 2495/2497/1272
f 2495/2497/1272 2492/2494/1272 2491/2493/1272
f 2494/2496/1273 2496/2498/1273 2497/2499/1273
f 2497/2499/1273 2495/2497/1273 2494/2496/1273
f 2496/2498/1274 2498/2500/1274 2499/2501/1274
f 2499/2501/1274 2497/2499/1274 2496/2498/1274
f 2498/2500/1275 2500/2502/1275 2501/2503/1275
f 2501/2503/1275 2499/2501/1275 2498/2500/1275
f 2500/2502/1276 2502/2504/1276 2503/2505/1276
f 2503/2505/1276 2501/2503/1276 2500/2502/1276
f 2502/2504/1277 2504/2506/1277 2505/2507/1277
f 2505/2507/1277 2503/2505/1277 2502/2504/1277
f 2504/2506/1278 2506/2508/1278 2507/2509/1278
f 2507/2509/1278 2505/2507/1278 2504/2506/1278
f 2508/2510/1275 2509/2511/1275 2510/2512/1275
f 2510/2512/1275 2511/2513/1275 2508/2510/1275
f 2453/2455/1279 2452/2454/1279 2511/2513/1279
f 2511/2513/1279 2510/2512/1279 2453/2455/1279
f 2454/2456/1269 2457/2459/1269 2512/2514/1269
f 2512/2514/1269 2513/2515/1269 2454/2456/1269
f 2490/2492/1280 2493/2495/1280 2509/2511/1280
f 2509/2511/1280 2508/2510/1280 2490/2492/1280
f 2489/2491/1270 2488/2490/1270 2514/2516/1270
f 2514/2516/1270 2515/2517/1270 2489/2491/1270
f 2506/2508/1281 2504/2506/1281 2469/2471/1281
f 2469/2471/1281 2471/2473/1281 2506/2508/1281
f 2504/2506/1282 2502/2504/1283 2467/2469/1283
f 2467/2469/1283 2469/2471/1284 2504/2506/1282
f 2502/2504/1285 2500/2502/1286 2465/2467/1286
f 2465/2467/1286 2467/2469/1285 2502/2504/1285
f 2500/2502/1287 2498/2500/1287 2463/2465/1287
f 2463/2465/1287 2465/2467/1288 2500/2502/1287
f 2498/2500/1289 2496/2498/1290 2461/2463/1290
f 2461/2463/1290 2463/2465/1289 2498/2500/1289
f 2496/2498/1291 2494/2496/1291 2459/2461/1291
f 2459/2461/1291 2461/2463/1292 2496/2498/1291
f 2494/2496/1293 2491/2493/1293 2456/2458/1293
f 2456/2458/1293 2459/2461/1293 2494/2496/1293
f 2491/2493/1294 2490/2492/1295 2457/2459/1295
f 2457/2459/1295 2456/2458/1294 2491/2493/1294
f 2490/2492/1296 2508/2510/1296 2512/2514/1296
f 2512/2514/1296 2457/2459/1296 2490/2492/1296
f 2508/2510/1287 2511/2513/1297 2513/2515/1297
f 2513/2515/1297 2512/2514/1287 2508/2510/1287
f 2511/2513/1298 2452/2454/1298 2454/2456/1298
f 2454/2456/1298 2513/2515/1298 2511/2513/1298
f 2452/2454/1299 2450/2452/1299 2455/2457/1299
f 2455/2457/1299 2454/2456/1299 2452/2454/1299
f 2450/2452/1300 2448/2450/1300 2458/2460/1300
f 2458/2460/1300 2455/2457/1300 2450/2452/1300
f 2448/2450/1301 2446/2448/1301 2460/2462/1301
f 2460/2462/1301 2458/2460/1301 2448/2450/1301
f 2446/2448/1302 2444/2446/1302 2462/2464/1302
f 2462/2464/1302 2460/2462/1302 2446/2448/1302
f 2444/2446/1303 2442/2444/1304 2464/2466/1304
f 2464/2466/1304 2462/2464/1303 2444/2446/1303
f 2442/2444/1305 2440/2442/1306 2466/2468/1306
f 2466/2468/1306 2464/2466/1305 2442/2444/1305
f 2440/2442/1307 2437/2439/1307 2468/2470/1307
f 2468/2470/1307 2466/2468/1307 2440/2442/1307
f 2437/2439/1308 2436/2438/1308 2470/2472/1308
f 2470/2472/1308 2468/2470/1308 2437/2439/1308
f 2439/2441/1309 2438/2440/1309 2473/2475/1309
f 2473/2475/1309 2472/2474/1309 2439/2441/1309
f 2438/2440/1310 2441/2443/1311 2476/2478/1311
f 2476/2478/1311 2473/2475/1310 2438/2440/1310
f 2441/2443/1312 2443/2445/1313 2478/2480/1313
f 2478/2480/1313 2476/2478/1312 2441/2443/1312
f 2443/2445/1314 2445/2447/1314 2480/2482/1314
f 2480/2482/1314 2478/2480/1314 2443/2445/1314
f 2445/2447/1315 2447/2449/1315 2482/2484/1315
f 2482/2484/1315 2480/2482/1315 2445/2447/1315
f 2447/2449/1316 2449/2451/1317 2484/2486/1317
f 2484/2486/1317 2482/2484/1316 2447/2449/1316
f 2449/2451/1318 2451/2453/1318 2486/2488/1318
f 2486/2488/1318 2484/2486/1318 2449/2451/1318
f 2451/2453/1319 2453/2455/1319 2488/2490/1319
f 2488/2490/1319 2486/2488/1319 2451/2453/1319
f 2453/2455/1320 2510/2512/1320 2514/2516/1320
f 2514/2516/1320 2488/2490/1320 2453/2455/1320
f 2510/2512/1321 2509/2511/1322 2515/2517/1322
f 2515/2517/1322 2514/2516/1321 2510/2512/1321
f 2509/2511/1323 2493/2495/1323 2489/2491/1323
f 2489/2491/1323 2515/2517/1323 2509/2511/1323
f 2493/2495/1324 2492/2494/1324 2487/2489/1324
f 2487/2489/1324 2489/2491/1324 2493/2495/1324
f 2492/2494/1325 2495/2497/1325 2485/2487/1325
f 2485/2487/1325 2487/2489/1325 2492/2494/1325
f 2495/2497/1326 2497/2499/1327 2483/2485/1328
f 2483/2485/1328 2485/2487/1326 2495/2497/1326
f 2497/2499/1329 2499/2501/1330 2481/2483/1330
f 2481/2483/1330 2483/2485/1331 2497/2499/1329
f 2499/2501/1322 2501/2503/1321 2479/2481/1321
f 2479/2481/1321 2481/2483/1322 2499/2501/1322
f 2501/2503/1332 2503/2505/1333 2477/2479/1333
f 2477/2479/1333 2479/2481/1332 2501/2503/1332
f 2503/2505/1334 2505/2507/1334 2474/2476/1334
f 2474/2476/1334 2477/2479/1334 2503/2505/1334
f 2505/2507/1335 2507/2509/1335 2475/2477/1335
f 2475/2477/1335 2474/2476/1335 2505/2507/1335
f 2472/2474/1274 2475/2477/1336 2507/2509/1274
f 2507/2509/1274 2506/2508/1274 2471/2473/1274
f 2471/2473/1274 2470/2472/1336 2436/2438/1274
f 2507/2509/1274 2471/2473/1274 2436/2438/1274
f 2472/2474/1274 2507/2509/1274 2436/2438/1274
f 2439/2441/1274 2472/2474/1274 2436/2438/1274
f 2516/2518/1261 2517/2519/1261 2518/2520/1261
f 2518/2520/1261 2519/2521/1261 2516/2518/1261
f 2517/2519/1262 2520/2522/1262 2521/2523/1262
f 2521/2523/1262 2518/2520/1262 2517/2519/1262
f 2520/2522/1263 2522/2524/1263 2523/2525/1263
f 2523/2525/1263 2521/2523/1263 2520/2522/1263
f 2522/2524/1264 2524/2526/1264 2525/2527/1264
f 2525/2527/1264 2523/2525/1264 2522/2524/1264
f 2524/2526/1265 2526/2528/1265 2527/2529/1265
f 2527/2529/1265 2525/2527/1265 2524/2526/1265
f 2526/2528/1266 2528/2530/1266 2529/2531/1266
f 2529/2531/1266 2527/2529/1266 2526/2528/1266
f 2528/2530/1267 2530/2532/1267 2531/2533/1267
f 2531/2533/1267 2529/2531/1267 2528/2530/1267
f 2530/2532/1268 2532/2534/1268 2533/2535/1268
f 2533/2535/1268 2531/2533/1268 2530/2532/1268
f 2534/2536/1269 2535/2537/1269 2536/2538/1269
f 2536/2538/1269 2537/2539/1269 2534/2536/1269
f 2535/2537/1269 2538/2540/1269 2539/2541/1269
f 2539/2541/1269 2536/2538/1269 2535/2537/1269
f 2538/2540/1269 2540/2542/1269 2541/2543/1269
f 2541/2543/1269 2539/2541/1269 2538/2540/1269
f 2540/2542/1269 2542/2544/1269 2543/2545/1269
f 2543/2545/1269 2541/2543/1269 2540/2542/1269
f 2542/2544/1269 2544/2546/1269 2545/2547/1269
f 2545/2547/1269 2543/2545/1269 2542/2544/1269
f 2544/2546/1269 2546/2548/1269 2547/2549/1269
f 2547/2549/1269 2545/2547/1269 2544/2546/1269
f 2546/2548/1269 2548/2550/1269 2549/2551/1269
f 2549/2551/1269 2547/2549/1269 2546/2548/1269
f 2548/2550/1269 2550/2552/1269 2551/2553/1269
f 2551/2553/1269 2549/2551/1269 2548/2550/1269
f 2552/2554/1270 2553/2555/1270 2554/2556/1270
f 2554/2556/1270 2555/2557/1270 2552/2554/1270
f 2553/2555/1270 2556/2558/1270 2557/2559/1270
f 2557/2559/1270 2554/2556/1270 2553/2555/1270
f 2556/2558/1270 2558/2560/1270 2559/2561/1270
f 2559/2561/1270 2557/2559/1270 2556/2558/1270
f 2558/2560/1270 2560/2562/1270 2561/2563/1270
f 2561/2563/1270 2559/2561/1270 2558/2560/1270
f 2560/2562/1270 2562/2564/1270 2563/2565/1270
f 2563/2565/1270 2561/2563/1270 2560/2562/1270
f 2562/2564/1270 2564/2566/1270 2565/2567/1270
f 2565/2567/1270 2563/2565/1270 2562/2564/1270
f 2564/2566/1270 2566/2568/1270 2567/2569/1270
f 2567/2569/1270 2565/2567/1270 2564/2566/1270
f 2566/2568/1270 2568/2570/1270 2569/2571/1270
f 2569/2571/1270 2567/2569/1270 2566/2568/1270
f 2570/2572/1271 2571/2573/1271 2572/2574/1271
f 2572/2574/1271 2573/2575/1271 2570/2572/1271
f 2571/2573/1272 2574/2576/1272 2575/2577/1272
f 2575/2577/1272 2572/2574/1272 2571/2573/1272
f 2574/2576/1273 2576/2578/1273 2577/2579/1273
f 2577/2579/1273 2575/2577/1273 2574/2576/1273
f 2576/2578/1274 2578/2580/1274 2579/2581/1274
f 2579/2581/1274 2577/2579/1274 2576/2578/1274
f 2578/2580/1275 2580/2582/1275 2581/2583/1275
f 2581/2583/1275 2579/2581/1275 2578/2580/1275
f 2580/2582/1276 2582/2584/1276 2583/2585/1276
f 2583/2585/1276 2581/2583/1276 2580/2582/1276
f 2582/2584/1277 2584/2586/1277 2585/2587/1277
f 2585/2587/1277 2583/2585/1277 2582/2584/1277
f 2584/2586/1278 2586/2588/1278 2587/2589/1278
f 2587/2589/1278 2585/2587/1278 2584/2586/1278
f 2588/2590/1275 2589/2591/1275 2590/2592/1275
f 2590/2592/1275 2591/2593/1275 2588/2590/1275
f 2533/2535/1279 2532/2534/1279 2591/2593/1279
f 2591/2593/1279 2590/2592/1279 2533/2535/1279
f 2534/2536/1269 2537/2539/1269 2592/2594/1269
f 2592/2594/1269 2593/2595/1269 2534/2536/1269
f 2570/2572/1280 2573/2575/1280 2589/2591/1280
f 2589/2591/1280 2588/2590/1280 2570/2572/1280
f 2569/2571/1270 2568/2570/1270 2594/2596/1270
f 2594/2596/1270 2595/2597/1270 2569/2571/1270
f 2586/2588/1281 2584/2586/1337 2549/2551/1337
f 2549/2551/1337 2551/2553/1281 2586/2588/1281
f 2584/2586/1338 2582/2584/1282 2547/2549/1282
f 2547/2549/1282 2549/2551/1338 2584/2586/1338
f 2582/2584/1286 2580/2582/1339 2545/2547/1339
f 2545/2547/1339 2547/2549/1286 2582/2584/1286
f 2580/2582/1288 2578/2580/1340 2543/2545/1340
f 2543/2545/1340 2545/2547/1297 2580/2582/1288
f 2578/2580/1290 2576/2578/1341 2541/2543/1341
f 2541/2543/1341 2543/2545/1342 2578/2580/1290
f 2576/2578/1292 2574/2576/1343 2539/2541/1291
f 2539/2541/1291 2541/2543/1292 2576/2578/1292
f 2574/2576/1293 2571/2573/1293 2536/2538/1293
f 2536/2538/1293 2539/2541/1293 2574/2576/1293
f 2571/2573/1295 2570/2572/1294 2537/2539/1294
f 2537/2539/1294 2536/2538/1295 2571/2573/1295
f 2570/2572/1296 2588/2590/1296 2592/2594/1296
f 2592/2594/1296 2537/2539/1296 2570/2572/1296
f 2588/2590/1297 2591/2593/1344 2593/2595/1340
f 2593/2595/1340 2592/2594/1297 2588/2590/1297
f 2591/2593/1298 2532/2534/1298 2534/2536/1298
f 2534/2536/1298 2593/2595/1298 2591/2593/1298
f 2532/2534/1299 2530/2532/1299 2535/2537/1299
f 2535/2537/1299 2534/2536/1299 2532/2534/1299
f 2530/2532/1300 2528/2530/1300 2538/2540/1300
f 2538/2540/1300 2535/2537/1300 2530/2532/1300
f 2528/2530/1345 2526/2528/1301 2540/2542/1346
f 2540/2542/1346 2538/2540/1345 2528/2530/1345
f 2526/2528/1347 2524/2526/1348 2542/2544/1348
f 2542/2544/1348 2540/2542/1347 2526/2528/1347
f 2524/2526/1349 2522/2524/1303 2544/2546/1350
f 2544/2546/1350 2542/2544/1349 2524/2526/1349
f 2522/2524/1351 2520/2522/1306 2546/2548/1306
f 2546/2548/1306 2544/2546/1351 2522/2524/1351
f 2520/2522/1352 2517/2519/1307 2548/2550/1307
f 2548/2550/1307 2546/2548/1352 2520/2522/1352
f 2517/2519/1308 2516/2518/1308 2550/2552/1308
f 2550/2552/1308 2548/2550/1308 2517/2519/1308
f 2519/2521/1309 2518/2520/1309 2553/2555/1309
f 2553/2555/1309 2552/2554/1309 2519/2521/1309
f 2518/2520/1311 2521/2523/1310 2556/2558/1310
f 2556/2558/1310 2553/2555/1311 2518/2520/1311
f 2521/2523/1353 2523/2525/1313 2558/2560/1313
f 2558/2560/1313 2556/2558/1353 2521/2523/1353
f 2523/2525/1314 2525/2527/1314 2560/2562/1314
f 2560/2562/1314 2558/2560/1314 2523/2525/1314
f 2525/2527/1354 2527/2529/1355 2562/2564/1355
f 2562/2564/1355 2560/2562/1356 2525/2527/1354
f 2527/2529/1316 2529/2531/1357 2564/2566/1357
f 2564/2566/1357 2562/2564/1316 2527/2529/1316
f 2529/2531/1358 2531/2533/1359 2566/2568/1359
f 2566/2568/1359 2564/2566/1358 2529/2531/1358
f 2531/2533/1360 2533/2535/1360 2568/2570/1360
f 2568/2570/1360 2566/2568/1360 2531/2533/1360
f 2533/2535/1361 2590/2592/1361 2594/2596/1361
f 2594/2596/1361 2568/2570/1361 2533/2535/1361
f 2590/2592/1321 2589/2591/1321 2595/2597/1321
f 2595/2597/1321 2594/2596/1321 2590/2592/1321
f 2589/2591/1362 2573/2575/1362 2569/2571/1362
f 2569/2571/1362 2595/2597/1362 2589/2591/1362
f 2573/2575/1363 2572/2574/1364 2567/2569/1364
f 2567/2569/1364 2569/2571/1363 2573/2575/1363
f 2572/2574/1365 2575/2577/1366 2565/2567/1365
f 2565/2567/1365 2567/2569/1365 2572/2574/1365
f 2575/2577/1326 2577/2579/1326 2563/2565/1326
f 2563/2565/1326 2565/2567/1367 2575/2577/1326
f 2577/2579/1368 2579/2581/1330 2561/2563/1330
f 2561/2563/1330 2563/2565/1368 2577/2579/1368
f 2579/2581/1322 2581/2583/1369 2559/2561/1369
f 2559/2561/1369 2561/2563/1322 2579/2581/1322
f 2581/2583/1333 2583/2585/1333 2557/2559/1333
f 2557/2559/1333 2559/2561/1333 2581/2583/1333
f 2583/2585/1370 2585/2587/1371 2554/2556/1371
f 2554/2556/1371 2557/2559/1370 2583/2585/1370
f 2585/2587/1335 2587/2589/1372 2555/2557/1372
f 2555/2557/1372 2554/2556/1373 2585/2587/1335
f 2552/2554/1274 2555/2557/1374 2587/2589/1274
f 2587/2589/1274 2586/2588/1274 2551/2553/1274
f 2551/2553/1274 2550/2552/1375 2516/2518/1274
f 2587/2589/1274 2551/2553/1274 2516/2518/1274
f 2552/2554/1274 2587/2589/1274 2516/2518/1274
f 2519/2521/1274 2552/2554/1274 2516/2518/1274
f 2596/2598/1270 2597/2599/1270 2598/2600/1270
f 2598/2600/1270 2599/2601/1270 2596/2598/1270
f 2600/2602/1376 2601/2603/1376 2602/2604/1376
f 2602/2604/1376 2603/2605/1376 2600/2602/1376
f 2604/2606/1269 2605/2607/1269 2606/2608/1269
f 2606/2608/1269 2607/2609/1269 2604/2606/1269
f 2608/2610/1377 2609/2611/1377 2610/2612/1377
f 2610/2612/1377 2611/2613/1377 2608/2610/1377
f 2612/2614/1270 2596/2598/1270 2599/2601/1270
f 2599/2601/1270 2613/2615/1270 2612/2614/1270
f 2614/2616/1264 2600/2602/1264 2603/2605/1264
f 2603/2605/1264 2615/2617/1264 2614/2616/1264
f 2616/2618/1269 2604/2606/1269 2607/2609/1269
f 2607/2609/1269 2617/2619/1269 2616/2618/1269
f 2618/2620/1275 2608/2610/1275 2611/2613/1275
f 2611/2613/1275 2619/2621/1275 2618/2620/1275
f 2620/2622/1270 2612/2614/1270 2613/2615/1270
f 2613/2615/1270 2621/2623/1270 2620/2622/1270
f 2622/2624/1378 2614/2616/1378 2615/2617/1378
f 2615/2617/1378 2623/2625/1378 2622/2624/1378
f 2624/2626/1269 2616/2618/1269 2617/2619/1269
f 2617/2619/1269 2625/2627/1269 2624/2626/1269
f 2626/2628/1379 2618/2620/1379 2619/2621/1379
f 2619/2621/1379 2627/2629/1379 2626/2628/1379
f 2606/2608/1380 2605/2607/1380 2598/2600/1380
f 2598/2600/1380 2597/2599/1380 2606/2608/1380
f 2621/2623/1381 2624/2626/1381 2625/2627/1381
f 2625/2627/1381 2620/2622/1381 2621/2623/1381
f 2609/2611/1382 2608/2610/1383 2599/2601/1383
f 2599/2601/1383 2598/2600/1382 2609/2611/1382
f 2608/2610/1384 2618/2620/1385 2613/2615/1385
f 2613/2615/1385 2599/2601/1384 2608/2610/1384
f 2618/2620/1386 2626/2628/1387 2621/2623/1387
f 2621/2623/1387 2613/2615/1386 2618/2620/1386
f 2626/2628/1388 2627/2629/1388 2624/2626/1388
f 2624/2626/1388 2621/2623/1388 2626/2628/1388
f 2627/2629/1389 2619/2621/1390 2616/2618/1390
f 2616/2618/1390 2624/2626/1389 2627/2629/1389
f 2619/2621/1391 2611/2613/1391 2604/2606/1391
f 2604/2606/1391 2616/2618/1391 2619/2621/1391
f 2611/2613/1392 2610/2612/1393 2605/2607/1393
f 2605/2607/1393 2604/2606/1392 2611/2613/1392
f 2610/2612/1394 2609/2611/1394 2598/2600/1394
f 2598/2600/1394 2605/2607/1394 2610/2612/1394
f 2603/2605/1395 2602/2604/1395 2597/2599/1395
f 2597/2599/1395 2596/2598/1395 2603/2605/1395
f 2602/2604/1396 2601/2603/1396 2606/2608/1396
f 2606/2608/1396 2597/2599/1396 2602/2604/1396
f 2601/2603/1397 2600/2602/1398 2607/2609/1398
f 2607/2609/1398 2606/2608/1397 2601/2603/1397
f 2600/2602/1399 2614/2616/1400 2617/2619/1400
f 2617/2619/1400 2607/2609/1399 2600/2602/1399
f 2614/2616/1401 2622/2624/1402 2625/2627/1402
f 2625/2627/1402 2617/2619/1401 2614/2616/1401
f 2622/2624/1403 2623/2625/1403 2620/2622/1403
f 2620/2622/1403 2625/2627/1403 2622/2624/1403
f 2623/2625/1404 2615/2617/1405 2612/2614/1405
f 2612/2614/1405 2620/2622/1404 2623/2625/1404
f 2615/2617/1406 2603/2605/1406 2596/2598/1406
f 2596/2598/1406 2612/2614/1406 2615/2617/1406
f 2628/2630/1270 2629/2631/1270 2630/2632/1270
f 2630/2632/1270 2631/2633/1270 2628/2630/1270
f 2632/2634/1376 2633/2635/1376 2634/2636/1376
f 2634/2636/1376 2635/2637/1376 2632/2634/1376
f 2636/2638/1269 2637/2639/1269 2638/2640/1269
f 2638/2640/1269 2639/2641/1269 2636/2638/1269
f 2640/2642/1377 2641/2643/1377 2642/2644/1377
f 2642/2644/1377 2643/2645/1377 2640/2642/1377
f 2644/2646/1270 2628/2630/1270 2631/2633/1270
f 2631/2633/1270 2645/2647/1270 2644/2646/1270
f 2646/2648/1264 2632/2634/1264 2635/2637/1264
f 2635/2637/1264 2647/2649/1264 2646/2648/1264
f 2648/2650/1269 2636/2638/1269 2639/2641/1269
f 2639/2641/1269 2649/2651/1269 2648/2650/1269
f 2650/2652/1275 2640/2642/1275 2643/2645/1275
f 2643/2645/1275 2651/2653/1275 2650/2652/1275
f 2652/2654/1270 2644/2646/1270 2645/2647/1270
f 2645/2647/1270 2653/2655/1270 2652/2654/1270
f 2654/2656/1378 2646/2648/1378 2647/2649/1378
f 2647/2649/1378 2655/2657/1378 2654/2656/1378
f 2656/2658/1269 2648/2650/1269 2649/2651/1269
f 2649/2651/1269 2657/2659/1269 2656/2658/1269
f 2658/2660/1379 2650/2652/1379 2651/2653/1379
f 2651/2653/1379 2659/2661/1379 2658/2660/1379
f 2638/2640/1380 2637/2639/1380 2630/2632/1380
f 2630/2632/1380 2629/2631/1380 2638/2640/1380
f 2653/2655/1381 2656/2658/1381 2657/2659/1381
f 2657/2659/1381 2652/2654/1381 2653/2655/1381
f 2641/2643/1407 2640/2642/1383 2631/2633/1383
f 2631/2633/1383 2630/2632/1407 2641/2643/1407
f 2640/2642/1385 2650/2652/1385 2645/2647/1385
f 2645/2647/1385 2631/2633/1385 2640/2642/1385
f 2650/2652/1408 2658/2660/1387 2653/2655/1387
f 2653/2655/1387 2645/2647/1408 2650/2652/1408
f 2658/2660/1388 2659/2661/1388 2656/2658/1388
f 2656/2658/1388 2653/2655/1388 2658/2660/1388
f 2659/2661/1389 2651/2653/1390 2648/2650/1390
f 2648/2650/1390 2656/2658/1389 2659/2661/1389
f 2651/2653/1391 2643/2645/1409 2636/2638/1409
f 2636/2638/1409 2648/2650/1391 2651/2653/1391
f 2643/2645/1393 2642/2644/1393 2637/2639/1393
f 2637/2639/1393 2636/2638/1410 2643/2645/1393
f 2642/2644/1394 2641/2643/1394 2630/2632/1394
f 2630/2632/1394 2637/2639/1394 2642/2644/1394
f 2635/2637/1395 2634/2636/1411 2629/2631/1411
f 2629/2631/1411 2628/2630/1395 2635/2637/1395
f 2634/2636/1396 2633/2635/1396 2638/2640/1396
f 2638/2640/1396 2629/2631/1396 2634/2636/1396
f 2633/2635/1412 2632/2634/1413 2639/2641/1413
f 2639/2641/1413 2638/2640/1412 2633/2635/1412
f 2632/2634/1400 2646/2648/1400 2649/2651/1400
f 2649/2651/1400 2639/2641/1400 2632/2634/1400
f 2646/2648/1402 2654/2656/1414 2657/2659/1414
f 2657/2659/1414 2649/2651/1402 2646/2648/1402
f 2654/2656/1403 2655/2657/1403 2652/2654/1403
f 2652/2654/1403 2657/2659/1403 2654/2656/1403
f 2655/2657/1404 2647/2649/1415 2644/2646/1415
f 2644/2646/1415 2652/2654/1404 2655/2657/1404
f 2647/2649/1406 2635/2637/1406 2628/2630/1406
f 2628/2630/1406 2644/2646/1406 2647/2649/1406
f 2660/2662/1416 2661/2663/1416 2662/2664/1416
f 2662/2664/1416 2663/2665/1416 2660/2662/1416
f 2664/2666/1275 2665/2667/1275 2666/2668/1275
f 2666/2668/1275 2667/2669/1275 2664/2666/1275
f 2665/2667/1270 2668/2670/1270 2669/2671/1270
f 2669/2671/1270 2670/2672/1270 2671/2673/1270
f 2665/2667/1270 2669/2671/1270 2671/2673/1270
f 2665/2667/1270 2671/2673/1270 2672/2674/1270
f 2665/2667/1270 2672/2674/1270 2666/2668/1270
f 2673/2675/1264 2674/2676/1264 2675/2677/1264
f 2675/2677/1264 2676/2678/1417 2673/2675/1264
f 2677/2679/1269 2678/2680/1269 2679/2681/1269
f 2679/2681/1269 2680/2682/1269 2677/2679/1269
f 2681/2683/1280 2682/2684/1280 2661/2663/1280
f 2661/2663/1280 2660/2662/1280 2681/2683/1280
f 2683/2685/1418 2684/2686/1418 2685/2687/1418
f 2685/2687/1418 2686/2688/1418 2683/2685/1418
f 2674/2676/1264 2673/2675/1264 2687/2689/1264
f 2687/2689/1264 2688/2690/1264 2674/2676/1264
f 2670/2672/1270 2669/2671/1270 2689/2691/1270
f 2673/2675/1270 2670/2672/1270 2689/2691/1270
f 2673/2675/1270 2689/2691/1270 2687/2689/1270
f 2690/2692/1275 2691/2693/1275 2686/2688/1275
f 2686/2688/1275 2685/2687/1275 2690/2692/1275
f 2692/2694/1269 2674/2676/1269 2688/2690/1269
f 2693/2695/1269 2692/2694/1269 2688/2690/1269
f 2693/2695/1269 2688/2690/1269 2694/2696/1269
f 2695/2697/1270 2696/2698/1270 2697/2699/1270
f 2697/2699/1270 2698/2700/1270 2695/2697/1270
f 2693/2695/1269 2699/2701/1269 2664/2666/1269
f 2664/2666/1269 2667/2669/1269 2700/2702/1269
f 2693/2695/1269 2664/2666/1269 2700/2702/1269
f 2692/2694/1269 2693/2695/1269 2700/2702/1269
f 2692/2694/1269 2700/2702/1269 2701/2703/1269
f 2674/2676/1264 2702/2704/1264 2703/2705/1264
f 2674/2676/1264 2703/2705/1264 2704/2706/1264
f 2675/2677/1264 2674/2676/1264 2704/2706/1264
f 2705/2707/1280 2706/2708/1280 2707/2709/1280
f 2707/2709/1280 2708/2710/1280 2705/2707/1280
f 2692/2694/1275 2701/2703/1275 2709/2711/1275
f 2692/2694/1275 2709/2711/1275 2710/2712/1275
f 2692/2694/1275 2710/2712/1275 2711/2713/1275
f 2712/2714/1280 2713/2715/1280 2714/2716/1280
f 2714/2716/1280 2715/2717/1280 2712/2714/1280
f 2676/2678/1417 2716/2718/1419 2717/2719/1420
f 2676/2678/1417 2717/2719/1420 2718/2720/1264
f 2673/2675/1264 2676/2678/1417 2718/2720/1264
f 2719/2721/1275 2720/2722/1275 2721/2723/1275
f 2670/2672/1275 2719/2721/1275 2721/2723/1275
f 2671/2673/1275 2670/2672/1275 2721/2723/1275
f 2710/2712/1421 2703/2705/1421 2679/2681/1421
f 2679/2681/1421 2678/2680/1421 2710/2712/1421
f 2703/2705/1422 2702/2704/1423 2680/2682/1423
f 2680/2682/1423 2679/2681/1422 2703/2705/1422
f 2702/2704/1424 2711/2713/1424 2677/2679/1424
f 2677/2679/1424 2680/2682/1424 2702/2704/1424
f 2711/2713/1425 2710/2712/1426 2678/2680/1426
f 2678/2680/1426 2677/2679/1425 2711/2713/1425
f 2719/2721/1427 2718/2720/1427 2695/2697/1427
f 2695/2697/1427 2698/2700/1427 2719/2721/1427
f 2718/2720/1428 2717/2719/1429 2696/2698/1429
f 2696/2698/1429 2695/2697/1428 2718/2720/1428
f 2717/2719/1430 2720/2722/1430 2697/2699/1430
f 2697/2699/1430 2696/2698/1430 2717/2719/1430
f 2720/2722/1431 2719/2721/1432 2698/2700/1432
f 2698/2700/1432 2697/2699/1433 2720/2722/1431
f 2669/2671/1434 2693/2695/1434 2691/2693/1434
f 2691/2693/1434 2690/2692/1434 2669/2671/1434
f 2693/2695/1435 2694/2696/1436 2686/2688/1436
f 2686/2688/1436 2691/2693/1435 2693/2695/1435
f 2694/2696/1437 2688/2690/1438 2683/2685/1438
f 2683/2685/1438 2686/2688/1437 2694/2696/1437
f 2688/2690/1439 2687/2689/1439 2684/2686/1439
f 2684/2686/1439 2683/2685/1439 2688/2690/1439
f 2687/2689/1440 2689/2691/1440 2685/2687/1440
f 2685/2687/1440 2684/2686/1440 2687/2689/1440
f 2689/2691/1441 2669/2671/1441 2690/2692/1441
f 2690/2692/1441 2685/2687/1441 2689/2691/1441
f 2664/2666/1442 2699/2701/1443 2660/2662/1443
f 2660/2662/1443 2663/2665/1442 2664/2666/1442
f 2699/2701/1444 2693/2695/1444 2681/2683/1444
f 2681/2683/1444 2660/2662/1444 2699/2701/1444
f 2693/2695/1445 2669/2671/1446 2682/2684/1446
f 2682/2684/1446 2681/2683/1445 2693/2695/1445
f 2669/2671/1447 2668/2670/1448 2661/2663/1448
f 2661/2663/1448 2682/2684/1447 2669/2671/1447
f 2668/2670/1449 2665/2667/1449 2662/2664/1449
f 2662/2664/1449 2661/2663/1449 2668/2670/1449
f 2665/2667/1450 2664/2666/1450 2663/2665/1450
f 2663/2665/1450 2662/2664/1450 2665/2667/1450
f 2674/2676/1451 2692/2694/1448 2706/2708/1448
f 2706/2708/1448 2705/2707/1447 2674/2676/1451
f 2692/2694/1452 2711/2713/1453 2707/2709/1453
f 2707/2709/1453 2706/2708/1452 2692/2694/1452
f 2711/2713/1454 2702/2704/1444 2708/2710/1444
f 2708/2710/1444 2707/2709/1454 2711/2713/1454
f 2702/2704/1445 2674/2676/1446 2705/2707/1446
f 2705/2707/1446 2708/2710/1445 2702/2704/1445
f 2670/2672/1455 2673/2675/1454 2713/2715/1444
f 2713/2715/1444 2712/2714/1455 2670/2672/1455
f 2673/2675/1446 2718/2720/1446 2714/2716/1446
f 2714/2716/1446 2713/2715/1446 2673/2675/1446
f 2718/2720/1451 2719/2721/1448 2715/2717/1448
f 2715/2717/1448 2714/2716/1447 2718/2720/1451
f 2719/2721/1452 2670/2672/1452 2712/2714/1452
f 2712/2714/1452 2715/2717/1452 2719/2721/1452
f 2700/2702/1275 2672/2674/1275 2722/2724/1275
f 2722/2724/1275 2723/2725/1275 2700/2702/1275
f 2676/2678/1417 2675/2677/1264 2724/2726/1264
f 2724/2726/1264 2725/2727/1264 2676/2678/1417
f 2667/2669/1279 2666/2668/1279 2672/2674/1279
f 2672/2674/1279 2700/2702/1279 2667/2669/1279
f 2725/2727/1456 2724/2726/1456 2723/2725/1456
f 2723/2725/1456 2722/2724/1456 2725/2727/1456
f 2726/2728/1270 2727/2729/1270 2728/2730/1270
f 2728/2730/1270 2729/2731/1270 2730/2732/1270
f 2726/2728/1270 2728/2730/1270 2730/2732/1270
f 2731/2733/1269 2732/2734/1269 2733/2735/1269
f 2734/2736/1269 2731/2733/1269 2733/2735/1269
f 2735/2737/1269 2734/2736/1269 2733/2735/1269
f 2725/2727/1456 2722/2724/1456 2736/2738/1456
f 2736/2738/1456 2737/2739/1456 2725/2727/1456
f 2722/2724/1275 2672/2674/1275 2738/2740/1275
f 2738/2740/1275 2736/2738/1275 2722/2724/1275
f 2672/2674/1280 2671/2673/1280 2721/2723/1280
f 2721/2723/1280 2738/2740/1280 2672/2674/1280
f 2676/2678/1417 2725/2727/1264 2737/2739/1264
f 2737/2739/1264 2716/2718/1419 2676/2678/1417
f 2721/2723/1279 2720/2722/1279 2717/2719/1279
f 2717/2719/1279 2716/2718/1279 2721/2723/1279
f 2723/2725/1456 2724/2726/1456 2739/2741/1456
f 2739/2741/1456 2740/2742/1456 2723/2725/1456
f 2724/2726/1264 2675/2677/1264 2704/2706/1264
f 2704/2706/1264 2739/2741/1264 2724/2726/1264
f 2701/2703/1280 2700/2702/1280 2741/2743/1280
f 2741/2743/1280 2709/2711/1280 2701/2703/1280
f 2700/2702/1275 2723/2725/1275 2740/2742/1275
f 2740/2742/1275 2741/2743/1275 2700/2702/1275
f 2704/2706/1279 2703/2705/1279 2710/2712/1279
f 2710/2712/1279 2709/2711/1279 2704/2706/1279
f 2737/2739/1457 2736/2738/1458 2726/2728/1458
f 2726/2728/1458 2730/2732/1457 2737/2739/1457
f 2736/2738/1459 2738/2740/1460 2727/2729/1460
f 2727/2729/1460 2726/2728/1459 2736/2738/1459
f 2738/2740/1461 2721/2723/1461 2728/2730/1461
f 2728/2730/1461 2727/2729/1461 2738/2740/1461
f 2721/2723/1461 2716/2718/1461 2729/2731/1461
f 2729/2731/1461 2728/2730/1461 2721/2723/1461
f 2716/2718/1462 2737/2739/1463 2730/2732/1463
f 2730/2732/1463 2729/2731/1462 2716/2718/1462
f 2740/2742/1464 2739/2741/1465 2731/2733/1465
f 2731/2733/1465 2734/2736/1464 2740/2742/1464
f 2739/2741/1466 2704/2706/1467 2732/2734/1467
f 2732/2734/1467 2731/2733/1466 2739/2741/1466
f 2704/2706/1468 2709/2711/1469 2733/2735/1469
f 2733/2735/1469 2732/2734/1468 2704/2706/1468
f 2709/2711/1469 2741/2743/1469 2735/2737/1469
f 2735/2737/1469 2733/2735/1469 2709/2711/1469
f 2741/2743/1470 2740/2742/1471 2734/2736/1471
f 2734/2736/1471 2735/2737/1470 2741/2743/1470
f 2742/2744/1472 2743/2745/1472 2744/2746/1472
f 2743/2745/1472 2745/2747/1472 2746/2748/1473
f 2745/2747/1472 2747/2749/1472 2748/2750/1474
f 2743/2745/1472 2747/2749/1472 2745/2747/1472
f 2747/2749/1472 2749/2751/1472 2750/2752/1474
f 2749/2751/1472 2751/2753/1472 2752/2754/1472
f 2747/2749/1472 2751/2753/1472 2749/2751/1472
f 2751/2753/1472 2753/2755/1472 2754/2756/1472
f 2753/2755/1472 2755/2757/1472 2756/2758/1474
f 2751/2753/1472 2755/2757/1472 2753/2755/1472
f 2747/2749/1472 2755/2757/1472 2751/2753/1472
f 2755/2757/1472 2757/2759/1472 2758/2760/1474
f 2757/2759/1472 2759/2761/1472 2760/2762/1472
f 2755/2757/1472 2759/2761/1472 2757/2759/1472
f 2759/2761/1472 2761/2763/1472 2762/2764/1474
f 2761/2763/1472 2763/2765/1472 2764/2766/1472
f 2759/2761/1472 2763/2765/1472 2761/2763/1472
f 2755/2757/1472 2763/2765/1472 2759/2761/1472
f 2747/2749/1472 2763/2765/1472 2755/2757/1472
f 2743/2745/1472 2763/2765/1472 2747/2749/1472
f 2742/2744/1472 2763/2765/1472 2743/2745/1472
f 2765/2767/1472 2763/2765/1472 2742/2744/1472
f 2766/2768/1475 2767/2769/1475 2768/2770/1475
f 2767/2769/1475 2766/2768/1475 2769/2771/1475
f 2764/2766/1476 2770/2772/1476 2761/2763/1476
f 2770/2772/1476 2764/2766/1476 2771/2773/1476
f 2772/2774/1477 2773/2775/1477 2774/2776/1477
f 2773/2775/1477 2772/2774/1477 2775/2777/1477
f 2762/2764/1478 2776/2778/1478 2759/2761/1478
f 2776/2778/1478 2762/2764/1478 2777/2779/1478
f 2778/2780/1479 2779/2781/1479 2780/2782/1479
f 2779/2781/1479 2778/2780/1479 2781/2783/1479
f 2760/2762/1480 2782/2784/1480 2757/2759/1480
f 2782/2784/1480 2760/2762/1480 2783/2785/1480
f 2784/2786/1481 2785/2787/1481 2786/2788/1481
f 2785/2787/1481 2784/2786/1481 2787/2789/1481
f 2758/2760/1482 2788/2790/1482 2755/2757/1482
f 2788/2790/1482 2758/2760/1482 2789/2791/1482
f 2790/2792/1483 2791/2793/1483 2792/2794/1483
f 2791/2793/1483 2790/2792/1483 2793/2795/1483
f 2756/2758/1484 2794/2796/1484 2753/2755/1484
f 2794/2796/1484 2756/2758/1484 2795/2797/1484
f 2796/2798/1485 2797/2799/1485 2798/2800/1485
f 2797/2799/1485 2796/2798/1485 2799/2801/1485
f 2754/2756/1486 2800/2802/1486 2751/2753/1486
f 2800/2802/1486 2754/2756/1486 2801/2803/1486
f 2802/2804/1487 2803/2805/1487 2804/2806/1487
f 2803/2805/1487 2802/2804/1487 2805/2807/1487
f 2752/2754/1488 2806/2808/1488 2749/2751/1488
f 2806/2808/1488 2752/2754/1488 2807/2809/1488
f 2808/2810/1489 2809/2811/1489 2810/2812/1489
f 2809/2811/1489 2808/2810/1489 2811/2813/1489
f 2750/2752/1490 2812/2814/1490 2747/2749/1490
f 2812/2814/1490 2750/2752/1490 2813/2815/1490
f 2814/2816/1491 2815/2817/1491 2816/2818/1491
f 2815/2817/1491 2814/2816/1491 2817/2819/1491
f 2748/2750/1492 2818/2820/1492 2745/2747/1492
f 2818/2820/1492 2748/2750/1492 2819/2821/1492
f 2820/2822/1493 2821/2823/1493 2822/2824/1493
f 2821/2823/1493 2820/2822/1493 2823/2825/1493
f 2746/2748/1494 2824/2826/1494 2743/2745/1494
f 2824/2826/1494 2746/2748/1494 2825/2827/1494
f 2826/2828/1495 2827/2829/1495 2828/2830/1495
f 2827/2829/1495 2826/2828/1495 2829/2831/1495
f 2744/2746/1496 2830/2832/1496 2742/2744/1496
f 2830/2832/1496 2744/2746/1496 2831/2833/1496
f 2832/2834/1497 2833/2835/1497 2834/2836/1497
f 2833/2835/1497 2832/2834/1497 2835/2837/1497
f 2765/2767/1498 2836/2838/1498 2763/2765/1498
f 2836/2838/1498 2765/2767/1498 2837/2839/1498
f 2836/2838/1499 2838/2840/1499 2771/2773/1499
f 2838/2840/1499 2836/2838/1499 2839/2841/1499
f 2771/2773/1500 2840/2842/1500 2770/2772/1500
f 2840/2842/1500 2771/2773/1500 2838/2840/1500
f 2770/2772/1501 2841/2843/1501 2777/2779/1501
f 2841/2843/1501 2770/2772/1501 2840/2842/1501
f 2777/2779/1502 2842/2844/1502 2776/2778/1502
f 2842/2844/1502 2777/2779/1502 2841/2843/1503
f 2776/2778/1504 2843/2845/1505 2783/2785/1505
f 2843/2845/1505 2776/2778/1504 2842/2844/1504
f 2783/2785/1506 2844/2846/1507 2782/2784/1507
f 2844/2846/1507 2783/2785/1506 2843/2845/1506
f 2782/2784/1508 2845/2847/1508 2789/2791/1508
f 2845/2847/1508 2782/2784/1508 2844/2846/1508
f 2789/2791/1509 2846/2848/1509 2788/2790/1509
f 2846/2848/1509 2789/2791/1509 2845/2847/1510
f 2788/2790/1511 2847/2849/1511 2795/2797/1512
f 2847/2849/1511 2788/2790/1511 2846/2848/1511
f 2795/2797/1513 2848/2850/1513 2794/2796/1513
f 2848/2850/1513 2795/2797/1513 2847/2849/1513
f 2794/2796/1514 2849/2851/1515 2801/2803/1515
f 2849/2851/1515 2794/2796/1514 2848/2850/1514
f 2801/2803/1516 2850/2852/1516 2800/2802/1516
f 2850/2852/1516 2801/2803/1516 2849/2851/1516
f 2800/2802/1517 2851/2853/1517 2807/2809/1517
f 2851/2853/1517 2800/2802/1517 2850/2852/1517
f 2807/2809/1518 2852/2854/1518 2806/2808/1518
f 2852/2854/1518 2807/2809/1518 2851/2853/1518
f 2806/2808/1519 2853/2855/1520 2813/2815/1520
f 2853/2855/1520 2806/2808/1519 2852/2854/1519
f 2813/2815/1521 2854/2856/1521 2812/2814/1521
f 2854/2856/1521 2813/2815/1521 2853/2855/1521
f 2812/2814/1522 2855/2857/1522 2819/2821/1522
f 2855/2857/1522 2812/2814/1522 2854/2856/1522
f 2819/2821/1523 2856/2858/1523 2818/2820/1523
f 2856/2858/1523 2819/2821/1523 2855/2857/1523
f 2818/2820/1524 2857/2859/1524 2825/2827/1524
f 2857/2859/1524 2818/2820/1524 2856/2858/1524
f 2825/2827/1525 2858/2860/1525 2824/2826/1525
f 2858/2860/1525 2825/2827/1525 2857/2859/1525
f 2824/2826/1526 2859/2861/1527 2831/2833/1527
f 2859/2861/1527 2824/2826/1526 2858/2860/1528
f 2831/2833/1529 2860/2862/1529 2830/2832/1529
f 2860/2862/1529 2831/2833/1529 2859/2861/1529
f 2830/2832/1530 2861/2863/1530 2837/2839/1530
f 2861/2863/1530 2830/2832/1530 2860/2862/1530
f 2837/2839/1531 2839/2841/1531 2836/2838/1531
f 2839/2841/1531 2837/2839/1531 2861/2863/1531
f 2841/2843/1532 2862/2864/1532 2842/2844/1532
f 2841/2843/1532 2863/2865/1532 2862/2864/1532
f 2840/2842/1532 2863/2865/1532 2841/2843/1532
f 2840/2842/1532 2864/2866/1532 2863/2865/1532
f 2838/2840/1532 2864/2866/1532 2840/2842/1532
f 2838/2840/1532 2865/2867/1532 2864/2866/1532
f 2839/2841/1532 2865/2867/1532 2838/2840/1532
f 2839/2841/1532 2866/2868/1532 2865/2867/1532
f 2861/2863/1532 2866/2868/1532 2839/2841/1532
f 2861/2863/1532 2867/2869/1532 2866/2868/1532
f 2860/2862/1532 2867/2869/1532 2861/2863/1532
f 2860/2862/1532 2868/2870/1532 2867/2869/1532
f 2859/2861/1532 2868/2870/1532 2860/2862/1532
f 2859/2861/1532 2869/2871/1532 2868/2870/1532
f 2858/2860/1532 2869/2871/1532 2859/2861/1532
f 2858/2860/1532 2870/2872/1532 2869/2871/1532
f 2857/2859/1532 2870/2872/1532 2858/2860/1532
f 2857/2859/1532 2871/2873/1532 2870/2872/1532
f 2856/2858/1532 2871/2873/1532 2857/2859/1532
f 2856/2858/1532 2872/2874/1532 2871/2873/1532
f 2855/2857/1532 2872/2874/1532 2856/2858/1532
f 2855/2857/1532 2873/2875/1532 2872/2874/1532
f 2854/2856/1532 2873/2875/1532 2855/2857/1532
f 2854/2856/1532 2874/2876/1532 2873/2875/1532
f 2853/2855/1532 2874/2876/1532 2854/2856/1532
f 2853/2855/1532 2875/2877/1532 2874/2876/1532
f 2852/2854/1532 2875/2877/1532 2853/2855/1532
f 2852/2854/1532 2876/2878/1532 2875/2877/1532
f 2851/2853/1532 2876/2878/1532 2852/2854/1532
f 2851/2853/1532 2877/2879/1532 2876/2878/1532
f 2850/2852/1532 2877/2879/1532 2851/2853/1532
f 2850/2852/1532 2878/2880/1532 2877/2879/1532
f 2849/2851/1532 2878/2880/1532 2850/2852/1532
f 2849/2851/1532 2879/2881/1532 2878/2880/1532
f 2848/2850/1532 2879/2881/1532 2849/2851/1532
f 2848/2850/1532 2880/2882/1532 2879/2881/1532
f 2847/2849/1532 2880/2882/1532 2848/2850/1532
f 2847/2849/1532 2881/2883/1532 2880/2882/1532
f 2846/2848/1532 2881/2883/1532 2847/2849/1532
f 2846/2848/1532 2882/2884/1532 2881/2883/1532
f 2845/2847/1532 2882/2884/1532 2846/2848/1532
f 2845/2847/1532 2883/2885/1532 2882/2884/1532
f 2844/2846/1532 2883/2885/1532 2845/2847/1532
f 2844/2846/1532 2884/2886/1532 2883/2885/1532
f 2843/2845/1532 2884/2886/1532 2844/2846/1532
f 2843/2845/1532 2885/2887/1532 2884/2886/1532
f 2842/2844/1532 2885/2887/1532 2843/2845/1532
f 2842/2844/1532 2862/2864/1532 2885/2887/1532
f 2866/2868/1533 2886/2888/1533 2865/2867/1534
f 2886/2888/1533 2866/2868/1533 2887/2889/1533
f 2865/2867/1535 2888/2890/1535 2864/2866/1535
f 2888/2890/1535 2865/2867/1535 2886/2888/1535
f 2864/2866/1536 2889/2891/1536 2863/2865/1536
f 2889/2891/1536 2864/2866/1536 2888/2890/1536
f 2863/2865/1537 2890/2892/1537 2862/2864/1537
f 2890/2892/1537 2863/2865/1537 2889/2891/1537
f 2862/2864/1538 2891/2893/1538 2885/2887/1538
f 2891/2893/1538 2862/2864/1538 2890/2892/1538
f 2885/2887/1539 2892/2894/1539 2884/2886/1539
f 2892/2894/1539 2885/2887/1539 2891/2893/1539
f 2884/2886/1540 2893/2895/1540 2883/2885/1540
f 2893/2895/1540 2884/2886/1540 2892/2894/1540
f 2883/2885/1541 2894/2896/1541 2882/2884/1541
f 2894/2896/1541 2883/2885/1541 2893/2895/1541
f 2882/2884/1542 2895/2897/1542 2881/2883/1542
f 2895/2897/1542 2882/2884/1542 2894/2896/1542
f 2881/2883/1543 2896/2898/1543 2880/2882/1543
f 2896/2898/1543 2881/2883/1543 2895/2897/1543
f 2880/2882/1544 2897/2899/1544 2879/2881/1544
f 2897/2899/1544 2880/2882/1544 2896/2898/1544
f 2879/2881/1545 2898/2900/1545 2878/2880/1545
f 2898/2900/1545 2879/2881/1545 2897/2899/1545
f 2878/2880/1546 2899/2901/1546 2877/2879/1547
f 2899/2901/1546 2878/2880/1546 2898/2900/1546
f 2877/2879/1548 2900/2902/1548 2876/2878/1548
f 2900/2902/1548 2877/2879/1548 2899/2901/1548
f 2876/2878/1549 2901/2903/1549 2875/2877/1549
f 2901/2903/1549 2876/2878/1549 2900/2902/1549
f 2875/2877/1550 2902/2904/1550 2874/2876/1550
f 2902/2904/1550 2875/2877/1550 2901/2903/1550
f 2874/2876/1551 2903/2905/1551 2873/2875/1551
f 2903/2905/1551 2874/2876/1551 2902/2904/1551
f 2873/2875/1552 2904/2906/1552 2872/2874/1552
f 2904/2906/1552 2873/2875/1552 2903/2905/1552
f 2872/2874/1553 2905/2907/1553 2871/2873/1553
f 2905/2907/1553 2872/2874/1553 2904/2906/1553
f 2871/2873/1554 2906/2908/1554 2870/2872/1554
f 2906/2908/1554 2871/2873/1554 2905/2907/1554
f 2870/2872/1555 2907/2909/1555 2869/2871/1555
f 2907/2909/1555 2870/2872/1555 2906/2908/1555
f 2869/2871/1556 2908/2910/1556 2868/2870/1556
f 2908/2910/1556 2869/2871/1556 2907/2909/1556
f 2868/2870/1557 2909/2911/1557 2867/2869/1557
f 2909/2911/1557 2868/2870/1557 2908/2910/1557
f 2867/2869/1558 2887/2889/1558 2866/2868/1558
f 2887/2889/1558 2867/2869/1558 2909/2911/1558
f 2763/2765/1559 2768/2770/1559 2764/2766/1560
f 2768/2770/1559 2763/2765/1559 2766/2768/1559
f 2764/2766/1561 2767/2769/1561 2771/2773/1561
f 2767/2769/1561 2764/2766/1561 2768/2770/1561
f 2771/2773/1562 2769/2771/1562 2836/2838/1562
f 2769/2771/1562 2771/2773/1562 2767/2769/1562
f 2836/2838/1563 2766/2768/1563 2763/2765/1563
f 2766/2768/1563 2836/2838/1563 2769/2771/1563
f 2761/2763/1564 2774/2776/1565 2762/2764/1566
f 2774/2776/1565 2761/2763/1564 2772/2774/1564
f 2762/2764/1567 2773/2775/1567 2777/2779/1567
f 2773/2775/1567 2762/2764/1567 2774/2776/1567
f 2777/2779/1568 2775/2777/1569 2770/2772/1569
f 2775/2777/1569 2777/2779/1568 2773/2775/1568
f 2770/2772/1570 2772/2774/1570 2761/2763/1570
f 2772/2774/1570 2770/2772/1570 2775/2777/1570
f 2759/2761/1571 2780/2782/1571 2760/2762/1571
f 2780/2782/1571 2759/2761/1571 2778/2780/1572
f 2760/2762/1573 2779/2781/1573 2783/2785/1573
f 2779/2781/1573 2760/2762/1573 2780/2782/1573
f 2783/2785/1574 2781/2783/1575 2776/2778/1575
f 2781/2783/1575 2783/2785/1574 2779/2781/1574
f 2776/2778/1576 2778/2780/1576 2759/2761/1576
f 2778/2780/1576 2776/2778/1576 2781/2783/1576
f 2757/2759/1577 2786/2788/1577 2758/2760/1577
f 2786/2788/1577 2757/2759/1577 2784/2786/1577
f 2758/2760/1578 2785/2787/1578 2789/2791/1578
f 2785/2787/1578 2758/2760/1578 2786/2788/1578
f 2789/2791/1579 2787/2789/1579 2782/2784/1579
f 2787/2789/1579 2789/2791/1579 2785/2787/1579
f 2782/2784/1580 2784/2786/1581 2757/2759/1581
f 2784/2786/1581 2782/2784/1580 2787/2789/1580
f 2755/2757/1582 2792/2794/1583 2756/2758/1583
f 2792/2794/1583 2755/2757/1582 2790/2792/1582
f 2756/2758/1584 2791/2793/1584 2795/2797/1584
f 2791/2793/1584 2756/2758/1584 2792/2794/1584
f 2795/2797/1585 2793/2795/1585 2788/2790/1586
f 2793/2795/1585 2795/2797/1585 2791/2793/1587
f 2788/2790/1588 2790/2792/1588 2755/2757/1588
f 2790/2792/1588 2788/2790/1588 2793/2795/1588
f 2753/2755/1589 2798/2800/1590 2754/2756/1590
f 2798/2800/1590 2753/2755/1589 2796/2798/1589
f 2754/2756/1591 2797/2799/1591 2801/2803/1591
f 2797/2799/1591 2754/2756/1591 2798/2800/1591
f 2801/2803/1592 2799/2801/1592 2794/2796/1593
f 2799/2801/1592 2801/2803/1592 2797/2799/1592
f 2794/2796/1594 2796/2798/1595 2753/2755/1595
f 2796/2798/1595 2794/2796/1594 2799/2801/1594
f 2751/2753/1596 2804/2806/1596 2752/2754/1596
f 2804/2806/1596 2751/2753/1596 2802/2804/1596
f 2752/2754/1597 2803/2805/1597 2807/2809/1597
f 2803/2805/1597 2752/2754/1597 2804/2806/1597
f 2807/2809/1598 2805/2807/1598 2800/2802/1598
f 2805/2807/1598 2807/2809/1598 2803/2805/1598
f 2800/2802/1599 2802/2804/1600 2751/2753/1600
f 2802/2804/1600 2800/2802/1599 2805/2807/1599
f 2749/2751/1601 2810/2812/1602 2750/2752/1602
f 2810/2812/1602 2749/2751/1601 2808/2810/1601
f 2750/2752/1603 2809/2811/1603 2813/2815/1603
f 2809/2811/1603 2750/2752/1603 2810/2812/1603
f 2813/2815/1604 2811/2813/1605 2806/2808/1605
f 2811/2813/1605 2813/2815/1604 2809/2811/1604
f 2806/2808/1606 2808/2810/1606 2749/2751/1606
f 2808/2810/1606 2806/2808/1606 2811/2813/1606
f 2747/2749/1607 2816/2818/1607 2748/2750/1608
f 2816/2818/1607 2747/2749/1607 2814/2816/1607
f 2748/2750/1609 2815/2817/1609 2819/2821/1609
f 2815/2817/1609 2748/2750/1609 2816/2818/1609
f 2819/2821/1610 2817/2819/1611 2812/2814/1611
f 2817/2819/1611 2819/2821/1610 2815/2817/1612
f 2812/2814/1613 2814/2816/1613 2747/2749/1613
f 2814/2816/1613 2812/2814/1613 2817/2819/1613
f 2745/2747/1614 2822/2824/1614 2746/2748/1614
f 2822/2824/1614 2745/2747/1614 2820/2822/1614
f 2746/2748/1615 2821/2823/1615 2825/2827/1615
f 2821/2823/1615 2746/2748/1615 2822/2824/1615
f 2825/2827/1616 2823/2825/1617 2818/2820/1617
f 2823/2825/1617 2825/2827/1616 2821/2823/1616
f 2818/2820/1618 2820/2822/1618 2745/2747/1618
f 2820/2822/1618 2818/2820/1618 2823/2825/1618
f 2743/2745/1619 2828/2830/1619 2744/2746/1620
f 2828/2830/1619 2743/2745/1619 2826/2828/1619
f 2744/2746/1621 2827/2829/1621 2831/2833/1621
f 2827/2829/1621 2744/2746/1621 2828/2830/1621
f 2831/2833/1622 2829/2831/1623 2824/2826/1623
f 2829/2831/1623 2831/2833/1622 2827/2829/1622
f 2824/2826/1624 2826/2828/1624 2743/2745/1624
f 2826/2828/1624 2824/2826/1624 2829/2831/1624
f 2742/2744/1625 2834/2836/1625 2765/2767/1625
f 2834/2836/1625 2742/2744/1625 2832/2834/1625
f 2765/2767/1626 2833/2835/1626 2837/2839/1626
f 2833/2835/1626 2765/2767/1626 2834/2836/1626
f 2837/2839/1627 2835/2837/1627 2830/2832/1627
f 2835/2837/1627 2837/2839/1627 2833/2835/1627
f 2830/2832/1628 2832/2834/1628 2742/2744/1628
f 2832/2834/1628 2830/2832/1628 2835/2837/1628
f 2910/2912/1532 2911/2913/1532 2912/2914/1532
f 2911/2913/1532 2913/2915/1532 2914/2916/1532
f 2910/2912/1532 2913/2915/1532 2911/2913/1532
f 2913/2915/1532 2915/2917/1532 2916/2918/1532
f 2910/2912/1532 2915/2917/1532 2913/2915/1532
f 2917/2919/1532 2915/2917/1532 2910/2912/1532
f 2918/2920/1472 2919/2921/1472 2920/2922/1472
f 2919/2921/1472 2918/2920/1472 2921/2923/1472
f 2921/2923/1472 2922/2924/1472 2919/2921/1472
f 2922/2924/1472 2921/2923/1472 2923/2925/1472
f 2923/2925/1472 2924/2926/1472 2922/2924/1472
f 2924/2926/1472 2923/2925/1472 2925/2927/1472
f 2925/2927/1472 2926/2928/1472 2924/2926/1472
f 2926/2928/1472 2925/2927/1472 2927/2929/1472
f 2927/2929/1472 2928/2930/1472 2926/2928/1472
f 2928/2930/1472 2927/2929/1472 2929/2931/1472
f 2929/2931/1472 2930/2932/1472 2928/2930/1472
f 2930/2932/1472 2929/2931/1472 2931/2933/1472
f 2931/2933/1472 2932/2934/1472 2930/2932/1472
f 2932/2934/1472 2931/2933/1472 2933/2935/1472
f 2933/2935/1472 2920/2922/1472 2932/2934/1472
f 2920/2922/1472 2933/2935/1472 2918/2920/1472
f 2920/2922/1476 2910/2912/1476 2912/2914/1476
f 2910/2912/1476 2920/2922/1476 2919/2921/1476
f 2919/2921/1497 2917/2919/1497 2910/2912/1497
f 2917/2919/1497 2919/2921/1497 2922/2924/1629
f 2922/2924/1494 2915/2917/1494 2917/2919/1494
f 2915/2917/1494 2922/2924/1494 2924/2926/1494
f 2924/2926/1491 2916/2918/1630 2915/2917/1491
f 2916/2918/1630 2924/2926/1491 2926/2928/1630
f 2926/2928/1488 2913/2915/1488 2916/2918/1488
f 2913/2915/1488 2926/2928/1488 2928/2930/1631
f 2928/2930/1485 2914/2916/1485 2913/2915/1485
f 2914/2916/1485 2928/2930/1485 2930/2932/1485
f 2930/2932/1482 2911/2913/1482 2914/2916/1482
f 2911/2913/1482 2930/2932/1482 2932/2934/1482
f 2932/2934/1479 2912/2914/1632 2911/2913/1479
f 2912/2914/1632 2932/2934/1479 2920/2922/1632
f 2934/2936/1532 2935/2937/1532 2936/2938/1532
f 2935/2937/1532 2937/2939/1532 2938/2940/1633
f 2934/2936/1532 2937/2939/1532 2935/2937/1532
f 2937/2939/1532 2939/2941/1532 2940/2942/1633
f 2939/2941/1532 2941/2943/1532 2942/2944/1532
f 2937/2939/1532 2941/2943/1532 2939/2941/1532
f 2934/2936/1532 2941/2943/1532 2937/2939/1532
f 2941/2943/1532 2943/2945/1532 2944/2946/1532
f 2943/2945/1532 2945/2947/1532 2946/2948/1532
f 2941/2943/1532 2945/2947/1532 2943/2945/1532
f 2945/2947/1532 2947/2949/1532 2948/2950/1532
f 2947/2949/1532 2949/2951/1532 2950/2952/1634
f 2945/2947/1532 2949/2951/1532 2947/2949/1532
f 2941/2943/1532 2949/2951/1532 2945/2947/1532
f 2934/2936/1532 2949/2951/1532 2941/2943/1532
f 2949/2951/1532 2951/2953/1532 2952/2954/1532
f 2951/2953/1532 2953/2955/1532 2954/2956/1633
f 2949/2951/1532 2953/2955/1532 2951/2953/1532
f 2934/2936/1532 2953/2955/1532 2949/2951/1532
f 2953/2955/1532 2955/2957/1532 2956/2958/1532
f 2934/2936/1532 2955/2957/1532 2953/2955/1532
f 2957/2959/1532 2955/2957/1532 2934/2936/1532
f 2958/2960/1475 2959/2961/1475 2960/2962/1475
f 2959/2961/1475 2958/2960/1475 2961/2963/1475
f 2936/2938/1476 2962/2964/1476 2963/2965/1476
f 2962/2964/1476 2936/2938/1476 2935/2937/1476
f 2964/2966/1477 2965/2967/1477 2966/2968/1477
f 2965/2967/1477 2964/2966/1477 2967/2969/1477
f 2938/2940/1478 2968/2970/1478 2969/2971/1478
f 2968/2970/1478 2938/2940/1478 2937/2939/1478
f 2970/2972/1479 2971/2973/1479 2972/2974/1479
f 2971/2973/1479 2970/2972/1479 2973/2975/1479
f 2940/2942/1480 2974/2976/1480 2975/2977/1480
f 2974/2976/1480 2940/2942/1480 2939/2941/1480
f 2976/2978/1481 2977/2979/1481 2978/2980/1481
f 2977/2979/1481 2976/2978/1481 2979/2981/1481
f 2942/2944/1482 2980/2982/1482 2981/2983/1482
f 2980/2982/1482 2942/2944/1482 2941/2943/1482
f 2982/2984/1483 2983/2985/1483 2984/2986/1483
f 2983/2985/1483 2982/2984/1483 2985/2987/1483
f 2944/2946/1484 2986/2988/1484 2987/2989/1484
f 2986/2988/1484 2944/2946/1484 2943/2945/1484
f 2988/2990/1485 2989/2991/1485 2990/2992/1635
f 2989/2991/1485 2988/2990/1485 2991/2993/1485
f 2946/2948/1486 2992/2994/1486 2993/2995/1486
f 2992/2994/1486 2946/2948/1486 2945/2947/1486
f 2994/2996/1487 2995/2997/1487 2996/2998/1487
f 2995/2997/1487 2994/2996/1487 2997/2999/1487
f 2948/2950/1488 2998/3000/1488 2999/3001/1488
f 2998/3000/1488 2948/2950/1488 2947/2949/1488
f 3000/3002/1489 3001/3003/1489 3002/3004/1489
f 3001/3003/1489 3000/3002/1489 3003/3005/1489
f 2950/2952/1490 3004/3006/1490 3005/3007/1490
f 3004/3006/1490 2950/2952/1490 2949/2951/1490
f 3006/3008/1491 3007/3009/1491 3008/3010/1491
f 3007/3009/1491 3006/3008/1491 3009/3011/1491
f 2952/2954/1492 3010/3012/1492 3011/3013/1492
f 3010/3012/1492 2952/2954/1492 2951/2953/1492
f 3012/3014/1493 3013/3015/1493 3014/3016/1493
f 3013/3015/1493 3012/3014/1493 3015/3017/1493
f 2954/2956/1494 3016/3018/1494 3017/3019/1494
f 3016/3018/1494 2954/2956/1494 2953/2955/1494
f 3018/3020/1495 3019/3021/1495 3020/3022/1495
f 3019/3021/1495 3018/3020/1495 3021/3023/1495
f 2956/2958/1496 3022/3024/1496 3023/3025/1496
f 3022/3024/1496 2956/2958/1496 2955/2957/1496
f 3024/3026/1497 3025/3027/1497 3026/3028/1497
f 3025/3027/1497 3024/3026/1497 3027/3029/1497
f 2957/2959/1498 3028/3030/1498 3029/3031/1498
f 3028/3030/1498 2957/2959/1498 2934/2936/1498
f 3028/3030/1636 3030/3032/1636 3031/3033/1636
f 3030/3032/1636 3028/3030/1636 2963/2965/1636
f 2963/2965/1637 3032/3034/1637 3030/3032/1637
f 3032/3034/1637 2963/2965/1637 2962/2964/1637
f 2962/2964/1638 3033/3035/1638 3032/3034/1638
f 3033/3035/1638 2962/2964/1638 2969/2971/1639
f 2969/2971/1640 3034/3036/1640 3033/3035/1640
f 3034/3036/1640 2969/2971/1640 2968/2970/1640
f 2968/2970/1641 3035/3037/1642 3034/3036/1641
f 3035/3037/1642 2968/2970/1641 2975/2977/1642
f 2975/2977/1643 3036/3038/1643 3035/3037/1643
f 3036/3038/1643 2975/2977/1643 2974/2976/1643
f 2974/2976/1644 3037/3039/1644 3036/3038/1644
f 3037/3039/1644 2974/2976/1644 2981/2983/1644
f 2981/2983/1645 3038/3040/1645 3037/3039/1645
f 3038/3040/1645 2981/2983/1645 2980/2982/1645
f 2980/2982/1646 3039/3041/1646 3038/3040/1646
f 3039/3041/1646 2980/2982/1646 2987/2989/1646
f 2987/2989/1647 3040/3042/1647 3039/3041/1647
f 3040/3042/1647 2987/2989/1647 2986/2988/1647
f 2986/2988/1648 3041/3043/1648 3040/3042/1649
f 3041/3043/1648 2986/2988/1648 2993/2995/1648
f 2993/2995/1650 3042/3044/1650 3041/3043/1650
f 3042/3044/1650 2993/2995/1650 2992/2994/1650
f 2992/2994/1651 3043/3045/1651 3042/3044/1651
f 3043/3045/1651 2992/2994/1651 2999/3001/1651
f 2999/3001/1652 3044/3046/1652 3043/3045/1652
f 3044/3046/1652 2999/3001/1652 2998/3000/1652
f 2998/3000/1653 3045/3047/1653 3044/3046/1653
f 3045/3047/1653 2998/3000/1653 3005/3007/1654
f 3005/3007/1655 3046/3048/1655 3045/3047/1655
f 3046/3048/1655 3005/3007/1655 3004/3006/1655
f 3004/3006/1656 3047/3049/1657 3046/3048/1656
f 3047/3049/1657 3004/3006/1656 3011/3013/1657
f 3011/3013/1658 3048/3050/1658 3047/3049/1658
f 3048/3050/1658 3011/3013/1658 3010/3012/1658
f 3010/3012/1659 3049/3051/1659 3048/3050/1659
f 3049/3051/1659 3010/3012/1659 3017/3019/1659
f 3017/3019/1660 3050/3052/1661 3049/3051/1660
f 3050/3052/1661 3017/3019/1660 3016/3018/1661
f 3016/3018/1662 3051/3053/1662 3050/3052/1662
f 3051/3053/1662 3016/3018/1662 3023/3025/1663
f 3023/3025/1664 3052/3054/1664 3051/3053/1664
f 3052/3054/1664 3023/3025/1664 3022/3024/1664
f 3022/3024/1665 3053/3055/1665 3052/3054/1665
f 3053/3055/1665 3022/3024/1665 3029/3031/1665
f 3029/3031/1666 3031/3033/1666 3053/3055/1666
f 3031/3033/1666 3029/3031/1666 3028/3030/1666
f 3034/3036/1472 3054/3056/1472 3055/3057/1472
f 3055/3057/1472 3033/3035/1472 3034/3036/1472
f 3056/3058/1472 3033/3035/1472 3055/3057/1472
f 3056/3058/1472 3032/3034/1472 3033/3035/1472
f 3057/3059/1472 3032/3034/1472 3056/3058/1472
f 3057/3059/1472 3030/3032/1472 3032/3034/1472
f 3058/3060/1472 3030/3032/1472 3057/3059/1472
f 3058/3060/1472 3031/3033/1472 3030/3032/1472
f 3059/3061/1472 3031/3033/1472 3058/3060/1472
f 3059/3061/1472 3053/3055/1472 3031/3033/1472
f 3060/3062/1472 3053/3055/1472 3059/3061/1472
f 3060/3062/1472 3052/3054/1472 3053/3055/1472
f 3061/3063/1472 3052/3054/1472 3060/3062/1472
f 3061/3063/1472 3051/3053/1472 3052/3054/1472
f 3062/3064/1472 3051/3053/1472 3061/3063/1472
f 3062/3064/1472 3050/3052/1472 3051/3053/1472
f 3063/3065/1472 3050/3052/1472 3062/3064/1472
f 3063/3065/1472 3049/3051/1472 3050/3052/1472
f 3064/3066/1472 3049/3051/1472 3063/3065/1472
f 3064/3066/1472 3048/3050/1472 3049/3051/1472
f 3065/3067/1472 3048/3050/1472 3064/3066/1472
f 3065/3067/1472 3047/3049/1472 3048/3050/1472
f 3066/3068/1472 3047/3049/1472 3065/3067/1472
f 3066/3068/1472 3046/3048/1472 3047/3049/1472
f 3067/3069/1472 3046/3048/1472 3066/3068/1472
f 3067/3069/1472 3045/3047/1472 3046/3048/1472
f 3068/3070/1472 3045/3047/1472 3067/3069/1472
f 3068/3070/1472 3044/3046/1472 3045/3047/1472
f 3069/3071/1472 3044/3046/1472 3068/3070/1472
f 3069/3071/1472 3043/3045/1472 3044/3046/1472
f 3070/3072/1472 3043/3045/1472 3069/3071/1472
f 3070/3072/1472 3042/3044/1472 3043/3045/1472
f 3071/3073/1472 3042/3044/1472 3070/3072/1472
f 3071/3073/1472 3041/3043/1472 3042/3044/1472
f 3072/3074/1472 3041/3043/1472 3071/3073/1472
f 3072/3074/1472 3040/3042/1472 3041/3043/1472
f 3073/3075/1472 3040/3042/1472 3072/3074/1472
f 3073/3075/1472 3039/3041/1472 3040/3042/1472
f 3074/3076/1472 3039/3041/1472 3073/3075/1472
f 3074/3076/1472 3038/3040/1472 3039/3041/1472
f 3075/3077/1472 3038/3040/1472 3074/3076/1472
f 3075/3077/1472 3037/3039/1472 3038/3040/1472
f 3076/3078/1472 3037/3039/1472 3075/3077/1472
f 3076/3078/1472 3036/3038/1472 3037/3039/1472
f 3077/3079/1472 3036/3038/1472 3076/3078/1472
f 3077/3079/1472 3035/3037/1472 3036/3038/1472
f 3054/3056/1472 3035/3037/1472 3077/3079/1472
f 3034/3036/1472 3035/3037/1472 3054/3056/1472
f 3059/3061/1667 3078/3080/1667 3079/3081/1667
f 3078/3080/1668 3059/3061/1668 3058/3060/1668
f 3058/3060/1669 3080/3082/1669 3078/3080/1669
f 3080/3082/1669 3058/3060/1669 3057/3059/1669
f 3057/3059/1670 3081/3083/1670 3080/3082/1670
f 3081/3083/1670 3057/3059/1670 3056/3058/1670
f 3056/3058/1671 3082/3084/1671 3081/3083/1671
f 3082/3084/1671 3056/3058/1671 3055/3057/1671
f 3055/3057/1672 3083/3085/1672 3082/3084/1672
f 3083/3085/1672 3055/3057/1672 3054/3056/1672
f 3054/3056/1673 3084/3086/1673 3083/3085/1673
f 3084/3086/1673 3054/3056/1673 3077/3079/1673
f 3077/3079/1674 3085/3087/1674 3084/3086/1674
f 3085/3087/1674 3077/3079/1674 3076/3078/1674
f 3076/3078/1675 3086/3088/1675 3085/3087/1675
f 3086/3088/1675 3076/3078/1675 3075/3077/1675
f 3075/3077/1676 3087/3089/1676 3086/3088/1676
f 3087/3089/1676 3075/3077/1676 3074/3076/1676
f 3074/3076/1677 3088/3090/1677 3087/3089/1677
f 3088/3090/1677 3074/3076/1677 3073/3075/1677
f 3073/3075/1678 3089/3091/1678 3088/3090/1678
f 3089/3091/1678 3073/3075/1678 3072/3074/1678
f 3072/3074/1679 3090/3092/1679 3089/3091/1679
f 3090/3092/1679 3072/3074/1679 3071/3073/1679
f 3071/3073/1680 3091/3093/1680 3090/3092/1680
f 3091/3093/1680 3071/3073/1680 3070/3072/1680
f 3070/3072/1681 3092/3094/1681 3091/3093/1681
f 3092/3094/1681 3070/3072/1681 3069/3071/1681
f 3069/3071/1682 3093/3095/1682 3092/3094/1682
f 3093/3095/1682 3069/3071/1682 3068/3070/1682
f 3068/3070/1683 3094/3096/1683 3093/3095/1683
f 3094/3096/1683 3068/3070/1683 3067/3069/1683
f 3067/3069/1684 3095/3097/1684 3094/3096/1684
f 3095/3097/1684 3067/3069/1684 3066/3068/1684
f 3066/3068/1685 3096/3098/1685 3095/3097/1685
f 3096/3098/1685 3066/3068/1685 3065/3067/1685
f 3065/3067/1686 3097/3099/1686 3096/3098/1686
f 3097/3099/1686 3065/3067/1686 3064/3066/1686
f 3064/3066/1687 3098/3100/1687 3097/3099/1687
f 3098/3100/1687 3064/3066/1687 3063/3065/1687
f 3063/3065/1688 3099/3101/1688 3098/3100/1688
f 3099/3101/1688 3063/3065/1688 3062/3064/1688
f 3062/3064/1689 3100/3102/1689 3099/3101/1689
f 3100/3102/1689 3062/3064/1689 3061/3063/1689
f 3061/3063/1690 3101/3103/1690 3100/3102/1690
f 3101/3103/1690 3061/3063/1690 3060/3062/1690
f 3060/3062/1691 3079/3081/1691 3101/3103/1691
f 3079/3081/1691 3060/3062/1691 3059/3061/1691
f 2934/2936/1692 2961/2963/1692 2958/2960/1693
f 2961/2963/1692 2934/2936/1692 2936/2938/1692
f 2936/2938/1561 2959/2961/1561 2961/2963/1561
f 2959/2961/1561 2936/2938/1561 2963/2965/1561
f 2963/2965/1694 2960/2962/1694 2959/2961/1694
f 2960/2962/1694 2963/2965/1694 3028/3030/1694
f 3028/3030/1563 2958/2960/1563 2960/2962/1563
f 2958/2960/1563 3028/3030/1563 2934/2936/1563
f 2935/2937/1569 2967/2969/1568 2964/2966/1569
f 2967/2969/1568 2935/2937/1569 2938/2940/1568
f 2938/2940/1567 2965/2967/1567 2967/2969/1567
f 2965/2967/1567 2938/2940/1567 2969/2971/1567
f 2969/2971/1695 2966/2968/1566 2965/2967/1695
f 2966/2968/1566 2969/2971/1695 2962/2964/1566
f 2962/2964/1570 2964/2966/1570 2966/2968/1570
f 2964/2966/1570 2962/2964/1570 2935/2937/1570
f 2937/2939/1574 2973/2975/1574 2970/2972/1574
f 2973/2975/1574 2937/2939/1574 2940/2942/1574
f 2940/2942/1573 2971/2973/1573 2973/2975/1573
f 2971/2973/1573 2940/2942/1573 2975/2977/1573
f 2975/2977/1571 2972/2974/1696 2971/2973/1572
f 2972/2974/1696 2975/2977/1571 2968/2970/1696
f 2968/2970/1576 2970/2972/1576 2972/2974/1697
f 2970/2972/1576 2968/2970/1576 2937/2939/1576
f 2939/2941/1698 2979/2981/1579 2976/2978/1698
f 2979/2981/1579 2939/2941/1698 2942/2944/1579
f 2942/2944/1578 2977/2979/1578 2979/2981/1578
f 2977/2979/1578 2942/2944/1578 2981/2983/1578
f 2981/2983/1699 2978/2980/1699 2977/2979/1699
f 2978/2980/1699 2981/2983/1699 2974/2976/1699
f 2974/2976/1580 2976/2978/1581 2978/2980/1580
f 2976/2978/1581 2974/2976/1580 2939/2941/1581
f 2941/2943/1585 2985/2987/1585 2982/2984/1700
f 2985/2987/1585 2941/2943/1585 2944/2946/1585
f 2944/2946/1584 2983/2985/1584 2985/2987/1584
f 2983/2985/1584 2944/2946/1584 2987/2989/1584
f 2987/2989/1582 2984/2986/1582 2983/2985/1582
f 2984/2986/1582 2987/2989/1582 2980/2982/1582
f 2980/2982/1588 2982/2984/1588 2984/2986/1588
f 2982/2984/1588 2980/2982/1588 2941/2943/1588
f 2943/2945/1593 2991/2993/1592 2988/2990/1593
f 2991/2993/1592 2943/2945/1593 2946/2948/1701
f 2946/2948/1591 2989/2991/1591 2991/2993/1591
f 2989/2991/1591 2946/2948/1591 2993/2995/1591
f 2993/2995/1589 2990/2992/1702 2989/2991/1590
f 2990/2992/1702 2993/2995/1589 2986/2988/1702
f 2986/2988/1595 2988/2990/1595 2990/2992/1595
f 2988/2990/1595 2986/2988/1595 2943/2945/1595
f 2945/2947/1703 2997/2999/1703 2994/2996/1704
f 2997/2999/1703 2945/2947/1703 2948/2950/1703
f 2948/2950/1597 2995/2997/1597 2997/2999/1597
f 2995/2997/1597 2948/2950/1597 2999/3001/1597
f 2999/3001/1596 2996/2998/1705 2995/2997/1596
f 2996/2998/1705 2999/3001/1596 2992/2994/1705
f 2992/2994/1600 2994/2996/1600 2996/2998/1600
f 2994/2996/1600 2992/2994/1600 2945/2947/1600
f 2947/2949/1605 3003/3005/1706 3000/3002/1605
f 3003/3005/1706 2947/2949/1605 2950/2952/1706
f 2950/2952/1603 3001/3003/1603 3003/3005/1603
f 3001/3003/1603 2950/2952/1603 3005/3007/1603
f 3005/3007/1707 3002/3004/1602 3001/3003/1707
f 3002/3004/1602 3005/3007/1707 2998/3000/1601
f 2998/3000/1606 3000/3002/1606 3002/3004/1606
f 3000/3002/1606 2998/3000/1606 2947/2949/1606
f 2949/2951/1611 3009/3011/1611 3006/3008/1611
f 3009/3011/1611 2949/2951/1611 2952/2954/1611
f 2952/2954/1609 3007/3009/1609 3009/3011/1609
f 3007/3009/1609 2952/2954/1609 3011/3013/1609
f 3011/3013/1607 3008/3010/1608 3007/3009/1607
f 3008/3010/1608 3011/3013/1607 3004/3006/1608
f 3004/3006/1708 3006/3008/1708 3008/3010/1708
f 3006/3008/1708 3004/3006/1708 2949/2951/1708
f 2951/2953/1616 3015/3017/1617 3012/3014/1616
f 3015/3017/1617 2951/2953/1616 2954/2956/1617
f 2954/2956/1615 3013/3015/1615 3015/3017/1615
f 3013/3015/1615 2954/2956/1615 3017/3019/1615
f 3017/3019/1614 3014/3016/1614 3013/3015/1614
f 3014/3016/1614 3017/3019/1614 3010/3012/1614
f 3010/3012/1618 3012/3014/1618 3014/3016/1618
f 3012/3014/1618 3010/3012/1618 2951/2953/1618
f 2953/2955/1709 3021/3023/1709 3018/3020/1709
f 3021/3023/1709 2953/2955/1709 2956/2958/1709
f 2956/2958/1621 3019/3021/1621 3021/3023/1621
f 3019/3021/1621 2956/2958/1621 3023/3025/1621
f 3023/3025/1710 3020/3022/1711 3019/3021/1712
f 3020/3022/1711 3023/3025/1710 3016/3018/1713
f 3016/3018/1624 3018/3020/1624 3020/3022/1624
f 3018/3020/1624 3016/3018/1624 2953/2955/1624
f 2955/2957/1714 3027/3029/1715 3024/3026/1716
f 3027/3029/1715 2955/2957/1714 2957/2959/1715
f 2957/2959/1626 3025/3027/1626 3027/3029/1626
f 3025/3027/1626 2957/2959/1626 3029/3031/1626
f 3029/3031/1717 3026/3028/1717 3025/3027/1717
f 3026/3028/1717 3029/3031/1717 3022/3024/1717
f 3022/3024/1628 3024/3026/1628 3026/3028/1628
f 3024/3026/1628 3022/3024/1628 2955/2957/1628
f 3102/3104/1472 3103/3105/1472 3104/3106/1472
f 3103/3105/1472 3105/3107/1472 3106/3108/1472
f 3105/3107/1472 3107/3109/1472 3108/3110/1472
f 3103/3105/1472 3107/3109/1472 3105/3107/1472
f 3102/3104/1472 3107/3109/1472 3103/3105/1472
f 3109/3111/1472 3107/3109/1472 3102/3104/1472
f 3110/3112/1476 2921/2923/1476 2918/2920/1476
f 2921/2923/1476 3110/3112/1476 3111/3113/1476
f 3112/3114/1479 2918/2920/1479 2933/2935/1479
f 2918/2920/1479 3112/3114/1479 3110/3112/1479
f 3113/3115/1482 2933/2935/1482 2931/2933/1482
f 2933/2935/1482 3113/3115/1482 3112/3114/1482
f 3114/3116/1635 2931/2933/1635 2929/2931/1635
f 2931/2933/1635 3114/3116/1635 3113/3115/1635
f 3115/3117/1488 2929/2931/1488 2927/2929/1488
f 2929/2931/1488 3115/3117/1488 3114/3116/1488
f 3116/3118/1491 2927/2929/1491 2925/2927/1491
f 2927/2929/1491 3116/3118/1491 3115/3117/1491
f 3117/3119/1494 2925/2927/1494 2923/2925/1494
f 2925/2927/1494 3117/3119/1494 3116/3118/1494
f 3111/3113/1629 2923/2925/1629 2921/2923/1629
f 2923/2925/1629 3111/3113/1629 3117/3119/1629
f 3110/3112/1532 3118/3120/1532 3111/3113/1532
f 3118/3120/1532 3110/3112/1532 3119/3121/1532
f 3111/3113/1532 3120/3122/1532 3117/3119/1532
f 3120/3122/1532 3111/3113/1532 3118/3120/1532
f 3117/3119/1532 3121/3123/1532 3116/3118/1532
f 3121/3123/1532 3117/3119/1532 3120/3122/1532
f 3116/3118/1532 3122/3124/1532 3115/3117/1532
f 3122/3124/1532 3116/3118/1532 3121/3123/1532
f 3115/3117/1532 3123/3125/1532 3114/3116/1532
f 3123/3125/1532 3115/3117/1532 3122/3124/1532
f 3114/3116/1532 3124/3126/1532 3113/3115/1532
f 3124/3126/1532 3114/3116/1532 3123/3125/1532
f 3113/3115/1532 3125/3127/1532 3112/3114/1532
f 3125/3127/1532 3113/3115/1532 3124/3126/1532
f 3112/3114/1532 3119/3121/1532 3110/3112/1532
f 3119/3121/1532 3112/3114/1532 3125/3127/1532
f 3119/3121/1476 3107/3109/1476 3118/3120/1476
f 3107/3109/1476 3119/3121/1476 3108/3110/1476
f 3118/3120/1629 3109/3111/1629 3120/3122/1629
f 3109/3111/1629 3118/3120/1629 3107/3109/1629
f 3120/3122/1494 3102/3104/1494 3121/3123/1494
f 3102/3104/1494 3120/3122/1494 3109/3111/1494
f 3121/3123/1491 3104/3106/1491 3122/3124/1630
f 3104/3106/1491 3121/3123/1491 3102/3104/1491
f 3122/3124/1488 3103/3105/1488 3123/3125/1488
f 3103/3105/1488 3122/3124/1488 3104/3106/1488
f 3123/3125/1635 3106/3108/1485 3124/3126/1485
f 3106/3108/1485 3123/3125/1635 3103/3105/1635
f 3124/3126/1482 3105/3107/1482 3125/3127/1482
f 3105/3107/1482 3124/3126/1482 3106/3108/1482
f 3125/3127/1479 3108/3110/1479 3119/3121/1632
f 3108/3110/1479 3125/3127/1479 3105/3107/1479
f 3126/3128/1472 3127/3129/1472 3128/3130/1474
f 3127/3129/1472 3129/3131/1472 3130/3132/1473
f 3129/3131/1472 3131/3133/1472 3132/3134/1472
f 3127/3129/1472 3131/3133/1472 3129/3131/1472
f 3131/3133/1472 3133/3135/1472 3134/3136/1472
f 3133/3135/1472 3135/3137/1472 3136/3138/1472
f 3131/3133/1472 3135/3137/1472 3133/3135/1472
f 3135/3137/1472 3137/3139/1472 3138/3140/1472
f 3137/3139/1472 3139/3141/1472 3140/3142/1472
f 3135/3137/1472 3139/3141/1472 3137/3139/1472
f 3131/3133/1472 3139/3141/1472 3135/3137/1472
f 3139/3141/1472 3141/3143/1472 3142/3144/1474
f 3141/3143/1472 3143/3145/1472 3144/3146/1472
f 3139/3141/1472 3143/3145/1472 3141/3143/1472
f 3143/3145/1472 3145/3147/1472 3146/3148/1472
f 3145/3147/1472 3147/3149/1472 3148/3150/1472
f 3143/3145/1472 3147/3149/1472 3145/3147/1472
f 3139/3141/1472 3147/3149/1472 3143/3145/1472
f 3131/3133/1472 3147/3149/1472 3139/3141/1472
f 3127/3129/1472 3147/3149/1472 3131/3133/1472
f 3126/3128/1472 3147/3149/1472 3127/3129/1472
f 3149/3151/1472 3147/3149/1472 3126/3128/1472
f 3150/3152/1475 3151/3153/1475 3152/3154/1475
f 3151/3153/1475 3150/3152/1475 3153/3155/1475
f 3148/3150/1476 3154/3156/1476 3145/3147/1476
f 3154/3156/1476 3148/3150/1476 3155/3157/1476
f 3156/3158/1477 3157/3159/1477 3158/3160/1477
f 3157/3159/1477 3156/3158/1477 3159/3161/1477
f 3146/3148/1478 3160/3162/1478 3143/3145/1478
f 3160/3162/1478 3146/3148/1478 3161/3163/1478
f 3162/3164/1479 3163/3165/1632 3164/3166/1479
f 3163/3165/1632 3162/3164/1479 3165/3167/1632
f 3144/3146/1480 3166/3168/1480 3141/3143/1480
f 3166/3168/1480 3144/3146/1480 3167/3169/1480
f 3168/3170/1481 3169/3171/1481 3170/3172/1481
f 3169/3171/1481 3168/3170/1481 3171/3173/1481
f 3142/3174/1482 3172/3175/1482 3139/3176/1482
f 3172/3175/1482 3142/3174/1482 3173/3177/1482
f 3174/3178/1483 3175/3179/1483 3176/3180/1483
f 3175/3179/1483 3174/3178/1483 3177/3181/1483
f 3140/3182/1484 3178/3183/1484 3137/3184/1484
f 3178/3183/1484 3140/3182/1484 3179/3185/1484
f 3180/3186/1635 3181/3187/1635 3182/3188/1635
f 3181/3187/1635 3180/3186/1635 3183/3189/1635
f 3138/3140/1486 3184/3190/1486 3135/3137/1486
f 3184/3190/1486 3138/3140/1486 3185/3191/1486
f 3186/3192/1487 3187/3193/1487 3188/3194/1487
f 3187/3193/1487 3186/3192/1487 3189/3195/1487
f 3136/3138/1488 3190/3196/1488 3133/3135/1488
f 3190/3196/1488 3136/3138/1488 3191/3197/1488
f 3192/3198/1489 3193/3199/1489 3194/3200/1489
f 3193/3199/1489 3192/3198/1489 3195/3201/1489
f 3134/3136/1490 3196/3202/1490 3131/3133/1490
f 3196/3202/1490 3134/3136/1490 3197/3203/1490
f 3198/3204/1491 3199/3205/1491 3200/3206/1630
f 3199/3205/1491 3198/3204/1491 3201/3207/1491
f 3132/3134/1492 3202/3208/1492 3129/3131/1492
f 3202/3208/1492 3132/3134/1492 3203/3209/1492
f 3204/3210/1493 3205/3211/1493 3206/3212/1493
f 3205/3211/1493 3204/3210/1493 3207/3213/1493
f 3130/3132/1494 3208/3214/1494 3127/3129/1494
f 3208/3214/1494 3130/3132/1494 3209/3215/1494
f 3210/3216/1495 3211/3217/1495 3212/3218/1495
f 3211/3217/1495 3210/3216/1495 3213/3219/1495
f 3128/3130/1496 3214/3220/1496 3126/3128/1496
f 3214/3220/1496 3128/3130/1496 3215/3221/1496
f 3216/3222/1629 3217/3223/1629 3218/3224/1497
f 3217/3223/1629 3216/3222/1629 3219/3225/1629
f 3149/3151/1498 3220/3226/1498 3147/3149/1498
f 3220/3226/1498 3149/3151/1498 3221/3227/1498
f 3220/3226/1499 3222/3228/1499 3155/3157/1499
f 3222/3228/1499 3220/3226/1499 3223/3229/1499
f 3155/3157/1500 3224/3230/1500 3154/3156/1500
f 3224/3230/1500 3155/3157/1500 3222/3228/1500
f 3154/3156/1718 3225/3231/1501 3161/3163/1501
f 3225/3231/1501 3154/3156/1718 3224/3230/1718
f 3161/3163/1502 3226/3232/1502 3160/3162/1502
f 3226/3232/1502 3161/3163/1502 3225/3231/1502
f 3160/3162/1504 3227/3233/1504 3167/3169/1504
f 3227/3233/1504 3160/3162/1504 3226/3232/1504
f 3167/3169/1506 3228/3234/1506 3166/3168/1506
f 3228/3234/1506 3167/3169/1506 3227/3233/1506
f 3166/3168/1508 3229/3235/1508 3173/3236/1508
f 3229/3235/1508 3166/3168/1508 3228/3234/1508
f 3173/3236/1509 3230/3237/1509 3172/3238/1509
f 3230/3237/1509 3173/3236/1509 3229/3235/1509
f 3172/3238/1511 3231/3239/1511 3179/3240/1511
f 3231/3239/1511 3172/3238/1511 3230/3237/1719
f 3179/3240/1513 3232/3241/1513 3178/3242/1513
f 3232/3241/1513 3179/3240/1513 3231/3239/1513
f 3178/3242/1514 3233/3243/1514 3185/3191/1514
f 3233/3243/1514 3178/3242/1514 3232/3241/1514
f 3185/3191/1516 3234/3244/1516 3184/3190/1516
f 3234/3244/1516 3185/3191/1516 3233/3243/1516
f 3184/3190/1517 3235/3245/1517 3191/3197/1517
f 3235/3245/1517 3184/3190/1517 3234/3244/1517
f 3191/3197/1518 3236/3246/1518 3190/3196/1518
f 3236/3246/1518 3191/3197/1518 3235/3245/1518
f 3190/3196/1519 3237/3247/1519 3197/3203/1520
f 3237/3247/1519 3190/3196/1519 3236/3246/1519
f 3197/3203/1521 3238/3248/1521 3196/3202/1521
f 3238/3248/1521 3197/3203/1521 3237/3247/1521
f 3196/3202/1522 3239/3249/1720 3203/3209/1720
f 3239/3249/1720 3196/3202/1522 3238/3248/1522
f 3203/3209/1523 3240/3250/1523 3202/3208/1523
f 3240/3250/1523 3203/3209/1523 3239/3249/1523
f 3202/3208/1524 3241/3251/1524 3209/3215/1524
f 3241/3251/1524 3202/3208/1524 3240/3250/1524
f 3209/3215/1525 3242/3252/1525 3208/3214/1525
f 3242/3252/1525 3209/3215/1525 3241/3251/1525
f 3208/3214/1527 3243/3253/1527 3215/3221/1527
f 3243/3253/1527 3208/3214/1527 3242/3252/1527
f 3215/3221/1529 3244/3254/1529 3214/3220/1529
f 3244/3254/1529 3215/3221/1529 3243/3253/1529
f 3214/3220/1530 3245/3255/1721 3221/3227/1721
f 3245/3255/1721 3214/3220/1530 3244/3254/1530
f 3221/3227/1531 3223/3229/1531 3220/3226/1531
f 3223/3229/1531 3221/3227/1531 3245/3255/1531
f 3225/3231/1532 3246/3256/1532 3226/3232/1532
f 3225/3231/1532 3247/3257/1532 3246/3256/1532
f 3224/3230/1532 3247/3257/1532 3225/3231/1532
f 3224/3230/1532 3248/3258/1532 3247/3257/1532
f 3222/3228/1532 3248/3258/1532 3224/3230/1532
f 3222/3228/1532 3249/3259/1532 3248/3258/1532
f 3223/3229/1532 3249/3259/1532 3222/3228/1532
f 3223/3229/1532 3250/3260/1532 3249/3259/1532
f 3245/3255/1532 3250/3260/1532 3223/3229/1532
f 3245/3255/1532 3251/3261/1532 3250/3260/1532
f 3244/3254/1532 3251/3261/1532 3245/3255/1532
f 3244/3254/1532 3252/3262/1532 3251/3261/1532
f 3243/3253/1532 3252/3262/1532 3244/3254/1532
f 3243/3253/1532 3253/3263/1532 3252/3262/1532
f 3242/3252/1532 3253/3263/1532 3243/3253/1532
f 3242/3252/1532 3254/3264/1532 3253/3263/1532
f 3241/3251/1532 3254/3264/1532 3242/3252/1532
f 3241/3251/1532 3255/3265/1532 3254/3264/1532
f 3240/3250/1532 3255/3265/1532 3241/3251/1532
f 3240/3250/1532 3256/3266/1532 3255/3265/1532
f 3239/3249/1532 3256/3266/1532 3240/3250/1532
f 3239/3249/1532 3257/3267/1532 3256/3266/1532
f 3238/3248/1532 3257/3267/1532 3239/3249/1532
f 3238/3248/1532 3258/3268/1532 3257/3267/1532
f 3237/3247/1532 3258/3268/1532 3238/3248/1532
f 3237/3247/1532 3259/3269/1532 3258/3268/1532
f 3236/3246/1532 3259/3269/1532 3237/3247/1532
f 3236/3246/1532 3260/3270/1532 3259/3269/1532
f 3235/3245/1532 3260/3270/1532 3236/3246/1532
f 3235/3245/1532 3261/3271/1532 3260/3270/1532
f 3234/3244/1532 3261/3271/1532 3235/3245/1532
f 3234/3244/1532 3262/3272/1532 3261/3271/1532
f 3233/3243/1532 3262/3272/1532 3234/3244/1532
f 3233/3243/1532 3263/3273/1532 3262/3272/1532
f 3232/3241/1532 3263/3273/1532 3233/3243/1532
f 3232/3241/1532 3264/3274/1532 3263/3273/1532
f 3231/3239/1532 3264/3274/1532 3232/3241/1532
f 3231/3239/1532 3265/3275/1532 3264/3274/1532
f 3230/3237/1532 3265/3275/1532 3231/3239/1532
f 3230/3237/1532 3266/3276/1532 3265/3275/1532
f 3229/3235/1532 3266/3276/1532 3230/3237/1532
f 3229/3235/1532 3267/3277/1532 3266/3276/1532
f 3228/3234/1532 3267/3277/1532 3229/3235/1532
f 3228/3234/1532 3268/3278/1532 3267/3277/1532
f 3227/3233/1532 3268/3278/1532 3228/3234/1532
f 3227/3233/1532 3269/3279/1532 3268/3278/1532
f 3226/3232/1532 3269/3279/1532 3227/3233/1532
f 3226/3232/1532 3246/3256/1532 3269/3279/1532
f 3250/3260/1534 3270/3280/1534 3249/3259/1534
f 3270/3280/1534 3250/3260/1534 3271/3281/1533
f 3249/3259/1535 3272/3282/1535 3248/3258/1535
f 3272/3282/1535 3249/3259/1535 3270/3280/1535
f 3248/3258/1536 3273/3283/1536 3247/3257/1536
f 3273/3283/1536 3248/3258/1536 3272/3282/1536
f 3247/3257/1537 3274/3284/1537 3246/3256/1537
f 3274/3284/1537 3247/3257/1537 3273/3283/1537
f 3246/3256/1538 3275/3285/1538 3269/3279/1538
f 3275/3285/1538 3246/3256/1538 3274/3284/1538
f 3269/3279/1539 3276/3286/1539 3268/3278/1539
f 3276/3286/1539 3269/3279/1539 3275/3285/1539
f 3268/3278/1540 3277/3287/1540 3267/3277/1540
f 3277/3287/1540 3268/3278/1540 3276/3286/1540
f 3267/3277/1541 3278/3288/1541 3266/3276/1541
f 3278/3288/1541 3267/3277/1541 3277/3287/1541
f 3266/3276/1542 3279/3289/1542 3265/3275/1542
f 3279/3289/1542 3266/3276/1542 3278/3288/1542
f 3265/3275/1543 3280/3290/1543 3264/3274/1543
f 3280/3290/1543 3265/3275/1543 3279/3289/1543
f 3264/3274/1544 3281/3291/1544 3263/3273/1544
f 3281/3291/1544 3264/3274/1544 3280/3290/1544
f 3263/3273/1545 3282/3292/1545 3262/3272/1545
f 3282/3292/1545 3263/3273/1545 3281/3291/1545
f 3262/3272/1547 3283/3293/1547 3261/3271/1547
f 3283/3293/1547 3262/3272/1547 3282/3292/1547
f 3261/3271/1548 3284/3294/1548 3260/3270/1548
f 3284/3294/1548 3261/3271/1548 3283/3293/1548
f 3260/3270/1549 3285/3295/1549 3259/3269/1549
f 3285/3295/1549 3260/3270/1549 3284/3294/1549
f 3259/3269/1550 3286/3296/1550 3258/3268/1550
f 3286/3296/1550 3259/3269/1550 3285/3295/1550
f 3258/3268/1551 3287/3297/1551 3257/3267/1551
f 3287/3297/1551 3258/3268/1551 3286/3296/1551
f 3257/3267/1552 3288/3298/1552 3256/3266/1552
f 3288/3298/1552 3257/3267/1552 3287/3297/1552
f 3256/3266/1553 3289/3299/1553 3255/3265/1553
f 3289/3299/1553 3256/3266/1553 3288/3298/1553
f 3255/3265/1554 3290/3300/1554 3254/3264/1554
f 3290/3300/1554 3255/3265/1554 3289/3299/1554
f 3254/3264/1555 3291/3301/1555 3253/3263/1555
f 3291/3301/1555 3254/3264/1555 3290/3300/1555
f 3253/3263/1556 3292/3302/1556 3252/3262/1556
f 3292/3302/1556 3253/3263/1556 3291/3301/1556
f 3252/3262/1557 3293/3303/1557 3251/3261/1557
f 3293/3303/1557 3252/3262/1557 3292/3302/1557
f 3251/3261/1558 3271/3281/1558 3250/3260/1558
f 3271/3281/1558 3251/3261/1558 3293/3303/1558
f 3147/3149/1560 3152/3154/1559 3148/3150/1559
f 3152/3154/1559 3147/3149/1560 3150/3152/1694
f 3148/3150/1561 3151/3153/1561 3155/3157/1561
f 3151/3153/1561 3148/3150/1561 3152/3154/1561
f 3155/3157/1722 3153/3155/1722 3220/3226/1722
f 3153/3155/1722 3155/3157/1722 3151/3153/1692
f 3220/3226/1563 3150/3152/1563 3147/3149/1563
f 3150/3152/1563 3220/3226/1563 3153/3155/1563
f 3145/3147/1695 3158/3160/1695 3146/3148/1695
f 3158/3160/1695 3145/3147/1695 3156/3158/1566
f 3146/3148/1567 3157/3159/1567 3161/3163/1567
f 3157/3159/1567 3146/3148/1567 3158/3160/1567
f 3161/3163/1723 3159/3161/1568 3154/3156/1568
f 3159/3161/1568 3161/3163/1723 3157/3159/1723
f 3154/3156/1570 3156/3158/1570 3145/3147/1570
f 3156/3158/1570 3154/3156/1570 3159/3161/1570
f 3143/3145/1572 3164/3166/1572 3144/3146/1572
f 3164/3166/1572 3143/3145/1572 3162/3164/1571
f 3144/3146/1573 3163/3165/1573 3167/3169/1573
f 3163/3165/1573 3144/3146/1573 3164/3166/1573
f 3167/3169/1574 3165/3167/1574 3160/3162/1574
f 3165/3167/1574 3167/3169/1574 3163/3165/1575
f 3160/3162/1576 3162/3164/1576 3143/3145/1576
f 3162/3164/1576 3160/3162/1576 3165/3167/1576
f 3141/3304/1699 3170/3172/1699 3142/3174/1699
f 3170/3172/1699 3141/3304/1699 3168/3170/1577
f 3142/3174/1578 3169/3171/1578 3173/3177/1578
f 3169/3171/1578 3142/3174/1578 3170/3172/1578
f 3173/3177/1698 3171/3173/1579 3166/3305/1579
f 3171/3173/1579 3173/3177/1698 3169/3171/1698
f 3166/3305/1581 3168/3170/1580 3141/3304/1580
f 3168/3170/1580 3166/3305/1581 3171/3173/1581
f 3139/3176/1582 3176/3180/1724 3140/3182/1724
f 3176/3180/1724 3139/3176/1582 3174/3178/1582
f 3140/3182/1584 3175/3179/1725 3179/3185/1725
f 3175/3179/1725 3140/3182/1584 3176/3180/1584
f 3179/3185/1700 3177/3181/1587 3172/3175/1587
f 3177/3181/1587 3179/3185/1700 3175/3179/1700
f 3172/3175/1588 3174/3178/1588 3139/3176/1588
f 3174/3178/1588 3172/3175/1588 3177/3181/1588
f 3137/3184/1590 3182/3188/1590 3138/3140/1590
f 3182/3188/1590 3137/3184/1590 3180/3186/1590
f 3138/3140/1591 3181/3187/1591 3185/3191/1591
f 3181/3187/1591 3138/3140/1591 3182/3188/1591
f 3185/3191/1701 3183/3189/1701 3178/3183/1701
f 3183/3189/1701 3185/3191/1701 3181/3187/1592
f 3178/3183/1595 3180/3186/1595 3137/3184/1595
f 3180/3186/1595 3178/3183/1595 3183/3189/1595
f 3135/3137/1705 3188/3194/1596 3136/3138/1596
f 3188/3194/1596 3135/3137/1705 3186/3192/1705
f 3136/3138/1597 3187/3193/1597 3191/3197/1597
f 3187/3193/1597 3136/3138/1597 3188/3194/1597
f 3191/3197/1703 3189/3195/1703 3184/3190/1703
f 3189/3195/1703 3191/3197/1703 3187/3193/1703
f 3184/3190/1600 3186/3192/1600 3135/3137/1600
f 3186/3192/1600 3184/3190/1600 3189/3195/1600
f 3133/3135/1707 3194/3200/1601 3134/3136/1601
f 3194/3200/1601 3133/3135/1707 3192/3198/1726
f 3134/3136/1603 3193/3199/1603 3197/3203/1603
f 3193/3199/1603 3134/3136/1603 3194/3200/1603
f 3197/3203/1706 3195/3201/1706 3190/3196/1706
f 3195/3201/1706 3197/3203/1706 3193/3199/1706
f 3190/3196/1606 3192/3198/1606 3133/3135/1606
f 3192/3198/1606 3190/3196/1606 3195/3201/1606
f 3131/3133/1607 3200/3206/1608 3132/3134/1608
f 3200/3206/1608 3131/3133/1607 3198/3204/1607
f 3132/3134/1609 3199/3205/1609 3203/3209/1609
f 3199/3205/1609 3132/3134/1609 3200/3206/1609
f 3203/3209/1611 3201/3207/1610 3196/3202/1610
f 3201/3207/1610 3203/3209/1611 3199/3205/1727
f 3196/3202/1613 3198/3204/1613 3131/3133/1613
f 3198/3204/1613 3196/3202/1613 3201/3207/1613
f 3129/3131/1614 3206/3212/1728 3130/3132/1728
f 3206/3212/1728 3129/3131/1614 3204/3210/1614
f 3130/3132/1615 3205/3211/1615 3209/3215/1615
f 3205/3211/1615 3130/3132/1615 3206/3212/1615
f 3209/3215/1729 3207/3213/1617 3202/3208/1617
f 3207/3213/1617 3209/3215/1729 3205/3211/1729
f 3202/3208/1618 3204/3210/1618 3129/3131/1618
f 3204/3210/1618 3202/3208/1618 3207/3213/1618
f 3127/3129/1711 3212/3218/1711 3128/3130/1730
f 3212/3218/1711 3127/3129/1711 3210/3216/1711
f 3128/3130/1731 3211/3217/1731 3215/3221/1731
f 3211/3217/1731 3128/3130/1731 3212/3218/1731
f 3215/3221/1709 3213/3219/1709 3208/3214/1709
f 3213/3219/1709 3215/3221/1709 3211/3217/1622
f 3208/3214/1624 3210/3216/1624 3127/3129/1624
f 3210/3216/1624 3208/3214/1624 3213/3219/1624
f 3126/3128/1625 3218/3224/1625 3149/3151/1717
f 3218/3224/1625 3126/3128/1625 3216/3222/1625
f 3149/3151/1626 3217/3223/1626 3221/3227/1626
f 3217/3223/1626 3149/3151/1626 3218/3224/1626
f 3221/3227/1627 3219/3225/1715 3214/3220/1715
f 3219/3225/1715 3221/3227/1627 3217/3223/1627
f 3214/3220/1628 3216/3222/1628 3126/3128/1628
f 3216/3222/1628 3214/3220/1628 3219/3225/1628
f 3294/3306/1532 3295/3307/1532 3296/3308/1532
f 3295/3307/1532 3297/3309/1532 3298/3310/1532
f 3294/3306/1532 3297/3309/1532 3295/3307/1532
f 3297/3309/1532 3299/3311/1532 3300/3312/1532
f 3294/3306/1532 3299/3311/1532 3297/3309/1532
f 3301/3313/1532 3299/3311/1532 3294/3306/1532
f 3302/3314/1476 3303/3315/1476 3304/3316/1476
f 3303/3315/1476 3302/3314/1476 3305/3317/1476
f 3304/3316/1479 3306/3318/1632 3307/3319/1479
f 3306/3318/1632 3304/3316/1479 3303/3315/1632
f 3307/3319/1482 3308/3320/1482 3309/3321/1482
f 3308/3320/1482 3307/3319/1482 3306/3318/1482
f 3309/3321/1635 3310/3322/1485 3311/3323/1635
f 3310/3322/1485 3309/3321/1635 3308/3320/1485
f 3311/3323/1488 3312/3324/1488 3313/3325/1488
f 3312/3324/1488 3311/3323/1488 3310/3322/1488
f 3313/3325/1491 3314/3326/1491 3315/3327/1491
f 3314/3326/1491 3313/3325/1491 3312/3324/1491
f 3315/3327/1494 3316/3328/1494 3317/3329/1494
f 3316/3328/1494 3315/3327/1494 3314/3326/1494
f 3317/3329/1629 3305/3317/1497 3302/3314/1629
f 3305/3317/1497 3317/3329/1629 3316/3328/1497
f 3303/3315/1473 3318/3330/1472 3319/3331/1472
f 3318/3330/1472 3303/3315/1473 3305/3317/1472
f 3305/3317/1472 3320/3332/1472 3318/3330/1472
f 3320/3332/1472 3305/3317/1472 3316/3328/1472
f 3316/3328/1472 3321/3333/1472 3320/3332/1472
f 3321/3333/1472 3316/3328/1472 3314/3326/1472
f 3314/3326/1472 3322/3334/1472 3321/3333/1472
f 3322/3334/1472 3314/3326/1472 3312/3324/1472
f 3312/3324/1472 3323/3335/1472 3322/3334/1472
f 3323/3335/1472 3312/3324/1472 3310/3322/1472
f 3310/3322/1472 3324/3336/1472 3323/3335/1472
f 3324/3336/1472 3310/3322/1472 3308/3320/1472
f 3308/3320/1472 3325/3337/1474 3324/3336/1472
f 3325/3337/1474 3308/3320/1472 3306/3318/1474
f 3306/3318/1474 3319/3331/1472 3325/3337/1474
f 3319/3331/1472 3306/3318/1474 3303/3315/1473
f 3319/3331/1476 3294/3306/1476 3296/3308/1476
f 3294/3306/1476 3319/3331/1476 3318/3330/1476
f 3318/3330/1629 3301/3313/1629 3294/3306/1629
f 3301/3313/1629 3318/3330/1629 3320/3332/1629
f 3320/3332/1494 3299/3311/1494 3301/3313/1494
f 3299/3311/1494 3320/3332/1494 3321/3333/1494
f 3321/3333/1630 3300/3312/1630 3299/3311/1630
f 3300/3312/1630 3321/3333/1630 3322/3334/1630
f 3322/3334/1488 3297/3309/1488 3300/3312/1488
f 3297/3309/1488 3322/3334/1488 3323/3335/1488
f 3323/3335/1485 3298/3310/1485 3297/3309/1485
f 3298/3310/1485 3323/3335/1485 3324/3336/1485
f 3324/3336/1482 3295/3307/1482 3298/3310/1482
f 3295/3307/1482 3324/3336/1482 3325/3337/1482
f 3325/3337/1632 3296/3308/1632 3295/3307/1632
f 3296/3308/1632 3325/3337/1632 3319/3331/1632
f 3326/3338/1532 3327/3339/1532 3328/3340/1532
f 3327/3339/1532 3329/3341/1532 3330/3342/1633
f 3326/3338/1532 3329/3341/1532 3327/3339/1532
f 3329/3341/1532 3331/3343/1532 3332/3344/1634
f 3331/3343/1532 3333/3345/1532 3334/3346/1633
f 3329/3341/1532 3333/3345/1532 3331/3343/1532
f 3326/3338/1532 3333/3345/1532 3329/3341/1532
f 3333/3345/1532 3335/3347/1532 3336/3348/1633
f 3335/3347/1532 3337/3349/1532 3338/3350/1532
f 3333/3345/1532 3337/3349/1532 3335/3347/1532
f 3337/3349/1532 3339/3351/1532 3340/3352/1532
f 3339/3351/1532 3341/3353/1532 3342/3354/1634
f 3337/3349/1532 3341/3353/1532 3339/3351/1532
f 3333/3345/1532 3341/3353/1532 3337/3349/1532
f 3326/3338/1532 3341/3353/1532 3333/3345/1532
f 3341/3353/1532 3343/3355/1532 3344/3356/1633
f 3343/3355/1532 3345/3357/1532 3346/3358/1732
f 3341/3353/1532 3345/3357/1532 3343/3355/1532
f 3326/3338/1532 3345/3357/1532 3341/3353/1532
f 3345/3357/1532 3347/3359/1532 3348/3360/1532
f 3326/3338/1532 3347/3359/1532 3345/3357/1532
f 3349/3361/1532 3347/3359/1532 3326/3338/1532
f 3350/3362/1475 3351/3363/1475 3352/3364/1475
f 3351/3363/1475 3350/3362/1475 3353/3365/1475
f 3328/3340/1476 3354/3366/1476 3355/3367/1476
f 3354/3366/1476 3328/3340/1476 3327/3339/1476
f 3356/3368/1477 3357/3369/1477 3358/3370/1477
f 3357/3369/1477 3356/3368/1477 3359/3371/1477
f 3330/3342/1478 3360/3372/1478 3361/3373/1478
f 3360/3372/1478 3330/3342/1478 3329/3341/1478
f 3362/3374/1479 3363/3375/1479 3364/3376/1479
f 3363/3375/1479 3362/3374/1479 3365/3377/1479
f 3332/3344/1480 3366/3378/1480 3367/3379/1480
f 3366/3378/1480 3332/3344/1480 3331/3343/1480
f 3368/3380/1481 3369/3381/1481 3370/3382/1481
f 3369/3381/1481 3368/3380/1481 3371/3383/1481
f 3334/3346/1482 3372/3384/1482 3373/3385/1482
f 3372/3384/1482 3334/3346/1482 3333/3345/1482
f 3374/3386/1483 3375/3387/1483 3376/3388/1483
f 3375/3387/1483 3374/3386/1483 3377/3389/1483
f 3336/3348/1484 3378/3390/1484 3379/3391/1484
f 3378/3390/1484 3336/3348/1484 3335/3347/1484
f 3380/3392/1635 3381/3393/1635 3382/3394/1635
f 3381/3393/1635 3380/3392/1635 3383/3395/1635
f 3338/3350/1486 3384/3396/1486 3385/3397/1486
f 3384/3396/1486 3338/3350/1486 3337/3349/1486
f 3386/3398/1487 3387/3399/1487 3388/3400/1487
f 3387/3399/1487 3386/3398/1487 3389/3401/1487
f 3340/3352/1488 3390/3402/1488 3391/3403/1488
f 3390/3402/1488 3340/3352/1488 3339/3351/1488
f 3392/3404/1489 3393/3405/1489 3394/3406/1489
f 3393/3405/1489 3392/3404/1489 3395/3407/1489
f 3342/3354/1490 3396/3408/1490 3397/3409/1490
f 3396/3408/1490 3342/3354/1490 3341/3353/1490
f 3398/3410/1630 3399/3411/1491 3400/3412/1491
f 3399/3411/1491 3398/3410/1630 3401/3413/1630
f 3344/3356/1492 3402/3414/1492 3403/3415/1492
f 3402/3414/1492 3344/3356/1492 3343/3355/1492
f 3404/3416/1493 3405/3417/1493 3406/3418/1493
f 3405/3417/1493 3404/3416/1493 3407/3419/1493
f 3346/3358/1494 3408/3420/1494 3409/3421/1494
f 3408/3420/1494 3346/3358/1494 3345/3357/1494
f 3410/3422/1495 3411/3423/1495 3412/3424/1495
f 3411/3423/1495 3410/3422/1495 3413/3425/1495
f 3348/3360/1496 3414/3426/1496 3415/3427/1496
f 3414/3426/1496 3348/3360/1496 3347/3359/1496
f 3416/3428/1629 3417/3429/1629 3418/3430/1497
f 3417/3429/1629 3416/3428/1629 3419/3431/1629
f 3349/3361/1498 3420/3432/1498 3421/3433/1498
f 3420/3432/1498 3349/3361/1498 3326/3338/1498
f 3420/3432/1636 3422/3434/1636 3423/3435/1636
f 3422/3434/1636 3420/3432/1636 3355/3367/1636
f 3355/3367/1637 3424/3436/1637 3422/3434/1637
f 3424/3436/1637 3355/3367/1637 3354/3366/1637
f 3354/3366/1638 3425/3437/1638 3424/3436/1638
f 3425/3437/1638 3354/3366/1638 3361/3373/1639
f 3361/3373/1640 3426/3438/1640 3425/3437/1640
f 3426/3438/1640 3361/3373/1640 3360/3372/1640
f 3360/3372/1642 3427/3439/1641 3426/3438/1642
f 3427/3439/1641 3360/3372/1642 3367/3379/1641
f 3367/3379/1643 3428/3440/1643 3427/3439/1643
f 3428/3440/1643 3367/3379/1643 3366/3378/1643
f 3366/3378/1644 3429/3441/1644 3428/3440/1644
f 3429/3441/1644 3366/3378/1644 3373/3385/1644
f 3373/3385/1645 3430/3442/1645 3429/3441/1645
f 3430/3442/1645 3373/3385/1645 3372/3384/1733
f 3372/3384/1646 3431/3443/1646 3430/3442/1646
f 3431/3443/1646 3372/3384/1646 3379/3391/1646
f 3379/3391/1647 3432/3444/1647 3431/3443/1647
f 3432/3444/1647 3379/3391/1647 3378/3390/1647
f 3378/3390/1648 3433/3445/1649 3432/3444/1648
f 3433/3445/1649 3378/3390/1648 3385/3397/1649
f 3385/3397/1650 3434/3446/1650 3433/3445/1650
f 3434/3446/1650 3385/3397/1650 3384/3396/1650
f 3384/3396/1651 3435/3447/1651 3434/3446/1651
f 3435/3447/1651 3384/3396/1651 3391/3403/1651
f 3391/3403/1652 3436/3448/1652 3435/3447/1734
f 3436/3448/1652 3391/3403/1652 3390/3402/1652
f 3390/3402/1653 3437/3449/1653 3436/3448/1653
f 3437/3449/1653 3390/3402/1653 3397/3409/1654
f 3397/3409/1655 3438/3450/1655 3437/3449/1655
f 3438/3450/1655 3397/3409/1655 3396/3408/1655
f 3396/3408/1657 3439/3451/1656 3438/3450/1657
f 3439/3451/1656 3396/3408/1657 3403/3415/1656
f 3403/3415/1658 3440/3452/1658 3439/3451/1658
f 3440/3452/1658 3403/3415/1658 3402/3414/1658
f 3402/3414/1659 3441/3453/1659 3440/3452/1659
f 3441/3453/1659 3402/3414/1659 3409/3421/1659
f 3409/3421/1661 3442/3454/1661 3441/3453/1661
f 3442/3454/1661 3409/3421/1661 3408/3420/1660
f 3408/3420/1662 3443/3455/1662 3442/3454/1662
f 3443/3455/1662 3408/3420/1662 3415/3427/1662
f 3415/3427/1664 3444/3456/1664 3443/3455/1664
f 3444/3456/1664 3415/3427/1664 3414/3426/1664
f 3414/3426/1735 3445/3457/1665 3444/3456/1735
f 3445/3457/1665 3414/3426/1735 3421/3433/1665
f 3421/3433/1666 3423/3435/1666 3445/3457/1666
f 3423/3435/1666 3421/3433/1666 3420/3432/1666
f 3426/3438/1472 3446/3458/1472 3447/3459/1472
f 3447/3459/1472 3425/3437/1472 3426/3438/1472
f 3448/3460/1472 3425/3437/1472 3447/3459/1472
f 3448/3460/1472 3424/3436/1472 3425/3437/1472
f 3449/3461/1472 3424/3436/1472 3448/3460/1472
f 3449/3461/1472 3422/3434/1472 3424/3436/1472
f 3450/3462/1472 3422/3434/1472 3449/3461/1472
f 3450/3462/1472 3423/3435/1472 3422/3434/1472
f 3451/3463/1472 3423/3435/1472 3450/3462/1472
f 3451/3463/1472 3445/3457/1472 3423/3435/1472
f 3452/3464/1472 3445/3457/1472 3451/3463/1472
f 3452/3464/1472 3444/3456/1472 3445/3457/1472
f 3453/3465/1472 3444/3456/1472 3452/3464/1472
f 3453/3465/1472 3443/3455/1472 3444/3456/1472
f 3454/3466/1472 3443/3455/1472 3453/3465/1472
f 3454/3466/1472 3442/3454/1472 3443/3455/1472
f 3455/3467/1472 3442/3454/1472 3454/3466/1472
f 3455/3467/1472 3441/3453/1472 3442/3454/1472
f 3456/3468/1472 3441/3453/1472 3455/3467/1472
f 3456/3468/1472 3440/3452/1472 3441/3453/1472
f 3457/3469/1472 3440/3452/1472 3456/3468/1472
f 3457/3469/1472 3439/3451/1472 3440/3452/1472
f 3458/3470/1472 3439/3451/1472 3457/3469/1472
f 3458/3470/1472 3438/3450/1472 3439/3451/1472
f 3459/3471/1472 3438/3450/1472 3458/3470/1472
f 3459/3471/1472 3437/3449/1472 3438/3450/1472
f 3460/3472/1472 3437/3449/1472 3459/3471/1472
f 3460/3472/1472 3436/3448/1472 3437/3449/1472
f 3461/3473/1472 3436/3448/1472 3460/3472/1472
f 3461/3473/1472 3435/3447/1472 3436/3448/1472
f 3462/3474/1472 3435/3447/1472 3461/3473/1472
f 3462/3474/1472 3434/3446/1472 3435/3447/1472
f 3463/3475/1472 3434/3446/1472 3462/3474/1472
f 3463/3475/1472 3433/3445/1472 3434/3446/1472
f 3464/3476/1472 3433/3445/1472 3463/3475/1472
f 3464/3476/1472 3432/3444/1472 3433/3445/1472
f 3465/3477/1472 3432/3444/1472 3464/3476/1472
f 3465/3477/1472 3431/3443/1472 3432/3444/1472
f 3466/3478/1472 3431/3443/1472 3465/3477/1472
f 3466/3478/1472 3430/3442/1472 3431/3443/1472
f 3467/3479/1472 3430/3442/1472 3466/3478/1472
f 3467/3479/1472 3429/3441/1472 3430/3442/1472
f 3468/3480/1472 3429/3441/1472 3467/3479/1472
f 3468/3480/1472 3428/3440/1472 3429/3441/1472
f 3469/3481/1472 3428/3440/1472 3468/3480/1472
f 3469/3481/1472 3427/3439/1472 3428/3440/1472
f 3446/3458/1472 3427/3439/1472 3469/3481/1472
f 3426/3438/1472 3427/3439/1472 3446/3458/1472
f 3451/3463/1667 3470/3482/1667 3471/3483/1667
f 3470/3482/1667 3451/3463/1667 3450/3462/1667
f 3450/3462/1669 3472/3484/1669 3470/3482/1669
f 3472/3484/1669 3450/3462/1669 3449/3461/1669
f 3449/3461/1670 3473/3485/1670 3472/3484/1670
f 3473/3485/1670 3449/3461/1670 3448/3460/1670
f 3448/3460/1736 3474/3486/1736 3473/3485/1736
f 3474/3486/1671 3448/3460/1671 3447/3459/1671
f 3447/3459/1672 3475/3487/1672 3474/3486/1672
f 3475/3487/1672 3447/3459/1672 3446/3458/1672
f 3446/3458/1673 3476/3488/1673 3475/3487/1673
f 3476/3488/1673 3446/3458/1673 3469/3481/1673
f 3469/3481/1674 3477/3489/1674 3476/3488/1674
f 3477/3489/1674 3469/3481/1674 3468/3480/1674
f 3468/3480/1675 3478/3490/1675 3477/3489/1675
f 3478/3490/1675 3468/3480/1675 3467/3479/1675
f 3467/3479/1676 3479/3491/1676 3478/3490/1676
f 3479/3491/1676 3467/3479/1676 3466/3478/1676
f 3466/3478/1677 3480/3492/1677 3479/3491/1677
f 3480/3492/1677 3466/3478/1677 3465/3477/1677
f 3465/3477/1678 3481/3493/1678 3480/3492/1678
f 3481/3493/1678 3465/3477/1678 3464/3476/1678
f 3464/3476/1679 3482/3494/1679 3481/3493/1679
f 3482/3494/1679 3464/3476/1679 3463/3475/1679
f 3463/3475/1680 3483/3495/1680 3482/3494/1680
f 3483/3495/1680 3463/3475/1680 3462/3474/1680
f 3462/3474/1681 3484/3496/1681 3483/3495/1681
f 3484/3496/1681 3462/3474/1681 3461/3473/1681
f 3461/3473/1682 3485/3497/1682 3484/3496/1682
f 3485/3497/1682 3461/3473/1682 3460/3472/1682
f 3460/3472/1737 3486/3498/1737 3485/3497/1737
f 3486/3498/1683 3460/3472/1683 3459/3471/1683
f 3459/3471/1684 3487/3499/1684 3486/3498/1684
f 3487/3499/1684 3459/3471/1684 3458/3470/1684
f 3458/3470/1685 3488/3500/1685 3487/3499/1685
f 3488/3500/1685 3458/3470/1685 3457/3469/1685
f 3457/3469/1686 3489/3501/1686 3488/3500/1686
f 3489/3501/1686 3457/3469/1686 3456/3468/1686
f 3456/3468/1687 3490/3502/1687 3489/3501/1687
f 3490/3502/1687 3456/3468/1687 3455/3467/1687
f 3455/3467/1688 3491/3503/1688 3490/3502/1688
f 3491/3503/1688 3455/3467/1688 3454/3466/1688
f 3454/3466/1689 3492/3504/1689 3491/3503/1689
f 3492/3504/1689 3454/3466/1689 3453/3465/1689
f 3453/3465/1690 3493/3505/1690 3492/3504/1690
f 3493/3505/1690 3453/3465/1690 3452/3464/1690
f 3452/3464/1691 3471/3483/1691 3493/3505/1691
f 3471/3483/1691 3452/3464/1691 3451/3463/1691
f 3326/3338/1692 3353/3365/1692 3350/3362/1692
f 3353/3365/1692 3326/3338/1692 3328/3340/1692
f 3328/3340/1561 3351/3363/1561 3353/3365/1561
f 3351/3363/1561 3328/3340/1561 3355/3367/1561
f 3355/3367/1694 3352/3364/1694 3351/3363/1694
f 3352/3364/1694 3355/3367/1694 3420/3432/1694
f 3420/3432/1738 3350/3362/1563 3352/3364/1738
f 3350/3362/1563 3420/3432/1738 3326/3338/1563
f 3327/3339/1723 3359/3371/1569 3356/3368/1723
f 3359/3371/1569 3327/3339/1723 3330/3342/1569
f 3330/3342/1567 3357/3369/1567 3359/3371/1567
f 3357/3369/1567 3330/3342/1567 3361/3373/1567
f 3361/3373/1695 3358/3370/1564 3357/3369/1566
f 3358/3370/1564 3361/3373/1695 3354/3366/1564
f 3354/3366/1570 3356/3368/1570 3358/3370/1570
f 3356/3368/1570 3354/3366/1570 3327/3339/1570
f 3329/3341/1574 3365/3377/1574 3362/3374/1574
f 3365/3377/1574 3329/3341/1574 3332/3344/1574
f 3332/3344/1573 3363/3375/1573 3365/3377/1573
f 3363/3375/1573 3332/3344/1573 3367/3379/1573
f 3367/3379/1571 3364/3376/1571 3363/3375/1571
f 3364/3376/1571 3367/3379/1571 3360/3372/1572
f 3360/3372/1576 3362/3374/1576 3364/3376/1576
f 3362/3374/1576 3360/3372/1576 3329/3341/1576
f 3331/3343/1579 3371/3383/1739 3368/3380/1579
f 3371/3383/1739 3331/3343/1579 3334/3346/1739
f 3334/3346/1578 3369/3381/1578 3371/3383/1578
f 3369/3381/1578 3334/3346/1578 3373/3385/1578
f 3373/3385/1699 3370/3382/1740 3369/3381/1699
f 3370/3382/1740 3373/3385/1699 3366/3378/1740
f 3366/3378/1580 3368/3380/1580 3370/3382/1580
f 3368/3380/1580 3366/3378/1580 3331/3343/1580
f 3333/3345/1700 3377/3389/1585 3374/3386/1741
f 3377/3389/1585 3333/3345/1700 3336/3348/1585
f 3336/3348/1584 3375/3387/1584 3377/3389/1725
f 3375/3387/1584 3336/3348/1584 3379/3391/1584
f 3379/3391/1724 3376/3388/1583 3375/3387/1582
f 3376/3388/1583 3379/3391/1724 3372/3384/1583
f 3372/3384/1588 3374/3386/1588 3376/3388/1588
f 3374/3386/1588 3372/3384/1588 3333/3345/1588
f 3335/3347/1701 3383/3395/1701 3380/3392/1701
f 3383/3395/1701 3335/3347/1701 3338/3350/1592
f 3338/3350/1591 3381/3393/1591 3383/3395/1591
f 3381/3393/1591 3338/3350/1591 3385/3397/1591
f 3385/3397/1590 3382/3394/1590 3381/3393/1589
f 3382/3394/1590 3385/3397/1590 3378/3390/1590
f 3378/3390/1594 3380/3392/1595 3382/3394/1594
f 3380/3392/1595 3378/3390/1594 3335/3347/1595
f 3337/3349/1704 3389/3401/1703 3386/3398/1704
f 3389/3401/1703 3337/3349/1704 3340/3352/1703
f 3340/3352/1597 3387/3399/1597 3389/3401/1597
f 3387/3399/1597 3340/3352/1597 3391/3403/1597
f 3391/3403/1596 3388/3400/1596 3387/3399/1596
f 3388/3400/1596 3391/3403/1596 3384/3396/1596
f 3384/3396/1599 3386/3398/1600 3388/3400/1599
f 3386/3398/1600 3384/3396/1599 3337/3349/1600
f 3339/3351/1706 3395/3407/1706 3392/3404/1706
f 3395/3407/1706 3339/3351/1706 3342/3354/1706
f 3342/3354/1603 3393/3405/1603 3395/3407/1603
f 3393/3405/1603 3342/3354/1603 3397/3409/1603
f 3397/3409/1742 3394/3406/1707 3393/3405/1743
f 3394/3406/1707 3397/3409/1742 3390/3402/1707
f 3390/3402/1606 3392/3404/1606 3394/3406/1606
f 3392/3404/1606 3390/3402/1606 3339/3351/1606
f 3341/3353/1610 3401/3413/1610 3398/3410/1610
f 3401/3413/1610 3341/3353/1610 3344/3356/1610
f 3344/3356/1609 3399/3411/1609 3401/3413/1609
f 3399/3411/1609 3344/3356/1609 3403/3415/1609
f 3403/3415/1608 3400/3412/1607 3399/3411/1744
f 3400/3412/1607 3403/3415/1608 3396/3408/1607
f 3396/3408/1708 3398/3410/1708 3400/3412/1708
f 3398/3410/1708 3396/3408/1708 3341/3353/1708
f 3343/3355/1617 3407/3419/1616 3404/3416/1617
f 3407/3419/1616 3343/3355/1617 3346/3358/1616
f 3346/3358/1615 3405/3417/1615 3407/3419/1615
f 3405/3417/1615 3346/3358/1615 3409/3421/1615
f 3409/3421/1614 3406/3418/1728 3405/3417/1614
f 3406/3418/1728 3409/3421/1614 3402/3414/1728
f 3402/3414/1618 3404/3416/1618 3406/3418/1618
f 3404/3416/1618 3402/3414/1618 3343/3355/1618
f 3345/3357/1709 3413/3425/1622 3410/3422/1709
f 3413/3425/1622 3345/3357/1709 3348/3360/1622
f 3348/3360/1621 3411/3423/1621 3413/3425/1621
f 3411/3423/1621 3348/3360/1621 3415/3427/1621
f 3415/3427/1711 3412/3424/1712 3411/3423/1711
f 3412/3424/1712 3415/3427/1711 3408/3420/1712
f 3408/3420/1624 3410/3422/1624 3412/3424/1624
f 3410/3422/1624 3408/3420/1624 3345/3357/1624
f 3347/3359/1627 3419/3431/1627 3416/3428/1715
f 3419/3431/1627 3347/3359/1627 3349/3361/1627
f 3349/3361/1626 3417/3429/1626 3419/3431/1626
f 3417/3429/1626 3349/3361/1626 3421/3433/1626
f 3421/3433/1717 3418/3430/1625 3417/3429/1717
f 3418/3430/1625 3421/3433/1717 3414/3426/1625
f 3414/3426/1628 3416/3428/1628 3418/3430/1628
f 3416/3428/1628 3414/3426/1628 3347/3359/1628
f 3494/3506/1472 3495/3507/1472 3496/3508/1472
f 3495/3507/1472 3497/3509/1472 3498/3510/1472
f 3497/3509/1472 3499/3511/1472 3500/3512/1472
f 3495/3507/1472 3499/3511/1472 3497/3509/1472
f 3494/3506/1472 3499/3511/1472 3495/3507/1472
f 3501/3513/1472 3499/3511/1472 3494/3506/1472
f 3304/3316/1532 3502/3514/1532 3302/3314/1532
f 3502/3514/1532 3304/3316/1532 3503/3515/1532
f 3302/3314/1532 3504/3516/1532 3317/3329/1532
f 3504/3516/1532 3302/3314/1532 3502/3514/1532
f 3317/3329/1532 3505/3517/1532 3315/3327/1532
f 3505/3517/1532 3317/3329/1532 3504/3516/1532
f 3315/3327/1532 3506/3518/1532 3313/3325/1532
f 3506/3518/1532 3315/3327/1532 3505/3517/1532
f 3313/3325/1532 3507/3519/1532 3311/3323/1532
f 3507/3519/1532 3313/3325/1532 3506/3518/1532
f 3311/3323/1532 3508/3520/1634 3309/3321/1634
f 3508/3520/1634 3311/3323/1532 3507/3519/1532
f 3309/3321/1634 3509/3521/1532 3307/3319/1532
f 3509/3521/1532 3309/3321/1634 3508/3520/1634
f 3307/3319/1532 3503/3515/1532 3304/3316/1532
f 3503/3515/1532 3307/3319/1532 3509/3521/1532
f 3503/3515/1476 3499/3511/1476 3502/3514/1476
f 3499/3511/1476 3503/3515/1476 3500/3512/1476
f 3502/3514/1497 3501/3513/1629 3504/3516/1629
f 3501/3513/1629 3502/3514/1497 3499/3511/1497
f 3504/3516/1494 3494/3506/1494 3505/3517/1494
f 3494/3506/1494 3504/3516/1494 3501/3513/1494
f 3505/3517/1491 3496/3508/1491 3506/3518/1491
f 3496/3508/1491 3505/3517/1491 3494/3506/1630
f 3506/3518/1488 3495/3507/1488 3507/3519/1488
f 3495/3507/1488 3506/3518/1488 3496/3508/1488
f 3507/3519/1635 3498/3510/1635 3508/3520/1635
f 3498/3510/1635 3507/3519/1635 3495/3507/1635
f 3508/3520/1482 3497/3509/1745 3509/3521/1745
f 3497/3509/1745 3508/3520/1482 3498/3510/1482
f 3509/3521/1479 3500/3512/1479 3503/3515/1632
f 3500/3512/1479 3509/3521/1479 3497/3509/1479
f 3510/3522/1472 3511/3523/1472 3512/3524/1474
f 3511/3523/1472 3513/3525/1472 3514/3526/1472
f 3513/3525/1472 3515/3527/1472 3516/3528/1472
f 3511/3523/1472 3515/3527/1472 3513/3525/1472
f 3515/3527/1472 3517/3529/1472 3518/3530/1474
f 3517/3529/1472 3519/3531/1472 3520/3532/1472
f 3515/3527/1472 3519/3531/1472 3517/3529/1472
f 3519/3531/1472 3521/3533/1472 3522/3534/1472
f 3521/3533/1472 3523/3535/1472 3524/3536/1473
f 3519/3531/1472 3523/3535/1472 3521/3533/1472
f 3515/3527/1472 3523/3535/1472 3519/3531/1472
f 3523/3535/1472 3525/3537/1472 3526/3538/1473
f 3525/3537/1472 3527/3539/1472 3528/3540/1472
f 3523/3535/1472 3527/3539/1472 3525/3537/1472
f 3527/3539/1472 3529/3541/1472 3530/3542/1473
f 3529/3541/1472 3531/3543/1472 3532/3544/1472
f 3527/3539/1472 3531/3543/1472 3529/3541/1472
f 3523/3535/1472 3531/3543/1472 3527/3539/1472
f 3515/3527/1472 3531/3543/1472 3523/3535/1472
f 3511/3523/1472 3531/3543/1472 3515/3527/1472
f 3510/3522/1472 3531/3543/1472 3511/3523/1472
f 3533/3545/1472 3531/3543/1472 3510/3522/1472
f 3534/3546/1475 3535/3547/1475 3536/3548/1475
f 3535/3547/1475 3534/3546/1475 3537/3549/1475
f 3532/3544/1476 3538/3550/1476 3529/3541/1476
f 3538/3550/1476 3532/3544/1476 3539/3551/1476
f 3540/3552/1477 3541/3553/1477 3542/3554/1477
f 3541/3553/1477 3540/3552/1477 3543/3555/1477
f 3530/3542/1478 3544/3556/1478 3527/3539/1478
f 3544/3556/1478 3530/3542/1478 3545/3557/1478
f 3546/3558/1479 3547/3559/1632 3548/3560/1479
f 3547/3559/1632 3546/3558/1479 3549/3561/1632
f 3528/3540/1480 3550/3562/1480 3525/3537/1480
f 3550/3562/1480 3528/3540/1480 3551/3563/1480
f 3552/3564/1481 3553/3565/1481 3554/3566/1481
f 3553/3565/1481 3552/3564/1481 3555/3567/1481
f 3526/3538/1482 3556/3568/1482 3523/3535/1482
f 3556/3568/1482 3526/3538/1482 3557/3569/1482
f 3558/3570/1483 3559/3571/1483 3560/3572/1483
f 3559/3571/1483 3558/3570/1483 3561/3573/1483
f 3524/3536/1484 3562/3574/1484 3521/3533/1484
f 3562/3574/1484 3524/3536/1484 3563/3575/1484
f 3564/3576/1485 3565/3577/1485 3566/3578/1485
f 3565/3577/1485 3564/3576/1485 3567/3579/1485
f 3522/3534/1486 3568/3580/1486 3519/3531/1486
f 3568/3580/1486 3522/3534/1486 3569/3581/1486
f 3570/3582/1487 3571/3583/1487 3572/3584/1487
f 3571/3583/1487 3570/3582/1487 3573/3585/1487
f 3520/3532/1488 3574/3586/1488 3517/3529/1488
f 3574/3586/1488 3520/3532/1488 3575/3587/1488
f 3576/3588/1489 3577/3589/1489 3578/3590/1489
f 3577/3589/1489 3576/3588/1489 3579/3591/1489
f 3518/3530/1490 3580/3592/1490 3515/3527/1490
f 3580/3592/1490 3518/3530/1490 3581/3593/1490
f 3582/3594/1630 3583/3595/1491 3584/3596/1630
f 3583/3595/1491 3582/3594/1630 3585/3597/1491
f 3516/3528/1492 3586/3598/1492 3513/3525/1492
f 3586/3598/1492 3516/3528/1492 3587/3599/1492
f 3588/3600/1493 3589/3601/1493 3590/3602/1493
f 3589/3601/1493 3588/3600/1493 3591/3603/1493
f 3514/3526/1494 3592/3604/1494 3511/3523/1494
f 3592/3604/1494 3514/3526/1494 3593/3605/1494
f 3594/3606/1495 3595/3607/1495 3596/3608/1495
f 3595/3607/1495 3594/3606/1495 3597/3609/1495
f 3512/3524/1496 3598/3610/1496 3510/3522/1496
f 3598/3610/1496 3512/3524/1496 3599/3611/1496
f 3600/3612/1497 3601/3613/1629 3602/3614/1497
f 3601/3613/1629 3600/3612/1497 3603/3615/1629
f 3533/3545/1498 3604/3616/1498 3531/3543/1498
f 3604/3616/1498 3533/3545/1498 3605/3617/1498
f 3604/3616/1499 3606/3618/1499 3539/3551/1499
f 3606/3618/1499 3604/3616/1499 3607/3619/1499
f 3539/3551/1500 3608/3620/1500 3538/3550/1500
f 3608/3620/1500 3539/3551/1500 3606/3618/1500
f 3538/3550/1718 3609/3621/1501 3545/3557/1501
f 3609/3621/1501 3538/3550/1718 3608/3620/1718
f 3545/3557/1502 3610/3622/1502 3544/3556/1502
f 3610/3622/1502 3545/3557/1502 3609/3621/1502
f 3544/3556/1504 3611/3623/1504 3551/3563/1504
f 3611/3623/1504 3544/3556/1504 3610/3622/1504
f 3551/3563/1506 3612/3624/1506 3550/3562/1506
f 3612/3624/1506 3551/3563/1506 3611/3623/1506
f 3550/3562/1508 3613/3625/1508 3557/3569/1508
f 3613/3625/1508 3550/3562/1508 3612/3624/1508
f 3557/3569/1509 3614/3626/1510 3556/3568/1510
f 3614/3626/1510 3557/3569/1509 3613/3625/1509
f 3556/3568/1719 3615/3627/1719 3563/3575/1719
f 3615/3627/1719 3556/3568/1719 3614/3626/1719
f 3563/3575/1513 3616/3628/1513 3562/3574/1513
f 3616/3628/1513 3563/3575/1513 3615/3627/1513
f 3562/3574/1514 3617/3629/1514 3569/3581/1514
f 3617/3629/1514 3562/3574/1514 3616/3628/1514
f 3569/3581/1516 3618/3630/1516 3568/3580/1516
f 3618/3630/1516 3569/3581/1516 3617/3629/1516
f 3568/3580/1517 3619/3631/1517 3575/3587/1517
f 3619/3631/1517 3568/3580/1517 3618/3630/1517
f 3575/3587/1518 3620/3632/1518 3574/3586/1518
f 3620/3632/1518 3575/3587/1518 3619/3631/1746
f 3574/3586/1520 3621/3633/1519 3581/3593/1519
f 3621/3633/1519 3574/3586/1520 3620/3632/1520
f 3581/3593/1521 3622/3634/1521 3580/3592/1521
f 3622/3634/1521 3581/3593/1521 3621/3633/1521
f 3580/3592/1522 3623/3635/1720 3587/3599/1720
f 3623/3635/1720 3580/3592/1522 3622/3634/1522
f 3587/3599/1523 3624/3636/1523 3586/3598/1523
f 3624/3636/1523 3587/3599/1523 3623/3635/1523
f 3586/3598/1524 3625/3637/1524 3593/3605/1524
f 3625/3637/1524 3586/3598/1524 3624/3636/1524
f 3593/3605/1525 3626/3638/1525 3592/3604/1525
f 3626/3638/1525 3593/3605/1525 3625/3637/1747
f 3592/3604/1527 3627/3639/1527 3599/3611/1748
f 3627/3639/1527 3592/3604/1527 3626/3638/1527
f 3599/3611/1529 3628/3640/1529 3598/3610/1529
f 3628/3640/1529 3599/3611/1529 3627/3639/1749
f 3598/3610/1721 3629/3641/1721 3605/3617/1721
f 3629/3641/1721 3598/3610/1721 3628/3640/1530
f 3605/3617/1531 3607/3619/1531 3604/3616/1531
f 3607/3619/1531 3605/3617/1531 3629/3641/1531
f 3609/3621/1532 3630/3642/1532 3610/3622/1532
f 3609/3621/1532 3631/3643/1532 3630/3642/1532
f 3608/3620/1532 3631/3643/1532 3609/3621/1532
f 3608/3620/1532 3632/3644/1532 3631/3643/1532
f 3606/3618/1532 3632/3644/1532 3608/3620/1532
f 3606/3618/1532 3633/3645/1532 3632/3644/1532
f 3607/3619/1532 3633/3645/1532 3606/3618/1532
f 3607/3619/1532 3634/3646/1532 3633/3645/1532
f 3629/3641/1532 3634/3646/1532 3607/3619/1532
f 3629/3641/1532 3635/3647/1532 3634/3646/1532
f 3628/3640/1532 3635/3647/1532 3629/3641/1532
f 3628/3640/1532 3636/3648/1532 3635/3647/1532
f 3627/3639/1532 3636/3648/1532 3628/3640/1532
f 3627/3639/1532 3637/3649/1532 3636/3648/1532
f 3626/3638/1532 3637/3649/1532 3627/3639/1532
f 3626/3638/1532 3638/3650/1532 3637/3649/1532
f 3625/3637/1532 3638/3650/1532 3626/3638/1532
f 3625/3637/1532 3639/3651/1532 3638/3650/1532
f 3624/3636/1532 3639/3651/1532 3625/3637/1532
f 3624/3636/1532 3640/3652/1532 3639/3651/1532
f 3623/3635/1532 3640/3652/1532 3624/3636/1532
f 3623/3635/1532 3641/3653/1532 3640/3652/1532
f 3622/3634/1532 3641/3653/1532 3623/3635/1532
f 3622/3634/1532 3642/3654/1532 3641/3653/1532
f 3621/3633/1532 3642/3654/1532 3622/3634/1532
f 3621/3633/1532 3643/3655/1532 3642/3654/1532
f 3620/3632/1532 3643/3655/1532 3621/3633/1532
f 3620/3632/1532 3644/3656/1532 3643/3655/1532
f 3619/3631/1532 3644/3656/1532 3620/3632/1532
f 3619/3631/1532 3645/3657/1532 3644/3656/1532
f 3618/3630/1532 3645/3657/1532 3619/3631/1532
f 3618/3630/1532 3646/3658/1532 3645/3657/1532
f 3617/3629/1532 3646/3658/1532 3618/3630/1532
f 3617/3629/1532 3647/3659/1532 3646/3658/1532
f 3616/3628/1532 3647/3659/1532 3617/3629/1532
f 3616/3628/1532 3648/3660/1532 3647/3659/1532
f 3615/3627/1532 3648/3660/1532 3616/3628/1532
f 3615/3627/1532 3649/3661/1532 3648/3660/1532
f 3614/3626/1532 3649/3661/1532 3615/3627/1532
f 3614/3626/1532 3650/3662/1532 3649/3661/1532
f 3613/3625/1532 3650/3662/1532 3614/3626/1532
f 3613/3625/1532 3651/3663/1532 3650/3662/1532
f 3612/3624/1532 3651/3663/1532 3613/3625/1532
f 3612/3624/1532 3652/3664/1532 3651/3663/1532
f 3611/3623/1532 3652/3664/1532 3612/3624/1532
f 3611/3623/1532 3653/3665/1532 3652/3664/1532
f 3610/3622/1532 3653/3665/1532 3611/3623/1532
f 3610/3622/1532 3630/3642/1532 3653/3665/1532
f 3634/3646/1533 3654/3666/1533 3633/3645/1533
f 3654/3666/1533 3634/3646/1533 3655/3667/1534
f 3633/3645/1535 3656/3668/1535 3632/3644/1535
f 3656/3668/1535 3633/3645/1535 3654/3666/1535
f 3632/3644/1536 3657/3669/1536 3631/3643/1536
f 3657/3669/1536 3632/3644/1536 3656/3668/1750
f 3631/3643/1537 3658/3670/1537 3630/3642/1537
f 3658/3670/1537 3631/3643/1537 3657/3669/1537
f 3630/3642/1538 3659/3671/1538 3653/3665/1538
f 3659/3671/1538 3630/3642/1538 3658/3670/1538
f 3653/3665/1539 3660/3672/1539 3652/3664/1539
f 3660/3672/1539 3653/3665/1539 3659/3671/1539
f 3652/3664/1540 3661/3673/1540 3651/3663/1540
f 3661/3673/1540 3652/3664/1540 3660/3672/1540
f 3651/3663/1541 3662/3674/1541 3650/3662/1541
f 3662/3674/1541 3651/3663/1541 3661/3673/1541
f 3650/3662/1542 3663/3675/1542 3649/3661/1542
f 3663/3675/1542 3650/3662/1542 3662/3674/1542
f 3649/3661/1543 3664/3676/1543 3648/3660/1543
f 3664/3676/1543 3649/3661/1543 3663/3675/1543
f 3648/3660/1544 3665/3677/1544 3647/3659/1544
f 3665/3677/1544 3648/3660/1544 3664/3676/1544
f 3647/3659/1545 3666/3678/1545 3646/3658/1545
f 3666/3678/1545 3647/3659/1545 3665/3677/1545
f 3646/3658/1547 3667/3679/1547 3645/3657/1546
f 3667/3679/1547 3646/3658/1547 3666/3678/1547
f 3645/3657/1548 3668/3680/1548 3644/3656/1548
f 3668/3680/1548 3645/3657/1548 3667/3679/1548
f 3644/3656/1549 3669/3681/1549 3643/3655/1549
f 3669/3681/1549 3644/3656/1549 3668/3680/1549
f 3643/3655/1550 3670/3682/1550 3642/3654/1550
f 3670/3682/1550 3643/3655/1550 3669/3681/1550
f 3642/3654/1551 3671/3683/1551 3641/3653/1551
f 3671/3683/1551 3642/3654/1551 3670/3682/1551
f 3641/3653/1552 3672/3684/1552 3640/3652/1552
f 3672/3684/1552 3641/3653/1552 3671/3683/1552
f 3640/3652/1553 3673/3685/1553 3639/3651/1553
f 3673/3685/1553 3640/3652/1553 3672/3684/1553
f 3639/3651/1554 3674/3686/1554 3638/3650/1554
f 3674/3686/1554 3639/3651/1554 3673/3685/1554
f 3638/3650/1555 3675/3687/1555 3637/3649/1555
f 3675/3687/1555 3638/3650/1555 3674/3686/1555
f 3637/3649/1556 3676/3688/1556 3636/3648/1556
f 3676/3688/1556 3637/3649/1556 3675/3687/1556
f 3636/3648/1557 3677/3689/1557 3635/3647/1557
f 3677/3689/1557 3636/3648/1557 3676/3688/1557
f 3635/3647/1558 3655/3667/1558 3634/3646/1558
f 3655/3667/1558 3635/3647/1558 3677/3689/1558
f 3531/3543/1559 3536/3548/1560 3532/3544/1560
f 3536/3548/1560 3531/3543/1559 3534/3546/1559
f 3532/3544/1561 3535/3547/1561 3539/3551/1561
f 3535/3547/1561 3532/3544/1561 3536/3548/1561
f 3539/3551/1692 3537/3549/1693 3604/3616/1693
f 3537/3549/1693 3539/3551/1692 3535/3547/1722
f 3604/3616/1563 3534/3546/1563 3531/3543/1563
f 3534/3546/1563 3604/3616/1563 3537/3549/1563
f 3529/3541/1695 3542/3554/1695 3530/3542/1695
f 3542/3554/1695 3529/3541/1695 3540/3552/1695
f 3530/3542/1567 3541/3553/1567 3545/3557/1567
f 3541/3553/1567 3530/3542/1567 3542/3554/1567
f 3545/3557/1569 3543/3555/1568 3538/3550/1568
f 3543/3555/1568 3545/3557/1569 3541/3553/1569
f 3538/3550/1570 3540/3552/1570 3529/3541/1570
f 3540/3552/1570 3538/3550/1570 3543/3555/1570
f 3527/3539/1571 3548/3560/1572 3528/3540/1572
f 3548/3560/1572 3527/3539/1571 3546/3558/1571
f 3528/3540/1573 3547/3559/1573 3551/3563/1573
f 3547/3559/1573 3528/3540/1573 3548/3560/1573
f 3551/3563/1575 3549/3561/1575 3544/3556/1575
f 3549/3561/1575 3551/3563/1575 3547/3559/1575
f 3544/3556/1576 3546/3558/1576 3527/3539/1576
f 3546/3558/1576 3544/3556/1576 3549/3561/1576
f 3525/3537/1577 3554/3566/1699 3526/3538/1699
f 3554/3566/1699 3525/3537/1577 3552/3564/1740
f 3526/3538/1578 3553/3565/1578 3557/3569/1578
f 3553/3565/1578 3526/3538/1578 3554/3566/1578
f 3557/3569/1698 3555/3567/1579 3550/3562/1579
f 3555/3567/1579 3557/3569/1698 3553/3565/1698
f 3550/3562/1581 3552/3564/1581 3525/3537/1581
f 3552/3564/1581 3550/3562/1581 3555/3567/1581
f 3523/3535/1751 3560/3572/1724 3524/3536/1724
f 3560/3572/1724 3523/3535/1751 3558/3570/1583
f 3524/3536/1584 3559/3571/1584 3563/3575/1584
f 3559/3571/1584 3524/3536/1584 3560/3572/1584
f 3563/3575/1700 3561/3573/1585 3556/3568/1585
f 3561/3573/1585 3563/3575/1700 3559/3571/1700
f 3556/3568/1588 3558/3570/1588 3523/3535/1588
f 3558/3570/1588 3556/3568/1588 3561/3573/1588
f 3521/3533/1590 3566/3578/1590 3522/3534/1590
f 3566/3578/1590 3521/3533/1590 3564/3576/1590
f 3522/3534/1591 3565/3577/1591 3569/3581/1591
f 3565/3577/1591 3522/3534/1591 3566/3578/1591
f 3569/3581/1701 3567/3579/1701 3562/3574/1701
f 3567/3579/1701 3569/3581/1701 3565/3577/1701
f 3562/3574/1594 3564/3576/1594 3521/3533/1594
f 3564/3576/1594 3562/3574/1594 3567/3579/1594
f 3519/3531/1752 3572/3584/1752 3520/3532/1752
f 3572/3584/1752 3519/3531/1752 3570/3582/1752
f 3520/3532/1597 3571/3583/1597 3575/3587/1597
f 3571/3583/1597 3520/3532/1597 3572/3584/1597
f 3575/3587/1598 3573/3585/1598 3568/3580/1598
f 3573/3585/1598 3575/3587/1598 3571/3583/1703
f 3568/3580/1599 3570/3582/1600 3519/3531/1600
f 3570/3582/1600 3568/3580/1599 3573/3585/1599
f 3517/3529/1707 3578/3590/1707 3518/3530/1707
f 3578/3590/1707 3517/3529/1707 3576/3588/1707
f 3518/3530/1603 3577/3589/1603 3581/3593/1603
f 3577/3589/1603 3518/3530/1603 3578/3590/1603
f 3581/3593/1753 3579/3591/1706 3574/3586/1706
f 3579/3591/1706 3581/3593/1753 3577/3589/1754
f 3574/3586/1606 3576/3588/1606 3517/3529/1606
f 3576/3588/1606 3574/3586/1606 3579/3591/1606
f 3515/3527/1607 3584/3596/1608 3516/3528/1608
f 3584/3596/1608 3515/3527/1607 3582/3594/1607
f 3516/3528/1609 3583/3595/1609 3587/3599/1609
f 3583/3595/1609 3516/3528/1609 3584/3596/1609
f 3587/3599/1610 3585/3597/1610 3580/3592/1610
f 3585/3597/1610 3587/3599/1610 3583/3595/1611
f 3580/3592/1613 3582/3594/1708 3515/3527/1708
f 3582/3594/1708 3580/3592/1613 3585/3597/1613
f 3513/3525/1614 3590/3602/1728 3514/3526/1728
f 3590/3602/1728 3513/3525/1614 3588/3600/1614
f 3514/3526/1615 3589/3601/1615 3593/3605/1615
f 3589/3601/1615 3514/3526/1615 3590/3602/1615
f 3593/3605/1616 3591/3603/1617 3586/3598/1617
f 3591/3603/1617 3593/3605/1616 3589/3601/1616
f 3586/3598/1618 3588/3600/1618 3513/3525/1618
f 3588/3600/1618 3586/3598/1618 3591/3603/1755
f 3511/3523/1711 3596/3608/1730 3512/3524/1712
f 3596/3608/1730 3511/3523/1711 3594/3606/1711
f 3512/3524/1621 3595/3607/1621 3599/3611/1621
f 3595/3607/1621 3512/3524/1621 3596/3608/1621
f 3599/3611/1709 3597/3609/1709 3592/3604/1709
f 3597/3609/1709 3599/3611/1709 3595/3607/1756
f 3592/3604/1624 3594/3606/1624 3511/3523/1624
f 3594/3606/1624 3592/3604/1624 3597/3609/1624
f 3510/3522/1717 3602/3614/1625 3533/3545/1625
f 3602/3614/1625 3510/3522/1717 3600/3612/1757
f 3533/3545/1626 3601/3613/1626 3605/3617/1626
f 3601/3613/1626 3533/3545/1626 3602/3614/1626
f 3605/3617/1715 3603/3615/1715 3598/3610/1715
f 3603/3615/1715 3605/3617/1715 3601/3613/1715
f 3598/3610/1758 3600/3612/1628 3510/3522/1628
f 3600/3612/1628 3598/3610/1758 3603/3615/1758
f 3678/3690/1532 3679/3691/1532 3680/3692/1532
f 3679/3691/1532 3681/3693/1532 3682/3694/1532
f 3678/3690/1532 3681/3693/1532 3679/3691/1532
f 3681/3693/1532 3683/3695/1532 3684/3696/1532
f 3678/3690/1532 3683/3695/1532 3681/3693/1532
f 3685/3697/1532 3683/3695/1532 3678/3690/1532
f 3686/3698/1472 3687/3699/1472 3688/3700/1472
f 3687/3699/1472 3686/3698/1472 3689/3701/1472
f 3689/3701/1472 3690/3702/1473 3687/3699/1472
f 3690/3702/1473 3689/3701/1472 3691/3703/1473
f 3691/3703/1473 3692/3704/1472 3690/3702/1473
f 3692/3704/1472 3691/3703/1473 3693/3705/1472
f 3693/3705/1472 3694/3706/1472 3692/3704/1472
f 3694/3706/1472 3693/3705/1472 3695/3707/1472
f 3695/3707/1472 3696/3708/1472 3694/3706/1472
f 3696/3708/1472 3695/3707/1472 3697/3709/1472
f 3697/3709/1472 3698/3710/1472 3696/3708/1472
f 3698/3710/1472 3697/3709/1472 3699/3711/1472
f 3699/3711/1472 3700/3712/1472 3698/3710/1472
f 3700/3712/1472 3699/3711/1472 3701/3713/1472
f 3701/3713/1472 3688/3700/1472 3700/3712/1472
f 3688/3700/1472 3701/3713/1472 3686/3698/1472
f 3688/3700/1476 3678/3690/1476 3680/3692/1476
f 3678/3690/1476 3688/3700/1476 3687/3699/1476
f 3687/3699/1629 3685/3697/1497 3678/3690/1629
f 3685/3697/1497 3687/3699/1629 3690/3702/1497
f 3690/3702/1494 3683/3695/1494 3685/3697/1494
f 3683/3695/1494 3690/3702/1494 3692/3704/1494
f 3692/3704/1630 3684/3696/1630 3683/3695/1630
f 3684/3696/1630 3692/3704/1630 3694/3706/1630
f 3694/3706/1488 3681/3693/1488 3684/3696/1488
f 3681/3693/1488 3694/3706/1488 3696/3708/1488
f 3696/3708/1635 3682/3694/1485 3681/3693/1635
f 3682/3694/1485 3696/3708/1635 3698/3710/1485
f 3698/3710/1482 3679/3691/1482 3682/3694/1482
f 3679/3691/1482 3698/3710/1482 3700/3712/1482
f 3700/3712/1479 3680/3692/1479 3679/3691/1479
f 3680/3692/1479 3700/3712/1479 3688/3700/1632
f 3702/3714/1532 3703/3715/1532 3704/3716/1532
f 3703/3715/1532 3705/3717/1532 3706/3718/1633
f 3702/3714/1532 3705/3717/1532 3703/3715/1532
f 3705/3717/1532 3707/3719/1532 3708/3720/1633
f 3707/3719/1532 3709/3721/1532 3710/3722/1634
f 3705/3717/1532 3709/3721/1532 3707/3719/1532
f 3702/3714/1532 3709/3721/1532 3705/3717/1532
f 3709/3721/1532 3711/3723/1532 3712/3724/1633
f 3711/3723/1532 3713/3725/1532 3714/3726/1532
f 3709/3721/1532 3713/3725/1532 3711/3723/1532
f 3713/3725/1532 3715/3727/1532 3716/3728/1532
f 3715/3727/1532 3717/3729/1532 3718/3730/1532
f 3713/3725/1532 3717/3729/1532 3715/3727/1532
f 3709/3721/1532 3717/3729/1532 3713/3725/1532
f 3702/3714/1532 3717/3729/1532 3709/3721/1532
f 3717/3729/1532 3719/3731/1532 3720/3732/1634
f 3719/3731/1532 3721/3733/1532 3722/3734/1532
f 3717/3729/1532 3721/3733/1532 3719/3731/1532
f 3702/3714/1532 3721/3733/1532 3717/3729/1532
f 3721/3733/1532 3723/3735/1532 3724/3736/1633
f 3702/3714/1532 3723/3735/1532 3721/3733/1532
f 3725/3737/1532 3723/3735/1532 3702/3714/1532
f 3726/3738/1475 3727/3739/1475 3728/3740/1475
f 3727/3739/1475 3726/3738/1475 3729/3741/1475
f 3704/3716/1476 3730/3742/1476 3731/3743/1476
f 3730/3742/1476 3704/3716/1476 3703/3715/1476
f 3732/3744/1477 3733/3745/1477 3734/3746/1477
f 3733/3745/1477 3732/3744/1477 3735/3747/1477
f 3706/3718/1478 3736/3748/1478 3737/3749/1478
f 3736/3748/1478 3706/3718/1478 3705/3717/1478
f 3738/3750/1479 3739/3751/1632 3740/3752/1632
f 3739/3751/1632 3738/3750/1479 3741/3753/1479
f 3708/3720/1480 3742/3754/1480 3743/3755/1480
f 3742/3754/1480 3708/3720/1480 3707/3719/1480
f 3744/3756/1481 3745/3757/1481 3746/3758/1481
f 3745/3757/1481 3744/3756/1481 3747/3759/1481
f 3710/3760/1482 3748/3761/1482 3749/3762/1482
f 3748/3761/1482 3710/3760/1482 3709/3763/1482
f 3750/3764/1483 3751/3765/1483 3752/3766/1483
f 3751/3765/1483 3750/3764/1483 3753/3767/1483
f 3712/3768/1484 3754/3769/1484 3755/3770/1484
f 3754/3769/1484 3712/3768/1484 3711/3771/1484
f 3756/3772/1485 3757/3773/1485 3758/3774/1485
f 3757/3773/1485 3756/3772/1485 3759/3775/1485
f 3714/3726/1486 3760/3776/1486 3761/3777/1486
f 3760/3776/1486 3714/3726/1486 3713/3725/1486
f 3762/3778/1487 3763/3779/1487 3764/3780/1487
f 3763/3779/1487 3762/3778/1487 3765/3781/1487
f 3716/3728/1488 3766/3782/1488 3767/3783/1488
f 3766/3782/1488 3716/3728/1488 3715/3727/1488
f 3768/3784/1489 3769/3785/1489 3770/3786/1489
f 3769/3785/1489 3768/3784/1489 3771/3787/1489
f 3718/3730/1490 3772/3788/1490 3773/3789/1490
f 3772/3788/1490 3718/3730/1490 3717/3729/1490
f 3774/3790/1491 3775/3791/1491 3776/3792/1491
f 3775/3791/1491 3774/3790/1491 3777/3793/1630
f 3720/3732/1492 3778/3794/1492 3779/3795/1492
f 3778/3794/1492 3720/3732/1492 3719/3731/1492
f 3780/3796/1493 3781/3797/1493 3782/3798/1493
f 3781/3797/1493 3780/3796/1493 3783/3799/1493
f 3722/3734/1494 3784/3800/1494 3785/3801/1494
f 3784/3800/1494 3722/3734/1494 3721/3733/1494
f 3786/3802/1495 3787/3803/1495 3788/3804/1495
f 3787/3803/1495 3786/3802/1495 3789/3805/1495
f 3724/3736/1496 3790/3806/1496 3791/3807/1496
f 3790/3806/1496 3724/3736/1496 3723/3735/1496
f 3792/3808/1497 3793/3809/1497 3794/3810/1497
f 3793/3809/1497 3792/3808/1497 3795/3811/1497
f 3725/3737/1498 3796/3812/1498 3797/3813/1498
f 3796/3812/1498 3725/3737/1498 3702/3714/1498
f 3796/3812/1636 3798/3814/1636 3799/3815/1636
f 3798/3814/1636 3796/3812/1636 3731/3743/1636
f 3731/3743/1637 3800/3816/1637 3798/3814/1637
f 3800/3816/1637 3731/3743/1637 3730/3742/1637
f 3730/3742/1639 3801/3817/1639 3800/3816/1638
f 3801/3817/1639 3730/3742/1639 3737/3749/1639
f 3737/3749/1759 3802/3818/1640 3801/3817/1759
f 3802/3818/1640 3737/3749/1759 3736/3748/1640
f 3736/3748/1642 3803/3819/1642 3802/3818/1642
f 3803/3819/1642 3736/3748/1642 3743/3755/1641
f 3743/3755/1643 3804/3820/1643 3803/3819/1643
f 3804/3820/1643 3743/3755/1643 3742/3754/1643
f 3742/3754/1644 3805/3821/1644 3804/3820/1644
f 3805/3821/1644 3742/3754/1644 3749/3822/1644
f 3749/3822/1645 3806/3823/1645 3805/3821/1645
f 3806/3823/1645 3749/3822/1645 3748/3824/1733
f 3748/3824/1646 3807/3825/1646 3806/3823/1646
f 3807/3825/1646 3748/3824/1646 3755/3826/1646
f 3755/3826/1647 3808/3827/1647 3807/3825/1647
f 3808/3827/1647 3755/3826/1647 3754/3828/1647
f 3754/3828/1648 3809/3829/1649 3808/3827/1648
f 3809/3829/1649 3754/3828/1648 3761/3777/1649
f 3761/3777/1650 3810/3830/1650 3809/3829/1650
f 3810/3830/1650 3761/3777/1650 3760/3776/1650
f 3760/3776/1651 3811/3831/1651 3810/3830/1651
f 3811/3831/1651 3760/3776/1651 3767/3783/1651
f 3767/3783/1652 3812/3832/1652 3811/3831/1652
f 3812/3832/1652 3767/3783/1652 3766/3782/1652
f 3766/3782/1654 3813/3833/1654 3812/3832/1654
f 3813/3833/1654 3766/3782/1654 3773/3789/1653
f 3773/3789/1760 3814/3834/1655 3813/3833/1760
f 3814/3834/1655 3773/3789/1760 3772/3788/1655
f 3772/3788/1657 3815/3835/1657 3814/3834/1657
f 3815/3835/1657 3772/3788/1657 3779/3795/1656
f 3779/3795/1658 3816/3836/1658 3815/3835/1658
f 3816/3836/1658 3779/3795/1658 3778/3794/1658
f 3778/3794/1659 3817/3837/1659 3816/3836/1659
f 3817/3837/1659 3778/3794/1659 3785/3801/1659
f 3785/3801/1661 3818/3838/1661 3817/3837/1661
f 3818/3838/1661 3785/3801/1661 3784/3800/1660
f 3784/3800/1662 3819/3839/1662 3818/3838/1662
f 3819/3839/1662 3784/3800/1662 3791/3807/1662
f 3791/3807/1664 3820/3840/1664 3819/3839/1664
f 3820/3840/1664 3791/3807/1664 3790/3806/1664
f 3790/3806/1735 3821/3841/1665 3820/3840/1735
f 3821/3841/1665 3790/3806/1735 3797/3813/1665
f 3797/3813/1666 3799/3815/1666 3821/3841/1666
f 3799/3815/1666 3797/3813/1666 3796/3812/1666
f 3802/3818/1472 3822/3842/1472 3823/3843/1472
f 3823/3843/1472 3801/3817/1472 3802/3818/1472
f 3824/3844/1472 3801/3817/1472 3823/3843/1472
f 3824/3844/1472 3800/3816/1472 3801/3817/1472
f 3825/3845/1472 3800/3816/1472 3824/3844/1472
f 3825/3845/1472 3798/3814/1472 3800/3816/1472
f 3826/3846/1472 3798/3814/1472 3825/3845/1472
f 3826/3846/1472 3799/3815/1472 3798/3814/1472
f 3827/3847/1472 3799/3815/1472 3826/3846/1472
f 3827/3847/1472 3821/3841/1472 3799/3815/1472
f 3828/3848/1472 3821/3841/1472 3827/3847/1472
f 3828/3848/1472 3820/3840/1472 3821/3841/1472
f 3829/3849/1472 3820/3840/1472 3828/3848/1472
f 3829/3849/1472 3819/3839/1472 3820/3840/1472
f 3830/3850/1472 3819/3839/1472 3829/3849/1472
f 3830/3850/1472 3818/3838/1472 3819/3839/1472
f 3831/3851/1472 3818/3838/1472 3830/3850/1472
f 3831/3851/1472 3817/3837/1472 3818/3838/1472
f 3832/3852/1472 3817/3837/1472 3831/3851/1472
f 3832/3852/1472 3816/3836/1472 3817/3837/1472
f 3833/3853/1472 3816/3836/1472 3832/3852/1472
f 3833/3853/1472 3815/3835/1472 3816/3836/1472
f 3834/3854/1472 3815/3835/1472 3833/3853/1472
f 3834/3854/1472 3814/3834/1472 3815/3835/1472
f 3835/3855/1472 3814/3834/1472 3834/3854/1472
f 3835/3855/1472 3813/3833/1472 3814/3834/1472
f 3836/3856/1472 3813/3833/1472 3835/3855/1472
f 3836/3856/1472 3812/3832/1472 3813/3833/1472
f 3837/3857/1472 3812/3832/1472 3836/3856/1472
f 3837/3857/1472 3811/3831/1472 3812/3832/1472
f 3838/3858/1472 3811/3831/1472 3837/3857/1472
f 3838/3858/1472 3810/3830/1472 3811/3831/1472
f 3839/3859/1472 3810/3830/1472 3838/3858/1472
f 3839/3859/1472 3809/3829/1472 3810/3830/1472
f 3840/3860/1472 3809/3829/1472 3839/3859/1472
f 3840/3860/1472 3808/3827/1472 3809/3829/1472
f 3841/3861/1472 3808/3827/1472 3840/3860/1472
f 3841/3861/1472 3807/3825/1472 3808/3827/1472
f 3842/3862/1472 3807/3825/1472 3841/3861/1472
f 3842/3862/1472 3806/3823/1472 3807/3825/1472
f 3843/3863/1472 3806/3823/1472 3842/3862/1472
f 3843/3863/1472 3805/3821/1472 3806/3823/1472
f 3844/3864/1472 3805/3821/1472 3843/3863/1472
f 3844/3864/1472 3804/3820/1472 3805/3821/1472
f 3845/3865/1472 3804/3820/1472 3844/3864/1472
f 3845/3865/1472 3803/3819/1472 3804/3820/1472
f 3822/3842/1472 3803/3819/1472 3845/3865/1472
f 3802/3818/1472 3803/3819/1472 3822/3842/1472
f 3827/3847/1667 3846/3866/1667 3847/3867/1667
f 3846/3866/1667 3827/3847/1667 3826/3846/1667
f 3826/3846/1669 3848/3868/1669 3846/3866/1669
f 3848/3868/1669 3826/3846/1669 3825/3845/1669
f 3825/3845/1670 3849/3869/1670 3848/3868/1670
f 3849/3869/1761 3825/3845/1761 3824/3844/1761
f 3824/3844/1671 3850/3870/1671 3849/3869/1671
f 3850/3870/1671 3824/3844/1671 3823/3843/1671
f 3823/3843/1672 3851/3871/1672 3850/3870/1672
f 3851/3871/1672 3823/3843/1672 3822/3842/1672
f 3822/3842/1673 3852/3872/1673 3851/3871/1673
f 3852/3872/1673 3822/3842/1673 3845/3865/1673
f 3845/3865/1674 3853/3873/1674 3852/3872/1674
f 3853/3873/1674 3845/3865/1674 3844/3864/1674
f 3844/3864/1675 3854/3874/1675 3853/3873/1675
f 3854/3874/1675 3844/3864/1675 3843/3863/1675
f 3843/3863/1676 3855/3875/1676 3854/3874/1676
f 3855/3875/1676 3843/3863/1676 3842/3862/1676
f 3842/3862/1677 3856/3876/1677 3855/3875/1677
f 3856/3876/1677 3842/3862/1677 3841/3861/1677
f 3841/3861/1678 3857/3877/1678 3856/3876/1678
f 3857/3877/1678 3841/3861/1678 3840/3860/1678
f 3840/3860/1679 3858/3878/1679 3857/3877/1679
f 3858/3878/1679 3840/3860/1679 3839/3859/1679
f 3839/3859/1680 3859/3879/1680 3858/3878/1680
f 3859/3879/1762 3839/3859/1762 3838/3858/1762
f 3838/3858/1681 3860/3880/1681 3859/3879/1681
f 3860/3880/1681 3838/3858/1681 3837/3857/1681
f 3837/3857/1682 3861/3881/1682 3860/3880/1682
f 3861/3881/1682 3837/3857/1682 3836/3856/1682
f 3836/3856/1683 3862/3882/1683 3861/3881/1683
f 3862/3882/1737 3836/3856/1737 3835/3855/1737
f 3835/3855/1684 3863/3883/1684 3862/3882/1684
f 3863/3883/1684 3835/3855/1684 3834/3854/1684
f 3834/3854/1685 3864/3884/1685 3863/3883/1685
f 3864/3884/1685 3834/3854/1685 3833/3853/1685
f 3833/3853/1686 3865/3885/1686 3864/3884/1686
f 3865/3885/1763 3833/3853/1763 3832/3852/1763
f 3832/3852/1687 3866/3886/1687 3865/3885/1687
f 3866/3886/1687 3832/3852/1687 3831/3851/1687
f 3831/3851/1688 3867/3887/1688 3866/3886/1688
f 3867/3887/1688 3831/3851/1688 3830/3850/1688
f 3830/3850/1689 3868/3888/1689 3867/3887/1689
f 3868/3888/1689 3830/3850/1689 3829/3849/1689
f 3829/3849/1690 3869/3889/1690 3868/3888/1690
f 3869/3889/1690 3829/3849/1690 3828/3848/1690
f 3828/3848/1691 3847/3867/1691 3869/3889/1691
f 3847/3867/1691 3828/3848/1691 3827/3847/1691
f 3702/3714/1692 3729/3741/1692 3726/3738/1692
f 3729/3741/1692 3702/3714/1692 3704/3716/1692
f 3704/3716/1561 3727/3739/1561 3729/3741/1561
f 3727/3739/1561 3704/3716/1561 3731/3743/1561
f 3731/3743/1560 3728/3740/1694 3727/3739/1559
f 3728/3740/1694 3731/3743/1560 3796/3812/1694
f 3796/3812/1563 3726/3738/1764 3728/3740/1563
f 3726/3738/1764 3796/3812/1563 3702/3714/1764
f 3703/3715/1569 3735/3747/1569 3732/3744/1569
f 3735/3747/1569 3703/3715/1569 3706/3718/1569
f 3706/3718/1567 3733/3745/1567 3735/3747/1567
f 3733/3745/1567 3706/3718/1567 3737/3749/1567
f 3737/3749/1765 3734/3746/1564 3733/3745/1765
f 3734/3746/1564 3737/3749/1765 3730/3742/1564
f 3730/3742/1570 3732/3744/1570 3734/3746/1570
f 3732/3744/1570 3730/3742/1570 3703/3715/1570
f 3705/3717/1575 3741/3753/1575 3738/3750/1575
f 3741/3753/1575 3705/3717/1575 3708/3720/1575
f 3708/3720/1573 3739/3751/1573 3741/3753/1573
f 3739/3751/1573 3708/3720/1573 3743/3755/1573
f 3743/3755/1572 3740/3752/1572 3739/3751/1572
f 3740/3752/1572 3743/3755/1572 3736/3748/1572
f 3736/3748/1576 3738/3750/1576 3740/3752/1576
f 3738/3750/1576 3736/3748/1576 3705/3717/1697
f 3707/3890/1698 3747/3759/1579 3744/3756/1698
f 3747/3759/1579 3707/3890/1698 3710/3760/1579
f 3710/3760/1578 3745/3757/1578 3747/3759/1578
f 3745/3757/1578 3710/3760/1578 3749/3762/1578
f 3749/3762/1699 3746/3758/1699 3745/3757/1699
f 3746/3758/1699 3749/3762/1699 3742/3891/1699
f 3742/3891/1581 3744/3756/1580 3746/3758/1581
f 3744/3756/1580 3742/3891/1581 3707/3890/1580
f 3709/3763/1585 3753/3767/1700 3750/3764/1585
f 3753/3767/1700 3709/3763/1585 3712/3768/1700
f 3712/3768/1584 3751/3765/1584 3753/3767/1584
f 3751/3765/1584 3712/3768/1584 3755/3770/1584
f 3755/3770/1583 3752/3766/1582 3751/3765/1583
f 3752/3766/1582 3755/3770/1583 3748/3761/1582
f 3748/3761/1588 3750/3764/1588 3752/3766/1588
f 3750/3764/1588 3748/3761/1588 3709/3763/1588
f 3711/3771/1701 3759/3775/1701 3756/3772/1592
f 3759/3775/1701 3711/3771/1701 3714/3726/1701
f 3714/3726/1591 3757/3773/1591 3759/3775/1591
f 3757/3773/1591 3714/3726/1591 3761/3777/1591
f 3761/3777/1590 3758/3774/1589 3757/3773/1590
f 3758/3774/1589 3761/3777/1590 3754/3769/1589
f 3754/3769/1594 3756/3772/1594 3758/3774/1594
f 3756/3772/1594 3754/3769/1594 3711/3771/1594
f 3713/3725/1703 3765/3781/1704 3762/3778/1598
f 3765/3781/1704 3713/3725/1703 3716/3728/1704
f 3716/3728/1597 3763/3779/1597 3765/3781/1597
f 3763/3779/1597 3716/3728/1597 3767/3783/1597
f 3767/3783/1752 3764/3780/1752 3763/3779/1752
f 3764/3780/1752 3767/3783/1752 3760/3776/1752
f 3760/3776/1600 3762/3778/1599 3764/3780/1600
f 3762/3778/1599 3760/3776/1600 3713/3725/1599
f 3715/3727/1706 3771/3787/1706 3768/3784/1604
f 3771/3787/1706 3715/3727/1706 3718/3730/1706
f 3718/3730/1603 3769/3785/1603 3771/3787/1603
f 3769/3785/1603 3718/3730/1603 3773/3789/1603
f 3773/3789/1601 3770/3786/1707 3769/3785/1601
f 3770/3786/1707 3773/3789/1601 3766/3782/1707
f 3766/3782/1606 3768/3784/1606 3770/3786/1606
f 3768/3784/1606 3766/3782/1606 3715/3727/1606
f 3717/3729/1610 3777/3793/1610 3774/3790/1610
f 3777/3793/1610 3717/3729/1610 3720/3732/1610
f 3720/3732/1609 3775/3791/1609 3777/3793/1609
f 3775/3791/1609 3720/3732/1609 3779/3795/1609
f 3779/3795/1608 3776/3792/1607 3775/3791/1608
f 3776/3792/1607 3779/3795/1608 3772/3788/1607
f 3772/3788/1708 3774/3790/1708 3776/3792/1708
f 3774/3790/1708 3772/3788/1708 3717/3729/1708
f 3719/3731/1616 3783/3799/1617 3780/3796/1616
f 3783/3799/1617 3719/3731/1616 3722/3734/1617
f 3722/3734/1615 3781/3797/1615 3783/3799/1615
f 3781/3797/1615 3722/3734/1615 3785/3801/1615
f 3785/3801/1614 3782/3798/1614 3781/3797/1614
f 3782/3798/1614 3785/3801/1614 3778/3794/1614
f 3778/3794/1618 3780/3796/1618 3782/3798/1755
f 3780/3796/1618 3778/3794/1618 3719/3731/1618
f 3721/3733/1622 3789/3805/1622 3786/3802/1709
f 3789/3805/1622 3721/3733/1622 3724/3736/1622
f 3724/3736/1621 3787/3803/1621 3789/3805/1621
f 3787/3803/1621 3724/3736/1621 3791/3807/1621
f 3791/3807/1711 3788/3804/1711 3787/3803/1619
f 3788/3804/1711 3791/3807/1711 3784/3800/1711
f 3784/3800/1624 3786/3802/1624 3788/3804/1624
f 3786/3802/1624 3784/3800/1624 3721/3733/1624
f 3723/3735/1715 3795/3811/1715 3792/3808/1714
f 3795/3811/1715 3723/3735/1715 3725/3737/1715
f 3725/3737/1626 3793/3809/1626 3795/3811/1626
f 3793/3809/1626 3725/3737/1626 3797/3813/1626
f 3797/3813/1625 3794/3810/1717 3793/3809/1625
f 3794/3810/1717 3797/3813/1625 3790/3806/1717
f 3790/3806/1628 3792/3808/1758 3794/3810/1628
f 3792/3808/1758 3790/3806/1628 3723/3735/1758
f 3870/3892/1472 3871/3893/1472 3872/3894/1472
f 3871/3893/1472 3873/3895/1472 3874/3896/1472
f 3873/3895/1472 3875/3897/1472 3876/3898/1472
f 3871/3893/1472 3875/3897/1472 3873/3895/1472
f 3870/3892/1472 3875/3897/1472 3871/3893/1472
f 3877/3899/1472 3875/3897/1472 3870/3892/1472
f 3878/3900/1476 3689/3901/1476 3686/3902/1476
f 3689/3901/1476 3878/3900/1476 3879/3903/1476
f 3880/3904/1632 3686/3698/1479 3701/3713/1479
f 3686/3698/1479 3880/3904/1632 3878/3905/1632
f 3881/3906/1482 3701/3713/1482 3699/3711/1482
f 3701/3713/1482 3881/3906/1482 3880/3904/1482
f 3882/3907/1635 3699/3711/1485 3697/3709/1485
f 3699/3711/1485 3882/3907/1635 3881/3906/1635
f 3883/3908/1488 3697/3709/1488 3695/3707/1488
f 3697/3709/1488 3883/3908/1488 3882/3907/1488
f 3884/3909/1491 3695/3707/1491 3693/3705/1491
f 3695/3707/1491 3884/3909/1491 3883/3908/1491
f 3885/3910/1494 3693/3705/1494 3691/3703/1494
f 3693/3705/1494 3885/3910/1494 3884/3909/1494
f 3879/3903/1629 3691/3703/1629 3689/3901/1629
f 3691/3703/1629 3879/3903/1629 3885/3910/1629
f 3878/3905/1532 3886/3911/1532 3879/3912/1532
f 3886/3911/1532 3878/3905/1532 3887/3913/1532
f 3879/3912/1532 3888/3914/1532 3885/3910/1532
f 3888/3914/1532 3879/3912/1532 3886/3911/1532
f 3885/3910/1532 3889/3915/1532 3884/3909/1532
f 3889/3915/1532 3885/3910/1532 3888/3914/1532
f 3884/3909/1532 3890/3916/1532 3883/3908/1532
f 3890/3916/1532 3884/3909/1532 3889/3915/1532
f 3883/3908/1532 3891/3917/1532 3882/3907/1532
f 3891/3917/1532 3883/3908/1532 3890/3916/1532
f 3882/3907/1532 3892/3918/1532 3881/3906/1532
f 3892/3918/1532 3882/3907/1532 3891/3917/1532
f 3881/3906/1532 3893/3919/1634 3880/3904/1532
f 3893/3919/1634 3881/3906/1532 3892/3918/1532
f 3880/3904/1532 3887/3913/1532 3878/3905/1532
f 3887/3913/1532 3880/3904/1532 3893/3919/1634
f 3887/3913/1476 3875/3897/1476 3886/3911/1476
f 3875/3897/1476 3887/3913/1476 3876/3898/1476
f 3886/3911/1629 3877/3899/1629 3888/3914/1629
f 3877/3899/1629 3886/3911/1629 3875/3897/1497
f 3888/3914/1494 3870/3892/1494 3889/3915/1494
f 3870/3892/1494 3888/3914/1494 3877/3899/1494
f 3889/3915/1630 3872/3894/1491 3890/3916/1491
f 3872/3894/1491 3889/3915/1630 3870/3892/1630
f 3890/3916/1488 3871/3893/1488 3891/3917/1488
f 3871/3893/1488 3890/3916/1488 3872/3894/1488
f 3891/3917/1485 3874/3896/1485 3892/3918/1635
f 3874/3896/1485 3891/3917/1485 3871/3893/1485
f 3892/3918/1482 3873/3895/1482 3893/3919/1482
f 3873/3895/1482 3892/3918/1482 3874/3896/1482
f 3893/3919/1479 3876/3898/1479 3887/3913/1479
f 3876/3898/1479 3893/3919/1479 3873/3895/1632
f 3894/3920/1766 3895/3921/1766 3896/3922/1766 3897/3923/1766
f 3898/3924/1767 3899/3925/1767 3900/3926/1767 3901/3927/1767
f 3894/3920/1768 3897/3923/1768 3902/3928/1768 3903/3929/1768
f 3897/3923/1769 3896/3922/1769 3904/3930/1769 3902/3928/1769
f 3896/3922/1770 3895/3921/1770 3905/3931/1770 3904/3930/1770
f 3895/3921/1771 3894/3920/1771 3903/3929/1771 3905/3931/1771
f 3903/3929/1772 3902/3928/1772 3899/3925/1772 3898/3924/1772
f 3902/3928/1773 3904/3930/1773 3900/3926/1773 3899/3925/1773
f 3904/3930/1774 3905/3931/1774 3901/3927/1774 3900/3926/1774
f 3905/3931/1775 3903/3929/1775 3898/3924/1775 3901/3927/1775
f 3906/3932/1766 3907/3933/1766 3908/3934/1766 3909/3935/1766
f 3910/3936/1767 3911/3937/1767 3912/3938/1767 3913/3939/1767
f 3906/3932/1768 3909/3935/1768 3914/3940/1768 3915/3941/1768
f 3909/3935/1769 3908/3934/1769 3916/3942/1769 3914/3940/1769
f 3908/3934/1770 3907/3933/1770 3917/3943/1770 3916/3942/1770
f 3907/3933/1771 3906/3932/1771 3915/3941/1771 3917/3943/1771
f 3915/3941/1772 3914/3940/1772 3911/3937/1772 3910/3936/1772
f 3914/3940/1773 3916/3942/1773 3912/3938/1773 3911/3937/1773
f 3916/3942/1774 3917/3943/1774 3913/3939/1774 3912/3938/1774
f 3917/3943/1775 3915/3941/1775 3910/3936/1775 3913/3939/1775
f 3918/3944/1767 3919/3945/1767 3920/3946/1767 3921/3947/1767
f 3922/3948/1766 3923/3949/1766 3924/3950/1766 3925/3951/1766
f 3918/3944/1768 3926/3952/1768 3927/3953/1768 3919/3945/1768
f 3919/3945/1769 3927/3953/1769 3928/3954/1769 3920/3946/1769
f 3920/3946/1770 3928/3954/1770 3929/3955/1770 3921/3947/1770
f 3921/3947/1771 3929/3955/1771 3926/3952/1771 3918/3944/1771
f 3926/3952/1776 3922/3948/1776 3925/3951/1776 3927/3953/1776
f 3927/3953/1777 3925/3951/1777 3924/3950/1777 3928/3954/1777
f 3928/3954/1778 3924/3950/1778 3923/3949/1778 3929/3955/1778
f 3929/3955/1779 3923/3949/1779 3922/3948/1779 3926/3952/1779
f 3930/3956/1767 3931/3957/1767 3932/3958/1767 3933/3959/1767
f 3934/3960/1766 3935/3961/1766 3936/3962/1766 3937/3963/1766
f 3930/3956/1768 3938/3964/1768 3939/3965/1768 3931/3957/1768
f 3931/3957/1769 3939/3965/1769 3940/3966/1769 3932/3958/1769
f 3932/3958/1770 3940/3966/1770 3941/3967/1770 3933/3959/1770
f 3933/3959/1771 3941/3967/1771 3938/3964/1771 3930/3956/1771
f 3938/3964/1776 3934/3960/1776 3937/3963/1776 3939/3965/1776
f 3939/3965/1777 3937/3963/1777 3936/3962/1777 3940/3966/1777
f 3940/3966/1778 3936/3962/1778 3935/3961/1778 3941/3967/1778
f 3941/3967/1779 3935/3961/1779 3934/3960/1779 3938/3964/1779
f 3942/3968/1780 3943/3969/1780 3944/3970/1780 3945/3971/1780
f 3946/3972/1781 3947/3973/1781 3948/3974/1781 3949/3975/1781
f 3947/3973/1782 3950/3976/1782 3951/3977/1782 3948/3974/1782
f 3950/3976/1783 3952/3978/1783 3953/3979/1783 3951/3977/1783
f 3952/3978/1784 3946/3972/1784 3949/3975/1784 3953/3979/1784
f 3949/3975/1785 3948/3974/1785 3943/3969/1785 3942/3968/1785
f 3948/3974/1786 3951/3977/1786 3944/3970/1786 3943/3969/1786
f 3951/3977/1787 3953/3979/1787 3945/3971/1787 3944/3970/1787
f 3953/3979/1788 3949/3975/1788 3942/3968/1788 3945/3971/1788
f 3946/3972/1789 3952/3978/1789 3954/3980/1789 3955/3981/1789
f 3952/3978/1789 3950/3976/1789 3956/3982/1789 3954/3980/1789
f 3950/3976/1789 3947/3973/1789 3957/3983/1789 3956/3982/1789
f 3947/3973/1789 3946/3972/1789 3955/3981/1789 3957/3983/1789
f 3958/3984/1780 3959/3985/1780 3960/3986/1780 3961/3987/1780
f 3962/3988/1781 3963/3989/1781 3964/3990/1781 3965/3991/1781
f 3963/3989/1782 3966/3992/1782 3967/3993/1782 3964/3990/1782
f 3966/3992/1783 3968/3994/1783 3969/3995/1783 3967/3993/1783
f 3968/3994/1784 3962/3988/1784 3965/3991/1784 3969/3995/1784
f 3965/3991/1785 3964/3990/1785 3959/3985/1785 3958/3984/1785
f 3964/3990/1786 3967/3993/1786 3960/3986/1786 3959/3985/1786
f 3967/3993/1787 3969/3995/1787 3961/3987/1787 3960/3986/1787
f 3969/3995/1788 3965/3991/1788 3958/3984/1788 3961/3987/1788
f 3962/3988/1789 3968/3994/1789 3970/3996/1789 3971/3997/1789
f 3968/3994/1789 3966/3992/1789 3972/3998/1789 3970/3996/1789
f 3966/3992/1789 3963/3989/1789 3973/3999/1789 3972/3998/1789
f 3963/3989/1789 3962/3988/1789 3971/3997/1789 3973/3999/1789
f 3974/4000/1790 3975/4001/1790 3976/4002/1790 3977/4003/1790
f 3978/4004/1791 3979/4005/1791 3980/4006/1791 3981/4007/1791
f 3982/4008/1792 3983/4009/1792 3984/4010/1792 3985/4011/1792
f 3986/4012/1793 3987/4013/1793 3988/4014/1793 3989/4015/1793
f 3975/4001/1794 3990/4016/1794 3991/4017/1794 3976/4002/1794
f 3979/4005/1795 3992/4018/1795 3993/4019/1795 3980/4006/1795
f 3983/4009/1796 3994/4020/1796 3995/4021/1796 3984/4010/1796
f 3987/4013/1797 3996/4022/1797 3997/4023/1797 3988/4014/1797
f 3990/4016/1798 3998/4024/1798 3999/4025/1798 3991/4017/1798
f 3992/4018/1799 4000/4026/1799 4001/4027/1799 3993/4019/1799
f 3994/4020/1800 4002/4028/1800 4003/4029/1800 3995/4021/1800
f 3996/4022/1801 4004/4030/1801 4005/4031/1801 3997/4023/1801
f 3982/4008/1784 3985/4011/1784 3974/4000/1784 3977/4003/1784
f 4002/4028/1784 3999/4025/1784 3998/4024/1784 4003/4029/1784
f 3989/4015/1802 3988/4014/1802 3975/4001/1802 3974/4000/1802
f 3988/4014/1803 3997/4023/1803 3990/4016/1803 3975/4001/1803
f 3997/4023/1804 4005/4031/1804 3998/4024/1804 3990/4016/1804
f 4005/4031/1805 4004/4030/1805 4003/4029/1805 3998/4024/1805
f 4004/4030/1806 3996/4022/1806 3995/4021/1806 4003/4029/1806
f 3996/4022/1807 3987/4013/1807 3984/4010/1807 3995/4021/1807
f 3987/4013/1808 3986/4012/1808 3985/4011/1808 3984/4010/1808
f 3986/4012/1809 3989/4015/1809 3974/4000/1809 3985/4011/1809
f 3979/4005/1810 3978/4004/1810 3977/4003/1810 3976/4002/1810
f 3978/4004/1811 3981/4007/1811 3982/4008/1811 3977/4003/1811
f 3981/4007/1812 3980/4006/1812 3983/4009/1812 3982/4008/1812
f 3980/4006/1813 3993/4019/1813 3994/4020/1813 3983/4009/1813
f 3993/4019/1814 4001/4027/1814 4002/4028/1814 3994/4020/1814
f 4001/4027/1815 4000/4026/1815 3999/4025/1815 4002/4028/1815
f 4000/4026/1816 3992/4018/1816 3991/4017/1816 3999/4025/1816
f 3992/4018/1817 3979/4005/1817 3976/4002/1817 3991/4017/1817
f 4006/4032/1780 4007/4033/1780 4008/4034/1780 4009/4035/1780
f 4010/4036/1781 4011/4037/1781 4012/4038/1781 4013/4039/1781
f 4013/4039/1784 4012/4038/1784 4014/4040/1784 4015/4041/1784
f 4015/4041/1783 4014/4040/1783 4016/4042/1783 4017/4043/1783
f 4017/4043/1782 4016/4042/1782 4011/4037/1782 4010/4036/1782
f 4011/4037/1785 4006/4032/1785 4009/4035/1785 4012/4038/1785
f 4012/4038/1788 4009/4035/1788 4008/4034/1788 4014/4040/1788
f 4014/4040/1787 4008/4034/1787 4007/4033/1787 4016/4042/1787
f 4016/4042/1786 4007/4033/1786 4006/4032/1786 4011/4037/1786
f 4010/4036/1789 4018/4044/1789 4019/4045/1789 4017/4043/1789
f 4017/4043/1789 4019/4045/1789 4020/4046/1789 4015/4041/1789
f 4015/4041/1789 4020/4046/1789 4021/4047/1789 4013/4039/1789
f 4013/4039/1789 4021/4047/1789 4018/4044/1789 4010/4036/1789
f 4022/4048/1780 4023/4049/1780 4024/4050/1780 4025/4051/1780
f 4026/4052/1781 4027/4053/1781 4028/4054/1781 4029/4055/1781
f 4029/4055/1784 4028/4054/1784 4030/4056/1784 4031/4057/1784
f 4031/4057/1783 4030/4056/1783 4032/4058/1783 4033/4059/1783
f 4033/4059/1782 4032/4058/1782 4027/4053/1782 4026/4052/1782
f 4027/4053/1785 4022/4048/1785 4025/4051/1785 4028/4054/1785
f 4028/4054/1788 4025/4051/1788 4024/4050/1788 4030/4056/1788
f 4030/4056/1787 4024/4050/1787 4023/4049/1787 4032/4058/1787
f 4032/4058/1786 4023/4049/1786 4022/4048/1786 4027/4053/1786
f 4026/4052/1789 4034/4060/1789 4035/4061/1789 4033/4059/1789
f 4033/4059/1789 4035/4061/1789 4036/4062/1789 4031/4057/1789
f 4031/4057/1789 4036/4062/1789 4037/4063/1789 4029/4055/1789
f 4029/4055/1789 4037/4063/1789 4034/4060/1789 4026/4052/1789
f 4038/4064/1818 4039/4065/1818 4040/4066/1818 4041/4067/1818
f 4042/4068/1791 4043/4069/1791 4044/4070/1791 4045/4071/1791
f 4046/4072/1819 4047/4073/1819 4048/4074/1819 4049/4075/1819
f 4050/4076/1793 4051/4077/1793 4052/4078/1793 4053/4079/1793
f 4041/4067/1820 4040/4066/1820 4054/4080/1820 4055/4081/1820
f 4045/4071/1821 4044/4070/1821 4056/4082/1821 4057/4083/1821
f 4049/4075/1822 4048/4074/1822 4058/4084/1822 4059/4085/1822
f 4053/4079/1823 4052/4078/1823 4060/4086/1823 4061/4087/1823
f 4055/4081/1824 4054/4080/1824 4062/4088/1824 4063/4089/1824
f 4057/4083/1799 4056/4082/1799 4064/4090/1799 4065/4091/1799
f 4059/4085/1825 4058/4084/1825 4066/4092/1825 4067/4093/1825
f 4061/4087/1801 4060/4086/1801 4068/4094/1801 4069/4095/1801
f 4038/4064/1782 4047/4073/1782 4046/4072/1782 4039/4065/1782
f 4067/4093/1782 4066/4092/1782 4063/4089/1782 4062/4088/1782
f 4051/4077/1826 4038/4064/1826 4041/4067/1826 4052/4078/1826
f 4052/4078/1827 4041/4067/1827 4055/4081/1827 4060/4086/1827
f 4060/4086/1828 4055/4081/1828 4063/4089/1828 4068/4094/1828
f 4068/4094/1829 4063/4089/1829 4066/4092/1829 4069/4095/1829
f 4069/4095/1830 4066/4092/1830 4058/4084/1830 4061/4087/1830
f 4061/4087/1831 4058/4084/1831 4048/4074/1831 4053/4079/1831
f 4053/4079/1832 4048/4074/1832 4047/4073/1832 4050/4076/1832
f 4050/4076/1833 4047/4073/1833 4038/4064/1833 4051/4077/1833
f 4045/4071/1834 4040/4066/1834 4039/4065/1834 4042/4068/1834
f 4042/4068/1835 4039/4065/1835 4046/4072/1835 4043/4069/1835
f 4043/4069/1836 4046/4072/1836 4049/4075/1836 4044/4070/1836
f 4044/4070/1837 4049/4075/1837 4059/4085/1837 4056/4082/1837
f 4056/4082/1838 4059/4085/1838 4067/4093/1838 4064/4090/1838
f 4064/4090/1839 4067/4093/1839 4062/4088/1839 4065/4091/1839
f 4065/4091/1840 4062/4088/1840 4054/4080/1840 4057/4083/1840
f 4057/4083/1841 4054/4080/1841 4040/4066/1841 4045/4071/1841
f 4070/4096/1842 4071/4097/1842 4072/4098/1842 4073/4099/1842
f 4073/4099/1843 4072/4098/1843 4074/4100/1843 4075/4101/1843
f 4075/4101/1844 4074/4100/1844 4076/4102/1844 4077/4103/1844
f 4077/4103/1845 4076/4102/1845 4071/4097/1845 4070/4096/1845
f 4075/4101/1846 4077/4103/1846 4070/4096/1846 4073/4099/1846
f 4074/4100/1847 4072/4098/1847 4071/4097/1847 4076/4102/1847
f 4078/4104/1842 4079/4105/1842 4080/4106/1842 4081/4107/1842
f 4082/4108/1848 4083/4109/1848 4084/4110/1848 4085/4111/1848
f 4085/4111/1844 4084/4110/1844 4086/4112/1844 4087/4113/1844
f 4087/4113/1849 4086/4112/1849 4088/4114/1849 4089/4115/1849
f 4085/4111/1850 4087/4113/1850 4089/4115/1850 4082/4108/1850
f 4084/4110/1851 4083/4109/1851 4088/4114/1851 4086/4112/1851
f 4089/4115/1852 4088/4114/1852 4079/4105/1852 4078/4104/1852
f 4088/4114/1853 4083/4109/1853 4080/4106/1853 4079/4105/1853
f 4083/4109/1854 4082/4108/1854 4081/4107/1854 4080/4106/1854
f 4082/4108/1855 4089/4115/1855 4078/4104/1855 4081/4107/1855
f 4090/4116/1842 4091/4117/1842 4092/4118/1842 4093/4119/1842
f 4093/4119/1843 4092/4118/1843 4094/4120/1843 4095/4121/1843
f 4095/4121/1844 4094/4120/1844 4096/4122/1844 4097/4123/1844
f 4097/4123/1845 4096/4122/1845 4091/4117/1845 4090/4116/1845
f 4095/4121/1846 4097/4123/1846 4090/4116/1846 4093/4119/1846
f 4094/4120/1847 4092/4118/1847 4091/4117/1847 4096/4122/1847
f 4098/4124/1842 4099/4125/1842 4100/4126/1842 4101/4127/1842
f 4102/4128/1848 4103/4129/1848 4104/4130/1848 4105/4131/1848
f 4105/4131/1844 4104/4130/1844 4106/4132/1844 4107/4133/1844
f 4107/4133/1849 4106/4132/1849 4108/4134/1849 4109/4135/1849
f 4105/4131/1850 4107/4133/1850 4109/4135/1850 4102/4128/1850
f 4104/4130/1851 4103/4129/1851 4108/4134/1851 4106/4132/1851
f 4109/4135/1856 4108/4134/1856 4099/4125/1856 4098/4124/1856
f 4108/4134/1857 4103/4129/1857 4100/4126/1857 4099/4125/1857
f 4103/4129/1854 4102/4128/1854 4101/4127/1854 4100/4126/1854
f 4102/4128/1855 4109/4135/1855 4098/4124/1855 4101/4127/1855
f 4110/4136/1858 4111/4137/1858 4112/4138/1859
f 4112/4138/1859 4113/4139/1858 4110/4136/1858
f 4113/4139/1858 4112/4138/1859 4114/4140/1858
f 4114/4140/1858 4115/4141/1858 4116/4142/1858
f 4113/4139/1858 4114/4140/1858 4116/4142/1858
f 4117/4143/1860 4118/4144/1860 4119/4145/1860
f 4119/4145/1861 4120/4146/1861 4117/4143/1861
f 4121/4147/1862 4117/4143/1862 4120/4146/1862
f 4120/4146/1863 4122/4148/1863 4121/4147/1863
f 4123/4149/1864 4121/4147/1864 4122/4148/1864
f 4122/4148/1865 4124/4150/1865 4123/4149/1865
f 4125/4151/1866 4126/4152/1866 4127/4153/1866
f 4128/4154/1867 4125/4151/1866 4127/4153/1866
f 4124/4150/1867 4128/4154/1867 4127/4153/1866
f 4124/4150/1868 4127/4153/1868 4123/4149/1868
f 4129/4155/1869 4130/4156/1869 4127/4153/1869
f 4127/4153/1869 4126/4152/1869 4129/4155/1869
f 4131/4157/1870 4132/4158/1870 4133/4159/1870
f 4133/4159/1870 4134/4160/1870 4131/4157/1870
f 4135/4161/1871 4136/4162/1871 4132/4158/1871
f 4132/4158/1871 4131/4157/1871 4135/4161/1871
f 4137/4163/1872 4136/4162/1872 4135/4161/1872
f 4135/4161/1873 4138/4164/1873 4137/4163/1873
f 4139/4165/1874 4137/4163/1874 4138/4164/1874
f 4138/4164/1875 4140/4166/1875 4139/4165/1875
f 4140/4166/1876 4134/4160/1876 4133/4159/1876
f 4133/4159/1876 4139/4165/1876 4140/4166/1876
f 4141/4167/1877 4142/4168/1877 4124/4150/1877
f 4124/4150/1878 4122/4148/1878 4141/4167/1878
f 4143/4169/1879 4144/4170/1879 4142/4168/1879
f 4142/4168/1880 4141/4167/1880 4143/4169/1880
f 4145/4171/1881 4146/4172/1881 4147/4173/1881
f 4148/4174/1881 4145/4171/1881 4147/4173/1881
f 4149/4175/1881 4148/4174/1881 4147/4173/1881
f 4149/4175/1882 4147/4173/1882 4150/4176/1882
f 4151/4177/1883 4152/4178/1883 4122/4148/1883
f 4122/4148/1883 4120/4146/1883 4151/4177/1883
f 4119/4145/1884 4153/4179/1884 4151/4177/1884
f 4151/4177/1884 4120/4146/1884 4119/4145/1884
f 4144/4170/1885 4154/4180/1885 4155/4181/1885
f 4155/4181/1885 4142/4168/1885 4144/4170/1885
f 4148/4174/1886 4156/4182/1886 4157/4183/1887
f 4157/4183/1887 4145/4171/1887 4148/4174/1886
f 4148/4174/1888 4125/4151/1888 4158/4184/1888
f 4158/4184/1888 4156/4182/1888 4148/4174/1888
f 4128/4154/1889 4159/4185/1889 4158/4184/1890
f 4158/4184/1890 4125/4151/1890 4128/4154/1889
f 4160/4186/1891 4161/4187/1891 4159/4185/1891
f 4159/4185/1891 4128/4154/1891 4160/4186/1891
f 4160/4186/1892 4145/4171/1892 4157/4183/1892
f 4157/4183/1892 4161/4187/1892 4160/4186/1892
f 4141/4167/1893 4122/4148/1893 4152/4178/1893
f 4152/4178/1893 4162/4188/1893 4141/4167/1893
f 4141/4167/1894 4162/4188/1895 4163/4189/1895
f 4163/4189/1895 4143/4169/1894 4141/4167/1894
f 4146/4172/1896 4164/4190/1896 4165/4191/1896
f 4165/4191/1896 4147/4173/1896 4146/4172/1896
f 4166/4192/1897 4167/4193/1897 4168/4194/1898
f 4168/4194/1898 4169/4195/1897 4166/4192/1897
f 4170/4196/1897 4168/4194/1898 4167/4193/1897
f 4170/4196/1897 4167/4193/1897 4171/4197/1897
f 4170/4196/1897 4171/4197/1897 4172/4198/1897
f 4173/4199/1899 4151/4177/1899 4153/4179/1899
f 4153/4179/1900 4174/4200/1900 4173/4199/1900
f 4175/4201/1901 4152/4178/1901 4151/4177/1901
f 4151/4177/1902 4173/4199/1902 4175/4201/1902
f 4176/4202/1903 4177/4203/1903 4152/4178/1903
f 4152/4178/1904 4175/4201/1904 4176/4202/1904
f 4177/4203/1905 4176/4202/1905 4178/4204/1905
f 4178/4204/1906 4179/4205/1906 4180/4206/1906
f 4178/4204/1906 4180/4206/1906 4181/4207/1907
f 4177/4203/1907 4178/4204/1906 4181/4207/1907
f 4178/4204/1908 4182/4208/1908 4183/4209/1908
f 4183/4209/1908 4179/4205/1908 4178/4204/1908
f 4184/4210/1909 4185/4211/1909 4186/4212/1909
f 4186/4212/1909 4187/4213/1909 4184/4210/1909
f 4185/4211/1910 4188/4214/1910 4189/4215/1910
f 4189/4215/1910 4186/4212/1910 4185/4211/1910
f 4190/4216/1911 4191/4217/1911 4189/4215/1911
f 4189/4215/1912 4188/4214/1912 4190/4216/1912
f 4192/4218/1913 4193/4219/1913 4191/4217/1913
f 4191/4217/1914 4190/4216/1914 4192/4218/1914
f 4193/4219/1915 4192/4218/1915 4184/4210/1915
f 4184/4210/1915 4187/4213/1915 4193/4219/1915
f 4162/4188/1916 4152/4178/1916 4177/4203/1916
f 4177/4203/1917 4155/4181/1917 4162/4188/1917
f 4163/4189/1918 4162/4188/1918 4155/4181/1918
f 4155/4181/1919 4154/4180/1919 4163/4189/1919
f 4194/4220/1920 4195/4221/1920 4165/4191/1920
f 4165/4191/1921 4164/4190/1921 4196/4222/1921
f 4165/4191/1921 4196/4222/1921 4197/4223/1921
f 4194/4220/1921 4165/4191/1921 4197/4223/1921
f 4198/4224/1922 4199/4225/1922 4200/4226/1922
f 4200/4226/1922 4201/4227/1922 4198/4224/1922
f 4142/4168/1893 4155/4181/1893 4177/4203/1893
f 4177/4203/1893 4124/4150/1893 4142/4168/1893
f 4202/4228/1923 4203/4229/1923 4204/4230/1923
f 4204/4230/1923 4205/4231/1923 4202/4228/1923
f 4206/4232/1924 4207/4233/1924 4208/4234/1924
f 4208/4234/1924 4209/4235/1924 4206/4232/1924
f 4210/4236/1897 4211/4237/1897 4212/4238/1897
f 4210/4236/1897 4212/4238/1897 4213/4239/1897
f 4210/4236/1897 4213/4239/1897 4214/4240/1897
f 4215/4241/1925 4216/4242/1926 4201/4227/1927
f 4215/4241/1925 4201/4227/1927 4200/4226/1928
f 4215/4241/1925 4200/4226/1928 4217/4243/1929
f 4211/4237/1930 4210/4236/1931 4197/4223/1931
f 4197/4223/1931 4196/4222/1930 4211/4237/1930
f 4197/4223/1932 4210/4236/1932 4214/4240/1932
f 4214/4240/1932 4180/4206/1932 4197/4223/1932
f 4214/4240/1933 4213/4239/1933 4181/4207/1933
f 4181/4207/1933 4180/4206/1933 4214/4240/1933
f 4213/4239/1934 4212/4238/1935 4218/4244/1935
f 4218/4244/1935 4181/4207/1934 4213/4239/1934
f 4218/4244/1936 4212/4238/1936 4211/4237/1936
f 4211/4237/1936 4196/4222/1936 4218/4244/1936
f 4202/4228/1937 4205/4231/1937 4219/4245/1937
f 4219/4245/1937 4220/4246/1937 4202/4228/1937
f 4221/4247/1938 4222/4248/1938 4223/4249/1938
f 4223/4249/1938 4224/4250/1938 4221/4247/1938
f 4222/4248/1939 4225/4251/1939 4226/4252/1939
f 4226/4252/1939 4223/4249/1939 4222/4248/1939
f 4226/4252/1937 4225/4251/1937 4227/4253/1937
f 4227/4253/1937 4228/4254/1937 4226/4252/1937
f 4227/4253/1940 4229/4255/1940 4230/4256/1940
f 4230/4256/1940 4228/4254/1940 4227/4253/1940
f 4230/4256/1941 4229/4255/1941 4231/4257/1941
f 4231/4257/1941 4232/4258/1941 4230/4256/1941
f 4221/4247/1942 4224/4250/1942 4233/4259/1942
f 4233/4259/1942 4234/4260/1942 4221/4247/1942
f 4219/4245/1943 4235/4261/1943 4236/4262/1943
f 4236/4262/1943 4220/4246/1943 4219/4245/1943
f 4132/4158/1858 4130/4156/1858 4118/4144/1858
f 4133/4159/1858 4132/4158/1858 4118/4144/1858
f 4133/4159/1858 4118/4144/1858 4117/4143/1858
f 4139/4165/1858 4133/4159/1858 4117/4143/1858
f 4139/4165/1858 4117/4143/1858 4121/4147/1858
f 4130/4156/1858 4132/4158/1858 4136/4162/1858
f 4127/4153/1858 4130/4156/1858 4136/4162/1858
f 4127/4153/1858 4136/4162/1858 4137/4163/1858
f 4123/4149/1858 4127/4153/1858 4137/4163/1858
f 4121/4147/1858 4123/4149/1858 4137/4163/1858
f 4139/4165/1858 4121/4147/1858 4137/4163/1858
f 4161/4187/1858 4157/4183/1858 4156/4182/1858
f 4159/4185/1858 4161/4187/1858 4156/4182/1858
f 4159/4185/1858 4156/4182/1858 4158/4184/1858
f 4198/4224/1944 4237/4263/1945 4238/4264/1946
f 4199/4225/1947 4198/4224/1944 4238/4264/1946
f 4199/4225/1947 4238/4264/1946 4239/4265/1948
f 4182/4208/1897 4188/4214/1897 4185/4211/1897
f 4174/4200/1897 4182/4208/1897 4185/4211/1897
f 4174/4200/1897 4185/4211/1897 4184/4210/1897
f 4173/4199/1897 4174/4200/1897 4184/4210/1897
f 4173/4199/1897 4184/4210/1897 4192/4218/1897
f 4188/4214/1897 4182/4208/1897 4178/4204/1897
f 4190/4216/1897 4188/4214/1897 4178/4204/1897
f 4190/4216/1897 4178/4204/1897 4176/4202/1897
f 4190/4216/1897 4176/4202/1897 4175/4201/1897
f 4192/4218/1897 4190/4216/1897 4175/4201/1897
f 4173/4199/1897 4192/4218/1897 4175/4201/1897
f 4149/4175/1949 4240/4266/1949 4241/4267/1949
f 4242/4268/1949 4149/4175/1949 4241/4267/1949
f 4243/4269/1949 4242/4268/1949 4241/4267/1949
f 4243/4269/1949 4241/4267/1949 4194/4220/1949
f 4243/4269/1949 4194/4220/1949 4244/4270/1949
f 4243/4269/1949 4244/4270/1949 4245/4271/1949
f 4246/4272/1897 4247/4273/1897 4248/4274/1897
f 4246/4272/1897 4248/4274/1897 4249/4275/1897
f 4246/4272/1897 4249/4275/1897 4250/4276/1897
f 4246/4272/1897 4250/4276/1897 4251/4277/1897
f 4246/4272/1858 4251/4277/1858 4252/4278/1858
f 4253/4279/1897 4254/4280/1897 4209/4235/1898
f 4255/4281/1897 4253/4279/1897 4209/4235/1898
f 4252/4278/1950 4255/4281/1897 4209/4235/1898
f 4252/4278/1950 4209/4235/1898 4208/4234/1951
f 4246/4272/1952 4252/4278/1950 4208/4234/1951
f 4202/4228/1953 4220/4246/1953 4236/4262/1953
f 4202/4228/1953 4236/4262/1953 4256/4282/1953
f 4202/4228/1953 4256/4282/1953 4203/4229/1953
f 4235/4261/1954 4219/4245/1954 4205/4231/1954
f 4257/4283/1954 4235/4261/1954 4205/4231/1954
f 4257/4283/1954 4205/4231/1954 4204/4230/1954
f 4206/4232/1955 4258/4284/1858 4259/4285/1956
f 4207/4233/1957 4206/4232/1955 4259/4285/1956
f 4207/4233/1957 4259/4285/1956 4260/4286/1958
f 4207/4233/1957 4260/4286/1958 4261/4287/1959
f 4207/4233/1957 4261/4287/1959 4262/4288/1960
f 4263/4289/1961 4207/4233/1957 4262/4288/1960
f 4263/4289/1961 4262/4288/1960 4264/4290/1858
f 4263/4289/1961 4264/4290/1858 4265/4291/1858
f 4266/4292/1858 4263/4289/1961 4265/4291/1858
f 4266/4292/1858 4265/4291/1858 4267/4293/1858
f 4256/4282/1962 4236/4262/1962 4235/4261/1962
f 4233/4259/1962 4256/4282/1962 4235/4261/1962
f 4233/4259/1962 4235/4261/1962 4257/4283/1962
f 4233/4259/1962 4257/4283/1962 4234/4260/1962
f 4240/4266/1949 4149/4175/1949 4150/4176/1949
f 4150/4176/1949 4268/4294/1949 4240/4266/1949
f 4195/4221/1949 4194/4220/1949 4241/4267/1949
f 4241/4267/1949 4269/4295/1949 4195/4221/1949
f 4231/4257/1963 4269/4295/1963 4241/4267/1963
f 4241/4267/1964 4240/4266/1964 4268/4294/1964
f 4231/4257/1963 4241/4267/1963 4268/4294/1963
f 4231/4257/1963 4268/4294/1963 4232/4258/1963
f 4268/4294/1965 4150/4176/1965 4263/4289/1965
f 4263/4289/1965 4266/4292/1965 4268/4294/1965
f 4150/4176/1966 4147/4173/1966 4207/4233/1966
f 4207/4233/1967 4263/4289/1967 4150/4176/1967
f 4147/4173/1968 4165/4191/1968 4208/4234/1968
f 4208/4234/1968 4207/4233/1968 4147/4173/1968
f 4165/4191/1969 4195/4221/1969 4246/4272/1969
f 4246/4272/1970 4208/4234/1970 4165/4191/1970
f 4195/4221/1971 4269/4295/1972 4247/4273/1972
f 4247/4273/1972 4246/4272/1971 4195/4221/1971
f 4269/4295/1973 4231/4257/1974 4248/4274/1974
f 4248/4274/1974 4247/4273/1973 4269/4295/1973
f 4231/4257/1975 4229/4255/1976 4249/4275/1976
f 4249/4275/1976 4248/4274/1975 4231/4257/1975
f 4229/4255/1977 4227/4253/1978 4250/4276/1978
f 4250/4276/1978 4249/4275/1979 4229/4255/1977
f 4227/4253/1980 4225/4251/1981 4251/4277/1981
f 4251/4277/1981 4250/4276/1980 4227/4253/1980
f 4225/4251/1982 4222/4248/1983 4252/4278/1984
f 4252/4278/1984 4251/4277/1982 4225/4251/1982
f 4222/4248/1985 4221/4247/1986 4255/4281/1986
f 4255/4281/1986 4252/4278/1985 4222/4248/1985
f 4221/4247/1987 4234/4260/1988 4253/4279/1989
f 4253/4279/1989 4255/4281/1987 4221/4247/1987
f 4234/4260/1990 4257/4283/1990 4254/4280/1990
f 4254/4280/1990 4253/4279/1990 4234/4260/1990
f 4257/4283/1981 4204/4230/1980 4209/4235/1980
f 4209/4235/1980 4254/4280/1981 4257/4283/1981
f 4204/4230/1991 4203/4229/1991 4206/4232/1991
f 4206/4232/1991 4209/4235/1991 4204/4230/1991
f 4203/4229/1992 4256/4282/1993 4258/4284/1993
f 4258/4284/1993 4206/4232/1992 4203/4229/1992
f 4256/4282/1994 4233/4259/1995 4259/4285/1995
f 4259/4285/1995 4258/4284/1994 4256/4282/1994
f 4233/4259/1996 4224/4250/1997 4260/4286/1997
f 4260/4286/1997 4259/4285/1996 4233/4259/1996
f 4224/4250/1998 4223/4249/1999 4261/4287/2000
f 4261/4287/2000 4260/4286/1998 4224/4250/1998
f 4223/4249/2001 4226/4252/2002 4262/4288/2002
f 4262/4288/2002 4261/4287/2003 4223/4249/2001
f 4226/4252/2004 4228/4254/2005 4264/4290/2005
f 4264/4290/2005 4262/4288/2004 4226/4252/2004
f 4228/4254/2006 4230/4256/2007 4265/4291/2007
f 4265/4291/2007 4264/4290/2006 4228/4254/2006
f 4230/4256/2008 4232/4258/2009 4267/4293/2009
f 4267/4293/2009 4265/4291/2008 4230/4256/2008
f 4232/4258/2010 4268/4294/2011 4266/4292/2011
f 4266/4292/2011 4267/4293/2010 4232/4258/2010
f 4242/4268/2012 4243/4269/2012 4110/4136/2012
f 4110/4136/2012 4113/4139/2012 4242/4268/2012
f 4129/4155/2013 4126/4152/2013 4112/4138/2013
f 4112/4138/2013 4111/4137/2013 4129/4155/2013
f 4126/4152/2014 4125/4151/2015 4114/4140/2015
f 4114/4140/2015 4112/4138/2014 4126/4152/2014
f 4125/4151/2016 4148/4174/2016 4115/4141/2016
f 4115/4141/2016 4114/4140/2016 4125/4151/2016
f 4148/4174/2017 4149/4175/2018 4116/4142/2018
f 4116/4142/2018 4115/4141/2017 4148/4174/2017
f 4149/4175/1965 4242/4268/2012 4113/4139/2012
f 4113/4139/2012 4116/4142/1965 4149/4175/1965
f 4179/4205/2019 4183/4209/2019 4169/4195/2019
f 4169/4195/2019 4168/4194/2019 4179/4205/2019
f 4245/4271/1972 4244/4270/1972 4167/4193/1972
f 4167/4193/1972 4166/4192/1972 4245/4271/1972
f 4244/4270/1972 4194/4220/1972 4171/4197/1972
f 4171/4197/1972 4167/4193/1972 4244/4270/1972
f 4194/4220/2020 4197/4223/2021 4172/4198/2021
f 4172/4198/2021 4171/4197/2022 4194/4220/2020
f 4197/4223/2023 4180/4206/2023 4170/4196/2023
f 4170/4196/2023 4172/4198/2023 4197/4223/2023
f 4180/4206/2024 4179/4205/2024 4168/4194/2024
f 4168/4194/2024 4170/4196/2024 4180/4206/2024
f 4128/4154/2025 4124/4150/2025 4199/4225/2025
f 4199/4225/2026 4239/4265/2026 4128/4154/2026
f 4124/4150/2027 4177/4203/2027 4200/4226/2027
f 4200/4226/2027 4199/4225/2027 4124/4150/2027
f 4177/4203/2024 4181/4207/2024 4217/4243/2024
f 4217/4243/2028 4200/4226/2028 4177/4203/2028
f 4181/4207/2029 4218/4244/2030 4215/4241/2030
f 4215/4241/2030 4217/4243/2029 4181/4207/2029
f 4218/4244/2031 4196/4222/2032 4216/4242/2032
f 4216/4242/2032 4215/4241/2031 4218/4244/2031
f 4196/4222/2033 4164/4190/2033 4201/4227/2033
f 4201/4227/2034 4216/4242/2034 4196/4222/2034
f 4164/4190/2035 4146/4172/2035 4198/4224/2035
f 4198/4224/2035 4201/4227/2035 4164/4190/2035
f 4146/4172/2036 4145/4171/2036 4237/4263/2036
f 4237/4263/2037 4198/4224/2037 4146/4172/2037
f 4145/4171/2038 4160/4186/2039 4238/4264/2039
f 4238/4264/2039 4237/4263/2038 4145/4171/2038
f 4160/4186/2040 4128/4154/2041 4239/4265/2041
f 4239/4265/2041 4238/4264/2040 4160/4186/2040
f 4270/4296/1858 4271/4297/1858 4272/4298/1858
f 4273/4299/1858 4274/4300/1858 4275/4301/1858
f 4276/4302/1858 4277/4303/1858 4278/4304/1858
f 4279/4305/1858 4280/4306/1858 4281/4307/1858
f 4282/4308/2042 4283/4309/2042 4284/4310/2043
f 4284/4310/2043 4129/4155/2043 4282/4308/2042
f 4270/4296/2044 4285/4311/2045 4286/4312/2045
f 4286/4312/2045 4271/4297/2044 4270/4296/2044
f 4245/4271/2046 4287/4313/2046 4288/4314/2046
f 4288/4314/2046 4243/4269/2046 4245/4271/2046
f 4288/4314/2047 4287/4313/2047 4285/4311/2047
f 4285/4311/2047 4270/4296/2047 4288/4314/2047
f 4273/4299/2047 4272/4298/2047 4289/4315/2047
f 4289/4315/2047 4290/4316/2047 4273/4299/2047
f 4272/4298/2048 4271/4297/2048 4286/4312/2048
f 4286/4312/2048 4289/4315/2048 4272/4298/2048
f 4285/4311/1897 4289/4315/1897 4286/4312/1897
f 4290/4316/1897 4291/4317/1897 4292/4318/1897
f 4293/4319/1897 4294/4320/1897 4295/4321/1897
f 4296/4322/1897 4297/4323/1897 4298/4324/1897
f 4281/4307/2049 4280/4306/2049 4298/4324/2049
f 4298/4324/2049 4297/4323/2049 4281/4307/2049
f 4299/4325/2050 4300/4326/2050 4301/4327/2050
f 4301/4327/2050 4183/4209/2050 4299/4325/2050
f 4281/4307/2047 4297/4323/2047 4302/4328/2047
f 4302/4328/2047 4303/4329/2047 4281/4307/2047
f 4279/4305/2047 4278/4304/2047 4294/4320/2047
f 4294/4320/2047 4296/4322/2047 4279/4305/2047
f 4280/4306/2051 4279/4305/2051 4296/4322/2051
f 4296/4322/2051 4298/4324/2051 4280/4306/2051
f 4276/4302/2047 4275/4301/2047 4291/4317/2047
f 4291/4317/2047 4293/4319/2047 4276/4302/2047
f 4301/4327/2052 4282/4308/2052 4303/4329/2052
f 4303/4329/2052 4302/4328/2052 4301/4327/2052
f 4277/4303/2053 4276/4302/2053 4293/4319/2053
f 4293/4319/2053 4295/4321/2053 4277/4303/2053
f 4274/4300/2054 4273/4299/2054 4290/4316/2054
f 4290/4316/2054 4292/4318/2054 4274/4300/2054
f 4274/4300/2055 4292/4318/2055 4291/4317/2055
f 4291/4317/2055 4275/4301/2055 4274/4300/2055
f 4295/4321/2056 4294/4320/2056 4278/4304/2057
f 4278/4304/2057 4277/4303/2057 4295/4321/2056
f 4281/4307/2058 4303/4329/2059 4282/4308/2060
f 4279/4305/2059 4281/4307/2058 4282/4308/2060
f 4278/4304/2058 4279/4305/2059 4282/4308/2060
f 4276/4302/2060 4278/4304/2058 4282/4308/2060
f 4275/4301/2061 4276/4302/2060 4282/4308/2060
f 4273/4299/2060 4275/4301/2061 4282/4308/2060
f 4272/4298/2062 4273/4299/2060 4282/4308/2060
f 4270/4296/2061 4272/4298/2062 4282/4308/2060
f 4270/4296/2063 4282/4308/2063 4129/4155/2063
f 4288/4314/2064 4270/4296/2064 4129/4155/2064
f 4288/4314/2065 4129/4155/2065 4243/4269/2065
f 4301/4327/2066 4302/4328/2066 4297/4323/2067
f 4301/4327/2066 4297/4323/2067 4296/4322/2066
f 4301/4327/2066 4296/4322/2066 4294/4320/2067
f 4301/4327/2066 4294/4320/2067 4293/4319/2067
f 4301/4327/2066 4293/4319/2067 4291/4317/2068
f 4301/4327/2066 4291/4317/2068 4290/4316/2066
f 4301/4327/2066 4290/4316/2066 4289/4315/2069
f 4301/4327/2066 4289/4315/2069 4285/4311/2070
f 4183/4209/2071 4301/4327/2071 4285/4311/2071
f 4183/4209/2072 4285/4311/2072 4287/4313/2072
f 4183/4209/2073 4287/4313/2073 4245/4271/2073
f 4243/4269/2074 4129/4155/2075 4111/4137/2075
f 4111/4137/2075 4110/4136/2074 4243/4269/2074
f 4183/4209/2076 4245/4271/2077 4166/4192/2077
f 4166/4192/2077 4169/4195/2076 4183/4209/2076
f 4304/4330/2078 4305/4331/2078 4306/4332/2078 4307/4333/2078
f 4308/4334/2079 4309/4335/2079 4310/4336/2079 4311/4337/2079
f 4304/4330/2080 4307/4333/2080 4312/4338/2080 4313/4339/2080
f 4307/4333/2081 4306/4332/2081 4314/4340/2081 4312/4338/2081
f 4306/4332/2082 4305/4331/2082 4315/4341/2082 4314/4340/2082
f 4305/4331/2083 4304/4330/2083 4313/4339/2083 4315/4341/2083
f 4313/4339/2084 4312/4338/2084 4309/4335/2084 4308/4334/2084
f 4312/4338/2085 4314/4340/2085 4310/4336/2085 4309/4335/2085
f 4314/4340/2086 4315/4341/2086 4311/4337/2086 4310/4336/2086
f 4315/4341/2087 4313/4339/2087 4308/4334/2087 4311/4337/2087
f 4316/4342/2078 4317/4343/2078 4318/4344/2078 4319/4345/2078
f 4320/4346/2079 4321/4347/2079 4322/4348/2079 4323/4349/2079
f 4316/4342/2080 4319/4345/2080 4324/4350/2080 4325/4351/2080
f 4319/4345/2081 4318/4344/2081 4326/4352/2081 4324/4350/2081
f 4318/4344/2082 4317/4343/2082 4327/4353/2082 4326/4352/2082
f 4317/4343/2083 4316/4342/2083 4325/4351/2083 4327/4353/2083
f 4325/4351/2084 4324/4350/2084 4321/4347/2084 4320/4346/2084
f 4324/4350/2088 4326/4352/2088 4322/4348/2088 4321/4347/2088
f 4326/4352/2086 4327/4353/2086 4323/4349/2086 4322/4348/2086
f 4327/4353/2089 4325/4351/2089 4320/4346/2089 4323/4349/2089
f 4328/4354/2079 4329/4355/2079 4330/4356/2079 4331/4357/2079
f 4332/4358/2078 4333/4359/2078 4334/4360/2078 4335/4361/2078
f 4328/4354/2080 4336/4362/2080 4337/4363/2080 4329/4355/2080
f 4329/4355/2081 4337/4363/2081 4338/4364/2081 4330/4356/2081
f 4330/4356/2082 4338/4364/2082 4339/4365/2082 4331/4357/2082
f 4331/4357/2083 4339/4365/2083 4336/4362/2083 4328/4354/2083
f 4336/4362/2090 4332/4358/2090 4335/4361/2090 4337/4363/2090
f 4337/4363/2091 4335/4361/2091 4334/4360/2091 4338/4364/2091
f 4338/4364/2092 4334/4360/2092 4333/4359/2092 4339/4365/2092
f 4339/4365/2093 4333/4359/2093 4332/4358/2093 4336/4362/2093
f 4340/4366/2079 4341/4367/2079 4342/4368/2079 4343/4369/2079
f 4344/4370/2078 4345/4371/2078 4346/4372/2078 4347/4373/2078
f 4340/4366/2080 4348/4374/2080 4349/4375/2080 4341/4367/2080
f 4341/4367/2081 4349/4375/2081 4350/4376/2081 4342/4368/2081
f 4342/4368/2082 4350/4376/2082 4351/4377/2082 4343/4369/2082
f 4343/4369/2083 4351/4377/2083 4348/4374/2083 4340/4366/2083
f 4348/4374/2090 4344/4370/2090 4347/4373/2090 4349/4375/2090
f 4349/4375/2094 4347/4373/2094 4346/4372/2094 4350/4376/2094
f 4350/4376/2095 4346/4372/2095 4345/4371/2095 4351/4377/2095
f 4351/4377/2093 4345/4371/2093 4344/4370/2093 4348/4374/2093
f 4352/4378/2078 4353/4379/2078 4354/4380/2078 4355/4381/2078
f 4356/4382/2079 4357/4383/2079 4358/4384/2079 4359/4385/2079
f 4352/4378/2080 4355/4381/2080 4360/4386/2080 4361/4387/2080
f 4355/4381/2081 4354/4380/2081 4362/4388/2081 4360/4386/2081
f 4354/4380/2082 4353/4379/2082 4363/4389/2082 4362/4388/2082
f 4353/4379/2083 4352/4378/2083 4361/4387/2083 4363/4389/2083
f 4361/4387/2084 4360/4386/2084 4357/4383/2084 4356/4382/2084
f 4360/4386/2085 4362/4388/2085 4358/4384/2085 4357/4383/2085
f 4362/4388/2086 4363/4389/2086 4359/4385/2086 4358/4384/2086
f 4363/4389/2089 4361/4387/2089 4356/4382/2089 4359/4385/2089
f 4364/4390/2079 4365/4391/2079 4366/4392/2079 4367/4393/2079
f 4368/4394/2078 4369/4395/2078 4370/4396/2078 4371/4397/2078
f 4364/4390/2080 4372/4398/2080 4373/4399/2080 4365/4391/2080
f 4365/4391/2081 4373/4399/2081 4374/4400/2081 4366/4392/2081
f 4366/4392/2082 4374/4400/2082 4375/4401/2082 4367/4393/2082
f 4367/4393/2083 4375/4401/2083 4372/4398/2083 4364/4390/2083
f 4372/4398/2090 4368/4394/2090 4371/4397/2090 4373/4399/2090
f 4373/4399/2091 4371/4397/2091 4370/4396/2091 4374/4400/2091
f 4374/4400/2095 4370/4396/2095 4369/4395/2095 4375/4401/2095
f 4375/4401/2096 4369/4395/2096 4368/4394/2096 4372/4398/2096
f 4376/4402/2078 4377/4403/2078 4378/4404/2078 4379/4405/2078
f 4380/4406/2079 4381/4407/2079 4382/4408/2079 4383/4409/2079
f 4376/4402/2080 4379/4405/2080 4384/4410/2080 4385/4411/2080
f 4379/4405/2081 4378/4404/2081 4386/4412/2081 4384/4410/2081
f 4378/4404/2082 4377/4403/2082 4387/4413/2082 4386/4412/2082
f 4377/4403/2083 4376/4402/2083 4385/4411/2083 4387/4413/2083
f 4385/4411/2097 4384/4410/2097 4381/4407/2097 4380/4406/2097
f 4384/4410/2085 4386/4412/2085 4382/4408/2085 4381/4407/2085
f 4386/4412/2086 4387/4413/2086 4383/4409/2086 4382/4408/2086
f 4387/4413/2087 4385/4411/2087 4380/4406/2087 4383/4409/2087
f 4388/4414/2079 4389/4415/2079 4390/4416/2079 4391/4417/2079
f 4392/4418/2078 4393/4419/2078 4394/4420/2078 4395/4421/2078
f 4388/4414/2080 4396/4422/2080 4397/4423/2080 4389/4415/2080
f 4389/4415/2081 4397/4423/2081 4398/4424/2081 4390/4416/2081
f 4390/4416/2082 4398/4424/2082 4399/4425/2082 4391/4417/2082
f 4391/4417/2083 4399/4425/2083 4396/4422/2083 4388/4414/2083
f 4396/4422/2090 4392/4418/2090 4395/4421/2090 4397/4423/2090
f 4397/4423/2094 4395/4421/2094 4394/4420/2094 4398/4424/2094
f 4398/4424/2095 4394/4420/2095 4393/4419/2095 4399/4425/2095
f 4399/4425/2096 4393/4419/2096 4392/4418/2096 4396/4422/2096
f 4400/4426/2078 4401/4427/2078 4402/4428/2078 4403/4429/2078
f 4404/4430/2079 4405/4431/2079 4406/4432/2079 4407/4433/2079
f 4400/4426/2080 4403/4429/2080 4408/4434/2080 4409/4435/2080
f 4403/4429/2081 4402/4428/2081 4410/4436/2081 4408/4434/2081
f 4402/4428/2082 4401/4427/2082 4411/4437/2082 4410/4436/2082
f 4401/4427/2083 4400/4426/2083 4409/4435/2083 4411/4437/2083
f 4409/4435/2097 4408/4434/2097 4405/4431/2097 4404/4430/2097
f 4408/4434/2098 4410/4436/2098 4406/4432/2098 4405/4431/2098
f 4410/4436/2099 4411/4437/2099 4407/4433/2099 4406/4432/2099
f 4411/4437/2100 4409/4435/2100 4404/4430/2100 4407/4433/2100
f 4412/4438/2079 4413/4439/2079 4414/4440/2079 4415/4441/2079
f 4416/4442/2078 4417/4443/2078 4418/4444/2078 4419/4445/2078
f 4412/4438/2080 4420/4446/2080 4421/4447/2080 4413/4439/2080
f 4413/4439/2081 4421/4447/2081 4422/4448/2081 4414/4440/2081
f 4414/4440/2082 4422/4448/2082 4423/4449/2082 4415/4441/2082
f 4415/4441/2083 4423/4449/2083 4420/4446/2083 4412/4438/2083
f 4420/4446/2090 4416/4442/2090 4419/4445/2090 4421/4447/2090
f 4421/4447/2094 4419/4445/2094 4418/4444/2094 4422/4448/2094
f 4422/4448/2095 4418/4444/2095 4417/4443/2095 4423/4449/2095
f 4423/4449/2096 4417/4443/2096 4416/4442/2096 4420/4446/2096
f 4424/4450/2078 4425/4451/2078 4426/4452/2078 4427/4453/2078
f 4428/4454/2079 4429/4455/2079 4430/4456/2079 4431/4457/2079
f 4424/4450/2080 4427/4453/2080 4432/4458/2080 4433/4459/2080
f 4427/4453/2081 4426/4452/2081 4434/4460/2081 4432/4458/2081
f 4426/4452/2082 4425/4451/2082 4435/4461/2082 4434/4460/2082
f 4425/4451/2083 4424/4450/2083 4433/4459/2083 4435/4461/2083
f 4433/4459/2084 4432/4458/2084 4429/4455/2084 4428/4454/2084
f 4432/4458/2085 4434/4460/2085 4430/4456/2085 4429/4455/2085
f 4434/4460/2086 4435/4461/2086 4431/4457/2086 4430/4456/2086
f 4435/4461/2087 4433/4459/2087 4428/4454/2087 4431/4457/2087
f 4436/4462/2079 4437/4463/2079 4438/4464/2079 4439/4465/2079
f 4440/4466/2078 4441/4467/2078 4442/4468/2078 4443/4469/2078
f 4436/4462/2080 4444/4470/2080 4445/4471/2080 4437/4463/2080
f 4437/4463/2081 4445/4471/2081 4446/4472/2081 4438/4464/2081
f 4438/4464/2082 4446/4472/2082 4447/4473/2082 4439/4465/2082
f 4439/4465/2083 4447/4473/2083 4444/4470/2083 4436/4462/2083
f 4444/4470/2090 4440/4466/2090 4443/4469/2090 4445/4471/2090
f 4445/4471/2094 4443/4469/2094 4442/4468/2094 4446/4472/2094
f 4446/4472/2095 4442/4468/2095 4441/4467/2095 4447/4473/2095
f 4447/4473/2096 4441/4467/2096 4440/4466/2096 4444/4470/2096
f 4448/4474/2078 4449/4475/2078 4450/4476/2078 4451/4477/2078
f 4452/4478/2079 4453/4479/2079 4454/4480/2079 4455/4481/2079
f 4448/4474/2080 4451/4477/2080 4456/4482/2080 4457/4483/2080
f 4451/4477/2081 4450/4476/2081 4458/4484/2081 4456/4482/2081
f 4450/4476/2082 4449/4475/2082 4459/4485/2082 4458/4484/2082
f 4449/4475/2083 4448/4474/2083 4457/4483/2083 4459/4485/2083
f 4457/4483/2084 4456/4482/2084 4453/4479/2084 4452/4478/2084
f 4456/4482/2085 4458/4484/2085 4454/4480/2085 4453/4479/2085
f 4458/4484/2086 4459/4485/2086 4455/4481/2086 4454/4480/2086
f 4459/4485/2087 4457/4483/2087 4452/4478/2087 4455/4481/2087
f 4460/4486/2079 4461/4487/2079 4462/4488/2079 4463/4489/2079
f 4464/4490/2078 4465/4491/2078 4466/4492/2078 4467/4493/2078
f 4460/4486/2080 4468/4494/2080 4469/4495/2080 4461/4487/2080
f 4461/4487/2081 4469/4495/2081 4470/4496/2081 4462/4488/2081
f 4462/4488/2082 4470/4496/2082 4471/4497/2082 4463/4489/2082
f 4463/4489/2083 4471/4497/2083 4468/4494/2083 4460/4486/2083
f 4468/4494/2090 4464/4490/2090 4467/4493/2090 4469/4495/2090
f 4469/4495/2101 4467/4493/2101 4466/4492/2101 4470/4496/2101
f 4470/4496/2102 4466/4492/2102 4465/4491/2102 4471/4497/2102
f 4471/4497/2093 4465/4491/2093 4464/4490/2093 4468/4494/2093
f 4472/4498/2078 4473/4499/2078 4474/4500/2078 4475/4501/2078
f 4476/4502/2079 4477/4503/2079 4478/4504/2079 4479/4505/2079
f 4472/4498/2080 4475/4501/2080 4480/4506/2080 4481/4507/2080
f 4475/4501/2081 4474/4500/2081 4482/4508/2081 4480/4506/2081
f 4474/4500/2082 4473/4499/2082 4483/4509/2082 4482/4508/2082
f 4473/4499/2083 4472/4498/2083 4481/4507/2083 4483/4509/2083
f 4481/4507/2084 4480/4506/2084 4477/4503/2084 4476/4502/2084
f 4480/4506/2088 4482/4508/2088 4478/4504/2088 4477/4503/2088
f 4482/4508/2086 4483/4509/2086 4479/4505/2086 4478/4504/2086
f 4483/4509/2103 4481/4507/2103 4476/4502/2103 4479/4505/2103
f 4484/4510/2079 4485/4511/2079 4486/4512/2079 4487/4513/2079
f 4488/4514/2078 4489/4515/2078 4490/4516/2078 4491/4517/2078
f 4484/4510/2080 4492/4518/2080 4493/4519/2080 4485/4511/2080
f 4485/4511/2081 4493/4519/2081 4494/4520/2081 4486/4512/2081
f 4486/4512/2082 4494/4520/2082 4495/4521/2082 4487/4513/2082
f 4487/4513/2083 4495/4521/2083 4492/4518/2083 4484/4510/2083
f 4492/4518/2104 4488/4514/2104 4491/4517/2104 4493/4519/2104
f 4493/4519/2094 4491/4517/2094 4490/4516/2094 4494/4520/2094
f 4494/4520/2095 4490/4516/2095 4489/4515/2095 4495/4521/2095
f 4495/4521/2096 4489/4515/2096 4488/4514/2096 4492/4518/2096
f 4496/4522/2078 4497/4523/2078 4498/4524/2078 4499/4525/2078
f 4500/4526/2079 4501/4527/2079 4502/4528/2079 4503/4529/2079
f 4496/4522/2080 4499/4525/2080 4504/4530/2080 4505/4531/2080
f 4499/4525/2081 4498/4524/2081 4506/4532/2081 4504/4530/2081
f 4498/4524/2082 4497/4523/2082 4507/4533/2082 4506/4532/2082
f 4497/4523/2083 4496/4522/2083 4505/4531/2083 4507/4533/2083
f 4505/4531/2084 4504/4530/2084 4501/4527/2084 4500/4526/2084
f 4504/4530/2085 4506/4532/2085 4502/4528/2085 4501/4527/2085
f 4506/4532/2105 4507/4533/2105 4503/4529/2105 4502/4528/2105
f 4507/4533/2087 4505/4531/2087 4500/4526/2087 4503/4529/2087
f 4508/4534/2079 4509/4535/2079 4510/4536/2079 4511/4537/2079
f 4512/4538/2078 4513/4539/2078 4514/4540/2078 4515/4541/2078
f 4508/4534/2080 4516/4542/2080 4517/4543/2080 4509/4535/2080
f 4509/4535/2081 4517/4543/2081 4518/4544/2081 4510/4536/2081
f 4510/4536/2082 4518/4544/2082 4519/4545/2082 4511/4537/2082
f 4511/4537/2083 4519/4545/2083 4516/4542/2083 4508/4534/2083
f 4516/4542/2090 4512/4538/2090 4515/4541/2090 4517/4543/2090
f 4517/4543/2101 4515/4541/2101 4514/4540/2101 4518/4544/2101
f 4518/4544/2106 4514/4540/2106 4513/4539/2106 4519/4545/2106
f 4519/4545/2096 4513/4539/2096 4512/4538/2096 4516/4542/2096
f 4520/4546/2078 4521/4547/2078 4522/4548/2078 4523/4549/2078
f 4524/4550/2079 4525/4551/2079 4526/4552/2079 4527/4553/2079
f 4520/4546/2080 4523/4549/2080 4528/4554/2080 4529/4555/2080
f 4523/4549/2081 4522/4548/2081 4530/4556/2081 4528/4554/2081
f 4522/4548/2082 4521/4547/2082 4531/4557/2082 4530/4556/2082
f 4521/4547/2083 4520/4546/2083 4529/4555/2083 4531/4557/2083
f 4529/4555/2084 4528/4554/2084 4525/4551/2084 4524/4550/2084
f 4528/4554/2088 4530/4556/2088 4526/4552/2088 4525/4551/2088
f 4530/4556/2105 4531/4557/2105 4527/4553/2105 4526/4552/2105
f 4531/4557/2087 4529/4555/2087 4524/4550/2087 4527/4553/2087
f 4532/4558/2079 4533/4559/2079 4534/4560/2079 4535/4561/2079
f 4536/4562/2078 4537/4563/2078 4538/4564/2078 4539/4565/2078
f 4532/4558/2080 4540/4566/2080 4541/4567/2080 4533/4559/2080
f 4533/4559/2081 4541/4567/2081 4542/4568/2081 4534/4560/2081
f 4534/4560/2082 4542/4568/2082 4543/4569/2082 4535/4561/2082
f 4535/4561/2083 4543/4569/2083 4540/4566/2083 4532/4558/2083
f 4540/4566/2107 4536/4562/2107 4539/4565/2107 4541/4567/2107
f 4541/4567/2094 4539/4565/2094 4538/4564/2094 4542/4568/2094
f 4542/4568/2108 4538/4564/2108 4537/4563/2108 4543/4569/2108
f 4543/4569/2093 4537/4563/2093 4536/4562/2093 4540/4566/2093
f 4544/4570/2078 4545/4571/2078 4546/4572/2078 4547/4573/2078
f 4548/4574/2079 4549/4575/2079 4550/4576/2079 4551/4577/2079
f 4544/4570/2080 4547/4573/2080 4552/4578/2080 4553/4579/2080
f 4547/4573/2081 4546/4572/2081 4554/4580/2081 4552/4578/2081
f 4546/4572/2082 4545/4571/2082 4555/4581/2082 4554/4580/2082
f 4545/4571/2083 4544/4570/2083 4553/4579/2083 4555/4581/2083
f 4553/4579/2084 4552/4578/2084 4549/4575/2084 4548/4574/2084
f 4552/4578/2085 4554/4580/2085 4550/4576/2085 4549/4575/2085
f 4554/4580/2105 4555/4581/2105 4551/4577/2105 4550/4576/2105
f 4555/4581/2103 4553/4579/2103 4548/4574/2103 4551/4577/2103
f 4556/4582/2079 4557/4583/2079 4558/4584/2079 4559/4585/2079
f 4560/4586/2078 4561/4587/2078 4562/4588/2078 4563/4589/2078
f 4556/4582/2080 4564/4590/2080 4565/4591/2080 4557/4583/2080
f 4557/4583/2081 4565/4591/2081 4566/4592/2081 4558/4584/2081
f 4558/4584/2082 4566/4592/2082 4567/4593/2082 4559/4585/2082
f 4559/4585/2083 4567/4593/2083 4564/4590/2083 4556/4582/2083
f 4564/4590/2090 4560/4586/2090 4563/4589/2090 4565/4591/2090
f 4565/4591/2094 4563/4589/2094 4562/4588/2094 4566/4592/2094
f 4566/4592/2095 4562/4588/2095 4561/4587/2095 4567/4593/2095
f 4567/4593/2096 4561/4587/2096 4560/4586/2096 4564/4590/2096
f 4568/4594/2078 4569/4595/2078 4570/4596/2078 4571/4597/2078
f 4572/4598/2079 4573/4599/2079 4574/4600/2079 4575/4601/2079
f 4568/4594/2080 4571/4597/2080 4576/4602/2080 4577/4603/2080
f 4571/4597/2081 4570/4596/2081 4578/4604/2081 4576/4602/2081
f 4570/4596/2082 4569/4595/2082 4579/4605/2082 4578/4604/2082
f 4569/4595/2083 4568/4594/2083 4577/4603/2083 4579/4605/2083
f 4577/4603/2084 4576/4602/2084 4573/4599/2084 4572/4598/2084
f 4576/4602/2085 4578/4604/2085 4574/4600/2085 4573/4599/2085
f 4578/4604/2105 4579/4605/2105 4575/4601/2105 4574/4600/2105
f 4579/4605/2087 4577/4603/2087 4572/4598/2087 4575/4601/2087
f 4580/4606/2079 4581/4607/2079 4582/4608/2079 4583/4609/2079
f 4584/4610/2078 4585/4611/2078 4586/4612/2078 4587/4613/2078
f 4580/4606/2080 4588/4614/2080 4589/4615/2080 4581/4607/2080
f 4581/4607/2081 4589/4615/2081 4590/4616/2081 4582/4608/2081
f 4582/4608/2082 4590/4616/2082 4591/4617/2082 4583/4609/2082
f 4583/4609/2083 4591/4617/2083 4588/4614/2083 4580/4606/2083
f 4588/4614/2090 4584/4610/2090 4587/4613/2090 4589/4615/2090
f 4589/4615/2091 4587/4613/2091 4586/4612/2091 4590/4616/2091
f 4590/4616/2106 4586/4612/2106 4585/4611/2106 4591/4617/2106
f 4591/4617/2096 4585/4611/2096 4584/4610/2096 4588/4614/2096
f 4592/4618/2078 4593/4619/2078 4594/4620/2078 4595/4621/2078
f 4596/4622/2079 4597/4623/2079 4598/4624/2079 4599/4625/2079
f 4592/4618/2080 4595/4621/2080 4600/4626/2080 4601/4627/2080
f 4595/4621/2081 4594/4620/2081 4602/4628/2081 4600/4626/2081
f 4594/4620/2082 4593/4619/2082 4603/4629/2082 4602/4628/2082
f 4593/4619/2083 4592/4618/2083 4601/4627/2083 4603/4629/2083
f 4601/4627/2084 4600/4626/2084 4597/4623/2084 4596/4622/2084
f 4600/4626/2085 4602/4628/2085 4598/4624/2085 4597/4623/2085
f 4602/4628/2105 4603/4629/2105 4599/4625/2105 4598/4624/2105
f 4603/4629/2087 4601/4627/2087 4596/4622/2087 4599/4625/2087
f 4604/4630/2079 4605/4631/2079 4606/4632/2079 4607/4633/2079
f 4608/4634/2078 4609/4635/2078 4610/4636/2078 4611/4637/2078
f 4604/4630/2080 4612/4638/2080 4613/4639/2080 4605/4631/2080
f 4605/4631/2081 4613/4639/2081 4614/4640/2081 4606/4632/2081
f 4606/4632/2082 4614/4640/2082 4615/4641/2082 4607/4633/2082
f 4607/4633/2083 4615/4641/2083 4612/4638/2083 4604/4630/2083
f 4612/4638/2090 4608/4634/2090 4611/4637/2090 4613/4639/2090
f 4613/4639/2091 4611/4637/2091 4610/4636/2091 4614/4640/2091
f 4614/4640/2106 4610/4636/2106 4609/4635/2106 4615/4641/2106
f 4615/4641/2096 4609/4635/2096 4608/4634/2096 4612/4638/2096
f 4616/4642/2078 4617/4643/2078 4618/4644/2078 4619/4645/2078
f 4620/4646/2079 4621/4647/2079 4622/4648/2079 4623/4649/2079
f 4616/4642/2080 4619/4645/2080 4624/4650/2080 4625/4651/2080
f 4619/4645/2081 4618/4644/2081 4626/4652/2081 4624/4650/2081
f 4618/4644/2082 4617/4643/2082 4627/4653/2082 4626/4652/2082
f 4617/4643/2083 4616/4642/2083 4625/4651/2083 4627/4653/2083
f 4625/4651/2084 4624/4650/2084 4621/4647/2084 4620/4646/2084
f 4624/4650/2085 4626/4652/2085 4622/4648/2085 4621/4647/2085
f 4626/4652/2105 4627/4653/2105 4623/4649/2105 4622/4648/2105
f 4627/4653/2087 4625/4651/2087 4620/4646/2087 4623/4649/2087
f 4628/4654/2079 4629/4655/2079 4630/4656/2079 4631/4657/2079
f 4632/4658/2078 4633/4659/2078 4634/4660/2078 4635/4661/2078
f 4628/4654/2080 4636/4662/2080 4637/4663/2080 4629/4655/2080
f 4629/4655/2081 4637/4663/2081 4638/4664/2081 4630/4656/2081
f 4630/4656/2082 4638/4664/2082 4639/4665/2082 4631/4657/2082
f 4631/4657/2083 4639/4665/2083 4636/4662/2083 4628/4654/2083
f 4636/4662/2090 4632/4658/2090 4635/4661/2090 4637/4663/2090
f 4637/4663/2094 4635/4661/2094 4634/4660/2094 4638/4664/2094
f 4638/4664/2106 4634/4660/2106 4633/4659/2106 4639/4665/2106
f 4639/4665/2096 4633/4659/2096 4632/4658/2096 4636/4662/2096
f 4640/4666/2078 4641/4667/2078 4642/4668/2078 4643/4669/2078
f 4644/4670/2079 4645/4671/2079 4646/4672/2079 4647/4673/2079
f 4640/4666/2080 4643/4669/2080 4648/4674/2080 4649/4675/2080
f 4643/4669/2081 4642/4668/2081 4650/4676/2081 4648/4674/2081
f 4642/4668/2082 4641/4667/2082 4651/4677/2082 4650/4676/2082
f 4641/4667/2083 4640/4666/2083 4649/4675/2083 4651/4677/2083
f 4649/4675/2084 4648/4674/2084 4645/4671/2084 4644/4670/2084
f 4648/4674/2085 4650/4676/2085 4646/4672/2085 4645/4671/2085
f 4650/4676/2105 4651/4677/2105 4647/4673/2105 4646/4672/2105
f 4651/4677/2087 4649/4675/2087 4644/4670/2087 4647/4673/2087
f 4652/4678/2079 4653/4679/2079 4654/4680/2079 4655/4681/2079
f 4656/4682/2078 4657/4683/2078 4658/4684/2078 4659/4685/2078
f 4652/4678/2080 4660/4686/2080 4661/4687/2080 4653/4679/2080
f 4653/4679/2081 4661/4687/2081 4662/4688/2081 4654/4680/2081
f 4654/4680/2082 4662/4688/2082 4663/4689/2082 4655/4681/2082
f 4655/4681/2083 4663/4689/2083 4660/4686/2083 4652/4678/2083
f 4660/4686/2109 4656/4682/2109 4659/4685/2109 4661/4687/2109
f 4661/4687/2110 4659/4685/2110 4658/4684/2110 4662/4688/2110
f 4662/4688/2108 4658/4684/2108 4657/4683/2108 4663/4689/2108
f 4663/4689/2111 4657/4683/2111 4656/4682/2111 4660/4686/2111
f 4664/4690/2078 4665/4691/2078 4666/4692/2078 4667/4693/2078
f 4668/4694/2079 4669/4695/2079 4670/4696/2079 4671/4697/2079
f 4664/4690/2080 4667/4693/2080 4672/4698/2080 4673/4699/2080
f 4667/4693/2081 4666/4692/2081 4674/4700/2081 4672/4698/2081
f 4666/4692/2082 4665/4691/2082 4675/4701/2082 4674/4700/2082
f 4665/4691/2083 4664/4690/2083 4673/4699/2083 4675/4701/2083
f 4673/4699/2084 4672/4698/2084 4669/4695/2084 4668/4694/2084
f 4672/4698/2085 4674/4700/2085 4670/4696/2085 4669/4695/2085
f 4674/4700/2105 4675/4701/2105 4671/4697/2105 4670/4696/2105
f 4675/4701/2087 4673/4699/2087 4668/4694/2087 4671/4697/2087
f 4676/4702/2079 4677/4703/2079 4678/4704/2079 4679/4705/2079
f 4680/4706/2078 4681/4707/2078 4682/4708/2078 4683/4709/2078
f 4676/4702/2080 4684/4710/2080 4685/4711/2080 4677/4703/2080
f 4677/4703/2081 4685/4711/2081 4686/4712/2081 4678/4704/2081
f 4678/4704/2082 4686/4712/2082 4687/4713/2082 4679/4705/2082
f 4679/4705/2083 4687/4713/2083 4684/4710/2083 4676/4702/2083
f 4684/4710/2109 4680/4706/2109 4683/4709/2109 4685/4711/2109
f 4685/4711/2110 4683/4709/2110 4682/4708/2110 4686/4712/2110
f 4686/4712/2112 4682/4708/2112 4681/4707/2112 4687/4713/2112
f 4687/4713/2096 4681/4707/2096 4680/4706/2096 4684/4710/2096
f 4688/4714/2078 4689/4715/2078 4690/4716/2078 4691/4717/2078
f 4692/4718/2079 4693/4719/2079 4694/4720/2079 4695/4721/2079
f 4696/4722/2080 4697/4723/2080 4698/4724/2080 4699/4725/2080
f 4700/4726/2113 4701/4727/2113 4702/4728/2113 4703/4729/2113
f 4704/4730/2082 4705/4731/2082 4706/4732/2082 4707/4733/2082
f 4708/4734/2114 4709/4735/2114 4710/4736/2114 4711/4737/2114
f 4691/4717/2115 4699/4725/2115 4708/4734/2115
f 4695/4721/2116 4709/4735/2116 4698/4724/2116
f 4697/4723/2117 4702/4728/2117 4692/4718/2117
f 4703/4729/2118 4696/4722/2118 4690/4716/2118
f 4701/4727/2119 4706/4732/2119 4693/4719/2119
f 4707/4733/2120 4700/4726/2120 4689/4715/2120
f 4705/4731/2121 4710/4736/2121 4694/4720/2121
f 4711/4737/2122 4704/4730/2122 4688/4714/2122
f 4688/4714/2123 4691/4717/2123 4708/4734/2123 4711/4737/2123
f 4689/4715/2124 4688/4714/2124 4704/4730/2124 4707/4733/2124
f 4690/4716/2125 4689/4715/2125 4700/4726/2125 4703/4729/2125
f 4691/4717/2126 4690/4716/2126 4696/4722/2126 4699/4725/2126
f 4692/4718/2127 4695/4721/2127 4698/4724/2127 4697/4723/2127
f 4693/4719/2128 4692/4718/2128 4702/4728/2128 4701/4727/2128
f 4694/4720/2129 4693/4719/2129 4706/4732/2129 4705/4731/2129
f 4695/4721/2130 4694/4720/2130 4710/4736/2130 4709/4735/2130
f 4697/4723/2131 4696/4722/2131 4703/4729/2131 4702/4728/2131
f 4699/4725/2132 4698/4724/2132 4709/4735/2132 4708/4734/2132
f 4701/4727/2133 4700/4726/2133 4707/4733/2133 4706/4732/2133
f 4705/4731/2134 4704/4730/2134 4711/4737/2134 4710/4736/2134
f 4712/4738/2078 4713/4739/2078 4714/4740/2078 4715/4741/2078
f 4716/4742/2079 4717/4743/2079 4718/4744/2079 4719/4745/2079
f 4720/4746/2080 4721/4747/2080 4722/4748/2080 4723/4749/2080
f 4724/4750/2113 4725/4751/2113 4726/4752/2113 4727/4753/2113
f 4728/4754/2082 4729/4755/2082 4730/4756/2082 4731/4757/2082
f 4732/4758/2114 4733/4759/2114 4734/4760/2114 4735/4761/2114
f 4715/4741/2115 4723/4749/2115 4732/4758/2115
f 4719/4745/2135 4733/4759/2135 4722/4748/2135
f 4721/4747/2117 4726/4752/2117 4716/4742/2117
f 4727/4753/2118 4720/4746/2118 4714/4740/2118
f 4725/4751/2119 4730/4756/2119 4717/4743/2119
f 4731/4757/2120 4724/4750/2120 4713/4739/2120
f 4729/4755/2136 4734/4760/2136 4718/4744/2136
f 4735/4761/2122 4728/4754/2122 4712/4738/2122
f 4712/4738/2123 4715/4741/2123 4732/4758/2123 4735/4761/2123
f 4713/4739/2124 4712/4738/2124 4728/4754/2124 4731/4757/2124
f 4714/4740/2125 4713/4739/2125 4724/4750/2125 4727/4753/2125
f 4715/4741/2126 4714/4740/2126 4720/4746/2126 4723/4749/2126
f 4716/4742/2127 4719/4745/2127 4722/4748/2127 4721/4747/2127
f 4717/4743/2128 4716/4742/2128 4726/4752/2128 4725/4751/2128
f 4718/4744/2129 4717/4743/2129 4730/4756/2129 4729/4755/2129
f 4719/4745/2130 4718/4744/2130 4734/4760/2130 4733/4759/2130
f 4721/4747/2131 4720/4746/2131 4727/4753/2131 4726/4752/2131
f 4723/4749/2132 4722/4748/2132 4733/4759/2132 4732/4758/2132
f 4725/4751/2133 4724/4750/2133 4731/4757/2133 4730/4756/2133
f 4729/4755/2134 4728/4754/2134 4735/4761/2134 4734/4760/2134
f 4736/4762/2078 4737/4763/2078 4738/4764/2078 4739/4765/2078
f 4740/4766/2079 4741/4767/2079 4742/4768/2079 4743/4769/2079
f 4744/4770/2080 4745/4771/2080 4746/4772/2080 4747/4773/2080
f 4748/4774/2113 4749/4775/2113 4750/4776/2113 4751/4777/2113
f 4752/4778/2082 4753/4779/2082 4754/4780/2082 4755/4781/2082
f 4756/4782/2114 4757/4783/2114 4758/4784/2114 4759/4785/2114
f 4739/4765/2115 4747/4773/2115 4756/4782/2115
f 4743/4769/2116 4757/4783/2116 4746/4772/2116
f 4745/4771/2117 4750/4776/2117 4740/4766/2117
f 4751/4777/2118 4744/4770/2118 4738/4764/2118
f 4749/4775/2119 4754/4780/2119 4741/4767/2119
f 4755/4781/2120 4748/4774/2120 4737/4763/2120
f 4753/4779/2136 4758/4784/2136 4742/4768/2136
f 4759/4785/2122 4752/4778/2122 4736/4762/2122
f 4736/4762/2123 4739/4765/2123 4756/4782/2123 4759/4785/2123
f 4737/4763/2124 4736/4762/2124 4752/4778/2124 4755/4781/2124
f 4738/4764/2125 4737/4763/2125 4748/4774/2125 4751/4777/2125
f 4739/4765/2126 4738/4764/2126 4744/4770/2126 4747/4773/2126
f 4740/4766/2127 4743/4769/2127 4746/4772/2127 4745/4771/2127
f 4741/4767/2128 4740/4766/2128 4750/4776/2128 4749/4775/2128
f 4742/4768/2129 4741/4767/2129 4754/4780/2129 4753/4779/2129
f 4743/4769/2130 4742/4768/2130 4758/4784/2130 4757/4783/2130
f 4745/4771/2131 4744/4770/2131 4751/4777/2131 4750/4776/2131
f 4747/4773/2132 4746/4772/2132 4757/4783/2132 4756/4782/2132
f 4749/4775/2133 4748/4774/2133 4755/4781/2133 4754/4780/2133
f 4753/4779/2134 4752/4778/2134 4759/4785/2134 4758/4784/2134
f 4760/4786/2080 4761/4787/2080 4762/4788/2080 4763/4789/2080
f 4764/4790/2082 4765/4791/2082 4766/4792/2082 4767/4793/2082
f 4768/4794/2079 4769/4795/2079 4770/4796/2079 4771/4797/2079
f 4772/4798/2113 4773/4799/2113 4774/4800/2113 4775/4801/2113
f 4776/4802/2078 4777/4803/2078 4778/4804/2078 4779/4805/2078
f 4780/4806/2114 4781/4807/2114 4782/4808/2114 4783/4809/2114
f 4763/4789/2137 4771/4797/2137 4780/4806/2137
f 4767/4793/2138 4781/4807/2138 4770/4796/2138
f 4769/4795/2139 4774/4800/2139 4764/4790/2139
f 4775/4801/2140 4768/4794/2140 4762/4788/2140
f 4773/4799/2141 4778/4804/2141 4765/4791/2141
f 4779/4805/2142 4772/4798/2142 4761/4787/2142
f 4777/4803/2143 4782/4808/2143 4766/4792/2143
f 4783/4809/2144 4776/4802/2144 4760/4786/2144
f 4760/4786/2132 4763/4789/2132 4780/4806/2132 4783/4809/2132
f 4761/4787/2126 4760/4786/2126 4776/4802/2126 4779/4805/2126
f 4762/4788/2131 4761/4787/2131 4772/4798/2131 4775/4801/2131
f 4763/4789/2145 4762/4788/2145 4768/4794/2145 4771/4797/2145
f 4764/4790/2146 4767/4793/2146 4770/4796/2146 4769/4795/2146
f 4765/4791/2133 4764/4790/2133 4774/4800/2133 4773/4799/2133
f 4766/4792/2124 4765/4791/2124 4778/4804/2124 4777/4803/2124
f 4767/4793/2134 4766/4792/2134 4782/4808/2134 4781/4807/2134
f 4769/4795/2147 4768/4794/2147 4775/4801/2147 4774/4800/2147
f 4771/4797/2148 4770/4796/2148 4781/4807/2148 4780/4806/2148
f 4773/4799/2125 4772/4798/2125 4779/4805/2125 4778/4804/2125
f 4777/4803/2123 4776/4802/2123 4783/4809/2123 4782/4808/2123
f 4784/4810/2080 4785/4811/2080 4786/4812/2080 4787/4813/2080
f 4788/4814/2082 4789/4815/2082 4790/4816/2082 4791/4817/2082
f 4792/4818/2079 4793/4819/2079 4794/4820/2079 4795/4821/2079
f 4796/4822/2113 4797/4823/2113 4798/4824/2113 4799/4825/2113
f 4800/4826/2078 4801/4827/2078 4802/4828/2078 4803/4829/2078
f 4804/4830/2114 4805/4831/2114 4806/4832/2114 4807/4833/2114
f 4787/4813/2149 4795/4821/2149 4804/4830/2149
f 4791/4817/2150 4805/4831/2150 4794/4820/2150
f 4793/4819/2151 4798/4824/2151 4788/4814/2151
f 4799/4825/2152 4792/4818/2152 4786/4812/2152
f 4797/4823/2141 4802/4828/2141 4789/4815/2141
f 4803/4829/2142 4796/4822/2142 4785/4811/2142
f 4801/4827/2143 4806/4832/2143 4790/4816/2143
f 4807/4833/2144 4800/4826/2144 4784/4810/2144
f 4784/4810/2132 4787/4813/2132 4804/4830/2132 4807/4833/2132
f 4785/4811/2126 4784/4810/2126 4800/4826/2126 4803/4829/2126
f 4786/4812/2131 4785/4811/2131 4796/4822/2131 4799/4825/2131
f 4787/4813/2127 4786/4812/2127 4792/4818/2127 4795/4821/2127
f 4788/4814/2129 4791/4817/2129 4794/4820/2129 4793/4819/2129
f 4789/4815/2133 4788/4814/2133 4798/4824/2133 4797/4823/2133
f 4790/4816/2124 4789/4815/2124 4802/4828/2124 4801/4827/2124
f 4791/4817/2134 4790/4816/2134 4806/4832/2134 4805/4831/2134
f 4793/4819/2153 4792/4818/2153 4799/4825/2153 4798/4824/2153
f 4795/4821/2154 4794/4820/2154 4805/4831/2154 4804/4830/2154
f 4797/4823/2125 4796/4822/2125 4803/4829/2125 4802/4828/2125
f 4801/4827/2123 4800/4826/2123 4807/4833/2123 4806/4832/2123
f 4808/4834/2080 4809/4835/2080 4810/4836/2080 4811/4837/2080
f 4812/4838/2082 4813/4839/2082 4814/4840/2082 4815/4841/2082
f 4816/4842/2079 4817/4843/2079 4818/4844/2079 4819/4845/2079
f 4820/4846/2113 4821/4847/2113 4822/4848/2113 4823/4849/2113
f 4824/4850/2078 4825/4851/2078 4826/4852/2078 4827/4853/2078
f 4828/4854/2114 4829/4855/2114 4830/4856/2114 4831/4857/2114
f 4811/4837/2155 4819/4845/2155 4828/4854/2155
f 4815/4841/2138 4829/4855/2138 4818/4844/2138
f 4817/4843/2156 4822/4848/2156 4812/4838/2156
f 4823/4849/2157 4816/4842/2157 4810/4836/2157
f 4821/4847/2141 4826/4852/2141 4813/4839/2141
f 4827/4853/2158 4820/4846/2158 4809/4835/2158
f 4825/4851/2122 4830/4856/2122 4814/4840/2122
f 4831/4857/2115 4824/4850/2115 4808/4834/2115
f 4808/4834/2132 4811/4837/2132 4828/4854/2132 4831/4857/2132
f 4809/4835/2126 4808/4834/2126 4824/4850/2126 4827/4853/2126
f 4810/4836/2131 4809/4835/2131 4820/4846/2131 4823/4849/2131
f 4811/4837/2127 4810/4836/2127 4816/4842/2127 4819/4845/2127
f 4812/4838/2129 4815/4841/2129 4818/4844/2129 4817/4843/2129
f 4813/4839/2133 4812/4838/2133 4822/4848/2133 4821/4847/2133
f 4814/4840/2124 4813/4839/2124 4826/4852/2124 4825/4851/2124
f 4815/4841/2134 4814/4840/2134 4830/4856/2134 4829/4855/2134
f 4817/4843/2153 4816/4842/2153 4823/4849/2153 4822/4848/2153
f 4819/4845/2154 4818/4844/2154 4829/4855/2154 4828/4854/2154
f 4821/4847/2125 4820/4846/2125 4827/4853/2125 4826/4852/2125
f 4825/4851/2123 4824/4850/2123 4831/4857/2123 4830/4856/2123
f 4832/4858/2080 4833/4859/2080 4834/4860/2080 4835/4861/2080
f 4836/4862/2082 4837/4863/2082 4838/4864/2082 4839/4865/2082
f 4840/4866/2079 4841/4867/2079 4842/4868/2079 4843/4869/2079
f 4844/4870/2113 4845/4871/2113 4846/4872/2113 4847/4873/2113
f 4848/4874/2078 4849/4875/2078 4850/4876/2078 4851/4877/2078
f 4852/4878/2114 4853/4879/2114 4854/4880/2114 4855/4881/2114
f 4835/4861/2149 4843/4869/2149 4852/4878/2149
f 4839/4865/2150 4853/4879/2150 4842/4868/2150
f 4841/4867/2151 4846/4872/2151 4836/4862/2151
f 4847/4873/2152 4840/4866/2152 4834/4860/2152
f 4845/4871/2141 4850/4876/2141 4837/4863/2141
f 4851/4877/2142 4844/4870/2142 4833/4859/2142
f 4849/4875/2122 4854/4880/2122 4838/4864/2122
f 4855/4881/2115 4848/4874/2115 4832/4858/2115
f 4832/4858/2132 4835/4861/2132 4852/4878/2132 4855/4881/2132
f 4833/4859/2126 4832/4858/2126 4848/4874/2126 4851/4877/2126
f 4834/4860/2131 4833/4859/2131 4844/4870/2131 4847/4873/2131
f 4835/4861/2127 4834/4860/2127 4840/4866/2127 4843/4869/2127
f 4836/4862/2129 4839/4865/2129 4842/4868/2129 4841/4867/2129
f 4837/4863/2133 4836/4862/2133 4846/4872/2133 4845/4871/2133
f 4838/4864/2124 4837/4863/2124 4850/4876/2124 4849/4875/2124
f 4839/4865/2134 4838/4864/2134 4854/4880/2134 4853/4879/2134
f 4841/4867/2153 4840/4866/2153 4847/4873/2153 4846/4872/2153
f 4843/4869/2154 4842/4868/2154 4853/4879/2154 4852/4878/2154
f 4845/4871/2125 4844/4870/2125 4851/4877/2125 4850/4876/2125
f 4849/4875/2123 4848/4874/2123 4855/4881/2123 4854/4880/2123
f 4856/4882/2159 4857/4883/2159 4858/4884/2159 4859/4885/2159
f 4857/4883/2159 4860/4886/2159 4861/4887/2159 4858/4884/2159
f 4860/4886/2159 4862/4888/2159 4863/4889/2159 4861/4887/2159
f 4862/4888/2159 4864/4890/2159 4865/4891/2159 4863/4889/2159
f 4864/4890/2159 4866/4892/2159 4867/4893/2159 4865/4891/2159
f 4866/4892/2159 4868/4894/2159 4869/4895/2159 4867/4893/2159
f 4868/4894/2159 4870/4896/2159 4871/4897/2159 4869/4895/2159
f 4870/4896/2159 4872/4898/2159 4873/4899/2159 4871/4897/2159
f 4872/4898/2159 4856/4882/2159 4859/4885/2159 4873/4899/2159
f 4874/4900/2160 4875/4901/2160 4876/4902/2160 4877/4903/2160
f 4875/4901/2161 4878/4904/2161 4879/4905/2161 4876/4902/2161
f 4878/4904/2162 4880/4906/2162 4881/4907/2162 4879/4905/2162
f 4880/4906/2163 4882/4908/2163 4883/4909/2163 4881/4907/2163
f 4882/4908/2164 4884/4910/2164 4885/4911/2164 4883/4909/2164
f 4884/4910/2165 4886/4912/2165 4887/4913/2165 4885/4911/2165
f 4886/4912/2166 4888/4914/2166 4889/4915/2166 4887/4913/2166
f 4888/4914/2167 4890/4916/2167 4891/4917/2167 4889/4915/2167
f 4890/4916/2168 4874/4900/2168 4877/4903/2168 4891/4917/2168
f 4892/4918/2169 4893/4919/2169 4857/4883/2169 4856/4882/2169
f 4893/4919/2170 4894/4920/2170 4860/4886/2170 4857/4883/2170
f 4894/4920/2171 4895/4921/2171 4862/4888/2171 4860/4886/2171
f 4895/4921/2172 4896/4922/2172 4864/4890/2172 4862/4888/2172
f 4896/4922/2173 4897/4923/2173 4866/4892/2173 4864/4890/2173
f 4897/4923/2174 4898/4924/2174 4868/4894/2174 4866/4892/2174
f 4898/4924/2175 4899/4925/2175 4870/4896/2175 4868/4894/2175
f 4899/4925/2176 4900/4926/2176 4872/4898/2176 4870/4896/2176
f 4900/4926/2177 4892/4918/2177 4856/4882/2177 4872/4898/2177
f 4875/4901/2178 4874/4900/2178 4859/4885/2178 4858/4884/2178
f 4874/4900/2179 4890/4916/2179 4873/4899/2179 4859/4885/2179
f 4890/4916/2180 4888/4914/2180 4871/4897/2180 4873/4899/2180
f 4888/4914/2181 4886/4912/2181 4869/4895/2181 4871/4897/2181
f 4886/4912/2182 4884/4910/2182 4867/4893/2182 4869/4895/2182
f 4884/4910/2183 4882/4908/2183 4865/4891/2183 4867/4893/2183
f 4882/4908/2184 4880/4906/2184 4863/4889/2184 4865/4891/2184
f 4880/4906/2185 4878/4904/2185 4861/4887/2185 4863/4889/2185
f 4878/4904/2186 4875/4901/2186 4858/4884/2186 4861/4887/2186
f 4894/4920/2187 4901/4927/2187 4902/4928/2187 4895/4921/2187
f 4895/4921/2188 4902/4928/2188 4903/4929/2188 4896/4922/2188
f 4896/4922/2189 4903/4929/2189 4904/4930/2189 4897/4923/2189
f 4905/4931/2190 4906/4932/2190 4907/4933/2190 4908/4934/2190
f 4908/4934/2190 4907/4933/2190 4909/4935/2190 4910/4936/2190
f 4910/4936/2190 4909/4935/2190 4911/4937/2190 4912/4938/2190
f 4912/4938/2190 4911/4937/2190 4913/4939/2190 4914/4940/2190
f 4914/4940/2190 4913/4939/2190 4915/4941/2190 4916/4942/2190
f 4916/4942/2190 4915/4941/2190 4917/4943/2190 4918/4944/2190
f 4918/4944/2190 4917/4943/2190 4919/4945/2190 4920/4946/2190
f 4920/4946/2190 4919/4945/2190 4921/4947/2190 4922/4948/2190
f 4922/4948/2190 4921/4947/2190 4906/4932/2190 4905/4931/2190
f 4923/4949/2191 4924/4950/2192 4925/4951/2192 4926/4952/2191
f 4926/4952/2193 4925/4951/2194 4927/4953/2194 4928/4954/2193
f 4928/4954/2195 4927/4953/2196 4929/4955/2196 4930/4956/2195
f 4930/4956/2197 4929/4955/2198 4931/4957/2198 4932/4958/2197
f 4932/4958/2199 4931/4957/2200 4933/4959/2200 4934/4960/2199
f 4934/4960/2201 4933/4959/2202 4935/4961/2202 4936/4962/2201
f 4936/4962/2203 4935/4961/2204 4937/4963/2204 4938/4964/2203
f 4938/4964/2205 4937/4963/2206 4939/4965/2206 4940/4966/2205
f 4940/4966/2207 4939/4965/2208 4924/4950/2208 4923/4949/2207
f 4941/4967/2209 4905/4931/2209 4908/4934/2209 4942/4968/2209
f 4942/4968/2210 4908/4934/2210 4910/4936/2210 4943/4969/2210
f 4943/4969/2211 4910/4936/2211 4912/4938/2211 4944/4970/2211
f 4944/4970/2212 4912/4938/2212 4914/4940/2212 4945/4971/2212
f 4945/4971/2213 4914/4940/2213 4916/4942/2213 4946/4972/2213
f 4946/4972/2214 4916/4942/2214 4918/4944/2214 4947/4973/2214
f 4947/4973/2215 4918/4944/2215 4920/4946/2215 4948/4974/2215
f 4948/4974/2216 4920/4946/2216 4922/4948/2216 4949/4975/2216
f 4949/4975/2217 4922/4948/2217 4905/4931/2217 4941/4967/2217
f 4926/4952/2191 4907/4933/2218 4906/4932/2218 4923/4949/2191
f 4923/4949/2207 4906/4932/2219 4921/4947/2219 4940/4966/2207
f 4940/4966/2205 4921/4947/2220 4919/4945/2220 4938/4964/2205
f 4938/4964/2203 4919/4945/2221 4917/4943/2221 4936/4962/2203
f 4936/4962/2201 4917/4943/2222 4915/4941/2222 4934/4960/2201
f 4934/4960/2199 4915/4941/2223 4913/4939/2223 4932/4958/2199
f 4932/4958/2197 4913/4939/2224 4911/4937/2224 4930/4956/2197
f 4930/4956/2195 4911/4937/2225 4909/4935/2225 4928/4954/2195
f 4928/4954/2193 4909/4935/2226 4907/4933/2226 4926/4952/2193
f 4892/4918/2227 4950/4976/2227 4951/4977/2227 4893/4919/2227
f 4893/4919/2228 4951/4977/2228 4901/4927/2228 4894/4920/2228
f 4897/4923/2229 4904/4930/2229 4952/4978/2229 4898/4924/2229
f 4898/4924/2230 4952/4978/2230 4953/4979/2230 4899/4925/2230
f 4899/4925/2231 4953/4979/2231 4954/4980/2231 4900/4926/2231
f 4900/4926/2232 4954/4980/2232 4950/4976/2232 4892/4918/2232
f 4955/4981/2233 4956/4982/2233 4902/4928/2233 4901/4927/2233
f 4956/4982/2234 4957/4983/2234 4903/4929/2234 4902/4928/2234
f 4957/4983/2235 4958/4984/2235 4904/4930/2235 4903/4929/2235
f 4959/4985/2236 4960/4986/2236 4951/4977/2236 4950/4976/2236
f 4960/4986/2237 4955/4981/2237 4901/4927/2237 4951/4977/2237
f 4958/4984/2238 4961/4987/2238 4952/4978/2238 4904/4930/2238
f 4961/4987/2239 4962/4988/2239 4953/4979/2239 4952/4978/2239
f 4962/4988/2240 4963/4989/2240 4954/4980/2240 4953/4979/2240
f 4963/4989/2241 4959/4985/2241 4950/4976/2241 4954/4980/2241
f 4943/4969/2242 4944/4970/2242 4956/4982/2242 4955/4981/2242
f 4944/4970/2243 4945/4971/2243 4957/4983/2243 4956/4982/2243
f 4945/4971/2244 4946/4972/2244 4958/4984/2244 4957/4983/2244
f 4941/4967/2245 4942/4968/2245 4960/4986/2245 4959/4985/2245
f 4942/4968/2246 4943/4969/2246 4955/4981/2246 4960/4986/2246
f 4946/4972/2247 4947/4973/2247 4961/4987/2247 4958/4984/2247
f 4947/4973/2248 4948/4974/2248 4962/4988/2248 4961/4987/2248
f 4948/4974/2249 4949/4975/2249 4963/4989/2249 4962/4988/2249
f 4949/4975/2250 4941/4967/2250 4959/4985/2250 4963/4989/2250
f 4964/4990/2190 4965/4991/2190 4966/4992/2190 4967/4993/2190
f 4967/4993/2190 4966/4992/2190 4968/4994/2190 4969/4995/2190
f 4969/4995/2190 4968/4994/2190 4970/4996/2190 4971/4997/2190
f 4971/4997/2190 4970/4996/2190 4972/4998/2190 4973/4999/2190
f 4973/4999/2190 4972/4998/2190 4974/5000/2190 4975/5001/2190
f 4975/5001/2190 4974/5000/2190 4976/5002/2190 4977/5003/2190
f 4977/5003/2190 4976/5002/2190 4978/5004/2190 4979/5005/2190
f 4979/5005/2190 4978/5004/2190 4980/5006/2190 4981/5007/2190
f 4981/5007/2190 4980/5006/2190 4965/4991/2190 4964/4990/2190
f 4982/5008/2251 4983/5009/2251 4984/5010/2251 4985/5011/2251
f 4985/5011/2252 4984/5010/2252 4986/5012/2252 4987/5013/2252
f 4987/5013/2253 4986/5012/2253 4988/5014/2253 4989/5015/2253
f 4989/5015/2254 4988/5014/2254 4990/5016/2254 4991/5017/2254
f 4991/5017/2255 4990/5016/2255 4992/5018/2255 4993/5019/2255
f 4993/5019/2256 4992/5018/2256 4994/5020/2256 4995/5021/2256
f 4995/5021/2257 4994/5020/2257 4996/5022/2257 4997/5023/2257
f 4997/5023/2258 4996/5022/2258 4998/5024/2258 4999/5025/2258
f 4999/5025/2259 4998/5024/2259 4983/5009/2259 4982/5008/2259
f 5000/5026/2260 4964/4990/2260 4967/4993/2260 5001/5027/2260
f 5001/5027/2261 4967/4993/2261 4969/4995/2261 5002/5028/2261
f 5002/5028/2262 4969/4995/2262 4971/4997/2262 5003/5029/2262
f 5003/5029/2263 4971/4997/2263 4973/4999/2263 5004/5030/2263
f 5004/5030/2264 4973/4999/2264 4975/5001/2264 5005/5031/2264
f 5005/5031/2265 4975/5001/2265 4977/5003/2265 5006/5032/2265
f 5006/5032/2266 4977/5003/2266 4979/5005/2266 5007/5033/2266
f 5007/5033/2267 4979/5005/2267 4981/5007/2267 5008/5034/2267
f 5008/5034/2268 4981/5007/2268 4964/4990/2268 5000/5026/2268
f 4985/5011/2269 4966/4992/2269 4965/4991/2269 4982/5008/2269
f 4982/5008/2270 4965/4991/2270 4980/5006/2270 4999/5025/2270
f 4999/5025/2271 4980/5006/2271 4978/5004/2271 4997/5023/2271
f 4997/5023/2272 4978/5004/2272 4976/5002/2272 4995/5021/2272
f 4995/5021/2273 4976/5002/2273 4974/5000/2273 4993/5019/2273
f 4993/5019/2274 4974/5000/2274 4972/4998/2274 4991/5017/2274
f 4991/5017/2275 4972/4998/2275 4970/4996/2275 4989/5015/2275
f 4989/5015/2276 4970/4996/2276 4968/4994/2276 4987/5013/2276
f 4987/5013/2277 4968/4994/2277 4966/4992/2277 4985/5011/2277
f 5009/5035/2278 5010/5036/2278 5002/5028/2278 5003/5029/2278
f 5011/5037/2279 5009/5035/2279 5003/5029/2279 5004/5030/2279
f 5012/5038/2280 5011/5037/2280 5004/5030/2280 5005/5031/2280
f 5013/5039/2159 5014/5040/2159 5015/5041/2159 5016/5042/2159
f 5014/5040/2159 5017/5043/2159 5018/5044/2159 5015/5041/2159
f 5017/5043/2159 5019/5045/2159 5020/5046/2159 5018/5044/2159
f 5019/5045/2281 5021/5047/2281 5022/5048/2281 5020/5046/2281
f 5021/5047/2159 5023/5049/2159 5024/5050/2159 5022/5048/2159
f 5023/5049/2159 5025/5051/2159 5026/5052/2159 5024/5050/2159
f 5025/5051/2282 5027/5053/2282 5028/5054/2282 5026/5052/2282
f 5027/5053/2159 5029/5055/2159 5030/5056/2159 5028/5054/2159
f 5029/5055/2159 5013/5039/2159 5016/5042/2159 5030/5056/2159
f 5031/5057/2283 5032/5058/2283 5033/5059/2284 5034/5060/2284
f 5032/5058/2285 5035/5061/2285 5036/5062/2286 5033/5059/2286
f 5035/5061/2287 5037/5063/2287 5038/5064/2288 5036/5062/2288
f 5037/5063/2289 5039/5065/2290 5040/5066/2291 5038/5064/2291
f 5039/5065/2292 5041/5067/2292 5042/5068/2293 5040/5066/2293
f 5041/5067/2294 5043/5069/2294 5044/5070/2295 5042/5068/2295
f 5043/5069/2296 5045/5071/2297 5046/5072/2298 5044/5070/2298
f 5045/5071/2299 5047/5073/2299 5048/5074/2300 5046/5072/2300
f 5047/5073/2301 5031/5057/2301 5034/5060/2302 5048/5074/2302
f 5049/5075/2303 5050/5076/2303 5014/5040/2303 5013/5039/2303
f 5050/5076/2304 5051/5077/2304 5017/5043/2304 5014/5040/2304
f 5051/5077/2305 5052/5078/2305 5019/5045/2305 5017/5043/2305
f 5052/5078/2306 5053/5079/2306 5021/5047/2306 5019/5045/2306
f 5053/5079/2307 5054/5080/2307 5023/5049/2307 5021/5047/2307
f 5054/5080/2308 5055/5081/2308 5025/5051/2308 5023/5049/2308
f 5055/5081/2309 5056/5082/2309 5027/5053/2309 5025/5051/2309
f 5056/5082/2310 5057/5083/2310 5029/5055/2310 5027/5053/2310
f 5057/5083/2311 5049/5075/2311 5013/5039/2311 5029/5055/2311
f 5032/5058/2283 5031/5057/2283 5016/5042/2312 5015/5041/2312
f 5031/5057/2301 5047/5073/2301 5030/5056/2313 5016/5042/2313
f 5047/5073/2299 5045/5071/2299 5028/5054/2314 5030/5056/2314
f 5045/5071/2297 5043/5069/2296 5026/5052/2315 5028/5054/2315
f 5043/5069/2294 5041/5067/2294 5024/5050/2316 5026/5052/2316
f 5041/5067/2292 5039/5065/2292 5022/5048/2317 5024/5050/2317
f 5039/5065/2290 5037/5063/2289 5020/5046/2318 5022/5048/2318
f 5037/5063/2287 5035/5061/2287 5018/5044/2319 5020/5046/2319
f 5035/5061/2285 5032/5058/2285 5015/5041/2320 5018/5044/2320
f 5058/5084/2321 5059/5085/2321 5000/5026/2321 5001/5027/2321
f 5010/5036/2322 5058/5084/2322 5001/5027/2322 5002/5028/2322
f 5060/5086/2323 5012/5038/2323 5005/5031/2323 5006/5032/2323
f 5061/5087/2324 5060/5086/2324 5006/5032/2325 5007/5033/2325
f 5062/5088/2326 5061/5087/2326 5007/5033/2326 5008/5034/2326
f 5059/5085/2327 5062/5088/2327 5008/5034/2327 5000/5026/2327
f 5009/5035/2328 5063/5089/2329 5064/5090/2330 5010/5036/2328
f 5011/5037/2331 5065/5091/2331 5063/5089/2331 5009/5035/2331
f 5012/5038/2332 5066/5092/2332 5065/5091/2332 5011/5037/2332
f 5058/5084/2333 5067/5093/2333 5068/5094/2333 5059/5085/2333
f 5010/5036/2334 5064/5090/2335 5067/5093/2336 5058/5084/2334
f 5060/5086/2337 5069/5095/2337 5066/5092/2337 5012/5038/2337
f 5061/5087/2324 5070/5096/2338 5069/5095/2338 5060/5086/2324
f 5062/5088/2339 5071/5097/2339 5070/5096/2339 5061/5087/2339
f 5059/5085/2340 5068/5094/2340 5071/5097/2340 5062/5088/2340
f 5063/5089/2329 5052/5078/2341 5051/5077/2341 5064/5090/2330
f 5065/5091/2342 5053/5079/2342 5052/5078/2342 5063/5089/2342
f 5066/5092/2343 5054/5080/2343 5053/5079/2343 5065/5091/2343
f 5067/5093/2344 5050/5076/2344 5049/5075/2344 5068/5094/2344
f 5064/5090/2335 5051/5077/2345 5050/5076/2345 5067/5093/2336
f 5069/5095/2346 5055/5081/2346 5054/5080/2346 5066/5092/2346
f 5070/5096/2347 5056/5082/2347 5055/5081/2347 5069/5095/2347
f 5071/5097/2348 5057/5083/2348 5056/5082/2348 5070/5096/2348
f 5068/5094/2349 5049/5075/2349 5057/5083/2349 5071/5097/2349
f 5072/5098/2159 5073/5099/2159 5074/5100/2159 5075/5101/2159
f 5073/5099/2159 5076/5102/2159 5077/5103/2159 5074/5100/2159
f 5076/5102/2159 5078/5104/2159 5079/5105/2159 5077/5103/2159
f 5078/5104/2159 5080/5106/2159 5081/5107/2159 5079/5105/2159
f 5080/5106/2159 5082/5108/2159 5083/5109/2159 5081/5107/2159
f 5082/5108/2159 5084/5110/2159 5085/5111/2159 5083/5109/2159
f 5084/5110/2159 5086/5112/2159 5087/5113/2159 5085/5111/2159
f 5086/5112/2159 5088/5114/2159 5089/5115/2159 5087/5113/2159
f 5088/5114/2159 5072/5098/2159 5075/5101/2159 5089/5115/2159
f 5090/5116/2350 5091/5117/2350 5092/5118/2350 5093/5119/2350
f 5091/5117/2351 5094/5120/2351 5095/5121/2351 5092/5118/2351
f 5094/5120/2352 5096/5122/2352 5097/5123/2352 5095/5121/2352
f 5096/5122/2353 5098/5124/2353 5099/5125/2353 5097/5123/2353
f 5098/5124/2354 5100/5126/2354 5101/5127/2354 5099/5125/2354
f 5100/5126/2355 5102/5128/2355 5103/5129/2355 5101/5127/2355
f 5102/5128/2356 5104/5130/2356 5105/5131/2356 5103/5129/2356
f 5104/5130/2357 5106/5132/2357 5107/5133/2357 5105/5131/2357
f 5106/5132/2358 5090/5116/2358 5093/5119/2358 5107/5133/2358
f 5108/5134/2303 5109/5135/2303 5073/5099/2303 5072/5098/2303
f 5109/5135/2304 5110/5136/2304 5076/5102/2304 5073/5099/2304
f 5110/5136/2305 5111/5137/2305 5078/5104/2305 5076/5102/2305
f 5111/5137/2359 5112/5138/2359 5080/5106/2359 5078/5104/2359
f 5112/5138/2307 5113/5139/2307 5082/5108/2307 5080/5106/2307
f 5113/5139/2360 5114/5140/2360 5084/5110/2360 5082/5108/2360
f 5114/5140/2361 5115/5141/2361 5086/5112/2361 5084/5110/2361
f 5115/5141/2362 5116/5142/2362 5088/5114/2362 5086/5112/2362
f 5116/5142/2311 5108/5134/2311 5072/5098/2311 5088/5114/2311
f 5091/5117/2363 5090/5116/2363 5075/5101/2363 5074/5100/2363
f 5090/5116/2364 5106/5132/2364 5089/5115/2364 5075/5101/2364
f 5106/5132/2365 5104/5130/2365 5087/5113/2365 5089/5115/2365
f 5104/5130/2366 5102/5128/2366 5085/5111/2366 5087/5113/2366
f 5102/5128/2316 5100/5126/2316 5083/5109/2316 5085/5111/2316
f 5100/5126/2317 5098/5124/2317 5081/5107/2317 5083/5109/2317
f 5098/5124/2367 5096/5122/2367 5079/5105/2367 5081/5107/2367
f 5096/5122/2319 5094/5120/2319 5077/5103/2319 5079/5105/2319
f 5094/5120/2320 5091/5117/2320 5074/5100/2320 5077/5103/2320
f 5110/5136/2368 5117/5143/2368 5118/5144/2368 5111/5137/2368
f 5111/5137/2369 5118/5144/2369 5119/5145/2369 5112/5138/2369
f 5112/5138/2370 5119/5145/2370 5120/5146/2370 5113/5139/2370
f 5121/5147/2190 5122/5148/2190 5123/5149/2190 5124/5150/2190
f 5124/5150/2190 5123/5149/2190 5125/5151/2190 5126/5152/2190
f 5126/5152/2190 5125/5151/2190 5127/5153/2190 5128/5154/2190
f 5128/5154/2190 5127/5153/2190 5129/5155/2190 5130/5156/2190
f 5130/5156/2190 5129/5155/2190 5131/5157/2190 5132/5158/2190
f 5132/5158/2190 5131/5157/2190 5133/5159/2190 5134/5160/2190
f 5134/5160/2190 5133/5159/2190 5135/5161/2190 5136/5162/2190
f 5136/5162/2190 5135/5161/2190 5137/5163/2190 5138/5164/2190
f 5138/5164/2190 5137/5163/2190 5122/5148/2190 5121/5147/2190
f 5139/5165/2371 5140/5166/2372 5141/5167/2372 5142/5168/2371
f 5142/5168/2373 5141/5167/2374 5143/5169/2374 5144/5170/2373
f 5144/5170/2375 5143/5169/2376 5145/5171/2376 5146/5172/2375
f 5146/5172/2377 5145/5171/2378 5147/5173/2378 5148/5174/2377
f 5148/5174/2379 5147/5173/2380 5149/5175/2380 5150/5176/2379
f 5150/5176/2381 5149/5175/2382 5151/5177/2382 5152/5178/2381
f 5152/5178/2383 5151/5177/2384 5153/5179/2384 5154/5180/2383
f 5154/5180/2385 5153/5179/2386 5155/5181/2386 5156/5182/2385
f 5156/5182/2387 5155/5181/2388 5140/5166/2388 5139/5165/2387
f 5157/5183/2389 5121/5147/2389 5124/5150/2389 5158/5184/2389
f 5158/5184/2261 5124/5150/2261 5126/5152/2261 5159/5185/2261
f 5159/5185/2262 5126/5152/2262 5128/5154/2262 5160/5186/2262
f 5160/5186/2263 5128/5154/2263 5130/5156/2263 5161/5187/2263
f 5161/5187/2264 5130/5156/2264 5132/5158/2264 5162/5188/2264
f 5162/5188/2390 5132/5158/2390 5134/5160/2390 5163/5189/2390
f 5163/5189/2266 5134/5160/2266 5136/5162/2266 5164/5190/2266
f 5164/5190/2391 5136/5162/2391 5138/5164/2391 5165/5191/2391
f 5165/5191/2392 5138/5164/2392 5121/5147/2392 5157/5183/2392
f 5142/5168/2371 5123/5149/2393 5122/5148/2393 5139/5165/2371
f 5139/5165/2387 5122/5148/2270 5137/5163/2270 5156/5182/2387
f 5156/5182/2385 5137/5163/2394 5135/5161/2394 5154/5180/2385
f 5154/5180/2383 5135/5161/2272 5133/5159/2272 5152/5178/2383
f 5152/5178/2381 5133/5159/2273 5131/5157/2273 5150/5176/2381
f 5150/5176/2379 5131/5157/2395 5129/5155/2395 5148/5174/2379
f 5148/5174/2377 5129/5155/2396 5127/5153/2396 5146/5172/2377
f 5146/5172/2375 5127/5153/2276 5125/5151/2276 5144/5170/2375
f 5144/5170/2373 5125/5151/2277 5123/5149/2277 5142/5168/2373
f 5108/5134/2397 5166/5192/2397 5167/5193/2397 5109/5135/2397
f 5109/5135/2398 5167/5193/2398 5117/5143/2398 5110/5136/2398
f 5113/5139/2399 5120/5146/2399 5168/5194/2399 5114/5140/2399
f 5114/5140/2400 5168/5194/2400 5169/5195/2400 5115/5141/2400
f 5115/5141/2401 5169/5195/2401 5170/5196/2401 5116/5142/2401
f 5116/5142/2402 5170/5196/2402 5166/5192/2402 5108/5134/2402
f 5171/5197/2403 5172/5198/2403 5118/5144/2403 5117/5143/2403
f 5172/5198/2404 5173/5199/2404 5119/5145/2404 5118/5144/2404
f 5173/5199/2405 5174/5200/2405 5120/5146/2405 5119/5145/2405
f 5175/5201/2406 5176/5202/2406 5167/5193/2406 5166/5192/2406
f 5176/5202/2407 5171/5197/2407 5117/5143/2407 5167/5193/2407
f 5174/5200/2408 5177/5203/2408 5168/5194/2408 5120/5146/2408
f 5177/5203/2409 5178/5204/2409 5169/5195/2409 5168/5194/2409
f 5178/5204/2410 5179/5205/2410 5170/5196/2410 5169/5195/2410
f 5179/5205/2411 5175/5201/2411 5166/5192/2411 5170/5196/2411
f 5159/5185/2412 5160/5186/2412 5172/5198/2412 5171/5197/2412
f 5160/5186/2413 5161/5187/2413 5173/5199/2413 5172/5198/2413
f 5161/5187/2414 5162/5188/2414 5174/5200/2414 5173/5199/2414
f 5157/5183/2415 5158/5184/2415 5176/5202/2415 5175/5201/2415
f 5158/5184/2416 5159/5185/2416 5171/5197/2416 5176/5202/2416
f 5162/5188/2417 5163/5189/2417 5177/5203/2417 5174/5200/2417
f 5163/5189/2418 5164/5190/2418 5178/5204/2418 5177/5203/2418
f 5164/5190/2419 5165/5191/2419 5179/5205/2419 5178/5204/2419
f 5165/5191/2420 5157/5183/2420 5175/5201/2420 5179/5205/2420
f 5180/5206/2159 5181/5207/2159 5182/5208/2159 5183/5209/2159
f 5181/5207/2159 5184/5210/2159 5185/5211/2159 5182/5208/2159
f 5184/5210/2159 5186/5212/2159 5187/5213/2159 5185/5211/2159
f 5186/5212/2159 5188/5214/2159 5189/5215/2159 5187/5213/2159
f 5188/5214/2159 5190/5216/2159 5191/5217/2159 5189/5215/2159
f 5190/5216/2159 5192/5218/2159 5193/5219/2159 5191/5217/2159
f 5192/5218/2159 5194/5220/2159 5195/5221/2159 5193/5219/2159
f 5194/5220/2159 5196/5222/2159 5197/5223/2159 5195/5221/2159
f 5196/5222/2159 5180/5206/2159 5183/5209/2159 5197/5223/2159
f 5198/5224/2350 5199/5225/2350 5200/5226/2350 5201/5227/2350
f 5199/5225/2351 5202/5228/2351 5203/5229/2351 5200/5226/2351
f 5202/5228/2352 5204/5230/2352 5205/5231/2352 5203/5229/2352
f 5204/5230/2353 5206/5232/2353 5207/5233/2353 5205/5231/2353
f 5206/5232/2354 5208/5234/2354 5209/5235/2354 5207/5233/2354
f 5208/5234/2421 5210/5236/2421 5211/5237/2421 5209/5235/2421
f 5210/5236/2356 5212/5238/2356 5213/5239/2356 5211/5237/2356
f 5212/5238/2357 5214/5240/2357 5215/5241/2357 5213/5239/2357
f 5214/5240/2358 5198/5224/2358 5201/5227/2358 5215/5241/2358
f 5216/5242/2422 5217/5243/2422 5181/5207/2422 5180/5206/2422
f 5217/5243/2304 5218/5244/2304 5184/5210/2304 5181/5207/2304
f 5218/5244/2305 5219/5245/2305 5186/5212/2305 5184/5210/2305
f 5219/5245/2359 5220/5246/2359 5188/5214/2359 5186/5212/2359
f 5220/5246/2307 5221/5247/2307 5190/5216/2307 5188/5214/2307
f 5221/5247/2423 5222/5248/2423 5192/5218/2423 5190/5216/2423
f 5222/5248/2361 5223/5249/2361 5194/5220/2361 5192/5218/2361
f 5223/5249/2424 5224/5250/2424 5196/5222/2424 5194/5220/2424
f 5224/5250/2311 5216/5242/2311 5180/5206/2311 5196/5222/2311
f 5199/5225/2425 5198/5224/2425 5183/5209/2425 5182/5208/2425
f 5198/5224/2313 5214/5240/2313 5197/5223/2313 5183/5209/2313
f 5214/5240/2314 5212/5238/2314 5195/5221/2314 5197/5223/2314
f 5212/5238/2366 5210/5236/2366 5193/5219/2366 5195/5221/2366
f 5210/5236/2426 5208/5234/2426 5191/5217/2426 5193/5219/2426
f 5208/5234/2317 5206/5232/2317 5189/5215/2317 5191/5217/2317
f 5206/5232/2427 5204/5230/2427 5187/5213/2427 5189/5215/2427
f 5204/5230/2319 5202/5228/2319 5185/5211/2319 5187/5213/2319
f 5202/5228/2320 5199/5225/2320 5182/5208/2320 5185/5211/2320
f 5218/5244/2368 5225/5251/2368 5226/5252/2368 5219/5245/2368
f 5219/5245/2428 5226/5252/2428 5227/5253/2428 5220/5246/2428
f 5220/5246/2370 5227/5253/2370 5228/5254/2370 5221/5247/2370
f 5229/5255/2190 5230/5256/2190 5231/5257/2190 5232/5258/2190
f 5232/5258/2190 5231/5257/2190 5233/5259/2190 5234/5260/2190
f 5234/5260/2190 5233/5259/2190 5235/5261/2190 5236/5262/2190
f 5236/5262/2190 5235/5261/2190 5237/5263/2190 5238/5264/2190
f 5238/5264/2190 5237/5263/2190 5239/5265/2190 5240/5266/2190
f 5240/5266/2190 5239/5265/2190 5241/5267/2190 5242/5268/2190
f 5242/5268/2190 5241/5267/2190 5243/5269/2190 5244/5270/2190
f 5244/5270/2190 5243/5269/2190 5245/5271/2190 5246/5272/2190
f 5246/5272/2190 5245/5271/2190 5230/5256/2190 5229/5255/2190
f 5247/5273/2371 5248/5274/2372 5249/5275/2372 5250/5276/2371
f 5250/5276/2373 5249/5275/2374 5251/5277/2374 5252/5278/2373
f 5252/5278/2375 5251/5277/2376 5253/5279/2376 5254/5280/2375
f 5254/5280/2377 5253/5279/2378 5255/5281/2378 5256/5282/2377
f 5256/5282/2379 5255/5281/2429 5257/5283/2429 5258/5284/2379
f 5258/5284/2381 5257/5283/2430 5259/5285/2430 5260/5286/2381
f 5260/5286/2383 5259/5285/2384 5261/5287/2384 5262/5288/2383
f 5262/5288/2431 5261/5287/2386 5263/5289/2386 5264/5290/2431
f 5264/5290/2387 5263/5289/2432 5248/5274/2432 5247/5273/2387
f 5265/5291/2389 5229/5255/2389 5232/5258/2389 5266/5292/2389
f 5266/5292/2261 5232/5258/2261 5234/5260/2261 5267/5293/2261
f 5267/5293/2262 5234/5260/2262 5236/5262/2262 5268/5294/2262
f 5268/5294/2433 5236/5262/2433 5238/5264/2433 5269/5295/2433
f 5269/5295/2434 5238/5264/2434 5240/5266/2434 5270/5296/2434
f 5270/5296/2435 5240/5266/2435 5242/5268/2435 5271/5297/2435
f 5271/5297/2266 5242/5268/2266 5244/5270/2266 5272/5298/2266
f 5272/5298/2436 5244/5270/2436 5246/5272/2436 5273/5299/2436
f 5273/5299/2268 5246/5272/2268 5229/5255/2268 5265/5291/2268
f 5250/5276/2371 5231/5257/2393 5230/5256/2393 5247/5273/2371
f 5247/5273/2387 5230/5256/2270 5245/5271/2270 5264/5290/2387
f 5264/5290/2431 5245/5271/2394 5243/5269/2394 5262/5288/2431
f 5262/5288/2383 5243/5269/2272 5241/5267/2272 5260/5286/2383
f 5260/5286/2381 5241/5267/2437 5239/5265/2437 5258/5284/2381
f 5258/5284/2379 5239/5265/2395 5237/5263/2395 5256/5282/2379
f 5256/5282/2377 5237/5263/2275 5235/5261/2275 5254/5280/2377
f 5254/5280/2375 5235/5261/2276 5233/5259/2276 5252/5278/2375
f 5252/5278/2373 5233/5259/2277 5231/5257/2277 5250/5276/2373
f 5216/5242/2397 5274/5300/2397 5275/5301/2397 5217/5243/2397
f 5217/5243/2398 5275/5301/2398 5225/5251/2398 5218/5244/2398
f 5221/5247/2399 5228/5254/2399 5276/5302/2399 5222/5248/2399
f 5222/5248/2400 5276/5302/2400 5277/5303/2400 5223/5249/2400
f 5223/5249/2401 5277/5303/2401 5278/5304/2401 5224/5250/2401
f 5224/5250/2402 5278/5304/2402 5274/5300/2402 5216/5242/2402
f 5279/5305/2438 5280/5306/2438 5226/5252/2438 5225/5251/2438
f 5280/5306/2404 5281/5307/2404 5227/5253/2404 5226/5252/2404
f 5281/5307/2405 5282/5308/2405 5228/5254/2405 5227/5253/2405
f 5283/5309/2406 5284/5310/2406 5275/5301/2406 5274/5300/2406
f 5284/5310/2439 5279/5305/2439 5225/5251/2439 5275/5301/2439
f 5282/5308/2408 5285/5311/2408 5276/5302/2408 5228/5254/2408
f 5285/5311/2409 5286/5312/2409 5277/5303/2409 5276/5302/2409
f 5286/5312/2410 5287/5313/2410 5278/5304/2410 5277/5303/2410
f 5287/5313/2411 5283/5309/2411 5274/5300/2411 5278/5304/2411
f 5267/5293/2412 5268/5294/2412 5280/5306/2412 5279/5305/2412
f 5268/5294/2413 5269/5295/2413 5281/5307/2413 5280/5306/2413
f 5269/5295/2414 5270/5296/2414 5282/5308/2414 5281/5307/2414
f 5265/5291/2415 5266/5292/2415 5284/5310/2415 5283/5309/2415
f 5266/5292/2416 5267/5293/2416 5279/5305/2416 5284/5310/2416
f 5270/5296/2417 5271/5297/2417 5285/5311/2417 5282/5308/2417
f 5271/5297/2418 5272/5298/2418 5286/5312/2418 5285/5311/2418
f 5272/5298/2419 5273/5299/2419 5287/5313/2419 5286/5312/2419
f 5273/5299/2420 5265/5291/2420 5283/5309/2420 5287/5313/2420
f 5288/5314/2159 5289/5315/2159 5290/5316/2159 5291/5317/2159
f 5289/5315/2159 5292/5318/2159 5293/5319/2159 5290/5316/2159
f 5292/5318/2159 5294/5320/2159 5295/5321/2159 5293/5319/2159
f 5294/5320/2159 5296/5322/2159 5297/5323/2159 5295/5321/2159
f 5296/5322/2159 5298/5324/2159 5299/5325/2159 5297/5323/2159
f 5298/5324/2159 5300/5326/2159 5301/5327/2159 5299/5325/2159
f 5300/5326/2159 5302/5328/2159 5303/5329/2159 5301/5327/2159
f 5302/5328/2159 5304/5330/2159 5305/5331/2159 5303/5329/2159
f 5304/5330/2159 5288/5314/2159 5291/5317/2159 5305/5331/2159
f 5306/5332/2160 5307/5333/2160 5308/5334/2160 5309/5335/2160
f 5307/5333/2161 5310/5336/2161 5311/5337/2161 5308/5334/2161
f 5310/5336/2162 5312/5338/2162 5313/5339/2162 5311/5337/2162
f 5312/5338/2163 5314/5340/2163 5315/5341/2163 5313/5339/2163
f 5314/5340/2164 5316/5342/2164 5317/5343/2164 5315/5341/2164
f 5316/5342/2165 5318/5344/2165 5319/5345/2165 5317/5343/2165
f 5318/5344/2166 5320/5346/2166 5321/5347/2166 5319/5345/2166
f 5320/5346/2167 5322/5348/2167 5323/5349/2167 5321/5347/2167
f 5322/5348/2168 5306/5332/2168 5309/5335/2168 5323/5349/2168
f 5324/5350/2440 5325/5351/2440 5289/5315/2440 5288/5314/2440
f 5325/5351/2170 5326/5352/2170 5292/5318/2170 5289/5315/2170
f 5326/5352/2171 5327/5353/2171 5294/5320/2171 5292/5318/2171
f 5327/5353/2441 5328/5354/2441 5296/5322/2441 5294/5320/2441
f 5328/5354/2173 5329/5355/2173 5298/5324/2173 5296/5322/2173
f 5329/5355/2174 5330/5356/2174 5300/5326/2174 5298/5324/2174
f 5330/5356/2175 5331/5357/2175 5302/5328/2175 5300/5326/2175
f 5331/5357/2176 5332/5358/2176 5304/5330/2176 5302/5328/2176
f 5332/5358/2442 5324/5350/2442 5288/5314/2442 5304/5330/2442
f 5307/5333/2178 5306/5332/2178 5291/5317/2178 5290/5316/2178
f 5306/5332/2443 5322/5348/2443 5305/5331/2443 5291/5317/2443
f 5322/5348/2180 5320/5346/2180 5303/5329/2180 5305/5331/2180
f 5320/5346/2181 5318/5344/2181 5301/5327/2181 5303/5329/2181
f 5318/5344/2182 5316/5342/2182 5299/5325/2182 5301/5327/2182
f 5316/5342/2183 5314/5340/2183 5297/5323/2183 5299/5325/2183
f 5314/5340/2444 5312/5338/2444 5295/5321/2444 5297/5323/2444
f 5312/5338/2185 5310/5336/2185 5293/5319/2185 5295/5321/2185
f 5310/5336/2186 5307/5333/2186 5290/5316/2186 5293/5319/2186
f 5326/5352/2187 5333/5359/2187 5334/5360/2187 5327/5353/2187
f 5327/5353/2188 5334/5360/2188 5335/5361/2188 5328/5354/2188
f 5328/5354/2189 5335/5361/2189 5336/5362/2189 5329/5355/2189
f 5337/5363/2190 5338/5364/2190 5339/5365/2190 5340/5366/2190
f 5340/5366/2190 5339/5365/2190 5341/5367/2190 5342/5368/2190
f 5342/5368/2190 5341/5367/2190 5343/5369/2190 5344/5370/2190
f 5344/5370/2190 5343/5369/2190 5345/5371/2190 5346/5372/2190
f 5346/5372/2190 5345/5371/2190 5347/5373/2190 5348/5374/2190
f 5348/5374/2190 5347/5373/2190 5349/5375/2190 5350/5376/2190
f 5350/5376/2190 5349/5375/2190 5351/5377/2190 5352/5378/2190
f 5352/5378/2190 5351/5377/2190 5353/5379/2190 5354/5380/2190
f 5354/5380/2190 5353/5379/2190 5338/5364/2190 5337/5363/2190
f 5355/5381/2191 5356/5382/2192 5357/5383/2192 5358/5384/2191
f 5358/5384/2193 5357/5383/2194 5359/5385/2194 5360/5386/2193
f 5360/5386/2195 5359/5385/2196 5361/5387/2196 5362/5388/2195
f 5362/5388/2197 5361/5387/2198 5363/5389/2198 5364/5390/2197
f 5364/5390/2199 5363/5389/2200 5365/5391/2200 5366/5392/2199
f 5366/5392/2445 5365/5391/2202 5367/5393/2202 5368/5394/2445
f 5368/5394/2203 5367/5393/2204 5369/5395/2204 5370/5396/2203
f 5370/5396/2446 5369/5395/2206 5371/5397/2206 5372/5398/2446
f 5372/5398/2207 5371/5397/2208 5356/5382/2208 5355/5381/2207
f 5373/5399/2447 5337/5363/2447 5340/5366/2447 5374/5400/2447
f 5374/5400/2210 5340/5366/2210 5342/5368/2210 5375/5401/2210
f 5375/5401/2211 5342/5368/2211 5344/5370/2211 5376/5402/2211
f 5376/5402/2212 5344/5370/2212 5346/5372/2212 5377/5403/2212
f 5377/5403/2213 5346/5372/2213 5348/5374/2213 5378/5404/2213
f 5378/5404/2448 5348/5374/2448 5350/5376/2448 5379/5405/2448
f 5379/5405/2215 5350/5376/2215 5352/5378/2215 5380/5406/2215
f 5380/5406/2216 5352/5378/2216 5354/5380/2216 5381/5407/2216
f 5381/5407/2217 5354/5380/2217 5337/5363/2217 5373/5399/2217
f 5358/5384/2191 5339/5365/2218 5338/5364/2218 5355/5381/2191
f 5355/5381/2207 5338/5364/2449 5353/5379/2449 5372/5398/2207
f 5372/5398/2446 5353/5379/2220 5351/5377/2220 5370/5396/2446
f 5370/5396/2203 5351/5377/2221 5349/5375/2221 5368/5394/2203
f 5368/5394/2445 5349/5375/2222 5347/5373/2222 5366/5392/2445
f 5366/5392/2199 5347/5373/2450 5345/5371/2450 5364/5390/2199
f 5364/5390/2197 5345/5371/2224 5343/5369/2224 5362/5388/2197
f 5362/5388/2195 5343/5369/2225 5341/5367/2225 5360/5386/2195
f 5360/5386/2193 5341/5367/2226 5339/5365/2226 5358/5384/2193
f 5324/5350/2227 5382/5408/2227 5383/5409/2227 5325/5351/2227
f 5325/5351/2228 5383/5409/2228 5333/5359/2228 5326/5352/2228
f 5329/5355/2451 5336/5362/2451 5384/5410/2451 5330/5356/2451
f 5330/5356/2230 5384/5410/2230 5385/5411/2230 5331/5357/2230
f 5331/5357/2231 5385/5411/2231 5386/5412/2231 5332/5358/2231
f 5332/5358/2232 5386/5412/2232 5382/5408/2232 5324/5350/2232
f 5387/5413/2233 5388/5414/2233 5334/5360/2233 5333/5359/2233
f 5388/5414/2234 5389/5415/2234 5335/5361/2234 5334/5360/2234
f 5389/5415/2452 5390/5416/2452 5336/5362/2452 5335/5361/2452
f 5391/5417/2236 5392/5418/2236 5383/5409/2236 5382/5408/2236
f 5392/5418/2237 5387/5413/2237 5333/5359/2237 5383/5409/2237
f 5390/5416/2453 5393/5419/2453 5384/5410/2453 5336/5362/2453
f 5393/5419/2239 5394/5420/2239 5385/5411/2239 5384/5410/2239
f 5394/5420/2240 5395/5421/2240 5386/5412/2240 5385/5411/2240
f 5395/5421/2241 5391/5417/2241 5382/5408/2241 5386/5412/2241
f 5375/5401/2242 5376/5402/2242 5388/5414/2242 5387/5413/2242
f 5376/5402/2243 5377/5403/2243 5389/5415/2243 5388/5414/2243
f 5377/5403/2244 5378/5404/2244 5390/5416/2244 5389/5415/2244
f 5373/5399/2245 5374/5400/2245 5392/5418/2245 5391/5417/2245
f 5374/5400/2454 5375/5401/2454 5387/5413/2454 5392/5418/2454
f 5378/5404/2247 5379/5405/2247 5393/5419/2247 5390/5416/2247
f 5379/5405/2248 5380/5406/2248 5394/5420/2248 5393/5419/2248
f 5380/5406/2249 5381/5407/2249 5395/5421/2249 5394/5420/2249
f 5381/5407/2250 5373/5399/2250 5391/5417/2250 5395/5421/2250
f 5396/5422/2455 5397/5423/2455 5398/5424/2455 5399/5425/2455
f 5397/5423/2455 5400/5426/2455 5401/5427/2455 5398/5424/2455
f 5400/5426/2455 5402/5428/2455 5403/5429/2455 5401/5427/2455
f 5402/5428/2455 5404/5430/2455 5405/5431/2455 5403/5429/2455
f 5404/5430/2455 5406/5432/2456 5407/5433/2456 5405/5431/2455
f 5406/5432/2456 5408/5434/2456 5409/5435/2456 5407/5433/2456
f 5408/5434/2456 5410/5436/2456 5411/5437/2456 5409/5435/2456
f 5410/5436/2456 5412/5438/2455 5413/5439/2455 5411/5437/2456
f 5412/5438/2455 5396/5422/2455 5399/5425/2455 5413/5439/2455
f 5414/5440/2457 5415/5441/2457 5416/5442/2457 5417/5443/2457
f 5415/5441/2458 5418/5444/2458 5419/5445/2458 5416/5442/2458
f 5418/5444/2459 5420/5446/2459 5421/5447/2459 5419/5445/2459
f 5420/5446/2460 5422/5448/2460 5423/5449/2460 5421/5447/2460
f 5422/5448/2461 5424/5450/2461 5425/5451/2461 5423/5449/2461
f 5424/5450/2462 5426/5452/2462 5427/5453/2462 5425/5451/2462
f 5426/5452/2463 5428/5454/2463 5429/5455/2463 5427/5453/2463
f 5428/5454/2464 5430/5456/2464 5431/5457/2464 5429/5455/2464
f 5430/5456/2465 5414/5440/2465 5417/5443/2465 5431/5457/2465
f 5432/5458/2466 5433/5459/2466 5397/5423/2466 5396/5422/2466
f 5433/5459/2467 5434/5460/2467 5400/5426/2467 5397/5423/2467
f 5434/5460/2468 5435/5461/2468 5402/5428/2468 5400/5426/2468
f 5435/5461/2469 5436/5462/2469 5404/5430/2469 5402/5428/2469
f 5436/5462/2470 5437/5463/2470 5406/5432/2470 5404/5430/2470
f 5437/5463/2471 5438/5464/2471 5408/5434/2471 5406/5432/2471
f 5438/5464/2472 5439/5465/2472 5410/5436/2472 5408/5434/2472
f 5439/5465/2473 5440/5466/2473 5412/5438/2473 5410/5436/2473
f 5440/5466/2474 5432/5458/2474 5396/5422/2474 5412/5438/2474
f 5415/5441/2475 5414/5440/2475 5399/5425/2475 5398/5424/2475
f 5414/5440/2476 5430/5456/2476 5413/5439/2476 5399/5425/2476
f 5430/5456/2477 5428/5454/2477 5411/5437/2477 5413/5439/2477
f 5428/5454/2478 5426/5452/2478 5409/5435/2478 5411/5437/2478
f 5426/5452/2479 5424/5450/2479 5407/5433/2479 5409/5435/2479
f 5424/5450/2480 5422/5448/2480 5405/5431/2480 5407/5433/2480
f 5422/5448/2481 5420/5446/2481 5403/5429/2481 5405/5431/2481
f 5420/5446/2482 5418/5444/2482 5401/5427/2482 5403/5429/2482
f 5418/5444/2483 5415/5441/2483 5398/5424/2483 5401/5427/2483
f 5434/5460/2484 5441/5467/2484 5442/5468/2484 5435/5461/2484
f 5435/5461/2485 5442/5468/2485 5443/5469/2485 5436/5462/2485
f 5436/5462/2486 5443/5469/2486 5444/5470/2486 5437/5463/2486
f 5445/5471/2487 5446/5472/2487 5447/5473/2487 5448/5474/2487
f 5448/5474/2487 5447/5473/2487 5449/5475/2487 5450/5476/2487
f 5450/5476/2487 5449/5475/2487 5451/5477/2487 5452/5478/2487
f 5452/5478/2488 5451/5477/2488 5453/5479/2488 5454/5480/2488
f 5454/5480/2489 5453/5479/2489 5455/5481/2489 5456/5482/2489
f 5456/5482/2489 5455/5481/2489 5457/5483/2489 5458/5484/2489
f 5458/5484/2490 5457/5483/2490 5459/5485/2490 5460/5486/2490
f 5460/5486/2489 5459/5485/2489 5461/5487/2489 5462/5488/2489
f 5462/5488/2489 5461/5487/2489 5446/5472/2487 5445/5471/2487
f 5463/5489/2491 5464/5490/2492 5465/5491/2492 5466/5492/2491
f 5466/5492/2493 5465/5491/2494 5467/5493/2494 5468/5494/2493
f 5468/5494/2495 5467/5493/2496 5469/5495/2496 5470/5496/2495
f 5470/5496/2497 5469/5495/2498 5471/5497/2498 5472/5498/2499
f 5472/5498/2500 5471/5497/2501 5473/5499/2501 5474/5500/2500
f 5474/5500/2502 5473/5499/2503 5475/5501/2503 5476/5502/2502
f 5476/5502/2504 5475/5501/2505 5477/5503/2505 5478/5504/2506
f 5478/5504/2507 5477/5503/2508 5479/5505/2508 5480/5506/2507
f 5480/5506/2509 5479/5505/2510 5464/5490/2510 5463/5489/2509
f 5481/5507/2511 5445/5471/2511 5448/5474/2511 5482/5508/2511
f 5482/5508/2512 5448/5474/2512 5450/5476/2512 5483/5509/2512
f 5483/5509/2513 5450/5476/2513 5452/5478/2513 5484/5510/2513
f 5484/5510/2514 5452/5478/2514 5454/5480/2514 5485/5511/2514
f 5485/5511/2515 5454/5480/2515 5456/5482/2515 5486/5512/2515
f 5486/5512/2516 5456/5482/2516 5458/5484/2516 5487/5513/2516
f 5487/5513/2517 5458/5484/2517 5460/5486/2517 5488/5514/2517
f 5488/5514/2518 5460/5486/2518 5462/5488/2518 5489/5515/2518
f 5489/5515/2519 5462/5488/2519 5445/5471/2519 5481/5507/2519
f 5466/5492/2491 5447/5473/2520 5446/5472/2520 5463/5489/2491
f 5463/5489/2509 5446/5472/2521 5461/5487/2521 5480/5506/2509
f 5480/5506/2507 5461/5487/2522 5459/5485/2522 5478/5504/2507
f 5478/5504/2506 5459/5485/2523 5457/5483/2523 5476/5502/2504
f 5476/5502/2502 5457/5483/2524 5455/5481/2524 5474/5500/2502
f 5474/5500/2500 5455/5481/2525 5453/5479/2525 5472/5498/2500
f 5472/5498/2499 5453/5479/2526 5451/5477/2526 5470/5496/2497
f 5470/5496/2495 5451/5477/2527 5449/5475/2527 5468/5494/2495
f 5468/5494/2493 5449/5475/2528 5447/5473/2528 5466/5492/2493
f 5432/5458/2529 5490/5516/2529 5491/5517/2529 5433/5459/2529
f 5433/5459/2530 5491/5517/2530 5441/5467/2530 5434/5460/2530
f 5437/5463/2531 5444/5470/2531 5492/5518/2531 5438/5464/2531
f 5438/5464/2532 5492/5518/2533 5493/5519/2533 5439/5465/2532
f 5439/5465/2534 5493/5519/2534 5494/5520/2534 5440/5466/2534
f 5440/5466/2535 5494/5520/2535 5490/5516/2535 5432/5458/2535
f 5495/5521/2536 5496/5522/2537 5442/5468/2538 5441/5467/2538
f 5496/5522/2539 5497/5523/2539 5443/5469/2539 5442/5468/2539
f 5497/5523/2540 5498/5524/2540 5444/5470/2540 5443/5469/2540
f 5499/5525/2541 5500/5526/2541 5491/5517/2541 5490/5516/2541
f 5500/5526/2542 5495/5521/2543 5441/5467/2544 5491/5517/2544
f 5498/5524/2545 5501/5527/2545 5492/5518/2545 5444/5470/2545
f 5501/5527/2546 5502/5528/2546 5493/5519/2533 5492/5518/2533
f 5502/5528/2547 5503/5529/2547 5494/5520/2547 5493/5519/2547
f 5503/5529/2548 5499/5525/2548 5490/5516/2548 5494/5520/2548
f 5483/5509/2549 5484/5510/2549 5496/5522/2537 5495/5521/2536
f 5484/5510/2550 5485/5511/2550 5497/5523/2550 5496/5522/2550
f 5485/5511/2551 5486/5512/2551 5498/5524/2551 5497/5523/2551
f 5481/5507/2552 5482/5508/2552 5500/5526/2552 5499/5525/2552
f 5482/5508/2553 5483/5509/2553 5495/5521/2543 5500/5526/2542
f 5486/5512/2554 5487/5513/2554 5501/5527/2554 5498/5524/2554
f 5487/5513/2555 5488/5514/2555 5502/5528/2555 5501/5527/2555
f 5488/5514/2556 5489/5515/2556 5503/5529/2556 5502/5528/2556
f 5489/5515/2557 5481/5507/2557 5499/5525/2557 5503/5529/2557
f 5504/5530/2159 5505/5531/2159 5506/5532/2159 5507/5533/2159
f 5505/5531/2159 5508/5534/2159 5509/5535/2159 5506/5532/2159
f 5508/5534/2159 5510/5536/2159 5511/5537/2159 5509/5535/2159
f 5510/5536/2159 5512/5538/2159 5513/5539/2159 5511/5537/2159
f 5512/5538/2159 5514/5540/2159 5515/5541/2159 5513/5539/2159
f 5514/5540/2159 5516/5542/2159 5517/5543/2159 5515/5541/2159
f 5516/5542/2159 5518/5544/2159 5519/5545/2159 5517/5543/2159
f 5518/5544/2159 5520/5546/2159 5521/5547/2159 5519/5545/2159
f 5520/5546/2159 5504/5530/2159 5507/5533/2159 5521/5547/2159
f 5522/5548/2350 5523/5549/2350 5524/5550/2350 5525/5551/2350
f 5523/5549/2351 5526/5552/2351 5527/5553/2351 5524/5550/2351
f 5526/5552/2352 5528/5554/2352 5529/5555/2352 5527/5553/2352
f 5528/5554/2353 5530/5556/2353 5531/5557/2353 5529/5555/2353
f 5530/5556/2558 5532/5558/2558 5533/5559/2558 5531/5557/2558
f 5532/5558/2355 5534/5560/2355 5535/5561/2355 5533/5559/2355
f 5534/5560/2356 5536/5562/2356 5537/5563/2356 5535/5561/2356
f 5536/5562/2357 5538/5564/2357 5539/5565/2357 5537/5563/2357
f 5538/5564/2358 5522/5548/2358 5525/5551/2358 5539/5565/2358
f 5540/5566/2303 5541/5567/2303 5505/5531/2303 5504/5530/2303
f 5541/5567/2304 5542/5568/2304 5508/5534/2304 5505/5531/2304
f 5542/5568/2305 5543/5569/2305 5510/5536/2305 5508/5534/2305
f 5543/5569/2559 5544/5570/2559 5512/5538/2559 5510/5536/2559
f 5544/5570/2307 5545/5571/2307 5514/5540/2307 5512/5538/2307
f 5545/5571/2560 5546/5572/2560 5516/5542/2560 5514/5540/2560
f 5546/5572/2361 5547/5573/2361 5518/5544/2361 5516/5542/2361
f 5547/5573/2310 5548/5574/2310 5520/5546/2310 5518/5544/2310
f 5548/5574/2311 5540/5566/2311 5504/5530/2311 5520/5546/2311
f 5523/5549/2312 5522/5548/2312 5507/5533/2312 5506/5532/2312
f 5522/5548/2364 5538/5564/2364 5521/5547/2364 5507/5533/2364
f 5538/5564/2561 5536/5562/2561 5519/5545/2561 5521/5547/2561
f 5536/5562/2366 5534/5560/2366 5517/5543/2366 5519/5545/2366
f 5534/5560/2562 5532/5558/2562 5515/5541/2562 5517/5543/2562
f 5532/5558/2317 5530/5556/2317 5513/5539/2317 5515/5541/2317
f 5530/5556/2563 5528/5554/2563 5511/5537/2563 5513/5539/2563
f 5528/5554/2319 5526/5552/2319 5509/5535/2319 5511/5537/2319
f 5526/5552/2320 5523/5549/2320 5506/5532/2320 5509/5535/2320
f 5542/5568/2368 5549/5575/2368 5550/5576/2368 5543/5569/2368
f 5543/5569/2369 5550/5576/2369 5551/5577/2369 5544/5570/2369
f 5544/5570/2564 5551/5577/2564 5552/5578/2564 5545/5571/2564
f 5553/5579/2190 5554/5580/2190 5555/5581/2190 5556/5582/2190
f 5556/5582/2190 5555/5581/2190 5557/5583/2190 5558/5584/2190
f 5558/5584/2190 5557/5583/2190 5559/5585/2190 5560/5586/2190
f 5560/5586/2190 5559/5585/2190 5561/5587/2190 5562/5588/2190
f 5562/5588/2190 5561/5587/2190 5563/5589/2190 5564/5590/2190
f 5564/5590/2190 5563/5589/2190 5565/5591/2190 5566/5592/2190
f 5566/5592/2190 5565/5591/2190 5567/5593/2190 5568/5594/2190
f 5568/5594/2190 5567/5593/2190 5569/5595/2190 5570/5596/2190
f 5570/5596/2190 5569/5595/2190 5554/5580/2190 5553/5579/2190
f 5571/5597/2371 5572/5598/2372 5573/5599/2372 5574/5600/2371
f 5574/5600/2373 5573/5599/2374 5575/5601/2374 5576/5602/2373
f 5576/5602/2375 5575/5601/2376 5577/5603/2376 5578/5604/2375
f 5578/5604/2377 5577/5603/2378 5579/5605/2378 5580/5606/2377
f 5580/5606/2379 5579/5605/2429 5581/5607/2429 5582/5608/2379
f 5582/5608/2381 5581/5607/2382 5583/5609/2382 5584/5610/2381
f 5584/5610/2383 5583/5609/2384 5585/5611/2384 5586/5612/2383
f 5586/5612/2385 5585/5611/2565 5587/5613/2565 5588/5614/2385
f 5588/5614/2387 5587/5613/2432 5572/5598/2432 5571/5597/2387
f 5589/5615/2389 5553/5579/2389 5556/5582/2389 5590/5616/2389
f 5590/5616/2261 5556/5582/2261 5558/5584/2261 5591/5617/2261
f 5591/5617/2262 5558/5584/2262 5560/5586/2262 5592/5618/2262
f 5592/5618/2566 5560/5586/2566 5562/5588/2566 5593/5619/2566
f 5593/5619/2264 5562/5588/2264 5564/5590/2264 5594/5620/2264
f 5594/5620/2567 5564/5590/2567 5566/5592/2567 5595/5621/2567
f 5595/5621/2266 5566/5592/2266 5568/5594/2266 5596/5622/2266
f 5596/5622/2267 5568/5594/2267 5570/5596/2267 5597/5623/2267
f 5597/5623/2268 5570/5596/2268 5553/5579/2268 5589/5615/2268
f 5574/5600/2371 5555/5581/2568 5554/5580/2568 5571/5597/2371
f 5571/5597/2387 5554/5580/2270 5569/5595/2270 5588/5614/2387
f 5588/5614/2385 5569/5595/2569 5567/5593/2569 5586/5612/2385
f 5586/5612/2383 5567/5593/2272 5565/5591/2272 5584/5610/2383
f 5584/5610/2381 5565/5591/2273 5563/5589/2273 5582/5608/2381
f 5582/5608/2379 5563/5589/2395 5561/5587/2395 5580/5606/2379
f 5580/5606/2377 5561/5587/2570 5559/5585/2570 5578/5604/2377
f 5578/5604/2375 5559/5585/2276 5557/5583/2276 5576/5602/2375
f 5576/5602/2373 5557/5583/2277 5555/5581/2277 5574/5600/2373
f 5540/5566/2571 5598/5624/2571 5599/5625/2571 5541/5567/2571
f 5541/5567/2398 5599/5625/2398 5549/5575/2398 5542/5568/2398
f 5545/5571/2399 5552/5578/2399 5600/5626/2399 5546/5572/2399
f 5546/5572/2400 5600/5626/2400 5601/5627/2400 5547/5573/2400
f 5547/5573/2401 5601/5627/2401 5602/5628/2401 5548/5574/2401
f 5548/5574/2572 5602/5628/2572 5598/5624/2572 5540/5566/2572
f 5603/5629/2403 5604/5630/2403 5550/5576/2403 5549/5575/2403
f 5604/5630/2404 5605/5631/2404 5551/5577/2404 5550/5576/2404
f 5605/5631/2405 5606/5632/2405 5552/5578/2405 5551/5577/2405
f 5607/5633/2406 5608/5634/2406 5599/5625/2406 5598/5624/2406
f 5608/5634/2439 5603/5629/2439 5549/5575/2439 5599/5625/2439
f 5606/5632/2573 5609/5635/2573 5600/5626/2573 5552/5578/2573
f 5609/5635/2409 5610/5636/2409 5601/5627/2409 5600/5626/2409
f 5610/5636/2574 5611/5637/2574 5602/5628/2574 5601/5627/2574
f 5611/5637/2411 5607/5633/2411 5598/5624/2411 5602/5628/2411
f 5591/5617/2412 5592/5618/2412 5604/5630/2412 5603/5629/2412
f 5592/5618/2413 5593/5619/2413 5605/5631/2413 5604/5630/2413
f 5593/5619/2414 5594/5620/2414 5606/5632/2414 5605/5631/2414
f 5589/5615/2415 5590/5616/2415 5608/5634/2415 5607/5633/2415
f 5590/5616/2416 5591/5617/2416 5603/5629/2416 5608/5634/2416
f 5594/5620/2417 5595/5621/2417 5609/5635/2417 5606/5632/2417
f 5595/5621/2418 5596/5622/2418 5610/5636/2418 5609/5635/2418
f 5596/5622/2419 5597/5623/2419 5611/5637/2419 5610/5636/2419
f 5597/5623/2420 5589/5615/2420 5607/5633/2420 5611/5637/2420
f 5612/5638/2159 5613/5639/2159 5614/5640/2159 5615/5641/2159
f 5613/5639/2159 5616/5642/2159 5617/5643/2159 5614/5640/2159
f 5616/5642/2159 5618/5644/2159 5619/5645/2159 5617/5643/2159
f 5618/5644/2159 5620/5646/2159 5621/5647/2159 5619/5645/2159
f 5620/5646/2159 5622/5648/2159 5623/5649/2159 5621/5647/2159
f 5622/5648/2159 5624/5650/2159 5625/5651/2159 5623/5649/2159
f 5624/5650/2159 5626/5652/2159 5627/5653/2159 5625/5651/2159
f 5626/5652/2159 5628/5654/2159 5629/5655/2159 5627/5653/2159
f 5628/5654/2159 5612/5638/2159 5615/5641/2159 5629/5655/2159
f 5630/5656/2575 5631/5657/2575 5632/5658/2575 5633/5659/2575
f 5631/5657/2576 5634/5660/2576 5635/5661/2576 5632/5658/2576
f 5634/5660/2577 5636/5662/2577 5637/5663/2577 5635/5661/2577
f 5636/5662/2578 5638/5664/2578 5639/5665/2578 5637/5663/2578
f 5638/5664/2579 5640/5666/2579 5641/5667/2579 5639/5665/2579
f 5640/5666/2580 5642/5668/2580 5643/5669/2580 5641/5667/2580
f 5642/5668/2581 5644/5670/2581 5645/5671/2581 5643/5669/2581
f 5644/5670/2582 5646/5672/2582 5647/5673/2582 5645/5671/2582
f 5646/5672/2583 5630/5656/2583 5633/5659/2583 5647/5673/2583
f 5648/5674/2584 5649/5675/2584 5613/5639/2584 5612/5638/2584
f 5649/5675/2304 5650/5676/2304 5616/5642/2304 5613/5639/2304
f 5650/5676/2305 5651/5677/2305 5618/5644/2305 5616/5642/2305
f 5651/5677/2559 5652/5678/2559 5620/5646/2559 5618/5644/2559
f 5652/5678/2307 5653/5679/2307 5622/5648/2307 5620/5646/2307
f 5653/5679/2423 5654/5680/2423 5624/5650/2423 5622/5648/2423
f 5654/5680/2361 5655/5681/2361 5626/5652/2361 5624/5650/2361
f 5655/5681/2362 5656/5682/2362 5628/5654/2362 5626/5652/2362
f 5656/5682/2585 5648/5674/2585 5612/5638/2585 5628/5654/2585
f 5631/5657/2425 5630/5656/2425 5615/5641/2425 5614/5640/2425
f 5630/5656/2313 5646/5672/2313 5629/5655/2313 5615/5641/2313
f 5646/5672/2314 5644/5670/2314 5627/5653/2314 5629/5655/2314
f 5644/5670/2366 5642/5668/2366 5625/5651/2366 5627/5653/2366
f 5642/5668/2586 5640/5666/2586 5623/5649/2586 5625/5651/2586
f 5640/5666/2587 5638/5664/2587 5621/5647/2587 5623/5649/2587
f 5638/5664/2367 5636/5662/2367 5619/5645/2367 5621/5647/2367
f 5636/5662/2319 5634/5660/2319 5617/5643/2319 5619/5645/2319
f 5634/5660/2320 5631/5657/2320 5614/5640/2320 5617/5643/2320
f 5650/5676/2588 5657/5683/2588 5658/5684/2588 5651/5677/2588
f 5651/5677/2589 5658/5684/2589 5659/5685/2589 5652/5678/2589
f 5652/5678/2590 5659/5685/2590 5660/5686/2590 5653/5679/2590
f 5661/5687/2190 5662/5688/2190 5663/5689/2190 5664/5690/2190
f 5664/5690/2190 5663/5689/2190 5665/5691/2190 5666/5692/2190
f 5666/5692/2190 5665/5691/2190 5667/5693/2190 5668/5694/2190
f 5668/5694/2591 5667/5693/2591 5669/5695/2591 5670/5696/2591
f 5670/5696/2190 5669/5695/2190 5671/5697/2190 5672/5698/2190
f 5672/5698/2190 5671/5697/2190 5673/5699/2190 5674/5700/2190
f 5674/5700/2592 5673/5699/2592 5675/5701/2592 5676/5702/2592
f 5676/5702/2190 5675/5701/2190 5677/5703/2190 5678/5704/2190
f 5678/5704/2190 5677/5703/2190 5662/5688/2190 5661/5687/2190
f 5679/5705/2371 5680/5706/2372 5681/5707/2372 5682/5708/2371
f 5682/5708/2373 5681/5707/2374 5683/5709/2374 5684/5710/2373
f 5684/5710/2375 5683/5709/2376 5685/5711/2376 5686/5712/2375
f 5686/5712/2593 5685/5711/2594 5687/5713/2594 5688/5714/2595
f 5688/5714/2379 5687/5713/2429 5689/5715/2429 5690/5716/2379
f 5690/5716/2381 5689/5715/2430 5691/5717/2430 5692/5718/2381
f 5692/5718/2596 5691/5717/2597 5693/5719/2597 5694/5720/2598
f 5694/5720/2385 5693/5719/2386 5695/5721/2386 5696/5722/2385
f 5696/5722/2387 5695/5721/2432 5680/5706/2432 5679/5705/2387
f 5697/5723/2389 5661/5687/2389 5664/5690/2389 5698/5724/2389
f 5698/5724/2261 5664/5690/2261 5666/5692/2261 5699/5725/2261
f 5699/5725/2262 5666/5692/2262 5668/5694/2262 5700/5726/2262
f 5700/5726/2599 5668/5694/2599 5670/5696/2599 5701/5727/2599
f 5701/5727/2434 5670/5696/2434 5672/5698/2434 5702/5728/2434
f 5702/5728/2390 5672/5698/2390 5674/5700/2390 5703/5729/2390
f 5703/5729/2600 5674/5700/2600 5676/5702/2600 5704/5730/2600
f 5704/5730/2601 5676/5702/2601 5678/5704/2601 5705/5731/2601
f 5705/5731/2268 5678/5704/2268 5661/5687/2268 5697/5723/2268
f 5682/5708/2371 5663/5689/2393 5662/5688/2393 5679/5705/2371
f 5679/5705/2387 5662/5688/2270 5677/5703/2270 5696/5722/2387
f 5696/5722/2385 5677/5703/2569 5675/5701/2569 5694/5720/2385
f 5694/5720/2598 5675/5701/2602 5673/5699/2602 5692/5718/2596
f 5692/5718/2381 5673/5699/2437 5671/5697/2437 5690/5716/2381
f 5690/5716/2379 5671/5697/2395 5669/5695/2395 5688/5714/2379
f 5688/5714/2595 5669/5695/2603 5667/5693/2603 5686/5712/2593
f 5686/5712/2375 5667/5693/2276 5665/5691/2276 5684/5710/2375
f 5684/5710/2373 5665/5691/2277 5663/5689/2277 5682/5708/2373
f 5648/5674/2604 5706/5732/2604 5707/5733/2604 5649/5675/2604
f 5649/5675/2605 5707/5733/2605 5657/5683/2605 5650/5676/2605
f 5653/5679/2606 5660/5686/2606 5708/5734/2606 5654/5680/2606
f 5654/5680/2607 5708/5734/2608 5709/5735/2608 5655/5681/2607
f 5655/5681/2609 5709/5735/2609 5710/5736/2609 5656/5682/2609
f 5656/5682/2610 5710/5736/2610 5706/5732/2610 5648/5674/2610
f 5711/5737/2611 5712/5738/2612 5658/5684/2613 5657/5683/2613
f 5712/5738/2614 5713/5739/2614 5659/5685/2614 5658/5684/2614
f 5713/5739/2615 5714/5740/2615 5660/5686/2615 5659/5685/2615
f 5715/5741/2616 5716/5742/2616 5707/5733/2616 5706/5732/2616
f 5716/5742/2617 5711/5737/2618 5657/5683/2619 5707/5733/2619
f 5714/5740/2620 5717/5743/2620 5708/5734/2620 5660/5686/2620
f 5717/5743/2621 5718/5744/2621 5709/5735/2608 5708/5734/2608
f 5718/5744/2622 5719/5745/2622 5710/5736/2622 5709/5735/2622
f 5719/5745/2623 5715/5741/2623 5706/5732/2623 5710/5736/2623
f 5699/5725/2624 5700/5726/2624 5712/5738/2612 5711/5737/2611
f 5700/5726/2625 5701/5727/2625 5713/5739/2625 5712/5738/2625
f 5701/5727/2626 5702/5728/2626 5714/5740/2626 5713/5739/2626
f 5697/5723/2627 5698/5724/2627 5716/5742/2627 5715/5741/2627
f 5698/5724/2628 5699/5725/2628 5711/5737/2618 5716/5742/2617
f 5702/5728/2629 5703/5729/2629 5717/5743/2629 5714/5740/2629
f 5703/5729/2630 5704/5730/2630 5718/5744/2630 5717/5743/2630
f 5704/5730/2631 5705/5731/2631 5719/5745/2631 5718/5744/2631
f 5705/5731/2632 5697/5723/2632 5715/5741/2632 5719/5745/2632
f 5720/5746/2159 5721/5747/2159 5722/5748/2159 5723/5749/2159
f 5721/5747/2159 5724/5750/2159 5725/5751/2159 5722/5748/2159
f 5724/5750/2159 5726/5752/2159 5727/5753/2159 5725/5751/2159
f 5726/5752/2159 5728/5754/2159 5729/5755/2159 5727/5753/2159
f 5728/5754/2159 5730/5756/2159 5731/5757/2159 5729/5755/2159
f 5730/5756/2159 5732/5758/2159 5733/5759/2159 5731/5757/2159
f 5732/5758/2159 5734/5760/2159 5735/5761/2159 5733/5759/2159
f 5734/5760/2159 5736/5762/2159 5737/5763/2159 5735/5761/2159
f 5736/5762/2159 5720/5746/2159 5723/5749/2159 5737/5763/2159
f 5738/5764/2633 5739/5765/2633 5740/5766/2633 5741/5767/2633
f 5739/5765/2576 5742/5768/2576 5743/5769/2576 5740/5766/2576
f 5742/5768/2577 5744/5770/2577 5745/5771/2577 5743/5769/2577
f 5744/5770/2634 5746/5772/2634 5747/5773/2634 5745/5771/2634
f 5746/5772/2579 5748/5774/2579 5749/5775/2579 5747/5773/2579
f 5748/5774/2635 5750/5776/2635 5751/5777/2635 5749/5775/2635
f 5750/5776/2636 5752/5778/2636 5753/5779/2636 5751/5777/2636
f 5752/5778/2582 5754/5780/2582 5755/5781/2582 5753/5779/2582
f 5754/5780/2583 5738/5764/2583 5741/5767/2583 5755/5781/2583
f 5756/5782/2303 5757/5783/2303 5721/5747/2303 5720/5746/2303
f 5757/5783/2304 5758/5784/2304 5724/5750/2304 5721/5747/2304
f 5758/5784/2305 5759/5785/2305 5726/5752/2305 5724/5750/2305
f 5759/5785/2559 5760/5786/2559 5728/5754/2559 5726/5752/2559
f 5760/5786/2307 5761/5787/2307 5730/5756/2307 5728/5754/2307
f 5761/5787/2560 5762/5788/2560 5732/5758/2560 5730/5756/2560
f 5762/5788/2361 5763/5789/2361 5734/5760/2361 5732/5758/2361
f 5763/5789/2424 5764/5790/2424 5736/5762/2424 5734/5760/2424
f 5764/5790/2585 5756/5782/2585 5720/5746/2585 5736/5762/2585
f 5739/5765/2425 5738/5764/2425 5723/5749/2425 5722/5748/2425
f 5738/5764/2313 5754/5780/2313 5737/5763/2313 5723/5749/2313
f 5754/5780/2637 5752/5778/2637 5735/5761/2637 5737/5763/2637
f 5752/5778/2366 5750/5776/2366 5733/5759/2366 5735/5761/2366
f 5750/5776/2638 5748/5774/2638 5731/5757/2638 5733/5759/2638
f 5748/5774/2587 5746/5772/2587 5729/5755/2587 5731/5757/2587
f 5746/5772/2639 5744/5770/2639 5727/5753/2639 5729/5755/2639
f 5744/5770/2319 5742/5768/2319 5725/5751/2319 5727/5753/2319
f 5742/5768/2320 5739/5765/2320 5722/5748/2320 5725/5751/2320
f 5758/5784/2588 5765/5791/2588 5766/5792/2588 5759/5785/2588
f 5759/5785/2589 5766/5792/2589 5767/5793/2589 5760/5786/2589
f 5760/5786/2590 5767/5793/2590 5768/5794/2590 5761/5787/2590
f 5769/5795/2190 5770/5796/2190 5771/5797/2190 5772/5798/2190
f 5772/5798/2190 5771/5797/2190 5773/5799/2190 5774/5800/2190
f 5774/5800/2190 5773/5799/2190 5775/5801/2190 5776/5802/2190
f 5776/5802/2591 5775/5801/2591 5777/5803/2591 5778/5804/2591
f 5778/5804/2190 5777/5803/2190 5779/5805/2190 5780/5806/2190
f 5780/5806/2190 5779/5805/2190 5781/5807/2190 5782/5808/2190
f 5782/5808/2592 5781/5807/2592 5783/5809/2592 5784/5810/2592
f 5784/5810/2190 5783/5809/2190 5785/5811/2190 5786/5812/2190
f 5786/5812/2190 5785/5811/2190 5770/5796/2190 5769/5795/2190
f 5787/5813/2371 5788/5814/2372 5789/5815/2372 5790/5816/2371
f 5790/5816/2373 5789/5815/2374 5791/5817/2374 5792/5818/2373
f 5792/5818/2375 5791/5817/2376 5793/5819/2376 5794/5820/2375
f 5794/5820/2593 5793/5819/2594 5795/5821/2594 5796/5822/2640
f 5796/5822/2379 5795/5821/2380 5797/5823/2380 5798/5824/2379
f 5798/5824/2381 5797/5823/2430 5799/5825/2430 5800/5826/2381
f 5800/5826/2596 5799/5825/2597 5801/5827/2597 5802/5828/2598
f 5802/5828/2385 5801/5827/2565 5803/5829/2565 5804/5830/2385
f 5804/5830/2387 5803/5829/2432 5788/5814/2432 5787/5813/2387
f 5805/5831/2389 5769/5795/2389 5772/5798/2389 5806/5832/2389
f 5806/5832/2261 5772/5798/2261 5774/5800/2261 5807/5833/2261
f 5807/5833/2262 5774/5800/2262 5776/5802/2262 5808/5834/2262
f 5808/5834/2599 5776/5802/2599 5778/5804/2599 5809/5835/2599
f 5809/5835/2264 5778/5804/2264 5780/5806/2264 5810/5836/2264
f 5810/5836/2265 5780/5806/2265 5782/5808/2265 5811/5837/2265
f 5811/5837/2600 5782/5808/2600 5784/5810/2600 5812/5838/2600
f 5812/5838/2267 5784/5810/2267 5786/5812/2267 5813/5839/2267
f 5813/5839/2268 5786/5812/2268 5769/5795/2268 5805/5831/2268
f 5790/5816/2371 5771/5797/2393 5770/5796/2393 5787/5813/2371
f 5787/5813/2387 5770/5796/2270 5785/5811/2270 5804/5830/2387
f 5804/5830/2385 5785/5811/2569 5783/5809/2569 5802/5828/2385
f 5802/5828/2598 5783/5809/2602 5781/5807/2602 5800/5826/2596
f 5800/5826/2381 5781/5807/2437 5779/5805/2437 5798/5824/2381
f 5798/5824/2379 5779/5805/2395 5777/5803/2395 5796/5822/2379
f 5796/5822/2640 5777/5803/2603 5775/5801/2603 5794/5820/2593
f 5794/5820/2375 5775/5801/2276 5773/5799/2276 5792/5818/2375
f 5792/5818/2373 5773/5799/2277 5771/5797/2277 5790/5816/2373
f 5756/5782/2604 5814/5840/2604 5815/5841/2604 5757/5783/2604
f 5757/5783/2605 5815/5841/2605 5765/5791/2605 5758/5784/2605
f 5761/5787/2606 5768/5794/2606 5816/5842/2606 5762/5788/2606
f 5762/5788/2607 5816/5842/2608 5817/5843/2608 5763/5789/2607
f 5763/5789/2609 5817/5843/2609 5818/5844/2609 5764/5790/2609
f 5764/5790/2641 5818/5844/2641 5814/5840/2641 5756/5782/2641
f 5819/5845/2642 5820/5846/2643 5766/5792/2613 5765/5791/2613
f 5820/5846/2644 5821/5847/2644 5767/5793/2644 5766/5792/2644
f 5821/5847/2615 5822/5848/2615 5768/5794/2615 5767/5793/2615
f 5823/5849/2616 5824/5850/2616 5815/5841/2616 5814/5840/2616
f 5824/5850/2617 5819/5845/2645 5765/5791/2646 5815/5841/2646
f 5822/5848/2620 5825/5851/2620 5816/5842/2620 5768/5794/2620
f 5825/5851/2621 5826/5852/2621 5817/5843/2608 5816/5842/2608
f 5826/5852/2622 5827/5853/2622 5818/5844/2622 5817/5843/2622
f 5827/5853/2623 5823/5849/2623 5814/5840/2623 5818/5844/2623
f 5807/5833/2624 5808/5834/2624 5820/5846/2643 5819/5845/2642
f 5808/5834/2625 5809/5835/2625 5821/5847/2625 5820/5846/2625
f 5809/5835/2626 5810/5836/2626 5822/5848/2626 5821/5847/2626
f 5805/5831/2627 5806/5832/2627 5824/5850/2627 5823/5849/2627
f 5806/5832/2628 5807/5833/2628 5819/5845/2645 5824/5850/2617
f 5810/5836/2629 5811/5837/2629 5825/5851/2629 5822/5848/2629
f 5811/5837/2630 5812/5838/2630 5826/5852/2630 5825/5851/2630
f 5812/5838/2631 5813/5839/2631 5827/5853/2631 5826/5852/2631
f 5813/5839/2632 5805/5831/2632 5823/5849/2632 5827/5853/2632
f 5828/5854/2647 5829/5855/2647 5830/5856/2648
f 5829/5855/2647 5831/5857/2647 5832/5858/2647
f 5831/5857/2647 5833/5859/2647 5834/5860/2649
f 5829/5855/2647 5833/5859/2647 5831/5857/2647
f 5833/5859/2647 5835/5861/2650 5836/5862/2647
f 5835/5861/2650 5837/5863/2647 5838/5864/2651
f 5833/5859/2647 5837/5863/2647 5835/5861/2650
f 5837/5863/2647 5839/5865/2652 5840/5866/2653
f 5839/5865/2652 5841/5867/2647 5842/5868/2654
f 5837/5863/2647 5841/5867/2647 5839/5865/2652
f 5833/5859/2647 5841/5867/2647 5837/5863/2647
f 5841/5867/2647 5843/5869/2653 5844/5870/2655
f 5843/5869/2653 5845/5871/2647 5846/5872/2647
f 5841/5867/2647 5845/5871/2647 5843/5869/2653
f 5845/5871/2647 5847/5873/2650 5848/5874/2656
f 5847/5873/2650 5849/5875/2647 5850/5876/2657
f 5845/5871/2647 5849/5875/2647 5847/5873/2650
f 5841/5867/2647 5849/5875/2647 5845/5871/2647
f 5833/5859/2647 5849/5875/2647 5841/5867/2647
f 5829/5855/2647 5849/5875/2647 5833/5859/2647
f 5828/5854/2647 5849/5875/2647 5829/5855/2647
f 5851/5877/2650 5849/5875/2647 5828/5854/2647
f 5852/5878/2647 5853/5879/2658 5854/5880/2659
f 5853/5879/2658 5852/5878/2647 5855/5881/2647
f 5854/5880/2659 5856/5882/2647 5857/5883/2647
f 5856/5882/2647 5854/5880/2659 5853/5879/2658
f 5857/5883/2647 5858/5884/2647 5859/5885/2647
f 5858/5884/2647 5857/5883/2647 5856/5882/2647
f 5859/5885/2647 5860/5886/2647 5861/5887/2647
f 5860/5886/2647 5859/5885/2647 5858/5884/2647
f 5861/5887/2647 5862/5888/2647 5863/5889/2647
f 5862/5888/2647 5861/5887/2647 5860/5886/2647
f 5863/5889/2647 5864/5890/2650 5865/5891/2650
f 5864/5890/2650 5863/5889/2647 5862/5888/2647
f 5865/5891/2650 5866/5892/2647 5867/5893/2647
f 5866/5892/2647 5865/5891/2650 5864/5890/2650
f 5867/5893/2647 5868/5894/2647 5869/5895/2647
f 5868/5894/2647 5867/5893/2647 5866/5892/2647
f 5869/5895/2647 5870/5896/2647 5871/5897/2647
f 5870/5896/2647 5869/5895/2647 5868/5894/2647
f 5871/5897/2647 5872/5898/2647 5873/5899/2647
f 5872/5898/2647 5871/5897/2647 5870/5896/2647
f 5873/5899/2647 5874/5900/2647 5875/5901/2647
f 5874/5900/2647 5873/5899/2647 5872/5898/2647
f 5875/5901/2647 5876/5902/2647 5877/5903/2647
f 5876/5902/2647 5875/5901/2647 5874/5900/2647
f 5877/5903/2647 5878/5904/2647 5879/5905/2647
f 5878/5904/2647 5877/5903/2647 5876/5902/2647
f 5879/5905/2647 5880/5906/2647 5881/5907/2647
f 5880/5906/2647 5879/5905/2647 5878/5904/2647
f 5881/5907/2647 5882/5908/2647 5883/5909/2647
f 5882/5908/2647 5881/5907/2647 5880/5906/2647
f 5883/5909/2647 5884/5910/2653 5885/5911/2653
f 5884/5910/2653 5883/5909/2647 5882/5908/2647
f 5885/5911/2653 5886/5912/2653 5887/5913/2647
f 5886/5912/2653 5885/5911/2653 5884/5910/2653
f 5887/5913/2647 5888/5914/2647 5889/5915/2650
f 5888/5914/2647 5887/5913/2647 5886/5912/2653
f 5889/5915/2650 5890/5916/2647 5891/5917/2647
f 5890/5916/2647 5889/5915/2650 5888/5914/2647
f 5891/5917/2647 5892/5918/2647 5893/5919/2647
f 5892/5918/2647 5891/5917/2647 5890/5916/2647
f 5893/5919/2647 5894/5920/2647 5895/5921/2647
f 5894/5920/2647 5893/5919/2647 5892/5918/2647
f 5895/5921/2647 5896/5922/2647 5897/5923/2647
f 5896/5922/2647 5895/5921/2647 5894/5920/2647
f 5897/5923/2647 5898/5924/2647 5899/5925/2647
f 5898/5924/2647 5897/5923/2647 5896/5922/2647
f 5899/5925/2647 5855/5881/2647 5852/5878/2647
f 5855/5881/2647 5899/5925/2647 5898/5924/2647
f 5855/5881/2660 5900/5926/2660 5853/5879/2660
f 5900/5926/2660 5855/5881/2660 5901/5927/2660
f 5853/5879/2661 5902/5928/2661 5856/5882/2661
f 5902/5928/2661 5853/5879/2661 5900/5926/2661
f 5856/5882/2662 5903/5929/2662 5858/5884/2663
f 5903/5929/2662 5856/5882/2662 5902/5928/2662
f 5858/5884/2664 5904/5930/2665 5860/5886/2665
f 5904/5930/2665 5858/5884/2664 5903/5929/2664
f 5860/5886/2666 5905/5931/2666 5862/5888/2666
f 5905/5931/2666 5860/5886/2666 5904/5930/2666
f 5862/5888/2667 5906/5932/2668 5864/5890/2668
f 5906/5932/2668 5862/5888/2667 5905/5931/2667
f 5864/5890/2669 5907/5933/2669 5866/5892/2669
f 5907/5933/2669 5864/5890/2669 5906/5932/2669
f 5866/5892/2670 5908/5934/2670 5868/5894/2671
f 5908/5934/2670 5866/5892/2670 5907/5933/2672
f 5868/5894/2673 5909/5935/2673 5870/5896/2673
f 5909/5935/2673 5868/5894/2673 5908/5934/2674
f 5870/5896/2675 5910/5936/2675 5872/5898/2675
f 5910/5936/2675 5870/5896/2675 5909/5935/2676
f 5872/5898/2677 5911/5937/2677 5874/5900/2677
f 5911/5937/2677 5872/5898/2677 5910/5936/2677
f 5874/5900/2678 5912/5938/2679 5876/5902/2679
f 5912/5938/2679 5874/5900/2678 5911/5937/2678
f 5876/5902/2680 5913/5939/2680 5878/5904/2680
f 5913/5939/2680 5876/5902/2680 5912/5938/2680
f 5878/5904/2681 5914/5940/2681 5880/5906/2681
f 5914/5940/2681 5878/5904/2681 5913/5939/2681
f 5880/5906/2682 5915/5941/2682 5882/5908/2683
f 5915/5941/2682 5880/5906/2682 5914/5940/2682
f 5882/5908/2684 5916/5942/2685 5884/5910/2685
f 5916/5942/2685 5882/5908/2684 5915/5941/2684
f 5884/5910/2686 5917/5943/2686 5886/5912/2686
f 5917/5943/2686 5884/5910/2686 5916/5942/2686
f 5886/5912/2687 5918/5944/2688 5888/5914/2688
f 5918/5944/2688 5886/5912/2687 5917/5943/2687
f 5888/5914/2689 5919/5945/2689 5890/5916/2689
f 5919/5945/2689 5888/5914/2689 5918/5944/2689
f 5890/5916/2690 5920/5946/2690 5892/5918/2690
f 5920/5946/2690 5890/5916/2690 5919/5945/2691
f 5892/5918/2692 5921/5947/2692 5894/5920/2692
f 5921/5947/2692 5892/5918/2692 5920/5946/2693
f 5894/5920/2694 5922/5948/2694 5896/5922/2694
f 5922/5948/2694 5894/5920/2694 5921/5947/2695
f 5896/5922/2696 5923/5949/2696 5898/5924/2696
f 5923/5949/2696 5896/5922/2696 5922/5948/2696
f 5898/5924/2697 5901/5927/2698 5855/5881/2698
f 5901/5927/2698 5898/5924/2697 5923/5949/2697
f 5907/5933/2647 5924/5950/2647 5908/5934/2647
f 5907/5933/2647 5925/5951/2647 5924/5950/2647
f 5906/5932/2647 5925/5951/2647 5907/5933/2647
f 5906/5932/2647 5926/5952/2647 5925/5951/2647
f 5905/5931/2647 5926/5952/2647 5906/5932/2647
f 5905/5931/2647 5927/5953/2647 5926/5952/2647
f 5904/5930/2647 5927/5953/2647 5905/5931/2647
f 5904/5930/2647 5928/5954/2647 5927/5953/2647
f 5903/5929/2647 5928/5954/2647 5904/5930/2647
f 5903/5929/2647 5929/5955/2647 5928/5954/2647
f 5902/5928/2647 5929/5955/2647 5903/5929/2647
f 5902/5928/2647 5930/5956/2647 5929/5955/2647
f 5900/5926/2647 5930/5956/2647 5902/5928/2647
f 5900/5926/2647 5931/5957/2647 5930/5956/2647
f 5901/5927/2647 5931/5957/2647 5900/5926/2647
f 5901/5927/2647 5932/5958/2647 5931/5957/2647
f 5923/5949/2647 5932/5958/2647 5901/5927/2647
f 5923/5949/2647 5933/5959/2647 5932/5958/2647
f 5922/5948/2647 5933/5959/2647 5923/5949/2647
f 5922/5948/2647 5934/5960/2647 5933/5959/2647
f 5921/5947/2647 5934/5960/2647 5922/5948/2647
f 5921/5947/2647 5935/5961/2647 5934/5960/2647
f 5920/5946/2647 5935/5961/2647 5921/5947/2647
f 5920/5946/2647 5936/5962/2647 5935/5961/2647
f 5919/5945/2647 5936/5962/2647 5920/5946/2647
f 5919/5945/2647 5937/5963/2647 5936/5962/2647
f 5918/5944/2647 5937/5963/2647 5919/5945/2647
f 5918/5944/2647 5938/5964/2647 5937/5963/2647
f 5917/5943/2647 5938/5964/2647 5918/5944/2647
f 5917/5943/2647 5939/5965/2647 5938/5964/2647
f 5916/5942/2647 5939/5965/2647 5917/5943/2647
f 5916/5942/2647 5940/5966/2647 5939/5965/2647
f 5915/5941/2647 5940/5966/2647 5916/5942/2647
f 5915/5941/2647 5941/5967/2647 5940/5966/2647
f 5914/5940/2647 5941/5967/2647 5915/5941/2647
f 5914/5940/2647 5942/5968/2653 5941/5967/2647
f 5913/5939/2647 5942/5968/2653 5914/5940/2647
f 5913/5939/2647 5943/5969/2647 5942/5968/2653
f 5912/5938/2647 5943/5969/2647 5913/5939/2647
f 5912/5938/2647 5944/5970/2647 5943/5969/2647
f 5911/5937/2647 5944/5970/2647 5912/5938/2647
f 5911/5937/2647 5945/5971/2647 5944/5970/2647
f 5910/5936/2647 5945/5971/2647 5911/5937/2647
f 5910/5936/2647 5946/5972/2647 5945/5971/2647
f 5909/5935/2647 5946/5972/2647 5910/5936/2647
f 5909/5935/2647 5947/5973/2647 5946/5972/2647
f 5908/5934/2647 5947/5973/2647 5909/5935/2647
f 5908/5934/2647 5924/5950/2647 5947/5973/2647
f 5932/5958/2680 5948/5974/2680 5931/5957/2680
f 5948/5974/2680 5932/5958/2680 5949/5975/2680
f 5931/5957/2681 5950/5976/2681 5930/5956/2681
f 5950/5976/2681 5931/5957/2681 5948/5974/2681
f 5930/5956/2682 5951/5977/2682 5929/5955/2682
f 5951/5977/2682 5930/5956/2682 5950/5976/2682
f 5929/5955/2684 5952/5978/2684 5928/5954/2684
f 5952/5978/2684 5929/5955/2684 5951/5977/2699
f 5928/5954/2686 5953/5979/2686 5927/5953/2686
f 5953/5979/2686 5928/5954/2686 5952/5978/2686
f 5927/5953/2688 5954/5980/2688 5926/5952/2688
f 5954/5980/2688 5927/5953/2688 5953/5979/2688
f 5926/5952/2689 5955/5981/2689 5925/5951/2689
f 5955/5981/2689 5926/5952/2689 5954/5980/2689
f 5925/5951/2690 5956/5982/2690 5924/5950/2690
f 5956/5982/2690 5925/5951/2690 5955/5981/2690
f 5924/5950/2692 5957/5983/2692 5947/5973/2692
f 5957/5983/2692 5924/5950/2692 5956/5982/2692
f 5947/5973/2694 5958/5984/2695 5946/5972/2700
f 5958/5984/2695 5947/5973/2694 5957/5983/2694
f 5946/5972/2696 5959/5985/2696 5945/5971/2696
f 5959/5985/2696 5946/5972/2696 5958/5984/2696
f 5945/5971/2697 5960/5986/2697 5944/5970/2697
f 5960/5986/2697 5945/5971/2697 5959/5985/2697
f 5944/5970/2660 5961/5987/2660 5943/5969/2660
f 5961/5987/2660 5944/5970/2660 5960/5986/2660
f 5943/5969/2661 5962/5988/2661 5942/5968/2661
f 5962/5988/2661 5943/5969/2661 5961/5987/2661
f 5942/5968/2662 5963/5989/2662 5941/5967/2662
f 5963/5989/2662 5942/5968/2662 5962/5988/2663
f 5941/5967/2664 5964/5990/2664 5940/5966/2664
f 5964/5990/2664 5941/5967/2664 5963/5989/2665
f 5940/5966/2666 5965/5991/2666 5939/5965/2666
f 5965/5991/2666 5940/5966/2666 5964/5990/2666
f 5939/5965/2668 5966/5992/2668 5938/5964/2668
f 5966/5992/2668 5939/5965/2668 5965/5991/2668
f 5938/5964/2669 5967/5993/2669 5937/5963/2669
f 5967/5993/2669 5938/5964/2669 5966/5992/2669
f 5937/5963/2670 5968/5994/2670 5936/5962/2670
f 5968/5994/2670 5937/5963/2670 5967/5993/2671
f 5936/5962/2673 5969/5995/2673 5935/5961/2673
f 5969/5995/2673 5936/5962/2673 5968/5994/2673
f 5935/5961/2675 5970/5996/2675 5934/5960/2675
f 5970/5996/2675 5935/5961/2675 5969/5995/2675
f 5934/5960/2677 5971/5997/2677 5933/5959/2677
f 5971/5997/2677 5934/5960/2677 5970/5996/2677
f 5933/5959/2678 5949/5975/2678 5932/5958/2678
f 5949/5975/2678 5933/5959/2678 5971/5997/2678
f 5949/5975/2701 5828/5854/2701 5948/5974/2701
f 5828/5854/2701 5949/5975/2701 5851/5877/2701
f 5948/5974/2702 5830/5856/2703 5950/5976/2704
f 5830/5856/2703 5948/5974/2702 5828/5854/2705
f 5950/5976/2706 5829/5855/2706 5951/5977/2707
f 5829/5855/2706 5950/5976/2706 5830/5856/2708
f 5951/5977/2709 5832/5858/2710 5952/5978/2710
f 5832/5858/2710 5951/5977/2709 5829/5855/2711
f 5952/5978/2712 5831/5857/2712 5953/5979/2713
f 5831/5857/2712 5952/5978/2712 5832/5858/2714
f 5953/5979/2715 5834/5860/2715 5954/5980/2716
f 5834/5860/2715 5953/5979/2715 5831/5857/2717
f 5954/5980/2718 5833/5859/2719 5955/5981/2719
f 5833/5859/2719 5954/5980/2718 5834/5860/2720
f 5955/5981/2721 5836/5862/2722 5956/5982/2723
f 5836/5862/2722 5955/5981/2721 5833/5859/2724
f 5956/5982/2725 5835/5861/2726 5957/5983/2726
f 5835/5861/2726 5956/5982/2725 5836/5862/2727
f 5957/5983/2728 5838/5864/2728 5958/5984/2728
f 5838/5864/2728 5957/5983/2728 5835/5861/2728
f 5958/5984/2729 5837/5863/2729 5959/5985/2729
f 5837/5863/2729 5958/5984/2729 5838/5864/2730
f 5959/5985/2731 5840/5866/2731 5960/5986/2732
f 5840/5866/2731 5959/5985/2731 5837/5863/2731
f 5960/5986/2733 5839/5865/2733 5961/5987/2734
f 5839/5865/2733 5960/5986/2733 5840/5866/2733
f 5961/5987/2735 5842/5868/2735 5962/5988/2735
f 5842/5868/2735 5961/5987/2735 5839/5865/2736
f 5962/5988/2737 5841/5867/2737 5963/5989/2738
f 5841/5867/2737 5962/5988/2737 5842/5868/2739
f 5963/5989/2740 5844/5870/2740 5964/5990/2740
f 5844/5870/2740 5963/5989/2740 5841/5867/2741
f 5964/5990/2742 5843/5869/2743 5965/5991/2744
f 5843/5869/2743 5964/5990/2742 5844/5870/2745
f 5965/5991/2746 5846/5872/2746 5966/5992/2746
f 5846/5872/2746 5965/5991/2746 5843/5869/2747
f 5966/5992/2748 5845/5871/2749 5967/5993/2749
f 5845/5871/2749 5966/5992/2748 5846/5872/2748
f 5967/5993/2750 5848/5874/2751 5968/5994/2752
f 5848/5874/2751 5967/5993/2750 5845/5871/2753
f 5968/5994/2754 5847/5873/2755 5969/5995/2756
f 5847/5873/2755 5968/5994/2754 5848/5874/2757
f 5969/5995/2758 5850/5876/2759 5970/5996/2760
f 5850/5876/2759 5969/5995/2758 5847/5873/2761
f 5970/5996/2762 5849/5875/2763 5971/5997/2763
f 5849/5875/2763 5970/5996/2762 5850/5876/2762
f 5971/5997/2764 5851/5877/2765 5949/5975/2766
f 5851/5877/2765 5971/5997/2764 5849/5875/2764
f 5972/5998/2767 5973/5999/2768 5974/6000/2769
f 5973/5999/2768 5975/6001/2767 5976/6002/2770
f 5972/5998/2767 5975/6001/2767 5973/5999/2768
f 5975/6001/2767 5977/6003/2767 5978/6004/2770
f 5977/6003/2767 5979/6005/2767 5980/6006/2767
f 5975/6001/2767 5979/6005/2767 5977/6003/2767
f 5972/5998/2767 5979/6005/2767 5975/6001/2767
f 5979/6005/2767 5981/6007/2767 5982/6008/2767
f 5981/6007/2767 5983/6009/2767 5984/6010/2767
f 5979/6005/2767 5983/6009/2767 5981/6007/2767
f 5983/6009/2767 5985/6011/2771 5986/6012/2767
f 5985/6011/2771 5987/6013/2767 5988/6014/2772
f 5983/6009/2767 5987/6013/2767 5985/6011/2771
f 5979/6005/2767 5987/6013/2767 5983/6009/2767
f 5972/5998/2767 5987/6013/2767 5979/6005/2767
f 5987/6013/2767 5989/6015/2767 5990/6016/2767
f 5989/6015/2767 5991/6017/2767 5992/6018/2773
f 5987/6013/2767 5991/6017/2767 5989/6015/2767
f 5972/5998/2767 5991/6017/2767 5987/6013/2767
f 5991/6017/2767 5993/6019/2770 5994/6020/2774
f 5972/5998/2767 5993/6019/2770 5991/6017/2767
f 5995/6021/2767 5993/6019/2770 5972/5998/2767
f 5996/6022/2767 5997/6023/2767 5998/6024/2767
f 5997/6023/2767 5996/6022/2767 5999/6025/2767
f 5999/6025/2767 6000/6026/2767 5997/6023/2767
f 6000/6026/2767 5999/6025/2767 6001/6027/2767
f 6001/6027/2767 6002/6028/2767 6000/6026/2767
f 6002/6028/2767 6001/6027/2767 6003/6029/2767
f 6003/6029/2767 6004/6030/2767 6002/6028/2767
f 6004/6030/2767 6003/6029/2767 6005/6031/2767
f 6005/6031/2767 6006/6032/2767 6004/6030/2767
f 6006/6032/2767 6005/6031/2767 6007/6033/2767
f 6007/6033/2767 6008/6034/2767 6006/6032/2767
f 6008/6034/2767 6007/6033/2767 6009/6035/2767
f 6009/6035/2767 6010/6036/2767 6008/6034/2767
f 6010/6036/2767 6009/6035/2767 6011/6037/2767
f 6011/6037/2767 6012/6038/2767 6010/6036/2767
f 6012/6038/2767 6011/6037/2767 6013/6039/2767
f 6013/6039/2767 6014/6040/2767 6012/6038/2767
f 6014/6040/2767 6013/6039/2767 6015/6041/2767
f 6015/6041/2767 6016/6042/2767 6014/6040/2767
f 6016/6042/2767 6015/6041/2767 6017/6043/2767
f 6017/6043/2767 6018/6044/2767 6016/6042/2767
f 6018/6044/2767 6017/6043/2767 6019/6045/2767
f 6019/6045/2767 6020/6046/2767 6018/6044/2767
f 6020/6046/2767 6019/6045/2767 6021/6047/2767
f 6021/6047/2767 6022/6048/2767 6020/6046/2767
f 6022/6048/2767 6021/6047/2767 6023/6049/2767
f 6023/6049/2767 6024/6050/2767 6022/6048/2767
f 6024/6050/2767 6023/6049/2767 6025/6051/2767
f 6025/6051/2767 6026/6052/2767 6024/6050/2767
f 6026/6052/2767 6025/6051/2767 6027/6053/2767
f 6027/6053/2767 6028/6054/2767 6026/6052/2767
f 6028/6054/2767 6027/6053/2767 6029/6055/2771
f 6029/6055/2771 6030/6056/2775 6028/6054/2767
f 6030/6056/2775 6029/6055/2771 6031/6057/2775
f 6031/6057/2775 6032/6058/2767 6030/6056/2775
f 6032/6058/2767 6031/6057/2775 6033/6059/2767
f 6033/6059/2767 6034/6060/2767 6032/6058/2767
f 6034/6060/2767 6033/6059/2767 6035/6061/2767
f 6035/6061/2767 6036/6062/2767 6034/6060/2767
f 6036/6062/2767 6035/6061/2767 6037/6063/2767
f 6037/6063/2767 6038/6064/2767 6036/6062/2767
f 6038/6064/2767 6037/6063/2767 6039/6065/2767
f 6039/6065/2767 6040/6066/2767 6038/6064/2767
f 6040/6066/2767 6039/6065/2767 6041/6067/2767
f 6041/6067/2767 6042/6068/2767 6040/6066/2767
f 6042/6068/2767 6041/6067/2767 6043/6069/2767
f 6043/6069/2767 5998/6024/2767 6042/6068/2767
f 5998/6024/2767 6043/6069/2767 5996/6022/2767
f 5998/6024/2660 6044/6070/2660 6045/6071/2660
f 6044/6070/2660 5998/6024/2660 5997/6023/2660
f 5997/6023/2661 6046/6072/2661 6044/6070/2661
f 6046/6072/2661 5997/6023/2661 6000/6026/2661
f 6000/6026/2662 6047/6073/2662 6046/6072/2662
f 6047/6073/2662 6000/6026/2662 6002/6028/2663
f 6002/6028/2665 6048/6074/2665 6047/6073/2665
f 6048/6074/2665 6002/6028/2665 6004/6030/2665
f 6004/6030/2666 6049/6075/2666 6048/6074/2666
f 6049/6075/2666 6004/6030/2666 6006/6032/2666
f 6006/6032/2667 6050/6076/2667 6049/6075/2667
f 6050/6076/2667 6006/6032/2667 6008/6034/2667
f 6008/6034/2669 6051/6077/2669 6050/6076/2669
f 6051/6077/2669 6008/6034/2669 6010/6036/2669
f 6010/6036/2670 6052/6078/2670 6051/6077/2672
f 6052/6078/2670 6010/6036/2670 6012/6038/2671
f 6012/6038/2673 6053/6079/2673 6052/6078/2674
f 6053/6079/2673 6012/6038/2673 6014/6040/2673
f 6014/6040/2675 6054/6080/2675 6053/6079/2676
f 6054/6080/2675 6014/6040/2675 6016/6042/2675
f 6016/6042/2677 6055/6081/2677 6054/6080/2677
f 6055/6081/2677 6016/6042/2677 6018/6044/2677
f 6018/6044/2678 6056/6082/2679 6055/6081/2678
f 6056/6082/2679 6018/6044/2678 6020/6046/2679
f 6020/6046/2680 6057/6083/2680 6056/6082/2680
f 6057/6083/2680 6020/6046/2680 6022/6048/2680
f 6022/6048/2681 6058/6084/2776 6057/6083/2681
f 6058/6084/2776 6022/6048/2681 6024/6050/2776
f 6024/6050/2682 6059/6085/2682 6058/6084/2682
f 6059/6085/2682 6024/6050/2682 6026/6052/2683
f 6026/6052/2684 6060/6086/2684 6059/6085/2684
f 6060/6086/2684 6026/6052/2684 6028/6054/2685
f 6028/6054/2686 6061/6087/2686 6060/6086/2686
f 6061/6087/2686 6028/6054/2686 6030/6056/2686
f 6030/6056/2687 6062/6088/2687 6061/6087/2687
f 6062/6088/2687 6030/6056/2687 6032/6058/2687
f 6032/6058/2689 6063/6089/2689 6062/6088/2689
f 6063/6089/2689 6032/6058/2689 6034/6060/2689
f 6034/6060/2691 6064/6090/2690 6063/6089/2691
f 6064/6090/2690 6034/6060/2691 6036/6062/2777
f 6036/6062/2692 6065/6091/2692 6064/6090/2693
f 6065/6091/2692 6036/6062/2692 6038/6064/2692
f 6038/6064/2694 6066/6092/2694 6065/6091/2695
f 6066/6092/2694 6038/6064/2694 6040/6066/2694
f 6040/6066/2696 6067/6093/2696 6066/6092/2696
f 6067/6093/2696 6040/6066/2696 6042/6068/2778
f 6042/6068/2697 6045/6071/2697 6067/6093/2697
f 6045/6071/2697 6042/6068/2697 5998/6024/2697
f 6052/6078/2767 6068/6094/2767 6069/6095/2767
f 6069/6095/2767 6051/6077/2767 6052/6078/2767
f 6070/6096/2767 6051/6077/2767 6069/6095/2767
f 6070/6096/2767 6050/6076/2767 6051/6077/2767
f 6071/6097/2767 6050/6076/2767 6070/6096/2767
f 6071/6097/2767 6049/6075/2767 6050/6076/2767
f 6072/6098/2767 6049/6075/2767 6071/6097/2767
f 6072/6098/2767 6048/6074/2767 6049/6075/2767
f 6073/6099/2767 6048/6074/2767 6072/6098/2767
f 6073/6099/2767 6047/6073/2767 6048/6074/2767
f 6074/6100/2767 6047/6073/2767 6073/6099/2767
f 6074/6100/2767 6046/6072/2767 6047/6073/2767
f 6075/6101/2767 6046/6072/2767 6074/6100/2767
f 6075/6101/2767 6044/6070/2767 6046/6072/2767
f 6076/6102/2767 6044/6070/2767 6075/6101/2767
f 6076/6102/2767 6045/6071/2767 6044/6070/2767
f 6077/6103/2767 6045/6071/2767 6076/6102/2767
f 6077/6103/2767 6067/6093/2767 6045/6071/2767
f 6078/6104/2767 6067/6093/2767 6077/6103/2767
f 6078/6104/2767 6066/6092/2767 6067/6093/2767
f 6079/6105/2767 6066/6092/2767 6078/6104/2767
f 6079/6105/2767 6065/6091/2767 6066/6092/2767
f 6080/6106/2767 6065/6091/2767 6079/6105/2767
f 6080/6106/2767 6064/6090/2767 6065/6091/2767
f 6081/6107/2767 6064/6090/2767 6080/6106/2767
f 6081/6107/2767 6063/6089/2767 6064/6090/2767
f 6082/6108/2767 6063/6089/2767 6081/6107/2767
f 6082/6108/2767 6062/6088/2767 6063/6089/2767
f 6083/6109/2767 6062/6088/2767 6082/6108/2767
f 6083/6109/2767 6061/6087/2767 6062/6088/2767
f 6084/6110/2767 6061/6087/2767 6083/6109/2767
f 6084/6110/2767 6060/6086/2767 6061/6087/2767
f 6085/6111/2767 6060/6086/2767 6084/6110/2767
f 6085/6111/2767 6059/6085/2767 6060/6086/2767
f 6086/6112/2767 6059/6085/2767 6085/6111/2767
f 6086/6112/2767 6058/6084/2767 6059/6085/2767
f 6087/6113/2767 6058/6084/2767 6086/6112/2767
f 6087/6113/2767 6057/6083/2767 6058/6084/2767
f 6088/6114/2767 6057/6083/2767 6087/6113/2767
f 6088/6114/2767 6056/6082/2767 6057/6083/2767
f 6089/6115/2767 6056/6082/2767 6088/6114/2767
f 6089/6115/2767 6055/6081/2767 6056/6082/2767
f 6090/6116/2767 6055/6081/2767 6089/6115/2767
f 6090/6116/2767 6054/6080/2767 6055/6081/2767
f 6091/6117/2767 6054/6080/2767 6090/6116/2767
f 6091/6117/2767 6053/6079/2767 6054/6080/2767
f 6068/6094/2767 6053/6079/2767 6091/6117/2767
f 6052/6078/2767 6053/6079/2767 6068/6094/2767
f 6077/6103/2680 6092/6118/2680 6093/6119/2680
f 6092/6118/2680 6077/6103/2680 6076/6102/2680
f 6076/6102/2681 6094/6120/2681 6092/6118/2681
f 6094/6120/2681 6076/6102/2681 6075/6101/2779
f 6075/6101/2682 6095/6121/2682 6094/6120/2682
f 6095/6121/2682 6075/6101/2682 6074/6100/2682
f 6074/6100/2684 6096/6122/2684 6095/6121/2684
f 6096/6122/2684 6074/6100/2684 6073/6099/2684
f 6073/6099/2686 6097/6123/2686 6096/6122/2686
f 6097/6123/2686 6073/6099/2686 6072/6098/2686
f 6072/6098/2688 6098/6124/2688 6097/6123/2688
f 6098/6124/2688 6072/6098/2688 6071/6097/2688
f 6071/6097/2689 6099/6125/2689 6098/6124/2689
f 6099/6125/2689 6071/6097/2689 6070/6096/2689
f 6070/6096/2690 6100/6126/2690 6099/6125/2690
f 6100/6126/2690 6070/6096/2690 6069/6095/2690
f 6069/6095/2692 6101/6127/2692 6100/6126/2692
f 6101/6127/2692 6069/6095/2692 6068/6094/2692
f 6068/6094/2695 6102/6128/2694 6101/6127/2700
f 6102/6128/2694 6068/6094/2695 6091/6117/2694
f 6091/6117/2696 6103/6129/2696 6102/6128/2696
f 6103/6129/2696 6091/6117/2696 6090/6116/2696
f 6090/6116/2698 6104/6130/2698 6103/6129/2698
f 6104/6130/2698 6090/6116/2698 6089/6115/2697
f 6089/6115/2660 6105/6131/2660 6104/6130/2660
f 6105/6131/2660 6089/6115/2660 6088/6114/2660
f 6088/6114/2661 6106/6132/2661 6105/6131/2661
f 6106/6132/2661 6088/6114/2661 6087/6113/2780
f 6087/6113/2662 6107/6133/2662 6106/6132/2662
f 6107/6133/2662 6087/6113/2662 6086/6112/2662
f 6086/6112/2664 6108/6134/2664 6107/6133/2664
f 6108/6134/2664 6086/6112/2664 6085/6111/2664
f 6085/6111/2666 6109/6135/2666 6108/6134/2666
f 6109/6135/2666 6085/6111/2666 6084/6110/2666
f 6084/6110/2668 6110/6136/2668 6109/6135/2668
f 6110/6136/2668 6084/6110/2668 6083/6109/2668
f 6083/6109/2669 6111/6137/2669 6110/6136/2669
f 6111/6137/2669 6083/6109/2669 6082/6108/2669
f 6082/6108/2670 6112/6138/2670 6111/6137/2670
f 6112/6138/2670 6082/6108/2670 6081/6107/2670
f 6081/6107/2673 6113/6139/2673 6112/6138/2673
f 6113/6139/2673 6081/6107/2673 6080/6106/2673
f 6080/6106/2676 6114/6140/2675 6113/6139/2781
f 6114/6140/2675 6080/6106/2676 6079/6105/2675
f 6079/6105/2677 6115/6141/2677 6114/6140/2677
f 6115/6141/2677 6079/6105/2677 6078/6104/2677
f 6078/6104/2679 6093/6119/2679 6115/6141/2678
f 6093/6119/2679 6078/6104/2679 6077/6103/2679
f 6093/6119/2782 5993/6019/2782 5995/6021/2782
f 5993/6019/2782 6093/6119/2782 6092/6118/2783
f 6092/6118/2784 5994/6020/2785 5993/6019/2784
f 5994/6020/2785 6092/6118/2784 6094/6120/2785
f 6094/6120/2786 5991/6017/2786 5994/6020/2787
f 5991/6017/2786 6094/6120/2786 6095/6121/2788
f 6095/6121/2789 5992/6018/2790 5991/6017/2789
f 5992/6018/2790 6095/6121/2789 6096/6122/2791
f 6096/6122/2792 5989/6015/2793 5992/6018/2794
f 5989/6015/2793 6096/6122/2792 6097/6123/2793
f 6097/6123/2795 5990/6016/2795 5989/6015/2795
f 5990/6016/2795 6097/6123/2795 6098/6124/2796
f 6098/6124/2797 5987/6013/2797 5990/6016/2798
f 5987/6013/2797 6098/6124/2797 6099/6125/2799
f 6099/6125/2800 5988/6014/2800 5987/6013/2801
f 5988/6014/2800 6099/6125/2800 6100/6126/2800
f 6100/6126/2802 5985/6011/2802 5988/6014/2803
f 5985/6011/2802 6100/6126/2802 6101/6127/2804
f 6101/6127/2805 5986/6012/2806 5985/6011/2805
f 5986/6012/2806 6101/6127/2805 6102/6128/2806
f 6102/6128/2807 5983/6009/2807 5986/6012/2807
f 5983/6009/2807 6102/6128/2807 6103/6129/2807
f 6103/6129/2808 5984/6010/2808 5983/6009/2808
f 5984/6010/2808 6103/6129/2808 6104/6130/2808
f 6104/6130/2809 5981/6007/2809 5984/6010/2809
f 5981/6007/2809 6104/6130/2809 6105/6131/2809
f 6105/6131/2810 5982/6008/2811 5981/6007/2810
f 5982/6008/2811 6105/6131/2810 6106/6132/2811
f 6106/6132/2812 5979/6005/2812 5982/6008/2813
f 5979/6005/2812 6106/6132/2812 6107/6133/2812
f 6107/6133/2814 5980/6006/2815 5979/6005/2814
f 5980/6006/2815 6107/6133/2814 6108/6134/2816
f 6108/6134/2817 5977/6003/2817 5980/6006/2818
f 5977/6003/2817 6108/6134/2817 6109/6135/2817
f 6109/6135/2819 5978/6004/2819 5977/6003/2819
f 5978/6004/2819 6109/6135/2819 6110/6136/2820
f 6110/6136/2821 5975/6001/2821 5978/6004/2821
f 5975/6001/2821 6110/6136/2821 6111/6137/2821
f 6111/6137/2822 5976/6002/2823 5975/6001/2822
f 5976/6002/2823 6111/6137/2822 6112/6138/2823
f 6112/6138/2824 5973/5999/2824 5976/6002/2824
f 5973/5999/2824 6112/6138/2824 6113/6139/2824
f 6113/6139/2825 5974/6000/2826 5973/5999/2825
f 5974/6000/2826 6113/6139/2825 6114/6140/2826
f 6114/6140/2827 5972/5998/2828 5974/6000/2827
f 5972/5998/2828 6114/6140/2827 6115/6141/2828
f 6115/6141/2829 5995/6021/2829 5972/5998/2829
f 5995/6021/2829 6115/6141/2829 6093/6119/2830
f 6116/6142/2647 6117/6143/2647 6118/6144/2647
f 6117/6143/2647 6119/6145/2647 6120/6146/2649
f 6119/6145/2647 6121/6147/2647 6122/6148/2647
f 6117/6143/2647 6121/6147/2647 6119/6145/2647
f 6121/6147/2647 6123/6149/2653 6124/6150/2649
f 6123/6149/2653 6125/6151/2647 6126/6152/2657
f 6121/6147/2647 6125/6151/2647 6123/6149/2653
f 6125/6151/2647 6127/6153/2647 6128/6154/2647
f 6127/6153/2647 6129/6155/2647 6130/6156/2647
f 6125/6151/2647 6129/6155/2647 6127/6153/2647
f 6121/6147/2647 6129/6155/2647 6125/6151/2647
f 6129/6155/2647 6131/6157/2647 6132/6158/2647
f 6131/6157/2647 6133/6159/2647 6134/6160/2647
f 6129/6155/2647 6133/6159/2647 6131/6157/2647
f 6133/6159/2647 6135/6161/2650 6136/6162/2656
f 6135/6161/2650 6137/6163/2647 6138/6164/2648
f 6133/6159/2647 6137/6163/2647 6135/6161/2650
f 6129/6155/2647 6137/6163/2647 6133/6159/2647
f 6121/6147/2647 6137/6163/2647 6129/6155/2647
f 6117/6143/2647 6137/6163/2647 6121/6147/2647
f 6116/6142/2647 6137/6163/2647 6117/6143/2647
f 6139/6165/2647 6137/6163/2647 6116/6142/2647
f 6140/6166/2647 6141/6167/2647 6142/6168/2647
f 6141/6167/2647 6140/6166/2647 6143/6169/2647
f 6142/6168/2647 6144/6170/2647 6145/6171/2647
f 6144/6170/2647 6142/6168/2647 6141/6167/2647
f 6145/6171/2647 6146/6172/2647 6147/6173/2647
f 6146/6172/2647 6145/6171/2647 6144/6170/2647
f 6147/6173/2647 6148/6174/2650 6149/6175/2650
f 6148/6174/2650 6147/6173/2647 6146/6172/2647
f 6149/6175/2650 6150/6176/2653 6151/6177/2653
f 6150/6176/2653 6149/6175/2650 6148/6174/2650
f 6151/6177/2653 6152/6178/2647 6153/6179/2647
f 6152/6178/2647 6151/6177/2653 6150/6176/2653
f 6153/6179/2647 6154/6180/2647 6155/6181/2647
f 6154/6180/2647 6153/6179/2647 6152/6178/2647
f 6155/6181/2647 6156/6182/2647 6157/6183/2647
f 6156/6182/2647 6155/6181/2647 6154/6180/2647
f 6157/6183/2647 6158/6184/2647 6159/6185/2647
f 6158/6184/2647 6157/6183/2647 6156/6182/2647
f 6159/6185/2647 6160/6186/2647 6161/6187/2647
f 6160/6186/2647 6159/6185/2647 6158/6184/2647
f 6161/6187/2647 6162/6188/2647 6163/6189/2647
f 6162/6188/2647 6161/6187/2647 6160/6186/2647
f 6163/6189/2647 6164/6190/2647 6165/6191/2647
f 6164/6190/2647 6163/6189/2647 6162/6188/2647
f 6165/6191/2647 6166/6192/2647 6167/6193/2647
f 6166/6192/2647 6165/6191/2647 6164/6190/2647
f 6167/6193/2647 6168/6194/2647 6169/6195/2647
f 6168/6194/2647 6167/6193/2647 6166/6192/2647
f 6169/6195/2647 6170/6196/2647 6171/6197/2647
f 6170/6196/2647 6169/6195/2647 6168/6194/2647
f 6171/6197/2647 6172/6198/2650 6173/6199/2650
f 6172/6198/2650 6171/6197/2647 6170/6196/2647
f 6173/6199/2650 6174/6200/2647 6175/6201/2647
f 6174/6200/2647 6173/6199/2650 6172/6198/2650
f 6175/6201/2647 6176/6202/2647 6177/6203/2647
f 6176/6202/2647 6175/6201/2647 6174/6200/2647
f 6177/6203/2647 6178/6204/2650 6179/6205/2650
f 6178/6204/2650 6177/6203/2647 6176/6202/2647
f 6179/6205/2650 6180/6206/2647 6181/6207/2647
f 6180/6206/2647 6179/6205/2650 6178/6204/2650
f 6181/6207/2647 6182/6208/2647 6183/6209/2647
f 6182/6208/2647 6181/6207/2647 6180/6206/2647
f 6183/6209/2647 6184/6210/2647 6185/6211/2647
f 6184/6210/2647 6183/6209/2647 6182/6208/2647
f 6185/6211/2647 6186/6212/2647 6187/6213/2647
f 6186/6212/2647 6185/6211/2647 6184/6210/2647
f 6187/6213/2647 6143/6169/2647 6140/6166/2647
f 6143/6169/2647 6187/6213/2647 6186/6212/2647
f 6143/6169/2660 6188/6214/2660 6141/6167/2660
f 6188/6214/2660 6143/6169/2660 6189/6215/2660
f 6141/6167/2661 6190/6216/2661 6144/6170/2661
f 6190/6216/2661 6141/6167/2661 6188/6214/2661
f 6144/6170/2662 6191/6217/2663 6146/6172/2663
f 6191/6217/2663 6144/6170/2662 6190/6216/2662
f 6146/6172/2664 6192/6218/2664 6148/6174/2664
f 6192/6218/2664 6146/6172/2664 6191/6217/2664
f 6148/6174/2666 6193/6219/2666 6150/6176/2666
f 6193/6219/2666 6148/6174/2666 6192/6218/2666
f 6150/6176/2667 6194/6220/2668 6152/6178/2668
f 6194/6220/2668 6150/6176/2667 6193/6219/2667
f 6152/6178/2669 6195/6221/2669 6154/6180/2669
f 6195/6221/2669 6152/6178/2669 6194/6220/2669
f 6154/6180/2670 6196/6222/2670 6156/6182/2670
f 6196/6222/2670 6154/6180/2670 6195/6221/2670
f 6156/6182/2674 6197/6223/2673 6158/6184/2673
f 6197/6223/2673 6156/6182/2674 6196/6222/2674
f 6158/6184/2676 6198/6224/2675 6160/6186/2675
f 6198/6224/2675 6158/6184/2676 6197/6223/2781
f 6160/6186/2677 6199/6225/2677 6162/6188/2677
f 6199/6225/2677 6160/6186/2677 6198/6224/2677
f 6162/6188/2678 6200/6226/2678 6164/6190/2678
f 6200/6226/2678 6162/6188/2678 6199/6225/2678
f 6164/6190/2680 6201/6227/2680 6166/6192/2680
f 6201/6227/2680 6164/6190/2680 6200/6226/2680
f 6166/6192/2681 6202/6228/2681 6168/6194/2681
f 6202/6228/2681 6166/6192/2681 6201/6227/2681
f 6168/6194/2682 6203/6229/2682 6170/6196/2682
f 6203/6229/2682 6168/6194/2682 6202/6228/2682
f 6170/6196/2684 6204/6230/2684 6172/6198/2685
f 6204/6230/2684 6170/6196/2684 6203/6229/2684
f 6172/6198/2686 6205/6231/2686 6174/6200/2686
f 6205/6231/2686 6172/6198/2686 6204/6230/2686
f 6174/6200/2687 6206/6232/2688 6176/6202/2831
f 6206/6232/2688 6174/6200/2687 6205/6231/2687
f 6176/6202/2689 6207/6233/2689 6178/6204/2689
f 6207/6233/2689 6176/6202/2689 6206/6232/2689
f 6178/6204/2690 6208/6234/2690 6180/6206/2690
f 6208/6234/2690 6178/6204/2690 6207/6233/2690
f 6180/6206/2693 6209/6235/2692 6182/6208/2692
f 6209/6235/2692 6180/6206/2693 6208/6234/2693
f 6182/6208/2694 6210/6236/2694 6184/6210/2694
f 6210/6236/2694 6182/6208/2694 6209/6235/2695
f 6184/6210/2696 6211/6237/2696 6186/6212/2696
f 6211/6237/2696 6184/6210/2696 6210/6236/2696
f 6186/6212/2697 6189/6215/2698 6143/6169/2698
f 6189/6215/2698 6186/6212/2697 6211/6237/2697
f 6195/6221/2647 6212/6238/2647 6196/6222/2647
f 6195/6221/2647 6213/6239/2647 6212/6238/2647
f 6194/6220/2647 6213/6239/2647 6195/6221/2647
f 6194/6220/2647 6214/6240/2647 6213/6239/2647
f 6193/6219/2647 6214/6240/2647 6194/6220/2647
f 6193/6219/2647 6215/6241/2647 6214/6240/2647
f 6192/6218/2647 6215/6241/2647 6193/6219/2647
f 6192/6218/2647 6216/6242/2647 6215/6241/2647
f 6191/6217/2647 6216/6242/2647 6192/6218/2647
f 6191/6217/2647 6217/6243/2647 6216/6242/2647
f 6190/6216/2647 6217/6243/2647 6191/6217/2647
f 6190/6216/2647 6218/6244/2647 6217/6243/2647
f 6188/6214/2647 6218/6244/2647 6190/6216/2647
f 6188/6214/2647 6219/6245/2647 6218/6244/2647
f 6189/6215/2647 6219/6245/2647 6188/6214/2647
f 6189/6215/2647 6220/6246/2647 6219/6245/2647
f 6211/6237/2647 6220/6246/2647 6189/6215/2647
f 6211/6237/2647 6221/6247/2647 6220/6246/2647
f 6210/6236/2647 6221/6247/2647 6211/6237/2647
f 6210/6236/2647 6222/6248/2647 6221/6247/2647
f 6209/6235/2647 6222/6248/2647 6210/6236/2647
f 6209/6235/2647 6223/6249/2647 6222/6248/2647
f 6208/6234/2647 6223/6249/2647 6209/6235/2647
f 6208/6234/2647 6224/6250/2647 6223/6249/2647
f 6207/6233/2647 6224/6250/2647 6208/6234/2647
f 6207/6233/2647 6225/6251/2647 6224/6250/2647
f 6206/6232/2647 6225/6251/2647 6207/6233/2647
f 6206/6232/2647 6226/6252/2647 6225/6251/2647
f 6205/6231/2647 6226/6252/2647 6206/6232/2647
f 6205/6231/2647 6227/6253/2647 6226/6252/2647
f 6204/6230/2647 6227/6253/2647 6205/6231/2647
f 6204/6230/2647 6228/6254/2647 6227/6253/2647
f 6203/6229/2647 6228/6254/2647 6204/6230/2647
f 6203/6229/2647 6229/6255/2647 6228/6254/2647
f 6202/6228/2647 6229/6255/2647 6203/6229/2647
f 6202/6228/2647 6230/6256/2650 6229/6255/2647
f 6201/6227/2647 6230/6256/2650 6202/6228/2647
f 6201/6227/2647 6231/6257/2647 6230/6256/2650
f 6200/6226/2647 6231/6257/2647 6201/6227/2647
f 6200/6226/2647 6232/6258/2647 6231/6257/2647
f 6199/6225/2647 6232/6258/2647 6200/6226/2647
f 6199/6225/2647 6233/6259/2647 6232/6258/2647
f 6198/6224/2647 6233/6259/2647 6199/6225/2647
f 6198/6224/2647 6234/6260/2647 6233/6259/2647
f 6197/6223/2647 6234/6260/2647 6198/6224/2647
f 6197/6223/2647 6235/6261/2647 6234/6260/2647
f 6196/6222/2647 6235/6261/2647 6197/6223/2647
f 6196/6222/2647 6212/6238/2647 6235/6261/2647
f 6220/6246/2680 6236/6262/2680 6219/6245/2680
f 6236/6262/2680 6220/6246/2680 6237/6263/2832
f 6219/6245/2681 6238/6264/2681 6218/6244/2776
f 6238/6264/2681 6219/6245/2681 6236/6262/2779
f 6218/6244/2682 6239/6265/2682 6217/6243/2682
f 6239/6265/2682 6218/6244/2682 6238/6264/2682
f 6217/6243/2684 6240/6266/2684 6216/6242/2684
f 6240/6266/2684 6217/6243/2684 6239/6265/2684
f 6216/6242/2686 6241/6267/2686 6215/6241/2686
f 6241/6267/2686 6216/6242/2686 6240/6266/2686
f 6215/6241/2687 6242/6268/2687 6214/6240/2688
f 6242/6268/2687 6215/6241/2687 6241/6267/2687
f 6214/6240/2689 6243/6269/2689 6213/6239/2689
f 6243/6269/2689 6214/6240/2689 6242/6268/2689
f 6213/6239/2690 6244/6270/2690 6212/6238/2690
f 6244/6270/2690 6213/6239/2690 6243/6269/2690
f 6212/6238/2692 6245/6271/2692 6235/6261/2693
f 6245/6271/2692 6212/6238/2692 6244/6270/2692
f 6235/6261/2694 6246/6272/2694 6234/6260/2694
f 6246/6272/2694 6235/6261/2694 6245/6271/2695
f 6234/6260/2696 6247/6273/2696 6233/6259/2696
f 6247/6273/2696 6234/6260/2696 6246/6272/2696
f 6233/6259/2697 6248/6274/2697 6232/6258/2697
f 6248/6274/2697 6233/6259/2697 6247/6273/2697
f 6232/6258/2660 6249/6275/2660 6231/6257/2660
f 6249/6275/2660 6232/6258/2660 6248/6274/2660
f 6231/6257/2661 6250/6276/2833 6230/6256/2834
f 6250/6276/2833 6231/6257/2661 6249/6275/2661
f 6230/6256/2662 6251/6277/2662 6229/6255/2662
f 6251/6277/2662 6230/6256/2662 6250/6276/2662
f 6229/6255/2664 6252/6278/2664 6228/6254/2665
f 6252/6278/2664 6229/6255/2664 6251/6277/2664
f 6228/6254/2666 6253/6279/2666 6227/6253/2666
f 6253/6279/2666 6228/6254/2666 6252/6278/2666
f 6227/6253/2668 6254/6280/2668 6226/6252/2668
f 6254/6280/2668 6227/6253/2668 6253/6279/2668
f 6226/6252/2669 6255/6281/2669 6225/6251/2669
f 6255/6281/2669 6226/6252/2669 6254/6280/2669
f 6225/6251/2670 6256/6282/2670 6224/6250/2670
f 6256/6282/2670 6225/6251/2670 6255/6281/2670
f 6224/6250/2673 6257/6283/2673 6223/6249/2673
f 6257/6283/2673 6224/6250/2673 6256/6282/2673
f 6223/6249/2675 6258/6284/2675 6222/6248/2675
f 6258/6284/2675 6223/6249/2675 6257/6283/2675
f 6222/6248/2677 6259/6285/2677 6221/6247/2677
f 6259/6285/2677 6222/6248/2677 6258/6284/2677
f 6221/6247/2678 6237/6263/2678 6220/6246/2678
f 6237/6263/2678 6221/6247/2678 6259/6285/2678
f 6237/6263/2701 6116/6142/2701 6236/6262/2701
f 6116/6142/2701 6237/6263/2701 6139/6165/2701
f 6236/6262/2835 6118/6144/2835 6238/6264/2703
f 6118/6144/2835 6236/6262/2835 6116/6142/2835
f 6238/6264/2708 6117/6143/2708 6239/6265/2708
f 6117/6143/2708 6238/6264/2708 6118/6144/2708
f 6239/6265/2836 6120/6146/2836 6240/6266/2836
f 6120/6146/2836 6239/6265/2836 6117/6143/2836
f 6240/6266/2712 6119/6145/2712 6241/6267/2713
f 6119/6145/2712 6240/6266/2712 6120/6146/2712
f 6241/6267/2715 6122/6148/2715 6242/6268/2715
f 6122/6148/2715 6241/6267/2715 6119/6145/2715
f 6242/6268/2719 6121/6147/2719 6243/6269/2719
f 6121/6147/2719 6242/6268/2719 6122/6148/2719
f 6243/6269/2837 6124/6150/2837 6244/6270/2837
f 6124/6150/2837 6243/6269/2837 6121/6147/2837
f 6244/6270/2726 6123/6149/2726 6245/6271/2726
f 6123/6149/2726 6244/6270/2726 6124/6150/2725
f 6245/6271/2838 6126/6152/2838 6246/6272/2839
f 6126/6152/2838 6245/6271/2838 6123/6149/2838
f 6246/6272/2729 6125/6151/2840 6247/6273/2840
f 6125/6151/2840 6246/6272/2729 6126/6152/2729
f 6247/6273/2731 6128/6154/2731 6248/6274/2731
f 6128/6154/2731 6247/6273/2731 6125/6151/2731
f 6248/6274/2733 6127/6153/2733 6249/6275/2733
f 6127/6153/2733 6248/6274/2733 6128/6154/2733
f 6249/6275/2841 6130/6156/2841 6250/6276/2842
f 6130/6156/2841 6249/6275/2841 6127/6153/2841
f 6250/6276/2738 6129/6155/2738 6251/6277/2738
f 6129/6155/2738 6250/6276/2738 6130/6156/2738
f 6251/6277/2843 6132/6158/2843 6252/6278/2843
f 6132/6158/2843 6251/6277/2843 6129/6155/2843
f 6252/6278/2744 6131/6157/2743 6253/6279/2743
f 6131/6157/2743 6252/6278/2744 6132/6158/2844
f 6253/6279/2746 6134/6160/2746 6254/6280/2746
f 6134/6160/2746 6253/6279/2746 6131/6157/2746
f 6254/6280/2749 6133/6159/2749 6255/6281/2749
f 6133/6159/2749 6254/6280/2749 6134/6160/2749
f 6255/6281/2845 6136/6162/2845 6256/6282/2845
f 6136/6162/2845 6255/6281/2845 6133/6159/2846
f 6256/6282/2755 6135/6161/2756 6257/6283/2756
f 6135/6161/2756 6256/6282/2755 6136/6162/2755
f 6257/6283/2760 6138/6164/2760 6258/6284/2760
f 6138/6164/2760 6257/6283/2760 6135/6161/2847
f 6258/6284/2762 6137/6163/2762 6259/6285/2763
f 6137/6163/2762 6258/6284/2762 6138/6164/2848
f 6259/6285/2764 6139/6165/2764 6237/6263/2764
f 6139/6165/2764 6259/6285/2764 6137/6163/2764
f 6260/6286/2767 6261/6287/2767 6262/6288/2767
f 6261/6287/2767 6263/6289/2767 6264/6290/2849
f 6260/6286/2767 6263/6289/2767 6261/6287/2767
f 6263/6289/2767 6265/6291/2767 6266/6292/2849
f 6265/6291/2767 6267/6293/2767 6268/6294/2849
f 6263/6289/2767 6267/6293/2767 6265/6291/2767
f 6260/6286/2767 6267/6293/2767 6263/6289/2767
f 6267/6293/2767 6269/6295/2767 6270/6296/2771
f 6269/6295/2767 6271/6297/2767 6272/6298/2767
f 6267/6293/2767 6271/6297/2767 6269/6295/2767
f 6271/6297/2767 6273/6299/2775 6274/6300/2767
f 6273/6299/2775 6275/6301/2767 6276/6302/2767
f 6271/6297/2767 6275/6301/2767 6273/6299/2775
f 6267/6293/2767 6275/6301/2767 6271/6297/2767
f 6260/6286/2767 6275/6301/2767 6267/6293/2767
f 6275/6301/2767 6277/6303/2775 6278/6304/2772
f 6277/6303/2775 6279/6305/2767 6280/6306/2767
f 6275/6301/2767 6279/6305/2767 6277/6303/2775
f 6260/6286/2767 6279/6305/2767 6275/6301/2767
f 6279/6305/2767 6281/6307/2767 6282/6308/2771
f 6260/6286/2767 6281/6307/2767 6279/6305/2767
f 6283/6309/2767 6281/6307/2767 6260/6286/2767
f 6284/6310/2767 6285/6311/2767 6286/6312/2767
f 6285/6311/2767 6284/6310/2767 6287/6313/2767
f 6287/6313/2767 6288/6314/2767 6285/6311/2767
f 6288/6314/2767 6287/6313/2767 6289/6315/2767
f 6289/6315/2767 6290/6316/2767 6288/6314/2767
f 6290/6316/2767 6289/6315/2767 6291/6317/2767
f 6291/6317/2767 6292/6318/2767 6290/6316/2767
f 6292/6318/2767 6291/6317/2767 6293/6319/2775
f 6293/6319/2775 6294/6320/2767 6292/6318/2767
f 6294/6320/2767 6293/6319/2775 6295/6321/2767
f 6295/6321/2767 6296/6322/2767 6294/6320/2767
f 6296/6322/2767 6295/6321/2767 6297/6323/2767
f 6297/6323/2767 6298/6324/2767 6296/6322/2767
f 6298/6324/2767 6297/6323/2767 6299/6325/2767
f 6299/6325/2767 6300/6326/2767 6298/6324/2767
f 6300/6326/2767 6299/6325/2767 6301/6327/2767
f 6301/6327/2767 6302/6328/2850 6300/6326/2767
f 6302/6328/2850 6301/6327/2767 6303/6329/2850
f 6303/6329/2850 6304/6330/2767 6302/6328/2850
f 6304/6330/2767 6303/6329/2850 6305/6331/2767
f 6305/6331/2767 6306/6332/2767 6304/6330/2767
f 6306/6332/2767 6305/6331/2767 6307/6333/2767
f 6307/6333/2767 6308/6334/2767 6306/6332/2767
f 6308/6334/2767 6307/6333/2767 6309/6335/2767
f 6309/6335/2767 6310/6336/2767 6308/6334/2767
f 6310/6336/2767 6309/6335/2767 6311/6337/2767
f 6311/6337/2767 6312/6338/2767 6310/6336/2767
f 6312/6338/2767 6311/6337/2767 6313/6339/2767
f 6313/6339/2767 6314/6340/2775 6312/6338/2767
f 6314/6340/2775 6313/6339/2767 6315/6341/2767
f 6315/6341/2767 6316/6342/2767 6314/6340/2775
f 6316/6342/2767 6315/6341/2767 6317/6343/2767
f 6317/6343/2767 6318/6344/2767 6316/6342/2767
f 6318/6344/2767 6317/6343/2767 6319/6345/2767
f 6319/6345/2767 6320/6346/2767 6318/6344/2767
f 6320/6346/2767 6319/6345/2767 6321/6347/2767
f 6321/6347/2767 6322/6348/2767 6320/6346/2767
f 6322/6348/2767 6321/6347/2767 6323/6349/2771
f 6323/6349/2771 6324/6350/2767 6322/6348/2767
f 6324/6350/2767 6323/6349/2771 6325/6351/2767
f 6325/6351/2767 6326/6352/2767 6324/6350/2767
f 6326/6352/2767 6325/6351/2767 6327/6353/2775
f 6327/6353/2775 6328/6354/2767 6326/6352/2767
f 6328/6354/2767 6327/6353/2775 6329/6355/2775
f 6329/6355/2775 6330/6356/2767 6328/6354/2767
f 6330/6356/2767 6329/6355/2775 6331/6357/2767
f 6331/6357/2767 6286/6312/2767 6330/6356/2767
f 6286/6312/2767 6331/6357/2767 6284/6310/2767
f 6286/6312/2660 6332/6358/2660 6333/6359/2660
f 6332/6358/2660 6286/6312/2660 6285/6311/2660
f 6285/6311/2661 6334/6360/2661 6332/6358/2661
f 6334/6360/2661 6285/6311/2661 6288/6314/2661
f 6288/6314/2662 6335/6361/2662 6334/6360/2662
f 6335/6361/2662 6288/6314/2662 6290/6316/2663
f 6290/6316/2664 6336/6362/2664 6335/6361/2664
f 6336/6362/2664 6290/6316/2664 6292/6318/2665
f 6292/6318/2666 6337/6363/2666 6336/6362/2666
f 6337/6363/2666 6292/6318/2666 6294/6320/2666
f 6294/6320/2667 6338/6364/2668 6337/6363/2667
f 6338/6364/2668 6294/6320/2667 6296/6322/2668
f 6296/6322/2669 6339/6365/2669 6338/6364/2669
f 6339/6365/2669 6296/6322/2669 6298/6324/2669
f 6298/6324/2670 6340/6366/2670 6339/6365/2672
f 6340/6366/2670 6298/6324/2670 6300/6326/2671
f 6300/6326/2673 6341/6367/2673 6340/6366/2674
f 6341/6367/2673 6300/6326/2673 6302/6328/2673
f 6302/6328/2675 6342/6368/2675 6341/6367/2675
f 6342/6368/2675 6302/6328/2675 6304/6330/2675
f 6304/6330/2677 6343/6369/2677 6342/6368/2677
f 6343/6369/2677 6304/6330/2677 6306/6332/2677
f 6306/6332/2679 6344/6370/2679 6343/6369/2678
f 6344/6370/2679 6306/6332/2679 6308/6334/2679
f 6308/6334/2680 6345/6371/2680 6344/6370/2680
f 6345/6371/2680 6308/6334/2680 6310/6336/2680
f 6310/6336/2681 6346/6372/2681 6345/6371/2681
f 6346/6372/2681 6310/6336/2681 6312/6338/2681
f 6312/6338/2682 6347/6373/2682 6346/6372/2682
f 6347/6373/2682 6312/6338/2682 6314/6340/2683
f 6314/6340/2684 6348/6374/2684 6347/6373/2685
f 6348/6374/2684 6314/6340/2684 6316/6342/2684
f 6316/6342/2686 6349/6375/2686 6348/6374/2686
f 6349/6375/2686 6316/6342/2686 6318/6344/2686
f 6318/6344/2688 6350/6376/2688 6349/6375/2687
f 6350/6376/2688 6318/6344/2688 6320/6346/2688
f 6320/6346/2689 6351/6377/2689 6350/6376/2689
f 6351/6377/2689 6320/6346/2689 6322/6348/2689
f 6322/6348/2690 6352/6378/2690 6351/6377/2691
f 6352/6378/2690 6322/6348/2690 6324/6350/2777
f 6324/6350/2693 6353/6379/2693 6352/6378/2693
f 6353/6379/2693 6324/6350/2693 6326/6352/2693
f 6326/6352/2695 6354/6380/2695 6353/6379/2695
f 6354/6380/2695 6326/6352/2695 6328/6354/2695
f 6328/6354/2696 6355/6381/2696 6354/6380/2696
f 6355/6381/2696 6328/6354/2696 6330/6356/2696
f 6330/6356/2698 6333/6359/2698 6355/6381/2697
f 6333/6359/2698 6330/6356/2698 6286/6312/2698
f 6340/6366/2767 6356/6382/2767 6357/6383/2767
f 6357/6383/2767 6339/6365/2767 6340/6366/2767
f 6358/6384/2767 6339/6365/2767 6357/6383/2767
f 6358/6384/2767 6338/6364/2767 6339/6365/2767
f 6359/6385/2767 6338/6364/2767 6358/6384/2767
f 6359/6385/2767 6337/6363/2767 6338/6364/2767
f 6360/6386/2767 6337/6363/2767 6359/6385/2767
f 6360/6386/2767 6336/6362/2767 6337/6363/2767
f 6361/6387/2767 6336/6362/2767 6360/6386/2767
f 6361/6387/2767 6335/6361/2767 6336/6362/2767
f 6362/6388/2767 6335/6361/2767 6361/6387/2767
f 6362/6388/2767 6334/6360/2767 6335/6361/2767
f 6363/6389/2767 6334/6360/2767 6362/6388/2767
f 6363/6389/2767 6332/6358/2767 6334/6360/2767
f 6364/6390/2767 6332/6358/2767 6363/6389/2767
f 6364/6390/2767 6333/6359/2767 6332/6358/2767
f 6365/6391/2767 6333/6359/2767 6364/6390/2767
f 6365/6391/2767 6355/6381/2767 6333/6359/2767
f 6366/6392/2767 6355/6381/2767 6365/6391/2767
f 6366/6392/2767 6354/6380/2767 6355/6381/2767
f 6367/6393/2767 6354/6380/2767 6366/6392/2767
f 6367/6393/2767 6353/6379/2767 6354/6380/2767
f 6368/6394/2767 6353/6379/2767 6367/6393/2767
f 6368/6394/2767 6352/6378/2767 6353/6379/2767
f 6369/6395/2767 6352/6378/2767 6368/6394/2767
f 6369/6395/2767 6351/6377/2767 6352/6378/2767
f 6370/6396/2767 6351/6377/2767 6369/6395/2767
f 6370/6396/2767 6350/6376/2767 6351/6377/2767
f 6371/6397/2767 6350/6376/2767 6370/6396/2767
f 6371/6397/2767 6349/6375/2767 6350/6376/2767
f 6372/6398/2767 6349/6375/2767 6371/6397/2767
f 6372/6398/2767 6348/6374/2767 6349/6375/2767
f 6373/6399/2771 6348/6374/2767 6372/6398/2767
f 6373/6399/2771 6347/6373/2767 6348/6374/2767
f 6374/6400/2767 6347/6373/2767 6373/6399/2771
f 6374/6400/2767 6346/6372/2767 6347/6373/2767
f 6375/6401/2775 6346/6372/2767 6374/6400/2767
f 6375/6401/2775 6345/6371/2767 6346/6372/2767
f 6376/6402/2767 6345/6371/2767 6375/6401/2775
f 6376/6402/2767 6344/6370/2767 6345/6371/2767
f 6377/6403/2767 6344/6370/2767 6376/6402/2767
f 6377/6403/2767 6343/6369/2767 6344/6370/2767
f 6378/6404/2767 6343/6369/2767 6377/6403/2767
f 6378/6404/2767 6342/6368/2767 6343/6369/2767
f 6379/6405/2767 6342/6368/2767 6378/6404/2767
f 6379/6405/2767 6341/6367/2767 6342/6368/2767
f 6356/6382/2767 6341/6367/2767 6379/6405/2767
f 6340/6366/2767 6341/6367/2767 6356/6382/2767
f 6365/6391/2680 6380/6406/2680 6381/6407/2680
f 6380/6406/2680 6365/6391/2680 6364/6390/2680
f 6364/6390/2776 6382/6408/2681 6380/6406/2776
f 6382/6408/2681 6364/6390/2776 6363/6389/2681
f 6363/6389/2682 6383/6409/2682 6382/6408/2682
f 6383/6409/2682 6363/6389/2682 6362/6388/2682
f 6362/6388/2684 6384/6410/2684 6383/6409/2699
f 6384/6410/2684 6362/6388/2684 6361/6387/2684
f 6361/6387/2686 6385/6411/2686 6384/6410/2686
f 6385/6411/2686 6361/6387/2686 6360/6386/2686
f 6360/6386/2687 6386/6412/2687 6385/6411/2688
f 6386/6412/2687 6360/6386/2687 6359/6385/2687
f 6359/6385/2689 6387/6413/2689 6386/6412/2689
f 6387/6413/2689 6359/6385/2689 6358/6384/2689
f 6358/6384/2690 6388/6414/2690 6387/6413/2690
f 6388/6414/2690 6358/6384/2690 6357/6383/2690
f 6357/6383/2692 6389/6415/2692 6388/6414/2692
f 6389/6415/2692 6357/6383/2692 6356/6382/2692
f 6356/6382/2694 6390/6416/2694 6389/6415/2694
f 6390/6416/2694 6356/6382/2694 6379/6405/2694
f 6379/6405/2696 6391/6417/2696 6390/6416/2696
f 6391/6417/2696 6379/6405/2696 6378/6404/2696
f 6378/6404/2698 6392/6418/2697 6391/6417/2698
f 6392/6418/2697 6378/6404/2698 6377/6403/2697
f 6377/6403/2660 6393/6419/2660 6392/6418/2660
f 6393/6419/2660 6377/6403/2660 6376/6402/2660
f 6376/6402/2661 6394/6420/2661 6393/6419/2661
f 6394/6420/2661 6376/6402/2661 6375/6401/2661
f 6375/6401/2662 6395/6421/2662 6394/6420/2663
f 6395/6421/2662 6375/6401/2662 6374/6400/2662
f 6374/6400/2664 6396/6422/2664 6395/6421/2664
f 6396/6422/2664 6374/6400/2664 6373/6399/2851
f 6373/6399/2666 6397/6423/2666 6396/6422/2666
f 6397/6423/2666 6373/6399/2666 6372/6398/2666
f 6372/6398/2667 6398/6424/2667 6397/6423/2667
f 6398/6424/2667 6372/6398/2667 6371/6397/2668
f 6371/6397/2669 6399/6425/2669 6398/6424/2669
f 6399/6425/2669 6371/6397/2669 6370/6396/2669
f 6370/6396/2670 6400/6426/2670 6399/6425/2670
f 6400/6426/2670 6370/6396/2670 6369/6395/2670
f 6369/6395/2673 6401/6427/2673 6400/6426/2673
f 6401/6427/2673 6369/6395/2673 6368/6394/2673
f 6368/6394/2675 6402/6428/2675 6401/6427/2676
f 6402/6428/2675 6368/6394/2675 6367/6393/2675
f 6367/6393/2677 6403/6429/2677 6402/6428/2677
f 6403/6429/2677 6367/6393/2677 6366/6392/2677
f 6366/6392/2678 6381/6407/2678 6403/6429/2679
f 6381/6407/2678 6366/6392/2678 6365/6391/2678
f 6381/6407/2782 6281/6307/2782 6283/6309/2782
f 6281/6307/2782 6381/6407/2782 6380/6406/2783
f 6380/6406/2785 6282/6308/2785 6281/6307/2852
f 6282/6308/2785 6380/6406/2785 6382/6408/2853
f 6382/6408/2788 6279/6305/2788 6282/6308/2786
f 6279/6305/2788 6382/6408/2788 6383/6409/2788
f 6383/6409/2790 6280/6306/2791 6279/6305/2790
f 6280/6306/2791 6383/6409/2790 6384/6410/2791
f 6384/6410/2792 6277/6303/2794 6280/6306/2793
f 6277/6303/2794 6384/6410/2792 6385/6411/2854
f 6385/6411/2855 6278/6304/2795 6277/6303/2856
f 6278/6304/2795 6385/6411/2855 6386/6412/2795
f 6386/6412/2797 6275/6301/2797 6278/6304/2799
f 6275/6301/2797 6386/6412/2797 6387/6413/2797
f 6387/6413/2857 6276/6302/2857 6275/6301/2857
f 6276/6302/2857 6387/6413/2857 6388/6414/2857
f 6388/6414/2803 6273/6299/2802 6276/6302/2803
f 6273/6299/2802 6388/6414/2803 6389/6415/2802
f 6389/6415/2805 6274/6300/2806 6273/6299/2805
f 6274/6300/2806 6389/6415/2805 6390/6416/2858
f 6390/6416/2859 6271/6297/2859 6274/6300/2859
f 6271/6297/2859 6390/6416/2859 6391/6417/2859
f 6391/6417/2808 6272/6298/2808 6271/6297/2808
f 6272/6298/2808 6391/6417/2808 6392/6418/2808
f 6392/6418/2809 6269/6295/2809 6272/6298/2809
f 6269/6295/2809 6392/6418/2809 6393/6419/2860
f 6393/6419/2810 6270/6296/2810 6269/6295/2810
f 6270/6296/2810 6393/6419/2810 6394/6420/2861
f 6394/6420/2812 6267/6293/2812 6270/6296/2812
f 6267/6293/2812 6394/6420/2812 6395/6421/2812
f 6395/6421/2815 6268/6294/2815 6267/6293/2816
f 6268/6294/2815 6395/6421/2815 6396/6422/2815
f 6396/6422/2862 6265/6291/2863 6268/6294/2862
f 6265/6291/2863 6396/6422/2862 6397/6423/2817
f 6397/6423/2819 6266/6292/2819 6265/6291/2864
f 6266/6292/2819 6397/6423/2819 6398/6424/2819
f 6398/6424/2821 6263/6289/2821 6266/6292/2821
f 6263/6289/2821 6398/6424/2821 6399/6425/2821
f 6399/6425/2865 6264/6290/2822 6263/6289/2865
f 6264/6290/2822 6399/6425/2865 6400/6426/2823
f 6400/6426/2824 6261/6287/2824 6264/6290/2824
f 6261/6287/2824 6400/6426/2824 6401/6427/2824
f 6401/6427/2866 6262/6288/2867 6261/6287/2868
f 6262/6288/2867 6401/6427/2866 6402/6428/2867
f 6402/6428/2828 6260/6286/2869 6262/6288/2828
f 6260/6286/2869 6402/6428/2828 6403/6429/2869
f 6403/6429/2829 6283/6309/2829 6260/6286/2829
f 6283/6309/2829 6403/6429/2829 6381/6407/2829
f 6404/6430/2652 6405/6431/2647 6406/6432/2870
f 6405/6431/2647 6407/6433/2653 6408/6434/2871
f 6407/6433/2653 6409/6435/2647 6410/6436/2656
f 6405/6431/2647 6409/6435/2647 6407/6433/2653
f 6409/6435/2647 6411/6437/2647 6412/6438/2649
f 6411/6437/2647 6413/6439/2647 6414/6440/2647
f 6409/6435/2647 6413/6439/2647 6411/6437/2647
f 6413/6439/2647 6415/6441/2647 6416/6442/2647
f 6415/6441/2647 6417/6443/2647 6418/6444/2657
f 6413/6439/2647 6417/6443/2647 6415/6441/2647
f 6409/6435/2647 6417/6443/2647 6413/6439/2647
f 6417/6443/2647 6419/6445/2653 6420/6446/2647
f 6419/6445/2653 6421/6447/2647 6422/6448/2647
f 6417/6443/2647 6421/6447/2647 6419/6445/2653
f 6421/6447/2647 6423/6449/2653 6424/6450/2647
f 6423/6449/2653 6425/6451/2647 6426/6452/2648
f 6421/6447/2647 6425/6451/2647 6423/6449/2653
f 6417/6443/2647 6425/6451/2647 6421/6447/2647
f 6409/6435/2647 6425/6451/2647 6417/6443/2647
f 6405/6431/2647 6425/6451/2647 6409/6435/2647
f 6404/6430/2652 6425/6451/2647 6405/6431/2647
f 6427/6453/2647 6425/6451/2647 6404/6430/2652
f 6428/6454/2647 6429/6455/2647 6430/6456/2647
f 6429/6455/2647 6428/6454/2647 6431/6457/2647
f 6430/6456/2647 6432/6458/2647 6433/6459/2647
f 6432/6458/2647 6430/6456/2647 6429/6455/2647
f 6433/6459/2647 6434/6460/2647 6435/6461/2647
f 6434/6460/2647 6433/6459/2647 6432/6458/2647
f 6435/6461/2647 6436/6462/2647 6437/6463/2647
f 6436/6462/2647 6435/6461/2647 6434/6460/2647
f 6437/6463/2647 6438/6464/2647 6439/6465/2647
f 6438/6464/2647 6437/6463/2647 6436/6462/2647
f 6439/6465/2647 6440/6466/2653 6441/6467/2653
f 6440/6466/2653 6439/6465/2647 6438/6464/2647
f 6441/6467/2653 6442/6468/2647 6443/6469/2647
f 6442/6468/2647 6441/6467/2653 6440/6466/2653
f 6443/6469/2647 6444/6470/2650 6445/6471/2647
f 6444/6470/2650 6443/6469/2647 6442/6468/2647
f 6445/6471/2647 6446/6472/2647 6447/6473/2647
f 6446/6472/2647 6445/6471/2647 6444/6470/2650
f 6447/6473/2647 6448/6474/2647 6449/6475/2647
f 6448/6474/2647 6447/6473/2647 6446/6472/2647
f 6449/6475/2647 6450/6476/2647 6451/6477/2647
f 6450/6476/2647 6449/6475/2647 6448/6474/2647
f 6451/6477/2647 6452/6478/2647 6453/6479/2647
f 6452/6478/2647 6451/6477/2647 6450/6476/2647
f 6453/6479/2647 6454/6480/2647 6455/6481/2647
f 6454/6480/2647 6453/6479/2647 6452/6478/2647
f 6455/6481/2647 6456/6482/2647 6457/6483/2647
f 6456/6482/2647 6455/6481/2647 6454/6480/2647
f 6457/6483/2647 6458/6484/2650 6459/6485/2647
f 6458/6484/2650 6457/6483/2647 6456/6482/2647
f 6459/6485/2647 6460/6486/2647 6461/6487/2647
f 6460/6486/2647 6459/6485/2647 6458/6484/2650
f 6461/6487/2647 6462/6488/2647 6463/6489/2647
f 6462/6488/2647 6461/6487/2647 6460/6486/2647
f 6463/6489/2647 6464/6490/2650 6465/6491/2647
f 6464/6490/2650 6463/6489/2647 6462/6488/2647
f 6465/6491/2647 6466/6492/2653 6467/6493/2647
f 6466/6492/2653 6465/6491/2647 6464/6490/2650
f 6467/6493/2647 6468/6494/2647 6469/6495/2650
f 6468/6494/2647 6467/6493/2647 6466/6492/2653
f 6469/6495/2650 6470/6496/2647 6471/6497/2647
f 6470/6496/2647 6469/6495/2650 6468/6494/2647
f 6471/6497/2647 6472/6498/2647 6473/6499/2647
f 6472/6498/2647 6471/6497/2647 6470/6496/2647
f 6473/6499/2647 6474/6500/2647 6475/6501/2647
f 6474/6500/2647 6473/6499/2647 6472/6498/2647
f 6475/6501/2647 6431/6457/2647 6428/6454/2647
f 6431/6457/2647 6475/6501/2647 6474/6500/2647
f 6431/6457/2660 6476/6502/2660 6429/6455/2660
f 6476/6502/2660 6431/6457/2660 6477/6503/2660
f 6429/6455/2661 6478/6504/2661 6432/6458/2661
f 6478/6504/2661 6429/6455/2661 6476/6502/2661
f 6432/6458/2662 6479/6505/2662 6434/6460/2663
f 6479/6505/2662 6432/6458/2662 6478/6504/2662
f 6434/6460/2664 6480/6506/2664 6436/6462/2665
f 6480/6506/2664 6434/6460/2664 6479/6505/2664
f 6436/6462/2666 6481/6507/2666 6438/6464/2666
f 6481/6507/2666 6436/6462/2666 6480/6506/2666
f 6438/6464/2667 6482/6508/2668 6440/6466/2668
f 6482/6508/2668 6438/6464/2667 6481/6507/2667
f 6440/6466/2669 6483/6509/2669 6442/6468/2669
f 6483/6509/2669 6440/6466/2669 6482/6508/2669
f 6442/6468/2670 6484/6510/2670 6444/6470/2670
f 6484/6510/2670 6442/6468/2670 6483/6509/2672
f 6444/6470/2673 6485/6511/2673 6446/6472/2673
f 6485/6511/2673 6444/6470/2673 6484/6510/2674
f 6446/6472/2675 6486/6512/2675 6448/6474/2675
f 6486/6512/2675 6446/6472/2675 6485/6511/2676
f 6448/6474/2677 6487/6513/2677 6450/6476/2677
f 6487/6513/2677 6448/6474/2677 6486/6512/2677
f 6450/6476/2678 6488/6514/2679 6452/6478/2679
f 6488/6514/2679 6450/6476/2678 6487/6513/2678
f 6452/6478/2680 6489/6515/2680 6454/6480/2680
f 6489/6515/2680 6452/6478/2680 6488/6514/2680
f 6454/6480/2681 6490/6516/2681 6456/6482/2681
f 6490/6516/2681 6454/6480/2681 6489/6515/2681
f 6456/6482/2682 6491/6517/2682 6458/6484/2683
f 6491/6517/2682 6456/6482/2682 6490/6516/2682
f 6458/6484/2684 6492/6518/2685 6460/6486/2685
f 6492/6518/2685 6458/6484/2684 6491/6517/2684
f 6460/6486/2686 6493/6519/2686 6462/6488/2686
f 6493/6519/2686 6460/6486/2686 6492/6518/2686
f 6462/6488/2687 6494/6520/2688 6464/6490/2688
f 6494/6520/2688 6462/6488/2687 6493/6519/2687
f 6464/6490/2689 6495/6521/2689 6466/6492/2689
f 6495/6521/2689 6464/6490/2689 6494/6520/2689
f 6466/6492/2690 6496/6522/2690 6468/6494/2690
f 6496/6522/2690 6466/6492/2690 6495/6521/2691
f 6468/6494/2692 6497/6523/2692 6470/6496/2692
f 6497/6523/2692 6468/6494/2692 6496/6522/2693
f 6470/6496/2694 6498/6524/2694 6472/6498/2694
f 6498/6524/2694 6470/6496/2694 6497/6523/2694
f 6472/6498/2696 6499/6525/2696 6474/6500/2778
f 6499/6525/2696 6472/6498/2696 6498/6524/2696
f 6474/6500/2697 6477/6503/2698 6431/6457/2698
f 6477/6503/2698 6474/6500/2697 6499/6525/2697
f 6483/6509/2647 6500/6526/2647 6484/6510/2647
f 6483/6509/2647 6501/6527/2647 6500/6526/2647
f 6482/6508/2647 6501/6527/2647 6483/6509/2647
f 6482/6508/2647 6502/6528/2647 6501/6527/2647
f 6481/6507/2647 6502/6528/2647 6482/6508/2647
f 6481/6507/2647 6503/6529/2647 6502/6528/2647
f 6480/6506/2647 6503/6529/2647 6481/6507/2647
f 6480/6506/2647 6504/6530/2647 6503/6529/2647
f 6479/6505/2647 6504/6530/2647 6480/6506/2647
f 6479/6505/2647 6505/6531/2647 6504/6530/2647
f 6478/6504/2647 6505/6531/2647 6479/6505/2647
f 6478/6504/2647 6506/6532/2647 6505/6531/2647
f 6476/6502/2647 6506/6532/2647 6478/6504/2647
f 6476/6502/2647 6507/6533/2647 6506/6532/2647
f 6477/6503/2647 6507/6533/2647 6476/6502/2647
f 6477/6503/2647 6508/6534/2647 6507/6533/2647
f 6499/6525/2647 6508/6534/2647 6477/6503/2647
f 6499/6525/2647 6509/6535/2647 6508/6534/2647
f 6498/6524/2647 6509/6535/2647 6499/6525/2647
f 6498/6524/2647 6510/6536/2647 6509/6535/2647
f 6497/6523/2647 6510/6536/2647 6498/6524/2647
f 6497/6523/2647 6511/6537/2647 6510/6536/2647
f 6496/6522/2647 6511/6537/2647 6497/6523/2647
f 6496/6522/2647 6512/6538/2647 6511/6537/2647
f 6495/6521/2647 6512/6538/2647 6496/6522/2647
f 6495/6521/2647 6513/6539/2647 6512/6538/2647
f 6494/6520/2647 6513/6539/2647 6495/6521/2647
f 6494/6520/2647 6514/6540/2647 6513/6539/2647
f 6493/6519/2647 6514/6540/2647 6494/6520/2647
f 6493/6519/2647 6515/6541/2647 6514/6540/2647
f 6492/6518/2647 6515/6541/2647 6493/6519/2647
f 6492/6518/2647 6516/6542/2647 6515/6541/2647
f 6491/6517/2647 6516/6542/2647 6492/6518/2647
f 6491/6517/2647 6517/6543/2647 6516/6542/2647
f 6490/6516/2647 6517/6543/2647 6491/6517/2647
f 6490/6516/2647 6518/6544/2647 6517/6543/2647
f 6489/6515/2647 6518/6544/2647 6490/6516/2647
f 6489/6515/2647 6519/6545/2647 6518/6544/2647
f 6488/6514/2647 6519/6545/2647 6489/6515/2647
f 6488/6514/2647 6520/6546/2647 6519/6545/2647
f 6487/6513/2647 6520/6546/2647 6488/6514/2647
f 6487/6513/2647 6521/6547/2647 6520/6546/2647
f 6486/6512/2647 6521/6547/2647 6487/6513/2647
f 6486/6512/2647 6522/6548/2647 6521/6547/2647
f 6485/6511/2647 6522/6548/2647 6486/6512/2647
f 6485/6511/2647 6523/6549/2647 6522/6548/2647
f 6484/6510/2647 6523/6549/2647 6485/6511/2647
f 6484/6510/2647 6500/6526/2647 6523/6549/2647
f 6508/6534/2680 6524/6550/2680 6507/6533/2680
f 6524/6550/2680 6508/6534/2680 6525/6551/2680
f 6507/6533/2681 6526/6552/2681 6506/6532/2681
f 6526/6552/2681 6507/6533/2681 6524/6550/2776
f 6506/6532/2682 6527/6553/2682 6505/6531/2683
f 6527/6553/2682 6506/6532/2682 6526/6552/2682
f 6505/6531/2684 6528/6554/2685 6504/6530/2699
f 6528/6554/2685 6505/6531/2684 6527/6553/2684
f 6504/6530/2686 6529/6555/2686 6503/6529/2686
f 6529/6555/2686 6504/6530/2686 6528/6554/2686
f 6503/6529/2688 6530/6556/2688 6502/6528/2688
f 6530/6556/2688 6503/6529/2688 6529/6555/2688
f 6502/6528/2689 6531/6557/2689 6501/6527/2689
f 6531/6557/2689 6502/6528/2689 6530/6556/2689
f 6501/6527/2690 6532/6558/2690 6500/6526/2690
f 6532/6558/2690 6501/6527/2690 6531/6557/2690
f 6500/6526/2692 6533/6559/2692 6523/6549/2692
f 6533/6559/2692 6500/6526/2692 6532/6558/2692
f 6523/6549/2694 6534/6560/2695 6522/6548/2700
f 6534/6560/2695 6523/6549/2694 6533/6559/2694
f 6522/6548/2696 6535/6561/2696 6521/6547/2696
f 6535/6561/2696 6522/6548/2696 6534/6560/2696
f 6521/6547/2697 6536/6562/2697 6520/6546/2697
f 6536/6562/2697 6521/6547/2697 6535/6561/2697
f 6520/6546/2660 6537/6563/2660 6519/6545/2660
f 6537/6563/2660 6520/6546/2660 6536/6562/2660
f 6519/6545/2661 6538/6564/2661 6518/6544/2661
f 6538/6564/2661 6519/6545/2661 6537/6563/2661
f 6518/6544/2662 6539/6565/2662 6517/6543/2663
f 6539/6565/2662 6518/6544/2662 6538/6564/2662
f 6517/6543/2664 6540/6566/2665 6516/6542/2851
f 6540/6566/2665 6517/6543/2664 6539/6565/2664
f 6516/6542/2666 6541/6567/2666 6515/6541/2666
f 6541/6567/2666 6516/6542/2666 6540/6566/2666
f 6515/6541/2668 6542/6568/2668 6514/6540/2668
f 6542/6568/2668 6515/6541/2668 6541/6567/2668
f 6514/6540/2669 6543/6569/2669 6513/6539/2669
f 6543/6569/2669 6514/6540/2669 6542/6568/2669
f 6513/6539/2670 6544/6570/2670 6512/6538/2670
f 6544/6570/2670 6513/6539/2670 6543/6569/2670
f 6512/6538/2673 6545/6571/2673 6511/6537/2673
f 6545/6571/2673 6512/6538/2673 6544/6570/2673
f 6511/6537/2675 6546/6572/2676 6510/6536/2781
f 6546/6572/2676 6511/6537/2675 6545/6571/2675
f 6510/6536/2677 6547/6573/2677 6509/6535/2677
f 6547/6573/2677 6510/6536/2677 6546/6572/2677
f 6509/6535/2678 6525/6551/2678 6508/6534/2678
f 6525/6551/2678 6509/6535/2678 6547/6573/2678
f 6525/6551/2701 6404/6430/2701 6524/6550/2872
f 6404/6430/2701 6525/6551/2701 6427/6453/2701
f 6524/6550/2835 6406/6432/2835 6526/6552/2835
f 6406/6432/2835 6524/6550/2835 6404/6430/2835
f 6526/6552/2873 6405/6431/2873 6527/6553/2874
f 6405/6431/2873 6526/6552/2873 6406/6432/2708
f 6527/6553/2710 6408/6434/2709 6528/6554/2836
f 6408/6434/2709 6527/6553/2710 6405/6431/2710
f 6528/6554/2712 6407/6433/2712 6529/6555/2713
f 6407/6433/2712 6528/6554/2712 6408/6434/2712
f 6529/6555/2715 6410/6436/2715 6530/6556/2715
f 6410/6436/2715 6529/6555/2715 6407/6433/2715
f 6530/6556/2719 6409/6435/2719 6531/6557/2719
f 6409/6435/2719 6530/6556/2719 6410/6436/2875
f 6531/6557/2837 6412/6438/2837 6532/6558/2837
f 6412/6438/2837 6531/6557/2837 6409/6435/2837
f 6532/6558/2725 6411/6437/2725 6533/6559/2725
f 6411/6437/2725 6532/6558/2725 6412/6438/2725
f 6533/6559/2728 6414/6440/2728 6534/6560/2728
f 6414/6440/2728 6533/6559/2728 6411/6437/2838
f 6534/6560/2840 6413/6439/2840 6535/6561/2876
f 6413/6439/2840 6534/6560/2840 6414/6440/2840
f 6535/6561/2731 6416/6442/2731 6536/6562/2731
f 6416/6442/2731 6535/6561/2731 6413/6439/2731
f 6536/6562/2733 6415/6441/2733 6537/6563/2733
f 6415/6441/2733 6536/6562/2733 6416/6442/2733
f 6537/6563/2841 6418/6444/2841 6538/6564/2842
f 6418/6444/2841 6537/6563/2841 6415/6441/2841
f 6538/6564/2738 6417/6443/2738 6539/6565/2877
f 6417/6443/2738 6538/6564/2738 6418/6444/2739
f 6539/6565/2741 6420/6446/2741 6540/6566/2741
f 6420/6446/2741 6539/6565/2741 6417/6443/2740
f 6540/6566/2743 6419/6445/2743 6541/6567/2743
f 6419/6445/2743 6540/6566/2743 6420/6446/2743
f 6541/6567/2746 6422/6448/2746 6542/6568/2746
f 6422/6448/2746 6541/6567/2746 6419/6445/2746
f 6542/6568/2749 6421/6447/2749 6543/6569/2749
f 6421/6447/2749 6542/6568/2749 6422/6448/2749
f 6543/6569/2845 6424/6450/2845 6544/6570/2846
f 6424/6450/2845 6543/6569/2845 6421/6447/2845
f 6544/6570/2756 6423/6449/2756 6545/6571/2756
f 6423/6449/2756 6544/6570/2756 6424/6450/2756
f 6545/6571/2760 6426/6452/2759 6546/6572/2759
f 6426/6452/2759 6545/6571/2760 6423/6449/2760
f 6546/6572/2762 6425/6451/2762 6547/6573/2763
f 6425/6451/2762 6546/6572/2762 6426/6452/2848
f 6547/6573/2764 6427/6453/2764 6525/6551/2765
f 6427/6453/2764 6547/6573/2764 6425/6451/2764
f 6548/6574/2767 6549/6575/2878 6550/6576/2767
f 6549/6575/2878 6551/6577/2767 6552/6578/2849
f 6548/6574/2767 6551/6577/2767 6549/6575/2878
f 6551/6577/2767 6553/6579/2775 6554/6580/2767
f 6553/6579/2775 6555/6581/2767 6556/6582/2767
f 6551/6577/2767 6555/6581/2767 6553/6579/2775
f 6548/6574/2767 6555/6581/2767 6551/6577/2767
f 6555/6581/2767 6557/6583/2767 6558/6584/2771
f 6557/6583/2767 6559/6585/2767 6560/6586/2767
f 6555/6581/2767 6559/6585/2767 6557/6583/2767
f 6559/6585/2767 6561/6587/2879 6562/6588/2880
f 6561/6587/2879 6563/6589/2767 6564/6590/2770
f 6559/6585/2767 6563/6589/2767 6561/6587/2879
f 6555/6581/2767 6563/6589/2767 6559/6585/2767
f 6548/6574/2767 6563/6589/2767 6555/6581/2767
f 6563/6589/2767 6565/6591/2771 6566/6592/2849
f 6565/6591/2771 6567/6593/2767 6568/6594/2767
f 6563/6589/2767 6567/6593/2767 6565/6591/2771
f 6548/6574/2767 6567/6593/2767 6563/6589/2767
f 6567/6593/2767 6569/6595/2767 6570/6596/2775
f 6548/6574/2767 6569/6595/2767 6567/6593/2767
f 6571/6597/2771 6569/6595/2767 6548/6574/2767
f 6572/6598/2767 6573/6599/2767 6574/6600/2767
f 6573/6599/2767 6572/6598/2767 6575/6601/2767
f 6575/6601/2767 6576/6602/2767 6573/6599/2767
f 6576/6602/2767 6575/6601/2767 6577/6603/2767
f 6577/6603/2767 6578/6604/2775 6576/6602/2767
f 6578/6604/2775 6577/6603/2767 6579/6605/2775
f 6579/6605/2775 6580/6606/2767 6578/6604/2775
f 6580/6606/2767 6579/6605/2775 6581/6607/2767
f 6581/6607/2767 6582/6608/2767 6580/6606/2767
f 6582/6608/2767 6581/6607/2767 6583/6609/2767
f 6583/6609/2767 6584/6610/2771 6582/6608/2767
f 6584/6610/2771 6583/6609/2767 6585/6611/2771
f 6585/6611/2771 6586/6612/2767 6584/6610/2771
f 6586/6612/2767 6585/6611/2771 6587/6613/2767
f 6587/6613/2767 6588/6614/2767 6586/6612/2767
f 6588/6614/2767 6587/6613/2767 6589/6615/2767
f 6589/6615/2767 6590/6616/2767 6588/6614/2767
f 6590/6616/2767 6589/6615/2767 6591/6617/2767
f 6591/6617/2767 6592/6618/2767 6590/6616/2767
f 6592/6618/2767 6591/6617/2767 6593/6619/2767
f 6593/6619/2767 6594/6620/2767 6592/6618/2767
f 6594/6620/2767 6593/6619/2767 6595/6621/2767
f 6595/6621/2767 6596/6622/2767 6594/6620/2767
f 6596/6622/2767 6595/6621/2767 6597/6623/2767
f 6597/6623/2767 6598/6624/2767 6596/6622/2767
f 6598/6624/2767 6597/6623/2767 6599/6625/2767
f 6599/6625/2767 6600/6626/2767 6598/6624/2767
f 6600/6626/2767 6599/6625/2767 6601/6627/2767
f 6601/6627/2767 6602/6628/2767 6600/6626/2767
f 6602/6628/2767 6601/6627/2767 6603/6629/2767
f 6603/6629/2767 6604/6630/2767 6602/6628/2767
f 6604/6630/2767 6603/6629/2767 6605/6631/2767
f 6605/6631/2767 6606/6632/2767 6604/6630/2767
f 6606/6632/2767 6605/6631/2767 6607/6633/2767
f 6607/6633/2767 6608/6634/2767 6606/6632/2767
f 6608/6634/2767 6607/6633/2767 6609/6635/2767
f 6609/6635/2767 6610/6636/2767 6608/6634/2767
f 6610/6636/2767 6609/6635/2767 6611/6637/2767
f 6611/6637/2767 6612/6638/2775 6610/6636/2767
f 6612/6638/2775 6611/6637/2767 6613/6639/2775
f 6613/6639/2775 6614/6640/2767 6612/6638/2775
f 6614/6640/2767 6613/6639/2775 6615/6641/2767
f 6615/6641/2767 6616/6642/2767 6614/6640/2767
f 6616/6642/2767 6615/6641/2767 6617/6643/2767
f 6617/6643/2767 6618/6644/2767 6616/6642/2767
f 6618/6644/2767 6617/6643/2767 6619/6645/2767
f 6619/6645/2767 6574/6600/2767 6618/6644/2767
f 6574/6600/2767 6619/6645/2767 6572/6598/2767
f 6574/6600/2660 6620/6646/2660 6621/6647/2660
f 6620/6646/2660 6574/6600/2660 6573/6599/2660
f 6573/6599/2661 6622/6648/2661 6620/6646/2661
f 6622/6648/2661 6573/6599/2661 6576/6602/2661
f 6576/6602/2662 6623/6649/2662 6622/6648/2662
f 6623/6649/2662 6576/6602/2662 6578/6604/2663
f 6578/6604/2664 6624/6650/2664 6623/6649/2664
f 6624/6650/2664 6578/6604/2664 6580/6606/2665
f 6580/6606/2666 6625/6651/2666 6624/6650/2666
f 6625/6651/2666 6580/6606/2666 6582/6608/2666
f 6582/6608/2667 6626/6652/2668 6625/6651/2667
f 6626/6652/2668 6582/6608/2667 6584/6610/2668
f 6584/6610/2669 6627/6653/2669 6626/6652/2669
f 6627/6653/2669 6584/6610/2669 6586/6612/2669
f 6586/6612/2670 6628/6654/2670 6627/6653/2670
f 6628/6654/2670 6586/6612/2670 6588/6614/2670
f 6588/6614/2673 6629/6655/2673 6628/6654/2674
f 6629/6655/2673 6588/6614/2673 6590/6616/2673
f 6590/6616/2676 6630/6656/2676 6629/6655/2676
f 6630/6656/2676 6590/6616/2676 6592/6618/2676
f 6592/6618/2677 6631/6657/2677 6630/6656/2677
f 6631/6657/2677 6592/6618/2677 6594/6620/2677
f 6594/6620/2678 6632/6658/2679 6631/6657/2678
f 6632/6658/2679 6594/6620/2678 6596/6622/2679
f 6596/6622/2680 6633/6659/2680 6632/6658/2680
f 6633/6659/2680 6596/6622/2680 6598/6624/2680
f 6598/6624/2681 6634/6660/2681 6633/6659/2681
f 6634/6660/2681 6598/6624/2681 6600/6626/2681
f 6600/6626/2682 6635/6661/2682 6634/6660/2682
f 6635/6661/2682 6600/6626/2682 6602/6628/2683
f 6602/6628/2684 6636/6662/2684 6635/6661/2684
f 6636/6662/2684 6602/6628/2684 6604/6630/2685
f 6604/6630/2686 6637/6663/2686 6636/6662/2686
f 6637/6663/2686 6604/6630/2686 6606/6632/2686
f 6606/6632/2687 6638/6664/2687 6637/6663/2687
f 6638/6664/2687 6606/6632/2687 6608/6634/2688
f 6608/6634/2689 6639/6665/2689 6638/6664/2689
f 6639/6665/2689 6608/6634/2689 6610/6636/2689
f 6610/6636/2690 6640/6666/2690 6639/6665/2691
f 6640/6666/2690 6610/6636/2690 6612/6638/2690
f 6612/6638/2692 6641/6667/2692 6640/6666/2693
f 6641/6667/2692 6612/6638/2692 6614/6640/2692
f 6614/6640/2694 6642/6668/2694 6641/6667/2695
f 6642/6668/2694 6614/6640/2694 6616/6642/2694
f 6616/6642/2696 6643/6669/2696 6642/6668/2696
f 6643/6669/2696 6616/6642/2696 6618/6644/2696
f 6618/6644/2697 6621/6647/2698 6643/6669/2697
f 6621/6647/2698 6618/6644/2697 6574/6600/2698
f 6628/6654/2767 6644/6670/2767 6645/6671/2767
f 6645/6671/2767 6627/6653/2767 6628/6654/2767
f 6646/6672/2767 6627/6653/2767 6645/6671/2767
f 6646/6672/2767 6626/6652/2767 6627/6653/2767
f 6647/6673/2767 6626/6652/2767 6646/6672/2767
f 6647/6673/2767 6625/6651/2767 6626/6652/2767
f 6648/6674/2767 6625/6651/2767 6647/6673/2767
f 6648/6674/2767 6624/6650/2767 6625/6651/2767
f 6649/6675/2767 6624/6650/2767 6648/6674/2767
f 6649/6675/2767 6623/6649/2767 6624/6650/2767
f 6650/6676/2767 6623/6649/2767 6649/6675/2767
f 6650/6676/2767 6622/6648/2767 6623/6649/2767
f 6651/6677/2767 6622/6648/2767 6650/6676/2767
f 6651/6677/2767 6620/6646/2767 6622/6648/2767
f 6652/6678/2771 6620/6646/2767 6651/6677/2767
f 6652/6678/2771 6621/6647/2767 6620/6646/2767
f 6653/6679/2767 6621/6647/2767 6652/6678/2771
f 6653/6679/2767 6643/6669/2767 6621/6647/2767
f 6654/6680/2767 6643/6669/2767 6653/6679/2767
f 6654/6680/2767 6642/6668/2767 6643/6669/2767
f 6655/6681/2767 6642/6668/2767 6654/6680/2767
f 6655/6681/2767 6641/6667/2767 6642/6668/2767
f 6656/6682/2767 6641/6667/2767 6655/6681/2767
f 6656/6682/2767 6640/6666/2767 6641/6667/2767
f 6657/6683/2767 6640/6666/2767 6656/6682/2767
f 6657/6683/2767 6639/6665/2767 6640/6666/2767
f 6658/6684/2767 6639/6665/2767 6657/6683/2767
f 6658/6684/2767 6638/6664/2767 6639/6665/2767
f 6659/6685/2767 6638/6664/2767 6658/6684/2767
f 6659/6685/2767 6637/6663/2767 6638/6664/2767
f 6660/6686/2767 6637/6663/2767 6659/6685/2767
f 6660/6686/2767 6636/6662/2767 6637/6663/2767
f 6661/6687/2767 6636/6662/2767 6660/6686/2767
f 6661/6687/2767 6635/6661/2767 6636/6662/2767
f 6662/6688/2767 6635/6661/2767 6661/6687/2767
f 6662/6688/2767 6634/6660/2767 6635/6661/2767
f 6663/6689/2767 6634/6660/2767 6662/6688/2767
f 6663/6689/2767 6633/6659/2767 6634/6660/2767
f 6664/6690/2767 6633/6659/2767 6663/6689/2767
f 6664/6690/2767 6632/6658/2767 6633/6659/2767
f 6665/6691/2771 6632/6658/2767 6664/6690/2767
f 6665/6691/2771 6631/6657/2767 6632/6658/2767
f 6666/6692/2767 6631/6657/2767 6665/6691/2771
f 6666/6692/2767 6630/6656/2767 6631/6657/2767
f 6667/6693/2767 6630/6656/2767 6666/6692/2767
f 6667/6693/2767 6629/6655/2767 6630/6656/2767
f 6644/6670/2767 6629/6655/2767 6667/6693/2767
f 6628/6654/2767 6629/6655/2767 6644/6670/2767
f 6653/6679/2680 6668/6694/2680 6669/6695/2680
f 6668/6694/2680 6653/6679/2680 6652/6678/2680
f 6652/6678/2681 6670/6696/2681 6668/6694/2776
f 6670/6696/2681 6652/6678/2681 6651/6677/2779
f 6651/6677/2682 6671/6697/2682 6670/6696/2682
f 6671/6697/2682 6651/6677/2682 6650/6676/2683
f 6650/6676/2684 6672/6698/2684 6671/6697/2684
f 6672/6698/2684 6650/6676/2684 6649/6675/2684
f 6649/6675/2686 6673/6699/2686 6672/6698/2686
f 6673/6699/2686 6649/6675/2686 6648/6674/2686
f 6648/6674/2688 6674/6700/2688 6673/6699/2688
f 6674/6700/2688 6648/6674/2688 6647/6673/2688
f 6647/6673/2689 6675/6701/2689 6674/6700/2689
f 6675/6701/2689 6647/6673/2689 6646/6672/2689
f 6646/6672/2690 6676/6702/2690 6675/6701/2690
f 6676/6702/2690 6646/6672/2690 6645/6671/2690
f 6645/6671/2692 6677/6703/2692 6676/6702/2692
f 6677/6703/2692 6645/6671/2692 6644/6670/2692
f 6644/6670/2694 6678/6704/2694 6677/6703/2694
f 6678/6704/2694 6644/6670/2694 6667/6693/2694
f 6667/6693/2696 6679/6705/2696 6678/6704/2696
f 6679/6705/2696 6667/6693/2696 6666/6692/2696
f 6666/6692/2697 6680/6706/2697 6679/6705/2697
f 6680/6706/2697 6666/6692/2697 6665/6691/2697
f 6665/6691/2660 6681/6707/2660 6680/6706/2660
f 6681/6707/2660 6665/6691/2660 6664/6690/2660
f 6664/6690/2661 6682/6708/2661 6681/6707/2780
f 6682/6708/2661 6664/6690/2661 6663/6689/2661
f 6663/6689/2662 6683/6709/2662 6682/6708/2662
f 6683/6709/2662 6663/6689/2662 6662/6688/2663
f 6662/6688/2664 6684/6710/2664 6683/6709/2664
f 6684/6710/2664 6662/6688/2664 6661/6687/2664
f 6661/6687/2666 6685/6711/2666 6684/6710/2666
f 6685/6711/2666 6661/6687/2666 6660/6686/2666
f 6660/6686/2667 6686/6712/2667 6685/6711/2667
f 6686/6712/2667 6660/6686/2667 6659/6685/2668
f 6659/6685/2669 6687/6713/2669 6686/6712/2669
f 6687/6713/2669 6659/6685/2669 6658/6684/2669
f 6658/6684/2672 6688/6714/2670 6687/6713/2672
f 6688/6714/2670 6658/6684/2672 6657/6683/2670
f 6657/6683/2673 6689/6715/2673 6688/6714/2673
f 6689/6715/2673 6657/6683/2673 6656/6682/2673
f 6656/6682/2675 6690/6716/2675 6689/6715/2675
f 6690/6716/2675 6656/6682/2675 6655/6681/2675
f 6655/6681/2677 6691/6717/2677 6690/6716/2677
f 6691/6717/2677 6655/6681/2677 6654/6680/2677
f 6654/6680/2678 6669/6695/2678 6691/6717/2678
f 6669/6695/2678 6654/6680/2678 6653/6679/2678
f 6669/6695/2782 6569/6595/2782 6571/6597/2782
f 6569/6595/2782 6669/6695/2782 6668/6694/2881
f 6668/6694/2785 6570/6596/2784 6569/6595/2785
f 6570/6596/2784 6668/6694/2785 6670/6696/2784
f 6670/6696/2882 6567/6593/2882 6570/6596/2787
f 6567/6593/2882 6670/6696/2882 6671/6697/2883
f 6671/6697/2790 6568/6594/2790 6567/6593/2790
f 6568/6594/2790 6671/6697/2790 6672/6698/2884
f 6672/6698/2793 6565/6591/2792 6568/6594/2793
f 6565/6591/2792 6672/6698/2793 6673/6699/2792
f 6673/6699/2795 6566/6592/2795 6565/6591/2855
f 6566/6592/2795 6673/6699/2795 6674/6700/2795
f 6674/6700/2799 6563/6589/2797 6566/6592/2885
f 6563/6589/2797 6674/6700/2799 6675/6701/2798
f 6675/6701/2857 6564/6590/2857 6563/6589/2886
f 6564/6590/2857 6675/6701/2857 6676/6702/2801
f 6676/6702/2802 6561/6587/2802 6564/6590/2803
f 6561/6587/2802 6676/6702/2802 6677/6703/2804
f 6677/6703/2858 6562/6588/2806 6561/6587/2887
f 6562/6588/2806 6677/6703/2858 6678/6704/2806
f 6678/6704/2807 6559/6585/2807 6562/6588/2807
f 6559/6585/2807 6678/6704/2807 6679/6705/2807
f 6679/6705/2808 6560/6586/2808 6559/6585/2888
f 6560/6586/2808 6679/6705/2808 6680/6706/2889
f 6680/6706/2809 6557/6583/2809 6560/6586/2809
f 6557/6583/2809 6680/6706/2809 6681/6707/2809
f 6681/6707/2890 6558/6584/2891 6557/6583/2890
f 6558/6584/2891 6681/6707/2890 6682/6708/2891
f 6682/6708/2892 6555/6581/2892 6558/6584/2892
f 6555/6581/2892 6682/6708/2892 6683/6709/2893
f 6683/6709/2816 6556/6582/2815 6555/6581/2816
f 6556/6582/2815 6683/6709/2816 6684/6710/2894
f 6684/6710/2817 6553/6579/2817 6556/6582/2863
f 6553/6579/2817 6684/6710/2817 6685/6711/2817
f 6685/6711/2864 6554/6580/2819 6553/6579/2895
f 6554/6580/2819 6685/6711/2864 6686/6712/2819
f 6686/6712/2896 6551/6577/2821 6554/6580/2897
f 6551/6577/2821 6686/6712/2896 6687/6713/2821
f 6687/6713/2865 6552/6578/2822 6551/6577/2865
f 6552/6578/2822 6687/6713/2865 6688/6714/2823
f 6688/6714/2898 6549/6575/2899 6552/6578/2900
f 6549/6575/2899 6688/6714/2898 6689/6715/2824
f 6689/6715/2826 6550/6576/2825 6549/6575/2867
f 6550/6576/2825 6689/6715/2826 6690/6716/2901
f 6690/6716/2828 6548/6574/2828 6550/6576/2902
f 6548/6574/2828 6690/6716/2828 6691/6717/2828
f 6691/6717/2829 6571/6597/2829 6548/6574/2829
f 6571/6597/2829 6691/6717/2829 6669/6695/2903
f 6692/6718/2904 6693/6719/2904 6694/6720/2904
f 6694/6720/2904 6695/6721/2904 6696/6722/2904
f 6696/6722/2904 6697/6723/2904 6698/6724/2904
f 6694/6720/2904 6696/6722/2904 6698/6724/2904
f 6692/6718/2904 6694/6720/2904 6698/6724/2904
f 6692/6718/2904 6698/6724/2904 6699/6725/2904
f 6700/6726/2904 6692/6718/2904 6699/6725/2904
f 6701/6727/2905 6702/6728/2905 6703/6729/2905
f 6703/6729/2905 6704/6730/2905 6705/6731/2905
f 6701/6727/2905 6703/6729/2905 6705/6731/2905
f 6705/6731/2905 6706/6732/2905 6707/6733/2905
f 6701/6727/2905 6705/6731/2905 6707/6733/2905
f 6708/6734/2905 6701/6727/2905 6707/6733/2905
f 6709/6735/2905 6708/6734/2905 6707/6733/2905
f 6710/6736/2905 6711/6737/2905 6712/6738/2905
f 6712/6738/2905 6713/6739/2905 6714/6740/2905
f 6710/6736/2905 6712/6738/2905 6714/6740/2905
f 6714/6740/2905 6715/6741/2905 6716/6742/2905
f 6710/6736/2905 6714/6740/2905 6716/6742/2905
f 6717/6743/2905 6710/6736/2905 6716/6742/2905
f 6718/6744/2905 6717/6743/2905 6716/6742/2905
f 6719/6745/2904 6720/6746/2904 6721/6747/2904
f 6721/6747/2906 6722/6748/2906 6723/6749/2906
f 6723/6749/2904 6724/6750/2904 6725/6751/2904
f 6721/6747/2907 6723/6749/2907 6725/6751/2907
f 6719/6745/2908 6721/6747/2908 6725/6751/2908
f 6719/6745/2909 6725/6751/2909 6726/6752/2909
f 6727/6753/2904 6719/6745/2904 6726/6752/2904
f 6728/6754/2904 6729/6755/2904 6730/6756/2904
f 6730/6756/2904 6731/6757/2904 6732/6758/2904
f 6732/6758/2904 6733/6759/2904 6734/6760/2904
f 6730/6756/2904 6732/6758/2904 6734/6760/2904
f 6728/6754/2904 6730/6756/2904 6734/6760/2904
f 6728/6754/2904 6734/6760/2904 6735/6761/2904
f 6736/6762/2904 6728/6754/2904 6735/6761/2904
f 6737/6763/2905 6738/6764/2905 6739/6765/2905
f 6739/6765/2905 6740/6766/2905 6741/6767/2905
f 6737/6763/2905 6739/6765/2905 6741/6767/2905
f 6741/6767/2905 6742/6768/2905 6743/6769/2905
f 6737/6763/2905 6741/6767/2905 6743/6769/2905
f 6744/6770/2905 6737/6763/2905 6743/6769/2905
f 6745/6771/2905 6744/6770/2905 6743/6769/2905
f 6746/6772/2904 6747/6773/2904 6748/6774/2904
f 6748/6774/2904 6749/6775/2904 6750/6776/2904
f 6750/6776/2904 6751/6777/2904 6752/6778/2904
f 6748/6774/2904 6750/6776/2904 6752/6778/2904
f 6746/6772/2904 6748/6774/2904 6752/6778/2904
f 6746/6772/2904 6752/6778/2904 6753/6779/2904
f 6754/6780/2904 6746/6772/2904 6753/6779/2904
f 6755/6781/2905 6756/6782/2905 6757/6783/2905
f 6757/6783/2905 6758/6784/2905 6759/6785/2905
f 6755/6781/2905 6757/6783/2905 6759/6785/2905
f 6759/6785/2905 6760/6786/2905 6761/6787/2905
f 6755/6781/2905 6759/6785/2905 6761/6787/2905
f 6762/6788/2905 6755/6781/2905 6761/6787/2905
f 6763/6789/2905 6762/6788/2905 6761/6787/2905
f 6764/6790/2904 6765/6791/2904 6766/6792/2904
f 6766/6792/2904 6767/6793/2904 6768/6794/2904
f 6768/6794/2904 6769/6795/2904 6770/6796/2904
f 6766/6792/2904 6768/6794/2904 6770/6796/2904
f 6764/6790/2904 6766/6792/2904 6770/6796/2904
f 6764/6790/2904 6770/6796/2904 6771/6797/2904
f 6772/6798/2904 6764/6790/2904 6771/6797/2904
f 6773/6799/2905 6774/6800/2905 6775/6801/2905
f 6775/6801/2905 6776/6802/2905 6777/6803/2905
f 6773/6799/2905 6775/6801/2905 6777/6803/2905
f 6777/6803/2905 6778/6804/2905 6779/6805/2905
f 6773/6799/2905 6777/6803/2905 6779/6805/2905
f 6780/6806/2905 6773/6799/2905 6779/6805/2905
f 6781/6807/2905 6780/6806/2905 6779/6805/2905
f 6782/6808/2910 6783/6809/2910 6784/6810/2911
f 6784/6810/2911 6785/6811/2911 6786/6812/2911
f 6786/6812/2911 6787/6813/2910 6788/6814/2910
f 6784/6810/2911 6786/6812/2911 6788/6814/2910
f 6782/6808/2910 6784/6810/2911 6788/6814/2910
f 6782/6808/2910 6788/6814/2910 6789/6815/2910
f 6790/6816/2910 6782/6808/2910 6789/6815/2910
f 6791/6817/2912 6792/6818/2912 6793/6819/2912
f 6793/6819/2913 6794/6820/2913 6795/6821/2913
f 6791/6817/2914 6793/6819/2914 6795/6821/2914
f 6795/6821/2912 6796/6822/2912 6797/6823/2912
f 6791/6817/2915 6795/6821/2915 6797/6823/2915
f 6798/6824/2916 6791/6817/2916 6797/6823/2916
f 6799/6825/2917 6798/6824/2917 6797/6823/2917
f 6800/6826/2904 6801/6827/2904 6802/6828/2904
f 6802/6828/2904 6803/6829/2904 6804/6830/2904
f 6804/6830/2904 6805/6831/2904 6806/6832/2904
f 6802/6828/2904 6804/6830/2904 6806/6832/2904
f 6800/6826/2904 6802/6828/2904 6806/6832/2904
f 6800/6826/2904 6806/6832/2904 6807/6833/2904
f 6808/6834/2904 6800/6826/2904 6807/6833/2904
f 6809/6835/2905 6810/6836/2905 6811/6837/2905
f 6811/6837/2905 6812/6838/2905 6813/6839/2905
f 6809/6835/2905 6811/6837/2905 6813/6839/2905
f 6813/6839/2905 6814/6840/2905 6815/6841/2905
f 6809/6835/2905 6813/6839/2905 6815/6841/2905
f 6816/6842/2905 6809/6835/2905 6815/6841/2905
f 6817/6843/2905 6816/6842/2905 6815/6841/2905
f 6818/6844/2904 6819/6845/2904 6820/6846/2904
f 6820/6846/2904 6821/6847/2904 6822/6848/2904
f 6822/6848/2904 6823/6849/2904 6824/6850/2904
f 6820/6846/2904 6822/6848/2904 6824/6850/2904
f 6818/6844/2904 6820/6846/2904 6824/6850/2904
f 6818/6844/2904 6824/6850/2904 6825/6851/2904
f 6826/6852/2904 6818/6844/2904 6825/6851/2904
f 6827/6853/2905 6828/6854/2905 6829/6855/2905
f 6829/6855/2918 6830/6856/2918 6831/6857/2918
f 6827/6853/2919 6829/6855/2919 6831/6857/2919
f 6831/6857/2905 6832/6858/2905 6833/6859/2905
f 6827/6853/2920 6831/6857/2920 6833/6859/2920
f 6834/6860/2921 6827/6853/2921 6833/6859/2921
f 6835/6861/2905 6834/6860/2905 6833/6859/2905
f 6836/6862/2904 6837/6863/2904 6838/6864/2904
f 6838/6864/2904 6839/6865/2904 6840/6866/2904
f 6840/6866/2904 6841/6867/2904 6842/6868/2904
f 6838/6864/2904 6840/6866/2904 6842/6868/2904
f 6836/6862/2904 6838/6864/2904 6842/6868/2904
f 6836/6862/2904 6842/6868/2904 6843/6869/2904
f 6844/6870/2904 6836/6862/2904 6843/6869/2904
f 6845/6871/2905 6846/6872/2905 6847/6873/2905
f 6847/6873/2918 6848/6874/2918 6849/6875/2918
f 6845/6871/2919 6847/6873/2919 6849/6875/2919
f 6849/6875/2905 6850/6876/2905 6851/6877/2905
f 6845/6871/2920 6849/6875/2920 6851/6877/2920
f 6852/6878/2921 6845/6871/2921 6851/6877/2921
f 6853/6879/2905 6852/6878/2905 6851/6877/2905
f 6854/6880/2922 6855/6881/2922 6856/6882/2922
f 6856/6882/2922 6857/6883/2922 6858/6884/2922
f 6858/6884/2922 6859/6885/2922 6860/6886/2922
f 6856/6882/2922 6858/6884/2922 6860/6886/2922
f 6854/6880/2922 6856/6882/2922 6860/6886/2922
f 6861/6887/2922 6854/6880/2922 6860/6886/2922
f 6862/6888/2923 6863/6889/2923 6864/6890/2923
f 6864/6890/2923 6865/6891/2923 6866/6892/2923
f 6862/6888/2923 6864/6890/2923 6866/6892/2923
f 6866/6892/2923 6867/6893/2923 6868/6894/2923
f 6862/6888/2923 6866/6892/2923 6868/6894/2923
f 6869/6895/2923 6862/6888/2923 6868/6894/2923
f 6860/6886/2924 6870/6896/2924 6871/6897/2924
f 6871/6897/2924 6861/6887/2924 6860/6886/2924
f 6858/6884/2925 6872/6898/2925 6873/6899/2925
f 6873/6899/2925 6859/6885/2925 6858/6884/2925
f 6856/6882/2926 6874/6900/2926 6875/6901/2926
f 6875/6901/2926 6857/6883/2926 6856/6882/2926
f 6854/6880/2927 6876/6902/2927 6877/6903/2927
f 6877/6903/2927 6855/6881/2927 6854/6880/2927
f 6870/6896/2928 6860/6886/2928 6859/6885/2928
f 6859/6885/2928 6873/6899/2928 6870/6896/2928
f 6861/6887/2929 6871/6897/2929 6876/6902/2929
f 6876/6902/2929 6854/6880/2929 6861/6887/2929
f 6872/6898/2930 6858/6884/2930 6857/6883/2930
f 6857/6883/2930 6875/6901/2930 6872/6898/2930
f 6874/6900/2931 6856/6882/2931 6855/6881/2931
f 6855/6881/2931 6877/6903/2931 6874/6900/2931
f 6876/6902/2932 6871/6897/2933 6862/6888/2933
f 6862/6888/2933 6869/6895/2932 6876/6902/2932
f 6871/6897/2934 6870/6896/2934 6863/6889/2934
f 6863/6889/2934 6862/6888/2934 6871/6897/2934
f 6870/6896/2935 6873/6899/2935 6864/6890/2935
f 6864/6890/2935 6863/6889/2935 6870/6896/2935
f 6873/6899/2936 6872/6898/2936 6865/6891/2936
f 6865/6891/2936 6864/6890/2936 6873/6899/2936
f 6872/6898/2937 6875/6901/2937 6866/6892/2937
f 6866/6892/2937 6865/6891/2937 6872/6898/2937
f 6875/6901/2938 6874/6900/2938 6867/6893/2938
f 6867/6893/2938 6866/6892/2938 6875/6901/2938
f 6874/6900/2939 6877/6903/2940 6868/6894/2940
f 6868/6894/2940 6867/6893/2939 6874/6900/2939
f 6877/6903/2941 6876/6902/2941 6869/6895/2941
f 6869/6895/2941 6868/6894/2941 6877/6903/2941
f 6878/6904/2922 6879/6905/2922 6880/6906/2922
f 6880/6906/2922 6881/6907/2922 6882/6908/2922
f 6878/6904/2922 6880/6906/2922 6882/6908/2922
f 6882/6908/2922 6883/6909/2922 6884/6910/2922
f 6878/6904/2922 6882/6908/2922 6884/6910/2922
f 6885/6911/2922 6878/6904/2922 6884/6910/2922
f 6886/6912/2923 6887/6913/2923 6888/6914/2923
f 6888/6914/2923 6889/6915/2923 6890/6916/2923
f 6890/6916/2923 6891/6917/2923 6892/6918/2923
f 6888/6914/2923 6890/6916/2923 6892/6918/2923
f 6886/6912/2923 6888/6914/2923 6892/6918/2923
f 6893/6919/2923 6886/6912/2923 6892/6918/2923
f 6878/6904/2924 6885/6911/2924 6894/6920/2924
f 6894/6920/2924 6895/6921/2924 6878/6904/2924
f 6880/6906/2927 6879/6905/2927 6896/6922/2927
f 6896/6922/2927 6897/6923/2927 6880/6906/2927
f 6882/6908/2926 6881/6907/2926 6898/6924/2926
f 6898/6924/2926 6899/6925/2926 6882/6908/2926
f 6884/6910/2925 6883/6909/2925 6900/6926/2925
f 6900/6926/2925 6901/6927/2925 6884/6910/2925
f 6895/6921/2929 6896/6922/2929 6879/6905/2929
f 6879/6905/2929 6878/6904/2929 6895/6921/2929
f 6885/6911/2928 6884/6910/2928 6901/6927/2928
f 6901/6927/2928 6894/6920/2928 6885/6911/2928
f 6897/6923/2931 6898/6924/2931 6881/6907/2931
f 6881/6907/2931 6880/6906/2931 6897/6923/2931
f 6899/6925/2930 6900/6926/2930 6883/6909/2930
f 6883/6909/2930 6882/6908/2930 6899/6925/2930
f 6901/6927/2935 6893/6919/2942 6892/6918/2935
f 6892/6918/2935 6894/6920/2935 6901/6927/2935
f 6894/6920/2934 6892/6918/2934 6891/6917/2934
f 6891/6917/2934 6895/6921/2934 6894/6920/2934
f 6895/6921/2932 6891/6917/2932 6890/6916/2932
f 6890/6916/2932 6896/6922/2932 6895/6921/2932
f 6896/6922/2941 6890/6916/2941 6889/6915/2941
f 6889/6915/2941 6897/6923/2941 6896/6922/2941
f 6897/6923/2940 6889/6915/2939 6888/6914/2940
f 6888/6914/2940 6898/6924/2940 6897/6923/2940
f 6898/6924/2938 6888/6914/2938 6887/6913/2938
f 6887/6913/2938 6899/6925/2938 6898/6924/2938
f 6899/6925/2937 6887/6913/2937 6886/6912/2937
f 6886/6912/2937 6900/6926/2937 6899/6925/2937
f 6900/6926/2936 6886/6912/2936 6893/6919/2936
f 6893/6919/2936 6901/6927/2936 6900/6926/2936
f 6902/6928/2922 6903/6929/2922 6904/6930/2922
f 6904/6930/2922 6905/6931/2922 6906/6932/2922
f 6906/6932/2922 6907/6933/2922 6908/6934/2922
f 6904/6930/2922 6906/6932/2922 6908/6934/2922
f 6902/6928/2922 6904/6930/2922 6908/6934/2922
f 6909/6935/2922 6902/6928/2922 6908/6934/2922
f 6910/6936/2923 6911/6937/2923 6912/6938/2923
f 6912/6938/2923 6913/6939/2923 6914/6940/2923
f 6910/6936/2923 6912/6938/2923 6914/6940/2923
f 6914/6940/2923 6915/6941/2923 6916/6942/2923
f 6910/6936/2923 6914/6940/2923 6916/6942/2923
f 6917/6943/2923 6910/6936/2923 6916/6942/2923
f 6908/6934/2924 6918/6944/2924 6919/6945/2924
f 6919/6945/2924 6909/6935/2924 6908/6934/2924
f 6906/6932/2925 6920/6946/2925 6921/6947/2925
f 6921/6947/2925 6907/6933/2925 6906/6932/2925
f 6904/6930/2926 6922/6948/2926 6923/6949/2926
f 6923/6949/2926 6905/6931/2926 6904/6930/2926
f 6902/6928/2927 6924/6950/2927 6925/6951/2927
f 6925/6951/2927 6903/6929/2927 6902/6928/2927
f 6918/6944/2943 6908/6934/2943 6907/6933/2944
f 6907/6933/2944 6921/6947/2944 6918/6944/2943
f 6909/6935/2945 6919/6945/2945 6924/6950/2945
f 6924/6950/2945 6902/6928/2945 6909/6935/2945
f 6920/6946/2946 6906/6932/2946 6905/6931/2946
f 6905/6931/2946 6923/6949/2947 6920/6946/2946
f 6922/6948/2948 6904/6930/2948 6903/6929/2948
f 6903/6929/2948 6925/6951/2948 6922/6948/2948
f 6924/6950/2949 6919/6945/2950 6910/6936/2951
f 6910/6936/2951 6917/6943/2952 6924/6950/2949
f 6919/6945/2934 6918/6944/2934 6911/6937/2934
f 6911/6937/2934 6910/6936/2934 6919/6945/2934
f 6918/6944/2953 6921/6947/2953 6912/6938/2953
f 6912/6938/2954 6911/6937/2954 6918/6944/2954
f 6921/6947/2936 6920/6946/2936 6913/6939/2936
f 6913/6939/2936 6912/6938/2936 6921/6947/2936
f 6920/6946/2955 6923/6949/2955 6914/6940/2955
f 6914/6940/2956 6913/6939/2956 6920/6946/2956
f 6923/6949/2938 6922/6948/2938 6915/6941/2938
f 6915/6941/2938 6914/6940/2938 6923/6949/2938
f 6922/6948/2957 6925/6951/2957 6916/6942/2957
f 6916/6942/2958 6915/6941/2958 6922/6948/2958
f 6925/6951/2941 6924/6950/2941 6917/6943/2941
f 6917/6943/2941 6916/6942/2941 6925/6951/2941
f 6926/6952/2922 6927/6953/2922 6928/6954/2922
f 6928/6954/2922 6929/6955/2922 6930/6956/2922
f 6930/6956/2922 6931/6957/2922 6932/6958/2922
f 6928/6954/2922 6930/6956/2922 6932/6958/2922
f 6926/6952/2922 6928/6954/2922 6932/6958/2922
f 6933/6959/2922 6926/6952/2922 6932/6958/2922
f 6934/6960/2923 6935/6961/2923 6936/6962/2923
f 6936/6962/2923 6937/6963/2923 6938/6964/2923
f 6934/6960/2923 6936/6962/2923 6938/6964/2923
f 6938/6964/2923 6939/6965/2923 6940/6966/2923
f 6934/6960/2923 6938/6964/2923 6940/6966/2923
f 6941/6967/2923 6934/6960/2923 6940/6966/2923
f 6932/6958/2924 6942/6968/2924 6943/6969/2924
f 6943/6969/2924 6933/6959/2924 6932/6958/2924
f 6930/6956/2925 6944/6970/2925 6945/6971/2925
f 6945/6971/2925 6931/6957/2925 6930/6956/2925
f 6928/6954/2926 6946/6972/2926 6947/6973/2926
f 6947/6973/2926 6929/6955/2926 6928/6954/2926
f 6926/6952/2927 6948/6974/2927 6949/6975/2927
f 6949/6975/2927 6927/6953/2927 6926/6952/2927
f 6942/6968/2943 6932/6958/2943 6931/6957/2943
f 6931/6957/2943 6945/6971/2943 6942/6968/2943
f 6933/6959/2945 6943/6969/2945 6948/6974/2945
f 6948/6974/2945 6926/6952/2945 6933/6959/2945
f 6944/6970/2947 6930/6956/2947 6929/6955/2947
f 6929/6955/2947 6947/6973/2947 6944/6970/2947
f 6946/6972/2948 6928/6954/2948 6927/6953/2948
f 6927/6953/2948 6949/6975/2948 6946/6972/2948
f 6948/6974/2959 6943/6969/2950 6934/6960/2960
f 6934/6960/2960 6941/6967/2952 6948/6974/2959
f 6943/6969/2934 6942/6968/2934 6935/6961/2934
f 6935/6961/2934 6934/6960/2934 6943/6969/2934
f 6942/6968/2961 6945/6971/2961 6936/6962/2961
f 6936/6962/2962 6935/6961/2962 6942/6968/2962
f 6945/6971/2936 6944/6970/2936 6937/6963/2936
f 6937/6963/2936 6936/6962/2936 6945/6971/2936
f 6944/6970/2955 6947/6973/2955 6938/6964/2955
f 6938/6964/2956 6937/6963/2956 6944/6970/2956
f 6947/6973/2938 6946/6972/2938 6939/6965/2938
f 6939/6965/2938 6938/6964/2938 6947/6973/2938
f 6946/6972/2957 6949/6975/2957 6940/6966/2957
f 6940/6966/2963 6939/6965/2963 6946/6972/2963
f 6949/6975/2941 6948/6974/2941 6941/6967/2941
f 6941/6967/2941 6940/6966/2941 6949/6975/2941
f 6950/6976/2922 6951/6977/2922 6952/6978/2922
f 6952/6978/2922 6953/6979/2922 6954/6980/2922
f 6950/6976/2922 6952/6978/2922 6954/6980/2922
f 6954/6980/2922 6955/6981/2922 6956/6982/2922
f 6950/6976/2922 6954/6980/2922 6956/6982/2922
f 6957/6983/2922 6950/6976/2922 6956/6982/2922
f 6958/6984/2923 6959/6985/2923 6960/6986/2923
f 6960/6986/2923 6961/6987/2923 6962/6988/2923
f 6962/6988/2923 6963/6989/2923 6964/6990/2923
f 6960/6986/2923 6962/6988/2923 6964/6990/2923
f 6958/6984/2923 6960/6986/2923 6964/6990/2923
f 6965/6991/2923 6958/6984/2923 6964/6990/2923
f 6950/6976/2924 6957/6983/2924 6966/6992/2924
f 6966/6992/2924 6967/6993/2924 6950/6976/2924
f 6952/6978/2927 6951/6977/2927 6968/6994/2927
f 6968/6994/2927 6969/6995/2927 6952/6978/2927
f 6954/6980/2926 6953/6979/2926 6970/6996/2926
f 6970/6996/2926 6971/6997/2926 6954/6980/2926
f 6956/6982/2925 6955/6981/2925 6972/6998/2925
f 6972/6998/2925 6973/6999/2925 6956/6982/2925
f 6967/6993/2964 6968/6994/2965 6951/6977/2965
f 6951/6977/2965 6950/6976/2964 6967/6993/2964
f 6957/6983/2966 6956/6982/2966 6973/6999/2966
f 6973/6999/2966 6966/6992/2966 6957/6983/2966
f 6969/6995/2967 6970/6996/2968 6953/6979/2967
f 6953/6979/2967 6952/6978/2967 6969/6995/2967
f 6971/6997/2969 6972/6998/2969 6955/6981/2969
f 6955/6981/2969 6954/6980/2969 6971/6997/2969
f 6973/6999/2970 6965/6991/2971 6964/6990/2972
f 6964/6990/2972 6966/6992/2973 6973/6999/2970
f 6966/6992/2934 6964/6990/2934 6963/6989/2934
f 6963/6989/2934 6967/6993/2934 6966/6992/2934
f 6967/6993/2974 6963/6989/2974 6962/6988/2974
f 6962/6988/2975 6968/6994/2975 6967/6993/2975
f 6968/6994/2941 6962/6988/2941 6961/6987/2941
f 6961/6987/2941 6969/6995/2941 6968/6994/2941
f 6969/6995/2976 6961/6987/2976 6960/6986/2976
f 6960/6986/2977 6970/6996/2977 6969/6995/2977
f 6970/6996/2938 6960/6986/2938 6959/6985/2938
f 6959/6985/2938 6971/6997/2938 6970/6996/2938
f 6971/6997/2978 6959/6985/2978 6958/6984/2978
f 6958/6984/2979 6972/6998/2979 6971/6997/2979
f 6972/6998/2936 6958/6984/2936 6965/6991/2936
f 6965/6991/2936 6973/6999/2936 6972/6998/2936
f 6974/7000/2922 6975/7001/2922 6976/7002/2922
f 6976/7002/2922 6977/7003/2922 6978/7004/2922
f 6974/7000/2922 6976/7002/2922 6978/7004/2922
f 6978/7004/2922 6979/7005/2922 6980/7006/2922
f 6974/7000/2922 6978/7004/2922 6980/7006/2922
f 6981/7007/2922 6974/7000/2922 6980/7006/2922
f 6982/7008/2923 6983/7009/2923 6984/7010/2923
f 6984/7010/2923 6985/7011/2923 6986/7012/2923
f 6986/7012/2923 6987/7013/2923 6988/7014/2923
f 6984/7010/2923 6986/7012/2923 6988/7014/2923
f 6982/7008/2923 6984/7010/2923 6988/7014/2923
f 6989/7015/2923 6982/7008/2923 6988/7014/2923
f 6974/7000/2924 6981/7007/2924 6990/7016/2924
f 6990/7016/2924 6991/7017/2924 6974/7000/2924
f 6976/7002/2927 6975/7001/2927 6992/7018/2927
f 6992/7018/2927 6993/7019/2927 6976/7002/2927
f 6978/7004/2926 6977/7003/2926 6994/7020/2926
f 6994/7020/2926 6995/7021/2926 6978/7004/2926
f 6980/7006/2925 6979/7005/2925 6996/7022/2925
f 6996/7022/2925 6997/7023/2925 6980/7006/2925
f 6991/7017/2964 6992/7018/2980 6975/7001/2964
f 6975/7001/2964 6974/7000/2964 6991/7017/2964
f 6981/7007/2966 6980/7006/2966 6997/7023/2966
f 6997/7023/2966 6990/7016/2966 6981/7007/2966
f 6993/7019/2968 6994/7020/2968 6977/7003/2968
f 6977/7003/2968 6976/7002/2968 6993/7019/2968
f 6995/7021/2969 6996/7022/2969 6979/7005/2969
f 6979/7005/2969 6978/7004/2969 6995/7021/2969
f 6997/7023/2970 6989/7015/2981 6988/7014/2982
f 6988/7014/2982 6990/7016/2973 6997/7023/2970
f 6990/7016/2934 6988/7014/2934 6987/7013/2934
f 6987/7013/2934 6991/7017/2934 6990/7016/2934
f 6991/7017/2983 6987/7013/2983 6986/7012/2983
f 6986/7012/2984 6992/7018/2984 6991/7017/2984
f 6992/7018/2985 6986/7012/2941 6985/7011/2986
f 6985/7011/2986 6993/7019/2986 6992/7018/2985
f 6993/7019/2987 6985/7011/2987 6984/7010/2987
f 6984/7010/2977 6994/7020/2977 6993/7019/2977
f 6994/7020/2938 6984/7010/2938 6983/7009/2938
f 6983/7009/2938 6995/7021/2938 6994/7020/2938
f 6995/7021/2978 6983/7009/2978 6982/7008/2978
f 6982/7008/2979 6996/7022/2979 6995/7021/2979
f 6996/7022/2936 6982/7008/2936 6989/7015/2936
f 6989/7015/2936 6997/7023/2936 6996/7022/2936
f 6998/7024/2922 6999/7025/2922 7000/7026/2922
f 7000/7026/2922 7001/7027/2922 7002/7028/2922
f 6998/7024/2922 7000/7026/2922 7002/7028/2922
f 7002/7028/2922 7003/7029/2922 7004/7030/2922
f 6998/7024/2922 7002/7028/2922 7004/7030/2922
f 7005/7031/2922 6998/7024/2922 7004/7030/2922
f 7006/7032/2923 7007/7033/2923 7008/7034/2923
f 7008/7034/2923 7009/7035/2923 7010/7036/2923
f 7010/7036/2923 7011/7037/2923 7012/7038/2923
f 7008/7034/2923 7010/7036/2923 7012/7038/2923
f 7006/7032/2923 7008/7034/2923 7012/7038/2923
f 7013/7039/2923 7006/7032/2923 7012/7038/2923
f 6998/7024/2924 7005/7031/2924 7014/7040/2924
f 7014/7040/2924 7015/7041/2924 6998/7024/2924
f 7000/7026/2927 6999/7025/2927 7016/7042/2927
f 7016/7042/2927 7017/7043/2927 7000/7026/2927
f 7002/7028/2926 7001/7027/2926 7018/7044/2926
f 7018/7044/2926 7019/7045/2926 7002/7028/2926
f 7004/7030/2925 7003/7029/2925 7020/7046/2925
f 7020/7046/2925 7021/7047/2925 7004/7030/2925
f 7015/7041/2965 7016/7042/2964 6999/7025/2964
f 6999/7025/2964 6998/7024/2965 7015/7041/2965
f 7005/7031/2966 7004/7030/2966 7021/7047/2966
f 7021/7047/2966 7014/7040/2966 7005/7031/2966
f 7017/7043/2967 7018/7044/2967 7001/7027/2967
f 7001/7027/2967 7000/7026/2968 7017/7043/2967
f 7019/7045/2969 7020/7046/2969 7003/7029/2969
f 7003/7029/2969 7002/7028/2969 7019/7045/2969
f 7021/7047/2970 7013/7039/2981 7012/7038/2982
f 7012/7038/2982 7014/7040/2973 7021/7047/2970
f 7014/7040/2934 7012/7038/2934 7011/7037/2934
f 7011/7037/2934 7015/7041/2934 7014/7040/2934
f 7015/7041/2983 7011/7037/2983 7010/7036/2983
f 7010/7036/2988 7016/7042/2988 7015/7041/2988
f 7016/7042/2941 7010/7036/2941 7009/7035/2941
f 7009/7035/2941 7017/7043/2941 7016/7042/2941
f 7017/7043/2989 7009/7035/2989 7008/7034/2989
f 7008/7034/2977 7018/7044/2977 7017/7043/2977
f 7018/7044/2938 7008/7034/2938 7007/7033/2938
f 7007/7033/2938 7019/7045/2938 7018/7044/2938
f 7019/7045/2990 7007/7033/2990 7006/7032/2990
f 7006/7032/2991 7020/7046/2991 7019/7045/2991
f 7020/7046/2936 7006/7032/2936 7013/7039/2936
f 7013/7039/2936 7021/7047/2936 7020/7046/2936
f 7022/7048/2922 7023/7049/2922 7024/7050/2922
f 7024/7050/2922 7025/7051/2922 7026/7052/2922
f 7026/7052/2922 7027/7053/2922 7028/7054/2922
f 7024/7050/2922 7026/7052/2922 7028/7054/2922
f 7022/7048/2922 7024/7050/2922 7028/7054/2922
f 7029/7055/2922 7022/7048/2922 7028/7054/2922
f 7030/7056/2923 7031/7057/2923 7032/7058/2923
f 7032/7058/2923 7033/7059/2923 7034/7060/2923
f 7030/7056/2923 7032/7058/2923 7034/7060/2923
f 7034/7060/2923 7035/7061/2923 7036/7062/2923
f 7030/7056/2923 7034/7060/2923 7036/7062/2923
f 7037/7063/2923 7030/7056/2923 7036/7062/2923
f 7028/7054/2924 7038/7064/2924 7039/7065/2924
f 7039/7065/2924 7029/7055/2924 7028/7054/2924
f 7026/7052/2925 7040/7066/2925 7041/7067/2925
f 7041/7067/2925 7027/7053/2925 7026/7052/2925
f 7024/7050/2926 7042/7068/2926 7043/7069/2926
f 7043/7069/2926 7025/7051/2926 7024/7050/2926
f 7022/7048/2927 7044/7070/2927 7045/7071/2927
f 7045/7071/2927 7023/7049/2927 7022/7048/2927
f 7038/7064/2944 7028/7054/2944 7027/7053/2943
f 7027/7053/2943 7041/7067/2943 7038/7064/2944
f 7029/7055/2945 7039/7065/2945 7044/7070/2945
f 7044/7070/2945 7022/7048/2945 7029/7055/2945
f 7040/7066/2946 7026/7052/2947 7025/7051/2946
f 7025/7051/2946 7043/7069/2946 7040/7066/2946
f 7042/7068/2948 7024/7050/2948 7023/7049/2948
f 7023/7049/2948 7045/7071/2948 7042/7068/2948
f 7044/7070/2949 7039/7065/2950 7030/7056/2960
f 7030/7056/2960 7037/7063/2992 7044/7070/2949
f 7039/7065/2934 7038/7064/2934 7031/7057/2934
f 7031/7057/2934 7030/7056/2934 7039/7065/2934
f 7038/7064/2953 7041/7067/2953 7032/7058/2953
f 7032/7058/2993 7031/7057/2993 7038/7064/2993
f 7041/7067/2936 7040/7066/2936 7033/7059/2936
f 7033/7059/2936 7032/7058/2936 7041/7067/2936
f 7040/7066/2994 7043/7069/2994 7034/7060/2994
f 7034/7060/2956 7033/7059/2956 7040/7066/2956
f 7043/7069/2938 7042/7068/2938 7035/7061/2938
f 7035/7061/2938 7034/7060/2938 7043/7069/2938
f 7042/7068/2957 7045/7071/2957 7036/7062/2957
f 7036/7062/2963 7035/7061/2963 7042/7068/2963
f 7045/7071/2941 7044/7070/2985 7037/7063/2941
f 7037/7063/2941 7036/7062/2941 7045/7071/2941
f 7046/7072/2922 7047/7073/2922 7048/7074/2922
f 7048/7074/2922 7049/7075/2922 7046/7072/2922
f 7050/7076/2923 7051/7077/2923 7052/7078/2923
f 7052/7078/2923 7053/7079/2923 7050/7076/2923
f 7054/7080/2924 7055/7081/2924 7048/7074/2924
f 7048/7074/2924 7047/7082/2924 7054/7080/2924
f 7056/7083/2925 7054/7084/2925 7047/7082/2925
f 7047/7082/2925 7046/7085/2925 7056/7083/2925
f 7057/7086/2926 7056/7083/2926 7046/7085/2926
f 7046/7085/2926 7049/7075/2926 7057/7086/2926
f 7055/7087/2927 7057/7086/2927 7049/7075/2927
f 7049/7075/2927 7048/7074/2927 7055/7087/2927
f 7055/7087/2995 7054/7084/2995 7053/7079/2995
f 7053/7079/2995 7052/7078/2995 7055/7087/2995
f 7054/7084/2996 7056/7083/2996 7050/7076/2996
f 7050/7076/2996 7053/7079/2996 7054/7084/2996
f 7056/7083/2997 7057/7086/2997 7051/7077/2997
f 7051/7077/2997 7050/7076/2997 7056/7083/2997
f 7057/7086/2998 7055/7087/2998 7052/7078/2998
f 7052/7078/2998 7051/7077/2998 7057/7086/2998
f 7058/7088/2922 7059/7089/2922 7060/7090/2922
f 7060/7090/2922 7061/7091/2922 7058/7088/2922
f 7062/7092/2923 7063/7093/2923 7064/7094/2923
f 7064/7094/2923 7065/7095/2923 7062/7092/2923
f 7066/7096/2924 7067/7097/2924 7060/7090/2924
f 7060/7090/2924 7059/7089/2924 7066/7096/2924
f 7068/7098/2925 7066/7096/2925 7059/7089/2925
f 7059/7089/2925 7058/7088/2925 7068/7098/2925
f 7069/7099/2926 7068/7098/2926 7058/7088/2926
f 7058/7088/2926 7061/7091/2926 7069/7099/2926
f 7067/7097/2927 7069/7099/2927 7061/7091/2927
f 7061/7091/2927 7060/7090/2927 7067/7097/2927
f 7070/7100/2923 7071/7101/2923 7072/7102/2923
f 7072/7102/2923 7073/7103/2923 7070/7100/2923
f 7071/7101/2923 7074/7104/2923 7075/7105/2923
f 7075/7105/2923 7072/7102/2923 7071/7101/2923
f 7074/7104/2923 7076/7106/2923 7077/7107/2923
f 7077/7107/2923 7075/7105/2923 7074/7104/2923
f 7076/7106/2923 7070/7100/2923 7073/7103/2923
f 7073/7103/2923 7077/7107/2923 7076/7106/2923
f 7078/7108/2999 7079/7109/2999 7065/7095/2999
f 7065/7095/2999 7064/7094/2999 7078/7108/2999
f 7079/7109/3000 7080/7110/3000 7062/7092/3000
f 7062/7092/3000 7065/7095/3000 7079/7109/3000
f 7080/7110/3001 7081/7111/3001 7063/7093/3001
f 7063/7093/3001 7062/7092/3001 7080/7110/3001
f 7081/7111/3002 7078/7108/3002 7064/7094/3002
f 7064/7094/3002 7063/7093/3002 7081/7111/3002
f 7067/7097/3003 7066/7096/3003 7071/7101/3003
f 7071/7101/3003 7070/7100/3003 7067/7097/3003
f 7066/7096/3004 7068/7098/3004 7074/7104/3004
f 7074/7104/3004 7071/7101/3004 7066/7096/3004
f 7068/7098/3005 7069/7099/3005 7076/7106/3005
f 7076/7106/3005 7074/7104/3005 7068/7098/3005
f 7069/7099/3006 7067/7097/3006 7070/7100/3006
f 7070/7100/3006 7076/7106/3006 7069/7099/3006
f 7079/7109/3005 7078/7108/3005 7073/7103/3005
f 7073/7103/3005 7072/7102/3005 7079/7109/3005
f 7078/7108/3004 7081/7111/3004 7077/7107/3004
f 7077/7107/3004 7073/7103/3004 7078/7108/3004
f 7081/7111/3003 7080/7110/3003 7075/7105/3003
f 7075/7105/3003 7077/7107/3003 7081/7111/3003
f 7080/7110/3006 7079/7109/3006 7072/7102/3006
f 7072/7102/3006 7075/7105/3006 7080/7110/3006
f 7082/7112/2922 7083/7113/2922 7084/7114/2922
f 7084/7114/2922 7085/7115/2922 7082/7112/2922
f 7086/7116/2923 7087/7117/2923 7088/7118/2923
f 7088/7118/2923 7089/7119/2923 7086/7116/2923
f 7084/7114/2924 7090/7120/2924 7091/7121/2924
f 7091/7121/2924 7085/7115/2924 7084/7114/2924
f 7092/7122/2925 7090/7123/2925 7084/7124/2925
f 7084/7124/2925 7083/7125/2925 7092/7122/2925
f 7082/7112/2926 7093/7126/2926 7092/7127/2926
f 7092/7127/2926 7083/7113/2926 7082/7112/2926
f 7091/7128/2927 7093/7129/2927 7082/7130/2927
f 7082/7130/2927 7085/7131/2927 7091/7128/2927
f 7091/7128/3007 7090/7123/3007 7087/7117/3007
f 7087/7117/3007 7086/7116/3007 7091/7128/3007
f 7090/7123/3008 7092/7122/3009 7088/7118/3009
f 7088/7118/3009 7087/7117/3008 7090/7123/3008
f 7092/7122/3010 7093/7129/3010 7089/7119/3010
f 7089/7119/3010 7088/7118/3010 7092/7122/3010
f 7093/7129/3011 7091/7128/3011 7086/7116/3011
f 7086/7116/3011 7089/7119/3011 7093/7129/3011
f 7094/7132/2922 7095/7133/2922 7096/7134/2922
f 7096/7134/2922 7097/7135/2922 7094/7132/2922
f 7098/7136/2923 7099/7137/2923 7100/7138/2923
f 7100/7138/2923 7101/7139/2923 7098/7136/2923
f 7096/7134/2924 7102/7140/2924 7103/7141/2924
f 7103/7141/2924 7097/7135/2924 7096/7134/2924
f 7104/7142/2925 7102/7143/2925 7096/7134/2925
f 7096/7134/2925 7095/7133/2925 7104/7142/2925
f 7094/7132/2926 7105/7144/2926 7104/7142/2926
f 7104/7142/2926 7095/7133/2926 7094/7132/2926
f 7103/7145/2927 7105/7144/2927 7094/7146/2927
f 7094/7146/2927 7097/7147/2927 7103/7145/2927
f 7103/7141/3007 7102/7140/3007 7099/7137/3007
f 7099/7137/3007 7098/7136/3007 7103/7141/3007
f 7102/7140/3009 7104/7148/3009 7100/7138/3009
f 7100/7138/3009 7099/7137/3008 7102/7140/3009
f 7104/7148/3010 7105/7149/3010 7101/7139/3010
f 7101/7139/3010 7100/7138/3010 7104/7148/3010
f 7105/7149/3012 7103/7141/3011 7098/7136/3011
f 7098/7136/3011 7101/7139/3012 7105/7149/3012
f 7106/7150/2922 7107/7151/2922 7108/7152/2922
f 7108/7152/2922 7109/7153/2922 7106/7150/2922
f 7110/7154/2923 7111/7155/2923 7112/7156/2923
f 7112/7156/2923 7113/7157/2923 7110/7154/2923
f 7108/7158/2924 7114/7159/2924 7115/7160/2924
f 7115/7160/2924 7109/7161/2924 7108/7158/2924
f 7116/7162/2925 7114/7159/2925 7108/7158/2925
f 7108/7158/2925 7107/7163/2925 7116/7162/2925
f 7106/7164/2926 7117/7165/2926 7116/7162/2926
f 7116/7162/2926 7107/7163/2926 7106/7164/2926
f 7115/7166/2927 7117/7167/2927 7106/7150/2927
f 7106/7150/2927 7109/7153/2927 7115/7166/2927
f 7115/7166/3007 7114/7168/3007 7111/7155/3007
f 7111/7155/3007 7110/7154/3007 7115/7166/3007
f 7114/7168/3008 7116/7169/3009 7112/7156/3009
f 7112/7156/3009 7111/7155/3008 7114/7168/3008
f 7116/7169/3010 7117/7167/3010 7113/7157/3010
f 7113/7157/3010 7112/7156/3010 7116/7169/3010
f 7117/7167/3012 7115/7166/3011 7110/7154/3011
f 7110/7154/3011 7113/7157/3012 7117/7167/3012
