# truck_01 from LowPoly_Cars_01 (cluster 1); origin=ground center, front=+Z, meters
v 1.4432 4.2938 3.0296
v 1.4432 4.4165 3.0296
v 1.4432 4.4165 2.7510
v 1.4432 4.2938 2.7510
v 1.5128 4.3028 3.0206
v 1.5128 4.3028 2.7601
v 1.5128 4.4075 2.7601
v 1.5128 4.4075 3.0206
v 1.5028 4.2938 2.7510
v 1.5028 4.2938 3.0296
v 1.5028 4.4165 2.7510
v 1.5028 4.4165 3.0296
v 1.4432 4.2938 -6.5884
v 1.4432 4.4165 -6.5884
v 1.4432 4.4165 -6.8670
v 1.4432 4.2938 -6.8670
v 1.5128 4.3028 -6.5974
v 1.5128 4.3028 -6.8580
v 1.5128 4.4075 -6.8580
v 1.5128 4.4075 -6.5974
v 1.5028 4.2938 -6.8670
v 1.5028 4.2938 -6.5884
v 1.5028 4.4165 -6.8670
v 1.5028 4.4165 -6.5884
v 1.4432 2.0218 -6.5884
v 1.4432 2.1445 -6.5884
v 1.4432 2.1445 -6.8670
v 1.4432 2.0218 -6.8670
v 1.5128 2.0308 -6.5974
v 1.5128 2.0308 -6.8580
v 1.5128 2.1355 -6.8580
v 1.5128 2.1355 -6.5974
v 1.5028 2.0218 -6.8670
v 1.5028 2.0218 -6.5884
v 1.5028 2.1445 -6.8670
v 1.5028 2.1445 -6.5884
v -1.5241 4.2938 -6.5884
v -1.5241 4.2938 -6.8670
v -1.5241 4.4165 -6.8670
v -1.5241 4.4165 -6.5884
v -1.5936 4.3028 -6.5974
v -1.5936 4.4075 -6.5974
v -1.5936 4.4075 -6.8580
v -1.5936 4.3028 -6.8580
v -1.5836 4.2938 -6.5884
v -1.5836 4.2938 -6.8670
v -1.5836 4.4165 -6.8670
v -1.5836 4.4165 -6.5884
v -1.5241 4.2938 3.0296
v -1.5241 4.2938 2.7510
v -1.5241 4.4165 2.7510
v -1.5241 4.4165 3.0296
v -1.5936 4.3028 3.0206
v -1.5936 4.4075 3.0206
v -1.5936 4.4075 2.7601
v -1.5936 4.3028 2.7601
v -1.5836 4.2938 3.0296
v -1.5836 4.2938 2.7510
v -1.5836 4.4165 2.7510
v -1.5836 4.4165 3.0296
v -1.5241 2.0218 -6.5884
v -1.5241 2.0218 -6.8670
v -1.5241 2.1445 -6.8670
v -1.5241 2.1445 -6.5884
v -1.5936 2.0308 -6.5974
v -1.5936 2.1355 -6.5974
v -1.5936 2.1355 -6.8580
v -1.5936 2.0308 -6.8580
v -1.5836 2.0218 -6.5884
v -1.5836 2.0218 -6.8670
v -1.5836 2.1445 -6.8670
v -1.5836 2.1445 -6.5884
v 0.7268 1.6281 3.7942
v 0.7268 2.3167 3.7942
v 0.7268 2.2993 3.8362
v 0.7268 1.6455 3.8362
v 0.7168 1.6488 3.8442
v 0.7168 2.2960 3.8442
v 0.5731 2.2960 3.8442
v 0.5731 1.6488 3.8442
v 0.5631 1.6455 3.8362
v 0.5631 2.2993 3.8362
v 0.5631 2.3167 3.7942
v 0.5631 1.6281 3.7942
v 0.5731 1.6248 3.5624
v 0.5731 2.3200 3.5624
v 0.7168 2.3200 3.5624
v 0.7168 1.6248 3.5624
v 0.7268 2.4010 3.8785
v 0.7268 2.3590 3.8959
v 0.7168 2.3510 3.8992
v 0.5731 2.3510 3.8992
v 0.5631 2.3590 3.8959
v 0.5631 2.4010 3.8785
v 0.5731 2.3200 3.7862
v 0.5731 2.4090 3.8752
v 0.7168 2.4090 3.8752
v 0.7168 2.3200 3.7862
v 0.7268 2.4010 4.2029
v 0.7268 2.3590 4.1856
v 0.7168 2.3510 4.1822
v 0.5731 2.3510 4.1822
v 0.5631 2.3590 4.1856
v 0.5631 2.4010 4.2029
v 0.7268 2.3167 4.2872
v 0.7268 2.2993 4.2453
v 0.7168 2.2960 4.2373
v 0.5731 2.2960 4.2373
v 0.5631 2.2993 4.2453
v 0.5631 2.3167 4.2872
v 0.5731 2.4090 4.2063
v 0.5731 2.3200 4.2953
v 0.7168 2.3200 4.2953
v 0.7168 2.4090 4.2063
v 0.7268 1.6281 4.2872
v 0.7268 1.6455 4.2453
v 0.7168 1.6488 4.2373
v 0.5731 1.6488 4.2373
v 0.5631 1.6455 4.2453
v 0.5631 1.6281 4.2872
v 0.5731 1.6248 4.2953
v 0.7168 1.6248 4.2953
v 0.7268 1.5438 4.2029
v 0.7268 1.5857 4.1856
v 0.7168 1.5938 4.1822
v 0.5731 1.5938 4.1822
v 0.5631 1.5857 4.1856
v 0.5631 1.5438 4.2029
v 0.5731 1.5358 4.2063
v 0.7168 1.5358 4.2063
v 0.7268 1.5438 3.8785
v 0.7268 1.5857 3.8959
v 0.7168 1.5938 3.8992
v 0.5731 1.5938 3.8992
v 0.5631 1.5857 3.8959
v 0.5631 1.5438 3.8785
v 0.5731 1.5358 3.8752
v 0.7168 1.5358 3.8752
v 0.5731 1.6248 3.7862
v 0.7168 1.6248 3.7862
v -0.4740 1.6281 3.7942
v -0.4740 2.3167 3.7942
v -0.4740 2.2993 3.8362
v -0.4740 1.6455 3.8362
v -0.4840 1.6488 3.8442
v -0.4840 2.2960 3.8442
v -0.6277 2.2960 3.8442
v -0.6277 1.6488 3.8442
v -0.6377 1.6455 3.8362
v -0.6377 2.2993 3.8362
v -0.6377 2.3167 3.7942
v -0.6377 1.6281 3.7942
v -0.6277 1.6248 3.5624
v -0.6277 2.3200 3.5624
v -0.4840 2.3200 3.5624
v -0.4840 1.6248 3.5624
v -0.4740 2.4010 3.8785
v -0.4740 2.3590 3.8959
v -0.4840 2.3510 3.8992
v -0.6277 2.3510 3.8992
v -0.6377 2.3590 3.8959
v -0.6377 2.4010 3.8785
v -0.6277 2.3200 3.7862
v -0.6277 2.4090 3.8752
v -0.4840 2.4090 3.8752
v -0.4840 2.3200 3.7862
v -0.4740 2.4010 4.2029
v -0.4740 2.3590 4.1856
v -0.4840 2.3510 4.1822
v -0.6277 2.3510 4.1822
v -0.6377 2.3590 4.1856
v -0.6377 2.4010 4.2029
v -0.4740 2.3167 4.2872
v -0.4740 2.2993 4.2453
v -0.4840 2.2960 4.2373
v -0.6277 2.2960 4.2373
v -0.6377 2.2993 4.2453
v -0.6377 2.3167 4.2872
v -0.6277 2.4090 4.2063
v -0.6277 2.3200 4.2953
v -0.4840 2.3200 4.2953
v -0.4840 2.4090 4.2063
v -0.4740 1.6281 4.2872
v -0.4740 1.6455 4.2453
v -0.4840 1.6488 4.2373
v -0.6277 1.6488 4.2373
v -0.6377 1.6455 4.2453
v -0.6377 1.6281 4.2872
v -0.6277 1.6248 4.2953
v -0.4840 1.6248 4.2953
v -0.4740 1.5438 4.2029
v -0.4740 1.5857 4.1856
v -0.4840 1.5938 4.1822
v -0.6277 1.5938 4.1822
v -0.6377 1.5857 4.1856
v -0.6377 1.5438 4.2029
v -0.6277 1.5358 4.2063
v -0.4840 1.5358 4.2063
v -0.4740 1.5438 3.8785
v -0.4740 1.5857 3.8959
v -0.4840 1.5938 3.8992
v -0.6277 1.5938 3.8992
v -0.6377 1.5857 3.8959
v -0.6377 1.5438 3.8785
v -0.6277 1.5358 3.8752
v -0.4840 1.5358 3.8752
v -0.6277 1.6248 3.7862
v -0.4840 1.6248 3.7862
v 0.7268 2.7204 3.7942
v 0.7268 3.4060 3.7942
v 0.7268 3.3887 3.8362
v 0.7268 2.7378 3.8362
v 0.7168 2.7411 3.8442
v 0.7168 3.3853 3.8442
v 0.5731 3.3853 3.8442
v 0.5731 2.7411 3.8442
v 0.5631 2.7378 3.8362
v 0.5631 3.3887 3.8362
v 0.5631 3.4060 3.7942
v 0.5631 2.7204 3.7942
v 0.5731 2.7171 3.5624
v 0.5731 3.4094 3.5624
v 0.7168 3.4094 3.5624
v 0.7168 2.7171 3.5624
v 0.7268 3.4903 3.8785
v 0.7268 3.4484 3.8959
v 0.7168 3.4404 3.8992
v 0.5731 3.4404 3.8992
v 0.5631 3.4484 3.8959
v 0.5631 3.4903 3.8785
v 0.5731 3.4094 3.7862
v 0.5731 3.4984 3.8752
v 0.7168 3.4984 3.8752
v 0.7168 3.4094 3.7862
v 0.7268 3.4903 4.2029
v 0.7268 3.4484 4.1856
v 0.7168 3.4404 4.1822
v 0.5731 3.4404 4.1822
v 0.5631 3.4484 4.1856
v 0.5631 3.4903 4.2029
v 0.5731 3.4984 4.2063
v 0.7168 3.4984 4.2063
v 0.7268 3.4060 4.2872
v 0.7268 3.3887 4.2453
v 0.7168 3.3853 4.2373
v 0.5731 3.3853 4.2373
v 0.5631 3.3887 4.2453
v 0.5631 3.4060 4.2872
v 0.5731 3.4094 4.2953
v 0.7168 3.4094 4.2953
v 0.7268 2.7204 4.2872
v 0.7268 2.7378 4.2453
v 0.7168 2.7411 4.2373
v 0.5731 2.7411 4.2373
v 0.5631 2.7378 4.2453
v 0.5631 2.7204 4.2872
v 0.5731 2.7171 4.2953
v 0.7168 2.7171 4.2953
v 0.7268 2.6361 4.2029
v 0.7268 2.6780 4.1856
v 0.7168 2.6861 4.1822
v 0.5731 2.6861 4.1822
v 0.5631 2.6780 4.1856
v 0.5631 2.6361 4.2029
v 0.5731 2.6281 4.2063
v 0.7168 2.6281 4.2063
v 0.7268 2.6361 3.8785
v 0.7268 2.6780 3.8959
v 0.7168 2.6861 3.8992
v 0.5731 2.6861 3.8992
v 0.5631 2.6780 3.8959
v 0.5631 2.6361 3.8785
v 0.5731 2.6281 3.8752
v 0.5731 2.7171 3.7862
v 0.7168 2.7171 3.7862
v 0.7168 2.6281 3.8752
v -0.4740 2.7204 3.7942
v -0.4740 3.4060 3.7942
v -0.4740 3.3887 3.8362
v -0.4740 2.7378 3.8362
v -0.4840 2.7411 3.8442
v -0.4840 3.3853 3.8442
v -0.6277 3.3853 3.8442
v -0.6277 2.7411 3.8442
v -0.6377 2.7378 3.8362
v -0.6377 3.3887 3.8362
v -0.6377 3.4060 3.7942
v -0.6377 2.7204 3.7942
v -0.6277 2.7171 3.5624
v -0.6277 3.4094 3.5624
v -0.4840 3.4094 3.5624
v -0.4840 2.7171 3.5624
v -0.4740 3.4903 3.8785
v -0.4740 3.4484 3.8959
v -0.4840 3.4404 3.8992
v -0.6277 3.4404 3.8992
v -0.6377 3.4484 3.8959
v -0.6377 3.4903 3.8785
v -0.6277 3.4094 3.7862
v -0.6277 3.4984 3.8752
v -0.4840 3.4984 3.8752
v -0.4840 3.4094 3.7862
v -0.4740 3.4903 4.2029
v -0.4740 3.4484 4.1856
v -0.4840 3.4404 4.1822
v -0.6277 3.4404 4.1822
v -0.6377 3.4484 4.1856
v -0.6377 3.4903 4.2029
v -0.6277 3.4984 4.2063
v -0.4840 3.4984 4.2063
v -0.4740 3.4060 4.2872
v -0.4740 3.3887 4.2453
v -0.4840 3.3853 4.2373
v -0.6277 3.3853 4.2373
v -0.6377 3.3887 4.2453
v -0.6377 3.4060 4.2872
v -0.6277 3.4094 4.2953
v -0.4840 3.4094 4.2953
v -0.4740 2.7204 4.2872
v -0.4740 2.7378 4.2453
v -0.4840 2.7411 4.2373
v -0.6277 2.7411 4.2373
v -0.6377 2.7378 4.2453
v -0.6377 2.7204 4.2872
v -0.6277 2.7171 4.2953
v -0.4840 2.7171 4.2953
v -0.4740 2.6361 4.2029
v -0.4740 2.6780 4.1856
v -0.4840 2.6861 4.1822
v -0.6277 2.6861 4.1822
v -0.6377 2.6780 4.1856
v -0.6377 2.6361 4.2029
v -0.6277 2.6281 4.2063
v -0.4840 2.6281 4.2063
v -0.4740 2.6361 3.8785
v -0.4740 2.6780 3.8959
v -0.4840 2.6861 3.8992
v -0.6277 2.6861 3.8992
v -0.6377 2.6780 3.8959
v -0.6377 2.6361 3.8785
v -0.6277 2.6281 3.8752
v -0.6277 2.7171 3.7862
v -0.4840 2.7171 3.7862
v -0.4840 2.6281 3.8752
v 1.2817 1.5101 2.9015
v 0.5573 1.5101 2.9015
v 0.5746 1.4682 2.9015
v 1.2644 1.4682 2.9015
v 1.2610 1.4602 2.8915
v 0.5780 1.4602 2.8915
v 0.5780 1.4602 2.7477
v 1.2610 1.4602 2.7477
v 1.2644 1.4682 2.7377
v 0.5746 1.4682 2.7377
v 0.5573 1.5101 2.7377
v 1.2817 1.5101 2.7377
v 1.2851 1.5441 2.7477
v 0.5539 1.5441 2.7477
v 0.5539 1.5441 2.8915
v 1.2851 1.5441 2.8915
v 0.4730 1.4258 2.9015
v 0.5149 1.4085 2.9015
v 0.5229 1.4051 2.8915
v 0.5229 1.4051 2.7477
v 0.5149 1.4085 2.7377
v 0.4730 1.4258 2.7377
v 0.5539 1.5182 2.7477
v 0.4649 1.4292 2.7477
v 0.4649 1.4292 2.8915
v 0.5539 1.5182 2.8915
v 0.4730 1.1014 2.9015
v 0.5149 1.1188 2.9015
v 0.5229 1.1221 2.8915
v 0.5229 1.1221 2.7477
v 0.5149 1.1188 2.7377
v 0.4730 1.1014 2.7377
v 0.5573 1.0171 2.9015
v 0.5746 1.0590 2.9015
v 0.5780 1.0671 2.8915
v 0.5780 1.0671 2.7477
v 0.5746 1.0590 2.7377
v 0.5573 1.0171 2.7377
v 0.4649 1.0981 2.7477
v 0.5539 1.0091 2.7477
v 0.5539 1.0091 2.8915
v 0.4649 1.0981 2.8915
v 1.2817 1.0171 2.9015
v 1.2644 1.0590 2.9015
v 1.2610 1.0671 2.8915
v 1.2610 1.0671 2.7477
v 1.2644 1.0590 2.7377
v 1.2817 1.0171 2.7377
v 1.2851 1.0091 2.7477
v 1.2851 1.0091 2.8915
v 1.3660 1.1014 2.9015
v 1.3241 1.1188 2.9015
v 1.3161 1.1221 2.8915
v 1.3161 1.1221 2.7477
v 1.3241 1.1188 2.7377
v 1.3660 1.1014 2.7377
v 1.3741 1.0981 2.7477
v 1.3741 1.0981 2.8915
v 1.3660 1.4258 2.9015
v 1.3241 1.4085 2.9015
v 1.3161 1.4051 2.8915
v 1.3161 1.4051 2.7477
v 1.3241 1.4085 2.7377
v 1.3660 1.4258 2.7377
v 1.3741 1.4292 2.7477
v 1.3741 1.4292 2.8915
v 1.2851 1.5182 2.7477
v 1.2851 1.5182 2.8915
v 1.2817 1.5101 1.0686
v 0.5573 1.5101 1.0686
v 0.5746 1.4682 1.0686
v 1.2644 1.4682 1.0686
v 1.2610 1.4602 1.0586
v 0.5780 1.4602 1.0586
v 0.5780 1.4602 0.9149
v 1.2610 1.4602 0.9149
v 1.2644 1.4682 0.9049
v 0.5746 1.4682 0.9049
v 0.5573 1.5101 0.9049
v 1.2817 1.5101 0.9049
v 1.2851 1.5441 0.9149
v 0.5539 1.5441 0.9149
v 0.5539 1.5441 1.0586
v 1.2851 1.5441 1.0586
v 0.4730 1.4258 1.0686
v 0.5149 1.4085 1.0686
v 0.5229 1.4051 1.0586
v 0.5229 1.4051 0.9149
v 0.5149 1.4085 0.9049
v 0.4730 1.4258 0.9049
v 0.5539 1.5182 0.9149
v 0.4649 1.4292 0.9149
v 0.4649 1.4292 1.0586
v 0.5539 1.5182 1.0586
v 0.4730 1.1014 1.0686
v 0.5149 1.1188 1.0686
v 0.5229 1.1221 1.0586
v 0.5229 1.1221 0.9149
v 0.5149 1.1188 0.9049
v 0.4730 1.1014 0.9049
v 0.5573 1.0171 1.0686
v 0.5746 1.0590 1.0686
v 0.5780 1.0671 1.0586
v 0.5780 1.0671 0.9149
v 0.5746 1.0590 0.9049
v 0.5573 1.0171 0.9049
v 0.4649 1.0981 0.9149
v 0.5539 1.0091 0.9149
v 0.5539 1.0091 1.0586
v 0.4649 1.0981 1.0586
v 1.2817 1.0171 1.0686
v 1.2644 1.0590 1.0686
v 1.2610 1.0671 1.0586
v 1.2610 1.0671 0.9149
v 1.2644 1.0590 0.9049
v 1.2817 1.0171 0.9049
v 1.2851 1.0091 0.9149
v 1.2851 1.0091 1.0586
v 1.3660 1.1014 1.0686
v 1.3241 1.1188 1.0686
v 1.3161 1.1221 1.0586
v 1.3161 1.1221 0.9149
v 1.3241 1.1188 0.9049
v 1.3660 1.1014 0.9049
v 1.3741 1.0981 0.9149
v 1.3741 1.0981 1.0586
v 1.3660 1.4258 1.0686
v 1.3241 1.4085 1.0686
v 1.3161 1.4051 1.0586
v 1.3161 1.4051 0.9149
v 1.3241 1.4085 0.9049
v 1.3660 1.4258 0.9049
v 1.3741 1.4292 0.9149
v 1.3741 1.4292 1.0586
v 1.2851 1.5182 0.9149
v 1.2851 1.5182 1.0586
v -0.6443 1.5101 2.9015
v -1.3688 1.5101 2.9015
v -1.3514 1.4682 2.9015
v -0.6617 1.4682 2.9015
v -0.6650 1.4602 2.8915
v -1.3481 1.4602 2.8915
v -1.3481 1.4602 2.7477
v -0.6650 1.4602 2.7477
v -0.6617 1.4682 2.7377
v -1.3514 1.4682 2.7377
v -1.3688 1.5101 2.7377
v -0.6443 1.5101 2.7377
v -0.6410 1.5441 2.7477
v -1.3721 1.5441 2.7477
v -1.3721 1.5441 2.8915
v -0.6410 1.5441 2.8915
v -1.4530 1.4258 2.9015
v -1.4111 1.4085 2.9015
v -1.4031 1.4051 2.8915
v -1.4031 1.4051 2.7477
v -1.4111 1.4085 2.7377
v -1.4530 1.4258 2.7377
v -1.3721 1.5182 2.7477
v -1.4611 1.4292 2.7477
v -1.4611 1.4292 2.8915
v -1.3721 1.5182 2.8915
v -1.4530 1.1014 2.9015
v -1.4111 1.1188 2.9015
v -1.4031 1.1221 2.8915
v -1.4031 1.1221 2.7477
v -1.4111 1.1188 2.7377
v -1.4530 1.1014 2.7377
v -1.4611 1.0981 2.7477
v -1.4611 1.0981 2.8915
v -1.3688 1.0171 2.9015
v -1.3514 1.0590 2.9015
v -1.3481 1.0671 2.8915
v -1.3481 1.0671 2.7477
v -1.3514 1.0590 2.7377
v -1.3688 1.0171 2.7377
v -1.3721 1.0091 2.7477
v -1.3721 1.0091 2.8915
v -0.6443 1.0171 2.9015
v -0.6617 1.0590 2.9015
v -0.6650 1.0671 2.8915
v -0.6650 1.0671 2.7477
v -0.6617 1.0590 2.7377
v -0.6443 1.0171 2.7377
v -0.6410 1.0091 2.7477
v -0.6410 1.0091 2.8915
v -0.5600 1.1014 2.9015
v -0.6019 1.1188 2.9015
v -0.6100 1.1221 2.8915
v -0.6100 1.1221 2.7477
v -0.6019 1.1188 2.7377
v -0.5600 1.1014 2.7377
v -0.5520 1.0981 2.7477
v -0.5520 1.0981 2.8915
v -0.5600 1.4258 2.9015
v -0.6019 1.4085 2.9015
v -0.6100 1.4051 2.8915
v -0.6100 1.4051 2.7477
v -0.6019 1.4085 2.7377
v -0.5600 1.4258 2.7377
v -0.5520 1.4292 2.7477
v -0.6410 1.5182 2.7477
v -0.6410 1.5182 2.8915
v -0.5520 1.4292 2.8915
v -0.6443 1.5101 1.0686
v -1.3688 1.5101 1.0686
v -1.3514 1.4682 1.0686
v -0.6617 1.4682 1.0686
v -0.6650 1.4602 1.0586
v -1.3481 1.4602 1.0586
v -1.3481 1.4602 0.9149
v -0.6650 1.4602 0.9149
v -0.6617 1.4682 0.9049
v -1.3514 1.4682 0.9049
v -1.3688 1.5101 0.9049
v -0.6443 1.5101 0.9049
v -0.6410 1.5441 0.9149
v -1.3721 1.5441 0.9149
v -1.3721 1.5441 1.0586
v -0.6410 1.5441 1.0586
v -1.4530 1.4258 1.0686
v -1.4111 1.4085 1.0686
v -1.4031 1.4051 1.0586
v -1.4031 1.4051 0.9149
v -1.4111 1.4085 0.9049
v -1.4530 1.4258 0.9049
v -1.3721 1.5182 0.9149
v -1.4611 1.4292 0.9149
v -1.4611 1.4292 1.0586
v -1.3721 1.5182 1.0586
v -1.4530 1.1014 1.0686
v -1.4111 1.1188 1.0686
v -1.4031 1.1221 1.0586
v -1.4031 1.1221 0.9149
v -1.4111 1.1188 0.9049
v -1.4530 1.1014 0.9049
v -1.4611 1.0981 0.9149
v -1.4611 1.0981 1.0586
v -1.3688 1.0171 1.0686
v -1.3514 1.0590 1.0686
v -1.3481 1.0671 1.0586
v -1.3481 1.0671 0.9149
v -1.3514 1.0590 0.9049
v -1.3688 1.0171 0.9049
v -1.3721 1.0091 0.9149
v -1.3721 1.0091 1.0586
v -0.6443 1.0171 1.0686
v -0.6617 1.0590 1.0686
v -0.6650 1.0671 1.0586
v -0.6650 1.0671 0.9149
v -0.6617 1.0590 0.9049
v -0.6443 1.0171 0.9049
v -0.6410 1.0091 0.9149
v -0.6410 1.0091 1.0586
v -0.5600 1.1014 1.0686
v -0.6019 1.1188 1.0686
v -0.6100 1.1221 1.0586
v -0.6100 1.1221 0.9149
v -0.6019 1.1188 0.9049
v -0.5600 1.1014 0.9049
v -0.5520 1.0981 0.9149
v -0.5520 1.0981 1.0586
v -0.5600 1.4258 1.0686
v -0.6019 1.4085 1.0686
v -0.6100 1.4051 1.0586
v -0.6100 1.4051 0.9149
v -0.6019 1.4085 0.9049
v -0.5600 1.4258 0.9049
v -0.5520 1.4292 0.9149
v -0.6410 1.5182 0.9149
v -0.6410 1.5182 1.0586
v -0.5520 1.4292 1.0586
v 1.0261 1.4017 3.0917
v 1.0691 1.3426 3.1431
v 1.1275 1.3615 3.1431
v 1.1275 1.4347 3.0917
v 0.9634 1.3154 3.0917
v 1.0329 1.2928 3.1431
v 0.9634 1.2088 3.0917
v 1.0329 1.2314 3.1431
v 1.0261 1.1225 3.0917
v 1.0691 1.1817 3.1431
v 1.1275 1.0896 3.0917
v 1.1275 1.1627 3.1431
v 1.2289 1.1225 3.0917
v 1.1859 1.1817 3.1431
v 1.2916 1.2088 3.0917
v 1.2221 1.2314 3.1431
v 1.2916 1.3154 3.0917
v 1.2221 1.2928 3.1431
v 1.2289 1.4017 3.0917
v 1.1859 1.3426 3.1431
v 1.0099 1.4239 2.9926
v 1.1275 1.4621 2.9926
v 0.9373 1.3239 2.9926
v 0.9373 1.2003 2.9926
v 1.0099 1.1003 2.9926
v 1.1275 1.0621 2.9926
v 1.2451 1.1003 2.9926
v 1.3177 1.2003 2.9926
v 1.3177 1.3239 2.9926
v 1.2451 1.4239 2.9926
v 1.0099 1.4239 0.8192
v 1.1275 1.4621 0.8192
v 0.9373 1.3239 0.8192
v 0.9373 1.2003 0.8192
v 1.0099 1.1003 0.8192
v 1.1275 1.0621 0.8192
v 1.2451 1.1003 0.8192
v 1.3177 1.2003 0.8192
v 1.3177 1.3239 0.8192
v 1.2451 1.4239 0.8192
v 1.0261 1.4017 0.7200
v 1.1275 1.4347 0.7200
v 0.9634 1.3154 0.7200
v 0.9634 1.2088 0.7200
v 1.0261 1.1225 0.7200
v 1.1275 1.0896 0.7200
v 1.2289 1.1225 0.7200
v 1.2916 1.2088 0.7200
v 1.2916 1.3154 0.7200
v 1.2289 1.4017 0.7200
v 1.0691 1.3426 0.6756
v 1.1275 1.3615 0.6756
v 1.0329 1.2928 0.6756
v 1.0329 1.2314 0.6756
v 1.0691 1.1817 0.6756
v 1.1275 1.1627 0.6756
v 1.1859 1.1817 0.6756
v 1.2221 1.2314 0.6756
v 1.2221 1.2928 0.6756
v 1.1859 1.3426 0.6756
v 0.6101 1.4017 3.0917
v 0.6530 1.3426 3.1431
v 0.7115 1.3615 3.1431
v 0.7115 1.4347 3.0917
v 0.5474 1.3154 3.0917
v 0.6169 1.2928 3.1431
v 0.5474 1.2088 3.0917
v 0.6169 1.2314 3.1431
v 0.6101 1.1225 3.0917
v 0.6530 1.1817 3.1431
v 0.7115 1.0896 3.0917
v 0.7115 1.1627 3.1431
v 0.8129 1.1225 3.0917
v 0.7699 1.1817 3.1431
v 0.8756 1.2088 3.0917
v 0.8060 1.2314 3.1431
v 0.8756 1.3154 3.0917
v 0.8060 1.2928 3.1431
v 0.8129 1.4017 3.0917
v 0.7699 1.3426 3.1431
v 0.5939 1.4239 2.9926
v 0.7115 1.4621 2.9926
v 0.5213 1.3239 2.9926
v 0.5213 1.2003 2.9926
v 0.5939 1.1003 2.9926
v 0.7115 1.0621 2.9926
v 0.8290 1.1003 2.9926
v 0.9017 1.2003 2.9926
v 0.9017 1.3239 2.9926
v 0.8290 1.4239 2.9926
v 0.5939 1.4239 0.8192
v 0.7115 1.4621 0.8192
v 0.5213 1.3239 0.8192
v 0.5213 1.2003 0.8192
v 0.5939 1.1003 0.8192
v 0.7115 1.0621 0.8192
v 0.8290 1.1003 0.8192
v 0.9017 1.2003 0.8192
v 0.9017 1.3239 0.8192
v 0.8290 1.4239 0.8192
v 0.6101 1.4017 0.7200
v 0.7115 1.4347 0.7200
v 0.5474 1.3154 0.7200
v 0.5474 1.2088 0.7200
v 0.6101 1.1225 0.7200
v 0.7115 1.0896 0.7200
v 0.8129 1.1225 0.7200
v 0.8756 1.2088 0.7200
v 0.8756 1.3154 0.7200
v 0.8129 1.4017 0.7200
v 0.6530 1.3426 0.6756
v 0.7115 1.3615 0.6756
v 0.6169 1.2928 0.6756
v 0.6169 1.2314 0.6756
v 0.6530 1.1817 0.6756
v 0.7115 1.1627 0.6756
v 0.7699 1.1817 0.6756
v 0.8060 1.2314 0.6756
v 0.8060 1.2928 0.6756
v 0.7699 1.3426 0.6756
v -0.8999 1.4017 3.0917
v -0.8570 1.3426 3.1431
v -0.7985 1.3615 3.1431
v -0.7985 1.4347 3.0917
v -0.9626 1.3154 3.0917
v -0.8931 1.2928 3.1431
v -0.9626 1.2088 3.0917
v -0.8931 1.2314 3.1431
v -0.8999 1.1225 3.0917
v -0.8570 1.1817 3.1431
v -0.7985 1.0896 3.0917
v -0.7985 1.1627 3.1431
v -0.6971 1.1225 3.0917
v -0.7401 1.1817 3.1431
v -0.6344 1.2088 3.0917
v -0.7040 1.2314 3.1431
v -0.6344 1.3154 3.0917
v -0.7040 1.2928 3.1431
v -0.6971 1.4017 3.0917
v -0.7401 1.3426 3.1431
v -0.9161 1.4239 2.9926
v -0.7985 1.4621 2.9926
v -0.9887 1.3239 2.9926
v -0.9887 1.2003 2.9926
v -0.9161 1.1003 2.9926
v -0.7985 1.0621 2.9926
v -0.6810 1.1003 2.9926
v -0.6083 1.2003 2.9926
v -0.6083 1.3239 2.9926
v -0.6810 1.4239 2.9926
v -0.9161 1.4239 0.8192
v -0.7985 1.4621 0.8192
v -0.9887 1.3239 0.8192
v -0.9887 1.2003 0.8192
v -0.9161 1.1003 0.8192
v -0.7985 1.0621 0.8192
v -0.6810 1.1003 0.8192
v -0.6083 1.2003 0.8192
v -0.6083 1.3239 0.8192
v -0.6810 1.4239 0.8192
v -0.8999 1.4017 0.7200
v -0.7985 1.4347 0.7200
v -0.9626 1.3154 0.7200
v -0.9626 1.2088 0.7200
v -0.8999 1.1225 0.7200
v -0.7985 1.0896 0.7200
v -0.6971 1.1225 0.7200
v -0.6344 1.2088 0.7200
v -0.6344 1.3154 0.7200
v -0.6971 1.4017 0.7200
v -0.8570 1.3426 0.6756
v -0.7985 1.3615 0.6756
v -0.8931 1.2928 0.6756
v -0.8931 1.2314 0.6756
v -0.8570 1.1817 0.6756
v -0.7985 1.1627 0.6756
v -0.7401 1.1817 0.6756
v -0.7040 1.2314 0.6756
v -0.7040 1.2928 0.6756
v -0.7401 1.3426 0.6756
v -1.3160 1.4017 3.0917
v -1.2730 1.3426 3.1431
v -1.2145 1.3615 3.1431
v -1.2145 1.4347 3.0917
v -1.3786 1.3154 3.0917
v -1.3091 1.2928 3.1431
v -1.3786 1.2088 3.0917
v -1.3091 1.2314 3.1431
v -1.3160 1.1225 3.0917
v -1.2730 1.1817 3.1431
v -1.2145 1.0896 3.0917
v -1.2145 1.1627 3.1431
v -1.1131 1.1225 3.0917
v -1.1561 1.1817 3.1431
v -1.0504 1.2088 3.0917
v -1.1200 1.2314 3.1431
v -1.0504 1.3154 3.0917
v -1.1200 1.2928 3.1431
v -1.1131 1.4017 3.0917
v -1.1561 1.3426 3.1431
v -1.3321 1.4239 2.9926
v -1.2145 1.4621 2.9926
v -1.4048 1.3239 2.9926
v -1.4048 1.2003 2.9926
v -1.3321 1.1003 2.9926
v -1.2145 1.0621 2.9926
v -1.0970 1.1003 2.9926
v -1.0243 1.2003 2.9926
v -1.0243 1.3239 2.9926
v -1.0970 1.4239 2.9926
v -1.3321 1.4239 0.8192
v -1.2145 1.4621 0.8192
v -1.4048 1.3239 0.8192
v -1.4048 1.2003 0.8192
v -1.3321 1.1003 0.8192
v -1.2145 1.0621 0.8192
v -1.0970 1.1003 0.8192
v -1.0243 1.2003 0.8192
v -1.0243 1.3239 0.8192
v -1.0970 1.4239 0.8192
v -1.3160 1.4017 0.7200
v -1.2145 1.4347 0.7200
v -1.3786 1.3154 0.7200
v -1.3786 1.2088 0.7200
v -1.3160 1.1225 0.7200
v -1.2145 1.0896 0.7200
v -1.1131 1.1225 0.7200
v -1.0504 1.2088 0.7200
v -1.0504 1.3154 0.7200
v -1.1131 1.4017 0.7200
v -1.2730 1.3426 0.6756
v -1.2145 1.3615 0.6756
v -1.3091 1.2928 0.6756
v -1.3091 1.2314 0.6756
v -1.2730 1.1817 0.6756
v -1.2145 1.1627 0.6756
v -1.1561 1.1817 0.6756
v -1.1200 1.2314 0.6756
v -1.1200 1.2928 0.6756
v -1.1561 1.3426 0.6756
v 0.9096 2.3261 4.0880
v 0.9610 2.2566 4.0655
v 0.9610 2.2566 4.0040
v 0.9096 2.3261 3.9814
v 0.9096 2.2634 4.1743
v 0.9610 2.2204 4.1152
v 0.9096 2.1620 4.2073
v 0.9610 2.1620 4.1342
v 0.9096 2.0606 4.1743
v 0.9610 2.1036 4.1152
v 0.9096 1.9979 4.0880
v 0.9610 2.0674 4.0655
v 0.9096 1.9979 3.9814
v 0.9610 2.0674 4.0040
v 0.9096 2.0606 3.8951
v 0.9610 2.1036 3.9543
v 0.9096 2.1620 3.8622
v 0.9610 2.1620 3.9353
v 0.9096 2.2634 3.8951
v 0.9610 2.2204 3.9543
v 0.8105 2.3522 4.0965
v 0.8105 2.3522 3.9729
v 0.8105 2.2796 4.1965
v 0.8105 2.1620 4.2347
v 0.8105 2.0444 4.1965
v 0.8105 1.9718 4.0965
v 0.8105 1.9718 3.9729
v 0.8105 2.0444 3.8729
v 0.8105 2.1620 3.8347
v 0.8105 2.2796 3.8729
v -0.7309 2.3522 4.0965
v -0.7309 2.3522 3.9729
v -0.7309 2.2796 4.1965
v -0.7309 2.1620 4.2347
v -0.7309 2.0444 4.1965
v -0.7309 1.9718 4.0965
v -0.7309 1.9718 3.9729
v -0.7309 2.0444 3.8729
v -0.7309 2.1620 3.8347
v -0.7309 2.2796 3.8729
v -0.8301 2.3261 4.0880
v -0.8301 2.3261 3.9814
v -0.8301 2.2634 4.1743
v -0.8301 2.1620 4.2073
v -0.8301 2.0606 4.1743
v -0.8301 1.9979 4.0880
v -0.8301 1.9979 3.9814
v -0.8301 2.0606 3.8951
v -0.8301 2.1620 3.8622
v -0.8301 2.2634 3.8951
v -0.8745 2.2566 4.0655
v -0.8745 2.2566 4.0040
v -0.8745 2.2204 4.1152
v -0.8745 2.1620 4.1342
v -0.8745 2.1036 4.1152
v -0.8745 2.0674 4.0655
v -0.8745 2.0674 4.0040
v -0.8745 2.1036 3.9543
v -0.8745 2.1620 3.9353
v -0.8745 2.2204 3.9543
v 0.9096 1.9445 4.0880
v 0.9610 1.8750 4.0655
v 0.9610 1.8750 4.0040
v 0.9096 1.9445 3.9814
v 0.9096 1.8819 4.1743
v 0.9610 1.8389 4.1152
v 0.9096 1.7804 4.2073
v 0.9610 1.7804 4.1342
v 0.9096 1.6790 4.1743
v 0.9610 1.7220 4.1152
v 0.9096 1.6163 4.0880
v 0.9610 1.6859 4.0655
v 0.9096 1.6163 3.9814
v 0.9610 1.6859 4.0040
v 0.9096 1.6790 3.8951
v 0.9610 1.7220 3.9543
v 0.9096 1.7804 3.8622
v 0.9610 1.7804 3.9353
v 0.9096 1.8819 3.8951
v 0.9610 1.8389 3.9543
v 0.8105 1.9706 4.0965
v 0.8105 1.9706 3.9729
v 0.8105 1.8980 4.1965
v 0.8105 1.7804 4.2347
v 0.8105 1.6629 4.1965
v 0.8105 1.5902 4.0965
v 0.8105 1.5902 3.9729
v 0.8105 1.6629 3.8729
v 0.8105 1.7804 3.8347
v 0.8105 1.8980 3.8729
v -0.7309 1.9706 4.0965
v -0.7309 1.9706 3.9729
v -0.7309 1.8980 4.1965
v -0.7309 1.7804 4.2347
v -0.7309 1.6629 4.1965
v -0.7309 1.5902 4.0965
v -0.7309 1.5902 3.9729
v -0.7309 1.6629 3.8729
v -0.7309 1.7804 3.8347
v -0.7309 1.8980 3.8729
v -0.8301 1.9445 4.0880
v -0.8301 1.9445 3.9814
v -0.8301 1.8819 4.1743
v -0.8301 1.7804 4.2073
v -0.8301 1.6790 4.1743
v -0.8301 1.6163 4.0880
v -0.8301 1.6163 3.9814
v -0.8301 1.6790 3.8951
v -0.8301 1.7804 3.8622
v -0.8301 1.8819 3.8951
v -0.8745 1.8750 4.0655
v -0.8745 1.8750 4.0040
v -0.8745 1.8389 4.1152
v -0.8745 1.7804 4.1342
v -0.8745 1.7220 4.1152
v -0.8745 1.6859 4.0655
v -0.8745 1.6859 4.0040
v -0.8745 1.7220 3.9543
v -0.8745 1.7804 3.9353
v -0.8745 1.8389 3.9543
v 0.9096 3.0365 4.0880
v 0.9610 2.9670 4.0655
v 0.9610 2.9670 4.0040
v 0.9096 3.0365 3.9814
v 0.9096 2.9738 4.1743
v 0.9610 2.9309 4.1152
v 0.9096 2.8724 4.2073
v 0.9610 2.8724 4.1342
v 0.9096 2.7710 4.1743
v 0.9610 2.8140 4.1152
v 0.9096 2.7083 4.0880
v 0.9610 2.7779 4.0655
v 0.9096 2.7083 3.9814
v 0.9610 2.7779 4.0040
v 0.9096 2.7710 3.8951
v 0.9610 2.8140 3.9543
v 0.9096 2.8724 3.8622
v 0.9610 2.8724 3.9353
v 0.9096 2.9739 3.8951
v 0.9610 2.9309 3.9543
v 0.8105 3.0626 4.0965
v 0.8105 3.0626 3.9729
v 0.8105 2.9900 4.1965
v 0.8105 2.8724 4.2347
v 0.8105 2.7549 4.1965
v 0.8105 2.6822 4.0965
v 0.8105 2.6822 3.9729
v 0.8105 2.7549 3.8729
v 0.8105 2.8724 3.8347
v 0.8105 2.9900 3.8729
v -0.7309 3.0626 4.0965
v -0.7309 3.0626 3.9729
v -0.7309 2.9900 4.1965
v -0.7309 2.8724 4.2347
v -0.7309 2.7549 4.1965
v -0.7309 2.6822 4.0965
v -0.7309 2.6822 3.9729
v -0.7309 2.7549 3.8729
v -0.7309 2.8724 3.8347
v -0.7309 2.9900 3.8729
v -0.8301 3.0365 4.0880
v -0.8301 3.0365 3.9814
v -0.8301 2.9738 4.1743
v -0.8301 2.8724 4.2073
v -0.8301 2.7710 4.1743
v -0.8301 2.7083 4.0880
v -0.8301 2.7083 3.9814
v -0.8301 2.7710 3.8951
v -0.8301 2.8724 3.8622
v -0.8301 2.9739 3.8951
v -0.8745 2.9670 4.0655
v -0.8745 2.9670 4.0040
v -0.8745 2.9309 4.1152
v -0.8745 2.8724 4.1342
v -0.8745 2.8140 4.1152
v -0.8745 2.7779 4.0655
v -0.8745 2.7779 4.0040
v -0.8745 2.8140 3.9543
v -0.8745 2.8724 3.9353
v -0.8745 2.9309 3.9543
v 0.9096 3.4150 4.0880
v 0.9610 3.3455 4.0655
v 0.9610 3.3455 4.0040
v 0.9096 3.4150 3.9814
v 0.9096 3.3523 4.1743
v 0.9610 3.3093 4.1152
v 0.9096 3.2509 4.2073
v 0.9610 3.2509 4.1342
v 0.9096 3.1495 4.1743
v 0.9610 3.1925 4.1152
v 0.9096 3.0868 4.0880
v 0.9610 3.1563 4.0655
v 0.9096 3.0868 3.9814
v 0.9610 3.1563 4.0040
v 0.9096 3.1495 3.8951
v 0.9610 3.1925 3.9543
v 0.9096 3.2509 3.8622
v 0.9610 3.2509 3.9353
v 0.9096 3.3523 3.8951
v 0.9610 3.3093 3.9543
v 0.8105 3.4411 4.0965
v 0.8105 3.4411 3.9729
v 0.8105 3.3685 4.1965
v 0.8105 3.2509 4.2347
v 0.8105 3.1333 4.1965
v 0.8105 3.0607 4.0965
v 0.8105 3.0607 3.9729
v 0.8105 3.1333 3.8729
v 0.8105 3.2509 3.8347
v 0.8105 3.3685 3.8729
v -0.7309 3.4411 4.0965
v -0.7309 3.4411 3.9729
v -0.7309 3.3685 4.1965
v -0.7309 3.2509 4.2347
v -0.7309 3.1333 4.1965
v -0.7309 3.0607 4.0965
v -0.7309 3.0607 3.9729
v -0.7309 3.1333 3.8729
v -0.7309 3.2509 3.8347
v -0.7309 3.3685 3.8729
v -0.8301 3.4150 4.0880
v -0.8301 3.4150 3.9814
v -0.8301 3.3523 4.1743
v -0.8301 3.2509 4.2073
v -0.8301 3.1495 4.1743
v -0.8301 3.0868 4.0880
v -0.8301 3.0868 3.9814
v -0.8301 3.1495 3.8951
v -0.8301 3.2509 3.8622
v -0.8301 3.3523 3.8951
v -0.8745 3.3455 4.0655
v -0.8745 3.3455 4.0040
v -0.8745 3.3093 4.1152
v -0.8745 3.2509 4.1342
v -0.8745 3.1925 4.1152
v -0.8745 3.1563 4.0655
v -0.8745 3.1563 4.0040
v -0.8745 3.1925 3.9543
v -0.8745 3.2509 3.9353
v -0.8745 3.3093 3.9543
v 1.3104 2.6758 5.4910
v 1.3104 3.4457 5.4910
v 1.3104 3.4457 6.2282
v 1.3104 3.3388 6.9139
v 1.3104 2.4339 7.0112
v 1.2251 3.2681 7.0194
v -1.2313 3.2681 7.0194
v -1.2313 2.3499 7.1109
v 1.2251 2.3499 7.1109
v -1.3166 2.6758 5.4910
v -1.3166 2.4339 7.0112
v -1.3166 3.3388 6.9139
v -1.3166 3.4457 6.2282
v -1.3166 3.4457 5.4910
v 1.4047 2.6021 6.9678
v 1.4047 3.1705 6.9048
v 1.6173 3.1705 6.9048
v 1.6173 2.6021 6.9678
v 1.4226 2.3806 6.9923
v 1.4226 2.5117 6.9778
v 1.6018 2.5117 6.9778
v 1.6018 2.3806 6.9923
v -1.4048 2.6021 6.9678
v -1.6173 2.6021 6.9678
v -1.6173 3.1705 6.9048
v -1.4048 3.1705 6.9048
v -1.4226 2.3806 6.9923
v -1.6019 2.3806 6.9923
v -1.6019 2.5117 6.9778
v -1.4226 2.5117 6.9778
v 1.4528 4.5493 3.5821
v 1.4528 4.5493 -7.2910
v -1.5161 4.5493 -7.2910
v -1.5161 4.5493 3.5821
v -0.0161 1.6345 -7.3307
v -0.0161 4.4357 -7.3307
v 1.3689 4.4357 -7.3307
v 1.3689 1.6345 -7.3307
v -1.5316 1.5351 3.5977
v 1.4684 1.5351 3.5977
v 1.4684 4.5351 3.5977
v -1.5316 4.5351 3.5977
v 1.4684 4.5351 -7.3065
v -0.0316 4.5351 -7.3065
v -1.5316 4.5351 -7.3065
v 1.4684 1.5351 -7.3065
v 1.4825 4.5196 -7.2910
v 1.4825 1.7881 -7.2910
v 1.4825 1.5506 -7.2910
v 1.4825 4.5196 3.5821
v 1.4825 1.5506 3.5821
v 1.4825 1.7881 3.5821
v -1.5458 4.5196 3.5821
v -1.5458 1.7881 3.5821
v -1.5458 1.5506 3.5821
v -1.5458 4.5196 -7.2910
v -1.5316 1.5351 -7.3065
v -1.5458 1.5506 -7.2910
v -1.5458 1.7881 -7.2910
v -1.4322 1.6345 -7.3307
v -1.4322 4.4357 -7.3307
v -0.0472 4.4357 -7.3307
v -0.0472 1.6345 -7.3307
v -0.0316 1.5506 -7.3207
v -1.5161 1.5506 -7.3207
v -1.4632 1.6035 -7.3207
v -0.0316 1.6035 -7.3207
v -1.5161 4.5196 -7.3207
v -1.4632 4.4667 -7.3207
v -0.0316 4.5196 -7.3207
v -0.0316 4.4667 -7.3207
v 1.4528 4.5196 -7.3207
v 1.4000 4.4667 -7.3207
v 1.4528 1.5506 -7.3207
v 1.4000 1.6035 -7.3207
v 1.3844 1.6190 -7.3065
v -0.0316 1.6190 -7.3065
v -0.0316 4.4512 -7.3065
v 1.3844 4.4512 -7.3065
v -1.4477 1.6190 -7.3065
v -1.4477 4.4512 -7.3065
v -0.0316 1.5351 -7.3065
v 1.4684 1.5351 3.5977
v -1.5316 1.5351 3.5977
v -1.5316 1.5351 -7.3065
v -0.0316 1.5351 -7.3065
v 1.4684 1.5351 -7.3065
v 1.5109 1.5662 -7.2754
v 1.5109 1.7726 -7.2754
v 1.5109 1.7726 3.5666
v 1.5109 1.5662 3.5666
v -1.5742 1.5662 3.5666
v -1.5742 1.7726 3.5666
v -1.5742 1.7726 -7.2754
v -1.5742 1.5662 -7.2754
v 1.4825 1.5506 -7.2910
v 1.4825 1.5506 3.5821
v -1.5458 1.5506 3.5821
v -1.5458 1.5506 -7.2910
v 1.4825 1.7881 -7.2910
v 1.4825 1.7881 3.5821
v -1.5458 1.7881 3.5821
v -1.5458 1.7881 -7.2910
v 0.8402 2.3782 7.1268
v 0.4142 2.4596 7.1197
v 0.4067 2.4205 7.1231
v 0.8327 2.3390 7.1302
v 0.4067 2.4187 7.1032
v 0.8327 2.3373 7.1103
v 0.4142 2.4579 7.0998
v 0.8402 2.3764 7.1069
v 0.6999 2.4859 7.1314
v 0.0122 2.4073 7.1382
v 0.0150 2.3831 7.1404
v 0.7027 2.4617 7.1335
v 0.7113 2.4546 7.1309
v 0.0081 2.3743 7.1379
v 0.0081 2.3718 7.1102
v 0.7113 2.4522 7.1031
v 0.0036 2.4114 7.1067
v 0.7068 2.4918 7.0997
v 0.0036 2.4139 7.1344
v 0.7068 2.4942 7.1274
v -0.0924 2.3782 7.1268
v -0.5184 2.4596 7.1197
v -0.5260 2.4205 7.1231
v -0.0999 2.3390 7.1302
v -0.5260 2.4187 7.1032
v -0.0999 2.3373 7.1103
v -0.5184 2.4579 7.0998
v -0.0924 2.3764 7.1069
v -0.2327 2.4859 7.1314
v -0.9204 2.4073 7.1382
v -0.9177 2.3831 7.1404
v -0.2299 2.4617 7.1335
v -0.2213 2.4546 7.1309
v -0.9245 2.3743 7.1379
v -0.9245 2.3718 7.1102
v -0.2213 2.4522 7.1031
v -0.9291 2.4114 7.1067
v -0.2259 2.4918 7.0997
v -0.9291 2.4139 7.1344
v -0.2259 2.4942 7.1274
v -1.2897 2.3442 7.0968
v -1.2897 2.3861 7.0968
v -1.4896 2.3866 7.0955
v -1.5315 2.3447 7.0981
v -1.2980 2.3976 7.0885
v -1.2980 2.3976 7.0621
v -1.4749 2.3976 7.0621
v -1.4779 2.3976 7.0885
v -1.2897 2.3861 7.0539
v -1.2897 2.3442 7.0539
v -1.5276 2.3438 7.0551
v -1.4857 2.3857 7.0526
v -1.2980 2.3328 7.0621
v -1.2980 2.3328 7.0885
v -1.5423 2.3328 7.0885
v -1.5393 2.3328 7.0621
v -1.4896 3.1813 7.0052
v -1.5315 3.2227 6.9982
v -1.4749 3.1631 6.9751
v -1.4779 3.1690 7.0008
v -1.5276 3.2139 6.9562
v -1.4857 3.1726 6.9631
v -1.5423 3.2321 6.9863
v -1.5393 3.2262 6.9606
v -1.2897 3.1820 7.0063
v -1.2897 3.2228 6.9969
v -1.2980 3.1631 6.9751
v -1.2980 3.1690 7.0008
v -1.2897 3.2132 6.9551
v -1.2897 3.1724 6.9645
v -1.2980 3.2321 6.9863
v -1.2980 3.2262 6.9606
v -1.4272 2.3928 7.0599
v -1.4272 2.5146 7.0464
v -1.5972 2.5146 7.0464
v -1.5972 2.3928 7.0599
v -1.3960 2.3542 6.9953
v -1.3960 2.3582 7.0313
v -1.6284 2.3582 7.0313
v -1.6284 2.3542 6.9953
v -1.6284 2.5421 7.0109
v -1.6284 2.5381 6.9749
v -1.3960 2.5421 7.0109
v -1.3960 2.5381 6.9749
v -1.4226 2.3806 6.9923
v -1.4226 2.5117 6.9778
v -1.6018 2.5117 6.9778
v -1.6018 2.3806 6.9923
v -1.4094 2.6142 7.0354
v -1.4094 3.1735 6.9734
v -1.6126 3.1735 6.9734
v -1.6126 2.6142 7.0354
v -1.3782 2.5756 6.9707
v -1.3782 2.5796 7.0067
v -1.6439 2.5796 7.0067
v -1.6439 2.5756 6.9707
v -1.6439 3.2009 6.9379
v -1.6439 3.1970 6.9019
v -1.3782 3.2009 6.9379
v -1.3782 3.1970 6.9019
v -1.4048 2.6021 6.9678
v -1.4048 3.1705 6.9048
v -1.6173 3.1705 6.9048
v -1.6173 2.6021 6.9678
v 1.2897 2.3442 7.0968
v 1.5315 2.3447 7.0981
v 1.4896 2.3866 7.0955
v 1.2897 2.3861 7.0968
v 1.2980 2.3976 7.0885
v 1.4779 2.3976 7.0885
v 1.4749 2.3976 7.0621
v 1.2980 2.3976 7.0621
v 1.2897 2.3861 7.0539
v 1.4856 2.3857 7.0526
v 1.5276 2.3438 7.0551
v 1.2897 2.3442 7.0539
v 1.2980 2.3328 7.0621
v 1.5393 2.3328 7.0621
v 1.5423 2.3328 7.0885
v 1.2980 2.3328 7.0885
v 1.5315 3.2227 6.9982
v 1.4896 3.1813 7.0052
v 1.4779 3.1690 7.0008
v 1.4749 3.1631 6.9751
v 1.4856 3.1726 6.9631
v 1.5276 3.2139 6.9562
v 1.5393 3.2262 6.9606
v 1.5423 3.2321 6.9863
v 1.2897 3.2228 6.9969
v 1.2897 3.1820 7.0063
v 1.2980 3.1690 7.0008
v 1.2980 3.1631 6.9751
v 1.2897 3.1724 6.9645
v 1.2897 3.2132 6.9551
v 1.2980 3.2262 6.9606
v 1.2980 3.2321 6.9863
v 1.4272 2.3928 7.0599
v 1.5972 2.3928 7.0599
v 1.5972 2.5146 7.0464
v 1.4272 2.5146 7.0464
v 1.3960 2.3542 6.9953
v 1.6284 2.3542 6.9953
v 1.6284 2.3582 7.0313
v 1.3960 2.3582 7.0313
v 1.6284 2.5381 6.9749
v 1.6284 2.5421 7.0109
v 1.3960 2.5381 6.9749
v 1.3960 2.5421 7.0109
v 1.4226 2.5117 6.9778
v 1.4226 2.3806 6.9923
v 1.6018 2.5117 6.9778
v 1.6018 2.3806 6.9923
v 1.4094 2.6142 7.0354
v 1.6126 2.6142 7.0354
v 1.6126 3.1735 6.9734
v 1.4094 3.1735 6.9734
v 1.3782 2.5756 6.9707
v 1.6439 2.5756 6.9707
v 1.6439 2.5796 7.0067
v 1.3782 2.5796 7.0067
v 1.6439 3.1970 6.9019
v 1.6439 3.2009 6.9379
v 1.3782 3.1970 6.9019
v 1.3782 3.2009 6.9379
v 1.4048 3.1705 6.9048
v 1.4048 2.6021 6.9678
v 1.6173 3.1705 6.9048
v 1.6173 2.6021 6.9678
v 1.1868 3.6637 4.4777
v 1.1868 1.3450 4.4777
v 1.1868 1.5173 4.3133
v 1.1868 3.6637 4.3133
v 1.1647 3.6415 4.2933
v 1.1647 1.5373 4.2933
v -1.1577 1.5373 4.2933
v -1.1577 3.6415 4.2933
v -1.1799 3.6637 4.3133
v -1.1799 1.5173 4.3133
v -1.1799 1.3450 4.4777
v -1.1799 3.6637 4.4777
v -1.1190 3.6028 4.5454
v -1.1190 1.3637 4.5454
v 1.1259 1.3637 4.5454
v 1.1259 3.6028 4.5454
v 1.1868 1.3450 3.2099
v 1.1868 1.5173 3.2099
v 1.1647 1.5373 3.2320
v -1.1577 1.5373 3.2320
v -1.1799 1.5173 3.2099
v -1.1799 1.3450 3.2099
v -1.1577 1.3250 4.4977
v -1.1577 1.3250 3.2320
v 1.1647 1.3250 3.2320
v 1.1647 1.3250 4.4977
v 1.1647 3.6415 4.4977
v -1.1577 3.6415 4.4977
v 0.8025 0.9522 4.4554
v 0.8025 1.2356 4.6190
v 1.4412 1.2356 4.6190
v 1.4412 0.9522 4.4554
v 0.8025 1.4460 4.8697
v 1.4412 1.4460 4.8697
v 0.8025 1.5579 5.1772
v 1.4412 1.5579 5.1772
v 0.8025 1.5579 5.5044
v 1.4412 1.5579 5.5044
v 0.8025 1.4460 5.8119
v 1.4412 1.4460 5.8119
v 0.8025 1.2356 6.0626
v 1.4412 1.2356 6.0626
v 0.8025 0.9522 6.2262
v 1.4412 0.9522 6.2262
v 0.8025 0.6300 6.2830
v 1.4412 0.6300 6.2830
v 0.7925 0.6279 6.2591
v 0.7925 0.9439 6.2033
v 0.7925 0.8774 6.0206
v 0.7925 0.6321 6.0639
v 0.7925 1.2200 6.0439
v 0.7925 1.0950 5.8950
v 0.7925 1.4249 5.7997
v 0.7925 1.2565 5.7025
v 0.7925 1.5339 5.5002
v 0.7925 1.3425 5.4664
v 0.7925 1.5339 5.1814
v 0.7925 1.3425 5.2152
v 0.7925 1.4249 4.8819
v 0.7925 1.2565 4.9791
v 0.7925 1.2200 4.6377
v 0.7925 1.0950 4.7866
v 0.7925 0.9439 4.4783
v 0.7925 0.8774 4.6610
v 1.4512 0.9439 4.4783
v 1.4512 1.2200 4.6377
v 1.4512 1.0950 4.7866
v 1.4512 0.8774 4.6610
v 1.4512 1.4249 4.8819
v 1.4512 1.2565 4.9791
v 1.4512 1.5339 5.1814
v 1.4512 1.3425 5.2152
v 1.4512 1.5339 5.5002
v 1.4512 1.3425 5.4664
v 1.4512 1.4249 5.7997
v 1.4512 1.2565 5.7025
v 1.4512 1.2200 6.0439
v 1.4512 1.0950 5.8950
v 1.4512 0.9439 6.2033
v 1.4512 0.8774 6.0206
v 1.4512 0.6279 6.2591
v 1.4512 0.6321 6.0639
v 0.8025 0.6300 6.0399
v 0.8025 0.8691 5.9978
v 1.4412 0.8691 5.9978
v 1.4412 0.6300 6.0399
v 0.8025 1.0794 5.8764
v 1.4412 1.0794 5.8764
v 0.8025 1.2355 5.6904
v 1.4412 1.2355 5.6904
v 0.8025 1.3185 5.4622
v 1.4412 1.3185 5.4622
v 0.8025 1.3185 5.2194
v 1.4412 1.3185 5.2194
v 0.8025 1.2355 4.9912
v 1.4412 1.2355 4.9912
v 0.8025 1.0794 4.8052
v 1.4412 1.0794 4.8052
v 0.8025 0.8691 4.6838
v 1.4412 0.8691 4.6838
v 0.8025 0.5560 6.0399
v 1.4412 0.5560 6.0399
v 1.4412 0.5560 6.2830
v 0.8025 0.5560 6.2830
v 0.7925 0.5799 6.0639
v 0.7925 0.5799 6.2591
v 1.4512 0.5799 6.2591
v 1.4512 0.5799 6.0639
v -1.4574 0.9522 4.4554
v -1.4574 1.2356 4.6190
v -0.8187 1.2356 4.6190
v -0.8187 0.9522 4.4554
v -1.4574 1.4460 4.8697
v -0.8187 1.4460 4.8697
v -1.4574 1.5579 5.1772
v -0.8187 1.5579 5.1772
v -1.4574 1.5579 5.5044
v -0.8187 1.5579 5.5044
v -1.4574 1.4460 5.8119
v -0.8187 1.4460 5.8119
v -1.4574 1.2356 6.0626
v -0.8187 1.2356 6.0626
v -1.4574 0.9522 6.2262
v -0.8187 0.9522 6.2262
v -1.4574 0.6300 6.2830
v -0.8187 0.6300 6.2830
v -1.4674 0.6279 6.2591
v -1.4674 0.9439 6.2033
v -1.4674 0.8774 6.0206
v -1.4674 0.6321 6.0639
v -1.4674 1.2200 6.0439
v -1.4674 1.0950 5.8950
v -1.4674 1.4249 5.7997
v -1.4674 1.2565 5.7025
v -1.4674 1.5339 5.5002
v -1.4674 1.3425 5.4664
v -1.4674 1.5339 5.1814
v -1.4674 1.3425 5.2152
v -1.4674 1.4249 4.8819
v -1.4674 1.2565 4.9791
v -1.4674 1.2200 4.6377
v -1.4674 1.0950 4.7866
v -1.4674 0.9439 4.4783
v -1.4674 0.8774 4.6610
v -0.8087 0.9439 4.4783
v -0.8087 1.2200 4.6377
v -0.8087 1.0950 4.7866
v -0.8087 0.8774 4.6610
v -0.8087 1.4249 4.8819
v -0.8087 1.2565 4.9791
v -0.8087 1.5339 5.1814
v -0.8087 1.3425 5.2152
v -0.8087 1.5339 5.5002
v -0.8087 1.3425 5.4664
v -0.8087 1.4249 5.7997
v -0.8087 1.2565 5.7025
v -0.8087 1.2200 6.0439
v -0.8087 1.0950 5.8950
v -0.8087 0.9439 6.2033
v -0.8087 0.8774 6.0206
v -0.8087 0.6279 6.2591
v -0.8087 0.6321 6.0639
v -1.4574 0.6300 6.0399
v -1.4574 0.8691 5.9978
v -0.8187 0.8691 5.9978
v -0.8187 0.6300 6.0399
v -1.4574 1.0794 5.8764
v -0.8187 1.0794 5.8764
v -1.4574 1.2355 5.6904
v -0.8187 1.2355 5.6904
v -1.4574 1.3185 5.4622
v -0.8187 1.3185 5.4622
v -1.4574 1.3185 5.2194
v -0.8187 1.3185 5.2194
v -1.4574 1.2355 4.9912
v -0.8187 1.2355 4.9912
v -1.4574 1.0794 4.8052
v -0.8187 1.0794 4.8052
v -1.4574 0.8691 4.6838
v -0.8187 0.8691 4.6838
v -1.4574 0.5560 6.0399
v -0.8187 0.5560 6.0399
v -0.8187 0.5560 6.2830
v -1.4574 0.5560 6.2830
v -1.4674 0.5799 6.0639
v -1.4674 0.5799 6.2591
v -0.8087 0.5799 6.2591
v -0.8087 0.5799 6.0639
v 1.4455 1.3975 -3.1474
v 1.4455 0.9052 -2.6505
v 1.4455 0.8492 -2.7060
v 1.4455 1.3186 -3.1799
v 0.7701 1.4080 -3.1431
v 0.7701 0.9269 -2.6574
v 1.4254 0.9269 -2.6574
v 1.4254 1.4080 -3.1431
v 0.7499 1.3186 -3.1799
v 0.7499 0.8492 -2.7060
v 0.7499 0.9052 -2.6505
v 0.7499 1.3975 -3.1474
v 1.4254 1.3080 -3.1842
v 1.4254 0.8558 -2.7277
v 0.7701 0.8558 -2.7277
v 0.7701 1.3080 -3.1842
v 1.4455 1.3975 -5.4252
v 1.4455 1.3186 -5.3924
v 0.7701 1.4080 -5.4296
v 1.4254 1.4080 -5.4296
v 0.7499 1.3186 -5.3924
v 0.7499 1.3975 -5.4252
v 1.4254 1.3080 -5.3880
v 0.7701 1.3080 -5.3880
v 1.4455 0.8986 -5.9213
v 1.4455 0.8430 -5.8654
v 0.7701 0.9204 -5.9146
v 1.4254 0.9204 -5.9146
v 0.7499 0.8430 -5.8654
v 0.7499 0.8986 -5.9213
v 1.4254 0.8499 -5.8437
v 0.7701 0.8499 -5.8437
v -0.7989 1.3975 -3.1474
v -0.7989 0.9052 -2.6505
v -0.7989 0.8492 -2.7060
v -0.7989 1.3186 -3.1799
v -1.4744 1.4080 -3.1431
v -1.4744 0.9269 -2.6574
v -0.8191 0.9269 -2.6574
v -0.8191 1.4080 -3.1431
v -1.4946 1.3186 -3.1799
v -1.4946 0.8492 -2.7060
v -1.4946 0.9052 -2.6505
v -1.4946 1.3975 -3.1474
v -0.8191 1.3080 -3.1842
v -0.8191 0.8558 -2.7277
v -1.4744 0.8558 -2.7277
v -1.4744 1.3080 -3.1842
v -0.7989 1.3975 -5.4252
v -0.7989 1.3186 -5.3924
v -1.4744 1.4080 -5.4296
v -0.8191 1.4080 -5.4296
v -1.4946 1.3186 -5.3924
v -1.4946 1.3975 -5.4252
v -0.8191 1.3080 -5.3880
v -1.4744 1.3080 -5.3880
v -0.7989 0.8986 -5.9213
v -0.7989 0.8430 -5.8654
v -1.4744 0.9204 -5.9146
v -0.8191 0.9204 -5.9146
v -1.4946 0.8430 -5.8654
v -1.4946 0.8986 -5.9213
v -0.8191 0.8499 -5.8437
v -1.4744 0.8499 -5.8437
v -0.8212 0.8605 -6.2496
v 0.7643 0.8605 -6.2496
v 0.7643 0.6743 -6.0138
v -0.8212 0.6743 -6.0138
v -0.8393 0.6709 -5.9934
v 0.7824 0.6709 -5.9934
v 0.7824 0.6709 -2.1023
v -0.8393 0.6709 -2.1023
v 0.7824 0.8654 -6.2396
v 0.7824 1.1099 -6.2396
v 0.7824 1.4068 -6.2396
v 0.7824 1.4068 -2.1023
v 0.7824 0.8559 -2.1023
v 0.7824 1.5633 -6.2396
v -0.8393 1.5633 -6.2396
v -0.8393 1.5633 -2.1023
v 0.7824 1.5633 -2.1023
v -1.4339 1.4234 -6.2230
v -1.4339 1.4234 -2.1190
v -1.4339 1.5467 -2.1190
v -1.4339 1.5467 -6.2230
v -0.8212 1.0918 -6.2496
v 0.7643 1.0918 -6.2496
v -0.8227 1.5447 -6.5481
v 0.7657 1.5447 -6.5481
v 0.7657 1.0999 -6.4355
v -0.8227 1.0999 -6.4355
v 0.7824 1.5633 -6.5425
v -0.8393 1.5633 -6.5425
v 0.7824 1.1099 -6.4277
v 0.7657 1.0999 -6.2563
v -0.8227 1.0999 -6.2563
v -0.8393 1.4068 -6.2396
v -0.8393 1.1099 -6.2396
v -0.8393 1.1099 -6.4277
v 1.3770 1.5467 -6.2230
v 1.3770 1.5467 -2.1190
v 1.3770 1.4234 -2.1190
v 1.3770 1.4234 -6.2230
v -0.8393 0.8654 -6.2396
v -0.8393 0.8559 -2.1023
v -0.8393 1.4068 -2.1023
v -1.4239 1.5633 -6.2396
v -1.4239 1.5633 -2.1023
v -1.1191 1.5633 -2.1023
v -0.8574 1.5452 -6.2496
v -0.8574 1.4249 -6.2496
v -1.4058 1.4249 -6.2496
v -1.4058 1.5452 -6.2496
v -1.1191 1.4068 -2.1023
v -1.4239 1.4068 -2.1023
v -1.4239 1.4068 -6.2396
v 0.8005 1.4249 -6.2496
v 0.8005 1.5452 -6.2496
v 1.3489 1.5452 -6.2496
v 1.3489 1.4249 -6.2496
v 1.0660 1.5633 -2.1023
v 1.3670 1.5633 -2.1023
v 1.3670 1.5633 -6.2396
v 1.3670 1.4068 -6.2396
v 1.3670 1.4068 -2.1023
v 1.0660 1.4068 -2.1023
v 0.7824 0.8559 0.1304
v -0.8393 0.8559 0.1304
v -0.8393 1.5633 0.5707
v 0.7824 1.5633 0.5707
v 1.0760 0.8700 0.1226
v 1.0760 0.8700 -2.0882
v 1.0760 1.4068 -2.0882
v 1.0760 1.5492 -2.0882
v 1.0760 1.5492 0.5453
v -1.1291 1.5492 0.5453
v -1.1291 1.5492 -2.0882
v -1.1291 1.4068 -2.0882
v -1.1291 0.8700 0.1226
v -1.1291 0.8700 -2.0882
v 1.0660 0.8559 0.1304
v 1.0660 1.5633 0.5707
v 1.0660 0.8559 -2.1023
v -1.1191 1.5633 0.5707
v -1.1191 0.8559 0.1304
v -1.1191 0.8559 -2.1023
v -0.9147 0.3886 -5.5577
v -0.9147 0.1312 -5.3536
v -0.9147 0.2465 -5.4726
v -0.9147 0.0103 -5.0480
v -0.9147 0.0506 -5.2087
v -0.9147 0.0584 -4.7230
v -0.9147 0.0130 -4.8823
v -0.9147 0.2626 -4.4655
v -0.9147 0.1436 -4.5808
v -0.9147 0.5681 -4.3446
v -0.9147 0.4074 -4.3850
v -0.9147 0.8932 -4.3927
v -0.9147 0.7338 -4.3473
v -0.9147 1.1506 -4.5969
v -0.9147 1.0354 -4.4779
v -0.9147 1.2715 -4.9025
v -0.9147 1.2312 -4.7417
v -0.9147 1.2234 -5.2275
v -0.9147 1.2689 -5.0682
v -0.9147 1.0192 -5.4850
v -0.9147 1.1383 -5.3697
v -0.9147 0.7137 -5.6058
v -0.9147 0.8744 -5.5655
v -0.9147 0.5480 -5.6032
v -0.9411 0.7435 -5.6161
v -1.2674 0.8530 -5.5887
v -0.9411 0.8530 -5.5887
v -1.2674 0.7435 -5.6161
v -1.2938 1.0192 -5.4850
v -1.2938 0.8744 -5.5655
v -0.9411 1.0502 -5.4790
v -1.2674 1.1313 -5.4005
v -0.9411 1.1313 -5.4005
v -1.2674 1.0502 -5.4790
v -1.2938 1.2234 -5.2275
v -1.2938 1.1383 -5.3697
v -0.9411 1.2473 -5.2068
v -1.2674 1.2782 -5.0983
v -0.9411 1.2782 -5.0983
v -1.2674 1.2473 -5.2068
v -1.2938 1.2715 -4.9025
v -1.2938 1.2689 -5.0682
v -0.9411 1.2818 -4.8726
v -1.2674 1.2544 -4.7632
v -0.9411 1.2544 -4.7632
v -1.2674 1.2818 -4.8726
v -1.2938 1.1506 -4.5969
v -1.2938 1.2312 -4.7417
v -0.9411 1.1447 -4.5659
v -1.2674 1.0661 -4.4848
v -0.9411 1.0661 -4.4848
v -1.2674 1.1447 -4.5659
v -1.2938 0.8932 -4.3927
v -1.2938 1.0354 -4.4779
v -0.9411 0.8725 -4.3689
v -1.2674 0.7640 -4.3379
v -0.9411 0.7640 -4.3379
v -1.2674 0.8725 -4.3689
v -1.2938 0.5681 -4.3446
v -1.2938 0.7338 -4.3473
v -0.9411 0.5383 -4.3343
v -1.2674 0.4288 -4.3618
v -0.9411 0.4288 -4.3618
v -1.2674 0.5383 -4.3343
v -1.2938 0.2626 -4.4655
v -1.2938 0.4074 -4.3850
v -0.9411 0.2316 -4.4715
v -1.2674 0.1505 -4.5500
v -0.9411 0.1505 -4.5500
v -1.2674 0.2316 -4.4715
v -1.2938 0.0584 -4.7230
v -1.2938 0.1436 -4.5808
v -0.9411 0.0346 -4.7436
v -1.2674 0.0036 -4.8522
v -0.9411 0.0036 -4.8522
v -1.2674 0.0346 -4.7436
v -1.2938 0.0103 -5.0480
v -1.2938 0.0130 -4.8823
v -0.9411 0.0000 -5.0778
v -1.2674 0.0275 -5.1873
v -0.9411 0.0275 -5.1873
v -1.2674 0.0000 -5.0778
v -1.2938 0.1312 -5.3536
v -1.2938 0.0506 -5.2087
v -0.9411 0.1372 -5.3845
v -1.2674 0.2157 -5.4656
v -0.9411 0.2157 -5.4656
v -1.2674 0.1372 -5.3845
v -1.2938 0.3886 -5.5577
v -1.2938 0.2465 -5.4726
v -0.9411 0.4093 -5.5816
v -1.2674 0.5179 -5.6125
v -0.9411 0.5179 -5.6125
v -1.2674 0.4093 -5.5816
v -1.2938 0.7137 -5.6058
v -1.2938 0.5480 -5.6032
v -1.3570 0.8573 -5.5223
v -1.3570 0.7083 -5.5596
v -1.3570 0.9915 -5.4476
v -1.3570 1.1018 -5.3408
v -1.3570 1.1807 -5.2090
v -1.3570 1.2228 -5.0613
v -1.3570 1.2253 -4.9078
v -1.3570 1.1879 -4.7588
v -1.3570 1.1133 -4.6246
v -1.3570 1.0065 -4.5143
v -1.3570 0.8747 -4.4354
v -1.3570 0.7270 -4.3933
v -1.3570 0.5735 -4.3908
v -1.3570 0.4245 -4.4282
v -1.3570 0.2903 -4.5029
v -1.3570 0.1800 -4.6097
v -1.3570 0.1011 -4.7414
v -1.3570 0.0590 -4.8891
v -1.3570 0.0565 -5.0427
v -1.3570 0.0939 -5.1916
v -1.3570 0.1685 -5.3258
v -1.3570 0.2754 -5.4361
v -1.3570 0.4071 -5.5150
v -1.3570 0.5548 -5.5572
v -1.3570 0.9464 -5.1075
v -1.3570 0.9017 -5.1821
v -1.3570 0.8393 -5.2425
v -1.3570 0.7634 -5.2848
v -1.3570 0.6791 -5.3059
v -1.3570 0.5922 -5.3045
v -1.3570 0.5086 -5.2807
v -1.3570 0.4341 -5.2360
v -1.3570 0.3736 -5.1736
v -1.3570 0.3314 -5.0977
v -1.3570 0.3102 -5.0134
v -1.3570 0.3116 -4.9265
v -1.3570 0.3355 -4.8429
v -1.3570 0.3801 -4.7684
v -1.3570 0.4425 -4.7080
v -1.3570 0.5185 -4.6657
v -1.3570 0.6028 -4.6446
v -1.3570 0.6896 -4.6460
v -1.3570 0.7732 -4.6698
v -1.3570 0.8477 -4.7144
v -1.3570 0.9082 -4.7769
v -1.3570 0.9504 -4.8528
v -1.3570 0.9716 -4.9371
v -1.3570 0.9702 -5.0240
v -1.2809 0.7462 -5.2415
v -1.2809 0.6737 -5.2597
v -1.2809 0.8116 -5.2052
v -1.2809 0.8653 -5.1532
v -1.2809 0.9037 -5.0890
v -1.2809 0.9242 -5.0171
v -1.2809 0.9254 -4.9424
v -1.2809 0.9072 -4.8699
v -1.2809 0.8708 -4.8046
v -1.2809 0.8188 -4.7509
v -1.2809 0.7547 -4.7125
v -1.2809 0.6828 -4.6920
v -1.2809 0.6081 -4.6908
v -1.2809 0.5356 -4.7090
v -1.2809 0.4703 -4.7453
v -1.2809 0.4166 -4.7973
v -1.2809 0.3782 -4.8614
v -1.2809 0.3577 -4.9333
v -1.2809 0.3565 -5.0081
v -1.2809 0.3746 -5.0806
v -1.2809 0.4110 -5.1459
v -1.2809 0.4630 -5.1996
v -1.2809 0.5271 -5.2380
v -1.2809 0.5990 -5.2585
v -0.9184 0.6611 -5.1281
v -0.9184 0.7987 -4.9546
v -0.9184 0.7658 -5.0698
v -0.9184 0.6252 -4.8171
v -0.9184 0.7404 -4.8499
v -0.9184 0.4877 -4.9905
v -0.9184 0.5205 -4.8753
v -0.9184 0.5459 -5.0952
v 0.7985 0.6573 -5.0945
v -0.8617 0.7394 -5.0488
v 0.7985 0.7394 -5.0488
v -0.8617 0.6573 -5.0945
v -0.8617 0.7651 -4.9585
v 0.7985 0.7651 -4.9585
v -0.8617 0.7195 -4.8764
v 0.7985 0.7195 -4.8764
v -0.8617 0.6291 -4.8506
v 0.7985 0.6291 -4.8506
v -0.8617 0.5470 -4.8963
v 0.7985 0.5470 -4.8963
v -0.8617 0.5212 -4.9866
v 0.7985 0.5212 -4.9866
v -0.8617 0.5669 -5.0688
v 0.7985 0.5669 -5.0687
v -0.8617 0.6611 -5.1281
v -0.8617 0.7658 -5.0698
v -0.8617 0.5459 -5.0952
v -0.8617 0.4877 -4.9905
v -0.8617 0.5205 -4.8753
v -0.8617 0.6252 -4.8171
v -0.8617 0.7404 -4.8499
v -0.8617 0.7987 -4.9546
v 0.8514 0.7137 -5.6058
v 0.8514 1.0192 -5.4850
v 0.8514 0.8744 -5.5655
v 0.8514 1.2234 -5.2275
v 0.8514 1.1383 -5.3697
v 0.8514 1.2715 -4.9025
v 0.8514 1.2689 -5.0681
v 0.8514 1.1506 -4.5969
v 0.8514 1.2312 -4.7417
v 0.8514 0.8932 -4.3927
v 0.8514 1.0354 -4.4779
v 0.8514 0.5681 -4.3446
v 0.8514 0.7338 -4.3473
v 0.8514 0.2626 -4.4655
v 0.8514 0.4074 -4.3850
v 0.8514 0.0584 -4.7230
v 0.8514 0.1436 -4.5808
v 0.8514 0.0103 -5.0480
v 0.8514 0.0130 -4.8823
v 0.8514 0.1312 -5.3535
v 0.8514 0.0506 -5.2087
v 0.8514 0.3886 -5.5577
v 0.8514 0.2465 -5.4726
v 0.8514 0.5480 -5.6032
v 0.8778 0.7435 -5.6161
v 1.2042 0.8530 -5.5887
v 1.2042 0.7435 -5.6161
v 0.8778 0.8530 -5.5887
v 1.2306 1.0192 -5.4850
v 1.2306 0.8744 -5.5655
v 0.8778 1.0502 -5.4790
v 1.2042 1.1313 -5.4004
v 1.2042 1.0502 -5.4790
v 0.8778 1.1313 -5.4004
v 1.2306 1.2234 -5.2275
v 1.2306 1.1383 -5.3697
v 0.8778 1.2473 -5.2068
v 1.2042 1.2782 -5.0983
v 1.2042 1.2473 -5.2068
v 0.8778 1.2782 -5.0983
v 1.2306 1.2715 -4.9025
v 1.2306 1.2689 -5.0681
v 0.8778 1.2818 -4.8726
v 1.2042 1.2544 -4.7631
v 1.2042 1.2818 -4.8726
v 0.8778 1.2544 -4.7631
v 1.2306 1.1506 -4.5969
v 1.2306 1.2312 -4.7417
v 0.8778 1.1447 -4.5659
v 1.2042 1.0661 -4.4848
v 1.2042 1.1447 -4.5659
v 0.8778 1.0661 -4.4848
v 1.2306 0.8932 -4.3927
v 1.2306 1.0354 -4.4779
v 0.8778 0.8725 -4.3689
v 1.2042 0.7640 -4.3379
v 1.2042 0.8725 -4.3689
v 0.8778 0.7640 -4.3379
v 1.2306 0.5681 -4.3446
v 1.2306 0.7338 -4.3473
v 0.8778 0.5383 -4.3343
v 1.2042 0.4288 -4.3618
v 1.2042 0.5383 -4.3343
v 0.8778 0.4288 -4.3618
v 1.2306 0.2626 -4.4655
v 1.2306 0.4074 -4.3850
v 0.8778 0.2316 -4.4715
v 1.2042 0.1505 -4.5500
v 1.2042 0.2316 -4.4715
v 0.8778 0.1505 -4.5500
v 1.2306 0.0584 -4.7230
v 1.2306 0.1436 -4.5808
v 0.8778 0.0346 -4.7436
v 1.2042 0.0036 -4.8522
v 1.2042 0.0346 -4.7436
v 0.8778 0.0036 -4.8522
v 1.2306 0.0103 -5.0480
v 1.2306 0.0130 -4.8823
v 0.8778 0.0000 -5.0778
v 1.2042 0.0275 -5.1873
v 1.2042 0.0000 -5.0778
v 0.8778 0.0275 -5.1873
v 1.2306 0.1312 -5.3535
v 1.2306 0.0506 -5.2087
v 0.8778 0.1372 -5.3845
v 1.2042 0.2157 -5.4656
v 1.2042 0.1372 -5.3845
v 0.8778 0.2157 -5.4656
v 1.2306 0.3886 -5.5577
v 1.2306 0.2465 -5.4726
v 0.8778 0.4093 -5.5816
v 1.2042 0.5179 -5.6125
v 1.2042 0.4093 -5.5816
v 0.8778 0.5179 -5.6125
v 1.2306 0.7137 -5.6058
v 1.2306 0.5480 -5.6032
v 1.2937 0.8573 -5.5223
v 1.2937 0.7083 -5.5596
v 1.2937 0.9915 -5.4476
v 1.2937 1.1018 -5.3408
v 1.2937 1.1807 -5.2090
v 1.2937 1.2228 -5.0613
v 1.2937 1.2253 -4.9078
v 1.2937 1.1879 -4.7588
v 1.2937 1.1133 -4.6246
v 1.2937 1.0065 -4.5143
v 1.2937 0.8747 -4.4354
v 1.2937 0.7270 -4.3933
v 1.2937 0.5735 -4.3908
v 1.2937 0.4245 -4.4282
v 1.2937 0.2903 -4.5029
v 1.2937 0.1800 -4.6097
v 1.2937 0.1011 -4.7414
v 1.2937 0.0590 -4.8891
v 1.2937 0.0565 -5.0427
v 1.2937 0.0939 -5.1916
v 1.2937 0.1685 -5.3258
v 1.2937 0.2754 -5.4361
v 1.2937 0.4071 -5.5150
v 1.2937 0.5548 -5.5572
v 1.2937 0.9702 -5.0240
v 1.2937 0.9464 -5.1075
v 1.2937 0.9017 -5.1821
v 1.2937 0.8393 -5.2425
v 1.2937 0.7634 -5.2847
v 1.2937 0.6791 -5.3059
v 1.2937 0.5922 -5.3045
v 1.2937 0.5086 -5.2807
v 1.2937 0.4341 -5.2360
v 1.2937 0.3736 -5.1736
v 1.2937 0.3314 -5.0977
v 1.2937 0.3102 -5.0134
v 1.2937 0.3116 -4.9265
v 1.2937 0.3355 -4.8429
v 1.2937 0.3801 -4.7684
v 1.2937 0.4425 -4.7079
v 1.2937 0.5185 -4.6657
v 1.2937 0.6028 -4.6446
v 1.2937 0.6896 -4.6460
v 1.2937 0.7732 -4.6698
v 1.2937 0.8477 -4.7144
v 1.2937 0.9082 -4.7769
v 1.2937 0.9504 -4.8528
v 1.2937 0.9716 -4.9371
v 1.2177 0.7462 -5.2415
v 1.2177 0.6737 -5.2597
v 1.2177 0.8116 -5.2052
v 1.2177 0.8653 -5.1532
v 1.2177 0.9037 -5.0890
v 1.2177 0.9242 -5.0171
v 1.2177 0.9254 -4.9424
v 1.2177 0.9072 -4.8699
v 1.2177 0.8708 -4.8046
v 1.2177 0.8188 -4.7509
v 1.2177 0.7547 -4.7125
v 1.2177 0.6828 -4.6920
v 1.2177 0.6081 -4.6908
v 1.2177 0.5356 -4.7090
v 1.2177 0.4703 -4.7453
v 1.2177 0.4166 -4.7973
v 1.2177 0.3782 -4.8614
v 1.2177 0.3577 -4.9333
v 1.2177 0.3565 -5.0081
v 1.2177 0.3746 -5.0806
v 1.2177 0.4110 -5.1459
v 1.2177 0.4630 -5.1996
v 1.2177 0.5271 -5.2380
v 1.2177 0.5990 -5.2585
v 0.8551 0.4877 -4.9905
v 0.8551 0.6252 -4.8170
v 0.8551 0.5205 -4.8753
v 0.8551 0.7987 -4.9546
v 0.8551 0.7404 -4.8499
v 0.8551 0.6611 -5.1281
v 0.8551 0.7658 -5.0698
v 0.8551 0.5459 -5.0952
v 0.7985 0.6611 -5.1281
v 0.7985 0.7658 -5.0698
v 0.7985 0.5459 -5.0952
v 0.7985 0.4877 -4.9905
v 0.7985 0.5205 -4.8753
v 0.7985 0.6252 -4.8170
v 0.7985 0.7404 -4.8499
v 0.7985 0.7987 -4.9546
v -0.9147 0.3886 -4.1746
v -0.9147 0.1312 -3.9704
v -0.9147 0.2465 -4.0895
v -0.9147 0.0103 -3.6649
v -0.9147 0.0506 -3.8256
v -0.9147 0.0584 -3.3398
v -0.9147 0.0130 -3.4992
v -0.9147 0.2626 -3.0824
v -0.9147 0.1436 -3.1977
v -0.9147 0.5681 -2.9615
v -0.9147 0.4074 -3.0018
v -0.9147 0.8932 -3.0096
v -0.9147 0.7338 -2.9642
v -0.9147 1.1506 -3.2138
v -0.9147 1.0354 -3.0947
v -0.9147 1.2715 -3.5193
v -0.9147 1.2312 -3.3586
v -0.9147 1.2234 -3.8444
v -0.9147 1.2689 -3.6850
v -0.9147 1.0192 -4.1018
v -0.9147 1.1383 -3.9865
v -0.9147 0.7137 -4.2227
v -0.9147 0.8744 -4.1824
v -0.9147 0.5480 -4.2200
v -0.9411 0.7435 -4.2330
v -1.2674 0.8530 -4.2055
v -0.9411 0.8530 -4.2055
v -1.2674 0.7435 -4.2330
v -1.2938 1.0192 -4.1018
v -1.2938 0.8744 -4.1824
v -0.9411 1.0502 -4.0958
v -1.2674 1.1313 -4.0173
v -0.9411 1.1313 -4.0173
v -1.2674 1.0502 -4.0958
v -1.2938 1.2234 -3.8444
v -1.2938 1.1383 -3.9865
v -0.9411 1.2473 -3.8237
v -1.2674 1.2782 -3.7152
v -0.9411 1.2782 -3.7152
v -1.2674 1.2473 -3.8237
v -1.2938 1.2715 -3.5193
v -1.2938 1.2689 -3.6850
v -0.9411 1.2818 -3.4895
v -1.2674 1.2544 -3.3800
v -0.9411 1.2544 -3.3800
v -1.2674 1.2818 -3.4895
v -1.2938 1.1506 -3.2138
v -1.2938 1.2312 -3.3586
v -0.9411 1.1447 -3.1828
v -1.2674 1.0661 -3.1017
v -0.9411 1.0661 -3.1017
v -1.2674 1.1447 -3.1828
v -1.2938 0.8932 -3.0096
v -1.2938 1.0354 -3.0947
v -0.9411 0.8725 -2.9858
v -1.2674 0.7640 -2.9548
v -0.9411 0.7640 -2.9548
v -1.2674 0.8725 -2.9858
v -1.2938 0.5681 -2.9615
v -1.2938 0.7338 -2.9642
v -0.9411 0.5383 -2.9512
v -1.2674 0.4288 -2.9787
v -0.9411 0.4288 -2.9787
v -1.2674 0.5383 -2.9512
v -1.2938 0.2626 -3.0824
v -1.2938 0.4074 -3.0018
v -0.9411 0.2316 -3.0883
v -1.2674 0.1505 -3.1669
v -0.9411 0.1505 -3.1669
v -1.2674 0.2316 -3.0883
v -1.2938 0.0584 -3.3398
v -1.2938 0.1436 -3.1977
v -0.9411 0.0346 -3.3605
v -1.2674 0.0036 -3.4690
v -0.9411 0.0036 -3.4690
v -1.2674 0.0346 -3.3605
v -1.2938 0.0103 -3.6649
v -1.2938 0.0130 -3.4992
v -0.9411 0.0000 -3.6947
v -1.2674 0.0275 -3.8042
v -0.9411 0.0275 -3.8042
v -1.2674 0.0000 -3.6947
v -1.2938 0.1312 -3.9704
v -1.2938 0.0506 -3.8256
v -0.9411 0.1372 -4.0014
v -1.2674 0.2157 -4.0825
v -0.9411 0.2157 -4.0825
v -1.2674 0.1372 -4.0014
v -1.2938 0.3886 -4.1746
v -1.2938 0.2465 -4.0895
v -0.9411 0.4093 -4.1984
v -1.2674 0.5179 -4.2294
v -0.9411 0.5179 -4.2294
v -1.2674 0.4093 -4.1984
v -1.2938 0.7137 -4.2227
v -1.2938 0.5480 -4.2200
v -1.3570 0.8573 -4.1391
v -1.3570 0.7083 -4.1765
v -1.3570 0.9915 -4.0645
v -1.3570 1.1018 -3.9576
v -1.3570 1.1807 -3.8259
v -1.3570 1.2228 -3.6782
v -1.3570 1.2253 -3.5247
v -1.3570 1.1879 -3.3757
v -1.3570 1.1133 -3.2415
v -1.3570 1.0065 -3.1312
v -1.3570 0.8747 -3.0523
v -1.3570 0.7270 -3.0102
v -1.3570 0.5735 -3.0077
v -1.3570 0.4245 -3.0451
v -1.3570 0.2903 -3.1197
v -1.3570 0.1800 -3.2266
v -1.3570 0.1011 -3.3583
v -1.3570 0.0590 -3.5060
v -1.3570 0.0565 -3.6595
v -1.3570 0.0939 -3.8085
v -1.3570 0.1685 -3.9427
v -1.3570 0.2754 -4.0530
v -1.3570 0.4071 -4.1319
v -1.3570 0.5548 -4.1740
v -1.3570 0.9464 -3.7244
v -1.3570 0.9017 -3.7989
v -1.3570 0.8393 -3.8594
v -1.3570 0.7634 -3.9016
v -1.3570 0.6791 -3.9228
v -1.3570 0.5922 -3.9214
v -1.3570 0.5086 -3.8975
v -1.3570 0.4341 -3.8529
v -1.3570 0.3736 -3.7905
v -1.3570 0.3314 -3.7145
v -1.3570 0.3102 -3.6303
v -1.3570 0.3116 -3.5434
v -1.3570 0.3355 -3.4598
v -1.3570 0.3801 -3.3853
v -1.3570 0.4425 -3.3248
v -1.3570 0.5185 -3.2826
v -1.3570 0.6028 -3.2614
v -1.3570 0.6896 -3.2628
v -1.3570 0.7732 -3.2867
v -1.3570 0.8477 -3.3313
v -1.3570 0.9082 -3.3937
v -1.3570 0.9504 -3.4697
v -1.3570 0.9716 -3.5539
v -1.3570 0.9702 -3.6408
v -1.2809 0.7462 -3.8584
v -1.2809 0.6737 -3.8766
v -1.2809 0.8116 -3.8220
v -1.2809 0.8653 -3.7700
v -1.2809 0.9037 -3.7059
v -1.2809 0.9242 -3.6340
v -1.2809 0.9254 -3.5593
v -1.2809 0.9072 -3.4868
v -1.2809 0.8708 -3.4214
v -1.2809 0.8188 -3.3677
v -1.2809 0.7547 -3.3293
v -1.2809 0.6828 -3.3088
v -1.2809 0.6081 -3.3076
v -1.2809 0.5356 -3.3258
v -1.2809 0.4703 -3.3622
v -1.2809 0.4166 -3.4142
v -1.2809 0.3782 -3.4783
v -1.2809 0.3577 -3.5502
v -1.2809 0.3565 -3.6249
v -1.2809 0.3746 -3.6974
v -1.2809 0.4110 -3.7628
v -1.2809 0.4630 -3.8165
v -1.2809 0.5271 -3.8549
v -1.2809 0.5990 -3.8754
v -0.9184 0.6611 -3.7449
v -0.9184 0.7987 -3.5715
v -0.9184 0.7658 -3.6867
v -0.9184 0.6252 -3.4339
v -0.9184 0.7404 -3.4668
v -0.9184 0.4877 -3.6074
v -0.9184 0.5205 -3.4922
v -0.9184 0.5459 -3.7121
v -0.8617 0.7394 -3.6657
v -0.8617 0.6611 -3.7449
v -0.8617 0.7658 -3.6867
v -0.8617 0.6573 -3.7114
v -0.8617 0.5459 -3.7121
v -0.8617 0.5669 -3.6856
v -0.8617 0.4877 -3.6074
v -0.8617 0.5212 -3.6035
v -0.8617 0.5205 -3.4922
v -0.8617 0.5470 -3.5131
v -0.8617 0.6252 -3.4339
v -0.8617 0.6291 -3.4675
v -0.8617 0.7404 -3.4668
v -0.8617 0.7195 -3.4932
v -0.8617 0.7987 -3.5715
v -0.8617 0.7651 -3.5753
v 0.8514 0.7137 -4.2227
v 0.8514 1.0192 -4.1018
v 0.8514 0.8744 -4.1824
v 0.8514 1.2234 -3.8444
v 0.8514 1.1383 -3.9865
v 0.8514 1.2715 -3.5193
v 0.8514 1.2689 -3.6850
v 0.8514 1.1506 -3.2138
v 0.8514 1.2312 -3.3586
v 0.8514 0.8932 -3.0096
v 0.8514 1.0354 -3.0947
v 0.8514 0.5681 -2.9615
v 0.8514 0.7338 -2.9642
v 0.8514 0.2626 -3.0824
v 0.8514 0.4074 -3.0018
v 0.8514 0.0584 -3.3398
v 0.8514 0.1436 -3.1977
v 0.8514 0.0103 -3.6649
v 0.8514 0.0130 -3.4992
v 0.8514 0.1312 -3.9704
v 0.8514 0.0506 -3.8256
v 0.8514 0.3886 -4.1746
v 0.8514 0.2465 -4.0894
v 0.8514 0.5480 -4.2200
v 0.8778 0.7435 -4.2330
v 1.2042 0.8530 -4.2055
v 1.2042 0.7435 -4.2330
v 0.8778 0.8530 -4.2055
v 1.2306 1.0192 -4.1018
v 1.2306 0.8744 -4.1824
v 0.8778 1.0502 -4.0958
v 1.2042 1.1313 -4.0173
v 1.2042 1.0502 -4.0958
v 0.8778 1.1313 -4.0173
v 1.2306 1.2234 -3.8444
v 1.2306 1.1383 -3.9865
v 0.8778 1.2473 -3.8237
v 1.2042 1.2782 -3.7152
v 1.2042 1.2473 -3.8237
v 0.8778 1.2782 -3.7152
v 1.2306 1.2715 -3.5193
v 1.2306 1.2689 -3.6850
v 0.8778 1.2818 -3.4895
v 1.2042 1.2544 -3.3800
v 1.2042 1.2818 -3.4895
v 0.8778 1.2544 -3.3800
v 1.2306 1.1506 -3.2138
v 1.2306 1.2312 -3.3586
v 0.8778 1.1447 -3.1828
v 1.2042 1.0661 -3.1017
v 1.2042 1.1447 -3.1828
v 0.8778 1.0661 -3.1017
v 1.2306 0.8932 -3.0096
v 1.2306 1.0354 -3.0947
v 0.8778 0.8725 -2.9858
v 1.2042 0.7640 -2.9548
v 1.2042 0.8725 -2.9858
v 0.8778 0.7640 -2.9548
v 1.2306 0.5681 -2.9615
v 1.2306 0.7338 -2.9642
v 0.8778 0.5383 -2.9512
v 1.2042 0.4288 -2.9786
v 1.2042 0.5383 -2.9512
v 0.8778 0.4288 -2.9786
v 1.2306 0.2626 -3.0824
v 1.2306 0.4074 -3.0018
v 0.8778 0.2316 -3.0883
v 1.2042 0.1505 -3.1669
v 1.2042 0.2316 -3.0883
v 0.8778 0.1505 -3.1669
v 1.2306 0.0584 -3.3398
v 1.2306 0.1436 -3.1977
v 0.8778 0.0346 -3.3605
v 1.2042 0.0036 -3.4690
v 1.2042 0.0346 -3.3605
v 0.8778 0.0036 -3.4690
v 1.2306 0.0103 -3.6649
v 1.2306 0.0130 -3.4992
v 0.8778 0.0000 -3.6947
v 1.2042 0.0275 -3.8042
v 1.2042 0.0000 -3.6947
v 0.8778 0.0275 -3.8042
v 1.2306 0.1312 -3.9704
v 1.2306 0.0506 -3.8256
v 0.8778 0.1372 -4.0014
v 1.2042 0.2157 -4.0825
v 1.2042 0.1372 -4.0014
v 0.8778 0.2157 -4.0825
v 1.2306 0.3886 -4.1746
v 1.2306 0.2465 -4.0894
v 0.8778 0.4093 -4.1984
v 1.2042 0.5179 -4.2294
v 1.2042 0.4093 -4.1984
v 0.8778 0.5179 -4.2294
v 1.2306 0.7137 -4.2227
v 1.2306 0.5480 -4.2200
v 1.2937 0.8573 -4.1391
v 1.2937 0.7083 -4.1765
v 1.2937 0.9915 -4.0645
v 1.2937 1.1018 -3.9576
v 1.2937 1.1807 -3.8259
v 1.2937 1.2228 -3.6782
v 1.2937 1.2253 -3.5247
v 1.2937 1.1879 -3.3757
v 1.2937 1.1133 -3.2415
v 1.2937 1.0065 -3.1312
v 1.2937 0.8747 -3.0523
v 1.2937 0.7270 -3.0102
v 1.2937 0.5735 -3.0077
v 1.2937 0.4245 -3.0451
v 1.2937 0.2903 -3.1197
v 1.2937 0.1800 -3.2266
v 1.2937 0.1011 -3.3583
v 1.2937 0.0590 -3.5060
v 1.2937 0.0565 -3.6595
v 1.2937 0.0939 -3.8085
v 1.2937 0.1685 -3.9427
v 1.2937 0.2754 -4.0530
v 1.2937 0.4071 -4.1319
v 1.2937 0.5548 -4.1740
v 1.2937 0.9702 -3.6408
v 1.2937 0.9464 -3.7244
v 1.2937 0.9017 -3.7989
v 1.2937 0.8393 -3.8594
v 1.2937 0.7634 -3.9016
v 1.2937 0.6791 -3.9228
v 1.2937 0.5922 -3.9214
v 1.2937 0.5086 -3.8975
v 1.2937 0.4341 -3.8529
v 1.2937 0.3736 -3.7905
v 1.2937 0.3314 -3.7145
v 1.2937 0.3102 -3.6303
v 1.2937 0.3116 -3.5434
v 1.2937 0.3355 -3.4598
v 1.2937 0.3801 -3.3853
v 1.2937 0.4425 -3.3248
v 1.2937 0.5185 -3.2826
v 1.2937 0.6028 -3.2614
v 1.2937 0.6896 -3.2628
v 1.2937 0.7732 -3.2867
v 1.2937 0.8477 -3.3313
v 1.2937 0.9082 -3.3937
v 1.2937 0.9504 -3.4697
v 1.2937 0.9716 -3.5539
v 1.2177 0.7462 -3.8584
v 1.2177 0.6737 -3.8766
v 1.2177 0.8116 -3.8220
v 1.2177 0.8653 -3.7700
v 1.2177 0.9037 -3.7059
v 1.2177 0.9242 -3.6340
v 1.2177 0.9254 -3.5593
v 1.2177 0.9072 -3.4868
v 1.2177 0.8708 -3.4214
v 1.2177 0.8188 -3.3677
v 1.2177 0.7547 -3.3293
v 1.2177 0.6828 -3.3088
v 1.2177 0.6081 -3.3076
v 1.2177 0.5356 -3.3258
v 1.2177 0.4703 -3.3622
v 1.2177 0.4166 -3.4142
v 1.2177 0.3782 -3.4783
v 1.2177 0.3577 -3.5502
v 1.2177 0.3565 -3.6249
v 1.2177 0.3746 -3.6974
v 1.2177 0.4110 -3.7628
v 1.2177 0.4630 -3.8164
v 1.2177 0.5271 -3.8549
v 1.2177 0.5990 -3.8754
v 0.8551 0.4877 -3.6074
v 0.8551 0.6252 -3.4339
v 0.8551 0.5205 -3.4921
v 0.8551 0.7987 -3.5715
v 0.8551 0.7404 -3.4668
v 0.8551 0.6611 -3.7449
v 0.8551 0.7658 -3.6867
v 0.8551 0.5459 -3.7121
v 0.7984 0.7394 -3.6657
v 0.7984 0.6573 -3.7114
v 0.7984 0.7651 -3.5753
v 0.7984 0.7195 -3.4932
v 0.7984 0.6291 -3.4675
v 0.7984 0.5470 -3.5131
v 0.7984 0.5212 -3.6035
v 0.7984 0.5669 -3.6856
v 0.7984 0.6611 -3.7449
v 0.7984 0.7658 -3.6867
v 0.7984 0.5459 -3.7121
v 0.7984 0.4877 -3.6074
v 0.7984 0.5205 -3.4921
v 0.7984 0.6252 -3.4339
v 0.7984 0.7404 -3.4668
v 0.7984 0.7987 -3.5715
v -0.9147 0.3886 4.7574
v -0.9147 0.1312 4.9616
v -0.9147 0.2465 4.8425
v -0.9147 0.0103 5.2671
v -0.9147 0.0506 5.1064
v -0.9147 0.0584 5.5922
v -0.9147 0.0130 5.4328
v -0.9147 0.2626 5.8496
v -0.9147 0.1436 5.7343
v -0.9147 0.5681 5.9705
v -0.9147 0.4074 5.9301
v -0.9147 0.8932 5.9224
v -0.9147 0.7338 5.9678
v -0.9147 1.1506 5.7182
v -0.9147 1.0354 5.8372
v -0.9147 1.2715 5.4126
v -0.9147 1.2312 5.5734
v -0.9147 1.2234 5.0876
v -0.9147 1.2689 5.2470
v -0.9147 1.0192 4.8301
v -0.9147 1.1383 4.9454
v -0.9147 0.7137 4.7093
v -0.9147 0.8744 4.7496
v -0.9147 0.5480 4.7119
v -0.9411 0.7435 4.6990
v -1.2674 0.8530 4.7264
v -0.9411 0.8530 4.7264
v -1.2674 0.7435 4.6990
v -1.2938 1.0192 4.8301
v -1.2938 0.8744 4.7496
v -0.9411 1.0502 4.8361
v -1.2674 1.1313 4.9147
v -0.9411 1.1313 4.9147
v -1.2674 1.0502 4.8361
v -1.2938 1.2234 5.0876
v -1.2938 1.1383 4.9454
v -0.9411 1.2473 5.1083
v -1.2674 1.2782 5.2168
v -0.9411 1.2782 5.2168
v -1.2674 1.2473 5.1083
v -1.2938 1.2715 5.4126
v -1.2938 1.2689 5.2470
v -0.9411 1.2818 5.4425
v -1.2674 1.2544 5.5520
v -0.9411 1.2544 5.5520
v -1.2674 1.2818 5.4425
v -1.2938 1.1506 5.7182
v -1.2938 1.2312 5.5734
v -0.9411 1.1447 5.7492
v -1.2674 1.0661 5.8303
v -0.9411 1.0661 5.8303
v -1.2674 1.1447 5.7492
v -1.2938 0.8932 5.9224
v -1.2938 1.0354 5.8372
v -0.9411 0.8725 5.9462
v -1.2674 0.7640 5.9772
v -0.9411 0.7640 5.9772
v -1.2674 0.8725 5.9462
v -1.2938 0.5681 5.9705
v -1.2938 0.7338 5.9678
v -0.9411 0.5383 5.9808
v -1.2674 0.4288 5.9533
v -0.9411 0.4288 5.9533
v -1.2674 0.5383 5.9808
v -1.2938 0.2626 5.8496
v -1.2938 0.4074 5.9301
v -0.9411 0.2316 5.8436
v -1.2674 0.1505 5.7651
v -0.9411 0.1505 5.7651
v -1.2674 0.2316 5.8436
v -1.2938 0.0584 5.5922
v -1.2938 0.1436 5.7343
v -0.9411 0.0346 5.5715
v -1.2674 0.0036 5.4629
v -0.9411 0.0036 5.4629
v -1.2674 0.0346 5.5715
v -1.2938 0.0103 5.2671
v -1.2938 0.0130 5.4328
v -0.9411 0.0000 5.2373
v -1.2674 0.0275 5.1278
v -0.9411 0.0275 5.1278
v -1.2674 0.0000 5.2373
v -1.2938 0.1312 4.9616
v -1.2938 0.0506 5.1064
v -0.9411 0.1372 4.9306
v -1.2674 0.2157 4.8495
v -0.9411 0.2157 4.8495
v -1.2674 0.1372 4.9306
v -1.2938 0.3886 4.7574
v -1.2938 0.2465 4.8425
v -0.9411 0.4093 4.7335
v -1.2674 0.5179 4.7026
v -0.9411 0.5179 4.7026
v -1.2674 0.4093 4.7335
v -1.2938 0.7137 4.7093
v -1.2938 0.5480 4.7119
v -1.3570 0.8573 4.7929
v -1.3570 0.7083 4.7555
v -1.3570 0.9915 4.8675
v -1.3570 1.1018 4.9743
v -1.3570 1.1807 5.1061
v -1.3570 1.2228 5.2538
v -1.3570 1.2253 5.4073
v -1.3570 1.1879 5.5563
v -1.3570 1.1133 5.6905
v -1.3570 1.0065 5.8008
v -1.3570 0.8747 5.8797
v -1.3570 0.7270 5.9218
v -1.3570 0.5735 5.9243
v -1.3570 0.4245 5.8869
v -1.3570 0.2903 5.8123
v -1.3570 0.1800 5.7054
v -1.3570 0.1011 5.5737
v -1.3570 0.0590 5.4260
v -1.3570 0.0565 5.2724
v -1.3570 0.0939 5.1235
v -1.3570 0.1685 4.9893
v -1.3570 0.2754 4.8790
v -1.3570 0.4071 4.8001
v -1.3570 0.5548 4.7579
v -1.3570 0.9464 5.2076
v -1.3570 0.9017 5.1330
v -1.3570 0.8393 5.0726
v -1.3570 0.7634 5.0304
v -1.3570 0.6791 5.0092
v -1.3570 0.5922 5.0106
v -1.3570 0.5086 5.0344
v -1.3570 0.4341 5.0791
v -1.3570 0.3736 5.1415
v -1.3570 0.3314 5.2174
v -1.3570 0.3102 5.3017
v -1.3570 0.3116 5.3886
v -1.3570 0.3355 5.4722
v -1.3570 0.3801 5.5467
v -1.3570 0.4425 5.6072
v -1.3570 0.5185 5.6494
v -1.3570 0.6028 5.6705
v -1.3570 0.6896 5.6691
v -1.3570 0.7732 5.6453
v -1.3570 0.8477 5.6007
v -1.3570 0.9082 5.5382
v -1.3570 0.9504 5.4623
v -1.3570 0.9716 5.3780
v -1.3570 0.9702 5.2911
v -1.2809 0.7462 5.0736
v -1.2809 0.6737 5.0554
v -1.2809 0.8116 5.1099
v -1.2809 0.8653 5.1619
v -1.2809 0.9037 5.2261
v -1.2809 0.9242 5.2980
v -1.2809 0.9254 5.3727
v -1.2809 0.9072 5.4452
v -1.2809 0.8708 5.5105
v -1.2809 0.8188 5.5642
v -1.2809 0.7547 5.6026
v -1.2809 0.6828 5.6231
v -1.2809 0.6081 5.6243
v -1.2809 0.5356 5.6061
v -1.2809 0.4703 5.5698
v -1.2809 0.4166 5.5178
v -1.2809 0.3782 5.4537
v -1.2809 0.3577 5.3818
v -1.2809 0.3565 5.3070
v -1.2809 0.3746 5.2345
v -1.2809 0.4110 5.1692
v -1.2809 0.4630 5.1155
v -1.2809 0.5271 5.0771
v -1.2809 0.5990 5.0566
v -0.9184 0.6611 5.1870
v -0.9184 0.7987 5.3605
v -0.9184 0.7658 5.2453
v -0.9184 0.6252 5.4981
v -0.9184 0.7404 5.4652
v -0.9184 0.4877 5.3246
v -0.9184 0.5205 5.4398
v -0.9184 0.5459 5.2199
v -0.8617 0.7394 5.2663
v -0.8617 0.6611 5.1870
v -0.8617 0.7658 5.2453
v -0.8617 0.6573 5.2206
v -0.8617 0.5459 5.2199
v -0.8617 0.5669 5.2464
v -0.8617 0.4877 5.3246
v -0.8617 0.5212 5.3285
v -0.8617 0.5205 5.4398
v -0.8617 0.5470 5.4188
v -0.8617 0.6252 5.4981
v -0.8617 0.6291 5.4645
v -0.8617 0.7404 5.4652
v -0.8617 0.7195 5.4387
v -0.8617 0.7987 5.3605
v -0.8617 0.7651 5.3566
v 0.8514 0.7137 4.7093
v 0.8514 1.0192 4.8301
v 0.8514 0.8744 4.7496
v 0.8514 1.2234 5.0876
v 0.8514 1.1383 4.9454
v 0.8514 1.2715 5.4126
v 0.8514 1.2689 5.2470
v 0.8514 1.1506 5.7182
v 0.8514 1.2312 5.5734
v 0.8514 0.8932 5.9224
v 0.8514 1.0354 5.8372
v 0.8514 0.5681 5.9705
v 0.8514 0.7338 5.9678
v 0.8514 0.2626 5.8496
v 0.8514 0.4074 5.9302
v 0.8514 0.0584 5.5922
v 0.8514 0.1436 5.7343
v 0.8514 0.0103 5.2671
v 0.8514 0.0130 5.4328
v 0.8514 0.1312 4.9616
v 0.8514 0.0506 5.1064
v 0.8514 0.3886 4.7574
v 0.8514 0.2465 4.8425
v 0.8514 0.5480 4.7119
v 0.8778 0.7435 4.6990
v 1.2042 0.8530 4.7264
v 1.2042 0.7435 4.6990
v 0.8778 0.8530 4.7264
v 1.2306 1.0192 4.8301
v 1.2306 0.8744 4.7496
v 0.8778 1.0502 4.8361
v 1.2042 1.1313 4.9147
v 1.2042 1.0502 4.8361
v 0.8778 1.1313 4.9147
v 1.2306 1.2234 5.0876
v 1.2306 1.1383 4.9454
v 0.8778 1.2473 5.1083
v 1.2042 1.2782 5.2168
v 1.2042 1.2473 5.1083
v 0.8778 1.2782 5.2168
v 1.2306 1.2715 5.4126
v 1.2306 1.2689 5.2470
v 0.8778 1.2818 5.4425
v 1.2042 1.2544 5.5520
v 1.2042 1.2818 5.4425
v 0.8778 1.2544 5.5520
v 1.2306 1.1506 5.7182
v 1.2306 1.2312 5.5734
v 0.8778 1.1447 5.7492
v 1.2042 1.0661 5.8303
v 1.2042 1.1447 5.7492
v 0.8778 1.0661 5.8303
v 1.2306 0.8932 5.9224
v 1.2306 1.0354 5.8372
v 0.8778 0.8725 5.9462
v 1.2042 0.7640 5.9772
v 1.2042 0.8725 5.9462
v 0.8778 0.7640 5.9772
v 1.2306 0.5681 5.9705
v 1.2306 0.7338 5.9678
v 0.8778 0.5383 5.9808
v 1.2042 0.4288 5.9533
v 1.2042 0.5383 5.9808
v 0.8778 0.4288 5.9533
v 1.2306 0.2626 5.8496
v 1.2306 0.4074 5.9302
v 0.8778 0.2316 5.8436
v 1.2042 0.1505 5.7651
v 1.2042 0.2316 5.8436
v 0.8778 0.1505 5.7651
v 1.2306 0.0584 5.5922
v 1.2306 0.1436 5.7343
v 0.8778 0.0346 5.5715
v 1.2042 0.0036 5.4629
v 1.2042 0.0346 5.5715
v 0.8778 0.0036 5.4629
v 1.2306 0.0103 5.2671
v 1.2306 0.0130 5.4328
v 0.8778 0.0000 5.2373
v 1.2042 0.0275 5.1278
v 1.2042 0.0000 5.2373
v 0.8778 0.0275 5.1278
v 1.2306 0.1312 4.9616
v 1.2306 0.0506 5.1064
v 0.8778 0.1372 4.9306
v 1.2042 0.2157 4.8495
v 1.2042 0.1372 4.9306
v 0.8778 0.2157 4.8495
v 1.2306 0.3886 4.7574
v 1.2306 0.2465 4.8425
v 0.8778 0.4093 4.7335
v 1.2042 0.5179 4.7026
v 1.2042 0.4093 4.7335
v 0.8778 0.5179 4.7026
v 1.2306 0.7137 4.7093
v 1.2306 0.5480 4.7119
v 1.2937 0.8573 4.7929
v 1.2937 0.7083 4.7555
v 1.2937 0.9915 4.8675
v 1.2937 1.1018 4.9743
v 1.2937 1.1807 5.1061
v 1.2937 1.2228 5.2538
v 1.2937 1.2253 5.4073
v 1.2937 1.1879 5.5563
v 1.2937 1.1133 5.6905
v 1.2937 1.0065 5.8008
v 1.2937 0.8747 5.8797
v 1.2937 0.7270 5.9218
v 1.2937 0.5735 5.9243
v 1.2937 0.4245 5.8869
v 1.2937 0.2903 5.8123
v 1.2937 0.1800 5.7054
v 1.2937 0.1011 5.5737
v 1.2937 0.0590 5.4260
v 1.2937 0.0565 5.2724
v 1.2937 0.0939 5.1235
v 1.2937 0.1685 4.9893
v 1.2937 0.2754 4.8790
v 1.2937 0.4071 4.8001
v 1.2937 0.5548 4.7579
v 1.2937 0.9702 5.2912
v 1.2937 0.9464 5.2076
v 1.2937 0.9017 5.1330
v 1.2937 0.8393 5.0726
v 1.2937 0.7634 5.0304
v 1.2937 0.6791 5.0092
v 1.2937 0.5922 5.0106
v 1.2937 0.5086 5.0344
v 1.2937 0.4341 5.0791
v 1.2937 0.3736 5.1415
v 1.2937 0.3314 5.2174
v 1.2937 0.3102 5.3017
v 1.2937 0.3116 5.3886
v 1.2937 0.3355 5.4722
v 1.2937 0.3801 5.5467
v 1.2937 0.4425 5.6072
v 1.2937 0.5185 5.6494
v 1.2937 0.6028 5.6705
v 1.2937 0.6896 5.6692
v 1.2937 0.7732 5.6453
v 1.2937 0.8477 5.6007
v 1.2937 0.9082 5.5383
v 1.2937 0.9504 5.4623
v 1.2937 0.9716 5.3780
v 1.2177 0.7462 5.0736
v 1.2177 0.6737 5.0554
v 1.2177 0.8116 5.1099
v 1.2177 0.8653 5.1619
v 1.2177 0.9037 5.2261
v 1.2177 0.9242 5.2980
v 1.2177 0.9254 5.3727
v 1.2177 0.9072 5.4452
v 1.2177 0.8708 5.5105
v 1.2177 0.8188 5.5642
v 1.2177 0.7547 5.6026
v 1.2177 0.6828 5.6231
v 1.2177 0.6081 5.6243
v 1.2177 0.5356 5.6061
v 1.2177 0.4703 5.5698
v 1.2177 0.4166 5.5178
v 1.2177 0.3782 5.4537
v 1.2177 0.3577 5.3818
v 1.2177 0.3565 5.3071
v 1.2177 0.3746 5.2345
v 1.2177 0.4110 5.1692
v 1.2177 0.4630 5.1155
v 1.2177 0.5271 5.0771
v 1.2177 0.5990 5.0566
v 0.8551 0.4877 5.3246
v 0.8551 0.6252 5.4981
v 0.8551 0.5205 5.4398
v 0.8551 0.7987 5.3605
v 0.8551 0.7404 5.4652
v 0.8551 0.6611 5.1870
v 0.8551 0.7658 5.2453
v 0.8551 0.5459 5.2199
v 0.7985 0.7394 5.2663
v 0.7985 0.6573 5.2206
v 0.7985 0.7651 5.3566
v 0.7985 0.7195 5.4387
v 0.7985 0.6291 5.4645
v 0.7985 0.5470 5.4188
v 0.7985 0.5212 5.3285
v 0.7985 0.5669 5.2464
v 0.7985 0.6611 5.1870
v 0.7985 0.7658 5.2453
v 0.7985 0.5459 5.2199
v 0.7985 0.4877 5.3246
v 0.7985 0.5205 5.4398
v 0.7985 0.6252 5.4981
v 0.7985 0.7404 5.4652
v 0.7985 0.7987 5.3605
v -0.9188 0.7967 7.2433
v -0.9635 0.9326 7.2433
v -0.9188 0.8999 7.2433
v -1.3161 0.8999 7.2433
v -1.2677 0.9326 7.2433
v -1.2677 0.7542 7.2433
v -1.3161 0.7967 7.2433
v -0.9635 0.7542 7.2433
v -0.9700 0.7700 7.3076
v -1.3004 0.8032 7.3076
v -1.2611 0.7700 7.3076
v -1.2611 0.9168 7.3076
v -1.3004 0.8934 7.3076
v -0.9346 0.8934 7.3076
v -0.9700 0.9168 7.3076
v -0.9346 0.8032 7.3076
v -0.9635 0.7542 7.2853
v -1.2677 0.7542 7.2853
v -1.3161 0.7967 7.2853
v -1.3161 0.8999 7.2853
v -1.2677 0.9326 7.2853
v -0.9635 0.9326 7.2853
v -0.9188 0.8999 7.2853
v -0.9188 0.7967 7.2853
v 1.2961 0.7542 7.2433
v 1.3446 0.8999 7.2433
v 1.3446 0.7967 7.2433
v 0.9920 0.9326 7.2433
v 1.2961 0.9326 7.2433
v 0.9473 0.7967 7.2433
v 0.9473 0.8999 7.2433
v 0.9920 0.7542 7.2433
v 0.9630 0.8934 7.3076
v 1.2896 0.9168 7.3076
v 0.9985 0.9168 7.3076
v 1.3288 0.8032 7.3076
v 1.3288 0.8934 7.3076
v 0.9985 0.7700 7.3076
v 1.2896 0.7700 7.3076
v 0.9630 0.8032 7.3076
v 0.9920 0.7542 7.2853
v 1.2961 0.7542 7.2853
v 1.3446 0.7967 7.2853
v 1.3446 0.8999 7.2853
v 1.2961 0.9326 7.2853
v 0.9920 0.9326 7.2853
v 0.9473 0.8999 7.2853
v 0.9473 0.7967 7.2853
v 1.2161 1.0053 7.3156
v 1.2646 1.1510 7.3156
v 1.2646 1.0478 7.3156
v 1.1316 1.1837 7.3156
v 1.2161 1.1837 7.3156
v 1.0869 1.0478 7.3156
v 1.0869 1.1510 7.3156
v 1.1316 1.0053 7.3156
v 1.1026 1.1445 7.3799
v 1.2096 1.1679 7.3799
v 1.1381 1.1679 7.3799
v 1.2488 1.0543 7.3799
v 1.2488 1.1445 7.3799
v 1.1381 1.0211 7.3799
v 1.2096 1.0211 7.3799
v 1.1026 1.0543 7.3799
v 1.1316 1.0053 7.3576
v 1.2161 1.0053 7.3576
v 1.2646 1.0478 7.3576
v 1.2646 1.1510 7.3576
v 1.2161 1.1837 7.3576
v 1.1316 1.1837 7.3576
v 1.0869 1.1510 7.3576
v 1.0869 1.0478 7.3576
v 0.9568 1.0206 7.3096
v 0.9951 1.1357 7.3096
v 0.9951 1.0541 7.3096
v 0.8900 1.1615 7.3096
v 0.9568 1.1615 7.3096
v 0.8547 1.0541 7.3096
v 0.8547 1.1357 7.3096
v 0.8900 1.0206 7.3096
v 0.8672 1.1305 7.3604
v 0.9517 1.1490 7.3604
v 0.8952 1.1490 7.3604
v 0.9827 1.0593 7.3604
v 0.9827 1.1305 7.3604
v 0.8952 1.0330 7.3604
v 0.9517 1.0330 7.3604
v 0.8672 1.0593 7.3604
v 0.8900 1.0206 7.3428
v 0.9568 1.0206 7.3428
v 0.9951 1.0541 7.3428
v 0.9951 1.1357 7.3428
v 0.9568 1.1615 7.3428
v 0.8900 1.1615 7.3428
v 0.8547 1.1357 7.3428
v 0.8547 1.0541 7.3428
v -1.0584 1.0478 7.3156
v -1.1031 1.1837 7.3156
v -1.0584 1.1510 7.3156
v -1.2361 1.1510 7.3156
v -1.1876 1.1837 7.3156
v -1.1876 1.0053 7.3156
v -1.2361 1.0478 7.3156
v -1.1031 1.0053 7.3156
v -1.1096 1.0211 7.3799
v -1.2204 1.0543 7.3799
v -1.1811 1.0211 7.3799
v -1.1811 1.1679 7.3799
v -1.2204 1.1445 7.3799
v -1.0742 1.1445 7.3799
v -1.1096 1.1679 7.3799
v -1.0742 1.0543 7.3799
v -1.1031 1.0053 7.3576
v -1.1876 1.0053 7.3576
v -1.2361 1.0478 7.3576
v -1.2361 1.1510 7.3576
v -1.1876 1.1837 7.3576
v -1.1031 1.1837 7.3576
v -1.0584 1.1510 7.3576
v -1.0584 1.0478 7.3576
v -0.8262 1.0541 7.3096
v -0.8615 1.1615 7.3096
v -0.8262 1.1357 7.3096
v -0.9666 1.1357 7.3096
v -0.9283 1.1615 7.3096
v -0.9283 1.0206 7.3096
v -0.9666 1.0541 7.3096
v -0.8615 1.0206 7.3096
v -0.8667 1.0330 7.3604
v -0.9542 1.0593 7.3604
v -0.9232 1.0330 7.3604
v -0.9232 1.1490 7.3604
v -0.9542 1.1305 7.3604
v -0.8387 1.1305 7.3604
v -0.8667 1.1490 7.3604
v -0.8387 1.0593 7.3604
v -0.8615 1.0206 7.3428
v -0.9283 1.0206 7.3428
v -0.9666 1.0541 7.3428
v -0.9666 1.1357 7.3428
v -0.9283 1.1615 7.3428
v -0.8615 1.1615 7.3428
v -0.8262 1.1357 7.3428
v -0.8262 1.0541 7.3428
v 1.2847 0.9723 7.2294
v 1.3451 1.1642 7.2294
v 1.3451 1.0328 7.2294
v 0.8482 1.2247 7.2294
v 1.2847 1.2247 7.2294
v 0.7878 1.0328 7.2294
v 0.7878 1.1642 7.2294
v 0.8482 0.9723 7.2294
v 0.8036 1.1577 7.3221
v 1.2782 1.2089 7.3221
v 0.8548 1.2089 7.3221
v 1.3294 1.0393 7.3221
v 1.3294 1.1577 7.3221
v 0.8548 0.9881 7.3221
v 1.2782 0.9881 7.3221
v 0.8036 1.0393 7.3221
v 0.8482 0.9723 7.2999
v 1.2847 0.9723 7.2999
v 1.3451 1.0328 7.2999
v 1.3451 1.1642 7.2999
v 1.2847 1.2247 7.2999
v 0.8482 1.2247 7.2999
v 0.7878 1.1642 7.2999
v 0.7878 1.0328 7.2999
v -0.7593 1.0328 7.2294
v -0.8198 1.2247 7.2294
v -0.7593 1.1642 7.2294
v -1.3167 1.1642 7.2294
v -1.2562 1.2247 7.2294
v -1.2562 0.9723 7.2294
v -1.3167 1.0328 7.2294
v -0.8198 0.9723 7.2294
v -0.8263 0.9881 7.3221
v -1.3009 1.0393 7.3221
v -1.2497 0.9881 7.3221
v -1.2497 1.2089 7.3221
v -1.3009 1.1577 7.3221
v -0.7751 1.1577 7.3221
v -0.8263 1.2089 7.3221
v -0.7751 1.0393 7.3221
v -0.8198 0.9723 7.2999
v -1.2562 0.9723 7.2999
v -1.3167 1.0328 7.2999
v -1.3167 1.1642 7.2999
v -1.2562 1.2247 7.2999
v -0.8198 1.2247 7.2999
v -0.7593 1.1642 7.2999
v -0.7593 1.0328 7.2999
v 0.5913 1.0867 7.2109
v -0.5803 0.7995 7.2109
v -0.5803 1.0867 7.2109
v 0.5913 0.7995 7.2109
v 0.5740 1.0693 7.3172
v -0.5629 0.8168 7.3172
v 0.5740 0.8168 7.3172
v -0.5629 1.0693 7.3172
v 0.5913 0.7995 7.2974
v -0.5803 0.7995 7.2974
v 0.5913 1.0867 7.2974
v -0.5803 1.0867 7.2974
v 1.0747 2.1574 7.1350
v -1.1034 1.2741 7.1350
v -1.1034 2.1574 7.1350
v 1.0747 1.2741 7.1350
v 0.9837 2.0321 7.1900
v -1.0124 1.5575 7.1900
v 0.9837 1.5575 7.1900
v -1.0124 2.0321 7.1900
v 1.0747 1.2741 7.2280
v -1.1034 1.2741 7.2280
v 1.0747 2.1574 7.2280
v -1.1034 2.1574 7.2280
v -1.0934 1.2841 7.2380
v 1.0172 1.5240 7.2380
v -1.0459 1.5240 7.2380
v 1.0647 1.2841 7.2380
v 1.0172 2.0655 7.2380
v 1.0647 2.1474 7.2380
v -1.0459 2.0655 7.2380
v -1.0934 2.1474 7.2380
v -1.0359 1.5340 7.2280
v 1.0072 1.5340 7.2280
v 1.0072 2.0555 7.2280
v -1.0359 2.0555 7.2280
v -1.0489 1.9769 7.1856
v 1.0178 1.8910 7.1856
v -1.0489 1.8910 7.1856
v 1.0178 1.9769 7.1856
v -1.0420 1.9008 7.2245
v 1.0109 1.9670 7.2245
v -1.0420 1.9670 7.2245
v 1.0109 1.9008 7.2245
v -1.0489 1.8910 7.2145
v 1.0178 1.8910 7.2145
v 1.0178 1.9769 7.2145
v -1.0489 1.9769 7.2145
v -1.0489 1.8381 7.1856
v 1.0178 1.7521 7.1856
v -1.0489 1.7521 7.1856
v 1.0178 1.8381 7.1856
v -1.0420 1.7620 7.2245
v 1.0109 1.8282 7.2245
v -1.0420 1.8282 7.2245
v 1.0109 1.7620 7.2245
v -1.0489 1.7521 7.2145
v 1.0178 1.7521 7.2145
v 1.0178 1.8381 7.2145
v -1.0489 1.8381 7.2145
v -1.0489 1.6992 7.1856
v 1.0178 1.6133 7.1856
v -1.0489 1.6133 7.1856
v 1.0178 1.6992 7.1856
v -1.0420 1.6232 7.2245
v 1.0109 1.6893 7.2245
v -1.0420 1.6893 7.2245
v 1.0109 1.6232 7.2245
v -1.0489 1.6133 7.2145
v 1.0178 1.6133 7.2145
v 1.0178 1.6992 7.2145
v -1.0489 1.6992 7.2145
v 1.3154 3.7149 4.5390
v 1.3154 3.7149 4.9551
v 1.3154 2.5544 4.9551
v 1.3154 2.5636 4.5390
v 1.3154 2.4889 5.4373
v 1.3154 1.6630 5.4713
v 1.3154 1.7559 4.5390
v 1.3304 3.5978 6.7306
v 1.3304 3.7055 6.2349
v 1.3104 3.7255 6.2363
v 1.3104 3.6155 6.7482
v 1.3304 3.3521 7.0051
v 1.3104 3.3551 7.0248
v 1.3304 2.3027 7.1180
v 1.3104 2.2682 7.1411
v 1.3104 2.4982 5.4474
v 1.3104 2.5636 4.9657
v 1.3304 2.5836 4.9857
v 1.3104 2.3040 6.8773
v 1.3104 3.7255 4.9657
v 1.3304 3.7055 4.9857
v 1.3104 3.4457 5.4910
v 1.3304 3.4657 5.4710
v 1.3304 3.4657 6.2297
v 1.3104 3.4457 6.2282
v 1.3104 2.6758 5.4910
v 1.3304 2.6558 5.4710
v 1.3304 2.4139 7.0344
v 1.3104 2.4339 7.0113
v 1.3304 3.3562 6.9315
v 1.3104 3.3388 6.9139
v 1.2610 3.3061 7.0320
v 1.2610 2.3171 7.1339
v 1.2251 3.2681 7.0194
v 1.2251 2.3499 7.1109
v 1.3104 1.5027 6.9737
v 1.3104 1.4860 7.1411
v 1.4226 1.2891 7.2533
v 1.3104 1.6513 5.4824
v 1.3104 1.7464 4.5284
v 1.4226 1.5495 4.5284
v -1.3166 3.6155 6.7482
v -1.3166 3.3551 7.0248
v -1.3166 3.7255 6.2363
v -1.2313 2.3499 7.1109
v -1.2672 2.3171 7.1339
v 1.3304 1.6695 5.5016
v 1.3304 1.5248 6.9537
v 1.3304 2.4752 5.4684
v 1.3304 2.2860 6.8613
v 1.3104 1.9292 6.9734
v 1.3304 1.9266 6.9534
v -1.2672 3.3061 7.0320
v -1.2313 3.2681 7.0194
v -1.3166 1.4860 7.1411
v -1.4288 1.2891 7.2533
v -1.3216 3.7149 4.5390
v -1.3216 2.5636 4.5390
v -1.3216 2.5544 4.9551
v -1.3216 3.7149 4.9551
v -1.3216 2.4889 5.4373
v -1.3216 1.7559 4.5390
v -1.3216 1.6630 5.4713
v -1.3366 3.5978 6.7306
v -1.3366 3.7055 6.2349
v -1.3366 3.3521 7.0051
v -1.3366 2.3027 7.1180
v -1.3166 2.2682 7.1411
v -1.3366 2.5836 4.9857
v -1.3166 2.5636 4.9657
v -1.3166 2.4982 5.4475
v -1.3166 2.3040 6.8773
v -1.3366 3.7055 4.9857
v -1.3166 3.7255 4.9657
v -1.3366 3.4657 6.2297
v -1.3366 3.4657 5.4710
v -1.3166 3.4457 5.4910
v -1.3166 3.4457 6.2282
v -1.3366 2.6558 5.4710
v -1.3166 2.6758 5.4910
v -1.3366 2.4139 7.0344
v -1.3166 2.4339 7.0113
v -1.3366 3.3562 6.9315
v -1.3166 3.3388 6.9139
v -1.3166 1.7464 4.5284
v -1.4288 1.5495 4.5284
v -1.3166 1.5027 6.9737
v -1.3166 1.6513 5.4824
v 1.3151 1.4966 7.1466
v 1.3159 2.2576 7.1454
v -1.3221 2.2576 7.1454
v -1.3213 1.4966 7.1466
v 1.3104 0.5902 7.1411
v 1.4226 0.7161 7.2533
v -1.4288 0.7161 7.2533
v -1.3166 0.5902 7.1411
v 1.4276 0.7267 7.2583
v 1.4279 1.2785 7.2578
v -1.4341 1.2785 7.2578
v -1.4338 0.7267 7.2583
v -1.3366 1.6695 5.5016
v -1.3366 1.5248 6.9537
v -1.3366 1.9266 6.9535
v -1.3366 2.2860 6.8613
v -1.3366 2.4752 5.4684
v -1.3216 1.9305 6.9840
v -1.3216 1.5122 6.9843
v -1.3216 2.2914 6.8914
v -1.3166 1.9292 6.9734
v -1.3166 0.5902 6.0699
v 1.3104 0.5902 6.0699
v -1.4288 1.1031 5.9047
v -1.4288 1.2675 5.7089
v 1.4226 1.2675 5.7089
v 1.4226 1.1031 5.9047
v -1.4288 1.3549 5.4686
v 1.4226 1.3549 5.4686
v -1.4288 1.3549 5.2130
v 1.4226 1.3549 5.2130
v -1.4288 1.2675 4.9727
v 1.4226 1.2675 4.9727
v -1.4288 1.1031 4.7769
v 1.4226 1.1031 4.7769
v 1.4226 0.8817 6.0325
v -1.4288 0.8817 6.0325
v -1.3520 0.6300 6.0769
v 1.3458 0.6300 6.0769
v 1.3154 1.5122 6.9843
v 1.3154 1.9305 6.9840
v 1.3154 2.2914 6.8914
v 1.3104 1.0473 4.5284
v -1.3166 1.0473 4.5284
v 1.3104 2.5636 4.5284
v 1.3104 3.7255 4.5284
v -1.3166 2.5636 4.5284
v -1.3166 3.7255 4.5284
v -1.4338 1.5378 4.5390
v -1.4338 1.0605 4.5390
v -1.4338 1.1129 4.7721
v -1.4338 1.2768 4.9674
v -1.4338 1.3655 5.2111
v -1.4338 1.3655 5.4705
v -1.4338 1.2768 5.7142
v -1.4338 0.8854 6.0426
v -1.4338 0.7267 6.0706
v -1.4338 1.1100 5.9129
v 1.4226 0.7161 6.0617
v -1.4288 0.7161 6.0617
v 1.4276 0.7267 6.0706
v 1.4276 0.8854 6.0426
v 1.4276 1.1100 5.9129
v 1.4276 1.2768 5.7142
v 1.4276 1.3655 5.4705
v 1.4276 1.5378 4.5390
v 1.4276 1.3655 5.2111
v 1.4276 1.2768 4.9674
v 1.4276 1.0605 4.5390
v 1.4276 1.1129 4.7721
v 1.4226 1.0473 4.5284
v -1.4288 1.0473 4.5284
v 1.2649 3.9770 5.1988
v 1.2649 4.0439 5.2362
v 1.2649 3.9688 5.2464
v 1.2649 3.9329 5.4565
v 1.2649 3.9882 5.4905
v 1.2649 3.9248 5.5041
v 1.2649 3.8900 5.7075
v 1.2649 3.9339 5.7381
v 1.2649 3.8818 5.7551
v 1.2649 3.8491 5.9465
v 1.2649 3.8821 5.9739
v 1.2649 3.8410 5.9941
v 1.3104 3.7255 6.2363
v 1.3304 3.7055 6.2349
v 1.3304 3.7055 4.9857
v -1.2711 3.9770 5.1988
v -1.2711 4.0439 5.2362
v -1.2711 4.0701 4.6542
v 1.2649 4.0701 4.6542
v -1.2711 3.9688 5.2464
v -1.2711 3.9329 5.4565
v -1.2711 3.9248 5.5041
v -1.2711 3.9882 5.4905
v -1.2711 3.8900 5.7075
v -1.2711 3.8818 5.7551
v -1.2711 3.9339 5.7381
v -1.2711 3.8491 5.9465
v -1.2711 3.8410 5.9941
v -1.2711 3.8821 5.9739
v -1.3366 3.7055 4.9857
v -1.3366 3.7055 6.2349
v -1.3166 3.7255 6.2363
v -1.2711 3.8070 6.1930
v 1.2649 3.8070 6.1930
v -1.0033 1.7502 -7.3103
v -1.0033 1.9027 -7.3103
v -1.3628 1.9027 -7.3103
v -1.3628 1.7502 -7.3103
v -1.0123 1.7592 -7.3799
v -1.3538 1.7592 -7.3799
v -1.3538 1.8937 -7.3799
v -1.0123 1.8937 -7.3799
v -1.3628 1.7502 -7.3699
v -1.0033 1.7502 -7.3699
v -1.3628 1.9027 -7.3699
v -1.0033 1.9027 -7.3699
v 1.2989 1.7502 -7.3103
v 1.2989 1.9027 -7.3103
v 0.9393 1.9027 -7.3103
v 0.9393 1.7502 -7.3103
v 1.2899 1.7592 -7.3799
v 0.9484 1.7592 -7.3799
v 0.9484 1.8937 -7.3799
v 1.2899 1.8937 -7.3799
v 0.9393 1.7502 -7.3699
v 1.2989 1.7502 -7.3699
v 0.9393 1.9027 -7.3699
v 1.2989 1.9027 -7.3699
v 1.4738 1.6441 -3.9830
v 1.4738 1.8924 -3.9985
v 1.4738 1.8924 -4.0472
v 1.4738 1.6441 -4.0628
v 1.5380 1.6520 -3.9914
v 1.5380 1.6520 -4.0543
v 1.5380 1.8845 -4.0397
v 1.5380 1.8845 -4.0060
v 1.5312 1.6441 -4.0628
v 1.5312 1.6441 -3.9830
v 1.5312 1.8924 -4.0472
v 1.5312 1.8924 -3.9985
v 1.4738 1.6441 3.3370
v 1.4738 1.8924 3.3215
v 1.4738 1.8924 3.2728
v 1.4738 1.6441 3.2572
v 1.5380 1.6520 3.3286
v 1.5380 1.6520 3.2657
v 1.5380 1.8845 3.2803
v 1.5380 1.8845 3.3140
v 1.5312 1.6441 3.2572
v 1.5312 1.6441 3.3370
v 1.5312 1.8924 3.2728
v 1.5312 1.8924 3.3215
v -1.5362 1.6441 3.3370
v -1.5362 1.6441 3.2572
v -1.5362 1.8924 3.2728
v -1.5362 1.8924 3.3215
v -1.6004 1.6520 3.3286
v -1.6004 1.8845 3.3140
v -1.6004 1.8845 3.2803
v -1.6004 1.6520 3.2657
v -1.5935 1.6441 3.3370
v -1.5935 1.6441 3.2572
v -1.5935 1.8924 3.2728
v -1.5935 1.8924 3.3215
v -1.5362 1.6441 2.8490
v -1.5362 1.6441 2.7692
v -1.5362 1.8924 2.7848
v -1.5362 1.8924 2.8335
v -1.6004 1.6520 2.8406
v -1.6004 1.8845 2.8260
v -1.6004 1.8845 2.7923
v -1.6004 1.6520 2.7777
v -1.5935 1.6441 2.8490
v -1.5935 1.6441 2.7692
v -1.5935 1.8924 2.7848
v -1.5935 1.8924 2.8335
v 1.4738 1.6441 2.8490
v 1.4738 1.8924 2.8335
v 1.4738 1.8924 2.7848
v 1.4738 1.6441 2.7692
v 1.5380 1.6520 2.8406
v 1.5380 1.6520 2.7777
v 1.5380 1.8845 2.7923
v 1.5380 1.8845 2.8260
v 1.5312 1.6441 2.7692
v 1.5312 1.6441 2.8490
v 1.5312 1.8924 2.7848
v 1.5312 1.8924 2.8335
v -1.5362 1.6441 2.3610
v -1.5362 1.6441 2.2812
v -1.5362 1.8924 2.2968
v -1.5362 1.8924 2.3455
v -1.6004 1.6520 2.3526
v -1.6004 1.8845 2.3380
v -1.6004 1.8845 2.3043
v -1.6004 1.6520 2.2897
v -1.5935 1.6441 2.3610
v -1.5935 1.6441 2.2812
v -1.5935 1.8924 2.2968
v -1.5935 1.8924 2.3455
v 1.4738 1.6441 2.3610
v 1.4738 1.8924 2.3455
v 1.4738 1.8924 2.2968
v 1.4738 1.6441 2.2812
v 1.5380 1.6520 2.3526
v 1.5380 1.6520 2.2897
v 1.5380 1.8845 2.3043
v 1.5380 1.8845 2.3380
v 1.5312 1.6441 2.2812
v 1.5312 1.6441 2.3610
v 1.5312 1.8924 2.2968
v 1.5312 1.8924 2.3455
v -1.5362 1.6441 1.8730
v -1.5362 1.6441 1.7932
v -1.5362 1.8924 1.8088
v -1.5362 1.8924 1.8575
v -1.6004 1.6520 1.8646
v -1.6004 1.8845 1.8500
v -1.6004 1.8845 1.8163
v -1.6004 1.6520 1.8017
v -1.5935 1.6441 1.8730
v -1.5935 1.6441 1.7932
v -1.5935 1.8924 1.8088
v -1.5935 1.8924 1.8575
v 1.4738 1.6441 1.8730
v 1.4738 1.8924 1.8575
v 1.4738 1.8924 1.8088
v 1.4738 1.6441 1.7932
v 1.5380 1.6520 1.8646
v 1.5380 1.6520 1.8017
v 1.5380 1.8845 1.8163
v 1.5380 1.8845 1.8500
v 1.5312 1.6441 1.7932
v 1.5312 1.6441 1.8730
v 1.5312 1.8924 1.8088
v 1.5312 1.8924 1.8575
v -1.5362 1.6441 1.3850
v -1.5362 1.6441 1.3052
v -1.5362 1.8924 1.3208
v -1.5362 1.8924 1.3695
v -1.6004 1.6520 1.3766
v -1.6004 1.8845 1.3620
v -1.6004 1.8845 1.3283
v -1.6004 1.6520 1.3137
v -1.5935 1.6441 1.3850
v -1.5935 1.6441 1.3052
v -1.5935 1.8924 1.3208
v -1.5935 1.8924 1.3695
v 1.4738 1.6441 1.3850
v 1.4738 1.8924 1.3695
v 1.4738 1.8924 1.3208
v 1.4738 1.6441 1.3052
v 1.5380 1.6520 1.3766
v 1.5380 1.6520 1.3137
v 1.5380 1.8845 1.3283
v 1.5380 1.8845 1.3620
v 1.5312 1.6441 1.3052
v 1.5312 1.6441 1.3850
v 1.5312 1.8924 1.3208
v 1.5312 1.8924 1.3695
v -1.5362 1.6441 0.8970
v -1.5362 1.6441 0.8172
v -1.5362 1.8924 0.8328
v -1.5362 1.8924 0.8815
v -1.6004 1.6520 0.8886
v -1.6004 1.8845 0.8740
v -1.6004 1.8845 0.8403
v -1.6004 1.6520 0.8257
v -1.5935 1.6441 0.8970
v -1.5935 1.6441 0.8172
v -1.5935 1.8924 0.8328
v -1.5935 1.8924 0.8815
v 1.4738 1.6441 0.8970
v 1.4738 1.8924 0.8815
v 1.4738 1.8924 0.8328
v 1.4738 1.6441 0.8172
v 1.5380 1.6520 0.8886
v 1.5380 1.6520 0.8257
v 1.5380 1.8845 0.8403
v 1.5380 1.8845 0.8740
v 1.5312 1.6441 0.8172
v 1.5312 1.6441 0.8970
v 1.5312 1.8924 0.8328
v 1.5312 1.8924 0.8815
v -1.5362 1.6441 0.4090
v -1.5362 1.6441 0.3292
v -1.5362 1.8924 0.3448
v -1.5362 1.8924 0.3935
v -1.6004 1.6520 0.4006
v -1.6004 1.8845 0.3860
v -1.6004 1.8845 0.3523
v -1.6004 1.6520 0.3377
v -1.5935 1.6441 0.4090
v -1.5935 1.6441 0.3292
v -1.5935 1.8924 0.3448
v -1.5935 1.8924 0.3935
v 1.4738 1.6441 0.4090
v 1.4738 1.8924 0.3935
v 1.4738 1.8924 0.3448
v 1.4738 1.6441 0.3292
v 1.5380 1.6520 0.4006
v 1.5380 1.6520 0.3377
v 1.5380 1.8845 0.3523
v 1.5380 1.8845 0.3860
v 1.5312 1.6441 0.3292
v 1.5312 1.6441 0.4090
v 1.5312 1.8924 0.3448
v 1.5312 1.8924 0.3935
v -1.5362 1.6441 -0.0790
v -1.5362 1.6441 -0.1588
v -1.5362 1.8924 -0.1432
v -1.5362 1.8924 -0.0945
v -1.6004 1.6520 -0.0874
v -1.6004 1.8845 -0.1020
v -1.6004 1.8845 -0.1357
v -1.6004 1.6520 -0.1503
v -1.5935 1.6441 -0.0790
v -1.5935 1.6441 -0.1588
v -1.5935 1.8924 -0.1432
v -1.5935 1.8924 -0.0945
v 1.4738 1.6441 -0.0790
v 1.4738 1.8924 -0.0945
v 1.4738 1.8924 -0.1432
v 1.4738 1.6441 -0.1588
v 1.5380 1.6520 -0.0874
v 1.5380 1.6520 -0.1503
v 1.5380 1.8845 -0.1357
v 1.5380 1.8845 -0.1020
v 1.5312 1.6441 -0.1588
v 1.5312 1.6441 -0.0790
v 1.5312 1.8924 -0.1432
v 1.5312 1.8924 -0.0945
v -1.5362 1.6441 -0.5670
v -1.5362 1.6441 -0.6468
v -1.5362 1.8924 -0.6312
v -1.5362 1.8924 -0.5825
v -1.6004 1.6520 -0.5754
v -1.6004 1.8845 -0.5900
v -1.6004 1.8845 -0.6237
v -1.6004 1.6520 -0.6383
v -1.5935 1.6441 -0.5670
v -1.5935 1.6441 -0.6468
v -1.5935 1.8924 -0.6312
v -1.5935 1.8924 -0.5825
v 1.4738 1.6441 -0.5670
v 1.4738 1.8924 -0.5825
v 1.4738 1.8924 -0.6312
v 1.4738 1.6441 -0.6468
v 1.5380 1.6520 -0.5754
v 1.5380 1.6520 -0.6383
v 1.5380 1.8845 -0.6237
v 1.5380 1.8845 -0.5900
v 1.5312 1.6441 -0.6468
v 1.5312 1.6441 -0.5670
v 1.5312 1.8924 -0.6312
v 1.5312 1.8924 -0.5825
v -1.5362 1.6441 -1.0550
v -1.5362 1.6441 -1.1348
v -1.5362 1.8924 -1.1192
v -1.5362 1.8924 -1.0705
v -1.6004 1.6520 -1.0634
v -1.6004 1.8845 -1.0780
v -1.6004 1.8845 -1.1117
v -1.6004 1.6520 -1.1263
v -1.5935 1.6441 -1.0550
v -1.5935 1.6441 -1.1348
v -1.5935 1.8924 -1.1192
v -1.5935 1.8924 -1.0705
v 1.4738 1.6441 -1.0550
v 1.4738 1.8924 -1.0705
v 1.4738 1.8924 -1.1192
v 1.4738 1.6441 -1.1348
v 1.5380 1.6520 -1.0634
v 1.5380 1.6520 -1.1263
v 1.5380 1.8845 -1.1117
v 1.5380 1.8845 -1.0780
v 1.5312 1.6441 -1.1348
v 1.5312 1.6441 -1.0550
v 1.5312 1.8924 -1.1192
v 1.5312 1.8924 -1.0705
v -1.5362 1.6441 -1.5430
v -1.5362 1.6441 -1.6228
v -1.5362 1.8924 -1.6072
v -1.5362 1.8924 -1.5585
v -1.6004 1.6520 -1.5514
v -1.6004 1.8845 -1.5660
v -1.6004 1.8845 -1.5997
v -1.6004 1.6520 -1.6143
v -1.5935 1.6441 -1.5430
v -1.5935 1.6441 -1.6228
v -1.5935 1.8924 -1.6072
v -1.5935 1.8924 -1.5585
v 1.4738 1.6441 -1.5430
v 1.4738 1.8924 -1.5585
v 1.4738 1.8924 -1.6072
v 1.4738 1.6441 -1.6228
v 1.5380 1.6520 -1.5514
v 1.5380 1.6520 -1.6143
v 1.5380 1.8845 -1.5997
v 1.5380 1.8845 -1.5660
v 1.5312 1.6441 -1.6228
v 1.5312 1.6441 -1.5430
v 1.5312 1.8924 -1.6072
v 1.5312 1.8924 -1.5585
v -1.5362 1.6441 -2.0310
v -1.5362 1.6441 -2.1108
v -1.5362 1.8924 -2.0952
v -1.5362 1.8924 -2.0465
v -1.6004 1.6520 -2.0394
v -1.6004 1.8845 -2.0540
v -1.6004 1.8845 -2.0877
v -1.6004 1.6520 -2.1023
v -1.5935 1.6441 -2.0310
v -1.5935 1.6441 -2.1108
v -1.5935 1.8924 -2.0952
v -1.5935 1.8924 -2.0465
v 1.4738 1.6441 -2.0310
v 1.4738 1.8924 -2.0465
v 1.4738 1.8924 -2.0952
v 1.4738 1.6441 -2.1108
v 1.5380 1.6520 -2.0394
v 1.5380 1.6520 -2.1023
v 1.5380 1.8845 -2.0877
v 1.5380 1.8845 -2.0540
v 1.5312 1.6441 -2.1108
v 1.5312 1.6441 -2.0310
v 1.5312 1.8924 -2.0952
v 1.5312 1.8924 -2.0465
v -1.5362 1.6441 -2.5190
v -1.5362 1.6441 -2.5988
v -1.5362 1.8924 -2.5832
v -1.5362 1.8924 -2.5345
v -1.6004 1.6520 -2.5274
v -1.6004 1.8845 -2.5420
v -1.6004 1.8845 -2.5757
v -1.6004 1.6520 -2.5903
v -1.5935 1.6441 -2.5190
v -1.5935 1.6441 -2.5988
v -1.5935 1.8924 -2.5832
v -1.5935 1.8924 -2.5345
v 1.4738 1.6441 -2.5190
v 1.4738 1.8924 -2.5345
v 1.4738 1.8924 -2.5832
v 1.4738 1.6441 -2.5988
v 1.5380 1.6520 -2.5274
v 1.5380 1.6520 -2.5903
v 1.5380 1.8845 -2.5757
v 1.5380 1.8845 -2.5420
v 1.5312 1.6441 -2.5988
v 1.5312 1.6441 -2.5190
v 1.5312 1.8924 -2.5832
v 1.5312 1.8924 -2.5345
v -1.5362 1.6441 -3.0070
v -1.5362 1.6441 -3.0868
v -1.5362 1.8924 -3.0712
v -1.5362 1.8924 -3.0225
v -1.6004 1.6520 -3.0154
v -1.6004 1.8845 -3.0300
v -1.6004 1.8845 -3.0637
v -1.6004 1.6520 -3.0783
v -1.5935 1.6441 -3.0070
v -1.5935 1.6441 -3.0868
v -1.5935 1.8924 -3.0712
v -1.5935 1.8924 -3.0225
v 1.4738 1.6441 -3.0070
v 1.4738 1.8924 -3.0225
v 1.4738 1.8924 -3.0712
v 1.4738 1.6441 -3.0868
v 1.5380 1.6520 -3.0154
v 1.5380 1.6520 -3.0783
v 1.5380 1.8845 -3.0637
v 1.5380 1.8845 -3.0300
v 1.5312 1.6441 -3.0868
v 1.5312 1.6441 -3.0070
v 1.5312 1.8924 -3.0712
v 1.5312 1.8924 -3.0225
v -1.5362 1.6441 -3.4950
v -1.5362 1.6441 -3.5748
v -1.5362 1.8924 -3.5592
v -1.5362 1.8924 -3.5105
v -1.6004 1.6520 -3.5034
v -1.6004 1.8845 -3.5180
v -1.6004 1.8845 -3.5517
v -1.6004 1.6520 -3.5663
v -1.5935 1.6441 -3.4950
v -1.5935 1.6441 -3.5748
v -1.5935 1.8924 -3.5592
v -1.5935 1.8924 -3.5105
v 1.4738 1.6441 -3.4950
v 1.4738 1.8924 -3.5105
v 1.4738 1.8924 -3.5592
v 1.4738 1.6441 -3.5748
v 1.5380 1.6520 -3.5034
v 1.5380 1.6520 -3.5663
v 1.5380 1.8845 -3.5517
v 1.5380 1.8845 -3.5180
v 1.5312 1.6441 -3.5748
v 1.5312 1.6441 -3.4950
v 1.5312 1.8924 -3.5592
v 1.5312 1.8924 -3.5105
v -1.5362 1.6441 -3.9830
v -1.5362 1.6441 -4.0628
v -1.5362 1.8924 -4.0472
v -1.5362 1.8924 -3.9985
v -1.6004 1.6520 -3.9914
v -1.6004 1.8845 -4.0060
v -1.6004 1.8845 -4.0397
v -1.6004 1.6520 -4.0543
v -1.5935 1.6441 -3.9830
v -1.5935 1.6441 -4.0628
v -1.5935 1.8924 -4.0472
v -1.5935 1.8924 -3.9985
v -1.5362 1.6441 -4.4508
v -1.5362 1.6441 -4.5306
v -1.5362 1.8924 -4.5150
v -1.5362 1.8924 -4.4664
v -1.6004 1.6520 -4.4593
v -1.6004 1.8845 -4.4738
v -1.6004 1.8845 -4.5076
v -1.6004 1.6520 -4.5221
v -1.5935 1.6441 -4.4508
v -1.5935 1.6441 -4.5306
v -1.5935 1.8924 -4.5150
v -1.5935 1.8924 -4.4664
v 1.4738 1.6441 -4.4508
v 1.4738 1.8924 -4.4664
v 1.4738 1.8924 -4.5150
v 1.4738 1.6441 -4.5306
v 1.5380 1.6520 -4.4593
v 1.5380 1.6520 -4.5221
v 1.5380 1.8845 -4.5076
v 1.5380 1.8845 -4.4738
v 1.5312 1.6441 -4.5306
v 1.5312 1.6441 -4.4508
v 1.5312 1.8924 -4.5150
v 1.5312 1.8924 -4.4664
v -1.5362 1.6441 -4.9388
v -1.5362 1.6441 -5.0186
v -1.5362 1.8924 -5.0030
v -1.5362 1.8924 -4.9544
v -1.6004 1.6520 -4.9473
v -1.6004 1.8845 -4.9618
v -1.6004 1.8845 -4.9956
v -1.6004 1.6520 -5.0101
v -1.5935 1.6441 -4.9388
v -1.5935 1.6441 -5.0186
v -1.5935 1.8924 -5.0030
v -1.5935 1.8924 -4.9544
v 1.4738 1.6441 -4.9388
v 1.4738 1.8924 -4.9544
v 1.4738 1.8924 -5.0030
v 1.4738 1.6441 -5.0186
v 1.5380 1.6520 -4.9473
v 1.5380 1.6520 -5.0101
v 1.5380 1.8845 -4.9956
v 1.5380 1.8845 -4.9618
v 1.5312 1.6441 -5.0186
v 1.5312 1.6441 -4.9388
v 1.5312 1.8924 -5.0030
v 1.5312 1.8924 -4.9544
v -1.5362 1.6441 -5.4268
v -1.5362 1.6441 -5.5066
v -1.5362 1.8924 -5.4910
v -1.5362 1.8924 -5.4424
v -1.6004 1.6520 -5.4353
v -1.6004 1.8845 -5.4498
v -1.6004 1.8845 -5.4836
v -1.6004 1.6520 -5.4981
v -1.5935 1.6441 -5.4268
v -1.5935 1.6441 -5.5066
v -1.5935 1.8924 -5.4910
v -1.5935 1.8924 -5.4424
v 1.4738 1.6441 -5.4268
v 1.4738 1.8924 -5.4424
v 1.4738 1.8924 -5.4910
v 1.4738 1.6441 -5.5066
v 1.5380 1.6520 -5.4353
v 1.5380 1.6520 -5.4981
v 1.5380 1.8845 -5.4836
v 1.5380 1.8845 -5.4498
v 1.5312 1.6441 -5.5066
v 1.5312 1.6441 -5.4268
v 1.5312 1.8924 -5.4910
v 1.5312 1.8924 -5.4424
v -1.5362 1.6441 -5.9148
v -1.5362 1.6441 -5.9946
v -1.5362 1.8924 -5.9790
v -1.5362 1.8924 -5.9304
v -1.6004 1.6520 -5.9233
v -1.6004 1.8845 -5.9378
v -1.6004 1.8845 -5.9716
v -1.6004 1.6520 -5.9861
v -1.5935 1.6441 -5.9148
v -1.5935 1.6441 -5.9946
v -1.5935 1.8924 -5.9790
v -1.5935 1.8924 -5.9304
v 1.4738 1.6441 -5.9148
v 1.4738 1.8924 -5.9304
v 1.4738 1.8924 -5.9790
v 1.4738 1.6441 -5.9946
v 1.5380 1.6520 -5.9233
v 1.5380 1.6520 -5.9861
v 1.5380 1.8845 -5.9716
v 1.5380 1.8845 -5.9378
v 1.5312 1.6441 -5.9946
v 1.5312 1.6441 -5.9148
v 1.5312 1.8924 -5.9790
v 1.5312 1.8924 -5.9304
v -1.5362 1.6441 -6.4028
v -1.5362 1.6441 -6.4826
v -1.5362 1.8924 -6.4670
v -1.5362 1.8924 -6.4184
v -1.6004 1.6520 -6.4113
v -1.6004 1.8845 -6.4258
v -1.6004 1.8845 -6.4596
v -1.6004 1.6520 -6.4741
v -1.5935 1.6441 -6.4028
v -1.5935 1.6441 -6.4826
v -1.5935 1.8924 -6.4670
v -1.5935 1.8924 -6.4184
v 1.4738 1.6441 -6.4028
v 1.4738 1.8924 -6.4184
v 1.4738 1.8924 -6.4670
v 1.4738 1.6441 -6.4826
v 1.5380 1.6520 -6.4113
v 1.5380 1.6520 -6.4741
v 1.5380 1.8845 -6.4596
v 1.5380 1.8845 -6.4258
v 1.5312 1.6441 -6.4826
v 1.5312 1.6441 -6.4028
v 1.5312 1.8924 -6.4670
v 1.5312 1.8924 -6.4184
v -1.5362 1.6441 -6.8920
v -1.5362 1.6441 -6.9718
v -1.5362 1.8924 -6.9563
v -1.5362 1.8924 -6.9076
v -1.6004 1.6520 -6.9005
v -1.6004 1.8845 -6.9151
v -1.6004 1.8845 -6.9488
v -1.6004 1.6520 -6.9634
v -1.5935 1.6441 -6.8920
v -1.5935 1.6441 -6.9718
v -1.5935 1.8924 -6.9563
v -1.5935 1.8924 -6.9076
v 1.4738 1.6441 -6.8920
v 1.4738 1.8924 -6.9076
v 1.4738 1.8924 -6.9563
v 1.4738 1.6441 -6.9718
v 1.5380 1.6520 -6.9005
v 1.5380 1.6520 -6.9634
v 1.5380 1.8845 -6.9488
v 1.5380 1.8845 -6.9151
v 1.5312 1.6441 -6.9718
v 1.5312 1.6441 -6.8920
v 1.5312 1.8924 -6.9563
v 1.5312 1.8924 -6.9076
v -0.0843 2.0417 -7.3205
v -0.1591 2.0417 -7.3205
v -0.1323 1.6664 -7.3205
v -0.0843 1.6664 -7.3205
v -0.0933 2.0327 -7.3635
v -0.0933 1.6754 -7.3635
v -0.1233 1.6754 -7.3635
v -0.1501 2.0327 -7.3635
v -0.0843 1.6664 -7.3535
v -0.0843 2.0417 -7.3535
v -0.1323 1.6664 -7.3535
v -0.1591 2.0417 -7.3535
v 0.0233 2.0417 -7.3205
v 0.0233 1.6664 -7.3205
v 0.0649 1.6664 -7.3205
v 0.0916 2.0417 -7.3205
v 0.0323 2.0327 -7.3635
v 0.0826 2.0327 -7.3635
v 0.0558 1.6754 -7.3635
v 0.0323 1.6754 -7.3635
v 0.0233 2.0417 -7.3535
v 0.0233 1.6664 -7.3535
v 0.0649 1.6664 -7.3535
v 0.0916 2.0417 -7.3535
v -1.2935 0.6555 -5.1017
v -1.2935 0.7168 -5.0774
v -1.2935 0.6877 -5.0936
v -1.2935 0.7577 -5.0258
v -1.2935 0.7406 -5.0543
v -1.2935 0.7674 -4.9606
v -1.2935 0.7668 -4.9939
v -1.2935 0.7431 -4.8994
v -1.2935 0.7593 -4.9284
v -1.2935 0.6915 -4.8584
v -1.2935 0.7200 -4.8755
v -1.2935 0.6263 -4.8488
v -1.2935 0.6595 -4.8493
v -1.2935 0.5650 -4.8730
v -1.2935 0.5941 -4.8569
v -1.2935 0.5241 -4.9246
v -1.2935 0.5412 -4.8961
v -1.2935 0.5145 -4.9898
v -1.2935 0.5150 -4.9566
v -1.2935 0.5387 -5.0511
v -1.2935 0.5225 -5.0221
v -1.2935 0.5903 -5.0920
v -1.2935 0.5618 -5.0750
v -1.2935 0.6223 -5.1012
v -1.2809 0.5990 -5.2585
v -1.2809 0.6708 -5.2341
v -1.2809 0.6737 -5.2597
v -1.2809 0.6028 -5.2330
v -1.2809 0.7368 -5.2175
v -1.2809 0.7462 -5.2415
v -1.2809 0.7962 -5.1845
v -1.2809 0.8116 -5.2052
v -1.2809 0.8451 -5.1372
v -1.2809 0.8653 -5.1532
v -1.2809 0.8800 -5.0788
v -1.2809 0.9037 -5.0890
v -1.2809 0.8987 -5.0134
v -1.2809 0.9242 -5.0171
v -1.2809 0.8998 -4.9454
v -1.2809 0.9254 -4.9424
v -1.2809 0.8832 -4.8794
v -1.2809 0.9072 -4.8699
v -1.2809 0.8502 -4.8199
v -1.2809 0.8708 -4.8046
v -1.2809 0.8028 -4.7711
v -1.2809 0.8188 -4.7509
v -1.2809 0.7445 -4.7361
v -1.2809 0.7547 -4.7125
v -1.2809 0.6791 -4.7175
v -1.2809 0.6828 -4.6920
v -1.2809 0.6110 -4.7164
v -1.2809 0.6081 -4.6908
v -1.2809 0.5451 -4.7329
v -1.2809 0.5356 -4.7090
v -1.2809 0.4856 -4.7660
v -1.2809 0.4703 -4.7453
v -1.2809 0.4367 -4.8133
v -1.2809 0.4166 -4.7973
v -1.2809 0.4018 -4.8717
v -1.2809 0.3782 -4.8614
v -1.2809 0.3831 -4.9371
v -1.2809 0.3577 -4.9333
v -1.2809 0.3821 -5.0051
v -1.2809 0.3565 -5.0081
v -1.2809 0.3986 -5.0711
v -1.2809 0.3746 -5.0806
v -1.2809 0.4317 -5.1305
v -1.2809 0.4110 -5.1459
v -1.2809 0.4790 -5.1794
v -1.2809 0.4630 -5.1996
v -1.2809 0.5374 -5.2143
v -1.2809 0.5271 -5.2380
v -1.2516 0.6708 -5.2341
v -1.2516 0.6028 -5.2330
v -1.2516 0.7368 -5.2175
v -1.2516 0.7962 -5.1845
v -1.2516 0.8451 -5.1372
v -1.2516 0.8800 -5.0788
v -1.2516 0.8987 -5.0134
v -1.2516 0.8998 -4.9454
v -1.2516 0.8832 -4.8794
v -1.2516 0.8502 -4.8199
v -1.2516 0.8028 -4.7711
v -1.2516 0.7445 -4.7361
v -1.2516 0.6791 -4.7175
v -1.2516 0.6110 -4.7164
v -1.2516 0.5451 -4.7329
v -1.2516 0.4856 -4.7660
v -1.2516 0.4367 -4.8133
v -1.2516 0.4018 -4.8717
v -1.2516 0.3831 -4.9371
v -1.2516 0.3821 -5.0051
v -1.2516 0.3986 -5.0711
v -1.2516 0.4317 -5.1305
v -1.2516 0.4790 -5.1794
v -1.2516 0.5374 -5.2143
v -1.2516 0.7745 -4.9224
v -1.2516 0.7836 -4.9588
v -1.2516 0.7830 -4.9963
v -1.2516 0.7727 -5.0323
v -1.2516 0.7535 -5.0645
v -1.2516 0.7265 -5.0906
v -1.2516 0.6938 -5.1088
v -1.2516 0.6574 -5.1179
v -1.2516 0.6199 -5.1173
v -1.2516 0.5838 -5.1070
v -1.2516 0.5517 -5.0878
v -1.2516 0.5256 -5.0608
v -1.2516 0.5073 -5.0281
v -1.2516 0.4982 -4.9917
v -1.2516 0.4988 -4.9542
v -1.2516 0.5091 -4.9181
v -1.2516 0.5284 -4.8860
v -1.2516 0.5553 -4.8599
v -1.2516 0.5881 -4.8417
v -1.2516 0.6244 -4.8325
v -1.2516 0.6619 -4.8331
v -1.2516 0.6980 -4.8434
v -1.2516 0.7302 -4.8627
v -1.2516 0.7563 -4.8896
v -1.2773 0.6574 -5.1179
v -1.2773 0.6199 -5.1173
v -1.2773 0.6938 -5.1088
v -1.2773 0.7265 -5.0906
v -1.2773 0.7535 -5.0645
v -1.2773 0.7727 -5.0323
v -1.2773 0.7830 -4.9963
v -1.2773 0.7836 -4.9588
v -1.2773 0.7745 -4.9224
v -1.2773 0.7563 -4.8896
v -1.2773 0.7302 -4.8627
v -1.2773 0.6980 -4.8434
v -1.2773 0.6619 -4.8331
v -1.2773 0.6244 -4.8325
v -1.2773 0.5881 -4.8417
v -1.2773 0.5553 -4.8599
v -1.2773 0.5284 -4.8860
v -1.2773 0.5091 -4.9181
v -1.2773 0.4988 -4.9542
v -1.2773 0.4982 -4.9917
v -1.2773 0.5073 -5.0281
v -1.2773 0.5256 -5.0608
v -1.2773 0.5517 -5.0878
v -1.2773 0.5838 -5.1070
v 1.2302 0.5903 -5.0920
v 1.2302 0.5387 -5.0511
v 1.2302 0.5618 -5.0750
v 1.2302 0.5145 -4.9898
v 1.2302 0.5225 -5.0221
v 1.2302 0.5241 -4.9246
v 1.2302 0.5150 -4.9566
v 1.2302 0.5650 -4.8730
v 1.2302 0.5412 -4.8961
v 1.2302 0.6263 -4.8488
v 1.2302 0.5941 -4.8569
v 1.2302 0.6915 -4.8584
v 1.2302 0.6595 -4.8493
v 1.2302 0.7431 -4.8994
v 1.2302 0.7200 -4.8755
v 1.2302 0.7674 -4.9606
v 1.2302 0.7593 -4.9284
v 1.2302 0.7577 -5.0258
v 1.2302 0.7668 -4.9939
v 1.2302 0.7168 -5.0774
v 1.2302 0.7406 -5.0543
v 1.2302 0.6555 -5.1017
v 1.2302 0.6877 -5.0936
v 1.2302 0.6223 -5.1011
v 1.2177 0.5990 -5.2585
v 1.2177 0.6708 -5.2341
v 1.2177 0.6028 -5.2330
v 1.2177 0.6737 -5.2597
v 1.2177 0.7368 -5.2175
v 1.2177 0.7462 -5.2415
v 1.2177 0.7962 -5.1845
v 1.2177 0.8116 -5.2052
v 1.2177 0.8451 -5.1371
v 1.2177 0.8653 -5.1532
v 1.2177 0.8800 -5.0788
v 1.2177 0.9037 -5.0890
v 1.2177 0.8987 -5.0134
v 1.2177 0.9242 -5.0171
v 1.2177 0.8998 -4.9454
v 1.2177 0.9254 -4.9424
v 1.2177 0.8832 -4.8794
v 1.2177 0.9072 -4.8699
v 1.2177 0.8502 -4.8199
v 1.2177 0.8708 -4.8046
v 1.2177 0.8028 -4.7711
v 1.2177 0.8188 -4.7509
v 1.2177 0.7445 -4.7361
v 1.2177 0.7547 -4.7125
v 1.2177 0.6791 -4.7175
v 1.2177 0.6828 -4.6920
v 1.2177 0.6110 -4.7164
v 1.2177 0.6081 -4.6908
v 1.2177 0.5451 -4.7329
v 1.2177 0.5356 -4.7090
v 1.2177 0.4856 -4.7660
v 1.2177 0.4703 -4.7453
v 1.2177 0.4367 -4.8133
v 1.2177 0.4166 -4.7973
v 1.2177 0.4018 -4.8717
v 1.2177 0.3782 -4.8614
v 1.2177 0.3831 -4.9371
v 1.2177 0.3577 -4.9333
v 1.2177 0.3821 -5.0051
v 1.2177 0.3565 -5.0081
v 1.2177 0.3986 -5.0711
v 1.2177 0.3746 -5.0806
v 1.2177 0.4317 -5.1305
v 1.2177 0.4110 -5.1459
v 1.2177 0.4790 -5.1794
v 1.2177 0.4630 -5.1996
v 1.2177 0.5374 -5.2143
v 1.2177 0.5271 -5.2380
v 1.1884 0.6708 -5.2341
v 1.1884 0.6028 -5.2330
v 1.1884 0.7368 -5.2175
v 1.1884 0.7962 -5.1845
v 1.1884 0.8451 -5.1371
v 1.1884 0.8800 -5.0788
v 1.1884 0.8987 -5.0134
v 1.1884 0.8998 -4.9454
v 1.1884 0.8832 -4.8794
v 1.1884 0.8502 -4.8199
v 1.1884 0.8028 -4.7711
v 1.1884 0.7445 -4.7361
v 1.1884 0.6791 -4.7175
v 1.1884 0.6110 -4.7164
v 1.1884 0.5451 -4.7329
v 1.1884 0.4856 -4.7660
v 1.1884 0.4367 -4.8133
v 1.1884 0.4018 -4.8717
v 1.1884 0.3831 -4.9371
v 1.1884 0.3821 -5.0051
v 1.1884 0.3986 -5.0711
v 1.1884 0.4317 -5.1305
v 1.1884 0.4790 -5.1794
v 1.1884 0.5374 -5.2143
v 1.1884 0.7563 -4.8896
v 1.1884 0.7745 -4.9224
v 1.1884 0.7836 -4.9588
v 1.1884 0.7830 -4.9963
v 1.1884 0.7727 -5.0323
v 1.1884 0.7535 -5.0645
v 1.1884 0.7265 -5.0906
v 1.1884 0.6938 -5.1088
v 1.1884 0.6574 -5.1179
v 1.1884 0.6199 -5.1173
v 1.1884 0.5838 -5.1070
v 1.1884 0.5517 -5.0878
v 1.1884 0.5256 -5.0608
v 1.1884 0.5073 -5.0281
v 1.1884 0.4982 -4.9917
v 1.1884 0.4988 -4.9542
v 1.1884 0.5091 -4.9181
v 1.1884 0.5284 -4.8860
v 1.1884 0.5553 -4.8599
v 1.1884 0.5881 -4.8416
v 1.1884 0.6244 -4.8325
v 1.1884 0.6619 -4.8331
v 1.1884 0.6980 -4.8434
v 1.1884 0.7302 -4.8627
v 1.2140 0.6574 -5.1179
v 1.2140 0.6199 -5.1173
v 1.2140 0.6938 -5.1088
v 1.2140 0.7265 -5.0906
v 1.2140 0.7535 -5.0645
v 1.2140 0.7727 -5.0323
v 1.2140 0.7830 -4.9963
v 1.2140 0.7836 -4.9588
v 1.2140 0.7745 -4.9224
v 1.2140 0.7563 -4.8896
v 1.2140 0.7302 -4.8627
v 1.2140 0.6980 -4.8434
v 1.2140 0.6619 -4.8331
v 1.2140 0.6244 -4.8325
v 1.2140 0.5881 -4.8416
v 1.2140 0.5553 -4.8599
v 1.2140 0.5284 -4.8860
v 1.2140 0.5091 -4.9181
v 1.2140 0.4988 -4.9542
v 1.2140 0.4982 -4.9917
v 1.2140 0.5073 -5.0281
v 1.2140 0.5256 -5.0608
v 1.2140 0.5517 -5.0878
v 1.2140 0.5838 -5.1070
v -1.2935 0.6555 -3.7185
v -1.2935 0.7168 -3.6943
v -1.2935 0.6877 -3.7105
v -1.2935 0.7577 -3.6427
v -1.2935 0.7406 -3.6712
v -1.2935 0.7674 -3.5775
v -1.2935 0.7668 -3.6107
v -1.2935 0.7431 -3.5162
v -1.2935 0.7593 -3.5453
v -1.2935 0.6915 -3.4753
v -1.2935 0.7200 -3.4924
v -1.2935 0.6263 -3.4656
v -1.2935 0.6595 -3.4662
v -1.2935 0.5650 -3.4899
v -1.2935 0.5941 -3.4737
v -1.2935 0.5241 -3.5415
v -1.2935 0.5412 -3.5130
v -1.2935 0.5145 -3.6067
v -1.2935 0.5150 -3.5735
v -1.2935 0.5387 -3.6680
v -1.2935 0.5225 -3.6389
v -1.2935 0.5903 -3.7089
v -1.2935 0.5618 -3.6918
v -1.2935 0.6223 -3.7180
v -1.2809 0.5990 -3.8754
v -1.2809 0.6708 -3.8510
v -1.2809 0.6737 -3.8766
v -1.2809 0.6028 -3.8499
v -1.2809 0.7368 -3.8344
v -1.2809 0.7462 -3.8584
v -1.2809 0.7962 -3.8013
v -1.2809 0.8116 -3.8220
v -1.2809 0.8451 -3.7540
v -1.2809 0.8653 -3.7700
v -1.2809 0.8800 -3.6957
v -1.2809 0.9037 -3.7059
v -1.2809 0.8987 -3.6302
v -1.2809 0.9242 -3.6340
v -1.2809 0.8998 -3.5622
v -1.2809 0.9254 -3.5593
v -1.2809 0.8832 -3.4962
v -1.2809 0.9072 -3.4868
v -1.2809 0.8502 -3.4368
v -1.2809 0.8708 -3.4214
v -1.2809 0.8028 -3.3879
v -1.2809 0.8188 -3.3677
v -1.2809 0.7445 -3.3530
v -1.2809 0.7547 -3.3293
v -1.2809 0.6791 -3.3343
v -1.2809 0.6828 -3.3088
v -1.2809 0.6110 -3.3332
v -1.2809 0.6081 -3.3076
v -1.2809 0.5451 -3.3498
v -1.2809 0.5356 -3.3258
v -1.2809 0.4856 -3.3829
v -1.2809 0.4703 -3.3622
v -1.2809 0.4367 -3.4302
v -1.2809 0.4166 -3.4142
v -1.2809 0.4018 -3.4885
v -1.2809 0.3782 -3.4783
v -1.2809 0.3831 -3.5540
v -1.2809 0.3577 -3.5502
v -1.2809 0.3821 -3.6220
v -1.2809 0.3565 -3.6249
v -1.2809 0.3986 -3.6879
v -1.2809 0.3746 -3.6974
v -1.2809 0.4317 -3.7474
v -1.2809 0.4110 -3.7628
v -1.2809 0.4790 -3.7963
v -1.2809 0.4630 -3.8164
v -1.2809 0.5374 -3.8312
v -1.2809 0.5271 -3.8549
v -1.2516 0.6708 -3.8510
v -1.2516 0.6028 -3.8499
v -1.2516 0.7368 -3.8344
v -1.2516 0.7962 -3.8013
v -1.2516 0.8451 -3.7540
v -1.2516 0.8800 -3.6957
v -1.2516 0.8987 -3.6302
v -1.2516 0.8998 -3.5622
v -1.2516 0.8832 -3.4962
v -1.2516 0.8502 -3.4368
v -1.2516 0.8028 -3.3879
v -1.2516 0.7445 -3.3530
v -1.2516 0.6791 -3.3343
v -1.2516 0.6110 -3.3332
v -1.2516 0.5451 -3.3498
v -1.2516 0.4856 -3.3829
v -1.2516 0.4367 -3.4302
v -1.2516 0.4018 -3.4885
v -1.2516 0.3831 -3.5540
v -1.2516 0.3821 -3.6220
v -1.2516 0.3986 -3.6879
v -1.2516 0.4317 -3.7474
v -1.2516 0.4790 -3.7963
v -1.2516 0.5374 -3.8312
v -1.2516 0.7745 -3.5393
v -1.2516 0.7836 -3.5756
v -1.2516 0.7830 -3.6131
v -1.2516 0.7727 -3.6492
v -1.2516 0.7535 -3.6814
v -1.2516 0.7265 -3.7074
v -1.2516 0.6938 -3.7257
v -1.2516 0.6574 -3.7348
v -1.2516 0.6199 -3.7342
v -1.2516 0.5838 -3.7239
v -1.2516 0.5517 -3.7046
v -1.2516 0.5256 -3.6777
v -1.2516 0.5073 -3.6449
v -1.2516 0.4982 -3.6086
v -1.2516 0.4988 -3.5711
v -1.2516 0.5091 -3.5350
v -1.2516 0.5284 -3.5028
v -1.2516 0.5553 -3.4767
v -1.2516 0.5881 -3.4585
v -1.2516 0.6244 -3.4494
v -1.2516 0.6619 -3.4500
v -1.2516 0.6980 -3.4603
v -1.2516 0.7302 -3.4795
v -1.2516 0.7563 -3.5065
v -1.2773 0.6574 -3.7348
v -1.2773 0.6199 -3.7342
v -1.2773 0.6938 -3.7257
v -1.2773 0.7265 -3.7074
v -1.2773 0.7535 -3.6814
v -1.2773 0.7727 -3.6492
v -1.2773 0.7830 -3.6131
v -1.2773 0.7836 -3.5756
v -1.2773 0.7745 -3.5393
v -1.2773 0.7563 -3.5065
v -1.2773 0.7302 -3.4795
v -1.2773 0.6980 -3.4603
v -1.2773 0.6619 -3.4500
v -1.2773 0.6244 -3.4494
v -1.2773 0.5881 -3.4585
v -1.2773 0.5553 -3.4767
v -1.2773 0.5284 -3.5028
v -1.2773 0.5091 -3.5350
v -1.2773 0.4988 -3.5711
v -1.2773 0.4982 -3.6086
v -1.2773 0.5073 -3.6449
v -1.2773 0.5256 -3.6777
v -1.2773 0.5517 -3.7046
v -1.2773 0.5838 -3.7239
v 1.2302 0.5903 -3.7089
v 1.2302 0.5387 -3.6680
v 1.2302 0.5618 -3.6918
v 1.2302 0.5145 -3.6067
v 1.2302 0.5225 -3.6389
v 1.2302 0.5241 -3.5415
v 1.2302 0.5150 -3.5735
v 1.2302 0.5650 -3.4899
v 1.2302 0.5412 -3.5130
v 1.2302 0.6263 -3.4656
v 1.2302 0.5941 -3.4737
v 1.2302 0.6915 -3.4753
v 1.2302 0.6595 -3.4662
v 1.2302 0.7431 -3.5162
v 1.2302 0.7200 -3.4924
v 1.2302 0.7674 -3.5775
v 1.2302 0.7593 -3.5453
v 1.2302 0.7577 -3.6427
v 1.2302 0.7668 -3.6107
v 1.2302 0.7168 -3.6943
v 1.2302 0.7406 -3.6712
v 1.2302 0.6555 -3.7185
v 1.2302 0.6877 -3.7105
v 1.2302 0.6223 -3.7180
v 1.2177 0.5990 -3.8754
v 1.2177 0.6708 -3.8510
v 1.2177 0.6028 -3.8499
v 1.2177 0.6737 -3.8765
v 1.2177 0.7368 -3.8344
v 1.2177 0.7462 -3.8584
v 1.2177 0.7962 -3.8013
v 1.2177 0.8116 -3.8220
v 1.2177 0.8451 -3.7540
v 1.2177 0.8653 -3.7700
v 1.2177 0.8800 -3.6957
v 1.2177 0.9037 -3.7059
v 1.2177 0.8987 -3.6302
v 1.2177 0.9242 -3.6340
v 1.2177 0.8998 -3.5622
v 1.2177 0.9254 -3.5593
v 1.2177 0.8832 -3.4962
v 1.2177 0.9072 -3.4868
v 1.2177 0.8502 -3.4368
v 1.2177 0.8708 -3.4214
v 1.2177 0.8028 -3.3879
v 1.2177 0.8188 -3.3677
v 1.2177 0.7445 -3.3530
v 1.2177 0.7547 -3.3293
v 1.2177 0.6791 -3.3343
v 1.2177 0.6828 -3.3088
v 1.2177 0.6110 -3.3332
v 1.2177 0.6081 -3.3076
v 1.2177 0.5451 -3.3498
v 1.2177 0.5356 -3.3258
v 1.2177 0.4856 -3.3828
v 1.2177 0.4703 -3.3622
v 1.2177 0.4367 -3.4302
v 1.2177 0.4166 -3.4142
v 1.2177 0.4018 -3.4885
v 1.2177 0.3782 -3.4783
v 1.2177 0.3831 -3.5539
v 1.2177 0.3577 -3.5502
v 1.2177 0.3821 -3.6220
v 1.2177 0.3565 -3.6249
v 1.2177 0.3986 -3.6879
v 1.2177 0.3746 -3.6974
v 1.2177 0.4317 -3.7474
v 1.2177 0.4110 -3.7627
v 1.2177 0.4790 -3.7963
v 1.2177 0.4630 -3.8164
v 1.2177 0.5374 -3.8312
v 1.2177 0.5271 -3.8549
v 1.1884 0.6708 -3.8510
v 1.1884 0.6028 -3.8499
v 1.1884 0.7368 -3.8344
v 1.1884 0.7962 -3.8013
v 1.1884 0.8451 -3.7540
v 1.1884 0.8800 -3.6957
v 1.1884 0.8987 -3.6302
v 1.1884 0.8998 -3.5622
v 1.1884 0.8832 -3.4962
v 1.1884 0.8502 -3.4368
v 1.1884 0.8028 -3.3879
v 1.1884 0.7445 -3.3530
v 1.1884 0.6791 -3.3343
v 1.1884 0.6110 -3.3332
v 1.1884 0.5451 -3.3498
v 1.1884 0.4856 -3.3828
v 1.1884 0.4367 -3.4302
v 1.1884 0.4018 -3.4885
v 1.1884 0.3831 -3.5539
v 1.1884 0.3821 -3.6220
v 1.1884 0.3986 -3.6879
v 1.1884 0.4317 -3.7474
v 1.1884 0.4790 -3.7963
v 1.1884 0.5374 -3.8312
v 1.1884 0.7563 -3.5065
v 1.1884 0.7745 -3.5393
v 1.1884 0.7836 -3.5756
v 1.1884 0.7830 -3.6131
v 1.1884 0.7727 -3.6492
v 1.1884 0.7535 -3.6814
v 1.1884 0.7265 -3.7074
v 1.1884 0.6938 -3.7257
v 1.1884 0.6574 -3.7348
v 1.1884 0.6199 -3.7342
v 1.1884 0.5838 -3.7239
v 1.1884 0.5517 -3.7046
v 1.1884 0.5256 -3.6777
v 1.1884 0.5073 -3.6449
v 1.1884 0.4982 -3.6086
v 1.1884 0.4988 -3.5711
v 1.1884 0.5091 -3.5350
v 1.1884 0.5284 -3.5028
v 1.1884 0.5553 -3.4767
v 1.1884 0.5881 -3.4585
v 1.1884 0.6244 -3.4494
v 1.1884 0.6619 -3.4500
v 1.1884 0.6980 -3.4603
v 1.1884 0.7302 -3.4795
v 1.2140 0.6574 -3.7348
v 1.2140 0.6199 -3.7342
v 1.2140 0.6938 -3.7257
v 1.2140 0.7265 -3.7074
v 1.2140 0.7535 -3.6814
v 1.2140 0.7727 -3.6492
v 1.2140 0.7830 -3.6131
v 1.2140 0.7836 -3.5756
v 1.2140 0.7745 -3.5393
v 1.2140 0.7563 -3.5065
v 1.2140 0.7302 -3.4795
v 1.2140 0.6980 -3.4603
v 1.2140 0.6619 -3.4500
v 1.2140 0.6244 -3.4494
v 1.2140 0.5881 -3.4585
v 1.2140 0.5553 -3.4767
v 1.2140 0.5284 -3.5028
v 1.2140 0.5091 -3.5350
v 1.2140 0.4988 -3.5711
v 1.2140 0.4982 -3.6086
v 1.2140 0.5073 -3.6449
v 1.2140 0.5256 -3.6777
v 1.2140 0.5517 -3.7046
v 1.2140 0.5838 -3.7239
v -1.2935 0.6555 5.2134
v -1.2935 0.7168 5.2377
v -1.2935 0.6877 5.2215
v -1.2935 0.7577 5.2893
v -1.2935 0.7406 5.2608
v -1.2935 0.7674 5.3545
v -1.2935 0.7668 5.3212
v -1.2935 0.7431 5.4157
v -1.2935 0.7593 5.3867
v -1.2935 0.6915 5.4567
v -1.2935 0.7200 5.4396
v -1.2935 0.6263 5.4663
v -1.2935 0.6595 5.4658
v -1.2935 0.5650 5.4421
v -1.2935 0.5941 5.4582
v -1.2935 0.5241 5.3905
v -1.2935 0.5412 5.4190
v -1.2935 0.5145 5.3253
v -1.2935 0.5150 5.3585
v -1.2935 0.5387 5.2640
v -1.2935 0.5225 5.2931
v -1.2935 0.5903 5.2231
v -1.2935 0.5618 5.2401
v -1.2935 0.6223 5.2140
v -1.2809 0.5990 5.0566
v -1.2809 0.6708 5.0810
v -1.2809 0.6737 5.0554
v -1.2809 0.6028 5.0821
v -1.2809 0.7368 5.0976
v -1.2809 0.7462 5.0736
v -1.2809 0.7962 5.1306
v -1.2809 0.8116 5.1099
v -1.2809 0.8451 5.1780
v -1.2809 0.8653 5.1619
v -1.2809 0.8800 5.2363
v -1.2809 0.9037 5.2261
v -1.2809 0.8987 5.3017
v -1.2809 0.9242 5.2980
v -1.2809 0.8998 5.3697
v -1.2809 0.9254 5.3727
v -1.2809 0.8832 5.4357
v -1.2809 0.9072 5.4452
v -1.2809 0.8502 5.4952
v -1.2809 0.8708 5.5105
v -1.2809 0.8028 5.5440
v -1.2809 0.8188 5.5642
v -1.2809 0.7445 5.5790
v -1.2809 0.7547 5.6026
v -1.2809 0.6791 5.5976
v -1.2809 0.6828 5.6231
v -1.2809 0.6110 5.5987
v -1.2809 0.6081 5.6243
v -1.2809 0.5451 5.5822
v -1.2809 0.5356 5.6061
v -1.2809 0.4856 5.5491
v -1.2809 0.4703 5.5698
v -1.2809 0.4367 5.5018
v -1.2809 0.4166 5.5178
v -1.2809 0.4018 5.4434
v -1.2809 0.3782 5.4537
v -1.2809 0.3831 5.3780
v -1.2809 0.3577 5.3818
v -1.2809 0.3821 5.3100
v -1.2809 0.3565 5.3071
v -1.2809 0.3986 5.2440
v -1.2809 0.3746 5.2345
v -1.2809 0.4317 5.1846
v -1.2809 0.4110 5.1692
v -1.2809 0.4790 5.1357
v -1.2809 0.4630 5.1155
v -1.2809 0.5374 5.1008
v -1.2809 0.5271 5.0771
v -1.2516 0.6708 5.0810
v -1.2516 0.6028 5.0821
v -1.2516 0.7368 5.0976
v -1.2516 0.7962 5.1306
v -1.2516 0.8451 5.1780
v -1.2516 0.8800 5.2363
v -1.2516 0.8987 5.3017
v -1.2516 0.8998 5.3697
v -1.2516 0.8832 5.4357
v -1.2516 0.8502 5.4952
v -1.2516 0.8028 5.5440
v -1.2516 0.7445 5.5790
v -1.2516 0.6791 5.5976
v -1.2516 0.6110 5.5987
v -1.2516 0.5451 5.5822
v -1.2516 0.4856 5.5491
v -1.2516 0.4367 5.5018
v -1.2516 0.4018 5.4434
v -1.2516 0.3831 5.3780
v -1.2516 0.3821 5.3100
v -1.2516 0.3986 5.2440
v -1.2516 0.4317 5.1846
v -1.2516 0.4790 5.1357
v -1.2516 0.5374 5.1008
v -1.2516 0.7745 5.3927
v -1.2516 0.7836 5.3563
v -1.2516 0.7830 5.3188
v -1.2516 0.7727 5.2828
v -1.2516 0.7535 5.2506
v -1.2516 0.7265 5.2245
v -1.2516 0.6938 5.2063
v -1.2516 0.6574 5.1972
v -1.2516 0.6199 5.1978
v -1.2516 0.5838 5.2081
v -1.2516 0.5517 5.2273
v -1.2516 0.5256 5.2543
v -1.2516 0.5073 5.2870
v -1.2516 0.4982 5.3234
v -1.2516 0.4988 5.3609
v -1.2516 0.5091 5.3970
v -1.2516 0.5284 5.4291
v -1.2516 0.5553 5.4552
v -1.2516 0.5881 5.4735
v -1.2516 0.6244 5.4826
v -1.2516 0.6619 5.4820
v -1.2516 0.6980 5.4717
v -1.2516 0.7302 5.4524
v -1.2516 0.7563 5.4255
v -1.2773 0.6574 5.1972
v -1.2773 0.6199 5.1978
v -1.2773 0.6938 5.2063
v -1.2773 0.7265 5.2245
v -1.2773 0.7535 5.2506
v -1.2773 0.7727 5.2828
v -1.2773 0.7830 5.3188
v -1.2773 0.7836 5.3563
v -1.2773 0.7745 5.3927
v -1.2773 0.7563 5.4255
v -1.2773 0.7302 5.4524
v -1.2773 0.6980 5.4717
v -1.2773 0.6619 5.4820
v -1.2773 0.6244 5.4826
v -1.2773 0.5881 5.4735
v -1.2773 0.5553 5.4552
v -1.2773 0.5284 5.4291
v -1.2773 0.5091 5.3970
v -1.2773 0.4988 5.3609
v -1.2773 0.4982 5.3234
v -1.2773 0.5073 5.2870
v -1.2773 0.5256 5.2543
v -1.2773 0.5517 5.2273
v -1.2773 0.5838 5.2081
v 1.2302 0.5903 5.2231
v 1.2302 0.5387 5.2640
v 1.2302 0.5618 5.2401
v 1.2302 0.5145 5.3253
v 1.2302 0.5225 5.2931
v 1.2302 0.5241 5.3905
v 1.2302 0.5150 5.3585
v 1.2302 0.5650 5.4421
v 1.2302 0.5412 5.4190
v 1.2302 0.6263 5.4663
v 1.2302 0.5941 5.4582
v 1.2302 0.6915 5.4567
v 1.2302 0.6595 5.4658
v 1.2302 0.7431 5.4157
v 1.2302 0.7200 5.4396
v 1.2302 0.7674 5.3545
v 1.2302 0.7593 5.3867
v 1.2302 0.7577 5.2893
v 1.2302 0.7668 5.3212
v 1.2302 0.7168 5.2377
v 1.2302 0.7406 5.2608
v 1.2302 0.6555 5.2134
v 1.2302 0.6877 5.2215
v 1.2302 0.6223 5.2140
v 1.2177 0.5990 5.0566
v 1.2177 0.6708 5.0810
v 1.2177 0.6028 5.0821
v 1.2177 0.6737 5.0554
v 1.2177 0.7368 5.0976
v 1.2177 0.7462 5.0736
v 1.2177 0.7962 5.1306
v 1.2177 0.8116 5.1099
v 1.2177 0.8451 5.1780
v 1.2177 0.8653 5.1619
v 1.2177 0.8800 5.2363
v 1.2177 0.9037 5.2261
v 1.2177 0.8987 5.3017
v 1.2177 0.9242 5.2980
v 1.2177 0.8998 5.3698
v 1.2177 0.9254 5.3727
v 1.2177 0.8832 5.4357
v 1.2177 0.9072 5.4452
v 1.2177 0.8502 5.4952
v 1.2177 0.8708 5.5105
v 1.2177 0.8028 5.5440
v 1.2177 0.8188 5.5642
v 1.2177 0.7445 5.5790
v 1.2177 0.7547 5.6026
v 1.2177 0.6791 5.5977
v 1.2177 0.6828 5.6231
v 1.2177 0.6110 5.5987
v 1.2177 0.6081 5.6243
v 1.2177 0.5451 5.5822
v 1.2177 0.5356 5.6061
v 1.2177 0.4856 5.5491
v 1.2177 0.4703 5.5698
v 1.2177 0.4367 5.5018
v 1.2177 0.4166 5.5178
v 1.2177 0.4018 5.4434
v 1.2177 0.3782 5.4537
v 1.2177 0.3831 5.3780
v 1.2177 0.3577 5.3818
v 1.2177 0.3821 5.3100
v 1.2177 0.3565 5.3071
v 1.2177 0.3986 5.2440
v 1.2177 0.3746 5.2345
v 1.2177 0.4317 5.1846
v 1.2177 0.4110 5.1692
v 1.2177 0.4790 5.1357
v 1.2177 0.4630 5.1155
v 1.2177 0.5374 5.1008
v 1.2177 0.5271 5.0771
v 1.1884 0.6708 5.0810
v 1.1884 0.6028 5.0821
v 1.1884 0.7368 5.0976
v 1.1884 0.7962 5.1306
v 1.1884 0.8451 5.1780
v 1.1884 0.8800 5.2363
v 1.1884 0.8987 5.3017
v 1.1884 0.8998 5.3698
v 1.1884 0.8832 5.4357
v 1.1884 0.8502 5.4952
v 1.1884 0.8028 5.5440
v 1.1884 0.7445 5.5790
v 1.1884 0.6791 5.5977
v 1.1884 0.6110 5.5987
v 1.1884 0.5451 5.5822
v 1.1884 0.4856 5.5491
v 1.1884 0.4367 5.5018
v 1.1884 0.4018 5.4434
v 1.1884 0.3831 5.3780
v 1.1884 0.3821 5.3100
v 1.1884 0.3986 5.2440
v 1.1884 0.4317 5.1846
v 1.1884 0.4790 5.1357
v 1.1884 0.5374 5.1008
v 1.1884 0.7563 5.4255
v 1.1884 0.7745 5.3927
v 1.1884 0.7836 5.3563
v 1.1884 0.7830 5.3189
v 1.1884 0.7727 5.2828
v 1.1884 0.7535 5.2506
v 1.1884 0.7265 5.2245
v 1.1884 0.6938 5.2063
v 1.1884 0.6574 5.1972
v 1.1884 0.6199 5.1978
v 1.1884 0.5838 5.2081
v 1.1884 0.5516 5.2273
v 1.1884 0.5256 5.2543
v 1.1884 0.5073 5.2870
v 1.1884 0.4982 5.3234
v 1.1884 0.4988 5.3609
v 1.1884 0.5091 5.3970
v 1.1884 0.5284 5.4291
v 1.1884 0.5553 5.4552
v 1.1884 0.5881 5.4735
v 1.1884 0.6244 5.4826
v 1.1884 0.6619 5.4820
v 1.1884 0.6980 5.4717
v 1.1884 0.7302 5.4524
v 1.2140 0.6574 5.1972
v 1.2140 0.6199 5.1978
v 1.2140 0.6938 5.2063
v 1.2140 0.7265 5.2245
v 1.2140 0.7535 5.2506
v 1.2140 0.7727 5.2828
v 1.2140 0.7830 5.3189
v 1.2140 0.7836 5.3563
v 1.2140 0.7745 5.3927
v 1.2140 0.7563 5.4255
v 1.2140 0.7302 5.4524
v 1.2140 0.6980 5.4717
v 1.2140 0.6619 5.4820
v 1.2140 0.6244 5.4826
v 1.2140 0.5881 5.4735
v 1.2140 0.5553 5.4552
v 1.2140 0.5284 5.4291
v 1.2140 0.5091 5.3970
v 1.2140 0.4988 5.3609
v 1.2140 0.4982 5.3234
v 1.2140 0.5073 5.2870
v 1.2140 0.5256 5.2543
v 1.2140 0.5516 5.2273
v 1.2140 0.5838 5.2081
vt 0.55771 0.97378
vt 0.55771 0.97378
vt 0.55770 0.97378
vt 0.55770 0.97378
vt 0.55770 0.97379
vt 0.55770 0.97379
vt 0.55770 0.97379
vt 0.55770 0.97379
vt 0.55771 0.97379
vt 0.55771 0.97379
vt 0.55771 0.97379
vt 0.55771 0.97379
vt 0.55770 0.97378
vt 0.55770 0.97378
vt 0.55770 0.97378
vt 0.55770 0.97378
vt 0.55770 0.97378
vt 0.55771 0.97378
vt 0.55771 0.97378
vt 0.55770 0.97378
vt 0.55771 0.97379
vt 0.55770 0.97379
vt 0.55771 0.97379
vt 0.55771 0.97379
vt 0.55771 0.97378
vt 0.55771 0.97378
vt 0.55771 0.97378
vt 0.55771 0.97378
vt 0.55770 0.97379
vt 0.55770 0.97379
vt 0.55770 0.97379
vt 0.55770 0.97379
vt 0.55770 0.97379
vt 0.55770 0.97379
vt 0.55771 0.97379
vt 0.55770 0.97379
vt 0.55770 0.97378
vt 0.55770 0.97378
vt 0.55770 0.97378
vt 0.55770 0.97378
vt 0.55770 0.97378
vt 0.55770 0.97378
vt 0.55770 0.97378
vt 0.55770 0.97378
vt 0.55770 0.97379
vt 0.55770 0.97379
vt 0.55771 0.97379
vt 0.55770 0.97379
vt 0.55770 0.97378
vt 0.55770 0.97378
vt 0.55770 0.97378
vt 0.55770 0.97378
vt 0.55770 0.97378
vt 0.55770 0.97378
vt 0.55770 0.97378
vt 0.55770 0.97378
vt 0.55770 0.97379
vt 0.55771 0.97379
vt 0.55771 0.97379
vt 0.55770 0.97379
vt 0.55770 0.97378
vt 0.55770 0.97378
vt 0.55770 0.97379
vt 0.55770 0.97379
vt 0.55770 0.97378
vt 0.55770 0.97379
vt 0.55770 0.97379
vt 0.55770 0.97378
vt 0.55770 0.97379
vt 0.55771 0.97379
vt 0.55771 0.97379
vt 0.55770 0.97379
vt 0.79650 0.06929
vt 0.79650 0.06929
vt 0.79650 0.06929
vt 0.79650 0.06929
vt 0.79650 0.06929
vt 0.79650 0.06929
vt 0.79650 0.06929
vt 0.79650 0.06929
vt 0.79650 0.06929
vt 0.79650 0.06929
vt 0.79650 0.06929
vt 0.79650 0.06929
vt 0.79650 0.06929
vt 0.79650 0.06929
vt 0.79650 0.06929
vt 0.79650 0.06929
vt 0.79650 0.06929
vt 0.79650 0.06929
vt 0.79650 0.06929
vt 0.79650 0.06929
vt 0.79650 0.06929
vt 0.79650 0.06929
vt 0.79650 0.06929
vt 0.79650 0.06929
vt 0.79650 0.06929
vt 0.79650 0.06929
vt 0.79650 0.06929
vt 0.79650 0.06929
vt 0.79650 0.06929
vt 0.79650 0.06929
vt 0.79650 0.06929
vt 0.79650 0.06929
vt 0.79650 0.06929
vt 0.79650 0.06929
vt 0.79650 0.06929
vt 0.79650 0.06929
vt 0.79650 0.06929
vt 0.79650 0.06929
vt 0.79650 0.06929
vt 0.79650 0.06929
vt 0.79650 0.06929
vt 0.79650 0.06929
vt 0.79650 0.06929
vt 0.79650 0.06929
vt 0.79650 0.06929
vt 0.79650 0.06929
vt 0.79650 0.06929
vt 0.79650 0.06929
vt 0.79650 0.06929
vt 0.79650 0.06929
vt 0.79650 0.06929
vt 0.79650 0.06929
vt 0.79650 0.06929
vt 0.79650 0.06929
vt 0.79650 0.06929
vt 0.79650 0.06929
vt 0.79650 0.06929
vt 0.79650 0.06929
vt 0.79650 0.06929
vt 0.79650 0.06929
vt 0.79650 0.06929
vt 0.79650 0.06929
vt 0.79650 0.06929
vt 0.79650 0.06929
vt 0.79650 0.06929
vt 0.79650 0.06929
vt 0.79650 0.06929
vt 0.79650 0.06929
vt 0.79650 0.06929
vt 0.79650 0.06929
vt 0.79650 0.06929
vt 0.79650 0.06929
vt 0.79650 0.06929
vt 0.79650 0.06929
vt 0.79650 0.06929
vt 0.79650 0.06929
vt 0.79650 0.06929
vt 0.79650 0.06929
vt 0.79650 0.06929
vt 0.79650 0.06929
vt 0.79650 0.06929
vt 0.79650 0.06929
vt 0.79650 0.06929
vt 0.79650 0.06929
vt 0.79650 0.06929
vt 0.79650 0.06929
vt 0.79650 0.06929
vt 0.79650 0.06929
vt 0.79650 0.06929
vt 0.79650 0.06929
vt 0.79650 0.06929
vt 0.79650 0.06929
vt 0.79650 0.06929
vt 0.79650 0.06929
vt 0.79650 0.06929
vt 0.79650 0.06929
vt 0.79650 0.06929
vt 0.79650 0.06929
vt 0.79650 0.06929
vt 0.79650 0.06929
vt 0.79650 0.06929
vt 0.79650 0.06929
vt 0.79650 0.06929
vt 0.79650 0.06929
vt 0.79650 0.06929
vt 0.79650 0.06929
vt 0.79650 0.06929
vt 0.79650 0.06929
vt 0.79650 0.06929
vt 0.79650 0.06929
vt 0.79650 0.06929
vt 0.79650 0.06929
vt 0.79650 0.06929
vt 0.79650 0.06929
vt 0.79650 0.06929
vt 0.79650 0.06929
vt 0.79650 0.06929
vt 0.79650 0.06929
vt 0.79650 0.06929
vt 0.79650 0.06929
vt 0.79650 0.06929
vt 0.79650 0.06929
vt 0.79650 0.06929
vt 0.79650 0.06929
vt 0.79650 0.06929
vt 0.79650 0.06929
vt 0.79650 0.06929
vt 0.79650 0.06929
vt 0.79650 0.06929
vt 0.79650 0.06929
vt 0.79650 0.06929
vt 0.79650 0.06929
vt 0.79650 0.06929
vt 0.79650 0.06929
vt 0.79650 0.06929
vt 0.79650 0.06929
vt 0.79650 0.06929
vt 0.79650 0.06929
vt 0.79650 0.06929
vt 0.79650 0.06929
vt 0.79650 0.06929
vt 0.79650 0.06929
vt 0.79650 0.06929
vt 0.79650 0.06929
vt 0.79650 0.06929
vt 0.79650 0.06929
vt 0.79650 0.06929
vt 0.79650 0.06929
vt 0.79650 0.06929
vt 0.79650 0.06929
vt 0.79650 0.06929
vt 0.79650 0.06929
vt 0.79650 0.06929
vt 0.79650 0.06929
vt 0.79650 0.06929
vt 0.79650 0.06929
vt 0.79650 0.06929
vt 0.79650 0.06929
vt 0.79650 0.06929
vt 0.79650 0.06929
vt 0.79650 0.06929
vt 0.79650 0.06929
vt 0.79650 0.06929
vt 0.79650 0.06929
vt 0.79650 0.06929
vt 0.79650 0.06929
vt 0.79650 0.06929
vt 0.79650 0.06929
vt 0.79650 0.06929
vt 0.79650 0.06929
vt 0.79650 0.06929
vt 0.79650 0.06929
vt 0.79650 0.06929
vt 0.79650 0.06929
vt 0.79650 0.06929
vt 0.79650 0.06929
vt 0.79650 0.06929
vt 0.79650 0.06929
vt 0.79650 0.06929
vt 0.79650 0.06929
vt 0.79650 0.06929
vt 0.79650 0.06929
vt 0.79650 0.06929
vt 0.79650 0.06929
vt 0.79650 0.06929
vt 0.79650 0.06929
vt 0.79650 0.06929
vt 0.79650 0.06929
vt 0.79650 0.06929
vt 0.79650 0.06929
vt 0.79650 0.06929
vt 0.79650 0.06929
vt 0.79650 0.06929
vt 0.79650 0.06929
vt 0.79650 0.06929
vt 0.79650 0.06929
vt 0.79650 0.06929
vt 0.79650 0.06929
vt 0.79650 0.06929
vt 0.79650 0.06929
vt 0.79650 0.06929
vt 0.79650 0.06929
vt 0.79650 0.06929
vt 0.79650 0.06929
vt 0.79650 0.06929
vt 0.79650 0.06929
vt 0.79650 0.06929
vt 0.79650 0.06929
vt 0.79650 0.06929
vt 0.79650 0.06929
vt 0.79650 0.06929
vt 0.79650 0.06929
vt 0.79650 0.06929
vt 0.79650 0.06929
vt 0.79650 0.06929
vt 0.79650 0.06929
vt 0.79650 0.06929
vt 0.79650 0.06929
vt 0.79650 0.06929
vt 0.79650 0.06929
vt 0.79650 0.06929
vt 0.79650 0.06929
vt 0.79650 0.06929
vt 0.79650 0.06929
vt 0.79650 0.06929
vt 0.79650 0.06929
vt 0.79650 0.06929
vt 0.79650 0.06929
vt 0.79650 0.06929
vt 0.79650 0.06929
vt 0.79650 0.06929
vt 0.79650 0.06929
vt 0.79650 0.06929
vt 0.79650 0.06929
vt 0.79650 0.06929
vt 0.79650 0.06929
vt 0.79650 0.06929
vt 0.79650 0.06929
vt 0.79650 0.06929
vt 0.79650 0.06929
vt 0.79650 0.06929
vt 0.79650 0.06929
vt 0.79650 0.06929
vt 0.79650 0.06929
vt 0.79650 0.06929
vt 0.79650 0.06929
vt 0.79650 0.06929
vt 0.79650 0.06929
vt 0.79650 0.06929
vt 0.79650 0.06929
vt 0.79650 0.06929
vt 0.79650 0.06929
vt 0.79650 0.06929
vt 0.79650 0.06929
vt 0.79650 0.06929
vt 0.79650 0.06929
vt 0.79650 0.06929
vt 0.79650 0.06929
vt 0.79650 0.06929
vt 0.79650 0.06929
vt 0.79650 0.06929
vt 0.79650 0.06929
vt 0.79650 0.06929
vt 0.79650 0.06929
vt 0.79650 0.06929
vt 0.79650 0.06929
vt 0.79650 0.06929
vt 0.79650 0.06929
vt 0.79650 0.06929
vt 0.79650 0.06929
vt 0.79650 0.06929
vt 0.79650 0.06929
vt 0.79650 0.06929
vt 0.79650 0.06929
vt 0.79650 0.06929
vt 0.79650 0.06929
vt 0.79650 0.06929
vt 0.79650 0.06929
vt 0.79650 0.06929
vt 0.79650 0.06929
vt 0.79650 0.06929
vt 0.79650 0.06929
vt 0.79650 0.06929
vt 0.79650 0.06929
vt 0.79650 0.06929
vt 0.79650 0.06929
vt 0.79650 0.06929
vt 0.79650 0.06929
vt 0.79650 0.06929
vt 0.79650 0.06929
vt 0.79650 0.06929
vt 0.79650 0.06929
vt 0.79650 0.06929
vt 0.79650 0.06929
vt 0.79650 0.06929
vt 0.79650 0.06929
vt 0.79650 0.06929
vt 0.79650 0.06929
vt 0.79650 0.06929
vt 0.79650 0.06929
vt 0.79650 0.06929
vt 0.79650 0.06929
vt 0.79650 0.06929
vt 0.79650 0.06929
vt 0.79650 0.06929
vt 0.79650 0.06929
vt 0.79650 0.06929
vt 0.79650 0.06929
vt 0.79650 0.06929
vt 0.79650 0.06929
vt 0.79650 0.06929
vt 0.79650 0.06929
vt 0.79650 0.06929
vt 0.79650 0.06929
vt 0.79650 0.06929
vt 0.79650 0.06929
vt 0.79650 0.06929
vt 0.79650 0.06929
vt 0.79650 0.06929
vt 0.79650 0.06929
vt 0.79650 0.06929
vt 0.79650 0.06929
vt 0.79650 0.06929
vt 0.79650 0.06929
vt 0.79650 0.06929
vt 0.79650 0.06929
vt 0.79650 0.06929
vt 0.79650 0.06929
vt 0.79650 0.06929
vt 0.79650 0.06929
vt 0.79650 0.06929
vt 0.79650 0.06929
vt 0.79650 0.06929
vt 0.79650 0.06929
vt 0.79650 0.06929
vt 0.79650 0.06929
vt 0.79650 0.06929
vt 0.79650 0.06929
vt 0.79650 0.06929
vt 0.79650 0.06929
vt 0.79650 0.06929
vt 0.79650 0.06929
vt 0.79650 0.06929
vt 0.79650 0.06929
vt 0.79650 0.06929
vt 0.79650 0.06929
vt 0.79650 0.06929
vt 0.79650 0.06929
vt 0.79650 0.06929
vt 0.79650 0.06929
vt 0.79650 0.06929
vt 0.79650 0.06929
vt 0.79650 0.06929
vt 0.79650 0.06929
vt 0.79650 0.06929
vt 0.79650 0.06929
vt 0.79650 0.06929
vt 0.79650 0.06929
vt 0.79650 0.06929
vt 0.79650 0.06929
vt 0.79650 0.06929
vt 0.79650 0.06929
vt 0.79650 0.06929
vt 0.79650 0.06929
vt 0.79650 0.06929
vt 0.79650 0.06929
vt 0.79650 0.06929
vt 0.79650 0.06929
vt 0.79650 0.06929
vt 0.79650 0.06929
vt 0.79650 0.06929
vt 0.79650 0.06929
vt 0.79650 0.06929
vt 0.79650 0.06929
vt 0.79650 0.06929
vt 0.79650 0.06929
vt 0.79650 0.06929
vt 0.79650 0.06929
vt 0.79650 0.06929
vt 0.79650 0.06929
vt 0.79650 0.06929
vt 0.79650 0.06929
vt 0.79650 0.06929
vt 0.79650 0.06929
vt 0.79650 0.06929
vt 0.79650 0.06929
vt 0.79650 0.06929
vt 0.79650 0.06929
vt 0.79650 0.06929
vt 0.79650 0.06929
vt 0.79650 0.06929
vt 0.79650 0.06929
vt 0.79650 0.06929
vt 0.79650 0.06929
vt 0.79650 0.06929
vt 0.79650 0.06929
vt 0.79650 0.06929
vt 0.79650 0.06929
vt 0.79650 0.06929
vt 0.79650 0.06929
vt 0.79650 0.06929
vt 0.79650 0.06929
vt 0.79650 0.06929
vt 0.79650 0.06929
vt 0.79650 0.06929
vt 0.79650 0.06929
vt 0.79650 0.06929
vt 0.79650 0.06929
vt 0.79650 0.06929
vt 0.79650 0.06929
vt 0.79650 0.06929
vt 0.79650 0.06929
vt 0.79650 0.06929
vt 0.79650 0.06929
vt 0.79650 0.06929
vt 0.79650 0.06929
vt 0.79650 0.06929
vt 0.79650 0.06929
vt 0.79650 0.06929
vt 0.79650 0.06929
vt 0.79650 0.06929
vt 0.79650 0.06929
vt 0.79650 0.06929
vt 0.79650 0.06929
vt 0.79650 0.06929
vt 0.79650 0.06929
vt 0.79650 0.06929
vt 0.79650 0.06929
vt 0.79650 0.06929
vt 0.79650 0.06929
vt 0.79650 0.06929
vt 0.79650 0.06929
vt 0.79650 0.06929
vt 0.79650 0.06929
vt 0.79650 0.06929
vt 0.79650 0.06929
vt 0.79650 0.06929
vt 0.79650 0.06929
vt 0.79650 0.06929
vt 0.79650 0.06929
vt 0.79650 0.06929
vt 0.79650 0.06929
vt 0.79650 0.06929
vt 0.79650 0.06929
vt 0.79650 0.06929
vt 0.79650 0.06929
vt 0.79650 0.06929
vt 0.79650 0.06929
vt 0.79650 0.06929
vt 0.79650 0.06929
vt 0.79650 0.06929
vt 0.79650 0.06929
vt 0.79650 0.06929
vt 0.79650 0.06929
vt 0.79650 0.06929
vt 0.79650 0.06929
vt 0.79650 0.06929
vt 0.79650 0.06929
vt 0.79650 0.06929
vt 0.79650 0.06929
vt 0.79650 0.06929
vt 0.79650 0.06929
vt 0.79650 0.06929
vt 0.79650 0.06929
vt 0.79650 0.06929
vt 0.79650 0.06929
vt 0.79650 0.06929
vt 0.79650 0.06929
vt 0.79650 0.06929
vt 0.79650 0.06929
vt 0.79650 0.06929
vt 0.79650 0.06929
vt 0.79650 0.06929
vt 0.79650 0.06929
vt 0.79650 0.06929
vt 0.79650 0.06929
vt 0.79650 0.06929
vt 0.79650 0.06929
vt 0.79650 0.06929
vt 0.79650 0.06929
vt 0.79650 0.06929
vt 0.79650 0.06929
vt 0.79650 0.06929
vt 0.79650 0.06929
vt 0.79650 0.06929
vt 0.79650 0.06929
vt 0.79650 0.06929
vt 0.79650 0.06929
vt 0.79650 0.06929
vt 0.79650 0.06929
vt 0.79650 0.06929
vt 0.79650 0.06929
vt 0.79650 0.06929
vt 0.79650 0.06929
vt 0.79650 0.06929
vt 0.79650 0.06929
vt 0.79650 0.06929
vt 0.79650 0.06929
vt 0.79650 0.06929
vt 0.79650 0.06929
vt 0.79650 0.06929
vt 0.79650 0.06929
vt 0.79650 0.06929
vt 0.79650 0.06929
vt 0.79650 0.06929
vt 0.79650 0.06929
vt 0.79650 0.06929
vt 0.79650 0.06929
vt 0.79650 0.06929
vt 0.79650 0.06929
vt 0.79650 0.06929
vt 0.79650 0.06929
vt 0.79650 0.06929
vt 0.79650 0.06929
vt 0.79650 0.06929
vt 0.79650 0.06929
vt 0.79650 0.06929
vt 0.79650 0.06929
vt 0.79650 0.06929
vt 0.79650 0.06929
vt 0.79650 0.06929
vt 0.79650 0.06929
vt 0.79650 0.06929
vt 0.79650 0.06929
vt 0.79650 0.06929
vt 0.79650 0.06929
vt 0.79650 0.06929
vt 0.79650 0.06929
vt 0.79650 0.06929
vt 0.79650 0.06929
vt 0.79650 0.06929
vt 0.79650 0.06929
vt 0.79650 0.06929
vt 0.79650 0.06929
vt 0.79650 0.06929
vt 0.79650 0.06929
vt 0.79650 0.06929
vt 0.79650 0.06929
vt 0.79650 0.06929
vt 0.79650 0.06929
vt 0.79650 0.06929
vt 0.79650 0.06929
vt 0.79650 0.06929
vt 0.79650 0.06929
vt 0.10845 0.92748
vt 0.10845 0.92748
vt 0.10845 0.92748
vt 0.10845 0.92748
vt 0.10845 0.92748
vt 0.10845 0.92748
vt 0.10845 0.92748
vt 0.10845 0.92748
vt 0.10845 0.92748
vt 0.10845 0.92748
vt 0.10845 0.92748
vt 0.10845 0.92748
vt 0.10845 0.92748
vt 0.10845 0.92748
vt 0.10845 0.92748
vt 0.10845 0.92748
vt 0.10845 0.92748
vt 0.10845 0.92748
vt 0.10845 0.92748
vt 0.10845 0.92748
vt 0.10845 0.92748
vt 0.10845 0.92748
vt 0.10845 0.92748
vt 0.10845 0.92748
vt 0.10845 0.92748
vt 0.10845 0.92748
vt 0.10845 0.92748
vt 0.10845 0.92748
vt 0.10845 0.92748
vt 0.10845 0.92748
vt 0.10845 0.92748
vt 0.10845 0.92748
vt 0.10845 0.92748
vt 0.10845 0.92748
vt 0.10845 0.92748
vt 0.10845 0.92748
vt 0.10845 0.92748
vt 0.10845 0.92748
vt 0.10845 0.92748
vt 0.10845 0.92748
vt 0.10845 0.92748
vt 0.10845 0.92748
vt 0.10845 0.92748
vt 0.10845 0.92748
vt 0.10845 0.92748
vt 0.10845 0.92748
vt 0.10845 0.92748
vt 0.10845 0.92748
vt 0.10845 0.92748
vt 0.10845 0.92748
vt 0.10845 0.92748
vt 0.10845 0.92748
vt 0.10845 0.92748
vt 0.10845 0.92748
vt 0.10845 0.92748
vt 0.10845 0.92748
vt 0.10845 0.92748
vt 0.10845 0.92748
vt 0.10845 0.92748
vt 0.10845 0.92748
vt 0.10845 0.92748
vt 0.10845 0.92748
vt 0.10845 0.92748
vt 0.10845 0.92748
vt 0.10845 0.92748
vt 0.10845 0.92748
vt 0.10845 0.92748
vt 0.10845 0.92748
vt 0.10845 0.92748
vt 0.10845 0.92748
vt 0.10845 0.92748
vt 0.10845 0.92748
vt 0.10845 0.92748
vt 0.10845 0.92748
vt 0.10845 0.92748
vt 0.10845 0.92748
vt 0.10845 0.92748
vt 0.10845 0.92748
vt 0.10845 0.92748
vt 0.10845 0.92748
vt 0.10845 0.92748
vt 0.10845 0.92748
vt 0.10845 0.92748
vt 0.10845 0.92748
vt 0.10845 0.92748
vt 0.10845 0.92748
vt 0.10845 0.92748
vt 0.10845 0.92748
vt 0.10845 0.92748
vt 0.10845 0.92748
vt 0.10845 0.92748
vt 0.10845 0.92748
vt 0.10845 0.92748
vt 0.10845 0.92748
vt 0.10845 0.92748
vt 0.10845 0.92748
vt 0.10845 0.92748
vt 0.10845 0.92748
vt 0.10845 0.92748
vt 0.10845 0.92748
vt 0.10845 0.92748
vt 0.10845 0.92748
vt 0.10845 0.92748
vt 0.10845 0.92748
vt 0.10845 0.92748
vt 0.10845 0.92748
vt 0.10845 0.92748
vt 0.10845 0.92748
vt 0.10845 0.92748
vt 0.10845 0.92748
vt 0.10845 0.92748
vt 0.10845 0.92748
vt 0.10845 0.92748
vt 0.10845 0.92748
vt 0.10845 0.92748
vt 0.10845 0.92748
vt 0.10845 0.92748
vt 0.10845 0.92748
vt 0.10845 0.92748
vt 0.10845 0.92748
vt 0.10845 0.92748
vt 0.10845 0.92748
vt 0.10845 0.92748
vt 0.10845 0.92748
vt 0.10845 0.92748
vt 0.10845 0.92748
vt 0.10845 0.92748
vt 0.10845 0.92748
vt 0.10845 0.92748
vt 0.10845 0.92748
vt 0.10845 0.92748
vt 0.10845 0.92748
vt 0.10845 0.92748
vt 0.10845 0.92748
vt 0.10845 0.92748
vt 0.10845 0.92748
vt 0.10845 0.92748
vt 0.10845 0.92748
vt 0.10845 0.92748
vt 0.10845 0.92748
vt 0.10845 0.92748
vt 0.10845 0.92748
vt 0.10845 0.92748
vt 0.10845 0.92748
vt 0.10845 0.92748
vt 0.10845 0.92748
vt 0.10845 0.92748
vt 0.10845 0.92748
vt 0.10845 0.92748
vt 0.10845 0.92748
vt 0.10845 0.92748
vt 0.10845 0.92748
vt 0.10845 0.92748
vt 0.10845 0.92748
vt 0.10845 0.92748
vt 0.10845 0.92748
vt 0.10845 0.92748
vt 0.10845 0.92748
vt 0.10845 0.92748
vt 0.10845 0.92748
vt 0.10845 0.92748
vt 0.10845 0.92748
vt 0.10845 0.92748
vt 0.10845 0.92748
vt 0.10845 0.92748
vt 0.10845 0.92748
vt 0.10845 0.92748
vt 0.10845 0.92748
vt 0.10845 0.92748
vt 0.10845 0.92748
vt 0.10845 0.92748
vt 0.10845 0.92748
vt 0.10845 0.92748
vt 0.10845 0.92748
vt 0.10845 0.92748
vt 0.10845 0.92748
vt 0.10845 0.92748
vt 0.10845 0.92748
vt 0.10845 0.92748
vt 0.10845 0.92748
vt 0.10845 0.92748
vt 0.10845 0.92748
vt 0.10845 0.92748
vt 0.10845 0.92748
vt 0.10845 0.92748
vt 0.10845 0.92748
vt 0.10845 0.92748
vt 0.10845 0.92748
vt 0.10845 0.92748
vt 0.10845 0.92748
vt 0.10845 0.92748
vt 0.10845 0.92748
vt 0.10845 0.92748
vt 0.10845 0.92748
vt 0.10845 0.92748
vt 0.10845 0.92748
vt 0.10845 0.92748
vt 0.10845 0.92748
vt 0.10845 0.92748
vt 0.10845 0.92748
vt 0.10845 0.92748
vt 0.10845 0.92748
vt 0.10845 0.92748
vt 0.10845 0.92748
vt 0.10845 0.92748
vt 0.10845 0.92748
vt 0.10845 0.92748
vt 0.10845 0.92748
vt 0.10845 0.92748
vt 0.10845 0.92748
vt 0.10845 0.92748
vt 0.10845 0.92748
vt 0.10845 0.92748
vt 0.10845 0.92748
vt 0.10845 0.92748
vt 0.10845 0.92748
vt 0.10845 0.92748
vt 0.10845 0.92748
vt 0.10845 0.92748
vt 0.10845 0.92748
vt 0.10845 0.92748
vt 0.10845 0.92748
vt 0.10845 0.92748
vt 0.10845 0.92748
vt 0.10845 0.92748
vt 0.10845 0.92748
vt 0.10845 0.92748
vt 0.10845 0.92748
vt 0.10845 0.92748
vt 0.10845 0.92748
vt 0.10845 0.92748
vt 0.10845 0.92748
vt 0.10845 0.92748
vt 0.10845 0.92748
vt 0.10845 0.92748
vt 0.10845 0.92748
vt 0.10845 0.92748
vt 0.10845 0.92748
vt 0.10845 0.92748
vt 0.10845 0.92748
vt 0.10845 0.92748
vt 0.10845 0.92748
vt 0.10845 0.92748
vt 0.10845 0.92748
vt 0.10845 0.92748
vt 0.10845 0.92748
vt 0.10845 0.92748
vt 0.10845 0.92748
vt 0.10845 0.92748
vt 0.10845 0.92748
vt 0.10845 0.92748
vt 0.10845 0.92748
vt 0.10845 0.92748
vt 0.10845 0.92748
vt 0.10845 0.92748
vt 0.10845 0.92748
vt 0.10845 0.92748
vt 0.10845 0.92748
vt 0.10845 0.92748
vt 0.10845 0.92748
vt 0.10845 0.92748
vt 0.10845 0.92748
vt 0.10845 0.92748
vt 0.10845 0.92748
vt 0.10845 0.92748
vt 0.10845 0.92748
vt 0.10845 0.92748
vt 0.10845 0.92748
vt 0.10845 0.92748
vt 0.10845 0.92748
vt 0.10845 0.92748
vt 0.10845 0.92748
vt 0.10845 0.92748
vt 0.10845 0.92748
vt 0.10845 0.92748
vt 0.10845 0.92748
vt 0.10845 0.92748
vt 0.10845 0.92748
vt 0.10845 0.92748
vt 0.10845 0.92748
vt 0.10845 0.92748
vt 0.10845 0.92748
vt 0.10845 0.92748
vt 0.10845 0.92748
vt 0.10845 0.92748
vt 0.10845 0.92748
vt 0.10845 0.92748
vt 0.10845 0.92748
vt 0.10845 0.92748
vt 0.10845 0.92748
vt 0.10845 0.92748
vt 0.10845 0.92748
vt 0.10845 0.92748
vt 0.10845 0.92748
vt 0.10845 0.92748
vt 0.10845 0.92748
vt 0.10845 0.92748
vt 0.10845 0.92748
vt 0.10845 0.92748
vt 0.10845 0.92748
vt 0.10845 0.92748
vt 0.10845 0.92748
vt 0.10845 0.92748
vt 0.10845 0.92748
vt 0.10845 0.92748
vt 0.10845 0.92748
vt 0.10845 0.92748
vt 0.10845 0.92748
vt 0.10845 0.92748
vt 0.10845 0.92748
vt 0.10845 0.92748
vt 0.10845 0.92748
vt 0.10845 0.92748
vt 0.10845 0.92748
vt 0.10845 0.92748
vt 0.10845 0.92748
vt 0.10845 0.92748
vt 0.10845 0.92748
vt 0.10845 0.92748
vt 0.10845 0.92748
vt 0.10845 0.92748
vt 0.10845 0.92748
vt 0.10845 0.92748
vt 0.10845 0.92748
vt 0.10845 0.92748
vt 0.10845 0.92748
vt 0.10845 0.92748
vt 0.10845 0.92748
vt 0.10845 0.92748
vt 0.10845 0.92748
vt 0.10845 0.92748
vt 0.10845 0.92748
vt 0.10845 0.92748
vt 0.10845 0.92748
vt 0.10845 0.92748
vt 0.10845 0.92748
vt 0.10845 0.92748
vt 0.10845 0.92748
vt 0.10845 0.92748
vt 0.10845 0.92748
vt 0.10845 0.92748
vt 0.10845 0.92748
vt 0.10845 0.92748
vt 0.10845 0.92748
vt 0.10845 0.92748
vt 0.10845 0.92748
vt 0.10845 0.92748
vt 0.10845 0.92748
vt 0.10845 0.92748
vt 0.10845 0.92748
vt 0.10845 0.92748
vt 0.10845 0.92748
vt 0.10845 0.92748
vt 0.10845 0.92748
vt 0.10845 0.92748
vt 0.10845 0.92748
vt 0.10845 0.92748
vt 0.10845 0.92748
vt 0.10845 0.92748
vt 0.10845 0.92748
vt 0.10845 0.92748
vt 0.10845 0.92748
vt 0.10845 0.92748
vt 0.10845 0.92748
vt 0.10845 0.92748
vt 0.10845 0.92748
vt 0.10845 0.92748
vt 0.10845 0.92748
vt 0.10845 0.92748
vt 0.10845 0.92748
vt 0.10845 0.92748
vt 0.10845 0.92748
vt 0.10845 0.92748
vt 0.10845 0.92748
vt 0.10845 0.92748
vt 0.10845 0.92748
vt 0.10845 0.92748
vt 0.10845 0.92748
vt 0.10845 0.92748
vt 0.10845 0.92748
vt 0.10845 0.92748
vt 0.10845 0.92748
vt 0.10845 0.92748
vt 0.10845 0.92748
vt 0.10845 0.92748
vt 0.10845 0.92748
vt 0.10845 0.92748
vt 0.10845 0.92748
vt 0.10845 0.92748
vt 0.10845 0.92748
vt 0.10845 0.92748
vt 0.10845 0.92748
vt 0.10845 0.92748
vt 0.10845 0.92748
vt 0.10845 0.92748
vt 0.10845 0.92748
vt 0.10845 0.92748
vt 0.10845 0.92748
vt 0.10845 0.92748
vt 0.10845 0.92748
vt 0.10845 0.92748
vt 0.10845 0.92748
vt 0.10845 0.92748
vt 0.10845 0.92748
vt 0.10845 0.92748
vt 0.10845 0.92748
vt 0.10845 0.92748
vt 0.10845 0.92748
vt 0.10845 0.92748
vt 0.10845 0.92748
vt 0.10845 0.92748
vt 0.10845 0.92748
vt 0.10845 0.92748
vt 0.10845 0.92748
vt 0.10845 0.92748
vt 0.10845 0.92748
vt 0.10845 0.92748
vt 0.10845 0.92748
vt 0.10845 0.92748
vt 0.10845 0.92748
vt 0.10845 0.92748
vt 0.10845 0.92748
vt 0.10845 0.92748
vt 0.10845 0.92748
vt 0.10845 0.92748
vt 0.10845 0.92748
vt 0.10845 0.92748
vt 0.10845 0.92748
vt 0.10845 0.92748
vt 0.10845 0.92748
vt 0.10845 0.92748
vt 0.10845 0.92748
vt 0.10845 0.92748
vt 0.10845 0.92748
vt 0.10845 0.92748
vt 0.10845 0.92748
vt 0.10845 0.92748
vt 0.10845 0.92748
vt 0.10845 0.92748
vt 0.10845 0.92748
vt 0.10845 0.92748
vt 0.10845 0.92748
vt 0.10845 0.92748
vt 0.10845 0.92748
vt 0.10845 0.92748
vt 0.10845 0.92748
vt 0.10845 0.92748
vt 0.10845 0.92748
vt 0.10845 0.92748
vt 0.10845 0.92748
vt 0.10845 0.92748
vt 0.10845 0.92748
vt 0.10845 0.92748
vt 0.10845 0.92748
vt 0.10845 0.92748
vt 0.10845 0.92748
vt 0.10845 0.92748
vt 0.10845 0.92748
vt 0.10845 0.92748
vt 0.10845 0.92748
vt 0.10845 0.92748
vt 0.10845 0.92748
vt 0.10845 0.92748
vt 0.10845 0.92748
vt 0.10845 0.92748
vt 0.10845 0.92748
vt 0.10845 0.92748
vt 0.10845 0.92748
vt 0.10845 0.92748
vt 0.10845 0.92748
vt 0.10845 0.92748
vt 0.10845 0.92748
vt 0.10845 0.92748
vt 0.10845 0.92748
vt 0.10845 0.92748
vt 0.10845 0.92748
vt 0.10845 0.92748
vt 0.10845 0.92748
vt 0.10845 0.92748
vt 0.10845 0.92748
vt 0.77821 0.09591
vt 0.77821 0.09591
vt 0.77821 0.09591
vt 0.77821 0.09591
vt 0.77821 0.09591
vt 0.77821 0.09591
vt 0.77821 0.09591
vt 0.77821 0.09591
vt 0.77821 0.09591
vt 0.77821 0.09591
vt 0.77821 0.09591
vt 0.77821 0.09591
vt 0.77821 0.09591
vt 0.77821 0.09591
vt 0.77821 0.09591
vt 0.77821 0.09591
vt 0.77821 0.09591
vt 0.77821 0.09591
vt 0.77821 0.09591
vt 0.77821 0.09591
vt 0.77821 0.09591
vt 0.77821 0.09591
vt 0.77821 0.09591
vt 0.77821 0.09591
vt 0.77821 0.09591
vt 0.77821 0.09591
vt 0.77821 0.09591
vt 0.77821 0.09591
vt 0.77821 0.09591
vt 0.77821 0.09591
vt 0.08040 0.90417
vt 0.08041 0.90417
vt 0.08041 0.90419
vt 0.08040 0.90419
vt 0.08044 0.90420
vt 0.08044 0.90420
vt 0.08043 0.90420
vt 0.08043 0.90420
vt 0.08041 0.90419
vt 0.08042 0.90419
vt 0.08042 0.90420
vt 0.08041 0.90420
vt 0.08041 0.90417
vt 0.08041 0.90418
vt 0.08041 0.90419
vt 0.08042 0.90420
vt 0.08042 0.90421
vt 0.08042 0.90420
vt 0.08042 0.90420
vt 0.08041 0.90421
vt 0.08041 0.90420
vt 0.08041 0.90420
vt 0.08041 0.90421
vt 0.08041 0.90420
vt 0.08041 0.90420
vt 0.08040 0.90421
vt 0.08040 0.90420
vt 0.08040 0.90420
vt 0.08040 0.90420
vt 0.08044 0.90420
vt 0.08044 0.90420
vt 0.08044 0.90420
vt 0.08044 0.90420
vt 0.08044 0.90420
vt 0.08044 0.90420
vt 0.08044 0.90420
vt 0.08044 0.90420
vt 0.08044 0.90420
vt 0.08044 0.90420
vt 0.08044 0.90420
vt 0.08044 0.90420
vt 0.08043 0.90420
vt 0.08043 0.90420
vt 0.08043 0.90420
vt 0.08043 0.90420
vt 0.08043 0.90420
vt 0.08044 0.90420
vt 0.08044 0.90420
vt 0.08043 0.90420
vt 0.08044 0.90420
vt 0.08044 0.90420
vt 0.08044 0.90420
vt 0.77630 0.10019
vt 0.77630 0.10023
vt 0.77626 0.10023
vt 0.77626 0.10021
vt 0.77626 0.10019
vt 0.77632 0.10016
vt 0.77632 0.10016
vt 0.77626 0.10016
vt 0.77626 0.10016
vt 0.77632 0.10016
vt 0.77632 0.10017
vt 0.77626 0.10017
vt 0.77626 0.10016
vt 0.77632 0.10016
vt 0.77626 0.10016
vt 0.77632 0.10016
vt 0.77626 0.10016
vt 0.77632 0.10016
vt 0.77626 0.10016
vt 0.77632 0.10017
vt 0.77626 0.10017
vt 0.71723 0.10433
vt 0.71722 0.10433
vt 0.71722 0.10433
vt 0.71723 0.10433
vt 0.71722 0.10433
vt 0.71723 0.10433
vt 0.71722 0.10433
vt 0.71723 0.10433
vt 0.71723 0.10433
vt 0.71723 0.10433
vt 0.71723 0.10433
vt 0.71723 0.10433
vt 0.71723 0.10433
vt 0.71723 0.10433
vt 0.71723 0.10433
vt 0.71723 0.10433
vt 0.71723 0.10433
vt 0.71723 0.10433
vt 0.71723 0.10433
vt 0.71723 0.10433
vt 0.71723 0.10433
vt 0.71722 0.10433
vt 0.71722 0.10433
vt 0.71723 0.10433
vt 0.71722 0.10433
vt 0.71723 0.10433
vt 0.71722 0.10433
vt 0.71723 0.10433
vt 0.71723 0.10433
vt 0.71723 0.10433
vt 0.71723 0.10433
vt 0.71723 0.10433
vt 0.71723 0.10433
vt 0.71723 0.10433
vt 0.71723 0.10433
vt 0.71723 0.10433
vt 0.71723 0.10433
vt 0.71723 0.10433
vt 0.71723 0.10433
vt 0.71723 0.10433
vt 0.71722 0.10433
vt 0.71722 0.10433
vt 0.71722 0.10433
vt 0.71722 0.10433
vt 0.71722 0.10433
vt 0.71722 0.10433
vt 0.71722 0.10433
vt 0.71722 0.10433
vt 0.71722 0.10433
vt 0.71722 0.10433
vt 0.71722 0.10433
vt 0.71722 0.10433
vt 0.71722 0.10433
vt 0.71722 0.10433
vt 0.71722 0.10433
vt 0.71722 0.10433
vt 0.71722 0.10433
vt 0.71722 0.10433
vt 0.71722 0.10433
vt 0.71722 0.10433
vt 0.71722 0.10433
vt 0.71722 0.10433
vt 0.71722 0.10433
vt 0.71722 0.10433
vt 0.71722 0.10433
vt 0.71722 0.10433
vt 0.71722 0.10433
vt 0.71722 0.10433
vt 0.71722 0.10433
vt 0.71722 0.10433
vt 0.71722 0.10433
vt 0.71722 0.10433
vt 0.71723 0.10433
vt 0.71723 0.10433
vt 0.71723 0.10433
vt 0.71723 0.10433
vt 0.71723 0.10433
vt 0.71723 0.10433
vt 0.71723 0.10433
vt 0.71723 0.10433
vt 0.71723 0.10433
vt 0.71723 0.10433
vt 0.71723 0.10433
vt 0.71723 0.10433
vt 0.71723 0.10433
vt 0.71723 0.10433
vt 0.71723 0.10433
vt 0.71723 0.10433
vt 0.71723 0.10433
vt 0.71723 0.10433
vt 0.71723 0.10433
vt 0.71723 0.10433
vt 0.71723 0.10433
vt 0.71723 0.10433
vt 0.71723 0.10433
vt 0.71723 0.10433
vt 0.71723 0.10433
vt 0.71723 0.10433
vt 0.71723 0.10433
vt 0.71723 0.10433
vt 0.71723 0.10433
vt 0.71723 0.10433
vt 0.71723 0.10433
vt 0.71723 0.10433
vt 0.71723 0.10433
vt 0.71723 0.10433
vt 0.71723 0.10433
vt 0.71723 0.10433
vt 0.71723 0.10433
vt 0.71723 0.10433
vt 0.71723 0.10433
vt 0.71723 0.10433
vt 0.71723 0.10433
vt 0.71723 0.10433
vt 0.71723 0.10433
vt 0.71723 0.10433
vt 0.71723 0.10433
vt 0.71723 0.10433
vt 0.71723 0.10433
vt 0.71723 0.10433
vt 0.71723 0.10433
vt 0.71723 0.10433
vt 0.71723 0.10433
vt 0.71723 0.10433
vt 0.71723 0.10433
vt 0.71723 0.10433
vt 0.71723 0.10433
vt 0.71723 0.10433
vt 0.71723 0.10433
vt 0.71723 0.10433
vt 0.71723 0.10433
vt 0.71723 0.10433
vt 0.71723 0.10433
vt 0.71723 0.10433
vt 0.71723 0.10433
vt 0.71723 0.10433
vt 0.71723 0.10433
vt 0.71723 0.10433
vt 0.71723 0.10433
vt 0.71723 0.10433
vt 0.71723 0.10433
vt 0.71723 0.10433
vt 0.71723 0.10433
vt 0.71723 0.10433
vt 0.71723 0.10433
vt 0.71723 0.10433
vt 0.71723 0.10433
vt 0.71723 0.10433
vt 0.71723 0.10433
vt 0.71723 0.10433
vt 0.71723 0.10433
vt 0.71723 0.10433
vt 0.71722 0.10433
vt 0.71722 0.10433
vt 0.71722 0.10433
vt 0.71722 0.10433
vt 0.71723 0.10433
vt 0.71723 0.10433
vt 0.71723 0.10433
vt 0.71723 0.10433
vt 0.71723 0.10433
vt 0.71723 0.10433
vt 0.71723 0.10433
vt 0.71723 0.10433
vt 0.71723 0.10433
vt 0.71723 0.10433
vt 0.71723 0.10433
vt 0.71723 0.10433
vt 0.69371 0.06466
vt 0.69371 0.06466
vt 0.69371 0.06466
vt 0.69371 0.06466
vt 0.69371 0.06466
vt 0.69371 0.06466
vt 0.69371 0.06466
vt 0.69371 0.06466
vt 0.69371 0.06466
vt 0.69371 0.06466
vt 0.69371 0.06466
vt 0.69371 0.06466
vt 0.69371 0.06466
vt 0.69371 0.06466
vt 0.69371 0.06466
vt 0.69371 0.06466
vt 0.69371 0.06466
vt 0.69371 0.06466
vt 0.69371 0.06466
vt 0.69371 0.06466
vt 0.69371 0.06466
vt 0.69371 0.06466
vt 0.69371 0.06466
vt 0.69371 0.06466
vt 0.69371 0.06466
vt 0.69371 0.06466
vt 0.69371 0.06466
vt 0.69371 0.06466
vt 0.73905 0.08126
vt 0.73905 0.08126
vt 0.73905 0.08126
vt 0.73905 0.08126
vt 0.73905 0.08126
vt 0.73905 0.08126
vt 0.73905 0.08126
vt 0.73905 0.08126
vt 0.73905 0.08126
vt 0.73905 0.08126
vt 0.73905 0.08126
vt 0.73905 0.08126
vt 0.73905 0.08126
vt 0.73905 0.08126
vt 0.73905 0.08126
vt 0.73905 0.08126
vt 0.73905 0.08126
vt 0.73905 0.08126
vt 0.73905 0.08126
vt 0.73905 0.08126
vt 0.73905 0.08126
vt 0.73905 0.08126
vt 0.73905 0.08126
vt 0.73905 0.08126
vt 0.73905 0.08126
vt 0.73905 0.08126
vt 0.73905 0.08126
vt 0.73905 0.08126
vt 0.73905 0.08126
vt 0.73905 0.08126
vt 0.73905 0.08126
vt 0.73905 0.08126
vt 0.73905 0.08126
vt 0.73905 0.08126
vt 0.73905 0.08126
vt 0.73905 0.08126
vt 0.73905 0.08126
vt 0.73905 0.08126
vt 0.73905 0.08126
vt 0.73905 0.08126
vt 0.73905 0.08126
vt 0.73905 0.08126
vt 0.73905 0.08126
vt 0.73905 0.08126
vt 0.73905 0.08126
vt 0.73905 0.08126
vt 0.73905 0.08126
vt 0.73905 0.08126
vt 0.73905 0.08126
vt 0.73905 0.08126
vt 0.73905 0.08126
vt 0.73905 0.08126
vt 0.73905 0.08126
vt 0.73905 0.08126
vt 0.73905 0.08126
vt 0.73905 0.08126
vt 0.73905 0.08126
vt 0.73905 0.08126
vt 0.73905 0.08126
vt 0.73905 0.08126
vt 0.73905 0.08126
vt 0.73905 0.08126
vt 0.73905 0.08126
vt 0.73905 0.08126
vt 0.73905 0.08126
vt 0.73905 0.08126
vt 0.73905 0.08126
vt 0.73905 0.08126
vt 0.73905 0.08126
vt 0.73905 0.08126
vt 0.73905 0.08126
vt 0.73905 0.08126
vt 0.73905 0.08126
vt 0.73905 0.08126
vt 0.73905 0.08126
vt 0.73905 0.08126
vt 0.73905 0.08126
vt 0.73905 0.08126
vt 0.73905 0.08126
vt 0.73905 0.08126
vt 0.73905 0.08126
vt 0.73905 0.08126
vt 0.73905 0.08126
vt 0.73905 0.08126
vt 0.73905 0.08126
vt 0.73905 0.08126
vt 0.73905 0.08126
vt 0.73905 0.08126
vt 0.73905 0.08126
vt 0.73905 0.08126
vt 0.73905 0.08126
vt 0.73905 0.08126
vt 0.73905 0.08126
vt 0.73905 0.08126
vt 0.73905 0.08126
vt 0.73905 0.08126
vt 0.73905 0.08126
vt 0.73905 0.08126
vt 0.73905 0.08126
vt 0.73905 0.08126
vt 0.73905 0.08126
vt 0.73905 0.08126
vt 0.73905 0.08126
vt 0.73905 0.08126
vt 0.73905 0.08126
vt 0.73905 0.08126
vt 0.73905 0.08126
vt 0.73905 0.08126
vt 0.73905 0.08126
vt 0.73905 0.08126
vt 0.73905 0.08126
vt 0.73905 0.08126
vt 0.73905 0.08126
vt 0.73905 0.08126
vt 0.73905 0.08126
vt 0.73905 0.08126
vt 0.73905 0.08126
vt 0.73905 0.08126
vt 0.73905 0.08126
vt 0.73905 0.08126
vt 0.73905 0.08126
vt 0.73905 0.08126
vt 0.73905 0.08126
vt 0.73905 0.08126
vt 0.73905 0.08126
vt 0.73905 0.08126
vt 0.73905 0.08126
vt 0.73905 0.08126
vt 0.73905 0.08126
vt 0.73905 0.08126
vt 0.73905 0.08126
vt 0.73905 0.08126
vt 0.73905 0.08126
vt 0.73905 0.08126
vt 0.73905 0.08126
vt 0.73905 0.08126
vt 0.73905 0.08126
vt 0.73905 0.08126
vt 0.73905 0.08126
vt 0.73905 0.08126
vt 0.73905 0.08126
vt 0.73905 0.08126
vt 0.73905 0.08126
vt 0.73905 0.08126
vt 0.73905 0.08126
vt 0.73905 0.08126
vt 0.73905 0.08126
vt 0.73905 0.08126
vt 0.73905 0.08126
vt 0.73905 0.08126
vt 0.73905 0.08126
vt 0.73905 0.08126
vt 0.73905 0.08126
vt 0.73905 0.08126
vt 0.73905 0.08126
vt 0.73905 0.08126
vt 0.73905 0.08126
vt 0.73905 0.08126
vt 0.73905 0.08126
vt 0.73905 0.08126
vt 0.73905 0.08126
vt 0.73905 0.08126
vt 0.73905 0.08126
vt 0.73905 0.08126
vt 0.73905 0.08126
vt 0.73905 0.08126
vt 0.73905 0.08126
vt 0.73905 0.08126
vt 0.73905 0.08126
vt 0.73905 0.08126
vt 0.73905 0.08126
vt 0.73905 0.08126
vt 0.73905 0.08126
vt 0.73905 0.08126
vt 0.73905 0.08126
vt 0.73905 0.08126
vt 0.73905 0.08126
vt 0.73905 0.08126
vt 0.73905 0.08126
vt 0.73905 0.08126
vt 0.73905 0.08126
vt 0.73905 0.08126
vt 0.73905 0.08126
vt 0.73905 0.08126
vt 0.73905 0.08126
vt 0.73905 0.08126
vt 0.73905 0.08126
vt 0.73905 0.08126
vt 0.73905 0.08126
vt 0.73905 0.08126
vt 0.73905 0.08126
vt 0.73905 0.08126
vt 0.73905 0.08126
vt 0.73905 0.08126
vt 0.73905 0.08126
vt 0.73905 0.08126
vt 0.73905 0.08126
vt 0.73905 0.08126
vt 0.73905 0.08126
vt 0.73905 0.08126
vt 0.73905 0.08126
vt 0.73905 0.08126
vt 0.73905 0.08126
vt 0.73905 0.08126
vt 0.73905 0.08126
vt 0.73905 0.08126
vt 0.73905 0.08126
vt 0.73905 0.08126
vt 0.73905 0.08126
vt 0.73905 0.08126
vt 0.73905 0.08126
vt 0.73905 0.08126
vt 0.73905 0.08126
vt 0.73905 0.08126
vt 0.73905 0.08126
vt 0.73905 0.08126
vt 0.73905 0.08126
vt 0.73905 0.08126
vt 0.73905 0.08126
vt 0.73905 0.08126
vt 0.73905 0.08126
vt 0.73905 0.08126
vt 0.73905 0.08126
vt 0.73905 0.08126
vt 0.73905 0.08126
vt 0.73905 0.08126
vt 0.73905 0.08126
vt 0.73905 0.08126
vt 0.73905 0.08126
vt 0.73905 0.08126
vt 0.73905 0.08126
vt 0.73905 0.08126
vt 0.73905 0.08126
vt 0.73905 0.08126
vt 0.73905 0.08126
vt 0.73905 0.08126
vt 0.73905 0.08126
vt 0.73905 0.08126
vt 0.73905 0.08126
vt 0.73905 0.08126
vt 0.73905 0.08126
vt 0.73905 0.08126
vt 0.73905 0.08126
vt 0.73905 0.08126
vt 0.73905 0.08126
vt 0.73905 0.08126
vt 0.73905 0.08126
vt 0.73905 0.08126
vt 0.73905 0.08126
vt 0.73905 0.08126
vt 0.73905 0.08126
vt 0.73905 0.08126
vt 0.73905 0.08126
vt 0.73905 0.08126
vt 0.73905 0.08126
vt 0.73905 0.08126
vt 0.73905 0.08126
vt 0.73905 0.08126
vt 0.73905 0.08126
vt 0.73905 0.08126
vt 0.73905 0.08126
vt 0.73905 0.08126
vt 0.73905 0.08126
vt 0.73905 0.08126
vt 0.73905 0.08126
vt 0.73905 0.08126
vt 0.73905 0.08126
vt 0.73905 0.08126
vt 0.73905 0.08126
vt 0.73905 0.08126
vt 0.73905 0.08126
vt 0.73905 0.08126
vt 0.73905 0.08126
vt 0.73905 0.08126
vt 0.73905 0.08126
vt 0.73905 0.08126
vt 0.73905 0.08126
vt 0.73905 0.08126
vt 0.73905 0.08126
vt 0.73905 0.08126
vt 0.73905 0.08126
vt 0.73905 0.08126
vt 0.73905 0.08126
vt 0.73905 0.08126
vt 0.73905 0.08126
vt 0.73905 0.08126
vt 0.73905 0.08126
vt 0.73905 0.08126
vt 0.73905 0.08126
vt 0.73905 0.08126
vt 0.73905 0.08126
vt 0.73905 0.08126
vt 0.73905 0.08126
vt 0.73905 0.08126
vt 0.73905 0.08126
vt 0.73905 0.08126
vt 0.73905 0.08126
vt 0.73905 0.08126
vt 0.73905 0.08126
vt 0.73905 0.08126
vt 0.73905 0.08126
vt 0.73905 0.08126
vt 0.73905 0.08126
vt 0.73905 0.08126
vt 0.73905 0.08126
vt 0.73905 0.08126
vt 0.85238 0.11462
vt 0.85238 0.11462
vt 0.85238 0.11462
vt 0.85238 0.11462
vt 0.85238 0.11462
vt 0.85238 0.11462
vt 0.85238 0.11462
vt 0.85238 0.11462
vt 0.85238 0.11462
vt 0.85239 0.11462
vt 0.85239 0.11462
vt 0.85239 0.11462
vt 0.85239 0.11462
vt 0.85240 0.11462
vt 0.85239 0.11462
vt 0.85240 0.11462
vt 0.85240 0.11462
vt 0.85239 0.11462
vt 0.85240 0.11462
vt 0.85239 0.11462
vt 0.85239 0.11462
vt 0.85239 0.11462
vt 0.85239 0.11462
vt 0.85238 0.11462
vt 0.85239 0.11462
vt 0.85239 0.11464
vt 0.85239 0.11462
vt 0.85239 0.11464
vt 0.85239 0.11464
vt 0.85239 0.11464
vt 0.85239 0.11462
vt 0.85239 0.11464
vt 0.85239 0.11462
vt 0.85239 0.11464
vt 0.85239 0.11464
vt 0.85239 0.11464
vt 0.85239 0.11462
vt 0.85240 0.11464
vt 0.85240 0.11462
vt 0.85239 0.11464
vt 0.85240 0.11464
vt 0.85240 0.11464
vt 0.85238 0.11462
vt 0.85238 0.11464
vt 0.85238 0.11462
vt 0.85238 0.11464
vt 0.85238 0.11464
vt 0.85238 0.11464
vt 0.85238 0.11462
vt 0.85238 0.11464
vt 0.85238 0.11462
vt 0.85238 0.11464
vt 0.85238 0.11464
vt 0.85238 0.11464
vt 0.85238 0.11462
vt 0.85238 0.11464
vt 0.85238 0.11462
vt 0.85238 0.11464
vt 0.85238 0.11464
vt 0.85238 0.11464
vt 0.85238 0.11462
vt 0.85238 0.11464
vt 0.85238 0.11462
vt 0.85238 0.11464
vt 0.85238 0.11464
vt 0.85238 0.11464
vt 0.85238 0.11462
vt 0.85238 0.11464
vt 0.85238 0.11462
vt 0.85238 0.11464
vt 0.85238 0.11464
vt 0.85238 0.11464
vt 0.85238 0.11462
vt 0.85239 0.11464
vt 0.85239 0.11462
vt 0.85238 0.11464
vt 0.85239 0.11464
vt 0.85239 0.11464
vt 0.85239 0.11462
vt 0.85239 0.11464
vt 0.85239 0.11462
vt 0.85239 0.11464
vt 0.85239 0.11464
vt 0.85239 0.11464
vt 0.85239 0.11462
vt 0.85239 0.11464
vt 0.85239 0.11462
vt 0.85239 0.11464
vt 0.85239 0.11464
vt 0.85239 0.11464
vt 0.85239 0.11462
vt 0.85239 0.11464
vt 0.85239 0.11462
vt 0.85239 0.11464
vt 0.85239 0.11464
vt 0.85239 0.11464
vt 0.85239 0.11464
vt 0.85239 0.11464
vt 0.85239 0.11464
vt 0.85239 0.11464
vt 0.85239 0.11464
vt 0.85240 0.11464
vt 0.85240 0.11464
vt 0.85240 0.11464
vt 0.85240 0.11464
vt 0.85239 0.11464
vt 0.85239 0.11464
vt 0.85239 0.11464
vt 0.85239 0.11464
vt 0.85239 0.11464
vt 0.85238 0.11464
vt 0.85238 0.11464
vt 0.85238 0.11464
vt 0.85238 0.11464
vt 0.85238 0.11464
vt 0.85238 0.11464
vt 0.85238 0.11464
vt 0.85238 0.11464
vt 0.85238 0.11464
vt 0.85239 0.11464
vt 0.85239 0.11464
vt 0.85239 0.11464
vt 0.85239 0.11464
vt 0.85239 0.11464
vt 0.85239 0.11464
vt 0.85239 0.11464
vt 0.85238 0.11464
vt 0.85238 0.11464
vt 0.85238 0.11464
vt 0.85238 0.11464
vt 0.85238 0.11464
vt 0.85238 0.11464
vt 0.85238 0.11464
vt 0.85238 0.11464
vt 0.85238 0.11464
vt 0.85239 0.11464
vt 0.85239 0.11464
vt 0.85239 0.11464
vt 0.85239 0.11464
vt 0.85239 0.11464
vt 0.85240 0.11464
vt 0.85240 0.11464
vt 0.85240 0.11464
vt 0.85240 0.11464
vt 0.85239 0.11464
vt 0.85239 0.11464
vt 0.85239 0.11464
vt 0.85239 0.11464
vt 0.85239 0.11464
vt 0.85240 0.11464
vt 0.85240 0.11464
vt 0.85240 0.11464
vt 0.85240 0.11464
vt 0.85239 0.11464
vt 0.85239 0.11464
vt 0.85239 0.11464
vt 0.85239 0.11464
vt 0.85239 0.11464
vt 0.85238 0.11464
vt 0.85238 0.11464
vt 0.85238 0.11464
vt 0.85238 0.11464
vt 0.85238 0.11464
vt 0.85238 0.11464
vt 0.85238 0.11464
vt 0.85238 0.11464
vt 0.85238 0.11464
vt 0.85239 0.11464
vt 0.85238 0.11468
vt 0.85238 0.11468
vt 0.85238 0.11468
vt 0.85238 0.11468
vt 0.85238 0.11468
vt 0.85239 0.11468
vt 0.85239 0.11468
vt 0.85239 0.11468
vt 0.85239 0.11468
vt 0.85240 0.11468
vt 0.85240 0.11468
vt 0.85239 0.11468
vt 0.85238 0.11468
vt 0.85238 0.11468
vt 0.85238 0.11468
vt 0.85238 0.11468
vt 0.85238 0.11468
vt 0.85238 0.11468
vt 0.85239 0.11468
vt 0.85239 0.11468
vt 0.85239 0.11468
vt 0.85239 0.11468
vt 0.85239 0.11468
vt 0.85239 0.11468
vt 0.85238 0.11468
vt 0.85238 0.11468
vt 0.85239 0.11468
vt 0.85239 0.11468
vt 0.85239 0.11468
vt 0.85238 0.11468
vt 0.85238 0.11468
vt 0.85238 0.11468
vt 0.85245 0.11458
vt 0.85245 0.11458
vt 0.85245 0.11458
vt 0.85245 0.11458
vt 0.85245 0.11458
vt 0.85245 0.11458
vt 0.85245 0.11458
vt 0.85245 0.11458
vt 0.85245 0.11458
vt 0.85245 0.11458
vt 0.85245 0.11458
vt 0.85245 0.11458
vt 0.85245 0.11458
vt 0.85244 0.11458
vt 0.85245 0.11458
vt 0.85244 0.11458
vt 0.85244 0.11458
vt 0.85244 0.11458
vt 0.85244 0.11458
vt 0.85244 0.11458
vt 0.85244 0.11458
vt 0.85244 0.11458
vt 0.85244 0.11458
vt 0.85244 0.11458
vt 0.85245 0.11458
vt 0.85245 0.11460
vt 0.85245 0.11460
vt 0.85245 0.11458
vt 0.85245 0.11460
vt 0.85245 0.11460
vt 0.85245 0.11458
vt 0.85245 0.11460
vt 0.85245 0.11460
vt 0.85245 0.11458
vt 0.85245 0.11460
vt 0.85245 0.11460
vt 0.85245 0.11458
vt 0.85245 0.11460
vt 0.85245 0.11460
vt 0.85245 0.11458
vt 0.85245 0.11460
vt 0.85245 0.11460
vt 0.85244 0.11458
vt 0.85244 0.11460
vt 0.85244 0.11460
vt 0.85244 0.11458
vt 0.85244 0.11458
vt 0.85244 0.11460
vt 0.85244 0.11460
vt 0.85244 0.11458
vt 0.85244 0.11458
vt 0.85244 0.11460
vt 0.85244 0.11460
vt 0.85244 0.11458
vt 0.85244 0.11458
vt 0.85244 0.11460
vt 0.85244 0.11460
vt 0.85244 0.11458
vt 0.85244 0.11458
vt 0.85244 0.11460
vt 0.85244 0.11460
vt 0.85244 0.11458
vt 0.85244 0.11460
vt 0.85244 0.11460
vt 0.85244 0.11458
vt 0.85244 0.11460
vt 0.85244 0.11460
vt 0.85244 0.11458
vt 0.85244 0.11460
vt 0.85244 0.11460
vt 0.85244 0.11458
vt 0.85244 0.11460
vt 0.85244 0.11460
vt 0.85244 0.11458
vt 0.85244 0.11460
vt 0.85244 0.11460
vt 0.85244 0.11458
vt 0.85245 0.11460
vt 0.85244 0.11460
vt 0.85245 0.11458
vt 0.85245 0.11460
vt 0.85245 0.11460
vt 0.85245 0.11458
vt 0.85245 0.11460
vt 0.85245 0.11460
vt 0.85245 0.11458
vt 0.85245 0.11460
vt 0.85245 0.11460
vt 0.85245 0.11458
vt 0.85245 0.11460
vt 0.85245 0.11460
vt 0.85245 0.11458
vt 0.85245 0.11460
vt 0.85245 0.11460
vt 0.85245 0.11458
vt 0.85245 0.11460
vt 0.85245 0.11460
vt 0.85245 0.11458
vt 0.85245 0.11460
vt 0.85245 0.11460
vt 0.85245 0.11460
vt 0.85245 0.11460
vt 0.85245 0.11460
vt 0.85245 0.11460
vt 0.85245 0.11460
vt 0.85245 0.11460
vt 0.85245 0.11460
vt 0.85245 0.11460
vt 0.85245 0.11460
vt 0.85245 0.11460
vt 0.85245 0.11460
vt 0.85245 0.11460
vt 0.85245 0.11460
vt 0.85245 0.11460
vt 0.85245 0.11460
vt 0.85245 0.11460
vt 0.85245 0.11460
vt 0.85245 0.11460
vt 0.85244 0.11460
vt 0.85244 0.11460
vt 0.85244 0.11460
vt 0.85244 0.11460
vt 0.85244 0.11460
vt 0.85244 0.11460
vt 0.85244 0.11460
vt 0.85244 0.11460
vt 0.85244 0.11460
vt 0.85245 0.11460
vt 0.85245 0.11460
vt 0.85245 0.11460
vt 0.85245 0.11460
vt 0.85245 0.11460
vt 0.85245 0.11460
vt 0.85245 0.11460
vt 0.85245 0.11460
vt 0.85244 0.11460
vt 0.85244 0.11460
vt 0.85244 0.11460
vt 0.85244 0.11460
vt 0.85244 0.11460
vt 0.85244 0.11460
vt 0.85244 0.11460
vt 0.85244 0.11460
vt 0.85244 0.11460
vt 0.85245 0.11460
vt 0.85245 0.11460
vt 0.85245 0.11460
vt 0.85245 0.11460
vt 0.85245 0.11460
vt 0.85245 0.11460
vt 0.85245 0.11460
vt 0.85245 0.11460
vt 0.85245 0.11460
vt 0.85245 0.11460
vt 0.85245 0.11460
vt 0.85245 0.11460
vt 0.85245 0.11460
vt 0.85245 0.11460
vt 0.85245 0.11460
vt 0.85245 0.11460
vt 0.85245 0.11460
vt 0.85245 0.11460
vt 0.85245 0.11460
vt 0.85245 0.11460
vt 0.85245 0.11460
vt 0.85245 0.11460
vt 0.85244 0.11460
vt 0.85244 0.11460
vt 0.85244 0.11460
vt 0.85244 0.11460
vt 0.85244 0.11460
vt 0.85244 0.11460
vt 0.85244 0.11460
vt 0.85244 0.11460
vt 0.85244 0.11460
vt 0.85245 0.11460
vt 0.85244 0.11458
vt 0.85244 0.11460
vt 0.85239 0.11468
vt 0.85238 0.11468
vt 0.85239 0.11468
vt 0.85238 0.11468
vt 0.85238 0.11468
vt 0.85238 0.11468
vt 0.85238 0.11468
vt 0.85239 0.11468
vt 0.85238 0.11468
vt 0.85238 0.11468
vt 0.85239 0.11468
vt 0.85239 0.11468
vt 0.85239 0.11468
vt 0.85238 0.11468
vt 0.85238 0.11468
vt 0.85238 0.11468
vt 0.85238 0.11460
vt 0.85238 0.11460
vt 0.85238 0.11460
vt 0.85238 0.11460
vt 0.85238 0.11460
vt 0.85238 0.11460
vt 0.85238 0.11460
vt 0.85238 0.11460
vt 0.85238 0.11460
vt 0.85239 0.11460
vt 0.85239 0.11460
vt 0.85239 0.11460
vt 0.85239 0.11460
vt 0.85240 0.11460
vt 0.85239 0.11460
vt 0.85240 0.11460
vt 0.85240 0.11460
vt 0.85239 0.11460
vt 0.85240 0.11460
vt 0.85239 0.11460
vt 0.85239 0.11460
vt 0.85239 0.11460
vt 0.85239 0.11460
vt 0.85238 0.11460
vt 0.85239 0.11460
vt 0.85239 0.11462
vt 0.85239 0.11460
vt 0.85239 0.11462
vt 0.85239 0.11462
vt 0.85239 0.11462
vt 0.85239 0.11460
vt 0.85239 0.11462
vt 0.85239 0.11460
vt 0.85239 0.11462
vt 0.85239 0.11462
vt 0.85239 0.11462
vt 0.85239 0.11460
vt 0.85240 0.11462
vt 0.85240 0.11460
vt 0.85239 0.11462
vt 0.85240 0.11462
vt 0.85240 0.11462
vt 0.85238 0.11460
vt 0.85238 0.11462
vt 0.85238 0.11460
vt 0.85238 0.11462
vt 0.85238 0.11462
vt 0.85238 0.11462
vt 0.85238 0.11460
vt 0.85238 0.11462
vt 0.85238 0.11460
vt 0.85238 0.11462
vt 0.85238 0.11462
vt 0.85238 0.11462
vt 0.85238 0.11460
vt 0.85238 0.11462
vt 0.85238 0.11460
vt 0.85238 0.11462
vt 0.85238 0.11462
vt 0.85238 0.11462
vt 0.85238 0.11460
vt 0.85238 0.11462
vt 0.85238 0.11460
vt 0.85238 0.11462
vt 0.85238 0.11462
vt 0.85238 0.11462
vt 0.85238 0.11460
vt 0.85238 0.11462
vt 0.85238 0.11460
vt 0.85238 0.11462
vt 0.85238 0.11462
vt 0.85238 0.11462
vt 0.85238 0.11460
vt 0.85239 0.11462
vt 0.85239 0.11460
vt 0.85238 0.11462
vt 0.85239 0.11462
vt 0.85239 0.11462
vt 0.85239 0.11460
vt 0.85239 0.11462
vt 0.85239 0.11460
vt 0.85239 0.11462
vt 0.85239 0.11462
vt 0.85239 0.11462
vt 0.85239 0.11460
vt 0.85239 0.11462
vt 0.85239 0.11460
vt 0.85239 0.11462
vt 0.85239 0.11462
vt 0.85239 0.11462
vt 0.85239 0.11460
vt 0.85239 0.11462
vt 0.85239 0.11460
vt 0.85239 0.11462
vt 0.85239 0.11462
vt 0.85239 0.11462
vt 0.85239 0.11462
vt 0.85239 0.11462
vt 0.85239 0.11462
vt 0.85239 0.11462
vt 0.85239 0.11462
vt 0.85240 0.11462
vt 0.85240 0.11462
vt 0.85240 0.11462
vt 0.85240 0.11462
vt 0.85239 0.11462
vt 0.85239 0.11462
vt 0.85239 0.11462
vt 0.85239 0.11462
vt 0.85239 0.11462
vt 0.85238 0.11462
vt 0.85238 0.11462
vt 0.85238 0.11462
vt 0.85238 0.11462
vt 0.85238 0.11462
vt 0.85238 0.11462
vt 0.85238 0.11462
vt 0.85238 0.11462
vt 0.85238 0.11462
vt 0.85239 0.11462
vt 0.85239 0.11462
vt 0.85239 0.11462
vt 0.85239 0.11462
vt 0.85239 0.11462
vt 0.85239 0.11462
vt 0.85239 0.11462
vt 0.85238 0.11462
vt 0.85238 0.11462
vt 0.85238 0.11462
vt 0.85238 0.11462
vt 0.85238 0.11462
vt 0.85238 0.11462
vt 0.85238 0.11462
vt 0.85238 0.11462
vt 0.85238 0.11462
vt 0.85239 0.11462
vt 0.85239 0.11462
vt 0.85239 0.11462
vt 0.85239 0.11462
vt 0.85239 0.11462
vt 0.85240 0.11462
vt 0.85240 0.11462
vt 0.85240 0.11462
vt 0.85240 0.11462
vt 0.85239 0.11462
vt 0.85239 0.11462
vt 0.85239 0.11462
vt 0.85239 0.11462
vt 0.85239 0.11462
vt 0.85240 0.11462
vt 0.85240 0.11462
vt 0.85240 0.11462
vt 0.85240 0.11462
vt 0.85239 0.11462
vt 0.85239 0.11462
vt 0.85239 0.11462
vt 0.85239 0.11462
vt 0.85239 0.11462
vt 0.85238 0.11462
vt 0.85238 0.11462
vt 0.85238 0.11462
vt 0.85238 0.11462
vt 0.85238 0.11462
vt 0.85238 0.11462
vt 0.85238 0.11462
vt 0.85238 0.11462
vt 0.85238 0.11462
vt 0.85239 0.11462
vt 0.85238 0.11468
vt 0.85238 0.11468
vt 0.85238 0.11468
vt 0.85238 0.11468
vt 0.85238 0.11468
vt 0.85239 0.11468
vt 0.85239 0.11468
vt 0.85239 0.11468
vt 0.85238 0.11468
vt 0.85238 0.11468
vt 0.85238 0.11468
vt 0.85238 0.11468
vt 0.85239 0.11468
vt 0.85239 0.11468
vt 0.85239 0.11468
vt 0.85239 0.11468
vt 0.85239 0.11468
vt 0.85239 0.11468
vt 0.85238 0.11468
vt 0.85238 0.11468
vt 0.85238 0.11468
vt 0.85238 0.11468
vt 0.85238 0.11468
vt 0.85238 0.11468
vt 0.85243 0.11458
vt 0.85243 0.11458
vt 0.85243 0.11458
vt 0.85243 0.11458
vt 0.85243 0.11458
vt 0.85244 0.11458
vt 0.85244 0.11458
vt 0.85244 0.11458
vt 0.85244 0.11458
vt 0.85243 0.11458
vt 0.85243 0.11458
vt 0.85243 0.11458
vt 0.85243 0.11458
vt 0.85242 0.11458
vt 0.85242 0.11458
vt 0.85242 0.11458
vt 0.85242 0.11458
vt 0.85242 0.11458
vt 0.85242 0.11458
vt 0.85242 0.11458
vt 0.85242 0.11458
vt 0.85242 0.11458
vt 0.85242 0.11458
vt 0.85242 0.11458
vt 0.85243 0.11458
vt 0.85243 0.11460
vt 0.85243 0.11460
vt 0.85243 0.11458
vt 0.85243 0.11460
vt 0.85243 0.11460
vt 0.85243 0.11458
vt 0.85243 0.11460
vt 0.85243 0.11460
vt 0.85243 0.11458
vt 0.85243 0.11460
vt 0.85243 0.11460
vt 0.85243 0.11458
vt 0.85244 0.11460
vt 0.85243 0.11460
vt 0.85244 0.11458
vt 0.85244 0.11460
vt 0.85244 0.11460
vt 0.85242 0.11458
vt 0.85242 0.11460
vt 0.85242 0.11460
vt 0.85242 0.11458
vt 0.85242 0.11460
vt 0.85242 0.11460
vt 0.85242 0.11458
vt 0.85242 0.11460
vt 0.85242 0.11460
vt 0.85242 0.11458
vt 0.85242 0.11460
vt 0.85242 0.11460
vt 0.85242 0.11458
vt 0.85242 0.11460
vt 0.85242 0.11460
vt 0.85242 0.11458
vt 0.85242 0.11460
vt 0.85242 0.11460
vt 0.85242 0.11458
vt 0.85242 0.11460
vt 0.85242 0.11460
vt 0.85242 0.11458
vt 0.85242 0.11460
vt 0.85242 0.11460
vt 0.85242 0.11458
vt 0.85242 0.11460
vt 0.85242 0.11460
vt 0.85242 0.11458
vt 0.85242 0.11460
vt 0.85242 0.11460
vt 0.85242 0.11458
vt 0.85242 0.11460
vt 0.85242 0.11460
vt 0.85242 0.11458
vt 0.85243 0.11460
vt 0.85242 0.11460
vt 0.85243 0.11458
vt 0.85243 0.11460
vt 0.85243 0.11460
vt 0.85243 0.11458
vt 0.85243 0.11460
vt 0.85243 0.11460
vt 0.85243 0.11458
vt 0.85243 0.11460
vt 0.85243 0.11460
vt 0.85243 0.11458
vt 0.85243 0.11460
vt 0.85243 0.11460
vt 0.85243 0.11458
vt 0.85243 0.11460
vt 0.85243 0.11460
vt 0.85243 0.11458
vt 0.85243 0.11460
vt 0.85243 0.11460
vt 0.85243 0.11460
vt 0.85243 0.11460
vt 0.85243 0.11460
vt 0.85243 0.11460
vt 0.85243 0.11460
vt 0.85244 0.11460
vt 0.85244 0.11460
vt 0.85244 0.11460
vt 0.85244 0.11460
vt 0.85243 0.11460
vt 0.85243 0.11460
vt 0.85243 0.11460
vt 0.85243 0.11460
vt 0.85242 0.11460
vt 0.85242 0.11460
vt 0.85242 0.11460
vt 0.85242 0.11460
vt 0.85242 0.11460
vt 0.85242 0.11460
vt 0.85242 0.11460
vt 0.85242 0.11460
vt 0.85242 0.11460
vt 0.85242 0.11460
vt 0.85243 0.11460
vt 0.85244 0.11460
vt 0.85243 0.11460
vt 0.85243 0.11460
vt 0.85243 0.11460
vt 0.85243 0.11460
vt 0.85243 0.11460
vt 0.85243 0.11460
vt 0.85242 0.11460
vt 0.85242 0.11460
vt 0.85242 0.11460
vt 0.85242 0.11460
vt 0.85242 0.11460
vt 0.85242 0.11460
vt 0.85242 0.11460
vt 0.85242 0.11460
vt 0.85242 0.11460
vt 0.85242 0.11460
vt 0.85243 0.11460
vt 0.85243 0.11460
vt 0.85243 0.11460
vt 0.85243 0.11460
vt 0.85244 0.11460
vt 0.85244 0.11460
vt 0.85244 0.11460
vt 0.85243 0.11460
vt 0.85243 0.11460
vt 0.85243 0.11460
vt 0.85243 0.11460
vt 0.85243 0.11460
vt 0.85244 0.11460
vt 0.85244 0.11460
vt 0.85244 0.11460
vt 0.85244 0.11460
vt 0.85243 0.11460
vt 0.85243 0.11460
vt 0.85243 0.11460
vt 0.85243 0.11460
vt 0.85242 0.11460
vt 0.85242 0.11460
vt 0.85242 0.11460
vt 0.85242 0.11460
vt 0.85242 0.11460
vt 0.85242 0.11460
vt 0.85242 0.11460
vt 0.85242 0.11460
vt 0.85242 0.11460
vt 0.85242 0.11460
vt 0.85243 0.11460
vt 0.85239 0.11468
vt 0.85238 0.11468
vt 0.85239 0.11468
vt 0.85238 0.11468
vt 0.85238 0.11468
vt 0.85238 0.11468
vt 0.85238 0.11468
vt 0.85239 0.11468
vt 0.85240 0.11468
vt 0.85239 0.11468
vt 0.85238 0.11468
vt 0.85238 0.11468
vt 0.85238 0.11468
vt 0.85239 0.11468
vt 0.85239 0.11468
vt 0.85239 0.11468
vt 0.85238 0.11468
vt 0.85238 0.11468
vt 0.85239 0.11468
vt 0.85239 0.11468
vt 0.85239 0.11468
vt 0.85238 0.11468
vt 0.85238 0.11468
vt 0.85238 0.11468
vt 0.85240 0.11462
vt 0.85240 0.11462
vt 0.85240 0.11462
vt 0.85240 0.11462
vt 0.85240 0.11462
vt 0.85240 0.11462
vt 0.85240 0.11462
vt 0.85240 0.11462
vt 0.85240 0.11462
vt 0.85241 0.11462
vt 0.85240 0.11462
vt 0.85241 0.11462
vt 0.85241 0.11462
vt 0.85242 0.11462
vt 0.85241 0.11462
vt 0.85242 0.11462
vt 0.85242 0.11462
vt 0.85241 0.11462
vt 0.85241 0.11462
vt 0.85241 0.11462
vt 0.85241 0.11462
vt 0.85241 0.11462
vt 0.85241 0.11462
vt 0.85240 0.11462
vt 0.85241 0.11462
vt 0.85241 0.11464
vt 0.85241 0.11462
vt 0.85241 0.11464
vt 0.85241 0.11464
vt 0.85241 0.11464
vt 0.85241 0.11462
vt 0.85241 0.11464
vt 0.85241 0.11462
vt 0.85241 0.11464
vt 0.85241 0.11464
vt 0.85241 0.11464
vt 0.85241 0.11462
vt 0.85241 0.11464
vt 0.85241 0.11462
vt 0.85241 0.11464
vt 0.85242 0.11464
vt 0.85241 0.11464
vt 0.85240 0.11462
vt 0.85240 0.11464
vt 0.85240 0.11462
vt 0.85240 0.11464
vt 0.85240 0.11464
vt 0.85240 0.11464
vt 0.85240 0.11462
vt 0.85240 0.11464
vt 0.85240 0.11462
vt 0.85240 0.11464
vt 0.85240 0.11464
vt 0.85240 0.11464
vt 0.85240 0.11462
vt 0.85240 0.11464
vt 0.85240 0.11462
vt 0.85240 0.11464
vt 0.85240 0.11464
vt 0.85240 0.11464
vt 0.85240 0.11462
vt 0.85240 0.11464
vt 0.85240 0.11462
vt 0.85240 0.11464
vt 0.85240 0.11464
vt 0.85240 0.11464
vt 0.85240 0.11462
vt 0.85240 0.11464
vt 0.85240 0.11462
vt 0.85240 0.11464
vt 0.85240 0.11464
vt 0.85240 0.11464
vt 0.85240 0.11462
vt 0.85240 0.11464
vt 0.85240 0.11462
vt 0.85240 0.11464
vt 0.85241 0.11464
vt 0.85240 0.11464
vt 0.85241 0.11462
vt 0.85241 0.11464
vt 0.85241 0.11462
vt 0.85241 0.11464
vt 0.85241 0.11464
vt 0.85241 0.11464
vt 0.85241 0.11462
vt 0.85241 0.11464
vt 0.85241 0.11462
vt 0.85241 0.11464
vt 0.85241 0.11464
vt 0.85241 0.11464
vt 0.85241 0.11462
vt 0.85241 0.11464
vt 0.85241 0.11462
vt 0.85241 0.11464
vt 0.85241 0.11464
vt 0.85241 0.11464
vt 0.85241 0.11464
vt 0.85241 0.11464
vt 0.85241 0.11464
vt 0.85241 0.11464
vt 0.85241 0.11464
vt 0.85241 0.11464
vt 0.85242 0.11464
vt 0.85242 0.11464
vt 0.85242 0.11464
vt 0.85241 0.11464
vt 0.85241 0.11464
vt 0.85241 0.11464
vt 0.85241 0.11464
vt 0.85240 0.11464
vt 0.85240 0.11464
vt 0.85240 0.11464
vt 0.85240 0.11464
vt 0.85240 0.11464
vt 0.85240 0.11464
vt 0.85240 0.11464
vt 0.85240 0.11464
vt 0.85240 0.11464
vt 0.85240 0.11464
vt 0.85241 0.11464
vt 0.85241 0.11464
vt 0.85241 0.11464
vt 0.85241 0.11464
vt 0.85241 0.11464
vt 0.85241 0.11464
vt 0.85241 0.11464
vt 0.85240 0.11464
vt 0.85240 0.11464
vt 0.85240 0.11464
vt 0.85240 0.11464
vt 0.85240 0.11464
vt 0.85240 0.11464
vt 0.85240 0.11464
vt 0.85240 0.11464
vt 0.85240 0.11464
vt 0.85240 0.11464
vt 0.85241 0.11464
vt 0.85241 0.11464
vt 0.85241 0.11464
vt 0.85241 0.11464
vt 0.85242 0.11464
vt 0.85242 0.11464
vt 0.85242 0.11464
vt 0.85241 0.11464
vt 0.85241 0.11464
vt 0.85241 0.11464
vt 0.85241 0.11464
vt 0.85241 0.11464
vt 0.85241 0.11464
vt 0.85241 0.11464
vt 0.85242 0.11464
vt 0.85242 0.11464
vt 0.85242 0.11464
vt 0.85241 0.11464
vt 0.85241 0.11464
vt 0.85241 0.11464
vt 0.85241 0.11464
vt 0.85240 0.11464
vt 0.85240 0.11464
vt 0.85240 0.11464
vt 0.85240 0.11464
vt 0.85240 0.11464
vt 0.85240 0.11464
vt 0.85240 0.11464
vt 0.85240 0.11464
vt 0.85240 0.11464
vt 0.85240 0.11464
vt 0.85241 0.11464
vt 0.85238 0.11468
vt 0.85238 0.11468
vt 0.85238 0.11468
vt 0.85238 0.11468
vt 0.85238 0.11468
vt 0.85239 0.11468
vt 0.85239 0.11468
vt 0.85239 0.11468
vt 0.85238 0.11468
vt 0.85238 0.11468
vt 0.85238 0.11468
vt 0.85238 0.11468
vt 0.85239 0.11468
vt 0.85239 0.11468
vt 0.85239 0.11468
vt 0.85239 0.11468
vt 0.85239 0.11468
vt 0.85239 0.11468
vt 0.85238 0.11468
vt 0.85238 0.11468
vt 0.85238 0.11468
vt 0.85238 0.11468
vt 0.85238 0.11468
vt 0.85238 0.11468
vt 0.85241 0.11460
vt 0.85241 0.11460
vt 0.85241 0.11460
vt 0.85241 0.11460
vt 0.85241 0.11460
vt 0.85242 0.11460
vt 0.85241 0.11460
vt 0.85242 0.11460
vt 0.85242 0.11460
vt 0.85241 0.11460
vt 0.85241 0.11460
vt 0.85241 0.11460
vt 0.85241 0.11460
vt 0.85240 0.11460
vt 0.85240 0.11460
vt 0.85240 0.11460
vt 0.85240 0.11460
vt 0.85240 0.11460
vt 0.85240 0.11460
vt 0.85240 0.11460
vt 0.85240 0.11460
vt 0.85240 0.11460
vt 0.85240 0.11460
vt 0.85240 0.11460
vt 0.85241 0.11460
vt 0.85241 0.11462
vt 0.85241 0.11462
vt 0.85241 0.11460
vt 0.85241 0.11462
vt 0.85241 0.11462
vt 0.85241 0.11460
vt 0.85241 0.11462
vt 0.85241 0.11462
vt 0.85241 0.11460
vt 0.85241 0.11462
vt 0.85241 0.11462
vt 0.85241 0.11460
vt 0.85241 0.11462
vt 0.85241 0.11462
vt 0.85241 0.11460
vt 0.85242 0.11462
vt 0.85241 0.11462
vt 0.85240 0.11460
vt 0.85240 0.11462
vt 0.85240 0.11462
vt 0.85240 0.11460
vt 0.85240 0.11462
vt 0.85240 0.11462
vt 0.85240 0.11460
vt 0.85240 0.11462
vt 0.85240 0.11462
vt 0.85240 0.11460
vt 0.85240 0.11462
vt 0.85240 0.11462
vt 0.85240 0.11460
vt 0.85240 0.11462
vt 0.85240 0.11462
vt 0.85240 0.11460
vt 0.85240 0.11462
vt 0.85240 0.11462
vt 0.85240 0.11460
vt 0.85240 0.11462
vt 0.85240 0.11462
vt 0.85240 0.11460
vt 0.85240 0.11462
vt 0.85240 0.11462
vt 0.85240 0.11460
vt 0.85240 0.11462
vt 0.85240 0.11462
vt 0.85240 0.11460
vt 0.85240 0.11462
vt 0.85240 0.11462
vt 0.85240 0.11460
vt 0.85240 0.11462
vt 0.85240 0.11462
vt 0.85240 0.11460
vt 0.85241 0.11462
vt 0.85240 0.11462
vt 0.85241 0.11460
vt 0.85241 0.11462
vt 0.85241 0.11462
vt 0.85241 0.11460
vt 0.85241 0.11462
vt 0.85241 0.11462
vt 0.85241 0.11460
vt 0.85241 0.11462
vt 0.85241 0.11462
vt 0.85241 0.11460
vt 0.85241 0.11462
vt 0.85241 0.11462
vt 0.85241 0.11460
vt 0.85241 0.11462
vt 0.85241 0.11462
vt 0.85241 0.11460
vt 0.85241 0.11462
vt 0.85241 0.11462
vt 0.85241 0.11462
vt 0.85241 0.11462
vt 0.85241 0.11462
vt 0.85241 0.11462
vt 0.85241 0.11462
vt 0.85241 0.11462
vt 0.85242 0.11462
vt 0.85242 0.11462
vt 0.85242 0.11462
vt 0.85241 0.11462
vt 0.85241 0.11462
vt 0.85241 0.11462
vt 0.85241 0.11462
vt 0.85240 0.11462
vt 0.85240 0.11462
vt 0.85240 0.11462
vt 0.85240 0.11462
vt 0.85240 0.11462
vt 0.85240 0.11462
vt 0.85240 0.11462
vt 0.85240 0.11462
vt 0.85240 0.11462
vt 0.85240 0.11462
vt 0.85241 0.11462
vt 0.85241 0.11462
vt 0.85241 0.11462
vt 0.85241 0.11462
vt 0.85241 0.11462
vt 0.85241 0.11462
vt 0.85241 0.11462
vt 0.85241 0.11462
vt 0.85240 0.11462
vt 0.85240 0.11462
vt 0.85240 0.11462
vt 0.85240 0.11462
vt 0.85240 0.11462
vt 0.85240 0.11462
vt 0.85240 0.11462
vt 0.85240 0.11462
vt 0.85240 0.11462
vt 0.85240 0.11462
vt 0.85241 0.11462
vt 0.85241 0.11462
vt 0.85241 0.11462
vt 0.85241 0.11462
vt 0.85242 0.11462
vt 0.85242 0.11462
vt 0.85242 0.11462
vt 0.85241 0.11462
vt 0.85241 0.11462
vt 0.85241 0.11462
vt 0.85241 0.11462
vt 0.85241 0.11462
vt 0.85241 0.11462
vt 0.85242 0.11462
vt 0.85242 0.11462
vt 0.85242 0.11462
vt 0.85241 0.11462
vt 0.85241 0.11462
vt 0.85241 0.11462
vt 0.85241 0.11462
vt 0.85240 0.11462
vt 0.85240 0.11462
vt 0.85240 0.11462
vt 0.85240 0.11462
vt 0.85240 0.11462
vt 0.85240 0.11462
vt 0.85240 0.11462
vt 0.85240 0.11462
vt 0.85240 0.11462
vt 0.85240 0.11462
vt 0.85241 0.11462
vt 0.85239 0.11468
vt 0.85238 0.11468
vt 0.85239 0.11468
vt 0.85238 0.11468
vt 0.85238 0.11468
vt 0.85238 0.11468
vt 0.85238 0.11468
vt 0.85239 0.11468
vt 0.85240 0.11468
vt 0.85239 0.11468
vt 0.85238 0.11468
vt 0.85238 0.11468
vt 0.85238 0.11468
vt 0.85239 0.11468
vt 0.85239 0.11468
vt 0.85239 0.11468
vt 0.85238 0.11468
vt 0.85238 0.11468
vt 0.85239 0.11468
vt 0.85239 0.11468
vt 0.85239 0.11468
vt 0.85238 0.11468
vt 0.85238 0.11468
vt 0.85238 0.11468
vt 0.32895 0.10218
vt 0.32895 0.10218
vt 0.32895 0.10218
vt 0.32895 0.10218
vt 0.32895 0.10218
vt 0.32895 0.10218
vt 0.32895 0.10218
vt 0.32895 0.10218
vt 0.32895 0.10218
vt 0.32895 0.10218
vt 0.32895 0.10218
vt 0.32895 0.10218
vt 0.32895 0.10218
vt 0.32895 0.10218
vt 0.32895 0.10218
vt 0.32895 0.10218
vt 0.32895 0.10218
vt 0.32895 0.10218
vt 0.32895 0.10218
vt 0.32895 0.10218
vt 0.32895 0.10218
vt 0.32895 0.10218
vt 0.32895 0.10218
vt 0.32895 0.10218
vt 0.32895 0.10218
vt 0.32895 0.10218
vt 0.32895 0.10218
vt 0.32895 0.10218
vt 0.32895 0.10218
vt 0.32895 0.10218
vt 0.32895 0.10218
vt 0.32895 0.10218
vt 0.32895 0.10218
vt 0.32895 0.10218
vt 0.32895 0.10218
vt 0.32895 0.10218
vt 0.32895 0.10218
vt 0.32895 0.10218
vt 0.32895 0.10218
vt 0.32895 0.10218
vt 0.32895 0.10218
vt 0.32895 0.10218
vt 0.32895 0.10218
vt 0.32895 0.10218
vt 0.32895 0.10218
vt 0.32895 0.10218
vt 0.32895 0.10218
vt 0.32895 0.10218
vt 0.94101 0.97802
vt 0.94101 0.97802
vt 0.94101 0.97802
vt 0.94101 0.97802
vt 0.94101 0.97802
vt 0.94101 0.97802
vt 0.94101 0.97802
vt 0.94101 0.97802
vt 0.94101 0.97802
vt 0.94101 0.97802
vt 0.94101 0.97802
vt 0.94101 0.97802
vt 0.94101 0.97802
vt 0.94101 0.97802
vt 0.94101 0.97802
vt 0.94101 0.97802
vt 0.94101 0.97802
vt 0.94101 0.97802
vt 0.94101 0.97802
vt 0.94101 0.97802
vt 0.94101 0.97802
vt 0.94101 0.97802
vt 0.94101 0.97802
vt 0.94101 0.97802
vt 0.94101 0.97802
vt 0.94101 0.97802
vt 0.94101 0.97802
vt 0.94101 0.97802
vt 0.94101 0.97802
vt 0.94101 0.97802
vt 0.94101 0.97802
vt 0.94101 0.97802
vt 0.94101 0.97802
vt 0.94101 0.97802
vt 0.94101 0.97802
vt 0.94101 0.97802
vt 0.94101 0.97802
vt 0.94101 0.97802
vt 0.94101 0.97802
vt 0.94101 0.97802
vt 0.94101 0.97802
vt 0.94101 0.97802
vt 0.94101 0.97802
vt 0.94101 0.97802
vt 0.94101 0.97802
vt 0.94101 0.97802
vt 0.94101 0.97802
vt 0.94101 0.97802
vt 0.94101 0.97802
vt 0.94101 0.97802
vt 0.94101 0.97802
vt 0.94101 0.97802
vt 0.94101 0.97802
vt 0.94101 0.97802
vt 0.94101 0.97802
vt 0.94101 0.97802
vt 0.94101 0.97802
vt 0.94101 0.97802
vt 0.94101 0.97802
vt 0.94101 0.97802
vt 0.94101 0.97802
vt 0.94101 0.97802
vt 0.94101 0.97802
vt 0.94101 0.97802
vt 0.94101 0.97802
vt 0.94101 0.97802
vt 0.94101 0.97802
vt 0.94101 0.97802
vt 0.94101 0.97802
vt 0.94101 0.97802
vt 0.94101 0.97802
vt 0.94101 0.97802
vt 0.94101 0.97802
vt 0.94101 0.97802
vt 0.94101 0.97802
vt 0.94101 0.97802
vt 0.94101 0.97802
vt 0.94101 0.97802
vt 0.94101 0.97802
vt 0.94101 0.97802
vt 0.94101 0.97802
vt 0.94101 0.97802
vt 0.94101 0.97802
vt 0.94101 0.97802
vt 0.94101 0.97802
vt 0.94101 0.97802
vt 0.94101 0.97802
vt 0.94101 0.97802
vt 0.94101 0.97802
vt 0.94101 0.97802
vt 0.94101 0.97802
vt 0.94101 0.97802
vt 0.94101 0.97802
vt 0.94101 0.97802
vt 0.94101 0.97802
vt 0.94101 0.97802
vt 0.28156 0.08570
vt 0.28156 0.08570
vt 0.28156 0.08570
vt 0.28156 0.08570
vt 0.28156 0.08570
vt 0.28156 0.08570
vt 0.28156 0.08570
vt 0.28156 0.08570
vt 0.28156 0.08570
vt 0.28156 0.08570
vt 0.28156 0.08570
vt 0.28156 0.08570
vt 0.28156 0.08570
vt 0.28156 0.08570
vt 0.28156 0.08570
vt 0.28156 0.08570
vt 0.28156 0.08570
vt 0.28156 0.08570
vt 0.28156 0.08570
vt 0.28156 0.08570
vt 0.28156 0.08570
vt 0.28156 0.08570
vt 0.28156 0.08570
vt 0.28156 0.08570
vt 0.28156 0.08570
vt 0.28156 0.08570
vt 0.28156 0.08570
vt 0.28156 0.08570
vt 0.28156 0.08570
vt 0.28156 0.08570
vt 0.28156 0.08570
vt 0.28156 0.08570
vt 0.28156 0.08570
vt 0.28156 0.08570
vt 0.28156 0.08570
vt 0.28156 0.08570
vt 0.28156 0.08570
vt 0.28156 0.08570
vt 0.28156 0.08570
vt 0.28156 0.08570
vt 0.28156 0.08570
vt 0.28156 0.08570
vt 0.28156 0.08570
vt 0.28156 0.08570
vt 0.28156 0.08570
vt 0.28156 0.08570
vt 0.28156 0.08570
vt 0.28156 0.08570
vt 0.39073 0.09149
vt 0.39075 0.09147
vt 0.39075 0.09149
vt 0.39073 0.09147
vt 0.39083 0.09149
vt 0.39080 0.09147
vt 0.39083 0.09147
vt 0.39080 0.09149
vt 0.39080 0.09152
vt 0.39080 0.09150
vt 0.39078 0.09152
vt 0.39083 0.09151
vt 0.39083 0.09150
vt 0.39080 0.09154
vt 0.44024 0.11613
vt 0.44024 0.11613
vt 0.44024 0.11613
vt 0.44024 0.11613
vt 0.44024 0.11613
vt 0.44024 0.11613
vt 0.44024 0.11613
vt 0.44024 0.11613
vt 0.44024 0.11613
vt 0.44024 0.11613
vt 0.44024 0.11613
vt 0.44024 0.11613
vt 0.44024 0.11613
vt 0.44024 0.11613
vt 0.44024 0.11613
vt 0.44024 0.11613
vt 0.44024 0.11613
vt 0.44024 0.11613
vt 0.44024 0.11613
vt 0.44024 0.11613
vt 0.44024 0.11613
vt 0.44024 0.11613
vt 0.44024 0.11613
vt 0.44024 0.11613
vt 0.07680 0.92245
vt 0.07679 0.92244
vt 0.07680 0.92244
vt 0.07679 0.92245
vt 0.07679 0.92245
vt 0.07679 0.92246
vt 0.07679 0.92246
vt 0.07679 0.92245
vt 0.07680 0.92245
vt 0.07680 0.92246
vt 0.07680 0.92245
vt 0.07680 0.92246
vt 0.07677 0.92248
vt 0.07677 0.92248
vt 0.07680 0.92246
vt 0.07680 0.92247
vt 0.07679 0.92245
vt 0.07679 0.92244
vt 0.07679 0.92244
vt 0.07679 0.92245
vt 0.07680 0.92245
vt 0.07681 0.92245
vt 0.07680 0.92245
vt 0.07681 0.92245
vt 0.07680 0.92246
vt 0.07679 0.92246
vt 0.07679 0.92246
vt 0.07680 0.92246
vt 0.07677 0.92248
vt 0.07677 0.92248
vt 0.07680 0.92245
vt 0.07680 0.92246
vt 0.07680 0.92245
vt 0.07681 0.92245
vt 0.07679 0.92245
vt 0.07678 0.92244
vt 0.07679 0.92244
vt 0.07678 0.92245
vt 0.07678 0.92247
vt 0.07679 0.92247
vt 0.07678 0.92247
vt 0.07679 0.92247
vt 0.07680 0.92246
vt 0.07680 0.92247
vt 0.07680 0.92246
vt 0.07680 0.92247
vt 0.07681 0.92247
vt 0.07681 0.92247
vt 0.07680 0.92246
vt 0.07680 0.92246
vt 0.08544 0.88537
vt 0.08544 0.88537
vt 0.08544 0.88537
vt 0.08544 0.88537
vt 0.08544 0.88537
vt 0.08544 0.88537
vt 0.08544 0.88537
vt 0.08544 0.88537
vt 0.08544 0.88537
vt 0.08544 0.88537
vt 0.08544 0.88537
vt 0.08544 0.88537
vt 0.08544 0.88537
vt 0.08544 0.88537
vt 0.08544 0.88537
vt 0.08544 0.88537
vt 0.08544 0.88537
vt 0.08544 0.88537
vt 0.08544 0.88537
vt 0.08544 0.88537
vt 0.08544 0.88537
vt 0.08544 0.88537
vt 0.08544 0.88537
vt 0.08544 0.88537
vt 0.08544 0.88537
vt 0.08544 0.88537
vt 0.08544 0.88537
vt 0.08544 0.88537
vt 0.08544 0.88537
vt 0.08544 0.88537
vt 0.08544 0.88537
vt 0.08544 0.88537
vt 0.08544 0.88537
vt 0.08544 0.88537
vt 0.08544 0.88537
vt 0.08544 0.88537
vt 0.08544 0.88537
vt 0.08544 0.88537
vt 0.08544 0.88537
vt 0.08544 0.88537
vt 0.08544 0.88537
vt 0.08544 0.88537
vt 0.08544 0.88537
vt 0.08544 0.88537
vt 0.08544 0.88537
vt 0.08544 0.88537
vt 0.08544 0.88537
vt 0.08544 0.88537
vt 0.08544 0.88537
vt 0.08544 0.88537
vt 0.08544 0.88537
vt 0.08544 0.88537
vt 0.08544 0.88537
vt 0.08544 0.88537
vt 0.08544 0.88537
vt 0.08544 0.88537
vt 0.08544 0.88537
vt 0.08544 0.88537
vt 0.08544 0.88537
vt 0.08544 0.88537
vt 0.08544 0.88537
vt 0.08544 0.88537
vt 0.08544 0.88537
vt 0.08544 0.88537
vt 0.08544 0.88537
vt 0.08544 0.88537
vt 0.08544 0.88537
vt 0.08544 0.88537
vt 0.08544 0.88537
vt 0.08544 0.88537
vt 0.08544 0.88537
vt 0.08544 0.88537
vt 0.08544 0.88537
vt 0.08544 0.88537
vt 0.08544 0.88537
vt 0.08544 0.88537
vt 0.08544 0.88537
vt 0.08544 0.88537
vt 0.08544 0.88537
vt 0.08544 0.88537
vt 0.08544 0.88537
vt 0.08544 0.88537
vt 0.08544 0.88537
vt 0.08544 0.88537
vt 0.08544 0.88537
vt 0.08544 0.88537
vt 0.08544 0.88537
vt 0.08544 0.88537
vt 0.08544 0.88537
vt 0.08544 0.88537
vt 0.08544 0.88537
vt 0.08544 0.88537
vt 0.08544 0.88537
vt 0.08544 0.88537
vt 0.08544 0.88537
vt 0.08544 0.88537
vt 0.08544 0.88537
vt 0.08544 0.88537
vt 0.08544 0.88537
vt 0.08544 0.88537
vt 0.08544 0.88537
vt 0.08544 0.88537
vt 0.08544 0.88537
vt 0.08544 0.88537
vt 0.08544 0.88537
vt 0.08544 0.88537
vt 0.08544 0.88537
vt 0.08544 0.88537
vt 0.08544 0.88537
vt 0.08544 0.88537
vt 0.08544 0.88537
vt 0.08544 0.88537
vt 0.08544 0.88537
vt 0.08544 0.88537
vt 0.08544 0.88537
vt 0.08544 0.88537
vt 0.08544 0.88537
vt 0.08544 0.88537
vt 0.08544 0.88537
vt 0.08544 0.88537
vt 0.08544 0.88537
vt 0.08544 0.88537
vt 0.08544 0.88537
vt 0.08544 0.88537
vt 0.08544 0.88537
vt 0.08544 0.88537
vt 0.08544 0.88537
vt 0.08544 0.88537
vt 0.08544 0.88537
vt 0.08544 0.88537
vt 0.08544 0.88537
vt 0.08544 0.88537
vt 0.08544 0.88537
vt 0.08544 0.88537
vt 0.08544 0.88537
vt 0.08544 0.88537
vt 0.08544 0.88537
vt 0.08544 0.88537
vt 0.08544 0.88537
vt 0.08544 0.88537
vt 0.08544 0.88537
vt 0.08544 0.88537
vt 0.08544 0.88537
vt 0.08544 0.88537
vt 0.08544 0.88537
vt 0.08544 0.88537
vt 0.08544 0.88537
vt 0.08544 0.88537
vt 0.08544 0.88537
vt 0.08544 0.88537
vt 0.08544 0.88537
vt 0.08544 0.88537
vt 0.08544 0.88537
vt 0.08544 0.88537
vt 0.08544 0.88537
vt 0.08544 0.88537
vt 0.08544 0.88537
vt 0.08544 0.88537
vt 0.08544 0.88537
vt 0.08544 0.88537
vt 0.08544 0.88537
vt 0.08544 0.88537
vt 0.08544 0.88537
vt 0.08544 0.88537
vt 0.08544 0.88537
vt 0.08544 0.88537
vt 0.08544 0.88537
vt 0.08544 0.88537
vt 0.08544 0.88537
vt 0.08544 0.88537
vt 0.08544 0.88537
vt 0.08544 0.88537
vt 0.08544 0.88537
vt 0.08544 0.88537
vt 0.08544 0.88537
vt 0.08544 0.88537
vt 0.08544 0.88537
vt 0.08544 0.88537
vt 0.08544 0.88537
vt 0.08544 0.88537
vt 0.08544 0.88537
vt 0.08544 0.88537
vt 0.08544 0.88537
vt 0.08544 0.88537
vt 0.08544 0.88537
vt 0.08544 0.88537
vt 0.08544 0.88537
vt 0.08544 0.88537
vt 0.08544 0.88537
vt 0.08544 0.88537
vt 0.08544 0.88537
vt 0.08544 0.88537
vt 0.08544 0.88537
vt 0.08544 0.88537
vt 0.10769 0.94715
vt 0.10769 0.94716
vt 0.10766 0.94715
vt 0.10766 0.94714
vt 0.10773 0.94714
vt 0.10776 0.94714
vt 0.10776 0.94715
vt 0.10773 0.94715
vt 0.10772 0.94715
vt 0.10772 0.94716
vt 0.10769 0.94717
vt 0.10771 0.94723
vt 0.10772 0.94717
vt 0.10776 0.94722
vt 0.10776 0.94723
vt 0.10773 0.94714
vt 0.10776 0.94714
vt 0.10776 0.94716
vt 0.10769 0.94717
vt 0.10768 0.94718
vt 0.10766 0.94717
vt 0.10766 0.94715
vt 0.10773 0.94716
vt 0.10776 0.94716
vt 0.10776 0.94717
vt 0.10773 0.94717
vt 0.10771 0.94715
vt 0.10772 0.94715
vt 0.10769 0.94717
vt 0.10776 0.94723
vt 0.10776 0.94723
vt 0.10771 0.94715
vt 0.10771 0.94715
vt 0.10769 0.94717
vt 0.10766 0.94723
vt 0.10776 0.94716
vt 0.25477 0.89711
vt 0.25477 0.89711
vt 0.25477 0.89711
vt 0.25477 0.89711
vt 0.25477 0.89711
vt 0.25477 0.89711
vt 0.25477 0.89711
vt 0.25477 0.89711
vt 0.25477 0.89711
vt 0.25477 0.89711
vt 0.25477 0.89711
vt 0.25477 0.89711
vt 0.25477 0.89711
vt 0.25477 0.89711
vt 0.25477 0.89711
vt 0.25477 0.89711
vt 0.25477 0.89711
vt 0.25477 0.89711
vt 0.25477 0.89711
vt 0.25477 0.89711
vt 0.25477 0.89711
vt 0.25477 0.89711
vt 0.25477 0.89711
vt 0.25477 0.89711
vt 0.25477 0.89711
vt 0.25477 0.89711
vt 0.25477 0.89711
vt 0.25477 0.89711
vt 0.25477 0.89711
vt 0.25477 0.89711
vt 0.25477 0.89711
vt 0.25477 0.89711
vt 0.25477 0.89711
vt 0.25477 0.89711
vt 0.25477 0.89711
vt 0.25477 0.89711
vt 0.25477 0.89711
vt 0.25477 0.89711
vt 0.25477 0.89711
vt 0.25477 0.89711
vt 0.25477 0.89711
vt 0.25477 0.89711
vt 0.25477 0.89711
vt 0.25477 0.89711
vt 0.25477 0.89711
vt 0.25477 0.89711
vt 0.25477 0.89711
vt 0.25477 0.89711
vt 0.25477 0.89711
vt 0.25477 0.89711
vt 0.25477 0.89711
vt 0.25477 0.89711
vt 0.25477 0.89711
vt 0.25477 0.89711
vt 0.25477 0.89711
vt 0.25477 0.89711
vt 0.25477 0.89711
vt 0.25477 0.89711
vt 0.25477 0.89711
vt 0.25477 0.89711
vt 0.25477 0.89711
vt 0.25477 0.89711
vt 0.25477 0.89711
vt 0.25477 0.89711
vt 0.25477 0.89711
vt 0.25477 0.89711
vt 0.25477 0.89711
vt 0.25477 0.89711
vt 0.25477 0.89711
vt 0.25477 0.89711
vt 0.25477 0.89711
vt 0.25477 0.89711
vt 0.25477 0.89711
vt 0.25477 0.89711
vt 0.25477 0.89711
vt 0.25477 0.89711
vt 0.25477 0.89711
vt 0.25477 0.89711
vt 0.25477 0.89711
vt 0.25477 0.89711
vt 0.25477 0.89711
vt 0.25477 0.89711
vt 0.25477 0.89711
vt 0.25477 0.89711
vt 0.25477 0.89711
vt 0.25477 0.89711
vt 0.25477 0.89711
vt 0.25477 0.89711
vt 0.25477 0.89711
vt 0.25477 0.89711
vt 0.25477 0.89711
vt 0.25477 0.89711
vt 0.25477 0.89711
vt 0.25477 0.89711
vt 0.25477 0.89711
vt 0.25477 0.89711
vt 0.25477 0.89711
vt 0.25477 0.89711
vt 0.25477 0.89711
vt 0.25477 0.89711
vt 0.25477 0.89711
vt 0.25477 0.89711
vt 0.25477 0.89711
vt 0.25477 0.89711
vt 0.25477 0.89711
vt 0.25477 0.89711
vt 0.25477 0.89711
vt 0.25477 0.89711
vt 0.25477 0.89711
vt 0.25477 0.89711
vt 0.25477 0.89711
vt 0.25477 0.89711
vt 0.25477 0.89711
vt 0.25477 0.89711
vt 0.25477 0.89711
vt 0.25477 0.89711
vt 0.25477 0.89711
vt 0.25477 0.89711
vt 0.25477 0.89711
vt 0.25477 0.89711
vt 0.25477 0.89711
vt 0.25477 0.89711
vt 0.25477 0.89711
vt 0.25477 0.89711
vt 0.25477 0.89711
vt 0.25477 0.89711
vt 0.25477 0.89711
vt 0.25477 0.89711
vt 0.25477 0.89711
vt 0.25477 0.89711
vt 0.25477 0.89711
vt 0.25477 0.89711
vt 0.25477 0.89711
vt 0.25477 0.89711
vt 0.25477 0.89711
vt 0.25477 0.89711
vt 0.25477 0.89711
vt 0.25477 0.89711
vt 0.25477 0.89711
vt 0.25477 0.89711
vt 0.25477 0.89711
vt 0.25477 0.89711
vt 0.25477 0.89711
vt 0.25477 0.89711
vt 0.25477 0.89711
vt 0.25477 0.89711
vt 0.25477 0.89711
vt 0.25477 0.89711
vt 0.25477 0.89711
vt 0.25477 0.89711
vt 0.25477 0.89711
vt 0.25477 0.89711
vt 0.25477 0.89711
vt 0.25477 0.89711
vt 0.25477 0.89711
vt 0.25477 0.89711
vt 0.25477 0.89711
vt 0.25477 0.89711
vt 0.25477 0.89711
vt 0.25477 0.89711
vt 0.25477 0.89711
vt 0.25477 0.89711
vt 0.25477 0.89711
vt 0.25477 0.89711
vt 0.25477 0.89711
vt 0.25477 0.89711
vt 0.25477 0.89711
vt 0.25477 0.89711
vt 0.25477 0.89711
vt 0.25477 0.89711
vt 0.25477 0.89711
vt 0.25477 0.89711
vt 0.25477 0.89711
vt 0.25477 0.89711
vt 0.25477 0.89711
vt 0.25477 0.89711
vt 0.25477 0.89711
vt 0.25477 0.89711
vt 0.25477 0.89711
vt 0.25477 0.89711
vt 0.25477 0.89711
vt 0.25477 0.89711
vt 0.25477 0.89711
vt 0.25477 0.89711
vt 0.25477 0.89711
vt 0.25477 0.89711
vt 0.25477 0.89711
vt 0.25477 0.89711
vt 0.25477 0.89711
vt 0.25477 0.89711
vt 0.25477 0.89711
vt 0.25477 0.89711
vt 0.25477 0.89711
vt 0.25477 0.89711
vt 0.25477 0.89711
vt 0.25477 0.89711
vt 0.25477 0.89711
vt 0.25477 0.89711
vt 0.25477 0.89711
vt 0.25477 0.89711
vt 0.25477 0.89711
vt 0.25477 0.89711
vt 0.25477 0.89711
vt 0.25477 0.89711
vt 0.25477 0.89711
vt 0.25477 0.89711
vt 0.25477 0.89711
vt 0.25477 0.89711
vt 0.25477 0.89711
vt 0.25477 0.89711
vt 0.25477 0.89711
vt 0.25477 0.89711
vt 0.25477 0.89711
vt 0.25477 0.89711
vt 0.25477 0.89711
vt 0.25477 0.89711
vt 0.25477 0.89711
vt 0.25477 0.89711
vt 0.25477 0.89711
vt 0.25477 0.89711
vt 0.25477 0.89711
vt 0.25477 0.89711
vt 0.25477 0.89711
vt 0.25477 0.89711
vt 0.25477 0.89711
vt 0.25477 0.89711
vt 0.25477 0.89711
vt 0.25477 0.89711
vt 0.25477 0.89711
vt 0.25477 0.89711
vt 0.25477 0.89711
vt 0.25477 0.89711
vt 0.25477 0.89711
vt 0.25477 0.89711
vt 0.25477 0.89711
vt 0.25477 0.89711
vt 0.25477 0.89711
vt 0.25477 0.89711
vt 0.25477 0.89711
vt 0.25477 0.89711
vt 0.25477 0.89711
vt 0.25477 0.89711
vt 0.25477 0.89711
vt 0.25477 0.89711
vt 0.25477 0.89711
vt 0.25477 0.89711
vt 0.25477 0.89711
vt 0.25477 0.89711
vt 0.25477 0.89711
vt 0.25477 0.89711
vt 0.25477 0.89711
vt 0.25477 0.89711
vt 0.25477 0.89711
vt 0.25477 0.89711
vt 0.25477 0.89711
vt 0.25477 0.89711
vt 0.25477 0.89711
vt 0.25477 0.89711
vt 0.25477 0.89711
vt 0.25477 0.89711
vt 0.25477 0.89711
vt 0.25477 0.89711
vt 0.25477 0.89711
vt 0.25477 0.89711
vt 0.25477 0.89711
vt 0.25477 0.89711
vt 0.25477 0.89711
vt 0.25477 0.89711
vt 0.25477 0.89711
vt 0.25477 0.89711
vt 0.25477 0.89711
vt 0.25477 0.89711
vt 0.25477 0.89711
vt 0.25477 0.89711
vt 0.25477 0.89711
vt 0.25477 0.89711
vt 0.25477 0.89711
vt 0.25477 0.89711
vt 0.25477 0.89711
vt 0.25477 0.89711
vt 0.25477 0.89711
vt 0.25477 0.89711
vt 0.25477 0.89711
vt 0.25477 0.89711
vt 0.25477 0.89711
vt 0.25477 0.89711
vt 0.25477 0.89711
vt 0.25477 0.89711
vt 0.25477 0.89711
vt 0.25477 0.89711
vt 0.25477 0.89711
vt 0.25477 0.89711
vt 0.25477 0.89711
vt 0.25477 0.89711
vt 0.25477 0.89711
vt 0.25477 0.89711
vt 0.25477 0.89711
vt 0.25477 0.89711
vt 0.25477 0.89711
vt 0.25477 0.89711
vt 0.25477 0.89711
vt 0.25477 0.89711
vt 0.25477 0.89711
vt 0.25477 0.89711
vt 0.25477 0.89711
vt 0.25477 0.89711
vt 0.25477 0.89711
vt 0.25477 0.89711
vt 0.25477 0.89711
vt 0.25477 0.89711
vt 0.25477 0.89711
vt 0.25477 0.89711
vt 0.25477 0.89711
vt 0.25477 0.89711
vt 0.25477 0.89711
vt 0.25477 0.89711
vt 0.25477 0.89711
vt 0.25477 0.89711
vt 0.25477 0.89711
vt 0.25477 0.89711
vt 0.25477 0.89711
vt 0.25477 0.89711
vt 0.25477 0.89711
vt 0.25477 0.89711
vt 0.25477 0.89711
vt 0.25477 0.89711
vt 0.25477 0.89711
vt 0.25477 0.89711
vt 0.25477 0.89711
vt 0.25477 0.89711
vt 0.25477 0.89711
vt 0.25477 0.89711
vt 0.25477 0.89711
vt 0.25477 0.89711
vt 0.25477 0.89711
vt 0.25477 0.89711
vt 0.25477 0.89711
vt 0.25477 0.89711
vt 0.25477 0.89711
vt 0.25477 0.89711
vt 0.25477 0.89711
vt 0.25477 0.89711
vt 0.25477 0.89711
vt 0.25477 0.89711
vt 0.25477 0.89711
vt 0.25477 0.89711
vt 0.25477 0.89711
vt 0.25477 0.89711
vt 0.25477 0.89711
vt 0.25477 0.89711
vt 0.25477 0.89711
vt 0.25477 0.89711
vt 0.25477 0.89711
vt 0.25477 0.89711
vt 0.25477 0.89711
vt 0.25477 0.89711
vt 0.25477 0.89711
vt 0.25477 0.89711
vt 0.25477 0.89711
vt 0.25477 0.89711
vt 0.25477 0.89711
vt 0.25477 0.89711
vt 0.25477 0.89711
vt 0.25477 0.89711
vt 0.25477 0.89711
vt 0.25477 0.89711
vt 0.25477 0.89711
vt 0.25477 0.89711
vt 0.25477 0.89711
vt 0.25477 0.89711
vt 0.25477 0.89711
vt 0.25477 0.89711
vt 0.25477 0.89711
vt 0.25477 0.89711
vt 0.25477 0.89711
vt 0.25477 0.89711
vt 0.25477 0.89711
vt 0.25477 0.89711
vt 0.25477 0.89711
vt 0.25477 0.89711
vt 0.25477 0.89711
vt 0.25477 0.89711
vt 0.25477 0.89711
vt 0.25477 0.89711
vt 0.25477 0.89711
vt 0.25477 0.89711
vt 0.25477 0.89711
vt 0.25477 0.89711
vt 0.25477 0.89711
vt 0.25477 0.89711
vt 0.25477 0.89711
vt 0.25477 0.89711
vt 0.25477 0.89711
vt 0.25477 0.89711
vt 0.25477 0.89711
vt 0.25477 0.89711
vt 0.25477 0.89711
vt 0.25477 0.89711
vt 0.25477 0.89711
vt 0.25477 0.89711
vt 0.25477 0.89711
vt 0.25477 0.89711
vt 0.25477 0.89711
vt 0.25477 0.89711
vt 0.25477 0.89711
vt 0.25477 0.89711
vt 0.25477 0.89711
vt 0.25477 0.89711
vt 0.25477 0.89711
vt 0.25477 0.89711
vt 0.25477 0.89711
vt 0.25477 0.89711
vt 0.25477 0.89711
vt 0.25477 0.89711
vt 0.25477 0.89711
vt 0.25477 0.89711
vt 0.25477 0.89711
vt 0.25477 0.89711
vt 0.25477 0.89711
vt 0.25477 0.89711
vt 0.25477 0.89711
vt 0.25477 0.89711
vt 0.25477 0.89711
vt 0.25477 0.89711
vt 0.25477 0.89711
vt 0.25477 0.89711
vt 0.25477 0.89711
vt 0.25477 0.89711
vt 0.25477 0.89711
vt 0.25477 0.89711
vt 0.25477 0.89711
vt 0.25477 0.89711
vt 0.25477 0.89711
vt 0.25477 0.89711
vt 0.25477 0.89711
vt 0.25477 0.89711
vt 0.25477 0.89711
vt 0.25477 0.89711
vt 0.25477 0.89711
vt 0.25477 0.89711
vt 0.25477 0.89711
vt 0.25477 0.89711
vt 0.25477 0.89711
vt 0.25477 0.89711
vt 0.25477 0.89711
vt 0.25477 0.89711
vt 0.25477 0.89711
vt 0.25477 0.89711
vt 0.25477 0.89711
vt 0.25477 0.89711
vt 0.25477 0.89711
vt 0.25477 0.89711
vt 0.25477 0.89711
vt 0.25477 0.89711
vt 0.25477 0.89711
vt 0.25477 0.89711
vt 0.25477 0.89711
vt 0.25477 0.89711
vt 0.25477 0.89711
vt 0.25477 0.89711
vt 0.25477 0.89711
vt 0.25477 0.89711
vt 0.25477 0.89711
vt 0.25477 0.89711
vt 0.25477 0.89711
vt 0.25477 0.89711
vt 0.25477 0.89711
vt 0.25477 0.89711
vt 0.25477 0.89711
vt 0.25477 0.89711
vt 0.25477 0.89711
vt 0.25477 0.89711
vt 0.25477 0.89711
vt 0.25477 0.89711
vt 0.25477 0.89711
vt 0.25477 0.89711
vt 0.25477 0.89711
vt 0.25477 0.89711
vt 0.25477 0.89711
vt 0.25477 0.89711
vt 0.25477 0.89711
vt 0.25477 0.89711
vt 0.25477 0.89711
vt 0.25477 0.89711
vt 0.25477 0.89711
vt 0.25477 0.89711
vt 0.25477 0.89711
vt 0.25477 0.89711
vt 0.25477 0.89711
vt 0.25477 0.89711
vt 0.25477 0.89711
vt 0.25477 0.89711
vt 0.25477 0.89711
vt 0.25477 0.89711
vt 0.25477 0.89711
vt 0.25477 0.89711
vt 0.25477 0.89711
vt 0.25477 0.89711
vt 0.25477 0.89711
vt 0.25477 0.89711
vt 0.25477 0.89711
vt 0.25477 0.89711
vt 0.25477 0.89711
vt 0.25477 0.89711
vt 0.25477 0.89711
vt 0.25477 0.89711
vt 0.25477 0.89711
vt 0.25477 0.89711
vt 0.25477 0.89711
vt 0.25477 0.89711
vt 0.25477 0.89711
vt 0.25477 0.89711
vt 0.25477 0.89711
vt 0.25477 0.89711
vt 0.25477 0.89711
vt 0.25477 0.89711
vt 0.25477 0.89711
vt 0.25477 0.89711
vt 0.25477 0.89711
vt 0.25477 0.89711
vt 0.25477 0.89711
vt 0.25477 0.89711
vt 0.25477 0.89711
vt 0.25477 0.89711
vt 0.25477 0.89711
vt 0.25477 0.89711
vt 0.25477 0.89711
vt 0.25477 0.89711
vt 0.25477 0.89711
vt 0.25477 0.89711
vt 0.25477 0.89711
vt 0.25477 0.89711
vt 0.25477 0.89711
vt 0.25477 0.89711
vt 0.25477 0.89711
vt 0.25477 0.89711
vt 0.25477 0.89711
vt 0.25477 0.89711
vt 0.25477 0.89711
vt 0.25477 0.89711
vt 0.25477 0.89711
vt 0.25477 0.89711
vt 0.25477 0.89711
vt 0.25477 0.89711
vt 0.25477 0.89711
vt 0.25477 0.89711
vt 0.25477 0.89711
vt 0.25477 0.89711
vt 0.25477 0.89711
vt 0.25477 0.89711
vt 0.25477 0.89711
vt 0.25477 0.89711
vt 0.65868 0.09883
vt 0.65868 0.09883
vt 0.65868 0.09883
vt 0.65868 0.09883
vt 0.65868 0.09883
vt 0.65868 0.09883
vt 0.65868 0.09883
vt 0.65868 0.09883
vt 0.65868 0.09883
vt 0.65868 0.09883
vt 0.65868 0.09883
vt 0.65868 0.09883
vt 0.65868 0.09883
vt 0.65868 0.09883
vt 0.65868 0.09883
vt 0.65868 0.09883
vt 0.65868 0.09883
vt 0.65868 0.09883
vt 0.65868 0.09883
vt 0.65868 0.09883
vt 0.65868 0.09883
vt 0.65868 0.09883
vt 0.65868 0.09883
vt 0.65868 0.09883
vt 0.65868 0.09883
vt 0.65868 0.09883
vt 0.65868 0.09883
vt 0.65868 0.09883
vt 0.65868 0.09883
vt 0.65868 0.09883
vt 0.65868 0.09883
vt 0.65868 0.09883
vt 0.65868 0.09883
vt 0.65868 0.09883
vt 0.65868 0.09883
vt 0.65868 0.09883
vt 0.65868 0.09883
vt 0.65868 0.09883
vt 0.65868 0.09883
vt 0.65868 0.09883
vt 0.65868 0.09883
vt 0.65868 0.09883
vt 0.65868 0.09883
vt 0.65868 0.09883
vt 0.65868 0.09883
vt 0.65868 0.09883
vt 0.65868 0.09883
vt 0.65868 0.09883
vt 0.65868 0.09883
vt 0.65868 0.09883
vt 0.65868 0.09883
vt 0.65868 0.09883
vt 0.65868 0.09883
vt 0.65868 0.09883
vt 0.65868 0.09883
vt 0.65868 0.09883
vt 0.65868 0.09883
vt 0.65868 0.09883
vt 0.65868 0.09883
vt 0.65868 0.09883
vt 0.65868 0.09883
vt 0.65868 0.09883
vt 0.65868 0.09883
vt 0.65868 0.09883
vt 0.65868 0.09883
vt 0.65868 0.09883
vt 0.65868 0.09883
vt 0.65868 0.09883
vt 0.65868 0.09883
vt 0.65868 0.09883
vt 0.65868 0.09883
vt 0.65868 0.09883
vt 0.65868 0.09883
vt 0.65868 0.09883
vt 0.65868 0.09883
vt 0.65868 0.09883
vt 0.65868 0.09883
vt 0.65868 0.09883
vt 0.65868 0.09883
vt 0.65868 0.09883
vt 0.65868 0.09883
vt 0.65868 0.09883
vt 0.65868 0.09883
vt 0.65868 0.09883
vt 0.65868 0.09883
vt 0.65868 0.09883
vt 0.65868 0.09883
vt 0.65868 0.09883
vt 0.65868 0.09883
vt 0.65868 0.09883
vt 0.65868 0.09883
vt 0.65868 0.09883
vt 0.65868 0.09883
vt 0.65868 0.09883
vt 0.65868 0.09883
vt 0.65868 0.09883
vt 0.65868 0.09883
vt 0.65868 0.09883
vt 0.65868 0.09883
vt 0.65868 0.09883
vt 0.65868 0.09883
vt 0.65868 0.09883
vt 0.65868 0.09883
vt 0.65868 0.09883
vt 0.65868 0.09883
vt 0.65868 0.09883
vt 0.65868 0.09883
vt 0.65868 0.09883
vt 0.65868 0.09883
vt 0.65868 0.09883
vt 0.65868 0.09883
vt 0.65868 0.09883
vt 0.65868 0.09883
vt 0.65868 0.09883
vt 0.65868 0.09883
vt 0.65868 0.09883
vt 0.65868 0.09883
vt 0.65868 0.09883
vt 0.65868 0.09883
vt 0.65868 0.09883
vt 0.65868 0.09883
vt 0.65868 0.09883
vt 0.65868 0.09883
vt 0.65868 0.09883
vt 0.65868 0.09883
vt 0.65868 0.09883
vt 0.65868 0.09883
vt 0.65868 0.09883
vt 0.65868 0.09883
vt 0.65868 0.09883
vt 0.65868 0.09883
vt 0.65868 0.09883
vt 0.65868 0.09883
vt 0.65868 0.09883
vt 0.65868 0.09883
vt 0.65868 0.09883
vt 0.65868 0.09883
vt 0.65868 0.09883
vt 0.65868 0.09883
vt 0.65868 0.09883
vt 0.65868 0.09883
vt 0.65868 0.09883
vt 0.65868 0.09883
vt 0.65868 0.09883
vt 0.65868 0.09883
vt 0.65868 0.09883
vt 0.65868 0.09883
vt 0.65868 0.09883
vt 0.65868 0.09883
vt 0.65868 0.09883
vt 0.65868 0.09883
vt 0.65868 0.09883
vt 0.65868 0.09883
vt 0.65868 0.09883
vt 0.65868 0.09883
vt 0.65868 0.09883
vt 0.65868 0.09883
vt 0.65868 0.09883
vt 0.65868 0.09883
vt 0.65868 0.09883
vt 0.65868 0.09883
vt 0.65868 0.09883
vt 0.65868 0.09883
vt 0.65868 0.09883
vt 0.65868 0.09883
vt 0.65868 0.09883
vt 0.65868 0.09883
vt 0.65868 0.09883
vt 0.65868 0.09883
vt 0.65868 0.09883
vt 0.65868 0.09883
vt 0.65868 0.09883
vt 0.65868 0.09883
vt 0.65868 0.09883
vt 0.65868 0.09883
vt 0.65868 0.09883
vt 0.65868 0.09883
vt 0.65868 0.09883
vt 0.65868 0.09883
vt 0.65868 0.09883
vt 0.65868 0.09883
vt 0.65868 0.09883
vt 0.65868 0.09883
vt 0.65868 0.09883
vt 0.65868 0.09883
vt 0.65868 0.09883
vt 0.65868 0.09883
vt 0.65868 0.09883
vt 0.65868 0.09883
vt 0.65868 0.09883
vt 0.65868 0.09883
vt 0.65868 0.09883
vt 0.65868 0.09883
vt 0.65868 0.09883
vt 0.65868 0.09883
vt 0.65868 0.09883
vt 0.65868 0.09883
vt 0.65868 0.09883
vt 0.65868 0.09883
vt 0.65868 0.09883
vt 0.65868 0.09883
vt 0.65868 0.09883
vt 0.65868 0.09883
vt 0.65868 0.09883
vt 0.65868 0.09883
vt 0.65868 0.09883
vt 0.65868 0.09883
vt 0.65868 0.09883
vt 0.65868 0.09883
vt 0.65868 0.09883
vt 0.65868 0.09883
vt 0.65868 0.09883
vt 0.65868 0.09883
vt 0.65868 0.09883
vt 0.65868 0.09883
vt 0.65868 0.09883
vt 0.65868 0.09883
vt 0.65868 0.09883
vt 0.65868 0.09883
vt 0.65868 0.09883
vt 0.65868 0.09883
vt 0.65868 0.09883
vt 0.65868 0.09883
vt 0.65868 0.09883
vt 0.65868 0.09883
vt 0.65868 0.09883
vt 0.65868 0.09883
vt 0.65868 0.09883
vt 0.65868 0.09883
vt 0.65868 0.09883
vt 0.65868 0.09883
vt 0.65868 0.09883
vt 0.65868 0.09883
vt 0.65868 0.09883
vt 0.65868 0.09883
vt 0.65868 0.09883
vt 0.65868 0.09883
vt 0.65868 0.09883
vt 0.65868 0.09883
vt 0.65868 0.09883
vt 0.65868 0.09883
vt 0.65868 0.09883
vt 0.65868 0.09883
vt 0.65868 0.09883
vt 0.65868 0.09883
vt 0.65868 0.09883
vt 0.65868 0.09883
vt 0.65868 0.09883
vt 0.65868 0.09883
vt 0.65868 0.09883
vt 0.65868 0.09883
vt 0.65868 0.09883
vt 0.65868 0.09883
vt 0.65868 0.09883
vt 0.65868 0.09883
vt 0.65868 0.09883
vt 0.65868 0.09883
vt 0.65868 0.09883
vt 0.65868 0.09883
vt 0.65868 0.09883
vt 0.65868 0.09883
vt 0.65868 0.09883
vt 0.65868 0.09883
vt 0.65868 0.09883
vt 0.65868 0.09883
vt 0.65868 0.09883
vt 0.65868 0.09883
vt 0.65868 0.09883
vt 0.65868 0.09883
vt 0.65868 0.09883
vt 0.65868 0.09883
vt 0.65868 0.09883
vt 0.65868 0.09883
vt 0.65868 0.09883
vt 0.65868 0.09883
vt 0.65868 0.09883
vt 0.65868 0.09883
vt 0.65868 0.09883
vt 0.65868 0.09883
vt 0.65868 0.09883
vt 0.65868 0.09883
vt 0.65868 0.09883
vt 0.65868 0.09883
vt 0.65868 0.09883
vt 0.65868 0.09883
vt 0.65868 0.09883
vt 0.65868 0.09883
vt 0.65868 0.09883
vt 0.65868 0.09883
vt 0.65868 0.09883
vt 0.65868 0.09883
vt 0.65868 0.09883
vt 0.65868 0.09883
vt 0.65868 0.09883
vt 0.65868 0.09883
vt 0.65868 0.09883
vt 0.65868 0.09883
vt 0.65868 0.09883
vt 0.65868 0.09883
vt 0.65868 0.09883
vt 0.65868 0.09883
vt 0.65868 0.09883
vt 0.65868 0.09883
vt 0.65868 0.09883
vt 0.65868 0.09883
vt 0.65868 0.09883
vt 0.65868 0.09883
vt 0.65868 0.09883
vt 0.65868 0.09883
vt 0.65868 0.09883
vt 0.65868 0.09883
vt 0.65868 0.09883
vt 0.65868 0.09883
vt 0.65868 0.09883
vt 0.65868 0.09883
vt 0.65868 0.09883
vt 0.65868 0.09883
vt 0.65868 0.09883
vt 0.65868 0.09883
vt 0.65868 0.09883
vt 0.65868 0.09883
vt 0.65868 0.09883
vt 0.65868 0.09883
vt 0.65868 0.09883
vt 0.65868 0.09883
vt 0.65868 0.09883
vt 0.65868 0.09883
vt 0.65868 0.09883
vt 0.65868 0.09883
vt 0.65868 0.09883
vt 0.65868 0.09883
vt 0.65868 0.09883
vt 0.65868 0.09883
vt 0.65868 0.09883
vt 0.65868 0.09883
vt 0.65868 0.09883
vt 0.65868 0.09883
vt 0.65868 0.09883
vt 0.65868 0.09883
vt 0.65868 0.09883
vt 0.65868 0.09883
vt 0.65868 0.09883
vt 0.65868 0.09883
vt 0.65868 0.09883
vt 0.65868 0.09883
vt 0.65868 0.09883
vt 0.65868 0.09883
vt 0.65868 0.09883
vt 0.65868 0.09883
vt 0.65868 0.09883
vt 0.65868 0.09883
vt 0.65868 0.09883
vt 0.65868 0.09883
vt 0.65868 0.09883
vt 0.65868 0.09883
vt 0.65868 0.09883
vt 0.65868 0.09883
vt 0.65868 0.09883
vt 0.65868 0.09883
vt 0.65868 0.09883
vt 0.65868 0.09883
vt 0.65868 0.09883
vt 0.65868 0.09883
vt 0.65868 0.09883
vt 0.65868 0.09883
vt 0.65868 0.09883
vt 0.65868 0.09883
vt 0.65868 0.09883
vt 0.65868 0.09883
vt 0.65868 0.09883
vt 0.65868 0.09883
vt 0.65868 0.09883
vt 0.65868 0.09883
vt 0.65868 0.09883
vt 0.65868 0.09883
vt 0.65868 0.09883
vt 0.65868 0.09883
vt 0.65868 0.09883
vt 0.65868 0.09883
vt 0.65868 0.09883
vt 0.65868 0.09883
vt 0.65868 0.09883
vt 0.65868 0.09883
vt 0.65868 0.09883
vt 0.65868 0.09883
vt 0.65868 0.09883
vt 0.65868 0.09883
vt 0.65868 0.09883
vt 0.65868 0.09883
vt 0.65868 0.09883
vt 0.65868 0.09883
vt 0.65868 0.09883
vt 0.65868 0.09883
vt 0.65868 0.09883
vt 0.65868 0.09883
vt 0.65868 0.09883
vt 0.65868 0.09883
vt 0.65868 0.09883
vt 0.65868 0.09883
vt 0.65868 0.09883
vt 0.65868 0.09883
vt 0.65868 0.09883
vt 0.65868 0.09883
vt 0.65868 0.09883
vt 0.65868 0.09883
vt 0.65868 0.09883
vt 0.65868 0.09883
vt 0.65868 0.09883
vt 0.65868 0.09883
vt 0.65868 0.09883
vt 0.65868 0.09883
vt 0.65868 0.09883
vt 0.65868 0.09883
vt 0.65868 0.09883
vt 0.65868 0.09883
vt 0.65868 0.09883
vt 0.65868 0.09883
vt 0.65868 0.09883
vt 0.65868 0.09883
vt 0.65868 0.09883
vt 0.65868 0.09883
vt 0.65868 0.09883
vt 0.65868 0.09883
vt 0.65868 0.09883
vt 0.65868 0.09883
vt 0.65868 0.09883
vt 0.65868 0.09883
vt 0.65868 0.09883
vt 0.65868 0.09883
vt 0.65868 0.09883
vt 0.65868 0.09883
vt 0.65868 0.09883
vt 0.65868 0.09883
vt 0.65868 0.09883
vt 0.65868 0.09883
vt 0.65868 0.09883
vt 0.65868 0.09883
vt 0.65868 0.09883
vt 0.65868 0.09883
vt 0.65868 0.09883
vt 0.65868 0.09883
vt 0.65868 0.09883
vt 0.65868 0.09883
vt 0.65868 0.09883
vt 0.65868 0.09883
vt 0.65868 0.09883
vt 0.65868 0.09883
vt 0.65868 0.09883
vt 0.65868 0.09883
vt 0.65868 0.09883
vt 0.65868 0.09883
vt 0.65868 0.09883
vt 0.65868 0.09883
vt 0.65868 0.09883
vt 0.65868 0.09883
vt 0.65868 0.09883
vt 0.65868 0.09883
vt 0.65868 0.09883
vt 0.65868 0.09883
vt 0.65868 0.09883
vt 0.65868 0.09883
vt 0.65868 0.09883
vt 0.65868 0.09883
vt 0.65868 0.09883
vt 0.65868 0.09883
vt 0.65868 0.09883
vt 0.65868 0.09883
vt 0.65868 0.09883
vt 0.65868 0.09883
vt 0.65868 0.09883
vt 0.65868 0.09883
vt 0.65868 0.09883
vt 0.65868 0.09883
vt 0.65868 0.09883
vt 0.65868 0.09883
vt 0.65868 0.09883
vt 0.65868 0.09883
vt 0.65868 0.09883
vt 0.65868 0.09883
vt 0.65868 0.09883
vt 0.65868 0.09883
vt 0.65868 0.09883
vt 0.65868 0.09883
vt 0.65868 0.09883
vt 0.65868 0.09883
vt 0.65868 0.09883
vt 0.65868 0.09883
vt 0.65868 0.09883
vt 0.65868 0.09883
vt 0.65868 0.09883
vt 0.65868 0.09883
vt 0.65868 0.09883
vt 0.65868 0.09883
vt 0.65868 0.09883
vt 0.65868 0.09883
vt 0.65868 0.09883
vt 0.65868 0.09883
vt 0.65868 0.09883
vt 0.65868 0.09883
vt 0.65868 0.09883
vt 0.65868 0.09883
vt 0.65868 0.09883
vt 0.65868 0.09883
vt 0.65868 0.09883
vt 0.65868 0.09883
vt 0.65868 0.09883
vt 0.65868 0.09883
vt 0.65868 0.09883
vt 0.65868 0.09883
vt 0.65868 0.09883
vt 0.65868 0.09883
vt 0.65868 0.09883
vt 0.65868 0.09883
vt 0.65868 0.09883
vt 0.65868 0.09883
vt 0.65868 0.09883
vt 0.65868 0.09883
vt 0.65868 0.09883
vt 0.65868 0.09883
vt 0.65868 0.09883
vt 0.65868 0.09883
vt 0.65868 0.09883
vt 0.65868 0.09883
vt 0.65868 0.09883
vt 0.65868 0.09883
vt 0.65868 0.09883
vt 0.65868 0.09883
vt 0.65868 0.09883
vt 0.65868 0.09883
vt 0.65868 0.09883
vt 0.65868 0.09883
vt 0.65868 0.09883
vt 0.65868 0.09883
vt 0.65868 0.09883
vt 0.65868 0.09883
vt 0.65868 0.09883
vt 0.65868 0.09883
vt 0.65868 0.09883
vt 0.65868 0.09883
vt 0.65868 0.09883
vt 0.65868 0.09883
vt 0.65868 0.09883
vt 0.65868 0.09883
vt 0.65868 0.09883
vt 0.65868 0.09883
vt 0.65868 0.09883
vt 0.65868 0.09883
vt 0.65868 0.09883
vt 0.65868 0.09883
vt 0.65868 0.09883
vt 0.65868 0.09883
vt 0.65868 0.09883
vt 0.65868 0.09883
vt 0.65868 0.09883
vt 0.65868 0.09883
vt 0.65868 0.09883
vt 0.65868 0.09883
vt 0.65868 0.09883
vt 0.65868 0.09883
vt 0.65868 0.09883
vt 0.65868 0.09883
vt 0.65868 0.09883
vt 0.65868 0.09883
vt 0.65868 0.09883
vt 0.65868 0.09883
vt 0.65868 0.09883
vt 0.65868 0.09883
vt 0.65868 0.09883
vt 0.65868 0.09883
vt 0.65868 0.09883
vt 0.65868 0.09883
vt 0.65868 0.09883
vt 0.65868 0.09883
vt 0.65868 0.09883
vt 0.65868 0.09883
vt 0.65868 0.09883
vt 0.65868 0.09883
vt 0.65868 0.09883
vt 0.65868 0.09883
vt 0.65868 0.09883
vt 0.65868 0.09883
vt 0.65868 0.09883
vt 0.65868 0.09883
vt 0.65868 0.09883
vt 0.65868 0.09883
vt 0.65868 0.09883
vt 0.65868 0.09883
vt 0.65868 0.09883
vt 0.65868 0.09883
vt 0.65868 0.09883
vt 0.65868 0.09883
vt 0.65868 0.09883
vt 0.65868 0.09883
vt 0.65868 0.09883
vt 0.65868 0.09883
vt 0.65868 0.09883
vt 0.65868 0.09883
vt 0.65868 0.09883
vt 0.65868 0.09883
vt 0.65868 0.09883
vt 0.65868 0.09883
vt 0.65868 0.09883
vt 0.65868 0.09883
vt 0.65868 0.09883
vt 0.65868 0.09883
vt 0.65868 0.09883
vt 0.65868 0.09883
vt 0.65868 0.09883
vt 0.65868 0.09883
vt 0.65868 0.09883
vt 0.65868 0.09883
vt 0.65868 0.09883
vt 0.65868 0.09883
vt 0.65868 0.09883
vt 0.65868 0.09883
vt 0.65868 0.09883
vt 0.65868 0.09883
vt 0.65868 0.09883
vt 0.65868 0.09883
vt 0.65868 0.09883
vt 0.65868 0.09883
vt 0.65868 0.09883
vt 0.65868 0.09883
vt 0.65868 0.09883
vt 0.65868 0.09883
vt 0.65868 0.09883
vt 0.65868 0.09883
vt 0.65868 0.09883
vt 0.65868 0.09883
vt 0.65868 0.09883
vt 0.65868 0.09883
vt 0.65868 0.09883
vt 0.65868 0.09883
vt 0.65868 0.09883
vt 0.65868 0.09883
vt 0.65868 0.09883
vt 0.65868 0.09883
vt 0.65868 0.09883
vt 0.65868 0.09883
vt 0.65868 0.09883
vt 0.65868 0.09883
vt 0.65868 0.09883
vt 0.65868 0.09883
vt 0.65868 0.09883
vt 0.65868 0.09883
vt 0.65868 0.09883
vt 0.65868 0.09883
vt 0.65868 0.09883
vt 0.65868 0.09883
vt 0.65868 0.09883
vt 0.65868 0.09883
vt 0.65868 0.09883
vt 0.65868 0.09883
vt 0.65868 0.09883
vt 0.65868 0.09883
vt 0.65868 0.09883
vt 0.65868 0.09883
vt 0.65868 0.09883
vt 0.65868 0.09883
vt 0.65868 0.09883
vt 0.65868 0.09883
vt 0.65868 0.09883
vt 0.65868 0.09883
vt 0.65868 0.09883
vt 0.65868 0.09883
vt 0.65868 0.09883
vt 0.65868 0.09883
vt 0.65868 0.09883
vt 0.65868 0.09883
vt 0.65868 0.09883
vt 0.65868 0.09883
vt 0.65868 0.09883
vt 0.65868 0.09883
vt 0.65868 0.09883
vt 0.65868 0.09883
vt 0.65868 0.09883
vt 0.65868 0.09883
vt 0.65868 0.09883
vt 0.65868 0.09883
vt 0.65868 0.09883
vt 0.65868 0.09883
vt 0.65868 0.09883
vt 0.65868 0.09883
vt 0.65868 0.09883
vt 0.65868 0.09883
vt 0.65868 0.09883
vt 0.65868 0.09883
vt 0.65868 0.09883
vt 0.65868 0.09883
vt 0.65868 0.09883
vt 0.65868 0.09883
vt 0.65868 0.09883
vt 0.65868 0.09883
vt 0.65868 0.09883
vt 0.65868 0.09883
vt 0.65868 0.09883
vt 0.65868 0.09883
vt 0.65868 0.09883
vt 0.65868 0.09883
vt 0.65868 0.09883
vt 0.65868 0.09883
vt 0.65868 0.09883
vt 0.65868 0.09883
vt 0.65868 0.09883
vt 0.65868 0.09883
vt 0.65868 0.09883
vt 0.65868 0.09883
vt 0.65868 0.09883
vt 0.65868 0.09883
vt 0.65868 0.09883
vt 0.65868 0.09883
vt 0.65868 0.09883
vt 0.65868 0.09883
vt 0.65868 0.09883
vt 0.65868 0.09883
vt 0.65868 0.09883
vt 0.65868 0.09883
vt 0.65868 0.09883
vt 0.65868 0.09883
vt 0.65868 0.09883
vt 0.65868 0.09883
vt 0.65868 0.09883
vt 0.65868 0.09883
vt 0.65868 0.09883
vt 0.65868 0.09883
vt 0.65868 0.09883
vt 0.65868 0.09883
vt 0.65868 0.09883
vt 0.65868 0.09883
vt 0.65868 0.09883
vt 0.65868 0.09883
vt 0.65868 0.09883
vt 0.65868 0.09883
vt 0.65868 0.09883
vt 0.65868 0.09883
vt 0.65868 0.09883
vt 0.65868 0.09883
vt 0.65868 0.09883
vt 0.65868 0.09883
vt 0.65868 0.09883
vt 0.65868 0.09883
vt 0.65868 0.09883
vt 0.65868 0.09883
vt 0.65868 0.09883
vt 0.65868 0.09883
vt 0.65868 0.09883
vt 0.65868 0.09883
vt 0.65868 0.09883
vt 0.65868 0.09883
vt 0.65868 0.09883
vt 0.65868 0.09883
vt 0.65868 0.09883
vt 0.65868 0.09883
vt 0.65868 0.09883
vt 0.65868 0.09883
vt 0.65868 0.09883
vt 0.65868 0.09883
vt 0.65868 0.09883
vt 0.65868 0.09883
vt 0.65868 0.09883
vt 0.65868 0.09883
vt 0.65868 0.09883
vt 0.65868 0.09883
vt 0.65868 0.09883
vt 0.65868 0.09883
vt 0.65868 0.09883
vt 0.65868 0.09883
vt 0.65868 0.09883
vt 0.65868 0.09883
vt 0.65868 0.09883
vt 0.65868 0.09883
vt 0.65868 0.09883
vt 0.65868 0.09883
vt 0.65868 0.09883
vt 0.65868 0.09883
vt 0.65868 0.09883
vt 0.65868 0.09883
vt 0.65868 0.09883
vt 0.65868 0.09883
vt 0.65868 0.09883
vt 0.65868 0.09883
vt 0.65868 0.09883
vt 0.65868 0.09883
vt 0.65868 0.09883
vt 0.65868 0.09883
vt 0.65868 0.09883
vt 0.65868 0.09883
vt 0.65868 0.09883
vt 0.65868 0.09883
vt 0.65868 0.09883
vt 0.65868 0.09883
vt 0.65868 0.09883
vt 0.65868 0.09883
vt 0.65868 0.09883
vt 0.65868 0.09883
vt 0.65868 0.09883
vt 0.65868 0.09883
vt 0.65868 0.09883
vt 0.65868 0.09883
vt 0.65868 0.09883
vt 0.65868 0.09883
vt 0.65868 0.09883
vt 0.65868 0.09883
vt 0.65868 0.09883
vt 0.65868 0.09883
vt 0.65868 0.09883
vt 0.65868 0.09883
vt 0.65868 0.09883
vt 0.65868 0.09883
vt 0.65868 0.09883
vt 0.65868 0.09883
vt 0.65868 0.09883
vt 0.65868 0.09883
vt 0.65868 0.09883
vt 0.65868 0.09883
vt 0.65868 0.09883
vt 0.65868 0.09883
vt 0.65868 0.09883
vt 0.65868 0.09883
vt 0.65868 0.09883
vt 0.65868 0.09883
vt 0.65868 0.09883
vt 0.65868 0.09883
vt 0.65868 0.09883
vt 0.65868 0.09883
vt 0.65868 0.09883
vt 0.65868 0.09883
vt 0.65868 0.09883
vt 0.65868 0.09883
vt 0.65868 0.09883
vt 0.65868 0.09883
vt 0.65868 0.09883
vt 0.65868 0.09883
vt 0.65868 0.09883
vt 0.65868 0.09883
vt 0.65868 0.09883
vt 0.65868 0.09883
vt 0.65868 0.09883
vt 0.65868 0.09883
vt 0.65868 0.09883
vt 0.65868 0.09883
vt 0.65868 0.09883
vt 0.65868 0.09883
vt 0.65868 0.09883
vt 0.65868 0.09883
vt 0.65868 0.09883
vt 0.65868 0.09883
vt 0.65868 0.09883
vt 0.65868 0.09883
vt 0.65868 0.09883
vt 0.65868 0.09883
vt 0.65868 0.09883
vt 0.65868 0.09883
vt 0.65868 0.09883
vt 0.65868 0.09883
vt 0.65868 0.09883
vt 0.65868 0.09883
vt 0.65868 0.09883
vt 0.65868 0.09883
vt 0.65868 0.09883
vt 0.65868 0.09883
vt 0.65868 0.09883
vt 0.65868 0.09883
vt 0.65868 0.09883
vn -1.000 0.000 0.000
vn 1.000 0.000 -0.000
vn 0.000 -1.000 0.000
vn -0.000 0.000 -1.000
vn 0.000 1.000 0.000
vn 0.000 0.000 1.000
vn 0.669 -0.743 -0.000
vn 0.669 0.000 -0.743
vn 0.669 0.743 -0.000
vn 0.669 0.000 0.743
vn -0.669 -0.743 0.000
vn -0.669 0.000 -0.743
vn -0.669 0.743 0.000
vn -0.669 0.000 0.743
vn -0.669 0.000 -0.743
vn 1.000 0.000 -0.000
vn 0.000 0.000 1.000
vn -1.000 -0.000 0.000
vn -0.000 0.000 -1.000
vn 0.000 -0.707 0.707
vn -0.000 0.707 -0.707
vn 0.000 -1.000 0.000
vn -0.000 -0.707 -0.707
vn 0.000 0.707 0.707
vn 0.000 1.000 0.000
vn 0.626 0.000 -0.780
vn 0.626 0.551 -0.551
vn 0.626 0.780 -0.000
vn 0.626 0.551 0.551
vn 0.626 0.000 0.780
vn 0.626 -0.551 0.551
vn 0.626 -0.780 -0.000
vn 0.626 -0.551 -0.551
vn -0.626 -0.000 0.780
vn -0.626 -0.551 0.551
vn -0.626 -0.780 0.000
vn -0.626 -0.551 -0.551
vn -0.626 0.000 -0.780
vn -0.626 0.551 -0.551
vn -0.626 0.780 0.000
vn -0.626 0.551 0.551
vn -0.626 -0.551 -0.551
vn -0.626 -0.551 0.551
vn -0.626 0.551 0.551
vn -0.626 0.551 -0.551
vn 0.626 -0.551 -0.551
vn 0.626 -0.551 0.551
vn -0.626 -0.551 0.551
vn -0.626 -0.551 -0.551
vn -0.626 0.551 0.551
vn 0.626 0.551 -0.551
vn 0.626 -0.551 -0.551
vn 0.626 0.000 -0.780
vn 0.626 -0.551 0.551
vn 0.626 0.551 0.551
vn 0.626 0.551 -0.551
vn 0.626 -0.551 -0.551
vn -0.626 0.551 -0.551
vn 0.707 -0.707 -0.000
vn -0.707 0.707 0.000
vn 0.707 0.707 -0.000
vn -0.707 -0.707 0.000
vn 0.000 0.780 0.626
vn -0.551 0.551 0.626
vn -0.779 0.000 0.626
vn -0.551 -0.551 0.626
vn 0.000 -0.780 0.626
vn 0.551 -0.551 0.626
vn 0.780 0.000 0.626
vn 0.551 0.551 0.626
vn -0.551 -0.551 0.626
vn -0.780 0.000 0.626
vn -0.551 0.551 0.626
vn 0.551 0.551 0.626
vn 0.779 0.000 0.626
vn -0.000 -0.780 -0.626
vn 0.551 -0.551 -0.626
vn 0.779 0.000 -0.626
vn 0.551 0.551 -0.626
vn -0.000 0.780 -0.626
vn -0.551 0.551 -0.626
vn -0.780 0.000 -0.626
vn -0.551 -0.551 -0.626
vn 0.551 -0.551 -0.626
vn -0.551 -0.551 -0.626
vn -0.551 0.551 -0.626
vn -0.551 0.551 0.626
vn -0.779 0.000 0.626
vn -0.551 -0.551 0.626
vn 0.780 0.000 -0.626
vn 0.551 0.551 -0.626
vn 0.551 0.551 -0.626
vn 0.551 -0.551 -0.626
vn -0.551 -0.551 -0.626
vn -0.779 0.000 -0.626
vn -0.551 0.551 -0.626
vn -0.551 0.551 0.626
vn 0.551 -0.551 0.626
vn -0.780 0.000 -0.626
vn -0.551 -0.551 -0.626
vn -0.551 0.551 -0.626
vn 0.551 0.551 0.626
vn 0.551 0.551 0.626
vn -0.184 0.566 0.804
vn -0.481 0.349 0.804
vn -0.595 0.000 0.804
vn -0.481 -0.349 0.804
vn -0.184 -0.566 0.804
vn 0.184 -0.566 0.804
vn 0.481 -0.349 0.804
vn 0.595 0.000 0.804
vn 0.481 0.349 0.804
vn 0.184 0.566 0.804
vn -0.299 0.920 0.255
vn -0.782 0.568 0.255
vn -0.967 0.000 0.255
vn -0.782 -0.568 0.255
vn -0.299 -0.920 0.255
vn 0.299 -0.920 0.255
vn 0.782 -0.568 0.255
vn 0.967 0.000 0.255
vn 0.782 0.568 0.255
vn 0.299 0.920 0.255
vn -0.309 0.951 0.000
vn -0.809 0.588 0.000
vn -1.000 0.000 0.000
vn -0.809 -0.588 0.000
vn -0.309 -0.951 0.000
vn 0.309 -0.951 -0.000
vn 0.809 -0.588 -0.000
vn 1.000 0.000 -0.000
vn 0.809 0.588 -0.000
vn 0.309 0.951 -0.000
vn -0.299 0.920 -0.255
vn -0.782 0.568 -0.255
vn -0.967 0.000 -0.255
vn -0.782 -0.568 -0.255
vn -0.299 -0.920 -0.255
vn 0.299 -0.920 -0.255
vn 0.782 -0.568 -0.255
vn 0.967 0.000 -0.255
vn 0.782 0.568 -0.255
vn 0.299 0.920 -0.255
vn -0.166 0.512 -0.843
vn -0.436 0.316 -0.843
vn -0.538 0.000 -0.843
vn -0.436 -0.316 -0.843
vn -0.166 -0.512 -0.843
vn 0.166 -0.512 -0.843
vn 0.435 -0.316 -0.843
vn 0.538 0.000 -0.843
vn 0.435 0.316 -0.843
vn 0.166 0.512 -0.843
vn 0.000 0.000 1.000
vn -0.000 -0.000 -1.000
vn -0.000 0.000 -1.000
vn -0.538 0.000 -0.843
vn 0.538 0.000 -0.843
vn 0.804 0.595 -0.000
vn 0.804 0.481 0.349
vn 0.804 0.184 0.566
vn 0.804 -0.184 0.566
vn 0.804 -0.481 0.349
vn 0.804 -0.595 -0.000
vn 0.804 -0.481 -0.350
vn 0.804 -0.184 -0.566
vn 0.804 0.184 -0.566
vn 0.804 0.481 -0.350
vn 0.255 0.967 -0.000
vn 0.255 0.782 0.568
vn 0.255 0.299 0.920
vn 0.255 -0.299 0.920
vn 0.255 -0.782 0.568
vn 0.255 -0.967 -0.000
vn 0.255 -0.782 -0.568
vn 0.255 -0.299 -0.920
vn 0.255 0.299 -0.920
vn 0.255 0.782 -0.568
vn 0.000 1.000 0.000
vn 0.000 0.809 0.588
vn 0.000 0.309 0.951
vn 0.000 -0.309 0.951
vn 0.000 -0.809 0.588
vn 0.000 -1.000 0.000
vn -0.000 -0.809 -0.588
vn -0.000 -0.309 -0.951
vn -0.000 0.309 -0.951
vn -0.000 0.809 -0.588
vn -0.255 0.967 0.000
vn -0.255 0.782 0.568
vn -0.255 0.299 0.920
vn -0.255 -0.299 0.920
vn -0.255 -0.782 0.568
vn -0.255 -0.967 0.000
vn -0.255 -0.782 -0.568
vn -0.255 -0.299 -0.920
vn -0.255 0.299 -0.920
vn -0.255 0.782 -0.568
vn -0.843 0.538 0.000
vn -0.843 0.538 0.000
vn -0.843 0.435 0.316
vn -0.843 0.166 0.512
vn -0.843 -0.166 0.512
vn -0.843 -0.435 0.316
vn -0.843 -0.538 0.000
vn -0.843 -0.435 -0.316
vn -0.843 -0.166 -0.512
vn -0.843 0.166 -0.512
vn -0.843 0.435 -0.316
vn 1.000 0.000 -0.000
vn -1.000 0.000 -0.000
vn -0.843 -0.538 0.000
vn -1.000 0.000 0.000
vn -0.843 0.435 0.316
vn 0.804 0.184 0.566
vn 1.000 0.000 -0.000
vn 0.000 0.099 0.995
vn -1.000 0.000 0.000
vn -0.000 -0.110 -0.994
vn 0.000 1.000 -0.000
vn -0.000 0.000 -1.000
vn 0.000 0.000 1.000
vn 0.674 0.739 -0.000
vn -0.000 0.739 -0.674
vn -0.674 0.739 0.000
vn 0.000 0.739 0.674
vn 0.739 0.000 -0.674
vn 0.739 0.674 -0.000
vn 0.739 -0.000 0.674
vn -0.739 0.000 0.674
vn -0.739 0.674 0.000
vn -0.739 0.000 -0.674
vn -0.000 -0.841 -0.540
vn -0.841 0.000 -0.540
vn -0.000 0.841 -0.540
vn 0.841 -0.000 -0.540
vn -0.841 0.000 -0.540
vn -0.000 -0.674 -0.739
vn -0.674 0.000 -0.739
vn -0.000 0.674 -0.739
vn -0.000 0.674 -0.739
vn 0.674 0.000 -0.739
vn -0.000 -0.674 -0.739
vn -0.674 0.000 -0.739
vn 0.674 0.000 -0.739
vn 1.000 -0.000 -0.000
vn -1.000 0.000 0.000
vn -0.000 -1.000 0.000
vn 1.000 0.000 -0.000
vn -1.000 0.000 0.000
vn 0.739 -0.674 -0.000
vn -0.739 -0.674 0.000
vn 0.480 -0.877 -0.000
vn 0.480 0.000 -0.877
vn 0.480 0.877 -0.000
vn 0.480 0.000 0.877
vn -0.480 -0.877 0.000
vn -0.480 0.000 0.877
vn -0.480 0.877 0.000
vn -0.480 0.000 -0.877
vn 0.000 0.087 0.996
vn -0.188 -0.978 0.086
vn -0.000 -0.087 -0.996
vn 0.188 0.978 -0.086
vn 0.982 -0.188 0.016
vn -0.982 0.188 -0.016
vn 0.114 -0.990 0.087
vn -0.114 0.990 -0.087
vn 0.994 0.114 -0.010
vn -0.994 -0.114 0.010
vn -0.043 0.458 0.888
vn -0.379 0.037 0.924
vn 0.044 -0.297 0.954
vn 0.379 0.124 0.917
vn 0.000 0.030 1.000
vn 0.000 1.000 0.000
vn 0.000 -0.030 -1.000
vn 0.000 -1.000 0.000
vn -0.053 0.113 0.992
vn 0.994 0.013 0.112
vn 0.053 -0.113 -0.992
vn -0.994 -0.013 -0.112
vn 0.000 0.195 0.981
vn 0.000 -0.975 0.225
vn 0.000 -0.195 -0.981
vn -0.000 0.975 -0.225
vn 1.000 0.000 -0.000
vn 0.002 -0.606 0.795
vn -0.709 0.080 0.701
vn 0.002 0.769 0.639
vn 0.811 0.570 -0.131
vn -0.002 0.361 -0.933
vn -0.438 -0.102 -0.893
vn -0.002 -0.561 -0.828
vn 0.811 -0.585 -0.000
vn -0.002 0.562 0.827
vn 0.811 0.585 -0.000
vn 0.002 0.605 -0.796
vn 0.709 -0.080 -0.701
vn 0.002 -0.769 -0.640
vn 0.811 -0.570 0.131
vn -0.002 -0.362 0.932
vn 0.438 0.102 0.893
vn 0.000 0.110 0.994
vn 0.000 -0.994 0.110
vn -1.000 0.000 0.000
vn -0.000 0.994 -0.110
vn 0.000 -0.638 0.770
vn -0.719 0.076 0.691
vn 0.000 0.791 0.612
vn 0.719 0.076 0.691
vn -0.000 -0.110 -0.994
vn -0.000 0.030 1.000
vn -0.000 -0.030 -1.000
vn 0.053 0.113 0.992
vn -0.994 0.013 0.112
vn -0.053 -0.113 -0.992
vn 0.994 -0.013 -0.112
vn -0.000 0.195 0.981
vn -0.000 -0.195 -0.981
vn -0.001 -0.606 0.795
vn 0.709 0.080 0.701
vn -0.001 0.769 0.639
vn -0.811 0.570 -0.131
vn 0.002 0.361 -0.933
vn 0.438 -0.102 -0.893
vn 0.002 -0.561 -0.828
vn -0.811 -0.585 0.000
vn 0.002 0.562 0.827
vn -0.811 0.585 0.000
vn -0.002 0.605 -0.796
vn -0.709 -0.080 -0.701
vn -0.002 -0.769 -0.640
vn -0.811 -0.570 0.131
vn 0.002 -0.362 0.932
vn -0.438 0.102 0.893
vn 1.000 -0.000 -0.000
vn -0.000 0.000 -1.000
vn -1.000 0.000 0.000
vn 0.000 0.000 1.000
vn 0.000 1.000 -0.000
vn 0.000 -1.000 0.000
vn 0.776 -0.000 0.630
vn 0.000 0.776 0.630
vn -0.776 0.000 0.630
vn 0.000 -0.776 0.630
vn 0.671 -0.000 0.742
vn 0.671 -0.742 -0.000
vn -0.000 -0.742 -0.671
vn -0.671 -0.742 0.000
vn -0.671 0.000 0.742
vn 0.000 0.671 0.742
vn 0.671 -0.000 -0.742
vn -0.000 0.671 -0.742
vn -0.671 0.000 -0.742
vn -0.671 0.742 0.000
vn -0.000 0.742 -0.671
vn 0.671 0.742 -0.000
vn -0.000 0.500 -0.866
vn -0.000 0.766 -0.643
vn -0.000 0.940 -0.342
vn 0.000 1.000 0.000
vn 0.000 0.940 0.342
vn 0.000 0.766 0.643
vn 0.000 0.500 0.866
vn 0.000 0.174 0.985
vn -1.000 0.000 0.000
vn 1.000 0.000 -0.000
vn -0.000 -0.174 -0.985
vn -0.000 -0.500 -0.866
vn -0.000 -0.766 -0.643
vn -0.000 -0.940 -0.342
vn -0.000 -1.000 0.000
vn 0.000 -0.940 0.342
vn 0.000 -0.766 0.643
vn 0.000 -0.500 0.866
vn 0.000 0.000 1.000
vn -0.000 0.000 -1.000
vn -0.923 -0.193 0.334
vn -0.923 -0.193 0.334
vn -0.923 -0.295 0.248
vn -0.923 -0.295 0.248
vn -0.923 -0.295 0.248
vn -0.923 -0.362 0.132
vn -0.923 -0.362 0.132
vn -0.923 -0.385 0.000
vn -0.923 -0.362 -0.132
vn -0.923 -0.362 -0.132
vn -0.923 -0.295 -0.248
vn -0.923 -0.193 -0.334
vn -0.923 -0.193 -0.333
vn -0.923 -0.067 -0.379
vn -0.923 0.000 -0.385
vn -0.923 0.000 -0.385
vn -0.923 0.000 0.385
vn -0.923 0.000 0.385
vn -0.923 0.067 0.379
vn -0.923 0.067 0.379
vn -0.923 0.193 0.334
vn -0.923 0.295 0.248
vn -0.923 0.362 0.132
vn -0.923 0.385 0.000
vn -0.923 0.362 -0.132
vn -0.923 0.362 -0.132
vn -0.923 0.295 -0.248
vn -0.923 0.193 -0.333
vn -0.923 0.193 -0.334
vn 0.923 0.193 -0.334
vn 0.923 0.295 -0.248
vn 0.923 0.362 -0.132
vn 0.923 0.362 -0.132
vn 0.923 0.385 -0.000
vn 0.923 0.362 0.132
vn 0.923 0.362 0.132
vn 0.923 0.295 0.248
vn 0.923 0.193 0.334
vn 0.923 0.067 0.379
vn 0.923 0.000 0.385
vn 0.923 -0.385 -0.000
vn 0.923 0.000 -0.385
vn 0.923 -0.067 -0.379
vn 0.923 -0.067 -0.379
vn 0.923 -0.193 -0.334
vn 0.923 -0.295 -0.248
vn 0.923 -0.295 -0.248
vn 0.923 -0.295 -0.248
vn 0.923 -0.362 -0.132
vn 0.923 -0.362 -0.132
vn 0.923 -0.362 0.132
vn 0.923 -0.295 0.248
vn 0.923 -0.295 0.248
vn 0.923 -0.295 0.247
vn 0.923 -0.193 0.334
vn 0.923 -0.193 0.334
vn -0.923 -0.295 0.248
vn -0.923 -0.362 0.132
vn -0.923 -0.362 -0.132
vn -0.923 -0.067 -0.379
vn -0.923 0.295 0.248
vn -0.923 0.295 0.248
vn -0.923 0.295 0.248
vn -0.923 0.362 0.132
vn -0.923 0.295 -0.247
vn -0.923 0.295 -0.248
vn 0.923 0.193 -0.334
vn 0.923 0.193 -0.334
vn 0.923 0.362 -0.132
vn 0.923 0.362 0.132
vn 0.923 0.362 0.132
vn 0.923 0.067 0.379
vn 0.923 0.000 0.385
vn 0.923 0.000 0.385
vn 0.923 0.000 -0.385
vn 0.923 -0.193 -0.334
vn 0.923 -0.295 -0.248
vn 0.923 -0.362 -0.132
vn 0.923 -0.362 0.132
vn 0.923 -0.193 0.333
vn -0.000 -0.940 -0.342
vn 0.000 0.710 0.704
vn -0.000 -0.710 -0.704
vn -0.000 0.705 -0.709
vn 0.000 -0.705 0.709
vn 0.000 -0.704 0.710
vn -0.000 -0.709 -0.705
vn 0.464 -0.629 -0.623
vn 0.464 -0.629 -0.623
vn 0.465 -0.886 -0.000
vn 0.465 -0.625 0.628
vn 0.465 -0.625 0.628
vn 0.000 -0.954 0.300
vn -0.464 -0.625 0.628
vn -0.465 -0.886 0.000
vn -0.465 -0.629 -0.623
vn -0.465 -0.629 -0.623
vn -0.000 -0.956 -0.293
vn -0.000 -0.956 -0.293
vn 0.464 0.629 0.623
vn 0.465 0.629 0.623
vn 0.000 0.302 0.953
vn -0.464 0.629 0.623
vn -0.464 0.629 0.623
vn -0.465 0.886 0.000
vn -0.465 0.625 -0.628
vn -0.465 0.625 -0.628
vn -0.000 0.295 -0.956
vn -0.000 0.295 -0.955
vn 0.464 0.624 -0.628
vn 0.464 0.625 -0.628
vn 0.465 0.886 -0.000
vn 0.464 -0.629 -0.623
vn -0.464 -0.624 0.628
vn 0.464 0.629 0.623
vn 0.000 0.302 0.953
vn -0.464 0.629 0.623
vn -0.000 -0.785 -0.620
vn -0.000 -0.785 -0.620
vn -0.000 1.000 -0.001
vn -0.000 -0.245 -0.969
vn 0.000 0.625 0.781
vn -0.000 1.000 -0.001
vn -0.857 0.000 0.515
vn -0.857 0.000 0.515
vn -0.857 0.515 0.000
vn -0.857 0.000 -0.515
vn -0.857 -0.515 0.000
vn 0.857 0.000 -0.515
vn 0.857 0.515 -0.000
vn 0.857 0.000 0.515
vn 0.857 -0.515 -0.000
vn 0.000 -0.857 0.515
vn 0.000 -0.857 0.515
vn -0.515 -0.857 0.000
vn -0.515 -0.210 -0.831
vn -0.515 -0.210 -0.831
vn -0.000 0.289 -0.957
vn -0.000 0.289 -0.957
vn 0.515 -0.210 -0.831
vn 0.515 -0.210 -0.831
vn 0.515 -0.857 -0.000
vn -0.484 -0.687 -0.543
vn -0.484 -0.687 -0.542
vn -0.484 0.000 -0.875
vn -0.484 0.000 -0.875
vn -0.000 0.484 -0.875
vn -0.000 0.484 -0.875
vn 0.484 0.000 -0.875
vn 0.484 0.000 -0.875
vn 0.484 -0.687 -0.543
vn 0.484 -0.687 -0.542
vn 0.484 -0.687 -0.542
vn -0.000 -0.987 -0.163
vn -0.000 -0.484 -0.875
vn -0.000 -0.484 -0.875
vn -0.484 0.000 -0.875
vn 0.000 -0.528 0.849
vn 0.816 -0.306 0.491
vn 0.816 -0.306 0.491
vn 0.816 -0.579 -0.000
vn 0.816 0.000 -0.579
vn 0.816 0.000 -0.579
vn 0.816 0.579 -0.000
vn 0.816 0.579 -0.000
vn -0.816 -0.306 0.491
vn -0.816 -0.306 0.491
vn -0.816 0.579 0.000
vn -0.816 0.000 -0.579
vn -0.816 0.000 -0.579
vn -0.816 -0.579 0.000
vn 1.000 0.000 -0.000
vn 1.000 -0.000 0.000
vn -0.000 0.243 -0.970
vn -0.000 0.486 -0.874
vn -0.000 0.696 -0.718
vn -0.000 0.858 -0.514
vn -0.000 0.962 -0.274
vn -0.000 0.962 -0.274
vn -0.000 1.000 -0.016
vn 0.000 0.970 0.243
vn 0.000 0.874 0.486
vn 0.000 0.718 0.696
vn 0.000 0.514 0.858
vn 0.000 0.274 0.962
vn 0.000 0.274 0.962
vn 0.000 0.016 1.000
vn 0.000 -0.243 0.970
vn 0.000 -0.486 0.874
vn 0.000 -0.696 0.718
vn 0.000 -0.858 0.514
vn 0.000 -0.962 0.274
vn 0.000 -1.000 0.016
vn -0.000 -0.970 -0.243
vn -0.000 -0.874 -0.486
vn -0.000 -0.718 -0.696
vn -0.000 -0.514 -0.858
vn -0.000 -0.274 -0.962
vn -0.000 -0.274 -0.962
vn -0.000 -0.016 -1.000
vn -0.590 0.197 -0.783
vn -0.590 0.393 -0.706
vn -0.590 0.562 -0.580
vn -0.590 0.562 -0.580
vn -0.590 0.693 -0.415
vn -0.590 0.776 -0.221
vn -0.590 0.776 -0.221
vn -0.590 0.807 -0.013
vn -0.590 0.783 0.197
vn -0.590 0.706 0.393
vn -0.590 0.580 0.562
vn -0.590 0.580 0.562
vn -0.590 0.415 0.693
vn -0.590 0.221 0.776
vn -0.590 0.013 0.807
vn -0.590 -0.197 0.783
vn -0.590 -0.393 0.706
vn -0.590 -0.562 0.580
vn -0.590 -0.562 0.580
vn -0.590 -0.693 0.415
vn -0.590 -0.776 0.221
vn -0.590 -0.807 0.013
vn -0.590 -0.783 -0.196
vn -0.590 -0.706 -0.392
vn -0.590 -0.580 -0.562
vn -0.590 -0.580 -0.562
vn -0.590 -0.415 -0.693
vn -0.590 -0.221 -0.776
vn -0.590 -0.013 -0.807
vn -1.000 -0.000 0.000
vn -0.519 -0.208 0.829
vn -0.519 -0.416 0.747
vn -0.519 -0.595 0.614
vn -0.519 -0.734 0.439
vn -0.519 -0.822 0.235
vn -0.519 -0.855 0.014
vn -0.519 -0.829 -0.208
vn -0.519 -0.747 -0.416
vn -0.519 -0.614 -0.595
vn -0.519 -0.439 -0.734
vn -0.519 -0.234 -0.822
vn -0.519 -0.014 -0.855
vn -0.519 0.208 -0.829
vn -0.519 0.208 -0.829
vn -0.519 0.416 -0.747
vn -0.519 0.595 -0.614
vn -0.519 0.734 -0.439
vn -0.519 0.822 -0.234
vn -0.519 0.855 -0.014
vn -0.519 0.829 0.208
vn -0.519 0.747 0.416
vn -0.519 0.614 0.595
vn -0.519 0.439 0.734
vn -0.519 0.234 0.822
vn -0.519 0.014 0.855
vn 0.547 0.204 -0.812
vn 0.547 0.204 -0.812
vn -0.000 0.734 -0.679
vn -0.547 0.204 -0.812
vn -0.547 0.204 -0.812
vn -0.000 -0.327 -0.945
vn -0.000 -0.327 -0.945
vn 0.547 0.582 -0.601
vn 0.547 0.582 -0.601
vn -0.000 0.975 -0.221
vn -0.547 0.582 -0.601
vn -0.547 0.582 -0.601
vn -0.000 0.190 -0.982
vn -0.000 0.189 -0.982
vn 0.547 0.805 -0.230
vn 0.000 0.955 0.296
vn -0.547 0.805 -0.230
vn -0.000 0.655 -0.756
vn 0.547 0.812 0.204
vn 0.547 0.812 0.204
vn 0.000 0.679 0.734
vn -0.547 0.812 0.204
vn -0.547 0.812 0.204
vn -0.000 0.945 -0.327
vn -0.000 0.945 -0.327
vn 0.547 0.601 0.582
vn 0.547 0.601 0.582
vn 0.000 0.221 0.975
vn -0.547 0.601 0.582
vn 0.000 0.982 0.189
vn 0.547 0.230 0.805
vn 0.547 0.230 0.805
vn 0.000 -0.296 0.955
vn -0.547 0.230 0.805
vn 0.000 0.756 0.655
vn 0.547 -0.204 0.812
vn 0.547 -0.204 0.812
vn 0.000 -0.734 0.679
vn -0.547 -0.204 0.812
vn 0.000 0.327 0.945
vn 0.000 0.327 0.945
vn 0.547 -0.582 0.601
vn 0.000 -0.975 0.221
vn 0.000 -0.975 0.221
vn -0.547 -0.582 0.601
vn -0.547 -0.582 0.601
vn -0.547 -0.582 0.601
vn 0.000 -0.189 0.982
vn 0.547 -0.805 0.230
vn 0.547 -0.805 0.229
vn -0.000 -0.955 -0.296
vn -0.547 -0.805 0.230
vn 0.000 -0.655 0.756
vn 0.000 -0.655 0.756
vn 0.547 -0.812 -0.204
vn 0.547 -0.812 -0.204
vn -0.000 -0.679 -0.734
vn -0.000 -0.679 -0.734
vn -0.547 -0.812 -0.204
vn -0.547 -0.812 -0.204
vn -0.547 -0.812 -0.204
vn 0.000 -0.945 0.327
vn 0.547 -0.601 -0.582
vn 0.547 -0.601 -0.582
vn -0.000 -0.221 -0.975
vn -0.547 -0.601 -0.582
vn -0.000 -0.982 -0.189
vn 0.547 -0.230 -0.805
vn -0.000 0.297 -0.955
vn -0.000 0.296 -0.955
vn -0.547 -0.230 -0.805
vn -0.000 -0.756 -0.655
vn 0.000 -0.486 0.874
vn -1.000 0.000 0.000
vn 0.590 0.197 -0.783
vn 0.590 0.393 -0.706
vn 0.590 0.562 -0.580
vn 0.590 0.562 -0.580
vn 0.590 0.693 -0.415
vn 0.590 0.776 -0.221
vn 0.590 0.807 -0.013
vn 0.590 0.783 0.196
vn 0.590 0.706 0.392
vn 0.590 0.580 0.562
vn 0.590 0.415 0.693
vn 0.590 0.221 0.776
vn 0.590 0.222 0.776
vn 0.590 0.013 0.807
vn 0.590 -0.197 0.783
vn 0.590 -0.393 0.706
vn 0.590 -0.562 0.580
vn 0.590 -0.693 0.415
vn 0.590 -0.776 0.221
vn 0.590 -0.807 0.013
vn 0.590 -0.783 -0.197
vn 0.590 -0.706 -0.393
vn 0.590 -0.580 -0.562
vn 0.590 -0.580 -0.562
vn 0.590 -0.415 -0.693
vn 0.590 -0.221 -0.776
vn 0.590 -0.013 -0.807
vn 0.590 -0.013 -0.807
vn 0.519 -0.208 0.829
vn 0.519 -0.208 0.829
vn 0.519 -0.416 0.747
vn 0.519 -0.595 0.614
vn 0.519 -0.734 0.439
vn 0.519 -0.822 0.234
vn 0.519 -0.855 0.014
vn 0.519 -0.829 -0.208
vn 0.519 -0.747 -0.416
vn 0.519 -0.614 -0.595
vn 0.519 -0.614 -0.595
vn 0.519 -0.439 -0.734
vn 0.519 -0.234 -0.822
vn 0.519 -0.014 -0.855
vn 0.519 -0.014 -0.855
vn 0.519 0.208 -0.829
vn 0.519 0.416 -0.747
vn 0.519 0.595 -0.614
vn 0.519 0.734 -0.439
vn 0.519 0.822 -0.235
vn 0.519 0.855 -0.014
vn 0.519 0.829 0.208
vn 0.519 0.747 0.416
vn 0.519 0.614 0.595
vn 0.519 0.439 0.734
vn 0.519 0.234 0.822
vn 0.519 0.014 0.855
vn -0.547 0.204 -0.812
vn 0.547 0.204 -0.812
vn -0.547 0.582 -0.601
vn -0.547 0.805 -0.230
vn 0.547 0.812 0.204
vn -0.547 0.601 0.582
vn -0.547 0.601 0.582
vn 0.000 0.221 0.975
vn -0.547 0.230 0.805
vn 0.000 -0.296 0.955
vn 0.000 0.756 0.655
vn 0.000 0.756 0.655
vn -0.547 -0.204 0.812
vn -0.547 -0.204 0.812
vn -0.547 -0.582 0.601
vn 0.547 -0.582 0.601
vn 0.547 -0.582 0.601
vn 0.000 -0.190 0.982
vn -0.547 -0.805 0.230
vn 0.547 -0.805 0.230
vn 0.000 -0.655 0.756
vn -0.000 -0.679 -0.734
vn -0.547 -0.601 -0.582
vn -0.547 -0.601 -0.582
vn -0.000 -0.221 -0.975
vn -0.547 -0.230 -0.805
vn 0.547 -0.230 -0.805
vn 0.547 -0.230 -0.805
vn -0.000 -0.756 -0.655
vn -1.000 -0.000 -0.000
vn 0.000 -0.962 0.274
vn -0.590 0.222 0.776
vn -0.590 -0.393 0.706
vn -0.590 -0.580 -0.562
vn -0.590 -0.222 -0.776
vn -0.519 -0.829 -0.208
vn -0.519 0.829 0.208
vn 0.547 0.582 -0.601
vn -0.000 0.189 -0.982
vn -0.000 0.655 -0.756
vn 0.000 0.679 0.734
vn -0.547 0.812 0.204
vn 0.000 -0.734 0.679
vn 0.547 -0.582 0.601
vn 0.547 -0.812 -0.204
vn 0.000 -0.945 0.327
vn 0.000 -0.945 0.327
vn 0.547 -0.601 -0.582
vn 0.547 -0.230 -0.805
vn -0.000 0.296 -0.955
vn -0.000 0.296 -0.955
vn -0.000 -0.756 -0.655
vn 0.590 0.415 0.693
vn 0.590 -0.393 0.706
vn 0.590 -0.562 0.580
vn 0.590 -0.776 0.221
vn 0.519 0.208 -0.829
vn -0.000 0.975 -0.221
vn 0.547 0.601 0.582
vn 0.000 -0.297 0.955
vn 0.547 -0.204 0.812
vn 0.000 0.327 0.945
vn -0.000 -0.221 -0.975
vn -0.590 -0.776 0.222
vn 0.547 0.582 -0.601
vn 0.000 0.327 0.945
vn -0.547 -0.582 0.601
vn 0.547 -0.601 -0.582
vn 0.590 0.393 -0.706
vn 0.590 0.580 0.562
vn 0.519 -0.829 -0.208
vn 0.519 0.829 0.208
vn 0.547 0.805 -0.230
vn -0.547 0.601 0.582
vn -0.000 0.000 -1.000
vn 0.000 0.000 1.000
vn 0.000 -1.000 0.000
vn -1.000 0.000 0.000
vn 0.000 1.000 0.000
vn 1.000 0.000 -0.000
vn -0.659 -0.752 0.000
vn 0.689 -0.725 -0.000
vn -0.559 0.829 0.000
vn 0.590 0.807 -0.000
vn 0.558 -0.600 0.573
vn 0.565 -0.586 0.581
vn 0.560 -0.589 0.582
vn 0.560 -0.598 0.573
vn 0.000 -0.816 0.579
vn -0.543 -0.619 0.567
vn -0.522 -0.616 0.590
vn -0.816 0.000 0.579
vn -0.447 0.663 0.601
vn -0.437 0.731 0.524
vn 0.000 0.816 0.579
vn 0.494 0.675 0.548
vn 0.440 0.666 0.602
vn 0.816 0.000 0.579
vn 0.659 -0.752 -0.000
vn -0.689 -0.725 0.000
vn 0.559 0.829 -0.000
vn -0.590 0.807 0.000
vn -0.558 -0.600 0.573
vn -0.565 -0.586 0.581
vn -0.560 -0.598 0.573
vn -0.560 -0.589 0.582
vn 0.522 -0.616 0.590
vn 0.543 -0.620 0.567
vn 0.437 0.731 0.524
vn 0.447 0.663 0.601
vn -0.440 0.666 0.602
vn -0.493 0.675 0.548
vn -0.816 -0.000 0.579
vn -0.564 -0.586 0.581
vn 0.543 -0.619 0.567
vn 0.437 0.731 0.524
vn 0.447 0.663 0.601
vn -0.493 0.675 0.548
vn 0.522 -0.616 0.590
vn 0.816 0.000 0.578
vn 0.447 0.663 0.601
vn -0.440 0.666 0.602
vn -0.559 0.829 0.000
vn 0.560 -0.598 0.573
vn -0.543 -0.619 0.567
vn -0.522 -0.616 0.590
vn 0.494 0.675 0.548
vn 0.440 0.666 0.602
vn 0.816 0.000 0.579
vn -0.437 0.731 0.524
vn 0.707 -0.707 -0.000
vn -0.707 -0.707 0.000
vn 0.707 0.707 -0.000
vn -0.707 0.707 0.000
vn -0.577 -0.577 0.579
vn -0.577 -0.577 0.579
vn 0.577 -0.577 0.579
vn 0.577 0.577 0.579
vn -0.577 0.577 0.579
vn 0.816 0.000 0.579
vn 0.000 -0.752 0.659
vn 0.752 0.000 0.659
vn 0.000 0.752 0.659
vn -0.752 0.000 0.659
vn -0.752 0.000 0.659
vn 0.000 0.851 0.526
vn -0.851 -0.000 0.526
vn 0.000 -0.851 0.526
vn 0.851 -0.000 0.526
vn 0.000 -0.707 0.707
vn 0.707 -0.000 0.707
vn 0.707 -0.000 0.707
vn 0.000 0.707 0.707
vn -0.707 -0.000 0.707
vn -0.707 -0.000 0.707
vn 0.000 -0.711 0.703
vn 0.821 0.000 0.571
vn 0.821 0.000 0.571
vn 0.000 0.711 0.703
vn -0.821 0.000 0.571
vn -0.821 0.000 0.571
vn 1.000 -0.000 -0.000
vn 0.705 0.694 0.151
vn 0.723 0.675 0.145
vn 0.779 0.467 0.418
vn 0.617 0.573 0.539
vn 0.707 0.076 0.703
vn 0.695 0.076 0.715
vn 0.748 -0.658 -0.089
vn 0.748 -0.658 -0.089
vn 0.842 -0.535 -0.071
vn 0.707 0.000 -0.707
vn 0.707 -0.707 -0.000
vn 0.707 0.000 0.707
vn 0.707 0.000 0.707
vn 0.752 0.651 0.101
vn 0.627 0.769 0.122
vn 0.722 -0.075 -0.688
vn 0.697 -0.077 -0.713
vn 0.707 -0.699 -0.109
vn -0.043 0.102 0.994
vn 0.039 0.106 0.994
vn -0.481 0.087 0.873
vn -0.417 0.093 0.904
vn 0.855 0.516 0.051
vn 0.868 0.494 0.047
vn 0.000 0.728 0.685
vn 0.000 0.978 0.210
vn 0.000 0.574 0.819
vn 0.707 -0.704 -0.070
vn 0.707 -0.029 -0.707
vn 0.707 0.701 0.095
vn 0.707 0.176 0.685
vn 0.707 0.001 0.707
vn 0.000 0.145 0.989
vn 0.000 -0.314 0.949
vn 0.000 0.495 0.869
vn -1.000 0.000 0.000
vn -0.723 0.675 0.145
vn -0.705 0.694 0.151
vn -0.617 0.573 0.539
vn -0.779 0.467 0.418
vn -0.695 0.076 0.715
vn -0.707 0.076 0.703
vn -0.842 -0.535 -0.071
vn -0.748 -0.658 -0.089
vn -0.748 -0.658 -0.089
vn -0.748 -0.658 -0.089
vn -0.707 0.000 -0.707
vn -0.707 -0.707 0.000
vn -0.707 -0.000 0.707
vn -0.627 0.769 0.122
vn -0.752 0.651 0.101
vn -0.697 -0.077 -0.713
vn -0.722 -0.075 -0.688
vn -0.707 -0.699 -0.109
vn -0.707 -0.699 -0.109
vn -0.039 0.106 0.994
vn 0.043 0.102 0.994
vn 0.417 0.093 0.904
vn 0.481 0.087 0.873
vn -0.868 0.494 0.047
vn -0.855 0.516 0.052
vn 0.000 0.002 1.000
vn 0.000 -0.665 0.747
vn 0.000 0.001 1.000
vn -1.000 0.000 0.001
vn -1.000 0.000 0.002
vn -1.000 -0.001 -0.000
vn -1.000 -0.001 -0.001
vn -1.000 -0.001 -0.002
vn -0.707 -0.704 -0.070
vn -0.707 -0.029 -0.707
vn -0.707 -0.029 -0.707
vn -0.707 -0.029 -0.706
vn -0.707 0.701 0.095
vn -0.707 0.176 0.685
vn -0.707 0.001 0.707
vn 0.000 -1.000 0.000
vn -0.000 -0.766 -0.643
vn -0.000 -0.940 -0.342
vn 0.000 -0.940 0.342
vn 0.000 -0.766 0.643
vn -0.000 -0.500 -0.866
vn -0.000 0.174 -0.985
vn 1.000 -0.001 -0.000
vn 1.000 0.000 0.002
vn 1.000 0.000 0.001
vn 1.000 -0.001 -0.001
vn 1.000 -0.001 -0.002
vn -0.000 0.000 -1.000
vn -1.000 0.000 0.000
vn -1.000 -0.000 -0.000
vn -1.000 -0.001 -0.000
vn -1.000 -0.001 -0.000
vn 0.747 -0.665 -0.000
vn -0.747 -0.665 0.000
vn 1.000 -0.000 -0.000
vn 1.000 -0.000 -0.000
vn 1.000 -0.001 -0.000
vn 1.000 -0.000 -0.000
vn 1.000 -0.001 -0.000
vn 1.000 -0.001 -0.000
vn -0.000 -0.174 -0.985
vn -0.000 -0.174 -0.985
vn 0.000 -0.976 0.219
vn -0.000 0.844 -0.537
vn 0.904 0.000 -0.428
vn 0.904 0.000 -0.427
vn 0.904 0.000 -0.428
vn 0.884 0.465 0.044
vn 0.904 0.425 0.040
vn 0.000 0.391 0.920
vn -0.904 0.426 0.041
vn -0.884 0.464 0.044
vn -0.904 -0.000 -0.427
vn -0.904 -0.417 0.094
vn -0.904 -0.328 0.275
vn -0.904 -0.328 0.275
vn -0.904 -0.402 0.146
vn -0.904 -0.427 0.000
vn -0.904 -0.402 -0.146
vn -0.904 -0.328 -0.275
vn -0.904 -0.214 -0.370
vn -0.904 -0.214 -0.370
vn -0.904 -0.074 -0.421
vn -0.904 -0.074 -0.421
vn -0.904 -0.427 0.000
vn 0.000 -0.427 0.904
vn 0.904 -0.427 -0.000
vn 0.904 -0.074 -0.421
vn 0.904 -0.074 -0.421
vn 0.904 -0.214 -0.370
vn 0.904 -0.214 -0.370
vn 0.904 -0.328 -0.275
vn 0.904 -0.328 -0.275
vn 0.904 -0.402 -0.146
vn 0.904 -0.402 0.146
vn 0.904 -0.402 0.146
vn 0.904 -0.328 0.275
vn 0.904 -0.417 0.094
vn 0.904 -0.000 -0.428
vn 0.904 -0.000 -0.428
vn 0.904 -0.000 0.427
vn 0.904 0.424 0.057
vn 0.904 0.424 0.058
vn 0.904 0.018 0.427
vn 0.904 0.018 0.427
vn 0.904 -0.425 -0.042
vn 0.904 0.000 -0.427
vn -0.904 0.000 0.428
vn -0.904 0.000 0.428
vn -0.904 0.000 -0.427
vn -0.904 0.000 -0.428
vn -0.904 -0.425 -0.042
vn -0.904 0.018 0.427
vn -0.904 0.424 0.058
vn -0.904 0.424 0.058
vn 0.875 0.480 0.065
vn 0.906 0.421 0.054
vn 0.000 0.376 0.927
vn -0.876 0.479 0.062
vn -0.904 -0.106 -0.414
vn -0.904 -0.000 -0.428
vn -0.904 -0.000 -0.427
vn -0.920 -0.389 -0.039
vn -0.903 -0.428 -0.040
vn 0.000 -0.463 0.886
vn 0.000 -0.463 0.886
vn 0.920 -0.391 -0.036
vn 0.904 -0.000 -0.428
vn 0.904 -0.106 -0.414
vn 0.904 -0.106 -0.414
vn 0.707 0.707 -0.000
vn -0.000 0.488 -0.873
vn -0.000 0.343 -0.939
vn 0.000 0.986 0.169
vn 0.000 0.134 0.991
vn 0.000 0.441 0.898
vn -0.707 0.707 0.000
vn -0.000 0.638 -0.770
vn 0.000 0.470 0.883
vn -0.000 0.572 -0.820
vn -0.000 0.524 -0.852
vn 0.000 0.210 0.978
vn 0.000 0.310 0.951
vn 0.849 0.522 0.089
vn 0.849 0.522 0.089
vn 0.849 0.522 0.089
vn 0.849 0.522 0.089
vn 0.984 0.178 -0.000
vn 0.988 0.154 0.026
vn 0.991 0.131 -0.000
vn -0.849 0.522 0.089
vn -0.849 0.522 0.089
vn -0.849 0.522 0.089
vn -0.984 0.178 0.000
vn -0.988 0.154 0.026
vn -0.991 0.131 0.000
vn 0.904 0.427 -0.000
vn -0.904 0.427 0.000
vn 0.000 0.000 1.000
vn -0.000 0.000 -1.000
vn 0.000 -1.000 0.000
vn -1.000 0.000 0.000
vn 0.000 1.000 -0.000
vn 1.000 0.000 -0.000
vn -0.000 -0.743 -0.669
vn -0.743 -0.000 -0.669
vn -0.000 0.743 -0.669
vn 0.743 0.000 -0.669
vn -0.000 -0.743 -0.669
vn -0.000 0.743 -0.669
vn 0.743 0.000 -0.669
vn -1.000 0.000 0.000
vn 1.000 0.000 -0.000
vn 0.000 -1.000 0.000
vn -0.000 0.062 -0.998
vn 0.000 1.000 0.000
vn 0.000 0.062 0.998
vn 0.756 -0.655 -0.000
vn 0.756 0.041 -0.653
vn 0.756 0.655 -0.000
vn 0.756 0.041 0.653
vn -0.756 -0.655 0.000
vn -0.756 0.041 -0.653
vn -0.756 0.655 0.000
vn -0.756 0.041 0.653
vn 0.756 0.041 0.653
vn 0.756 0.041 -0.653
vn -0.756 0.041 -0.653
vn -0.756 0.041 0.653
vn 0.000 0.000 1.000
vn -0.000 0.000 -1.000
vn -0.998 -0.071 0.000
vn 0.743 0.000 -0.669
vn -0.000 -0.743 -0.669
vn -0.742 -0.054 -0.668
vn -0.000 0.743 -0.669
vn 0.998 -0.071 -0.000
vn -0.743 0.000 -0.669
vn 0.742 -0.054 -0.668
vn -1.000 0.000 -0.000
vn -1.000 0.000 0.000
vn -1.000 0.000 -0.000
vn -1.000 0.000 0.000
vn -1.000 0.000 0.000
vn 0.000 0.016 1.000
vn 0.000 -0.243 0.970
vn 0.000 -0.486 0.874
vn 0.000 -0.696 0.718
vn 0.000 -0.858 0.514
vn 0.000 -0.962 0.274
vn 0.000 -1.000 0.016
vn -0.000 -0.970 -0.243
vn -0.000 -0.874 -0.486
vn -0.000 -0.874 -0.486
vn -0.000 -0.718 -0.696
vn -0.000 -0.514 -0.858
vn -0.000 -0.274 -0.962
vn -0.000 -0.016 -1.000
vn -0.000 0.243 -0.970
vn -0.000 0.486 -0.874
vn -0.000 0.696 -0.718
vn -0.000 0.696 -0.718
vn -0.000 0.858 -0.514
vn -0.000 0.962 -0.274
vn -0.000 0.962 -0.274
vn -0.000 1.000 -0.016
vn 0.000 0.970 0.243
vn 0.000 0.874 0.486
vn 0.000 0.874 0.486
vn 0.000 0.718 0.696
vn 0.000 0.514 0.858
vn 0.000 0.274 0.962
vn -0.000 -0.016 -1.000
vn -0.000 0.243 -0.970
vn -0.000 0.243 -0.970
vn 0.000 0.274 0.962
vn 0.000 0.016 1.000
vn 0.000 -0.243 0.970
vn 0.000 -0.696 0.718
vn 0.000 -0.858 0.514
vn -0.000 -0.718 -0.696
vn -0.000 -0.718 -0.696
vn -0.707 -0.011 -0.707
vn -0.707 -0.011 -0.707
vn -0.707 -0.011 -0.707
vn -0.707 0.172 -0.686
vn -0.707 0.172 -0.686
vn -0.707 0.172 -0.686
vn -0.707 0.344 -0.618
vn -0.707 0.344 -0.618
vn -0.707 0.492 -0.508
vn -0.707 0.492 -0.508
vn -0.707 0.607 -0.363
vn -0.707 0.680 -0.194
vn -0.707 0.707 -0.011
vn -0.707 0.686 0.172
vn -0.707 0.686 0.172
vn -0.707 0.686 0.172
vn -0.707 0.618 0.344
vn -0.707 0.618 0.344
vn -0.707 0.508 0.492
vn -0.707 0.508 0.492
vn -0.707 0.363 0.607
vn -0.707 0.363 0.607
vn -0.707 0.194 0.680
vn -0.707 0.011 0.707
vn -0.707 0.011 0.707
vn -0.707 -0.172 0.686
vn -0.707 -0.172 0.686
vn -0.707 -0.344 0.618
vn -0.707 -0.492 0.508
vn -0.707 -0.492 0.508
vn -0.707 -0.607 0.363
vn -0.707 -0.607 0.363
vn -0.707 -0.680 0.194
vn -0.707 -0.707 0.011
vn -0.707 -0.686 -0.172
vn -0.707 -0.686 -0.172
vn -0.707 -0.618 -0.344
vn -0.707 -0.508 -0.492
vn -0.707 -0.508 -0.492
vn -0.707 -0.508 -0.492
vn -0.707 -0.363 -0.607
vn -0.707 -0.194 -0.680
vn -0.707 -0.194 -0.680
vn 1.000 0.000 -0.000
vn 1.000 0.000 -0.000
vn 1.000 0.000 -0.000
vn 1.000 0.000 0.000
vn 1.000 0.000 0.000
vn -0.000 -0.274 -0.962
vn -0.000 -0.274 -0.962
vn 0.000 -0.016 -1.000
vn 0.000 0.243 -0.970
vn 0.000 0.486 -0.874
vn 0.000 0.696 -0.718
vn 0.000 0.970 0.243
vn 0.000 0.718 0.696
vn 0.000 0.718 0.696
vn 0.707 -0.011 -0.707
vn 0.707 -0.011 -0.707
vn 0.707 -0.011 -0.707
vn 0.707 0.172 -0.686
vn 0.707 0.344 -0.618
vn 0.707 0.344 -0.618
vn 0.707 0.344 -0.618
vn 0.707 0.492 -0.508
vn 0.707 0.607 -0.363
vn 0.707 0.680 -0.194
vn 0.707 0.707 -0.011
vn 0.707 0.686 0.172
vn 0.707 0.686 0.172
vn 0.707 0.618 0.344
vn 0.707 0.618 0.344
vn 0.707 0.508 0.492
vn 0.707 0.508 0.492
vn 0.707 0.363 0.607
vn 0.707 0.363 0.607
vn 0.707 0.194 0.680
vn 0.707 0.011 0.707
vn 0.707 -0.172 0.686
vn 0.707 -0.172 0.686
vn 0.707 -0.344 0.618
vn 0.707 -0.344 0.618
vn 0.707 -0.492 0.508
vn 0.707 -0.492 0.508
vn 0.707 -0.607 0.363
vn 0.707 -0.607 0.363
vn 0.707 -0.607 0.363
vn 0.707 -0.680 0.194
vn 0.707 -0.707 0.011
vn 0.707 -0.686 -0.172
vn 0.707 -0.686 -0.172
vn 0.707 -0.618 -0.344
vn 0.707 -0.508 -0.492
vn 0.707 -0.508 -0.492
vn 0.707 -0.363 -0.607
vn 0.707 -0.363 -0.607
vn 0.707 -0.363 -0.607
vn 0.707 -0.194 -0.680
vn 0.707 -0.194 -0.680
vn 0.707 -0.194 -0.680
vn -1.000 0.000 0.000
vn -1.000 0.000 0.000
vn 0.000 -0.243 0.970
vn 0.000 -0.962 0.274
vn -0.000 -0.016 -1.000
vn -0.000 0.486 -0.874
vn -0.000 -0.514 -0.858
vn -0.707 0.172 -0.686
vn -0.707 0.344 -0.618
vn -0.707 0.607 -0.363
vn -0.707 0.707 -0.011
vn -0.707 0.686 0.172
vn -0.707 0.508 0.492
vn -0.707 0.194 0.680
vn -0.707 -0.172 0.686
vn -0.707 -0.344 0.618
vn -0.707 -0.492 0.508
vn -0.707 -0.680 0.194
vn -0.707 -0.363 -0.607
vn -0.707 -0.194 -0.680
vn -0.000 -0.970 -0.243
vn -0.000 -0.970 -0.243
vn 0.000 0.514 0.858
vn 0.000 0.274 0.962
vn 0.707 -0.011 -0.707
vn 0.707 0.172 -0.686
vn 0.707 0.172 -0.686
vn 0.707 0.344 -0.618
vn 0.707 0.492 -0.508
vn 0.707 0.607 -0.363
vn 0.707 0.686 0.172
vn 0.707 0.686 0.172
vn 0.707 0.508 0.492
vn 0.707 0.011 0.707
vn 0.707 -0.172 0.686
vn 0.707 -0.172 0.686
vn 0.707 -0.344 0.618
vn 0.707 -0.492 0.508
vn 0.707 -0.686 -0.172
vn 0.707 -0.618 -0.344
vn 0.707 -0.508 -0.492
vn 0.707 -0.194 -0.680
vn -1.000 -0.000 0.000
vn -1.000 -0.000 -0.000
vn -0.707 0.172 -0.686
vn -0.707 0.492 -0.508
vn -0.707 0.194 0.680
vn -0.707 -0.172 0.686
vn -0.707 -0.172 0.686
vn -0.707 -0.194 -0.680
vn 1.000 -0.000 -0.000
vn 0.707 0.172 -0.686
vn 0.707 0.363 0.607
vn 0.707 -0.172 0.686
vn 0.707 -0.363 -0.607
f 1/1/1 2/2/1 3/3/1 4/4/1
f 5/5/2 6/6/2 7/7/2 8/8/2
f 1/1/3 4/4/3 9/9/3 10/10/3
f 4/4/4 3/3/4 11/11/4 9/9/4
f 3/3/5 2/2/5 12/12/5 11/11/5
f 2/2/6 1/1/6 10/10/6 12/12/6
f 10/10/7 9/9/7 6/6/7 5/5/7
f 9/9/8 11/11/8 7/7/8 6/6/8
f 11/11/9 12/12/9 8/8/9 7/7/9
f 12/12/10 10/10/10 5/5/10 8/8/10
f 13/13/1 14/14/1 15/15/1 16/16/1
f 17/17/2 18/18/2 19/19/2 20/20/2
f 13/13/3 16/16/3 21/21/3 22/22/3
f 16/16/4 15/15/4 23/23/4 21/21/4
f 15/15/5 14/14/5 24/24/5 23/23/5
f 14/14/6 13/13/6 22/22/6 24/24/6
f 22/22/7 21/21/7 18/18/7 17/17/7
f 21/21/8 23/23/8 19/19/8 18/18/8
f 23/23/9 24/24/9 20/20/9 19/19/9
f 24/24/10 22/22/10 17/17/10 20/20/10
f 25/25/1 26/26/1 27/27/1 28/28/1
f 29/29/2 30/30/2 31/31/2 32/32/2
f 25/25/3 28/28/3 33/33/3 34/34/3
f 28/28/4 27/27/4 35/35/4 33/33/4
f 27/27/5 26/26/5 36/36/5 35/35/5
f 26/26/6 25/25/6 34/34/6 36/36/6
f 34/34/7 33/33/7 30/30/7 29/29/7
f 33/33/8 35/35/8 31/31/8 30/30/8
f 35/35/9 36/36/9 32/32/9 31/31/9
f 36/36/10 34/34/10 29/29/10 32/32/10
f 37/37/2 38/38/2 39/39/2 40/40/2
f 41/41/1 42/42/1 43/43/1 44/44/1
f 37/37/3 45/45/3 46/46/3 38/38/3
f 38/38/4 46/46/4 47/47/4 39/39/4
f 39/39/5 47/47/5 48/48/5 40/40/5
f 40/40/6 48/48/6 45/45/6 37/37/6
f 45/45/11 41/41/11 44/44/11 46/46/11
f 46/46/12 44/44/12 43/43/12 47/47/12
f 47/47/13 43/43/13 42/42/13 48/48/13
f 48/48/14 42/42/14 41/41/14 45/45/14
f 49/49/2 50/50/2 51/51/2 52/52/2
f 53/53/1 54/54/1 55/55/1 56/56/1
f 49/49/3 57/57/3 58/58/3 50/50/3
f 50/50/4 58/58/4 59/59/4 51/51/4
f 51/51/5 59/59/5 60/60/5 52/52/5
f 52/52/6 60/60/6 57/57/6 49/49/6
f 57/57/11 53/53/11 56/56/11 58/58/11
f 58/58/12 56/56/12 55/55/12 59/59/12
f 59/59/13 55/55/13 54/54/13 60/60/13
f 60/60/14 54/54/14 53/53/14 57/57/14
f 61/61/2 62/62/2 63/63/2 64/64/2
f 65/65/1 66/66/1 67/67/1 68/68/1
f 61/61/3 69/69/3 70/70/3 62/62/3
f 62/62/4 70/70/4 71/71/4 63/63/4
f 63/63/5 71/71/5 72/72/5 64/64/5
f 64/64/6 72/72/6 69/69/6 61/61/6
f 69/69/11 65/65/11 68/68/11 70/70/11
f 70/70/15 68/68/15 67/67/15 71/71/15
f 71/71/13 67/67/13 66/66/13 72/72/13
f 72/72/14 66/66/14 65/65/14 69/69/14
f 73/73/16 74/74/16 75/75/16 76/76/16
f 77/77/17 78/78/17 79/79/17 80/80/17
f 81/81/18 82/82/18 83/83/18 84/84/18
f 85/85/19 86/86/19 87/87/19 88/88/19
f 74/74/16 89/89/16 90/90/16 75/75/16
f 78/78/20 91/91/20 92/92/20 79/79/20
f 82/82/18 93/93/18 94/94/18 83/83/18
f 95/95/21 96/96/21 97/97/21 98/98/21
f 89/89/16 99/99/16 100/100/16 90/90/16
f 91/91/22 101/101/22 102/102/22 92/92/22
f 93/93/18 103/103/18 104/104/18 94/94/18
f 99/99/16 105/105/16 106/106/16 100/100/16
f 101/101/23 107/107/23 108/108/23 102/102/23
f 103/103/18 109/109/18 110/110/18 104/104/18
f 111/111/24 112/112/24 113/113/24 114/114/24
f 105/105/16 115/115/16 116/116/16 106/106/16
f 107/107/19 117/117/19 118/118/19 108/108/19
f 109/109/18 119/119/18 120/120/18 110/110/18
f 112/112/17 121/121/17 122/122/17 113/113/17
f 115/115/16 123/123/16 124/124/16 116/116/16
f 117/117/21 125/125/21 126/126/21 118/118/21
f 119/119/18 127/127/18 128/128/18 120/120/18
f 121/121/20 129/129/20 130/130/20 122/122/20
f 123/123/16 131/131/16 132/132/16 124/124/16
f 125/125/25 133/133/25 134/134/25 126/126/25
f 127/127/18 135/135/18 136/136/18 128/128/18
f 129/129/22 137/137/22 138/138/22 130/130/22
f 131/131/16 73/73/16 76/76/16 132/132/16
f 133/133/24 77/77/24 80/80/24 134/134/24
f 135/135/18 81/81/18 84/84/18 136/136/18
f 137/137/23 139/139/23 140/140/23 138/138/23
f 140/140/26 98/98/26 74/74/26 73/73/26
f 98/98/27 97/97/27 89/89/27 74/74/27
f 97/97/28 114/114/28 99/99/28 89/89/28
f 114/114/29 113/113/29 105/105/29 99/99/29
f 113/113/30 122/122/30 115/115/30 105/105/30
f 122/122/31 130/130/31 123/123/31 115/115/31
f 130/130/32 138/138/32 131/131/32 123/123/32
f 138/138/33 140/140/33 73/73/33 131/131/33
f 78/78/30 77/77/30 76/76/30 75/75/30
f 77/77/29 133/133/29 132/132/29 76/76/29
f 133/133/28 125/125/28 124/124/28 132/132/28
f 125/125/27 117/117/27 116/116/27 124/124/27
f 117/117/26 107/107/26 106/106/26 116/116/26
f 107/107/33 101/101/33 100/100/33 106/106/33
f 101/101/32 91/91/32 90/90/32 100/100/32
f 91/91/31 78/78/31 75/75/31 90/90/31
f 80/80/34 79/79/34 82/82/34 81/81/34
f 79/79/35 92/92/35 93/93/35 82/82/35
f 92/92/36 102/102/36 103/103/36 93/93/36
f 102/102/37 108/108/37 109/109/37 103/103/37
f 108/108/38 118/118/38 119/119/38 109/109/38
f 118/118/39 126/126/39 127/127/39 119/119/39
f 126/126/40 134/134/40 135/135/40 127/127/40
f 134/134/41 80/80/41 81/81/41 135/135/41
f 95/95/38 139/139/38 84/84/38 83/83/38
f 139/139/42 137/137/42 136/136/42 84/84/42
f 137/137/36 129/129/36 128/128/36 136/136/36
f 129/129/43 121/121/43 120/120/43 128/128/43
f 121/121/34 112/112/34 110/110/34 120/120/34
f 112/112/44 111/111/44 104/104/44 110/110/44
f 111/111/40 96/96/40 94/94/40 104/104/40
f 96/96/45 95/95/45 83/83/45 94/94/45
f 98/98/16 140/140/16 88/88/16 87/87/16
f 140/140/22 139/139/22 85/85/22 88/88/22
f 139/139/18 95/95/18 86/86/18 85/85/18
f 95/95/25 98/98/25 87/87/25 86/86/25
f 141/141/16 142/142/16 143/143/16 144/144/16
f 145/145/17 146/146/17 147/147/17 148/148/17
f 149/149/18 150/150/18 151/151/18 152/152/18
f 153/153/19 154/154/19 155/155/19 156/156/19
f 142/142/16 157/157/16 158/158/16 143/143/16
f 146/146/20 159/159/20 160/160/20 147/147/20
f 150/150/18 161/161/18 162/162/18 151/151/18
f 163/163/21 164/164/21 165/165/21 166/166/21
f 157/157/16 167/167/16 168/168/16 158/158/16
f 159/159/22 169/169/22 170/170/22 160/160/22
f 161/161/18 171/171/18 172/172/18 162/162/18
f 167/167/16 173/173/16 174/174/16 168/168/16
f 169/169/23 175/175/23 176/176/23 170/170/23
f 171/171/18 177/177/18 178/178/18 172/172/18
f 179/179/24 180/180/24 181/181/24 182/182/24
f 173/173/16 183/183/16 184/184/16 174/174/16
f 175/175/19 185/185/19 186/186/19 176/176/19
f 177/177/18 187/187/18 188/188/18 178/178/18
f 180/180/17 189/189/17 190/190/17 181/181/17
f 183/183/16 191/191/16 192/192/16 184/184/16
f 185/185/21 193/193/21 194/194/21 186/186/21
f 187/187/18 195/195/18 196/196/18 188/188/18
f 189/189/20 197/197/20 198/198/20 190/190/20
f 191/191/16 199/199/16 200/200/16 192/192/16
f 193/193/25 201/201/25 202/202/25 194/194/25
f 195/195/18 203/203/18 204/204/18 196/196/18
f 197/197/22 205/205/22 206/206/22 198/198/22
f 199/199/16 141/141/16 144/144/16 200/200/16
f 201/201/24 145/145/24 148/148/24 202/202/24
f 203/203/18 149/149/18 152/152/18 204/204/18
f 205/205/23 207/207/23 208/208/23 206/206/23
f 208/208/26 166/166/26 142/142/26 141/141/26
f 166/166/27 165/165/27 157/157/27 142/142/27
f 165/165/28 182/182/28 167/167/28 157/157/28
f 182/182/29 181/181/29 173/173/29 167/167/29
f 181/181/30 190/190/30 183/183/30 173/173/30
f 190/190/31 198/198/31 191/191/31 183/183/31
f 198/198/32 206/206/32 199/199/32 191/191/32
f 206/206/46 208/208/46 141/141/46 199/199/46
f 146/146/30 145/145/30 144/144/30 143/143/30
f 145/145/29 201/201/29 200/200/29 144/144/29
f 201/201/28 193/193/28 192/192/28 200/200/28
f 193/193/27 185/185/27 184/184/27 192/192/27
f 185/185/26 175/175/26 174/174/26 184/184/26
f 175/175/46 169/169/46 168/168/46 174/174/46
f 169/169/32 159/159/32 158/158/32 168/168/32
f 159/159/47 146/146/47 143/143/47 158/158/47
f 148/148/34 147/147/34 150/150/34 149/149/34
f 147/147/48 160/160/48 161/161/48 150/150/48
f 160/160/36 170/170/36 171/171/36 161/161/36
f 170/170/49 176/176/49 177/177/49 171/171/49
f 176/176/38 186/186/38 187/187/38 177/177/38
f 186/186/45 194/194/45 195/195/45 187/187/45
f 194/194/40 202/202/40 203/203/40 195/195/40
f 202/202/50 148/148/50 149/149/50 203/203/50
f 163/163/38 207/207/38 152/152/38 151/151/38
f 207/207/37 205/205/37 204/204/37 152/152/37
f 205/205/36 197/197/36 196/196/36 204/204/36
f 197/197/48 189/189/48 188/188/48 196/196/48
f 189/189/34 180/180/34 178/178/34 188/188/34
f 180/180/44 179/179/44 172/172/44 178/178/44
f 179/179/40 164/164/40 162/162/40 172/172/40
f 164/164/45 163/163/45 151/151/45 162/162/45
f 166/166/16 208/208/16 156/156/16 155/155/16
f 208/208/22 207/207/22 153/153/22 156/156/22
f 207/207/18 163/163/18 154/154/18 153/153/18
f 163/163/25 166/166/25 155/155/25 154/154/25
f 209/209/16 210/210/16 211/211/16 212/212/16
f 213/213/17 214/214/17 215/215/17 216/216/17
f 217/217/18 218/218/18 219/219/18 220/220/18
f 221/221/19 222/222/19 223/223/19 224/224/19
f 210/210/16 225/225/16 226/226/16 211/211/16
f 214/214/20 227/227/20 228/228/20 215/215/20
f 218/218/18 229/229/18 230/230/18 219/219/18
f 231/231/21 232/232/21 233/233/21 234/234/21
f 225/225/16 235/235/16 236/236/16 226/226/16
f 227/227/22 237/237/22 238/238/22 228/228/22
f 229/229/18 239/239/18 240/240/18 230/230/18
f 232/232/25 241/241/25 242/242/25 233/233/25
f 235/235/16 243/243/16 244/244/16 236/236/16
f 237/237/23 245/245/23 246/246/23 238/238/23
f 239/239/18 247/247/18 248/248/18 240/240/18
f 241/241/24 249/249/24 250/250/24 242/242/24
f 243/243/16 251/251/16 252/252/16 244/244/16
f 245/245/19 253/253/19 254/254/19 246/246/19
f 247/247/18 255/255/18 256/256/18 248/248/18
f 249/249/17 257/257/17 258/258/17 250/250/17
f 251/251/16 259/259/16 260/260/16 252/252/16
f 253/253/21 261/261/21 262/262/21 254/254/21
f 255/255/18 263/263/18 264/264/18 256/256/18
f 257/257/20 265/265/20 266/266/20 258/258/20
f 259/259/16 267/267/16 268/268/16 260/260/16
f 261/261/25 269/269/25 270/270/25 262/262/25
f 263/263/18 271/271/18 272/272/18 264/264/18
f 267/267/16 209/209/16 212/212/16 268/268/16
f 269/269/24 213/213/24 216/216/24 270/270/24
f 271/271/18 217/217/18 220/220/18 272/272/18
f 273/273/23 274/274/23 275/275/23 276/276/23
f 275/275/26 234/234/26 210/210/26 209/209/26
f 234/234/51 233/233/51 225/225/51 210/210/51
f 233/233/28 242/242/28 235/235/28 225/225/28
f 242/242/29 250/250/29 243/243/29 235/235/29
f 250/250/30 258/258/30 251/251/30 243/243/30
f 258/258/31 266/266/31 259/259/31 251/251/31
f 266/266/32 276/276/32 267/267/32 259/259/32
f 276/276/52 275/275/52 209/209/52 267/267/52
f 214/214/30 213/213/30 212/212/30 211/211/30
f 213/213/29 269/269/29 268/268/29 212/212/29
f 269/269/28 261/261/28 260/260/28 268/268/28
f 261/261/27 253/253/27 252/252/27 260/260/27
f 253/253/26 245/245/26 244/244/26 252/252/26
f 245/245/33 237/237/33 236/236/33 244/244/33
f 237/237/32 227/227/32 226/226/32 236/236/32
f 227/227/31 214/214/31 211/211/31 226/226/31
f 216/216/34 215/215/34 218/218/34 217/217/34
f 215/215/43 228/228/43 229/229/43 218/218/43
f 228/228/36 238/238/36 239/239/36 229/229/36
f 238/238/37 246/246/37 247/247/37 239/239/37
f 246/246/38 254/254/38 255/255/38 247/247/38
f 254/254/39 262/262/39 263/263/39 255/255/39
f 262/262/40 270/270/40 271/271/40 263/263/40
f 270/270/50 216/216/50 217/217/50 271/271/50
f 231/231/38 274/274/38 220/220/38 219/219/38
f 274/274/37 273/273/37 272/272/37 220/220/37
f 273/273/36 265/265/36 264/264/36 272/272/36
f 265/265/48 257/257/48 256/256/48 264/264/48
f 257/257/34 249/249/34 248/248/34 256/256/34
f 249/249/50 241/241/50 240/240/50 248/248/50
f 241/241/40 232/232/40 230/230/40 240/240/40
f 232/232/39 231/231/39 219/219/39 230/230/39
f 234/234/16 275/275/16 224/224/16 223/223/16
f 275/275/22 274/274/22 221/221/22 224/224/22
f 274/274/18 231/231/18 222/222/18 221/221/18
f 231/231/25 234/234/25 223/223/25 222/222/25
f 277/277/16 278/278/16 279/279/16 280/280/16
f 281/281/17 282/282/17 283/283/17 284/284/17
f 285/285/18 286/286/18 287/287/18 288/288/18
f 289/289/19 290/290/19 291/291/19 292/292/19
f 278/278/16 293/293/16 294/294/16 279/279/16
f 282/282/20 295/295/20 296/296/20 283/283/20
f 286/286/18 297/297/18 298/298/18 287/287/18
f 299/299/21 300/300/21 301/301/21 302/302/21
f 293/293/16 303/303/16 304/304/16 294/294/16
f 295/295/22 305/305/22 306/306/22 296/296/22
f 297/297/18 307/307/18 308/308/18 298/298/18
f 300/300/25 309/309/25 310/310/25 301/301/25
f 303/303/16 311/311/16 312/312/16 304/304/16
f 305/305/23 313/313/23 314/314/23 306/306/23
f 307/307/18 315/315/18 316/316/18 308/308/18
f 309/309/24 317/317/24 318/318/24 310/310/24
f 311/311/16 319/319/16 320/320/16 312/312/16
f 313/313/19 321/321/19 322/322/19 314/314/19
f 315/315/18 323/323/18 324/324/18 316/316/18
f 317/317/17 325/325/17 326/326/17 318/318/17
f 319/319/16 327/327/16 328/328/16 320/320/16
f 321/321/21 329/329/21 330/330/21 322/322/21
f 323/323/18 331/331/18 332/332/18 324/324/18
f 325/325/20 333/333/20 334/334/20 326/326/20
f 327/327/16 335/335/16 336/336/16 328/328/16
f 329/329/25 337/337/25 338/338/25 330/330/25
f 331/331/18 339/339/18 340/340/18 332/332/18
f 335/335/16 277/277/16 280/280/16 336/336/16
f 337/337/24 281/281/24 284/284/24 338/338/24
f 339/339/18 285/285/18 288/288/18 340/340/18
f 341/341/23 342/342/23 343/343/23 344/344/23
f 343/343/53 302/302/53 278/278/53 277/277/53
f 302/302/27 301/301/27 293/293/27 278/278/27
f 301/301/28 310/310/28 303/303/28 293/293/28
f 310/310/29 318/318/29 311/311/29 303/303/29
f 318/318/30 326/326/30 319/319/30 311/311/30
f 326/326/54 334/334/54 327/327/54 319/319/54
f 334/334/32 344/344/32 335/335/32 327/327/32
f 344/344/33 343/343/33 277/277/33 335/335/33
f 282/282/30 281/281/30 280/280/30 279/279/30
f 281/281/55 337/337/55 336/336/55 280/280/55
f 337/337/28 329/329/28 328/328/28 336/336/28
f 329/329/56 321/321/56 320/320/56 328/328/56
f 321/321/26 313/313/26 312/312/26 320/320/26
f 313/313/57 305/305/57 304/304/57 312/312/57
f 305/305/32 295/295/32 294/294/32 304/304/32
f 295/295/54 282/282/54 279/279/54 294/294/54
f 284/284/34 283/283/34 286/286/34 285/285/34
f 283/283/48 296/296/48 297/297/48 286/286/48
f 296/296/36 306/306/36 307/307/36 297/297/36
f 306/306/49 314/314/49 315/315/49 307/307/49
f 314/314/38 322/322/38 323/323/38 315/315/38
f 322/322/58 330/330/58 331/331/58 323/323/58
f 330/330/40 338/338/40 339/339/40 331/331/40
f 338/338/44 284/284/44 285/285/44 339/339/44
f 299/299/38 342/342/38 288/288/38 287/287/38
f 342/342/49 341/341/49 340/340/49 288/288/49
f 341/341/36 333/333/36 332/332/36 340/340/36
f 333/333/43 325/325/43 324/324/43 332/332/43
f 325/325/34 317/317/34 316/316/34 324/324/34
f 317/317/50 309/309/50 308/308/50 316/316/50
f 309/309/40 300/300/40 298/298/40 308/308/40
f 300/300/39 299/299/39 287/287/39 298/298/39
f 302/302/16 343/343/16 292/292/16 291/291/16
f 343/343/22 342/342/22 289/289/22 292/292/22
f 342/342/18 299/299/18 290/290/18 289/289/18
f 299/299/25 302/302/25 291/291/25 290/290/25
f 97/97/19 96/96/19 273/273/19 276/276/19
f 96/96/18 111/111/18 265/265/18 273/273/18
f 111/111/17 114/114/17 266/266/17 265/265/17
f 114/114/16 97/97/16 276/276/16 266/266/16
f 165/165/19 164/164/19 341/341/19 344/344/19
f 164/164/18 179/179/18 333/333/18 341/341/18
f 179/179/17 182/182/17 334/334/17 333/333/17
f 182/182/16 165/165/16 344/344/16 334/334/16
f 345/345/17 346/346/17 347/347/17 348/348/17
f 349/349/22 350/350/22 351/351/22 352/352/22
f 353/353/19 354/354/19 355/355/19 356/356/19
f 357/357/25 358/358/25 359/359/25 360/360/25
f 346/346/17 361/361/17 362/362/17 347/347/17
f 350/350/59 363/363/59 364/364/59 351/351/59
f 354/354/19 365/365/19 366/366/19 355/355/19
f 367/367/60 368/368/60 369/369/60 370/370/60
f 361/361/17 371/371/17 372/372/17 362/362/17
f 363/363/16 373/373/16 374/374/16 364/364/16
f 365/365/19 375/375/19 376/376/19 366/366/19
f 371/371/17 377/377/17 378/378/17 372/372/17
f 373/373/61 379/379/61 380/380/61 374/374/61
f 375/375/19 381/381/19 382/382/19 376/376/19
f 383/383/62 384/384/62 385/385/62 386/386/62
f 377/377/17 387/387/17 388/388/17 378/378/17
f 379/379/25 389/389/25 390/390/25 380/380/25
f 381/381/19 391/391/19 392/392/19 382/382/19
f 384/384/22 393/393/22 394/394/22 385/385/22
f 387/387/17 395/395/17 396/396/17 388/388/17
f 389/389/60 397/397/60 398/398/60 390/390/60
f 391/391/19 399/399/19 400/400/19 392/392/19
f 393/393/59 401/401/59 402/402/59 394/394/59
f 395/395/17 403/403/17 404/404/17 396/396/17
f 397/397/18 405/405/18 406/406/18 398/398/18
f 399/399/19 407/407/19 408/408/19 400/400/19
f 401/401/16 409/409/16 410/410/16 402/402/16
f 403/403/17 345/345/17 348/348/17 404/404/17
f 405/405/62 349/349/62 352/352/62 406/406/62
f 407/407/19 353/353/19 356/356/19 408/408/19
f 409/409/61 411/411/61 412/412/61 410/410/61
f 412/412/63 370/370/63 346/346/63 345/345/63
f 370/370/64 369/369/64 361/361/64 346/346/64
f 369/369/65 386/386/65 371/371/65 361/361/65
f 386/386/66 385/385/66 377/377/66 371/371/66
f 385/385/67 394/394/67 387/387/67 377/377/67
f 394/394/68 402/402/68 395/395/68 387/387/68
f 402/402/69 410/410/69 403/403/69 395/395/69
f 410/410/70 412/412/70 345/345/70 403/403/70
f 350/350/67 349/349/67 348/348/67 347/347/67
f 349/349/71 405/405/71 404/404/71 348/348/71
f 405/405/72 397/397/72 396/396/72 404/404/72
f 397/397/73 389/389/73 388/388/73 396/396/73
f 389/389/63 379/379/63 378/378/63 388/388/63
f 379/379/74 373/373/74 372/372/74 378/378/74
f 373/373/75 363/363/75 362/362/75 372/372/75
f 363/363/68 350/350/68 347/347/68 362/362/68
f 352/352/76 351/351/76 354/354/76 353/353/76
f 351/351/77 364/364/77 365/365/77 354/354/77
f 364/364/78 374/374/78 375/375/78 365/365/78
f 374/374/79 380/380/79 381/381/79 375/375/79
f 380/380/80 390/390/80 391/391/80 381/381/80
f 390/390/81 398/398/81 399/399/81 391/391/81
f 398/398/82 406/406/82 407/407/82 399/399/82
f 406/406/83 352/352/83 353/353/83 407/407/83
f 367/367/80 411/411/80 356/356/80 355/355/80
f 411/411/79 409/409/79 408/408/79 356/356/79
f 409/409/78 401/401/78 400/400/78 408/408/78
f 401/401/84 393/393/84 392/392/84 400/400/84
f 393/393/76 384/384/76 382/382/76 392/392/76
f 384/384/85 383/383/85 376/376/85 382/382/85
f 383/383/82 368/368/82 366/366/82 376/376/82
f 368/368/86 367/367/86 355/355/86 366/366/86
f 370/370/17 412/412/17 360/360/17 359/359/17
f 412/412/16 411/411/16 357/357/16 360/360/16
f 411/411/19 367/367/19 358/358/19 357/357/19
f 367/367/18 370/370/18 359/359/18 358/358/18
f 413/413/17 414/414/17 415/415/17 416/416/17
f 417/417/22 418/418/22 419/419/22 420/420/22
f 421/421/19 422/422/19 423/423/19 424/424/19
f 425/425/25 426/426/25 427/427/25 428/428/25
f 414/414/17 429/429/17 430/430/17 415/415/17
f 418/418/59 431/431/59 432/432/59 419/419/59
f 422/422/19 433/433/19 434/434/19 423/423/19
f 435/435/60 436/436/60 437/437/60 438/438/60
f 429/429/17 439/439/17 440/440/17 430/430/17
f 431/431/16 441/441/16 442/442/16 432/432/16
f 433/433/19 443/443/19 444/444/19 434/434/19
f 439/439/17 445/445/17 446/446/17 440/440/17
f 441/441/61 447/447/61 448/448/61 442/442/61
f 443/443/19 449/449/19 450/450/19 444/444/19
f 451/451/62 452/452/62 453/453/62 454/454/62
f 445/445/17 455/455/17 456/456/17 446/446/17
f 447/447/25 457/457/25 458/458/25 448/448/25
f 449/449/19 459/459/19 460/460/19 450/450/19
f 452/452/22 461/461/22 462/462/22 453/453/22
f 455/455/17 463/463/17 464/464/17 456/456/17
f 457/457/60 465/465/60 466/466/60 458/458/60
f 459/459/19 467/467/19 468/468/19 460/460/19
f 461/461/59 469/469/59 470/470/59 462/462/59
f 463/463/17 471/471/17 472/472/17 464/464/17
f 465/465/18 473/473/18 474/474/18 466/466/18
f 467/467/19 475/475/19 476/476/19 468/468/19
f 469/469/16 477/477/16 478/478/16 470/470/16
f 471/471/17 413/413/17 416/416/17 472/472/17
f 473/473/62 417/417/62 420/420/62 474/474/62
f 475/475/19 421/421/19 424/424/19 476/476/19
f 477/477/61 479/479/61 480/480/61 478/478/61
f 480/480/63 438/438/63 414/414/63 413/413/63
f 438/438/87 437/437/87 429/429/87 414/414/87
f 437/437/88 454/454/88 439/439/88 429/429/88
f 454/454/89 453/453/89 445/445/89 439/439/89
f 453/453/67 462/462/67 455/455/67 445/445/67
f 462/462/68 470/470/68 463/463/68 455/455/68
f 470/470/69 478/478/69 471/471/69 463/463/69
f 478/478/74 480/480/74 413/413/74 471/471/74
f 418/418/67 417/417/67 416/416/67 415/415/67
f 417/417/71 473/473/71 472/472/71 416/416/71
f 473/473/72 465/465/72 464/464/72 472/472/72
f 465/465/87 457/457/87 456/456/87 464/464/87
f 457/457/63 447/447/63 446/446/63 456/456/63
f 447/447/74 441/441/74 440/440/74 446/446/74
f 441/441/69 431/431/69 430/430/69 440/440/69
f 431/431/68 418/418/68 415/415/68 430/430/68
f 420/420/76 419/419/76 422/422/76 421/421/76
f 419/419/84 432/432/84 433/433/84 422/422/84
f 432/432/90 442/442/90 443/443/90 433/433/90
f 442/442/91 448/448/91 449/449/91 443/443/91
f 448/448/80 458/458/80 459/459/80 449/449/80
f 458/458/81 466/466/81 467/467/81 459/459/81
f 466/466/82 474/474/82 475/475/82 467/467/82
f 474/474/83 420/420/83 421/421/83 475/475/83
f 435/435/80 479/479/80 424/424/80 423/423/80
f 479/479/92 477/477/92 476/476/92 424/424/92
f 477/477/90 469/469/90 468/468/90 476/476/90
f 469/469/93 461/461/93 460/460/93 468/468/93
f 461/461/76 452/452/76 450/450/76 460/460/76
f 452/452/94 451/451/94 444/444/94 450/450/94
f 451/451/95 436/436/95 434/434/95 444/444/95
f 436/436/96 435/435/96 423/423/96 434/434/96
f 438/438/17 480/480/17 428/428/17 427/427/17
f 480/480/16 479/479/16 425/425/16 428/428/16
f 479/479/19 435/435/19 426/426/19 425/425/19
f 435/435/18 438/438/18 427/427/18 426/426/18
f 481/481/17 482/482/17 483/483/17 484/484/17
f 485/485/22 486/486/22 487/487/22 488/488/22
f 489/489/19 490/490/19 491/491/19 492/492/19
f 493/493/25 494/494/25 495/495/25 496/496/25
f 482/482/17 497/497/17 498/498/17 483/483/17
f 486/486/59 499/499/59 500/500/59 487/487/59
f 490/490/19 501/501/19 502/502/19 491/491/19
f 503/503/60 504/504/60 505/505/60 506/506/60
f 497/497/17 507/507/17 508/508/17 498/498/17
f 499/499/16 509/509/16 510/510/16 500/500/16
f 501/501/19 511/511/19 512/512/19 502/502/19
f 504/504/18 513/513/18 514/514/18 505/505/18
f 507/507/17 515/515/17 516/516/17 508/508/17
f 509/509/61 517/517/61 518/518/61 510/510/61
f 511/511/19 519/519/19 520/520/19 512/512/19
f 513/513/62 521/521/62 522/522/62 514/514/62
f 515/515/17 523/523/17 524/524/17 516/516/17
f 517/517/25 525/525/25 526/526/25 518/518/25
f 519/519/19 527/527/19 528/528/19 520/520/19
f 521/521/22 529/529/22 530/530/22 522/522/22
f 523/523/17 531/531/17 532/532/17 524/524/17
f 525/525/60 533/533/60 534/534/60 526/526/60
f 527/527/19 535/535/19 536/536/19 528/528/19
f 529/529/59 537/537/59 538/538/59 530/530/59
f 531/531/17 539/539/17 540/540/17 532/532/17
f 533/533/18 541/541/18 542/542/18 534/534/18
f 535/535/19 543/543/19 544/544/19 536/536/19
f 539/539/17 481/481/17 484/484/17 540/540/17
f 541/541/62 485/485/62 488/488/62 542/542/62
f 543/543/19 489/489/19 492/492/19 544/544/19
f 545/545/61 546/546/61 547/547/61 548/548/61
f 547/547/63 506/506/63 482/482/63 481/481/63
f 506/506/97 505/505/97 497/497/97 482/482/97
f 505/505/72 514/514/72 507/507/72 497/497/72
f 514/514/71 522/522/71 515/515/71 507/507/71
f 522/522/67 530/530/67 523/523/67 515/515/67
f 530/530/68 538/538/68 531/531/68 523/523/68
f 538/538/69 548/548/69 539/539/69 531/531/69
f 548/548/74 547/547/74 481/481/74 539/539/74
f 486/486/67 485/485/67 484/484/67 483/483/67
f 485/485/71 541/541/71 540/540/71 484/484/71
f 541/541/72 533/533/72 532/532/72 540/540/72
f 533/533/73 525/525/73 524/524/73 532/532/73
f 525/525/63 517/517/63 516/516/63 524/524/63
f 517/517/74 509/509/74 508/508/74 516/516/74
f 509/509/69 499/499/69 498/498/69 508/508/69
f 499/499/98 486/486/98 483/483/98 498/498/98
f 488/488/76 487/487/76 490/490/76 489/489/76
f 487/487/84 500/500/84 501/501/84 490/490/84
f 500/500/90 510/510/90 511/511/90 501/501/90
f 510/510/79 518/518/79 519/519/79 511/511/79
f 518/518/80 526/526/80 527/527/80 519/519/80
f 526/526/81 534/534/81 535/535/81 527/527/81
f 534/534/99 542/542/99 543/543/99 535/535/99
f 542/542/83 488/488/83 489/489/83 543/543/83
f 503/503/80 546/546/80 492/492/80 491/491/80
f 546/546/79 545/545/79 544/544/79 492/492/79
f 545/545/78 537/537/78 536/536/78 544/544/78
f 537/537/84 529/529/84 528/528/84 536/536/84
f 529/529/76 521/521/76 520/520/76 528/528/76
f 521/521/100 513/513/100 512/512/100 520/520/100
f 513/513/82 504/504/82 502/502/82 512/512/82
f 504/504/101 503/503/101 491/491/101 502/502/101
f 506/506/17 547/547/17 496/496/17 495/495/17
f 547/547/16 546/546/16 493/493/16 496/496/16
f 546/546/19 503/503/19 494/494/19 493/493/19
f 503/503/18 506/506/18 495/495/18 494/494/18
f 549/549/17 550/550/17 551/551/17 552/552/17
f 553/553/22 554/554/22 555/555/22 556/556/22
f 557/557/19 558/558/19 559/559/19 560/560/19
f 561/561/25 562/562/25 563/563/25 564/564/25
f 550/550/17 565/565/17 566/566/17 551/551/17
f 554/554/59 567/567/59 568/568/59 555/555/59
f 558/558/19 569/569/19 570/570/19 559/559/19
f 571/571/60 572/572/60 573/573/60 574/574/60
f 565/565/17 575/575/17 576/576/17 566/566/17
f 567/567/16 577/577/16 578/578/16 568/568/16
f 569/569/19 579/579/19 580/580/19 570/570/19
f 572/572/18 581/581/18 582/582/18 573/573/18
f 575/575/17 583/583/17 584/584/17 576/576/17
f 577/577/61 585/585/61 586/586/61 578/578/61
f 579/579/19 587/587/19 588/588/19 580/580/19
f 581/581/62 589/589/62 590/590/62 582/582/62
f 583/583/17 591/591/17 592/592/17 584/584/17
f 585/585/25 593/593/25 594/594/25 586/586/25
f 587/587/19 595/595/19 596/596/19 588/588/19
f 589/589/22 597/597/22 598/598/22 590/590/22
f 591/591/17 599/599/17 600/600/17 592/592/17
f 593/593/60 601/601/60 602/602/60 594/594/60
f 595/595/19 603/603/19 604/604/19 596/596/19
f 597/597/59 605/605/59 606/606/59 598/598/59
f 599/599/17 607/607/17 608/608/17 600/600/17
f 601/601/18 609/609/18 610/610/18 602/602/18
f 603/603/19 611/611/19 612/612/19 604/604/19
f 607/607/17 549/549/17 552/552/17 608/608/17
f 609/609/62 553/553/62 556/556/62 610/610/62
f 611/611/19 557/557/19 560/560/19 612/612/19
f 613/613/61 614/614/61 615/615/61 616/616/61
f 615/615/63 574/574/63 550/550/63 549/549/63
f 574/574/64 573/573/64 565/565/64 550/550/64
f 573/573/72 582/582/72 575/575/72 565/565/72
f 582/582/66 590/590/66 583/583/66 575/575/66
f 590/590/67 598/598/67 591/591/67 583/583/67
f 598/598/68 606/606/68 599/599/68 591/591/68
f 606/606/69 616/616/69 607/607/69 599/599/69
f 616/616/102 615/615/102 549/549/102 607/607/102
f 554/554/67 553/553/67 552/552/67 551/551/67
f 553/553/71 609/609/71 608/608/71 552/552/71
f 609/609/72 601/601/72 600/600/72 608/608/72
f 601/601/87 593/593/87 592/592/87 600/600/87
f 593/593/63 585/585/63 584/584/63 592/592/63
f 585/585/103 577/577/103 576/576/103 584/584/103
f 577/577/69 567/567/69 566/566/69 576/576/69
f 567/567/98 554/554/98 551/551/98 566/566/98
f 556/556/76 555/555/76 558/558/76 557/557/76
f 555/555/84 568/568/84 569/569/84 558/558/84
f 568/568/90 578/578/90 579/579/90 569/569/90
f 578/578/79 586/586/79 587/587/79 579/579/79
f 586/586/80 594/594/80 595/595/80 587/587/80
f 594/594/81 602/602/81 603/603/81 595/595/81
f 602/602/82 610/610/82 611/611/82 603/603/82
f 610/610/83 556/556/83 557/557/83 611/611/83
f 571/571/80 614/614/80 560/560/80 559/559/80
f 614/614/79 613/613/79 612/612/79 560/560/79
f 613/613/90 605/605/90 604/604/90 612/612/90
f 605/605/84 597/597/84 596/596/84 604/604/84
f 597/597/76 589/589/76 588/588/76 596/596/76
f 589/589/94 581/581/94 580/580/94 588/588/94
f 581/581/82 572/572/82 570/570/82 580/580/82
f 572/572/86 571/571/86 559/559/86 570/570/86
f 574/574/17 615/615/17 564/564/17 563/563/17
f 615/615/16 614/614/16 561/561/16 564/564/16
f 614/614/19 571/571/19 562/562/19 561/561/19
f 571/571/18 574/574/18 563/563/18 562/562/18
f 369/369/25 368/368/25 545/545/25 548/548/25
f 368/368/19 383/383/19 537/537/19 545/545/19
f 383/383/22 386/386/22 538/538/22 537/537/22
f 386/386/17 369/369/17 548/548/17 538/538/17
f 437/437/25 436/436/25 613/613/25 616/616/25
f 436/436/19 451/451/19 605/605/19 613/613/19
f 451/451/22 454/454/22 606/606/22 605/605/22
f 454/454/17 437/437/17 616/616/17 606/606/17
f 617/617/104 618/618/104 619/619/104
f 619/619/104 620/620/104 617/617/104
f 621/621/105 622/622/105 618/618/105
f 618/618/105 617/617/105 621/621/105
f 623/623/106 624/624/106 622/622/106
f 622/622/106 621/621/106 623/623/106
f 625/625/107 626/626/107 624/624/107
f 624/624/107 623/623/107 625/625/107
f 627/627/108 628/628/108 626/626/108
f 626/626/108 625/625/108 627/627/108
f 629/629/109 630/630/109 628/628/109
f 628/628/109 627/627/109 629/629/109
f 631/631/110 632/632/110 630/630/110
f 630/630/110 629/629/110 631/631/110
f 633/633/111 634/634/111 632/632/111
f 632/632/111 631/631/111 633/633/111
f 635/635/112 636/636/112 634/634/112
f 634/634/112 633/633/112 635/635/112
f 620/620/113 619/619/113 636/636/113
f 636/636/113 635/635/113 620/620/113
f 637/637/114 617/617/114 620/620/114
f 620/620/114 638/638/114 637/637/114
f 639/639/115 621/621/115 617/617/115
f 617/617/115 637/637/115 639/639/115
f 640/640/116 623/623/116 621/621/116
f 621/621/116 639/639/116 640/640/116
f 641/641/117 625/625/117 623/623/117
f 623/623/117 640/640/117 641/641/117
f 642/642/118 627/627/118 625/625/118
f 625/625/118 641/641/118 642/642/118
f 643/643/119 629/629/119 627/627/119
f 627/627/119 642/642/119 643/643/119
f 644/644/120 631/631/120 629/629/120
f 629/629/120 643/643/120 644/644/120
f 645/645/121 633/633/121 631/631/121
f 631/631/121 644/644/121 645/645/121
f 646/646/122 635/635/122 633/633/122
f 633/633/122 645/645/122 646/646/122
f 638/638/123 620/620/123 635/635/123
f 635/635/123 646/646/123 638/638/123
f 647/647/124 637/637/124 638/638/124
f 638/638/124 648/648/124 647/647/124
f 649/649/125 639/639/125 637/637/125
f 637/637/125 647/647/125 649/649/125
f 650/650/126 640/640/126 639/639/126
f 639/639/126 649/649/126 650/650/126
f 651/651/127 641/641/127 640/640/127
f 640/640/127 650/650/127 651/651/127
f 652/652/128 642/642/128 641/641/128
f 641/641/128 651/651/128 652/652/128
f 653/653/129 643/643/129 642/642/129
f 642/642/129 652/652/129 653/653/129
f 654/654/130 644/644/130 643/643/130
f 643/643/130 653/653/130 654/654/130
f 655/655/131 645/645/131 644/644/131
f 644/644/131 654/654/131 655/655/131
f 656/656/132 646/646/132 645/645/132
f 645/645/132 655/655/132 656/656/132
f 648/648/133 638/638/133 646/646/133
f 646/646/133 656/656/133 648/648/133
f 657/657/134 647/647/134 648/648/134
f 648/648/134 658/658/134 657/657/134
f 659/659/135 649/649/135 647/647/135
f 647/647/135 657/657/135 659/659/135
f 660/660/136 650/650/136 649/649/136
f 649/649/136 659/659/136 660/660/136
f 661/661/137 651/651/137 650/650/137
f 650/650/137 660/660/137 661/661/137
f 662/662/138 652/652/138 651/651/138
f 651/651/138 661/661/138 662/662/138
f 663/663/139 653/653/139 652/652/139
f 652/652/139 662/662/139 663/663/139
f 664/664/140 654/654/140 653/653/140
f 653/653/140 663/663/140 664/664/140
f 665/665/141 655/655/141 654/654/141
f 654/654/141 664/664/141 665/665/141
f 666/666/142 656/656/142 655/655/142
f 655/655/142 665/665/142 666/666/142
f 658/658/143 648/648/143 656/656/143
f 656/656/143 666/666/143 658/658/143
f 667/667/144 657/657/144 658/658/144
f 658/658/144 668/668/144 667/667/144
f 669/669/145 659/659/145 657/657/145
f 657/657/145 667/667/145 669/669/145
f 670/670/146 660/660/146 659/659/146
f 659/659/146 669/669/146 670/670/146
f 671/671/147 661/661/147 660/660/147
f 660/660/147 670/670/147 671/671/147
f 672/672/148 662/662/148 661/661/148
f 661/661/148 671/671/148 672/672/148
f 673/673/149 663/663/149 662/662/149
f 662/662/149 672/672/149 673/673/149
f 674/674/150 664/664/150 663/663/150
f 663/663/150 673/673/150 674/674/150
f 675/675/151 665/665/151 664/664/151
f 664/664/151 674/674/151 675/675/151
f 676/676/152 666/666/152 665/665/152
f 665/665/152 675/675/152 676/676/152
f 668/668/153 658/658/153 666/666/153
f 666/666/153 676/676/153 668/668/153
f 622/622/154 624/624/154 626/626/154
f 626/626/154 628/628/154 630/630/154
f 630/630/154 632/632/154 634/634/154
f 634/634/154 636/636/154 619/619/154
f 630/630/154 634/634/154 619/619/154
f 626/626/154 630/630/154 619/619/154
f 622/622/154 626/626/154 619/619/154
f 618/618/154 622/622/154 619/619/154
f 676/676/155 675/675/155 674/674/155
f 674/674/155 673/673/155 672/672/155
f 672/672/155 671/671/155 670/670/155
f 670/670/155 669/669/155 667/667/155
f 672/672/155 670/670/155 667/667/155
f 674/674/155 672/672/155 667/667/155
f 676/676/155 674/674/155 667/667/155
f 668/668/156 676/676/155 667/667/155
f 677/677/104 678/678/104 679/679/104
f 679/679/104 680/680/104 677/677/104
f 681/681/105 682/682/105 678/678/105
f 678/678/105 677/677/105 681/681/105
f 683/683/106 684/684/106 682/682/106
f 682/682/106 681/681/106 683/683/106
f 685/685/107 686/686/107 684/684/107
f 684/684/107 683/683/107 685/685/107
f 687/687/108 688/688/108 686/686/108
f 686/686/108 685/685/108 687/687/108
f 689/689/109 690/690/109 688/688/109
f 688/688/109 687/687/109 689/689/109
f 691/691/110 692/692/110 690/690/110
f 690/690/110 689/689/110 691/691/110
f 693/693/111 694/694/111 692/692/111
f 692/692/111 691/691/111 693/693/111
f 695/695/112 696/696/112 694/694/112
f 694/694/112 693/693/112 695/695/112
f 680/680/113 679/679/113 696/696/113
f 696/696/113 695/695/113 680/680/113
f 697/697/114 677/677/114 680/680/114
f 680/680/114 698/698/114 697/697/114
f 699/699/115 681/681/115 677/677/115
f 677/677/115 697/697/115 699/699/115
f 700/700/116 683/683/116 681/681/116
f 681/681/116 699/699/116 700/700/116
f 701/701/117 685/685/117 683/683/117
f 683/683/117 700/700/117 701/701/117
f 702/702/118 687/687/118 685/685/118
f 685/685/118 701/701/118 702/702/118
f 703/703/119 689/689/119 687/687/119
f 687/687/119 702/702/119 703/703/119
f 704/704/120 691/691/120 689/689/120
f 689/689/120 703/703/120 704/704/120
f 705/705/121 693/693/121 691/691/121
f 691/691/121 704/704/121 705/705/121
f 706/706/122 695/695/122 693/693/122
f 693/693/122 705/705/122 706/706/122
f 698/698/123 680/680/123 695/695/123
f 695/695/123 706/706/123 698/698/123
f 707/707/124 697/697/124 698/698/124
f 698/698/124 708/708/124 707/707/124
f 709/709/125 699/699/125 697/697/125
f 697/697/125 707/707/125 709/709/125
f 710/710/126 700/700/126 699/699/126
f 699/699/126 709/709/126 710/710/126
f 711/711/127 701/701/127 700/700/127
f 700/700/127 710/710/127 711/711/127
f 712/712/128 702/702/128 701/701/128
f 701/701/128 711/711/128 712/712/128
f 713/713/129 703/703/129 702/702/129
f 702/702/129 712/712/129 713/713/129
f 714/714/130 704/704/130 703/703/130
f 703/703/130 713/713/130 714/714/130
f 715/715/131 705/705/131 704/704/131
f 704/704/131 714/714/131 715/715/131
f 716/716/132 706/706/132 705/705/132
f 705/705/132 715/715/132 716/716/132
f 708/708/133 698/698/133 706/706/133
f 706/706/133 716/716/133 708/708/133
f 717/717/134 707/707/134 708/708/134
f 708/708/134 718/718/134 717/717/134
f 719/719/135 709/709/135 707/707/135
f 707/707/135 717/717/135 719/719/135
f 720/720/136 710/710/136 709/709/136
f 709/709/136 719/719/136 720/720/136
f 721/721/137 711/711/137 710/710/137
f 710/710/137 720/720/137 721/721/137
f 722/722/138 712/712/138 711/711/138
f 711/711/138 721/721/138 722/722/138
f 723/723/139 713/713/139 712/712/139
f 712/712/139 722/722/139 723/723/139
f 724/724/140 714/714/140 713/713/140
f 713/713/140 723/723/140 724/724/140
f 725/725/141 715/715/141 714/714/141
f 714/714/141 724/724/141 725/725/141
f 726/726/142 716/716/142 715/715/142
f 715/715/142 725/725/142 726/726/142
f 718/718/143 708/708/143 716/716/143
f 716/716/143 726/726/143 718/718/143
f 727/727/144 717/717/144 718/718/144
f 718/718/144 728/728/144 727/727/144
f 729/729/145 719/719/145 717/717/145
f 717/717/145 727/727/145 729/729/145
f 730/730/146 720/720/146 719/719/146
f 719/719/146 729/729/146 730/730/146
f 731/731/147 721/721/147 720/720/147
f 720/720/147 730/730/147 731/731/147
f 732/732/148 722/722/148 721/721/148
f 721/721/148 731/731/148 732/732/148
f 733/733/149 723/723/149 722/722/149
f 722/722/149 732/732/149 733/733/149
f 734/734/150 724/724/150 723/723/150
f 723/723/150 733/733/150 734/734/150
f 735/735/151 725/725/151 724/724/151
f 724/724/151 734/734/151 735/735/151
f 736/736/152 726/726/152 725/725/152
f 725/725/152 735/735/152 736/736/152
f 728/728/153 718/718/153 726/726/153
f 726/726/153 736/736/153 728/728/153
f 682/682/154 684/684/154 686/686/154
f 686/686/154 688/688/154 690/690/154
f 690/690/154 692/692/154 694/694/154
f 694/694/154 696/696/154 679/679/154
f 690/690/154 694/694/154 679/679/154
f 686/686/154 690/690/154 679/679/154
f 682/682/154 686/686/154 679/679/154
f 678/678/154 682/682/154 679/679/154
f 736/736/155 735/735/155 734/734/155
f 734/734/155 733/733/155 732/732/155
f 732/732/155 731/731/155 730/730/155
f 730/730/155 729/729/155 727/727/155
f 732/732/155 730/730/155 727/727/155
f 734/734/155 732/732/155 727/727/155
f 736/736/155 734/734/155 727/727/155
f 728/728/155 736/736/155 727/727/155
f 737/737/104 738/738/104 739/739/104
f 739/739/104 740/740/104 737/737/104
f 741/741/105 742/742/105 738/738/105
f 738/738/105 737/737/105 741/741/105
f 743/743/106 744/744/106 742/742/106
f 742/742/106 741/741/106 743/743/106
f 745/745/107 746/746/107 744/744/107
f 744/744/107 743/743/107 745/745/107
f 747/747/108 748/748/108 746/746/108
f 746/746/108 745/745/108 747/747/108
f 749/749/109 750/750/109 748/748/109
f 748/748/109 747/747/109 749/749/109
f 751/751/110 752/752/110 750/750/110
f 750/750/110 749/749/110 751/751/110
f 753/753/111 754/754/111 752/752/111
f 752/752/111 751/751/111 753/753/111
f 755/755/112 756/756/112 754/754/112
f 754/754/112 753/753/112 755/755/112
f 740/740/113 739/739/113 756/756/113
f 756/756/113 755/755/113 740/740/113
f 757/757/114 737/737/114 740/740/114
f 740/740/114 758/758/114 757/757/114
f 759/759/115 741/741/115 737/737/115
f 737/737/115 757/757/115 759/759/115
f 760/760/116 743/743/116 741/741/116
f 741/741/116 759/759/116 760/760/116
f 761/761/117 745/745/117 743/743/117
f 743/743/117 760/760/117 761/761/117
f 762/762/118 747/747/118 745/745/118
f 745/745/118 761/761/118 762/762/118
f 763/763/119 749/749/119 747/747/119
f 747/747/119 762/762/119 763/763/119
f 764/764/120 751/751/120 749/749/120
f 749/749/120 763/763/120 764/764/120
f 765/765/121 753/753/121 751/751/121
f 751/751/121 764/764/121 765/765/121
f 766/766/122 755/755/122 753/753/122
f 753/753/122 765/765/122 766/766/122
f 758/758/123 740/740/123 755/755/123
f 755/755/123 766/766/123 758/758/123
f 767/767/124 757/757/124 758/758/124
f 758/758/124 768/768/124 767/767/124
f 769/769/125 759/759/125 757/757/125
f 757/757/125 767/767/125 769/769/125
f 770/770/126 760/760/126 759/759/126
f 759/759/126 769/769/126 770/770/126
f 771/771/127 761/761/127 760/760/127
f 760/760/127 770/770/127 771/771/127
f 772/772/128 762/762/128 761/761/128
f 761/761/128 771/771/128 772/772/128
f 773/773/129 763/763/129 762/762/129
f 762/762/129 772/772/129 773/773/129
f 774/774/130 764/764/130 763/763/130
f 763/763/130 773/773/130 774/774/130
f 775/775/131 765/765/131 764/764/131
f 764/764/131 774/774/131 775/775/131
f 776/776/132 766/766/132 765/765/132
f 765/765/132 775/775/132 776/776/132
f 768/768/133 758/758/133 766/766/133
f 766/766/133 776/776/133 768/768/133
f 777/777/134 767/767/134 768/768/134
f 768/768/134 778/778/134 777/777/134
f 779/779/135 769/769/135 767/767/135
f 767/767/135 777/777/135 779/779/135
f 780/780/136 770/770/136 769/769/136
f 769/769/136 779/779/136 780/780/136
f 781/781/137 771/771/137 770/770/137
f 770/770/137 780/780/137 781/781/137
f 782/782/138 772/772/138 771/771/138
f 771/771/138 781/781/138 782/782/138
f 783/783/139 773/773/139 772/772/139
f 772/772/139 782/782/139 783/783/139
f 784/784/140 774/774/140 773/773/140
f 773/773/140 783/783/140 784/784/140
f 785/785/141 775/775/141 774/774/141
f 774/774/141 784/784/141 785/785/141
f 786/786/142 776/776/142 775/775/142
f 775/775/142 785/785/142 786/786/142
f 778/778/143 768/768/143 776/776/143
f 776/776/143 786/786/143 778/778/143
f 787/787/144 777/777/144 778/778/144
f 778/778/144 788/788/144 787/787/144
f 789/789/145 779/779/145 777/777/145
f 777/777/145 787/787/145 789/789/145
f 790/790/146 780/780/157 779/779/146
f 779/779/146 789/789/146 790/790/146
f 791/791/147 781/781/147 780/780/147
f 780/780/147 790/790/147 791/791/147
f 792/792/148 782/782/148 781/781/148
f 781/781/148 791/791/148 792/792/148
f 793/793/149 783/783/149 782/782/149
f 782/782/149 792/792/149 793/793/149
f 794/794/150 784/784/150 783/783/150
f 783/783/150 793/793/150 794/794/150
f 795/795/151 785/785/151 784/784/151
f 784/784/151 794/794/158 795/795/151
f 796/796/152 786/786/152 785/785/152
f 785/785/152 795/795/152 796/796/152
f 788/788/153 778/778/153 786/786/153
f 786/786/153 796/796/153 788/788/153
f 742/742/154 744/744/154 746/746/154
f 746/746/154 748/748/154 750/750/154
f 750/750/154 752/752/154 754/754/154
f 754/754/154 756/756/154 739/739/154
f 750/750/154 754/754/154 739/739/154
f 746/746/154 750/750/154 739/739/154
f 742/742/154 746/746/154 739/739/154
f 738/738/154 742/742/154 739/739/154
f 796/796/155 795/795/155 794/794/155
f 794/794/155 793/793/155 792/792/155
f 792/792/155 791/791/155 790/790/155
f 790/790/155 789/789/155 787/787/155
f 792/792/155 790/790/155 787/787/155
f 794/794/155 792/792/155 787/787/155
f 796/796/155 794/794/155 787/787/155
f 788/788/155 796/796/155 787/787/155
f 797/797/104 798/798/104 799/799/104
f 799/799/104 800/800/104 797/797/104
f 801/801/105 802/802/105 798/798/105
f 798/798/105 797/797/105 801/801/105
f 803/803/106 804/804/106 802/802/106
f 802/802/106 801/801/106 803/803/106
f 805/805/107 806/806/107 804/804/107
f 804/804/107 803/803/107 805/805/107
f 807/807/108 808/808/108 806/806/108
f 806/806/108 805/805/108 807/807/108
f 809/809/109 810/810/109 808/808/109
f 808/808/109 807/807/109 809/809/109
f 811/811/110 812/812/110 810/810/110
f 810/810/110 809/809/110 811/811/110
f 813/813/111 814/814/111 812/812/111
f 812/812/111 811/811/111 813/813/111
f 815/815/112 816/816/112 814/814/112
f 814/814/112 813/813/112 815/815/112
f 800/800/113 799/799/113 816/816/113
f 816/816/113 815/815/113 800/800/113
f 817/817/114 797/797/114 800/800/114
f 800/800/114 818/818/114 817/817/114
f 819/819/115 801/801/115 797/797/115
f 797/797/115 817/817/115 819/819/115
f 820/820/116 803/803/116 801/801/116
f 801/801/116 819/819/116 820/820/116
f 821/821/117 805/805/117 803/803/117
f 803/803/117 820/820/117 821/821/117
f 822/822/118 807/807/118 805/805/118
f 805/805/118 821/821/118 822/822/118
f 823/823/119 809/809/119 807/807/119
f 807/807/119 822/822/119 823/823/119
f 824/824/120 811/811/120 809/809/120
f 809/809/120 823/823/120 824/824/120
f 825/825/121 813/813/121 811/811/121
f 811/811/121 824/824/121 825/825/121
f 826/826/122 815/815/122 813/813/122
f 813/813/122 825/825/122 826/826/122
f 818/818/123 800/800/123 815/815/123
f 815/815/123 826/826/123 818/818/123
f 827/827/124 817/817/124 818/818/124
f 818/818/124 828/828/124 827/827/124
f 829/829/125 819/819/125 817/817/125
f 817/817/125 827/827/125 829/829/125
f 830/830/126 820/820/126 819/819/126
f 819/819/126 829/829/126 830/830/126
f 831/831/127 821/821/127 820/820/127
f 820/820/127 830/830/127 831/831/127
f 832/832/128 822/822/128 821/821/128
f 821/821/128 831/831/128 832/832/128
f 833/833/129 823/823/129 822/822/129
f 822/822/129 832/832/129 833/833/129
f 834/834/130 824/824/130 823/823/130
f 823/823/130 833/833/130 834/834/130
f 835/835/131 825/825/131 824/824/131
f 824/824/131 834/834/131 835/835/131
f 836/836/132 826/826/132 825/825/132
f 825/825/132 835/835/132 836/836/132
f 828/828/133 818/818/133 826/826/133
f 826/826/133 836/836/133 828/828/133
f 837/837/134 827/827/134 828/828/134
f 828/828/134 838/838/134 837/837/134
f 839/839/135 829/829/135 827/827/135
f 827/827/135 837/837/135 839/839/135
f 840/840/136 830/830/136 829/829/136
f 829/829/136 839/839/136 840/840/136
f 841/841/137 831/831/137 830/830/137
f 830/830/137 840/840/137 841/841/137
f 842/842/138 832/832/138 831/831/138
f 831/831/138 841/841/138 842/842/138
f 843/843/139 833/833/139 832/832/139
f 832/832/139 842/842/139 843/843/139
f 844/844/140 834/834/140 833/833/140
f 833/833/140 843/843/140 844/844/140
f 845/845/141 835/835/141 834/834/141
f 834/834/141 844/844/141 845/845/141
f 846/846/142 836/836/142 835/835/142
f 835/835/142 845/845/142 846/846/142
f 838/838/143 828/828/143 836/836/143
f 836/836/143 846/846/143 838/838/143
f 847/847/144 837/837/144 838/838/144
f 838/838/144 848/848/144 847/847/144
f 849/849/145 839/839/145 837/837/145
f 837/837/145 847/847/145 849/849/145
f 850/850/146 840/840/157 839/839/146
f 839/839/146 849/849/146 850/850/146
f 851/851/147 841/841/147 840/840/147
f 840/840/147 850/850/147 851/851/147
f 852/852/148 842/842/148 841/841/148
f 841/841/148 851/851/148 852/852/148
f 853/853/149 843/843/149 842/842/149
f 842/842/149 852/852/149 853/853/149
f 854/854/150 844/844/150 843/843/150
f 843/843/150 853/853/150 854/854/150
f 855/855/158 845/845/158 844/844/158
f 844/844/158 854/854/151 855/855/158
f 856/856/152 846/846/152 845/845/152
f 845/845/152 855/855/152 856/856/152
f 848/848/153 838/838/153 846/846/153
f 846/846/153 856/856/153 848/848/153
f 802/802/154 804/804/154 806/806/154
f 806/806/154 808/808/154 810/810/154
f 810/810/154 812/812/154 814/814/154
f 814/814/154 816/816/154 799/799/154
f 810/810/154 814/814/154 799/799/154
f 806/806/154 810/810/154 799/799/154
f 802/802/154 806/806/154 799/799/154
f 798/798/154 802/802/154 799/799/154
f 856/856/155 855/855/155 854/854/155
f 854/854/155 853/853/155 852/852/155
f 852/852/155 851/851/155 850/850/155
f 850/850/155 849/849/155 847/847/155
f 852/852/155 850/850/155 847/847/155
f 854/854/155 852/852/155 847/847/155
f 856/856/155 854/854/155 847/847/155
f 848/848/155 856/856/155 847/847/155
f 857/857/159 858/858/159 859/859/159
f 859/859/159 860/860/159 857/857/159
f 861/861/160 862/862/160 858/858/160
f 858/858/160 857/857/160 861/861/160
f 863/863/161 864/864/161 862/862/161
f 862/862/161 861/861/161 863/863/161
f 865/865/162 866/866/162 864/864/162
f 864/864/162 863/863/162 865/865/162
f 867/867/163 868/868/163 866/866/163
f 866/866/163 865/865/163 867/867/163
f 869/869/164 870/870/164 868/868/164
f 868/868/164 867/867/164 869/869/164
f 871/871/165 872/872/165 870/870/165
f 870/870/165 869/869/165 871/871/165
f 873/873/166 874/874/166 872/872/166
f 872/872/166 871/871/166 873/873/166
f 875/875/167 876/876/167 874/874/167
f 874/874/167 873/873/167 875/875/167
f 860/860/168 859/859/168 876/876/168
f 876/876/168 875/875/168 860/860/168
f 877/877/169 857/857/169 860/860/169
f 860/860/169 878/878/169 877/877/169
f 879/879/170 861/861/170 857/857/170
f 857/857/170 877/877/170 879/879/170
f 880/880/171 863/863/171 861/861/171
f 861/861/171 879/879/171 880/880/171
f 881/881/172 865/865/172 863/863/172
f 863/863/172 880/880/172 881/881/172
f 882/882/173 867/867/173 865/865/173
f 865/865/173 881/881/173 882/882/173
f 883/883/174 869/869/174 867/867/174
f 867/867/174 882/882/174 883/883/174
f 884/884/175 871/871/175 869/869/175
f 869/869/175 883/883/175 884/884/175
f 885/885/176 873/873/176 871/871/176
f 871/871/176 884/884/176 885/885/176
f 886/886/177 875/875/177 873/873/177
f 873/873/177 885/885/177 886/886/177
f 878/878/178 860/860/178 875/875/178
f 875/875/178 886/886/178 878/878/178
f 887/887/179 877/877/179 878/878/179
f 878/878/179 888/888/179 887/887/179
f 889/889/180 879/879/180 877/877/180
f 877/877/180 887/887/180 889/889/180
f 890/890/181 880/880/181 879/879/181
f 879/879/181 889/889/181 890/890/181
f 891/891/182 881/881/182 880/880/182
f 880/880/182 890/890/182 891/891/182
f 892/892/183 882/882/183 881/881/183
f 881/881/183 891/891/183 892/892/183
f 893/893/184 883/883/184 882/882/184
f 882/882/184 892/892/184 893/893/184
f 894/894/185 884/884/185 883/883/185
f 883/883/185 893/893/185 894/894/185
f 895/895/186 885/885/186 884/884/186
f 884/884/186 894/894/186 895/895/186
f 896/896/187 886/886/187 885/885/187
f 885/885/187 895/895/187 896/896/187
f 888/888/188 878/878/188 886/886/188
f 886/886/188 896/896/188 888/888/188
f 897/897/189 887/887/189 888/888/189
f 888/888/189 898/898/189 897/897/189
f 899/899/190 889/889/190 887/887/190
f 887/887/190 897/897/190 899/899/190
f 900/900/191 890/890/191 889/889/191
f 889/889/191 899/899/191 900/900/191
f 901/901/192 891/891/192 890/890/192
f 890/890/192 900/900/192 901/901/192
f 902/902/193 892/892/193 891/891/193
f 891/891/193 901/901/193 902/902/193
f 903/903/194 893/893/194 892/892/194
f 892/892/194 902/902/194 903/903/194
f 904/904/195 894/894/195 893/893/195
f 893/893/195 903/903/195 904/904/195
f 905/905/196 895/895/196 894/894/196
f 894/894/196 904/904/196 905/905/196
f 906/906/197 896/896/197 895/895/197
f 895/895/197 905/905/197 906/906/197
f 898/898/198 888/888/198 896/896/198
f 896/896/198 906/906/198 898/898/198
f 907/907/199 897/897/199 898/898/199
f 898/898/199 908/908/200 907/907/199
f 909/909/201 899/899/201 897/897/201
f 897/897/201 907/907/201 909/909/201
f 910/910/202 900/900/202 899/899/202
f 899/899/202 909/909/202 910/910/202
f 911/911/203 901/901/203 900/900/203
f 900/900/203 910/910/203 911/911/203
f 912/912/204 902/902/204 901/901/204
f 901/901/204 911/911/204 912/912/204
f 913/913/205 903/903/205 902/902/205
f 902/902/205 912/912/205 913/913/205
f 914/914/206 904/904/206 903/903/206
f 903/903/206 913/913/206 914/914/206
f 915/915/207 905/905/207 904/904/207
f 904/904/207 914/914/207 915/915/207
f 916/916/208 906/906/208 905/905/208
f 905/905/208 915/915/208 916/916/208
f 908/908/209 898/898/209 906/906/209
f 906/906/209 916/916/209 908/908/209
f 862/862/131 864/864/210 866/866/131
f 866/866/131 868/868/131 870/870/131
f 870/870/131 872/872/131 874/874/131
f 874/874/131 876/876/131 859/859/131
f 870/870/131 874/874/131 859/859/131
f 866/866/131 870/870/131 859/859/131
f 862/862/131 866/866/131 859/859/131
f 858/858/131 862/862/131 859/859/131
f 916/916/126 915/915/126 914/914/126
f 914/914/126 913/913/126 912/912/126
f 912/912/126 911/911/211 910/910/126
f 910/910/126 909/909/126 907/907/126
f 912/912/126 910/910/126 907/907/126
f 914/914/126 912/912/126 907/907/126
f 916/916/126 914/914/126 907/907/126
f 908/908/126 916/916/126 907/907/126
f 917/917/159 918/918/159 919/919/159
f 919/919/159 920/920/159 917/917/159
f 921/921/160 922/922/160 918/918/160
f 918/918/160 917/917/160 921/921/160
f 923/923/161 924/924/161 922/922/161
f 922/922/161 921/921/161 923/923/161
f 925/925/162 926/926/162 924/924/162
f 924/924/162 923/923/162 925/925/162
f 927/927/163 928/928/163 926/926/163
f 926/926/163 925/925/163 927/927/163
f 929/929/164 930/930/164 928/928/164
f 928/928/164 927/927/164 929/929/164
f 931/931/165 932/932/165 930/930/165
f 930/930/165 929/929/165 931/931/165
f 933/933/166 934/934/166 932/932/166
f 932/932/166 931/931/166 933/933/166
f 935/935/167 936/936/167 934/934/167
f 934/934/167 933/933/167 935/935/167
f 920/920/168 919/919/168 936/936/168
f 936/936/168 935/935/168 920/920/168
f 937/937/169 917/917/169 920/920/169
f 920/920/169 938/938/169 937/937/169
f 939/939/170 921/921/170 917/917/170
f 917/917/170 937/937/170 939/939/170
f 940/940/171 923/923/171 921/921/171
f 921/921/171 939/939/171 940/940/171
f 941/941/172 925/925/172 923/923/172
f 923/923/172 940/940/172 941/941/172
f 942/942/173 927/927/173 925/925/173
f 925/925/173 941/941/173 942/942/173
f 943/943/174 929/929/174 927/927/174
f 927/927/174 942/942/174 943/943/174
f 944/944/175 931/931/175 929/929/175
f 929/929/175 943/943/175 944/944/175
f 945/945/176 933/933/176 931/931/176
f 931/931/176 944/944/176 945/945/176
f 946/946/177 935/935/177 933/933/177
f 933/933/177 945/945/177 946/946/177
f 938/938/178 920/920/178 935/935/178
f 935/935/178 946/946/178 938/938/178
f 947/947/179 937/937/179 938/938/179
f 938/938/179 948/948/179 947/947/179
f 949/949/180 939/939/180 937/937/180
f 937/937/180 947/947/180 949/949/180
f 950/950/181 940/940/181 939/939/181
f 939/939/181 949/949/181 950/950/181
f 951/951/182 941/941/182 940/940/182
f 940/940/182 950/950/182 951/951/182
f 952/952/183 942/942/183 941/941/183
f 941/941/183 951/951/183 952/952/183
f 953/953/184 943/943/184 942/942/184
f 942/942/184 952/952/184 953/953/184
f 954/954/185 944/944/185 943/943/185
f 943/943/185 953/953/185 954/954/185
f 955/955/186 945/945/186 944/944/186
f 944/944/186 954/954/186 955/955/186
f 956/956/187 946/946/187 945/945/187
f 945/945/187 955/955/187 956/956/187
f 948/948/188 938/938/188 946/946/188
f 946/946/188 956/956/188 948/948/188
f 957/957/189 947/947/189 948/948/189
f 948/948/189 958/958/189 957/957/189
f 959/959/190 949/949/190 947/947/190
f 947/947/190 957/957/190 959/959/190
f 960/960/191 950/950/191 949/949/191
f 949/949/191 959/959/191 960/960/191
f 961/961/192 951/951/192 950/950/192
f 950/950/192 960/960/192 961/961/192
f 962/962/193 952/952/193 951/951/193
f 951/951/193 961/961/193 962/962/193
f 963/963/194 953/953/194 952/952/194
f 952/952/194 962/962/194 963/963/194
f 964/964/195 954/954/195 953/953/195
f 953/953/195 963/963/195 964/964/195
f 965/965/196 955/955/196 954/954/196
f 954/954/196 964/964/196 965/965/196
f 966/966/197 956/956/197 955/955/197
f 955/955/197 965/965/197 966/966/197
f 958/958/198 948/948/198 956/956/198
f 956/956/198 966/966/198 958/958/198
f 967/967/199 957/957/199 958/958/199
f 958/958/199 968/968/200 967/967/199
f 969/969/201 959/959/201 957/957/201
f 957/957/201 967/967/201 969/969/201
f 970/970/202 960/960/202 959/959/202
f 959/959/202 969/969/202 970/970/202
f 971/971/203 961/961/203 960/960/203
f 960/960/203 970/970/203 971/971/203
f 972/972/204 962/962/204 961/961/204
f 961/961/204 971/971/204 972/972/204
f 973/973/205 963/963/205 962/962/205
f 962/962/205 972/972/212 973/973/205
f 974/974/206 964/964/206 963/963/206
f 963/963/206 973/973/206 974/974/206
f 975/975/207 965/965/207 964/964/207
f 964/964/207 974/974/207 975/975/207
f 976/976/208 966/966/208 965/965/208
f 965/965/208 975/975/208 976/976/208
f 968/968/209 958/958/209 966/966/209
f 966/966/209 976/976/209 968/968/209
f 922/922/131 924/924/210 926/926/131
f 926/926/131 928/928/131 930/930/131
f 930/930/131 932/932/210 934/934/131
f 934/934/131 936/936/131 919/919/131
f 930/930/131 934/934/131 919/919/131
f 926/926/131 930/930/131 919/919/131
f 922/922/131 926/926/131 919/919/131
f 918/918/131 922/922/131 919/919/131
f 976/976/126 975/975/126 974/974/126
f 974/974/126 973/973/126 972/972/126
f 972/972/126 971/971/213 970/970/126
f 970/970/126 969/969/126 967/967/126
f 972/972/126 970/970/126 967/967/126
f 974/974/126 972/972/126 967/967/126
f 976/976/126 974/974/126 967/967/126
f 968/968/126 976/976/126 967/967/126
f 977/977/159 978/978/159 979/979/159
f 979/979/159 980/980/159 977/977/159
f 981/981/160 982/982/160 978/978/160
f 978/978/160 977/977/160 981/981/160
f 983/983/161 984/984/161 982/982/161
f 982/982/161 981/981/161 983/983/161
f 985/985/162 986/986/162 984/984/162
f 984/984/162 983/983/162 985/985/162
f 987/987/163 988/988/163 986/986/163
f 986/986/163 985/985/163 987/987/163
f 989/989/164 990/990/164 988/988/164
f 988/988/164 987/987/164 989/989/164
f 991/991/165 992/992/165 990/990/165
f 990/990/165 989/989/165 991/991/165
f 993/993/166 994/994/166 992/992/166
f 992/992/166 991/991/166 993/993/166
f 995/995/167 996/996/167 994/994/167
f 994/994/167 993/993/167 995/995/167
f 980/980/168 979/979/168 996/996/168
f 996/996/168 995/995/168 980/980/168
f 997/997/169 977/977/169 980/980/169
f 980/980/169 998/998/169 997/997/169
f 999/999/170 981/981/170 977/977/170
f 977/977/170 997/997/170 999/999/170
f 1000/1000/171 983/983/171 981/981/171
f 981/981/171 999/999/171 1000/1000/171
f 1001/1001/172 985/985/172 983/983/172
f 983/983/172 1000/1000/172 1001/1001/172
f 1002/1002/173 987/987/173 985/985/173
f 985/985/173 1001/1001/173 1002/1002/173
f 1003/1003/174 989/989/174 987/987/174
f 987/987/174 1002/1002/174 1003/1003/174
f 1004/1004/175 991/991/175 989/989/175
f 989/989/175 1003/1003/175 1004/1004/175
f 1005/1005/176 993/993/176 991/991/176
f 991/991/176 1004/1004/176 1005/1005/176
f 1006/1006/177 995/995/177 993/993/177
f 993/993/177 1005/1005/177 1006/1006/177
f 998/998/178 980/980/178 995/995/178
f 995/995/178 1006/1006/178 998/998/178
f 1007/1007/179 997/997/179 998/998/179
f 998/998/179 1008/1008/179 1007/1007/179
f 1009/1009/180 999/999/180 997/997/180
f 997/997/180 1007/1007/180 1009/1009/180
f 1010/1010/181 1000/1000/181 999/999/181
f 999/999/181 1009/1009/181 1010/1010/181
f 1011/1011/182 1001/1001/182 1000/1000/182
f 1000/1000/182 1010/1010/182 1011/1011/182
f 1012/1012/183 1002/1002/183 1001/1001/183
f 1001/1001/183 1011/1011/183 1012/1012/183
f 1013/1013/184 1003/1003/184 1002/1002/184
f 1002/1002/184 1012/1012/184 1013/1013/184
f 1014/1014/185 1004/1004/185 1003/1003/185
f 1003/1003/185 1013/1013/185 1014/1014/185
f 1015/1015/186 1005/1005/186 1004/1004/186
f 1004/1004/186 1014/1014/186 1015/1015/186
f 1016/1016/187 1006/1006/187 1005/1005/187
f 1005/1005/187 1015/1015/187 1016/1016/187
f 1008/1008/188 998/998/188 1006/1006/188
f 1006/1006/188 1016/1016/188 1008/1008/188
f 1017/1017/189 1007/1007/189 1008/1008/189
f 1008/1008/189 1018/1018/189 1017/1017/189
f 1019/1019/190 1009/1009/190 1007/1007/190
f 1007/1007/190 1017/1017/190 1019/1019/190
f 1020/1020/191 1010/1010/191 1009/1009/191
f 1009/1009/191 1019/1019/191 1020/1020/191
f 1021/1021/192 1011/1011/192 1010/1010/192
f 1010/1010/192 1020/1020/192 1021/1021/192
f 1022/1022/193 1012/1012/193 1011/1011/193
f 1011/1011/193 1021/1021/193 1022/1022/193
f 1023/1023/194 1013/1013/194 1012/1012/194
f 1012/1012/194 1022/1022/194 1023/1023/194
f 1024/1024/195 1014/1014/195 1013/1013/195
f 1013/1013/195 1023/1023/195 1024/1024/195
f 1025/1025/196 1015/1015/196 1014/1014/196
f 1014/1014/196 1024/1024/196 1025/1025/196
f 1026/1026/197 1016/1016/197 1015/1015/197
f 1015/1015/197 1025/1025/197 1026/1026/197
f 1018/1018/198 1008/1008/198 1016/1016/198
f 1016/1016/198 1026/1026/198 1018/1018/198
f 1027/1027/199 1017/1017/199 1018/1018/199
f 1018/1018/199 1028/1028/199 1027/1027/199
f 1029/1029/201 1019/1019/201 1017/1017/201
f 1017/1017/201 1027/1027/214 1029/1029/201
f 1030/1030/202 1020/1020/202 1019/1019/202
f 1019/1019/202 1029/1029/202 1030/1030/202
f 1031/1031/203 1021/1021/203 1020/1020/203
f 1020/1020/203 1030/1030/203 1031/1031/203
f 1032/1032/204 1022/1022/204 1021/1021/204
f 1021/1021/204 1031/1031/204 1032/1032/204
f 1033/1033/205 1023/1023/205 1022/1022/205
f 1022/1022/205 1032/1032/205 1033/1033/205
f 1034/1034/206 1024/1024/206 1023/1023/206
f 1023/1023/206 1033/1033/206 1034/1034/206
f 1035/1035/207 1025/1025/207 1024/1024/207
f 1024/1024/207 1034/1034/207 1035/1035/207
f 1036/1036/208 1026/1026/208 1025/1025/208
f 1025/1025/208 1035/1035/208 1036/1036/208
f 1028/1028/209 1018/1018/209 1026/1026/209
f 1026/1026/209 1036/1036/209 1028/1028/209
f 982/982/131 984/984/131 986/986/131
f 986/986/131 988/988/131 990/990/131
f 990/990/131 992/992/210 994/994/131
f 994/994/131 996/996/131 979/979/131
f 990/990/131 994/994/131 979/979/131
f 986/986/131 990/990/131 979/979/131
f 982/982/131 986/986/131 979/979/131
f 978/978/131 982/982/131 979/979/131
f 1036/1036/126 1035/1035/213 1034/1034/126
f 1034/1034/126 1033/1033/126 1032/1032/126
f 1032/1032/126 1031/1031/211 1030/1030/126
f 1030/1030/126 1029/1029/126 1027/1027/126
f 1032/1032/126 1030/1030/126 1027/1027/126
f 1034/1034/126 1032/1032/126 1027/1027/126
f 1036/1036/126 1034/1034/126 1027/1027/126
f 1028/1028/126 1036/1036/126 1027/1027/126
f 1037/1037/159 1038/1038/159 1039/1039/159
f 1039/1039/159 1040/1040/159 1037/1037/159
f 1041/1041/160 1042/1042/160 1038/1038/160
f 1038/1038/160 1037/1037/160 1041/1041/160
f 1043/1043/161 1044/1044/215 1042/1042/161
f 1042/1042/161 1041/1041/161 1043/1043/161
f 1045/1045/162 1046/1046/162 1044/1044/162
f 1044/1044/162 1043/1043/162 1045/1045/162
f 1047/1047/163 1048/1048/163 1046/1046/163
f 1046/1046/163 1045/1045/163 1047/1047/163
f 1049/1049/164 1050/1050/164 1048/1048/164
f 1048/1048/164 1047/1047/164 1049/1049/164
f 1051/1051/165 1052/1052/165 1050/1050/165
f 1050/1050/165 1049/1049/165 1051/1051/165
f 1053/1053/166 1054/1054/166 1052/1052/166
f 1052/1052/166 1051/1051/166 1053/1053/166
f 1055/1055/167 1056/1056/167 1054/1054/167
f 1054/1054/167 1053/1053/167 1055/1055/167
f 1040/1040/168 1039/1039/168 1056/1056/168
f 1056/1056/168 1055/1055/168 1040/1040/168
f 1057/1057/169 1037/1037/169 1040/1040/169
f 1040/1040/169 1058/1058/169 1057/1057/169
f 1059/1059/170 1041/1041/170 1037/1037/170
f 1037/1037/170 1057/1057/170 1059/1059/170
f 1060/1060/171 1043/1043/171 1041/1041/171
f 1041/1041/171 1059/1059/171 1060/1060/171
f 1061/1061/172 1045/1045/172 1043/1043/172
f 1043/1043/172 1060/1060/172 1061/1061/172
f 1062/1062/173 1047/1047/173 1045/1045/173
f 1045/1045/173 1061/1061/173 1062/1062/173
f 1063/1063/174 1049/1049/174 1047/1047/174
f 1047/1047/174 1062/1062/174 1063/1063/174
f 1064/1064/175 1051/1051/175 1049/1049/175
f 1049/1049/175 1063/1063/175 1064/1064/175
f 1065/1065/176 1053/1053/176 1051/1051/176
f 1051/1051/176 1064/1064/176 1065/1065/176
f 1066/1066/177 1055/1055/177 1053/1053/177
f 1053/1053/177 1065/1065/177 1066/1066/177
f 1058/1058/178 1040/1040/178 1055/1055/178
f 1055/1055/178 1066/1066/178 1058/1058/178
f 1067/1067/179 1057/1057/179 1058/1058/179
f 1058/1058/179 1068/1068/179 1067/1067/179
f 1069/1069/180 1059/1059/180 1057/1057/180
f 1057/1057/180 1067/1067/180 1069/1069/180
f 1070/1070/181 1060/1060/181 1059/1059/181
f 1059/1059/181 1069/1069/181 1070/1070/181
f 1071/1071/182 1061/1061/182 1060/1060/182
f 1060/1060/182 1070/1070/182 1071/1071/182
f 1072/1072/183 1062/1062/183 1061/1061/183
f 1061/1061/183 1071/1071/183 1072/1072/183
f 1073/1073/184 1063/1063/184 1062/1062/184
f 1062/1062/184 1072/1072/184 1073/1073/184
f 1074/1074/185 1064/1064/185 1063/1063/185
f 1063/1063/185 1073/1073/185 1074/1074/185
f 1075/1075/186 1065/1065/186 1064/1064/186
f 1064/1064/186 1074/1074/186 1075/1075/186
f 1076/1076/187 1066/1066/187 1065/1065/187
f 1065/1065/187 1075/1075/187 1076/1076/187
f 1068/1068/188 1058/1058/188 1066/1066/188
f 1066/1066/188 1076/1076/188 1068/1068/188
f 1077/1077/189 1067/1067/189 1068/1068/189
f 1068/1068/189 1078/1078/189 1077/1077/189
f 1079/1079/190 1069/1069/190 1067/1067/190
f 1067/1067/190 1077/1077/190 1079/1079/190
f 1080/1080/191 1070/1070/191 1069/1069/191
f 1069/1069/191 1079/1079/191 1080/1080/191
f 1081/1081/192 1071/1071/192 1070/1070/192
f 1070/1070/192 1080/1080/192 1081/1081/192
f 1082/1082/193 1072/1072/193 1071/1071/193
f 1071/1071/193 1081/1081/193 1082/1082/193
f 1083/1083/194 1073/1073/194 1072/1072/194
f 1072/1072/194 1082/1082/194 1083/1083/194
f 1084/1084/195 1074/1074/195 1073/1073/195
f 1073/1073/195 1083/1083/195 1084/1084/195
f 1085/1085/196 1075/1075/196 1074/1074/196
f 1074/1074/196 1084/1084/196 1085/1085/196
f 1086/1086/197 1076/1076/197 1075/1075/197
f 1075/1075/197 1085/1085/197 1086/1086/197
f 1078/1078/198 1068/1068/198 1076/1076/198
f 1076/1076/198 1086/1086/198 1078/1078/198
f 1087/1087/199 1077/1077/199 1078/1078/199
f 1078/1078/199 1088/1088/199 1087/1087/199
f 1089/1089/201 1079/1079/201 1077/1077/201
f 1077/1077/201 1087/1087/201 1089/1089/201
f 1090/1090/202 1080/1080/202 1079/1079/202
f 1079/1079/202 1089/1089/202 1090/1090/202
f 1091/1091/203 1081/1081/203 1080/1080/203
f 1080/1080/203 1090/1090/203 1091/1091/203
f 1092/1092/204 1082/1082/204 1081/1081/204
f 1081/1081/204 1091/1091/204 1092/1092/204
f 1093/1093/205 1083/1083/212 1082/1082/205
f 1082/1082/205 1092/1092/205 1093/1093/205
f 1094/1094/206 1084/1084/206 1083/1083/206
f 1083/1083/206 1093/1093/206 1094/1094/206
f 1095/1095/207 1085/1085/207 1084/1084/207
f 1084/1084/207 1094/1094/207 1095/1095/207
f 1096/1096/208 1086/1086/208 1085/1085/208
f 1085/1085/208 1095/1095/208 1096/1096/208
f 1088/1088/209 1078/1078/209 1086/1086/209
f 1086/1086/209 1096/1096/209 1088/1088/209
f 1042/1042/131 1044/1044/210 1046/1046/131
f 1046/1046/131 1048/1048/131 1050/1050/131
f 1050/1050/131 1052/1052/131 1054/1054/131
f 1054/1054/131 1056/1056/131 1039/1039/131
f 1050/1050/131 1054/1054/131 1039/1039/131
f 1046/1046/131 1050/1050/131 1039/1039/131
f 1042/1042/131 1046/1046/131 1039/1039/131
f 1038/1038/131 1042/1042/131 1039/1039/131
f 1096/1096/126 1095/1095/213 1094/1094/126
f 1094/1094/126 1093/1093/126 1092/1092/126
f 1092/1092/126 1091/1091/211 1090/1090/126
f 1090/1090/126 1089/1089/126 1087/1087/126
f 1092/1092/126 1090/1090/126 1087/1087/126
f 1094/1094/126 1092/1092/126 1087/1087/126
f 1096/1096/126 1094/1094/126 1087/1087/126
f 1088/1088/126 1096/1096/126 1087/1087/126
f 1097/1097/216 1098/1098/216 1099/1099/216 1100/1100/216 1101/1101/216
f 1102/1102/217 1103/1103/217 1104/1104/217 1105/1105/217
f 1106/1106/218 1107/1107/218 1108/1108/218 1109/1109/218 1110/1110/218
f 1111/1111/219 1112/1112/219 1113/1113/219 1114/1114/219
f 1115/1115/219 1116/1116/219 1117/1117/219 1118/1118/219
f 1119/1119/219 1120/1120/219 1121/1121/219 1122/1122/219
f 1123/1123/219 1124/1124/219 1125/1125/219 1126/1126/219
f 1127/1127/220 1128/1128/220 1129/1129/220 1130/1130/220
f 1131/1131/221 1132/1132/221 1133/1133/221 1134/1134/221
f 1135/1135/222 1136/1136/222 1137/1137/222 1138/1138/222
f 1137/1137/223 1139/1139/223 1128/1128/223 1127/1127/223
f 1129/1129/224 1128/1128/224 1139/1139/224 1140/1140/224 1141/1141/224
f 1141/1141/225 1138/1138/225 1130/1130/225 1129/1129/225
f 1138/1138/226 1137/1137/226 1127/1127/226 1130/1130/226
f 1142/1142/227 1139/1139/227 1143/1143/227 1144/1144/227 1145/1145/227
f 1139/1139/228 1137/1137/228 1146/1146/228 1143/1143/228
f 1137/1137/229 1136/1136/229 1147/1147/229 1148/1148/229 1146/1146/229
f 1135/1135/230 1138/1138/230 1149/1149/230 1150/1150/230 1151/1151/230
f 1138/1138/231 1141/1141/231 1152/1152/231 1149/1149/231
f 1141/1141/232 1153/1153/232 1154/1154/232 1155/1155/232 1152/1152/232
f 1156/1156/221 1157/1157/221 1158/1158/221 1159/1159/221
f 1160/1160/221 1161/1161/221 1162/1162/221 1163/1163/221
f 1161/1161/221 1164/1164/221 1165/1165/221 1162/1162/221
f 1164/1164/221 1166/1166/221 1167/1167/221 1165/1165/221
f 1166/1166/221 1168/1168/221 1169/1169/221 1167/1167/221
f 1168/1168/221 1170/1170/221 1171/1171/221 1169/1169/221
f 1170/1170/221 1160/1160/221 1163/1163/221 1171/1171/221
f 1172/1172/233 1173/1173/233 1131/1131/233 1134/1134/233
f 1173/1173/234 1174/1174/234 1132/1132/234 1131/1131/234
f 1174/1174/235 1175/1175/235 1133/1133/235 1132/1132/235
f 1175/1175/236 1172/1172/236 1134/1134/236 1133/1133/236
f 1173/1173/233 1176/1176/233 1156/1156/233 1159/1159/233
f 1176/1176/237 1177/1177/237 1157/1157/237 1156/1156/237
f 1177/1177/235 1174/1174/235 1158/1158/235 1157/1157/235
f 1174/1174/236 1173/1173/236 1159/1159/236 1158/1158/236
f 1178/1178/238 1153/1153/238 1161/1161/238 1160/1160/238
f 1153/1153/239 1141/1141/239 1164/1164/239 1161/1161/239
f 1141/1141/240 1140/1140/241 1166/1166/241 1164/1164/240
f 1140/1140/241 1139/1139/241 1168/1168/241 1166/1166/241
f 1139/1139/242 1142/1142/242 1170/1170/242 1168/1168/242
f 1142/1142/243 1178/1178/238 1160/1160/238 1170/1170/243
f 1176/1176/240 1173/1173/240 1163/1163/240 1162/1162/240
f 1173/1173/240 1172/1172/240 1171/1171/240 1163/1163/240
f 1172/1172/244 1175/1175/244 1169/1169/244 1171/1171/244
f 1175/1175/238 1174/1174/238 1167/1167/238 1169/1169/238
f 1174/1174/238 1177/1177/238 1165/1165/238 1167/1167/238
f 1177/1177/245 1176/1176/245 1162/1162/245 1165/1165/245
f 1143/1143/246 1146/1146/246 1148/1148/246 1144/1144/246
f 1149/1149/247 1152/1152/247 1155/1155/247 1150/1150/247
f 1179/1179/248 1180/1180/248 1181/1181/248 1182/1182/248 1183/1183/248
f 1184/1184/249 1185/1185/249 1186/1186/249 1187/1187/249
f 1188/1188/250 1189/1189/250 1190/1190/250 1191/1191/250
f 1179/1179/251 1183/1183/251 1192/1192/251 1193/1193/251
f 1181/1181/252 1180/1180/252 1194/1194/252 1195/1195/252
f 1193/1193/253 1192/1192/253 1184/1184/253 1187/1187/253
f 1192/1192/254 1196/1196/254 1185/1185/254 1184/1184/254
f 1196/1196/255 1197/1197/255 1186/1186/255 1185/1185/255
f 1197/1197/256 1193/1193/256 1187/1187/256 1186/1186/256
f 1195/1195/257 1194/1194/257 1188/1188/257 1191/1191/257
f 1194/1194/258 1198/1198/258 1189/1189/258 1188/1188/258
f 1198/1198/259 1199/1199/259 1190/1190/259 1189/1189/259
f 1199/1199/260 1195/1195/260 1191/1191/260 1190/1190/260
f 1200/1200/261 1201/1201/261 1202/1202/261 1203/1203/261
f 1203/1203/262 1202/1202/262 1204/1204/262 1205/1205/262
f 1205/1205/263 1204/1204/263 1206/1206/263 1207/1207/263
f 1207/1207/264 1206/1206/264 1201/1201/264 1200/1200/264
f 1205/1205/265 1207/1207/265 1200/1200/265 1203/1203/265
f 1204/1204/266 1202/1202/266 1201/1201/266 1206/1206/266
f 1208/1208/261 1209/1209/261 1210/1210/261 1211/1211/261
f 1212/1212/267 1213/1213/267 1214/1214/267 1215/1215/267
f 1215/1215/263 1214/1214/263 1216/1216/263 1217/1217/263
f 1217/1217/268 1216/1216/268 1218/1218/268 1219/1219/268
f 1215/1215/269 1217/1217/269 1219/1219/269 1212/1212/269
f 1214/1214/270 1213/1213/270 1218/1218/270 1216/1216/270
f 1219/1219/271 1218/1218/271 1209/1209/271 1208/1208/271
f 1218/1218/272 1213/1213/272 1210/1210/272 1209/1209/272
f 1213/1213/273 1212/1212/273 1211/1211/273 1210/1210/273
f 1212/1212/274 1219/1219/274 1208/1208/274 1211/1211/274
f 1220/1220/261 1221/1221/261 1222/1222/261 1223/1223/261
f 1223/1223/262 1222/1222/262 1224/1224/262 1225/1225/262
f 1225/1225/263 1224/1224/263 1226/1226/263 1227/1227/263
f 1227/1227/264 1226/1226/264 1221/1221/264 1220/1220/264
f 1225/1225/265 1227/1227/265 1220/1220/265 1223/1223/265
f 1224/1224/266 1222/1222/266 1221/1221/266 1226/1226/266
f 1228/1228/261 1229/1229/261 1230/1230/261 1231/1231/261
f 1232/1232/267 1233/1233/267 1234/1234/267 1235/1235/267
f 1235/1235/263 1234/1234/263 1236/1236/263 1237/1237/263
f 1237/1237/268 1236/1236/268 1238/1238/268 1239/1239/268
f 1235/1235/269 1237/1237/269 1239/1239/269 1232/1232/269
f 1234/1234/270 1233/1233/270 1238/1238/270 1236/1236/270
f 1239/1239/271 1238/1238/271 1229/1229/271 1228/1228/271
f 1238/1238/272 1233/1233/272 1230/1230/272 1229/1229/272
f 1233/1233/273 1232/1232/273 1231/1231/273 1230/1230/273
f 1232/1232/274 1239/1239/274 1228/1228/274 1231/1231/274
f 1240/1240/275 1241/1241/275 1242/1242/275 1243/1243/275
f 1244/1244/276 1245/1245/276 1246/1246/276 1247/1247/276
f 1248/1248/277 1249/1249/277 1250/1250/277 1251/1251/277
f 1252/1252/278 1253/1253/278 1254/1254/278 1255/1255/278
f 1243/1243/279 1242/1242/279 1256/1256/279 1257/1257/279
f 1247/1247/280 1246/1246/280 1258/1258/280 1259/1259/280
f 1251/1251/281 1250/1250/281 1260/1260/281 1261/1261/281
f 1255/1255/282 1254/1254/282 1262/1262/282 1263/1263/282
f 1257/1257/283 1256/1256/283 1264/1264/283 1265/1265/283
f 1259/1259/284 1258/1258/284 1266/1266/284 1267/1267/284
f 1261/1261/285 1260/1260/285 1268/1268/285 1269/1269/285
f 1263/1263/286 1262/1262/286 1270/1270/286 1271/1271/286
f 1240/1240/287 1249/1249/287 1248/1248/287 1241/1241/287
f 1269/1269/287 1268/1268/287 1265/1265/287 1264/1264/287
f 1253/1253/288 1240/1240/288 1243/1243/288 1254/1254/288
f 1254/1254/289 1243/1243/289 1257/1257/289 1262/1262/289
f 1262/1262/290 1257/1257/290 1265/1265/290 1270/1270/290
f 1270/1270/291 1265/1265/291 1268/1268/291 1271/1271/291
f 1271/1271/292 1268/1268/292 1260/1260/292 1263/1263/292
f 1263/1263/293 1260/1260/293 1250/1250/293 1255/1255/293
f 1255/1255/294 1250/1250/294 1249/1249/294 1252/1252/294
f 1252/1252/295 1249/1249/295 1240/1240/295 1253/1253/295
f 1247/1247/296 1242/1242/296 1241/1241/296 1244/1244/296
f 1244/1244/297 1241/1241/297 1248/1248/297 1245/1245/297
f 1245/1245/298 1248/1248/298 1251/1251/298 1246/1246/298
f 1246/1246/299 1251/1251/299 1261/1261/299 1258/1258/299
f 1258/1258/300 1261/1261/300 1269/1269/300 1266/1266/300
f 1266/1266/301 1269/1269/301 1264/1264/301 1267/1267/301
f 1267/1267/302 1264/1264/302 1256/1256/302 1259/1259/302
f 1259/1259/303 1256/1256/303 1242/1242/303 1247/1247/303
f 1272/1272/304 1273/1273/304 1274/1274/304 1275/1275/304
f 1276/1276/305 1277/1277/305 1278/1278/305 1279/1279/305
f 1279/1279/306 1278/1278/306 1280/1280/306 1281/1281/306
f 1281/1281/307 1280/1280/307 1282/1282/307 1283/1283/307
f 1283/1283/287 1282/1282/287 1277/1277/287 1276/1276/287
f 1277/1277/308 1272/1272/308 1275/1275/308 1278/1278/308
f 1278/1278/309 1275/1275/309 1274/1274/309 1280/1280/309
f 1280/1280/310 1274/1274/310 1273/1273/310 1282/1282/310
f 1282/1282/311 1273/1273/311 1272/1272/311 1277/1277/311
f 1276/1276/312 1284/1284/312 1285/1285/312 1283/1283/312
f 1283/1283/312 1285/1285/312 1286/1286/312 1281/1281/312
f 1281/1281/312 1286/1286/312 1287/1287/312 1279/1279/312
f 1279/1279/312 1287/1287/312 1284/1284/312 1276/1276/312
f 1288/1288/304 1289/1289/304 1290/1290/304 1291/1291/304
f 1292/1292/305 1293/1293/305 1294/1294/305 1295/1295/305
f 1295/1295/306 1294/1294/306 1296/1296/306 1297/1297/306
f 1297/1297/307 1296/1296/307 1298/1298/307 1299/1299/307
f 1299/1299/287 1298/1298/287 1293/1293/287 1292/1292/287
f 1293/1293/308 1288/1288/308 1291/1291/308 1294/1294/308
f 1294/1294/309 1291/1291/309 1290/1290/309 1296/1296/309
f 1296/1296/310 1290/1290/310 1289/1289/310 1298/1298/310
f 1298/1298/311 1289/1289/311 1288/1288/311 1293/1293/311
f 1292/1292/312 1300/1300/312 1301/1301/312 1299/1299/312
f 1299/1299/312 1301/1301/312 1302/1302/312 1297/1297/312
f 1297/1297/312 1302/1302/312 1303/1303/312 1295/1295/312
f 1295/1295/312 1303/1303/312 1300/1300/312 1292/1292/312
f 1304/1304/313 1305/1305/313 1306/1306/313 1307/1307/313
f 1308/1308/276 1309/1309/276 1310/1310/276 1311/1311/276
f 1312/1312/314 1313/1313/314 1314/1314/314 1315/1315/314
f 1316/1316/278 1317/1317/278 1318/1318/278 1319/1319/278
f 1305/1305/315 1320/1320/315 1321/1321/315 1306/1306/315
f 1309/1309/316 1322/1322/316 1323/1323/316 1310/1310/316
f 1313/1313/317 1324/1324/317 1325/1325/317 1314/1314/317
f 1317/1317/318 1326/1326/318 1327/1327/318 1318/1318/318
f 1320/1320/319 1328/1328/319 1329/1329/319 1321/1321/319
f 1322/1322/284 1330/1330/284 1331/1331/284 1323/1323/284
f 1324/1324/320 1332/1332/320 1333/1333/320 1325/1325/320
f 1326/1326/286 1334/1334/286 1335/1335/286 1327/1327/286
f 1312/1312/306 1315/1315/306 1304/1304/306 1307/1307/306
f 1332/1332/306 1329/1329/306 1328/1328/306 1333/1333/306
f 1319/1319/321 1318/1318/321 1305/1305/321 1304/1304/321
f 1318/1318/322 1327/1327/322 1320/1320/322 1305/1305/322
f 1327/1327/323 1335/1335/323 1328/1328/323 1320/1320/323
f 1335/1335/324 1334/1334/324 1333/1333/324 1328/1328/324
f 1334/1334/325 1326/1326/325 1325/1325/325 1333/1333/325
f 1326/1326/326 1317/1317/326 1314/1314/326 1325/1325/326
f 1317/1317/327 1316/1316/327 1315/1315/327 1314/1314/327
f 1316/1316/328 1319/1319/328 1304/1304/328 1315/1315/328
f 1309/1309/329 1308/1308/329 1307/1307/329 1306/1306/329
f 1308/1308/330 1311/1311/330 1312/1312/330 1307/1307/330
f 1311/1311/331 1310/1310/331 1313/1313/331 1312/1312/331
f 1310/1310/332 1323/1323/332 1324/1324/332 1313/1313/332
f 1323/1323/333 1331/1331/333 1332/1332/333 1324/1324/333
f 1331/1331/334 1330/1330/334 1329/1329/334 1332/1332/334
f 1330/1330/335 1322/1322/335 1321/1321/335 1329/1329/335
f 1322/1322/336 1309/1309/336 1306/1306/336 1321/1321/336
f 1336/1336/304 1337/1337/304 1338/1338/304 1339/1339/304
f 1340/1340/305 1341/1341/305 1342/1342/305 1343/1343/305
f 1341/1341/287 1344/1344/287 1345/1345/287 1342/1342/287
f 1344/1344/307 1346/1346/307 1347/1347/307 1345/1345/307
f 1346/1346/306 1340/1340/306 1343/1343/306 1347/1347/306
f 1343/1343/308 1342/1342/308 1337/1337/308 1336/1336/308
f 1342/1342/311 1345/1345/311 1338/1338/311 1337/1337/311
f 1345/1345/310 1347/1347/310 1339/1339/310 1338/1338/310
f 1347/1347/309 1343/1343/309 1336/1336/309 1339/1339/309
f 1340/1340/312 1346/1346/312 1348/1348/312 1349/1349/312
f 1346/1346/312 1344/1344/312 1350/1350/312 1348/1348/312
f 1344/1344/312 1341/1341/312 1351/1351/312 1350/1350/312
f 1341/1341/312 1340/1340/312 1349/1349/312 1351/1351/312
f 1352/1352/304 1353/1353/304 1354/1354/304 1355/1355/304
f 1356/1356/305 1357/1357/305 1358/1358/305 1359/1359/305
f 1357/1357/287 1360/1360/287 1361/1361/287 1358/1358/287
f 1360/1360/307 1362/1362/307 1363/1363/307 1361/1361/307
f 1362/1362/306 1356/1356/306 1359/1359/306 1363/1363/306
f 1359/1359/308 1358/1358/308 1353/1353/308 1352/1352/308
f 1358/1358/311 1361/1361/311 1354/1354/311 1353/1353/311
f 1361/1361/310 1363/1363/310 1355/1355/310 1354/1354/310
f 1363/1363/309 1359/1359/309 1352/1352/309 1355/1355/309
f 1356/1356/312 1362/1362/312 1364/1364/312 1365/1365/312
f 1362/1362/312 1360/1360/312 1366/1366/312 1364/1364/312
f 1360/1360/312 1357/1357/312 1367/1367/312 1366/1366/312
f 1357/1357/312 1356/1356/312 1365/1365/312 1367/1367/312
f 1368/1368/337 1369/1369/337 1370/1370/337 1371/1371/337
f 1372/1372/338 1373/1373/338 1374/1374/338 1375/1375/338
f 1376/1376/339 1377/1377/339 1378/1378/339 1379/1379/339
f 1380/1380/340 1381/1381/340 1382/1382/340 1383/1383/340
f 1369/1369/337 1384/1384/337 1385/1385/337 1370/1370/337
f 1373/1373/341 1386/1386/341 1387/1387/341 1374/1374/341
f 1377/1377/339 1388/1388/339 1389/1389/339 1378/1378/339
f 1390/1390/342 1391/1391/342 1392/1392/342 1393/1393/342
f 1376/1376/341 1379/1379/341 1368/1368/341 1371/1371/341
f 1388/1388/338 1385/1385/338 1384/1384/338 1389/1389/338
f 1393/1393/343 1394/1394/343 1383/1383/343 1382/1382/343
f 1394/1394/344 1395/1395/344 1380/1380/344 1383/1383/344
f 1395/1395/345 1390/1390/345 1381/1381/345 1380/1380/345
f 1390/1390/346 1393/1393/346 1382/1382/346 1381/1381/346
f 1394/1394/347 1393/1393/347 1369/1369/347 1368/1368/347
f 1393/1393/348 1392/1392/348 1384/1384/348 1369/1369/348
f 1392/1392/349 1391/1391/349 1389/1389/349 1384/1384/349
f 1391/1391/350 1390/1390/350 1378/1378/350 1389/1389/350
f 1390/1390/351 1395/1395/351 1379/1379/351 1378/1378/351
f 1395/1395/352 1394/1394/352 1368/1368/352 1379/1379/352
f 1373/1373/353 1372/1372/353 1371/1371/353 1370/1370/353
f 1372/1372/354 1375/1375/354 1376/1376/354 1371/1371/354
f 1375/1375/355 1374/1374/355 1377/1377/355 1376/1376/355
f 1374/1374/356 1387/1387/356 1388/1388/356 1377/1377/356
f 1387/1387/357 1386/1386/357 1385/1385/357 1388/1388/357
f 1386/1386/358 1373/1373/358 1370/1370/358 1385/1385/358
f 1396/1396/359 1397/1397/359 1398/1398/359
f 1398/1398/359 1399/1399/359 1396/1396/359
f 1397/1397/360 1400/1400/360 1401/1401/360
f 1401/1401/360 1398/1398/360 1397/1397/360
f 1400/1400/361 1402/1402/361 1403/1403/361
f 1403/1403/361 1401/1401/361 1400/1400/361
f 1402/1402/362 1404/1404/362 1405/1405/362
f 1405/1405/362 1403/1403/362 1402/1402/362
f 1404/1404/363 1406/1406/363 1407/1407/363
f 1407/1407/363 1405/1405/363 1404/1404/363
f 1406/1406/364 1408/1408/364 1409/1409/364
f 1409/1409/364 1407/1407/364 1406/1406/364
f 1408/1408/365 1410/1410/365 1411/1411/365
f 1411/1411/365 1409/1409/365 1408/1408/365
f 1410/1410/366 1412/1412/366 1413/1413/366
f 1413/1413/366 1411/1411/366 1410/1410/366
f 1414/1414/367 1415/1415/367 1416/1416/367
f 1416/1416/367 1417/1417/367 1414/1414/367
f 1415/1415/367 1418/1418/367 1419/1419/367
f 1419/1419/367 1416/1416/367 1415/1415/367
f 1418/1418/367 1420/1420/367 1421/1421/367
f 1421/1421/367 1419/1419/367 1418/1418/367
f 1420/1420/367 1422/1422/367 1423/1423/367
f 1423/1423/367 1421/1421/367 1420/1420/367
f 1422/1422/367 1424/1424/367 1425/1425/367
f 1425/1425/367 1423/1423/367 1422/1422/367
f 1424/1424/367 1426/1426/367 1427/1427/367
f 1427/1427/367 1425/1425/367 1424/1424/367
f 1426/1426/367 1428/1428/367 1429/1429/367
f 1429/1429/367 1427/1427/367 1426/1426/367
f 1428/1428/367 1430/1430/367 1431/1431/367
f 1431/1431/367 1429/1429/367 1428/1428/367
f 1432/1432/368 1433/1433/368 1434/1434/368
f 1434/1434/368 1435/1435/368 1432/1432/368
f 1433/1433/368 1436/1436/368 1437/1437/368
f 1437/1437/368 1434/1434/368 1433/1433/368
f 1436/1436/368 1438/1438/368 1439/1439/368
f 1439/1439/368 1437/1437/368 1436/1436/368
f 1438/1438/368 1440/1440/368 1441/1441/368
f 1441/1441/368 1439/1439/368 1438/1438/368
f 1440/1440/368 1442/1442/368 1443/1443/368
f 1443/1443/368 1441/1441/368 1440/1440/368
f 1442/1442/368 1444/1444/368 1445/1445/368
f 1445/1445/368 1443/1443/368 1442/1442/368
f 1444/1444/368 1446/1446/368 1447/1447/368
f 1447/1447/368 1445/1445/368 1444/1444/368
f 1446/1446/368 1448/1448/368 1449/1449/368
f 1449/1449/368 1447/1447/368 1446/1446/368
f 1450/1450/369 1451/1451/369 1452/1452/369
f 1452/1452/369 1453/1453/369 1450/1450/369
f 1451/1451/370 1454/1454/370 1455/1455/370
f 1455/1455/370 1452/1452/370 1451/1451/370
f 1454/1454/371 1456/1456/371 1457/1457/371
f 1457/1457/371 1455/1455/371 1454/1454/371
f 1456/1456/372 1458/1458/372 1459/1459/372
f 1459/1459/372 1457/1457/372 1456/1456/372
f 1458/1458/373 1460/1460/373 1461/1461/373
f 1461/1461/373 1459/1459/373 1458/1458/373
f 1460/1460/374 1462/1462/374 1463/1463/374
f 1463/1463/374 1461/1461/374 1460/1460/374
f 1462/1462/375 1464/1464/375 1465/1465/375
f 1465/1465/375 1463/1463/375 1462/1462/375
f 1464/1464/376 1466/1466/376 1467/1467/376
f 1467/1467/376 1465/1465/376 1464/1464/376
f 1468/1468/373 1469/1469/373 1470/1470/373
f 1470/1470/373 1471/1471/373 1468/1468/373
f 1413/1413/377 1412/1412/377 1471/1471/377
f 1471/1471/377 1470/1470/377 1413/1413/377
f 1414/1414/367 1417/1417/367 1472/1472/367
f 1472/1472/367 1473/1473/367 1414/1414/367
f 1450/1450/378 1453/1453/378 1469/1469/378
f 1469/1469/378 1468/1468/378 1450/1450/378
f 1449/1449/368 1448/1448/368 1474/1474/368
f 1474/1474/368 1475/1475/368 1449/1449/368
f 1466/1466/379 1464/1464/380 1429/1429/380
f 1429/1429/380 1431/1431/379 1466/1466/379
f 1464/1464/381 1462/1462/382 1427/1427/382
f 1427/1427/382 1429/1429/383 1464/1464/381
f 1462/1462/384 1460/1460/385 1425/1425/385
f 1425/1425/385 1427/1427/384 1462/1462/384
f 1460/1460/386 1458/1458/386 1423/1423/386
f 1423/1423/386 1425/1425/386 1460/1460/386
f 1458/1458/387 1456/1456/388 1421/1421/388
f 1421/1421/388 1423/1423/387 1458/1458/387
f 1456/1456/389 1454/1454/389 1419/1419/389
f 1419/1419/389 1421/1421/389 1456/1456/389
f 1454/1454/390 1451/1451/391 1416/1416/391
f 1416/1416/391 1419/1419/390 1454/1454/390
f 1451/1451/392 1450/1450/392 1417/1417/392
f 1417/1417/392 1416/1416/392 1451/1451/392
f 1450/1450/393 1468/1468/393 1472/1472/393
f 1472/1472/393 1417/1417/394 1450/1450/393
f 1468/1468/386 1471/1471/386 1473/1473/386
f 1473/1473/386 1472/1472/386 1468/1468/386
f 1471/1471/395 1412/1412/395 1414/1414/395
f 1414/1414/395 1473/1473/396 1471/1471/395
f 1412/1412/397 1410/1410/398 1415/1415/398
f 1415/1415/398 1414/1414/397 1412/1412/397
f 1410/1410/399 1408/1408/399 1418/1418/399
f 1418/1418/399 1415/1415/399 1410/1410/399
f 1408/1408/400 1406/1406/400 1420/1420/400
f 1420/1420/400 1418/1418/400 1408/1408/400
f 1406/1406/401 1404/1404/401 1422/1422/401
f 1422/1422/401 1420/1420/401 1406/1406/401
f 1404/1404/402 1402/1402/402 1424/1424/402
f 1424/1424/402 1422/1422/402 1404/1404/402
f 1402/1402/403 1400/1400/404 1426/1426/404
f 1426/1426/404 1424/1424/403 1402/1402/403
f 1400/1400/405 1397/1397/405 1428/1428/405
f 1428/1428/405 1426/1426/405 1400/1400/405
f 1397/1397/406 1396/1396/407 1430/1430/407
f 1430/1430/407 1428/1428/406 1397/1397/406
f 1399/1399/408 1398/1398/408 1433/1433/408
f 1433/1433/408 1432/1432/408 1399/1399/408
f 1398/1398/409 1401/1401/409 1436/1436/409
f 1436/1436/409 1433/1433/409 1398/1398/409
f 1401/1401/410 1403/1403/411 1438/1438/411
f 1438/1438/411 1436/1436/410 1401/1401/410
f 1403/1403/412 1405/1405/412 1440/1440/412
f 1440/1440/412 1438/1438/412 1403/1403/412
f 1405/1405/413 1407/1407/414 1442/1442/414
f 1442/1442/414 1440/1440/413 1405/1405/413
f 1407/1407/415 1409/1409/415 1444/1444/415
f 1444/1444/415 1442/1442/415 1407/1407/415
f 1409/1409/416 1411/1411/416 1446/1446/416
f 1446/1446/416 1444/1444/416 1409/1409/416
f 1411/1411/417 1413/1413/417 1448/1448/417
f 1448/1448/417 1446/1446/417 1411/1411/417
f 1413/1413/418 1470/1470/418 1474/1474/418
f 1474/1474/418 1448/1448/418 1413/1413/418
f 1470/1470/419 1469/1469/419 1475/1475/419
f 1475/1475/419 1474/1474/419 1470/1470/419
f 1469/1469/420 1453/1453/420 1449/1449/420
f 1449/1449/420 1475/1475/420 1469/1469/420
f 1453/1453/421 1452/1452/422 1447/1447/422
f 1447/1447/422 1449/1449/421 1453/1453/421
f 1452/1452/423 1455/1455/423 1445/1445/423
f 1445/1445/423 1447/1447/423 1452/1452/423
f 1455/1455/424 1457/1457/425 1443/1443/426
f 1443/1443/426 1445/1445/424 1455/1455/424
f 1457/1457/427 1459/1459/428 1441/1441/428
f 1441/1441/428 1443/1443/427 1457/1457/427
f 1459/1459/419 1461/1461/419 1439/1439/419
f 1439/1439/419 1441/1441/419 1459/1459/419
f 1461/1461/429 1463/1463/429 1437/1437/429
f 1437/1437/429 1439/1439/429 1461/1461/429
f 1463/1463/430 1465/1465/431 1434/1434/430
f 1434/1434/430 1437/1437/432 1463/1463/430
f 1465/1465/433 1467/1467/434 1435/1435/433
f 1435/1435/433 1434/1434/433 1465/1465/433
f 1432/1432/372 1435/1435/372 1467/1467/372
f 1467/1467/372 1466/1466/372 1431/1431/372
f 1431/1431/372 1430/1430/372 1396/1396/372
f 1467/1467/372 1431/1431/372 1396/1396/372
f 1432/1432/372 1467/1467/372 1396/1396/372
f 1399/1399/372 1432/1432/372 1396/1396/372
f 1476/1476/359 1477/1477/359 1478/1478/359
f 1478/1478/359 1479/1479/359 1476/1476/359
f 1477/1477/360 1480/1480/360 1481/1481/360
f 1481/1481/360 1478/1478/360 1477/1477/360
f 1480/1480/361 1482/1482/361 1483/1483/361
f 1483/1483/361 1481/1481/361 1480/1480/361
f 1482/1482/362 1484/1484/362 1485/1485/362
f 1485/1485/362 1483/1483/362 1482/1482/362
f 1484/1484/363 1486/1486/363 1487/1487/363
f 1487/1487/363 1485/1485/363 1484/1484/363
f 1486/1486/364 1488/1488/364 1489/1489/364
f 1489/1489/364 1487/1487/364 1486/1486/364
f 1488/1488/365 1490/1490/365 1491/1491/365
f 1491/1491/365 1489/1489/365 1488/1488/365
f 1490/1490/366 1492/1492/366 1493/1493/366
f 1493/1493/366 1491/1491/366 1490/1490/366
f 1494/1494/367 1495/1495/367 1496/1496/367
f 1496/1496/367 1497/1497/367 1494/1494/367
f 1495/1495/367 1498/1498/367 1499/1499/367
f 1499/1499/367 1496/1496/367 1495/1495/367
f 1498/1498/367 1500/1500/367 1501/1501/367
f 1501/1501/367 1499/1499/367 1498/1498/367
f 1500/1500/367 1502/1502/367 1503/1503/367
f 1503/1503/367 1501/1501/367 1500/1500/367
f 1502/1502/367 1504/1504/367 1505/1505/367
f 1505/1505/367 1503/1503/367 1502/1502/367
f 1504/1504/367 1506/1506/367 1507/1507/367
f 1507/1507/367 1505/1505/367 1504/1504/367
f 1506/1506/367 1508/1508/367 1509/1509/367
f 1509/1509/367 1507/1507/367 1506/1506/367
f 1508/1508/367 1510/1510/367 1511/1511/367
f 1511/1511/367 1509/1509/367 1508/1508/367
f 1512/1512/368 1513/1513/368 1514/1514/368
f 1514/1514/368 1515/1515/368 1512/1512/368
f 1513/1513/368 1516/1516/368 1517/1517/368
f 1517/1517/368 1514/1514/368 1513/1513/368
f 1516/1516/368 1518/1518/368 1519/1519/368
f 1519/1519/368 1517/1517/368 1516/1516/368
f 1518/1518/368 1520/1520/368 1521/1521/368
f 1521/1521/368 1519/1519/368 1518/1518/368
f 1520/1520/368 1522/1522/368 1523/1523/368
f 1523/1523/368 1521/1521/368 1520/1520/368
f 1522/1522/368 1524/1524/368 1525/1525/368
f 1525/1525/368 1523/1523/368 1522/1522/368
f 1524/1524/368 1526/1526/368 1527/1527/368
f 1527/1527/368 1525/1525/368 1524/1524/368
f 1526/1526/368 1528/1528/368 1529/1529/368
f 1529/1529/368 1527/1527/368 1526/1526/368
f 1530/1530/369 1531/1531/369 1532/1532/369
f 1532/1532/369 1533/1533/369 1530/1530/369
f 1531/1531/370 1534/1534/370 1535/1535/370
f 1535/1535/370 1532/1532/370 1531/1531/370
f 1534/1534/371 1536/1536/371 1537/1537/371
f 1537/1537/371 1535/1535/371 1534/1534/371
f 1536/1536/372 1538/1538/372 1539/1539/372
f 1539/1539/372 1537/1537/372 1536/1536/372
f 1538/1538/373 1540/1540/373 1541/1541/373
f 1541/1541/373 1539/1539/373 1538/1538/373
f 1540/1540/374 1542/1542/374 1543/1543/374
f 1543/1543/374 1541/1541/374 1540/1540/374
f 1542/1542/375 1544/1544/375 1545/1545/375
f 1545/1545/375 1543/1543/375 1542/1542/375
f 1544/1544/376 1546/1546/376 1547/1547/376
f 1547/1547/376 1545/1545/376 1544/1544/376
f 1548/1548/373 1549/1549/373 1550/1550/373
f 1550/1550/373 1551/1551/373 1548/1548/373
f 1493/1493/377 1492/1492/377 1551/1551/377
f 1551/1551/377 1550/1550/377 1493/1493/377
f 1494/1494/367 1497/1497/367 1552/1552/367
f 1552/1552/367 1553/1553/367 1494/1494/367
f 1530/1530/378 1533/1533/378 1549/1549/378
f 1549/1549/378 1548/1548/378 1530/1530/378
f 1529/1529/368 1528/1528/368 1554/1554/368
f 1554/1554/368 1555/1555/368 1529/1529/368
f 1546/1546/380 1544/1544/380 1509/1509/380
f 1509/1509/380 1511/1511/380 1546/1546/380
f 1544/1544/435 1542/1542/435 1507/1507/435
f 1507/1507/435 1509/1509/435 1544/1544/435
f 1542/1542/384 1540/1540/436 1505/1505/436
f 1505/1505/436 1507/1507/384 1542/1542/384
f 1540/1540/386 1538/1538/386 1503/1503/386
f 1503/1503/386 1505/1505/386 1540/1540/386
f 1538/1538/437 1536/1536/387 1501/1501/387
f 1501/1501/387 1503/1503/437 1538/1538/437
f 1536/1536/389 1534/1534/389 1499/1499/389
f 1499/1499/389 1501/1501/389 1536/1536/389
f 1534/1534/390 1531/1531/390 1496/1496/390
f 1496/1496/390 1499/1499/390 1534/1534/390
f 1531/1531/438 1530/1530/392 1497/1497/392
f 1497/1497/392 1496/1496/438 1531/1531/438
f 1530/1530/393 1548/1548/393 1552/1552/393
f 1552/1552/393 1497/1497/394 1530/1530/393
f 1548/1548/386 1551/1551/386 1553/1553/386
f 1553/1553/386 1552/1552/386 1548/1548/386
f 1551/1551/395 1492/1492/395 1494/1494/395
f 1494/1494/395 1553/1553/395 1551/1551/395
f 1492/1492/397 1490/1490/398 1495/1495/398
f 1495/1495/398 1494/1494/397 1492/1492/397
f 1490/1490/399 1488/1488/399 1498/1498/399
f 1498/1498/399 1495/1495/399 1490/1490/399
f 1488/1488/439 1486/1486/440 1500/1500/440
f 1500/1500/440 1498/1498/441 1488/1488/439
f 1486/1486/401 1484/1484/442 1502/1502/442
f 1502/1502/442 1500/1500/401 1486/1486/401
f 1484/1484/402 1482/1482/402 1504/1504/402
f 1504/1504/402 1502/1502/402 1484/1484/402
f 1482/1482/404 1480/1480/403 1506/1506/403
f 1506/1506/403 1504/1504/404 1482/1482/404
f 1480/1480/443 1477/1477/444 1508/1508/444
f 1508/1508/444 1506/1506/443 1480/1480/443
f 1477/1477/407 1476/1476/407 1510/1510/407
f 1510/1510/407 1508/1508/407 1477/1477/407
f 1479/1479/408 1478/1478/445 1513/1513/446
f 1513/1513/446 1512/1512/408 1479/1479/408
f 1478/1478/409 1481/1481/409 1516/1516/409
f 1516/1516/409 1513/1513/409 1478/1478/409
f 1481/1481/410 1483/1483/447 1518/1518/447
f 1518/1518/447 1516/1516/410 1481/1481/410
f 1483/1483/412 1485/1485/412 1520/1520/412
f 1520/1520/412 1518/1518/412 1483/1483/412
f 1485/1485/448 1487/1487/449 1522/1522/449
f 1522/1522/449 1520/1520/448 1485/1485/448
f 1487/1487/415 1489/1489/415 1524/1524/415
f 1524/1524/415 1522/1522/415 1487/1487/415
f 1489/1489/416 1491/1491/416 1526/1526/416
f 1526/1526/416 1524/1524/416 1489/1489/416
f 1491/1491/417 1493/1493/450 1528/1528/450
f 1528/1528/450 1526/1526/417 1491/1491/417
f 1493/1493/451 1550/1550/452 1554/1554/452
f 1554/1554/452 1528/1528/451 1493/1493/451
f 1550/1550/419 1549/1549/419 1555/1555/419
f 1555/1555/419 1554/1554/419 1550/1550/419
f 1549/1549/420 1533/1533/453 1529/1529/453
f 1529/1529/453 1555/1555/420 1549/1549/420
f 1533/1533/422 1532/1532/421 1527/1527/421
f 1527/1527/421 1529/1529/422 1533/1533/422
f 1532/1532/423 1535/1535/454 1525/1525/454
f 1525/1525/454 1527/1527/423 1532/1532/423
f 1535/1535/426 1537/1537/455 1523/1523/455
f 1523/1523/455 1525/1525/426 1535/1535/426
f 1537/1537/456 1539/1539/456 1521/1521/456
f 1521/1521/456 1523/1523/456 1537/1537/456
f 1539/1539/419 1541/1541/419 1519/1519/419
f 1519/1519/419 1521/1521/419 1539/1539/419
f 1541/1541/457 1543/1543/457 1517/1517/457
f 1517/1517/457 1519/1519/457 1541/1541/457
f 1543/1543/430 1545/1545/430 1514/1514/430
f 1514/1514/430 1517/1517/430 1543/1543/430
f 1545/1545/433 1547/1547/458 1515/1515/458
f 1515/1515/458 1514/1514/433 1545/1545/433
f 1512/1512/372 1515/1515/372 1547/1547/372
f 1547/1547/372 1546/1546/372 1511/1511/372
f 1511/1511/372 1510/1510/459 1476/1476/372
f 1547/1547/372 1511/1511/372 1476/1476/372
f 1512/1512/372 1547/1547/372 1476/1476/372
f 1479/1479/372 1512/1512/372 1476/1476/372
f 1556/1556/368 1557/1557/368 1558/1558/368
f 1558/1558/368 1559/1559/368 1556/1556/368
f 1560/1560/460 1561/1561/460 1562/1562/460
f 1562/1562/460 1563/1563/460 1560/1560/460
f 1564/1564/367 1565/1565/367 1566/1566/367
f 1566/1566/367 1567/1567/367 1564/1564/367
f 1568/1568/461 1569/1569/461 1570/1570/461
f 1570/1570/461 1571/1571/461 1568/1568/461
f 1572/1572/368 1556/1556/368 1559/1559/368
f 1559/1559/368 1573/1573/368 1572/1572/368
f 1574/1574/362 1560/1560/362 1563/1563/362
f 1563/1563/362 1575/1575/362 1574/1574/362
f 1576/1576/367 1564/1564/367 1567/1567/367
f 1567/1567/367 1577/1577/367 1576/1576/367
f 1578/1578/373 1568/1568/373 1571/1571/373
f 1571/1571/373 1579/1579/373 1578/1578/373
f 1580/1580/368 1572/1572/368 1573/1573/368
f 1573/1573/368 1581/1581/368 1580/1580/368
f 1582/1582/462 1574/1574/462 1575/1575/462
f 1575/1575/462 1583/1583/462 1582/1582/462
f 1584/1584/367 1576/1576/367 1577/1577/367
f 1577/1577/367 1585/1585/367 1584/1584/367
f 1586/1586/463 1578/1578/463 1579/1579/463
f 1579/1579/463 1587/1587/463 1586/1586/463
f 1566/1566/464 1565/1565/464 1558/1558/464
f 1558/1558/464 1557/1557/464 1566/1566/464
f 1581/1581/465 1584/1584/465 1585/1585/465
f 1585/1585/465 1580/1580/465 1581/1581/465
f 1569/1569/466 1568/1568/466 1559/1559/466
f 1559/1559/466 1558/1558/467 1569/1569/466
f 1568/1568/468 1578/1578/468 1573/1573/468
f 1573/1573/468 1559/1559/468 1568/1568/468
f 1578/1578/469 1586/1586/470 1581/1581/470
f 1581/1581/470 1573/1573/469 1578/1578/469
f 1586/1586/471 1587/1587/471 1584/1584/471
f 1584/1584/471 1581/1581/471 1586/1586/471
f 1587/1587/472 1579/1579/472 1576/1576/472
f 1576/1576/472 1584/1584/472 1587/1587/472
f 1579/1579/473 1571/1571/473 1564/1564/473
f 1564/1564/473 1576/1576/473 1579/1579/473
f 1571/1571/474 1570/1570/475 1565/1565/475
f 1565/1565/475 1564/1564/474 1571/1571/474
f 1570/1570/476 1569/1569/477 1558/1558/477
f 1558/1558/477 1565/1565/476 1570/1570/476
f 1563/1563/478 1562/1562/479 1557/1557/479
f 1557/1557/479 1556/1556/478 1563/1563/478
f 1562/1562/480 1561/1561/480 1566/1566/480
f 1566/1566/480 1557/1557/480 1562/1562/480
f 1561/1561/481 1560/1560/482 1567/1567/482
f 1567/1567/482 1566/1566/481 1561/1561/481
f 1560/1560/483 1574/1574/483 1577/1577/483
f 1577/1577/483 1567/1567/483 1560/1560/483
f 1574/1574/484 1582/1582/485 1585/1585/485
f 1585/1585/485 1577/1577/484 1574/1574/484
f 1582/1582/486 1583/1583/487 1580/1580/487
f 1580/1580/487 1585/1585/486 1582/1582/486
f 1583/1583/488 1575/1575/489 1572/1572/489
f 1572/1572/489 1580/1580/488 1583/1583/488
f 1575/1575/490 1563/1563/490 1556/1556/490
f 1556/1556/490 1572/1572/490 1575/1575/490
f 1588/1588/368 1589/1589/368 1590/1590/368
f 1590/1590/368 1591/1591/368 1588/1588/368
f 1592/1592/460 1593/1593/460 1594/1594/460
f 1594/1594/460 1595/1595/460 1592/1592/460
f 1596/1596/367 1597/1597/367 1598/1598/367
f 1598/1598/367 1599/1599/367 1596/1596/367
f 1600/1600/461 1601/1601/461 1602/1602/461
f 1602/1602/461 1603/1603/461 1600/1600/461
f 1604/1604/368 1588/1588/368 1591/1591/368
f 1591/1591/368 1605/1605/368 1604/1604/368
f 1606/1606/362 1592/1592/362 1595/1595/362
f 1595/1595/362 1607/1607/362 1606/1606/362
f 1608/1608/367 1596/1596/367 1599/1599/367
f 1599/1599/367 1609/1609/367 1608/1608/367
f 1610/1610/373 1600/1600/373 1603/1603/373
f 1603/1603/373 1611/1611/373 1610/1610/373
f 1612/1612/368 1604/1604/368 1605/1605/368
f 1605/1605/368 1613/1613/368 1612/1612/368
f 1614/1614/462 1606/1606/462 1607/1607/462
f 1607/1607/462 1615/1615/462 1614/1614/462
f 1616/1616/367 1608/1608/367 1609/1609/367
f 1609/1609/367 1617/1617/367 1616/1616/367
f 1618/1618/463 1610/1610/463 1611/1611/463
f 1611/1611/463 1619/1619/463 1618/1618/463
f 1598/1598/464 1597/1597/464 1590/1590/464
f 1590/1590/464 1589/1589/464 1598/1598/464
f 1613/1613/465 1616/1616/465 1617/1617/465
f 1617/1617/465 1612/1612/465 1613/1613/465
f 1601/1601/491 1600/1600/467 1591/1591/467
f 1591/1591/467 1590/1590/491 1601/1601/491
f 1600/1600/468 1610/1610/468 1605/1605/468
f 1605/1605/468 1591/1591/468 1600/1600/468
f 1610/1610/470 1618/1618/469 1613/1613/469
f 1613/1613/469 1605/1605/470 1610/1610/470
f 1618/1618/471 1619/1619/471 1616/1616/471
f 1616/1616/471 1613/1613/471 1618/1618/471
f 1619/1619/472 1611/1611/492 1608/1608/492
f 1608/1608/492 1616/1616/472 1619/1619/472
f 1611/1611/473 1603/1603/473 1596/1596/473
f 1596/1596/473 1608/1608/473 1611/1611/473
f 1603/1603/475 1602/1602/474 1597/1597/474
f 1597/1597/474 1596/1596/475 1603/1603/475
f 1602/1602/476 1601/1601/477 1590/1590/477
f 1590/1590/477 1597/1597/476 1602/1602/476
f 1595/1595/493 1594/1594/479 1589/1589/479
f 1589/1589/479 1588/1588/493 1595/1595/493
f 1594/1594/480 1593/1593/494 1598/1598/494
f 1598/1598/494 1589/1589/480 1594/1594/480
f 1593/1593/481 1592/1592/495 1599/1599/495
f 1599/1599/495 1598/1598/481 1593/1593/481
f 1592/1592/483 1606/1606/483 1609/1609/483
f 1609/1609/483 1599/1599/483 1592/1592/483
f 1606/1606/485 1614/1614/485 1617/1617/485
f 1617/1617/485 1609/1609/485 1606/1606/485
f 1614/1614/487 1615/1615/486 1612/1612/486
f 1612/1612/486 1617/1617/487 1614/1614/487
f 1615/1615/489 1607/1607/489 1604/1604/489
f 1604/1604/489 1612/1612/489 1615/1615/489
f 1607/1607/490 1595/1595/490 1588/1588/490
f 1588/1588/490 1604/1604/490 1607/1607/490
f 1620/1620/496 1621/1621/497 1622/1622/497
f 1622/1622/497 1623/1623/496 1620/1620/496
f 1624/1624/373 1625/1625/373 1626/1626/373
f 1626/1626/373 1627/1627/373 1624/1624/373
f 1625/1625/368 1628/1628/368 1629/1629/368
f 1629/1629/368 1630/1630/368 1631/1631/368
f 1625/1625/368 1629/1629/368 1631/1631/368
f 1625/1625/368 1631/1631/368 1632/1632/368
f 1625/1625/368 1632/1632/368 1626/1626/368
f 1633/1633/362 1634/1634/362 1635/1635/362
f 1635/1635/362 1636/1636/498 1633/1633/362
f 1637/1637/367 1638/1638/367 1639/1639/367
f 1639/1639/367 1640/1640/367 1637/1637/367
f 1641/1641/378 1642/1642/378 1621/1621/378
f 1621/1621/378 1620/1620/378 1641/1641/378
f 1643/1643/499 1644/1644/499 1645/1645/499
f 1645/1645/499 1646/1646/499 1643/1643/499
f 1634/1634/362 1633/1633/362 1647/1647/362
f 1647/1647/362 1648/1648/362 1634/1634/362
f 1630/1630/368 1629/1629/368 1649/1649/368
f 1633/1633/368 1630/1630/368 1649/1649/368
f 1633/1633/368 1649/1649/368 1647/1647/368
f 1650/1650/373 1651/1651/373 1646/1646/373
f 1646/1646/373 1645/1645/373 1650/1650/373
f 1652/1652/367 1634/1634/367 1648/1648/367
f 1653/1653/367 1652/1652/367 1648/1648/367
f 1653/1653/367 1648/1648/367 1654/1654/367
f 1655/1655/368 1656/1656/368 1657/1657/368
f 1657/1657/368 1658/1658/368 1655/1655/368
f 1653/1653/367 1659/1659/367 1624/1624/367
f 1624/1624/367 1627/1627/367 1660/1660/367
f 1653/1653/367 1624/1624/367 1660/1660/367
f 1652/1652/367 1653/1653/367 1660/1660/367
f 1652/1652/367 1660/1660/367 1661/1661/367
f 1634/1634/362 1662/1662/362 1663/1663/362
f 1634/1634/362 1663/1663/362 1664/1664/362
f 1635/1635/362 1634/1634/362 1664/1664/362
f 1665/1665/378 1666/1666/378 1667/1667/378
f 1667/1667/378 1668/1668/378 1665/1665/378
f 1652/1652/373 1661/1661/373 1669/1669/373
f 1652/1652/373 1669/1669/373 1670/1670/373
f 1652/1652/373 1670/1670/373 1671/1671/373
f 1672/1672/378 1673/1673/378 1674/1674/378
f 1674/1674/378 1675/1675/378 1672/1672/378
f 1636/1636/498 1676/1676/500 1677/1677/501
f 1636/1636/498 1677/1677/501 1678/1678/362
f 1633/1633/362 1636/1636/498 1678/1678/362
f 1679/1679/373 1680/1680/373 1681/1681/373
f 1630/1630/373 1679/1679/373 1681/1681/373
f 1631/1631/373 1630/1630/373 1681/1681/373
f 1670/1670/502 1663/1663/503 1639/1639/503
f 1639/1639/503 1638/1638/502 1670/1670/502
f 1663/1663/504 1662/1662/504 1640/1640/504
f 1640/1640/504 1639/1639/504 1663/1663/504
f 1662/1662/505 1671/1671/505 1637/1637/505
f 1637/1637/505 1640/1640/505 1662/1662/505
f 1671/1671/506 1670/1670/506 1638/1638/506
f 1638/1638/506 1637/1637/506 1671/1671/506
f 1679/1679/507 1678/1678/507 1655/1655/507
f 1655/1655/507 1658/1658/507 1679/1679/507
f 1678/1678/508 1677/1677/508 1656/1656/508
f 1656/1656/508 1655/1655/508 1678/1678/508
f 1677/1677/509 1680/1680/509 1657/1657/509
f 1657/1657/509 1656/1656/509 1677/1677/509
f 1680/1680/510 1679/1679/510 1658/1658/510
f 1658/1658/510 1657/1657/510 1680/1680/510
f 1629/1629/511 1653/1653/512 1651/1651/512
f 1651/1651/512 1650/1650/511 1629/1629/511
f 1653/1653/513 1654/1654/513 1646/1646/513
f 1646/1646/513 1651/1651/513 1653/1653/513
f 1654/1654/514 1648/1648/515 1643/1643/515
f 1643/1643/515 1646/1646/514 1654/1654/514
f 1648/1648/516 1647/1647/517 1644/1644/517
f 1644/1644/517 1643/1643/516 1648/1648/516
f 1647/1647/518 1649/1649/519 1645/1645/519
f 1645/1645/519 1644/1644/518 1647/1647/518
f 1649/1649/520 1629/1629/520 1650/1650/520
f 1650/1650/520 1645/1645/520 1649/1649/520
f 1624/1624/521 1659/1659/522 1620/1620/522
f 1620/1620/522 1623/1623/521 1624/1624/521
f 1659/1659/523 1653/1653/524 1641/1641/524
f 1641/1641/524 1620/1620/523 1659/1659/523
f 1653/1653/525 1629/1629/526 1642/1642/526
f 1642/1642/526 1641/1641/525 1653/1653/525
f 1629/1629/527 1628/1628/528 1621/1621/528
f 1621/1621/528 1642/1642/527 1629/1629/527
f 1628/1628/529 1625/1625/530 1622/1622/531
f 1622/1622/531 1621/1621/529 1628/1628/529
f 1625/1625/532 1624/1624/532 1623/1623/532
f 1623/1623/532 1622/1622/532 1625/1625/532
f 1634/1634/527 1652/1652/528 1666/1666/528
f 1666/1666/528 1665/1665/527 1634/1634/527
f 1652/1652/533 1671/1671/534 1667/1667/534
f 1667/1667/534 1666/1666/533 1652/1652/533
f 1671/1671/523 1662/1662/535 1668/1668/535
f 1668/1668/535 1667/1667/523 1671/1671/523
f 1662/1662/526 1634/1634/525 1665/1665/525
f 1665/1665/525 1668/1668/526 1662/1662/526
f 1630/1630/524 1633/1633/535 1673/1673/535
f 1673/1673/535 1672/1672/524 1630/1630/524
f 1633/1633/526 1678/1678/525 1674/1674/525
f 1674/1674/525 1673/1673/526 1633/1633/526
f 1678/1678/527 1679/1679/528 1675/1675/527
f 1675/1675/527 1674/1674/527 1678/1678/527
f 1679/1679/533 1630/1630/534 1672/1672/534
f 1672/1672/534 1675/1675/533 1679/1679/533
f 1660/1660/373 1632/1632/373 1682/1682/373
f 1682/1682/373 1683/1683/373 1660/1660/373
f 1636/1636/498 1635/1635/362 1684/1684/362
f 1684/1684/362 1685/1685/362 1636/1636/498
f 1627/1627/377 1626/1626/377 1632/1632/377
f 1632/1632/377 1660/1660/377 1627/1627/377
f 1685/1685/536 1684/1684/536 1683/1683/536
f 1683/1683/536 1682/1682/536 1685/1685/536
f 1686/1686/368 1687/1687/368 1688/1688/368
f 1688/1688/368 1689/1689/368 1690/1690/368
f 1686/1686/368 1688/1688/368 1690/1690/368
f 1691/1691/367 1692/1692/367 1693/1693/367
f 1694/1694/367 1691/1691/367 1693/1693/367
f 1695/1695/367 1694/1694/367 1693/1693/367
f 1685/1685/536 1682/1682/536 1696/1696/536
f 1696/1696/536 1697/1697/536 1685/1685/536
f 1682/1682/373 1632/1632/373 1698/1698/373
f 1698/1698/373 1696/1696/373 1682/1682/373
f 1632/1632/378 1631/1631/378 1681/1681/378
f 1681/1681/378 1698/1698/378 1632/1632/378
f 1636/1636/498 1685/1685/362 1697/1697/362
f 1697/1697/362 1676/1676/500 1636/1636/498
f 1681/1681/377 1680/1680/377 1677/1677/377
f 1677/1677/377 1676/1676/377 1681/1681/377
f 1683/1683/536 1684/1684/536 1699/1699/536
f 1699/1699/536 1700/1700/536 1683/1683/536
f 1684/1684/362 1635/1635/362 1664/1664/362
f 1664/1664/362 1699/1699/362 1684/1684/362
f 1661/1661/378 1660/1660/378 1701/1701/378
f 1701/1701/378 1669/1669/378 1661/1661/378
f 1660/1660/373 1683/1683/373 1700/1700/373
f 1700/1700/373 1701/1701/373 1660/1660/373
f 1664/1664/377 1663/1663/377 1670/1670/377
f 1670/1670/377 1669/1669/377 1664/1664/377
f 1697/1697/537 1696/1696/538 1686/1686/538
f 1686/1686/538 1690/1690/537 1697/1697/537
f 1696/1696/539 1698/1698/539 1687/1687/539
f 1687/1687/539 1686/1686/539 1696/1696/539
f 1698/1698/540 1681/1681/541 1688/1688/541
f 1688/1688/541 1687/1687/540 1698/1698/540
f 1681/1681/541 1676/1676/540 1689/1689/540
f 1689/1689/540 1688/1688/541 1681/1681/541
f 1676/1676/542 1697/1697/543 1690/1690/543
f 1690/1690/543 1689/1689/542 1676/1676/542
f 1700/1700/544 1699/1699/545 1691/1691/545
f 1691/1691/545 1694/1694/544 1700/1700/544
f 1699/1699/546 1664/1664/546 1692/1692/546
f 1692/1692/546 1691/1691/546 1699/1699/546
f 1664/1664/547 1669/1669/548 1693/1693/548
f 1693/1693/548 1692/1692/547 1664/1664/547
f 1669/1669/548 1701/1701/548 1695/1695/548
f 1695/1695/548 1693/1693/548 1669/1669/548
f 1701/1701/549 1700/1700/549 1694/1694/549
f 1694/1694/549 1695/1695/549 1701/1701/549
f 1702/1702/550 1703/1703/550 1704/1704/550
f 1703/1703/550 1705/1705/550 1706/1706/550
f 1705/1705/550 1707/1707/550 1708/1708/550
f 1703/1703/550 1707/1707/550 1705/1705/550
f 1707/1707/550 1709/1709/550 1710/1710/551
f 1709/1709/550 1711/1711/550 1712/1712/550
f 1707/1707/550 1711/1711/550 1709/1709/550
f 1711/1711/550 1713/1713/550 1714/1714/550
f 1713/1713/550 1715/1715/550 1716/1716/550
f 1711/1711/550 1715/1715/550 1713/1713/550
f 1707/1707/550 1715/1715/550 1711/1711/550
f 1715/1715/550 1717/1717/550 1718/1718/550
f 1717/1717/550 1719/1719/550 1720/1720/550
f 1715/1715/550 1719/1719/550 1717/1717/550
f 1719/1719/550 1721/1721/550 1722/1722/550
f 1721/1721/550 1723/1723/550 1724/1724/550
f 1719/1719/550 1723/1723/550 1721/1721/550
f 1715/1715/550 1723/1723/550 1719/1719/550
f 1707/1707/550 1723/1723/550 1715/1715/550
f 1703/1703/550 1723/1723/550 1707/1707/550
f 1702/1702/550 1723/1723/550 1703/1703/550
f 1725/1725/550 1723/1723/550 1702/1702/550
f 1726/1726/552 1727/1727/552 1728/1728/552
f 1727/1727/552 1726/1726/552 1729/1729/552
f 1724/1724/553 1730/1730/553 1721/1721/553
f 1730/1730/553 1724/1724/553 1731/1731/553
f 1732/1732/554 1733/1733/554 1734/1734/554
f 1733/1733/554 1732/1732/554 1735/1735/554
f 1722/1722/555 1736/1736/555 1719/1719/555
f 1736/1736/555 1722/1722/555 1737/1737/555
f 1738/1738/556 1739/1739/556 1740/1740/556
f 1739/1739/556 1738/1738/556 1741/1741/557
f 1720/1720/558 1742/1742/558 1717/1717/558
f 1742/1742/558 1720/1720/558 1743/1743/558
f 1744/1744/559 1745/1745/559 1746/1746/559
f 1745/1745/559 1744/1744/559 1747/1747/559
f 1718/1718/560 1748/1748/560 1715/1715/560
f 1748/1748/560 1718/1718/560 1749/1749/560
f 1750/1750/561 1751/1751/561 1752/1752/561
f 1751/1751/561 1750/1750/561 1753/1753/561
f 1716/1716/562 1754/1754/562 1713/1713/562
f 1754/1754/562 1716/1716/562 1755/1755/562
f 1756/1756/563 1757/1757/563 1758/1758/564
f 1757/1757/563 1756/1756/563 1759/1759/563
f 1714/1714/565 1760/1760/565 1711/1711/565
f 1760/1760/565 1714/1714/565 1761/1761/565
f 1762/1762/566 1763/1763/566 1764/1764/566
f 1763/1763/566 1762/1762/566 1765/1765/566
f 1712/1712/567 1766/1766/567 1709/1709/567
f 1766/1766/567 1712/1712/567 1767/1767/567
f 1768/1768/568 1769/1769/568 1770/1770/568
f 1769/1769/568 1768/1768/568 1771/1771/568
f 1710/1710/569 1772/1772/569 1707/1707/569
f 1772/1772/569 1710/1710/569 1773/1773/569
f 1774/1774/570 1775/1775/570 1776/1776/570
f 1775/1775/570 1774/1774/570 1777/1777/570
f 1708/1708/571 1778/1778/571 1705/1705/571
f 1778/1778/571 1708/1708/571 1779/1779/571
f 1780/1780/572 1781/1781/572 1782/1782/572
f 1781/1781/572 1780/1780/572 1783/1783/572
f 1706/1706/573 1784/1784/573 1703/1703/573
f 1784/1784/573 1706/1706/573 1785/1785/573
f 1786/1786/574 1787/1787/574 1788/1788/574
f 1787/1787/574 1786/1786/574 1789/1789/574
f 1704/1704/575 1790/1790/575 1702/1702/575
f 1790/1790/575 1704/1704/575 1791/1791/575
f 1792/1792/576 1793/1793/576 1794/1794/577
f 1793/1793/576 1792/1792/576 1795/1795/576
f 1725/1725/578 1796/1796/578 1723/1723/578
f 1796/1796/578 1725/1725/578 1797/1797/578
f 1796/1796/579 1798/1798/579 1731/1731/579
f 1798/1798/579 1796/1796/579 1799/1799/579
f 1731/1731/580 1800/1800/580 1730/1730/580
f 1800/1800/580 1731/1731/580 1798/1798/580
f 1730/1730/581 1801/1801/582 1737/1737/582
f 1801/1801/582 1730/1730/581 1800/1800/581
f 1737/1737/583 1802/1802/583 1736/1736/583
f 1802/1802/583 1737/1737/583 1801/1801/583
f 1736/1736/584 1803/1803/585 1743/1743/585
f 1803/1803/585 1736/1736/584 1802/1802/584
f 1743/1743/586 1804/1804/586 1742/1742/586
f 1804/1804/586 1743/1743/586 1803/1803/586
f 1742/1742/587 1805/1805/587 1749/1749/587
f 1805/1805/587 1742/1742/587 1804/1804/587
f 1749/1749/588 1806/1806/588 1748/1748/588
f 1806/1806/588 1749/1749/588 1805/1805/588
f 1748/1748/589 1807/1807/590 1755/1755/590
f 1807/1807/590 1748/1748/589 1806/1806/589
f 1755/1755/591 1808/1808/591 1754/1754/591
f 1808/1808/591 1755/1755/591 1807/1807/591
f 1754/1754/592 1809/1809/592 1761/1761/592
f 1809/1809/592 1754/1754/592 1808/1808/592
f 1761/1761/593 1810/1810/593 1760/1760/593
f 1810/1810/593 1761/1761/593 1809/1809/593
f 1760/1760/594 1811/1811/594 1767/1767/594
f 1811/1811/594 1760/1760/594 1810/1810/594
f 1767/1767/595 1812/1812/595 1766/1766/595
f 1812/1812/595 1767/1767/595 1811/1811/595
f 1766/1766/596 1813/1813/597 1773/1773/597
f 1813/1813/597 1766/1766/596 1812/1812/596
f 1773/1773/598 1814/1814/598 1772/1772/598
f 1814/1814/598 1773/1773/598 1813/1813/598
f 1772/1772/599 1815/1815/599 1779/1779/599
f 1815/1815/599 1772/1772/599 1814/1814/599
f 1779/1779/600 1816/1816/600 1778/1778/600
f 1816/1816/600 1779/1779/600 1815/1815/600
f 1778/1778/601 1817/1817/601 1785/1785/601
f 1817/1817/601 1778/1778/601 1816/1816/601
f 1785/1785/602 1818/1818/602 1784/1784/602
f 1818/1818/602 1785/1785/602 1817/1817/602
f 1784/1784/603 1819/1819/603 1791/1791/604
f 1819/1819/603 1784/1784/603 1818/1818/603
f 1791/1791/605 1820/1820/605 1790/1790/605
f 1820/1820/605 1791/1791/605 1819/1819/605
f 1790/1790/606 1821/1821/606 1797/1797/606
f 1821/1821/606 1790/1790/606 1820/1820/606
f 1797/1797/607 1799/1799/607 1796/1796/607
f 1799/1799/607 1797/1797/607 1821/1821/607
f 1801/1801/608 1822/1822/608 1802/1802/608
f 1801/1801/608 1823/1823/608 1822/1822/608
f 1800/1800/608 1823/1823/608 1801/1801/608
f 1800/1800/608 1824/1824/608 1823/1823/608
f 1798/1798/608 1824/1824/608 1800/1800/608
f 1798/1798/608 1825/1825/608 1824/1824/608
f 1799/1799/608 1825/1825/608 1798/1798/608
f 1799/1799/608 1826/1826/608 1825/1825/608
f 1821/1821/608 1826/1826/608 1799/1799/608
f 1821/1821/608 1827/1827/608 1826/1826/608
f 1820/1820/608 1827/1827/608 1821/1821/608
f 1820/1820/608 1828/1828/608 1827/1827/608
f 1819/1819/608 1828/1828/608 1820/1820/608
f 1819/1819/608 1829/1829/608 1828/1828/608
f 1818/1818/608 1829/1829/608 1819/1819/608
f 1818/1818/608 1830/1830/608 1829/1829/608
f 1817/1817/608 1830/1830/608 1818/1818/608
f 1817/1817/608 1831/1831/608 1830/1830/608
f 1816/1816/608 1831/1831/608 1817/1817/608
f 1816/1816/608 1832/1832/608 1831/1831/608
f 1815/1815/608 1832/1832/608 1816/1816/608
f 1815/1815/608 1833/1833/608 1832/1832/608
f 1814/1814/608 1833/1833/608 1815/1815/608
f 1814/1814/608 1834/1834/608 1833/1833/608
f 1813/1813/608 1834/1834/608 1814/1814/608
f 1813/1813/608 1835/1835/608 1834/1834/608
f 1812/1812/608 1835/1835/608 1813/1813/608
f 1812/1812/608 1836/1836/608 1835/1835/608
f 1811/1811/608 1836/1836/608 1812/1812/608
f 1811/1811/608 1837/1837/608 1836/1836/608
f 1810/1810/608 1837/1837/608 1811/1811/608
f 1810/1810/608 1838/1838/608 1837/1837/608
f 1809/1809/608 1838/1838/608 1810/1810/608
f 1809/1809/608 1839/1839/608 1838/1838/608
f 1808/1808/608 1839/1839/608 1809/1809/608
f 1808/1808/608 1840/1840/608 1839/1839/608
f 1807/1807/608 1840/1840/608 1808/1808/608
f 1807/1807/608 1841/1841/608 1840/1840/608
f 1806/1806/608 1841/1841/608 1807/1807/608
f 1806/1806/608 1842/1842/608 1841/1841/608
f 1805/1805/608 1842/1842/608 1806/1806/608
f 1805/1805/608 1843/1843/608 1842/1842/608
f 1804/1804/608 1843/1843/608 1805/1805/608
f 1804/1804/608 1844/1844/608 1843/1843/608
f 1803/1803/608 1844/1844/608 1804/1804/608
f 1803/1803/608 1845/1845/608 1844/1844/608
f 1802/1802/608 1845/1845/608 1803/1803/608
f 1802/1802/608 1822/1822/608 1845/1845/608
f 1826/1826/609 1846/1846/609 1825/1825/609
f 1846/1846/609 1826/1826/609 1847/1847/609
f 1825/1825/610 1848/1848/610 1824/1824/610
f 1848/1848/610 1825/1825/610 1846/1846/610
f 1824/1824/611 1849/1849/611 1823/1823/611
f 1849/1849/611 1824/1824/611 1848/1848/611
f 1823/1823/612 1850/1850/612 1822/1822/612
f 1850/1850/612 1823/1823/612 1849/1849/612
f 1822/1822/613 1851/1851/613 1845/1845/613
f 1851/1851/613 1822/1822/613 1850/1850/613
f 1845/1845/614 1852/1852/614 1844/1844/614
f 1852/1852/614 1845/1845/614 1851/1851/614
f 1844/1844/615 1853/1853/615 1843/1843/615
f 1853/1853/615 1844/1844/615 1852/1852/615
f 1843/1843/616 1854/1854/616 1842/1842/616
f 1854/1854/616 1843/1843/616 1853/1853/616
f 1842/1842/617 1855/1855/617 1841/1841/617
f 1855/1855/617 1842/1842/617 1854/1854/617
f 1841/1841/618 1856/1856/618 1840/1840/618
f 1856/1856/618 1841/1841/618 1855/1855/618
f 1840/1840/619 1857/1857/619 1839/1839/619
f 1857/1857/619 1840/1840/619 1856/1856/619
f 1839/1839/620 1858/1858/620 1838/1838/620
f 1858/1858/620 1839/1839/620 1857/1857/620
f 1838/1838/621 1859/1859/621 1837/1837/621
f 1859/1859/621 1838/1838/621 1858/1858/622
f 1837/1837/623 1860/1860/623 1836/1836/623
f 1860/1860/623 1837/1837/623 1859/1859/623
f 1836/1836/624 1861/1861/624 1835/1835/624
f 1861/1861/624 1836/1836/624 1860/1860/624
f 1835/1835/625 1862/1862/625 1834/1834/625
f 1862/1862/625 1835/1835/625 1861/1861/625
f 1834/1834/626 1863/1863/626 1833/1833/626
f 1863/1863/626 1834/1834/626 1862/1862/626
f 1833/1833/627 1864/1864/627 1832/1832/627
f 1864/1864/627 1833/1833/627 1863/1863/627
f 1832/1832/628 1865/1865/628 1831/1831/628
f 1865/1865/628 1832/1832/628 1864/1864/628
f 1831/1831/629 1866/1866/629 1830/1830/629
f 1866/1866/629 1831/1831/629 1865/1865/629
f 1830/1830/630 1867/1867/630 1829/1829/630
f 1867/1867/630 1830/1830/630 1866/1866/630
f 1829/1829/631 1868/1868/631 1828/1828/631
f 1868/1868/631 1829/1829/631 1867/1867/631
f 1828/1828/632 1869/1869/632 1827/1827/632
f 1869/1869/632 1828/1828/632 1868/1868/632
f 1827/1827/633 1847/1847/633 1826/1826/633
f 1847/1847/633 1827/1827/633 1869/1869/633
f 1723/1723/634 1728/1728/635 1724/1724/635
f 1728/1728/635 1723/1723/634 1726/1726/634
f 1724/1724/636 1727/1727/636 1731/1731/636
f 1727/1727/636 1724/1724/636 1728/1728/636
f 1731/1731/637 1729/1729/638 1796/1796/638
f 1729/1729/638 1731/1731/637 1727/1727/637
f 1796/1796/639 1726/1726/640 1723/1723/640
f 1726/1726/640 1796/1796/639 1729/1729/639
f 1721/1721/641 1734/1734/642 1722/1722/642
f 1734/1734/642 1721/1721/641 1732/1732/641
f 1722/1722/643 1733/1733/643 1737/1737/643
f 1733/1733/643 1722/1722/643 1734/1734/643
f 1737/1737/644 1735/1735/645 1730/1730/645
f 1735/1735/645 1737/1737/644 1733/1733/644
f 1730/1730/646 1732/1732/647 1721/1721/647
f 1732/1732/647 1730/1730/646 1735/1735/646
f 1719/1719/648 1740/1740/648 1720/1720/648
f 1740/1740/648 1719/1719/648 1738/1738/648
f 1720/1720/649 1739/1739/649 1743/1743/649
f 1739/1739/649 1720/1720/649 1740/1740/649
f 1743/1743/650 1741/1741/650 1736/1736/650
f 1741/1741/650 1743/1743/650 1739/1739/650
f 1736/1736/651 1738/1738/651 1719/1719/651
f 1738/1738/651 1736/1736/651 1741/1741/651
f 1717/1717/652 1746/1746/653 1718/1718/653
f 1746/1746/653 1717/1717/652 1744/1744/652
f 1718/1718/654 1745/1745/654 1749/1749/654
f 1745/1745/654 1718/1718/654 1746/1746/654
f 1749/1749/655 1747/1747/656 1742/1742/656
f 1747/1747/656 1749/1749/655 1745/1745/655
f 1742/1742/657 1744/1744/658 1717/1717/658
f 1744/1744/658 1742/1742/657 1747/1747/657
f 1715/1715/659 1752/1752/660 1716/1716/660
f 1752/1752/660 1715/1715/659 1750/1750/659
f 1716/1716/661 1751/1751/661 1755/1755/661
f 1751/1751/661 1716/1716/661 1752/1752/661
f 1755/1755/662 1753/1753/662 1748/1748/662
f 1753/1753/662 1755/1755/662 1751/1751/662
f 1748/1748/663 1750/1750/663 1715/1715/663
f 1750/1750/663 1748/1748/663 1753/1753/663
f 1713/1713/664 1758/1758/665 1714/1714/665
f 1758/1758/665 1713/1713/664 1756/1756/664
f 1714/1714/666 1757/1757/666 1761/1761/666
f 1757/1757/666 1714/1714/666 1758/1758/666
f 1761/1761/667 1759/1759/667 1754/1754/667
f 1759/1759/667 1761/1761/667 1757/1757/667
f 1754/1754/668 1756/1756/668 1713/1713/668
f 1756/1756/668 1754/1754/668 1759/1759/668
f 1711/1711/669 1764/1764/670 1712/1712/670
f 1764/1764/670 1711/1711/669 1762/1762/669
f 1712/1712/671 1763/1763/671 1767/1767/671
f 1763/1763/671 1712/1712/671 1764/1764/671
f 1767/1767/672 1765/1765/672 1760/1760/672
f 1765/1765/672 1767/1767/672 1763/1763/672
f 1760/1760/673 1762/1762/674 1711/1711/674
f 1762/1762/674 1760/1760/673 1765/1765/673
f 1709/1709/675 1770/1770/675 1710/1710/675
f 1770/1770/675 1709/1709/675 1768/1768/675
f 1710/1710/676 1769/1769/677 1773/1773/677
f 1769/1769/677 1710/1710/676 1770/1770/676
f 1773/1773/678 1771/1771/679 1766/1766/679
f 1771/1771/679 1773/1773/678 1769/1769/680
f 1766/1766/681 1768/1768/681 1709/1709/681
f 1768/1768/681 1766/1766/681 1771/1771/681
f 1707/1707/682 1776/1776/682 1708/1708/682
f 1776/1776/682 1707/1707/682 1774/1774/683
f 1708/1708/684 1775/1775/684 1779/1779/684
f 1775/1775/684 1708/1708/684 1776/1776/684
f 1779/1779/685 1777/1777/685 1772/1772/685
f 1777/1777/685 1779/1779/685 1775/1775/685
f 1772/1772/686 1774/1774/687 1707/1707/687
f 1774/1774/687 1772/1772/686 1777/1777/686
f 1705/1705/688 1782/1782/689 1706/1706/689
f 1782/1782/689 1705/1705/688 1780/1780/688
f 1706/1706/690 1781/1781/691 1785/1785/691
f 1781/1781/691 1706/1706/690 1782/1782/690
f 1785/1785/692 1783/1783/693 1778/1778/693
f 1783/1783/693 1785/1785/692 1781/1781/694
f 1778/1778/695 1780/1780/695 1705/1705/695
f 1780/1780/695 1778/1778/695 1783/1783/695
f 1703/1703/696 1788/1788/696 1704/1704/696
f 1788/1788/696 1703/1703/696 1786/1786/697
f 1704/1704/698 1787/1787/698 1791/1791/698
f 1787/1787/698 1704/1704/698 1788/1788/698
f 1791/1791/699 1789/1789/699 1784/1784/699
f 1789/1789/699 1791/1791/699 1787/1787/699
f 1784/1784/700 1786/1786/700 1703/1703/700
f 1786/1786/700 1784/1784/700 1789/1789/700
f 1702/1702/701 1794/1794/701 1725/1725/701
f 1794/1794/701 1702/1702/701 1792/1792/701
f 1725/1725/702 1793/1793/702 1797/1797/702
f 1793/1793/702 1725/1725/702 1794/1794/703
f 1797/1797/704 1795/1795/704 1790/1790/704
f 1795/1795/704 1797/1797/704 1793/1793/704
f 1790/1790/705 1792/1792/705 1702/1702/705
f 1792/1792/705 1790/1790/705 1795/1795/705
f 1870/1870/608 1871/1871/608 1872/1872/608
f 1871/1871/608 1873/1873/608 1874/1874/608
f 1870/1870/608 1873/1873/608 1871/1871/608
f 1873/1873/608 1875/1875/608 1876/1876/608
f 1870/1870/608 1875/1875/608 1873/1873/608
f 1877/1877/608 1875/1875/608 1870/1870/608
f 1878/1878/553 1879/1879/553 1880/1880/553
f 1879/1879/553 1878/1878/553 1881/1881/553
f 1880/1880/556 1882/1882/557 1883/1883/556
f 1882/1882/557 1880/1880/556 1879/1879/557
f 1883/1883/560 1884/1884/560 1885/1885/560
f 1884/1884/560 1883/1883/560 1882/1882/560
f 1885/1885/563 1886/1886/564 1887/1887/563
f 1886/1886/564 1885/1885/563 1884/1884/564
f 1887/1887/567 1888/1888/567 1889/1889/567
f 1888/1888/567 1887/1887/567 1886/1886/567
f 1889/1889/570 1890/1890/570 1891/1891/570
f 1890/1890/570 1889/1889/570 1888/1888/570
f 1891/1891/573 1892/1892/573 1893/1893/573
f 1892/1892/573 1891/1891/573 1890/1890/573
f 1893/1893/577 1881/1881/576 1878/1878/577
f 1881/1881/576 1893/1893/577 1892/1892/576
f 1879/1879/550 1894/1894/550 1895/1895/550
f 1894/1894/550 1879/1879/550 1881/1881/550
f 1881/1881/550 1896/1896/550 1894/1894/550
f 1896/1896/550 1881/1881/550 1892/1892/550
f 1892/1892/550 1897/1897/550 1896/1896/550
f 1897/1897/550 1892/1892/550 1890/1890/550
f 1890/1890/550 1898/1898/550 1897/1897/550
f 1898/1898/550 1890/1890/550 1888/1888/550
f 1888/1888/550 1899/1899/550 1898/1898/550
f 1899/1899/550 1888/1888/550 1886/1886/550
f 1886/1886/550 1900/1900/550 1899/1899/550
f 1900/1900/550 1886/1886/550 1884/1884/550
f 1884/1884/550 1901/1901/550 1900/1900/550
f 1901/1901/550 1884/1884/550 1882/1882/550
f 1882/1882/550 1895/1895/550 1901/1901/550
f 1895/1895/550 1882/1882/550 1879/1879/550
f 1895/1895/553 1870/1870/553 1872/1872/553
f 1870/1870/553 1895/1895/553 1894/1894/553
f 1894/1894/577 1877/1877/576 1870/1870/577
f 1877/1877/576 1894/1894/577 1896/1896/576
f 1896/1896/573 1875/1875/573 1877/1877/573
f 1875/1875/573 1896/1896/573 1897/1897/573
f 1897/1897/570 1876/1876/570 1875/1875/570
f 1876/1876/570 1897/1897/570 1898/1898/570
f 1898/1898/567 1873/1873/567 1876/1876/706
f 1873/1873/567 1898/1898/567 1899/1899/567
f 1899/1899/563 1874/1874/563 1873/1873/563
f 1874/1874/563 1899/1899/563 1900/1900/563
f 1900/1900/560 1871/1871/560 1874/1874/560
f 1871/1871/560 1900/1900/560 1901/1901/560
f 1901/1901/556 1872/1872/557 1871/1871/556
f 1872/1872/557 1901/1901/556 1895/1895/557
f 1902/1902/608 1903/1903/608 1904/1904/707
f 1903/1903/608 1905/1905/608 1906/1906/608
f 1902/1902/608 1905/1905/608 1903/1903/608
f 1905/1905/608 1907/1907/608 1908/1908/608
f 1907/1907/608 1909/1909/608 1910/1910/608
f 1905/1905/608 1909/1909/608 1907/1907/608
f 1902/1902/608 1909/1909/608 1905/1905/608
f 1909/1909/608 1911/1911/608 1912/1912/608
f 1911/1911/608 1913/1913/608 1914/1914/608
f 1909/1909/608 1913/1913/608 1911/1911/608
f 1913/1913/608 1915/1915/608 1916/1916/608
f 1915/1915/608 1917/1917/608 1918/1918/608
f 1913/1913/608 1917/1917/608 1915/1915/608
f 1909/1909/608 1917/1917/608 1913/1913/608
f 1902/1902/608 1917/1917/608 1909/1909/608
f 1917/1917/608 1919/1919/608 1920/1920/608
f 1919/1919/608 1921/1921/608 1922/1922/608
f 1917/1917/608 1921/1921/608 1919/1919/608
f 1902/1902/608 1921/1921/608 1917/1917/608
f 1921/1921/608 1923/1923/608 1924/1924/608
f 1902/1902/608 1923/1923/608 1921/1921/608
f 1925/1925/608 1923/1923/608 1902/1902/608
f 1926/1926/552 1927/1927/552 1928/1928/552
f 1927/1927/552 1926/1926/552 1929/1929/552
f 1904/1904/553 1930/1930/553 1931/1931/553
f 1930/1930/553 1904/1904/553 1903/1903/553
f 1932/1932/554 1933/1933/554 1934/1934/554
f 1933/1933/554 1932/1932/554 1935/1935/554
f 1906/1906/555 1936/1936/555 1937/1937/555
f 1936/1936/555 1906/1906/555 1905/1905/555
f 1938/1938/557 1939/1939/556 1940/1940/556
f 1939/1939/556 1938/1938/557 1941/1941/557
f 1908/1908/558 1942/1942/558 1943/1943/558
f 1942/1942/558 1908/1908/558 1907/1907/558
f 1944/1944/559 1945/1945/559 1946/1946/559
f 1945/1945/559 1944/1944/559 1947/1947/559
f 1910/1948/560 1948/1949/560 1949/1950/560
f 1948/1949/560 1910/1948/560 1909/1951/560
f 1950/1952/561 1951/1953/561 1952/1954/561
f 1951/1953/561 1950/1952/561 1953/1955/561
f 1912/1956/562 1954/1957/562 1955/1958/562
f 1954/1957/562 1912/1956/562 1911/1959/562
f 1956/1960/563 1957/1961/563 1958/1962/564
f 1957/1961/563 1956/1960/563 1959/1963/563
f 1914/1914/565 1960/1964/565 1961/1965/565
f 1960/1964/565 1914/1914/565 1913/1913/565
f 1962/1966/566 1963/1967/566 1964/1968/566
f 1963/1967/566 1962/1966/566 1965/1969/566
f 1916/1916/567 1966/1970/567 1967/1971/567
f 1966/1970/567 1916/1916/567 1915/1915/567
f 1968/1972/568 1969/1973/568 1970/1974/568
f 1969/1973/568 1968/1972/568 1971/1975/568
f 1918/1918/569 1972/1976/569 1973/1977/569
f 1972/1976/569 1918/1918/569 1917/1917/569
f 1974/1978/570 1975/1979/570 1976/1980/570
f 1975/1979/570 1974/1978/570 1977/1981/570
f 1920/1920/571 1978/1982/571 1979/1983/571
f 1978/1982/571 1920/1920/571 1919/1919/571
f 1980/1984/572 1981/1985/572 1982/1986/572
f 1981/1985/572 1980/1984/572 1983/1987/572
f 1922/1922/573 1984/1988/573 1985/1989/573
f 1984/1988/573 1922/1922/573 1921/1921/573
f 1986/1990/574 1987/1991/574 1988/1992/574
f 1987/1991/574 1986/1990/574 1989/1993/574
f 1924/1924/575 1990/1994/575 1991/1995/575
f 1990/1994/575 1924/1924/575 1923/1923/575
f 1992/1996/577 1993/1997/577 1994/1998/576
f 1993/1997/577 1992/1996/577 1995/1999/577
f 1925/1925/578 1996/2000/578 1997/2001/578
f 1996/2000/578 1925/1925/578 1902/1902/578
f 1996/2000/708 1998/2002/708 1999/2003/708
f 1998/2002/708 1996/2000/708 1931/1931/708
f 1931/1931/709 2000/2004/709 1998/2002/709
f 2000/2004/709 1931/1931/709 1930/1930/709
f 1930/1930/710 2001/2005/711 2000/2004/710
f 2001/2005/711 1930/1930/710 1937/1937/711
f 1937/1937/712 2002/2006/712 2001/2005/712
f 2002/2006/712 1937/1937/712 1936/1936/712
f 1936/1936/713 2003/2007/713 2002/2006/713
f 2003/2007/713 1936/1936/713 1943/1943/713
f 1943/1943/714 2004/2008/714 2003/2007/714
f 2004/2008/714 1943/1943/714 1942/1942/714
f 1942/1942/715 2005/2009/715 2004/2008/715
f 2005/2009/715 1942/1942/715 1949/2010/715
f 1949/2010/716 2006/2011/716 2005/2009/716
f 2006/2011/716 1949/2010/716 1948/2012/716
f 1948/2012/717 2007/2013/717 2006/2011/717
f 2007/2013/717 1948/2012/717 1955/2014/717
f 1955/2014/718 2008/2015/718 2007/2013/718
f 2008/2015/718 1955/2014/718 1954/2016/718
f 1954/2016/719 2009/2017/719 2008/2015/719
f 2009/2017/719 1954/2016/719 1961/1965/720
f 1961/1965/721 2010/2018/721 2009/2017/721
f 2010/2018/721 1961/1965/721 1960/1964/721
f 1960/1964/722 2011/2019/722 2010/2018/722
f 2011/2019/722 1960/1964/722 1967/1971/722
f 1967/1971/723 2012/2020/723 2011/2019/723
f 2012/2020/723 1967/1971/723 1966/1970/723
f 1966/1970/724 2013/2021/724 2012/2020/724
f 2013/2021/724 1966/1970/724 1973/1977/724
f 1973/1977/725 2014/2022/725 2013/2021/725
f 2014/2022/725 1973/1977/725 1972/1976/725
f 1972/1976/726 2015/2023/726 2014/2022/726
f 2015/2023/726 1972/1976/726 1979/1983/726
f 1979/1983/727 2016/2024/727 2015/2023/727
f 2016/2024/727 1979/1983/727 1978/1982/727
f 1978/1982/728 2017/2025/728 2016/2024/728
f 2017/2025/728 1978/1982/728 1985/1989/728
f 1985/1989/729 2018/2026/729 2017/2025/729
f 2018/2026/729 1985/1989/729 1984/1988/729
f 1984/1988/730 2019/2027/731 2018/2026/730
f 2019/2027/731 1984/1988/730 1991/1995/731
f 1991/1995/732 2020/2028/732 2019/2027/732
f 2020/2028/732 1991/1995/732 1990/1994/732
f 1990/1994/733 2021/2029/733 2020/2028/733
f 2021/2029/733 1990/1994/733 1997/2001/733
f 1997/2001/734 1999/2003/734 2021/2029/735
f 1999/2003/734 1997/2001/734 1996/2000/734
f 2002/2006/550 2022/2030/550 2023/2031/550
f 2023/2031/550 2001/2005/550 2002/2006/550
f 2024/2032/550 2001/2005/550 2023/2031/550
f 2024/2032/550 2000/2004/550 2001/2005/550
f 2025/2033/550 2000/2004/550 2024/2032/550
f 2025/2033/550 1998/2002/550 2000/2004/550
f 2026/2034/550 1998/2002/550 2025/2033/550
f 2026/2034/550 1999/2003/550 1998/2002/550
f 2027/2035/550 1999/2003/550 2026/2034/550
f 2027/2035/550 2021/2029/550 1999/2003/550
f 2028/2036/550 2021/2029/550 2027/2035/550
f 2028/2036/550 2020/2028/550 2021/2029/550
f 2029/2037/550 2020/2028/550 2028/2036/550
f 2029/2037/550 2019/2027/550 2020/2028/550
f 2030/2038/550 2019/2027/550 2029/2037/550
f 2030/2038/550 2018/2026/550 2019/2027/550
f 2031/2039/550 2018/2026/550 2030/2038/550
f 2031/2039/550 2017/2025/550 2018/2026/550
f 2032/2040/550 2017/2025/550 2031/2039/550
f 2032/2040/550 2016/2024/550 2017/2025/550
f 2033/2041/550 2016/2024/550 2032/2040/550
f 2033/2041/550 2015/2023/550 2016/2024/550
f 2034/2042/550 2015/2023/550 2033/2041/550
f 2034/2042/550 2014/2022/550 2015/2023/550
f 2035/2043/550 2014/2022/550 2034/2042/550
f 2035/2043/550 2013/2021/550 2014/2022/550
f 2036/2044/550 2013/2021/550 2035/2043/550
f 2036/2044/550 2012/2020/550 2013/2021/550
f 2037/2045/550 2012/2020/550 2036/2044/550
f 2037/2045/550 2011/2019/550 2012/2020/550
f 2038/2046/550 2011/2019/550 2037/2045/550
f 2038/2046/550 2010/2018/550 2011/2019/550
f 2039/2047/550 2010/2018/550 2038/2046/550
f 2039/2047/550 2009/2017/550 2010/2018/550
f 2040/2048/550 2009/2017/550 2039/2047/550
f 2040/2048/550 2008/2015/550 2009/2017/550
f 2041/2049/550 2008/2015/550 2040/2048/550
f 2041/2049/550 2007/2013/550 2008/2015/550
f 2042/2050/550 2007/2013/550 2041/2049/550
f 2042/2050/550 2006/2011/550 2007/2013/550
f 2043/2051/550 2006/2011/550 2042/2050/550
f 2043/2051/550 2005/2009/550 2006/2011/550
f 2044/2052/550 2005/2009/550 2043/2051/550
f 2044/2052/550 2004/2008/550 2005/2009/550
f 2045/2053/550 2004/2008/550 2044/2052/550
f 2045/2053/550 2003/2007/550 2004/2008/550
f 2022/2030/550 2003/2007/550 2045/2053/550
f 2002/2006/550 2003/2007/550 2022/2030/550
f 2027/2035/736 2046/2054/736 2047/2055/736
f 2046/2054/737 2027/2035/737 2026/2034/737
f 2026/2034/738 2048/2056/738 2046/2054/738
f 2048/2056/738 2026/2034/738 2025/2033/738
f 2025/2033/739 2049/2057/739 2048/2056/739
f 2049/2057/739 2025/2033/739 2024/2032/739
f 2024/2032/740 2050/2058/740 2049/2057/740
f 2050/2058/740 2024/2032/740 2023/2031/740
f 2023/2031/741 2051/2059/741 2050/2058/741
f 2051/2059/741 2023/2031/741 2022/2030/741
f 2022/2030/742 2052/2060/742 2051/2059/742
f 2052/2060/742 2022/2030/742 2045/2053/742
f 2045/2053/743 2053/2061/743 2052/2060/743
f 2053/2061/743 2045/2053/743 2044/2052/743
f 2044/2052/744 2054/2062/744 2053/2061/744
f 2054/2062/744 2044/2052/744 2043/2051/744
f 2043/2051/745 2055/2063/745 2054/2062/745
f 2055/2063/746 2043/2051/746 2042/2050/746
f 2042/2050/747 2056/2064/747 2055/2063/747
f 2056/2064/747 2042/2050/747 2041/2049/747
f 2041/2049/748 2057/2065/748 2056/2064/748
f 2057/2065/748 2041/2049/748 2040/2048/748
f 2040/2048/749 2058/2066/749 2057/2065/749
f 2058/2066/750 2040/2048/750 2039/2047/750
f 2039/2047/751 2059/2067/751 2058/2066/751
f 2059/2067/751 2039/2047/751 2038/2046/751
f 2038/2046/752 2060/2068/752 2059/2067/752
f 2060/2068/752 2038/2046/752 2037/2045/752
f 2037/2045/753 2061/2069/753 2060/2068/753
f 2061/2069/753 2037/2045/753 2036/2044/753
f 2036/2044/754 2062/2070/754 2061/2069/754
f 2062/2070/754 2036/2044/754 2035/2043/754
f 2035/2043/755 2063/2071/755 2062/2070/755
f 2063/2071/755 2035/2043/755 2034/2042/755
f 2034/2042/756 2064/2072/756 2063/2071/756
f 2064/2072/756 2034/2042/756 2033/2041/756
f 2033/2041/757 2065/2073/757 2064/2072/757
f 2065/2073/757 2033/2041/757 2032/2040/757
f 2032/2040/758 2066/2074/758 2065/2073/758
f 2066/2074/758 2032/2040/758 2031/2039/758
f 2031/2039/759 2067/2075/759 2066/2074/759
f 2067/2075/759 2031/2039/759 2030/2038/759
f 2030/2038/760 2068/2076/760 2067/2075/760
f 2068/2076/760 2030/2038/760 2029/2037/760
f 2029/2037/761 2069/2077/761 2068/2076/761
f 2069/2077/761 2029/2037/761 2028/2036/761
f 2028/2036/762 2047/2055/762 2069/2077/762
f 2047/2055/762 2028/2036/762 2027/2035/762
f 1902/1902/763 1929/1929/637 1926/1926/763
f 1929/1929/637 1902/1902/763 1904/1904/637
f 1904/1904/636 1927/1927/636 1929/1929/636
f 1927/1927/636 1904/1904/636 1931/1931/636
f 1931/1931/634 1928/1928/764 1927/1927/634
f 1928/1928/764 1931/1931/634 1996/2000/764
f 1996/2000/640 1926/1926/640 1928/1928/640
f 1926/1926/640 1996/2000/640 1902/1902/640
f 1903/1903/765 1935/1935/765 1932/1932/765
f 1935/1935/765 1903/1903/765 1906/1906/765
f 1906/1906/643 1933/1933/643 1935/1935/643
f 1933/1933/643 1906/1906/643 1937/1937/643
f 1937/1937/642 1934/1934/642 1933/1933/642
f 1934/1934/642 1937/1937/642 1930/1930/642
f 1930/1930/646 1932/1932/647 1934/1934/646
f 1932/1932/647 1930/1930/646 1903/1903/647
f 1905/1905/650 1941/1941/766 1938/1938/650
f 1941/1941/766 1905/1905/650 1908/1908/766
f 1908/1908/649 1939/1939/649 1941/1941/649
f 1939/1939/649 1908/1908/649 1943/1943/649
f 1943/1943/648 1940/1940/648 1939/1939/648
f 1940/1940/648 1943/1943/648 1936/1936/648
f 1936/1936/651 1938/1938/651 1940/1940/651
f 1938/1938/651 1936/1936/651 1905/1905/651
f 1907/2078/655 1947/1947/656 1944/1944/655
f 1947/1947/656 1907/2078/655 1910/1948/656
f 1910/1948/654 1945/1945/654 1947/1947/654
f 1945/1945/654 1910/1948/654 1949/1950/654
f 1949/1950/652 1946/1946/653 1945/1945/652
f 1946/1946/653 1949/1950/652 1942/2079/767
f 1942/2079/658 1944/1944/657 1946/1946/658
f 1944/1944/657 1942/2079/658 1907/2078/657
f 1909/1951/768 1953/1955/662 1950/1952/769
f 1953/1955/662 1909/1951/768 1912/1956/662
f 1912/1956/661 1951/1953/770 1953/1955/661
f 1951/1953/770 1912/1956/661 1955/1958/770
f 1955/1958/659 1952/1954/659 1951/1953/659
f 1952/1954/659 1955/1958/659 1948/1949/659
f 1948/1949/663 1950/1952/663 1952/1954/663
f 1950/1952/663 1948/1949/663 1909/1951/663
f 1911/1959/667 1959/1963/771 1956/1960/667
f 1959/1963/771 1911/1959/667 1914/1914/771
f 1914/1914/772 1957/1961/666 1959/1963/772
f 1957/1961/666 1914/1914/772 1961/1965/666
f 1961/1965/664 1958/1962/665 1957/1961/664
f 1958/1962/665 1961/1965/664 1954/1957/665
f 1954/1957/773 1956/1960/774 1958/1962/773
f 1956/1960/774 1954/1957/773 1911/1959/774
f 1913/1913/775 1965/1969/776 1962/1966/672
f 1965/1969/776 1913/1913/775 1916/1916/776
f 1916/1916/671 1963/1967/671 1965/1969/671
f 1963/1967/671 1916/1916/671 1967/1971/671
f 1967/1971/669 1964/1968/670 1963/1967/669
f 1964/1968/670 1967/1971/669 1960/1964/670
f 1960/1964/674 1962/1966/674 1964/1968/674
f 1962/1966/674 1960/1964/674 1913/1913/674
f 1915/1915/678 1971/1975/777 1968/1972/678
f 1971/1975/777 1915/1915/678 1918/1918/777
f 1918/1918/677 1969/1973/677 1971/1975/677
f 1969/1973/677 1918/1918/677 1973/1977/677
f 1973/1977/778 1970/1974/779 1969/1973/778
f 1970/1974/779 1973/1977/778 1966/1970/779
f 1966/1970/780 1968/1972/681 1970/1974/780
f 1968/1972/681 1966/1970/780 1915/1915/681
f 1917/1917/685 1977/1981/685 1974/1978/781
f 1977/1981/685 1917/1917/685 1920/1920/685
f 1920/1920/684 1975/1979/684 1977/1981/684
f 1975/1979/684 1920/1920/684 1979/1983/684
f 1979/1983/782 1976/1980/782 1975/1979/782
f 1976/1980/782 1979/1983/782 1972/1976/782
f 1972/1976/783 1974/1978/783 1976/1980/783
f 1974/1978/783 1972/1976/783 1917/1917/783
f 1919/1919/694 1983/1987/692 1980/1984/694
f 1983/1987/692 1919/1919/694 1922/1922/692
f 1922/1922/784 1981/1985/784 1983/1987/784
f 1981/1985/784 1922/1922/784 1985/1989/784
f 1985/1989/689 1982/1986/689 1981/1985/689
f 1982/1986/689 1985/1989/689 1978/1982/689
f 1978/1982/695 1980/1984/695 1982/1986/695
f 1980/1984/695 1978/1982/695 1919/1919/695
f 1921/1921/785 1989/1993/786 1986/1990/785
f 1989/1993/786 1921/1921/785 1924/1924/786
f 1924/1924/787 1987/1991/787 1989/1993/787
f 1987/1991/787 1924/1924/787 1991/1995/787
f 1991/1995/696 1988/1992/696 1987/1991/696
f 1988/1992/696 1991/1995/696 1984/1988/696
f 1984/1988/700 1986/1990/700 1988/1992/700
f 1986/1990/700 1984/1988/700 1921/1921/700
f 1923/1923/788 1995/1999/704 1992/1996/788
f 1995/1999/704 1923/1923/788 1925/1925/704
f 1925/1925/703 1993/1997/702 1995/1999/703
f 1993/1997/702 1925/1925/703 1997/2001/702
f 1997/2001/701 1994/1998/789 1993/1997/790
f 1994/1998/789 1997/2001/701 1990/1994/789
f 1990/1994/791 1992/1996/791 1994/1998/791
f 1992/1996/791 1990/1994/791 1923/1923/791
f 2070/2080/550 2071/2081/550 2072/2082/550
f 2071/2081/550 2073/2083/550 2074/2084/550
f 2073/2083/550 2075/2085/550 2076/2086/550
f 2071/2081/550 2075/2085/550 2073/2083/550
f 2070/2080/550 2075/2085/550 2071/2081/550
f 2077/2087/550 2075/2085/550 2070/2080/550
f 1880/1880/608 2078/2088/608 1878/1878/608
f 2078/2088/608 1880/1880/608 2079/2089/608
f 1878/1878/608 2080/2090/608 1893/1893/608
f 2080/2090/608 1878/1878/608 2078/2088/608
f 1893/1893/608 2081/2091/608 1891/1891/608
f 2081/2091/608 1893/1893/608 2080/2090/608
f 1891/1891/608 2082/2092/608 1889/1889/608
f 2082/2092/608 1891/1891/608 2081/2091/608
f 1889/1889/608 2083/2093/608 1887/1887/608
f 2083/2093/608 1889/1889/608 2082/2092/608
f 1887/1887/608 2084/2094/608 1885/1885/792
f 2084/2094/608 1887/1887/608 2083/2093/608
f 1885/1885/792 2085/2095/608 1883/1883/608
f 2085/2095/608 1885/1885/792 2084/2094/608
f 1883/1883/608 2079/2089/608 1880/1880/608
f 2079/2089/608 1883/1883/608 2085/2095/608
f 2079/2089/553 2075/2085/553 2078/2088/553
f 2075/2085/553 2079/2089/553 2076/2086/553
f 2078/2088/576 2077/2087/577 2080/2090/577
f 2077/2087/577 2078/2088/576 2075/2085/576
f 2080/2090/573 2070/2080/573 2081/2091/573
f 2070/2080/573 2080/2090/573 2077/2087/573
f 2081/2091/793 2072/2082/793 2082/2092/793
f 2072/2082/793 2081/2091/793 2070/2080/570
f 2082/2092/567 2071/2081/567 2083/2093/567
f 2071/2081/567 2082/2092/567 2072/2082/567
f 2083/2093/564 2074/2084/563 2084/2094/563
f 2074/2084/563 2083/2093/564 2071/2081/564
f 2084/2094/560 2073/2083/560 2085/2095/560
f 2073/2083/560 2084/2094/560 2074/2084/560
f 2085/2095/556 2076/2086/556 2079/2089/556
f 2076/2086/556 2085/2095/556 2073/2083/556
f 2086/2096/550 2087/2097/550 2088/2098/550
f 2087/2097/550 2089/2099/550 2090/2100/550
f 2089/2099/550 2091/2101/550 2092/2102/550
f 2087/2097/550 2091/2101/550 2089/2099/550
f 2091/2101/550 2093/2103/550 2094/2104/550
f 2093/2103/550 2095/2105/550 2096/2106/550
f 2091/2101/550 2095/2105/550 2093/2103/550
f 2095/2105/550 2097/2107/550 2098/2108/550
f 2097/2107/550 2099/2109/550 2100/2110/550
f 2095/2105/550 2099/2109/550 2097/2107/550
f 2091/2101/550 2099/2109/550 2095/2105/550
f 2099/2109/550 2101/2111/550 2102/2112/550
f 2101/2111/550 2103/2113/550 2104/2114/550
f 2099/2109/550 2103/2113/550 2101/2111/550
f 2103/2113/550 2105/2115/550 2106/2116/550
f 2105/2115/550 2107/2117/550 2108/2118/550
f 2103/2113/550 2107/2117/550 2105/2115/550
f 2099/2109/550 2107/2117/550 2103/2113/550
f 2091/2101/550 2107/2117/550 2099/2109/550
f 2087/2097/550 2107/2117/550 2091/2101/550
f 2086/2096/550 2107/2117/550 2087/2097/550
f 2109/2119/550 2107/2117/550 2086/2096/550
f 2110/2120/552 2111/2121/552 2112/2122/552
f 2111/2121/552 2110/2120/552 2113/2123/552
f 2108/2118/553 2114/2124/553 2105/2115/553
f 2114/2124/553 2108/2118/553 2115/2125/553
f 2116/2126/554 2117/2127/554 2118/2128/554
f 2117/2127/554 2116/2126/554 2119/2129/554
f 2106/2116/555 2120/2130/555 2103/2113/555
f 2120/2130/555 2106/2116/555 2121/2131/555
f 2122/2132/557 2123/2133/557 2124/2134/557
f 2123/2133/557 2122/2132/557 2125/2135/557
f 2104/2114/558 2126/2136/558 2101/2111/558
f 2126/2136/558 2104/2114/558 2127/2137/558
f 2128/2138/559 2129/2139/559 2130/2140/559
f 2129/2139/559 2128/2138/559 2131/2141/559
f 2102/2112/560 2132/2142/560 2099/2109/560
f 2132/2142/560 2102/2112/560 2133/2143/560
f 2134/2144/561 2135/2145/561 2136/2146/561
f 2135/2145/561 2134/2144/561 2137/2147/561
f 2100/2110/562 2138/2148/562 2097/2107/562
f 2138/2148/562 2100/2110/562 2139/2149/562
f 2140/2150/563 2141/2151/563 2142/2152/563
f 2141/2151/563 2140/2150/563 2143/2153/563
f 2098/2108/565 2144/2154/565 2095/2105/565
f 2144/2154/565 2098/2108/565 2145/2155/565
f 2146/2156/566 2147/2157/566 2148/2158/566
f 2147/2157/566 2146/2156/566 2149/2159/566
f 2096/2106/567 2150/2160/567 2093/2103/567
f 2150/2160/567 2096/2106/567 2151/2161/567
f 2152/2162/568 2153/2163/568 2154/2164/568
f 2153/2163/568 2152/2162/568 2155/2165/568
f 2094/2104/569 2156/2166/569 2091/2101/569
f 2156/2166/569 2094/2104/569 2157/2167/569
f 2158/2168/570 2159/2169/570 2160/2170/793
f 2159/2169/570 2158/2168/570 2161/2171/570
f 2092/2102/571 2162/2172/571 2089/2099/571
f 2162/2172/571 2092/2102/571 2163/2173/571
f 2164/2174/572 2165/2175/572 2166/2176/572
f 2165/2175/572 2164/2174/572 2167/2177/572
f 2090/2100/573 2168/2178/573 2087/2097/573
f 2168/2178/573 2090/2100/573 2169/2179/573
f 2170/2180/574 2171/2181/574 2172/2182/574
f 2171/2181/574 2170/2180/574 2173/2183/574
f 2088/2098/575 2174/2184/575 2086/2096/575
f 2174/2184/575 2088/2098/575 2175/2185/575
f 2176/2186/577 2177/2187/577 2178/2188/577
f 2177/2187/577 2176/2186/577 2179/2189/577
f 2109/2119/578 2180/2190/578 2107/2117/578
f 2180/2190/578 2109/2119/578 2181/2191/578
f 2180/2190/579 2182/2192/579 2115/2125/579
f 2182/2192/579 2180/2190/579 2183/2193/579
f 2115/2125/580 2184/2194/580 2114/2124/580
f 2184/2194/580 2115/2125/580 2182/2192/580
f 2114/2124/582 2185/2195/582 2121/2131/581
f 2185/2195/582 2114/2124/582 2184/2194/582
f 2121/2131/583 2186/2196/583 2120/2130/583
f 2186/2196/583 2121/2131/583 2185/2195/583
f 2120/2130/584 2187/2197/585 2127/2137/585
f 2187/2197/585 2120/2130/584 2186/2196/584
f 2127/2137/586 2188/2198/586 2126/2136/586
f 2188/2198/586 2127/2137/586 2187/2197/586
f 2126/2136/587 2189/2199/587 2133/2143/587
f 2189/2199/587 2126/2136/587 2188/2198/587
f 2133/2143/588 2190/2200/588 2132/2142/588
f 2190/2200/588 2133/2143/588 2189/2199/588
f 2132/2142/589 2191/2201/590 2139/2149/590
f 2191/2201/590 2132/2142/589 2190/2200/589
f 2139/2149/591 2192/2202/591 2138/2148/591
f 2192/2202/591 2139/2149/591 2191/2201/591
f 2138/2148/592 2193/2203/592 2145/2155/794
f 2193/2203/592 2138/2148/592 2192/2202/592
f 2145/2155/593 2194/2204/593 2144/2154/593
f 2194/2204/593 2145/2155/593 2193/2203/593
f 2144/2154/594 2195/2205/594 2151/2161/594
f 2195/2205/594 2144/2154/594 2194/2204/594
f 2151/2161/595 2196/2206/595 2150/2160/595
f 2196/2206/595 2151/2161/595 2195/2205/795
f 2150/2160/596 2197/2207/597 2157/2167/597
f 2197/2207/597 2150/2160/596 2196/2206/596
f 2157/2167/598 2198/2208/598 2156/2166/598
f 2198/2208/598 2157/2167/598 2197/2207/598
f 2156/2166/599 2199/2209/599 2163/2173/599
f 2199/2209/599 2156/2166/599 2198/2208/599
f 2163/2173/600 2200/2210/600 2162/2172/600
f 2200/2210/600 2163/2173/600 2199/2209/600
f 2162/2172/601 2201/2211/601 2169/2179/601
f 2201/2211/601 2162/2172/601 2200/2210/601
f 2169/2179/602 2202/2212/602 2168/2178/602
f 2202/2212/602 2169/2179/602 2201/2211/602
f 2168/2178/603 2203/2213/603 2175/2185/796
f 2203/2213/603 2168/2178/603 2202/2212/603
f 2175/2185/605 2204/2214/605 2174/2184/605
f 2204/2214/605 2175/2185/605 2203/2213/605
f 2174/2184/797 2205/2215/797 2181/2191/797
f 2205/2215/797 2174/2184/797 2204/2214/797
f 2181/2191/607 2183/2193/607 2180/2190/607
f 2183/2193/607 2181/2191/607 2205/2215/607
f 2185/2195/608 2206/2216/608 2186/2196/608
f 2185/2195/608 2207/2217/608 2206/2216/608
f 2184/2194/608 2207/2217/608 2185/2195/608
f 2184/2194/608 2208/2218/608 2207/2217/608
f 2182/2192/608 2208/2218/608 2184/2194/608
f 2182/2192/608 2209/2219/608 2208/2218/608
f 2183/2193/608 2209/2219/608 2182/2192/608
f 2183/2193/608 2210/2220/608 2209/2219/608
f 2205/2215/608 2210/2220/608 2183/2193/608
f 2205/2215/608 2211/2221/608 2210/2220/608
f 2204/2214/608 2211/2221/608 2205/2215/608
f 2204/2214/608 2212/2222/608 2211/2221/608
f 2203/2213/608 2212/2222/608 2204/2214/608
f 2203/2213/608 2213/2223/608 2212/2222/608
f 2202/2212/608 2213/2223/608 2203/2213/608
f 2202/2212/608 2214/2224/608 2213/2223/608
f 2201/2211/608 2214/2224/608 2202/2212/608
f 2201/2211/608 2215/2225/608 2214/2224/608
f 2200/2210/608 2215/2225/608 2201/2211/608
f 2200/2210/608 2216/2226/608 2215/2225/608
f 2199/2209/608 2216/2226/608 2200/2210/608
f 2199/2209/608 2217/2227/608 2216/2226/608
f 2198/2208/608 2217/2227/608 2199/2209/608
f 2198/2208/608 2218/2228/608 2217/2227/608
f 2197/2207/608 2218/2228/608 2198/2208/608
f 2197/2207/608 2219/2229/608 2218/2228/608
f 2196/2206/608 2219/2229/608 2197/2207/608
f 2196/2206/608 2220/2230/608 2219/2229/608
f 2195/2205/608 2220/2230/608 2196/2206/608
f 2195/2205/608 2221/2231/608 2220/2230/608
f 2194/2204/608 2221/2231/608 2195/2205/608
f 2194/2204/608 2222/2232/608 2221/2231/608
f 2193/2203/608 2222/2232/608 2194/2204/608
f 2193/2203/608 2223/2233/608 2222/2232/608
f 2192/2202/608 2223/2233/608 2193/2203/608
f 2192/2202/608 2224/2234/608 2223/2233/608
f 2191/2201/608 2224/2234/608 2192/2202/608
f 2191/2201/608 2225/2235/608 2224/2234/608
f 2190/2200/608 2225/2235/608 2191/2201/608
f 2190/2200/608 2226/2236/608 2225/2235/608
f 2189/2199/608 2226/2236/608 2190/2200/608
f 2189/2199/608 2227/2237/608 2226/2236/608
f 2188/2198/608 2227/2237/608 2189/2199/608
f 2188/2198/608 2228/2238/608 2227/2237/608
f 2187/2197/608 2228/2238/608 2188/2198/608
f 2187/2197/608 2229/2239/608 2228/2238/608
f 2186/2196/608 2229/2239/608 2187/2197/608
f 2186/2196/608 2206/2216/608 2229/2239/608
f 2210/2220/609 2230/2240/609 2209/2219/609
f 2230/2240/609 2210/2220/609 2231/2241/609
f 2209/2219/610 2232/2242/610 2208/2218/610
f 2232/2242/610 2209/2219/610 2230/2240/610
f 2208/2218/611 2233/2243/611 2207/2217/611
f 2233/2243/611 2208/2218/611 2232/2242/611
f 2207/2217/612 2234/2244/612 2206/2216/612
f 2234/2244/612 2207/2217/612 2233/2243/612
f 2206/2216/613 2235/2245/613 2229/2239/613
f 2235/2245/613 2206/2216/613 2234/2244/613
f 2229/2239/614 2236/2246/614 2228/2238/614
f 2236/2246/614 2229/2239/614 2235/2245/614
f 2228/2238/798 2237/2247/798 2227/2237/798
f 2237/2247/798 2228/2238/798 2236/2246/798
f 2227/2237/616 2238/2248/616 2226/2236/616
f 2238/2248/616 2227/2237/616 2237/2247/616
f 2226/2236/617 2239/2249/617 2225/2235/617
f 2239/2249/617 2226/2236/617 2238/2248/617
f 2225/2235/618 2240/2250/618 2224/2234/618
f 2240/2250/618 2225/2235/618 2239/2249/618
f 2224/2234/619 2241/2251/619 2223/2233/619
f 2241/2251/619 2224/2234/619 2240/2250/619
f 2223/2233/620 2242/2252/620 2222/2232/620
f 2242/2252/620 2223/2233/620 2241/2251/620
f 2222/2232/622 2243/2253/622 2221/2231/622
f 2243/2253/622 2222/2232/622 2242/2252/622
f 2221/2231/623 2244/2254/623 2220/2230/623
f 2244/2254/623 2221/2231/623 2243/2253/623
f 2220/2230/624 2245/2255/624 2219/2229/624
f 2245/2255/624 2220/2230/624 2244/2254/624
f 2219/2229/625 2246/2256/625 2218/2228/625
f 2246/2256/625 2219/2229/625 2245/2255/625
f 2218/2228/626 2247/2257/626 2217/2227/626
f 2247/2257/626 2218/2228/626 2246/2256/626
f 2217/2227/627 2248/2258/627 2216/2226/627
f 2248/2258/627 2217/2227/627 2247/2257/627
f 2216/2226/628 2249/2259/628 2215/2225/628
f 2249/2259/628 2216/2226/628 2248/2258/799
f 2215/2225/629 2250/2260/629 2214/2224/629
f 2250/2260/629 2215/2225/629 2249/2259/629
f 2214/2224/630 2251/2261/630 2213/2223/630
f 2251/2261/630 2214/2224/630 2250/2260/630
f 2213/2223/631 2252/2262/631 2212/2222/631
f 2252/2262/631 2213/2223/631 2251/2261/631
f 2212/2222/632 2253/2263/632 2211/2221/632
f 2253/2263/632 2212/2222/632 2252/2262/632
f 2211/2221/633 2231/2241/633 2210/2220/633
f 2231/2241/633 2211/2221/633 2253/2263/633
f 2107/2117/635 2112/2122/764 2108/2118/764
f 2112/2122/764 2107/2117/635 2110/2120/634
f 2108/2118/636 2111/2121/636 2115/2125/636
f 2111/2121/636 2108/2118/636 2112/2122/636
f 2115/2125/638 2113/2123/638 2180/2190/638
f 2113/2123/638 2115/2125/638 2111/2121/638
f 2180/2190/639 2110/2120/640 2107/2117/640
f 2110/2120/640 2180/2190/639 2113/2123/639
f 2105/2115/642 2118/2128/642 2106/2116/800
f 2118/2128/642 2105/2115/642 2116/2126/642
f 2106/2116/643 2117/2127/643 2121/2131/643
f 2117/2127/643 2106/2116/643 2118/2128/643
f 2121/2131/644 2119/2129/765 2114/2124/765
f 2119/2129/765 2121/2131/644 2117/2127/644
f 2114/2124/801 2116/2126/647 2105/2115/647
f 2116/2126/647 2114/2124/801 2119/2129/801
f 2103/2113/648 2124/2134/648 2104/2114/648
f 2124/2134/648 2103/2113/648 2122/2132/648
f 2104/2114/649 2123/2133/649 2127/2137/649
f 2123/2133/649 2104/2114/649 2124/2134/649
f 2127/2137/650 2125/2135/650 2120/2130/650
f 2125/2135/650 2127/2137/650 2123/2133/650
f 2120/2130/802 2122/2132/802 2103/2113/802
f 2122/2132/802 2120/2130/802 2125/2135/802
f 2101/2111/652 2130/2140/653 2102/2112/653
f 2130/2140/653 2101/2111/652 2128/2138/652
f 2102/2112/654 2129/2139/654 2133/2143/654
f 2129/2139/654 2102/2112/654 2130/2140/803
f 2133/2143/804 2131/2141/655 2126/2136/655
f 2131/2141/655 2133/2143/804 2129/2139/804
f 2126/2136/657 2128/2138/657 2101/2111/657
f 2128/2138/657 2126/2136/657 2131/2141/657
f 2099/2109/659 2136/2146/660 2100/2110/660
f 2136/2146/660 2099/2109/659 2134/2144/659
f 2100/2110/661 2135/2145/661 2139/2149/661
f 2135/2145/661 2100/2110/661 2136/2146/661
f 2139/2149/768 2137/2147/662 2132/2142/662
f 2137/2147/662 2139/2149/768 2135/2145/769
f 2132/2142/663 2134/2144/663 2099/2109/663
f 2134/2144/663 2132/2142/663 2137/2147/663
f 2097/2107/665 2142/2152/664 2098/2108/664
f 2142/2152/664 2097/2107/665 2140/2150/665
f 2098/2108/666 2141/2151/666 2145/2155/666
f 2141/2151/666 2098/2108/666 2142/2152/666
f 2145/2155/667 2143/2153/667 2138/2148/667
f 2143/2153/667 2145/2155/667 2141/2151/667
f 2138/2148/668 2140/2150/668 2097/2107/668
f 2140/2150/668 2138/2148/668 2143/2153/668
f 2095/2105/669 2148/2158/669 2096/2106/670
f 2148/2158/669 2095/2105/669 2146/2156/669
f 2096/2106/805 2147/2157/805 2151/2161/805
f 2147/2157/805 2096/2106/805 2148/2158/805
f 2151/2161/776 2149/2159/775 2144/2154/775
f 2149/2159/775 2151/2161/776 2147/2157/776
f 2144/2154/673 2146/2156/673 2095/2105/673
f 2146/2156/673 2144/2154/673 2149/2159/673
f 2093/2103/779 2154/2164/675 2094/2104/675
f 2154/2164/675 2093/2103/779 2152/2162/806
f 2094/2104/677 2153/2163/677 2157/2167/677
f 2153/2163/677 2094/2104/677 2154/2164/677
f 2157/2167/679 2155/2165/679 2150/2160/679
f 2155/2165/679 2157/2167/679 2153/2163/678
f 2150/2160/681 2152/2162/681 2093/2103/681
f 2152/2162/681 2150/2160/681 2155/2165/681
f 2091/2101/682 2160/2170/782 2092/2102/782
f 2160/2170/782 2091/2101/682 2158/2168/682
f 2092/2102/684 2159/2169/684 2163/2173/684
f 2159/2169/684 2092/2102/684 2160/2170/684
f 2163/2173/685 2161/2171/781 2156/2166/781
f 2161/2171/781 2163/2173/685 2159/2169/685
f 2156/2166/686 2158/2168/686 2091/2101/686
f 2158/2168/686 2156/2166/686 2161/2171/783
f 2089/2099/807 2166/2176/689 2090/2100/689
f 2166/2176/689 2089/2099/807 2164/2174/807
f 2090/2100/784 2165/2175/690 2169/2179/690
f 2165/2175/690 2090/2100/784 2166/2176/784
f 2169/2179/692 2167/2177/694 2162/2172/694
f 2167/2177/694 2169/2179/692 2165/2175/693
f 2162/2172/808 2164/2174/809 2089/2099/809
f 2164/2174/809 2162/2172/808 2167/2177/808
f 2087/2097/810 2172/2182/810 2088/2098/810
f 2172/2182/810 2087/2097/810 2170/2180/810
f 2088/2098/787 2171/2181/698 2175/2185/698
f 2171/2181/698 2088/2098/787 2172/2182/787
f 2175/2185/786 2173/2183/699 2168/2178/699
f 2173/2183/699 2175/2185/786 2171/2181/786
f 2168/2178/700 2170/2180/700 2087/2097/700
f 2170/2180/700 2168/2178/700 2173/2183/700
f 2086/2096/701 2178/2188/811 2109/2119/811
f 2178/2188/811 2086/2096/701 2176/2186/701
f 2109/2119/812 2177/2187/703 2181/2191/703
f 2177/2187/703 2109/2119/812 2178/2188/813
f 2181/2191/788 2179/2189/788 2174/2184/788
f 2179/2189/788 2181/2191/788 2177/2187/788
f 2174/2184/791 2176/2186/814 2086/2096/814
f 2176/2186/814 2174/2184/791 2179/2189/791
f 2254/2264/608 2255/2265/608 2256/2266/608
f 2255/2265/608 2257/2267/608 2258/2268/608
f 2254/2264/608 2257/2267/608 2255/2265/608
f 2257/2267/608 2259/2269/608 2260/2270/608
f 2254/2264/608 2259/2269/608 2257/2267/608
f 2261/2271/608 2259/2269/608 2254/2264/608
f 2262/2272/550 2263/2273/550 2264/2274/550
f 2263/2273/550 2262/2272/550 2265/2275/550
f 2265/2275/550 2266/2276/550 2263/2273/550
f 2266/2276/550 2265/2275/550 2267/2277/550
f 2267/2277/550 2268/2278/550 2266/2276/550
f 2268/2278/550 2267/2277/550 2269/2279/550
f 2269/2279/550 2270/2280/550 2268/2278/550
f 2270/2280/550 2269/2279/550 2271/2281/550
f 2271/2281/550 2272/2282/550 2270/2280/550
f 2272/2282/550 2271/2281/550 2273/2283/550
f 2273/2283/550 2274/2284/550 2272/2282/550
f 2274/2284/550 2273/2283/550 2275/2285/551
f 2275/2285/551 2276/2286/550 2274/2284/550
f 2276/2286/550 2275/2285/551 2277/2287/550
f 2277/2287/550 2264/2274/550 2276/2286/550
f 2264/2274/550 2277/2287/550 2262/2272/550
f 2264/2274/553 2254/2264/553 2256/2266/553
f 2254/2264/553 2264/2274/553 2263/2273/553
f 2263/2273/576 2261/2271/576 2254/2264/577
f 2261/2271/576 2263/2273/576 2266/2276/576
f 2266/2276/573 2259/2269/573 2261/2271/573
f 2259/2269/573 2266/2276/573 2268/2278/573
f 2268/2278/570 2260/2270/570 2259/2269/570
f 2260/2270/570 2268/2278/570 2270/2280/570
f 2270/2280/567 2257/2267/567 2260/2270/567
f 2257/2267/567 2270/2280/567 2272/2282/567
f 2272/2282/564 2258/2268/563 2257/2267/564
f 2258/2268/563 2272/2282/564 2274/2284/563
f 2274/2284/560 2255/2265/560 2258/2268/560
f 2255/2265/560 2274/2284/560 2276/2286/560
f 2276/2286/557 2256/2266/557 2255/2265/556
f 2256/2266/557 2276/2286/557 2264/2274/557
f 2278/2288/608 2279/2289/608 2280/2290/792
f 2279/2289/608 2281/2291/608 2282/2292/608
f 2278/2288/608 2281/2291/608 2279/2289/608
f 2281/2291/608 2283/2293/608 2284/2294/608
f 2283/2293/608 2285/2295/608 2286/2296/608
f 2281/2291/608 2285/2295/608 2283/2293/608
f 2278/2288/608 2285/2295/608 2281/2291/608
f 2285/2295/608 2287/2297/608 2288/2298/608
f 2287/2297/608 2289/2299/608 2290/2300/792
f 2285/2295/608 2289/2299/608 2287/2297/608
f 2289/2299/608 2291/2301/608 2292/2302/792
f 2291/2301/608 2293/2303/608 2294/2304/608
f 2289/2299/608 2293/2303/608 2291/2301/608
f 2285/2295/608 2293/2303/608 2289/2299/608
f 2278/2288/608 2293/2303/608 2285/2295/608
f 2293/2303/608 2295/2305/608 2296/2306/608
f 2295/2305/608 2297/2307/608 2298/2308/608
f 2293/2303/608 2297/2307/608 2295/2305/608
f 2278/2288/608 2297/2307/608 2293/2303/608
f 2297/2307/608 2299/2309/608 2300/2310/608
f 2278/2288/608 2299/2309/608 2297/2307/608
f 2301/2311/608 2299/2309/608 2278/2288/608
f 2302/2312/552 2303/2313/552 2304/2314/552
f 2303/2313/552 2302/2312/552 2305/2315/552
f 2280/2290/553 2306/2316/553 2307/2317/553
f 2306/2316/553 2280/2290/553 2279/2289/553
f 2308/2318/554 2309/2319/554 2310/2320/554
f 2309/2319/554 2308/2318/554 2311/2321/554
f 2282/2292/555 2312/2322/555 2313/2323/555
f 2312/2322/555 2282/2292/555 2281/2291/555
f 2314/2324/556 2315/2325/557 2316/2326/557
f 2315/2325/557 2314/2324/556 2317/2327/556
f 2284/2294/558 2318/2328/558 2319/2329/558
f 2318/2328/558 2284/2294/558 2283/2293/558
f 2320/2330/559 2321/2331/559 2322/2332/559
f 2321/2331/559 2320/2330/559 2323/2333/559
f 2286/2296/560 2324/2334/560 2325/2335/560
f 2324/2334/560 2286/2296/560 2285/2295/560
f 2326/2336/561 2327/2337/561 2328/2338/561
f 2327/2337/561 2326/2336/561 2329/2339/561
f 2288/2298/562 2330/2340/562 2331/2341/562
f 2330/2340/562 2288/2298/562 2287/2297/562
f 2332/2342/563 2333/2343/563 2334/2344/564
f 2333/2343/563 2332/2342/563 2335/2345/563
f 2290/2300/565 2336/2346/565 2337/2347/565
f 2336/2346/565 2290/2300/565 2289/2299/565
f 2338/2348/566 2339/2349/566 2340/2350/566
f 2339/2349/566 2338/2348/566 2341/2351/566
f 2292/2302/567 2342/2352/567 2343/2353/567
f 2342/2352/567 2292/2302/567 2291/2301/567
f 2344/2354/568 2345/2355/568 2346/2356/568
f 2345/2355/568 2344/2354/568 2347/2357/568
f 2294/2304/569 2348/2358/569 2349/2359/569
f 2348/2358/569 2294/2304/569 2293/2303/569
f 2350/2360/570 2351/2361/570 2352/2362/570
f 2351/2361/570 2350/2360/570 2353/2363/570
f 2296/2306/571 2354/2364/571 2355/2365/571
f 2354/2364/571 2296/2306/571 2295/2305/571
f 2356/2366/572 2357/2367/572 2358/2368/572
f 2357/2367/572 2356/2366/572 2359/2369/572
f 2298/2308/573 2360/2370/573 2361/2371/573
f 2360/2370/573 2298/2308/573 2297/2307/573
f 2362/2372/574 2363/2373/574 2364/2374/574
f 2363/2373/574 2362/2372/574 2365/2375/574
f 2300/2310/575 2366/2376/575 2367/2377/575
f 2366/2376/575 2300/2310/575 2299/2309/575
f 2368/2378/577 2369/2379/577 2370/2380/576
f 2369/2379/577 2368/2378/577 2371/2381/577
f 2301/2311/578 2372/2382/578 2373/2383/578
f 2372/2382/578 2301/2311/578 2278/2288/578
f 2372/2382/708 2374/2384/708 2375/2385/708
f 2374/2384/708 2372/2382/708 2307/2317/708
f 2307/2317/709 2376/2386/709 2374/2384/709
f 2376/2386/709 2307/2317/709 2306/2316/709
f 2306/2316/711 2377/2387/711 2376/2386/711
f 2377/2387/711 2306/2316/711 2313/2323/710
f 2313/2323/712 2378/2388/712 2377/2387/712
f 2378/2388/712 2313/2323/712 2312/2322/712
f 2312/2322/713 2379/2389/713 2378/2388/713
f 2379/2389/713 2312/2322/713 2319/2329/713
f 2319/2329/714 2380/2390/714 2379/2389/714
f 2380/2390/714 2319/2329/714 2318/2328/714
f 2318/2328/715 2381/2391/715 2380/2390/715
f 2381/2391/715 2318/2328/715 2325/2335/715
f 2325/2335/716 2382/2392/716 2381/2391/716
f 2382/2392/716 2325/2335/716 2324/2334/716
f 2324/2334/717 2383/2393/717 2382/2392/717
f 2383/2393/717 2324/2334/717 2331/2341/717
f 2331/2341/718 2384/2394/718 2383/2393/815
f 2384/2394/718 2331/2341/718 2330/2340/718
f 2330/2340/719 2385/2395/719 2384/2394/719
f 2385/2395/719 2330/2340/719 2337/2347/719
f 2337/2347/721 2386/2396/721 2385/2395/721
f 2386/2396/721 2337/2347/721 2336/2346/721
f 2336/2346/722 2387/2397/722 2386/2396/722
f 2387/2397/722 2336/2346/722 2343/2353/722
f 2343/2353/723 2388/2398/723 2387/2397/816
f 2388/2398/723 2343/2353/723 2342/2352/723
f 2342/2352/817 2389/2399/817 2388/2398/724
f 2389/2399/817 2342/2352/817 2349/2359/817
f 2349/2359/725 2390/2400/725 2389/2399/725
f 2390/2400/725 2349/2359/725 2348/2358/725
f 2348/2358/726 2391/2401/818 2390/2400/726
f 2391/2401/818 2348/2358/726 2355/2365/818
f 2355/2365/727 2392/2402/727 2391/2401/727
f 2392/2402/727 2355/2365/727 2354/2364/727
f 2354/2364/728 2393/2403/728 2392/2402/728
f 2393/2403/728 2354/2364/728 2361/2371/728
f 2361/2371/729 2394/2404/729 2393/2403/729
f 2394/2404/729 2361/2371/729 2360/2370/729
f 2360/2370/730 2395/2405/731 2394/2404/730
f 2395/2405/731 2360/2370/730 2367/2377/731
f 2367/2377/732 2396/2406/732 2395/2405/732
f 2396/2406/732 2367/2377/732 2366/2376/732
f 2366/2376/733 2397/2407/733 2396/2406/733
f 2397/2407/733 2366/2376/733 2373/2383/733
f 2373/2383/734 2375/2385/734 2397/2407/734
f 2375/2385/734 2373/2383/734 2372/2382/734
f 2378/2388/550 2398/2408/550 2399/2409/550
f 2399/2409/550 2377/2387/550 2378/2388/550
f 2400/2410/550 2377/2387/550 2399/2409/550
f 2400/2410/550 2376/2386/550 2377/2387/550
f 2401/2411/550 2376/2386/550 2400/2410/550
f 2401/2411/550 2374/2384/550 2376/2386/550
f 2402/2412/550 2374/2384/550 2401/2411/550
f 2402/2412/550 2375/2385/550 2374/2384/550
f 2403/2413/550 2375/2385/550 2402/2412/550
f 2403/2413/550 2397/2407/550 2375/2385/550
f 2404/2414/550 2397/2407/550 2403/2413/550
f 2404/2414/550 2396/2406/550 2397/2407/550
f 2405/2415/550 2396/2406/550 2404/2414/550
f 2405/2415/550 2395/2405/550 2396/2406/550
f 2406/2416/550 2395/2405/550 2405/2415/550
f 2406/2416/550 2394/2404/550 2395/2405/550
f 2407/2417/550 2394/2404/550 2406/2416/550
f 2407/2417/550 2393/2403/550 2394/2404/550
f 2408/2418/550 2393/2403/550 2407/2417/550
f 2408/2418/550 2392/2402/550 2393/2403/550
f 2409/2419/550 2392/2402/550 2408/2418/550
f 2409/2419/550 2391/2401/550 2392/2402/550
f 2410/2420/550 2391/2401/550 2409/2419/550
f 2410/2420/550 2390/2400/550 2391/2401/550
f 2411/2421/550 2390/2400/550 2410/2420/550
f 2411/2421/550 2389/2399/550 2390/2400/550
f 2412/2422/550 2389/2399/550 2411/2421/550
f 2412/2422/550 2388/2398/550 2389/2399/550
f 2413/2423/550 2388/2398/550 2412/2422/550
f 2413/2423/550 2387/2397/550 2388/2398/550
f 2414/2424/550 2387/2397/550 2413/2423/550
f 2414/2424/550 2386/2396/550 2387/2397/550
f 2415/2425/550 2386/2396/550 2414/2424/550
f 2415/2425/550 2385/2395/550 2386/2396/550
f 2416/2426/550 2385/2395/550 2415/2425/550
f 2416/2426/550 2384/2394/550 2385/2395/550
f 2417/2427/550 2384/2394/550 2416/2426/550
f 2417/2427/550 2383/2393/550 2384/2394/550
f 2418/2428/550 2383/2393/550 2417/2427/550
f 2418/2428/550 2382/2392/550 2383/2393/550
f 2419/2429/550 2382/2392/550 2418/2428/550
f 2419/2429/550 2381/2391/550 2382/2392/550
f 2420/2430/550 2381/2391/550 2419/2429/550
f 2420/2430/550 2380/2390/550 2381/2391/550
f 2421/2431/550 2380/2390/550 2420/2430/550
f 2421/2431/550 2379/2389/550 2380/2390/550
f 2398/2408/550 2379/2389/550 2421/2431/550
f 2378/2388/550 2379/2389/550 2398/2408/550
f 2403/2413/736 2422/2432/736 2423/2433/736
f 2422/2432/736 2403/2413/736 2402/2412/736
f 2402/2412/738 2424/2434/738 2422/2432/738
f 2424/2434/738 2402/2412/738 2401/2411/738
f 2401/2411/739 2425/2435/739 2424/2434/739
f 2425/2435/739 2401/2411/739 2400/2410/739
f 2400/2410/740 2426/2436/740 2425/2435/740
f 2426/2436/740 2400/2410/740 2399/2409/740
f 2399/2409/741 2427/2437/741 2426/2436/741
f 2427/2437/741 2399/2409/741 2398/2408/741
f 2398/2408/742 2428/2438/742 2427/2437/742
f 2428/2438/742 2398/2408/742 2421/2431/742
f 2421/2431/743 2429/2439/743 2428/2438/743
f 2429/2439/743 2421/2431/743 2420/2430/743
f 2420/2430/744 2430/2440/744 2429/2439/744
f 2430/2440/744 2420/2430/744 2419/2429/744
f 2419/2429/746 2431/2441/746 2430/2440/746
f 2431/2441/746 2419/2429/746 2418/2428/746
f 2418/2428/747 2432/2442/747 2431/2441/747
f 2432/2442/747 2418/2428/747 2417/2427/747
f 2417/2427/748 2433/2443/748 2432/2442/748
f 2433/2443/748 2417/2427/748 2416/2426/748
f 2416/2426/749 2434/2444/749 2433/2443/749
f 2434/2444/749 2416/2426/749 2415/2425/749
f 2415/2425/751 2435/2445/751 2434/2444/751
f 2435/2445/819 2415/2425/819 2414/2424/819
f 2414/2424/752 2436/2446/752 2435/2445/752
f 2436/2446/752 2414/2424/752 2413/2423/752
f 2413/2423/753 2437/2447/753 2436/2446/753
f 2437/2447/753 2413/2423/753 2412/2422/753
f 2412/2422/754 2438/2448/754 2437/2447/754
f 2438/2448/754 2412/2422/754 2411/2421/754
f 2411/2421/755 2439/2449/755 2438/2448/755
f 2439/2449/755 2411/2421/755 2410/2420/755
f 2410/2420/756 2440/2450/756 2439/2449/756
f 2440/2450/756 2410/2420/756 2409/2419/756
f 2409/2419/757 2441/2451/757 2440/2450/757
f 2441/2451/757 2409/2419/757 2408/2418/757
f 2408/2418/758 2442/2452/758 2441/2451/758
f 2442/2452/758 2408/2418/758 2407/2417/758
f 2407/2417/759 2443/2453/759 2442/2452/759
f 2443/2453/759 2407/2417/759 2406/2416/759
f 2406/2416/760 2444/2454/760 2443/2453/760
f 2444/2454/760 2406/2416/760 2405/2415/760
f 2405/2415/761 2445/2455/761 2444/2454/761
f 2445/2455/761 2405/2415/761 2404/2414/761
f 2404/2414/762 2423/2433/762 2445/2455/762
f 2423/2433/762 2404/2414/762 2403/2413/762
f 2278/2288/638 2305/2315/638 2302/2312/638
f 2305/2315/638 2278/2288/638 2280/2290/638
f 2280/2290/636 2303/2313/636 2305/2315/636
f 2303/2313/636 2280/2290/636 2307/2317/636
f 2307/2317/634 2304/2314/634 2303/2313/634
f 2304/2314/634 2307/2317/634 2372/2382/634
f 2372/2382/640 2302/2312/640 2304/2314/640
f 2302/2312/640 2372/2382/640 2278/2288/640
f 2279/2289/765 2311/2321/765 2308/2318/765
f 2311/2321/765 2279/2289/765 2282/2292/765
f 2282/2292/643 2309/2319/820 2311/2321/643
f 2309/2319/820 2282/2292/643 2313/2323/820
f 2313/2323/642 2310/2320/642 2309/2319/642
f 2310/2320/642 2313/2323/642 2306/2316/642
f 2306/2316/801 2308/2318/647 2310/2320/801
f 2308/2318/647 2306/2316/801 2279/2289/647
f 2281/2291/650 2317/2327/650 2314/2324/650
f 2317/2327/650 2281/2291/650 2284/2294/650
f 2284/2294/649 2315/2325/649 2317/2327/649
f 2315/2325/649 2284/2294/649 2319/2329/649
f 2319/2329/648 2316/2326/648 2315/2325/648
f 2316/2326/648 2319/2329/648 2312/2322/648
f 2312/2322/651 2314/2324/651 2316/2326/802
f 2314/2324/651 2312/2322/651 2281/2291/651
f 2283/2293/656 2323/2333/656 2320/2330/656
f 2323/2333/656 2283/2293/656 2286/2296/655
f 2286/2296/654 2321/2331/654 2323/2333/654
f 2321/2331/654 2286/2296/654 2325/2335/654
f 2325/2335/653 2322/2332/652 2321/2331/653
f 2322/2332/652 2325/2335/653 2318/2328/652
f 2318/2328/657 2320/2330/657 2322/2332/657
f 2320/2330/657 2318/2328/657 2283/2293/657
f 2285/2295/662 2329/2339/662 2326/2336/662
f 2329/2339/662 2285/2295/662 2288/2298/662
f 2288/2298/770 2327/2337/770 2329/2339/770
f 2327/2337/770 2288/2298/770 2331/2341/770
f 2331/2341/659 2328/2338/821 2327/2337/659
f 2328/2338/821 2331/2341/659 2324/2334/821
f 2324/2334/663 2326/2336/663 2328/2338/663
f 2326/2336/663 2324/2334/663 2285/2295/663
f 2287/2297/667 2335/2345/667 2332/2342/667
f 2335/2345/667 2287/2297/667 2290/2300/667
f 2290/2300/666 2333/2343/822 2335/2345/666
f 2333/2343/822 2290/2300/666 2337/2347/822
f 2337/2347/664 2334/2344/665 2333/2343/664
f 2334/2344/665 2337/2347/664 2330/2340/665
f 2330/2340/773 2332/2342/774 2334/2344/773
f 2332/2342/774 2330/2340/773 2287/2297/774
f 2289/2299/672 2341/2351/672 2338/2348/672
f 2341/2351/672 2289/2299/672 2292/2302/672
f 2292/2302/805 2339/2349/671 2341/2351/805
f 2339/2349/671 2292/2302/805 2343/2353/671
f 2343/2353/823 2340/2350/670 2339/2349/823
f 2340/2350/670 2343/2353/823 2336/2346/670
f 2336/2346/673 2338/2348/674 2340/2350/824
f 2338/2348/674 2336/2346/673 2289/2299/674
f 2291/2301/679 2347/2357/678 2344/2354/679
f 2347/2357/678 2291/2301/679 2294/2304/678
f 2294/2304/677 2345/2355/676 2347/2357/677
f 2345/2355/676 2294/2304/677 2349/2359/676
f 2349/2359/778 2346/2356/675 2345/2355/778
f 2346/2356/675 2349/2359/778 2342/2352/675
f 2342/2352/780 2344/2354/681 2346/2356/780
f 2344/2354/681 2342/2352/780 2291/2301/681
f 2293/2303/685 2353/2363/685 2350/2360/685
f 2353/2363/685 2293/2303/685 2296/2306/685
f 2296/2306/684 2351/2361/684 2353/2363/684
f 2351/2361/684 2296/2306/684 2355/2365/684
f 2355/2365/782 2352/2362/682 2351/2361/782
f 2352/2362/682 2355/2365/782 2348/2358/682
f 2348/2358/783 2350/2360/686 2352/2362/687
f 2350/2360/686 2348/2358/783 2293/2303/686
f 2295/2305/692 2359/2369/694 2356/2366/692
f 2359/2369/694 2295/2305/692 2298/2308/694
f 2298/2308/690 2357/2367/690 2359/2369/690
f 2357/2367/690 2298/2308/690 2361/2371/690
f 2361/2371/807 2358/2368/807 2357/2367/807
f 2358/2368/807 2361/2371/807 2354/2364/807
f 2354/2364/809 2356/2366/695 2358/2368/809
f 2356/2366/695 2354/2364/809 2295/2305/695
f 2297/2307/785 2365/2375/699 2362/2372/785
f 2365/2375/699 2297/2307/785 2300/2310/699
f 2300/2310/787 2363/2373/698 2365/2375/825
f 2363/2373/698 2300/2310/787 2367/2377/698
f 2367/2377/696 2364/2374/696 2363/2373/696
f 2364/2374/696 2367/2377/696 2360/2370/696
f 2360/2370/700 2362/2372/700 2364/2374/700
f 2362/2372/700 2360/2370/700 2297/2307/700
f 2299/2309/788 2371/2381/788 2368/2378/788
f 2371/2381/788 2299/2309/788 2301/2311/788
f 2301/2311/703 2369/2379/703 2371/2381/703
f 2369/2379/703 2301/2311/703 2373/2383/703
f 2373/2383/701 2370/2380/701 2369/2379/701
f 2370/2380/701 2373/2383/701 2366/2376/701
f 2366/2376/791 2368/2378/791 2370/2380/791
f 2368/2378/791 2366/2376/791 2299/2309/791
f 2446/2456/550 2447/2457/550 2448/2458/550
f 2447/2457/550 2449/2459/550 2450/2460/550
f 2449/2459/550 2451/2461/550 2452/2462/550
f 2447/2457/550 2451/2461/550 2449/2459/550
f 2446/2456/550 2451/2461/550 2447/2457/550
f 2453/2463/550 2451/2461/550 2446/2456/550
f 2454/2464/553 2265/2275/553 2262/2272/553
f 2265/2275/553 2454/2464/553 2455/2465/553
f 2456/2466/557 2262/2272/557 2277/2287/557
f 2262/2272/557 2456/2466/557 2454/2464/557
f 2457/2467/560 2277/2287/560 2275/2285/560
f 2277/2287/560 2457/2467/560 2456/2466/560
f 2458/2468/563 2275/2285/564 2273/2283/564
f 2275/2285/564 2458/2468/563 2457/2467/563
f 2459/2469/567 2273/2283/567 2271/2281/567
f 2273/2283/567 2459/2469/567 2458/2468/567
f 2460/2470/793 2271/2281/793 2269/2279/793
f 2271/2281/793 2460/2470/793 2459/2469/793
f 2461/2471/573 2269/2279/573 2267/2277/573
f 2269/2279/573 2461/2471/573 2460/2470/573
f 2455/2465/576 2267/2277/577 2265/2275/577
f 2267/2277/577 2455/2465/576 2461/2471/576
f 2454/2464/608 2462/2472/608 2455/2465/608
f 2462/2472/608 2454/2464/608 2463/2473/608
f 2455/2465/608 2464/2474/608 2461/2471/608
f 2464/2474/608 2455/2465/608 2462/2472/608
f 2461/2471/608 2465/2475/608 2460/2470/608
f 2465/2475/608 2461/2471/608 2464/2474/608
f 2460/2470/608 2466/2476/608 2459/2469/608
f 2466/2476/608 2460/2470/608 2465/2475/608
f 2459/2469/608 2467/2477/608 2458/2468/608
f 2467/2477/608 2459/2469/608 2466/2476/608
f 2458/2468/608 2468/2478/608 2457/2467/608
f 2468/2478/608 2458/2468/608 2467/2477/608
f 2457/2467/608 2469/2479/608 2456/2466/608
f 2469/2479/608 2457/2467/608 2468/2478/608
f 2456/2466/608 2463/2473/608 2454/2464/608
f 2463/2473/608 2456/2466/608 2469/2479/608
f 2463/2473/553 2451/2461/553 2462/2472/553
f 2451/2461/553 2463/2473/553 2452/2462/553
f 2462/2472/577 2453/2463/577 2464/2474/577
f 2453/2463/577 2462/2472/577 2451/2461/576
f 2464/2474/573 2446/2456/573 2465/2475/573
f 2446/2456/573 2464/2474/573 2453/2463/573
f 2465/2475/793 2448/2458/570 2466/2476/570
f 2448/2458/570 2465/2475/793 2446/2456/793
f 2466/2476/567 2447/2457/567 2467/2477/567
f 2447/2457/567 2466/2476/567 2448/2458/706
f 2467/2477/564 2450/2460/563 2468/2478/563
f 2450/2460/563 2467/2477/564 2447/2457/564
f 2468/2478/560 2449/2459/560 2469/2479/560
f 2449/2459/560 2468/2478/560 2450/2460/560
f 2469/2479/556 2452/2462/556 2463/2473/556
f 2452/2462/556 2469/2479/556 2449/2459/557
f 2470/2480/550 2471/2481/550 2472/2482/550
f 2471/2481/550 2473/2483/550 2474/2484/550
f 2473/2483/550 2475/2485/550 2476/2486/550
f 2471/2481/550 2475/2485/550 2473/2483/550
f 2475/2485/550 2477/2487/550 2478/2488/550
f 2477/2487/550 2479/2489/550 2480/2490/551
f 2475/2485/550 2479/2489/550 2477/2487/550
f 2479/2489/550 2481/2491/550 2482/2492/550
f 2481/2491/550 2483/2493/550 2484/2494/550
f 2479/2489/550 2483/2493/550 2481/2491/550
f 2475/2485/550 2483/2493/550 2479/2489/550
f 2483/2493/550 2485/2495/550 2486/2496/550
f 2485/2495/550 2487/2497/550 2488/2498/550
f 2483/2493/550 2487/2497/550 2485/2495/550
f 2487/2497/550 2489/2499/550 2490/2500/550
f 2489/2499/550 2491/2501/550 2492/2502/550
f 2487/2497/550 2491/2501/550 2489/2499/550
f 2483/2493/550 2491/2501/550 2487/2497/550
f 2475/2485/550 2491/2501/550 2483/2493/550
f 2471/2481/550 2491/2501/550 2475/2485/550
f 2470/2480/550 2491/2501/550 2471/2481/550
f 2493/2503/550 2491/2501/550 2470/2480/550
f 2494/2504/552 2495/2505/552 2496/2506/552
f 2495/2505/552 2494/2504/552 2497/2507/552
f 2492/2502/553 2498/2508/553 2489/2499/553
f 2498/2508/553 2492/2502/553 2499/2509/553
f 2500/2510/554 2501/2511/554 2502/2512/554
f 2501/2511/554 2500/2510/554 2503/2513/554
f 2490/2500/555 2504/2514/555 2487/2497/555
f 2504/2514/555 2490/2500/555 2505/2515/555
f 2506/2516/557 2507/2517/557 2508/2518/557
f 2507/2517/557 2506/2516/557 2509/2519/557
f 2488/2498/558 2510/2520/558 2485/2495/558
f 2510/2520/558 2488/2498/558 2511/2521/558
f 2512/2522/559 2513/2523/559 2514/2524/559
f 2513/2523/559 2512/2522/559 2515/2525/559
f 2486/2496/560 2516/2526/560 2483/2493/560
f 2516/2526/560 2486/2496/560 2517/2527/560
f 2518/2528/561 2519/2529/561 2520/2530/561
f 2519/2529/561 2518/2528/561 2521/2531/561
f 2484/2494/562 2522/2532/562 2481/2491/562
f 2522/2532/562 2484/2494/562 2523/2533/562
f 2524/2534/564 2525/2535/564 2526/2536/564
f 2525/2535/564 2524/2534/564 2527/2537/563
f 2482/2492/565 2528/2538/565 2479/2489/565
f 2528/2538/565 2482/2492/565 2529/2539/565
f 2530/2540/566 2531/2541/566 2532/2542/566
f 2531/2541/566 2530/2540/566 2533/2543/566
f 2480/2490/567 2534/2544/567 2477/2487/567
f 2534/2544/567 2480/2490/567 2535/2545/567
f 2536/2546/568 2537/2547/568 2538/2548/568
f 2537/2547/568 2536/2546/568 2539/2549/568
f 2478/2488/569 2540/2550/569 2475/2485/569
f 2540/2550/569 2478/2488/569 2541/2551/569
f 2542/2552/570 2543/2553/570 2544/2554/570
f 2543/2553/570 2542/2552/570 2545/2555/570
f 2476/2486/571 2546/2556/571 2473/2483/571
f 2546/2556/571 2476/2486/571 2547/2557/571
f 2548/2558/572 2549/2559/572 2550/2560/572
f 2549/2559/572 2548/2558/572 2551/2561/572
f 2474/2484/573 2552/2562/573 2471/2481/573
f 2552/2562/573 2474/2484/573 2553/2563/573
f 2554/2564/574 2555/2565/574 2556/2566/574
f 2555/2565/574 2554/2564/574 2557/2567/574
f 2472/2482/575 2558/2568/575 2470/2480/575
f 2558/2568/575 2472/2482/575 2559/2569/575
f 2560/2570/576 2561/2571/577 2562/2572/576
f 2561/2571/577 2560/2570/576 2563/2573/577
f 2493/2503/578 2564/2574/578 2491/2501/578
f 2564/2574/578 2493/2503/578 2565/2575/578
f 2564/2574/579 2566/2576/579 2499/2509/579
f 2566/2576/579 2564/2574/579 2567/2577/579
f 2499/2509/580 2568/2578/580 2498/2508/580
f 2568/2578/580 2499/2509/580 2566/2576/580
f 2498/2508/582 2569/2579/581 2505/2515/581
f 2569/2579/581 2498/2508/582 2568/2578/582
f 2505/2515/583 2570/2580/583 2504/2514/583
f 2570/2580/583 2505/2515/583 2569/2579/583
f 2504/2514/585 2571/2581/585 2511/2521/585
f 2571/2581/585 2504/2514/585 2570/2580/585
f 2511/2521/586 2572/2582/586 2510/2520/586
f 2572/2582/586 2511/2521/586 2571/2581/586
f 2510/2520/587 2573/2583/587 2517/2527/587
f 2573/2583/587 2510/2520/587 2572/2582/587
f 2517/2527/588 2574/2584/588 2516/2526/588
f 2574/2584/588 2517/2527/588 2573/2583/588
f 2516/2526/589 2575/2585/590 2523/2533/590
f 2575/2585/590 2516/2526/589 2574/2584/589
f 2523/2533/591 2576/2586/591 2522/2532/591
f 2576/2586/591 2523/2533/591 2575/2585/591
f 2522/2532/592 2577/2587/592 2529/2539/794
f 2577/2587/592 2522/2532/592 2576/2586/592
f 2529/2539/593 2578/2588/593 2528/2538/593
f 2578/2588/593 2529/2539/593 2577/2587/593
f 2528/2538/594 2579/2589/594 2535/2545/594
f 2579/2589/594 2528/2538/594 2578/2588/594
f 2535/2545/595 2580/2590/595 2534/2544/595
f 2580/2590/595 2535/2545/595 2579/2589/595
f 2534/2544/597 2581/2591/597 2541/2551/597
f 2581/2591/597 2534/2544/597 2580/2590/597
f 2541/2551/598 2582/2592/598 2540/2550/598
f 2582/2592/598 2541/2551/598 2581/2591/598
f 2540/2550/599 2583/2593/599 2547/2557/826
f 2583/2593/599 2540/2550/599 2582/2592/599
f 2547/2557/600 2584/2594/600 2546/2556/600
f 2584/2594/600 2547/2557/600 2583/2593/600
f 2546/2556/601 2585/2595/601 2553/2563/601
f 2585/2595/601 2546/2556/601 2584/2594/601
f 2553/2563/602 2586/2596/602 2552/2562/602
f 2586/2596/602 2553/2563/602 2585/2595/602
f 2552/2562/603 2587/2597/603 2559/2569/603
f 2587/2597/603 2552/2562/603 2586/2596/604
f 2559/2569/605 2588/2598/605 2558/2568/605
f 2588/2598/605 2559/2569/605 2587/2597/605
f 2558/2568/606 2589/2599/606 2565/2575/606
f 2589/2599/606 2558/2568/606 2588/2598/606
f 2565/2575/607 2567/2577/607 2564/2574/607
f 2567/2577/607 2565/2575/607 2589/2599/607
f 2569/2579/608 2590/2600/608 2570/2580/608
f 2569/2579/608 2591/2601/608 2590/2600/608
f 2568/2578/608 2591/2601/608 2569/2579/608
f 2568/2578/608 2592/2602/608 2591/2601/608
f 2566/2576/608 2592/2602/608 2568/2578/608
f 2566/2576/608 2593/2603/608 2592/2602/608
f 2567/2577/608 2593/2603/608 2566/2576/608
f 2567/2577/608 2594/2604/608 2593/2603/608
f 2589/2599/608 2594/2604/608 2567/2577/608
f 2589/2599/608 2595/2605/608 2594/2604/608
f 2588/2598/608 2595/2605/608 2589/2599/608
f 2588/2598/608 2596/2606/608 2595/2605/608
f 2587/2597/608 2596/2606/608 2588/2598/608
f 2587/2597/608 2597/2607/608 2596/2606/608
f 2586/2596/608 2597/2607/608 2587/2597/608
f 2586/2596/608 2598/2608/608 2597/2607/608
f 2585/2595/608 2598/2608/608 2586/2596/608
f 2585/2595/608 2599/2609/608 2598/2608/608
f 2584/2594/608 2599/2609/608 2585/2595/608
f 2584/2594/608 2600/2610/608 2599/2609/608
f 2583/2593/608 2600/2610/608 2584/2594/608
f 2583/2593/608 2601/2611/608 2600/2610/608
f 2582/2592/608 2601/2611/608 2583/2593/608
f 2582/2592/608 2602/2612/608 2601/2611/608
f 2581/2591/608 2602/2612/608 2582/2592/608
f 2581/2591/608 2603/2613/608 2602/2612/608
f 2580/2590/608 2603/2613/608 2581/2591/608
f 2580/2590/608 2604/2614/608 2603/2613/608
f 2579/2589/608 2604/2614/608 2580/2590/608
f 2579/2589/608 2605/2615/608 2604/2614/608
f 2578/2588/608 2605/2615/608 2579/2589/608
f 2578/2588/608 2606/2616/608 2605/2615/608
f 2577/2587/608 2606/2616/608 2578/2588/608
f 2577/2587/608 2607/2617/608 2606/2616/608
f 2576/2586/608 2607/2617/608 2577/2587/608
f 2576/2586/608 2608/2618/608 2607/2617/608
f 2575/2585/608 2608/2618/608 2576/2586/608
f 2575/2585/608 2609/2619/608 2608/2618/608
f 2574/2584/608 2609/2619/608 2575/2585/608
f 2574/2584/608 2610/2620/608 2609/2619/608
f 2573/2583/608 2610/2620/608 2574/2584/608
f 2573/2583/608 2611/2621/608 2610/2620/608
f 2572/2582/608 2611/2621/608 2573/2583/608
f 2572/2582/608 2612/2622/608 2611/2621/608
f 2571/2581/608 2612/2622/608 2572/2582/608
f 2571/2581/608 2613/2623/608 2612/2622/608
f 2570/2580/608 2613/2623/608 2571/2581/608
f 2570/2580/608 2590/2600/608 2613/2623/608
f 2594/2604/609 2614/2624/609 2593/2603/609
f 2614/2624/609 2594/2604/609 2615/2625/609
f 2593/2603/610 2616/2626/610 2592/2602/610
f 2616/2626/610 2593/2603/610 2614/2624/610
f 2592/2602/611 2617/2627/611 2591/2601/611
f 2617/2627/611 2592/2602/611 2616/2626/611
f 2591/2601/612 2618/2628/612 2590/2600/612
f 2618/2628/612 2591/2601/612 2617/2627/612
f 2590/2600/613 2619/2629/613 2613/2623/613
f 2619/2629/613 2590/2600/613 2618/2628/613
f 2613/2623/614 2620/2630/614 2612/2622/614
f 2620/2630/614 2613/2623/614 2619/2629/614
f 2612/2622/798 2621/2631/798 2611/2621/615
f 2621/2631/798 2612/2622/798 2620/2630/798
f 2611/2621/616 2622/2632/616 2610/2620/616
f 2622/2632/616 2611/2621/616 2621/2631/616
f 2610/2620/617 2623/2633/617 2609/2619/617
f 2623/2633/617 2610/2620/617 2622/2632/617
f 2609/2619/618 2624/2634/618 2608/2618/618
f 2624/2634/618 2609/2619/618 2623/2633/618
f 2608/2618/619 2625/2635/619 2607/2617/619
f 2625/2635/619 2608/2618/619 2624/2634/619
f 2607/2617/620 2626/2636/620 2606/2616/620
f 2626/2636/620 2607/2617/620 2625/2635/620
f 2606/2616/622 2627/2637/622 2605/2615/622
f 2627/2637/622 2606/2616/622 2626/2636/622
f 2605/2615/623 2628/2638/623 2604/2614/623
f 2628/2638/623 2605/2615/623 2627/2637/623
f 2604/2614/624 2629/2639/624 2603/2613/624
f 2629/2639/624 2604/2614/624 2628/2638/624
f 2603/2613/625 2630/2640/625 2602/2612/625
f 2630/2640/625 2603/2613/625 2629/2639/625
f 2602/2612/626 2631/2641/626 2601/2611/626
f 2631/2641/626 2602/2612/626 2630/2640/626
f 2601/2611/627 2632/2642/627 2600/2610/627
f 2632/2642/627 2601/2611/627 2631/2641/627
f 2600/2610/628 2633/2643/628 2599/2609/799
f 2633/2643/628 2600/2610/628 2632/2642/628
f 2599/2609/629 2634/2644/629 2598/2608/629
f 2634/2644/629 2599/2609/629 2633/2643/629
f 2598/2608/630 2635/2645/630 2597/2607/630
f 2635/2645/630 2598/2608/630 2634/2644/630
f 2597/2607/631 2636/2646/631 2596/2606/631
f 2636/2646/631 2597/2607/631 2635/2645/631
f 2596/2606/632 2637/2647/632 2595/2605/632
f 2637/2647/632 2596/2606/632 2636/2646/632
f 2595/2605/633 2615/2625/633 2594/2604/633
f 2615/2625/633 2595/2605/633 2637/2647/633
f 2491/2501/764 2496/2506/634 2492/2502/634
f 2496/2506/634 2491/2501/764 2494/2504/764
f 2492/2502/636 2495/2505/636 2499/2509/636
f 2495/2505/636 2492/2502/636 2496/2506/636
f 2499/2509/638 2497/2507/763 2564/2574/763
f 2497/2507/763 2499/2509/638 2495/2505/638
f 2564/2574/640 2494/2504/640 2491/2501/640
f 2494/2504/640 2564/2574/640 2497/2507/640
f 2489/2499/641 2502/2512/642 2490/2500/642
f 2502/2512/642 2489/2499/641 2500/2510/827
f 2490/2500/643 2501/2511/643 2505/2515/643
f 2501/2511/643 2490/2500/643 2502/2512/643
f 2505/2515/644 2503/2513/765 2498/2508/765
f 2503/2513/765 2505/2515/644 2501/2511/644
f 2498/2508/647 2500/2510/647 2489/2499/647
f 2500/2510/647 2498/2508/647 2503/2513/647
f 2487/2497/648 2508/2518/648 2488/2498/648
f 2508/2518/648 2487/2497/648 2506/2516/648
f 2488/2498/649 2507/2517/649 2511/2521/649
f 2507/2517/649 2488/2498/649 2508/2518/649
f 2511/2521/650 2509/2519/650 2504/2514/650
f 2509/2519/650 2511/2521/650 2507/2517/650
f 2504/2514/651 2506/2516/651 2487/2497/651
f 2506/2516/651 2504/2514/651 2509/2519/651
f 2485/2495/652 2514/2524/652 2486/2496/652
f 2514/2524/652 2485/2495/652 2512/2522/652
f 2486/2496/654 2513/2523/654 2517/2527/654
f 2513/2523/654 2486/2496/654 2514/2524/654
f 2517/2527/656 2515/2525/656 2510/2520/656
f 2515/2525/656 2517/2527/656 2513/2523/656
f 2510/2520/657 2512/2522/657 2485/2495/657
f 2512/2522/657 2510/2520/657 2515/2525/657
f 2483/2493/659 2520/2530/659 2484/2494/659
f 2520/2530/659 2483/2493/659 2518/2528/660
f 2484/2494/661 2519/2529/661 2523/2533/661
f 2519/2529/661 2484/2494/661 2520/2530/770
f 2523/2533/662 2521/2531/768 2516/2526/769
f 2521/2531/768 2523/2533/662 2519/2529/662
f 2516/2526/663 2518/2528/663 2483/2493/663
f 2518/2528/663 2516/2526/663 2521/2531/663
f 2481/2491/664 2526/2536/665 2482/2492/665
f 2526/2536/665 2481/2491/664 2524/2534/664
f 2482/2492/666 2525/2535/666 2529/2539/666
f 2525/2535/666 2482/2492/666 2526/2536/666
f 2529/2539/667 2527/2537/771 2522/2532/771
f 2527/2537/771 2529/2539/667 2525/2535/667
f 2522/2532/773 2524/2534/773 2481/2491/773
f 2524/2534/773 2522/2532/773 2527/2537/773
f 2479/2489/669 2532/2542/670 2480/2490/670
f 2532/2542/670 2479/2489/669 2530/2540/823
f 2480/2490/671 2531/2541/671 2535/2545/671
f 2531/2541/671 2480/2490/671 2532/2542/671
f 2535/2545/672 2533/2543/672 2528/2538/672
f 2533/2543/672 2535/2545/672 2531/2541/672
f 2528/2538/828 2530/2540/673 2479/2489/673
f 2530/2540/673 2528/2538/828 2533/2543/828
f 2477/2487/675 2538/2548/675 2478/2488/675
f 2538/2548/675 2477/2487/675 2536/2546/675
f 2478/2488/677 2537/2547/677 2541/2551/677
f 2537/2547/677 2478/2488/677 2538/2548/677
f 2541/2551/678 2539/2549/829 2534/2544/829
f 2539/2549/829 2541/2551/678 2537/2547/678
f 2534/2544/681 2536/2546/681 2477/2487/681
f 2536/2546/681 2534/2544/681 2539/2549/681
f 2475/2485/682 2544/2554/782 2476/2486/782
f 2544/2554/782 2475/2485/682 2542/2552/682
f 2476/2486/684 2543/2553/684 2547/2557/684
f 2543/2553/684 2476/2486/684 2544/2554/684
f 2547/2557/781 2545/2555/781 2540/2550/781
f 2545/2555/781 2547/2557/781 2543/2553/781
f 2540/2550/783 2542/2552/686 2475/2485/686
f 2542/2552/686 2540/2550/783 2545/2555/783
f 2473/2483/807 2550/2560/807 2474/2484/807
f 2550/2560/807 2473/2483/807 2548/2558/807
f 2474/2484/690 2549/2559/690 2553/2563/690
f 2549/2559/690 2474/2484/690 2550/2560/690
f 2553/2563/692 2551/2561/692 2546/2556/692
f 2551/2561/692 2553/2563/692 2549/2559/692
f 2546/2556/808 2548/2558/808 2473/2483/808
f 2548/2558/808 2546/2556/808 2551/2561/808
f 2471/2481/696 2556/2566/830 2472/2482/830
f 2556/2566/830 2471/2481/696 2554/2564/696
f 2472/2482/698 2555/2565/787 2559/2569/787
f 2555/2565/787 2472/2482/698 2556/2566/698
f 2559/2569/786 2557/2567/699 2552/2562/699
f 2557/2567/699 2559/2569/786 2555/2565/785
f 2552/2562/700 2554/2564/700 2471/2481/700
f 2554/2564/700 2552/2562/700 2557/2567/700
f 2470/2480/811 2562/2572/701 2493/2503/701
f 2562/2572/701 2470/2480/811 2560/2570/811
f 2493/2503/703 2561/2571/703 2565/2575/703
f 2561/2571/703 2493/2503/703 2562/2572/703
f 2565/2575/704 2563/2573/704 2558/2568/704
f 2563/2573/704 2565/2575/704 2561/2571/704
f 2558/2568/705 2560/2570/705 2470/2480/705
f 2560/2570/705 2558/2568/705 2563/2573/705
f 2638/2648/608 2639/2649/608 2640/2650/608
f 2639/2649/608 2641/2651/608 2642/2652/608
f 2638/2648/608 2641/2651/608 2639/2649/608
f 2641/2651/608 2643/2653/608 2644/2654/608
f 2638/2648/608 2643/2653/608 2641/2651/608
f 2645/2655/608 2643/2653/608 2638/2648/608
f 2646/2656/550 2647/2657/550 2648/2658/550
f 2647/2657/550 2646/2656/550 2649/2659/550
f 2649/2659/550 2650/2660/550 2647/2657/550
f 2650/2660/550 2649/2659/550 2651/2661/550
f 2651/2661/550 2652/2662/550 2650/2660/550
f 2652/2662/550 2651/2661/550 2653/2663/550
f 2653/2663/550 2654/2664/550 2652/2662/550
f 2654/2664/550 2653/2663/550 2655/2665/550
f 2655/2665/550 2656/2666/550 2654/2664/550
f 2656/2666/550 2655/2665/550 2657/2667/550
f 2657/2667/550 2658/2668/550 2656/2666/550
f 2658/2668/550 2657/2667/550 2659/2669/550
f 2659/2669/550 2660/2670/550 2658/2668/550
f 2660/2670/550 2659/2669/550 2661/2671/550
f 2661/2671/550 2648/2658/550 2660/2670/550
f 2648/2658/550 2661/2671/550 2646/2656/550
f 2648/2658/553 2638/2648/553 2640/2650/553
f 2638/2648/553 2648/2658/553 2647/2657/553
f 2647/2657/577 2645/2655/577 2638/2648/577
f 2645/2655/577 2647/2657/577 2650/2660/577
f 2650/2660/573 2643/2653/573 2645/2655/573
f 2643/2653/573 2650/2660/573 2652/2662/573
f 2652/2662/570 2644/2654/793 2643/2653/570
f 2644/2654/793 2652/2662/570 2654/2664/793
f 2654/2664/567 2641/2651/567 2644/2654/567
f 2641/2651/567 2654/2664/567 2656/2666/567
f 2656/2666/563 2642/2652/563 2641/2651/563
f 2642/2652/563 2656/2666/563 2658/2668/563
f 2658/2668/560 2639/2649/560 2642/2652/560
f 2639/2649/560 2658/2668/560 2660/2670/560
f 2660/2670/557 2640/2650/557 2639/2649/556
f 2640/2650/557 2660/2670/557 2648/2658/557
f 2662/2672/608 2663/2673/608 2664/2674/707
f 2663/2673/608 2665/2675/608 2666/2676/608
f 2662/2672/608 2665/2675/608 2663/2673/608
f 2665/2675/608 2667/2677/608 2668/2678/608
f 2667/2677/608 2669/2679/608 2670/2680/608
f 2665/2675/608 2669/2679/608 2667/2677/608
f 2662/2672/608 2669/2679/608 2665/2675/608
f 2669/2679/608 2671/2681/608 2672/2682/608
f 2671/2681/608 2673/2683/608 2674/2684/707
f 2669/2679/608 2673/2683/608 2671/2681/608
f 2673/2683/608 2675/2685/608 2676/2686/608
f 2675/2685/608 2677/2687/608 2678/2688/608
f 2673/2683/608 2677/2687/608 2675/2685/608
f 2669/2679/608 2677/2687/608 2673/2683/608
f 2662/2672/608 2677/2687/608 2669/2679/608
f 2677/2687/608 2679/2689/608 2680/2690/608
f 2679/2689/608 2681/2691/608 2682/2692/608
f 2677/2687/608 2681/2691/608 2679/2689/608
f 2662/2672/608 2681/2691/608 2677/2687/608
f 2681/2691/608 2683/2693/608 2684/2694/792
f 2662/2672/608 2683/2693/608 2681/2691/608
f 2685/2695/608 2683/2693/608 2662/2672/608
f 2686/2696/552 2687/2697/552 2688/2698/552
f 2687/2697/552 2686/2696/552 2689/2699/552
f 2664/2674/553 2690/2700/553 2691/2701/553
f 2690/2700/553 2664/2674/553 2663/2673/553
f 2692/2702/554 2693/2703/554 2694/2704/554
f 2693/2703/554 2692/2702/554 2695/2705/554
f 2666/2676/555 2696/2706/555 2697/2707/555
f 2696/2706/555 2666/2676/555 2665/2675/555
f 2698/2708/557 2699/2709/557 2700/2710/557
f 2699/2709/557 2698/2708/557 2701/2711/557
f 2668/2678/558 2702/2712/558 2703/2713/558
f 2702/2712/558 2668/2678/558 2667/2677/558
f 2704/2714/559 2705/2715/559 2706/2716/559
f 2705/2715/559 2704/2714/559 2707/2717/559
f 2670/2680/560 2708/2718/560 2709/2719/560
f 2708/2718/560 2670/2680/560 2669/2679/560
f 2710/2720/561 2711/2721/561 2712/2722/561
f 2711/2721/561 2710/2720/561 2713/2723/561
f 2672/2682/562 2714/2724/562 2715/2725/562
f 2714/2724/562 2672/2682/562 2671/2681/562
f 2716/2726/564 2717/2727/564 2718/2728/564
f 2717/2727/564 2716/2726/564 2719/2729/563
f 2674/2684/565 2720/2730/565 2721/2731/565
f 2720/2730/565 2674/2684/565 2673/2683/565
f 2722/2732/566 2723/2733/566 2724/2734/566
f 2723/2733/566 2722/2732/566 2725/2735/566
f 2676/2686/567 2726/2736/567 2727/2737/567
f 2726/2736/567 2676/2686/567 2675/2685/567
f 2728/2738/568 2729/2739/568 2730/2740/568
f 2729/2739/568 2728/2738/568 2731/2741/568
f 2678/2688/569 2732/2742/569 2733/2743/569
f 2732/2742/569 2678/2688/569 2677/2687/569
f 2734/2744/570 2735/2745/570 2736/2746/570
f 2735/2745/570 2734/2744/570 2737/2747/570
f 2680/2690/571 2738/2748/571 2739/2749/571
f 2738/2748/571 2680/2690/571 2679/2689/571
f 2740/2750/572 2741/2751/572 2742/2752/572
f 2741/2751/572 2740/2750/572 2743/2753/572
f 2682/2692/573 2744/2754/573 2745/2755/573
f 2744/2754/573 2682/2692/573 2681/2691/573
f 2746/2756/574 2747/2757/574 2748/2758/574
f 2747/2757/574 2746/2756/574 2749/2759/574
f 2684/2694/575 2750/2760/575 2751/2761/575
f 2750/2760/575 2684/2694/575 2683/2693/575
f 2752/2762/577 2753/2763/577 2754/2764/577
f 2753/2763/577 2752/2762/577 2755/2765/577
f 2685/2695/578 2756/2766/578 2757/2767/578
f 2756/2766/578 2685/2695/578 2662/2672/578
f 2756/2766/708 2758/2768/708 2759/2769/708
f 2758/2768/708 2756/2766/708 2691/2701/708
f 2691/2701/709 2760/2770/709 2758/2768/709
f 2760/2770/709 2691/2701/709 2690/2700/831
f 2690/2700/710 2761/2771/711 2760/2770/710
f 2761/2771/711 2690/2700/710 2697/2707/711
f 2697/2707/712 2762/2772/712 2761/2771/712
f 2762/2772/712 2697/2707/712 2696/2706/712
f 2696/2706/713 2763/2773/713 2762/2772/713
f 2763/2773/713 2696/2706/713 2703/2713/713
f 2703/2713/714 2764/2774/714 2763/2773/714
f 2764/2774/714 2703/2713/714 2702/2712/714
f 2702/2712/715 2765/2775/715 2764/2774/715
f 2765/2775/715 2702/2712/715 2709/2719/715
f 2709/2719/716 2766/2776/716 2765/2775/716
f 2766/2776/716 2709/2719/716 2708/2718/716
f 2708/2718/717 2767/2777/717 2766/2776/717
f 2767/2777/717 2708/2718/717 2715/2725/832
f 2715/2725/718 2768/2778/718 2767/2777/718
f 2768/2778/718 2715/2725/718 2714/2724/718
f 2714/2724/719 2769/2779/719 2768/2778/719
f 2769/2779/719 2714/2724/719 2721/2731/719
f 2721/2731/721 2770/2780/721 2769/2779/721
f 2770/2780/721 2721/2731/721 2720/2730/721
f 2720/2730/722 2771/2781/722 2770/2780/722
f 2771/2781/722 2720/2730/722 2727/2737/722
f 2727/2737/723 2772/2782/723 2771/2781/723
f 2772/2782/723 2727/2737/723 2726/2736/723
f 2726/2736/724 2773/2783/817 2772/2782/724
f 2773/2783/817 2726/2736/724 2733/2743/817
f 2733/2743/725 2774/2784/725 2773/2783/725
f 2774/2784/725 2733/2743/725 2732/2742/725
f 2732/2742/726 2775/2785/726 2774/2784/726
f 2775/2785/726 2732/2742/726 2739/2749/726
f 2739/2749/727 2776/2786/727 2775/2785/727
f 2776/2786/727 2739/2749/727 2738/2748/727
f 2738/2748/728 2777/2787/728 2776/2786/728
f 2777/2787/728 2738/2748/728 2745/2755/728
f 2745/2755/729 2778/2788/729 2777/2787/729
f 2778/2788/729 2745/2755/729 2744/2754/729
f 2744/2754/730 2779/2789/730 2778/2788/730
f 2779/2789/730 2744/2754/730 2751/2761/730
f 2751/2761/732 2780/2790/732 2779/2789/732
f 2780/2790/732 2751/2761/732 2750/2760/732
f 2750/2760/733 2781/2791/733 2780/2790/733
f 2781/2791/733 2750/2760/733 2757/2767/733
f 2757/2767/734 2759/2769/734 2781/2791/734
f 2759/2769/734 2757/2767/734 2756/2766/734
f 2762/2772/550 2782/2792/550 2783/2793/550
f 2783/2793/550 2761/2771/550 2762/2772/550
f 2784/2794/550 2761/2771/550 2783/2793/550
f 2784/2794/550 2760/2770/550 2761/2771/550
f 2785/2795/550 2760/2770/550 2784/2794/550
f 2785/2795/550 2758/2768/550 2760/2770/550
f 2786/2796/550 2758/2768/550 2785/2795/550
f 2786/2796/550 2759/2769/550 2758/2768/550
f 2787/2797/550 2759/2769/550 2786/2796/550
f 2787/2797/550 2781/2791/550 2759/2769/550
f 2788/2798/550 2781/2791/550 2787/2797/550
f 2788/2798/550 2780/2790/550 2781/2791/550
f 2789/2799/550 2780/2790/550 2788/2798/550
f 2789/2799/550 2779/2789/550 2780/2790/550
f 2790/2800/550 2779/2789/550 2789/2799/550
f 2790/2800/550 2778/2788/550 2779/2789/550
f 2791/2801/550 2778/2788/550 2790/2800/550
f 2791/2801/550 2777/2787/550 2778/2788/550
f 2792/2802/550 2777/2787/550 2791/2801/550
f 2792/2802/550 2776/2786/550 2777/2787/550
f 2793/2803/550 2776/2786/550 2792/2802/550
f 2793/2803/550 2775/2785/550 2776/2786/550
f 2794/2804/550 2775/2785/550 2793/2803/550
f 2794/2804/550 2774/2784/550 2775/2785/550
f 2795/2805/550 2774/2784/550 2794/2804/550
f 2795/2805/550 2773/2783/550 2774/2784/550
f 2796/2806/550 2773/2783/550 2795/2805/550
f 2796/2806/550 2772/2782/550 2773/2783/550
f 2797/2807/550 2772/2782/550 2796/2806/550
f 2797/2807/550 2771/2781/550 2772/2782/550
f 2798/2808/550 2771/2781/550 2797/2807/550
f 2798/2808/550 2770/2780/550 2771/2781/550
f 2799/2809/550 2770/2780/550 2798/2808/550
f 2799/2809/550 2769/2779/550 2770/2780/550
f 2800/2810/550 2769/2779/550 2799/2809/550
f 2800/2810/550 2768/2778/550 2769/2779/550
f 2801/2811/550 2768/2778/550 2800/2810/550
f 2801/2811/550 2767/2777/550 2768/2778/550
f 2802/2812/550 2767/2777/550 2801/2811/550
f 2802/2812/550 2766/2776/550 2767/2777/550
f 2803/2813/550 2766/2776/550 2802/2812/550
f 2803/2813/550 2765/2775/550 2766/2776/550
f 2804/2814/550 2765/2775/550 2803/2813/550
f 2804/2814/550 2764/2774/550 2765/2775/550
f 2805/2815/550 2764/2774/550 2804/2814/550
f 2805/2815/550 2763/2773/550 2764/2774/550
f 2782/2792/550 2763/2773/550 2805/2815/550
f 2762/2772/550 2763/2773/550 2782/2792/550
f 2787/2797/736 2806/2816/736 2807/2817/736
f 2806/2816/736 2787/2797/736 2786/2796/736
f 2786/2796/738 2808/2818/738 2806/2816/738
f 2808/2818/738 2786/2796/738 2785/2795/738
f 2785/2795/739 2809/2819/739 2808/2818/739
f 2809/2819/739 2785/2795/739 2784/2794/739
f 2784/2794/740 2810/2820/740 2809/2819/740
f 2810/2820/740 2784/2794/740 2783/2793/740
f 2783/2793/741 2811/2821/741 2810/2820/741
f 2811/2821/741 2783/2793/741 2782/2792/741
f 2782/2792/742 2812/2822/742 2811/2821/742
f 2812/2822/742 2782/2792/742 2805/2815/742
f 2805/2815/743 2813/2823/743 2812/2822/743
f 2813/2823/833 2805/2815/833 2804/2814/833
f 2804/2814/744 2814/2824/744 2813/2823/744
f 2814/2824/744 2804/2814/744 2803/2813/744
f 2803/2813/746 2815/2825/746 2814/2824/746
f 2815/2825/746 2803/2813/746 2802/2812/746
f 2802/2812/747 2816/2826/747 2815/2825/747
f 2816/2826/747 2802/2812/747 2801/2811/747
f 2801/2811/748 2817/2827/748 2816/2826/748
f 2817/2827/748 2801/2811/748 2800/2810/748
f 2800/2810/749 2818/2828/749 2817/2827/749
f 2818/2828/749 2800/2810/749 2799/2809/749
f 2799/2809/751 2819/2829/751 2818/2828/751
f 2819/2829/751 2799/2809/751 2798/2808/751
f 2798/2808/752 2820/2830/752 2819/2829/752
f 2820/2830/752 2798/2808/752 2797/2807/752
f 2797/2807/753 2821/2831/753 2820/2830/753
f 2821/2831/753 2797/2807/753 2796/2806/753
f 2796/2806/754 2822/2832/754 2821/2831/754
f 2822/2832/754 2796/2806/754 2795/2805/754
f 2795/2805/755 2823/2833/755 2822/2832/755
f 2823/2833/755 2795/2805/755 2794/2804/755
f 2794/2804/756 2824/2834/756 2823/2833/756
f 2824/2834/756 2794/2804/756 2793/2803/756
f 2793/2803/757 2825/2835/757 2824/2834/757
f 2825/2835/834 2793/2803/834 2792/2802/834
f 2792/2802/758 2826/2836/758 2825/2835/758
f 2826/2836/758 2792/2802/758 2791/2801/758
f 2791/2801/759 2827/2837/759 2826/2836/759
f 2827/2837/759 2791/2801/759 2790/2800/759
f 2790/2800/760 2828/2838/760 2827/2837/760
f 2828/2838/760 2790/2800/760 2789/2799/760
f 2789/2799/761 2829/2839/761 2828/2838/761
f 2829/2839/761 2789/2799/761 2788/2798/761
f 2788/2798/762 2807/2817/762 2829/2839/762
f 2807/2817/762 2788/2798/762 2787/2797/762
f 2662/2672/638 2689/2699/638 2686/2696/638
f 2689/2699/638 2662/2672/638 2664/2674/638
f 2664/2674/636 2687/2697/636 2689/2699/636
f 2687/2697/636 2664/2674/636 2691/2701/636
f 2691/2701/634 2688/2698/764 2687/2697/634
f 2688/2698/764 2691/2701/634 2756/2766/764
f 2756/2766/639 2686/2696/639 2688/2698/639
f 2686/2696/639 2756/2766/639 2662/2672/639
f 2663/2673/644 2695/2705/765 2692/2702/644
f 2695/2705/765 2663/2673/644 2666/2676/765
f 2666/2676/643 2693/2703/643 2695/2705/643
f 2693/2703/643 2666/2676/643 2697/2707/643
f 2697/2707/642 2694/2704/641 2693/2703/642
f 2694/2704/641 2697/2707/642 2690/2700/641
f 2690/2700/647 2692/2702/647 2694/2704/647
f 2692/2702/647 2690/2700/647 2663/2673/647
f 2665/2675/766 2701/2711/650 2698/2708/766
f 2701/2711/650 2665/2675/766 2668/2678/650
f 2668/2678/649 2699/2709/649 2701/2711/649
f 2699/2709/649 2668/2678/649 2703/2713/649
f 2703/2713/835 2700/2710/648 2699/2709/835
f 2700/2710/648 2703/2713/835 2696/2706/648
f 2696/2706/651 2698/2708/651 2700/2710/651
f 2698/2708/651 2696/2706/651 2665/2675/651
f 2667/2677/656 2707/2717/655 2704/2714/656
f 2707/2717/655 2667/2677/656 2670/2680/655
f 2670/2680/654 2705/2715/654 2707/2717/654
f 2705/2715/654 2670/2680/654 2709/2719/803
f 2709/2719/653 2706/2716/653 2705/2715/653
f 2706/2716/653 2709/2719/653 2702/2712/653
f 2702/2712/657 2704/2714/657 2706/2716/657
f 2704/2714/657 2702/2712/657 2667/2677/657
f 2669/2679/769 2713/2723/662 2710/2720/836
f 2713/2723/662 2669/2679/769 2672/2682/662
f 2672/2682/770 2711/2721/770 2713/2723/770
f 2711/2721/770 2672/2682/770 2715/2725/770
f 2715/2725/659 2712/2722/659 2711/2721/659
f 2712/2722/659 2715/2725/659 2708/2718/659
f 2708/2718/663 2710/2720/663 2712/2722/663
f 2710/2720/663 2708/2718/663 2669/2679/663
f 2671/2681/771 2719/2729/771 2716/2726/771
f 2719/2729/771 2671/2681/771 2674/2684/771
f 2674/2684/666 2717/2727/666 2719/2729/666
f 2717/2727/666 2674/2684/666 2721/2731/666
f 2721/2731/664 2718/2728/664 2717/2727/664
f 2718/2728/664 2721/2731/664 2714/2724/664
f 2714/2724/773 2716/2726/668 2718/2728/773
f 2716/2726/668 2714/2724/773 2671/2681/668
f 2673/2683/672 2725/2735/776 2722/2732/672
f 2725/2735/776 2673/2683/672 2676/2686/776
f 2676/2686/671 2723/2733/671 2725/2735/671
f 2723/2733/671 2676/2686/671 2727/2737/671
f 2727/2737/670 2724/2734/669 2723/2733/670
f 2724/2734/669 2727/2737/670 2720/2730/669
f 2720/2730/673 2722/2732/673 2724/2734/673
f 2722/2732/673 2720/2730/673 2673/2683/673
f 2675/2685/679 2731/2741/777 2728/2738/679
f 2731/2741/777 2675/2685/679 2678/2688/777
f 2678/2688/677 2729/2739/677 2731/2741/677
f 2729/2739/677 2678/2688/677 2733/2743/677
f 2733/2743/778 2730/2740/779 2729/2739/778
f 2730/2740/779 2733/2743/778 2726/2736/779
f 2726/2736/681 2728/2738/681 2730/2740/681
f 2728/2738/681 2726/2736/681 2675/2685/681
f 2677/2687/685 2737/2747/685 2734/2744/685
f 2737/2747/685 2677/2687/685 2680/2690/685
f 2680/2690/684 2735/2745/684 2737/2747/684
f 2735/2745/684 2680/2690/684 2739/2749/684
f 2739/2749/782 2736/2746/682 2735/2745/782
f 2736/2746/682 2739/2749/782 2732/2742/682
f 2732/2742/686 2734/2744/783 2736/2746/686
f 2734/2744/783 2732/2742/686 2677/2687/783
f 2679/2689/692 2743/2753/694 2740/2750/692
f 2743/2753/694 2679/2689/692 2682/2692/694
f 2682/2692/690 2741/2751/690 2743/2753/690
f 2741/2751/690 2682/2692/690 2745/2755/690
f 2745/2755/688 2742/2752/807 2741/2751/688
f 2742/2752/807 2745/2755/688 2738/2748/807
f 2738/2748/695 2740/2750/695 2742/2752/695
f 2740/2750/695 2738/2748/695 2679/2689/695
f 2681/2691/699 2749/2759/699 2746/2756/699
f 2749/2759/699 2681/2691/699 2684/2694/699
f 2684/2694/698 2747/2757/698 2749/2759/698
f 2747/2757/698 2684/2694/698 2751/2761/698
f 2751/2761/696 2748/2758/810 2747/2757/696
f 2748/2758/810 2751/2761/696 2744/2754/810
f 2744/2754/700 2746/2756/700 2748/2758/700
f 2746/2756/700 2744/2754/700 2681/2691/700
f 2683/2693/704 2755/2765/788 2752/2762/704
f 2755/2765/788 2683/2693/704 2685/2695/788
f 2685/2695/703 2753/2763/703 2755/2765/703
f 2753/2763/703 2685/2695/703 2757/2767/703
f 2757/2767/701 2754/2764/811 2753/2763/701
f 2754/2764/811 2757/2767/701 2750/2760/811
f 2750/2760/814 2752/2762/705 2754/2764/814
f 2752/2762/705 2750/2760/814 2683/2693/705
f 2830/2840/550 2831/2841/550 2832/2842/550
f 2831/2841/550 2833/2843/550 2834/2844/550
f 2833/2843/550 2835/2845/550 2836/2846/550
f 2831/2841/550 2835/2845/550 2833/2843/550
f 2830/2840/550 2835/2845/550 2831/2841/550
f 2837/2847/550 2835/2845/550 2830/2840/550
f 2838/2848/553 2649/2659/553 2646/2656/553
f 2649/2659/553 2838/2848/553 2839/2849/553
f 2840/2850/556 2646/2656/556 2661/2671/556
f 2646/2656/556 2840/2850/556 2838/2848/556
f 2841/2851/560 2661/2671/560 2659/2669/560
f 2661/2671/560 2841/2851/560 2840/2850/560
f 2842/2852/564 2659/2669/564 2657/2667/564
f 2659/2669/564 2842/2852/564 2841/2851/564
f 2843/2853/567 2657/2667/567 2655/2665/567
f 2657/2667/567 2843/2853/567 2842/2852/567
f 2844/2854/570 2655/2665/570 2653/2663/570
f 2655/2665/570 2844/2854/570 2843/2853/570
f 2845/2855/573 2653/2663/573 2651/2661/573
f 2653/2663/573 2845/2855/573 2844/2854/573
f 2839/2849/577 2651/2661/577 2649/2659/577
f 2651/2661/577 2839/2849/577 2845/2855/577
f 2838/2848/608 2846/2856/608 2839/2849/608
f 2846/2856/608 2838/2848/608 2847/2857/608
f 2839/2849/608 2848/2858/608 2845/2855/608
f 2848/2858/608 2839/2849/608 2846/2856/608
f 2845/2855/608 2849/2859/608 2844/2854/608
f 2849/2859/608 2845/2855/608 2848/2858/608
f 2844/2854/608 2850/2860/608 2843/2853/608
f 2850/2860/608 2844/2854/608 2849/2859/608
f 2843/2853/608 2851/2861/608 2842/2852/608
f 2851/2861/608 2843/2853/608 2850/2860/608
f 2842/2852/608 2852/2862/608 2841/2851/608
f 2852/2862/608 2842/2852/608 2851/2861/608
f 2841/2851/608 2853/2863/608 2840/2850/608
f 2853/2863/608 2841/2851/608 2852/2862/608
f 2840/2850/608 2847/2857/608 2838/2848/608
f 2847/2857/608 2840/2850/608 2853/2863/608
f 2847/2857/553 2835/2845/553 2846/2856/553
f 2835/2845/553 2847/2857/553 2836/2846/553
f 2846/2856/577 2837/2847/576 2848/2858/576
f 2837/2847/576 2846/2856/577 2835/2845/577
f 2848/2858/573 2830/2840/573 2849/2859/573
f 2830/2840/573 2848/2858/573 2837/2847/573
f 2849/2859/570 2832/2842/570 2850/2860/570
f 2832/2842/570 2849/2859/570 2830/2840/570
f 2850/2860/567 2831/2841/567 2851/2861/567
f 2831/2841/567 2850/2860/567 2832/2842/567
f 2851/2861/564 2834/2844/564 2852/2862/564
f 2834/2844/564 2851/2861/564 2831/2841/563
f 2852/2862/560 2833/2843/560 2853/2863/560
f 2833/2843/560 2852/2862/560 2834/2844/560
f 2853/2863/557 2836/2846/557 2847/2857/557
f 2836/2846/557 2853/2863/557 2833/2843/557
f 2854/2864/837 2855/2865/837 2856/2866/837
f 2855/2865/837 2857/2867/837 2858/2868/837
f 2857/2867/837 2859/2869/837 2860/2870/837
f 2855/2865/837 2859/2869/837 2857/2867/837
f 2854/2864/837 2859/2869/837 2855/2865/837
f 2861/2871/837 2859/2869/837 2854/2864/837
f 2862/2872/838 2863/2873/838 2864/2874/838
f 2863/2873/838 2865/2875/838 2866/2876/838
f 2862/2872/838 2865/2875/838 2863/2873/838
f 2865/2875/838 2867/2877/838 2868/2878/838
f 2862/2872/838 2867/2877/838 2865/2875/838
f 2869/2879/838 2867/2877/838 2862/2872/838
f 2859/2869/839 2870/2880/839 2871/2881/839
f 2870/2880/839 2859/2869/839 2861/2871/839
f 2857/2867/840 2872/2882/840 2873/2883/840
f 2872/2882/840 2857/2867/840 2860/2870/840
f 2855/2865/841 2874/2884/841 2875/2885/841
f 2874/2884/841 2855/2865/841 2858/2868/841
f 2854/2864/842 2876/2886/842 2877/2887/842
f 2876/2886/842 2854/2864/842 2856/2866/842
f 2871/2881/843 2860/2870/843 2859/2869/843
f 2860/2870/843 2871/2881/843 2872/2882/843
f 2861/2871/844 2877/2887/844 2870/2880/844
f 2877/2887/844 2861/2871/844 2854/2864/844
f 2873/2883/845 2858/2868/845 2857/2867/845
f 2858/2868/845 2873/2883/845 2874/2884/845
f 2875/2885/846 2856/2866/846 2855/2865/846
f 2856/2866/846 2875/2885/846 2876/2886/846
f 2877/2887/847 2862/2872/848 2870/2880/849
f 2862/2872/848 2877/2887/847 2869/2879/850
f 2870/2880/851 2864/2874/851 2871/2881/851
f 2864/2874/851 2870/2880/851 2862/2872/851
f 2871/2881/852 2863/2873/852 2872/2882/852
f 2863/2873/853 2871/2881/853 2864/2874/853
f 2872/2882/854 2866/2876/854 2873/2883/854
f 2866/2876/854 2872/2882/854 2863/2873/854
f 2873/2883/855 2865/2875/855 2874/2884/855
f 2865/2875/856 2873/2883/856 2866/2876/856
f 2874/2884/857 2868/2878/857 2875/2885/857
f 2868/2878/857 2874/2884/857 2865/2875/857
f 2875/2885/858 2867/2877/858 2876/2886/858
f 2867/2877/859 2875/2885/859 2868/2878/859
f 2876/2886/860 2869/2879/860 2877/2887/860
f 2869/2879/860 2876/2886/860 2867/2877/860
f 2878/2888/837 2879/2889/837 2880/2890/837
f 2879/2889/837 2881/2891/837 2882/2892/837
f 2878/2888/837 2881/2891/837 2879/2889/837
f 2881/2891/837 2883/2893/837 2884/2894/837
f 2878/2888/837 2883/2893/837 2881/2891/837
f 2885/2895/837 2883/2893/837 2878/2888/837
f 2886/2896/838 2887/2897/838 2888/2898/838
f 2887/2897/838 2889/2899/838 2890/2900/838
f 2889/2899/838 2891/2901/838 2892/2902/838
f 2887/2897/838 2891/2901/838 2889/2899/838
f 2886/2896/838 2891/2901/838 2887/2897/838
f 2893/2903/838 2891/2901/838 2886/2896/838
f 2878/2888/839 2894/2904/839 2885/2895/839
f 2894/2904/839 2878/2888/839 2895/2905/839
f 2879/2889/842 2896/2906/842 2880/2890/842
f 2896/2906/842 2879/2889/842 2897/2907/842
f 2881/2891/841 2898/2908/841 2882/2892/841
f 2898/2908/841 2881/2891/841 2899/2909/841
f 2883/2893/840 2900/2910/840 2884/2894/840
f 2900/2910/840 2883/2893/840 2901/2911/840
f 2895/2905/861 2880/2890/861 2896/2906/861
f 2880/2890/861 2895/2905/861 2878/2888/861
f 2885/2895/862 2901/2911/862 2883/2893/862
f 2901/2911/862 2885/2895/862 2894/2904/862
f 2897/2907/863 2882/2892/863 2898/2908/863
f 2882/2892/863 2897/2907/863 2879/2889/863
f 2899/2909/864 2884/2894/864 2900/2910/864
f 2884/2894/864 2899/2909/864 2881/2891/864
f 2901/2911/865 2891/2901/866 2893/2903/867
f 2891/2901/866 2901/2911/865 2894/2904/868
f 2894/2904/851 2892/2902/851 2891/2901/851
f 2892/2902/851 2894/2904/851 2895/2905/851
f 2895/2905/869 2889/2899/869 2892/2902/869
f 2889/2899/870 2895/2905/870 2896/2906/870
f 2896/2906/860 2890/2900/860 2889/2899/860
f 2890/2900/860 2896/2906/860 2897/2907/860
f 2897/2907/871 2887/2897/871 2890/2900/871
f 2887/2897/872 2897/2907/872 2898/2908/872
f 2898/2908/857 2888/2898/857 2887/2897/857
f 2888/2898/857 2898/2908/857 2899/2909/857
f 2899/2909/873 2886/2896/873 2888/2898/873
f 2886/2896/874 2899/2909/874 2900/2910/874
f 2900/2910/854 2893/2903/875 2886/2896/854
f 2893/2903/875 2900/2910/854 2901/2911/875
f 2902/2912/837 2903/2913/837 2904/2914/837
f 2903/2913/837 2905/2915/837 2906/2916/837
f 2902/2912/837 2905/2915/837 2903/2913/837
f 2905/2915/837 2907/2917/837 2908/2918/837
f 2902/2912/837 2907/2917/837 2905/2915/837
f 2909/2919/837 2907/2917/837 2902/2912/837
f 2910/2920/838 2911/2921/838 2912/2922/838
f 2911/2921/838 2913/2923/838 2914/2924/838
f 2913/2923/838 2915/2925/838 2916/2926/838
f 2911/2921/838 2915/2925/838 2913/2923/838
f 2910/2920/838 2915/2925/838 2911/2921/838
f 2917/2927/838 2915/2925/838 2910/2920/838
f 2902/2912/839 2918/2928/839 2909/2919/839
f 2918/2928/839 2902/2912/839 2919/2929/839
f 2903/2913/842 2920/2930/842 2904/2914/842
f 2920/2930/842 2903/2913/842 2921/2931/842
f 2905/2915/841 2922/2932/841 2906/2916/841
f 2922/2932/841 2905/2915/841 2923/2933/841
f 2907/2917/840 2924/2934/840 2908/2918/840
f 2924/2934/840 2907/2917/840 2925/2935/840
f 2919/2929/861 2904/2914/861 2920/2930/861
f 2904/2914/861 2919/2929/861 2902/2912/861
f 2909/2919/862 2925/2935/862 2907/2917/862
f 2925/2935/862 2909/2919/862 2918/2928/862
f 2921/2931/863 2906/2916/863 2922/2932/863
f 2906/2916/863 2921/2931/863 2903/2913/863
f 2923/2933/864 2908/2918/864 2924/2934/864
f 2908/2918/864 2923/2933/864 2905/2915/864
f 2925/2935/865 2915/2925/876 2917/2927/867
f 2915/2925/876 2925/2935/865 2918/2928/868
f 2918/2928/851 2916/2926/851 2915/2925/851
f 2916/2926/851 2918/2928/851 2919/2929/851
f 2919/2929/869 2913/2923/869 2916/2926/869
f 2913/2923/877 2919/2929/877 2920/2930/877
f 2920/2930/860 2914/2924/860 2913/2923/860
f 2914/2924/860 2920/2930/860 2921/2931/860
f 2921/2931/878 2911/2921/878 2914/2924/878
f 2911/2921/879 2921/2931/879 2922/2932/879
f 2922/2932/857 2912/2922/857 2911/2921/857
f 2912/2922/857 2922/2932/857 2923/2933/857
f 2923/2933/873 2910/2920/873 2912/2922/873
f 2910/2920/880 2923/2933/880 2924/2934/880
f 2924/2934/854 2917/2927/854 2910/2920/854
f 2917/2927/854 2924/2934/854 2925/2935/854
f 2926/2936/837 2927/2937/837 2928/2938/837
f 2927/2937/837 2929/2939/837 2930/2940/837
f 2926/2936/837 2929/2939/837 2927/2937/837
f 2929/2939/837 2931/2941/837 2932/2942/837
f 2926/2936/837 2931/2941/837 2929/2939/837
f 2933/2943/837 2931/2941/837 2926/2936/837
f 2934/2944/838 2935/2945/838 2936/2946/838
f 2935/2945/838 2937/2947/838 2938/2948/838
f 2937/2947/838 2939/2949/838 2940/2950/838
f 2935/2945/838 2939/2949/838 2937/2947/838
f 2934/2944/838 2939/2949/838 2935/2945/838
f 2941/2951/838 2939/2949/838 2934/2944/838
f 2926/2936/839 2942/2952/839 2933/2943/839
f 2942/2952/839 2926/2936/839 2943/2953/839
f 2927/2937/842 2944/2954/842 2928/2938/842
f 2944/2954/842 2927/2937/842 2945/2955/842
f 2929/2939/841 2946/2956/841 2930/2940/841
f 2946/2956/841 2929/2939/841 2947/2957/841
f 2931/2941/840 2948/2958/840 2932/2942/840
f 2948/2958/840 2931/2941/840 2949/2959/840
f 2943/2953/861 2928/2938/861 2944/2954/861
f 2928/2938/861 2943/2953/861 2926/2936/861
f 2933/2943/862 2949/2959/862 2931/2941/862
f 2949/2959/862 2933/2943/862 2942/2952/862
f 2945/2955/863 2930/2940/863 2946/2956/863
f 2930/2940/863 2945/2955/863 2927/2937/863
f 2947/2957/864 2932/2942/864 2948/2958/864
f 2932/2942/864 2947/2957/864 2929/2939/864
f 2949/2959/865 2939/2949/866 2941/2951/867
f 2939/2949/866 2949/2959/865 2942/2952/868
f 2942/2952/851 2940/2950/851 2939/2949/851
f 2940/2950/851 2942/2952/851 2943/2953/851
f 2943/2953/881 2937/2947/881 2940/2950/881
f 2937/2947/877 2943/2953/877 2944/2954/877
f 2944/2954/860 2938/2948/882 2937/2947/860
f 2938/2948/882 2944/2954/860 2945/2955/882
f 2945/2955/878 2935/2945/878 2938/2948/878
f 2935/2945/883 2945/2955/883 2946/2956/883
f 2946/2956/857 2936/2946/857 2935/2945/857
f 2936/2946/857 2946/2956/857 2947/2957/857
f 2947/2957/884 2934/2944/884 2936/2946/884
f 2934/2944/880 2947/2957/880 2948/2958/880
f 2948/2958/875 2941/2951/854 2934/2944/875
f 2941/2951/854 2948/2958/875 2949/2959/854
f 2950/2960/837 2951/2961/837 2952/2962/837
f 2951/2961/837 2953/2963/837 2954/2964/837
f 2953/2963/837 2955/2965/837 2956/2966/837
f 2951/2961/837 2955/2965/837 2953/2963/837
f 2950/2960/837 2955/2965/837 2951/2961/837
f 2957/2967/837 2955/2965/837 2950/2960/837
f 2958/2968/838 2959/2969/838 2960/2970/838
f 2959/2969/838 2961/2971/838 2962/2972/838
f 2958/2968/838 2961/2971/838 2959/2969/838
f 2961/2971/838 2963/2973/838 2964/2974/838
f 2958/2968/838 2963/2973/838 2961/2971/838
f 2965/2975/838 2963/2973/838 2958/2968/838
f 2955/2965/839 2966/2976/839 2967/2977/839
f 2966/2976/839 2955/2965/839 2957/2967/839
f 2953/2963/840 2968/2978/840 2969/2979/840
f 2968/2978/840 2953/2963/840 2956/2966/840
f 2951/2961/841 2970/2980/841 2971/2981/841
f 2970/2980/841 2951/2961/841 2954/2964/841
f 2950/2960/842 2972/2982/842 2973/2983/842
f 2972/2982/842 2950/2960/842 2952/2962/842
f 2967/2977/843 2956/2966/843 2955/2965/843
f 2956/2966/843 2967/2977/843 2968/2978/843
f 2957/2967/844 2973/2983/844 2966/2976/844
f 2973/2983/844 2957/2967/844 2950/2960/844
f 2969/2979/885 2954/2964/885 2953/2963/885
f 2954/2964/885 2969/2979/885 2970/2980/885
f 2971/2981/846 2952/2962/846 2951/2961/846
f 2952/2962/846 2971/2981/846 2972/2982/846
f 2973/2983/847 2958/2968/848 2966/2976/849
f 2958/2968/848 2973/2983/847 2965/2975/886
f 2966/2976/851 2960/2970/851 2967/2977/851
f 2960/2970/851 2966/2976/851 2958/2968/851
f 2967/2977/887 2959/2969/887 2968/2978/887
f 2959/2969/888 2967/2977/888 2960/2970/888
f 2968/2978/854 2962/2972/854 2969/2979/854
f 2962/2972/854 2968/2978/854 2959/2969/854
f 2969/2979/855 2961/2971/855 2970/2980/855
f 2961/2971/856 2969/2979/856 2962/2972/856
f 2970/2980/857 2964/2974/857 2971/2981/857
f 2964/2974/857 2970/2980/857 2961/2971/857
f 2971/2981/889 2963/2973/889 2972/2982/889
f 2963/2973/890 2971/2981/890 2964/2974/890
f 2972/2982/860 2965/2975/860 2973/2983/891
f 2965/2975/860 2972/2982/860 2963/2973/860
f 2974/2984/837 2975/2985/837 2976/2986/837
f 2975/2985/837 2977/2987/837 2978/2988/837
f 2977/2987/837 2979/2989/837 2980/2990/837
f 2975/2985/837 2979/2989/837 2977/2987/837
f 2974/2984/837 2979/2989/837 2975/2985/837
f 2981/2991/837 2979/2989/837 2974/2984/837
f 2982/2992/838 2983/2993/838 2984/2994/838
f 2983/2993/838 2985/2995/838 2986/2996/838
f 2982/2992/838 2985/2995/838 2983/2993/838
f 2985/2995/838 2987/2997/838 2988/2998/838
f 2982/2992/838 2987/2997/838 2985/2995/838
f 2989/2999/838 2987/2997/838 2982/2992/838
f 2979/2989/839 2990/3000/839 2991/3001/839
f 2990/3000/839 2979/2989/839 2981/2991/839
f 2977/2987/840 2992/3002/840 2993/3003/840
f 2992/3002/840 2977/2987/840 2980/2990/840
f 2975/2985/841 2994/3004/841 2995/3005/841
f 2994/3004/841 2975/2985/841 2978/2988/841
f 2974/2984/842 2996/3006/842 2997/3007/842
f 2996/3006/842 2974/2984/842 2976/2986/842
f 2991/3001/843 2980/2990/843 2979/2989/843
f 2980/2990/843 2991/3001/843 2992/3002/843
f 2981/2991/844 2997/3007/844 2990/3000/844
f 2997/3007/844 2981/2991/844 2974/2984/844
f 2993/3003/845 2978/2988/845 2977/2987/845
f 2978/2988/845 2993/3003/845 2994/3004/845
f 2995/3005/846 2976/2986/846 2975/2985/846
f 2976/2986/846 2995/3005/846 2996/3006/846
f 2997/3007/847 2982/2992/848 2990/3000/849
f 2982/2992/848 2997/3007/847 2989/2999/886
f 2990/3000/851 2984/2994/851 2991/3001/851
f 2984/2994/851 2990/3000/851 2982/2992/851
f 2991/3001/852 2983/2993/852 2992/3002/852
f 2983/2993/853 2991/3001/853 2984/2994/853
f 2992/3002/854 2986/2996/854 2993/3003/854
f 2986/2996/854 2992/3002/854 2983/2993/875
f 2993/3003/855 2985/2995/855 2994/3004/855
f 2985/2995/892 2993/3003/892 2986/2996/892
f 2994/3004/857 2988/2998/857 2995/3005/857
f 2988/2998/857 2994/3004/857 2985/2995/857
f 2995/3005/889 2987/2997/889 2996/3006/889
f 2987/2997/890 2995/3005/890 2988/2998/890
f 2996/3006/860 2989/2999/860 2997/3007/860
f 2989/2999/860 2996/3006/860 2987/2997/860
f 2998/3008/837 2999/3009/837 3000/3010/837
f 2999/3009/837 3001/3011/837 3002/3012/837
f 2998/3008/837 3001/3011/837 2999/3009/837
f 3001/3011/837 3003/3013/837 3004/3014/837
f 2998/3008/837 3003/3013/837 3001/3011/837
f 3005/3015/837 3003/3013/837 2998/3008/837
f 3006/3016/838 3007/3017/838 3008/3018/838
f 3007/3017/838 3009/3019/838 3010/3020/838
f 3009/3019/838 3011/3021/838 3012/3022/838
f 3007/3017/838 3011/3021/838 3009/3019/838
f 3006/3016/838 3011/3021/838 3007/3017/838
f 3013/3023/838 3011/3021/838 3006/3016/838
f 2998/3008/839 3014/3024/839 3005/3015/839
f 3014/3024/839 2998/3008/839 3015/3025/839
f 2999/3009/842 3016/3026/842 3000/3010/842
f 3016/3026/842 2999/3009/842 3017/3027/842
f 3001/3011/841 3018/3028/841 3002/3012/841
f 3018/3028/841 3001/3011/841 3019/3029/841
f 3003/3013/840 3020/3030/840 3004/3014/840
f 3020/3030/840 3003/3013/840 3021/3031/840
f 3015/3025/893 3000/3010/893 3016/3026/893
f 3000/3010/893 3015/3025/893 2998/3008/893
f 3005/3015/894 3021/3031/894 3003/3013/894
f 3021/3031/894 3005/3015/894 3014/3024/894
f 3017/3027/895 3002/3012/895 3018/3028/895
f 3002/3012/895 3017/3027/895 2999/3009/895
f 3019/3029/896 3004/3014/896 3020/3030/896
f 3004/3014/896 3019/3029/896 3001/3011/896
f 3021/3031/897 3011/3021/898 3013/3023/897
f 3011/3021/898 3021/3031/897 3014/3024/898
f 3014/3024/851 3012/3022/851 3011/3021/851
f 3012/3022/851 3014/3024/851 3015/3025/851
f 3015/3025/899 3009/3019/899 3012/3022/899
f 3009/3019/899 3015/3025/899 3016/3026/899
f 3016/3026/860 3010/3020/860 3009/3019/860
f 3010/3020/860 3016/3026/860 3017/3027/860
f 3017/3027/900 3007/3017/900 3010/3020/900
f 3007/3017/900 3017/3027/900 3018/3028/900
f 3018/3028/857 3008/3018/857 3007/3017/857
f 3008/3018/857 3018/3028/857 3019/3029/857
f 3019/3029/901 3006/3016/901 3008/3018/901
f 3006/3016/901 3019/3029/901 3020/3030/901
f 3020/3030/875 3013/3023/854 3006/3016/875
f 3013/3023/854 3020/3030/875 3021/3031/854
f 3022/3032/837 3023/3033/837 3024/3034/837
f 3023/3033/837 3025/3035/837 3026/3036/837
f 3025/3035/837 3027/3037/837 3028/3038/837
f 3023/3033/837 3027/3037/837 3025/3035/837
f 3022/3032/837 3027/3037/837 3023/3033/837
f 3029/3039/837 3027/3037/837 3022/3032/837
f 3030/3040/838 3031/3041/838 3032/3042/838
f 3031/3041/838 3033/3043/838 3034/3044/838
f 3030/3040/838 3033/3043/838 3031/3041/838
f 3033/3043/838 3035/3045/838 3036/3046/838
f 3030/3040/838 3035/3045/838 3033/3043/838
f 3037/3047/838 3035/3045/838 3030/3040/838
f 3027/3037/839 3038/3048/839 3039/3049/839
f 3038/3048/839 3027/3037/839 3029/3039/839
f 3025/3035/840 3040/3050/840 3041/3051/840
f 3040/3050/840 3025/3035/840 3028/3038/840
f 3023/3033/841 3042/3052/841 3043/3053/841
f 3042/3052/841 3023/3033/841 3026/3036/841
f 3022/3032/842 3044/3054/842 3045/3055/842
f 3044/3054/842 3022/3032/842 3024/3034/842
f 3039/3049/894 3028/3038/894 3027/3037/894
f 3028/3038/894 3039/3049/894 3040/3050/894
f 3029/3039/893 3045/3055/893 3038/3048/893
f 3045/3055/893 3029/3039/893 3022/3032/893
f 3041/3051/896 3026/3036/896 3025/3035/896
f 3026/3036/896 3041/3051/896 3042/3052/896
f 3043/3053/895 3024/3034/895 3023/3033/895
f 3024/3034/895 3043/3053/895 3044/3054/895
f 3045/3055/899 3030/3040/899 3038/3048/899
f 3030/3040/899 3045/3055/899 3037/3047/899
f 3038/3048/851 3032/3042/851 3039/3049/851
f 3032/3042/851 3038/3048/851 3030/3040/851
f 3039/3049/897 3031/3041/897 3040/3050/897
f 3031/3041/897 3039/3049/897 3032/3042/898
f 3040/3050/854 3034/3044/854 3041/3051/854
f 3034/3044/854 3040/3050/854 3031/3041/854
f 3041/3051/901 3033/3043/901 3042/3052/901
f 3033/3043/901 3041/3051/901 3034/3044/901
f 3042/3052/857 3036/3046/857 3043/3053/857
f 3036/3046/857 3042/3052/857 3033/3043/857
f 3043/3053/900 3035/3045/900 3044/3054/900
f 3035/3045/900 3043/3053/900 3036/3046/900
f 3044/3054/902 3037/3047/860 3045/3055/860
f 3037/3047/860 3044/3054/902 3035/3045/891
f 3046/3056/837 3047/3057/837 3048/3058/837
f 3047/3057/837 3046/3056/837 3049/3059/837
f 3050/3060/838 3051/3061/838 3052/3062/838
f 3051/3061/838 3050/3060/838 3053/3063/838
f 3054/3064/839 3047/3057/839 3049/3065/839
f 3047/3057/839 3054/3064/839 3055/3066/839
f 3056/3067/842 3049/3065/842 3046/3068/842
f 3049/3065/842 3056/3067/842 3054/3064/842
f 3057/3069/841 3046/3068/841 3048/3058/841
f 3046/3068/841 3057/3069/841 3056/3067/841
f 3055/3066/840 3048/3058/840 3047/3057/840
f 3048/3058/840 3055/3066/840 3057/3069/840
f 3055/3066/903 3052/3062/903 3051/3061/903
f 3052/3062/903 3055/3066/903 3054/3064/903
f 3054/3064/904 3050/3060/904 3052/3062/904
f 3050/3060/904 3054/3064/904 3056/3067/904
f 3056/3067/905 3053/3063/905 3050/3060/905
f 3053/3063/905 3056/3067/905 3057/3069/905
f 3057/3069/906 3051/3061/907 3053/3063/906
f 3051/3061/907 3057/3069/906 3055/3066/907
f 3058/3070/837 3059/3071/837 3060/3072/837
f 3059/3071/837 3058/3070/837 3061/3073/837
f 3062/3074/838 3063/3075/838 3064/3076/838
f 3063/3075/838 3062/3074/838 3065/3077/838
f 3066/3078/839 3059/3071/839 3061/3073/839
f 3059/3071/839 3066/3078/839 3067/3079/839
f 3068/3080/842 3061/3073/842 3058/3070/842
f 3061/3073/842 3068/3080/842 3066/3078/842
f 3069/3081/841 3058/3070/841 3060/3072/841
f 3058/3070/841 3069/3081/841 3068/3080/841
f 3067/3079/840 3060/3072/840 3059/3071/840
f 3060/3072/840 3067/3079/840 3069/3081/840
f 3070/3082/838 3071/3083/838 3072/3084/838
f 3071/3083/838 3070/3082/838 3073/3085/838
f 3073/3085/838 3074/3086/838 3071/3083/838
f 3074/3086/838 3073/3085/838 3075/3087/838
f 3075/3087/838 3076/3088/838 3074/3086/838
f 3076/3088/838 3075/3087/838 3077/3089/838
f 3077/3089/838 3072/3084/838 3076/3088/838
f 3072/3084/838 3077/3089/838 3070/3082/838
f 3078/3090/908 3064/3076/908 3063/3075/908
f 3064/3076/908 3078/3090/908 3079/3091/908
f 3079/3091/909 3062/3074/909 3064/3076/909
f 3062/3074/909 3079/3091/909 3080/3092/909
f 3080/3092/910 3065/3077/910 3062/3074/910
f 3065/3077/910 3080/3092/910 3081/3093/910
f 3081/3093/911 3063/3075/911 3065/3077/911
f 3063/3075/911 3081/3093/911 3078/3090/911
f 3067/3079/912 3073/3085/912 3070/3082/912
f 3073/3085/912 3067/3079/912 3066/3078/912
f 3066/3078/913 3075/3087/914 3073/3085/913
f 3075/3087/914 3066/3078/913 3068/3080/914
f 3068/3080/915 3077/3089/915 3075/3087/915
f 3077/3089/915 3068/3080/915 3069/3081/915
f 3069/3081/916 3070/3082/917 3077/3089/916
f 3070/3082/917 3069/3081/916 3067/3079/917
f 3079/3091/915 3072/3084/915 3071/3083/915
f 3072/3084/915 3079/3091/915 3078/3090/915
f 3078/3090/914 3076/3088/913 3072/3084/914
f 3076/3088/913 3078/3090/914 3081/3093/913
f 3081/3093/912 3074/3086/912 3076/3088/912
f 3074/3086/912 3081/3093/912 3080/3092/912
f 3080/3092/916 3071/3083/916 3074/3086/916
f 3071/3083/916 3080/3092/916 3079/3091/916
f 3082/3094/837 3083/3095/837 3084/3096/837
f 3083/3095/837 3082/3094/837 3085/3097/837
f 3086/3098/838 3087/3099/838 3088/3100/838
f 3087/3099/838 3086/3098/838 3089/3101/838
f 3083/3102/839 3090/3103/839 3084/3104/839
f 3090/3103/839 3083/3102/839 3091/3105/839
f 3092/3106/842 3083/3102/842 3085/3107/842
f 3083/3102/842 3092/3106/842 3091/3105/842
f 3082/3108/841 3092/3106/841 3085/3107/841
f 3092/3106/841 3082/3108/841 3093/3109/841
f 3090/3103/840 3082/3108/840 3084/3104/840
f 3082/3108/840 3090/3103/840 3093/3109/840
f 3090/3103/918 3089/3101/918 3086/3098/918
f 3089/3101/918 3090/3103/918 3091/3105/918
f 3091/3105/919 3087/3099/920 3089/3101/919
f 3087/3099/920 3091/3105/919 3092/3106/920
f 3092/3106/921 3088/3100/921 3087/3099/921
f 3088/3100/921 3092/3106/921 3093/3109/921
f 3093/3109/922 3086/3098/922 3088/3100/922
f 3086/3098/922 3093/3109/922 3090/3103/922
f 3094/3110/837 3095/3111/837 3096/3112/837
f 3095/3111/837 3094/3110/837 3097/3113/837
f 3098/3114/838 3099/3115/838 3100/3116/838
f 3099/3115/838 3098/3114/838 3101/3117/838
f 3095/3118/839 3102/3119/839 3096/3120/839
f 3102/3119/839 3095/3118/839 3103/3121/839
f 3104/3122/842 3095/3118/842 3097/3123/842
f 3095/3118/842 3104/3122/842 3103/3121/842
f 3094/3124/841 3104/3122/841 3097/3123/841
f 3104/3122/841 3094/3124/841 3105/3125/841
f 3102/3119/840 3094/3124/840 3096/3120/840
f 3094/3124/840 3102/3119/840 3105/3125/840
f 3102/3126/918 3101/3117/918 3098/3114/918
f 3101/3117/918 3102/3126/918 3103/3127/918
f 3103/3127/919 3099/3115/919 3101/3117/919
f 3099/3115/919 3103/3127/919 3104/3122/919
f 3104/3122/921 3100/3116/921 3099/3115/921
f 3100/3116/921 3104/3122/921 3105/3125/921
f 3105/3125/923 3098/3114/922 3100/3116/923
f 3098/3114/922 3105/3125/923 3102/3126/922
f 3106/3128/837 3107/3129/837 3108/3130/837
f 3107/3129/837 3106/3128/837 3109/3131/837
f 3110/3132/838 3111/3133/838 3112/3134/838
f 3111/3133/838 3110/3132/838 3113/3135/838
f 3107/3136/839 3114/3137/839 3108/3138/839
f 3114/3137/839 3107/3136/839 3115/3139/839
f 3116/3140/842 3107/3136/842 3109/3141/842
f 3107/3136/842 3116/3140/842 3115/3139/842
f 3106/3142/841 3116/3140/841 3109/3141/841
f 3116/3140/841 3106/3142/841 3117/3143/841
f 3114/3137/840 3106/3142/840 3108/3138/840
f 3106/3142/840 3114/3137/840 3117/3143/840
f 3114/3137/918 3113/3135/918 3110/3132/918
f 3113/3135/918 3114/3137/918 3115/3139/918
f 3115/3139/919 3111/3133/920 3113/3135/919
f 3111/3133/920 3115/3139/919 3116/3140/920
f 3116/3140/921 3112/3134/921 3111/3133/921
f 3112/3134/921 3116/3140/921 3117/3143/921
f 3117/3143/923 3110/3132/922 3112/3134/923
f 3110/3132/922 3117/3143/923 3114/3137/922
f 3118/3144/924 3119/3145/924 3120/3146/924
f 3120/3146/924 3121/3147/924 3118/3144/924
f 3121/3147/924 3120/3146/924 3122/3148/924
f 3122/3148/924 3123/3149/924 3124/3150/924
f 3121/3147/924 3122/3148/924 3124/3150/924
f 3125/3151/925 3126/3152/925 3127/3153/925
f 3127/3153/926 3128/3154/926 3125/3151/926
f 3129/3155/927 3125/3151/927 3128/3154/927
f 3128/3154/928 3130/3156/928 3129/3155/928
f 3131/3157/929 3129/3155/929 3130/3156/929
f 3130/3156/930 3132/3158/930 3131/3157/930
f 3133/3159/931 3134/3160/932 3135/3161/932
f 3136/3162/932 3133/3159/931 3135/3161/932
f 3132/3158/932 3136/3162/932 3135/3161/932
f 3132/3158/933 3135/3161/933 3131/3157/933
f 3137/3163/934 3138/3164/934 3135/3161/934
f 3135/3161/934 3134/3160/934 3137/3163/934
f 3139/3165/935 3140/3166/935 3141/3167/935
f 3141/3167/935 3142/3168/935 3139/3165/935
f 3143/3169/936 3144/3170/936 3140/3166/936
f 3140/3166/937 3139/3165/937 3143/3169/937
f 3145/3171/938 3144/3170/938 3143/3169/938
f 3143/3169/939 3146/3172/939 3145/3171/939
f 3147/3173/940 3145/3171/940 3146/3172/940
f 3146/3172/941 3148/3174/941 3147/3173/941
f 3148/3174/942 3142/3168/942 3141/3167/942
f 3141/3167/942 3147/3173/942 3148/3174/942
f 3149/3175/943 3150/3176/943 3132/3158/943
f 3132/3158/944 3130/3156/944 3149/3175/944
f 3151/3177/945 3152/3178/945 3150/3176/945
f 3150/3176/946 3149/3175/946 3151/3177/946
f 3153/3179/947 3154/3180/947 3155/3181/947
f 3156/3182/947 3153/3179/947 3155/3181/947
f 3157/3183/947 3156/3182/947 3155/3181/947
f 3157/3183/948 3155/3181/948 3158/3184/948
f 3159/3185/949 3160/3186/949 3130/3156/949
f 3130/3156/949 3128/3154/949 3159/3185/949
f 3127/3153/950 3161/3187/950 3159/3185/950
f 3159/3185/950 3128/3154/950 3127/3153/950
f 3152/3178/951 3162/3188/951 3163/3189/951
f 3163/3189/951 3150/3176/951 3152/3178/951
f 3156/3182/952 3164/3190/952 3165/3191/952
f 3165/3191/952 3153/3179/952 3156/3182/952
f 3156/3182/953 3133/3159/953 3166/3192/953
f 3166/3192/953 3164/3190/953 3156/3182/953
f 3136/3162/954 3167/3193/954 3166/3192/954
f 3166/3192/954 3133/3159/954 3136/3162/954
f 3168/3194/955 3169/3195/955 3167/3193/955
f 3167/3193/955 3136/3162/955 3168/3194/955
f 3168/3194/956 3153/3179/956 3165/3191/956
f 3165/3191/956 3169/3195/956 3168/3194/956
f 3149/3175/957 3130/3156/957 3160/3186/957
f 3160/3186/957 3170/3196/957 3149/3175/957
f 3149/3175/958 3170/3196/958 3171/3197/958
f 3171/3197/958 3151/3177/958 3149/3175/958
f 3154/3180/959 3172/3198/959 3173/3199/959
f 3173/3199/959 3155/3181/959 3154/3180/959
f 3174/3200/960 3175/3201/960 3176/3202/960
f 3176/3202/960 3177/3203/960 3174/3200/960
f 3178/3204/960 3176/3202/960 3175/3201/960
f 3178/3204/960 3175/3201/960 3179/3205/960
f 3178/3204/960 3179/3205/960 3180/3206/960
f 3181/3207/961 3159/3185/961 3161/3187/961
f 3161/3187/962 3182/3208/962 3181/3207/962
f 3183/3209/963 3160/3186/963 3159/3185/963
f 3159/3185/964 3181/3207/964 3183/3209/964
f 3184/3210/965 3185/3211/965 3160/3186/965
f 3160/3186/966 3183/3209/966 3184/3210/966
f 3185/3211/967 3184/3210/967 3186/3212/967
f 3186/3212/968 3187/3213/968 3188/3214/969
f 3186/3212/968 3188/3214/969 3189/3215/970
f 3185/3211/970 3186/3212/968 3189/3215/970
f 3186/3212/971 3190/3216/971 3191/3217/971
f 3191/3217/971 3187/3213/971 3186/3212/971
f 3192/3218/972 3193/3219/972 3194/3220/972
f 3194/3220/972 3195/3221/972 3192/3218/972
f 3193/3219/973 3196/3222/973 3197/3223/973
f 3197/3223/973 3194/3220/973 3193/3219/973
f 3198/3224/974 3199/3225/974 3197/3223/974
f 3197/3223/975 3196/3222/975 3198/3224/975
f 3200/3226/976 3201/3227/976 3199/3225/976
f 3199/3225/977 3198/3224/977 3200/3226/977
f 3201/3227/978 3200/3226/978 3192/3218/978
f 3192/3218/979 3195/3221/979 3201/3227/979
f 3170/3196/980 3160/3186/980 3185/3211/980
f 3185/3211/981 3163/3189/981 3170/3196/981
f 3171/3197/982 3170/3196/982 3163/3189/982
f 3163/3189/983 3162/3188/983 3171/3197/983
f 3202/3228/984 3203/3229/984 3173/3199/984
f 3173/3199/985 3172/3198/985 3204/3230/985
f 3173/3199/985 3204/3230/985 3205/3231/985
f 3202/3228/985 3173/3199/985 3205/3231/985
f 3206/3232/986 3207/3233/986 3208/3234/986
f 3208/3234/986 3209/3235/986 3206/3232/986
f 3150/3176/957 3163/3189/957 3185/3211/957
f 3185/3211/957 3132/3158/957 3150/3176/957
f 3210/3236/987 3211/3237/987 3212/3238/987
f 3212/3238/987 3213/3239/987 3210/3236/987
f 3214/3240/988 3215/3241/988 3216/3242/988
f 3216/3242/988 3217/3243/988 3214/3240/988
f 3218/3244/960 3219/3245/960 3220/3246/960
f 3218/3244/960 3220/3246/960 3221/3247/960
f 3218/3244/960 3221/3247/960 3222/3248/960
f 3223/3249/989 3224/3250/990 3209/3235/991
f 3223/3249/989 3209/3235/991 3208/3234/992
f 3223/3249/989 3208/3234/992 3225/3251/993
f 3219/3245/994 3218/3244/994 3205/3231/994
f 3205/3231/994 3204/3230/994 3219/3245/994
f 3205/3231/995 3218/3244/995 3222/3248/996
f 3222/3248/996 3188/3214/997 3205/3231/995
f 3222/3248/998 3221/3247/998 3189/3215/998
f 3189/3215/998 3188/3214/998 3222/3248/998
f 3221/3247/999 3220/3246/999 3226/3252/999
f 3226/3252/999 3189/3215/999 3221/3247/999
f 3226/3252/1000 3220/3246/1000 3219/3245/1000
f 3219/3245/1000 3204/3230/1000 3226/3252/1000
f 3210/3236/1001 3213/3239/1001 3227/3253/1001
f 3227/3253/1001 3228/3254/1001 3210/3236/1001
f 3229/3255/1002 3230/3256/1002 3231/3257/1002
f 3231/3257/1002 3232/3258/1002 3229/3255/1002
f 3230/3256/1003 3233/3259/1003 3234/3260/1003
f 3234/3260/1003 3231/3257/1003 3230/3256/1003
f 3234/3260/1001 3233/3259/1001 3235/3261/1001
f 3235/3261/1001 3236/3262/1001 3234/3260/1001
f 3235/3261/1004 3237/3263/1004 3238/3264/1004
f 3238/3264/1004 3236/3262/1004 3235/3261/1004
f 3238/3264/1005 3237/3263/1005 3239/3265/1005
f 3239/3265/1005 3240/3266/1005 3238/3264/1005
f 3229/3255/1006 3232/3258/1006 3241/3267/1006
f 3241/3267/1006 3242/3268/1006 3229/3255/1006
f 3227/3253/1007 3243/3269/1007 3244/3270/1007
f 3244/3270/1007 3228/3254/1007 3227/3253/1007
f 3140/3166/924 3138/3164/924 3126/3152/924
f 3141/3167/924 3140/3166/924 3126/3152/924
f 3141/3167/924 3126/3152/924 3125/3151/924
f 3147/3173/924 3141/3167/924 3125/3151/924
f 3147/3173/924 3125/3151/924 3129/3155/924
f 3138/3164/924 3140/3166/924 3144/3170/924
f 3135/3161/924 3138/3164/924 3144/3170/924
f 3135/3161/924 3144/3170/924 3145/3171/924
f 3131/3157/924 3135/3161/924 3145/3171/924
f 3129/3155/924 3131/3157/924 3145/3171/924
f 3147/3173/924 3129/3155/924 3145/3171/924
f 3169/3195/924 3165/3191/924 3164/3190/924
f 3167/3193/924 3169/3195/924 3164/3190/924
f 3167/3193/924 3164/3190/924 3166/3192/924
f 3206/3232/1008 3245/3271/1009 3246/3272/1010
f 3207/3233/1011 3206/3232/1008 3246/3272/1010
f 3207/3233/1011 3246/3272/1010 3247/3273/1012
f 3190/3216/960 3196/3222/960 3193/3219/960
f 3182/3208/960 3190/3216/960 3193/3219/960
f 3182/3208/960 3193/3219/960 3192/3218/960
f 3181/3207/960 3182/3208/960 3192/3218/960
f 3181/3207/960 3192/3218/960 3200/3226/960
f 3196/3222/960 3190/3216/960 3186/3212/960
f 3198/3224/960 3196/3222/960 3186/3212/960
f 3198/3224/960 3186/3212/960 3184/3210/960
f 3198/3224/960 3184/3210/960 3183/3209/960
f 3200/3226/960 3198/3224/960 3183/3209/960
f 3181/3207/960 3200/3226/960 3183/3209/960
f 3157/3183/1013 3248/3274/1013 3249/3275/1013
f 3250/3276/1013 3157/3183/1013 3249/3275/1013
f 3251/3277/1013 3250/3276/1013 3249/3275/1013
f 3251/3277/1013 3249/3275/1013 3202/3228/1013
f 3251/3277/1013 3202/3228/1013 3252/3278/1013
f 3251/3277/1013 3252/3278/1013 3253/3279/1013
f 3254/3280/960 3255/3281/960 3256/3282/960
f 3254/3280/960 3256/3282/960 3257/3283/960
f 3254/3280/960 3257/3283/960 3258/3284/960
f 3254/3280/960 3258/3284/960 3259/3285/960
f 3254/3280/924 3259/3285/924 3260/3286/924
f 3261/3287/960 3262/3288/960 3217/3243/1014
f 3263/3289/960 3261/3287/960 3217/3243/1014
f 3260/3286/1015 3263/3289/960 3217/3243/1014
f 3260/3286/1015 3217/3243/1014 3216/3242/1016
f 3254/3280/1017 3260/3286/1015 3216/3242/1016
f 3210/3236/1018 3228/3254/1018 3244/3270/1018
f 3210/3236/1018 3244/3270/1018 3264/3290/1018
f 3210/3236/1018 3264/3290/1018 3211/3237/1018
f 3243/3269/1019 3227/3253/1019 3213/3239/1019
f 3265/3291/1019 3243/3269/1019 3213/3239/1019
f 3265/3291/1019 3213/3239/1019 3212/3238/1019
f 3214/3240/1020 3266/3292/924 3267/3293/1021
f 3215/3241/1022 3214/3240/1020 3267/3293/1021
f 3215/3241/1022 3267/3293/1021 3268/3294/1023
f 3215/3241/1022 3268/3294/1023 3269/3295/1024
f 3215/3241/1022 3269/3295/1024 3270/3296/1022
f 3271/3297/1025 3215/3241/1022 3270/3296/1022
f 3271/3297/1025 3270/3296/1022 3272/3298/924
f 3271/3297/1025 3272/3298/924 3273/3299/924
f 3274/3300/924 3271/3297/1025 3273/3299/924
f 3274/3300/924 3273/3299/924 3275/3301/924
f 3264/3290/1026 3244/3270/1027 3243/3269/1027
f 3241/3267/1026 3264/3290/1026 3243/3269/1027
f 3241/3267/1026 3243/3269/1027 3265/3291/1026
f 3241/3267/1026 3265/3291/1026 3242/3268/1026
f 3248/3274/1013 3157/3183/1013 3158/3184/1013
f 3158/3184/1013 3276/3302/1013 3248/3274/1013
f 3203/3229/1013 3202/3228/1013 3249/3275/1013
f 3249/3275/1013 3277/3303/1013 3203/3229/1013
f 3239/3265/1028 3277/3303/1028 3249/3275/1028
f 3249/3275/1029 3248/3274/1029 3276/3302/1029
f 3239/3265/1028 3249/3275/1028 3276/3302/1028
f 3239/3265/1028 3276/3302/1028 3240/3266/1028
f 3276/3302/1030 3158/3184/1031 3271/3297/1031
f 3271/3297/1031 3274/3300/1032 3276/3302/1030
f 3158/3184/1033 3155/3181/1033 3215/3241/1033
f 3215/3241/1034 3271/3297/1034 3158/3184/1034
f 3155/3181/1035 3173/3199/1035 3216/3242/1035
f 3216/3242/1035 3215/3241/1035 3155/3181/1035
f 3173/3199/1036 3203/3229/1036 3254/3280/1036
f 3254/3280/1037 3216/3242/1037 3173/3199/1037
f 3203/3229/1038 3277/3303/1038 3255/3281/1038
f 3255/3281/1038 3254/3280/1038 3203/3229/1038
f 3277/3303/1039 3239/3265/1039 3256/3282/1039
f 3256/3282/1039 3255/3281/1039 3277/3303/1039
f 3239/3265/1040 3237/3263/1041 3257/3283/1041
f 3257/3283/1041 3256/3282/1040 3239/3265/1040
f 3237/3263/1042 3235/3261/1042 3258/3284/1042
f 3258/3284/1042 3257/3283/1042 3237/3263/1042
f 3235/3261/1043 3233/3259/1043 3259/3285/1043
f 3259/3285/1043 3258/3284/1043 3235/3261/1043
f 3233/3259/1044 3230/3256/1044 3260/3286/1044
f 3260/3286/1044 3259/3285/1044 3233/3259/1044
f 3230/3256/1045 3229/3255/1045 3263/3289/1045
f 3263/3289/1045 3260/3286/1045 3230/3256/1045
f 3229/3255/1046 3242/3268/1047 3261/3287/1047
f 3261/3287/1047 3263/3289/1046 3229/3255/1046
f 3242/3268/1048 3265/3291/1049 3262/3288/1049
f 3262/3288/1049 3261/3287/1048 3242/3268/1048
f 3265/3291/1043 3212/3238/1050 3217/3243/1050
f 3217/3243/1050 3262/3288/1043 3265/3291/1043
f 3212/3238/1051 3211/3237/1051 3214/3240/1051
f 3214/3240/1051 3217/3243/1051 3212/3238/1051
f 3211/3237/1052 3264/3290/1052 3266/3292/1052
f 3266/3292/1052 3214/3240/1052 3211/3237/1052
f 3264/3290/1053 3241/3267/1054 3267/3293/1054
f 3267/3293/1054 3266/3292/1053 3264/3290/1053
f 3241/3267/1055 3232/3258/1056 3268/3294/1056
f 3268/3294/1056 3267/3293/1055 3241/3267/1055
f 3232/3258/1057 3231/3257/1058 3269/3295/1058
f 3269/3295/1058 3268/3294/1057 3232/3258/1057
f 3231/3257/1059 3234/3260/1059 3270/3296/1059
f 3270/3296/1059 3269/3295/1059 3231/3257/1059
f 3234/3260/1052 3236/3262/1052 3272/3298/1052
f 3272/3298/1052 3270/3296/1052 3234/3260/1052
f 3236/3262/1060 3238/3264/1061 3273/3299/1061
f 3273/3299/1061 3272/3298/1060 3236/3262/1060
f 3238/3264/1062 3240/3266/1062 3275/3301/1062
f 3275/3301/1062 3273/3299/1062 3238/3264/1062
f 3240/3266/1063 3276/3302/1063 3274/3300/1063
f 3274/3300/1063 3275/3301/1063 3240/3266/1063
f 3250/3276/1064 3251/3277/1065 3118/3144/1065
f 3118/3144/1065 3121/3147/1064 3250/3276/1064
f 3137/3163/1066 3134/3160/1066 3120/3146/1066
f 3120/3146/1066 3119/3145/1066 3137/3163/1066
f 3134/3160/1067 3133/3159/1068 3122/3148/1068
f 3122/3148/1068 3120/3146/1067 3134/3160/1067
f 3133/3159/1069 3156/3182/1070 3123/3149/1070
f 3123/3149/1070 3122/3148/1069 3133/3159/1069
f 3156/3182/1071 3157/3183/1071 3124/3150/1071
f 3124/3150/1071 3123/3149/1071 3156/3182/1071
f 3157/3183/1072 3250/3276/1064 3121/3147/1064
f 3121/3147/1064 3124/3150/1072 3157/3183/1072
f 3187/3213/1073 3191/3217/1074 3177/3203/1074
f 3177/3203/1074 3176/3202/1073 3187/3213/1073
f 3253/3279/1075 3252/3278/1038 3175/3201/1038
f 3175/3201/1038 3174/3200/1075 3253/3279/1075
f 3252/3278/1038 3202/3228/1076 3179/3205/1076
f 3179/3205/1076 3175/3201/1038 3252/3278/1038
f 3202/3228/1077 3205/3231/1077 3180/3206/1077
f 3180/3206/1077 3179/3205/1077 3202/3228/1077
f 3205/3231/1078 3188/3214/1078 3178/3204/1078
f 3178/3204/1078 3180/3206/1078 3205/3231/1078
f 3188/3214/1079 3187/3213/1080 3176/3202/1080
f 3176/3202/1080 3178/3204/1079 3188/3214/1079
f 3136/3162/1081 3132/3158/1081 3207/3233/1081
f 3207/3233/1082 3247/3273/1082 3136/3162/1082
f 3132/3158/1083 3185/3211/1083 3208/3234/1083
f 3208/3234/1083 3207/3233/1083 3132/3158/1083
f 3185/3211/1080 3189/3215/1080 3225/3251/1080
f 3225/3251/1084 3208/3234/1084 3185/3211/1084
f 3189/3215/1085 3226/3252/1085 3223/3249/1085
f 3223/3249/1085 3225/3251/1085 3189/3215/1085
f 3226/3252/1086 3204/3230/1087 3224/3250/1087
f 3224/3250/1087 3223/3249/1086 3226/3252/1086
f 3204/3230/1088 3172/3198/1088 3209/3235/1088
f 3209/3235/1089 3224/3250/1089 3204/3230/1089
f 3172/3198/1090 3154/3180/1091 3206/3232/1091
f 3206/3232/1091 3209/3235/1090 3172/3198/1090
f 3154/3180/1071 3153/3179/1071 3245/3271/1071
f 3245/3271/1092 3206/3232/1092 3154/3180/1092
f 3153/3179/1093 3168/3194/1093 3246/3272/1093
f 3246/3272/1093 3245/3271/1093 3153/3179/1093
f 3168/3194/1094 3136/3162/1095 3247/3273/1095
f 3247/3273/1095 3246/3272/1094 3168/3194/1094
f 3278/3304/924 3279/3305/924 3280/3306/924
f 3281/3307/924 3282/3308/924 3283/3309/924
f 3284/3310/924 3285/3311/924 3286/3312/924
f 3287/3313/924 3288/3314/924 3289/3315/924
f 3290/3316/1096 3291/3317/1096 3292/3318/1096
f 3292/3318/1096 3137/3163/1096 3290/3316/1096
f 3278/3304/1097 3293/3319/1097 3294/3320/1097
f 3294/3320/1097 3279/3305/1097 3278/3304/1097
f 3253/3279/1098 3295/3321/1098 3296/3322/1098
f 3296/3322/1098 3251/3277/1098 3253/3279/1098
f 3296/3322/1099 3295/3321/1099 3293/3319/1099
f 3293/3319/1099 3278/3304/1099 3296/3322/1099
f 3281/3307/1099 3280/3306/1099 3297/3323/1099
f 3297/3323/1099 3298/3324/1099 3281/3307/1099
f 3280/3306/1100 3279/3305/1100 3294/3320/1100
f 3294/3320/1100 3297/3323/1100 3280/3306/1100
f 3293/3319/960 3297/3323/960 3294/3320/960
f 3298/3324/960 3299/3325/960 3300/3326/960
f 3301/3327/960 3302/3328/960 3303/3329/960
f 3304/3330/960 3305/3331/960 3306/3332/960
f 3289/3315/1101 3288/3314/1101 3306/3332/1101
f 3306/3332/1101 3305/3331/1101 3289/3315/1101
f 3307/3333/1102 3308/3334/1102 3309/3335/1102
f 3309/3335/1102 3191/3217/1102 3307/3333/1102
f 3289/3315/1099 3305/3331/1099 3310/3336/1099
f 3310/3336/1099 3311/3337/1099 3289/3315/1099
f 3287/3313/1099 3286/3312/1099 3302/3328/1099
f 3302/3328/1099 3304/3330/1099 3287/3313/1099
f 3288/3314/1103 3287/3313/1103 3304/3330/1103
f 3304/3330/1103 3306/3332/1103 3288/3314/1103
f 3284/3310/1099 3283/3309/1099 3299/3325/1099
f 3299/3325/1099 3301/3327/1099 3284/3310/1099
f 3309/3335/1104 3290/3316/1104 3311/3337/1104
f 3311/3337/1104 3310/3336/1104 3309/3335/1104
f 3285/3311/1105 3284/3310/1105 3301/3327/1105
f 3301/3327/1105 3303/3329/1105 3285/3311/1105
f 3282/3308/1106 3281/3307/1106 3298/3324/1106
f 3298/3324/1106 3300/3326/1106 3282/3308/1106
f 3282/3308/1107 3300/3326/1107 3299/3325/1107
f 3299/3325/1107 3283/3309/1107 3282/3308/1107
f 3303/3329/1108 3302/3328/1108 3286/3312/1108
f 3286/3312/1108 3285/3311/1108 3303/3329/1108
f 3289/3315/1109 3311/3337/1109 3290/3316/1109
f 3287/3313/1110 3289/3315/1109 3290/3316/1109
f 3286/3312/1110 3287/3313/1110 3290/3316/1109
f 3284/3310/1109 3286/3312/1110 3290/3316/1109
f 3283/3309/1111 3284/3310/1109 3290/3316/1109
f 3281/3307/1110 3283/3309/1111 3290/3316/1109
f 3280/3306/1112 3281/3307/1110 3290/3316/1109
f 3278/3304/1112 3280/3306/1112 3290/3316/1109
f 3278/3304/1113 3290/3316/1113 3137/3163/1113
f 3296/3322/1114 3278/3304/1114 3137/3163/1114
f 3296/3322/1115 3137/3163/1115 3251/3277/1115
f 3309/3335/1116 3310/3336/1116 3305/3331/1117
f 3309/3335/1116 3305/3331/1117 3304/3330/1116
f 3309/3335/1116 3304/3330/1116 3302/3328/1116
f 3309/3335/1116 3302/3328/1116 3301/3327/1116
f 3309/3335/1116 3301/3327/1116 3299/3325/1118
f 3309/3335/1116 3299/3325/1118 3298/3324/1116
f 3309/3335/1116 3298/3324/1116 3297/3323/1116
f 3309/3335/1116 3297/3323/1116 3293/3319/1116
f 3191/3217/1119 3309/3335/1119 3293/3319/1119
f 3191/3217/1120 3293/3319/1120 3295/3321/1120
f 3191/3217/1121 3295/3321/1121 3253/3279/1121
f 3251/3277/1122 3137/3163/1122 3119/3145/1122
f 3119/3145/1122 3118/3144/1122 3251/3277/1122
f 3191/3217/1123 3253/3279/1123 3174/3200/1123
f 3174/3200/1123 3177/3203/1123 3191/3217/1123
f 3312/3338/1124 3313/3339/1124 3314/3340/1124 3315/3341/1124
f 3316/3342/1125 3317/3343/1125 3318/3344/1125 3319/3345/1125
f 3312/3338/1126 3315/3346/1126 3320/3347/1126 3321/3348/1126
f 3315/3346/1127 3314/3340/1127 3322/3349/1127 3320/3347/1127
f 3314/3340/1128 3313/3339/1128 3323/3350/1128 3322/3349/1128
f 3313/3339/1129 3312/3351/1129 3321/3352/1129 3323/3350/1129
f 3321/3353/1130 3320/3354/1130 3317/3343/1130 3316/3342/1130
f 3320/3354/1131 3322/3355/1131 3318/3344/1131 3317/3343/1131
f 3322/3355/1132 3323/3350/1132 3319/3345/1132 3318/3344/1132
f 3323/3350/1133 3321/3353/1133 3316/3342/1133 3319/3345/1133
f 3324/3356/1124 3325/3357/1124 3326/3358/1124 3327/3359/1124
f 3328/3360/1125 3329/3361/1125 3330/3362/1125 3331/3363/1125
f 3324/3356/1126 3327/3364/1126 3332/3365/1126 3333/3366/1126
f 3327/3359/1127 3326/3367/1127 3334/3368/1127 3332/3365/1127
f 3326/3358/1128 3325/3369/1128 3335/3370/1128 3334/3371/1128
f 3325/3357/1129 3324/3356/1129 3333/3366/1129 3335/3372/1129
f 3333/3366/1134 3332/3373/1134 3329/3361/1134 3328/3360/1134
f 3332/3373/1131 3334/3368/1131 3330/3362/1131 3329/3361/1131
f 3334/3368/1135 3335/3372/1135 3331/3363/1135 3330/3362/1135
f 3335/3372/1136 3333/3366/1136 3328/3360/1136 3331/3363/1136
f 3336/3374/1137 3337/3375/1137 3338/3376/1137 3339/3377/1137
f 3340/3378/1138 3341/3379/1138 3342/3380/1138 3343/3381/1138
f 3336/3374/1139 3339/3377/1139 3344/3382/1139 3345/3383/1139
f 3339/3377/1140 3338/3376/1140 3346/3384/1140 3344/3382/1140
f 3338/3376/1141 3337/3375/1141 3347/3385/1141 3346/3384/1141
f 3337/3375/1142 3336/3374/1142 3345/3383/1142 3347/3385/1142
f 3345/3383/1143 3344/3382/1143 3341/3379/1143 3340/3378/1143
f 3344/3382/1144 3346/3384/1144 3342/3380/1144 3341/3379/1144
f 3346/3384/1145 3347/3385/1145 3343/3381/1145 3342/3380/1145
f 3347/3385/1146 3345/3383/1146 3340/3378/1146 3343/3381/1146
f 3348/3386/1137 3349/3387/1137 3350/3388/1137 3351/3389/1137
f 3352/3390/1138 3353/3391/1138 3354/3392/1138 3355/3393/1138
f 3348/3386/1139 3351/3389/1139 3356/3394/1139 3357/3395/1139
f 3351/3389/1140 3350/3388/1140 3358/3396/1140 3356/3394/1140
f 3350/3388/1141 3349/3387/1141 3359/3397/1141 3358/3396/1141
f 3349/3387/1142 3348/3386/1142 3357/3395/1142 3359/3397/1142
f 3357/3395/1143 3356/3394/1143 3353/3391/1143 3352/3390/1143
f 3356/3394/1144 3358/3396/1144 3354/3392/1144 3353/3391/1144
f 3358/3396/1145 3359/3397/1145 3355/3393/1145 3354/3392/1145
f 3359/3397/1146 3357/3395/1146 3352/3390/1146 3355/3393/1146
f 3360/3398/1138 3361/3399/1138 3362/3400/1138 3363/3401/1138
f 3364/3402/1137 3365/3403/1137 3366/3404/1137 3367/3405/1137
f 3360/3398/1139 3368/3406/1139 3369/3407/1139 3361/3399/1139
f 3361/3399/1140 3369/3407/1140 3370/3408/1140 3362/3400/1140
f 3362/3400/1141 3370/3408/1141 3371/3409/1141 3363/3401/1141
f 3363/3401/1142 3371/3409/1142 3368/3406/1142 3360/3398/1142
f 3368/3406/1147 3364/3402/1147 3367/3405/1147 3369/3407/1147
f 3369/3407/1148 3367/3405/1148 3366/3404/1148 3370/3408/1148
f 3370/3408/1149 3366/3404/1149 3365/3403/1149 3371/3409/1149
f 3371/3409/1150 3365/3403/1150 3364/3402/1150 3368/3406/1150
f 3372/3410/1138 3373/3411/1138 3374/3412/1138 3375/3413/1138
f 3376/3414/1137 3377/3415/1137 3378/3416/1137 3379/3417/1137
f 3372/3410/1139 3380/3418/1139 3381/3419/1139 3373/3411/1139
f 3373/3411/1140 3381/3419/1140 3382/3420/1140 3374/3412/1140
f 3374/3412/1141 3382/3420/1141 3383/3421/1141 3375/3413/1141
f 3375/3413/1142 3383/3421/1142 3380/3418/1142 3372/3410/1142
f 3380/3418/1147 3376/3414/1147 3379/3417/1147 3381/3419/1147
f 3381/3419/1148 3379/3417/1148 3378/3416/1148 3382/3420/1148
f 3382/3420/1149 3378/3416/1149 3377/3415/1149 3383/3421/1149
f 3383/3421/1150 3377/3415/1150 3376/3414/1150 3380/3418/1150
f 3384/3422/1137 3385/3423/1137 3386/3424/1137 3387/3425/1137
f 3388/3426/1138 3389/3427/1138 3390/3428/1138 3391/3429/1138
f 3384/3422/1139 3387/3425/1139 3392/3430/1139 3393/3431/1139
f 3387/3425/1140 3386/3424/1140 3394/3432/1140 3392/3430/1140
f 3386/3424/1141 3385/3423/1141 3395/3433/1141 3394/3432/1141
f 3385/3423/1142 3384/3422/1142 3393/3431/1142 3395/3433/1142
f 3393/3431/1143 3392/3430/1143 3389/3427/1143 3388/3426/1143
f 3392/3430/1144 3394/3432/1144 3390/3428/1144 3389/3427/1144
f 3394/3432/1145 3395/3433/1145 3391/3429/1145 3390/3428/1145
f 3395/3433/1146 3393/3431/1146 3388/3426/1146 3391/3429/1146
f 3396/3434/1138 3397/3435/1138 3398/3436/1138 3399/3437/1138
f 3400/3438/1137 3401/3439/1137 3402/3440/1137 3403/3441/1137
f 3396/3434/1139 3404/3442/1139 3405/3443/1139 3397/3435/1139
f 3397/3435/1140 3405/3443/1140 3406/3444/1140 3398/3436/1140
f 3398/3436/1141 3406/3444/1141 3407/3445/1141 3399/3437/1141
f 3399/3437/1142 3407/3445/1142 3404/3442/1142 3396/3434/1142
f 3404/3442/1147 3400/3438/1147 3403/3441/1147 3405/3443/1147
f 3405/3443/1148 3403/3441/1148 3402/3440/1148 3406/3444/1148
f 3406/3444/1149 3402/3440/1149 3401/3439/1149 3407/3445/1149
f 3407/3445/1150 3401/3439/1150 3400/3438/1150 3404/3442/1150
f 3408/3446/1137 3409/3447/1137 3410/3448/1137 3411/3449/1137
f 3412/3450/1138 3413/3451/1138 3414/3452/1138 3415/3453/1138
f 3408/3446/1139 3411/3449/1139 3416/3454/1139 3417/3455/1139
f 3411/3449/1140 3410/3448/1140 3418/3456/1140 3416/3454/1140
f 3410/3448/1141 3409/3447/1141 3419/3457/1141 3418/3456/1141
f 3409/3447/1142 3408/3446/1142 3417/3455/1142 3419/3457/1142
f 3417/3455/1143 3416/3454/1143 3413/3451/1143 3412/3450/1143
f 3416/3454/1144 3418/3456/1144 3414/3452/1144 3413/3451/1144
f 3418/3456/1145 3419/3457/1145 3415/3453/1145 3414/3452/1145
f 3419/3457/1151 3417/3455/1151 3412/3450/1151 3415/3453/1151
f 3420/3458/1138 3421/3459/1138 3422/3460/1138 3423/3461/1138
f 3424/3462/1137 3425/3463/1137 3426/3464/1137 3427/3465/1137
f 3420/3458/1139 3428/3466/1139 3429/3467/1139 3421/3459/1139
f 3421/3459/1140 3429/3467/1140 3430/3468/1140 3422/3460/1140
f 3422/3460/1141 3430/3468/1141 3431/3469/1141 3423/3461/1141
f 3423/3461/1142 3431/3469/1142 3428/3466/1142 3420/3458/1142
f 3428/3466/1147 3424/3462/1147 3427/3465/1147 3429/3467/1147
f 3429/3467/1148 3427/3465/1148 3426/3464/1148 3430/3468/1148
f 3430/3468/1149 3426/3464/1149 3425/3463/1149 3431/3469/1149
f 3431/3469/1150 3425/3463/1150 3424/3462/1150 3428/3466/1150
f 3432/3470/1137 3433/3471/1137 3434/3472/1137 3435/3473/1137
f 3436/3474/1138 3437/3475/1138 3438/3476/1138 3439/3477/1138
f 3432/3470/1139 3435/3473/1139 3440/3478/1139 3441/3479/1139
f 3435/3473/1140 3434/3472/1140 3442/3480/1140 3440/3478/1140
f 3434/3472/1141 3433/3471/1141 3443/3481/1141 3442/3480/1141
f 3433/3471/1142 3432/3470/1142 3441/3479/1142 3443/3481/1142
f 3441/3479/1143 3440/3478/1143 3437/3475/1143 3436/3474/1143
f 3440/3478/1152 3442/3480/1152 3438/3476/1152 3437/3475/1152
f 3442/3480/1145 3443/3481/1145 3439/3477/1145 3438/3476/1145
f 3443/3481/1146 3441/3479/1146 3436/3474/1146 3439/3477/1146
f 3444/3482/1138 3445/3483/1138 3446/3484/1138 3447/3485/1138
f 3448/3486/1137 3449/3487/1137 3450/3488/1137 3451/3489/1137
f 3444/3482/1139 3452/3490/1139 3453/3491/1139 3445/3483/1139
f 3445/3483/1140 3453/3491/1140 3454/3492/1140 3446/3484/1140
f 3446/3484/1141 3454/3492/1141 3455/3493/1141 3447/3485/1141
f 3447/3485/1142 3455/3493/1142 3452/3490/1142 3444/3482/1142
f 3452/3490/1147 3448/3486/1147 3451/3489/1147 3453/3491/1147
f 3453/3491/1148 3451/3489/1148 3450/3488/1148 3454/3492/1148
f 3454/3492/1149 3450/3488/1149 3449/3487/1149 3455/3493/1149
f 3455/3493/1150 3449/3487/1150 3448/3486/1150 3452/3490/1150
f 3456/3494/1137 3457/3495/1137 3458/3496/1137 3459/3497/1137
f 3460/3498/1138 3461/3499/1138 3462/3500/1138 3463/3501/1138
f 3456/3494/1139 3459/3497/1139 3464/3502/1139 3465/3503/1139
f 3459/3497/1140 3458/3496/1140 3466/3504/1140 3464/3502/1140
f 3458/3496/1141 3457/3495/1141 3467/3505/1141 3466/3504/1141
f 3457/3495/1142 3456/3494/1142 3465/3503/1142 3467/3505/1142
f 3465/3503/1143 3464/3502/1143 3461/3499/1143 3460/3498/1143
f 3464/3502/1152 3466/3504/1152 3462/3500/1152 3461/3499/1152
f 3466/3504/1145 3467/3505/1145 3463/3501/1145 3462/3500/1145
f 3467/3505/1146 3465/3503/1146 3460/3498/1146 3463/3501/1146
f 3468/3506/1138 3469/3507/1138 3470/3508/1138 3471/3509/1138
f 3472/3510/1137 3473/3511/1137 3474/3512/1137 3475/3513/1137
f 3468/3506/1139 3476/3514/1139 3477/3515/1139 3469/3507/1139
f 3469/3507/1140 3477/3515/1140 3478/3516/1140 3470/3508/1140
f 3470/3508/1141 3478/3516/1141 3479/3517/1141 3471/3509/1141
f 3471/3509/1142 3479/3517/1142 3476/3514/1142 3468/3506/1142
f 3476/3514/1147 3472/3510/1147 3475/3513/1147 3477/3515/1147
f 3477/3515/1148 3475/3513/1148 3474/3512/1148 3478/3516/1148
f 3478/3516/1149 3474/3512/1149 3473/3511/1149 3479/3517/1149
f 3479/3517/1150 3473/3511/1150 3472/3510/1150 3476/3514/1150
f 3480/3518/1137 3481/3519/1137 3482/3520/1137 3483/3521/1137
f 3484/3522/1138 3485/3523/1138 3486/3524/1138 3487/3525/1138
f 3480/3518/1139 3483/3521/1139 3488/3526/1139 3489/3527/1139
f 3483/3521/1140 3482/3520/1140 3490/3528/1140 3488/3526/1140
f 3482/3520/1141 3481/3519/1141 3491/3529/1141 3490/3528/1141
f 3481/3519/1142 3480/3518/1142 3489/3527/1142 3491/3529/1142
f 3489/3527/1143 3488/3526/1143 3485/3523/1143 3484/3522/1143
f 3488/3526/1144 3490/3528/1144 3486/3524/1144 3485/3523/1144
f 3490/3528/1145 3491/3529/1145 3487/3525/1145 3486/3524/1145
f 3491/3529/1146 3489/3527/1146 3484/3522/1146 3487/3525/1146
f 3492/3530/1138 3493/3531/1138 3494/3532/1138 3495/3533/1138
f 3496/3534/1137 3497/3535/1137 3498/3536/1137 3499/3537/1137
f 3492/3530/1139 3500/3538/1139 3501/3539/1139 3493/3531/1139
f 3493/3531/1140 3501/3539/1140 3502/3540/1140 3494/3532/1140
f 3494/3532/1141 3502/3540/1141 3503/3541/1141 3495/3533/1141
f 3495/3533/1142 3503/3541/1142 3500/3538/1142 3492/3530/1142
f 3500/3538/1147 3496/3534/1147 3499/3537/1147 3501/3539/1147
f 3501/3539/1148 3499/3537/1148 3498/3536/1148 3502/3540/1148
f 3502/3540/1149 3498/3536/1149 3497/3535/1149 3503/3541/1149
f 3503/3541/1150 3497/3535/1150 3496/3534/1150 3500/3538/1150
f 3504/3542/1137 3505/3543/1137 3506/3544/1137 3507/3545/1137
f 3508/3546/1138 3509/3547/1138 3510/3548/1138 3511/3549/1138
f 3504/3542/1139 3507/3545/1139 3512/3550/1139 3513/3551/1139
f 3507/3545/1140 3506/3544/1140 3514/3552/1140 3512/3550/1140
f 3506/3544/1141 3505/3543/1141 3515/3553/1141 3514/3552/1141
f 3505/3543/1142 3504/3542/1142 3513/3551/1142 3515/3553/1142
f 3513/3551/1143 3512/3550/1143 3509/3547/1143 3508/3546/1143
f 3512/3550/1144 3514/3552/1144 3510/3548/1144 3509/3547/1144
f 3514/3552/1145 3515/3553/1145 3511/3549/1145 3510/3548/1145
f 3515/3553/1151 3513/3551/1151 3508/3546/1151 3511/3549/1151
f 3516/3554/1138 3517/3555/1138 3518/3556/1138 3519/3557/1138
f 3520/3558/1137 3521/3559/1137 3522/3560/1137 3523/3561/1137
f 3516/3554/1139 3524/3562/1139 3525/3563/1139 3517/3555/1139
f 3517/3555/1140 3525/3563/1140 3526/3564/1140 3518/3556/1140
f 3518/3556/1141 3526/3564/1141 3527/3565/1141 3519/3557/1141
f 3519/3557/1142 3527/3565/1142 3524/3562/1142 3516/3554/1142
f 3524/3562/1147 3520/3558/1147 3523/3561/1147 3525/3563/1147
f 3525/3563/1148 3523/3561/1148 3522/3560/1148 3526/3564/1148
f 3526/3564/1149 3522/3560/1149 3521/3559/1149 3527/3565/1149
f 3527/3565/1150 3521/3559/1150 3520/3558/1150 3524/3562/1150
f 3528/3566/1137 3529/3567/1137 3530/3568/1137 3531/3569/1137
f 3532/3570/1138 3533/3571/1138 3534/3572/1138 3535/3573/1138
f 3528/3566/1139 3531/3569/1139 3536/3574/1139 3537/3575/1139
f 3531/3569/1140 3530/3568/1140 3538/3576/1140 3536/3574/1140
f 3530/3568/1141 3529/3567/1141 3539/3577/1141 3538/3576/1141
f 3529/3567/1142 3528/3566/1142 3537/3575/1142 3539/3577/1142
f 3537/3575/1143 3536/3574/1143 3533/3571/1143 3532/3570/1143
f 3536/3574/1144 3538/3576/1144 3534/3572/1144 3533/3571/1144
f 3538/3576/1145 3539/3577/1145 3535/3573/1145 3534/3572/1145
f 3539/3577/1146 3537/3575/1146 3532/3570/1146 3535/3573/1146
f 3540/3578/1138 3541/3579/1138 3542/3580/1138 3543/3581/1138
f 3544/3582/1137 3545/3583/1137 3546/3584/1137 3547/3585/1137
f 3540/3578/1139 3548/3586/1139 3549/3587/1139 3541/3579/1139
f 3541/3579/1140 3549/3587/1140 3550/3588/1140 3542/3580/1140
f 3542/3580/1141 3550/3588/1141 3551/3589/1141 3543/3581/1141
f 3543/3581/1142 3551/3589/1142 3548/3586/1142 3540/3578/1142
f 3548/3586/1147 3544/3582/1147 3547/3585/1147 3549/3587/1147
f 3549/3587/1148 3547/3585/1148 3546/3584/1148 3550/3588/1148
f 3550/3588/1149 3546/3584/1149 3545/3583/1149 3551/3589/1149
f 3551/3589/1150 3545/3583/1150 3544/3582/1150 3548/3586/1150
f 3552/3590/1137 3553/3591/1137 3554/3592/1137 3555/3593/1137
f 3556/3594/1138 3557/3595/1138 3558/3596/1138 3559/3597/1138
f 3552/3590/1139 3555/3593/1139 3560/3598/1139 3561/3599/1139
f 3555/3593/1140 3554/3592/1140 3562/3600/1140 3560/3598/1140
f 3554/3592/1141 3553/3591/1141 3563/3601/1141 3562/3600/1141
f 3553/3591/1142 3552/3590/1142 3561/3599/1142 3563/3601/1142
f 3561/3599/1143 3560/3598/1143 3557/3595/1143 3556/3594/1143
f 3560/3598/1144 3562/3600/1144 3558/3596/1144 3557/3595/1144
f 3562/3600/1145 3563/3601/1145 3559/3597/1145 3558/3596/1145
f 3563/3601/1151 3561/3599/1151 3556/3594/1151 3559/3597/1151
f 3564/3602/1138 3565/3603/1138 3566/3604/1138 3567/3605/1138
f 3568/3606/1137 3569/3607/1137 3570/3608/1137 3571/3609/1137
f 3564/3602/1139 3572/3610/1139 3573/3611/1139 3565/3603/1139
f 3565/3603/1140 3573/3611/1140 3574/3612/1140 3566/3604/1140
f 3566/3604/1141 3574/3612/1141 3575/3613/1141 3567/3605/1141
f 3567/3605/1142 3575/3613/1142 3572/3610/1142 3564/3602/1142
f 3572/3610/1147 3568/3606/1147 3571/3609/1147 3573/3611/1147
f 3573/3611/1148 3571/3609/1148 3570/3608/1148 3574/3612/1148
f 3574/3612/1149 3570/3608/1149 3569/3607/1149 3575/3613/1149
f 3575/3613/1150 3569/3607/1150 3568/3606/1150 3572/3610/1150
f 3576/3614/1137 3577/3615/1137 3578/3616/1137 3579/3617/1137
f 3580/3618/1138 3581/3619/1138 3582/3620/1138 3583/3621/1138
f 3576/3614/1139 3579/3617/1139 3584/3622/1139 3585/3623/1139
f 3579/3617/1140 3578/3616/1140 3586/3624/1140 3584/3622/1140
f 3578/3616/1141 3577/3615/1141 3587/3625/1141 3586/3624/1141
f 3577/3615/1142 3576/3614/1142 3585/3623/1142 3587/3625/1142
f 3585/3623/1143 3584/3622/1143 3581/3619/1143 3580/3618/1143
f 3584/3622/1144 3586/3624/1144 3582/3620/1144 3581/3619/1144
f 3586/3624/1145 3587/3625/1145 3583/3621/1145 3582/3620/1145
f 3587/3625/1151 3585/3623/1151 3580/3618/1151 3583/3621/1151
f 3588/3626/1138 3589/3627/1138 3590/3628/1138 3591/3629/1138
f 3592/3630/1137 3593/3631/1137 3594/3632/1137 3595/3633/1137
f 3588/3626/1139 3596/3634/1139 3597/3635/1139 3589/3627/1139
f 3589/3627/1140 3597/3635/1140 3598/3636/1140 3590/3628/1140
f 3590/3628/1141 3598/3636/1141 3599/3637/1141 3591/3629/1141
f 3591/3629/1142 3599/3637/1142 3596/3634/1142 3588/3626/1142
f 3596/3634/1147 3592/3630/1147 3595/3633/1147 3597/3635/1147
f 3597/3635/1153 3595/3633/1153 3594/3632/1153 3598/3636/1153
f 3598/3636/1149 3594/3632/1149 3593/3631/1149 3599/3637/1149
f 3599/3637/1154 3593/3631/1154 3592/3630/1154 3596/3634/1154
f 3600/3638/1137 3601/3639/1137 3602/3640/1137 3603/3641/1137
f 3604/3642/1138 3605/3643/1138 3606/3644/1138 3607/3645/1138
f 3600/3638/1139 3603/3641/1139 3608/3646/1139 3609/3647/1139
f 3603/3641/1140 3602/3640/1140 3610/3648/1140 3608/3646/1140
f 3602/3640/1141 3601/3639/1141 3611/3649/1141 3610/3648/1141
f 3601/3639/1142 3600/3638/1142 3609/3647/1142 3611/3649/1142
f 3609/3647/1143 3608/3646/1143 3605/3643/1143 3604/3642/1143
f 3608/3646/1144 3610/3648/1144 3606/3644/1144 3605/3643/1144
f 3610/3648/1145 3611/3649/1145 3607/3645/1145 3606/3644/1145
f 3611/3649/1146 3609/3647/1146 3604/3642/1146 3607/3645/1146
f 3612/3650/1138 3613/3651/1138 3614/3652/1138 3615/3653/1138
f 3616/3654/1137 3617/3655/1137 3618/3656/1137 3619/3657/1137
f 3612/3650/1139 3620/3658/1139 3621/3659/1139 3613/3651/1139
f 3613/3651/1140 3621/3659/1140 3622/3660/1140 3614/3652/1140
f 3614/3652/1141 3622/3660/1141 3623/3661/1141 3615/3653/1141
f 3615/3653/1142 3623/3661/1142 3620/3658/1142 3612/3650/1142
f 3620/3658/1147 3616/3654/1147 3619/3657/1147 3621/3659/1147
f 3621/3659/1153 3619/3657/1153 3618/3656/1153 3622/3660/1153
f 3622/3660/1149 3618/3656/1149 3617/3655/1149 3623/3661/1149
f 3623/3661/1150 3617/3655/1150 3616/3654/1150 3620/3658/1150
f 3624/3662/1137 3625/3663/1137 3626/3664/1137 3627/3665/1137
f 3628/3666/1138 3629/3667/1138 3630/3668/1138 3631/3669/1138
f 3624/3662/1139 3627/3665/1139 3632/3670/1139 3633/3671/1139
f 3627/3665/1140 3626/3664/1140 3634/3672/1140 3632/3670/1140
f 3626/3664/1141 3625/3663/1141 3635/3673/1141 3634/3672/1141
f 3625/3663/1142 3624/3662/1142 3633/3671/1142 3635/3673/1142
f 3633/3671/1143 3632/3670/1143 3629/3667/1143 3628/3666/1143
f 3632/3670/1152 3634/3672/1152 3630/3668/1152 3629/3667/1152
f 3634/3672/1145 3635/3673/1145 3631/3669/1145 3630/3668/1145
f 3635/3673/1146 3633/3671/1146 3628/3666/1146 3631/3669/1146
f 3636/3674/1138 3637/3675/1138 3638/3676/1138 3639/3677/1138
f 3640/3678/1137 3641/3679/1137 3642/3680/1137 3643/3681/1137
f 3636/3674/1139 3644/3682/1139 3645/3683/1139 3637/3675/1139
f 3637/3675/1140 3645/3683/1140 3646/3684/1140 3638/3676/1140
f 3638/3676/1141 3646/3684/1141 3647/3685/1141 3639/3677/1141
f 3639/3677/1142 3647/3685/1142 3644/3682/1142 3636/3674/1142
f 3644/3682/1147 3640/3678/1147 3643/3681/1147 3645/3683/1147
f 3645/3683/1148 3643/3681/1148 3642/3680/1148 3646/3684/1148
f 3646/3684/1149 3642/3680/1149 3641/3679/1149 3647/3685/1149
f 3647/3685/1150 3641/3679/1150 3640/3678/1150 3644/3682/1150
f 3648/3686/1137 3649/3687/1137 3650/3688/1137 3651/3689/1137
f 3652/3690/1138 3653/3691/1138 3654/3692/1138 3655/3693/1138
f 3648/3686/1139 3651/3689/1139 3656/3694/1139 3657/3695/1139
f 3651/3689/1140 3650/3688/1140 3658/3696/1140 3656/3694/1140
f 3650/3688/1141 3649/3687/1141 3659/3697/1141 3658/3696/1141
f 3649/3687/1142 3648/3686/1142 3657/3695/1142 3659/3697/1142
f 3657/3695/1143 3656/3694/1143 3653/3691/1143 3652/3690/1143
f 3656/3694/1152 3658/3696/1152 3654/3692/1152 3653/3691/1152
f 3658/3696/1145 3659/3697/1145 3655/3693/1145 3654/3692/1145
f 3659/3697/1146 3657/3695/1146 3652/3690/1146 3655/3693/1146
f 3660/3698/1138 3661/3699/1138 3662/3700/1138 3663/3701/1138
f 3664/3702/1137 3665/3703/1137 3666/3704/1137 3667/3705/1137
f 3660/3698/1139 3668/3706/1139 3669/3707/1139 3661/3699/1139
f 3661/3699/1140 3669/3707/1140 3670/3708/1140 3662/3700/1140
f 3662/3700/1141 3670/3708/1141 3671/3709/1141 3663/3701/1141
f 3663/3701/1142 3671/3709/1142 3668/3706/1142 3660/3698/1142
f 3668/3706/1147 3664/3702/1147 3667/3705/1147 3669/3707/1147
f 3669/3707/1148 3667/3705/1148 3666/3704/1148 3670/3708/1148
f 3670/3708/1149 3666/3704/1149 3665/3703/1149 3671/3709/1149
f 3671/3709/1150 3665/3703/1150 3664/3702/1150 3668/3706/1150
f 3672/3710/1137 3673/3711/1137 3674/3712/1137 3675/3713/1137
f 3676/3714/1138 3677/3715/1138 3678/3716/1138 3679/3717/1138
f 3672/3710/1139 3675/3713/1139 3680/3718/1139 3681/3719/1139
f 3675/3713/1140 3674/3712/1140 3682/3720/1140 3680/3718/1140
f 3674/3712/1141 3673/3711/1141 3683/3721/1141 3682/3720/1141
f 3673/3711/1142 3672/3710/1142 3681/3719/1142 3683/3721/1142
f 3681/3719/1143 3680/3718/1143 3677/3715/1143 3676/3714/1143
f 3680/3718/1152 3682/3720/1152 3678/3716/1152 3677/3715/1152
f 3682/3720/1145 3683/3721/1145 3679/3717/1145 3678/3716/1145
f 3683/3721/1146 3681/3719/1146 3676/3714/1146 3679/3717/1146
f 3684/3722/1138 3685/3723/1138 3686/3724/1138 3687/3725/1138
f 3688/3726/1137 3689/3727/1137 3690/3728/1137 3691/3729/1137
f 3684/3722/1139 3692/3730/1139 3693/3731/1139 3685/3723/1139
f 3685/3723/1140 3693/3731/1140 3694/3732/1140 3686/3724/1140
f 3686/3724/1141 3694/3732/1141 3695/3733/1141 3687/3725/1141
f 3687/3725/1142 3695/3733/1142 3692/3730/1142 3684/3722/1142
f 3692/3730/1147 3688/3726/1147 3691/3729/1147 3693/3731/1147
f 3693/3731/1148 3691/3729/1148 3690/3728/1148 3694/3732/1148
f 3694/3732/1149 3690/3728/1149 3689/3727/1149 3695/3733/1149
f 3695/3733/1150 3689/3727/1150 3688/3726/1150 3692/3730/1150
f 3696/3734/1137 3697/3735/1137 3698/3736/1137 3699/3737/1137
f 3700/3738/1138 3701/3739/1138 3702/3740/1138 3703/3741/1138
f 3696/3734/1139 3699/3737/1139 3704/3742/1139 3705/3743/1139
f 3699/3737/1140 3698/3736/1140 3706/3744/1140 3704/3742/1140
f 3698/3736/1141 3697/3735/1141 3707/3745/1141 3706/3744/1141
f 3697/3735/1142 3696/3734/1142 3705/3743/1142 3707/3745/1142
f 3705/3743/1143 3704/3742/1143 3701/3739/1143 3700/3738/1143
f 3704/3742/1144 3706/3744/1144 3702/3740/1144 3701/3739/1144
f 3706/3744/1145 3707/3745/1145 3703/3741/1145 3702/3740/1145
f 3707/3745/1146 3705/3743/1146 3700/3738/1146 3703/3741/1146
f 3708/3746/1138 3709/3747/1138 3710/3748/1138 3711/3749/1138
f 3712/3750/1137 3713/3751/1137 3714/3752/1137 3715/3753/1137
f 3708/3746/1139 3716/3754/1139 3717/3755/1139 3709/3747/1139
f 3709/3747/1140 3717/3755/1140 3718/3756/1140 3710/3748/1140
f 3710/3748/1141 3718/3756/1141 3719/3757/1141 3711/3749/1141
f 3711/3749/1142 3719/3757/1142 3716/3754/1142 3708/3746/1142
f 3716/3754/1147 3712/3750/1147 3715/3753/1147 3717/3755/1147
f 3717/3755/1148 3715/3753/1148 3714/3752/1148 3718/3756/1148
f 3718/3756/1149 3714/3752/1149 3713/3751/1149 3719/3757/1149
f 3719/3757/1150 3713/3751/1150 3712/3750/1150 3716/3754/1150
f 3720/3758/1138 3721/3759/1138 3722/3760/1138 3723/3761/1138
f 3724/3762/1137 3725/3763/1137 3726/3764/1137 3727/3765/1137
f 3720/3758/1139 3728/3766/1139 3729/3767/1139 3721/3759/1139
f 3721/3759/1140 3729/3767/1140 3730/3768/1140 3722/3760/1140
f 3722/3760/1141 3730/3768/1141 3731/3769/1141 3723/3761/1141
f 3723/3761/1142 3731/3769/1142 3728/3766/1142 3720/3758/1142
f 3728/3766/1147 3724/3762/1147 3727/3765/1147 3729/3767/1147
f 3729/3767/1148 3727/3765/1148 3726/3764/1148 3730/3768/1148
f 3730/3768/1149 3726/3764/1149 3725/3763/1149 3731/3769/1149
f 3731/3769/1150 3725/3763/1150 3724/3762/1150 3728/3766/1150
f 3732/3770/1137 3733/3771/1137 3734/3772/1137 3735/3773/1137
f 3736/3774/1138 3737/3775/1138 3738/3776/1138 3739/3777/1138
f 3732/3770/1139 3735/3773/1139 3740/3778/1139 3741/3779/1139
f 3735/3773/1140 3734/3772/1140 3742/3780/1140 3740/3778/1140
f 3734/3772/1141 3733/3771/1141 3743/3781/1141 3742/3780/1141
f 3733/3771/1142 3732/3770/1142 3741/3779/1142 3743/3781/1142
f 3741/3779/1143 3740/3778/1143 3737/3775/1143 3736/3774/1143
f 3740/3778/1144 3742/3780/1144 3738/3776/1144 3737/3775/1144
f 3742/3780/1145 3743/3781/1145 3739/3777/1145 3738/3776/1145
f 3743/3781/1146 3741/3779/1146 3736/3774/1146 3739/3777/1146
f 3744/3782/1138 3745/3783/1138 3746/3784/1138 3747/3785/1138
f 3748/3786/1137 3749/3787/1137 3750/3788/1137 3751/3789/1137
f 3744/3782/1139 3752/3790/1139 3753/3791/1139 3745/3783/1139
f 3745/3783/1140 3753/3791/1140 3754/3792/1140 3746/3784/1140
f 3746/3784/1141 3754/3792/1141 3755/3793/1141 3747/3785/1141
f 3747/3785/1142 3755/3793/1142 3752/3790/1142 3744/3782/1142
f 3752/3790/1147 3748/3786/1147 3751/3789/1147 3753/3791/1147
f 3753/3791/1148 3751/3789/1148 3750/3788/1148 3754/3792/1148
f 3754/3792/1149 3750/3788/1149 3749/3787/1149 3755/3793/1149
f 3755/3793/1150 3749/3787/1150 3748/3786/1150 3752/3790/1150
f 3756/3794/1137 3757/3795/1137 3758/3796/1137 3759/3797/1137
f 3760/3798/1138 3761/3799/1138 3762/3800/1138 3763/3801/1138
f 3756/3794/1139 3759/3797/1139 3764/3802/1139 3765/3803/1139
f 3759/3797/1140 3758/3796/1140 3766/3804/1140 3764/3802/1140
f 3758/3796/1141 3757/3795/1141 3767/3805/1141 3766/3804/1141
f 3757/3795/1142 3756/3794/1142 3765/3803/1142 3767/3805/1142
f 3765/3803/1143 3764/3802/1143 3761/3799/1143 3760/3798/1143
f 3764/3802/1144 3766/3804/1144 3762/3800/1144 3761/3799/1144
f 3766/3804/1145 3767/3805/1145 3763/3801/1145 3762/3800/1145
f 3767/3805/1146 3765/3803/1146 3760/3798/1146 3763/3801/1146
f 3768/3806/1138 3769/3807/1138 3770/3808/1138 3771/3809/1138
f 3772/3810/1137 3773/3811/1137 3774/3812/1137 3775/3813/1137
f 3768/3806/1139 3776/3814/1139 3777/3815/1139 3769/3807/1139
f 3769/3807/1140 3777/3815/1140 3778/3816/1140 3770/3808/1140
f 3770/3808/1141 3778/3816/1141 3779/3817/1141 3771/3809/1141
f 3771/3809/1142 3779/3817/1142 3776/3814/1142 3768/3806/1142
f 3776/3814/1147 3772/3810/1147 3775/3813/1147 3777/3815/1147
f 3777/3815/1148 3775/3813/1148 3774/3812/1148 3778/3816/1148
f 3778/3816/1149 3774/3812/1149 3773/3811/1149 3779/3817/1149
f 3779/3817/1150 3773/3811/1150 3772/3810/1150 3776/3814/1150
f 3780/3818/1137 3781/3819/1137 3782/3820/1137 3783/3821/1137
f 3784/3822/1138 3785/3823/1138 3786/3824/1138 3787/3825/1138
f 3780/3818/1139 3783/3821/1139 3788/3826/1139 3789/3827/1139
f 3783/3821/1140 3782/3820/1140 3790/3828/1140 3788/3826/1140
f 3782/3820/1141 3781/3819/1141 3791/3829/1141 3790/3828/1141
f 3781/3819/1142 3780/3818/1142 3789/3827/1142 3791/3829/1142
f 3789/3827/1143 3788/3826/1143 3785/3823/1143 3784/3822/1143
f 3788/3826/1152 3790/3828/1152 3786/3824/1152 3785/3823/1152
f 3790/3828/1145 3791/3829/1145 3787/3825/1145 3786/3824/1145
f 3791/3829/1146 3789/3827/1146 3784/3822/1146 3787/3825/1146
f 3792/3830/1138 3793/3831/1138 3794/3832/1138 3795/3833/1138
f 3796/3834/1137 3797/3835/1137 3798/3836/1137 3799/3837/1137
f 3792/3830/1139 3800/3838/1139 3801/3839/1139 3793/3831/1139
f 3793/3831/1140 3801/3839/1140 3802/3840/1140 3794/3832/1140
f 3794/3832/1141 3802/3840/1141 3803/3841/1141 3795/3833/1141
f 3795/3833/1142 3803/3841/1142 3800/3838/1142 3792/3830/1142
f 3800/3838/1147 3796/3834/1147 3799/3837/1147 3801/3839/1147
f 3801/3839/1148 3799/3837/1148 3798/3836/1148 3802/3840/1148
f 3802/3840/1149 3798/3836/1149 3797/3835/1149 3803/3841/1149
f 3803/3841/1150 3797/3835/1150 3796/3834/1150 3800/3838/1150
f 3804/3842/1137 3805/3843/1137 3806/3844/1137 3807/3845/1137
f 3808/3846/1138 3809/3847/1138 3810/3848/1138 3811/3849/1138
f 3804/3842/1139 3807/3845/1139 3812/3850/1139 3813/3851/1139
f 3807/3845/1140 3806/3844/1140 3814/3852/1140 3812/3850/1140
f 3806/3844/1141 3805/3843/1141 3815/3853/1141 3814/3852/1141
f 3805/3843/1142 3804/3842/1142 3813/3851/1142 3815/3853/1142
f 3813/3851/1143 3812/3850/1143 3809/3847/1143 3808/3846/1143
f 3812/3850/1152 3814/3852/1152 3810/3848/1152 3809/3847/1152
f 3814/3852/1145 3815/3853/1145 3811/3849/1145 3810/3848/1145
f 3815/3853/1146 3813/3851/1146 3808/3846/1146 3811/3849/1146
f 3816/3854/1138 3817/3855/1138 3818/3856/1138 3819/3857/1138
f 3820/3858/1137 3821/3859/1137 3822/3860/1137 3823/3861/1137
f 3816/3854/1139 3824/3862/1139 3825/3863/1139 3817/3855/1139
f 3817/3855/1140 3825/3863/1140 3826/3864/1140 3818/3856/1140
f 3818/3856/1141 3826/3864/1141 3827/3865/1141 3819/3857/1141
f 3819/3857/1142 3827/3865/1142 3824/3862/1142 3816/3854/1142
f 3824/3862/1147 3820/3858/1147 3823/3861/1147 3825/3863/1147
f 3825/3863/1148 3823/3861/1148 3822/3860/1148 3826/3864/1148
f 3826/3864/1149 3822/3860/1149 3821/3859/1149 3827/3865/1149
f 3827/3865/1150 3821/3859/1150 3820/3858/1150 3824/3862/1150
f 3828/3866/1137 3829/3867/1137 3830/3868/1137 3831/3869/1137
f 3832/3870/1138 3833/3871/1138 3834/3872/1138 3835/3873/1138
f 3828/3866/1139 3831/3869/1139 3836/3874/1139 3837/3875/1139
f 3831/3869/1140 3830/3868/1140 3838/3876/1140 3836/3874/1140
f 3830/3868/1141 3829/3867/1141 3839/3877/1141 3838/3876/1141
f 3829/3867/1142 3828/3866/1142 3837/3875/1142 3839/3877/1142
f 3837/3875/1143 3836/3874/1143 3833/3871/1143 3832/3870/1143
f 3836/3874/1144 3838/3876/1144 3834/3872/1144 3833/3871/1144
f 3838/3876/1145 3839/3877/1145 3835/3873/1145 3834/3872/1145
f 3839/3877/1146 3837/3875/1146 3832/3870/1146 3835/3873/1146
f 3840/3878/1138 3841/3879/1138 3842/3880/1138 3843/3881/1138
f 3844/3882/1137 3845/3883/1137 3846/3884/1137 3847/3885/1137
f 3840/3878/1139 3848/3886/1139 3849/3887/1139 3841/3879/1139
f 3841/3879/1140 3849/3887/1140 3850/3888/1140 3842/3880/1140
f 3842/3880/1141 3850/3888/1141 3851/3889/1141 3843/3881/1141
f 3843/3881/1142 3851/3889/1142 3848/3886/1142 3840/3878/1142
f 3848/3886/1147 3844/3882/1147 3847/3885/1147 3849/3887/1147
f 3849/3887/1148 3847/3885/1148 3846/3884/1148 3850/3888/1148
f 3850/3888/1149 3846/3884/1149 3845/3883/1149 3851/3889/1149
f 3851/3889/1150 3845/3883/1150 3844/3882/1150 3848/3886/1150
f 3852/3890/1137 3853/3891/1137 3854/3892/1137 3855/3893/1137
f 3856/3894/1138 3857/3895/1138 3858/3896/1138 3859/3897/1138
f 3852/3890/1139 3855/3893/1139 3860/3898/1139 3861/3899/1139
f 3855/3893/1140 3854/3892/1140 3862/3900/1140 3860/3898/1140
f 3854/3892/1141 3853/3891/1141 3863/3901/1141 3862/3900/1141
f 3853/3891/1142 3852/3890/1142 3861/3899/1142 3863/3901/1142
f 3861/3899/1143 3860/3898/1143 3857/3895/1143 3856/3894/1143
f 3860/3898/1144 3862/3900/1144 3858/3896/1144 3857/3895/1144
f 3862/3900/1145 3863/3901/1145 3859/3897/1145 3858/3896/1145
f 3863/3901/1146 3861/3899/1146 3856/3894/1146 3859/3897/1146
f 3864/3902/1155 3865/3903/1155 3866/3904/1155 3867/3905/1155
f 3868/3906/1156 3869/3907/1156 3870/3908/1156 3871/3909/1156
f 3864/3902/1138 3867/3905/1138 3872/3910/1138 3873/3911/1138
f 3867/3905/1139 3866/3904/1139 3874/3912/1139 3872/3910/1139
f 3866/3904/1157 3865/3903/1157 3875/3913/1157 3874/3912/1157
f 3865/3903/1141 3864/3902/1141 3873/3911/1141 3875/3913/1141
f 3873/3911/1158 3872/3910/1158 3869/3907/1158 3868/3906/1158
f 3872/3910/1159 3874/3912/1159 3870/3908/1159 3869/3907/1159
f 3874/3912/1160 3875/3913/1160 3871/3909/1160 3870/3908/1160
f 3875/3913/1161 3873/3911/1161 3868/3906/1161 3871/3909/1161
f 3876/3914/1155 3877/3915/1155 3878/3916/1155 3879/3917/1155
f 3880/3918/1156 3881/3919/1156 3882/3920/1156 3883/3921/1156
f 3876/3914/1137 3884/3922/1137 3885/3923/1137 3877/3915/1137
f 3877/3915/1139 3885/3923/1139 3886/3924/1139 3878/3916/1139
f 3878/3916/1162 3886/3924/1162 3887/3925/1162 3879/3917/1162
f 3879/3917/1141 3887/3925/1141 3884/3922/1141 3876/3914/1141
f 3884/3922/1163 3880/3918/1163 3883/3921/1163 3885/3923/1163
f 3885/3923/1159 3883/3921/1159 3882/3920/1159 3886/3924/1159
f 3886/3924/1164 3882/3920/1164 3881/3919/1164 3887/3925/1164
f 3887/3925/1161 3881/3919/1161 3880/3918/1161 3884/3922/1161
f 3888/3926/1165 3889/3927/1166 3890/3928/1166
f 3889/3927/1166 3891/3929/1166 3892/3930/1165
f 3891/3929/1166 3893/3931/1166 3894/3932/1166
f 3889/3927/1166 3893/3931/1166 3891/3929/1166
f 3893/3931/1166 3895/3933/1166 3896/3934/1166
f 3895/3933/1166 3897/3935/1166 3898/3936/1167
f 3893/3931/1166 3897/3935/1166 3895/3933/1166
f 3897/3935/1166 3899/3937/1168 3900/3938/1169
f 3899/3937/1168 3901/3939/1166 3902/3940/1166
f 3897/3935/1166 3901/3939/1166 3899/3937/1168
f 3893/3931/1166 3901/3939/1166 3897/3935/1166
f 3901/3939/1166 3903/3941/1166 3904/3942/1168
f 3903/3941/1166 3905/3943/1166 3906/3944/1166
f 3901/3939/1166 3905/3943/1166 3903/3941/1166
f 3905/3943/1166 3907/3945/1166 3908/3946/1166
f 3907/3945/1166 3909/3947/1166 3910/3948/1169
f 3905/3943/1166 3909/3947/1166 3907/3945/1166
f 3901/3939/1166 3909/3947/1166 3905/3943/1166
f 3893/3931/1166 3909/3947/1166 3901/3939/1166
f 3889/3927/1166 3909/3947/1166 3893/3931/1166
f 3888/3926/1165 3909/3947/1166 3889/3927/1166
f 3911/3949/1166 3909/3947/1166 3888/3926/1165
f 3912/3950/1166 3913/3951/1166 3914/3952/1166
f 3913/3951/1166 3912/3950/1166 3915/3953/1166
f 3914/3952/1166 3916/3954/1166 3917/3955/1166
f 3916/3954/1166 3914/3952/1166 3913/3951/1166
f 3917/3955/1166 3918/3956/1166 3919/3957/1166
f 3918/3956/1166 3917/3955/1166 3916/3954/1166
f 3919/3957/1166 3920/3958/1166 3921/3959/1166
f 3920/3958/1166 3919/3957/1166 3918/3956/1166
f 3921/3959/1166 3922/3960/1166 3923/3961/1166
f 3922/3960/1166 3921/3959/1166 3920/3958/1166
f 3923/3961/1166 3924/3962/1166 3925/3963/1166
f 3924/3962/1166 3923/3961/1166 3922/3960/1166
f 3925/3963/1166 3926/3964/1166 3927/3965/1166
f 3926/3964/1166 3925/3963/1166 3924/3962/1166
f 3927/3965/1166 3928/3966/1166 3929/3967/1166
f 3928/3966/1166 3927/3965/1166 3926/3964/1166
f 3929/3967/1166 3930/3968/1166 3931/3969/1166
f 3930/3968/1166 3929/3967/1166 3928/3966/1166
f 3931/3969/1166 3932/3970/1166 3933/3971/1166
f 3932/3970/1166 3931/3969/1166 3930/3968/1166
f 3933/3971/1166 3934/3972/1166 3935/3973/1166
f 3934/3972/1166 3933/3971/1166 3932/3970/1166
f 3935/3973/1166 3936/3974/1166 3937/3975/1166
f 3936/3974/1166 3935/3973/1166 3934/3972/1166
f 3937/3975/1166 3938/3976/1166 3939/3977/1166
f 3938/3976/1166 3937/3975/1166 3936/3974/1166
f 3939/3977/1166 3940/3978/1165 3941/3979/1165
f 3940/3978/1165 3939/3977/1166 3938/3976/1166
f 3941/3979/1165 3942/3980/1166 3943/3981/1166
f 3942/3980/1166 3941/3979/1165 3940/3978/1165
f 3943/3981/1166 3944/3982/1166 3945/3983/1166
f 3944/3982/1166 3943/3981/1166 3942/3980/1166
f 3945/3983/1166 3946/3984/1166 3947/3985/1166
f 3946/3984/1166 3945/3983/1166 3944/3982/1166
f 3947/3985/1166 3948/3986/1166 3949/3987/1166
f 3948/3986/1166 3947/3985/1166 3946/3984/1166
f 3949/3987/1166 3950/3988/1166 3951/3989/1166
f 3950/3988/1166 3949/3987/1166 3948/3986/1166
f 3951/3989/1166 3952/3990/1166 3953/3991/1166
f 3952/3990/1166 3951/3989/1166 3950/3988/1166
f 3953/3991/1166 3954/3992/1166 3955/3993/1166
f 3954/3992/1166 3953/3991/1166 3952/3990/1166
f 3955/3993/1166 3956/3994/1166 3957/3995/1166
f 3956/3994/1166 3955/3993/1166 3954/3992/1166
f 3957/3995/1166 3958/3996/1166 3959/3997/1166
f 3958/3996/1166 3957/3995/1166 3956/3994/1166
f 3959/3997/1166 3915/3953/1166 3912/3950/1166
f 3915/3953/1166 3959/3997/1166 3958/3996/1166
f 3915/3953/1170 3960/3998/1170 3913/3951/1170
f 3960/3998/1170 3915/3953/1170 3961/3999/1170
f 3913/3951/1171 3962/4000/1171 3916/3954/1171
f 3962/4000/1171 3913/3951/1171 3960/3998/1171
f 3916/3954/1172 3963/4001/1172 3918/3956/1172
f 3963/4001/1172 3916/3954/1172 3962/4000/1172
f 3918/3956/1173 3964/4002/1173 3920/3958/1173
f 3964/4002/1173 3918/3956/1173 3963/4001/1173
f 3920/3958/1174 3965/4003/1174 3922/3960/1174
f 3965/4003/1174 3920/3958/1174 3964/4002/1174
f 3922/3960/1175 3966/4004/1175 3924/3962/1175
f 3966/4004/1175 3922/3960/1175 3965/4003/1175
f 3924/3962/1176 3967/4005/1176 3926/3964/1176
f 3967/4005/1176 3924/3962/1176 3966/4004/1176
f 3926/3964/1177 3968/4006/1177 3928/3966/1177
f 3968/4006/1177 3926/3964/1177 3967/4005/1177
f 3928/3966/1178 3969/4007/1179 3930/3968/1179
f 3969/4007/1179 3928/3966/1178 3968/4006/1178
f 3930/3968/1180 3970/4008/1180 3932/3970/1180
f 3970/4008/1180 3930/3968/1180 3969/4007/1180
f 3932/3970/1181 3971/4009/1181 3934/3972/1181
f 3971/4009/1181 3932/3970/1181 3970/4008/1181
f 3934/3972/1182 3972/4010/1182 3936/3974/1182
f 3972/4010/1182 3934/3972/1182 3971/4009/1182
f 3936/3974/1183 3973/4011/1183 3938/3976/1183
f 3973/4011/1183 3936/3974/1183 3972/4010/1183
f 3938/3976/1184 3974/4012/1184 3940/3978/1184
f 3974/4012/1184 3938/3976/1184 3973/4011/1184
f 3940/3978/1185 3975/4013/1185 3942/3980/1185
f 3975/4013/1185 3940/3978/1185 3974/4012/1185
f 3942/3980/1186 3976/4014/1187 3944/3982/1187
f 3976/4014/1187 3942/3980/1186 3975/4013/1186
f 3944/3982/1188 3977/4015/1188 3946/3984/1188
f 3977/4015/1188 3944/3982/1188 3976/4014/1188
f 3946/3984/1189 3978/4016/1189 3948/3986/1190
f 3978/4016/1189 3946/3984/1189 3977/4015/1189
f 3948/3986/1191 3979/4017/1191 3950/3988/1191
f 3979/4017/1191 3948/3986/1191 3978/4016/1191
f 3950/3988/1192 3980/4018/1192 3952/3990/1192
f 3980/4018/1192 3950/3988/1192 3979/4017/1192
f 3952/3990/1193 3981/4019/1193 3954/3992/1193
f 3981/4019/1193 3952/3990/1193 3980/4018/1194
f 3954/3992/1195 3982/4020/1195 3956/3994/1195
f 3982/4020/1195 3954/3992/1195 3981/4019/1195
f 3956/3994/1196 3983/4021/1196 3958/3996/1196
f 3983/4021/1196 3956/3994/1196 3982/4020/1196
f 3958/3996/1197 3961/3999/1197 3915/3953/1197
f 3961/3999/1197 3958/3996/1197 3983/4021/1197
f 3967/4005/1166 3984/4022/1166 3968/4006/1166
f 3967/4005/1166 3985/4023/1166 3984/4022/1166
f 3966/4004/1166 3985/4023/1166 3967/4005/1166
f 3966/4004/1166 3986/4024/1166 3985/4023/1166
f 3965/4003/1166 3986/4024/1166 3966/4004/1166
f 3965/4003/1166 3987/4025/1166 3986/4024/1166
f 3964/4002/1166 3987/4025/1166 3965/4003/1166
f 3964/4002/1166 3988/4026/1166 3987/4025/1166
f 3963/4001/1166 3988/4026/1166 3964/4002/1166
f 3963/4001/1166 3989/4027/1166 3988/4026/1166
f 3962/4000/1166 3989/4027/1166 3963/4001/1166
f 3962/4000/1166 3990/4028/1166 3989/4027/1166
f 3960/3998/1166 3990/4028/1166 3962/4000/1166
f 3960/3998/1166 3991/4029/1166 3990/4028/1166
f 3961/3999/1166 3991/4029/1166 3960/3998/1166
f 3961/3999/1166 3992/4030/1166 3991/4029/1166
f 3983/4021/1166 3992/4030/1166 3961/3999/1166
f 3983/4021/1166 3993/4031/1166 3992/4030/1166
f 3982/4020/1166 3993/4031/1166 3983/4021/1166
f 3982/4020/1166 3994/4032/1166 3993/4031/1166
f 3981/4019/1166 3994/4032/1166 3982/4020/1166
f 3981/4019/1166 3995/4033/1166 3994/4032/1166
f 3980/4018/1166 3995/4033/1166 3981/4019/1166
f 3980/4018/1166 3996/4034/1166 3995/4033/1166
f 3979/4017/1166 3996/4034/1166 3980/4018/1166
f 3979/4017/1166 3997/4035/1166 3996/4034/1166
f 3978/4016/1166 3997/4035/1166 3979/4017/1166
f 3978/4016/1166 3998/4036/1166 3997/4035/1166
f 3977/4015/1166 3998/4036/1166 3978/4016/1166
f 3977/4015/1166 3999/4037/1166 3998/4036/1166
f 3976/4014/1166 3999/4037/1166 3977/4015/1166
f 3976/4014/1166 4000/4038/1166 3999/4037/1166
f 3975/4013/1166 4000/4038/1166 3976/4014/1166
f 3975/4013/1166 4001/4039/1166 4000/4038/1166
f 3974/4012/1166 4001/4039/1166 3975/4013/1166
f 3974/4012/1166 4002/4040/1166 4001/4039/1166
f 3973/4011/1166 4002/4040/1166 3974/4012/1166
f 3973/4011/1166 4003/4041/1166 4002/4040/1166
f 3972/4010/1166 4003/4041/1166 3973/4011/1166
f 3972/4010/1166 4004/4042/1166 4003/4041/1166
f 3971/4009/1166 4004/4042/1166 3972/4010/1166
f 3971/4009/1166 4005/4043/1166 4004/4042/1166
f 3970/4008/1166 4005/4043/1166 3971/4009/1166
f 3970/4008/1166 4006/4044/1166 4005/4043/1166
f 3969/4007/1166 4006/4044/1166 3970/4008/1166
f 3969/4007/1166 4007/4045/1166 4006/4044/1166
f 3968/4006/1166 4007/4045/1166 3969/4007/1166
f 3968/4006/1166 3984/4022/1166 4007/4045/1166
f 3992/4030/1183 4008/4046/1183 3991/4029/1183
f 4008/4046/1183 3992/4030/1183 4009/4047/1198
f 3991/4029/1199 4010/4048/1184 3990/4028/1200
f 4010/4048/1184 3991/4029/1199 4008/4046/1199
f 3990/4028/1185 4011/4049/1185 3989/4027/1185
f 4011/4049/1185 3990/4028/1185 4010/4048/1185
f 3989/4027/1187 4012/4050/1187 3988/4026/1186
f 4012/4050/1187 3989/4027/1187 4011/4049/1187
f 3988/4026/1188 4013/4051/1188 3987/4025/1188
f 4013/4051/1188 3988/4026/1188 4012/4050/1188
f 3987/4025/1189 4014/4052/1189 3986/4024/1189
f 4014/4052/1189 3987/4025/1189 4013/4051/1189
f 3986/4024/1191 4015/4053/1191 3985/4023/1191
f 4015/4053/1191 3986/4024/1191 4014/4052/1191
f 3985/4023/1192 4016/4054/1192 3984/4022/1192
f 4016/4054/1192 3985/4023/1192 4015/4053/1192
f 3984/4022/1193 4017/4055/1193 4007/4045/1193
f 4017/4055/1193 3984/4022/1193 4016/4054/1194
f 4007/4045/1195 4018/4056/1195 4006/4044/1195
f 4018/4056/1195 4007/4045/1195 4017/4055/1195
f 4006/4044/1196 4019/4057/1196 4005/4043/1196
f 4019/4057/1196 4006/4044/1196 4018/4056/1196
f 4005/4043/1201 4020/4058/1201 4004/4042/1201
f 4020/4058/1201 4005/4043/1201 4019/4057/1201
f 4004/4042/1170 4021/4059/1170 4003/4041/1170
f 4021/4059/1170 4004/4042/1170 4020/4058/1202
f 4003/4041/1171 4022/4060/1171 4002/4040/1171
f 4022/4060/1171 4003/4041/1171 4021/4059/1203
f 4002/4040/1172 4023/4061/1172 4001/4039/1172
f 4023/4061/1172 4002/4040/1172 4022/4060/1172
f 4001/4039/1204 4024/4062/1204 4000/4038/1204
f 4024/4062/1204 4001/4039/1204 4023/4061/1173
f 4000/4038/1174 4025/4063/1174 3999/4037/1174
f 4025/4063/1174 4000/4038/1174 4024/4062/1205
f 3999/4037/1175 4026/4064/1175 3998/4036/1175
f 4026/4064/1175 3999/4037/1175 4025/4063/1175
f 3998/4036/1176 4027/4065/1176 3997/4035/1176
f 4027/4065/1176 3998/4036/1176 4026/4064/1176
f 3997/4035/1177 4028/4066/1177 3996/4034/1177
f 4028/4066/1177 3997/4035/1177 4027/4065/1177
f 3996/4034/1179 4029/4067/1179 3995/4033/1178
f 4029/4067/1179 3996/4034/1179 4028/4066/1179
f 3995/4033/1206 4030/4068/1206 3994/4032/1207
f 4030/4068/1206 3995/4033/1206 4029/4067/1180
f 3994/4032/1181 4031/4069/1181 3993/4031/1181
f 4031/4069/1181 3994/4032/1181 4030/4068/1181
f 3993/4031/1182 4009/4047/1182 3992/4030/1182
f 4009/4047/1182 3993/4031/1182 4031/4069/1182
f 4009/4047/1208 3888/3926/1208 4008/4046/1209
f 3888/3926/1208 4009/4047/1208 3911/3949/1210
f 4008/4046/1211 3890/3928/1212 4010/4048/1212
f 3890/3928/1212 4008/4046/1211 3888/3926/1213
f 4010/4048/1214 3889/3927/1214 4011/4049/1215
f 3889/3927/1214 4010/4048/1214 3890/3928/1214
f 4011/4049/1216 3892/3930/1217 4012/4050/1217
f 3892/3930/1217 4011/4049/1216 3889/3927/1216
f 4012/4050/1218 3891/3929/1218 4013/4051/1218
f 3891/3929/1218 4012/4050/1218 3892/3930/1218
f 4013/4051/1219 3894/3932/1219 4014/4052/1219
f 3894/3932/1219 4013/4051/1219 3891/3929/1219
f 4014/4052/1220 3893/3931/1220 4015/4053/1220
f 3893/3931/1220 4014/4052/1220 3894/3932/1220
f 4015/4053/1221 3896/3934/1222 4016/4054/1222
f 3896/3934/1222 4015/4053/1221 3893/3931/1223
f 4016/4054/1224 3895/3933/1224 4017/4055/1225
f 3895/3933/1224 4016/4054/1224 3896/3934/1224
f 4017/4055/1226 3898/3936/1226 4018/4056/1226
f 3898/3936/1226 4017/4055/1226 3895/3933/1227
f 4018/4056/1228 3897/3935/1228 4019/4057/1228
f 3897/3935/1228 4018/4056/1228 3898/3936/1229
f 4019/4057/1230 3900/3938/1230 4020/4058/1230
f 3900/3938/1230 4019/4057/1230 3897/3935/1230
f 4020/4058/1231 3899/3937/1231 4021/4059/1232
f 3899/3937/1231 4020/4058/1231 3900/3938/1231
f 4021/4059/1233 3902/3940/1233 4022/4060/1234
f 3902/3940/1233 4021/4059/1233 3899/3937/1233
f 4022/4060/1235 3901/3939/1235 4023/4061/1235
f 3901/3939/1235 4022/4060/1235 3902/3940/1235
f 4023/4061/1236 3904/3942/1237 4024/4062/1237
f 3904/3942/1237 4023/4061/1236 3901/3939/1236
f 4024/4062/1238 3903/3941/1238 4025/4063/1239
f 3903/3941/1238 4024/4062/1238 3904/3942/1238
f 4025/4063/1240 3906/3944/1240 4026/4064/1240
f 3906/3944/1240 4025/4063/1240 3903/3941/1240
f 4026/4064/1241 3905/3943/1241 4027/4065/1241
f 3905/3943/1241 4026/4064/1241 3906/3944/1241
f 4027/4065/1242 3908/3946/1242 4028/4066/1242
f 3908/3946/1242 4027/4065/1242 3905/3943/1243
f 4028/4066/1244 3907/3945/1244 4029/4067/1244
f 3907/3945/1244 4028/4066/1244 3908/3946/1244
f 4029/4067/1245 3910/3948/1246 4030/4068/1246
f 3910/3948/1246 4029/4067/1245 3907/3945/1247
f 4030/4068/1248 3909/3947/1248 4031/4069/1248
f 3909/3947/1248 4030/4068/1248 3910/3948/1248
f 4031/4069/1249 3911/3949/1249 4009/4047/1249
f 3911/3949/1249 4031/4069/1249 3909/3947/1250
f 4032/4070/1251 4033/4071/1251 4034/4072/1252
f 4033/4071/1251 4035/4073/1251 4036/4074/1253
f 4032/4070/1251 4035/4073/1251 4033/4071/1251
f 4035/4073/1251 4037/4075/1251 4038/4076/1254
f 4037/4075/1251 4039/4077/1251 4040/4078/1252
f 4035/4073/1251 4039/4077/1251 4037/4075/1251
f 4032/4070/1251 4039/4077/1251 4035/4073/1251
f 4039/4077/1251 4041/4079/1251 4042/4080/1255
f 4041/4079/1251 4043/4081/1251 4044/4082/1255
f 4039/4077/1251 4043/4081/1251 4041/4079/1251
f 4043/4081/1251 4045/4083/1251 4046/4084/1251
f 4045/4083/1251 4047/4085/1251 4048/4086/1254
f 4043/4081/1251 4047/4085/1251 4045/4083/1251
f 4039/4077/1251 4047/4085/1251 4043/4081/1251
f 4032/4070/1251 4047/4085/1251 4039/4077/1251
f 4047/4085/1251 4049/4087/1251 4050/4088/1254
f 4049/4087/1251 4051/4089/1251 4052/4090/1251
f 4047/4085/1251 4051/4089/1251 4049/4087/1251
f 4032/4070/1251 4051/4089/1251 4047/4085/1251
f 4051/4089/1251 4053/4091/1251 4054/4092/1251
f 4032/4070/1251 4053/4091/1251 4051/4089/1251
f 4055/4093/1251 4053/4091/1251 4032/4070/1251
f 4056/4094/1251 4057/4095/1251 4058/4096/1251
f 4057/4095/1251 4056/4094/1251 4059/4097/1251
f 4059/4097/1251 4060/4098/1251 4057/4095/1251
f 4060/4098/1251 4059/4097/1251 4061/4099/1251
f 4061/4099/1251 4062/4100/1251 4060/4098/1251
f 4062/4100/1251 4061/4099/1251 4063/4101/1251
f 4063/4101/1251 4064/4102/1251 4062/4100/1251
f 4064/4102/1251 4063/4101/1251 4065/4103/1251
f 4065/4103/1251 4066/4104/1251 4064/4102/1251
f 4066/4104/1251 4065/4103/1251 4067/4105/1251
f 4067/4105/1251 4068/4106/1251 4066/4104/1251
f 4068/4106/1251 4067/4105/1251 4069/4107/1251
f 4069/4107/1251 4070/4108/1251 4068/4106/1251
f 4070/4108/1251 4069/4107/1251 4071/4109/1251
f 4071/4109/1251 4072/4110/1251 4070/4108/1251
f 4072/4110/1251 4071/4109/1251 4073/4111/1251
f 4073/4111/1251 4074/4112/1251 4072/4110/1251
f 4074/4112/1251 4073/4111/1251 4075/4113/1251
f 4075/4113/1251 4076/4114/1251 4074/4112/1251
f 4076/4114/1251 4075/4113/1251 4077/4115/1251
f 4077/4115/1251 4078/4116/1251 4076/4114/1251
f 4078/4116/1251 4077/4115/1251 4079/4117/1251
f 4079/4117/1251 4080/4118/1251 4078/4116/1251
f 4080/4118/1251 4079/4117/1251 4081/4119/1251
f 4081/4119/1251 4082/4120/1251 4080/4118/1251
f 4082/4120/1251 4081/4119/1251 4083/4121/1251
f 4083/4121/1251 4084/4122/1251 4082/4120/1251
f 4084/4122/1251 4083/4121/1251 4085/4123/1251
f 4085/4123/1251 4086/4124/1251 4084/4122/1251
f 4086/4124/1251 4085/4123/1251 4087/4125/1251
f 4087/4125/1251 4088/4126/1251 4086/4124/1251
f 4088/4126/1251 4087/4125/1251 4089/4127/1251
f 4089/4127/1251 4090/4128/1251 4088/4126/1251
f 4090/4128/1251 4089/4127/1251 4091/4129/1251
f 4091/4129/1251 4092/4130/1251 4090/4128/1251
f 4092/4130/1251 4091/4129/1251 4093/4131/1251
f 4093/4131/1251 4094/4132/1251 4092/4130/1251
f 4094/4132/1251 4093/4131/1251 4095/4133/1251
f 4095/4133/1251 4096/4134/1251 4094/4132/1251
f 4096/4134/1251 4095/4133/1251 4097/4135/1251
f 4097/4135/1251 4098/4136/1251 4096/4134/1251
f 4098/4136/1251 4097/4135/1251 4099/4137/1251
f 4099/4137/1251 4100/4138/1251 4098/4136/1251
f 4100/4138/1251 4099/4137/1251 4101/4139/1251
f 4101/4139/1251 4102/4140/1251 4100/4138/1251
f 4102/4140/1251 4101/4139/1251 4103/4141/1251
f 4103/4141/1251 4058/4096/1251 4102/4140/1251
f 4058/4096/1251 4103/4141/1251 4056/4094/1251
f 4058/4096/1170 4104/4142/1170 4105/4143/1170
f 4104/4142/1170 4058/4096/1170 4057/4095/1170
f 4057/4095/1171 4106/4144/1171 4104/4142/1171
f 4106/4144/1171 4057/4095/1171 4060/4098/1171
f 4060/4098/1172 4107/4145/1172 4106/4144/1172
f 4107/4145/1172 4060/4098/1172 4062/4100/1172
f 4062/4100/1173 4108/4146/1173 4107/4145/1173
f 4108/4146/1173 4062/4100/1173 4064/4102/1204
f 4064/4102/1174 4109/4147/1174 4108/4146/1174
f 4109/4147/1174 4064/4102/1174 4066/4104/1174
f 4066/4104/1175 4110/4148/1175 4109/4147/1175
f 4110/4148/1175 4066/4104/1175 4068/4106/1175
f 4068/4106/1176 4111/4149/1176 4110/4148/1176
f 4111/4149/1176 4068/4106/1176 4070/4108/1176
f 4070/4108/1177 4112/4150/1177 4111/4149/1177
f 4112/4150/1177 4070/4108/1177 4072/4110/1177
f 4072/4110/1179 4113/4151/1179 4112/4150/1179
f 4113/4151/1179 4072/4110/1179 4074/4112/1179
f 4074/4112/1206 4114/4152/1180 4113/4151/1206
f 4114/4152/1180 4074/4112/1206 4076/4114/1180
f 4076/4114/1181 4115/4153/1181 4114/4152/1181
f 4115/4153/1181 4076/4114/1181 4078/4116/1181
f 4078/4116/1256 4116/4154/1257 4115/4153/1256
f 4116/4154/1257 4078/4116/1256 4080/4118/1257
f 4080/4118/1183 4117/4155/1183 4116/4154/1183
f 4117/4155/1183 4080/4118/1183 4082/4120/1183
f 4082/4120/1184 4118/4156/1184 4117/4155/1184
f 4118/4156/1184 4082/4120/1184 4084/4122/1184
f 4084/4122/1185 4119/4157/1185 4118/4156/1185
f 4119/4157/1185 4084/4122/1185 4086/4124/1185
f 4086/4124/1186 4120/4158/1186 4119/4157/1186
f 4120/4158/1186 4086/4124/1186 4088/4126/1187
f 4088/4126/1188 4121/4159/1188 4120/4158/1188
f 4121/4159/1188 4088/4126/1188 4090/4128/1188
f 4090/4128/1190 4122/4160/1189 4121/4159/1190
f 4122/4160/1189 4090/4128/1190 4092/4130/1189
f 4092/4130/1191 4123/4161/1191 4122/4160/1191
f 4123/4161/1191 4092/4130/1191 4094/4132/1191
f 4094/4132/1192 4124/4162/1192 4123/4161/1192
f 4124/4162/1192 4094/4132/1192 4096/4134/1192
f 4096/4134/1193 4125/4163/1193 4124/4162/1193
f 4125/4163/1193 4096/4134/1193 4098/4136/1193
f 4098/4136/1195 4126/4164/1195 4125/4163/1195
f 4126/4164/1195 4098/4136/1195 4100/4138/1195
f 4100/4138/1196 4127/4165/1196 4126/4164/1196
f 4127/4165/1196 4100/4138/1196 4102/4140/1196
f 4102/4140/1197 4105/4143/1197 4127/4165/1197
f 4105/4143/1197 4102/4140/1197 4058/4096/1197
f 4112/4150/1251 4128/4166/1254 4129/4167/1251
f 4129/4167/1251 4111/4149/1251 4112/4150/1251
f 4130/4168/1251 4111/4149/1251 4129/4167/1251
f 4130/4168/1251 4110/4148/1251 4111/4149/1251
f 4131/4169/1251 4110/4148/1251 4130/4168/1251
f 4131/4169/1251 4109/4147/1251 4110/4148/1251
f 4132/4170/1251 4109/4147/1251 4131/4169/1251
f 4132/4170/1251 4108/4146/1251 4109/4147/1251
f 4133/4171/1251 4108/4146/1251 4132/4170/1251
f 4133/4171/1251 4107/4145/1251 4108/4146/1251
f 4134/4172/1251 4107/4145/1251 4133/4171/1251
f 4134/4172/1251 4106/4144/1251 4107/4145/1251
f 4135/4173/1251 4106/4144/1251 4134/4172/1251
f 4135/4173/1251 4104/4142/1251 4106/4144/1251
f 4136/4174/1251 4104/4142/1251 4135/4173/1251
f 4136/4174/1251 4105/4143/1251 4104/4142/1251
f 4137/4175/1251 4105/4143/1251 4136/4174/1251
f 4137/4175/1251 4127/4165/1251 4105/4143/1251
f 4138/4176/1251 4127/4165/1251 4137/4175/1251
f 4138/4176/1251 4126/4164/1251 4127/4165/1251
f 4139/4177/1251 4126/4164/1251 4138/4176/1251
f 4139/4177/1251 4125/4163/1251 4126/4164/1251
f 4140/4178/1251 4125/4163/1251 4139/4177/1251
f 4140/4178/1251 4124/4162/1251 4125/4163/1251
f 4141/4179/1251 4124/4162/1251 4140/4178/1251
f 4141/4179/1251 4123/4161/1251 4124/4162/1251
f 4142/4180/1251 4123/4161/1251 4141/4179/1251
f 4142/4180/1251 4122/4160/1251 4123/4161/1251
f 4143/4181/1251 4122/4160/1251 4142/4180/1251
f 4143/4181/1251 4121/4159/1251 4122/4160/1251
f 4144/4182/1251 4121/4159/1251 4143/4181/1251
f 4144/4182/1251 4120/4158/1251 4121/4159/1251
f 4145/4183/1251 4120/4158/1251 4144/4182/1251
f 4145/4183/1251 4119/4157/1251 4120/4158/1251
f 4146/4184/1251 4119/4157/1251 4145/4183/1251
f 4146/4184/1251 4118/4156/1251 4119/4157/1251
f 4147/4185/1251 4118/4156/1251 4146/4184/1251
f 4147/4185/1251 4117/4155/1251 4118/4156/1251
f 4148/4186/1251 4117/4155/1251 4147/4185/1251
f 4148/4186/1251 4116/4154/1251 4117/4155/1251
f 4149/4187/1251 4116/4154/1251 4148/4186/1251
f 4149/4187/1251 4115/4153/1251 4116/4154/1251
f 4150/4188/1251 4115/4153/1251 4149/4187/1251
f 4150/4188/1251 4114/4152/1251 4115/4153/1251
f 4151/4189/1251 4114/4152/1251 4150/4188/1251
f 4151/4189/1251 4113/4151/1251 4114/4152/1251
f 4128/4166/1254 4113/4151/1251 4151/4189/1251
f 4112/4150/1251 4113/4151/1251 4128/4166/1254
f 4137/4175/1198 4152/4190/1198 4153/4191/1198
f 4152/4190/1198 4137/4175/1198 4136/4174/1258
f 4136/4174/1184 4154/4192/1184 4152/4190/1259
f 4154/4192/1184 4136/4174/1184 4135/4173/1184
f 4135/4173/1185 4155/4193/1185 4154/4192/1185
f 4155/4193/1185 4135/4173/1185 4134/4172/1260
f 4134/4172/1187 4156/4194/1187 4155/4193/1261
f 4156/4194/1187 4134/4172/1187 4133/4171/1186
f 4133/4171/1188 4157/4195/1188 4156/4194/1188
f 4157/4195/1188 4133/4171/1188 4132/4170/1188
f 4132/4170/1189 4158/4196/1189 4157/4195/1189
f 4158/4196/1189 4132/4170/1189 4131/4169/1189
f 4131/4169/1191 4159/4197/1191 4158/4196/1191
f 4159/4197/1191 4131/4169/1191 4130/4168/1191
f 4130/4168/1262 4160/4198/1262 4159/4197/1192
f 4160/4198/1262 4130/4168/1262 4129/4167/1262
f 4129/4167/1193 4161/4199/1193 4160/4198/1193
f 4161/4199/1193 4129/4167/1193 4128/4166/1193
f 4128/4166/1195 4162/4200/1263 4161/4199/1195
f 4162/4200/1263 4128/4166/1195 4151/4189/1264
f 4151/4189/1196 4163/4201/1196 4162/4200/1196
f 4163/4201/1196 4151/4189/1196 4150/4188/1196
f 4150/4188/1197 4164/4202/1197 4163/4201/1197
f 4164/4202/1197 4150/4188/1197 4149/4187/1201
f 4149/4187/1170 4165/4203/1170 4164/4202/1170
f 4165/4203/1170 4149/4187/1170 4148/4186/1202
f 4148/4186/1171 4166/4204/1171 4165/4203/1171
f 4166/4204/1171 4148/4186/1171 4147/4185/1203
f 4147/4185/1172 4167/4205/1172 4166/4204/1172
f 4167/4205/1172 4147/4185/1172 4146/4184/1172
f 4146/4184/1173 4168/4206/1173 4167/4205/1173
f 4168/4206/1173 4146/4184/1173 4145/4183/1173
f 4145/4183/1174 4169/4207/1174 4168/4206/1174
f 4169/4207/1174 4145/4183/1174 4144/4182/1174
f 4144/4182/1175 4170/4208/1175 4169/4207/1175
f 4170/4208/1175 4144/4182/1175 4143/4181/1175
f 4143/4181/1176 4171/4209/1176 4170/4208/1176
f 4171/4209/1176 4143/4181/1176 4142/4180/1176
f 4142/4180/1177 4172/4210/1177 4171/4209/1177
f 4172/4210/1177 4142/4180/1177 4141/4179/1177
f 4141/4179/1179 4173/4211/1179 4172/4210/1179
f 4173/4211/1179 4141/4179/1179 4140/4178/1179
f 4140/4178/1207 4174/4212/1206 4173/4211/1207
f 4174/4212/1206 4140/4178/1207 4139/4177/1206
f 4139/4177/1181 4175/4213/1181 4174/4212/1181
f 4175/4213/1181 4139/4177/1181 4138/4176/1181
f 4138/4176/1182 4153/4191/1182 4175/4213/1182
f 4153/4191/1182 4138/4176/1182 4137/4175/1182
f 4153/4191/1265 4053/4091/1266 4055/4093/1267
f 4053/4091/1266 4153/4191/1265 4152/4190/1266
f 4152/4190/1268 4054/4092/1268 4053/4091/1268
f 4054/4092/1268 4152/4190/1268 4154/4192/1268
f 4154/4192/1269 4051/4089/1269 4054/4092/1270
f 4051/4089/1269 4154/4192/1269 4155/4193/1271
f 4155/4193/1272 4052/4090/1272 4051/4089/1272
f 4052/4090/1272 4155/4193/1272 4156/4194/1272
f 4156/4194/1273 4049/4087/1273 4052/4090/1273
f 4049/4087/1273 4156/4194/1273 4157/4195/1273
f 4157/4195/1274 4050/4088/1274 4049/4087/1274
f 4050/4088/1274 4157/4195/1274 4158/4196/1274
f 4158/4196/1275 4047/4085/1275 4050/4088/1275
f 4047/4085/1275 4158/4196/1275 4159/4197/1275
f 4159/4197/1276 4048/4086/1276 4047/4085/1277
f 4048/4086/1276 4159/4197/1276 4160/4198/1276
f 4160/4198/1278 4045/4083/1278 4048/4086/1279
f 4045/4083/1278 4160/4198/1278 4161/4199/1278
f 4161/4199/1280 4046/4084/1281 4045/4083/1280
f 4046/4084/1281 4161/4199/1280 4162/4200/1281
f 4162/4200/1282 4043/4081/1282 4046/4084/1283
f 4043/4081/1282 4162/4200/1282 4163/4201/1282
f 4163/4201/1284 4044/4082/1284 4043/4081/1284
f 4044/4082/1284 4163/4201/1284 4164/4202/1284
f 4164/4202/1285 4041/4079/1285 4044/4082/1285
f 4041/4079/1285 4164/4202/1285 4165/4203/1285
f 4165/4203/1286 4042/4080/1286 4041/4079/1287
f 4042/4080/1286 4165/4203/1286 4166/4204/1286
f 4166/4204/1288 4039/4077/1289 4042/4080/1288
f 4039/4077/1289 4166/4204/1288 4167/4205/1289
f 4167/4205/1290 4040/4078/1291 4039/4077/1290
f 4040/4078/1291 4167/4205/1290 4168/4206/1291
f 4168/4206/1292 4037/4075/1292 4040/4078/1293
f 4037/4075/1292 4168/4206/1292 4169/4207/1294
f 4169/4207/1295 4038/4076/1295 4037/4075/1295
f 4038/4076/1295 4169/4207/1295 4170/4208/1295
f 4170/4208/1296 4035/4073/1296 4038/4076/1296
f 4035/4073/1296 4170/4208/1296 4171/4209/1296
f 4171/4209/1297 4036/4074/1298 4035/4073/1297
f 4036/4074/1298 4171/4209/1297 4172/4210/1298
f 4172/4210/1299 4033/4071/1299 4036/4074/1299
f 4033/4071/1299 4172/4210/1299 4173/4211/1299
f 4173/4211/1300 4034/4072/1300 4033/4071/1300
f 4034/4072/1300 4173/4211/1300 4174/4212/1301
f 4174/4212/1302 4032/4070/1303 4034/4072/1302
f 4032/4070/1303 4174/4212/1302 4175/4213/1304
f 4175/4213/1305 4055/4093/1305 4032/4070/1306
f 4055/4093/1305 4175/4213/1305 4153/4191/1307
f 4176/4214/1165 4177/4215/1166 4178/4216/1166
f 4177/4215/1166 4179/4217/1166 4180/4218/1308
f 4179/4217/1166 4181/4219/1166 4182/4220/1166
f 4177/4215/1166 4181/4219/1166 4179/4217/1166
f 4181/4219/1166 4183/4221/1166 4184/4222/1166
f 4183/4221/1166 4185/4223/1166 4186/4224/1166
f 4181/4219/1166 4185/4223/1166 4183/4221/1166
f 4185/4223/1166 4187/4225/1166 4188/4226/1167
f 4187/4225/1166 4189/4227/1166 4190/4228/1167
f 4185/4223/1166 4189/4227/1166 4187/4225/1166
f 4181/4219/1166 4189/4227/1166 4185/4223/1166
f 4189/4227/1166 4191/4229/1166 4192/4230/1165
f 4191/4229/1166 4193/4231/1166 4194/4232/1166
f 4189/4227/1166 4193/4231/1166 4191/4229/1166
f 4193/4231/1166 4195/4233/1166 4196/4234/1166
f 4195/4233/1166 4197/4235/1166 4198/4236/1166
f 4193/4231/1166 4197/4235/1166 4195/4233/1166
f 4189/4227/1166 4197/4235/1166 4193/4231/1166
f 4181/4219/1166 4197/4235/1166 4189/4227/1166
f 4177/4215/1166 4197/4235/1166 4181/4219/1166
f 4176/4214/1165 4197/4235/1166 4177/4215/1166
f 4199/4237/1309 4197/4235/1166 4176/4214/1165
f 4200/4238/1166 4201/4239/1166 4202/4240/1166
f 4201/4239/1166 4200/4238/1166 4203/4241/1166
f 4202/4240/1166 4204/4242/1166 4205/4243/1166
f 4204/4242/1166 4202/4240/1166 4201/4239/1166
f 4205/4243/1166 4206/4244/1166 4207/4245/1166
f 4206/4244/1166 4205/4243/1166 4204/4242/1166
f 4207/4245/1166 4208/4246/1166 4209/4247/1166
f 4208/4246/1166 4207/4245/1166 4206/4244/1166
f 4209/4247/1166 4210/4248/1166 4211/4249/1166
f 4210/4248/1166 4209/4247/1166 4208/4246/1166
f 4211/4249/1166 4212/4250/1166 4213/4251/1166
f 4212/4250/1166 4211/4249/1166 4210/4248/1166
f 4213/4251/1166 4214/4252/1166 4215/4253/1166
f 4214/4252/1166 4213/4251/1166 4212/4250/1166
f 4215/4253/1166 4216/4254/1166 4217/4255/1166
f 4216/4254/1166 4215/4253/1166 4214/4252/1166
f 4217/4255/1166 4218/4256/1166 4219/4257/1166
f 4218/4256/1166 4217/4255/1166 4216/4254/1166
f 4219/4257/1166 4220/4258/1166 4221/4259/1166
f 4220/4258/1166 4219/4257/1166 4218/4256/1166
f 4221/4259/1166 4222/4260/1166 4223/4261/1166
f 4222/4260/1166 4221/4259/1166 4220/4258/1166
f 4223/4261/1166 4224/4262/1166 4225/4263/1166
f 4224/4262/1166 4223/4261/1166 4222/4260/1166
f 4225/4263/1166 4226/4264/1166 4227/4265/1166
f 4226/4264/1166 4225/4263/1166 4224/4262/1166
f 4227/4265/1166 4228/4266/1166 4229/4267/1166
f 4228/4266/1166 4227/4265/1166 4226/4264/1166
f 4229/4267/1166 4230/4268/1166 4231/4269/1166
f 4230/4268/1166 4229/4267/1166 4228/4266/1166
f 4231/4269/1166 4232/4270/1166 4233/4271/1166
f 4232/4270/1166 4231/4269/1166 4230/4268/1166
f 4233/4271/1166 4234/4272/1166 4235/4273/1166
f 4234/4272/1166 4233/4271/1166 4232/4270/1166
f 4235/4273/1166 4236/4274/1166 4237/4275/1166
f 4236/4274/1166 4235/4273/1166 4234/4272/1166
f 4237/4275/1166 4238/4276/1166 4239/4277/1166
f 4238/4276/1166 4237/4275/1166 4236/4274/1166
f 4239/4277/1166 4240/4278/1166 4241/4279/1166
f 4240/4278/1166 4239/4277/1166 4238/4276/1166
f 4241/4279/1166 4242/4280/1166 4243/4281/1166
f 4242/4280/1166 4241/4279/1166 4240/4278/1166
f 4243/4281/1166 4244/4282/1166 4245/4283/1166
f 4244/4282/1166 4243/4281/1166 4242/4280/1166
f 4245/4283/1166 4246/4284/1166 4247/4285/1166
f 4246/4284/1166 4245/4283/1166 4244/4282/1166
f 4247/4285/1166 4203/4241/1166 4200/4238/1166
f 4203/4241/1166 4247/4285/1166 4246/4284/1166
f 4203/4241/1170 4248/4286/1170 4201/4239/1170
f 4248/4286/1170 4203/4241/1170 4249/4287/1170
f 4201/4239/1171 4250/4288/1171 4204/4242/1171
f 4250/4288/1171 4201/4239/1171 4248/4286/1310
f 4204/4242/1172 4251/4289/1172 4206/4244/1172
f 4251/4289/1172 4204/4242/1172 4250/4288/1172
f 4206/4244/1204 4252/4290/1173 4208/4246/1173
f 4252/4290/1173 4206/4244/1204 4251/4289/1204
f 4208/4246/1174 4253/4291/1174 4210/4248/1174
f 4253/4291/1174 4208/4246/1174 4252/4290/1174
f 4210/4248/1311 4254/4292/1311 4212/4250/1175
f 4254/4292/1311 4210/4248/1311 4253/4291/1311
f 4212/4250/1176 4255/4293/1176 4214/4252/1176
f 4255/4293/1176 4212/4250/1176 4254/4292/1176
f 4214/4252/1177 4256/4294/1177 4216/4254/1177
f 4256/4294/1177 4214/4252/1177 4255/4293/1177
f 4216/4254/1179 4257/4295/1179 4218/4256/1179
f 4257/4295/1179 4216/4254/1179 4256/4294/1179
f 4218/4256/1206 4258/4296/1180 4220/4258/1180
f 4258/4296/1180 4218/4256/1206 4257/4295/1206
f 4220/4258/1181 4259/4297/1181 4222/4260/1181
f 4259/4297/1181 4220/4258/1181 4258/4296/1181
f 4222/4260/1182 4260/4298/1257 4224/4262/1257
f 4260/4298/1257 4222/4260/1182 4259/4297/1182
f 4224/4262/1183 4261/4299/1183 4226/4264/1183
f 4261/4299/1183 4224/4262/1183 4260/4298/1183
f 4226/4264/1199 4262/4300/1184 4228/4266/1184
f 4262/4300/1184 4226/4264/1199 4261/4299/1199
f 4228/4266/1185 4263/4301/1185 4230/4268/1185
f 4263/4301/1185 4228/4266/1185 4262/4300/1185
f 4230/4268/1186 4264/4302/1186 4232/4270/1186
f 4264/4302/1186 4230/4268/1186 4263/4301/1186
f 4232/4270/1188 4265/4303/1188 4234/4272/1188
f 4265/4303/1188 4232/4270/1188 4264/4302/1188
f 4234/4272/1189 4266/4304/1189 4236/4274/1189
f 4266/4304/1189 4234/4272/1189 4265/4303/1189
f 4236/4274/1191 4267/4305/1191 4238/4276/1191
f 4267/4305/1191 4236/4274/1191 4266/4304/1191
f 4238/4276/1192 4268/4306/1192 4240/4278/1192
f 4268/4306/1192 4238/4276/1192 4267/4305/1192
f 4240/4278/1193 4269/4307/1193 4242/4280/1193
f 4269/4307/1193 4240/4278/1193 4268/4306/1193
f 4242/4280/1195 4270/4308/1195 4244/4282/1195
f 4270/4308/1195 4242/4280/1195 4269/4307/1195
f 4244/4282/1196 4271/4309/1196 4246/4284/1196
f 4271/4309/1196 4244/4282/1196 4270/4308/1196
f 4246/4284/1201 4249/4287/1201 4203/4241/1201
f 4249/4287/1201 4246/4284/1201 4271/4309/1201
f 4255/4293/1166 4272/4310/1166 4256/4294/1166
f 4255/4293/1166 4273/4311/1166 4272/4310/1166
f 4254/4292/1166 4273/4311/1166 4255/4293/1166
f 4254/4292/1166 4274/4312/1166 4273/4311/1166
f 4253/4291/1166 4274/4312/1166 4254/4292/1166
f 4253/4291/1166 4275/4313/1166 4274/4312/1166
f 4252/4290/1166 4275/4313/1166 4253/4291/1166
f 4252/4290/1166 4276/4314/1166 4275/4313/1166
f 4251/4289/1166 4276/4314/1166 4252/4290/1166
f 4251/4289/1166 4277/4315/1166 4276/4314/1166
f 4250/4288/1166 4277/4315/1166 4251/4289/1166
f 4250/4288/1166 4278/4316/1166 4277/4315/1166
f 4248/4286/1166 4278/4316/1166 4250/4288/1166
f 4248/4286/1166 4279/4317/1166 4278/4316/1166
f 4249/4287/1166 4279/4317/1166 4248/4286/1166
f 4249/4287/1166 4280/4318/1166 4279/4317/1166
f 4271/4309/1166 4280/4318/1166 4249/4287/1166
f 4271/4309/1166 4281/4319/1166 4280/4318/1166
f 4270/4308/1166 4281/4319/1166 4271/4309/1166
f 4270/4308/1166 4282/4320/1166 4281/4319/1166
f 4269/4307/1166 4282/4320/1166 4270/4308/1166
f 4269/4307/1166 4283/4321/1166 4282/4320/1166
f 4268/4306/1166 4283/4321/1166 4269/4307/1166
f 4268/4306/1166 4284/4322/1166 4283/4321/1166
f 4267/4305/1166 4284/4322/1166 4268/4306/1166
f 4267/4305/1166 4285/4323/1166 4284/4322/1166
f 4266/4304/1166 4285/4323/1166 4267/4305/1166
f 4266/4304/1166 4286/4324/1166 4285/4323/1166
f 4265/4303/1166 4286/4324/1166 4266/4304/1166
f 4265/4303/1166 4287/4325/1166 4286/4324/1166
f 4264/4302/1166 4287/4325/1166 4265/4303/1166
f 4264/4302/1166 4288/4326/1166 4287/4325/1166
f 4263/4301/1166 4288/4326/1166 4264/4302/1166
f 4263/4301/1166 4289/4327/1166 4288/4326/1166
f 4262/4300/1166 4289/4327/1166 4263/4301/1166
f 4262/4300/1166 4290/4328/1166 4289/4327/1166
f 4261/4299/1166 4290/4328/1166 4262/4300/1166
f 4261/4299/1166 4291/4329/1166 4290/4328/1166
f 4260/4298/1166 4291/4329/1166 4261/4299/1166
f 4260/4298/1166 4292/4330/1166 4291/4329/1166
f 4259/4297/1166 4292/4330/1166 4260/4298/1166
f 4259/4297/1166 4293/4331/1166 4292/4330/1166
f 4258/4296/1166 4293/4331/1166 4259/4297/1166
f 4258/4296/1166 4294/4332/1166 4293/4331/1166
f 4257/4295/1166 4294/4332/1166 4258/4296/1166
f 4257/4295/1166 4295/4333/1166 4294/4332/1166
f 4256/4294/1166 4295/4333/1166 4257/4295/1166
f 4256/4294/1166 4272/4310/1166 4295/4333/1166
f 4280/4318/1183 4296/4334/1183 4279/4317/1312
f 4296/4334/1183 4280/4318/1183 4297/4335/1198
f 4279/4317/1184 4298/4336/1184 4278/4316/1200
f 4298/4336/1184 4279/4317/1184 4296/4334/1184
f 4278/4316/1185 4299/4337/1185 4277/4315/1185
f 4299/4337/1185 4278/4316/1185 4298/4336/1313
f 4277/4315/1187 4300/4338/1187 4276/4314/1186
f 4300/4338/1187 4277/4315/1187 4299/4337/1187
f 4276/4314/1188 4301/4339/1188 4275/4313/1188
f 4301/4339/1188 4276/4314/1188 4300/4338/1188
f 4275/4313/1189 4302/4340/1189 4274/4312/1189
f 4302/4340/1189 4275/4313/1189 4301/4339/1190
f 4274/4312/1191 4303/4341/1191 4273/4311/1191
f 4303/4341/1191 4274/4312/1191 4302/4340/1191
f 4273/4311/1192 4304/4342/1192 4272/4310/1192
f 4304/4342/1192 4273/4311/1192 4303/4341/1192
f 4272/4310/1193 4305/4343/1193 4295/4333/1193
f 4305/4343/1193 4272/4310/1193 4304/4342/1194
f 4295/4333/1195 4306/4344/1195 4294/4332/1195
f 4306/4344/1195 4295/4333/1195 4305/4343/1195
f 4294/4332/1196 4307/4345/1196 4293/4331/1196
f 4307/4345/1196 4294/4332/1196 4306/4344/1196
f 4293/4331/1197 4308/4346/1201 4292/4330/1201
f 4308/4346/1201 4293/4331/1197 4307/4345/1197
f 4292/4330/1170 4309/4347/1170 4291/4329/1202
f 4309/4347/1170 4292/4330/1170 4308/4346/1170
f 4291/4329/1171 4310/4348/1171 4290/4328/1171
f 4310/4348/1171 4291/4329/1171 4309/4347/1171
f 4290/4328/1172 4311/4349/1172 4289/4327/1172
f 4311/4349/1172 4290/4328/1172 4310/4348/1172
f 4289/4327/1173 4312/4350/1204 4288/4326/1204
f 4312/4350/1204 4289/4327/1173 4311/4349/1173
f 4288/4326/1174 4313/4351/1174 4287/4325/1205
f 4313/4351/1174 4288/4326/1174 4312/4350/1174
f 4287/4325/1311 4314/4352/1311 4286/4324/1175
f 4314/4352/1311 4287/4325/1311 4313/4351/1311
f 4286/4324/1176 4315/4353/1176 4285/4323/1176
f 4315/4353/1176 4286/4324/1176 4314/4352/1176
f 4285/4323/1177 4316/4354/1177 4284/4322/1177
f 4316/4354/1177 4285/4323/1177 4315/4353/1177
f 4284/4322/1179 4317/4355/1179 4283/4321/1178
f 4317/4355/1179 4284/4322/1179 4316/4354/1179
f 4283/4321/1180 4318/4356/1180 4282/4320/1180
f 4318/4356/1180 4283/4321/1180 4317/4355/1180
f 4282/4320/1181 4319/4357/1181 4281/4319/1181
f 4319/4357/1181 4282/4320/1181 4318/4356/1314
f 4281/4319/1182 4297/4335/1257 4280/4318/1256
f 4297/4335/1257 4281/4319/1182 4319/4357/1182
f 4297/4335/1208 4176/4214/1208 4296/4334/1208
f 4176/4214/1208 4297/4335/1208 4199/4237/1208
f 4296/4334/1315 4178/4216/1212 4298/4336/1212
f 4178/4216/1212 4296/4334/1315 4176/4214/1211
f 4298/4336/1316 4177/4215/1316 4299/4337/1316
f 4177/4215/1316 4298/4336/1316 4178/4216/1316
f 4299/4337/1217 4180/4218/1217 4300/4338/1217
f 4180/4218/1217 4299/4337/1217 4177/4215/1217
f 4300/4338/1218 4179/4217/1218 4301/4339/1218
f 4179/4217/1218 4300/4338/1218 4180/4218/1317
f 4301/4339/1219 4182/4220/1219 4302/4340/1219
f 4182/4220/1219 4301/4339/1219 4179/4217/1219
f 4302/4340/1220 4181/4219/1220 4303/4341/1220
f 4181/4219/1220 4302/4340/1220 4182/4220/1318
f 4303/4341/1222 4184/4222/1319 4304/4342/1319
f 4184/4222/1319 4303/4341/1222 4181/4219/1221
f 4304/4342/1225 4183/4221/1225 4305/4343/1225
f 4183/4221/1225 4304/4342/1225 4184/4222/1225
f 4305/4343/1320 4186/4224/1226 4306/4344/1226
f 4186/4224/1226 4305/4343/1320 4183/4221/1320
f 4306/4344/1229 4185/4223/1229 4307/4345/1228
f 4185/4223/1229 4306/4344/1229 4186/4224/1229
f 4307/4345/1321 4188/4226/1321 4308/4346/1321
f 4188/4226/1321 4307/4345/1321 4185/4223/1321
f 4308/4346/1231 4187/4225/1231 4309/4347/1231
f 4187/4225/1231 4308/4346/1231 4188/4226/1231
f 4309/4347/1322 4190/4228/1322 4310/4348/1234
f 4190/4228/1322 4309/4347/1322 4187/4225/1322
f 4310/4348/1235 4189/4227/1235 4311/4349/1235
f 4189/4227/1235 4310/4348/1235 4190/4228/1323
f 4311/4349/1236 4192/4230/1236 4312/4350/1236
f 4192/4230/1236 4311/4349/1236 4189/4227/1324
f 4312/4350/1238 4191/4229/1238 4313/4351/1239
f 4191/4229/1238 4312/4350/1238 4192/4230/1238
f 4313/4351/1240 4194/4232/1240 4314/4352/1240
f 4194/4232/1240 4313/4351/1240 4191/4229/1325
f 4314/4352/1241 4193/4231/1241 4315/4353/1241
f 4193/4231/1241 4314/4352/1241 4194/4232/1241
f 4315/4353/1242 4196/4234/1242 4316/4354/1242
f 4196/4234/1242 4315/4353/1242 4193/4231/1243
f 4316/4354/1244 4195/4233/1244 4317/4355/1244
f 4195/4233/1244 4316/4354/1244 4196/4234/1244
f 4317/4355/1246 4198/4236/1247 4318/4356/1247
f 4198/4236/1247 4317/4355/1246 4195/4233/1246
f 4318/4356/1326 4197/4235/1326 4319/4357/1326
f 4197/4235/1326 4318/4356/1326 4198/4236/1326
f 4319/4357/1249 4199/4237/1249 4297/4335/1327
f 4199/4237/1249 4319/4357/1249 4197/4235/1249
f 4320/4358/1251 4321/4359/1251 4322/4360/1251
f 4321/4359/1251 4323/4361/1251 4324/4362/1253
f 4320/4358/1251 4323/4361/1251 4321/4359/1251
f 4323/4361/1251 4325/4363/1251 4326/4364/1251
f 4325/4363/1251 4327/4365/1251 4328/4366/1251
f 4323/4361/1251 4327/4365/1251 4325/4363/1251
f 4320/4358/1251 4327/4365/1251 4323/4361/1251
f 4327/4365/1251 4329/4367/1251 4330/4368/1252
f 4329/4367/1251 4331/4369/1251 4332/4370/1252
f 4327/4365/1251 4331/4369/1251 4329/4367/1251
f 4331/4369/1251 4333/4371/1251 4334/4372/1251
f 4333/4371/1251 4335/4373/1251 4336/4374/1254
f 4331/4369/1251 4335/4373/1251 4333/4371/1251
f 4327/4365/1251 4335/4373/1251 4331/4369/1251
f 4320/4358/1251 4335/4373/1251 4327/4365/1251
f 4335/4373/1251 4337/4375/1251 4338/4376/1251
f 4337/4375/1251 4339/4377/1251 4340/4378/1252
f 4335/4373/1251 4339/4377/1251 4337/4375/1251
f 4320/4358/1251 4339/4377/1251 4335/4373/1251
f 4339/4377/1251 4341/4379/1253 4342/4380/1252
f 4320/4358/1251 4341/4379/1253 4339/4377/1251
f 4343/4381/1251 4341/4379/1253 4320/4358/1251
f 4344/4382/1251 4345/4383/1251 4346/4384/1251
f 4345/4383/1251 4344/4382/1251 4347/4385/1251
f 4347/4385/1251 4348/4386/1251 4345/4383/1251
f 4348/4386/1251 4347/4385/1251 4349/4387/1251
f 4349/4387/1251 4350/4388/1251 4348/4386/1251
f 4350/4388/1251 4349/4387/1251 4351/4389/1251
f 4351/4389/1251 4352/4390/1251 4350/4388/1251
f 4352/4390/1251 4351/4389/1251 4353/4391/1251
f 4353/4391/1251 4354/4392/1251 4352/4390/1251
f 4354/4392/1251 4353/4391/1251 4355/4393/1251
f 4355/4393/1251 4356/4394/1251 4354/4392/1251
f 4356/4394/1251 4355/4393/1251 4357/4395/1251
f 4357/4395/1251 4358/4396/1251 4356/4394/1251
f 4358/4396/1251 4357/4395/1251 4359/4397/1251
f 4359/4397/1251 4360/4398/1251 4358/4396/1251
f 4360/4398/1251 4359/4397/1251 4361/4399/1251
f 4361/4399/1251 4362/4400/1251 4360/4398/1251
f 4362/4400/1251 4361/4399/1251 4363/4401/1251
f 4363/4401/1251 4364/4402/1251 4362/4400/1251
f 4364/4402/1251 4363/4401/1251 4365/4403/1251
f 4365/4403/1251 4366/4404/1253 4364/4402/1251
f 4366/4404/1253 4365/4403/1251 4367/4405/1253
f 4367/4405/1253 4368/4406/1251 4366/4404/1253
f 4368/4406/1251 4367/4405/1253 4369/4407/1251
f 4369/4407/1251 4370/4408/1251 4368/4406/1251
f 4370/4408/1251 4369/4407/1251 4371/4409/1251
f 4371/4409/1251 4372/4410/1251 4370/4408/1251
f 4372/4410/1251 4371/4409/1251 4373/4411/1251
f 4373/4411/1251 4374/4412/1251 4372/4410/1251
f 4374/4412/1251 4373/4411/1251 4375/4413/1251
f 4375/4413/1251 4376/4414/1251 4374/4412/1251
f 4376/4414/1251 4375/4413/1251 4377/4415/1251
f 4377/4415/1251 4378/4416/1251 4376/4414/1251
f 4378/4416/1251 4377/4415/1251 4379/4417/1251
f 4379/4417/1251 4380/4418/1251 4378/4416/1251
f 4380/4418/1251 4379/4417/1251 4381/4419/1251
f 4381/4419/1251 4382/4420/1251 4380/4418/1251
f 4382/4420/1251 4381/4419/1251 4383/4421/1251
f 4383/4421/1251 4384/4422/1251 4382/4420/1251
f 4384/4422/1251 4383/4421/1251 4385/4423/1251
f 4385/4423/1251 4386/4424/1251 4384/4422/1251
f 4386/4424/1251 4385/4423/1251 4387/4425/1251
f 4387/4425/1251 4388/4426/1251 4386/4424/1251
f 4388/4426/1251 4387/4425/1251 4389/4427/1251
f 4389/4427/1251 4390/4428/1253 4388/4426/1251
f 4390/4428/1253 4389/4427/1251 4391/4429/1251
f 4391/4429/1251 4346/4384/1251 4390/4428/1253
f 4346/4384/1251 4391/4429/1251 4344/4382/1251
f 4346/4384/1170 4392/4430/1170 4393/4431/1170
f 4392/4430/1170 4346/4384/1170 4345/4383/1170
f 4345/4383/1171 4394/4432/1310 4392/4430/1171
f 4394/4432/1310 4345/4383/1171 4348/4386/1310
f 4348/4386/1172 4395/4433/1172 4394/4432/1172
f 4395/4433/1172 4348/4386/1172 4350/4388/1172
f 4350/4388/1173 4396/4434/1173 4395/4433/1173
f 4396/4434/1173 4350/4388/1173 4352/4390/1204
f 4352/4390/1174 4397/4435/1174 4396/4434/1174
f 4397/4435/1174 4352/4390/1174 4354/4392/1174
f 4354/4392/1175 4398/4436/1175 4397/4435/1175
f 4398/4436/1175 4354/4392/1175 4356/4394/1311
f 4356/4394/1176 4399/4437/1176 4398/4436/1176
f 4399/4437/1176 4356/4394/1176 4358/4396/1176
f 4358/4396/1177 4400/4438/1177 4399/4437/1328
f 4400/4438/1177 4358/4396/1177 4360/4398/1329
f 4360/4398/1179 4401/4439/1179 4400/4438/1179
f 4401/4439/1179 4360/4398/1179 4362/4400/1179
f 4362/4400/1206 4402/4440/1180 4401/4439/1206
f 4402/4440/1180 4362/4400/1206 4364/4402/1180
f 4364/4402/1181 4403/4441/1181 4402/4440/1181
f 4403/4441/1181 4364/4402/1181 4366/4404/1181
f 4366/4404/1182 4404/4442/1257 4403/4441/1182
f 4404/4442/1257 4366/4404/1182 4368/4406/1257
f 4368/4406/1183 4405/4443/1183 4404/4442/1183
f 4405/4443/1183 4368/4406/1183 4370/4408/1183
f 4370/4408/1184 4406/4444/1184 4405/4443/1184
f 4406/4444/1184 4370/4408/1184 4372/4410/1184
f 4372/4410/1185 4407/4445/1185 4406/4444/1185
f 4407/4445/1185 4372/4410/1185 4374/4412/1185
f 4374/4412/1186 4408/4446/1186 4407/4445/1186
f 4408/4446/1186 4374/4412/1186 4376/4414/1186
f 4376/4414/1188 4409/4447/1188 4408/4446/1188
f 4409/4447/1188 4376/4414/1188 4378/4416/1188
f 4378/4416/1189 4410/4448/1189 4409/4447/1189
f 4410/4448/1189 4378/4416/1189 4380/4418/1190
f 4380/4418/1191 4411/4449/1191 4410/4448/1191
f 4411/4449/1191 4380/4418/1191 4382/4420/1191
f 4382/4420/1192 4412/4450/1192 4411/4449/1192
f 4412/4450/1192 4382/4420/1192 4384/4422/1192
f 4384/4422/1193 4413/4451/1193 4412/4450/1194
f 4413/4451/1193 4384/4422/1193 4386/4424/1193
f 4386/4424/1263 4414/4452/1195 4413/4451/1263
f 4414/4452/1195 4386/4424/1263 4388/4426/1195
f 4388/4426/1196 4415/4453/1196 4414/4452/1196
f 4415/4453/1196 4388/4426/1196 4390/4428/1196
f 4390/4428/1201 4393/4431/1201 4415/4453/1201
f 4393/4431/1201 4390/4428/1201 4346/4384/1201
f 4400/4438/1251 4416/4454/1251 4417/4455/1251
f 4417/4455/1251 4399/4437/1251 4400/4438/1251
f 4418/4456/1251 4399/4437/1251 4417/4455/1251
f 4418/4456/1251 4398/4436/1251 4399/4437/1251
f 4419/4457/1253 4398/4436/1251 4418/4456/1251
f 4419/4457/1253 4397/4435/1251 4398/4436/1251
f 4420/4458/1251 4397/4435/1251 4419/4457/1253
f 4420/4458/1251 4396/4434/1251 4397/4435/1251
f 4421/4459/1251 4396/4434/1251 4420/4458/1251
f 4421/4459/1251 4395/4433/1251 4396/4434/1251
f 4422/4460/1251 4395/4433/1251 4421/4459/1251
f 4422/4460/1251 4394/4432/1251 4395/4433/1251
f 4423/4461/1251 4394/4432/1251 4422/4460/1251
f 4423/4461/1251 4392/4430/1251 4394/4432/1251
f 4424/4462/1251 4392/4430/1251 4423/4461/1251
f 4424/4462/1251 4393/4431/1251 4392/4430/1251
f 4425/4463/1251 4393/4431/1251 4424/4462/1251
f 4425/4463/1251 4415/4453/1251 4393/4431/1251
f 4426/4464/1251 4415/4453/1251 4425/4463/1251
f 4426/4464/1251 4414/4452/1251 4415/4453/1251
f 4427/4465/1251 4414/4452/1251 4426/4464/1251
f 4427/4465/1251 4413/4451/1251 4414/4452/1251
f 4428/4466/1251 4413/4451/1251 4427/4465/1251
f 4428/4466/1251 4412/4450/1251 4413/4451/1251
f 4429/4467/1251 4412/4450/1251 4428/4466/1251
f 4429/4467/1251 4411/4449/1251 4412/4450/1251
f 4430/4468/1251 4411/4449/1251 4429/4467/1251
f 4430/4468/1251 4410/4448/1251 4411/4449/1251
f 4431/4469/1251 4410/4448/1251 4430/4468/1251
f 4431/4469/1251 4409/4447/1251 4410/4448/1251
f 4432/4470/1251 4409/4447/1251 4431/4469/1251
f 4432/4470/1251 4408/4446/1251 4409/4447/1251
f 4433/4471/1251 4408/4446/1251 4432/4470/1251
f 4433/4471/1251 4407/4445/1251 4408/4446/1251
f 4434/4472/1251 4407/4445/1251 4433/4471/1251
f 4434/4472/1251 4406/4444/1251 4407/4445/1251
f 4435/4473/1251 4406/4444/1251 4434/4472/1251
f 4435/4473/1251 4405/4443/1251 4406/4444/1251
f 4436/4474/1251 4405/4443/1251 4435/4473/1251
f 4436/4474/1251 4404/4442/1251 4405/4443/1251
f 4437/4475/1251 4404/4442/1251 4436/4474/1251
f 4437/4475/1251 4403/4441/1251 4404/4442/1251
f 4438/4476/1251 4403/4441/1251 4437/4475/1251
f 4438/4476/1251 4402/4440/1251 4403/4441/1251
f 4439/4477/1251 4402/4440/1251 4438/4476/1251
f 4439/4477/1251 4401/4439/1251 4402/4440/1251
f 4416/4454/1251 4401/4439/1251 4439/4477/1251
f 4400/4438/1251 4401/4439/1251 4416/4454/1251
f 4425/4463/1183 4440/4478/1183 4441/4479/1198
f 4440/4478/1183 4425/4463/1183 4424/4462/1183
f 4424/4462/1184 4442/4480/1184 4440/4478/1184
f 4442/4480/1184 4424/4462/1184 4423/4461/1184
f 4423/4461/1185 4443/4481/1185 4442/4480/1185
f 4443/4481/1185 4423/4461/1185 4422/4460/1185
f 4422/4460/1186 4444/4482/1186 4443/4481/1186
f 4444/4482/1186 4422/4460/1186 4421/4459/1186
f 4421/4459/1188 4445/4483/1188 4444/4482/1188
f 4445/4483/1188 4421/4459/1188 4420/4458/1188
f 4420/4458/1189 4446/4484/1189 4445/4483/1189
f 4446/4484/1189 4420/4458/1189 4419/4457/1190
f 4419/4457/1191 4447/4485/1191 4446/4484/1191
f 4447/4485/1191 4419/4457/1191 4418/4456/1191
f 4418/4456/1192 4448/4486/1192 4447/4485/1192
f 4448/4486/1192 4418/4456/1192 4417/4455/1192
f 4417/4455/1193 4449/4487/1193 4448/4486/1193
f 4449/4487/1193 4417/4455/1193 4416/4454/1193
f 4416/4454/1195 4450/4488/1263 4449/4487/1195
f 4450/4488/1263 4416/4454/1195 4439/4477/1263
f 4439/4477/1196 4451/4489/1196 4450/4488/1196
f 4451/4489/1196 4439/4477/1196 4438/4476/1330
f 4438/4476/1197 4452/4490/1197 4451/4489/1201
f 4452/4490/1197 4438/4476/1197 4437/4475/1331
f 4437/4475/1170 4453/4491/1170 4452/4490/1170
f 4453/4491/1170 4437/4475/1170 4436/4474/1170
f 4436/4474/1310 4454/4492/1171 4453/4491/1310
f 4454/4492/1171 4436/4474/1310 4435/4473/1171
f 4435/4473/1172 4455/4493/1172 4454/4492/1172
f 4455/4493/1172 4435/4473/1172 4434/4472/1172
f 4434/4472/1173 4456/4494/1173 4455/4493/1173
f 4456/4494/1173 4434/4472/1173 4433/4471/1204
f 4433/4471/1174 4457/4495/1174 4456/4494/1174
f 4457/4495/1174 4433/4471/1174 4432/4470/1174
f 4432/4470/1175 4458/4496/1175 4457/4495/1175
f 4458/4496/1175 4432/4470/1175 4431/4469/1175
f 4431/4469/1176 4459/4497/1176 4458/4496/1176
f 4459/4497/1176 4431/4469/1176 4430/4468/1176
f 4430/4468/1177 4460/4498/1177 4459/4497/1177
f 4460/4498/1177 4430/4468/1177 4429/4467/1177
f 4429/4467/1179 4461/4499/1179 4460/4498/1179
f 4461/4499/1179 4429/4467/1179 4428/4466/1179
f 4428/4466/1206 4462/4500/1206 4461/4499/1180
f 4462/4500/1206 4428/4466/1206 4427/4465/1206
f 4427/4465/1181 4463/4501/1181 4462/4500/1181
f 4463/4501/1181 4427/4465/1181 4426/4464/1181
f 4426/4464/1182 4441/4479/1182 4463/4501/1182
f 4441/4479/1182 4426/4464/1182 4425/4463/1182
f 4441/4479/1266 4341/4379/1266 4343/4381/1267
f 4341/4379/1266 4441/4479/1266 4440/4478/1332
f 4440/4478/1333 4342/4380/1334 4341/4379/1268
f 4342/4380/1334 4440/4478/1333 4442/4480/1334
f 4442/4480/1269 4339/4377/1269 4342/4380/1270
f 4339/4377/1269 4442/4480/1269 4443/4481/1335
f 4443/4481/1336 4340/4378/1272 4339/4377/1336
f 4340/4378/1272 4443/4481/1336 4444/4482/1272
f 4444/4482/1273 4337/4375/1273 4340/4378/1337
f 4337/4375/1273 4444/4482/1273 4445/4483/1273
f 4445/4483/1274 4338/4376/1274 4337/4375/1274
f 4338/4376/1274 4445/4483/1274 4446/4484/1274
f 4446/4484/1275 4335/4373/1275 4338/4376/1275
f 4335/4373/1275 4446/4484/1275 4447/4485/1275
f 4447/4485/1338 4336/4374/1338 4335/4373/1277
f 4336/4374/1338 4447/4485/1338 4448/4486/1339
f 4448/4486/1278 4333/4371/1278 4336/4374/1279
f 4333/4371/1278 4448/4486/1278 4449/4487/1278
f 4449/4487/1340 4334/4372/1281 4333/4371/1340
f 4334/4372/1281 4449/4487/1340 4450/4488/1280
f 4450/4488/1282 4331/4369/1282 4334/4372/1282
f 4331/4369/1282 4450/4488/1282 4451/4489/1282
f 4451/4489/1284 4332/4370/1284 4331/4369/1284
f 4332/4370/1284 4451/4489/1284 4452/4490/1284
f 4452/4490/1285 4329/4367/1285 4332/4370/1341
f 4329/4367/1285 4452/4490/1285 4453/4491/1285
f 4453/4491/1342 4330/4368/1343 4329/4367/1287
f 4330/4368/1343 4453/4491/1342 4454/4492/1343
f 4454/4492/1289 4327/4365/1289 4330/4368/1288
f 4327/4365/1289 4454/4492/1289 4455/4493/1344
f 4455/4493/1291 4328/4366/1291 4327/4365/1290
f 4328/4366/1291 4455/4493/1291 4456/4494/1345
f 4456/4494/1292 4325/4363/1292 4328/4366/1292
f 4325/4363/1292 4456/4494/1292 4457/4495/1292
f 4457/4495/1295 4326/4364/1295 4325/4363/1295
f 4326/4364/1295 4457/4495/1295 4458/4496/1295
f 4458/4496/1296 4323/4361/1296 4326/4364/1296
f 4323/4361/1296 4458/4496/1296 4459/4497/1296
f 4459/4497/1298 4324/4362/1297 4323/4361/1298
f 4324/4362/1297 4459/4497/1298 4460/4498/1346
f 4460/4498/1347 4321/4359/1347 4324/4362/1347
f 4321/4359/1347 4460/4498/1347 4461/4499/1347
f 4461/4499/1301 4322/4360/1301 4321/4359/1348
f 4322/4360/1301 4461/4499/1301 4462/4500/1301
f 4462/4500/1302 4320/4358/1302 4322/4360/1302
f 4320/4358/1302 4462/4500/1302 4463/4501/1302
f 4463/4501/1305 4343/4381/1305 4320/4358/1305
f 4343/4381/1305 4463/4501/1305 4441/4479/1349
f 4464/4502/1165 4465/4503/1166 4466/4504/1166
f 4465/4503/1166 4467/4505/1166 4468/4506/1168
f 4467/4505/1166 4469/4507/1166 4470/4508/1350
f 4465/4503/1166 4469/4507/1166 4467/4505/1166
f 4469/4507/1166 4471/4509/1166 4472/4510/1165
f 4471/4509/1166 4473/4511/1166 4474/4512/1169
f 4469/4507/1166 4473/4511/1166 4471/4509/1166
f 4473/4511/1166 4475/4513/1168 4476/4514/1169
f 4475/4513/1168 4477/4515/1166 4478/4516/1166
f 4473/4511/1166 4477/4515/1166 4475/4513/1168
f 4469/4507/1166 4477/4515/1166 4473/4511/1166
f 4477/4515/1166 4479/4517/1166 4480/4518/1166
f 4479/4517/1166 4481/4519/1166 4482/4520/1166
f 4477/4515/1166 4481/4519/1166 4479/4517/1166
f 4481/4519/1166 4483/4521/1166 4484/4522/1168
f 4483/4521/1166 4485/4523/1166 4486/4524/1351
f 4481/4519/1166 4485/4523/1166 4483/4521/1166
f 4477/4515/1166 4485/4523/1166 4481/4519/1166
f 4469/4507/1166 4485/4523/1166 4477/4515/1166
f 4465/4503/1166 4485/4523/1166 4469/4507/1166
f 4464/4502/1165 4485/4523/1166 4465/4503/1166
f 4487/4525/1166 4485/4523/1166 4464/4502/1165
f 4488/4526/1166 4489/4527/1166 4490/4528/1166
f 4489/4527/1166 4488/4526/1166 4491/4529/1166
f 4490/4528/1166 4492/4530/1166 4493/4531/1166
f 4492/4530/1166 4490/4528/1166 4489/4527/1166
f 4493/4531/1166 4494/4532/1166 4495/4533/1166
f 4494/4532/1166 4493/4531/1166 4492/4530/1166
f 4495/4533/1166 4496/4534/1166 4497/4535/1166
f 4496/4534/1166 4495/4533/1166 4494/4532/1166
f 4497/4535/1166 4498/4536/1166 4499/4537/1166
f 4498/4536/1166 4497/4535/1166 4496/4534/1166
f 4499/4537/1166 4500/4538/1166 4501/4539/1166
f 4500/4538/1166 4499/4537/1166 4498/4536/1166
f 4501/4539/1166 4502/4540/1166 4503/4541/1166
f 4502/4540/1166 4501/4539/1166 4500/4538/1166
f 4503/4541/1166 4504/4542/1166 4505/4543/1166
f 4504/4542/1166 4503/4541/1166 4502/4540/1166
f 4505/4543/1166 4506/4544/1166 4507/4545/1166
f 4506/4544/1166 4505/4543/1166 4504/4542/1166
f 4507/4545/1166 4508/4546/1166 4509/4547/1166
f 4508/4546/1166 4507/4545/1166 4506/4544/1166
f 4509/4547/1166 4510/4548/1166 4511/4549/1166
f 4510/4548/1166 4509/4547/1166 4508/4546/1166
f 4511/4549/1166 4512/4550/1166 4513/4551/1166
f 4512/4550/1166 4511/4549/1166 4510/4548/1166
f 4513/4551/1166 4514/4552/1166 4515/4553/1166
f 4514/4552/1166 4513/4551/1166 4512/4550/1166
f 4515/4553/1166 4516/4554/1166 4517/4555/1166
f 4516/4554/1166 4515/4553/1166 4514/4552/1166
f 4517/4555/1166 4518/4556/1166 4519/4557/1166
f 4518/4556/1166 4517/4555/1166 4516/4554/1166
f 4519/4557/1166 4520/4558/1166 4521/4559/1166
f 4520/4558/1166 4519/4557/1166 4518/4556/1166
f 4521/4559/1166 4522/4560/1166 4523/4561/1166
f 4522/4560/1166 4521/4559/1166 4520/4558/1166
f 4523/4561/1166 4524/4562/1166 4525/4563/1166
f 4524/4562/1166 4523/4561/1166 4522/4560/1166
f 4525/4563/1166 4526/4564/1166 4527/4565/1166
f 4526/4564/1166 4525/4563/1166 4524/4562/1166
f 4527/4565/1166 4528/4566/1166 4529/4567/1166
f 4528/4566/1166 4527/4565/1166 4526/4564/1166
f 4529/4567/1166 4530/4568/1166 4531/4569/1166
f 4530/4568/1166 4529/4567/1166 4528/4566/1166
f 4531/4569/1166 4532/4570/1166 4533/4571/1166
f 4532/4570/1166 4531/4569/1166 4530/4568/1166
f 4533/4571/1166 4534/4572/1166 4535/4573/1166
f 4534/4572/1166 4533/4571/1166 4532/4570/1166
f 4535/4573/1166 4491/4529/1166 4488/4526/1166
f 4491/4529/1166 4535/4573/1166 4534/4572/1166
f 4491/4529/1170 4536/4574/1170 4489/4527/1170
f 4536/4574/1170 4491/4529/1170 4537/4575/1170
f 4489/4527/1171 4538/4576/1171 4492/4530/1310
f 4538/4576/1171 4489/4527/1171 4536/4574/1171
f 4492/4530/1172 4539/4577/1172 4494/4532/1172
f 4539/4577/1172 4492/4530/1172 4538/4576/1172
f 4494/4532/1173 4540/4578/1173 4496/4534/1173
f 4540/4578/1173 4494/4532/1173 4539/4577/1173
f 4496/4534/1174 4541/4579/1174 4498/4536/1174
f 4541/4579/1174 4496/4534/1174 4540/4578/1174
f 4498/4536/1311 4542/4580/1175 4500/4538/1175
f 4542/4580/1175 4498/4536/1311 4541/4579/1311
f 4500/4538/1176 4543/4581/1176 4502/4540/1176
f 4543/4581/1176 4500/4538/1176 4542/4580/1176
f 4502/4540/1177 4544/4582/1177 4504/4542/1177
f 4544/4582/1177 4502/4540/1177 4543/4581/1177
f 4504/4542/1179 4545/4583/1179 4506/4544/1179
f 4545/4583/1179 4504/4542/1179 4544/4582/1179
f 4506/4544/1180 4546/4584/1206 4508/4546/1206
f 4546/4584/1206 4506/4544/1180 4545/4583/1180
f 4508/4546/1181 4547/4585/1181 4510/4548/1181
f 4547/4585/1181 4508/4546/1181 4546/4584/1181
f 4510/4548/1182 4548/4586/1182 4512/4550/1182
f 4548/4586/1182 4510/4548/1182 4547/4585/1182
f 4512/4550/1183 4549/4587/1183 4514/4552/1183
f 4549/4587/1183 4512/4550/1183 4548/4586/1183
f 4514/4552/1184 4550/4588/1184 4516/4554/1184
f 4550/4588/1184 4514/4552/1184 4549/4587/1184
f 4516/4554/1185 4551/4589/1185 4518/4556/1185
f 4551/4589/1185 4516/4554/1185 4550/4588/1185
f 4518/4556/1186 4552/4590/1186 4520/4558/1186
f 4552/4590/1186 4518/4556/1186 4551/4589/1187
f 4520/4558/1188 4553/4591/1188 4522/4560/1188
f 4553/4591/1188 4520/4558/1188 4552/4590/1188
f 4522/4560/1190 4554/4592/1190 4524/4562/1190
f 4554/4592/1190 4522/4560/1190 4553/4591/1190
f 4524/4562/1191 4555/4593/1191 4526/4564/1191
f 4555/4593/1191 4524/4562/1191 4554/4592/1191
f 4526/4564/1192 4556/4594/1192 4528/4566/1192
f 4556/4594/1192 4526/4564/1192 4555/4593/1192
f 4528/4566/1193 4557/4595/1193 4530/4568/1193
f 4557/4595/1193 4528/4566/1193 4556/4594/1193
f 4530/4568/1195 4558/4596/1195 4532/4570/1195
f 4558/4596/1195 4530/4568/1195 4557/4595/1195
f 4532/4570/1196 4559/4597/1196 4534/4572/1196
f 4559/4597/1196 4532/4570/1196 4558/4596/1196
f 4534/4572/1201 4537/4575/1201 4491/4529/1201
f 4537/4575/1201 4534/4572/1201 4559/4597/1197
f 4543/4581/1166 4560/4598/1166 4544/4582/1166
f 4543/4581/1166 4561/4599/1166 4560/4598/1166
f 4542/4580/1166 4561/4599/1166 4543/4581/1166
f 4542/4580/1166 4562/4600/1166 4561/4599/1166
f 4541/4579/1166 4562/4600/1166 4542/4580/1166
f 4541/4579/1166 4563/4601/1166 4562/4600/1166
f 4540/4578/1166 4563/4601/1166 4541/4579/1166
f 4540/4578/1166 4564/4602/1166 4563/4601/1166
f 4539/4577/1166 4564/4602/1166 4540/4578/1166
f 4539/4577/1166 4565/4603/1166 4564/4602/1166
f 4538/4576/1166 4565/4603/1166 4539/4577/1166
f 4538/4576/1166 4566/4604/1166 4565/4603/1166
f 4536/4574/1166 4566/4604/1166 4538/4576/1166
f 4536/4574/1166 4567/4605/1166 4566/4604/1166
f 4537/4575/1166 4567/4605/1166 4536/4574/1166
f 4537/4575/1166 4568/4606/1166 4567/4605/1166
f 4559/4597/1166 4568/4606/1166 4537/4575/1166
f 4559/4597/1166 4569/4607/1166 4568/4606/1166
f 4558/4596/1166 4569/4607/1166 4559/4597/1166
f 4558/4596/1166 4570/4608/1166 4569/4607/1166
f 4557/4595/1166 4570/4608/1166 4558/4596/1166
f 4557/4595/1166 4571/4609/1166 4570/4608/1166
f 4556/4594/1166 4571/4609/1166 4557/4595/1166
f 4556/4594/1166 4572/4610/1166 4571/4609/1166
f 4555/4593/1166 4572/4610/1166 4556/4594/1166
f 4555/4593/1166 4573/4611/1166 4572/4610/1166
f 4554/4592/1166 4573/4611/1166 4555/4593/1166
f 4554/4592/1166 4574/4612/1166 4573/4611/1166
f 4553/4591/1166 4574/4612/1166 4554/4592/1166
f 4553/4591/1166 4575/4613/1166 4574/4612/1166
f 4552/4590/1166 4575/4613/1166 4553/4591/1166
f 4552/4590/1166 4576/4614/1166 4575/4613/1166
f 4551/4589/1166 4576/4614/1166 4552/4590/1166
f 4551/4589/1166 4577/4615/1166 4576/4614/1166
f 4550/4588/1166 4577/4615/1166 4551/4589/1166
f 4550/4588/1166 4578/4616/1166 4577/4615/1166
f 4549/4587/1166 4578/4616/1166 4550/4588/1166
f 4549/4587/1166 4579/4617/1166 4578/4616/1166
f 4548/4586/1166 4579/4617/1166 4549/4587/1166
f 4548/4586/1166 4580/4618/1166 4579/4617/1166
f 4547/4585/1166 4580/4618/1166 4548/4586/1166
f 4547/4585/1166 4581/4619/1166 4580/4618/1166
f 4546/4584/1166 4581/4619/1166 4547/4585/1166
f 4546/4584/1166 4582/4620/1166 4581/4619/1166
f 4545/4583/1166 4582/4620/1166 4546/4584/1166
f 4545/4583/1166 4583/4621/1166 4582/4620/1166
f 4544/4582/1166 4583/4621/1166 4545/4583/1166
f 4544/4582/1166 4560/4598/1166 4583/4621/1166
f 4568/4606/1183 4584/4622/1183 4567/4605/1183
f 4584/4622/1183 4568/4606/1183 4585/4623/1183
f 4567/4605/1184 4586/4624/1184 4566/4604/1184
f 4586/4624/1184 4567/4605/1184 4584/4622/1184
f 4566/4604/1185 4587/4625/1185 4565/4603/1185
f 4587/4625/1185 4566/4604/1185 4586/4624/1185
f 4565/4603/1186 4588/4626/1186 4564/4602/1186
f 4588/4626/1186 4565/4603/1186 4587/4625/1186
f 4564/4602/1188 4589/4627/1188 4563/4601/1188
f 4589/4627/1188 4564/4602/1188 4588/4626/1188
f 4563/4601/1189 4590/4628/1189 4562/4600/1189
f 4590/4628/1189 4563/4601/1189 4589/4627/1189
f 4562/4600/1191 4591/4629/1191 4561/4599/1191
f 4591/4629/1191 4562/4600/1191 4590/4628/1191
f 4561/4599/1192 4592/4630/1192 4560/4598/1192
f 4592/4630/1192 4561/4599/1192 4591/4629/1192
f 4560/4598/1193 4593/4631/1193 4583/4621/1193
f 4593/4631/1193 4560/4598/1193 4592/4630/1194
f 4583/4621/1195 4594/4632/1195 4582/4620/1263
f 4594/4632/1195 4583/4621/1195 4593/4631/1195
f 4582/4620/1196 4595/4633/1196 4581/4619/1196
f 4595/4633/1196 4582/4620/1196 4594/4632/1196
f 4581/4619/1201 4596/4634/1201 4580/4618/1201
f 4596/4634/1201 4581/4619/1201 4595/4633/1201
f 4580/4618/1170 4597/4635/1170 4579/4617/1170
f 4597/4635/1170 4580/4618/1170 4596/4634/1170
f 4579/4617/1171 4598/4636/1171 4578/4616/1171
f 4598/4636/1171 4579/4617/1171 4597/4635/1171
f 4578/4616/1172 4599/4637/1172 4577/4615/1172
f 4599/4637/1172 4578/4616/1172 4598/4636/1172
f 4577/4615/1173 4600/4638/1173 4576/4614/1173
f 4600/4638/1173 4577/4615/1173 4599/4637/1204
f 4576/4614/1174 4601/4639/1174 4575/4613/1174
f 4601/4639/1174 4576/4614/1174 4600/4638/1174
f 4575/4613/1175 4602/4640/1311 4574/4612/1311
f 4602/4640/1311 4575/4613/1175 4601/4639/1175
f 4574/4612/1176 4603/4641/1176 4573/4611/1176
f 4603/4641/1176 4574/4612/1176 4602/4640/1176
f 4573/4611/1177 4604/4642/1177 4572/4610/1177
f 4604/4642/1177 4573/4611/1177 4603/4641/1177
f 4572/4610/1179 4605/4643/1179 4571/4609/1179
f 4605/4643/1179 4572/4610/1179 4604/4642/1178
f 4571/4609/1180 4606/4644/1180 4570/4608/1180
f 4606/4644/1180 4571/4609/1180 4605/4643/1180
f 4570/4608/1181 4607/4645/1181 4569/4607/1181
f 4607/4645/1181 4570/4608/1181 4606/4644/1181
f 4569/4607/1182 4585/4623/1182 4568/4606/1182
f 4585/4623/1182 4569/4607/1182 4607/4645/1182
f 4585/4623/1208 4464/4502/1208 4584/4622/1208
f 4464/4502/1208 4585/4623/1208 4487/4525/1208
f 4584/4622/1352 4466/4504/1211 4586/4624/1211
f 4466/4504/1211 4584/4622/1352 4464/4502/1212
f 4586/4624/1214 4465/4503/1214 4587/4625/1214
f 4465/4503/1214 4586/4624/1214 4466/4504/1214
f 4587/4625/1353 4468/4506/1217 4588/4626/1217
f 4468/4506/1217 4587/4625/1353 4465/4503/1353
f 4588/4626/1218 4467/4505/1218 4589/4627/1218
f 4467/4505/1218 4588/4626/1218 4468/4506/1218
f 4589/4627/1219 4470/4508/1219 4590/4628/1219
f 4470/4508/1219 4589/4627/1219 4467/4505/1219
f 4590/4628/1220 4469/4507/1220 4591/4629/1220
f 4469/4507/1220 4590/4628/1220 4470/4508/1220
f 4591/4629/1221 4472/4510/1221 4592/4630/1222
f 4472/4510/1221 4591/4629/1221 4469/4507/1221
f 4592/4630/1225 4471/4509/1225 4593/4631/1225
f 4471/4509/1225 4592/4630/1225 4472/4510/1225
f 4593/4631/1320 4474/4512/1320 4594/4632/1320
f 4474/4512/1320 4593/4631/1320 4471/4509/1320
f 4594/4632/1228 4473/4511/1228 4595/4633/1229
f 4473/4511/1228 4594/4632/1228 4474/4512/1228
f 4595/4633/1230 4476/4514/1230 4596/4634/1230
f 4476/4514/1230 4595/4633/1230 4473/4511/1354
f 4596/4634/1231 4475/4513/1231 4597/4635/1231
f 4475/4513/1231 4596/4634/1231 4476/4514/1231
f 4597/4635/1234 4478/4516/1355 4598/4636/1355
f 4478/4516/1355 4597/4635/1234 4475/4513/1356
f 4598/4636/1235 4477/4515/1235 4599/4637/1323
f 4477/4515/1235 4598/4636/1235 4478/4516/1235
f 4599/4637/1236 4480/4518/1236 4600/4638/1236
f 4480/4518/1236 4599/4637/1236 4477/4515/1236
f 4600/4638/1238 4479/4517/1238 4601/4639/1238
f 4479/4517/1238 4600/4638/1238 4480/4518/1238
f 4601/4639/1240 4482/4520/1240 4602/4640/1240
f 4482/4520/1240 4601/4639/1240 4479/4517/1240
f 4602/4640/1241 4481/4519/1241 4603/4641/1241
f 4481/4519/1241 4602/4640/1241 4482/4520/1241
f 4603/4641/1243 4484/4522/1243 4604/4642/1242
f 4484/4522/1243 4603/4641/1243 4481/4519/1243
f 4604/4642/1244 4483/4521/1244 4605/4643/1244
f 4483/4521/1244 4604/4642/1244 4484/4522/1244
f 4605/4643/1245 4486/4524/1245 4606/4644/1245
f 4486/4524/1245 4605/4643/1245 4483/4521/1245
f 4606/4644/1248 4485/4523/1248 4607/4645/1248
f 4485/4523/1248 4606/4644/1248 4486/4524/1248
f 4607/4645/1249 4487/4525/1249 4585/4623/1357
f 4487/4525/1249 4607/4645/1249 4485/4523/1249
f 4608/4646/1251 4609/4647/1251 4610/4648/1252
f 4609/4647/1251 4611/4649/1251 4612/4650/1253
f 4608/4646/1251 4611/4649/1251 4609/4647/1251
f 4611/4649/1251 4613/4651/1251 4614/4652/1253
f 4613/4651/1251 4615/4653/1251 4616/4654/1255
f 4611/4649/1251 4615/4653/1251 4613/4651/1251
f 4608/4646/1251 4615/4653/1251 4611/4649/1251
f 4615/4653/1251 4617/4655/1251 4618/4656/1255
f 4617/4655/1251 4619/4657/1251 4620/4658/1252
f 4615/4653/1251 4619/4657/1251 4617/4655/1251
f 4619/4657/1251 4621/4659/1251 4622/4660/1255
f 4621/4659/1251 4623/4661/1251 4624/4662/1358
f 4619/4657/1251 4623/4661/1251 4621/4659/1251
f 4615/4653/1251 4623/4661/1251 4619/4657/1251
f 4608/4646/1251 4623/4661/1251 4615/4653/1251
f 4623/4661/1251 4625/4663/1251 4626/4664/1254
f 4625/4663/1251 4627/4665/1251 4628/4666/1252
f 4623/4661/1251 4627/4665/1251 4625/4663/1251
f 4608/4646/1251 4627/4665/1251 4623/4661/1251
f 4627/4665/1251 4629/4667/1251 4630/4668/1252
f 4608/4646/1251 4629/4667/1251 4627/4665/1251
f 4631/4669/1251 4629/4667/1251 4608/4646/1251
f 4632/4670/1251 4633/4671/1251 4634/4672/1251
f 4633/4671/1251 4632/4670/1251 4635/4673/1251
f 4635/4673/1251 4636/4674/1251 4633/4671/1251
f 4636/4674/1251 4635/4673/1251 4637/4675/1251
f 4637/4675/1251 4638/4676/1251 4636/4674/1251
f 4638/4676/1251 4637/4675/1251 4639/4677/1251
f 4639/4677/1251 4640/4678/1251 4638/4676/1251
f 4640/4678/1251 4639/4677/1251 4641/4679/1251
f 4641/4679/1251 4642/4680/1251 4640/4678/1251
f 4642/4680/1251 4641/4679/1251 4643/4681/1251
f 4643/4681/1251 4644/4682/1251 4642/4680/1251
f 4644/4682/1251 4643/4681/1251 4645/4683/1251
f 4645/4683/1251 4646/4684/1251 4644/4682/1251
f 4646/4684/1251 4645/4683/1251 4647/4685/1251
f 4647/4685/1251 4648/4686/1251 4646/4684/1251
f 4648/4686/1251 4647/4685/1251 4649/4687/1251
f 4649/4687/1251 4650/4688/1251 4648/4686/1251
f 4650/4688/1251 4649/4687/1251 4651/4689/1251
f 4651/4689/1251 4652/4690/1251 4650/4688/1251
f 4652/4690/1251 4651/4689/1251 4653/4691/1251
f 4653/4691/1251 4654/4692/1251 4652/4690/1251
f 4654/4692/1251 4653/4691/1251 4655/4693/1251
f 4655/4693/1251 4656/4694/1251 4654/4692/1251
f 4656/4694/1251 4655/4693/1251 4657/4695/1251
f 4657/4695/1251 4658/4696/1251 4656/4694/1251
f 4658/4696/1251 4657/4695/1251 4659/4697/1251
f 4659/4697/1251 4660/4698/1251 4658/4696/1251
f 4660/4698/1251 4659/4697/1251 4661/4699/1251
f 4661/4699/1251 4662/4700/1251 4660/4698/1251
f 4662/4700/1251 4661/4699/1251 4663/4701/1251
f 4663/4701/1251 4664/4702/1251 4662/4700/1251
f 4664/4702/1251 4663/4701/1251 4665/4703/1251
f 4665/4703/1251 4666/4704/1251 4664/4702/1251
f 4666/4704/1251 4665/4703/1251 4667/4705/1251
f 4667/4705/1251 4668/4706/1251 4666/4704/1251
f 4668/4706/1251 4667/4705/1251 4669/4707/1251
f 4669/4707/1251 4670/4708/1251 4668/4706/1251
f 4670/4708/1251 4669/4707/1251 4671/4709/1251
f 4671/4709/1251 4672/4710/1251 4670/4708/1251
f 4672/4710/1251 4671/4709/1251 4673/4711/1251
f 4673/4711/1251 4674/4712/1251 4672/4710/1251
f 4674/4712/1251 4673/4711/1251 4675/4713/1251
f 4675/4713/1251 4676/4714/1251 4674/4712/1251
f 4676/4714/1251 4675/4713/1251 4677/4715/1251
f 4677/4715/1251 4678/4716/1251 4676/4714/1251
f 4678/4716/1251 4677/4715/1251 4679/4717/1251
f 4679/4717/1251 4634/4672/1251 4678/4716/1251
f 4634/4672/1251 4679/4717/1251 4632/4670/1251
f 4634/4672/1170 4680/4718/1170 4681/4719/1170
f 4680/4718/1170 4634/4672/1170 4633/4671/1170
f 4633/4671/1171 4682/4720/1171 4680/4718/1310
f 4682/4720/1171 4633/4671/1171 4636/4674/1171
f 4636/4674/1172 4683/4721/1172 4682/4720/1172
f 4683/4721/1172 4636/4674/1172 4638/4676/1172
f 4638/4676/1173 4684/4722/1173 4683/4721/1173
f 4684/4722/1173 4638/4676/1173 4640/4678/1173
f 4640/4678/1174 4685/4723/1174 4684/4722/1174
f 4685/4723/1174 4640/4678/1174 4642/4680/1174
f 4642/4680/1311 4686/4724/1175 4685/4723/1311
f 4686/4724/1175 4642/4680/1311 4644/4682/1175
f 4644/4682/1176 4687/4725/1176 4686/4724/1176
f 4687/4725/1176 4644/4682/1176 4646/4684/1176
f 4646/4684/1177 4688/4726/1177 4687/4725/1177
f 4688/4726/1177 4646/4684/1177 4648/4686/1177
f 4648/4686/1179 4689/4727/1179 4688/4726/1179
f 4689/4727/1179 4648/4686/1179 4650/4688/1179
f 4650/4688/1180 4690/4728/1180 4689/4727/1180
f 4690/4728/1180 4650/4688/1180 4652/4690/1180
f 4652/4690/1181 4691/4729/1181 4690/4728/1181
f 4691/4729/1181 4652/4690/1181 4654/4692/1181
f 4654/4692/1257 4692/4730/1257 4691/4729/1257
f 4692/4730/1257 4654/4692/1257 4656/4694/1257
f 4656/4694/1183 4693/4731/1183 4692/4730/1183
f 4693/4731/1183 4656/4694/1183 4658/4696/1183
f 4658/4696/1184 4694/4732/1184 4693/4731/1184
f 4694/4732/1184 4658/4696/1184 4660/4698/1184
f 4660/4698/1185 4695/4733/1185 4694/4732/1185
f 4695/4733/1185 4660/4698/1185 4662/4700/1185
f 4662/4700/1186 4696/4734/1186 4695/4733/1186
f 4696/4734/1186 4662/4700/1186 4664/4702/1186
f 4664/4702/1188 4697/4735/1188 4696/4734/1188
f 4697/4735/1188 4664/4702/1188 4666/4704/1188
f 4666/4704/1189 4698/4736/1190 4697/4735/1189
f 4698/4736/1190 4666/4704/1189 4668/4706/1190
f 4668/4706/1191 4699/4737/1191 4698/4736/1191
f 4699/4737/1191 4668/4706/1191 4670/4708/1191
f 4670/4708/1192 4700/4738/1192 4699/4737/1192
f 4700/4738/1192 4670/4708/1192 4672/4710/1192
f 4672/4710/1193 4701/4739/1193 4700/4738/1193
f 4701/4739/1193 4672/4710/1193 4674/4712/1193
f 4674/4712/1195 4702/4740/1263 4701/4739/1195
f 4702/4740/1263 4674/4712/1195 4676/4714/1263
f 4676/4714/1196 4703/4741/1196 4702/4740/1196
f 4703/4741/1196 4676/4714/1196 4678/4716/1196
f 4678/4716/1201 4681/4719/1201 4703/4741/1201
f 4681/4719/1201 4678/4716/1201 4634/4672/1197
f 4688/4726/1251 4704/4742/1251 4705/4743/1251
f 4705/4743/1251 4687/4725/1251 4688/4726/1251
f 4706/4744/1251 4687/4725/1251 4705/4743/1251
f 4706/4744/1251 4686/4724/1251 4687/4725/1251
f 4707/4745/1251 4686/4724/1251 4706/4744/1251
f 4707/4745/1251 4685/4723/1251 4686/4724/1251
f 4708/4746/1251 4685/4723/1251 4707/4745/1251
f 4708/4746/1251 4684/4722/1251 4685/4723/1251
f 4709/4747/1251 4684/4722/1251 4708/4746/1251
f 4709/4747/1251 4683/4721/1251 4684/4722/1251
f 4710/4748/1251 4683/4721/1251 4709/4747/1251
f 4710/4748/1251 4682/4720/1251 4683/4721/1251
f 4711/4749/1251 4682/4720/1251 4710/4748/1251
f 4711/4749/1251 4680/4718/1251 4682/4720/1251
f 4712/4750/1251 4680/4718/1251 4711/4749/1251
f 4712/4750/1251 4681/4719/1251 4680/4718/1251
f 4713/4751/1251 4681/4719/1251 4712/4750/1251
f 4713/4751/1251 4703/4741/1251 4681/4719/1251
f 4714/4752/1251 4703/4741/1251 4713/4751/1251
f 4714/4752/1251 4702/4740/1251 4703/4741/1251
f 4715/4753/1251 4702/4740/1251 4714/4752/1251
f 4715/4753/1251 4701/4739/1251 4702/4740/1251
f 4716/4754/1251 4701/4739/1251 4715/4753/1251
f 4716/4754/1251 4700/4738/1251 4701/4739/1251
f 4717/4755/1251 4700/4738/1251 4716/4754/1251
f 4717/4755/1251 4699/4737/1251 4700/4738/1251
f 4718/4756/1251 4699/4737/1251 4717/4755/1251
f 4718/4756/1251 4698/4736/1251 4699/4737/1251
f 4719/4757/1251 4698/4736/1251 4718/4756/1251
f 4719/4757/1251 4697/4735/1251 4698/4736/1251
f 4720/4758/1251 4697/4735/1251 4719/4757/1251
f 4720/4758/1251 4696/4734/1251 4697/4735/1251
f 4721/4759/1251 4696/4734/1251 4720/4758/1251
f 4721/4759/1251 4695/4733/1251 4696/4734/1251
f 4722/4760/1251 4695/4733/1251 4721/4759/1251
f 4722/4760/1251 4694/4732/1251 4695/4733/1251
f 4723/4761/1251 4694/4732/1251 4722/4760/1251
f 4723/4761/1251 4693/4731/1251 4694/4732/1251
f 4724/4762/1251 4693/4731/1251 4723/4761/1251
f 4724/4762/1251 4692/4730/1251 4693/4731/1251
f 4725/4763/1251 4692/4730/1251 4724/4762/1251
f 4725/4763/1251 4691/4729/1251 4692/4730/1251
f 4726/4764/1251 4691/4729/1251 4725/4763/1251
f 4726/4764/1251 4690/4728/1251 4691/4729/1251
f 4727/4765/1251 4690/4728/1251 4726/4764/1251
f 4727/4765/1251 4689/4727/1251 4690/4728/1251
f 4704/4742/1251 4689/4727/1251 4727/4765/1251
f 4688/4726/1251 4689/4727/1251 4704/4742/1251
f 4713/4751/1183 4728/4766/1183 4729/4767/1183
f 4728/4766/1183 4713/4751/1183 4712/4750/1183
f 4712/4750/1184 4730/4768/1184 4728/4766/1184
f 4730/4768/1184 4712/4750/1184 4711/4749/1184
f 4711/4749/1185 4731/4769/1185 4730/4768/1185
f 4731/4769/1185 4711/4749/1185 4710/4748/1185
f 4710/4748/1186 4732/4770/1186 4731/4769/1186
f 4732/4770/1186 4710/4748/1186 4709/4747/1186
f 4709/4747/1188 4733/4771/1188 4732/4770/1188
f 4733/4771/1188 4709/4747/1188 4708/4746/1188
f 4708/4746/1189 4734/4772/1189 4733/4771/1189
f 4734/4772/1189 4708/4746/1189 4707/4745/1189
f 4707/4745/1191 4735/4773/1191 4734/4772/1191
f 4735/4773/1191 4707/4745/1191 4706/4744/1191
f 4706/4744/1192 4736/4774/1192 4735/4773/1192
f 4736/4774/1192 4706/4744/1192 4705/4743/1192
f 4705/4743/1193 4737/4775/1193 4736/4774/1193
f 4737/4775/1193 4705/4743/1193 4704/4742/1193
f 4704/4742/1195 4738/4776/1195 4737/4775/1195
f 4738/4776/1195 4704/4742/1195 4727/4765/1195
f 4727/4765/1196 4739/4777/1196 4738/4776/1196
f 4739/4777/1196 4727/4765/1196 4726/4764/1196
f 4726/4764/1201 4740/4778/1201 4739/4777/1201
f 4740/4778/1201 4726/4764/1201 4725/4763/1201
f 4725/4763/1170 4741/4779/1170 4740/4778/1170
f 4741/4779/1170 4725/4763/1170 4724/4762/1170
f 4724/4762/1171 4742/4780/1171 4741/4779/1171
f 4742/4780/1171 4724/4762/1171 4723/4761/1171
f 4723/4761/1172 4743/4781/1172 4742/4780/1172
f 4743/4781/1172 4723/4761/1172 4722/4760/1172
f 4722/4760/1173 4744/4782/1173 4743/4781/1173
f 4744/4782/1173 4722/4760/1173 4721/4759/1173
f 4721/4759/1174 4745/4783/1174 4744/4782/1174
f 4745/4783/1174 4721/4759/1174 4720/4758/1174
f 4720/4758/1311 4746/4784/1311 4745/4783/1311
f 4746/4784/1311 4720/4758/1311 4719/4757/1311
f 4719/4757/1176 4747/4785/1176 4746/4784/1176
f 4747/4785/1176 4719/4757/1176 4718/4756/1176
f 4718/4756/1177 4748/4786/1177 4747/4785/1177
f 4748/4786/1177 4718/4756/1177 4717/4755/1177
f 4717/4755/1179 4749/4787/1179 4748/4786/1179
f 4749/4787/1179 4717/4755/1179 4716/4754/1179
f 4716/4754/1180 4750/4788/1180 4749/4787/1180
f 4750/4788/1180 4716/4754/1180 4715/4753/1180
f 4715/4753/1181 4751/4789/1181 4750/4788/1181
f 4751/4789/1181 4715/4753/1181 4714/4752/1181
f 4714/4752/1182 4729/4767/1182 4751/4789/1182
f 4729/4767/1182 4714/4752/1182 4713/4751/1182
f 4729/4767/1266 4629/4667/1266 4631/4669/1266
f 4629/4667/1266 4729/4767/1266 4728/4766/1266
f 4728/4766/1359 4630/4668/1359 4629/4667/1359
f 4630/4668/1359 4728/4766/1359 4730/4768/1359
f 4730/4768/1270 4627/4665/1270 4630/4668/1269
f 4627/4665/1270 4730/4768/1270 4731/4769/1270
f 4731/4769/1336 4628/4666/1336 4627/4665/1272
f 4628/4666/1336 4731/4769/1336 4732/4770/1336
f 4732/4770/1273 4625/4663/1273 4628/4666/1273
f 4625/4663/1273 4732/4770/1273 4733/4771/1273
f 4733/4771/1274 4626/4664/1274 4625/4663/1274
f 4626/4664/1274 4733/4771/1274 4734/4772/1274
f 4734/4772/1275 4623/4661/1275 4626/4664/1275
f 4623/4661/1275 4734/4772/1275 4735/4773/1275
f 4735/4773/1276 4624/4662/1277 4623/4661/1276
f 4624/4662/1277 4735/4773/1276 4736/4774/1277
f 4736/4774/1279 4621/4659/1278 4624/4662/1279
f 4621/4659/1278 4736/4774/1279 4737/4775/1278
f 4737/4775/1281 4622/4660/1281 4621/4659/1340
f 4622/4660/1281 4737/4775/1281 4738/4776/1281
f 4738/4776/1282 4619/4657/1282 4622/4660/1360
f 4619/4657/1282 4738/4776/1282 4739/4777/1282
f 4739/4777/1284 4620/4658/1284 4619/4657/1284
f 4620/4658/1284 4739/4777/1284 4740/4778/1284
f 4740/4778/1285 4617/4655/1285 4620/4658/1285
f 4617/4655/1285 4740/4778/1285 4741/4779/1285
f 4741/4779/1361 4618/4656/1286 4617/4655/1361
f 4618/4656/1286 4741/4779/1361 4742/4780/1286
f 4742/4780/1288 4615/4653/1288 4618/4656/1289
f 4615/4653/1288 4742/4780/1288 4743/4781/1288
f 4743/4781/1291 4616/4654/1290 4615/4653/1291
f 4616/4654/1290 4743/4781/1291 4744/4782/1290
f 4744/4782/1292 4613/4651/1292 4616/4654/1292
f 4613/4651/1292 4744/4782/1292 4745/4783/1292
f 4745/4783/1295 4614/4652/1295 4613/4651/1295
f 4614/4652/1295 4745/4783/1295 4746/4784/1295
f 4746/4784/1296 4611/4649/1296 4614/4652/1296
f 4611/4649/1296 4746/4784/1296 4747/4785/1296
f 4747/4785/1346 4612/4650/1346 4611/4649/1346
f 4612/4650/1346 4747/4785/1346 4748/4786/1346
f 4748/4786/1347 4609/4647/1347 4612/4650/1299
f 4609/4647/1347 4748/4786/1347 4749/4787/1347
f 4749/4787/1301 4610/4648/1301 4609/4647/1348
f 4610/4648/1301 4749/4787/1301 4750/4788/1301
f 4750/4788/1302 4608/4646/1302 4610/4648/1303
f 4608/4646/1302 4750/4788/1302 4751/4789/1362
f 4751/4789/1305 4631/4669/1305 4608/4646/1305
f 4631/4669/1305 4751/4789/1305 4729/4767/1305
